create table SURVEY (ID integer, PARENT_ID integer, NAME varchar(16), FULL_NAME varchar(40), TITLE varchar(31));
create table CENTRELINE (ID integer, SURVEY_ID integer, TITLE varchar(4), TOPO_DATE date, EXPLO_DATE date, LENGTH real, SURFACE_LENGTH real, DUPLICATE_LENGTH real);
create table PERSON (ID integer, NAME varchar(15), SURNAME varchar(12));
create table EXPLO (PERSON_ID integer, CENTRELINE_ID integer);
create table TOPO (PERSON_ID integer, CENTRELINE_ID integer);
create table STATION (ID integer, NAME varchar(4), SURVEY_ID integer, X real, Y real, Z real);
create table STATION_FLAG (STATION_ID integer, FLAG char(3));
create table SHOT (ID integer, FROM_ID integer, TO_ID integer, CENTRELINE_ID integer, LENGTH real, BEARING real, GRADIENT real, ADJ_LENGTH real, ADJ_BEARING real, ADJ_GRADIENT real, ERR_LENGTH real, ERR_BEARING real, ERR_GRADIENT real);
create table SHOT_FLAG (SHOT_ID integer, FLAG char(3));
create table MAPS (ID integer, SURVEY_ID integer, NAME varchar(16), TITLE varchar(31), PROJID integer, LENGTH real, DEPTH real);
create table SCRAPS (ID integer, SURVEY_ID integer, NAME varchar(16), PROJID integer, MAX_DISTORTION real, AVG_DISTORTION real);
create table MAPITEMS (ID integer, TYPE integer, ITEMID integer);
insert into SURVEY values (1, 0, '', '', NULL);
 insert into CENTRELINE values (2, 1, NULL, NULL, NULL, 0.00, 0.00, 0.00);
 insert into SURVEY values (48, 1, 'Grotte_du_lac', 'Grotte_du_lac', 'Grotte du lac');
 insert into CENTRELINE values (49, 48, NULL, NULL, NULL, 0.00, 0.00, 0.00);
 insert into SURVEY values (50, 48, 'Entree_00', 'Entree_00.Grotte_du_lac', 'Entree_00');
 insert into CENTRELINE values (51, 50, NULL, NULL, NULL, 0.00, 0.00, 0.00);
 insert into SURVEY values (52, 50, 'Grotte_du_lac_00', 'Grotte_du_lac_00.Entree_00.Grotte_du_lac', 'Grotte du lac 00');
 insert into CENTRELINE values (53, 52, NULL, NULL, NULL, 0.00, 0.00, 0.00);
 insert into CENTRELINE values (54, 52, NULL, '2024-04-23', NULL, 520.21, 0.00, 0.00);
 insert into PERSON values (1, 'Jean-Marie', 'Briffond');
insert into TOPO values (1, 54);
 insert into PERSON values (2, 'Claire', 'Falgayrac');
insert into TOPO values (2, 54);
 insert into PERSON values (3, 'Jean-Philippe', 'Grandcolas');
insert into TOPO values (3, 54);
 insert into PERSON values (4, 'Alexandre', 'Pont');
insert into TOPO values (4, 54);
 insert into SHOT values (1, 1, 2, 54, 32.040, 65.41, 21.40, 32.042, 65.42, 21.40, 0.005, 123.76, -7.52);
insert into SHOT values (2, 1, 3, 54, 25.160, 159.61, 14.60, 25.157, 159.61, 14.60, 0.004, 312.67, -32.44);
insert into SHOT values (3, 1, 4, 54, 25.930, 202.11, 3.80, 25.930, 202.11, 3.80, 0.002, 277.01, 50.65);
insert into SHOT values (4, 1, 5, 54, 46.470, 324.41, 17.90, 46.466, 324.42, 17.90, 0.006, 100.29, -30.68);
insert into SHOT values (5, 1, 6, 54, 43.800, 34.61, 23.00, 43.796, 34.61, 23.00, 0.005, 198.17, -53.79);
insert into SHOT values (6, 1, 7, 54, 28.830, 94.01, 23.00, 28.825, 94.02, 22.99, 0.007, 221.28, -45.07);
insert into SHOT values (7, 1, 8, 54, 22.360, 135.71, 14.90, 22.363, 135.71, 14.90, 0.003, 144.78, 10.64);
insert into SHOT values (8, 1, 9, 54, 25.350, 195.31, 14.00, 25.347, 195.32, 14.00, 0.007, 309.09, -23.54);
insert into SHOT values (9, 1, 10, 54, 8.590, 167.81, -13.20, 8.586, 167.78, -13.20, 0.006, 43.52, 13.83);
insert into SHOT values (10, 10, 11, 54, 20.310, 261.71, 16.20, 20.310, 261.69, 16.18, 0.010, 181.14, -37.11);
insert into SHOT values (11, 10, 12, 54, 20.290, 214.31, 7.00, 20.299, 214.32, 6.99, 0.010, 234.86, -15.57);
insert into SHOT values (12, 10, 13, 54, 18.570, 154.91, 11.90, 18.571, 154.93, 11.90, 0.006, 234.41, 7.53);
insert into SHOT values (13, 10, 14, 54, 16.020, 113.61, 16.90, 16.017, 113.62, 16.91, 0.006, 262.80, 30.65);
insert into SHOT values (14, 10, 15, 54, 19.390, 330.11, 9.50, 19.390, 330.11, 9.50, 0.001, 196.85, -28.74);
insert into SHOT values (15, 10, 16, 54, 0.830, 219.51, -74.10, 0.834, 219.81, -73.68, 0.007, 229.38, -14.03);
insert into SHOT values (16, 10, 17, 54, 4.140, 172.91, -27.70, 4.145, 172.95, -27.75, 0.007, 223.35, -58.36);
insert into SHOT values (17, 17, 18, 54, 18.200, 174.41, 1.80, 18.206, 174.42, 1.83, 0.010, 196.07, 55.73);
insert into SHOT values (18, 17, 19, 54, 18.690, 228.81, -4.60, 18.690, 228.81, -4.57, 0.009, 189.35, 80.28);
insert into SHOT values (19, 17, 20, 54, 12.910, 271.71, -2.10, 12.914, 271.69, -2.09, 0.008, 220.01, 24.04);
insert into SHOT values (20, 17, 21, 54, 4.440, 316.11, 1.30, 4.443, 316.09, 1.29, 0.003, 289.66, -14.23);
insert into SHOT values (21, 17, 22, 54, 1.260, 42.71, 8.80, 1.254, 42.71, 9.17, 0.010, 223.06, 47.03);
insert into SHOT values (22, 17, 23, 54, 2.500, 214.81, -71.40, 2.503, 214.88, -71.25, 0.007, 222.04, -4.63);
insert into SHOT values (23, 17, 24, 54, 5.800, 234.71, -23.30, 5.801, 234.70, -23.25, 0.005, 215.11, 52.49);
insert into SHOT values (24, 24, 25, 54, 16.900, 110.61, 9.10, 16.899, 110.60, 9.09, 0.005, 11.11, -32.88);
insert into SHOT values (25, 24, 26, 54, 18.100, 171.21, 1.20, 18.096, 171.22, 1.20, 0.006, 305.87, 8.83);
insert into SHOT values (26, 24, 27, 54, 12.990, 233.31, -0.50, 12.993, 233.32, -0.49, 0.005, 281.96, 40.82);
insert into SHOT values (27, 24, 28, 54, 16.540, 152.11, 49.10, 16.539, 152.09, 49.09, 0.005, 69.66, -20.82);
insert into SHOT values (28, 24, 29, 54, 1.850, 126.71, -74.80, 1.855, 126.63, -74.81, 0.005, 92.25, -76.23);
insert into SHOT values (29, 24, 30, 54, 8.140, 169.61, -22.90, 8.136, 169.62, -22.93, 0.006, 338.63, -23.10);
insert into SHOT values (30, 30, 31, 54, 6.970, 243.81, -5.30, 6.975, 243.77, -5.26, 0.008, 197.57, 27.22);
insert into SHOT values (31, 30, 32, 54, 13.810, 282.71, 19.30, 13.806, 282.68, 19.33, 0.011, 150.79, 31.56);
insert into SHOT values (32, 30, 33, 54, 14.190, 152.41, -0.70, 14.193, 152.42, -0.69, 0.006, 195.27, 36.27);
insert into SHOT values (33, 30, 34, 54, 11.770, 176.61, 53.00, 11.776, 176.61, 52.96, 0.009, 171.78, 0.38);
insert into SHOT values (34, 30, 35, 54, 1.920, 117.01, -70.00, 1.918, 116.95, -69.81, 0.007, 109.55, 38.69);
insert into SHOT values (35, 30, 36, 54, 11.470, 133.21, -18.40, 11.473, 133.25, -18.39, 0.008, 196.14, 3.36);
insert into SHOT values (36, 36, 37, 54, 11.600, 120.41, 2.90, 11.606, 120.37, 2.91, 0.010, 63.25, 17.56);
insert into SHOT values (37, 36, 38, 54, 11.380, 179.01, -2.10, 11.380, 178.99, -2.12, 0.005, 79.99, -38.09);
insert into SHOT values (38, 36, 39, 54, 14.380, 232.51, -2.30, 14.377, 232.52, -2.31, 0.006, 11.46, -31.24);
insert into SHOT values (39, 36, 40, 54, 17.400, 270.11, -1.00, 17.393, 270.13, -0.99, 0.010, 49.67, 20.93);
insert into SHOT values (40, 36, 41, 54, 1.820, 104.71, -67.20, 1.825, 104.62, -67.00, 0.008, 96.52, -15.64);
insert into SHOT values (41, 36, 42, 54, 6.310, 209.61, 74.60, 6.314, 209.49, 74.70, 0.012, 49.45, 32.03);
insert into SHOT values (42, 36, 43, 54, 9.360, 139.91, -18.40, 9.355, 139.89, -18.38, 0.007, 6.78, 43.04);
insert into SHOT values (43, 43, 44, 54, 10.380, 290.61, 3.90, 10.375, 290.59, 3.87, 0.009, 151.04, -43.32);
insert into SHOT values (44, 43, 45, 54, 24.910, 290.51, 4.60, 24.905, 290.52, 4.61, 0.006, 91.45, 21.71);
insert into SHOT values (45, 43, 46, 54, 14.790, 252.41, 6.40, 14.789, 252.42, 6.41, 0.002, 26.39, 40.86);
insert into SHOT values (46, 43, 47, 54, 8.710, 192.61, 9.60, 8.708, 192.58, 9.59, 0.006, 80.71, -26.45);
insert into SHOT values (47, 43, 48, 54, 7.910, 174.21, 6.40, 7.910, 174.16, 6.39, 0.007, 85.06, -13.44);
insert into SHOT values (48, 43, 49, 54, 7.050, 106.71, 15.00, 7.057, 106.71, 14.95, 0.009, 103.33, -30.16);
insert into SHOT values (49, 43, 50, 54, 9.850, 71.01, 11.70, 9.849, 71.00, 11.66, 0.008, 343.40, -77.55);
insert into SHOT values (50, 43, 51, 54, 16.980, 34.91, 22.40, 16.980, 34.94, 22.40, 0.007, 123.55, -5.01);
insert into SHOT values (51, 43, 52, 54, 9.510, 351.91, 20.90, 9.504, 351.91, 20.90, 0.006, 179.26, -23.61);
insert into SHOT values (52, 43, 53, 54, 13.950, 322.11, 21.90, 13.946, 322.09, 21.89, 0.006, 192.83, -32.17);
insert into SHOT values (53, 43, 54, 54, 17.620, 304.41, 15.70, 17.614, 304.40, 15.71, 0.008, 145.31, 15.28);
insert into SHOT values (54, 43, 55, 54, 5.360, 246.61, 81.40, 5.360, 246.33, 81.45, 0.006, 107.91, 2.56);
insert into SHOT values (55, 43, 56, 54, 1.070, 272.61, -59.20, 1.067, 272.12, -59.57, 0.009, 124.14, -5.90);
insert into SHOT values (56, 43, 57, 54, 13.390, 248.41, -19.90, 13.384, 248.41, -19.92, 0.008, 70.54, -16.83);
insert into SHOT values (57, 57, 58, 54, 4.500, 170.41, 13.30, 4.501, 170.41, 13.23, 0.006, 164.57, -69.54);
insert into SHOT values (58, 57, 59, 54, 8.420, 110.31, 26.90, 8.420, 110.34, 26.91, 0.004, 210.19, 7.04);
insert into SHOT values (59, 57, 60, 54, 16.630, 236.91, 8.60, 16.635, 236.91, 8.61, 0.006, 228.92, 33.98);
insert into SHOT values (60, 57, 61, 54, 20.200, 311.71, 13.80, 20.203, 311.69, 13.80, 0.007, 245.58, 14.23);
insert into SHOT values (61, 57, 62, 54, 10.510, 355.51, 15.40, 10.509, 355.47, 15.40, 0.007, 257.39, -7.91);
insert into SHOT values (62, 57, 63, 54, 8.220, 42.21, 10.70, 8.214, 42.19, 10.73, 0.008, 249.82, 28.10);
insert into SHOT values (63, 57, 64, 54, 5.980, 236.41, 80.50, 5.983, 236.47, 80.42, 0.009, 243.04, 12.93);
insert into SHOT values (64, 57, 65, 54, 1.830, 308.11, -70.20, 1.828, 307.79, -70.18, 0.004, 221.12, 27.78);
insert into SHOT values (65, 57, 66, 54, 16.500, 276.81, -12.80, 16.504, 276.78, -12.81, 0.010, 203.52, -26.29);
insert into SHOT values (66, 66, 67, 54, 17.480, 346.71, 5.70, 17.483, 346.71, 5.71, 0.005, 317.96, 53.26);
insert into SHOT values (67, 66, 68, 54, 17.750, 181.31, 10.20, 17.746, 181.31, 10.22, 0.008, 357.34, 53.99);
insert into SHOT values (68, 66, 69, 54, 15.680, 135.41, 23.20, 15.680, 135.39, 23.21, 0.005, 34.39, 33.42);
insert into SHOT values (69, 66, 70, 54, 12.050, 18.31, 19.70, 12.051, 18.29, 19.74, 0.009, 266.45, 61.84);
insert into SHOT values (70, 66, 71, 54, 18.710, 76.51, 16.20, 18.708, 76.51, 16.20, 0.002, 238.92, 2.52);
insert into SHOT values (71, 66, 72, 54, 20.570, 278.61, 6.80, 20.566, 278.62, 6.81, 0.007, 71.16, 39.73);
insert into SHOT values (72, 66, 73, 54, 19.630, 227.01, 7.70, 19.627, 227.02, 7.70, 0.004, 354.92, -2.06);
insert into SHOT values (73, 66, 74, 54, 19.070, 200.21, 5.50, 19.068, 200.22, 5.51, 0.004, 329.71, 29.60);
insert into SHOT values (74, 66, 75, 54, 8.260, 359.61, 77.70, 8.260, 359.67, 77.70, 0.002, 78.07, -11.32);
insert into SHOT values (75, 66, 76, 54, 1.250, 148.41, -87.50, 1.241, 143.13, -87.69, 0.011, 12.59, 53.15);
insert into SHOT values (76, 66, 77, 54, 14.030, 267.51, 8.00, 14.031, 267.52, 8.03, 0.008, 6.18, 65.89);
insert into SHOT values (77, 77, 78, 54, 15.260, 171.01, 2.80, 15.255, 171.01, 2.78, 0.007, 343.33, -48.61);
insert into SHOT values (78, 77, 79, 54, 15.880, 220.61, -1.60, 15.878, 220.61, -1.62, 0.007, 79.38, -67.89);
insert into SHOT values (79, 77, 80, 54, 6.930, 338.51, -18.50, 6.936, 338.51, -18.49, 0.006, 332.20, -10.95);
insert into SHOT values (80, 77, 81, 54, 18.130, 28.91, 3.40, 18.128, 28.92, 3.38, 0.006, 171.07, -64.04);
insert into SHOT values (81, 77, 82, 54, 27.220, 111.91, 7.10, 27.219, 111.91, 7.09, 0.004, 196.60, -87.40);
insert into SHOT values (82, 77, 83, 54, 1.030, 313.01, -81.90, 1.031, 312.27, -81.71, 0.004, 284.48, -3.94);
insert into SHOT values (83, 77, 84, 54, 4.210, 195.21, 84.10, 4.202, 194.68, 84.07, 0.009, 124.15, -60.90);
insert into SHOT values (84, 77, 85, 54, 17.900, 248.41, 12.00, 17.898, 248.42, 12.00, 0.003, 14.52, -35.09);
insert into SHOT values (85, 85, 86, 54, 13.420, 11.71, 3.40, 13.422, 11.71, 3.37, 0.006, 17.84, -66.01);
insert into SHOT values (86, 85, 87, 54, 4.540, 266.81, 25.90, 4.541, 266.77, 25.85, 0.005, 219.50, -40.05);
insert into SHOT values (87, 85, 88, 54, 5.020, 230.11, 3.10, 5.026, 230.09, 3.08, 0.007, 215.41, -12.57);
insert into SHOT values (88, 85, 89, 54, 7.140, 161.71, -6.40, 7.144, 161.69, -6.43, 0.006, 130.64, -42.62);
insert into SHOT values (89, 85, 90, 54, 10.210, 122.21, -8.80, 10.213, 122.21, -8.79, 0.004, 118.50, 29.15);
insert into SHOT values (90, 85, 91, 54, 10.630, 49.61, -4.40, 10.630, 49.59, -4.42, 0.006, 311.97, -51.52);
insert into SHOT values (91, 85, 92, 54, 1.490, 269.91, 85.60, 1.485, 270.00, 85.36, 0.008, 271.78, -44.58);
insert into SHOT values (92, 85, 93, 54, 1.390, 319.51, -89.50, 1.390, 315.00, -89.42, 0.002, 290.04, -1.34);
insert into SHOT values (93, 85, 94, 54, 16.320, 196.71, -9.80, 16.319, 196.73, -9.81, 0.007, 295.06, -19.19);
insert into SHOT values (94, 94, 95, 54, 0.350, 289.51, 0.20, 0.338, 288.97, 0.00, 0.012, 124.86, -5.78);
insert into SHOT values (95, 94, 96, 54, 0.980, 97.61, -1.50, 0.989, 97.56, -1.74, 0.010, 91.55, -25.85);
insert into SHOT values (96, 94, 97, 54, 1.970, 223.81, 73.50, 1.971, 222.83, 73.52, 0.010, 130.38, 6.66);
insert into SHOT values (97, 94, 98, 54, 1.600, 176.41, -82.70, 1.604, 174.56, -82.44, 0.011, 134.29, -16.29);
insert into SHOT values (98, 43, 99, 54, 4.380, 175.61, -4.50, 4.387, 175.54, -4.58, 0.011, 137.08, -36.40);
insert into SHOT values (99, 99, 100, 54, 7.740, 67.51, 15.40, 7.739, 67.46, 15.44, 0.009, 321.02, 31.92);
insert into SHOT values (100, 99, 101, 54, 3.530, 214.91, 5.90, 3.523, 215.01, 6.03, 0.012, 357.22, 37.18);
insert into SHOT values (101, 99, 102, 54, 4.350, 177.21, 3.40, 4.343, 177.22, 3.43, 0.008, 350.01, 15.42);
insert into SHOT values (102, 99, 103, 54, 7.440, 111.11, 5.20, 7.435, 111.05, 5.25, 0.011, 346.56, 32.44);
insert into SHOT values (103, 99, 104, 54, 17.810, 33.21, 12.90, 17.816, 33.21, 12.91, 0.007, 12.64, 36.17);
insert into SHOT values (104, 99, 105, 54, 19.190, 312.21, 12.50, 19.196, 312.21, 12.52, 0.008, 306.25, 57.02);
insert into SHOT values (105, 99, 106, 54, 23.580, 302.61, 10.00, 23.583, 302.62, 10.01, 0.007, 8.87, 47.07);
insert into SHOT values (106, 99, 107, 54, 21.560, 279.71, 3.50, 21.559, 279.71, 3.51, 0.004, 91.20, 69.55);
insert into SHOT values (107, 99, 108, 54, 10.220, 256.61, 5.60, 10.224, 256.65, 5.61, 0.008, 314.99, 20.13);
insert into SHOT values (108, 99, 109, 54, 2.610, 74.91, 76.80, 2.608, 74.32, 76.88, 0.007, 311.70, -8.12);
insert into SHOT values (109, 99, 110, 54, 0.950, 41.41, -82.40, 0.949, 38.66, -82.24, 0.007, 331.69, 14.17);
insert into SHOT values (110, 99, 111, 54, 30.750, 146.31, -18.00, 30.746, 146.31, -18.00, 0.005, 336.11, 29.44);
insert into SHOT values (111, 111, 112, 54, 19.070, 291.71, 7.70, 19.073, 291.71, 7.71, 0.006, 249.84, 60.61);
insert into SHOT values (112, 111, 113, 54, 23.210, 358.51, 14.10, 23.208, 358.50, 14.12, 0.008, 238.78, 43.31);
insert into SHOT values (113, 111, 114, 54, 30.300, 23.91, 8.00, 30.300, 23.91, 8.01, 0.004, 273.02, 60.57);
insert into SHOT values (114, 111, 115, 54, 17.690, 81.01, 8.00, 17.688, 81.00, 7.99, 0.005, 318.04, -25.97);
insert into SHOT values (115, 111, 116, 54, 9.460, 146.31, -3.80, 9.459, 146.28, -3.82, 0.007, 46.69, -27.53);
insert into SHOT values (116, 111, 117, 54, 10.420, 190.21, 0.60, 10.416, 190.23, 0.61, 0.005, 326.93, 9.57);
insert into SHOT values (117, 111, 118, 54, 15.700, 248.31, 1.80, 15.699, 248.31, 1.79, 0.003, 118.18, -64.48);
insert into SHOT values (118, 111, 119, 54, 7.090, 296.81, 78.30, 7.087, 296.92, 78.31, 0.004, 64.98, -37.31);
insert into SHOT values (119, 111, 120, 54, 2.090, 227.21, -71.20, 2.091, 226.81, -71.25, 0.005, 119.97, -16.91);
insert into SHOT values (120, 111, 121, 54, 7.660, 226.11, -1.10, 7.661, 226.11, -1.12, 0.003, 222.22, -74.46);
insert into SHOT values (121, 121, 122, 54, 8.390, 127.01, -2.50, 8.384, 126.99, -2.46, 0.009, 331.00, 42.28);
insert into SHOT values (122, 121, 123, 54, 6.270, 201.81, -1.80, 6.272, 201.82, -1.74, 0.007, 221.53, 71.65);
insert into SHOT values (123, 121, 124, 54, 9.570, 276.61, 4.80, 9.568, 276.63, 4.86, 0.010, 55.90, 68.38);
insert into SHOT values (124, 121, 125, 54, 21.230, 321.91, 4.90, 21.233, 321.91, 4.92, 0.007, 321.48, 70.20);
insert into SHOT values (125, 121, 126, 54, 4.700, 276.61, 84.90, 4.708, 276.95, 84.97, 0.010, 69.32, 58.03);
insert into SHOT values (126, 121, 127, 54, 1.170, 112.01, -85.60, 1.163, 110.56, -85.79, 0.008, 318.53, 53.43);
insert into SHOT values (127, 121, 128, 54, 23.950, 215.21, -14.80, 23.948, 215.21, -14.78, 0.008, 135.85, 77.19);
insert into SHOT values (128, 128, 129, 54, 2.690, 317.41, 2.00, 2.691, 317.41, 1.92, 0.004, 316.77, -75.20);
insert into SHOT values (129, 128, 130, 54, 3.950, 184.01, 4.10, 3.950, 184.08, 4.06, 0.005, 273.12, -28.76);
insert into SHOT values (130, 128, 131, 54, 6.750, 113.51, 4.50, 6.748, 113.48, 4.50, 0.005, 353.05, 5.09);
insert into SHOT values (131, 128, 132, 54, 5.820, 49.91, 1.50, 5.821, 49.88, 1.48, 0.004, 342.58, -33.71);
insert into SHOT values (132, 128, 133, 54, 8.930, 12.81, 4.30, 8.936, 12.77, 4.30, 0.008, 326.17, 3.07);
insert into SHOT values (133, 128, 134, 54, 2.980, 326.81, 1.30, 2.985, 326.90, 1.15, 0.010, 6.98, -48.15);
insert into SHOT values (134, 128, 135, 54, 1.590, 83.61, 76.30, 1.584, 83.83, 76.41, 0.007, 245.80, -45.74);
insert into SHOT values (135, 128, 136, 54, 1.390, 312.51, -71.30, 1.393, 312.27, -71.33, 0.004, 232.51, -60.93);
insert into SHOT values (136, 111, 137, 54, 25.270, 69.61, -1.60, 25.272, 69.61, -1.59, 0.006, 97.68, 66.66);
insert into SHOT values (137, 137, 138, 54, 23.210, 339.61, 16.60, 23.211, 339.61, 16.60, 0.001, 311.50, -33.64);
insert into SHOT values (138, 137, 139, 54, 8.570, 145.41, 11.90, 8.565, 145.40, 11.86, 0.008, 352.46, -63.06);
insert into SHOT values (139, 137, 140, 54, 13.470, 358.31, 68.60, 13.468, 358.25, 68.61, 0.006, 241.90, -12.73);
insert into SHOT values (140, 137, 141, 54, 0.980, 88.71, -76.60, 0.985, 87.40, -77.08, 0.011, 304.74, -37.88);
insert into SHOT values (141, 137, 142, 54, 23.620, 299.51, 9.30, 23.622, 299.50, 9.28, 0.009, 245.25, -53.99);
insert into SHOT values (142, 137, 143, 54, 24.710, 231.31, 5.20, 24.710, 231.32, 5.20, 0.003, 321.35, 8.74);
insert into SHOT values (143, 137, 144, 54, 27.240, 65.11, -14.20, 27.240, 65.09, -14.22, 0.011, 320.10, -44.41);
insert into SHOT values (144, 144, 145, 54, 35.680, 152.21, 11.70, 35.682, 152.21, 11.71, 0.005, 121.66, 73.41);
insert into SHOT values (145, 144, 146, 54, 29.670, 341.21, 15.70, 29.670, 341.21, 15.70, 0.002, 202.76, 49.43);
insert into SHOT values (146, 144, 147, 54, 35.580, 300.61, 17.20, 35.577, 300.60, 17.22, 0.012, 163.67, 48.22);
insert into SHOT values (147, 144, 148, 54, 31.640, 172.81, 19.60, 31.649, 172.81, 19.61, 0.010, 179.63, 39.70);
insert into SHOT values (148, 144, 149, 54, 30.740, 232.41, 15.00, 30.747, 232.40, 15.00, 0.009, 189.59, 26.09);
insert into SHOT values (149, 144, 150, 54, 32.280, 173.71, 85.10, 32.289, 173.77, 85.09, 0.012, 192.25, 39.86);
insert into SHOT values (150, 144, 151, 54, 0.990, 123.31, -78.00, 0.982, 125.22, -77.77, 0.011, 196.14, 49.11);
insert into SHOT values (151, 144, 152, 54, 13.300, 67.61, -23.70, 13.294, 67.65, -23.68, 0.010, 182.16, 34.53);
insert into SHOT values (152, 152, 153, 54, 40.930, 138.81, 12.10, 40.928, 138.80, 12.10, 0.009, 32.84, 2.05);
insert into SHOT values (153, 152, 154, 54, 32.390, 179.21, 22.30, 32.386, 179.20, 22.30, 0.009, 57.85, -3.79);
insert into SHOT values (154, 152, 155, 54, 39.080, 225.41, 21.90, 39.072, 225.41, 21.89, 0.009, 31.26, -48.12);
insert into SHOT values (155, 152, 156, 54, 34.680, 106.31, 82.00, 34.677, 106.26, 82.01, 0.006, 337.90, -22.60);
insert into SHOT values (156, 152, 157, 54, 1.130, 70.31, -69.30, 1.135, 69.78, -69.09, 0.007, 35.87, -23.75);
insert into SHOT values (157, 152, 158, 54, 18.650, 42.51, 7.40, 18.656, 42.50, 7.39, 0.007, 20.30, -15.79);
insert into SHOT values (158, 158, 159, 54, 25.400, 57.71, 2.50, 25.396, 57.72, 2.51, 0.006, 199.20, 19.84);
insert into SHOT values (159, 158, 160, 54, 21.910, 347.11, 87.00, 21.910, 346.82, 87.02, 0.009, 208.46, 0.17);
insert into SHOT values (160, 158, 161, 54, 1.990, 173.91, -61.80, 1.989, 173.93, -61.62, 0.006, 177.03, 37.55);
insert into SHOT values (161, 158, 162, 54, 20.270, 90.31, -0.00, 20.270, 90.31, 0.00, 0.000, 67.83, 0.00);
insert into SHOT values (162, 162, 163, 54, 13.380, 79.21, 6.80, 13.377, 79.24, 6.78, 0.008, 188.49, -31.11);
insert into SHOT values (163, 162, 164, 54, 36.110, 313.11, 6.40, 36.110, 313.10, 6.41, 0.007, 214.08, 42.39);
insert into SHOT values (164, 162, 165, 54, 24.800, 343.71, 4.30, 24.794, 343.70, 4.30, 0.008, 206.34, 3.59);
insert into SHOT values (165, 162, 166, 54, 16.550, 280.91, 84.20, 16.554, 280.70, 84.21, 0.008, 161.16, 34.19);
insert into SHOT values (166, 162, 167, 54, 2.360, 146.41, -78.50, 2.359, 146.98, -78.33, 0.008, 182.12, 18.03);
insert into SHOT values (167, 162, 168, 54, 16.790, 342.51, -4.30, 16.791, 342.52, -4.30, 0.002, 51.83, -30.19);
insert into SHOT values (168, 168, 169, 54, 13.050, 322.41, 4.30, 13.050, 322.40, 4.31, 0.003, 228.09, 29.04);
insert into SHOT values (169, 168, 170, 54, 11.340, 24.11, 3.20, 11.334, 24.10, 3.19, 0.008, 229.64, -23.51);
insert into SHOT values (170, 168, 171, 54, 7.730, 97.41, -1.20, 7.727, 97.44, -1.19, 0.005, 230.17, 21.15);
insert into SHOT values (171, 168, 172, 54, 8.600, 111.31, 3.60, 8.595, 111.33, 3.60, 0.006, 264.12, 0.01);
insert into SHOT values (172, 168, 173, 54, 7.360, 127.21, 79.90, 7.364, 127.14, 79.90, 0.005, 74.94, 62.11);
insert into SHOT values (173, 168, 174, 54, 26.310, 223.01, 60.10, 26.313, 223.02, 60.10, 0.004, 271.59, 28.66);
insert into SHOT values (174, 168, 175, 54, 1.300, 105.21, -81.90, 1.303, 105.52, -81.76, 0.005, 120.86, -38.14);
insert into SHOT values (175, 158, 176, 54, 30.970, 106.61, 1.60, 30.974, 106.61, 1.59, 0.006, 87.78, -49.34);
insert into SHOT values (176, 176, 177, 54, 11.040, 27.01, 3.20, 11.037, 26.98, 3.22, 0.007, 266.39, 31.10);
insert into SHOT values (177, 176, 178, 54, 14.730, 83.41, 4.70, 14.726, 83.43, 4.71, 0.006, 218.19, 28.22);
insert into SHOT values (178, 176, 179, 54, 13.430, 143.31, 5.00, 13.430, 143.33, 5.04, 0.010, 245.76, 68.26);
insert into SHOT values (179, 176, 180, 54, 24.960, 186.11, 5.70, 24.965, 186.12, 5.70, 0.008, 232.32, 7.48);
insert into SHOT values (180, 176, 181, 54, 13.930, 344.41, 85.20, 13.939, 344.05, 85.21, 0.011, 247.82, 50.50);
insert into SHOT values (181, 176, 182, 54, 2.120, 99.11, -79.90, 2.112, 99.46, -80.05, 0.010, 260.95, 44.88);
insert into SHOT values (182, 176, 183, 54, 12.240, 137.01, -14.30, 12.237, 137.05, -14.29, 0.009, 241.28, 21.42);
insert into SHOT values (183, 183, 184, 54, 16.300, 10.51, 9.00, 16.301, 10.52, 9.00, 0.003, 74.40, 2.16);
insert into SHOT values (184, 183, 185, 54, 13.320, 63.21, 6.10, 13.327, 63.22, 6.12, 0.008, 84.68, 33.36);
insert into SHOT values (185, 183, 186, 54, 3.670, 148.91, 4.10, 3.666, 148.87, 4.07, 0.005, 357.52, -26.36);
insert into SHOT values (186, 183, 187, 54, 3.870, 211.71, -0.40, 3.866, 211.68, -0.44, 0.006, 62.65, -32.41);
insert into SHOT values (187, 183, 188, 54, 0.810, 131.31, -80.60, 0.811, 131.99, -80.45, 0.003, 166.72, -17.74);
insert into SHOT values (188, 183, 189, 54, 34.690, 88.81, 1.00, 34.693, 88.81, 1.01, 0.005, 80.86, 58.69);
insert into SHOT values (189, 168, 190, 54, 13.080, 65.71, 1.80, 13.071, 65.73, 1.80, 0.010, 219.77, -4.92);
insert into SHOT values (190, 190, 191, 54, 8.750, 319.01, 2.50, 8.749, 319.04, 2.49, 0.004, 68.91, -22.53);
insert into SHOT values (191, 190, 192, 54, 16.620, 110.61, 6.30, 16.626, 110.58, 6.32, 0.011, 55.57, 33.36);
insert into SHOT values (192, 190, 193, 54, 8.890, 156.41, 10.70, 8.887, 156.37, 10.70, 0.007, 38.33, -4.69);
insert into SHOT values (193, 190, 194, 54, 17.800, 291.11, 3.50, 17.796, 291.12, 3.51, 0.006, 80.23, 37.15);
insert into SHOT values (194, 190, 195, 54, 16.710, 258.31, 2.50, 16.702, 258.31, 2.51, 0.008, 74.90, 7.79);
insert into SHOT values (195, 190, 196, 54, 4.300, 340.21, 82.70, 4.305, 340.91, 82.66, 0.009, 40.21, 32.19);
insert into SHOT values (196, 190, 197, 54, 1.750, 10.41, -67.90, 1.750, 10.46, -67.80, 0.003, 22.63, 28.26);
insert into SHOT values (197, 190, 198, 54, 21.030, 25.91, 4.30, 21.040, 25.92, 4.31, 0.010, 40.15, 18.38);
insert into SHOT values (198, 198, 199, 54, 9.450, 302.21, -2.80, 9.453, 302.19, -2.79, 0.005, 252.81, 21.22);
insert into SHOT values (199, 198, 200, 54, 19.410, 93.31, 2.10, 19.405, 93.31, 2.10, 0.005, 274.72, -15.27);
insert into SHOT values (200, 198, 201, 54, 24.800, 177.21, -0.90, 24.802, 177.23, -0.90, 0.007, 249.39, -3.81);
insert into SHOT values (201, 198, 202, 54, 3.320, 84.71, 83.10, 3.314, 85.71, 83.05, 0.009, 157.20, -39.06);
insert into SHOT values (202, 198, 203, 54, 0.910, 19.51, -69.60, 0.904, 19.03, -70.16, 0.011, 213.48, 15.20);
insert into SHOT values (203, 198, 204, 54, 6.260, 87.01, 9.30, 6.260, 87.03, 9.28, 0.003, 161.93, -36.56);
insert into SHOT values (204, 204, 205, 54, 18.200, 270.61, -0.30, 18.201, 270.60, -0.31, 0.006, 197.15, -47.19);
insert into SHOT values (205, 204, 206, 54, 8.670, 344.41, -1.60, 8.672, 344.41, -1.59, 0.003, 334.97, 40.88);
insert into SHOT values (206, 204, 207, 54, 17.530, 31.11, 3.70, 17.533, 31.11, 3.70, 0.003, 22.08, -23.21);
insert into SHOT values (207, 204, 208, 54, 19.030, 81.51, 11.20, 19.027, 81.53, 11.21, 0.007, 208.70, 30.18);
insert into SHOT values (208, 204, 209, 54, 17.230, 144.91, -0.10, 17.228, 144.93, -0.10, 0.005, 253.45, 0.87);
insert into SHOT values (209, 204, 210, 54, 24.870, 182.31, -4.50, 24.877, 182.31, -4.50, 0.007, 181.04, 10.59);
insert into SHOT values (210, 204, 211, 54, 27.300, 199.21, -4.10, 27.306, 199.21, -4.10, 0.007, 178.69, 16.69);
insert into SHOT values (211, 204, 212, 54, 5.010, 173.01, 70.10, 5.008, 172.92, 70.12, 0.004, 43.64, -13.06);
insert into SHOT values (212, 204, 213, 54, 2.890, 13.21, -53.10, 2.889, 12.99, -53.10, 0.007, 276.17, 9.35);
insert into SHOT values (213, 204, 214, 54, 27.180, 133.21, -1.70, 27.178, 133.21, -1.71, 0.004, 329.85, -61.86);
insert into SHOT values (214, 214, 215, 54, 9.050, 60.61, 21.40, 9.049, 60.63, 21.46, 0.009, 199.10, 56.40);
insert into SHOT values (215, 214, 216, 54, 14.560, 9.51, 15.20, 14.553, 9.51, 15.22, 0.008, 193.17, 18.18);
insert into SHOT values (216, 214, 217, 54, 9.570, 297.51, 6.40, 9.573, 297.48, 6.42, 0.007, 238.94, 28.70);
insert into SHOT values (217, 214, 218, 54, 5.780, 198.51, 7.00, 5.780, 198.50, 7.06, 0.006, 86.15, 75.72);
insert into SHOT values (218, 214, 219, 54, 6.960, 150.71, 4.70, 6.958, 150.74, 4.70, 0.003, 267.69, -4.82);
insert into SHOT values (219, 214, 220, 54, 15.640, 99.71, 14.00, 15.644, 99.71, 14.02, 0.007, 94.45, 72.16);
insert into SHOT values (220, 214, 221, 54, 4.360, 42.31, 54.00, 4.358, 42.30, 54.10, 0.008, 224.92, 20.28);
insert into SHOT values (221, 214, 222, 54, 1.740, 179.71, -74.00, 1.738, 180.00, -73.96, 0.004, 260.67, 46.66);
insert into SHOT values (222, 214, 223, 54, 14.920, 117.91, 12.20, 14.926, 117.92, 12.22, 0.009, 137.24, 54.96);
insert into SHOT values (223, 223, 224, 54, 11.020, 236.41, -14.20, 11.022, 236.41, -14.23, 0.007, 300.14, -85.08);
insert into SHOT values (224, 223, 225, 54, 5.260, 42.81, -13.20, 5.262, 42.79, -13.18, 0.003, 356.90, 19.15);
insert into SHOT values (225, 223, 226, 54, 13.840, 143.61, -12.10, 13.832, 143.63, -12.10, 0.009, 294.70, 6.99);
insert into SHOT values (226, 223, 227, 54, 14.970, 180.61, -12.20, 14.970, 180.63, -12.23, 0.008, 285.53, -57.97);
insert into SHOT values (227, 223, 228, 54, 7.160, 342.21, -3.90, 7.161, 342.15, -3.92, 0.008, 256.09, -20.96);
insert into SHOT values (228, 223, 229, 54, 2.710, 183.71, 87.90, 2.712, 185.71, 87.88, 0.004, 255.80, 26.29);
insert into SHOT values (229, 223, 230, 54, 0.940, 42.51, -85.00, 0.943, 39.81, -85.25, 0.006, 265.82, -33.64);
insert into SHOT values (230, 223, 231, 54, 14.470, 155.31, -11.20, 14.469, 155.35, -11.20, 0.009, 250.77, 3.49);
insert into SHOT values (231, 204, 232, 54, 11.700, 28.71, 1.20, 11.701, 28.71, 1.22, 0.005, 38.72, 79.11);
insert into SHOT values (232, 232, 233, 54, 6.780, 66.71, 2.10, 6.777, 66.69, 2.03, 0.009, 289.79, -66.76);
insert into SHOT values (233, 232, 234, 54, 4.290, 242.31, -4.60, 4.295, 242.30, -4.67, 0.008, 229.48, -52.21);
insert into SHOT values (234, 232, 235, 54, 8.200, 315.91, -1.00, 8.205, 315.89, -1.05, 0.009, 281.61, -50.61);
insert into SHOT values (235, 232, 236, 54, 10.900, 6.41, -3.60, 10.899, 6.39, -3.63, 0.007, 264.50, -49.53);
insert into SHOT values (236, 232, 237, 54, 16.340, 123.71, 7.90, 16.340, 123.74, 7.88, 0.010, 204.83, -36.24);
insert into SHOT values (237, 232, 238, 54, 23.500, 173.61, 0.60, 23.507, 173.62, 0.58, 0.011, 213.51, -35.11);
insert into SHOT values (238, 232, 239, 54, 13.200, 205.41, 0.50, 13.209, 205.42, 0.48, 0.011, 218.15, -28.42);
insert into SHOT values (239, 232, 240, 54, 11.790, 226.21, -9.20, 11.794, 226.18, -9.22, 0.008, 165.03, -37.67);
insert into SHOT values (240, 232, 241, 54, 1.650, 59.91, 84.20, 1.648, 60.26, 84.38, 0.006, 229.93, -15.54);
insert into SHOT values (241, 232, 242, 54, 1.820, 137.61, -82.00, 1.828, 138.18, -81.98, 0.008, 194.60, -68.64);
insert into SHOT values (242, 232, 243, 54, 15.190, 337.21, -2.90, 15.186, 337.19, -2.91, 0.008, 211.85, -11.34);
insert into SHOT values (243, 243, 244, 54, 4.970, 78.51, 4.80, 4.967, 78.46, 4.73, 0.008, 316.92, -50.25);
insert into SHOT values (244, 243, 245, 54, 4.310, 262.21, 8.30, 4.303, 262.31, 8.28, 0.010, 34.64, -12.65);
insert into SHOT values (245, 243, 246, 54, 5.090, 359.51, 4.00, 5.092, 359.55, 3.94, 0.007, 52.03, -50.31);
insert into SHOT values (246, 243, 247, 54, 8.230, 115.41, 2.80, 8.231, 115.35, 2.79, 0.009, 34.74, -12.75);
insert into SHOT values (247, 243, 248, 54, 4.450, 202.51, 9.20, 4.442, 202.53, 9.20, 0.008, 12.84, -10.11);
insert into SHOT values (248, 243, 249, 54, 1.450, 127.61, 82.90, 1.451, 128.16, 82.95, 0.002, 252.55, 28.39);
insert into SHOT values (249, 243, 250, 54, 0.680, 15.31, -77.80, 0.686, 15.95, -77.74, 0.006, 55.73, -65.11);
insert into SHOT values (250, 243, 251, 54, 4.620, 314.61, 5.50, 4.617, 314.65, 5.47, 0.005, 84.81, -36.49);
insert into SHOT values (251, 243, 252, 54, 4.580, 306.81, 6.50, 4.580, 306.87, 6.52, 0.005, 43.69, 18.06);
insert into SCRAPS values (56, 50, 'SP-Entree-00-1', 1, 0.45532, 0.02283);
 insert into SCRAPS values (105, 50, 'SP-Entree-00-2', 1, 0.08924, 0.01000);
 insert into SCRAPS values (161, 50, 'SP-Entree-00-3', 1, 0.17702, 0.02174);
 insert into SCRAPS values (196, 50, 'SC-Entree-00-1', 2, 100.00000, 5.68811);
 insert into SCRAPS values (218, 50, 'SC-Entree-00-2', 2, 22.40941, 0.10955);
 insert into SCRAPS values (242, 50, 'SC-Entree-00-3', 2, 1.43660, 0.06306);
 insert into MAPS values (259, 50, 'MP-Entree_00', 'Grotte du lac entree 00', 1, 520.210, -38.500);
 insert into MAPITEMS values (259, 4, 56);
 insert into MAPITEMS values (259, 4, 105);
 insert into MAPITEMS values (259, 4, 161);
 insert into MAPS values (260, 50, 'MC-Entree_00', 'Grotte du lac entree 00 Coupe', 2, 520.210, -38.500);
 insert into MAPITEMS values (260, 4, 196);
 insert into MAPITEMS values (260, 4, 218);
 insert into MAPITEMS values (260, 4, 242);
 insert into SURVEY values (262, 48, 'Entree_01', 'Entree_01.Grotte_du_lac', 'Grotte du lac Entree 01');
 insert into CENTRELINE values (263, 262, NULL, NULL, NULL, 0.00, 0.00, 0.00);
 insert into SURVEY values (264, 262, 'Grotte_du_lac_01', 'Grotte_du_lac_01.Entree_01.Grotte_du_lac', 'Grotte du lac 01');
 insert into CENTRELINE values (265, 264, NULL, NULL, NULL, 0.00, 0.00, 0.00);
 insert into CENTRELINE values (266, 264, NULL, '2024-04-23', NULL, 137.97, 0.00, 0.00);
 insert into TOPO values (1, 266);
 insert into TOPO values (2, 266);
 insert into TOPO values (3, 266);
 insert into TOPO values (4, 266);
 insert into SHOT values (252, 253, 254, 266, 4.060, 309.11, -6.30, 4.062, 309.17, -6.36, 0.006, 15.83, -45.04);
insert into SHOT values (253, 253, 255, 266, 6.740, 13.01, -0.50, 6.744, 13.03, -0.51, 0.004, 38.23, -15.75);
insert into SHOT values (254, 253, 256, 266, 7.810, 252.31, -6.00, 7.810, 252.31, -6.03, 0.004, 346.98, -89.45);
insert into SHOT values (255, 253, 257, 266, 0.960, 112.21, -1.10, 0.960, 112.02, -1.19, 0.004, 26.27, -26.41);
insert into SHOT values (256, 253, 258, 266, 3.860, 52.21, -2.40, 3.860, 52.27, -2.38, 0.004, 144.89, 23.09);
insert into SHOT values (257, 253, 259, 266, 2.890, 210.81, -1.30, 2.889, 210.83, -1.39, 0.005, 356.53, -71.70);
insert into SHOT values (258, 253, 260, 266, 8.260, 315.81, -45.50, 8.261, 315.77, -45.48, 0.005, 253.48, 16.90);
insert into SHOT values (259, 260, 261, 266, 3.040, 20.61, -0.30, 3.044, 20.58, -0.38, 0.006, 358.22, -41.40);
insert into SHOT values (260, 260, 262, 266, 1.730, 123.01, 4.20, 1.733, 122.95, 4.30, 0.005, 90.36, 46.03);
insert into SHOT values (261, 260, 263, 266, 3.410, 191.51, 12.90, 3.412, 191.45, 12.87, 0.005, 131.31, -16.15);
insert into SHOT values (262, 260, 264, 266, 2.410, 286.11, -6.00, 2.409, 286.24, -5.96, 0.006, 28.62, 19.00);
insert into SHOT values (263, 260, 265, 266, 1.650, 342.31, -1.80, 1.648, 342.33, -1.74, 0.002, 137.89, 48.15);
insert into SHOT values (264, 260, 266, 266, 1.770, 286.41, 69.00, 1.765, 286.70, 69.21, 0.009, 84.68, -15.99);
insert into SHOT values (265, 260, 267, 266, 3.280, 297.21, -68.80, 3.280, 297.22, -68.90, 0.006, 116.16, -20.08);
insert into SHOT values (266, 260, 268, 266, 6.580, 307.31, -40.80, 6.580, 307.33, -40.81, 0.002, 65.24, -14.89);
insert into SHOT values (267, 268, 269, 266, 0.610, 285.71, -10.60, 0.602, 285.68, -10.53, 0.008, 108.20, 16.28);
insert into SHOT values (268, 268, 270, 266, 1.860, 21.71, -0.20, 1.863, 21.74, -0.31, 0.004, 44.64, -51.86);
insert into SHOT values (269, 268, 271, 266, 5.600, 55.21, 2.30, 5.602, 55.26, 2.25, 0.007, 118.47, -41.91);
insert into SHOT values (270, 268, 272, 266, 6.210, 76.21, -0.60, 6.209, 76.21, -0.65, 0.005, 267.98, -81.93);
insert into SHOT values (271, 268, 273, 266, 2.400, 135.91, 0.90, 2.398, 135.85, 0.96, 0.004, 5.59, 32.34);
insert into SHOT values (272, 268, 274, 266, 1.690, 166.91, 1.70, 1.686, 166.62, 1.70, 0.009, 54.22, -0.85);
insert into SHOT values (273, 268, 275, 266, 1.080, 34.01, 81.30, 1.083, 32.74, 81.16, 0.005, 343.28, 26.88);
insert into SHOT values (274, 268, 276, 266, 2.900, 72.11, 38.80, 2.900, 72.21, 38.87, 0.005, 190.93, 33.49);
insert into SHOT values (275, 268, 277, 266, 1.310, 155.11, -75.50, 1.312, 154.98, -75.39, 0.004, 141.51, -28.74);
insert into SHOT values (276, 268, 278, 266, 10.370, 15.41, -33.10, 10.373, 15.41, -33.07, 0.006, 15.30, 29.63);
insert into SHOT values (277, 278, 279, 266, 6.630, 331.91, -9.80, 6.624, 331.94, -9.82, 0.007, 121.65, -11.89);
insert into SHOT values (278, 278, 280, 266, 12.860, 306.31, -9.50, 12.860, 306.31, -9.53, 0.008, 145.09, -81.76);
insert into SHOT values (279, 278, 281, 266, 20.090, 272.11, -9.00, 20.092, 272.11, -9.02, 0.007, 218.75, -79.84);
insert into SHOT values (280, 278, 282, 266, 22.780, 231.91, -2.60, 22.781, 231.91, -2.62, 0.007, 160.24, -72.92);
insert into SHOT values (281, 278, 283, 266, 6.060, 216.71, 1.50, 6.062, 216.68, 1.42, 0.009, 159.91, -65.95);
insert into SHOT values (282, 278, 284, 266, 2.830, 172.01, 0.90, 2.837, 172.10, 0.81, 0.010, 202.66, -27.75);
insert into SHOT values (283, 278, 285, 266, 4.380, 112.41, 14.50, 4.379, 112.45, 14.41, 0.007, 183.59, -63.58);
insert into SHOT values (284, 278, 286, 266, 10.360, 57.11, 2.20, 10.356, 57.11, 2.16, 0.008, 245.65, -65.77);
insert into SHOT values (285, 278, 287, 266, 22.690, 76.91, 1.50, 22.686, 76.93, 1.49, 0.008, 204.08, -28.65);
insert into SHOT values (286, 278, 288, 266, 1.590, 310.81, 78.70, 1.589, 311.01, 78.94, 0.007, 121.96, 6.86);
insert into SHOT values (287, 278, 289, 266, 2.160, 322.31, -65.20, 2.156, 322.24, -65.38, 0.008, 150.70, 5.71);
insert into SHOT values (288, 278, 290, 266, 12.100, 52.81, -13.00, 12.096, 52.83, -13.04, 0.011, 200.79, -50.21);
insert into SHOT values (289, 290, 291, 266, 0.850, 349.21, -3.20, 0.856, 349.22, -2.68, 0.010, 349.80, 49.21);
insert into SHOT values (290, 290, 292, 266, 7.180, 165.11, 29.70, 7.185, 165.05, 29.70, 0.008, 109.21, 18.16);
insert into SHOT values (291, 290, 293, 266, 8.800, 81.81, 2.70, 8.799, 81.82, 2.74, 0.006, 196.68, 68.81);
insert into SHOT values (292, 290, 294, 266, 8.980, 263.51, 3.90, 8.978, 263.53, 3.90, 0.003, 36.40, -14.27);
insert into SHOT values (293, 290, 295, 266, 4.420, 110.71, 65.80, 4.430, 110.63, 65.79, 0.010, 81.52, 57.89);
insert into SHOT values (294, 290, 296, 266, 1.600, 126.11, -66.60, 1.593, 125.43, -66.39, 0.012, 55.92, 46.33);
insert into SHOT values (295, 290, 297, 266, 13.250, 81.71, -2.80, 13.254, 81.70, -2.77, 0.009, 62.20, 57.69);
insert into SHOT values (296, 297, 298, 266, 0.690, 180.01, 5.90, 0.694, 180.00, 5.79, 0.004, 177.88, -14.22);
insert into SHOT values (297, 297, 299, 266, 0.780, 327.51, 8.60, 0.776, 327.76, 8.15, 0.008, 97.11, -57.15);
insert into SHOT values (298, 297, 300, 266, 0.640, 135.61, 78.30, 0.633, 135.00, 78.40, 0.007, 344.01, -66.93);
insert into SHOT values (299, 297, 301, 266, 1.510, 134.41, -87.10, 1.512, 135.00, -87.32, 0.006, 307.13, -18.63);
insert into SHOT values (300, 278, 302, 266, 8.090, 299.41, -17.00, 8.088, 299.35, -17.04, 0.010, 183.71, -27.06);
insert into SHOT values (301, 302, 303, 266, 10.170, 188.11, 2.50, 10.161, 188.10, 2.48, 0.010, 22.43, -21.03);
insert into SHOT values (302, 302, 304, 266, 4.640, 331.61, -2.90, 4.641, 331.67, -2.84, 0.007, 45.39, 45.99);
insert into SHOT values (303, 302, 305, 266, 20.890, 258.01, -10.10, 20.891, 258.02, -10.09, 0.005, 311.02, 48.09);
insert into SHOT values (304, 302, 306, 266, 20.530, 183.61, 13.70, 20.523, 183.59, 13.70, 0.009, 45.15, -14.37);
insert into SHOT values (305, 302, 307, 266, 2.020, 196.31, 71.90, 2.019, 195.82, 72.01, 0.007, 69.76, -0.36);
insert into SHOT values (306, 302, 308, 266, 2.290, 284.21, -60.30, 2.291, 284.28, -60.30, 0.002, 355.23, -29.68);
insert into SHOT values (307, 302, 309, 266, 17.280, 242.11, -19.80, 17.277, 242.13, -19.79, 0.006, 1.49, 34.29);
insert into SHOT values (308, 309, 310, 266, 13.990, 158.61, 10.00, 13.993, 158.59, 10.00, 0.006, 104.67, 6.70);
insert into SHOT values (309, 309, 311, 266, 24.030, 206.91, 7.20, 24.031, 206.91, 7.20, 0.002, 159.14, -53.63);
insert into SHOT values (310, 309, 312, 266, 30.680, 229.91, -8.60, 30.685, 229.91, -8.60, 0.006, 203.83, -22.24);
insert into SHOT values (311, 309, 313, 266, 12.240, 304.11, -16.20, 12.239, 304.11, -16.23, 0.006, 134.04, -65.08);
insert into SHOT values (312, 309, 314, 266, 8.960, 356.91, -0.60, 8.963, 356.93, -0.64, 0.008, 38.19, -54.14);
insert into SHOT values (313, 309, 315, 266, 21.800, 65.11, 19.00, 21.797, 65.13, 18.98, 0.009, 157.30, -54.62);
insert into SHOT values (314, 309, 316, 266, 21.670, 123.91, 31.80, 21.677, 123.91, 31.79, 0.007, 131.51, 6.69);
insert into SHOT values (315, 309, 317, 266, 19.690, 178.01, 19.20, 19.685, 178.00, 19.19, 0.008, 52.83, -42.34);
insert into SHOT values (316, 309, 318, 266, 5.820, 201.81, 82.10, 5.815, 202.07, 82.11, 0.006, 313.70, -51.03);
insert into SHOT values (317, 309, 319, 266, 3.200, 192.91, -75.90, 3.206, 192.61, -75.94, 0.008, 91.94, -56.82);
insert into SHOT values (318, 309, 320, 266, 12.570, 268.51, -16.90, 12.569, 268.52, -16.93, 0.007, 51.36, -56.06);
insert into SHOT values (319, 320, 321, 266, 19.850, 213.71, 0.90, 19.852, 213.72, 0.89, 0.005, 271.09, -21.92);
insert into SHOT values (320, 320, 322, 266, 24.530, 253.81, 3.00, 24.535, 253.81, 3.01, 0.008, 265.87, 51.41);
insert into SHOT values (321, 320, 323, 266, 9.890, 346.71, -4.50, 9.885, 346.68, -4.47, 0.009, 213.93, 41.88);
insert into SHOT values (322, 320, 324, 266, 35.690, 295.71, -3.00, 35.686, 295.71, -2.99, 0.009, 135.95, 67.00);
insert into SHOT values (323, 320, 325, 266, 29.060, 148.61, 13.90, 29.058, 148.61, 13.90, 0.003, 286.57, -22.02);
insert into SHOT values (324, 320, 326, 266, 25.700, 58.31, 16.10, 25.700, 58.31, 16.11, 0.003, 224.20, 69.12);
insert into SHOT values (325, 320, 327, 266, 6.970, 178.61, 77.90, 6.975, 178.82, 77.91, 0.007, 276.46, 41.70);
insert into SHOT values (326, 320, 328, 266, 1.670, 52.01, -84.00, 1.669, 54.46, -84.08, 0.008, 161.98, 6.21);
insert into SHOT values (327, 320, 329, 266, 8.490, 297.61, -24.10, 8.489, 297.59, -24.05, 0.007, 234.80, 64.15);
insert into SHOT values (328, 329, 330, 266, 34.910, 265.31, 8.30, 34.911, 265.32, 8.30, 0.004, 341.40, 7.58);
insert into SHOT values (329, 329, 331, 266, 28.290, 312.11, 5.40, 28.290, 312.12, 5.40, 0.006, 44.46, -24.19);
insert into SHOT values (330, 329, 332, 266, 12.530, 18.11, 4.40, 12.528, 18.14, 4.39, 0.008, 122.78, -9.67);
insert into SHOT values (331, 329, 333, 266, 25.690, 9.61, -3.90, 25.690, 9.61, -3.91, 0.003, 138.27, -69.78);
insert into SHOT values (332, 329, 334, 266, 14.020, 65.01, 12.60, 14.017, 65.01, 12.57, 0.009, 271.03, -79.43);
insert into SHOT values (333, 329, 335, 266, 21.610, 183.41, 14.50, 21.615, 183.40, 14.49, 0.007, 137.79, -5.58);
insert into SHOT values (334, 329, 336, 266, 5.240, 256.01, 72.10, 5.233, 255.96, 72.11, 0.007, 103.73, -65.72);
insert into SHOT values (335, 329, 337, 266, 2.130, 35.31, -65.60, 2.131, 35.31, -65.54, 0.002, 35.29, -5.77);
insert into SHOT values (336, 329, 338, 266, 17.540, 347.31, -7.90, 17.539, 347.33, -7.90, 0.006, 82.94, 7.13);
insert into SHOT values (337, 338, 339, 266, 16.390, 26.81, -2.80, 16.388, 26.80, -2.80, 0.004, 261.86, 9.25);
insert into SHOT values (338, 338, 340, 266, 9.820, 102.51, -1.90, 9.819, 102.54, -1.93, 0.006, 201.79, -46.84);
insert into SHOT values (339, 338, 341, 266, 8.350, 138.91, -1.90, 8.347, 138.94, -1.92, 0.006, 268.51, -33.15);
insert into SHOT values (340, 338, 342, 266, 5.500, 346.51, 77.20, 5.496, 346.19, 77.23, 0.008, 229.66, -23.67);
insert into SHOT values (341, 338, 343, 266, 1.450, 217.61, -84.10, 1.458, 219.81, -83.85, 0.012, 257.96, -39.74);
insert into SHOT values (342, 338, 344, 266, 5.000, 132.91, -17.70, 4.992, 132.95, -17.73, 0.009, 290.04, 1.02);
insert into SHOT values (343, 344, 345, 266, 6.690, 145.81, 3.50, 6.699, 145.79, 3.42, 0.013, 129.56, -39.89);
insert into SHOT values (344, 344, 346, 266, 9.550, 61.31, -2.90, 9.549, 61.37, -2.94, 0.011, 160.32, -36.77);
insert into SHOT values (345, 344, 347, 266, 0.170, 10.91, 5.10, 0.165, 14.04, 3.47, 0.011, 128.25, -26.80);
insert into SHOT values (346, 344, 348, 266, 5.840, 111.21, 56.20, 5.839, 111.28, 56.16, 0.006, 163.79, -31.78);
insert into SHOT values (347, 344, 349, 266, 2.660, 64.41, -63.90, 2.662, 64.75, -63.88, 0.007, 140.12, -9.98);
insert into SHOT values (348, 344, 350, 266, 7.050, 38.61, -30.30, 7.048, 38.66, -30.34, 0.007, 166.24, -25.33);
insert into SHOT values (349, 350, 351, 266, 8.050, 152.11, -2.10, 8.053, 152.07, -2.13, 0.009, 87.77, -35.25);
insert into SHOT values (350, 350, 352, 266, 9.720, 98.91, -2.00, 9.722, 98.88, -2.00, 0.006, 33.73, -7.73);
insert into SHOT values (351, 350, 353, 266, 15.040, 40.81, 0.80, 15.039, 40.82, 0.80, 0.003, 149.53, 0.20);
insert into SHOT values (352, 350, 354, 266, 20.380, 351.91, 0.70, 20.383, 351.93, 0.70, 0.009, 60.02, 6.81);
insert into SHOT values (353, 350, 355, 266, 5.830, 69.51, 69.60, 5.828, 69.61, 69.53, 0.008, 101.59, -33.77);
insert into SHOT values (354, 350, 356, 266, 0.290, 173.91, -70.30, 0.288, 174.29, -69.58, 0.004, 187.52, 47.04);
insert into SHOT values (355, 350, 357, 266, 11.390, 90.91, -1.10, 11.394, 90.91, -1.11, 0.004, 72.53, -19.87);
insert into SCRAPS values (268, 262, 'SP-Entree-01-1', 1, 0.47863, 0.02148);
 insert into SCRAPS values (313, 262, 'SC-Entree_01-1', 2, 7.38250, 0.11683);
 insert into MAPS values (336, 262, 'MP-Entree_01', 'Grotte du lac entree 01', 1, 137.970, -38.900);
 insert into MAPITEMS values (336, 4, 268);
 insert into MAPS values (337, 262, 'MC-Entree_01', 'Grotte du lac entree 01 Coupe', 2, 137.970, -38.900);
 insert into MAPITEMS values (337, 4, 313);
 insert into MAPS values (339, 48, 'MP-Grotte_du_lac', 'Grotte du lac', 1, 658.180, -38.900);
 insert into MAPITEMS values (339, 4, 259);
 insert into MAPITEMS values (339, 4, 336);
 insert into MAPS values (340, 48, 'MC-Grotte_du_lac', 'Grotte du lac', 2, 658.180, -38.900);
 insert into MAPITEMS values (340, 4, 260);
 insert into MAPITEMS values (340, 4, 337);
 insert into STATION values (1, '00', 52, 266003.00, 4170934.00, 353.00);
insert into STATION_FLAG values(1, 'ent');
insert into STATION_FLAG values(1, 'fix');
insert into STATION values (2, '.', 52, 266030.13, 4170946.41, 364.69);
insert into STATION values (3, '.', 52, 266011.48, 4170911.18, 359.34);
insert into STATION values (4, '.', 52, 265993.26, 4170910.03, 354.72);
insert into STATION values (5, '.', 52, 265977.27, 4170969.96, 367.28);
insert into STATION values (6, '.', 52, 266025.90, 4170967.18, 370.11);
insert into STATION values (7, '.', 52, 266029.47, 4170932.14, 364.26);
insert into STATION values (8, '.', 52, 266018.09, 4170918.53, 358.75);
insert into STATION values (9, '.', 52, 265996.50, 4170910.28, 359.13);
insert into STATION values (10, '1', 52, 266004.77, 4170925.83, 351.04);
insert into STATION values (11, '.', 52, 265985.47, 4170923.01, 356.70);
insert into STATION values (12, '.', 52, 265993.41, 4170909.19, 353.51);
insert into STATION values (13, '.', 52, 266012.47, 4170909.37, 354.87);
insert into STATION values (14, '.', 52, 266018.81, 4170919.69, 355.70);
insert into STATION values (15, '.', 52, 265995.24, 4170942.41, 354.24);
insert into STATION values (16, '.', 52, 266004.62, 4170925.65, 350.24);
insert into STATION values (17, '2', 52, 266005.22, 4170922.19, 349.11);
insert into STATION values (18, '.', 52, 266006.99, 4170904.08, 349.69);
insert into STATION values (19, '.', 52, 265991.20, 4170909.92, 347.62);
insert into STATION values (20, '.', 52, 265992.32, 4170922.57, 348.64);
insert into STATION values (21, '.', 52, 266002.14, 4170925.39, 349.21);
insert into STATION values (22, '.', 52, 266006.06, 4170923.10, 349.31);
insert into STATION values (23, '.', 52, 266004.76, 4170921.53, 346.74);
insert into STATION values (24, '3', 52, 266000.87, 4170919.11, 346.82);
insert into STATION values (25, '.', 52, 266016.49, 4170913.24, 349.49);
insert into STATION values (26, '.', 52, 266003.63, 4170901.23, 347.20);
insert into STATION values (27, '.', 52, 265990.45, 4170911.35, 346.71);
insert into STATION values (28, '.', 52, 266005.94, 4170909.54, 359.32);
insert into STATION values (29, '.', 52, 266001.26, 4170918.82, 345.03);
insert into STATION values (30, '4', 52, 266002.22, 4170911.74, 343.65);
insert into STATION values (31, '.', 52, 265995.99, 4170908.67, 343.01);
insert into STATION values (32, '.', 52, 265989.51, 4170914.60, 348.22);
insert into STATION values (33, '.', 52, 266008.79, 4170899.16, 343.48);
insert into STATION values (34, '.', 52, 266002.64, 4170904.66, 353.05);
insert into STATION values (35, '.', 52, 266002.81, 4170911.44, 341.85);
insert into STATION values (36, '5', 52, 266010.15, 4170904.28, 340.03);
insert into STATION values (37, '.', 52, 266020.15, 4170898.42, 340.62);
insert into STATION values (38, '.', 52, 266010.35, 4170892.91, 339.61);
insert into STATION values (39, '.', 52, 265998.75, 4170895.54, 339.45);
insert into STATION values (40, '.', 52, 265992.76, 4170904.32, 339.73);
insert into STATION values (41, '.', 52, 266010.84, 4170904.10, 338.35);
insert into STATION values (42, '.', 52, 266009.33, 4170902.83, 346.12);
insert into STATION values (43, '6', 52, 266015.87, 4170897.49, 337.08);
insert into STATION values (44, '.', 52, 266006.18, 4170901.13, 337.78);
insert into STATION values (45, '.', 52, 265992.62, 4170906.19, 339.08);
insert into STATION values (46, '.', 52, 266001.86, 4170893.05, 338.73);
insert into STATION values (47, '.', 52, 266014.00, 4170889.11, 338.53);
insert into STATION values (48, '.', 52, 266016.67, 4170889.67, 337.96);
insert into STATION values (49, '.', 52, 266022.40, 4170895.53, 338.90);
insert into STATION values (50, '.', 52, 266024.99, 4170900.63, 339.07);
insert into STATION values (51, '.', 52, 266024.86, 4170910.36, 343.55);
insert into STATION values (52, '.', 52, 266014.62, 4170906.28, 340.47);
insert into STATION values (53, '.', 52, 266007.92, 4170907.70, 342.28);
insert into STATION values (54, '.', 52, 266001.88, 4170907.07, 341.85);
insert into STATION values (55, '.', 52, 266015.14, 4170897.17, 342.38);
insert into STATION values (56, '.', 52, 266015.33, 4170897.51, 336.16);
insert into STATION values (57, '7', 52, 266004.17, 4170892.86, 332.52);
insert into STATION values (58, '.', 52, 266004.90, 4170888.54, 333.55);
insert into STATION values (59, '.', 52, 266011.21, 4170890.25, 336.33);
insert into STATION values (60, '.', 52, 265990.39, 4170883.88, 335.01);
insert into STATION values (61, '.', 52, 265989.52, 4170905.91, 337.34);
insert into STATION values (62, '.', 52, 266003.37, 4170902.96, 335.31);
insert into STATION values (63, '.', 52, 266009.59, 4170898.84, 334.05);
insert into STATION values (64, '.', 52, 266003.34, 4170892.31, 338.42);
insert into STATION values (65, '.', 52, 266003.68, 4170893.24, 330.80);
insert into STATION values (66, '8', 52, 265988.19, 4170894.76, 328.86);
insert into STATION values (67, '.', 52, 265984.19, 4170911.69, 330.60);
insert into STATION values (68, '.', 52, 265987.79, 4170877.30, 332.01);
insert into STATION values (69, '.', 52, 265998.31, 4170884.50, 335.04);
insert into STATION values (70, '.', 52, 265991.75, 4170905.53, 332.93);
insert into STATION values (71, '.', 52, 266005.66, 4170898.95, 334.08);
insert into STATION values (72, '.', 52, 265968.00, 4170897.82, 331.30);
insert into STATION values (73, '.', 52, 265973.96, 4170881.50, 331.49);
insert into STATION values (74, '.', 52, 265981.63, 4170876.95, 330.69);
insert into STATION values (75, '.', 52, 265988.18, 4170896.52, 336.93);
insert into STATION values (76, '.', 52, 265988.22, 4170894.72, 327.62);
insert into STATION values (77, '9', 52, 265974.31, 4170894.16, 330.82);
insert into STATION values (78, '.', 52, 265976.69, 4170879.11, 331.56);
insert into STATION values (79, '.', 52, 265963.98, 4170882.11, 330.37);
insert into STATION values (80, '.', 52, 265971.90, 4170900.28, 328.62);
insert into STATION values (81, '.', 52, 265983.06, 4170910.00, 331.89);
insert into STATION values (82, '.', 52, 265999.37, 4170884.08, 334.18);
insert into STATION values (83, '.', 52, 265974.20, 4170894.26, 329.80);
insert into STATION values (84, '.', 52, 265974.20, 4170893.74, 335.00);
insert into STATION values (85, '10', 52, 265958.03, 4170887.72, 334.54);
insert into STATION values (86, '.', 52, 265960.75, 4170900.84, 335.33);
insert into STATION values (87, '.', 52, 265953.95, 4170887.49, 336.52);
insert into STATION values (88, '.', 52, 265954.18, 4170884.50, 334.81);
insert into STATION values (89, '.', 52, 265960.26, 4170880.98, 333.74);
insert into STATION values (90, '.', 52, 265966.57, 4170882.34, 332.98);
insert into STATION values (91, '.', 52, 265966.10, 4170894.59, 333.72);
insert into STATION values (92, '.', 52, 265957.91, 4170887.72, 336.02);
insert into STATION values (93, '.', 52, 265958.02, 4170887.73, 333.15);
insert into STATION values (94, '11', 52, 265953.40, 4170872.32, 331.76);
insert into STATION values (95, '.', 52, 265953.08, 4170872.43, 331.76);
insert into STATION values (96, '.', 52, 265954.38, 4170872.19, 331.73);
insert into STATION values (97, '.', 52, 265953.02, 4170871.91, 333.65);
insert into STATION values (98, '.', 52, 265953.42, 4170872.11, 330.17);
insert into STATION values (99, '12', 52, 266016.21, 4170893.13, 336.73);
insert into STATION values (100, '.', 52, 266023.10, 4170895.99, 338.79);
insert into STATION values (101, '.', 52, 266014.20, 4170890.26, 337.10);
insert into STATION values (102, '.', 52, 266016.42, 4170888.80, 336.99);
insert into STATION values (103, '.', 52, 266023.12, 4170890.47, 337.41);
insert into STATION values (104, '.', 52, 266025.72, 4170907.66, 340.71);
insert into STATION values (105, '.', 52, 266002.33, 4170905.72, 340.89);
insert into STATION values (106, '.', 52, 265996.65, 4170905.65, 340.83);
insert into STATION values (107, '.', 52, 265995.00, 4170896.76, 338.05);
insert into STATION values (108, '.', 52, 266006.31, 4170890.78, 337.73);
insert into STATION values (109, '.', 52, 266016.78, 4170893.29, 339.27);
insert into STATION values (110, '.', 52, 266016.29, 4170893.23, 335.79);
insert into STATION values (111, '13', 52, 266032.43, 4170868.80, 327.23);
insert into STATION values (112, '.', 52, 266014.87, 4170875.79, 329.79);
insert into STATION values (113, '.', 52, 266031.84, 4170891.30, 332.89);
insert into STATION values (114, '.', 52, 266044.59, 4170896.23, 331.45);
insert into STATION values (115, '.', 52, 266049.73, 4170871.54, 329.69);
insert into STATION values (116, '.', 52, 266037.67, 4170860.95, 326.60);
insert into STATION values (117, '.', 52, 266030.58, 4170858.55, 327.34);
insert into STATION values (118, '.', 52, 266017.85, 4170863.00, 327.72);
insert into STATION values (119, '.', 52, 266031.15, 4170869.45, 334.17);
insert into STATION values (120, '.', 52, 266031.94, 4170868.34, 325.25);
insert into STATION values (121, '14', 52, 266026.91, 4170863.49, 327.08);
insert into STATION values (122, '.', 52, 266033.60, 4170858.45, 326.72);
insert into STATION values (123, '.', 52, 266024.58, 4170857.67, 326.89);
insert into STATION values (124, '.', 52, 266017.44, 4170864.59, 327.89);
insert into STATION values (125, '.', 52, 266013.86, 4170880.14, 328.90);
insert into STATION values (126, '.', 52, 266026.50, 4170863.54, 331.77);
insert into STATION values (127, '.', 52, 266026.99, 4170863.46, 325.92);
insert into STATION values (128, '15', 52, 266013.56, 4170844.57, 320.97);
insert into STATION values (129, '.', 52, 266011.74, 4170846.55, 321.06);
insert into STATION values (130, '.', 52, 266013.28, 4170840.64, 321.25);
insert into STATION values (131, '.', 52, 266019.73, 4170841.89, 321.50);
insert into STATION values (132, '.', 52, 266018.01, 4170848.32, 321.12);
insert into STATION values (133, '.', 52, 266015.53, 4170853.26, 321.64);
insert into STATION values (134, '.', 52, 266011.93, 4170847.07, 321.03);
insert into STATION values (135, '.', 52, 266013.93, 4170844.61, 322.51);
insert into STATION values (136, '.', 52, 266013.23, 4170844.87, 319.65);
insert into STATION values (137, '16', 52, 266056.11, 4170877.60, 326.53);
insert into STATION values (138, '.', 52, 266048.36, 4170898.45, 333.16);
insert into STATION values (139, '.', 52, 266060.87, 4170870.70, 328.29);
insert into STATION values (140, '.', 52, 266055.96, 4170882.51, 339.07);
insert into STATION values (141, '.', 52, 266056.33, 4170877.61, 325.57);
insert into STATION values (142, '.', 52, 266035.82, 4170889.08, 330.34);
insert into STATION values (143, '.', 52, 266036.90, 4170862.22, 328.77);
insert into STATION values (144, '17', 52, 266080.06, 4170888.72, 319.84);
insert into STATION values (145, '.', 52, 266096.35, 4170857.81, 327.08);
insert into STATION values (146, '.', 52, 266070.86, 4170915.76, 327.87);
insert into STATION values (147, '.', 52, 266050.81, 4170906.02, 330.37);
insert into STATION values (148, '.', 52, 266083.79, 4170859.14, 330.46);
insert into STATION values (149, '.', 52, 266056.53, 4170870.60, 327.80);
insert into STATION values (150, '.', 52, 266080.36, 4170885.97, 352.01);
insert into STATION values (151, '.', 52, 266080.23, 4170888.60, 318.88);
insert into STATION values (152, '18', 52, 266091.32, 4170893.35, 314.50);
insert into STATION values (153, '.', 52, 266117.68, 4170863.24, 323.08);
insert into STATION values (154, '.', 52, 266091.74, 4170863.39, 326.79);
insert into STATION values (155, '.', 52, 266065.50, 4170867.90, 329.07);
insert into STATION values (156, '.', 52, 266095.95, 4170892.00, 348.84);
insert into STATION values (157, '.', 52, 266091.70, 4170893.49, 313.44);
insert into STATION values (158, '19', 52, 266103.82, 4170906.99, 316.90);
insert into STATION values (159, '.', 52, 266125.27, 4170920.54, 318.01);
insert into STATION values (160, '.', 52, 266103.56, 4170908.10, 338.78);
insert into STATION values (161, '.', 52, 266103.92, 4170906.05, 315.15);
insert into STATION values (162, '20', 52, 266124.09, 4170906.88, 316.90);
insert into STATION values (163, '.', 52, 266137.14, 4170909.36, 318.48);
insert into STATION values (164, '.', 52, 266097.89, 4170931.40, 320.93);
insert into STATION values (165, '.', 52, 266117.15, 4170930.61, 318.76);
insert into STATION values (166, '.', 52, 266122.45, 4170907.19, 333.37);
insert into STATION values (167, '.', 52, 266124.35, 4170906.48, 314.59);
insert into STATION values (168, '21', 52, 266119.06, 4170922.85, 315.64);
insert into STATION values (169, '.', 52, 266111.12, 4170933.16, 316.62);
insert into STATION values (170, '.', 52, 266123.68, 4170933.18, 316.27);
insert into STATION values (171, '.', 52, 266126.72, 4170921.85, 315.48);
insert into STATION values (172, '.', 52, 266127.05, 4170919.73, 316.18);
insert into STATION values (173, '.', 52, 266120.09, 4170922.07, 322.89);
insert into STATION values (174, '.', 52, 266110.11, 4170913.26, 338.45);
insert into STATION values (175, '.', 52, 266119.24, 4170922.80, 314.35);
insert into STATION values (176, '22', 52, 266133.49, 4170898.14, 317.76);
insert into STATION values (177, '.', 52, 266138.49, 4170907.96, 318.38);
insert into STATION values (178, '.', 52, 266148.07, 4170899.82, 318.97);
insert into STATION values (179, '.', 52, 266141.48, 4170887.41, 318.94);
insert into STATION values (180, '.', 52, 266130.84, 4170873.44, 320.24);
insert into STATION values (181, '.', 52, 266133.17, 4170899.26, 331.65);
insert into STATION values (182, '.', 52, 266133.85, 4170898.08, 315.68);
insert into STATION values (183, '23', 52, 266141.57, 4170889.46, 314.74);
insert into STATION values (184, '.', 52, 266144.51, 4170905.29, 317.29);
insert into STATION values (185, '.', 52, 266153.40, 4170895.43, 316.16);
insert into STATION values (186, '.', 52, 266143.46, 4170886.33, 315.00);
insert into STATION values (187, '.', 52, 266139.54, 4170886.17, 314.71);
insert into STATION values (188, '.', 52, 266141.67, 4170889.37, 313.94);
insert into STATION values (189, '24', 52, 266176.25, 4170890.18, 315.35);
insert into STATION values (190, '25', 52, 266130.97, 4170928.22, 316.05);
insert into STATION values (191, '.', 52, 266125.24, 4170934.82, 316.43);
insert into STATION values (192, '.', 52, 266146.44, 4170922.41, 317.88);
insert into STATION values (193, '.', 52, 266134.47, 4170920.22, 317.70);
insert into STATION values (194, '.', 52, 266114.40, 4170934.62, 317.14);
insert into STATION values (195, '.', 52, 266114.63, 4170924.84, 316.78);
insert into STATION values (196, '.', 52, 266130.79, 4170928.74, 320.32);
insert into STATION values (197, '.', 52, 266131.09, 4170928.87, 314.43);
insert into STATION values (198, '26', 52, 266140.14, 4170947.09, 317.63);
insert into STATION values (199, '.', 52, 266132.15, 4170952.12, 317.17);
insert into STATION values (200, '.', 52, 266159.50, 4170945.97, 318.34);
insert into STATION values (201, '.', 52, 266141.34, 4170922.32, 317.24);
insert into STATION values (202, '.', 52, 266140.54, 4170947.12, 320.92);
insert into STATION values (203, '.', 52, 266140.24, 4170947.38, 316.78);
insert into STATION values (204, '27', 52, 266146.31, 4170947.41, 318.64);
insert into STATION values (205, '.', 52, 266128.11, 4170947.60, 318.54);
insert into STATION values (206, '.', 52, 266143.98, 4170955.76, 318.40);
insert into STATION values (207, '.', 52, 266155.35, 4170962.39, 319.77);
insert into STATION values (208, '.', 52, 266164.77, 4170950.16, 322.34);
insert into STATION values (209, '.', 52, 266156.21, 4170933.31, 318.61);
insert into STATION values (210, '.', 52, 266145.31, 4170922.63, 316.69);
insert into STATION values (211, '.', 52, 266137.35, 4170921.69, 316.69);
insert into STATION values (212, '.', 52, 266146.52, 4170945.72, 323.35);
insert into STATION values (213, '.', 52, 266146.70, 4170949.10, 316.33);
insert into STATION values (214, '28', 52, 266166.11, 4170928.81, 317.83);
insert into STATION values (215, '.', 52, 266173.45, 4170932.94, 321.14);
insert into STATION values (216, '.', 52, 266168.43, 4170942.66, 321.65);
insert into STATION values (217, '.', 52, 266157.67, 4170933.20, 318.90);
insert into STATION values (218, '.', 52, 266164.29, 4170923.37, 318.54);
insert into STATION values (219, '.', 52, 266169.50, 4170922.76, 318.40);
insert into STATION values (220, '.', 52, 266181.07, 4170926.25, 321.62);
insert into STATION values (221, '.', 52, 266167.83, 4170930.70, 321.36);
insert into STATION values (222, '.', 52, 266166.11, 4170928.33, 316.16);
insert into STATION values (223, '29', 52, 266179.00, 4170921.98, 320.99);
insert into STATION values (224, '.', 52, 266170.10, 4170916.07, 318.28);
insert into STATION values (225, '.', 52, 266182.48, 4170925.74, 319.79);
insert into STATION values (226, '.', 52, 266187.02, 4170911.09, 318.09);
insert into STATION values (227, '.', 52, 266178.84, 4170907.35, 317.82);
insert into STATION values (228, '.', 52, 266176.81, 4170928.78, 320.50);
insert into STATION values (229, '.', 52, 266178.99, 4170921.88, 323.70);
insert into STATION values (230, '.', 52, 266179.05, 4170922.04, 320.05);
insert into STATION values (231, '30', 52, 266184.92, 4170909.08, 318.18);
insert into STATION values (232, '31', 52, 266151.93, 4170957.67, 318.89);
insert into STATION values (233, '.', 52, 266158.15, 4170960.35, 319.13);
insert into STATION values (234, '.', 52, 266148.14, 4170955.68, 318.54);
insert into STATION values (235, '.', 52, 266146.22, 4170963.56, 318.74);
insert into STATION values (236, '.', 52, 266153.14, 4170968.48, 318.20);
insert into STATION values (237, '.', 52, 266165.39, 4170948.68, 321.13);
insert into STATION values (238, '.', 52, 266154.54, 4170934.31, 319.13);
insert into STATION values (239, '.', 52, 266146.26, 4170945.74, 319.00);
insert into STATION values (240, '.', 52, 266143.53, 4170949.61, 317.00);
insert into STATION values (241, '.', 52, 266152.07, 4170957.75, 320.53);
insert into STATION values (242, '.', 52, 266152.10, 4170957.48, 317.08);
insert into STATION values (243, '32', 52, 266146.05, 4170971.65, 318.12);
insert into STATION values (244, '.', 52, 266150.90, 4170972.64, 318.53);
insert into STATION values (245, '.', 52, 266141.83, 4170971.08, 318.74);
insert into STATION values (246, '.', 52, 266146.01, 4170976.73, 318.47);
insert into STATION values (247, '.', 52, 266153.48, 4170968.13, 318.52);
insert into STATION values (248, '.', 52, 266144.37, 4170967.60, 318.83);
insert into STATION values (249, '.', 52, 266146.19, 4170971.54, 319.56);
insert into STATION values (250, '.', 52, 266146.09, 4170971.79, 317.45);
insert into STATION values (251, '.', 52, 266142.78, 4170974.88, 318.56);
insert into STATION values (252, '33', 52, 266142.41, 4170974.38, 318.64);
insert into STATION values (253, '00', 264, 266002.00, 4170947.00, 353.00);
insert into STATION_FLAG values(253, 'ent');
insert into STATION_FLAG values(253, 'fix');
insert into STATION values (254, '.', 264, 265998.87, 4170949.55, 352.55);
insert into STATION values (255, '.', 264, 266003.52, 4170953.57, 352.94);
insert into STATION values (256, '.', 264, 265994.60, 4170944.64, 352.18);
insert into STATION values (257, '.', 264, 266002.89, 4170946.64, 352.98);
insert into STATION values (258, '.', 264, 266005.05, 4170949.36, 352.84);
insert into STATION values (259, '.', 264, 266000.52, 4170944.52, 352.93);
insert into STATION values (260, '1', 264, 265997.96, 4170951.15, 347.11);
insert into STATION values (261, '.', 264, 265999.03, 4170954.00, 347.09);
insert into STATION values (262, '.', 264, 265999.41, 4170950.21, 347.24);
insert into STATION values (263, '.', 264, 265997.30, 4170947.89, 347.87);
insert into STATION values (264, '.', 264, 265995.66, 4170951.82, 346.86);
insert into STATION values (265, '.', 264, 265997.46, 4170952.72, 347.06);
insert into STATION values (266, '.', 264, 265997.36, 4170951.33, 348.76);
insert into STATION values (267, '.', 264, 265996.91, 4170951.69, 344.05);
insert into STATION values (268, '2', 264, 265994.00, 4170954.17, 342.81);
insert into STATION values (269, '.', 264, 265993.43, 4170954.33, 342.70);
insert into STATION values (270, '.', 264, 265994.69, 4170955.90, 342.80);
insert into STATION values (271, '.', 264, 265998.60, 4170957.36, 343.03);
insert into STATION values (272, '.', 264, 266000.03, 4170955.65, 342.74);
insert into STATION values (273, '.', 264, 265995.67, 4170952.45, 342.85);
insert into STATION values (274, '.', 264, 265994.39, 4170952.53, 342.86);
insert into STATION values (275, '.', 264, 265994.09, 4170954.31, 343.88);
insert into STATION values (276, '.', 264, 265996.15, 4170954.86, 344.63);
insert into STATION values (277, '.', 264, 265994.14, 4170953.87, 341.54);
insert into STATION values (278, '3', 264, 265996.31, 4170962.55, 337.15);
insert into STATION values (279, '.', 264, 265993.24, 4170968.31, 336.02);
insert into STATION values (280, '.', 264, 265986.09, 4170970.06, 335.02);
insert into STATION values (281, '.', 264, 265976.48, 4170963.28, 334.00);
insert into STATION values (282, '.', 264, 265978.40, 4170948.51, 336.11);
insert into STATION values (283, '.', 264, 265992.69, 4170957.69, 337.30);
insert into STATION values (284, '.', 264, 265996.70, 4170959.74, 337.19);
insert into STATION values (285, '.', 264, 266000.23, 4170960.93, 338.24);
insert into STATION values (286, '.', 264, 266005.00, 4170968.17, 337.54);
insert into STATION values (287, '.', 264, 266018.40, 4170967.68, 337.74);
insert into STATION values (288, '.', 264, 265996.08, 4170962.75, 338.71);
insert into STATION values (289, '.', 264, 265995.76, 4170963.26, 335.19);
insert into STATION values (290, '4', 264, 266005.70, 4170969.67, 334.42);
insert into STATION values (291, '.', 264, 266005.54, 4170970.51, 334.38);
insert into STATION values (292, '.', 264, 266007.31, 4170963.64, 337.98);
insert into STATION values (293, '.', 264, 266014.40, 4170970.92, 334.84);
insert into STATION values (294, '.', 264, 265996.80, 4170968.66, 335.03);
insert into STATION values (295, '.', 264, 266007.40, 4170969.03, 338.46);
insert into STATION values (296, '.', 264, 266006.22, 4170969.30, 332.96);
insert into STATION values (297, '5', 264, 266018.80, 4170971.58, 333.78);
insert into STATION values (298, '.', 264, 266018.80, 4170970.89, 333.85);
insert into STATION values (299, '.', 264, 266018.39, 4170972.23, 333.89);
insert into STATION values (300, '.', 264, 266018.89, 4170971.49, 334.40);
insert into STATION values (301, '.', 264, 266018.85, 4170971.53, 332.27);
insert into STATION values (302, '6', 264, 265989.57, 4170966.34, 334.78);
insert into STATION values (303, '.', 264, 265988.14, 4170956.29, 335.22);
insert into STATION values (304, '.', 264, 265987.37, 4170970.42, 334.55);
insert into STATION values (305, '.', 264, 265969.45, 4170962.07, 331.12);
insert into STATION values (306, '.', 264, 265988.32, 4170946.44, 339.64);
insert into STATION values (307, '.', 264, 265989.40, 4170965.74, 336.70);
insert into STATION values (308, '.', 264, 265988.47, 4170966.62, 332.79);
insert into STATION values (309, '7', 264, 265975.20, 4170958.74, 328.93);
insert into STATION values (310, '.', 264, 265980.23, 4170945.91, 331.36);
insert into STATION values (311, '.', 264, 265964.41, 4170937.48, 331.94);
insert into STATION values (312, '.', 264, 265951.99, 4170939.20, 324.34);
insert into STATION values (313, '.', 264, 265965.47, 4170965.33, 325.51);
insert into STATION values (314, '.', 264, 265974.72, 4170967.69, 328.83);
insert into STATION values (315, '.', 264, 265993.90, 4170967.41, 336.02);
insert into STATION values (316, '.', 264, 265990.49, 4170948.46, 340.35);
insert into STATION values (317, '.', 264, 265975.85, 4170940.16, 335.40);
insert into STATION values (318, '.', 264, 265974.90, 4170958.00, 334.69);
insert into STATION values (319, '.', 264, 265975.03, 4170957.98, 325.82);
insert into STATION values (320, '8', 264, 265963.18, 4170958.43, 325.27);
insert into STATION values (321, '.', 264, 265952.16, 4170941.92, 325.58);
insert into STATION values (322, '.', 264, 265939.65, 4170951.60, 326.56);
insert into STATION values (323, '.', 264, 265960.91, 4170968.02, 324.50);
insert into STATION values (324, '.', 264, 265931.07, 4170973.89, 323.41);
insert into STATION values (325, '.', 264, 265977.87, 4170934.35, 332.25);
insert into STATION values (326, '.', 264, 265984.19, 4170971.40, 332.40);
insert into STATION values (327, '.', 264, 265963.21, 4170956.97, 332.09);
insert into STATION values (328, '.', 264, 265963.32, 4170958.53, 323.61);
insert into STATION values (329, '9', 264, 265956.31, 4170962.02, 321.81);
insert into STATION values (330, '.', 264, 265921.88, 4170959.20, 326.85);
insert into STATION values (331, '.', 264, 265935.42, 4170980.91, 324.47);
insert into STATION values (332, '.', 264, 265960.20, 4170973.89, 322.77);
insert into STATION values (333, '.', 264, 265960.59, 4170987.29, 320.06);
insert into STATION values (334, '.', 264, 265968.71, 4170967.80, 324.86);
insert into STATION values (335, '.', 264, 265955.07, 4170941.13, 327.22);
insert into STATION values (336, '.', 264, 265954.75, 4170961.63, 326.79);
insert into STATION values (337, '.', 264, 265956.82, 4170962.74, 319.87);
insert into STATION values (338, '10', 264, 265952.50, 4170978.97, 319.40);
insert into STATION values (339, '.', 264, 265959.88, 4170993.58, 318.60);
insert into STATION values (340, '.', 264, 265962.08, 4170976.84, 319.07);
insert into STATION values (341, '.', 264, 265957.98, 4170972.68, 319.12);
insert into STATION values (342, '.', 264, 265952.21, 4170980.15, 324.76);
insert into STATION values (343, '.', 264, 265952.40, 4170978.85, 317.95);
insert into STATION values (344, '11', 264, 265955.98, 4170975.73, 317.88);
insert into STATION values (345, '.', 264, 265959.74, 4170970.20, 318.28);
insert into STATION values (346, '.', 264, 265964.35, 4170980.30, 317.39);
insert into STATION values (347, '.', 264, 265956.02, 4170975.89, 317.89);
insert into STATION values (348, '.', 264, 265959.01, 4170974.55, 322.73);
insert into STATION values (349, '.', 264, 265957.04, 4170976.23, 315.49);
insert into STATION values (350, '12', 264, 265959.78, 4170980.48, 314.32);
insert into STATION values (351, '.', 264, 265963.55, 4170973.37, 314.02);
insert into STATION values (352, '.', 264, 265969.38, 4170978.98, 313.98);
insert into STATION values (353, '.', 264, 265969.61, 4170991.86, 314.53);
insert into STATION values (354, '.', 264, 265956.92, 4171000.66, 314.57);
insert into STATION values (355, '.', 264, 265961.69, 4170981.19, 319.78);
insert into STATION values (356, '.', 264, 265959.79, 4170980.38, 314.05);
insert into STATION values (357, '13', 264, 265971.17, 4170980.30, 314.10);
