create table SURVEY (ID integer, PARENT_ID integer, NAME varchar(23), FULL_NAME varchar(53), TITLE varchar(22));
create table CENTRELINE (ID integer, SURVEY_ID integer, TITLE varchar(4), TOPO_DATE date, EXPLO_DATE date, LENGTH real, SURFACE_LENGTH real, DUPLICATE_LENGTH real);
create table PERSON (ID integer, NAME varchar(12), SURNAME varchar(10));
create table EXPLO (PERSON_ID integer, CENTRELINE_ID integer);
create table TOPO (PERSON_ID integer, CENTRELINE_ID integer);
create table STATION (ID integer, NAME varchar(17), SURVEY_ID integer, X real, Y real, Z real);
create table STATION_FLAG (STATION_ID integer, FLAG char(3));
create table SHOT (ID integer, FROM_ID integer, TO_ID integer, CENTRELINE_ID integer, LENGTH real, BEARING real, GRADIENT real, ADJ_LENGTH real, ADJ_BEARING real, ADJ_GRADIENT real, ERR_LENGTH real, ERR_BEARING real, ERR_GRADIENT real);
create table SHOT_FLAG (SHOT_ID integer, FLAG char(3));
create table MAPS (ID integer, SURVEY_ID integer, NAME varchar(23), TITLE varchar(22), PROJID integer, LENGTH real, DEPTH real);
create table SCRAPS (ID integer, SURVEY_ID integer, NAME varchar(23), PROJID integer, MAX_DISTORTION real, AVG_DISTORTION real);
create table MAPITEMS (ID integer, TYPE integer, ITEMID integer);
insert into SURVEY values (1, 0, '', '', NULL);
 insert into CENTRELINE values (2, 1, NULL, NULL, NULL, 0.00, 0.00, 0.00);
 insert into SURVEY values (51, 1, 'Tush-Yurruck', 'Tush-Yurruck', 'Tush-Yurruck');
 insert into CENTRELINE values (52, 51, NULL, NULL, NULL, 0.00, 0.00, 0.00);
 insert into SURVEY values (53, 51, 'Trush-Yurruck-Entree', 'Trush-Yurruck-Entree.Tush-Yurruck', 'Trush-Yurruck-Entree');
 insert into CENTRELINE values (54, 53, NULL, NULL, NULL, 0.00, 0.00, 0.00);
 insert into SURVEY values (55, 53, 'Tush-Yurruck_Entree', 'Tush-Yurruck_Entree.Trush-Yurruck-Entree.Tush-Yurruck', 'Trush-Yurruck Entree');
 insert into CENTRELINE values (56, 55, NULL, NULL, NULL, 0.00, 0.00, 0.00);
 insert into CENTRELINE values (57, 55, NULL, '2024-04-17', NULL, 561.38, 9.51, 0.00);
 insert into PERSON values (1, 'Jo', 'De-Waele');
insert into TOPO values (1, 57);
 insert into PERSON values (2, 'Bernard', 'Lips');
insert into TOPO values (2, 57);
 insert into PERSON values (3, 'Alexandre', 'Pont');
insert into TOPO values (3, 57);
 insert into SHOT values (1, 1, 2, 57, 9.510, 20.06, 5.60, 9.511, 20.08, 5.61, 0.004, 94.55, 32.65);
insert into SHOT_FLAG values(1, 'srf');
insert into SHOT values (2, 3, 2, 57, 14.800, 225.86, 7.00, 14.798, 225.86, 6.99, 0.004, 101.42, -55.23);
insert into SHOT values (3, 3, 4, 57, 19.580, 131.66, 2.30, 19.586, 131.67, 2.28, 0.009, 137.45, -42.51);
insert into SHOT values (4, 3, 5, 57, 9.280, 98.06, 3.20, 9.286, 98.06, 3.15, 0.010, 93.34, -52.84);
insert into SHOT values (5, 3, 6, 57, 6.580, 48.16, -2.40, 6.578, 48.21, -2.44, 0.007, 159.68, -39.47);
insert into SHOT values (6, 3, 7, 57, 13.920, 252.36, 3.00, 13.921, 252.37, 2.96, 0.009, 304.75, -70.59);
insert into SHOT values (7, 3, 8, 57, 14.880, 278.06, 1.90, 14.876, 278.08, 1.89, 0.007, 50.31, -28.27);
insert into SHOT values (8, 3, 9, 57, 16.550, 300.46, 0.50, 16.546, 300.47, 0.48, 0.007, 93.59, -42.62);
insert into SHOT values (9, 3, 10, 57, 16.490, 324.86, -0.60, 16.486, 324.85, -0.63, 0.009, 180.52, -58.59);
insert into SHOT values (10, 3, 11, 57, 13.730, 344.06, -2.80, 13.732, 344.09, -2.80, 0.006, 57.40, 6.27);
insert into SHOT values (11, 3, 12, 57, 7.570, 9.06, -6.70, 7.567, 9.11, -6.75, 0.010, 128.00, -43.36);
insert into SHOT values (12, 3, 13, 57, 1.090, 291.66, -73.90, 1.092, 291.45, -74.01, 0.003, 149.77, -56.31);
insert into SHOT values (13, 3, 14, 57, 2.190, 220.86, 86.20, 2.185, 219.29, 86.27, 0.007, 92.71, -46.25);
insert into SHOT values (14, 3, 15, 57, 2.300, 145.16, 58.90, 2.303, 145.24, 58.81, 0.005, 164.54, 6.59);
insert into SHOT values (15, 3, 16, 57, 27.380, 89.66, -14.90, 27.381, 89.68, -14.90, 0.006, 168.88, 3.02);
insert into SHOT values (16, 16, 17, 57, 1.660, 27.26, 2.80, 1.666, 27.18, 2.75, 0.006, 4.59, -9.99);
insert into SHOT values (17, 16, 18, 57, 6.290, 321.96, 2.80, 6.290, 321.98, 2.73, 0.008, 30.34, -73.90);
insert into SHOT values (18, 16, 19, 57, 5.990, 102.26, 1.60, 5.988, 102.25, 1.53, 0.008, 330.12, -73.98);
insert into SHOT values (19, 16, 20, 57, 37.800, 187.56, 3.20, 37.798, 187.57, 3.20, 0.004, 317.65, -0.82);
insert into SHOT values (20, 16, 21, 57, 5.910, 225.96, 13.10, 5.911, 225.99, 13.10, 0.002, 303.19, 12.19);
insert into SHOT values (21, 16, 22, 57, 15.290, 255.96, 14.70, 15.290, 255.99, 14.70, 0.007, 343.65, 0.32);
insert into SHOT values (22, 16, 23, 57, 18.700, 270.46, 12.70, 18.698, 270.47, 12.70, 0.003, 37.28, -19.72);
insert into SHOT values (23, 16, 24, 57, 0.370, 166.96, -85.20, 0.371, 161.57, -85.11, 0.003, 86.91, -23.25);
insert into SHOT values (24, 16, 25, 57, 1.770, 209.76, 84.20, 1.769, 210.96, 84.32, 0.005, 347.12, -9.85);
insert into SHOT values (25, 16, 26, 57, 6.220, 137.96, 2.30, 6.215, 137.94, 2.31, 0.006, 345.02, 3.52);
insert into SHOT values (26, 26, 27, 57, 3.570, 32.76, 1.50, 3.568, 32.75, 1.45, 0.004, 231.81, -64.18);
insert into SHOT values (27, 26, 28, 57, 6.050, 115.56, 0.90, 6.052, 115.55, 0.85, 0.006, 84.12, -59.79);
insert into SHOT values (28, 26, 29, 57, 15.520, 155.26, 2.90, 15.523, 155.25, 2.88, 0.007, 118.49, -48.92);
insert into SHOT values (29, 26, 30, 57, 21.960, 229.46, 11.00, 21.958, 229.46, 11.00, 0.003, 82.74, -3.43);
insert into SHOT values (30, 26, 31, 57, 21.620, 244.86, 11.20, 21.621, 244.86, 11.20, 0.001, 191.58, 28.74);
insert into SHOT values (31, 26, 32, 57, 0.590, 203.86, -81.20, 0.596, 200.56, -81.76, 0.010, 68.66, -44.79);
insert into SHOT values (32, 26, 33, 57, 2.000, 209.36, 82.60, 1.997, 207.55, 82.54, 0.009, 131.09, -21.77);
insert into SHOT values (33, 26, 34, 57, 23.600, 175.76, -0.60, 23.606, 175.75, -0.61, 0.009, 131.25, -18.10);
insert into SHOT values (34, 34, 35, 57, 11.670, 139.96, 1.20, 11.664, 139.97, 1.18, 0.008, 298.76, -35.47);
insert into SHOT values (35, 34, 36, 57, 8.200, 96.66, -0.90, 8.196, 96.66, -0.91, 0.004, 290.72, -17.29);
insert into SHOT values (36, 34, 37, 57, 11.310, 42.06, 1.10, 11.310, 42.02, 1.11, 0.008, 310.69, 20.78);
insert into SHOT values (37, 34, 38, 57, 23.390, 306.56, 13.10, 23.397, 306.58, 13.09, 0.009, 346.94, -8.51);
insert into SHOT values (38, 34, 39, 57, 20.730, 264.66, 14.80, 20.733, 264.68, 14.78, 0.008, 311.55, -41.08);
insert into SHOT values (39, 34, 40, 57, 12.880, 229.06, 4.40, 12.876, 229.07, 4.41, 0.005, 16.49, 21.94);
insert into SHOT values (40, 34, 41, 57, 14.060, 189.56, 1.90, 14.054, 189.59, 1.88, 0.011, 322.28, -34.92);
insert into SHOT values (41, 34, 42, 57, 0.370, 177.16, -78.50, 0.367, 180.00, -79.00, 0.006, 315.20, 26.40);
insert into SHOT values (42, 34, 43, 57, 2.340, 266.96, 82.70, 2.339, 268.09, 82.63, 0.007, 331.78, -8.99);
insert into SHOT values (43, 34, 44, 57, 19.480, 162.46, 1.30, 19.478, 162.49, 1.29, 0.008, 269.07, -13.46);
insert into SHOT values (44, 44, 45, 57, 5.610, 190.16, 3.30, 5.606, 190.09, 3.27, 0.009, 71.18, -18.57);
insert into SHOT values (45, 44, 46, 57, 4.310, 137.96, 4.60, 4.312, 137.92, 4.66, 0.006, 76.43, 52.06);
insert into SHOT values (46, 44, 47, 57, 3.770, 74.86, 2.50, 3.776, 74.78, 2.43, 0.009, 33.24, -29.76);
insert into SHOT values (47, 44, 48, 57, 7.210, 16.76, 2.10, 7.211, 16.78, 2.07, 0.005, 61.57, -62.77);
insert into SHOT values (48, 44, 49, 57, 6.470, 315.56, 8.60, 6.466, 315.63, 8.63, 0.009, 76.01, 15.36);
insert into SHOT values (49, 44, 50, 57, 5.980, 270.96, 8.00, 5.979, 270.97, 7.98, 0.002, 65.30, -64.75);
insert into SHOT values (50, 44, 51, 57, 0.460, 180.36, -82.20, 0.464, 180.00, -82.57, 0.005, 9.26, -59.97);
insert into SHOT values (51, 44, 52, 57, 2.370, 222.36, 79.40, 2.370, 222.18, 79.50, 0.004, 60.52, 5.85);
insert into SHOT values (52, 44, 53, 57, 14.040, 252.96, 2.90, 14.031, 252.99, 2.90, 0.011, 39.11, -1.75);
insert into SHOT values (53, 53, 54, 57, 2.680, 210.56, -5.90, 2.686, 210.60, -5.77, 0.008, 224.39, 40.66);
insert into SHOT values (54, 53, 55, 57, 2.660, 155.26, -2.60, 2.665, 155.36, -2.58, 0.007, 196.37, 5.55);
insert into SHOT values (55, 53, 56, 57, 5.590, 122.96, -0.80, 5.590, 122.95, -0.82, 0.002, 15.39, -56.81);
insert into SHOT values (56, 53, 57, 57, 0.470, 330.36, 2.20, 0.462, 330.10, 2.48, 0.009, 164.72, 12.95);
insert into SHOT values (57, 53, 58, 57, 1.690, 53.16, 2.10, 1.687, 53.20, 2.04, 0.004, 213.50, -32.37);
insert into SHOT values (58, 53, 59, 57, 1.470, 341.06, -86.60, 1.472, 339.44, -86.67, 0.004, 214.75, -40.81);
insert into SHOT values (59, 53, 60, 57, 1.750, 18.36, 79.50, 1.749, 18.43, 79.58, 0.003, 189.98, -14.39);
insert into SHOT values (60, 44, 61, 57, 8.600, 150.36, -0.30, 8.599, 150.30, -0.27, 0.010, 56.75, 29.72);
insert into SHOT values (61, 61, 62, 57, 2.670, 98.06, 4.80, 2.665, 98.01, 4.74, 0.006, 306.44, -32.42);
insert into SHOT values (62, 61, 63, 57, 1.520, 49.86, -1.80, 1.519, 49.81, -1.89, 0.003, 294.39, -54.24);
insert into SHOT values (63, 61, 64, 57, 2.920, 340.96, -0.70, 2.922, 340.82, -0.78, 0.009, 269.26, -29.51);
insert into SHOT values (64, 61, 65, 57, 2.270, 279.16, 0.20, 2.269, 279.13, 0.00, 0.008, 145.70, -77.16);
insert into SHOT values (65, 61, 66, 57, 0.380, 282.96, -86.30, 0.381, 288.43, -85.24, 0.008, 306.40, -5.96);
insert into SHOT values (66, 61, 67, 57, 2.340, 116.86, 80.70, 2.330, 117.26, 80.83, 0.012, 276.78, -51.33);
insert into SHOT values (67, 26, 68, 57, 14.960, 89.56, -1.30, 14.964, 89.58, -1.30, 0.006, 133.00, -5.82);
insert into SHOT values (68, 68, 69, 57, 0.860, 194.26, 2.40, 0.857, 194.20, 2.01, 0.007, 31.63, -61.68);
insert into SHOT values (69, 68, 70, 57, 1.960, 136.86, 4.50, 1.951, 136.87, 4.41, 0.009, 314.27, -24.27);
insert into SHOT values (70, 68, 71, 57, 0.290, 30.46, 0.20, 0.292, 30.96, 0.00, 0.003, 89.33, -18.79);
insert into SHOT values (71, 68, 72, 57, 0.300, 294.46, -68.30, 0.301, 296.57, -68.23, 0.004, 13.37, -16.78);
insert into SHOT values (72, 68, 73, 57, 4.640, 103.66, 83.50, 4.640, 103.24, 83.52, 0.004, 354.42, -2.43);
insert into SHOT values (73, 68, 74, 57, 4.790, 95.76, 3.40, 4.792, 95.76, 3.35, 0.005, 86.50, -57.42);
insert into SHOT values (74, 74, 75, 57, 1.390, 47.46, -3.50, 1.389, 47.34, -3.30, 0.006, 311.34, 57.73);
insert into SHOT values (75, 74, 76, 57, 1.120, 344.56, 17.50, 1.123, 344.28, 17.63, 0.007, 273.73, 29.40);
insert into SHOT values (76, 74, 77, 57, 2.310, 312.86, 11.30, 2.309, 312.85, 11.24, 0.003, 158.68, -69.48);
insert into SHOT values (77, 74, 78, 57, 1.650, 220.96, -2.70, 1.646, 221.05, -2.79, 0.005, 6.21, -26.27);
insert into SHOT values (78, 74, 79, 57, 2.840, 242.36, 2.00, 2.842, 242.53, 2.02, 0.009, 319.77, 5.87);
insert into SHOT values (79, 74, 80, 57, 11.440, 182.16, -0.10, 11.438, 182.20, -0.10, 0.008, 282.62, -0.23);
insert into SHOT values (80, 74, 81, 57, 9.300, 154.46, -0.70, 9.295, 154.51, -0.68, 0.010, 275.49, 22.18);
insert into SHOT values (81, 74, 82, 57, 4.020, 29.76, 0.10, 4.017, 29.69, 0.14, 0.006, 273.16, 28.03);
insert into SHOT values (82, 74, 83, 57, 9.090, 346.26, -0.40, 9.091, 346.25, -0.38, 0.004, 277.98, 65.87);
insert into SHOT values (83, 74, 84, 57, 6.730, 328.46, 0.20, 6.733, 328.48, 0.17, 0.005, 1.00, -40.97);
insert into SHOT values (84, 74, 85, 57, 0.540, 276.36, -87.30, 0.541, 288.43, -86.65, 0.009, 326.69, -3.99);
insert into SHOT values (85, 74, 86, 57, 3.640, 131.46, 78.60, 3.641, 131.04, 78.66, 0.007, 7.50, 15.71);
insert into SHOT values (86, 74, 87, 57, 0.940, 13.46, -30.30, 0.939, 13.52, -30.05, 0.004, 55.72, 73.47);
insert into SHOT values (87, 74, 88, 57, 1.050, 10.66, 50.70, 1.052, 10.30, 50.37, 0.008, 334.57, -19.57);
insert into SHOT values (88, 74, 89, 57, 1.830, 31.86, 83.20, 1.833, 30.07, 83.12, 0.008, 323.72, 21.20);
insert into SHOT values (89, 74, 90, 57, 3.480, 225.56, 83.90, 3.480, 226.08, 83.82, 0.006, 259.57, -2.80);
insert into SHOT values (90, 74, 91, 57, 0.820, 136.16, 80.00, 0.821, 138.01, 80.57, 0.009, 287.45, 15.21);
insert into SHOT values (91, 74, 92, 57, 7.180, 90.36, -3.40, 7.173, 90.32, -3.44, 0.010, 307.03, -24.81);
insert into SHOT values (92, 92, 93, 57, 0.710, 4.46, 5.10, 0.706, 4.90, 5.69, 0.010, 135.45, 44.20);
insert into SHOT values (93, 92, 94, 57, 1.080, 294.06, 1.30, 1.075, 294.18, 1.60, 0.008, 92.45, 43.00);
insert into SHOT values (94, 92, 95, 57, 3.510, 66.76, 6.30, 3.512, 66.89, 6.38, 0.009, 146.89, 32.15);
insert into SHOT values (95, 92, 96, 57, 6.860, 122.66, 2.20, 6.860, 122.67, 2.26, 0.007, 246.65, 81.80);
insert into SHOT values (96, 92, 97, 57, 4.170, 150.86, 2.80, 4.173, 150.85, 2.88, 0.007, 134.27, 65.33);
insert into SHOT values (97, 92, 98, 57, 3.780, 203.26, 4.50, 3.775, 203.16, 4.56, 0.009, 76.64, 21.79);
insert into SHOT values (98, 92, 99, 57, 2.770, 236.46, 5.70, 2.768, 236.25, 5.81, 0.011, 134.04, 25.18);
insert into SHOT values (99, 92, 100, 57, 0.820, 146.46, -86.00, 0.812, 149.04, -85.88, 0.008, 214.60, 70.58);
insert into SHOT values (100, 92, 101, 57, 0.570, 141.46, 78.50, 0.571, 142.13, 78.49, 0.002, 215.76, 46.53);
insert into SHOT values (101, 92, 102, 57, 17.750, 132.66, -0.10, 17.756, 132.65, -0.10, 0.008, 97.86, 7.30);
insert into SHOT values (102, 102, 103, 57, 1.640, 43.76, 4.50, 1.639, 43.76, 4.55, 0.002, 228.40, 49.12);
insert into SHOT values (103, 102, 104, 57, 2.250, 347.36, 0.60, 2.247, 347.14, 0.77, 0.011, 235.41, 34.21);
insert into SHOT values (104, 102, 105, 57, 1.880, 146.66, 9.60, 1.877, 146.91, 9.81, 0.011, 261.25, 36.33);
insert into SHOT values (105, 102, 106, 57, 1.720, 214.96, 15.30, 1.722, 214.94, 15.50, 0.006, 118.35, 82.47);
insert into SHOT values (106, 102, 107, 57, 1.830, 261.86, 12.30, 1.830, 261.96, 12.31, 0.003, 359.89, 2.88);
insert into SHOT values (107, 102, 108, 57, 3.070, 290.66, 6.40, 3.077, 290.69, 6.53, 0.010, 302.41, 50.65);
insert into SHOT values (108, 102, 109, 57, 0.730, 149.26, -84.20, 0.723, 153.43, -84.68, 0.010, 293.86, 36.63);
insert into SHOT values (109, 102, 110, 57, 0.930, 272.26, 85.10, 0.933, 270.00, 85.08, 0.005, 191.25, 46.74);
insert into SHOT values (110, 102, 111, 57, 4.600, 112.26, -6.00, 4.595, 112.24, -6.00, 0.005, 310.60, 9.52);
insert into SHOT values (111, 102, 112, 57, 2.430, 78.96, -7.40, 2.424, 78.97, -7.35, 0.006, 255.74, 29.03);
insert into SHOT values (112, 102, 113, 57, 5.720, 219.56, 1.00, 5.725, 219.61, 1.00, 0.007, 262.21, 1.34);
insert into SHOT values (113, 102, 114, 57, 3.950, 265.06, -0.40, 3.955, 265.07, -0.29, 0.009, 268.92, 57.91);
insert into SHOT values (114, 102, 115, 57, 16.980, 170.66, 4.20, 16.979, 170.69, 4.22, 0.010, 270.41, 41.03);
insert into SHOT values (115, 115, 116, 57, 5.380, 88.86, -3.00, 5.378, 88.93, -2.98, 0.007, 193.41, 13.04);
insert into SHOT values (116, 115, 117, 57, 9.040, 55.06, -5.90, 9.039, 55.05, -5.91, 0.002, 286.52, -24.35);
insert into SHOT values (117, 115, 118, 57, 8.400, 20.66, -6.90, 8.400, 20.72, -6.91, 0.008, 110.30, -6.22);
insert into SHOT values (118, 115, 119, 57, 4.250, 219.26, -10.80, 4.248, 219.26, -10.86, 0.005, 43.13, -49.52);
insert into SHOT values (119, 115, 120, 57, 4.830, 258.36, -5.20, 4.829, 258.36, -5.23, 0.003, 79.69, -60.38);
insert into SHOT values (120, 115, 121, 57, 6.600, 303.66, -4.00, 6.600, 303.67, -4.00, 0.001, 343.17, 39.38);
insert into SHOT values (121, 115, 122, 57, 6.480, 324.76, -5.90, 6.477, 324.73, -5.94, 0.006, 193.62, -39.11);
insert into SHOT values (122, 115, 123, 57, 1.030, 287.86, -86.30, 1.032, 288.43, -86.49, 0.004, 96.80, -33.15);
insert into SHOT values (123, 115, 124, 57, 1.340, 277.56, 82.70, 1.341, 276.71, 82.67, 0.003, 206.74, 17.70);
insert into SHOT values (124, 115, 125, 57, 1.170, 138.16, -3.60, 1.171, 138.12, -3.92, 0.007, 90.66, -80.12);
insert into SHOT values (125, 115, 126, 57, 15.520, 138.16, -3.70, 15.520, 138.17, -3.69, 0.002, 203.86, 56.14);
insert into SHOT values (126, 126, 127, 57, 6.130, 74.46, 4.30, 6.131, 74.44, 4.30, 0.003, 13.11, 7.91);
insert into SHOT values (127, 126, 128, 57, 6.930, 33.66, 3.00, 6.932, 33.69, 2.98, 0.005, 90.00, -34.66);
insert into SHOT values (128, 126, 129, 57, 10.030, 4.16, 3.30, 10.033, 4.18, 3.26, 0.009, 44.85, -59.68);
insert into SHOT values (129, 126, 130, 57, 18.790, 332.56, 4.30, 18.788, 332.57, 4.27, 0.010, 82.85, -68.43);
insert into SHOT values (130, 126, 131, 57, 0.160, 176.86, 6.20, 0.161, 176.42, 3.57, 0.007, 132.17, -76.49);
insert into SHOT values (131, 126, 132, 57, 7.410, 213.36, 6.20, 7.407, 213.37, 6.20, 0.003, 25.58, -5.38);
insert into SHOT values (132, 126, 133, 57, 7.820, 240.66, 5.20, 7.822, 240.64, 5.13, 0.010, 191.84, -62.65);
insert into SHOT values (133, 126, 134, 57, 7.110, 270.56, 4.70, 7.104, 270.57, 4.68, 0.006, 86.65, -24.15);
insert into SHOT values (134, 126, 135, 57, 13.690, 296.16, 1.90, 13.688, 296.15, 1.88, 0.005, 169.10, -51.67);
insert into SHOT values (135, 126, 136, 57, 0.260, 180.06, -80.00, 0.265, 180.00, -79.11, 0.006, 179.41, -39.15);
insert into SHOT values (136, 126, 137, 57, 1.560, 221.06, 87.60, 1.551, 218.66, 87.63, 0.009, 104.35, -70.80);
insert into SHOT values (137, 126, 138, 57, 5.390, 123.06, 4.60, 5.395, 123.01, 4.57, 0.008, 81.32, -16.97);
insert into SHOT values (138, 138, 139, 57, 11.940, 126.06, -0.10, 11.939, 126.07, -0.10, 0.002, 237.82, 20.59);
insert into SHOT values (139, 138, 140, 57, 8.770, 99.86, 1.60, 8.763, 99.86, 1.57, 0.009, 283.61, -34.06);
insert into SHOT values (140, 138, 141, 57, 4.300, 58.36, 0.60, 4.296, 58.42, 0.53, 0.007, 188.28, -42.86);
insert into SHOT values (141, 138, 142, 57, 5.430, 12.66, 2.40, 5.427, 12.68, 2.43, 0.004, 168.35, 38.08);
insert into SHOT values (142, 138, 143, 57, 9.470, 351.66, 1.10, 9.473, 351.62, 1.09, 0.008, 284.01, -13.64);
insert into SHOT values (143, 138, 144, 57, 11.880, 190.56, 1.90, 11.878, 190.58, 1.88, 0.006, 303.97, -43.97);
insert into SHOT values (144, 138, 145, 57, 7.900, 220.76, 2.10, 7.904, 220.79, 2.10, 0.005, 265.11, 5.55);
insert into SHOT values (145, 138, 146, 57, 10.250, 250.76, 2.10, 10.250, 250.73, 2.07, 0.008, 167.00, -46.46);
insert into SHOT values (146, 138, 147, 57, 12.460, 273.56, 1.00, 12.466, 273.54, 1.01, 0.008, 234.40, 19.07);
insert into SHOT values (147, 138, 148, 57, 0.320, 338.06, -86.10, 0.321, 333.43, -86.00, 0.002, 264.22, -21.53);
insert into SHOT values (148, 138, 149, 57, 1.440, 288.96, 75.60, 1.435, 287.93, 75.58, 0.008, 191.72, -36.18);
insert into SHOT values (149, 138, 150, 57, 11.310, 153.36, -1.60, 11.310, 153.41, -1.62, 0.011, 243.56, -23.51);
insert into SHOT values (150, 150, 151, 57, 5.200, 83.76, 3.00, 5.208, 83.71, 2.97, 0.010, 53.27, -12.35);
insert into SHOT values (151, 150, 152, 57, 5.370, 56.36, 4.70, 5.376, 56.34, 4.69, 0.007, 37.43, -0.08);
insert into SHOT values (152, 150, 153, 57, 8.050, 27.96, 4.20, 8.052, 28.00, 4.20, 0.006, 100.95, 4.46);
insert into SHOT values (153, 150, 154, 57, 10.080, 273.56, 4.00, 10.075, 273.59, 4.04, 0.010, 49.97, 41.15);
insert into SHOT values (154, 150, 155, 57, 5.290, 240.16, 5.00, 5.288, 240.17, 4.99, 0.003, 34.78, -24.29);
insert into SHOT values (155, 150, 156, 57, 9.990, 204.36, 3.40, 9.984, 204.35, 3.39, 0.006, 41.33, -23.08);
insert into SHOT values (156, 150, 157, 57, 8.060, 153.86, 4.30, 8.060, 153.79, 4.34, 0.012, 59.97, 27.46);
insert into SHOT values (157, 150, 158, 57, 0.410, 311.26, -82.90, 0.403, 323.13, -82.87, 0.012, 50.90, 33.32);
insert into SHOT values (158, 150, 159, 57, 1.750, 72.96, 86.60, 1.753, 73.30, 86.59, 0.003, 117.96, 74.23);
insert into SHOT values (159, 150, 160, 57, 12.350, 111.96, 0.50, 12.357, 111.96, 0.51, 0.007, 99.44, 18.02);
insert into SHOT values (160, 160, 161, 57, 1.180, 124.96, -1.00, 1.171, 124.91, -0.98, 0.009, 311.53, 3.69);
insert into SHOT values (161, 160, 162, 57, 1.340, 38.86, 3.00, 1.346, 38.66, 2.98, 0.008, 2.49, -0.93);
insert into SHOT values (162, 160, 163, 57, 2.600, 307.26, 5.00, 2.600, 307.31, 5.07, 0.004, 38.04, 56.85);
insert into SHOT values (163, 160, 164, 57, 2.420, 256.46, 11.40, 2.423, 256.61, 11.43, 0.007, 325.33, 14.60);
insert into SHOT values (164, 160, 165, 57, 1.910, 209.56, 4.00, 1.903, 209.67, 3.92, 0.008, 0.54, -23.92);
insert into SHOT values (165, 160, 166, 57, 0.730, 234.26, -44.70, 0.726, 234.46, -44.66, 0.005, 21.13, 46.67);
insert into SHOT values (166, 160, 167, 57, 1.850, 240.76, 73.80, 1.853, 240.95, 73.87, 0.004, 10.39, 58.43);
insert into SHOT values (167, 160, 168, 57, 6.480, 184.46, 0.80, 6.481, 184.51, 0.80, 0.006, 267.21, -4.70);
insert into SHOT values (168, 168, 169, 57, 2.380, 91.36, -2.40, 2.383, 91.20, -2.41, 0.007, 22.78, -2.70);
insert into SHOT values (169, 168, 170, 57, 0.540, 53.36, -8.70, 0.542, 53.34, -8.49, 0.003, 48.69, 37.08);
insert into SHOT values (170, 168, 171, 57, 2.820, 312.26, 9.70, 2.816, 312.37, 9.81, 0.009, 85.55, 34.17);
insert into SHOT values (171, 168, 172, 57, 4.470, 273.66, 14.40, 4.469, 273.71, 14.38, 0.004, 12.06, -25.49);
insert into SHOT values (172, 168, 173, 57, 4.770, 237.96, 5.70, 4.762, 238.02, 5.66, 0.009, 24.64, -23.65);
insert into SHOT values (173, 168, 174, 57, 3.900, 186.56, 5.80, 3.895, 186.52, 5.75, 0.007, 37.15, -35.48);
insert into SHOT values (174, 168, 175, 57, 0.630, 207.96, -76.50, 0.628, 208.30, -76.39, 0.003, 264.49, 68.10);
insert into SHOT values (175, 168, 176, 57, 2.010, 210.26, 75.90, 2.009, 209.74, 76.07, 0.007, 66.60, 4.31);
insert into SHOT values (176, 168, 177, 57, 9.670, 149.06, -2.10, 9.663, 149.03, -2.08, 0.010, 13.39, 25.83);
insert into SHOT values (177, 177, 178, 57, 2.060, 64.66, 12.40, 2.060, 64.71, 12.33, 0.003, 121.85, -51.57);
insert into SHOT values (178, 177, 179, 57, 1.900, 29.46, 13.30, 1.899, 29.48, 13.09, 0.007, 79.71, -85.73);
insert into SHOT values (179, 177, 180, 57, 3.520, 0.16, 8.60, 3.519, 0.16, 8.50, 0.006, 168.74, -86.26);
insert into SHOT values (180, 177, 181, 57, 1.540, 141.36, 9.90, 1.545, 141.40, 9.69, 0.007, 150.93, -39.90);
insert into SHOT values (181, 177, 182, 57, 2.210, 206.56, 9.80, 2.209, 206.45, 9.64, 0.008, 118.89, -54.42);
insert into SHOT values (182, 177, 183, 57, 3.710, 260.86, 8.00, 3.713, 260.77, 7.90, 0.010, 202.33, -41.50);
insert into SHOT values (183, 177, 184, 57, 0.760, 333.56, -74.00, 0.757, 333.43, -74.59, 0.008, 156.69, 3.88);
insert into SHOT values (184, 177, 185, 57, 0.620, 269.86, 81.90, 0.617, 263.66, 81.56, 0.011, 195.10, -20.61);
insert into SHOT values (185, 177, 186, 57, 9.970, 92.36, -0.10, 9.969, 92.41, -0.11, 0.009, 189.61, -16.09);
insert into SHOT values (186, 186, 187, 57, 1.710, 102.96, 15.80, 1.715, 102.94, 15.56, 0.009, 97.79, -40.30);
insert into SHOT values (187, 186, 188, 57, 1.790, 100.06, 13.30, 1.793, 99.89, 13.22, 0.007, 47.62, -15.36);
insert into SHOT values (188, 186, 189, 57, 1.690, 329.16, 20.80, 1.693, 329.22, 20.76, 0.003, 357.10, -2.15);
insert into SHOT values (189, 186, 190, 57, 3.070, 294.76, 9.90, 3.066, 294.87, 9.95, 0.007, 62.54, 17.34);
insert into SHOT values (190, 186, 191, 57, 2.320, 176.06, -4.30, 2.313, 176.02, -4.46, 0.010, 8.31, -36.77);
insert into SHOT values (191, 186, 192, 57, 2.990, 216.56, 6.20, 2.983, 216.64, 6.16, 0.008, 5.74, -21.11);
insert into SHOT values (192, 186, 193, 57, 3.580, 251.56, 7.00, 3.577, 251.62, 6.90, 0.007, 13.98, -58.37);
insert into SHOT values (193, 186, 194, 57, 1.630, 212.06, -48.20, 1.631, 211.78, -48.42, 0.008, 83.88, -35.69);
insert into SHOT values (194, 186, 195, 57, 0.790, 156.56, 71.60, 0.788, 155.56, 72.14, 0.009, 5.33, 2.52);
insert into SHOT values (195, 186, 196, 57, 4.070, 158.56, -16.40, 4.067, 158.50, -16.42, 0.005, 35.24, -9.37);
insert into SHOT values (196, 196, 197, 57, 0.620, 196.16, 22.00, 0.617, 196.22, 21.88, 0.003, 0.68, -46.63);
insert into SHOT values (197, 196, 198, 57, 1.420, 294.46, 18.90, 1.419, 294.66, 18.92, 0.005, 37.72, 0.46);
insert into SHOT values (198, 196, 199, 57, 2.420, 126.86, 2.90, 2.417, 126.92, 2.85, 0.004, 268.72, -33.43);
insert into SHOT values (199, 196, 200, 57, 1.460, 85.76, 6.80, 1.464, 85.66, 6.67, 0.006, 55.60, -29.23);
insert into SHOT values (200, 196, 201, 57, 1.550, 11.86, 13.30, 1.554, 11.83, 13.39, 0.005, 358.52, 42.07);
insert into SHOT values (201, 196, 202, 57, 0.830, 99.06, -87.30, 0.831, 104.04, -87.16, 0.004, 160.11, -12.71);
insert into SHOT values (202, 196, 203, 57, 0.350, 155.16, 75.90, 0.352, 153.43, 75.26, 0.005, 122.05, 6.29);
insert into SHOT values (203, 196, 204, 57, 7.450, 147.76, -2.00, 7.451, 147.78, -2.00, 0.003, 214.56, 0.03);
insert into SHOT values (204, 204, 205, 57, 2.560, 86.16, 9.40, 2.560, 86.14, 9.44, 0.002, 2.04, 61.99);
insert into SHOT values (205, 204, 206, 57, 0.760, 41.96, -3.80, 0.766, 41.82, -3.74, 0.007, 25.64, 3.10);
insert into SHOT values (206, 204, 207, 57, 1.440, 336.96, 8.90, 1.438, 337.23, 8.80, 0.007, 83.30, -22.37);
insert into SHOT values (207, 204, 208, 57, 1.170, 287.56, 11.40, 1.168, 287.80, 11.36, 0.005, 41.47, -13.58);
insert into SHOT values (208, 204, 209, 57, 0.700, 123.86, -2.00, 0.700, 123.92, -2.46, 0.006, 258.23, -80.58);
insert into SHOT values (209, 204, 210, 57, 0.530, 77.26, -75.80, 0.527, 77.01, -75.34, 0.005, 67.25, 47.77);
insert into SHOT values (210, 204, 211, 57, 0.370, 73.96, 82.90, 0.373, 78.69, 82.15, 0.007, 113.54, 23.27);
insert into SHOT values (211, 204, 212, 57, 0.530, 66.26, -82.50, 0.535, 66.80, -81.82, 0.008, 72.12, -32.89);
insert into SHOT values (212, 204, 213, 57, 4.550, 97.36, 9.70, 4.552, 97.30, 9.74, 0.006, 23.00, 32.94);
insert into SHOT values (213, 213, 214, 57, 1.550, 133.26, -0.30, 1.556, 133.44, -0.37, 0.008, 170.54, -13.54);
insert into SHOT values (214, 213, 215, 57, 0.590, 200.06, 0.30, 0.595, 199.65, 0.00, 0.007, 157.55, -26.16);
insert into SHOT values (215, 213, 216, 57, 1.430, 242.36, -2.50, 1.438, 242.19, -2.79, 0.011, 210.82, -41.87);
insert into SHOT values (216, 213, 217, 57, 1.970, 265.96, -4.30, 1.971, 265.91, -4.37, 0.003, 193.76, -52.46);
insert into SHOT values (217, 213, 218, 57, 0.310, 333.76, -0.30, 0.313, 333.43, -1.83, 0.009, 303.29, -67.11);
insert into SHOT values (218, 213, 219, 57, 0.640, 274.26, -87.30, 0.641, 270.00, -87.32, 0.002, 178.35, -17.58);
insert into SHOT values (219, 213, 220, 57, 0.940, 157.26, 83.70, 0.936, 158.20, 83.39, 0.007, 178.44, -41.61);
insert into SHOT values (220, 213, 221, 57, 4.990, 118.16, -5.50, 4.994, 118.21, -5.52, 0.006, 169.55, -16.80);
insert into SHOT values (221, 221, 222, 57, 2.430, 81.56, 4.60, 2.424, 81.43, 4.49, 0.009, 307.81, -32.91);
insert into SHOT values (222, 221, 223, 57, 1.070, 39.76, 5.40, 1.070, 39.67, 5.36, 0.002, 310.32, -21.41);
insert into SHOT values (223, 221, 224, 57, 1.310, 342.46, 6.60, 1.309, 342.54, 6.58, 0.002, 111.68, -14.04);
insert into SHOT values (224, 221, 225, 57, 1.480, 279.86, -0.10, 1.483, 280.10, 0.00, 0.007, 343.84, 20.95);
insert into SHOT values (225, 221, 226, 57, 0.580, 209.16, 15.60, 0.571, 209.36, 15.24, 0.010, 15.87, -36.31);
insert into SHOT values (226, 221, 227, 57, 1.000, 131.26, 17.70, 0.995, 131.58, 17.54, 0.008, 254.43, -32.48);
insert into SHOT values (227, 221, 228, 57, 2.410, 104.36, 1.80, 2.405, 104.21, 1.67, 0.010, 335.03, -34.38);
insert into SHOT values (228, 221, 229, 57, 0.550, 330.26, -42.30, 0.554, 330.95, -41.94, 0.007, 14.71, 1.28);
insert into SHOT values (229, 221, 230, 57, 0.900, 343.86, 71.30, 0.898, 344.05, 71.09, 0.004, 4.01, -41.40);
insert into SHOT values (230, 221, 231, 57, 4.020, 99.36, 4.80, 4.017, 99.34, 4.71, 0.007, 304.45, -64.34);
insert into SHOT values (231, 231, 232, 57, 1.520, 165.76, 0.80, 1.519, 165.51, 1.13, 0.011, 62.98, 51.48);
insert into SHOT values (232, 231, 233, 57, 1.350, 217.66, -0.50, 1.348, 217.46, -0.43, 0.005, 105.68, 19.49);
insert into SHOT values (233, 231, 234, 57, 0.860, 247.26, 2.60, 0.857, 247.33, 2.67, 0.003, 49.01, 17.58);
insert into SHOT values (234, 231, 235, 57, 0.490, 126.26, -4.10, 0.495, 125.94, -3.47, 0.008, 98.72, 40.04);
insert into SHOT values (235, 231, 236, 57, 1.050, 317.46, -0.40, 1.047, 317.32, 0.00, 0.008, 182.37, 63.40);
insert into SHOT values (236, 231, 237, 57, 0.740, 233.16, -66.60, 0.731, 231.95, -66.45, 0.011, 126.10, 54.77);
insert into SHOT values (237, 231, 238, 57, 0.590, 198.76, 60.40, 0.593, 198.43, 61.31, 0.010, 32.20, 44.92);
insert into SHOT values (238, 231, 239, 57, 2.010, 138.66, 0.50, 2.012, 138.63, 0.57, 0.004, 109.27, 43.12);
insert into SHOT values (239, 239, 240, 57, 1.630, 79.16, -0.20, 1.630, 79.03, 0.00, 0.007, 345.41, 57.23);
insert into SHOT values (240, 239, 241, 57, 0.760, 32.26, 7.60, 0.761, 32.01, 7.55, 0.004, 324.47, -7.99);
insert into SHOT values (241, 239, 242, 57, 1.040, 329.16, 5.70, 1.042, 329.23, 6.06, 0.007, 17.77, 77.31);
insert into SHOT values (242, 239, 243, 57, 0.550, 119.56, 5.60, 0.545, 119.88, 6.32, 0.009, 270.62, 45.99);
insert into SHOT values (243, 239, 244, 57, 1.060, 273.86, 2.40, 1.063, 273.78, 2.69, 0.007, 247.88, 57.31);
insert into SHOT values (244, 239, 245, 57, 0.680, 40.66, -48.00, 0.680, 40.60, -47.33, 0.008, 35.89, 41.71);
insert into SHOT values (245, 239, 246, 57, 0.970, 333.66, 69.00, 0.975, 332.70, 69.03, 0.007, 255.13, 36.51);
insert into SHOT values (246, 239, 247, 57, 4.110, 101.16, 3.50, 4.105, 101.12, 3.49, 0.006, 311.93, -8.17);
insert into SHOT values (247, 247, 248, 57, 0.950, 149.36, -2.20, 0.956, 149.14, -1.80, 0.010, 117.19, 42.66);
insert into SHOT values (248, 247, 249, 57, 0.630, 192.06, -4.60, 0.635, 191.84, -4.51, 0.006, 168.12, 4.98);
insert into SHOT values (249, 247, 250, 57, 0.570, 261.76, -2.70, 0.566, 261.87, -2.02, 0.008, 65.81, 60.79);
insert into SHOT values (250, 247, 251, 57, 1.500, 298.16, -1.20, 1.499, 298.27, -1.15, 0.003, 44.24, 24.96);
insert into SHOT values (251, 247, 252, 57, 0.390, 333.76, -7.60, 0.383, 333.43, -7.49, 0.007, 172.43, 13.07);
insert into SHOT values (252, 247, 253, 57, 0.870, 286.36, -62.10, 0.870, 285.75, -62.24, 0.005, 172.60, -13.37);
insert into SHOT values (253, 247, 254, 57, 0.520, 283.26, 72.40, 0.523, 281.31, 72.99, 0.008, 153.42, 32.59);
insert into SHOT values (254, 247, 255, 57, 3.850, 113.36, -11.30, 3.854, 113.38, -11.22, 0.007, 124.21, 40.99);
insert into SHOT values (255, 255, 256, 57, 1.520, 39.86, 2.50, 1.521, 39.66, 2.26, 0.008, 322.86, -48.82);
insert into SHOT values (256, 255, 257, 57, 0.760, 357.46, 0.40, 0.761, 357.74, 0.00, 0.006, 78.15, -55.00);
insert into SHOT values (257, 255, 258, 57, 1.400, 310.26, 5.50, 1.397, 310.33, 5.34, 0.005, 100.92, -50.41);
insert into SHOT values (258, 255, 259, 57, 2.380, 295.46, 5.60, 2.382, 295.48, 5.54, 0.003, 318.66, -45.75);
insert into SHOT values (259, 255, 260, 57, 1.520, 266.86, 11.80, 1.524, 266.93, 11.74, 0.005, 288.01, -10.33);
insert into SHOT values (260, 255, 261, 57, 0.440, 246.36, 20.70, 0.439, 247.17, 19.99, 0.008, 329.70, -43.54);
insert into SHOT values (261, 255, 262, 57, 1.270, 85.36, 9.00, 1.270, 85.43, 9.06, 0.002, 190.48, 43.01);
insert into SHOT values (262, 255, 263, 57, 0.490, 41.66, -54.90, 0.490, 42.14, -54.70, 0.003, 100.21, 18.01);
insert into SHOT values (263, 255, 264, 57, 1.290, 32.56, 48.80, 1.293, 32.57, 48.63, 0.005, 34.52, -7.47);
insert into SHOT values (264, 255, 265, 57, 6.960, 80.56, 8.60, 6.962, 80.55, 8.59, 0.002, 39.45, -19.37);
insert into SHOT values (265, 265, 266, 57, 2.140, 103.26, 12.00, 2.141, 103.24, 11.86, 0.006, 84.66, -62.11);
insert into SHOT values (266, 265, 267, 57, 3.110, 127.16, 10.80, 3.109, 127.28, 10.75, 0.007, 224.69, -23.24);
insert into SHOT values (267, 265, 268, 57, 1.870, 153.46, 11.30, 1.871, 153.43, 11.41, 0.004, 52.61, 75.54);
insert into SHOT values (268, 265, 269, 57, 0.970, 200.36, -5.10, 0.976, 200.49, -5.29, 0.007, 222.03, -33.58);
insert into SHOT values (269, 265, 270, 57, 2.480, 241.16, -4.40, 2.482, 241.26, -4.39, 0.005, 303.66, 3.19);
insert into SHOT values (270, 265, 271, 57, 3.460, 257.26, -4.70, 3.466, 257.29, -4.63, 0.007, 272.34, 28.38);
insert into SHOT values (271, 265, 272, 57, 2.120, 286.06, -9.30, 2.119, 286.10, -9.23, 0.003, 22.10, 65.29);
insert into SHOT values (272, 265, 273, 57, 0.550, 323.16, 10.20, 0.551, 322.50, 10.45, 0.007, 239.39, 22.29);
insert into SHOT values (273, 265, 274, 57, 0.730, 31.16, 26.70, 0.734, 31.26, 26.74, 0.004, 52.30, 32.08);
insert into SHOT values (274, 265, 275, 57, 0.610, 214.86, -60.10, 0.613, 215.75, -59.83, 0.006, 265.39, -10.89);
insert into SHOT values (275, 265, 276, 57, 1.660, 198.86, 71.10, 1.661, 199.44, 70.99, 0.006, 259.19, -4.58);
insert into SHOT values (276, 265, 277, 57, 4.900, 109.96, 9.70, 4.900, 109.97, 9.63, 0.006, 164.07, -79.79);
insert into SHOT values (277, 277, 278, 57, 1.310, 165.36, 1.60, 1.313, 165.43, 1.75, 0.005, 196.56, 47.49);
insert into SHOT values (278, 277, 279, 57, 1.000, 208.26, 1.00, 1.003, 208.61, 1.14, 0.007, 275.64, 21.16);
insert into SHOT values (279, 277, 280, 57, 2.140, 120.76, -3.90, 2.135, 120.78, -3.76, 0.008, 294.03, 47.68);
insert into SHOT values (280, 277, 281, 57, 0.380, 2.06, 8.60, 0.385, 1.51, 8.97, 0.007, 322.01, 29.00);
insert into SHOT values (281, 277, 282, 57, 0.350, 3.66, 9.50, 0.346, 3.37, 9.99, 0.005, 204.58, 24.32);
insert into SHOT values (282, 277, 283, 57, 1.460, 296.06, 11.70, 1.467, 296.03, 11.80, 0.007, 287.99, 33.17);
insert into SHOT values (283, 277, 284, 57, 1.830, 267.76, -2.90, 1.834, 267.81, -2.81, 0.005, 289.60, 33.10);
insert into SHOT values (284, 277, 285, 57, 0.570, 247.76, -58.10, 0.566, 248.55, -57.92, 0.006, 343.36, 43.24);
insert into SHOT values (285, 277, 286, 57, 1.250, 187.86, 78.40, 1.256, 189.09, 78.37, 0.008, 259.74, 44.12);
insert into SHOT values (286, 277, 287, 57, 6.960, 139.76, -1.30, 6.955, 139.78, -1.24, 0.009, 290.94, 57.88);
insert into SHOT values (287, 287, 288, 57, 5.250, 121.06, 1.80, 5.255, 121.06, 1.74, 0.007, 115.45, -41.09);
insert into SHOT values (288, 287, 289, 57, 3.970, 86.36, -0.30, 3.968, 86.39, -0.29, 0.003, 227.09, 16.45);
insert into SHOT values (289, 287, 290, 57, 2.810, 45.76, -1.50, 2.809, 45.72, -1.63, 0.007, 277.69, -68.05);
insert into SHOT values (290, 287, 291, 57, 2.380, 340.96, -1.50, 2.379, 341.11, -1.69, 0.010, 81.19, -51.61);
insert into SHOT values (291, 287, 292, 57, 2.410, 278.06, 8.40, 2.409, 277.96, 8.36, 0.005, 172.57, -24.82);
insert into SHOT values (292, 287, 293, 57, 3.070, 236.86, 13.00, 3.069, 236.74, 12.99, 0.007, 134.98, -5.02);
insert into SHOT values (293, 287, 294, 57, 3.850, 212.86, 8.90, 3.851, 212.77, 8.81, 0.009, 141.70, -41.15);
insert into SHOT values (294, 287, 295, 57, 4.720, 189.66, 7.20, 4.722, 189.58, 7.18, 0.007, 121.22, -12.55);
insert into SHOT values (295, 287, 296, 57, 6.160, 168.86, 5.20, 6.161, 168.82, 5.12, 0.010, 99.74, -58.11);
insert into SHOT values (296, 287, 297, 57, 5.850, 157.16, 4.80, 5.847, 157.18, 4.81, 0.004, 315.90, 7.81);
insert into SHOT values (297, 287, 298, 57, 0.830, 212.06, -26.80, 0.833, 211.76, -27.15, 0.007, 123.36, -55.75);
insert into SHOT values (298, 287, 299, 57, 0.670, 148.26, 73.90, 0.667, 147.99, 73.57, 0.005, 131.17, -51.04);
insert into SHOT values (299, 287, 300, 57, 8.520, 132.66, 0.70, 8.528, 132.67, 0.67, 0.009, 140.94, -25.95);
insert into SHOT values (300, 300, 301, 57, 5.050, 318.06, 6.40, 5.059, 318.06, 6.36, 0.010, 318.24, -17.75);
insert into SHOT values (301, 300, 302, 57, 2.880, 329.66, 7.50, 2.889, 329.59, 7.56, 0.010, 305.72, 23.00);
insert into SHOT values (302, 300, 303, 57, 1.950, 26.76, 16.00, 1.954, 26.57, 16.04, 0.008, 327.25, 18.39);
insert into SHOT values (303, 300, 304, 57, 1.830, 258.36, 1.20, 1.826, 258.63, 1.26, 0.009, 12.44, 10.26);
insert into SHOT values (304, 300, 305, 57, 0.720, 197.16, 3.00, 0.716, 197.93, 3.20, 0.011, 311.80, 12.46);
insert into SHOT values (305, 300, 306, 57, 2.010, 101.96, 3.70, 2.007, 101.81, 3.71, 0.006, 338.75, 2.68);
insert into SHOT values (306, 300, 307, 57, 0.800, 21.26, -35.20, 0.798, 20.66, -35.21, 0.007, 276.35, 9.15);
insert into SHOT values (307, 300, 308, 57, 2.370, 9.26, 51.60, 2.376, 8.95, 51.53, 0.010, 315.44, 14.92);
insert into SHOT values (308, 300, 309, 57, 13.000, 100.86, 1.40, 12.995, 100.83, 1.41, 0.010, 340.93, 13.57);
insert into SHOT values (309, 309, 310, 57, 8.180, 136.66, 1.30, 8.180, 136.68, 1.26, 0.006, 230.52, -61.26);
insert into SHOT values (310, 309, 311, 57, 3.320, 181.16, 2.80, 3.325, 181.21, 2.76, 0.006, 209.96, -22.13);
insert into SHOT values (311, 309, 312, 57, 3.710, 241.66, 4.10, 3.714, 241.64, 4.01, 0.007, 219.41, -48.87);
insert into SHOT values (312, 309, 313, 57, 5.680, 281.86, 2.80, 5.677, 281.81, 2.83, 0.007, 161.98, 20.98);
insert into SHOT values (313, 309, 314, 57, 5.570, 310.86, 2.90, 5.566, 310.77, 2.88, 0.010, 197.21, -10.23);
insert into SHOT values (314, 309, 315, 57, 4.320, 358.96, 2.40, 4.314, 358.94, 2.39, 0.006, 199.10, -8.81);
insert into SHOT values (315, 309, 316, 57, 4.530, 44.96, 4.20, 4.523, 45.00, 4.18, 0.007, 200.97, -13.97);
insert into SHOT values (316, 309, 317, 57, 7.070, 67.76, 4.60, 7.065, 67.81, 4.63, 0.008, 204.25, 21.55);
insert into SHOT values (317, 309, 318, 57, 8.140, 87.46, 4.40, 8.141, 87.53, 4.37, 0.010, 168.08, -25.51);
insert into SHOT values (318, 309, 319, 57, 0.300, 51.16, -52.30, 0.299, 51.84, -53.43, 0.006, 209.90, -24.33);
insert into SHOT values (319, 309, 320, 57, 1.990, 144.66, 72.60, 1.991, 145.24, 72.57, 0.006, 222.67, 9.75);
insert into SHOT values (320, 309, 321, 57, 14.490, 111.06, 1.40, 14.493, 111.07, 1.38, 0.006, 150.35, -42.13);
insert into SHOT values (321, 321, 322, 57, 4.610, 181.06, -0.10, 4.611, 181.12, -0.12, 0.005, 259.81, -23.36);
insert into SHOT values (322, 321, 323, 57, 5.410, 224.06, -0.60, 5.410, 224.03, -0.53, 0.008, 141.33, 62.20);
insert into SHOT values (323, 321, 324, 57, 4.580, 20.86, 3.30, 4.579, 20.89, 3.38, 0.007, 148.66, 64.36);
insert into SHOT values (324, 321, 325, 57, 5.560, 340.26, 0.30, 5.558, 340.23, 0.31, 0.004, 216.26, 12.23);
insert into SHOT values (325, 321, 326, 57, 7.790, 327.46, 0.10, 7.792, 327.47, 0.15, 0.007, 355.02, 67.26);
insert into SHOT values (326, 321, 327, 57, 13.780, 307.66, 1.00, 13.783, 307.66, 1.00, 0.004, 294.03, -8.02);
insert into SHOT values (327, 321, 328, 57, 11.160, 266.26, -0.90, 11.165, 266.25, -0.87, 0.008, 241.46, 42.36);
insert into SHOT values (328, 321, 329, 57, 0.760, 325.36, -48.10, 0.758, 325.38, -47.65, 0.006, 327.62, 63.41);
insert into SHOT values (329, 321, 330, 57, 2.850, 264.36, 83.50, 2.848, 264.64, 83.52, 0.003, 32.34, -40.04);
insert into SHOT values (330, 321, 331, 57, 13.420, 71.56, 1.50, 13.413, 71.57, 1.50, 0.007, 248.34, -9.98);
insert into SHOT values (331, 331, 332, 57, 10.950, 27.46, 2.50, 10.955, 27.48, 2.51, 0.006, 56.43, 22.00);
insert into SHOT values (332, 331, 333, 57, 8.020, 357.86, 1.30, 8.017, 357.93, 1.36, 0.012, 104.79, 41.03);
insert into SHOT values (333, 331, 334, 57, 7.970, 323.36, 0.60, 7.971, 323.42, 0.65, 0.010, 49.33, 40.78);
insert into SHOT values (334, 331, 335, 57, 10.990, 294.56, 0.60, 10.986, 294.58, 0.63, 0.007, 70.52, 43.48);
insert into SHOT values (335, 331, 336, 57, 10.990, 270.16, 0.40, 10.980, 270.16, 0.42, 0.010, 97.75, 18.52);
insert into SHOT values (336, 331, 337, 57, 12.740, 240.26, 1.40, 12.733, 240.23, 1.40, 0.009, 106.40, -7.67);
insert into SHOT values (337, 331, 338, 57, 11.950, 227.76, -0.50, 11.943, 227.75, -0.48, 0.009, 71.21, 29.61);
insert into SHOT values (338, 331, 339, 57, 8.270, 197.56, -0.90, 8.265, 197.54, -0.90, 0.006, 56.14, -0.91);
insert into SHOT values (339, 331, 340, 57, 6.190, 167.06, 3.50, 6.190, 167.00, 3.52, 0.007, 76.50, 16.79);
insert into SHOT values (340, 331, 341, 57, 9.040, 120.46, 1.80, 9.041, 120.45, 1.84, 0.006, 63.34, 71.78);
insert into SHOT values (341, 331, 342, 57, 11.260, 104.96, -0.40, 11.263, 104.97, -0.36, 0.009, 142.85, 68.24);
insert into SHOT values (342, 331, 343, 57, 0.580, 183.66, -32.10, 0.575, 183.50, -31.43, 0.008, 76.79, 80.12);
insert into SHOT values (343, 331, 344, 57, 9.210, 189.96, 77.10, 9.211, 189.83, 77.14, 0.008, 48.27, 17.65);
insert into SHOT values (344, 331, 345, 57, 27.180, 87.46, 0.90, 27.180, 87.47, 0.91, 0.004, 180.31, 47.41);
insert into SHOT values (345, 331, 346, 57, 31.890, 87.36, 0.70, 31.896, 87.36, 0.70, 0.007, 63.43, 3.33);
insert into SHOT values (346, 331, 347, 57, 24.110, 87.56, 1.00, 24.116, 87.55, 1.00, 0.008, 47.01, -5.94);
insert into SHOT values (347, 331, 348, 57, 27.200, 87.46, 0.90, 27.200, 87.45, 0.91, 0.007, 0.06, 23.71);
insert into SHOT values (348, 348, 349, 57, 4.620, 84.86, 3.40, 4.626, 84.91, 3.35, 0.008, 113.64, -28.82);
insert into SHOT values (349, 348, 350, 57, 5.850, 22.46, -1.80, 5.849, 22.53, -1.76, 0.008, 120.53, 28.85);
insert into SHOT values (350, 348, 351, 57, 6.610, 337.56, 1.70, 6.603, 337.55, 1.74, 0.008, 166.40, 28.66);
insert into SHOT values (351, 348, 352, 57, 12.330, 325.26, 3.40, 12.324, 325.26, 3.40, 0.006, 144.57, -12.20);
insert into SHOT values (352, 348, 353, 57, 13.630, 311.96, 3.90, 13.627, 311.96, 3.91, 0.004, 151.56, 44.38);
insert into SHOT values (353, 348, 354, 57, 14.750, 307.46, 2.40, 14.742, 307.47, 2.41, 0.009, 117.41, 15.55);
insert into SHOT values (354, 348, 355, 57, 15.600, 301.56, 1.90, 15.595, 301.57, 1.91, 0.006, 103.57, 29.03);
insert into SHOT values (355, 348, 356, 57, 17.690, 262.76, 2.00, 17.682, 262.75, 2.01, 0.009, 109.46, 16.44);
insert into SHOT values (356, 348, 357, 57, 14.550, 249.86, 0.70, 14.541, 249.85, 0.71, 0.010, 98.13, 13.03);
insert into SHOT values (357, 348, 358, 57, 14.360, 216.96, 0.10, 14.362, 216.93, 0.12, 0.009, 142.28, 32.73);
insert into SHOT values (358, 348, 359, 57, 7.490, 194.06, 1.50, 7.495, 193.98, 1.53, 0.012, 126.61, 18.58);
insert into SHOT values (359, 348, 360, 57, 1.270, 226.96, -32.80, 1.272, 226.90, -32.86, 0.003, 169.56, -53.96);
insert into SHOT values (360, 348, 361, 57, 1.140, 286.96, 73.90, 1.144, 286.70, 74.11, 0.006, 133.17, 55.25);
insert into SHOT values (361, 348, 362, 57, 25.000, 104.46, 0.80, 25.006, 104.48, 0.80, 0.008, 144.84, 6.66);
insert into SHOT values (362, 362, 363, 57, 10.450, 19.96, 13.40, 10.454, 19.95, 13.38, 0.006, 352.65, -18.22);
insert into SHOT values (363, 362, 364, 57, 10.970, 344.26, 10.00, 10.971, 344.27, 9.97, 0.005, 1.91, -72.10);
insert into SHOT values (364, 362, 365, 57, 13.720, 317.86, 3.50, 13.725, 317.87, 3.51, 0.006, 334.25, 23.65);
insert into SHOT values (365, 362, 366, 57, 15.700, 297.56, 2.30, 15.703, 297.56, 2.30, 0.003, 287.93, -1.19);
insert into SHOT values (366, 362, 367, 57, 18.130, 290.76, 2.30, 18.130, 290.76, 2.31, 0.003, 209.20, 45.76);
insert into SHOT values (367, 362, 368, 57, 24.920, 265.66, 0.80, 24.923, 265.67, 0.80, 0.006, 318.15, 20.05);
insert into SHOT values (368, 362, 369, 57, 24.040, 250.46, 1.10, 24.039, 250.46, 1.10, 0.003, 141.60, -27.74);
insert into SHOT values (369, 362, 370, 57, 19.760, 234.46, 1.60, 19.757, 234.46, 1.60, 0.004, 81.06, -27.42);
insert into SHOT values (370, 362, 371, 57, 13.790, 221.36, 0.60, 13.789, 221.35, 0.58, 0.005, 106.39, -60.82);
insert into SHOT values (371, 362, 372, 57, 5.600, 212.16, 0.70, 5.599, 212.16, 0.72, 0.002, 74.24, 60.94);
insert into SHOT values (372, 362, 373, 57, 4.540, 179.06, 2.40, 4.535, 179.11, 2.40, 0.007, 322.48, -0.97);
insert into SHOT values (373, 362, 374, 57, 0.550, 299.96, -53.00, 0.554, 300.38, -52.62, 0.006, 325.32, -7.51);
insert into SHOT values (374, 362, 375, 57, 3.070, 268.36, 79.20, 3.073, 268.99, 79.31, 0.009, 38.01, 28.21);
insert into SHOT values (375, 362, 376, 57, 30.470, 152.06, 7.20, 30.463, 152.06, 7.20, 0.007, 340.08, 8.46);
insert into SHOT values (376, 376, 377, 57, 15.550, 14.26, 1.20, 15.543, 14.27, 1.18, 0.009, 182.63, -37.55);
insert into SHOT values (377, 376, 378, 57, 4.010, 42.46, 7.80, 4.007, 42.45, 7.74, 0.005, 248.70, -61.06);
insert into SHOT values (378, 376, 379, 57, 2.550, 111.56, 6.60, 2.557, 111.72, 6.51, 0.010, 155.09, -17.27);
insert into SHOT values (379, 376, 380, 57, 7.280, 150.16, 7.60, 7.280, 150.17, 7.58, 0.003, 203.49, -79.91);
insert into SHOT values (380, 376, 381, 57, 18.860, 173.56, 0.30, 18.870, 173.55, 0.30, 0.011, 148.00, 6.61);
insert into SHOT values (381, 376, 382, 57, 13.290, 218.96, 3.50, 13.293, 218.94, 3.49, 0.006, 165.50, -12.89);
insert into SHOT values (382, 376, 383, 57, 9.560, 254.76, 1.10, 9.560, 254.71, 1.08, 0.009, 164.34, -22.94);
insert into SHOT values (383, 376, 384, 57, 11.190, 281.96, 0.60, 11.182, 281.92, 0.61, 0.012, 145.89, 13.97);
insert into SHOT values (384, 376, 385, 57, 3.300, 246.36, -19.80, 3.299, 246.24, -19.85, 0.007, 139.23, -17.72);
insert into SHOT values (385, 376, 386, 57, 2.370, 226.16, 57.50, 2.375, 225.95, 57.38, 0.008, 190.40, 8.10);
insert into SHOT values (386, 376, 387, 57, 12.970, 314.36, -7.40, 12.964, 314.37, -7.40, 0.006, 120.85, 4.44);
insert into SHOT values (387, 387, 388, 57, 4.050, 294.66, 29.60, 4.050, 294.67, 29.59, 0.001, 21.10, -38.21);
insert into SHOT values (388, 387, 389, 57, 5.390, 238.46, -0.90, 5.396, 238.49, -0.96, 0.009, 260.29, -38.38);
insert into SHOT values (389, 387, 390, 57, 6.430, 198.66, 4.90, 6.430, 198.66, 4.91, 0.001, 162.82, 62.52);
insert into SHOT values (390, 387, 391, 57, 14.260, 65.06, 9.60, 14.262, 65.06, 9.61, 0.003, 13.97, 43.24);
insert into SHOT values (391, 387, 392, 57, 13.130, 113.26, 10.70, 13.130, 113.29, 10.71, 0.006, 212.51, 22.92);
insert into SHOT values (392, 387, 393, 57, 1.800, 154.46, -27.80, 1.800, 154.72, -27.81, 0.007, 242.71, -4.00);
insert into SHOT values (393, 387, 394, 57, 3.230, 212.26, 60.10, 3.229, 212.31, 60.11, 0.002, 341.68, -2.74);
insert into SHOT values (394, 387, 395, 57, 10.350, 240.26, -27.90, 10.356, 240.27, -27.86, 0.009, 248.59, 20.74);
insert into SHOT values (395, 395, 396, 57, 1.660, 122.56, 5.00, 1.665, 122.44, 4.82, 0.008, 89.42, -36.68);
insert into SHOT values (396, 395, 397, 57, 2.290, 188.36, 2.70, 2.286, 188.31, 2.51, 0.009, 40.85, -62.26);
insert into SHOT values (397, 395, 398, 57, 2.430, 261.66, -3.60, 2.421, 261.67, -3.79, 0.012, 80.34, -37.37);
insert into SHOT values (398, 395, 399, 57, 1.340, 328.56, 7.30, 1.343, 328.82, 7.27, 0.007, 28.40, -2.25);
insert into SHOT values (399, 395, 400, 57, 0.390, 139.76, -44.80, 0.394, 139.40, -45.35, 0.005, 44.83, -71.21);
insert into SHOT values (400, 395, 401, 57, 1.190, 353.96, 87.50, 1.181, 0.00, 87.57, 0.011, 106.52, -57.29);
insert into SHOT values (401, 395, 402, 57, 4.220, 207.36, -2.80, 4.214, 207.30, -2.86, 0.009, 65.43, -25.57);
insert into SHOT values (402, 402, 403, 57, 0.710, 137.56, -21.20, 0.708, 138.08, -21.54, 0.008, 257.60, -25.43);
insert into SHOT values (403, 402, 404, 57, 1.090, 287.76, -8.30, 1.093, 287.76, -8.41, 0.004, 288.33, -41.57);
insert into SHOT values (404, 402, 405, 57, 0.350, 138.66, -67.40, 0.347, 138.01, -67.20, 0.003, 49.57, 63.94);
insert into SHOT values (405, 402, 406, 57, 0.290, 187.96, 76.40, 0.289, 188.13, 75.83, 0.003, 192.64, -36.48);
insert into SHOT values (406, 376, 407, 57, 12.770, 200.46, -5.10, 12.771, 200.43, -5.12, 0.009, 115.16, -32.65);
insert into SHOT values (407, 407, 408, 57, 7.520, 232.56, -5.10, 7.519, 232.59, -5.04, 0.009, 321.21, 64.21);
insert into SHOT values (408, 407, 409, 57, 3.390, 274.66, 7.30, 3.398, 274.59, 7.27, 0.009, 248.61, -4.63);
insert into SHOT values (409, 407, 410, 57, 8.090, 324.16, 12.30, 8.094, 324.16, 12.34, 0.007, 313.14, 65.27);
insert into SHOT values (410, 407, 411, 57, 11.170, 149.86, -5.40, 11.171, 149.88, -5.39, 0.004, 229.41, 15.87);
insert into SHOT values (411, 407, 412, 57, 9.220, 113.76, 0.70, 9.215, 113.81, 0.75, 0.012, 236.96, 38.77);
insert into SHOT values (412, 407, 413, 57, 8.690, 66.96, 4.80, 8.683, 66.93, 4.82, 0.009, 278.55, 17.39);
insert into SHOT values (413, 407, 414, 57, 1.710, 112.56, -48.30, 1.706, 112.74, -48.13, 0.008, 187.64, 62.25);
insert into SHOT values (414, 407, 415, 57, 2.790, 179.56, 79.70, 2.795, 180.00, 79.70, 0.006, 253.09, 51.30);
insert into SHOT values (415, 407, 416, 57, 11.590, 169.66, -9.20, 11.594, 169.68, -9.18, 0.006, 211.04, 28.48);
insert into SHOT values (416, 416, 417, 57, 4.470, 92.76, 18.60, 4.470, 92.71, 18.66, 0.006, 339.35, 43.17);
insert into SHOT values (417, 416, 418, 57, 4.180, 121.66, 4.40, 4.178, 121.55, 4.39, 0.008, 19.19, -4.79);
insert into SHOT values (418, 416, 419, 57, 5.540, 169.06, 1.40, 5.532, 169.06, 1.45, 0.009, 354.40, 30.80);
insert into SHOT values (419, 416, 420, 57, 6.670, 216.16, 4.10, 6.672, 216.20, 4.13, 0.005, 285.59, 35.63);
insert into SHOT values (420, 416, 421, 57, 12.400, 241.96, -0.50, 12.401, 242.01, -0.51, 0.010, 325.80, -10.19);
insert into SHOT values (421, 416, 422, 57, 12.670, 298.26, -2.90, 12.678, 298.29, -2.89, 0.009, 329.48, 6.12);
insert into SHOT values (422, 416, 423, 57, 8.830, 324.96, 6.00, 8.829, 324.97, 5.98, 0.003, 99.55, -62.34);
insert into SHOT values (423, 416, 424, 57, 17.460, 338.76, 14.30, 17.460, 338.76, 14.29, 0.003, 267.21, -59.00);
insert into SHOT values (424, 416, 425, 57, 0.410, 301.26, -64.70, 0.409, 300.96, -64.70, 0.001, 193.64, 35.08);
insert into SHOT values (425, 416, 426, 57, 3.510, 270.56, 76.70, 3.515, 270.71, 76.67, 0.005, 308.80, 51.54);
insert into SHOT values (426, 416, 427, 57, 10.490, 143.66, -5.70, 10.488, 143.69, -5.69, 0.005, 252.19, 19.90);
insert into SHOT values (427, 427, 428, 57, 2.070, 27.56, 7.10, 2.077, 27.43, 6.91, 0.011, 356.81, -32.96);
insert into SHOT values (428, 427, 429, 57, 5.130, 1.86, 0.60, 5.133, 1.90, 0.56, 0.006, 46.99, -40.29);
insert into SHOT values (429, 427, 430, 57, 7.160, 342.66, 2.10, 7.159, 342.68, 2.08, 0.003, 93.49, -47.70);
insert into SHOT values (430, 427, 431, 57, 2.870, 247.66, 1.00, 2.866, 247.64, 1.00, 0.004, 82.30, -1.18);
insert into SHOT values (431, 427, 432, 57, 4.370, 266.96, 5.40, 4.365, 266.97, 5.39, 0.005, 83.94, -15.49);
insert into SHOT values (432, 427, 433, 57, 5.990, 291.46, 4.30, 5.993, 291.50, 4.31, 0.005, 346.15, 10.96);
insert into SHOT values (433, 427, 434, 57, 5.680, 301.66, 2.20, 5.680, 301.67, 2.22, 0.002, 57.18, 59.85);
insert into SHOT values (434, 427, 435, 57, 2.310, 316.96, -35.90, 2.311, 317.17, -36.06, 0.009, 71.80, -36.52);
insert into SHOT values (435, 427, 436, 57, 0.940, 293.16, 51.70, 0.939, 293.46, 52.02, 0.006, 81.55, 22.10);
insert into SHOT values (436, 416, 437, 57, 22.940, 271.96, -9.00, 22.946, 271.97, -9.00, 0.007, 303.36, -11.48);
insert into SHOT values (437, 437, 438, 57, 17.960, 230.36, -0.00, 17.961, 230.35, 0.00, 0.003, 160.22, 0.00);
insert into SHOT values (438, 437, 439, 57, 15.760, 211.36, -0.10, 15.761, 211.35, -0.11, 0.004, 138.51, -33.70);
insert into SHOT values (439, 437, 440, 57, 8.850, 196.06, -0.70, 8.844, 196.02, -0.71, 0.010, 65.99, -11.29);
insert into SHOT values (440, 437, 441, 57, 12.320, 176.76, 0.60, 12.321, 176.74, 0.60, 0.005, 94.22, 12.52);
insert into SHOT values (441, 437, 442, 57, 13.860, 151.36, 0.80, 13.861, 151.33, 0.83, 0.011, 67.41, 36.19);
insert into SHOT values (442, 437, 443, 57, 12.740, 132.26, 2.80, 12.743, 132.26, 2.79, 0.004, 126.12, -33.50);
insert into SHOT values (443, 437, 444, 57, 12.110, 124.26, 4.60, 12.115, 124.27, 4.59, 0.006, 136.86, -12.22);
insert into SHOT values (444, 437, 445, 57, 9.870, 283.16, 8.10, 9.864, 283.14, 8.10, 0.007, 137.60, -5.59);
insert into SHOT values (445, 437, 446, 57, 5.810, 302.96, 8.70, 5.800, 302.97, 8.73, 0.010, 119.41, 6.77);
insert into SHOT values (446, 437, 447, 57, 4.130, 335.36, 4.80, 4.127, 335.43, 4.86, 0.007, 98.89, 37.85);
insert into SHOT values (447, 437, 448, 57, 6.800, 9.56, 6.40, 6.798, 9.63, 6.42, 0.008, 116.90, 13.79);
insert into SHOT values (448, 437, 449, 57, 6.410, 40.76, 11.80, 6.410, 40.80, 11.79, 0.004, 127.73, -11.70);
insert into SHOT values (449, 437, 450, 57, 8.950, 70.06, 10.10, 8.955, 70.11, 10.10, 0.008, 123.63, 3.30);
insert into SHOT values (450, 437, 451, 57, 0.370, 343.66, -67.70, 0.365, 347.01, -68.57, 0.011, 116.49, 12.38);
insert into SHOT values (451, 437, 452, 57, 3.560, 340.66, 80.80, 3.566, 341.57, 80.81, 0.011, 70.90, 32.90);
insert into SHOT values (452, 437, 453, 57, 16.140, 253.66, 3.70, 16.134, 253.66, 3.70, 0.006, 86.00, -14.31);
insert into SHOT values (453, 453, 454, 57, 5.170, 183.86, -6.90, 5.169, 183.91, -6.89, 0.004, 282.03, 14.50);
insert into SHOT values (454, 453, 455, 57, 5.570, 163.26, -1.80, 5.568, 163.29, -1.75, 0.006, 293.65, 54.62);
insert into SHOT values (455, 453, 456, 57, 10.180, 152.96, -3.10, 10.185, 152.98, -3.10, 0.006, 186.54, 5.13);
insert into SHOT values (456, 453, 457, 57, 7.660, 245.16, 0.70, 7.660, 245.14, 0.75, 0.007, 160.29, 65.28);
insert into SHOT values (457, 453, 458, 57, 5.000, 276.26, -3.20, 4.997, 276.21, -3.21, 0.005, 152.58, -9.70);
insert into SHOT values (458, 453, 459, 57, 10.270, 326.26, 0.10, 10.273, 326.23, 0.11, 0.007, 265.43, 18.23);
insert into SHOT values (459, 453, 460, 57, 5.170, 348.36, -3.50, 5.165, 348.36, -3.44, 0.007, 168.50, 52.07);
insert into SHOT values (460, 453, 461, 57, 7.210, 20.86, 7.80, 7.204, 20.85, 7.82, 0.007, 219.12, 13.21);
insert into SHOT values (461, 453, 462, 57, 1.180, 6.46, -77.70, 1.177, 6.84, -77.65, 0.003, 82.58, 59.48);
insert into SHOT values (462, 453, 463, 57, 1.330, 68.76, 80.70, 1.337, 68.20, 80.73, 0.008, 351.07, 73.81);
insert into SHOT values (463, 453, 464, 57, 12.280, 300.36, -1.90, 12.278, 300.35, -1.87, 0.008, 182.61, 61.39);
insert into SHOT values (464, 464, 465, 57, 7.400, 235.06, 0.10, 7.399, 235.13, 0.08, 0.009, 335.12, -18.82);
insert into SHOT values (465, 464, 466, 57, 3.850, 180.36, -0.00, 3.850, 180.45, 0.00, 0.006, 269.21, 0.00);
insert into SHOT values (466, 464, 467, 57, 6.200, 144.86, -0.10, 6.201, 144.85, -0.09, 0.002, 82.23, 25.27);
insert into SHOT values (467, 464, 468, 57, 3.460, 295.66, 3.00, 3.467, 295.68, 2.98, 0.007, 302.73, -9.26);
insert into SHOT values (468, 464, 469, 57, 1.700, 13.46, 5.00, 1.701, 13.30, 4.72, 0.010, 305.03, -57.30);
insert into SHOT values (469, 464, 470, 57, 6.370, 74.56, 3.50, 6.373, 74.50, 3.51, 0.008, 9.30, 8.24);
insert into SHOT values (470, 464, 471, 57, 9.680, 99.16, 2.30, 9.681, 99.16, 2.25, 0.009, 76.98, -81.53);
insert into SHOT values (471, 464, 472, 57, 0.950, 195.06, -29.50, 0.954, 195.38, -29.53, 0.006, 252.91, -22.32);
insert into SHOT values (472, 464, 473, 57, 1.470, 141.96, 68.00, 1.466, 141.67, 68.05, 0.005, 10.58, -38.05);
insert into SHOT values (473, 464, 474, 57, 10.290, 245.16, 0.70, 10.291, 245.18, 0.67, 0.006, 306.85, -61.97);
insert into SHOT values (474, 474, 475, 57, 1.130, 35.26, 9.20, 1.133, 35.54, 9.14, 0.006, 97.45, -6.27);
insert into SHOT values (475, 474, 476, 57, 0.700, 232.06, -1.30, 0.698, 231.98, -0.82, 0.006, 82.87, 71.60);
insert into SHOT values (476, 474, 477, 57, 1.070, 343.86, 77.20, 1.077, 345.38, 77.24, 0.009, 68.80, 46.23);
insert into SHOT values (477, 474, 478, 57, 0.440, 88.36, -79.90, 0.437, 90.00, -79.46, 0.005, 127.52, 41.32);
insert into SHOT values (478, 474, 479, 57, 4.900, 306.86, -1.80, 4.902, 306.87, -1.75, 0.005, 320.03, 57.60);
insert into SHOT values (479, 479, 480, 57, 0.620, 217.86, 25.30, 0.614, 217.69, 25.06, 0.007, 57.99, -46.15);
insert into SHOT values (480, 479, 481, 57, 0.490, 22.56, 6.50, 0.491, 22.89, 5.84, 0.006, 82.59, -59.51);
insert into SHOT values (481, 479, 482, 57, 0.440, 99.46, -57.90, 0.437, 99.87, -57.75, 0.003, 202.14, 58.41);
insert into SHOT values (482, 479, 483, 57, 0.730, 317.36, 81.50, 0.728, 318.81, 81.60, 0.004, 78.62, -32.19);
insert into SCRAPS values (59, 53, 'SP-Alex0-1', 1, 14.82018, 0.06762);
 insert into MAPS values (155, 53, 'MP-Trush-Yurruck-Entree', 'Trush-Yurruck-Entree', 1, 561.380, -10.330);
 insert into MAPITEMS values (155, 4, 59);
 insert into SURVEY values (157, 51, 'Tush_YurruckXR1', 'Tush_YurruckXR1.Tush-Yurruck', 'Tush_YurruckXR1');
 insert into CENTRELINE values (158, 157, NULL, NULL, NULL, 0.00, 0.00, 0.00);
 insert into SURVEY values (159, 157, 'Tush_YurruckXR1', 'Tush_YurruckXR1.Tush_YurruckXR1.Tush-Yurruck', 'Tush Yurruck');
 insert into CENTRELINE values (160, 159, NULL, NULL, NULL, 0.00, 0.00, 0.00);
 insert into CENTRELINE values (161, 159, NULL, '2024-04-17', NULL, 1383.93, 0.00, 198.60);
 insert into PERSON values (4, 'Philippe', 'Audra');
insert into TOPO values (4, 161);
 insert into PERSON values (5, 'Xavier', 'Robert');
insert into TOPO values (5, 161);
 insert into SHOT values (483, 484, 485, 161, 10.280, 16.76, 8.40, 10.281, 16.74, 8.39, 0.004, 308.00, -23.56);
insert into SHOT values (484, 484, 486, 161, 3.210, 78.16, 66.70, 3.211, 78.16, 66.76, 0.003, 260.64, 33.13);
insert into SHOT values (485, 484, 487, 161, 8.560, 179.56, 15.40, 8.557, 179.58, 15.38, 0.005, 309.79, -39.92);
insert into SHOT values (486, 484, 488, 161, 1.210, 150.36, -27.00, 1.203, 150.32, -27.19, 0.008, 336.15, -4.96);
insert into SHOT values (487, 484, 489, 161, 4.830, 138.46, -9.90, 4.832, 138.41, -9.89, 0.005, 72.31, 4.62);
insert into SHOT values (488, 484, 490, 161, 12.960, 327.06, 2.10, 12.959, 327.07, 2.08, 0.005, 79.04, -69.71);
insert into SHOT values (489, 484, 491, 161, 15.760, 299.16, 1.50, 15.764, 299.17, 1.49, 0.005, 317.59, -34.09);
insert into SHOT values (490, 484, 492, 161, 12.870, 238.66, 2.70, 12.867, 238.68, 2.72, 0.007, 3.88, 32.64);
insert into SHOT values (491, 484, 493, 161, 24.960, 265.66, -0.20, 24.962, 265.66, -0.21, 0.004, 211.91, -43.24);
insert into SHOT values (492, 484, 494, 161, 8.210, 280.86, 26.80, 8.212, 280.85, 26.78, 0.004, 250.92, -26.77);
insert into SHOT values (493, 484, 495, 161, 18.550, 278.36, 2.50, 18.555, 278.37, 2.50, 0.007, 313.48, 7.51);
insert into SHOT values (494, 484, 496, 161, 5.360, 288.46, 44.20, 5.360, 288.53, 44.25, 0.007, 57.84, 29.16);
insert into SHOT values (495, 484, 497, 161, 1.730, 290.26, -15.20, 1.733, 290.28, -15.05, 0.006, 295.12, 40.20);
insert into SHOT values (496, 484, 498, 161, 8.300, 279.46, -4.50, 8.298, 279.46, -4.49, 0.002, 103.74, 33.03);
insert into SHOT values (497, 484, 499, 161, 8.600, 248.26, -3.90, 8.601, 248.25, -3.87, 0.005, 179.96, 63.73);
insert into SHOT values (498, 484, 500, 161, 21.350, 117.56, 10.40, 21.350, 117.54, 10.39, 0.009, 30.92, -26.78);
insert into SHOT values (499, 484, 501, 161, 29.840, 94.26, 5.70, 29.840, 94.27, 5.69, 0.005, 186.37, -54.01);
insert into SHOT values (500, 484, 502, 161, 24.570, 134.46, 9.60, 24.571, 134.46, 9.61, 0.003, 181.76, 70.08);
insert into SHOT values (501, 484, 503, 161, 31.550, 148.26, 7.50, 31.546, 148.27, 7.50, 0.005, 307.05, 21.49);
insert into SHOT values (502, 484, 504, 161, 38.470, 153.36, 6.50, 38.466, 153.35, 6.49, 0.009, 30.42, -35.20);
insert into SHOT values (503, 484, 505, 161, 20.430, 150.66, 4.20, 20.427, 150.67, 4.21, 0.005, 309.21, 47.94);
insert into SHOT values (504, 484, 506, 161, 15.530, 165.96, 11.90, 15.528, 165.95, 11.89, 0.005, 59.60, -25.52);
insert into SHOT values (505, 484, 507, 161, 39.130, 159.36, 7.60, 39.133, 159.36, 7.61, 0.005, 177.38, 62.50);
insert into SHOT values (506, 484, 508, 161, 12.670, 156.16, 20.90, 12.663, 156.17, 20.91, 0.008, 332.89, 0.98);
insert into SHOT values (507, 484, 509, 161, 3.180, 171.16, 61.00, 3.177, 171.03, 61.03, 0.005, 43.00, -15.54);
insert into SHOT values (508, 484, 510, 161, 5.510, 199.06, 24.50, 5.510, 199.09, 24.45, 0.006, 245.74, -62.01);
insert into SHOT values (509, 484, 511, 161, 14.620, 91.76, 18.70, 14.619, 91.74, 18.71, 0.007, 344.83, 22.61);
insert into SHOT values (510, 484, 512, 161, 45.710, 77.06, 4.70, 45.711, 77.06, 4.71, 0.005, 0.94, 76.55);
insert into SHOT values (511, 484, 513, 161, 16.730, 48.56, 14.40, 16.735, 48.55, 14.39, 0.006, 16.32, -5.27);
insert into SHOT values (512, 484, 514, 161, 19.820, 72.76, 2.70, 19.822, 72.75, 2.69, 0.005, 18.52, -45.05);
insert into SHOT values (513, 514, 515, 161, 3.870, 197.86, -37.00, 3.870, 197.91, -37.02, 0.003, 311.67, -20.67);
insert into SHOT values (514, 514, 516, 161, 9.990, 176.36, 12.90, 9.992, 176.35, 12.90, 0.003, 126.87, -5.28);
insert into SHOT values (515, 514, 517, 161, 3.800, 214.66, 61.70, 3.804, 214.84, 61.71, 0.007, 288.32, 36.49);
insert into SHOT values (516, 514, 518, 161, 8.020, 268.86, 73.30, 8.030, 268.76, 73.28, 0.011, 233.68, 48.83);
insert into SHOT values (517, 514, 519, 161, 4.820, 335.46, 49.00, 4.823, 335.54, 49.00, 0.005, 43.52, 26.41);
insert into SHOT values (518, 514, 520, 161, 10.260, 7.26, 14.00, 10.257, 7.28, 14.05, 0.010, 165.64, 54.98);
insert into SHOT values (519, 514, 521, 161, 18.010, 30.46, 3.90, 18.012, 30.46, 3.92, 0.005, 8.57, 66.65);
insert into SHOT values (520, 514, 522, 161, 22.630, 21.36, 5.00, 22.625, 21.36, 5.02, 0.009, 205.11, 54.87);
insert into SHOT values (521, 514, 523, 161, 22.670, 52.36, 2.10, 22.667, 52.37, 2.10, 0.004, 183.84, -9.61);
insert into SHOT values (522, 514, 524, 161, 4.400, 32.46, -24.10, 4.395, 32.38, -24.03, 0.009, 281.18, 48.00);
insert into SHOT values (523, 514, 525, 161, 0.950, 51.76, -73.20, 0.949, 51.01, -73.46, 0.006, 270.60, -5.50);
insert into SHOT values (524, 514, 526, 161, 32.390, 76.76, -1.40, 32.389, 76.77, -1.40, 0.004, 180.84, 17.62);
insert into SHOT values (525, 514, 527, 161, 36.120, 91.06, 3.10, 36.119, 91.06, 3.11, 0.007, 232.72, 80.02);
insert into SHOT values (526, 514, 528, 161, 43.850, 100.76, 2.50, 43.852, 100.76, 2.51, 0.008, 62.53, 69.26);
insert into SHOT values (527, 514, 529, 161, 46.840, 110.86, 1.40, 46.836, 110.87, 1.41, 0.009, 239.38, 39.85);
insert into SHOT values (528, 514, 530, 161, 15.180, 123.26, 4.30, 15.181, 123.25, 4.31, 0.004, 47.50, 25.36);
insert into SHOT values (529, 514, 531, 161, 16.620, 134.76, 1.70, 16.618, 134.78, 1.72, 0.009, 252.54, 50.96);
insert into SHOT values (530, 514, 532, 161, 4.760, 39.16, 47.30, 4.760, 39.21, 47.33, 0.004, 154.11, 29.62);
insert into SHOT values (531, 514, 533, 161, 19.570, 87.26, 22.10, 19.571, 87.28, 22.12, 0.009, 194.49, 50.85);
insert into SHOT values (532, 514, 534, 161, 31.040, 96.66, 12.20, 31.036, 96.66, 12.20, 0.004, 275.11, 6.70);
insert into SHOT values (533, 514, 535, 161, 16.750, 297.46, 5.80, 16.752, 297.44, 5.82, 0.010, 215.32, 48.79);
insert into SHOT values (534, 514, 536, 161, 33.170, 304.36, 4.60, 33.166, 304.36, 4.60, 0.004, 126.75, -3.22);
insert into SHOT values (535, 514, 537, 161, 48.650, 309.06, 4.20, 48.645, 309.06, 4.21, 0.010, 153.87, 46.92);
insert into SHOT values (536, 514, 538, 161, 38.700, 317.66, 4.40, 38.700, 317.66, 4.40, 0.004, 226.84, 13.78);
insert into SHOT values (537, 514, 539, 161, 48.310, 308.76, 2.60, 48.306, 308.76, 2.61, 0.010, 175.88, 54.94);
insert into SHOT values (538, 514, 540, 161, 28.420, 330.06, 4.40, 28.415, 330.06, 4.40, 0.006, 169.70, -3.61);
insert into SHOT values (539, 514, 541, 161, 6.920, 316.56, 29.00, 6.919, 316.54, 29.05, 0.007, 164.68, 45.61);
insert into SHOT values (540, 514, 542, 161, 31.530, 343.56, 2.60, 31.529, 343.57, 2.60, 0.002, 97.69, -6.88);
insert into SHOT values (541, 514, 543, 161, 27.360, 349.56, -0.90, 27.357, 349.55, -0.90, 0.006, 227.31, -2.39);
insert into SHOT values (542, 514, 544, 161, 27.930, 359.16, 4.20, 27.928, 359.16, 4.21, 0.006, 237.98, 49.43);
insert into SHOT values (543, 514, 545, 161, 12.160, 354.36, 14.10, 12.165, 354.36, 14.13, 0.009, 334.40, 63.86);
insert into SHOT values (544, 514, 546, 161, 52.650, 95.86, 3.60, 52.649, 95.87, 3.60, 0.005, 209.43, 58.85);
insert into SHOT_FLAG values(544, 'dpl');
insert into SHOT values (545, 514, 547, 161, 45.450, 192.46, 5.20, 45.454, 192.46, 5.20, 0.004, 203.72, 10.51);
insert into SHOT_FLAG values(545, 'dpl');
insert into SHOT values (546, 514, 548, 161, 20.300, 344.86, -2.70, 20.303, 344.65, -2.48, 0.108, 259.48, 44.96);
insert into SHOT values (547, 548, 549, 161, 0.860, 215.46, -64.10, 0.855, 216.25, -64.21, 0.007, 340.98, 29.86);
insert into SHOT values (548, 548, 550, 161, 14.560, 105.56, 15.70, 14.557, 105.56, 15.70, 0.003, 284.52, 1.11);
insert into SHOT values (549, 548, 551, 161, 5.760, 92.56, 1.60, 5.758, 92.49, 1.59, 0.008, 345.12, -6.09);
insert into SHOT values (550, 548, 552, 161, 4.770, 102.26, 55.90, 4.769, 102.32, 55.93, 0.004, 238.49, 2.30);
insert into SHOT values (551, 548, 553, 161, 4.010, 215.86, 76.60, 4.008, 215.75, 76.67, 0.005, 54.83, -8.70);
insert into SHOT values (552, 548, 554, 161, 18.600, 210.36, 8.60, 18.600, 210.34, 8.63, 0.011, 104.95, 53.26);
insert into SHOT values (553, 548, 555, 161, 15.550, 219.36, 10.60, 15.542, 219.37, 10.60, 0.008, 29.51, -3.08);
insert into SHOT values (554, 548, 556, 161, 2.270, 297.06, -20.30, 2.263, 297.17, -20.16, 0.010, 77.04, 51.29);
insert into SHOT values (555, 548, 557, 161, 10.750, 301.76, 10.20, 10.747, 301.78, 10.24, 0.008, 84.65, 48.81);
insert into SHOT values (556, 548, 558, 161, 11.430, 341.16, 11.70, 11.436, 341.19, 11.71, 0.008, 28.45, 15.21);
insert into SHOT values (557, 548, 559, 161, 7.000, 2.26, 3.60, 6.999, 2.30, 3.60, 0.004, 100.18, 6.38);
insert into SHOT values (558, 548, 560, 161, 21.580, 353.06, 7.50, 21.581, 353.07, 7.51, 0.005, 72.83, 37.89);
insert into SHOT values (559, 548, 561, 161, 8.370, 8.26, 22.50, 8.379, 8.25, 22.53, 0.010, 349.42, 42.63);
insert into SHOT values (560, 548, 562, 161, 10.110, 33.76, 20.20, 10.110, 33.74, 20.19, 0.004, 303.54, -14.23);
insert into SHOT values (561, 548, 563, 161, 22.930, 266.86, 7.60, 22.926, 266.87, 7.62, 0.009, 50.87, 51.63);
insert into SHOT values (562, 548, 564, 161, 7.760, 264.46, -4.30, 7.757, 264.51, -4.29, 0.007, 17.28, 14.86);
insert into SHOT values (563, 548, 565, 161, 6.710, 261.36, 38.50, 6.711, 261.35, 38.53, 0.004, 128.97, 52.39);
insert into SHOT values (564, 548, 566, 161, 23.420, 6.66, 6.40, 23.423, 6.66, 6.40, 0.003, 349.50, -10.59);
insert into SHOT_FLAG values(564, 'dpl');
insert into SHOT values (565, 548, 567, 161, 11.340, 278.46, 7.40, 11.338, 278.49, 7.40, 0.006, 32.09, -5.32);
insert into SHOT values (566, 567, 568, 161, 7.270, 224.36, -23.90, 7.268, 224.39, -23.86, 0.006, 304.43, 59.22);
insert into SHOT values (567, 567, 569, 161, 13.290, 219.56, 8.30, 13.294, 219.57, 8.30, 0.005, 245.41, 19.53);
insert into SHOT values (568, 567, 570, 161, 16.680, 268.96, 12.60, 16.685, 268.94, 12.60, 0.007, 218.62, 11.07);
insert into SHOT values (569, 567, 571, 161, 22.980, 294.46, 7.80, 22.978, 294.47, 7.80, 0.004, 62.72, 17.76);
insert into SHOT values (570, 567, 572, 161, 12.660, 305.06, 8.30, 12.661, 305.02, 8.31, 0.009, 222.11, 15.07);
insert into SHOT values (571, 567, 573, 161, 7.650, 342.96, 15.00, 7.647, 342.91, 15.01, 0.007, 224.84, 0.27);
insert into SHOT values (572, 567, 574, 161, 7.580, 284.96, -5.10, 7.586, 284.96, -5.07, 0.007, 275.62, 32.27);
insert into SHOT values (573, 567, 575, 161, 20.070, 285.66, -0.30, 20.076, 285.66, -0.29, 0.008, 285.14, 41.42);
insert into SHOT values (574, 567, 576, 161, 26.160, 285.56, 4.20, 26.157, 285.57, 4.21, 0.005, 89.02, 52.31);
insert into SHOT values (575, 567, 577, 161, 39.090, 283.96, 8.40, 39.092, 283.96, 8.40, 0.002, 238.88, -9.19);
insert into SHOT values (576, 567, 578, 161, 16.480, 283.66, 20.50, 16.482, 283.64, 20.53, 0.011, 184.36, 53.61);
insert into SHOT values (577, 567, 579, 161, 4.010, 279.16, 51.40, 4.015, 279.20, 51.45, 0.006, 353.97, 75.24);
insert into SHOT values (578, 567, 580, 161, 40.300, 282.26, 7.80, 40.304, 282.26, 7.80, 0.004, 259.98, 9.44);
insert into SHOT values (579, 548, 581, 161, 8.470, 14.46, 10.90, 8.475, 14.34, 11.02, 0.026, 290.30, 44.87);
insert into SHOT values (580, 581, 582, 161, 4.240, 97.36, 29.70, 4.237, 97.34, 29.71, 0.003, 307.48, -12.68);
insert into SHOT values (581, 581, 583, 161, 17.110, 108.46, 54.90, 17.111, 108.49, 54.90, 0.005, 204.52, 17.42);
insert into SHOT values (582, 581, 584, 161, 15.980, 73.76, 5.40, 15.985, 73.76, 5.38, 0.007, 72.52, -33.94);
insert into SHOT values (583, 581, 585, 161, 14.690, 36.16, 4.30, 14.696, 36.17, 4.29, 0.007, 59.18, -11.62);
insert into SHOT values (584, 581, 586, 161, 15.440, 7.36, -2.30, 15.440, 7.37, -2.30, 0.003, 96.88, -7.37);
insert into SHOT values (585, 581, 587, 161, 16.900, 334.26, -0.70, 16.899, 334.25, -0.71, 0.005, 219.53, -49.03);
insert into SHOT values (586, 581, 588, 161, 5.330, 286.16, 9.80, 5.326, 286.16, 9.84, 0.006, 114.38, 28.78);
insert into SHOT values (587, 581, 589, 161, 10.680, 258.46, 3.40, 10.674, 258.47, 3.38, 0.007, 69.30, -28.64);
insert into SHOT values (588, 581, 590, 161, 9.080, 311.36, -0.60, 9.077, 311.38, -0.63, 0.007, 90.22, -47.65);
insert into SHOT values (589, 581, 591, 161, 1.600, 308.86, -54.50, 1.595, 308.85, -54.58, 0.005, 130.87, 29.47);
insert into SHOT values (590, 581, 592, 161, 17.000, 132.56, 8.30, 17.001, 132.57, 8.29, 0.004, 175.41, -68.76);
insert into SHOT values (591, 581, 593, 161, 6.030, 199.76, -27.50, 6.025, 199.79, -27.48, 0.006, 338.53, 48.11);
insert into SHOT values (592, 548, 594, 161, 27.560, 114.06, 58.00, 27.568, 114.04, 58.00, 0.010, 43.07, 49.01);
insert into SHOT values (593, 581, 595, 161, 8.090, 337.06, -13.20, 8.096, 337.01, -13.06, 0.021, 301.63, 54.58);
insert into SHOT values (594, 595, 596, 161, 0.750, 208.16, -66.10, 0.754, 207.41, -66.21, 0.006, 121.81, -46.99);
insert into SHOT values (595, 595, 597, 161, 5.030, 203.76, 8.00, 5.032, 203.79, 8.00, 0.003, 246.18, -0.75);
insert into SHOT values (596, 595, 598, 161, 4.140, 159.56, 5.60, 4.139, 159.54, 5.55, 0.004, 55.60, -68.10);
insert into SHOT values (597, 595, 599, 161, 11.450, 136.06, 17.60, 11.448, 136.08, 17.59, 0.004, 255.58, -35.98);
insert into SHOT values (598, 595, 600, 161, 5.220, 208.16, 23.70, 5.223, 208.17, 23.59, 0.011, 213.24, -48.07);
insert into SHOT values (599, 595, 601, 161, 5.370, 159.16, 56.10, 5.363, 159.26, 56.07, 0.009, 261.59, -52.85);
insert into SHOT values (600, 595, 602, 161, 26.630, 108.46, 6.90, 26.636, 108.48, 6.90, 0.008, 153.72, 5.20);
insert into SHOT values (601, 595, 603, 161, 26.040, 87.06, 3.90, 26.034, 87.06, 3.90, 0.006, 259.68, -11.15);
insert into SHOT values (602, 595, 604, 161, 17.860, 58.66, 2.50, 17.860, 58.66, 2.50, 0.001, 339.75, 63.30);
insert into SHOT values (603, 595, 605, 161, 11.570, 38.76, -0.00, 11.566, 38.75, 0.00, 0.004, 248.52, 0.00);
insert into SHOT values (604, 595, 606, 161, 10.160, 19.56, 0.50, 10.156, 19.56, 0.45, 0.009, 211.66, -67.06);
insert into SHOT values (605, 595, 607, 161, 9.510, 86.56, -7.20, 9.513, 86.60, -7.25, 0.010, 160.71, -53.76);
insert into SHOT values (606, 595, 608, 161, 17.360, 93.86, -2.60, 17.358, 93.87, -2.61, 0.004, 240.22, -38.55);
insert into SHOT values (607, 595, 609, 161, 8.060, 94.46, 30.90, 8.056, 94.48, 30.92, 0.005, 250.36, 9.12);
insert into SHOT values (608, 595, 610, 161, 4.250, 63.76, 73.10, 4.244, 64.06, 73.09, 0.009, 163.76, -45.08);
insert into SHOT values (609, 595, 611, 161, 2.990, 271.26, -13.20, 2.991, 271.18, -13.34, 0.008, 175.98, -59.92);
insert into SHOT values (610, 595, 612, 161, 14.510, 289.86, -5.40, 14.515, 289.86, -5.42, 0.006, 294.19, -46.97);
insert into SHOT values (611, 595, 613, 161, 22.610, 299.16, -1.30, 22.609, 299.15, -1.32, 0.009, 193.97, -53.68);
insert into SHOT values (612, 595, 614, 161, 16.460, 313.76, 3.90, 16.461, 313.77, 3.90, 0.001, 357.51, 19.75);
insert into SHOT values (613, 595, 615, 161, 8.860, 331.06, 11.70, 8.857, 331.04, 11.66, 0.008, 218.71, -62.10);
insert into SHOT values (614, 595, 616, 161, 4.460, 314.16, 54.10, 4.459, 314.07, 54.06, 0.005, 242.71, -32.06);
insert into SHOT values (615, 595, 617, 161, 21.540, 288.26, 4.00, 21.543, 288.25, 3.99, 0.007, 231.70, -22.36);
insert into SHOT values (616, 595, 618, 161, 31.200, 99.56, 0.70, 31.197, 99.58, 0.70, 0.008, 210.71, -8.28);
insert into SHOT values (617, 595, 619, 161, 27.520, 296.76, 0.70, 27.526, 296.73, 0.98, 0.135, 220.84, 83.53);
insert into SHOT values (618, 619, 620, 161, 4.630, 222.06, -6.00, 4.635, 222.10, -6.07, 0.008, 253.74, -48.53);
insert into SHOT values (619, 619, 621, 161, 7.750, 352.76, 3.70, 7.749, 352.72, 3.70, 0.006, 248.80, -1.16);
insert into SHOT values (620, 619, 622, 161, 1.250, 334.06, -57.00, 1.251, 333.81, -57.08, 0.004, 225.08, -27.78);
insert into SHOT values (621, 619, 623, 161, 2.660, 294.96, 65.00, 2.661, 295.20, 64.93, 0.006, 351.24, -7.88);
insert into SHOT values (622, 619, 624, 161, 2.050, 217.56, 13.70, 2.053, 217.67, 13.52, 0.008, 257.96, -42.94);
insert into SHOT values (623, 619, 625, 161, 7.000, 184.86, -3.70, 7.001, 184.93, -3.77, 0.011, 271.92, -46.72);
insert into SHOT values (624, 619, 626, 161, 1.760, 149.26, -36.80, 1.762, 149.25, -36.97, 0.006, 348.09, -76.75);
insert into SHOT values (625, 619, 627, 161, 4.570, 115.06, -10.30, 4.566, 115.02, -10.35, 0.006, 327.85, -27.17);
insert into SHOT values (626, 619, 628, 161, 16.030, 114.86, -4.10, 16.023, 114.87, -4.12, 0.008, 290.60, -27.47);
insert into SHOT values (627, 619, 629, 161, 4.500, 112.46, 18.60, 4.497, 112.48, 18.54, 0.006, 253.65, -75.15);
insert into SHOT values (628, 619, 630, 161, 6.390, 69.46, 5.50, 6.383, 69.45, 5.48, 0.007, 258.09, -20.71);
insert into SHOT values (629, 619, 631, 161, 15.850, 96.06, 1.40, 15.843, 96.05, 1.37, 0.010, 299.08, -43.71);
insert into SHOT values (630, 619, 632, 161, 16.540, 138.66, 1.30, 16.535, 138.65, 1.28, 0.008, 344.58, -41.52);
insert into SHOT values (631, 619, 633, 161, 9.530, 174.26, -2.40, 9.526, 174.27, -2.41, 0.004, 336.03, -12.07);
insert into SHOT values (632, 619, 634, 161, 6.360, 17.16, 1.30, 6.363, 17.10, 1.26, 0.009, 307.13, -28.41);
insert into SHOT values (633, 619, 635, 161, 2.400, 6.96, -22.70, 2.404, 7.00, -22.76, 0.005, 35.17, -54.39);
insert into SHOT values (634, 619, 636, 161, 5.380, 307.46, -5.50, 5.381, 307.49, -5.54, 0.005, 14.30, -57.70);
insert into SHOT values (635, 619, 637, 161, 8.000, 287.56, 1.20, 8.006, 287.60, 1.15, 0.011, 324.54, -43.56);
insert into SHOT values (636, 619, 638, 161, 7.790, 303.56, 6.70, 7.793, 303.57, 6.63, 0.010, 310.42, -65.24);
insert into SHOT values (637, 619, 639, 161, 13.740, 344.56, 3.70, 13.743, 344.57, 3.67, 0.007, 353.14, -63.69);
insert into SHOT values (638, 619, 640, 161, 15.250, 307.46, 2.30, 15.259, 307.40, 2.44, 0.042, 241.07, 65.48);
insert into SHOT values (639, 640, 641, 161, 7.460, 342.56, 1.30, 7.466, 342.54, 1.30, 0.007, 311.85, 6.19);
insert into SHOT values (640, 640, 642, 161, 10.570, 317.26, 4.30, 10.581, 317.27, 4.28, 0.011, 319.93, -12.95);
insert into SHOT values (641, 640, 643, 161, 9.000, 217.96, 3.00, 8.996, 217.99, 2.99, 0.006, 348.73, -9.62);
insert into SHOT values (642, 640, 644, 161, 2.540, 228.26, -37.90, 2.540, 228.44, -37.89, 0.006, 314.17, 2.66);
insert into SHOT values (643, 640, 645, 161, 12.950, 258.76, 5.10, 12.948, 258.78, 5.10, 0.004, 22.86, -17.35);
insert into SHOT values (644, 640, 646, 161, 14.560, 274.96, -3.20, 14.567, 274.97, -3.19, 0.008, 287.48, 20.06);
insert into SHOT values (645, 640, 647, 161, 27.110, 271.26, 4.20, 27.109, 271.27, 4.19, 0.007, 9.04, -54.12);
insert into SHOT values (646, 640, 648, 161, 14.880, 295.06, 3.50, 14.889, 295.08, 3.50, 0.011, 323.11, 8.75);
insert into SHOT values (647, 640, 649, 161, 1.820, 264.16, 16.10, 1.818, 264.42, 15.96, 0.009, 356.73, -31.02);
insert into SHOT values (648, 640, 650, 161, 7.550, 58.66, 6.40, 7.555, 58.62, 6.38, 0.008, 10.93, -11.09);
insert into SHOT values (649, 640, 651, 161, 7.670, 92.06, 2.20, 7.670, 92.02, 2.17, 0.007, 5.98, -36.58);
insert into SHOT values (650, 640, 652, 161, 13.300, 100.56, -0.90, 13.296, 100.53, -0.91, 0.008, 339.19, -7.39);
insert into SHOT values (651, 640, 653, 161, 8.640, 149.66, -5.20, 8.632, 149.68, -5.25, 0.011, 316.48, -38.81);
insert into SHOT values (652, 640, 654, 161, 5.780, 122.26, -14.90, 5.777, 122.27, -14.95, 0.005, 297.34, -45.86);
insert into SHOT values (653, 640, 655, 161, 3.280, 127.36, 9.60, 3.279, 127.33, 9.66, 0.004, 350.39, 48.16);
insert into SHOT values (654, 640, 656, 161, 7.920, 81.86, 3.30, 7.913, 81.85, 3.26, 0.009, 277.03, -38.88);
insert into SHOT values (655, 656, 657, 161, 5.240, 28.46, -7.40, 5.243, 28.49, -7.34, 0.006, 62.84, 51.66);
insert into SHOT values (656, 656, 658, 161, 7.360, 69.56, -1.70, 7.366, 69.57, -1.63, 0.011, 79.01, 52.50);
insert into SHOT values (657, 656, 659, 161, 2.240, 129.36, -3.80, 2.236, 129.18, -3.59, 0.012, 14.62, 47.24);
insert into SHOT values (658, 656, 660, 161, 19.950, 123.06, 63.50, 19.958, 122.99, 63.50, 0.013, 56.77, 27.32);
insert into SHOT values (659, 656, 661, 161, 21.620, 118.56, 45.90, 21.625, 118.54, 45.90, 0.008, 56.03, 31.43);
insert into SHOT values (660, 656, 662, 161, 10.050, 102.26, 31.70, 10.052, 102.22, 31.69, 0.008, 35.74, -7.39);
insert into SHOT values (661, 656, 663, 161, 8.660, 122.06, 41.10, 8.669, 121.99, 41.11, 0.013, 65.88, 34.19);
insert into SHOT values (662, 656, 664, 161, 15.680, 247.36, 69.00, 15.679, 247.36, 69.03, 0.007, 66.43, 11.93);
insert into SHOT values (663, 656, 665, 161, 18.480, 212.56, 79.90, 18.486, 212.51, 79.91, 0.008, 72.90, 54.90);
insert into SHOT values (664, 656, 666, 161, 15.790, 273.86, 34.40, 15.782, 273.88, 34.42, 0.009, 76.23, -5.15);
insert into SHOT values (665, 656, 667, 161, 12.780, 292.16, 5.50, 12.780, 292.17, 5.52, 0.005, 51.59, 72.88);
insert into SHOT values (666, 656, 668, 161, 9.060, 285.86, -5.40, 9.055, 285.90, -5.39, 0.008, 54.38, 18.72);
insert into SHOT values (667, 656, 669, 161, 4.580, 289.66, -14.50, 4.576, 289.78, -14.43, 0.012, 34.88, 34.80);
insert into SHOT values (668, 656, 670, 161, 11.040, 109.46, 9.50, 11.042, 109.42, 9.54, 0.012, 24.14, 41.55);
insert into SHOT values (669, 656, 671, 161, 18.750, 112.16, 20.60, 18.756, 112.15, 20.60, 0.007, 78.93, 27.11);
insert into SHOT values (670, 656, 672, 161, 26.960, 112.56, 28.50, 26.963, 112.56, 28.51, 0.006, 30.98, 78.01);
insert into SHOT values (671, 672, 673, 161, 1.660, 194.46, 4.40, 1.657, 194.37, 4.50, 0.005, 51.85, 31.63);
insert into SHOT values (672, 672, 674, 161, 2.610, 38.26, -42.20, 2.617, 38.29, -42.26, 0.008, 54.62, -64.65);
insert into SHOT values (673, 672, 675, 161, 1.710, 133.06, -72.40, 1.710, 132.65, -72.41, 0.004, 36.34, -0.67);
insert into SHOT values (674, 672, 676, 161, 3.660, 138.66, -27.30, 3.660, 138.62, -27.32, 0.003, 43.46, -26.10);
insert into SHOT values (675, 672, 677, 161, 3.740, 118.36, -34.50, 3.745, 118.23, -34.48, 0.009, 61.37, -10.49);
insert into SHOT values (676, 672, 678, 161, 3.250, 251.06, -34.70, 3.242, 251.16, -34.79, 0.010, 45.94, 0.89);
insert into SHOT values (677, 672, 679, 161, 3.380, 322.36, -37.10, 3.381, 322.54, -37.11, 0.008, 50.24, -8.14);
insert into SHOT values (678, 672, 680, 161, 3.620, 284.26, -51.00, 3.620, 284.28, -51.17, 0.010, 99.21, -40.02);
insert into SHOT values (679, 672, 681, 161, 10.720, 291.56, -43.30, 10.715, 291.60, -43.31, 0.007, 65.12, 17.44);
insert into SHOT values (680, 672, 682, 161, 16.860, 293.36, -40.50, 16.862, 293.39, -40.49, 0.006, 353.10, -2.93);
insert into SHOT values (681, 672, 683, 161, 27.170, 286.16, 3.30, 27.167, 286.16, 3.29, 0.005, 108.55, -54.06);
insert into SHOT values (682, 672, 684, 161, 11.190, 278.16, 21.90, 11.183, 278.20, 21.89, 0.010, 51.76, -21.92);
insert into SHOT values (683, 672, 685, 161, 9.320, 251.96, 60.30, 9.315, 251.96, 60.29, 0.006, 108.07, -82.00);
insert into SHOT values (684, 672, 686, 161, 1.530, 175.46, -54.90, 1.525, 175.40, -55.08, 0.007, 3.38, 14.16);
insert into SHOT values (685, 686, 687, 161, 1.570, 186.16, -20.20, 1.577, 185.83, -20.42, 0.012, 121.82, -39.27);
insert into SHOT values (686, 686, 688, 161, 2.360, 109.96, -21.30, 2.364, 109.92, -21.34, 0.004, 78.02, -38.69);
insert into SHOT values (687, 686, 689, 161, 8.790, 112.26, -17.80, 8.798, 112.31, -17.80, 0.011, 153.04, -15.87);
insert into SHOT values (688, 686, 690, 161, 5.560, 101.26, -10.40, 5.568, 101.27, -10.45, 0.009, 105.70, -42.35);
insert into SHOT values (689, 686, 691, 161, 20.670, 108.26, -4.60, 20.675, 108.27, -4.61, 0.006, 125.89, -22.63);
insert into SHOT values (690, 686, 692, 161, 14.740, 106.66, 3.60, 14.747, 106.66, 3.58, 0.009, 103.89, -38.10);
insert into SHOT values (691, 686, 693, 161, 5.870, 108.76, 13.20, 5.869, 108.78, 13.20, 0.002, 214.30, -11.21);
insert into SHOT values (692, 686, 694, 161, 3.650, 108.46, 21.70, 3.655, 108.54, 21.68, 0.007, 151.61, 3.58);
insert into SHOT values (693, 686, 695, 161, 11.220, 110.86, -1.30, 11.230, 110.87, -1.33, 0.011, 121.61, -29.03);
insert into SHOT values (694, 686, 696, 161, 10.630, 104.66, -1.00, 10.637, 104.65, -1.02, 0.009, 86.71, -29.89);
insert into SHOT values (695, 686, 697, 161, 1.590, 69.06, 18.60, 1.587, 69.40, 18.36, 0.011, 163.32, -38.88);
insert into SHOT values (696, 686, 698, 161, 1.700, 100.76, 31.80, 1.697, 100.77, 31.62, 0.006, 106.47, -83.86);
insert into SHOT values (697, 686, 699, 161, 27.560, 106.36, -11.40, 27.570, 106.38, -11.40, 0.012, 137.61, -12.15);
insert into SHOT values (698, 699, 700, 161, 18.630, 252.36, 71.70, 18.633, 252.40, 71.69, 0.006, 293.92, 20.90);
insert into SHOT values (699, 699, 701, 161, 20.780, 251.56, 71.80, 20.780, 251.59, 71.79, 0.004, 312.92, -6.24);
insert into SHOT values (700, 699, 702, 161, 18.430, 251.16, 71.80, 18.432, 251.25, 71.80, 0.009, 347.09, 12.92);
insert into SHOT values (701, 686, 703, 161, 18.400, 250.76, 71.70, 18.400, 250.69, 71.71, 0.008, 143.06, 4.02);
insert into SHOT values (702, 640, 704, 161, 25.630, 268.16, 5.00, 25.638, 268.32, 5.24, 0.126, 359.46, 57.23);
insert into SHOT values (703, 704, 705, 161, 7.890, 148.26, 18.40, 7.888, 148.33, 18.40, 0.009, 250.84, -3.15);
insert into SHOT values (704, 704, 706, 161, 3.400, 269.86, 36.40, 3.398, 269.79, 36.26, 0.009, 224.15, -57.61);
insert into SHOT values (705, 704, 707, 161, 10.660, 322.06, 7.20, 10.663, 322.03, 7.17, 0.010, 261.88, -36.80);
insert into SHOT values (706, 704, 708, 161, 21.160, 335.26, 0.10, 21.155, 335.24, 0.08, 0.012, 214.04, -34.57);
insert into SHOT values (707, 704, 709, 161, 28.520, 356.56, 1.20, 28.517, 356.56, 1.19, 0.008, 196.14, -70.57);
insert into SHOT values (708, 704, 710, 161, 31.840, 8.06, 1.00, 31.839, 8.05, 0.99, 0.008, 265.56, -46.31);
insert into SHOT values (709, 704, 711, 161, 4.260, 355.56, -20.50, 4.252, 355.54, -20.51, 0.009, 189.10, 12.68);
insert into SHOT values (710, 704, 712, 161, 0.670, 220.76, -82.50, 0.676, 220.60, -82.17, 0.007, 217.62, -50.35);
insert into SHOT values (711, 704, 713, 161, 13.990, 129.96, 3.60, 13.990, 129.97, 3.61, 0.003, 217.98, 31.57);
insert into SHOT values (712, 704, 714, 161, 17.390, 91.56, -0.00, 17.387, 91.58, 0.00, 0.007, 212.29, 0.00);
insert into SHOT values (713, 704, 715, 161, 25.570, 72.76, -3.40, 25.561, 72.77, -3.41, 0.010, 247.53, -20.74);
insert into SHOT values (714, 704, 716, 161, 7.690, 55.86, -2.30, 7.689, 55.88, -2.31, 0.002, 176.78, -35.83);
insert into SHOT values (715, 704, 717, 161, 3.770, 74.86, -16.80, 3.766, 74.88, -16.82, 0.005, 238.06, -4.38);
insert into SHOT values (716, 704, 718, 161, 8.750, 73.66, 23.30, 8.748, 73.66, 23.30, 0.002, 255.70, -27.09);
insert into SHOT values (717, 704, 719, 161, 3.620, 79.56, 55.10, 3.616, 79.67, 55.21, 0.009, 233.05, 6.93);
insert into SHOT values (718, 704, 720, 161, 10.550, 127.46, -0.60, 10.549, 127.49, -0.60, 0.005, 227.09, 5.65);
insert into SHOT values (719, 704, 721, 161, 4.390, 99.16, -12.30, 4.388, 99.26, -12.37, 0.010, 212.90, -30.11);
insert into SHOT values (720, 704, 722, 161, 12.290, 27.96, 1.30, 12.287, 27.96, 1.31, 0.003, 210.44, 23.48);
insert into SHOT values (721, 704, 723, 161, 23.190, 28.66, 3.70, 23.184, 28.67, 3.68, 0.009, 181.60, -48.57);
insert into SHOT values (722, 704, 724, 161, 3.310, 8.26, -21.50, 3.305, 8.24, -21.66, 0.011, 198.76, -40.20);
insert into SHOT values (723, 704, 725, 161, 4.010, 350.36, -20.30, 4.002, 350.34, -20.32, 0.008, 183.04, 8.75);
insert into SHOT values (724, 704, 726, 161, 17.110, 2.96, 8.10, 17.103, 2.95, 8.10, 0.009, 220.55, -5.35);
insert into SHOT values (725, 704, 727, 161, 6.550, 2.36, 27.30, 6.543, 2.37, 27.29, 0.007, 180.09, -37.10);
insert into SHOT values (726, 704, 728, 161, 14.340, 127.06, 10.00, 14.340, 127.06, 10.00, 0.002, 34.71, -3.94);
insert into SHOT values (727, 728, 729, 161, 2.180, 212.66, -1.50, 2.187, 212.67, -1.57, 0.007, 215.62, -23.91);
insert into SHOT values (728, 728, 730, 161, 2.700, 193.46, -16.30, 2.711, 193.56, -16.28, 0.012, 214.31, -10.57);
insert into SHOT values (729, 728, 731, 161, 3.330, 187.96, 7.20, 3.337, 187.98, 7.06, 0.011, 195.85, -41.10);
insert into SHOT values (730, 728, 732, 161, 1.700, 192.36, 33.40, 1.701, 192.57, 33.15, 0.009, 239.07, -39.16);
insert into SHOT values (731, 728, 733, 161, 4.400, 187.86, -1.10, 4.403, 187.96, -1.17, 0.010, 255.05, -33.26);
insert into SHOT values (732, 704, 734, 161, 5.090, 149.86, 6.90, 5.086, 149.93, 6.89, 0.007, 270.83, -12.06);
insert into SHOT values (733, 734, 735, 161, 6.310, 267.66, -25.90, 6.311, 267.58, -25.94, 0.009, 170.14, -23.49);
insert into SHOT values (734, 734, 736, 161, 1.220, 227.96, -7.70, 1.214, 227.69, -7.57, 0.009, 93.21, 23.52);
insert into SHOT values (735, 736, 737, 161, 1.550, 306.96, -6.20, 1.553, 306.57, -6.28, 0.011, 233.14, -13.36);
insert into SHOT values (736, 736, 738, 161, 1.630, 257.56, -72.90, 1.633, 256.83, -72.81, 0.007, 196.13, -16.25);
insert into SHOT values (737, 736, 739, 161, 3.010, 164.86, -41.60, 3.015, 165.10, -41.56, 0.011, 227.04, -8.49);
insert into SHOT values (738, 736, 740, 161, 1.730, 221.06, 42.70, 1.731, 221.19, 42.53, 0.006, 254.01, -32.65);
insert into SHOT values (739, 736, 741, 161, 5.510, 235.36, 38.60, 5.511, 235.39, 38.49, 0.011, 250.39, -45.57);
insert into SHOT values (740, 736, 742, 161, 5.580, 246.56, 34.40, 5.582, 246.61, 34.35, 0.006, 282.15, -23.31);
insert into SHOT values (741, 736, 743, 161, 1.500, 254.76, 35.30, 1.503, 254.95, 34.91, 0.011, 281.09, -37.03);
insert into SHOT values (742, 736, 744, 161, 1.930, 256.76, -1.50, 1.934, 256.54, -1.78, 0.013, 193.13, -48.28);
insert into SHOT values (743, 736, 745, 161, 12.220, 243.76, 45.90, 12.218, 243.77, 45.87, 0.006, 255.89, -68.77);
insert into SHOT values (744, 704, 746, 161, 15.650, 4.76, -4.60, 15.646, 4.56, -4.44, 0.072, 274.43, 39.08);
insert into SHOT values (745, 746, 747, 161, 0.390, 184.56, -84.80, 0.391, 180.00, -85.60, 0.006, 28.25, -15.12);
insert into SHOT values (746, 746, 748, 161, 2.110, 283.86, -16.00, 2.111, 283.97, -15.95, 0.004, 348.45, 21.26);
insert into SHOT values (747, 746, 749, 161, 7.910, 280.96, -0.50, 7.916, 281.00, -0.51, 0.007, 320.91, -7.50);
insert into SHOT values (748, 746, 750, 161, 10.790, 279.16, 10.20, 10.786, 279.16, 10.20, 0.004, 106.04, -10.26);
insert into SHOT values (749, 746, 751, 161, 10.340, 269.66, 10.10, 10.340, 269.66, 10.08, 0.003, 246.92, -82.24);
insert into SHOT values (750, 746, 752, 161, 10.960, 293.16, 7.50, 10.962, 293.19, 7.50, 0.006, 2.82, -5.64);
insert into SHOT values (751, 746, 753, 161, 4.520, 278.86, 48.10, 4.516, 278.96, 48.08, 0.007, 27.55, -37.80);
insert into SHOT values (752, 746, 754, 161, 3.770, 51.76, 69.40, 3.770, 51.75, 69.43, 0.002, 243.02, 26.72);
insert into SHOT values (753, 746, 755, 161, 7.170, 84.46, 28.20, 7.171, 84.46, 28.21, 0.002, 58.68, 70.93);
insert into SHOT values (754, 746, 756, 161, 12.470, 87.76, 15.50, 12.472, 87.76, 15.49, 0.004, 69.20, -40.62);
insert into SHOT values (755, 746, 757, 161, 26.090, 90.36, 1.90, 26.085, 90.35, 1.89, 0.009, 316.09, -34.14);
insert into SHOT values (756, 746, 758, 161, 16.390, 70.86, 4.90, 16.394, 70.84, 4.90, 0.007, 19.32, 0.14);
insert into SHOT values (757, 746, 759, 161, 4.970, 86.56, -4.30, 4.973, 86.53, -4.27, 0.005, 44.96, 32.77);
insert into SHOT values (758, 746, 760, 161, 17.160, 55.56, 7.20, 17.160, 55.55, 7.20, 0.003, 336.55, -14.15);
insert into SHOT values (759, 746, 761, 161, 7.320, 45.16, 33.10, 7.326, 45.13, 33.09, 0.007, 14.28, 21.22);
insert into SHOT values (760, 746, 762, 161, 11.880, 19.86, 17.50, 11.883, 19.86, 17.48, 0.005, 4.00, -31.26);
insert into SHOT values (761, 746, 763, 161, 15.380, 7.76, 4.10, 15.380, 7.76, 4.10, 0.002, 269.07, 9.43);
insert into SHOT values (762, 746, 764, 161, 13.420, 348.96, 7.40, 13.419, 348.95, 7.41, 0.003, 227.77, 26.71);
insert into SHOT values (763, 746, 765, 161, 17.640, 335.16, 5.10, 17.645, 335.17, 5.10, 0.005, 0.71, 21.14);
insert into SHOT values (764, 746, 766, 161, 9.380, 325.66, -4.10, 9.385, 325.66, -4.09, 0.005, 328.50, 7.12);
insert into SHOT values (765, 746, 767, 161, 8.980, 321.76, 16.60, 8.981, 321.75, 16.56, 0.007, 277.99, -54.95);
insert into SHOT values (766, 746, 768, 161, 9.090, 26.76, 23.00, 9.089, 26.78, 22.99, 0.003, 115.90, -36.55);
insert into SHOT values (767, 746, 769, 161, 18.310, 32.46, 12.70, 18.309, 32.47, 12.68, 0.006, 109.29, -64.81);
insert into SHOT values (768, 746, 770, 161, 21.930, 28.86, -2.10, 21.937, 28.86, -2.12, 0.010, 8.19, -41.46);
insert into SHOT values (769, 746, 771, 161, 50.690, 33.16, 7.40, 50.691, 33.17, 7.40, 0.003, 88.41, 32.08);
insert into SHOT values (770, 746, 772, 161, 7.200, 124.96, 18.70, 7.202, 124.97, 18.71, 0.003, 152.73, 37.48);
insert into SHOT values (771, 746, 773, 161, 9.150, 158.46, 14.70, 9.148, 158.45, 14.69, 0.003, 21.28, -34.25);
insert into SHOT values (772, 746, 774, 161, 8.830, 176.36, 30.60, 8.823, 176.38, 30.59, 0.007, 337.50, -41.51);
insert into SHOT values (773, 746, 775, 161, 12.860, 208.16, 14.00, 12.859, 208.17, 14.00, 0.001, 320.76, -51.66);
insert into SHOT values (774, 746, 776, 161, 7.450, 188.56, 0.50, 7.443, 188.58, 0.46, 0.008, 353.80, -36.78);
insert into SHOT values (775, 746, 777, 161, 11.510, 227.56, 11.40, 11.509, 227.59, 11.38, 0.007, 319.43, -48.05);
insert into SHOT values (776, 746, 778, 161, 13.240, 242.36, 9.80, 13.240, 242.37, 9.78, 0.004, 317.86, -53.81);
insert into SHOT values (777, 746, 779, 161, 7.320, 249.86, 2.80, 7.314, 249.90, 2.82, 0.009, 31.92, 16.38);
insert into SHOT values (778, 746, 780, 161, 9.240, 246.86, 25.50, 9.239, 246.91, 25.52, 0.007, 352.72, 16.49);
insert into SHOT values (779, 746, 781, 161, 9.900, 247.26, 5.00, 9.903, 247.28, 4.98, 0.005, 293.41, -32.66);
insert into SHOT values (780, 781, 782, 161, 0.790, 296.56, -46.10, 0.792, 297.03, -46.02, 0.005, 359.59, -8.63);
insert into SHOT values (781, 781, 783, 161, 4.140, 322.46, 10.80, 4.140, 322.59, 10.86, 0.010, 55.55, 24.43);
insert into SHOT values (782, 781, 784, 161, 7.140, 259.56, 11.50, 7.139, 259.54, 11.47, 0.004, 160.49, -52.10);
insert into SHOT values (783, 781, 785, 161, 8.530, 275.16, 26.20, 8.530, 275.17, 26.23, 0.005, 64.54, 54.39);
insert into SHOT values (784, 781, 786, 161, 7.370, 252.76, 51.30, 7.367, 252.82, 51.31, 0.006, 11.25, -17.67);
insert into SHOT values (785, 781, 787, 161, 9.280, 286.86, -0.80, 9.279, 286.85, -0.80, 0.002, 177.04, -13.72);
insert into SHOT values (786, 781, 788, 161, 21.220, 284.96, 7.00, 21.214, 284.97, 7.01, 0.009, 76.52, 26.55);
insert into SHOT values (787, 781, 789, 161, 15.520, 290.46, 7.70, 15.522, 290.47, 7.70, 0.003, 351.02, 9.91);
insert into SHOT values (788, 781, 790, 161, 19.160, 286.66, 10.30, 19.162, 286.68, 10.31, 0.006, 354.97, 42.76);
insert into SHOT values (789, 781, 791, 161, 17.720, 282.36, 8.70, 17.720, 282.36, 8.70, 0.001, 194.24, -42.26);
insert into SHOT values (790, 781, 792, 161, 23.640, 285.06, 8.80, 23.641, 285.06, 8.81, 0.004, 216.08, 63.46);
insert into SHOT values (791, 781, 793, 161, 25.370, 284.56, 11.00, 25.366, 284.56, 11.00, 0.004, 118.91, -10.94);
insert into SHOT values (792, 746, 794, 161, 29.870, 314.46, 0.10, 29.870, 314.46, 0.10, 0.004, 216.52, -34.75);
insert into SHOT values (793, 794, 795, 161, 4.240, 268.06, 7.30, 4.237, 268.09, 7.32, 0.004, 56.57, 17.85);
insert into SHOT values (794, 794, 796, 161, 0.810, 286.16, -47.00, 0.809, 286.80, -46.82, 0.007, 5.35, 20.99);
insert into SHOT values (795, 794, 797, 161, 1.310, 315.76, 60.10, 1.313, 316.25, 60.28, 0.007, 68.99, 36.23);
insert into SHOT values (796, 794, 798, 161, 4.380, 28.76, 1.60, 4.383, 28.79, 1.57, 0.004, 59.01, -31.60);
insert into SHOT values (797, 794, 799, 161, 2.440, 128.66, -17.80, 2.445, 128.54, -17.86, 0.007, 76.83, -33.76);
insert into SHOT values (798, 794, 800, 161, 10.040, 91.86, 4.50, 10.046, 91.83, 4.51, 0.009, 48.92, 15.33);
insert into SHOT values (799, 794, 801, 161, 2.790, 129.36, 20.60, 2.786, 129.24, 20.59, 0.007, 7.71, -14.29);
insert into SHOT values (800, 794, 802, 161, 4.730, 156.16, 11.70, 4.723, 156.15, 11.73, 0.007, 344.63, 6.76);
insert into SHOT values (801, 794, 803, 161, 28.970, 322.66, 1.30, 28.968, 322.68, 1.31, 0.007, 67.97, 23.99);
insert into SHOT values (802, 746, 804, 161, 32.920, 16.36, 0.40, 32.901, 16.06, 1.24, 0.511, 277.91, 69.88);
insert into SHOT values (803, 804, 805, 161, 18.170, 205.56, -0.30, 18.169, 205.56, -0.28, 0.005, 19.45, 77.21);
insert into SHOT values (804, 804, 806, 161, 6.470, 215.06, 38.50, 6.469, 215.10, 38.53, 0.005, 346.03, 26.45);
insert into SHOT values (805, 804, 807, 161, 5.800, 216.06, 75.00, 5.796, 216.03, 75.04, 0.006, 46.71, -25.02);
insert into SHOT values (806, 804, 808, 161, 13.760, 129.16, 30.30, 13.756, 129.16, 30.30, 0.004, 333.52, -36.22);
insert into SHOT values (807, 804, 809, 161, 38.870, 106.16, 7.90, 38.871, 106.17, 7.90, 0.003, 161.21, -46.36);
insert into SHOT values (808, 804, 810, 161, 48.420, 105.56, -2.20, 48.419, 105.56, -2.20, 0.002, 350.11, -37.26);
insert into SHOT values (809, 804, 811, 161, 28.510, 132.16, 4.90, 28.509, 132.15, 4.91, 0.010, 32.46, 28.92);
insert into SHOT values (810, 804, 812, 161, 21.610, 164.86, 6.80, 21.606, 164.87, 6.80, 0.005, 317.86, 15.24);
insert into SHOT values (811, 804, 813, 161, 24.850, 175.46, 4.10, 24.851, 175.46, 4.11, 0.004, 203.75, 67.35);
insert into SHOT values (812, 804, 814, 161, 20.150, 204.56, -0.80, 20.143, 204.55, -0.80, 0.007, 49.53, 10.49);
insert into SHOT values (813, 804, 815, 161, 12.440, 191.16, -9.10, 12.440, 191.17, -9.11, 0.003, 298.72, -49.87);
insert into SHOT values (814, 804, 816, 161, 26.760, 194.16, -2.90, 26.757, 194.17, -2.89, 0.005, 350.03, 48.83);
insert into SHOT values (815, 804, 817, 161, 16.900, 184.16, 12.10, 16.899, 184.16, 12.09, 0.003, 340.30, -68.82);
insert into SHOT values (816, 804, 818, 161, 4.200, 192.96, -21.90, 4.203, 192.90, -21.94, 0.006, 119.90, -35.59);
insert into SHOT values (817, 804, 819, 161, 1.640, 45.26, -50.70, 1.641, 45.39, -50.70, 0.003, 117.75, -20.55);
insert into SHOT values (818, 804, 820, 161, 8.980, 55.26, 20.60, 8.982, 55.27, 20.60, 0.002, 82.14, 11.36);
insert into SHOT values (819, 804, 821, 161, 12.370, 78.36, 12.00, 12.369, 78.37, 11.99, 0.002, 239.91, -58.47);
insert into SHOT values (820, 804, 822, 161, 40.980, 85.46, 17.20, 40.986, 85.46, 17.20, 0.007, 56.57, 16.39);
insert into SHOT values (821, 804, 823, 161, 7.740, 27.56, 26.60, 7.745, 27.53, 26.62, 0.007, 332.94, 39.16);
insert into SHOT values (822, 804, 824, 161, 6.110, 319.96, -11.20, 6.108, 320.01, -11.23, 0.007, 79.06, -29.61);
insert into SHOT values (823, 804, 825, 161, 13.160, 277.56, -8.70, 13.154, 277.56, -8.70, 0.006, 112.19, 5.79);
insert into SHOT values (824, 804, 826, 161, 20.340, 249.06, -3.50, 20.337, 249.07, -3.50, 0.005, 19.27, 19.25);
insert into SHOT values (825, 804, 827, 161, 21.090, 266.06, -1.30, 21.085, 266.06, -1.30, 0.006, 116.91, -15.74);
insert into SHOT values (826, 804, 828, 161, 31.910, 277.46, -1.50, 31.912, 277.47, -1.49, 0.009, 349.92, 38.35);
insert into SHOT values (827, 804, 829, 161, 14.140, 336.66, 6.50, 14.138, 336.68, 6.50, 0.005, 87.71, -7.41);
insert into SHOT values (828, 804, 830, 161, 16.130, 316.06, 15.70, 16.127, 316.07, 15.72, 0.007, 113.85, 46.91);
insert into SHOT values (829, 804, 831, 161, 27.280, 307.26, 10.60, 27.282, 307.27, 10.60, 0.005, 7.91, 22.09);
insert into SHOT values (830, 804, 832, 161, 29.770, 309.86, 7.20, 29.769, 309.86, 7.20, 0.002, 147.06, -48.97);
insert into SHOT values (831, 804, 833, 161, 27.870, 320.16, 5.10, 27.872, 320.17, 5.10, 0.006, 35.22, 26.63);
insert into SHOT values (832, 804, 834, 161, 21.620, 329.96, 10.70, 21.618, 329.97, 10.72, 0.007, 106.16, 55.88);
insert into SHOT values (833, 804, 835, 161, 14.760, 308.86, -4.60, 14.754, 308.87, -4.59, 0.007, 104.90, 31.96);
insert into SHOT values (834, 804, 836, 161, 9.870, 283.06, -11.50, 9.870, 283.09, -11.51, 0.005, 21.80, -28.07);
insert into SHOT values (835, 804, 837, 161, 12.250, 297.56, 25.90, 12.251, 297.56, 25.89, 0.002, 309.28, -29.23);
insert into SHOT values (836, 804, 838, 161, 59.280, 89.46, 5.40, 59.286, 89.46, 5.40, 0.009, 38.37, 7.84);
insert into SHOT_FLAG values(836, 'dpl');
insert into SHOT values (837, 804, 839, 161, 25.480, 316.96, 0.40, 25.500, 316.88, 0.74, 0.158, 252.10, 74.12);
insert into SHOT values (838, 839, 840, 161, 4.020, 257.96, -8.10, 4.017, 257.96, -8.01, 0.007, 90.93, 69.56);
insert into SHOT values (839, 839, 841, 161, 11.950, 215.36, 17.50, 11.945, 215.35, 17.54, 0.010, 55.47, 41.73);
insert into SHOT values (840, 839, 842, 161, 5.210, 207.56, -4.20, 5.211, 207.50, -4.18, 0.006, 130.74, 15.34);
insert into SHOT values (841, 839, 843, 161, 4.900, 184.86, -19.70, 4.903, 184.85, -19.67, 0.004, 162.08, 26.29);
insert into SHOT values (842, 839, 844, 161, 6.450, 239.96, 49.00, 6.450, 239.92, 49.03, 0.004, 119.43, 29.27);
insert into SHOT values (843, 839, 845, 161, 7.070, 271.36, 19.50, 7.068, 271.38, 19.51, 0.003, 60.89, -0.28);
insert into SHOT values (844, 839, 846, 161, 4.390, 298.26, 18.60, 4.386, 298.29, 18.61, 0.005, 92.36, -2.83);
insert into SHOT values (845, 839, 847, 161, 4.900, 23.16, 25.80, 4.908, 23.20, 25.85, 0.010, 49.14, 49.86);
insert into SHOT values (846, 839, 848, 161, 8.410, 83.86, 24.90, 8.415, 83.83, 24.88, 0.007, 50.37, -7.31);
insert into SHOT values (847, 839, 849, 161, 17.520, 55.56, 57.20, 17.525, 55.56, 57.20, 0.005, 39.59, 39.73);
insert into SHOT values (848, 839, 850, 161, 16.450, 10.26, 40.60, 16.454, 10.28, 40.61, 0.007, 92.05, 45.78);
insert into SHOT values (849, 839, 851, 161, 19.070, 51.96, 83.50, 19.073, 52.13, 83.48, 0.010, 91.01, 14.91);
insert into SHOT values (850, 839, 852, 161, 17.340, 158.56, 75.60, 17.344, 158.49, 75.61, 0.007, 45.06, 40.33);
insert into SHOT values (851, 839, 853, 161, 5.800, 171.66, 63.50, 5.799, 171.56, 63.50, 0.005, 82.83, -7.34);
insert into SHOT values (852, 839, 854, 161, 27.990, 283.76, 47.40, 27.994, 283.77, 47.41, 0.007, 34.27, 64.71);
insert into SHOT values (853, 839, 855, 161, 21.520, 304.86, 39.20, 21.522, 304.86, 39.23, 0.010, 127.67, 62.32);
insert into SHOT values (854, 839, 856, 161, 30.750, 270.96, 40.30, 30.744, 270.95, 40.31, 0.010, 116.04, 7.12);
insert into SHOT values (855, 839, 857, 161, 23.090, 88.26, 50.90, 23.094, 88.27, 50.89, 0.005, 106.95, 13.36);
insert into SHOT values (856, 839, 858, 161, 22.220, 74.36, 44.40, 22.224, 74.36, 44.40, 0.004, 64.43, 57.87);
insert into SHOT values (857, 839, 859, 161, 15.370, 81.26, 34.60, 15.375, 81.27, 34.60, 0.006, 108.18, 22.30);
insert into SHOT values (858, 839, 860, 161, 19.130, 109.36, 50.30, 19.132, 109.35, 50.30, 0.003, 46.35, 32.56);
insert into SHOT values (859, 839, 861, 161, 11.000, 240.96, 16.80, 10.959, 240.74, 17.47, 0.141, 89.21, 51.85);
insert into SHOT values (860, 861, 862, 161, 3.570, 146.66, -47.30, 3.571, 146.77, -47.19, 0.008, 183.88, 26.37);
insert into SHOT values (861, 861, 863, 161, 9.060, 174.96, -29.00, 9.065, 174.94, -28.97, 0.008, 146.60, 16.86);
insert into SHOT values (862, 861, 864, 161, 7.520, 116.56, -18.60, 7.526, 116.57, -18.60, 0.006, 118.72, -13.72);
insert into SHOT values (863, 861, 865, 161, 9.190, 138.16, -10.00, 9.196, 138.18, -9.96, 0.010, 154.81, 36.90);
insert into SHOT values (864, 861, 866, 161, 9.750, 38.16, -24.20, 9.748, 38.20, -24.16, 0.009, 115.12, 51.46);
insert into SHOT values (865, 861, 867, 161, 4.920, 16.56, 19.60, 4.920, 16.68, 19.60, 0.009, 106.62, -2.66);
insert into SHOT values (866, 861, 868, 161, 6.820, 345.26, 10.40, 6.811, 345.30, 10.40, 0.010, 138.95, -6.72);
insert into SHOT values (867, 861, 869, 161, 8.300, 315.86, 15.20, 8.297, 315.91, 15.23, 0.009, 77.95, 25.96);
insert into SHOT values (868, 861, 870, 161, 6.150, 304.36, 21.00, 6.152, 304.35, 21.05, 0.006, 215.21, 81.55);
insert into SHOT values (869, 861, 871, 161, 14.190, 276.76, 9.60, 14.186, 276.73, 9.62, 0.009, 153.08, 22.30);
insert into SHOT values (870, 861, 872, 161, 4.100, 288.96, -5.70, 4.091, 288.92, -5.75, 0.010, 124.72, -15.42);
insert into SHOT values (871, 861, 873, 161, 12.650, 302.86, 2.80, 12.613, 303.50, 3.36, 0.191, 50.27, 39.74);
insert into SHOT values (872, 873, 874, 161, 6.070, 294.06, -5.50, 6.063, 294.06, -5.58, 0.011, 117.43, -46.28);
insert into SHOT values (873, 873, 875, 161, 20.770, 284.06, 51.40, 20.769, 284.07, 51.39, 0.003, 342.91, -58.13);
insert into SHOT values (874, 873, 876, 161, 22.950, 300.76, 25.80, 22.943, 300.77, 25.78, 0.010, 74.16, -59.35);
insert into SHOT values (875, 873, 877, 161, 12.190, 305.86, 14.70, 12.186, 305.89, 14.69, 0.007, 68.56, -28.71);
insert into SHOT values (876, 873, 878, 161, 7.170, 313.86, 0.10, 7.171, 313.87, 0.08, 0.003, 343.85, -56.01);
insert into SHOT values (877, 873, 879, 161, 16.130, 325.06, 15.40, 16.127, 325.08, 15.39, 0.007, 73.50, -30.66);
insert into SHOT values (878, 873, 880, 161, 18.900, 336.36, 19.90, 18.896, 336.38, 19.89, 0.006, 95.78, -31.19);
insert into SHOT values (879, 873, 881, 161, 12.340, 352.76, 15.60, 12.336, 352.80, 15.56, 0.011, 95.94, -49.50);
insert into SHOT values (880, 873, 882, 161, 15.190, 347.06, 0.50, 15.186, 347.06, 0.49, 0.005, 172.27, -33.12);
insert into SHOT values (881, 873, 883, 161, 5.070, 329.26, -12.90, 5.071, 329.33, -12.99, 0.010, 69.43, -52.45);
insert into SHOT values (882, 873, 884, 161, 16.670, 21.86, 65.60, 16.669, 21.91, 65.60, 0.006, 101.68, -10.98);
insert into SHOT values (883, 873, 885, 161, 17.250, 94.36, 78.00, 17.248, 94.31, 77.99, 0.006, 53.88, -32.13);
insert into SHOT values (884, 873, 886, 161, 14.650, 50.66, 38.70, 14.656, 50.68, 38.68, 0.008, 69.19, 1.47);
insert into SHOT values (885, 873, 887, 161, 17.470, 98.26, 70.70, 17.464, 98.26, 70.67, 0.010, 91.33, -54.45);
insert into SHOT values (886, 873, 888, 161, 2.930, 215.06, 72.60, 2.924, 214.78, 72.56, 0.007, 130.09, -53.50);
insert into SHOT values (887, 873, 889, 161, 1.700, 165.66, 54.90, 1.702, 165.26, 54.75, 0.009, 110.25, -5.76);
insert into SHOT values (888, 873, 890, 161, 6.390, 184.06, 2.50, 6.392, 184.04, 2.42, 0.009, 132.13, -70.02);
insert into SHOT values (889, 873, 891, 161, 7.380, 189.66, -29.50, 7.380, 189.59, -29.55, 0.010, 75.70, -34.99);
insert into SHOT values (890, 873, 892, 161, 5.160, 119.96, -18.00, 5.160, 119.96, -18.06, 0.006, 302.89, -71.37);
insert into SHOT values (891, 873, 893, 161, 7.600, 161.56, 3.70, 7.596, 161.54, 3.70, 0.005, 16.58, -4.99);
insert into SHOT values (892, 873, 894, 161, 4.900, 230.46, -18.50, 4.900, 230.42, -18.56, 0.007, 118.33, -51.24);
insert into SHOT values (893, 873, 895, 161, 7.500, 210.96, -27.20, 7.500, 210.95, -27.22, 0.003, 88.83, -42.01);
insert into SHOT values (894, 873, 896, 161, 8.240, 193.36, -23.60, 8.243, 193.32, -23.60, 0.006, 124.91, -10.09);
insert into SHOT values (895, 873, 897, 161, 13.270, 210.56, -19.20, 13.270, 210.56, -19.23, 0.006, 71.12, -67.49);
insert into SHOT values (896, 897, 898, 161, 6.190, 108.56, -0.10, 6.192, 108.55, -0.09, 0.002, 73.87, 20.56);
insert into SHOT values (897, 897, 899, 161, 5.690, 204.56, 1.00, 5.684, 204.54, 1.01, 0.007, 49.21, 6.06);
insert into SHOT values (898, 897, 900, 161, 5.250, 164.86, -8.30, 5.247, 164.81, -8.33, 0.006, 35.96, -19.86);
insert into SHOT values (899, 897, 901, 161, 11.350, 169.36, -1.80, 11.351, 169.33, -1.77, 0.009, 95.00, 47.06);
insert into SHOT values (900, 897, 902, 161, 9.910, 158.96, 0.40, 9.912, 158.95, 0.40, 0.003, 104.78, 16.10);
insert into SHOT values (901, 897, 903, 161, 1.910, 162.36, 32.80, 1.914, 162.24, 32.92, 0.006, 89.69, 56.22);
insert into SHOT values (902, 897, 904, 161, 2.000, 60.26, 36.20, 1.998, 60.26, 36.20, 0.002, 249.15, -39.17);
insert into SHOT values (903, 897, 905, 161, 4.410, 64.56, 7.20, 4.409, 64.55, 7.17, 0.003, 305.51, -63.73);
insert into SHOT values (904, 897, 906, 161, 5.600, 13.66, 21.00, 5.602, 13.72, 21.03, 0.006, 91.14, 31.85);
insert into SHOT values (905, 897, 907, 161, 5.280, 248.66, 1.10, 5.282, 248.68, 1.08, 0.003, 285.23, -25.10);
insert into SHOT values (906, 897, 908, 161, 2.780, 272.56, -4.80, 2.782, 272.48, -4.74, 0.005, 212.93, 29.50);
insert into SHOT values (907, 897, 909, 161, 5.580, 276.76, 9.70, 5.578, 276.79, 9.70, 0.003, 40.90, -3.28);
insert into SHOT values (908, 897, 910, 161, 5.250, 312.26, 3.40, 5.248, 312.21, 3.39, 0.005, 198.15, -15.64);
insert into SHOT values (909, 897, 911, 161, 3.060, 328.06, 38.00, 3.064, 328.22, 38.09, 0.009, 56.41, 42.41);
insert into SHOT values (910, 897, 912, 161, 10.130, 156.96, -1.90, 10.132, 156.98, -1.87, 0.007, 212.81, 59.09);
insert into SHOT values (911, 897, 913, 161, 10.360, 156.96, -1.80, 10.360, 156.98, -1.77, 0.006, 247.34, 67.36);
insert into SHOT values (912, 897, 914, 161, 14.520, 280.06, 0.60, 14.515, 280.08, 0.59, 0.007, 62.97, -17.39);
insert into SHOT values (913, 914, 915, 161, 1.100, 28.46, 4.30, 1.095, 28.44, 4.71, 0.009, 212.80, 55.71);
insert into SHOT values (914, 914, 916, 161, 1.890, 230.66, 4.30, 1.896, 230.58, 4.54, 0.010, 203.50, 54.89);
insert into SHOT values (915, 914, 917, 161, 0.560, 291.46, -56.90, 0.555, 290.77, -56.01, 0.011, 250.58, 57.93);
insert into SHOT values (916, 914, 918, 161, 5.180, 310.66, -4.20, 5.177, 310.60, -4.21, 0.006, 191.27, -5.58);
insert into SHOT values (917, 914, 919, 161, 11.470, 279.06, -5.10, 11.478, 279.06, -5.10, 0.008, 272.41, -2.72);
insert into SHOT values (918, 914, 920, 161, 14.550, 292.26, -3.10, 14.552, 292.24, -3.07, 0.009, 224.83, 47.86);
insert into SHOT values (919, 914, 921, 161, 9.830, 290.96, 34.50, 9.836, 290.96, 34.49, 0.006, 288.08, 22.72);
insert into SHOT values (920, 914, 922, 161, 5.600, 302.76, 32.60, 5.602, 302.71, 32.62, 0.005, 222.09, 34.68);
insert into SHOT values (921, 914, 923, 161, 2.620, 282.76, 35.40, 2.627, 282.67, 35.36, 0.008, 255.75, 17.23);
insert into SHOT values (922, 914, 924, 161, 3.840, 282.06, 10.00, 3.842, 282.05, 10.04, 0.004, 259.67, 59.53);
insert into SHOT values (923, 914, 925, 161, 3.250, 99.26, 5.70, 3.249, 99.26, 5.83, 0.007, 287.98, 75.63);
insert into SHOT values (924, 914, 926, 161, 3.210, 109.76, -5.50, 3.203, 109.80, -5.38, 0.010, 273.39, 47.48);
insert into SHOT values (925, 914, 927, 161, 5.440, 110.26, 16.50, 5.440, 110.31, 16.56, 0.007, 221.94, 46.28);
insert into SHOT values (926, 914, 928, 161, 3.920, 123.46, 5.50, 3.915, 123.49, 5.57, 0.007, 286.68, 38.48);
insert into SHOT values (927, 914, 929, 161, 9.660, 293.66, 1.80, 9.664, 293.62, 1.84, 0.011, 231.50, 38.02);
insert into SHOT values (928, 929, 930, 161, 4.510, 203.86, -3.40, 4.503, 203.88, -3.44, 0.008, 10.51, -19.06);
insert into SHOT values (929, 929, 931, 161, 2.870, 201.86, 2.70, 2.870, 201.91, 2.60, 0.006, 284.35, -64.34);
insert into SHOT values (930, 929, 932, 161, 1.620, 200.86, 29.90, 1.619, 200.89, 30.01, 0.003, 3.80, 46.84);
insert into SHOT values (931, 929, 933, 161, 3.070, 179.56, 68.10, 3.070, 179.50, 68.20, 0.005, 14.17, 16.53);
insert into SHOT values (932, 929, 934, 161, 0.440, 14.46, 48.20, 0.447, 15.42, 47.65, 0.009, 48.28, 12.41);
insert into SHOT values (933, 929, 935, 161, 3.170, 273.26, -18.40, 3.167, 273.24, -18.41, 0.003, 111.81, 10.44);
insert into SHOT values (934, 929, 936, 161, 9.830, 276.36, -2.60, 9.831, 276.37, -2.62, 0.004, 339.37, -66.74);
insert into SHOT values (935, 929, 937, 161, 7.550, 280.66, -7.20, 7.550, 280.69, -7.23, 0.006, 15.66, -42.04);
insert into SHOT values (936, 929, 938, 161, 4.050, 273.26, 3.50, 4.044, 273.27, 3.40, 0.009, 91.10, -50.89);
insert into SHOT values (937, 929, 939, 161, 9.900, 276.66, 3.10, 9.901, 276.68, 3.07, 0.006, 336.79, -59.25);
insert into SHOT values (938, 929, 940, 161, 2.470, 95.06, -2.10, 2.471, 95.11, -2.09, 0.003, 149.07, 11.48);
insert into SHOT values (939, 940, 941, 161, 3.750, 28.26, -26.90, 3.754, 28.17, -26.93, 0.007, 321.24, -30.53);
insert into SHOT values (940, 839, 942, 161, 18.670, 86.66, 34.20, 18.655, 87.85, 33.92, 0.334, 170.28, -14.58);
insert into SHOT values (941, 942, 943, 161, 8.340, 72.86, 72.50, 8.337, 72.86, 72.47, 0.005, 73.17, -47.95);
insert into SHOT values (942, 942, 944, 161, 11.770, 2.36, 27.80, 11.768, 2.37, 27.81, 0.003, 165.74, 12.90);
insert into SHOT values (943, 942, 945, 161, 1.820, 124.96, -24.40, 1.821, 124.94, -24.33, 0.003, 96.72, 47.35);
insert into SHOT values (944, 942, 946, 161, 3.990, 171.96, 12.00, 3.996, 171.91, 11.99, 0.007, 141.72, 3.52);
insert into SHOT values (945, 942, 947, 161, 18.240, 114.56, 28.70, 18.247, 114.55, 28.69, 0.009, 84.68, 4.71);
insert into SHOT values (946, 942, 948, 161, 9.900, 128.86, 10.90, 9.900, 128.86, 10.89, 0.002, 109.87, -75.89);
insert into SHOT values (947, 942, 949, 161, 14.480, 301.56, 9.50, 14.470, 301.56, 9.51, 0.010, 122.25, 0.62);
insert into SHOT values (948, 942, 950, 161, 21.530, 280.76, -20.40, 21.524, 280.77, -20.39, 0.007, 73.20, 44.32);
insert into SHOT values (949, 942, 951, 161, 16.320, 284.86, -28.90, 16.312, 284.85, -28.93, 0.011, 117.49, -14.77);
insert into SHOT values (950, 942, 952, 161, 23.560, 270.76, -9.80, 23.556, 270.77, -9.80, 0.004, 80.07, 1.85);
insert into SHOT values (951, 942, 953, 161, 31.230, 281.16, -13.60, 31.228, 281.15, -13.59, 0.008, 179.83, 27.25);
insert into SHOT values (952, 942, 954, 161, 19.540, 259.46, 8.80, 19.536, 259.46, 8.80, 0.005, 75.51, 8.27);
insert into SHOT values (953, 942, 955, 161, 9.620, 254.16, 39.90, 9.621, 254.12, 39.89, 0.006, 179.97, -7.10);
insert into SHOT values (954, 942, 956, 161, 9.110, 241.16, 64.80, 9.104, 241.12, 64.83, 0.008, 83.99, -20.62);
insert into SHOT values (955, 942, 957, 161, 7.740, 101.96, -1.00, 7.751, 102.67, -1.26, 0.103, 186.39, -19.90);
insert into SHOT values (956, 957, 958, 161, 4.280, 180.06, 1.80, 4.282, 180.00, 1.87, 0.008, 114.11, 47.06);
insert into SHOT values (957, 957, 959, 161, 9.860, 151.66, 72.80, 9.860, 151.50, 72.82, 0.009, 43.89, 6.23);
insert into SHOT values (958, 957, 960, 161, 7.890, 17.66, 30.10, 7.896, 17.64, 30.10, 0.007, 348.47, 27.65);
insert into SHOT values (959, 957, 961, 161, 2.360, 22.96, -3.70, 2.362, 22.98, -3.64, 0.003, 37.47, 49.67);
insert into SHOT values (960, 957, 962, 161, 10.670, 57.96, 4.90, 10.669, 57.95, 4.89, 0.003, 288.08, -33.73);
insert into SHOT values (961, 957, 963, 161, 20.080, 106.06, 3.40, 20.076, 106.05, 3.40, 0.007, 342.10, -7.46);
insert into SHOT values (962, 957, 964, 161, 11.130, 124.36, 4.40, 11.128, 124.35, 4.43, 0.007, 352.83, 58.76);
insert into SHOT values (963, 957, 965, 161, 5.420, 145.66, -3.80, 5.415, 145.63, -3.81, 0.006, 355.37, -7.98);
insert into SHOT values (964, 957, 966, 161, 14.570, 114.16, -12.30, 14.572, 114.17, -12.28, 0.005, 148.68, 49.21);
insert into SHOT values (965, 957, 967, 161, 3.270, 107.66, -23.10, 3.272, 107.59, -23.03, 0.006, 56.48, 31.62);
insert into SHOT values (966, 957, 968, 161, 7.260, 126.96, -14.20, 7.250, 126.90, -14.21, 0.013, 343.19, 4.22);
insert into SHOT values (967, 968, 969, 161, 6.900, 110.76, -16.90, 6.895, 110.77, -16.86, 0.007, 278.20, 60.80);
insert into SHOT values (968, 968, 970, 161, 2.690, 148.16, -47.20, 2.694, 148.13, -47.00, 0.010, 140.99, 21.75);
insert into SHOT values (969, 968, 971, 161, 16.640, 150.56, -42.50, 16.643, 150.57, -42.48, 0.006, 173.83, 18.06);
insert into SHOT values (970, 968, 972, 161, 43.860, 148.56, -9.80, 43.862, 148.57, -9.79, 0.007, 202.72, 51.32);
insert into SHOT values (971, 968, 973, 161, 11.190, 167.66, -8.60, 11.192, 167.63, -8.58, 0.007, 102.10, 28.01);
insert into SHOT values (972, 968, 974, 161, 10.350, 145.96, 68.80, 10.351, 145.89, 68.79, 0.005, 72.53, 4.84);
insert into SHOT values (973, 968, 975, 161, 14.260, 104.26, 13.20, 14.265, 104.26, 13.21, 0.006, 83.68, 37.98);
insert into SHOT values (974, 968, 976, 161, 11.410, 85.36, 45.10, 11.417, 85.37, 45.12, 0.008, 114.27, 71.70);
insert into SHOT values (975, 968, 977, 161, 42.030, 133.86, -15.40, 42.024, 133.78, -15.34, 0.072, 49.15, 35.02);
insert into SHOT values (976, 957, 978, 161, 14.390, 221.96, 63.80, 14.388, 222.00, 63.80, 0.005, 335.72, -18.90);
insert into SHOT values (977, 957, 979, 161, 8.240, 0.26, 29.60, 8.179, 0.24, 29.76, 0.065, 182.59, -8.87);
insert into SHOT values (978, 979, 980, 161, 4.270, 246.96, 3.00, 4.267, 246.93, 2.96, 0.006, 108.22, -38.83);
insert into SHOT values (979, 979, 981, 161, 1.160, 223.36, -8.90, 1.160, 223.59, -8.93, 0.004, 315.68, -6.87);
insert into SHOT values (980, 979, 982, 161, 2.470, 247.26, 50.30, 2.473, 247.32, 50.21, 0.005, 267.62, -4.91);
insert into SHOT values (981, 979, 983, 161, 13.480, 271.56, 4.40, 13.484, 271.58, 4.38, 0.007, 305.18, -35.78);
insert into SHOT values (982, 979, 984, 161, 15.870, 284.96, 6.10, 15.873, 284.94, 6.08, 0.009, 228.08, -44.01);
insert into SHOT values (983, 979, 985, 161, 9.920, 300.06, 7.00, 9.918, 300.06, 7.01, 0.003, 148.57, 20.24);
insert into SHOT values (984, 979, 986, 161, 7.570, 321.06, 10.30, 7.566, 321.05, 10.28, 0.005, 166.81, -45.63);
insert into SHOT values (985, 979, 987, 161, 4.550, 299.36, -37.10, 4.552, 299.39, -37.17, 0.006, 79.15, -62.34);
insert into SHOT values (986, 979, 988, 161, 10.300, 274.36, -35.60, 10.302, 274.38, -35.62, 0.005, 13.20, -54.85);
insert into SHOT values (987, 979, 989, 161, 16.050, 284.76, -38.30, 16.060, 283.65, -38.88, 0.293, 173.45, -26.89);
insert into SHOT values (988, 989, 990, 161, 1.300, 65.86, -8.90, 1.300, 65.63, -8.85, 0.005, 336.82, 12.12);
insert into SHOT values (989, 989, 991, 161, 3.400, 76.46, -64.60, 3.400, 76.53, -64.56, 0.003, 122.52, 27.90);
insert into SHOT values (990, 989, 992, 161, 9.270, 74.56, -51.60, 9.266, 74.59, -51.59, 0.006, 186.89, 61.21);
insert into SHOT values (991, 989, 993, 161, 6.780, 93.76, -48.10, 6.784, 93.67, -48.11, 0.008, 14.50, -25.67);
insert into SHOT values (992, 989, 994, 161, 12.820, 83.86, -40.00, 12.824, 83.87, -39.98, 0.006, 88.40, 5.49);
insert into SHOT values (993, 989, 995, 161, 12.120, 98.56, -13.00, 12.123, 98.57, -13.01, 0.005, 124.41, -52.37);
insert into SHOT values (994, 989, 996, 161, 19.710, 106.26, 35.70, 19.712, 106.25, 35.69, 0.005, 59.43, -17.65);
insert into SHOT values (995, 989, 997, 161, 5.610, 118.56, 69.60, 5.612, 118.40, 69.61, 0.006, 26.81, 18.34);
insert into SHOT values (996, 989, 998, 161, 2.980, 171.96, 23.00, 2.977, 171.81, 23.14, 0.011, 46.49, 32.12);
insert into SHOT values (997, 989, 999, 161, 7.040, 119.16, 17.10, 7.044, 119.15, 17.09, 0.004, 104.22, -0.58);
insert into SHOT values (998, 989, 1000, 161, 3.310, 248.66, 23.00, 3.311, 248.65, 22.93, 0.004, 234.53, -53.97);
insert into SHOT values (999, 989, 1001, 161, 4.100, 301.06, 10.70, 4.100, 301.09, 10.68, 0.002, 38.36, -37.80);
insert into SHOT values (1000, 989, 1002, 161, 14.810, 94.36, -39.50, 14.814, 94.36, -39.49, 0.005, 96.12, 3.38);
insert into SHOT values (1001, 989, 1003, 161, 5.020, 272.86, 21.80, 5.008, 272.34, 21.68, 0.045, 173.10, -18.30);
insert into SHOT values (1002, 1003, 1004, 161, 2.700, 282.66, -40.30, 2.703, 282.62, -40.35, 0.004, 211.92, -65.47);
insert into SHOT values (1003, 1003, 1005, 161, 2.470, 191.76, 10.60, 2.473, 191.86, 10.48, 0.007, 238.07, -36.30);
insert into SHOT values (1004, 1003, 1006, 161, 6.730, 346.86, 77.80, 6.721, 346.55, 77.81, 0.012, 233.55, -43.60);
insert into SHOT values (1005, 1003, 1007, 161, 1.610, 33.36, 14.40, 1.604, 33.18, 14.44, 0.008, 252.28, -2.81);
insert into SHOT values (1006, 1003, 1008, 161, 5.170, 334.66, 13.30, 5.173, 334.61, 13.19, 0.012, 290.90, -51.69);
insert into SHOT values (1007, 1003, 1009, 161, 13.780, 315.66, -0.90, 13.777, 315.65, -0.91, 0.006, 188.28, -35.88);
insert into SHOT values (1008, 1003, 1010, 161, 9.500, 338.66, -14.90, 9.501, 338.66, -14.94, 0.007, 165.77, -79.34);
insert into SHOT values (1009, 1003, 1011, 161, 6.210, 348.86, 11.90, 6.209, 348.80, 11.90, 0.007, 251.48, -4.54);
insert into SHOT values (1010, 1003, 1012, 161, 7.560, 257.76, 65.10, 7.554, 257.67, 65.07, 0.009, 172.41, -53.33);
insert into SHOT values (1011, 1003, 1013, 161, 25.550, 242.86, 24.30, 25.553, 242.87, 24.29, 0.008, 280.23, -30.54);
insert into SHOT values (1012, 1003, 1014, 161, 37.880, 257.46, 21.20, 37.883, 257.46, 21.18, 0.011, 234.33, -50.32);
insert into SHOT values (1013, 1003, 1015, 161, 32.540, 261.26, 0.40, 32.548, 261.27, 0.39, 0.011, 286.77, -39.41);
insert into SHOT values (1014, 1003, 1016, 161, 30.120, 269.96, -5.10, 30.119, 269.96, -5.10, 0.003, 135.92, -66.68);
insert into SHOT values (1015, 1003, 1017, 161, 17.180, 280.46, -1.20, 17.180, 280.47, -1.20, 0.001, 41.25, -12.61);
insert into SHOT values (1016, 1003, 1018, 161, 5.560, 322.26, -14.80, 5.521, 321.86, -15.23, 0.068, 179.99, -25.92);
insert into SHOT values (1017, 1018, 1019, 161, 5.520, 92.56, 9.80, 5.516, 92.53, 9.81, 0.005, 309.18, 4.90);
insert into SHOT values (1018, 1018, 1020, 161, 3.340, 21.66, 51.10, 3.340, 21.55, 51.12, 0.004, 279.91, 8.79);
insert into SHOT values (1019, 1018, 1021, 161, 5.900, 309.76, 19.50, 5.905, 309.75, 19.49, 0.006, 299.26, 5.55);
insert into SHOT values (1020, 1018, 1022, 161, 14.940, 358.36, 8.50, 14.941, 358.33, 8.51, 0.008, 270.94, 12.23);
insert into SHOT values (1021, 1018, 1023, 161, 15.570, 17.36, 10.80, 15.572, 17.35, 10.81, 0.006, 302.66, 26.15);
insert into SHOT values (1022, 1018, 1024, 161, 16.640, 43.16, 9.00, 16.641, 43.15, 9.02, 0.008, 305.45, 62.46);
insert into SHOT values (1023, 1018, 1025, 161, 13.350, 17.56, -3.50, 13.346, 17.56, -3.48, 0.006, 193.82, 50.93);
insert into SHOT values (1024, 1018, 1026, 161, 17.020, 329.16, 8.90, 17.023, 329.16, 8.92, 0.007, 340.94, 72.43);
insert into SHOT values (1025, 1018, 1027, 161, 7.380, 315.06, 13.50, 7.383, 315.06, 13.55, 0.007, 275.79, 79.32);
insert into SHOT values (1026, 1018, 1028, 161, 8.170, 342.16, 2.80, 8.172, 342.16, 2.81, 0.002, 346.64, 23.69);
insert into SHOT values (1027, 1018, 1029, 161, 5.540, 339.36, 27.70, 5.542, 339.35, 27.74, 0.005, 254.71, 74.86);
insert into SHOT values (1028, 1018, 1030, 161, 6.800, 268.16, 21.20, 6.803, 268.19, 21.20, 0.005, 312.79, 11.44);
insert into SHOT values (1029, 1018, 1031, 161, 4.220, 225.06, 52.40, 4.229, 225.16, 52.39, 0.010, 259.59, 41.29);
insert into SHOT values (1030, 1018, 1032, 161, 4.130, 149.16, 59.20, 4.133, 149.31, 59.20, 0.006, 223.47, 23.23);
insert into SHOT values (1031, 1018, 1033, 161, 21.160, 166.06, 29.60, 21.166, 166.07, 29.62, 0.009, 202.50, 67.75);
insert into SHOT values (1032, 1018, 1034, 161, 18.910, 189.46, 49.60, 18.911, 189.49, 49.59, 0.005, 260.31, -7.85);
insert into SHOT values (1033, 1018, 1035, 161, 10.740, 207.66, -6.70, 10.794, 207.09, -6.92, 0.127, 142.05, -21.79);
insert into SHOT values (1034, 1035, 1036, 161, 7.280, 74.86, 5.10, 7.279, 74.89, 5.04, 0.008, 173.44, -64.09);
insert into SHOT values (1035, 1035, 1037, 161, 13.420, 46.86, 44.80, 13.416, 46.87, 44.78, 0.006, 125.48, -76.13);
insert into SHOT values (1036, 1035, 1038, 161, 16.760, 178.46, 83.30, 16.755, 178.54, 83.28, 0.008, 204.70, -43.51);
insert into SHOT values (1037, 1035, 1039, 161, 11.600, 186.76, 48.20, 11.596, 186.76, 48.17, 0.008, 164.74, -74.39);
insert into SHOT values (1038, 1035, 1040, 161, 5.630, 193.86, 20.20, 5.630, 193.90, 20.16, 0.006, 267.16, -45.24);
insert into SHOT values (1039, 1035, 1041, 161, 10.190, 331.86, 22.30, 10.186, 331.83, 22.27, 0.009, 227.06, -50.45);
insert into SHOT values (1040, 1035, 1042, 161, 2.680, 315.56, -25.80, 2.680, 315.50, -25.88, 0.005, 194.05, -50.77);
insert into SHOT values (1041, 1035, 1043, 161, 14.190, 240.26, 34.30, 14.190, 240.24, 34.27, 0.009, 193.53, -48.45);
insert into SHOT values (1042, 1035, 1044, 161, 13.770, 308.66, 24.90, 13.763, 308.66, 24.88, 0.009, 139.65, -62.57);
insert into SHOT values (1043, 1035, 1045, 161, 26.550, 266.16, 39.40, 26.548, 266.17, 39.40, 0.003, 1.96, -36.81);
insert into SHOT values (1044, 1035, 839, 161, 5.310, 153.26, -38.50, 5.374, 153.13, -38.15, 0.073, 145.44, -11.47);
insert into SHOT values (1045, 1035, 1046, 161, 10.840, 323.96, 10.50, 10.858, 323.29, 10.08, 0.150, 247.77, -30.28);
insert into SHOT values (1046, 1046, 1047, 161, 10.900, 189.26, -3.40, 10.900, 189.25, -3.37, 0.007, 125.80, 73.98);
insert into SHOT values (1047, 1046, 1048, 161, 4.180, 235.06, -33.70, 4.179, 235.08, -33.72, 0.002, 29.73, -23.43);
insert into SHOT values (1048, 1046, 1049, 161, 21.140, 218.76, 31.30, 21.141, 218.77, 31.32, 0.009, 353.65, 57.67);
insert into SHOT values (1049, 1046, 1050, 161, 22.770, 229.86, 45.90, 22.772, 229.87, 45.93, 0.010, 44.00, 52.84);
insert into SHOT values (1050, 1046, 1051, 161, 40.240, 257.16, 24.80, 40.234, 257.17, 24.81, 0.008, 46.18, 8.53);
insert into SHOT values (1051, 1046, 1052, 161, 44.600, 264.16, 22.30, 44.601, 264.17, 22.31, 0.009, 3.87, 44.60);
insert into SHOT values (1052, 1046, 1053, 161, 19.220, 266.96, 6.90, 19.216, 266.97, 6.90, 0.004, 78.40, 13.35);
insert into SHOT values (1053, 1046, 1054, 161, 19.240, 267.76, -0.10, 19.235, 267.77, -0.09, 0.006, 80.38, 33.60);
insert into SHOT values (1054, 1046, 1055, 161, 9.940, 265.66, -12.00, 9.933, 265.69, -11.97, 0.010, 43.50, 42.73);
insert into SHOT values (1055, 1046, 1056, 161, 6.530, 229.56, -19.30, 6.522, 229.61, -19.25, 0.011, 6.30, 48.03);
insert into SHOT values (1056, 1046, 1057, 161, 6.190, 195.56, -28.10, 6.186, 195.51, -28.06, 0.008, 88.19, 47.87);
insert into SHOT values (1057, 1046, 873, 161, 15.440, 226.56, -3.90, 15.486, 227.15, -4.41, 0.214, 304.16, -40.72);
insert into SHOT values (1058, 1046, 1058, 161, 13.060, 262.96, -5.10, 13.054, 263.07, -4.97, 0.039, 0.77, 52.70);
insert into SHOT values (1059, 1058, 1059, 161, 11.200, 195.66, -5.90, 11.201, 195.62, -5.89, 0.008, 111.29, 8.67);
insert into SHOT values (1060, 1058, 1060, 161, 19.570, 184.36, 55.50, 19.576, 184.34, 55.49, 0.008, 156.31, 12.64);
insert into SHOT values (1061, 1058, 1061, 161, 11.440, 155.26, 17.80, 11.448, 155.27, 17.80, 0.008, 163.56, 20.97);
insert into SHOT values (1062, 1058, 1062, 161, 19.690, 132.56, 13.90, 19.693, 132.56, 13.90, 0.003, 124.01, -1.79);
insert into SHOT values (1063, 1058, 1063, 161, 4.200, 110.36, -13.00, 4.204, 110.43, -12.92, 0.008, 150.39, 34.89);
insert into SHOT values (1064, 1058, 1064, 161, 23.320, 126.76, 42.10, 23.325, 126.78, 42.11, 0.007, 201.50, 52.40);
insert into SHOT values (1065, 1058, 1065, 161, 19.930, 142.36, 59.20, 19.934, 142.40, 59.19, 0.009, 191.23, 6.01);
insert into SHOT values (1066, 1058, 1066, 161, 4.260, 53.46, 21.60, 4.262, 53.62, 21.62, 0.011, 136.79, 9.21);
insert into SHOT values (1067, 1058, 1067, 161, 9.430, 78.26, 9.60, 9.437, 78.28, 9.64, 0.010, 101.72, 48.20);
insert into SHOT values (1068, 1058, 1068, 161, 2.800, 358.26, -18.20, 2.790, 358.27, -18.17, 0.010, 175.97, 27.49);
insert into SHOT values (1069, 1058, 1069, 161, 3.410, 0.16, 20.10, 3.407, 0.18, 20.08, 0.003, 159.18, -37.39);
insert into SHOT values (1070, 1058, 1070, 161, 4.700, 321.46, -4.10, 4.694, 321.42, -4.03, 0.009, 174.42, 40.75);
insert into SHOT values (1071, 1058, 1071, 161, 13.430, 326.66, 28.20, 13.423, 326.66, 28.23, 0.010, 151.63, 20.96);
insert into SHOT values (1072, 1058, 1072, 161, 9.540, 293.76, 28.30, 9.536, 293.75, 28.36, 0.012, 122.01, 38.74);
insert into SHOT values (1073, 1058, 1073, 161, 8.470, 274.06, 31.90, 8.470, 274.07, 31.93, 0.005, 80.12, 56.26);
insert into SHOT values (1074, 1058, 1074, 161, 12.700, 261.36, 25.90, 12.697, 261.34, 25.92, 0.007, 132.38, 21.79);
insert into SHOT values (1075, 1058, 1075, 161, 7.450, 258.96, 18.70, 7.445, 258.96, 18.73, 0.006, 81.53, 12.88);
insert into SHOT values (1076, 1058, 1076, 161, 4.550, 257.96, 11.80, 4.544, 257.93, 11.81, 0.006, 101.47, -4.32);
insert into SHOT values (1077, 1058, 1077, 161, 20.650, 238.26, 38.20, 20.651, 238.25, 38.20, 0.004, 159.28, -1.87);
insert into SHOT values (1078, 1058, 1078, 161, 22.010, 252.56, 46.80, 22.012, 252.54, 46.81, 0.009, 138.77, 38.12);
insert into SHOT values (1079, 1058, 1079, 161, 10.530, 327.36, -3.10, 10.526, 327.35, -3.10, 0.004, 171.88, -7.04);
insert into SHOT values (1080, 1058, 1080, 161, 26.910, 329.86, 1.80, 26.907, 329.87, 1.81, 0.006, 105.58, 49.45);
insert into SHOT values (1081, 1058, 1081, 161, 32.830, 319.66, 1.40, 32.822, 319.66, 1.40, 0.009, 152.53, -14.34);
insert into SHOT values (1082, 1058, 1082, 161, 21.000, 307.66, 17.40, 20.995, 307.66, 17.40, 0.005, 142.93, 1.54);
insert into SHOT values (1083, 1058, 1083, 161, 20.240, 263.96, 28.90, 20.221, 263.43, 29.12, 0.182, 155.56, 18.75);
insert into SHOT values (1084, 1083, 1084, 161, 0.730, 161.56, -71.20, 0.729, 160.02, -71.26, 0.007, 60.41, 9.30);
insert into SHOT values (1085, 1083, 1085, 161, 6.320, 187.16, 29.30, 6.319, 187.09, 29.27, 0.008, 101.97, -21.31);
insert into SHOT values (1086, 1083, 1086, 161, 10.410, 192.26, 62.30, 10.413, 192.17, 62.31, 0.009, 100.22, 21.00);
insert into SHOT values (1087, 1083, 1087, 161, 2.930, 340.66, 2.40, 2.928, 340.64, 2.35, 0.004, 196.35, -48.47);
insert into SHOT values (1088, 1083, 1088, 161, 0.900, 314.46, -28.20, 0.896, 315.00, -27.94, 0.009, 54.01, 35.14);
insert into SHOT values (1089, 1083, 1089, 161, 8.900, 238.46, 63.40, 8.898, 238.47, 63.45, 0.008, 56.06, 14.54);
insert into SHOT values (1090, 1083, 1090, 161, 11.370, 130.86, 13.40, 11.371, 130.82, 13.42, 0.010, 39.59, 31.28);
insert into SHOT values (1091, 1083, 1091, 161, 5.290, 45.06, 14.80, 5.288, 45.08, 14.79, 0.003, 191.03, -27.20);
insert into SHOT values (1092, 1083, 1092, 161, 4.230, 72.06, -39.30, 4.235, 72.06, -39.26, 0.006, 71.53, -7.51);
insert into SHOT values (1093, 1083, 1093, 161, 10.310, 249.36, 26.50, 10.305, 249.36, 26.51, 0.005, 68.13, -3.36);
insert into SHOT values (1094, 1083, 1094, 161, 11.610, 291.16, 21.50, 11.609, 291.17, 21.53, 0.006, 87.90, 53.79);
insert into SHOT values (1095, 1083, 1095, 161, 19.530, 278.56, 18.50, 19.527, 278.57, 18.51, 0.006, 62.57, 32.16);
insert into SHOT values (1096, 1083, 1096, 161, 19.960, 278.56, 18.50, 19.931, 278.19, 18.67, 0.139, 167.91, 19.53);
insert into SHOT values (1097, 1096, 1097, 161, 3.730, 217.96, 8.00, 3.726, 217.96, 7.87, 0.010, 45.94, -71.41);
insert into SHOT values (1098, 1096, 1098, 161, 3.640, 300.76, 6.00, 3.639, 300.75, 5.99, 0.002, 157.59, -15.31);
insert into SHOT values (1099, 1096, 1099, 161, 3.740, 328.36, -5.20, 3.742, 328.27, -5.21, 0.007, 260.16, -9.15);
insert into SHOT values (1100, 1096, 1100, 161, 2.490, 269.46, 1.80, 2.491, 269.54, 1.61, 0.009, 338.01, -66.49);
insert into SHOT values (1101, 1096, 1101, 161, 8.930, 280.46, 32.20, 8.924, 280.45, 32.16, 0.009, 159.70, -74.04);
insert into SHOT values (1102, 1096, 1102, 161, 14.480, 272.16, 42.90, 14.476, 272.16, 42.88, 0.007, 220.54, -85.65);
insert into SHOT values (1103, 1096, 1103, 161, 1.780, 220.46, -31.80, 1.779, 220.44, -31.89, 0.003, 60.84, -45.15);
insert into SHOT values (1104, 1096, 1104, 161, 3.720, 201.46, -2.00, 3.720, 201.46, -2.00, 0.000, 103.78, -26.60);
insert into SHOT values (1105, 1096, 1105, 161, 3.700, 296.86, 7.40, 3.706, 296.84, 7.29, 0.010, 286.71, -42.80);
insert into SHOT values (1106, 1096, 1106, 161, 4.550, 326.86, -10.00, 4.549, 326.84, -10.00, 0.002, 195.14, 2.56);
insert into SHOT values (1107, 1096, 1107, 161, 5.580, 0.86, -31.10, 5.586, 0.84, -31.15, 0.008, 322.30, -67.23);
insert into SHOT values (1108, 1096, 1108, 161, 2.260, 340.26, -38.00, 2.268, 340.35, -38.12, 0.009, 20.76, -65.21);
insert into SHOT values (1109, 1096, 1109, 161, 4.820, 349.26, -16.10, 4.822, 349.18, -16.13, 0.008, 270.91, -24.69);
insert into SHOT values (1110, 1096, 1110, 161, 3.500, 337.66, -7.60, 3.502, 337.65, -7.71, 0.007, 304.91, -75.43);
insert into SHOT values (1111, 1096, 1111, 161, 7.350, 266.86, 39.40, 7.346, 266.87, 39.37, 0.005, 54.24, -75.79);
insert into SHOT values (1112, 1096, 1112, 161, 7.360, 268.16, 41.00, 7.353, 268.14, 40.96, 0.009, 137.39, -72.73);
insert into SHOT values (1113, 1112, 1113, 161, 3.970, 352.66, 2.60, 3.967, 352.61, 2.60, 0.005, 225.89, -1.05);
insert into SHOT values (1114, 1112, 1114, 161, 2.300, 278.36, 10.10, 2.301, 278.38, 10.26, 0.007, 23.08, 83.93);
insert into SHOT values (1115, 1112, 1115, 161, 2.060, 52.66, -68.60, 2.051, 52.06, -68.61, 0.012, 298.44, 42.61);
insert into SHOT values (1116, 1112, 1116, 161, 4.170, 103.06, -60.30, 4.167, 103.16, -60.31, 0.005, 220.73, 28.88);
insert into SHOT values (1117, 1112, 1117, 161, 0.980, 72.66, 60.10, 0.978, 71.94, 60.35, 0.008, 305.00, 3.27);
insert into SHOT values (1118, 1112, 1118, 161, 6.220, 305.76, 71.10, 6.227, 305.74, 71.07, 0.008, 295.88, 43.11);
insert into SHOT values (1119, 1112, 1119, 161, 7.830, 276.36, 53.70, 7.831, 276.31, 53.68, 0.005, 219.48, -4.91);
insert into SHOT values (1120, 1112, 1120, 161, 2.620, 289.56, 39.40, 2.627, 289.60, 39.48, 0.008, 311.98, 66.07);
insert into SHOT values (1121, 1112, 1121, 161, 10.230, 288.06, 57.30, 10.233, 288.01, 57.28, 0.007, 237.58, 11.21);
insert into SHOT values (1122, 1112, 1122, 161, 12.640, 305.16, 58.10, 12.653, 305.14, 58.08, 0.013, 288.94, 42.02);
insert into SHOT values (1123, 1112, 1123, 161, 8.500, 310.36, 63.50, 8.504, 310.40, 63.49, 0.005, 357.65, 39.25);
insert into SHOT values (1124, 1112, 1124, 161, 12.870, 317.86, 43.60, 12.876, 317.83, 43.60, 0.009, 259.84, 32.39);
insert into SHOT values (1125, 1112, 1125, 161, 15.140, 294.06, 55.20, 15.146, 294.04, 55.22, 0.008, 185.46, 67.82);
insert into SHOT values (1126, 1096, 1126, 161, 14.580, 351.16, -27.50, 14.570, 351.52, -27.78, 0.108, 108.56, -32.25);
insert into SHOT values (1127, 1126, 1127, 161, 5.340, 199.56, 6.30, 5.349, 199.56, 6.33, 0.010, 197.40, 23.90);
insert into SHOT values (1128, 1126, 1128, 161, 6.790, 186.96, 27.80, 6.799, 186.97, 27.79, 0.009, 192.93, 21.52);
insert into SHOT values (1129, 1126, 1129, 161, 7.490, 165.26, 25.60, 7.499, 165.27, 25.60, 0.009, 166.83, 25.61);
insert into SHOT values (1130, 1126, 1130, 161, 6.770, 174.56, 32.80, 6.776, 174.56, 32.80, 0.006, 170.47, 27.64);
insert into SHOT values (1131, 1126, 1131, 161, 7.060, 175.16, 18.80, 7.062, 175.19, 18.84, 0.006, 262.62, 53.58);
insert into SHOT values (1132, 1126, 1132, 161, 3.520, 169.76, -2.70, 3.530, 169.71, -2.60, 0.013, 152.52, 27.58);
insert into SHOT values (1133, 1126, 1133, 161, 1.830, 164.26, -40.80, 1.832, 164.17, -40.51, 0.010, 147.11, 36.14);
insert into SHOT values (1134, 1126, 1134, 161, 2.580, 274.26, -48.70, 2.582, 274.04, -48.70, 0.007, 196.15, -14.23);
insert into SHOT values (1135, 1126, 1135, 161, 2.530, 292.26, -49.20, 2.525, 292.06, -49.16, 0.008, 180.76, 39.43);
insert into SHOT values (1136, 1126, 1136, 161, 2.070, 254.06, -1.00, 2.070, 254.02, -0.83, 0.006, 175.42, 74.31);
insert into SHOT values (1137, 1126, 1137, 161, 2.220, 269.36, 42.50, 2.223, 269.30, 42.44, 0.004, 241.57, 2.86);
insert into SHOT values (1138, 1126, 1138, 161, 2.860, 129.46, -26.10, 2.863, 129.63, -26.11, 0.008, 200.61, -12.34);
insert into SHOT values (1139, 1126, 1139, 161, 2.730, 103.46, -2.80, 2.729, 103.58, -2.73, 0.006, 199.33, 31.60);
insert into SHOT values (1140, 1126, 1140, 161, 5.020, 126.96, 12.80, 5.024, 127.03, 12.88, 0.010, 192.27, 49.76);
insert into SHOT values (1141, 1126, 1141, 161, 6.060, 141.66, 7.10, 6.062, 141.68, 7.11, 0.003, 181.55, 17.39);
insert into SHOT values (1142, 1126, 1142, 161, 1.630, 290.76, -4.00, 1.627, 290.56, -3.88, 0.007, 176.24, 29.85);
insert into SHOT values (1143, 1142, 1143, 161, 0.950, 253.56, 5.50, 0.953, 253.47, 5.42, 0.004, 231.18, -15.21);
insert into SHOT values (1144, 1142, 1144, 161, 2.080, 289.46, -51.90, 2.083, 289.56, -51.94, 0.004, 2.26, -53.40);
insert into SHOT values (1145, 1142, 1145, 161, 2.920, 9.36, 78.50, 2.920, 9.78, 78.37, 0.008, 43.34, -10.16);
insert into SHOT values (1146, 1142, 1146, 161, 0.310, 54.76, 47.50, 0.310, 54.78, 47.86, 0.002, 231.81, 46.96);
insert into SHOT values (1147, 1142, 1147, 161, 2.670, 325.96, 11.50, 2.669, 326.07, 11.46, 0.005, 67.53, -25.59);
insert into SHOT values (1148, 1142, 1148, 161, 2.670, 311.46, 13.50, 2.666, 311.56, 13.45, 0.007, 80.47, -30.33);
insert into SHOT values (1149, 1142, 1149, 161, 3.860, 314.06, -10.40, 3.862, 314.04, -10.44, 0.004, 259.60, -59.13);
insert into SHOT values (1150, 1142, 1150, 161, 5.550, 317.66, 18.60, 5.549, 317.70, 18.60, 0.003, 56.59, -4.09);
insert into SHOT values (1151, 1142, 1151, 161, 7.050, 309.36, 1.10, 7.050, 309.36, 1.06, 0.005, 214.44, -83.09);
insert into SHOT values (1152, 1126, 1152, 161, 7.940, 122.66, -15.10, 7.971, 122.70, -14.98, 0.036, 130.68, 13.55);
insert into SHOT values (1153, 1152, 1153, 161, 1.660, 9.06, -11.30, 1.654, 9.23, -11.51, 0.010, 154.49, -29.66);
insert into SHOT values (1154, 1152, 1154, 161, 1.600, 12.26, -53.10, 1.601, 12.01, -53.10, 0.004, 287.13, -6.79);
insert into SHOT values (1155, 1152, 1155, 161, 2.030, 59.06, 24.60, 2.026, 58.98, 24.50, 0.006, 289.44, -56.39);
insert into SHOT values (1156, 1152, 1156, 161, 3.390, 85.36, 15.10, 3.387, 85.44, 15.06, 0.006, 206.08, -31.39);
insert into SHOT values (1157, 1152, 1157, 161, 4.260, 75.96, -43.80, 4.258, 76.05, -43.85, 0.007, 206.69, -12.87);
insert into SHOT values (1158, 1152, 1158, 161, 6.200, 50.16, -32.90, 6.200, 50.22, -32.92, 0.006, 150.12, -22.96);
insert into SHOT values (1159, 1152, 1159, 161, 5.890, 87.76, -25.00, 5.887, 87.74, -25.02, 0.004, 292.13, -10.01);
insert into SHOT values (1160, 1152, 1160, 161, 18.480, 59.16, -21.30, 18.494, 59.83, -21.27, 0.202, 144.91, 0.82);
insert into SHOT values (1161, 1160, 1161, 161, 7.330, 73.96, -0.60, 7.325, 73.99, -0.63, 0.007, 222.14, -26.48);
insert into SHOT values (1162, 1160, 1162, 161, 5.280, 85.76, 62.90, 5.280, 85.71, 62.88, 0.003, 29.34, -6.98);
insert into SHOT values (1163, 1160, 1163, 161, 10.490, 214.76, 33.40, 10.494, 214.78, 33.35, 0.010, 229.79, -27.89);
insert into SHOT values (1164, 1160, 1164, 161, 4.860, 207.46, 3.50, 4.866, 207.46, 3.42, 0.009, 206.39, -46.29);
insert into SHOT values (1165, 1160, 1165, 161, 1.420, 93.86, -43.60, 1.416, 93.93, -43.79, 0.006, 263.18, -7.00);
insert into SHOT values (1166, 1160, 1166, 161, 11.420, 99.46, -8.20, 11.421, 99.47, -8.21, 0.002, 159.75, -35.12);
insert into SHOT values (1167, 1160, 1167, 161, 21.060, 94.36, -2.30, 21.058, 94.36, -2.31, 0.005, 295.05, -64.92);
insert into SHOT values (1168, 1160, 1168, 161, 21.220, 110.36, 1.80, 21.216, 110.37, 1.78, 0.008, 274.37, -58.19);
insert into SHOT values (1169, 1160, 1169, 161, 29.350, 103.96, 1.00, 29.342, 103.97, 1.00, 0.009, 277.33, -14.76);
insert into SHOT values (1170, 1160, 1170, 161, 24.070, 120.46, 19.60, 24.066, 120.48, 19.59, 0.008, 232.36, -33.90);
insert into SHOT values (1171, 1160, 1171, 161, 16.440, 135.66, 20.30, 16.436, 135.68, 20.29, 0.007, 253.71, -30.68);
insert into SHOT values (1172, 1160, 1172, 161, 15.670, 149.26, 11.90, 15.667, 149.29, 11.90, 0.007, 264.04, -10.23);
insert into SHOT values (1173, 1160, 1173, 161, 16.750, 132.26, -5.10, 16.745, 132.28, -5.11, 0.007, 273.46, -8.32);
insert into SHOT values (1174, 1160, 1174, 161, 21.930, 131.66, 4.30, 21.926, 131.68, 4.29, 0.009, 246.61, -29.31);
insert into SHOT values (1175, 1160, 1175, 161, 11.910, 226.96, 33.20, 11.912, 226.99, 33.19, 0.006, 283.33, -13.96);
insert into SHOT values (1176, 1160, 1176, 161, 15.080, 232.26, 19.40, 15.084, 232.25, 19.40, 0.005, 196.78, 11.99);
insert into SHOT values (1177, 1160, 1177, 161, 11.190, 251.96, 20.50, 11.195, 251.95, 20.50, 0.006, 218.32, 11.15);
insert into SHOT values (1178, 1160, 1178, 161, 7.630, 240.36, 15.30, 7.632, 240.37, 15.27, 0.005, 257.75, -45.49);
insert into SHOT values (1179, 1160, 1179, 161, 5.360, 237.66, 5.40, 5.364, 237.62, 5.35, 0.007, 193.17, -37.09);
insert into SHOT values (1180, 1160, 1180, 161, 6.920, 347.96, -8.60, 6.920, 347.93, -8.64, 0.006, 240.69, -55.38);
insert into SHOT values (1181, 1160, 1181, 161, 18.390, 356.26, -1.60, 18.387, 356.26, -1.62, 0.008, 207.58, -57.03);
insert into SHOT values (1182, 1160, 1182, 161, 28.810, 354.96, 2.90, 28.808, 354.96, 2.89, 0.009, 242.78, -60.01);
insert into SHOT values (1183, 1160, 1183, 161, 6.680, 354.16, 10.60, 6.679, 354.14, 10.61, 0.003, 229.17, 21.82);
insert into SHOT values (1184, 1160, 1184, 161, 9.160, 327.86, 3.50, 9.162, 327.82, 3.50, 0.007, 252.52, 6.65);
insert into SHOT values (1185, 1160, 1185, 161, 7.810, 13.36, 3.60, 7.806, 13.36, 3.60, 0.004, 203.22, -5.83);
insert into SHOT values (1186, 1160, 1186, 161, 6.210, 38.56, 4.10, 6.206, 38.57, 4.07, 0.005, 201.13, -48.53);
insert into SHOT values (1187, 1160, 1187, 161, 6.360, 298.16, 3.70, 6.361, 298.10, 3.70, 0.007, 219.97, -3.35);
insert into SHOT values (1188, 1160, 1058, 161, 24.520, 136.86, -1.20, 24.545, 136.92, -1.54, 0.150, 183.07, -78.00);
insert into SHOT values (1189, 1160, 1188, 161, 12.090, 340.66, -1.20, 12.088, 340.62, -1.23, 0.012, 234.33, -35.87);
insert into SHOT values (1190, 1188, 1189, 161, 4.540, 323.56, 2.60, 4.539, 323.61, 2.65, 0.006, 71.00, 46.10);
insert into SHOT values (1191, 1188, 1190, 161, 3.650, 287.76, -4.50, 3.644, 287.79, -4.41, 0.008, 91.39, 50.41);
insert into SHOT values (1192, 1188, 1191, 161, 11.700, 284.66, 2.00, 11.698, 284.67, 2.01, 0.003, 87.50, 39.41);
insert into SHOT values (1193, 1188, 1192, 161, 10.840, 263.66, 7.60, 10.831, 263.69, 7.64, 0.013, 57.07, 30.24);
insert into SHOT values (1194, 1188, 1193, 161, 21.540, 276.56, 4.80, 21.538, 276.58, 4.82, 0.011, 29.82, 44.89);
insert into SHOT values (1195, 1188, 1194, 161, 19.880, 288.66, 2.50, 19.875, 288.68, 2.51, 0.008, 57.06, 19.64);
insert into SHOT values (1196, 1188, 1195, 161, 22.530, 277.56, 14.90, 22.529, 277.58, 14.92, 0.009, 35.31, 52.32);
insert into SHOT values (1197, 1188, 1196, 161, 3.400, 206.86, 23.00, 3.397, 206.81, 23.05, 0.005, 64.78, 18.05);
insert into SHOT values (1198, 1188, 1197, 161, 2.230, 215.96, -17.00, 2.223, 216.01, -17.00, 0.007, 21.39, 16.94);
insert into SHOT values (1199, 1188, 1198, 161, 3.340, 332.86, 2.20, 3.339, 332.90, 2.23, 0.003, 93.59, 37.73);
insert into SHOT values (1200, 1188, 1199, 161, 5.700, 48.06, -10.10, 5.704, 48.10, -10.10, 0.006, 93.39, -4.20);
insert into SHOT values (1201, 1188, 1200, 161, 11.270, 41.66, -0.10, 11.276, 41.69, -0.10, 0.008, 85.86, -2.28);
insert into SHOT values (1202, 1188, 1201, 161, 5.070, 29.56, 44.20, 5.081, 29.59, 44.16, 0.012, 38.27, 26.49);
insert into SHOT values (1203, 1188, 1202, 161, 3.750, 338.56, 15.50, 3.758, 338.61, 15.59, 0.010, 6.09, 50.81);
insert into SHOT values (1204, 1188, 1203, 161, 2.020, 85.06, -14.40, 2.020, 85.02, -14.33, 0.003, 23.84, 52.88);
insert into SHOT values (1205, 1188, 1204, 161, 9.280, 90.76, -3.60, 9.289, 90.74, -3.58, 0.010, 69.70, 15.47);
insert into SHOT values (1206, 1188, 1205, 161, 20.730, 92.36, -0.50, 20.738, 92.35, -0.50, 0.010, 60.43, 5.32);
insert into SHOT values (1207, 1188, 1206, 161, 17.990, 95.66, 2.60, 17.996, 95.65, 2.61, 0.008, 60.96, 28.78);
insert into SHOT values (1208, 1188, 1207, 161, 16.890, 83.26, 2.60, 16.894, 83.26, 2.61, 0.005, 79.46, 44.05);
insert into SHOT values (1209, 1188, 1208, 161, 13.800, 71.66, 1.90, 13.808, 71.67, 1.91, 0.008, 83.54, 17.16);
insert into SHOT values (1210, 1188, 1209, 161, 9.260, 61.06, 2.90, 9.268, 61.05, 2.91, 0.009, 50.31, 10.21);
insert into SHOT values (1211, 1188, 1210, 161, 17.970, 96.96, 3.90, 17.974, 96.95, 3.92, 0.009, 47.60, 56.11);
insert into SHOT values (1212, 1188, 1211, 161, 8.140, 101.66, 4.00, 8.147, 101.64, 4.01, 0.008, 78.15, 15.92);
insert into SHOT values (1213, 1188, 1212, 161, 9.870, 129.76, -2.20, 9.871, 129.69, -2.21, 0.012, 45.74, -5.30);
insert into SHOT values (1214, 1188, 1213, 161, 5.360, 150.86, 15.20, 5.355, 150.81, 15.27, 0.009, 10.95, 29.91);
insert into SHOT values (1215, 1188, 1214, 161, 3.420, 151.36, -11.60, 3.420, 151.29, -11.47, 0.009, 85.56, 59.98);
insert into SHOT values (1216, 1188, 1215, 161, 9.660, 81.56, 40.70, 9.665, 81.53, 40.68, 0.008, 45.86, 5.27);
insert into SHOT values (1217, 1188, 1216, 161, 12.650, 90.06, 27.10, 12.661, 90.05, 27.11, 0.012, 74.54, 38.81);
insert into SHOT values (1218, 1188, 1217, 161, 15.940, 91.66, 11.90, 15.950, 91.65, 11.90, 0.010, 73.39, 18.04);
insert into SHOT values (1219, 1188, 1218, 161, 23.070, 92.96, 8.70, 23.075, 92.94, 8.70, 0.011, 33.70, 2.21);
insert into SHOT values (1220, 1188, 1219, 161, 22.800, 281.76, 5.90, 22.799, 281.78, 5.92, 0.009, 24.48, 41.93);
insert into SHOT values (1221, 1188, 1220, 161, 6.650, 18.16, 2.30, 6.659, 18.22, 2.32, 0.011, 53.44, 16.10);
insert into SHOT values (1222, 1220, 1221, 161, 10.290, 2.36, 5.10, 10.290, 2.35, 5.13, 0.006, 258.30, 63.01);
insert into SHOT values (1223, 1220, 1222, 161, 1.230, 355.36, -24.30, 1.226, 354.85, -24.59, 0.013, 231.89, -17.84);
insert into SHOT values (1224, 1220, 1223, 161, 5.070, 265.56, 1.80, 5.078, 265.59, 1.81, 0.008, 284.66, 5.37);
insert into SHOT values (1225, 1220, 1224, 161, 5.030, 24.86, 76.10, 5.025, 24.64, 76.19, 0.011, 231.75, -14.77);
insert into SHOT values (1226, 1220, 1225, 161, 5.460, 57.76, 9.10, 5.456, 57.81, 9.07, 0.007, 182.19, -31.37);
insert into SHOT values (1227, 1220, 1226, 161, 1.740, 88.26, 37.60, 1.733, 88.33, 37.72, 0.008, 257.38, -11.47);
insert into SHOT values (1228, 1220, 1227, 161, 6.430, 28.86, -1.70, 6.430, 28.84, -1.69, 0.003, 296.30, 14.95);
insert into SHOT values (1229, 1220, 1228, 161, 4.320, 357.86, -7.10, 4.316, 357.86, -7.05, 0.006, 182.47, 45.45);
insert into SHOT values (1230, 1220, 1229, 161, 13.370, 303.56, 21.20, 13.373, 303.55, 21.22, 0.006, 244.55, 56.14);
insert into SHOT values (1231, 1220, 1230, 161, 22.380, 287.76, 16.30, 22.382, 287.75, 16.30, 0.005, 227.23, -14.93);
insert into SHOT values (1232, 1220, 1231, 161, 5.560, 281.26, 13.10, 5.569, 281.27, 13.08, 0.009, 284.32, -1.12);
insert into SHOT values (1233, 1220, 1232, 161, 10.240, 338.06, 3.70, 10.242, 338.05, 3.69, 0.003, 295.81, -16.33);
insert into SHOT values (1234, 1220, 1233, 161, 6.030, 99.36, -0.90, 6.021, 99.37, -0.86, 0.010, 275.90, 27.72);
insert into SHOT values (1235, 1220, 1234, 161, 6.090, 106.46, -0.90, 6.092, 106.50, -0.94, 0.006, 174.67, -45.15);
insert into SHOT values (1236, 1220, 1235, 161, 6.010, 88.06, -8.10, 6.004, 88.07, -8.14, 0.007, 260.72, -25.31);
insert into SHOT values (1237, 1220, 1236, 161, 8.730, 86.56, 9.40, 8.723, 86.60, 9.44, 0.010, 229.14, 23.38);
insert into SHOT values (1238, 1220, 1237, 161, 17.970, 82.86, -0.60, 17.970, 82.87, -0.61, 0.003, 175.29, -36.85);
insert into SHOT values (1239, 1220, 1238, 161, 18.620, 90.56, -0.90, 18.613, 90.58, -0.89, 0.010, 224.31, 14.23);
insert into SHOT values (1240, 1220, 1239, 161, 15.960, 86.76, -4.20, 15.958, 86.76, -4.20, 0.002, 306.59, -27.19);
insert into SHOT values (1241, 1220, 1240, 161, 9.380, 145.86, -1.30, 9.377, 145.87, -1.28, 0.004, 307.24, 42.78);
insert into SHOT values (1242, 1220, 1241, 161, 23.350, 89.86, 0.30, 23.350, 89.88, 0.29, 0.006, 176.13, -21.53);
insert into SHOT values (1243, 1241, 1242, 161, 1.680, 19.56, -6.70, 1.684, 19.19, -6.48, 0.013, 311.85, 27.21);
insert into SHOT values (1244, 1241, 1243, 161, 1.920, 50.06, -56.60, 1.918, 49.99, -56.54, 0.003, 345.24, 61.64);
insert into SHOT values (1245, 1241, 1244, 161, 3.080, 106.26, -8.70, 3.076, 106.23, -8.60, 0.007, 313.95, 57.17);
insert into SHOT values (1246, 1241, 1245, 161, 8.270, 94.36, 3.00, 8.265, 94.31, 3.05, 0.012, 330.38, 36.88);
insert into SHOT values (1247, 1241, 1246, 161, 4.140, 76.56, -3.10, 4.139, 76.57, -3.05, 0.004, 232.16, 75.67);
insert into SHOT values (1248, 1241, 1247, 161, 4.730, 84.76, -24.90, 4.727, 84.78, -24.90, 0.003, 236.75, 27.48);
insert into SHOT values (1249, 1241, 1248, 161, 13.690, 90.46, -19.60, 13.683, 90.44, -19.60, 0.008, 304.00, 16.95);
insert into SHOT values (1250, 1241, 1249, 161, 9.340, 90.06, -12.40, 9.337, 90.06, -12.37, 0.006, 272.05, 69.40);
insert into SHOT values (1251, 1241, 1250, 161, 13.520, 93.96, -12.90, 13.513, 93.96, -12.91, 0.007, 276.92, -12.79);
insert into SHOT values (1252, 1241, 1251, 161, 16.050, 92.46, -8.00, 16.040, 92.45, -7.99, 0.010, 288.80, 21.16);
insert into SHOT values (1253, 1241, 1252, 161, 3.440, 106.56, 72.70, 3.445, 106.48, 72.74, 0.006, 342.17, 73.14);
insert into SHOT values (1254, 1241, 1253, 161, 2.520, 258.16, 8.80, 2.523, 258.19, 8.89, 0.005, 287.50, 58.47);
insert into SHOT values (1255, 1241, 1254, 161, 4.520, 294.36, -3.50, 4.519, 294.35, -3.43, 0.006, 189.87, 79.20);
insert into SHOT values (1256, 1241, 1255, 161, 5.470, 268.26, 28.10, 5.478, 268.34, 28.10, 0.010, 311.77, 20.85);
insert into SHOT values (1257, 1241, 1256, 161, 17.800, 91.76, -13.30, 17.795, 91.75, -13.29, 0.007, 304.58, 42.55);
insert into SHOT_FLAG values(1257, 'dpl');
insert into SHOT values (1258, 1220, 1257, 161, 6.680, 351.16, 1.30, 6.682, 351.13, 1.29, 0.004, 283.61, -20.24);
insert into SHOT values (1259, 1257, 1258, 161, 3.260, 8.66, -6.40, 3.257, 8.71, -6.35, 0.005, 143.47, 45.03);
insert into SHOT values (1260, 1257, 1259, 161, 0.990, 6.36, -42.30, 0.980, 6.34, -42.34, 0.010, 188.51, 38.82);
insert into SHOT values (1261, 1257, 1260, 161, 4.390, 40.96, 70.00, 4.393, 40.93, 70.09, 0.007, 228.67, 39.51);
insert into SHOT values (1262, 1257, 1261, 161, 9.420, 60.16, -1.30, 9.418, 60.19, -1.28, 0.007, 172.23, 33.67);
insert into SHOT values (1263, 1257, 1262, 161, 12.600, 69.76, -2.50, 12.598, 69.78, -2.50, 0.004, 193.04, -5.26);
insert into SHOT values (1264, 1257, 1263, 161, 13.160, 84.36, -1.80, 13.160, 84.37, -1.79, 0.004, 177.20, 59.94);
insert into SHOT values (1265, 1257, 1264, 161, 9.500, 95.16, -3.70, 9.499, 95.21, -3.68, 0.008, 194.21, 23.44);
insert into SHOT values (1266, 1257, 1265, 161, 5.680, 109.86, -2.20, 5.682, 109.87, -2.22, 0.003, 128.64, -39.37);
insert into SHOT values (1267, 1257, 1266, 161, 6.640, 123.26, -4.60, 6.636, 123.28, -4.58, 0.005, 273.03, 30.87);
insert into SHOT values (1268, 1257, 1267, 161, 6.970, 123.76, 42.30, 6.974, 123.78, 42.26, 0.007, 139.16, -7.86);
insert into SHOT values (1269, 1257, 1268, 161, 8.080, 212.46, 2.40, 8.077, 212.45, 2.41, 0.004, 66.38, 25.16);
insert into SHOT values (1270, 1257, 1269, 161, 7.840, 212.96, 38.00, 7.846, 212.92, 38.00, 0.007, 167.39, 25.64);
insert into SHOT values (1271, 1257, 1270, 161, 19.340, 265.36, -0.10, 19.344, 265.34, -0.09, 0.008, 206.72, 26.93);
insert into SHOT values (1272, 1257, 1271, 161, 15.840, 253.26, 13.70, 15.844, 253.24, 13.69, 0.009, 197.35, -9.93);
insert into SHOT values (1273, 1257, 1272, 161, 10.800, 261.76, 34.70, 10.804, 261.71, 34.70, 0.008, 197.05, 12.10);
insert into SHOT values (1274, 1257, 1273, 161, 19.670, 269.66, 17.50, 19.672, 269.66, 17.51, 0.005, 289.06, 81.63);
insert into SHOT values (1275, 1257, 1274, 161, 16.160, 277.26, 15.90, 16.163, 277.24, 15.91, 0.006, 211.11, 26.10);
insert into SHOT values (1276, 1257, 1275, 161, 19.160, 90.46, 10.10, 19.158, 90.49, 10.10, 0.008, 198.24, -0.19);
insert into SHOT values (1277, 1257, 1276, 161, 13.090, 71.06, 1.80, 13.083, 71.08, 1.80, 0.008, 222.53, -8.27);
insert into SHOT values (1278, 1276, 1277, 161, 0.630, 188.86, -9.10, 0.625, 188.39, -9.21, 0.007, 51.55, -2.76);
insert into SHOT values (1279, 1276, 1278, 161, 1.570, 130.36, -72.40, 1.564, 129.04, -72.27, 0.013, 48.06, 30.30);
insert into SHOT values (1280, 1276, 1279, 161, 3.230, 101.26, -21.40, 3.230, 101.12, -21.43, 0.008, 4.73, -11.06);
insert into SHOT values (1281, 1276, 1280, 161, 8.860, 96.86, -10.10, 8.869, 96.84, -10.07, 0.011, 76.43, 20.38);
insert into SHOT values (1282, 1276, 1281, 161, 4.660, 111.56, 7.20, 4.661, 111.57, 7.27, 0.006, 158.90, 81.58);
insert into SHOT values (1283, 1276, 1282, 161, 8.210, 109.66, 31.80, 8.220, 109.65, 31.79, 0.010, 102.69, 21.24);
insert into SHOT values (1284, 1276, 1283, 161, 3.010, 93.36, 9.00, 3.012, 93.28, 8.98, 0.005, 26.28, -10.00);
insert into SHOT values (1285, 1276, 1284, 161, 9.270, 99.66, -6.60, 9.270, 99.63, -6.57, 0.008, 20.07, 41.87);
insert into SHOT values (1286, 1284, 1285, 161, 0.610, 192.56, 4.00, 0.615, 192.23, 3.73, 0.007, 158.69, -21.43);
insert into SHOT values (1287, 1284, 1286, 161, 10.150, 102.36, 9.40, 10.150, 102.40, 9.41, 0.007, 193.98, 20.02);
insert into SHOT values (1288, 1284, 1287, 161, 3.120, 108.26, 2.90, 3.122, 108.32, 2.94, 0.004, 164.64, 30.68);
insert into SHOT values (1289, 1284, 1288, 161, 2.170, 78.26, 6.30, 2.169, 78.22, 6.35, 0.003, 304.89, 40.53);
insert into SHOT values (1290, 1284, 1289, 161, 2.750, 26.26, -27.60, 2.749, 26.35, -27.75, 0.008, 163.64, -46.09);
insert into SHOT values (1291, 1284, 1290, 161, 3.580, 28.66, -25.20, 3.583, 28.78, -25.28, 0.009, 110.38, -40.61);
insert into SHOT values (1292, 1284, 1291, 161, 3.840, 32.06, -31.60, 3.839, 32.14, -31.57, 0.005, 114.75, 26.92);
insert into SHOT values (1293, 1284, 1292, 161, 3.670, 23.56, -31.10, 3.673, 23.63, -31.15, 0.006, 97.23, -48.84);
insert into SHOT values (1294, 1284, 1293, 161, 5.350, 29.66, -27.80, 5.354, 29.76, -27.84, 0.010, 106.34, -30.50);
insert into SHOT values (1295, 1284, 1294, 161, 11.270, 101.26, 7.90, 11.272, 101.26, 7.90, 0.002, 80.16, 26.71);
insert into SHOT values (1296, 1257, 1295, 161, 29.380, 272.86, 4.30, 29.379, 272.86, 4.29, 0.005, 168.27, -38.92);
insert into SHOT values (1297, 1295, 1296, 161, 1.710, 344.26, -24.90, 1.703, 344.26, -24.64, 0.010, 167.03, 73.33);
insert into SHOT values (1298, 1295, 1297, 161, 4.220, 10.56, 62.40, 4.219, 10.62, 62.42, 0.003, 141.24, 4.98);
insert into SHOT values (1299, 1295, 1298, 161, 4.210, 198.46, 67.20, 4.220, 198.55, 67.20, 0.010, 232.70, 64.96);
insert into SHOT values (1300, 1295, 1299, 161, 1.600, 193.16, 23.40, 1.603, 193.37, 23.53, 0.007, 268.21, 39.14);
insert into SHOT values (1301, 1295, 1300, 161, 2.050, 50.56, -56.20, 2.045, 50.71, -56.22, 0.006, 189.84, 38.14);
insert into SHOT values (1302, 1295, 1301, 161, 4.590, 84.86, -21.90, 4.588, 84.88, -21.88, 0.003, 232.05, 43.65);
insert into SHOT values (1303, 1295, 1302, 161, 8.510, 76.66, 6.80, 8.508, 76.65, 6.82, 0.003, 289.12, 45.05);
insert into SHOT values (1304, 1295, 1303, 161, 10.250, 115.46, 5.60, 10.253, 115.49, 5.65, 0.011, 182.14, 66.62);
insert into SHOT values (1305, 1295, 1304, 161, 9.610, 308.56, 6.20, 9.613, 308.58, 6.21, 0.005, 3.94, 25.89);
insert into SHOT values (1306, 1295, 1305, 161, 22.060, 280.16, 8.50, 22.066, 280.16, 8.52, 0.010, 272.22, 63.46);
insert into SHOT values (1307, 1295, 1306, 161, 19.040, 275.06, 18.30, 19.044, 275.08, 18.30, 0.006, 322.85, 15.37);
insert into SHOT values (1308, 1295, 1307, 161, 4.330, 262.96, 8.00, 4.336, 262.91, 8.09, 0.010, 223.26, 48.75);
insert into SHOT values (1309, 1295, 1308, 161, 13.270, 281.66, -3.20, 13.274, 281.67, -3.20, 0.005, 289.69, 9.44);
insert into SHOT values (1310, 1295, 1309, 161, 4.250, 284.76, -9.40, 4.255, 284.76, -9.33, 0.007, 285.59, 35.96);
insert into SHOT values (1311, 1295, 1310, 161, 23.810, 277.86, -1.60, 23.813, 277.87, -1.59, 0.007, 321.25, 44.44);
insert into SHOT values (1312, 1310, 1311, 161, 5.040, 221.86, -2.50, 5.040, 221.86, -2.50, 0.000, 107.69, -29.16);
insert into SHOT values (1313, 1310, 1312, 161, 1.800, 211.26, -28.30, 1.801, 211.09, -28.16, 0.007, 154.67, 29.92);
insert into SHOT values (1314, 1310, 1313, 161, 6.190, 212.26, 76.40, 6.194, 212.38, 76.40, 0.005, 284.86, 48.71);
insert into SHOT values (1315, 1310, 1314, 161, 5.280, 4.76, 42.10, 5.277, 4.84, 42.13, 0.006, 131.22, 1.36);
insert into SHOT values (1316, 1310, 1315, 161, 7.720, 19.06, 6.50, 7.721, 19.10, 6.47, 0.006, 86.62, -39.48);
insert into SHOT values (1317, 1310, 1316, 161, 3.770, 18.96, -18.50, 3.770, 18.94, -18.56, 0.004, 237.53, -60.46);
insert into SHOT values (1318, 1310, 1317, 161, 4.650, 278.26, -12.00, 4.649, 278.22, -12.04, 0.005, 162.53, -39.59);
insert into SHOT values (1319, 1310, 1318, 161, 7.790, 266.86, -1.50, 7.784, 266.83, -1.47, 0.008, 124.47, 29.70);
insert into SHOT values (1320, 1310, 1319, 161, 3.380, 278.76, 17.00, 3.376, 278.73, 17.05, 0.005, 118.17, 18.96);
insert into SHOT values (1321, 1310, 1320, 161, 5.230, 298.46, 2.80, 5.228, 298.48, 2.85, 0.005, 80.68, 62.47);
insert into SHOT values (1322, 1310, 1321, 161, 7.060, 308.96, -8.20, 7.055, 308.95, -8.23, 0.006, 140.53, -29.80);
insert into SHOT values (1323, 1310, 1322, 161, 3.790, 141.06, -3.80, 3.799, 141.10, -3.77, 0.009, 158.31, 7.37);
insert into SHOT values (1324, 1310, 1323, 161, 7.870, 20.46, -3.50, 7.872, 20.49, -3.50, 0.004, 84.20, 6.89);
insert into SHOT values (1325, 1310, 1324, 161, 9.680, 50.86, 2.10, 9.682, 50.91, 2.07, 0.010, 129.62, -27.99);
insert into SHOT values (1326, 1310, 1325, 161, 10.310, 66.36, 0.80, 10.314, 66.39, 0.78, 0.008, 118.97, -30.49);
insert into SHOT values (1327, 1310, 1326, 161, 4.460, 77.56, -8.50, 4.463, 77.57, -8.51, 0.003, 89.09, -17.14);
insert into SHOT values (1328, 1310, 1327, 161, 7.540, 113.46, 1.50, 7.545, 113.44, 1.52, 0.006, 79.21, 23.93);
insert into SHOT values (1329, 1310, 1328, 161, 5.100, 71.76, 53.80, 5.103, 71.81, 53.84, 0.005, 196.95, 58.74);
insert into SHOT values (1330, 1310, 1329, 161, 9.380, 82.16, 34.20, 9.381, 82.22, 34.18, 0.009, 150.38, -14.61);
insert into SHOT values (1331, 1310, 1330, 161, 11.440, 287.36, -0.80, 11.441, 287.34, -0.80, 0.004, 212.60, -3.55);
insert into SHOT values (1332, 1160, 1331, 161, 24.130, 99.06, 1.00, 24.127, 98.92, 1.23, 0.116, 4.62, 58.45);
insert into SHOT values (1333, 1331, 1332, 161, 4.050, 191.66, 1.50, 4.043, 191.56, 1.56, 0.011, 59.34, 22.03);
insert into SHOT values (1334, 1331, 1333, 161, 9.460, 192.26, 65.70, 9.456, 192.18, 65.73, 0.008, 59.21, -13.19);
insert into SHOT values (1335, 1331, 1334, 161, 4.660, 27.26, 16.10, 4.659, 27.25, 16.07, 0.002, 278.59, -67.64);
insert into SHOT values (1336, 1331, 1335, 161, 16.380, 246.56, -2.10, 16.372, 246.55, -2.10, 0.009, 86.40, 1.50);
insert into SHOT values (1337, 1331, 1336, 161, 7.210, 270.86, -13.90, 7.202, 270.90, -13.90, 0.009, 60.58, 12.44);
insert into SHOT values (1338, 1331, 1337, 161, 5.590, 235.16, -2.40, 5.586, 235.14, -2.36, 0.006, 84.11, 44.37);
insert into SHOT values (1339, 1331, 1338, 161, 10.660, 297.56, -6.90, 10.660, 297.58, -6.90, 0.004, 28.44, 10.77);
insert into SHOT values (1340, 1331, 1339, 161, 6.270, 319.26, 40.00, 6.268, 319.31, 40.01, 0.004, 82.10, -3.56);
insert into SHOT values (1341, 1331, 1340, 161, 11.070, 101.86, 34.80, 11.073, 101.80, 34.80, 0.010, 24.83, 12.90);
insert into SHOT values (1342, 1331, 1341, 161, 16.030, 105.06, 9.80, 16.035, 105.04, 9.80, 0.009, 52.19, 10.34);
insert into SHOT values (1343, 1331, 1342, 161, 11.420, 94.36, -4.20, 11.423, 94.33, -4.22, 0.008, 29.50, -25.85);
insert into SHOT values (1344, 1331, 1343, 161, 3.620, 90.26, -13.00, 3.622, 90.16, -12.92, 0.008, 24.41, 32.38);
insert into SHOT values (1345, 1331, 1344, 161, 8.580, 64.56, 34.00, 8.588, 64.55, 33.98, 0.008, 53.11, 14.86);
insert into SHOT values (1346, 1331, 1345, 161, 9.280, 77.36, 68.20, 9.286, 77.29, 68.16, 0.010, 49.87, 21.23);
insert into SHOT values (1347, 1331, 1346, 161, 16.970, 93.06, 1.40, 16.979, 92.94, 1.59, 0.067, 14.27, 55.72);
insert into SHOT values (1348, 1346, 1347, 161, 8.010, 224.86, 1.80, 8.015, 224.85, 1.79, 0.006, 204.00, -15.21);
insert into SHOT values (1349, 1346, 1348, 161, 4.850, 190.46, 23.80, 4.844, 190.52, 23.74, 0.009, 312.44, -52.21);
insert into SHOT values (1350, 1346, 1349, 161, 10.340, 129.86, 9.00, 10.342, 129.88, 8.96, 0.009, 166.55, -60.82);
insert into SHOT values (1351, 1346, 1350, 161, 5.010, 127.56, -24.30, 5.008, 127.52, -24.29, 0.004, 8.00, 24.39);
insert into SHOT values (1352, 1346, 1351, 161, 6.980, 126.46, -10.80, 6.980, 126.52, -10.82, 0.007, 218.52, -17.33);
insert into SHOT values (1353, 1346, 1352, 161, 0.980, 142.86, -46.50, 0.982, 142.79, -46.32, 0.004, 129.04, 13.81);
insert into SHOT values (1354, 1346, 1353, 161, 11.930, 253.26, 12.70, 11.934, 253.28, 12.68, 0.006, 286.86, -28.44);
insert into SHOT values (1355, 1346, 1354, 161, 9.480, 268.76, 45.60, 9.477, 268.79, 45.59, 0.005, 21.81, -43.27);
insert into SHOT values (1356, 1346, 1355, 161, 6.900, 301.06, 13.50, 6.901, 301.04, 13.49, 0.003, 235.37, -12.87);
insert into SHOT values (1357, 1346, 1356, 161, 10.290, 217.76, 0.90, 10.287, 217.77, 0.89, 0.004, 12.46, -23.08);
insert into SHOT values (1358, 1346, 1357, 161, 12.410, 191.56, 5.70, 12.413, 191.58, 5.69, 0.006, 247.11, -26.57);
insert into SHOT values (1359, 1346, 1358, 161, 9.510, 171.96, 8.20, 9.509, 171.94, 8.16, 0.008, 85.36, -57.77);
insert into SHOT values (1360, 1346, 1359, 161, 8.580, 181.76, -15.30, 8.580, 181.80, -15.34, 0.008, 290.35, -46.30);
insert into SHOT values (1361, 1346, 1360, 161, 8.600, 41.06, -18.40, 8.599, 41.07, -18.44, 0.006, 189.44, -62.65);
insert into SHOT values (1362, 1346, 1361, 161, 19.690, 52.36, -5.50, 19.691, 52.36, -5.51, 0.003, 336.50, -58.01);
insert into SHOT values (1363, 1346, 1362, 161, 13.730, 19.06, 5.30, 13.727, 19.04, 5.31, 0.006, 253.51, 17.85);
insert into SHOT values (1364, 1346, 1363, 161, 4.790, 336.06, 16.10, 4.795, 336.05, 16.10, 0.005, 322.83, 19.81);
insert into SHOT values (1365, 1346, 1364, 161, 14.850, 74.86, 4.60, 14.850, 74.88, 4.60, 0.005, 165.03, -10.07);
insert into SHOT values (1366, 1346, 1365, 161, 9.610, 66.86, -5.30, 9.611, 66.86, -5.31, 0.002, 80.44, -72.65);
insert into SHOT values (1367, 1346, 1366, 161, 9.380, 54.36, -9.80, 9.376, 54.38, -9.83, 0.007, 201.47, -30.39);
insert into SHOT values (1368, 1346, 1367, 161, 10.560, 26.86, -7.20, 10.562, 26.83, -7.23, 0.009, 313.49, -49.27);
insert into SHOT values (1369, 1346, 1368, 161, 11.560, 55.26, 7.10, 11.565, 55.26, 7.10, 0.005, 40.94, 13.95);
insert into SHOT values (1370, 1346, 1369, 161, 6.060, 57.86, 23.50, 6.062, 57.85, 23.42, 0.009, 47.27, -48.91);
insert into SHOT values (1371, 1346, 1018, 161, 10.830, 179.36, -5.90, 10.829, 179.15, -5.94, 0.041, 87.21, -9.51);
insert into SHOT values (1372, 1346, 1370, 161, 26.100, 60.46, 2.20, 26.094, 60.19, 2.46, 0.172, 325.22, 43.37);
insert into SHOT values (1373, 1370, 1371, 161, 2.000, 162.46, -2.50, 2.004, 162.56, -2.29, 0.009, 203.37, 54.34);
insert into SHOT values (1374, 1370, 1372, 161, 1.010, 26.96, 74.00, 1.008, 28.44, 74.28, 0.009, 155.12, -5.57);
insert into SHOT values (1375, 1370, 1373, 161, 3.400, 334.16, 0.30, 3.399, 334.19, 0.34, 0.003, 93.08, 51.80);
insert into SHOT values (1376, 1370, 1374, 161, 13.510, 228.56, -3.70, 13.510, 228.52, -3.69, 0.011, 137.52, 9.80);
insert into SHOT values (1377, 1370, 1375, 161, 17.360, 270.56, -2.70, 17.360, 270.56, -2.67, 0.008, 192.96, 86.40);
insert into SHOT values (1378, 1370, 1376, 161, 5.740, 262.06, 4.20, 5.742, 261.97, 4.19, 0.010, 181.50, -2.32);
insert into SHOT values (1379, 1370, 1377, 161, 15.960, 245.86, -10.70, 15.961, 245.84, -10.69, 0.008, 168.85, 23.86);
insert into SHOT values (1380, 1370, 1378, 161, 8.660, 111.76, -3.20, 8.661, 111.79, -3.18, 0.005, 182.87, 39.65);
insert into SHOT values (1381, 1370, 1379, 161, 9.350, 65.46, -3.00, 9.352, 65.52, -3.00, 0.010, 141.36, -3.92);
insert into SHOT values (1382, 1370, 1380, 161, 9.530, 67.86, -8.00, 9.525, 67.89, -7.97, 0.009, 194.72, 44.93);
insert into SHOT values (1383, 1370, 1381, 161, 5.690, 40.86, -6.00, 5.687, 40.99, -5.95, 0.013, 141.41, 21.17);
insert into SHOT values (1384, 1370, 1382, 161, 9.310, 53.76, -2.70, 9.305, 53.80, -2.71, 0.007, 187.39, -11.15);
insert into SHOT values (1385, 1370, 1383, 161, 5.480, 54.86, 9.90, 5.482, 54.96, 9.98, 0.012, 142.67, 41.90);
insert into SHOT values (1386, 1370, 1384, 161, 3.110, 54.06, 30.80, 3.115, 54.29, 30.91, 0.013, 137.75, 35.60);
insert into SHOT values (1387, 1370, 1385, 161, 3.170, 22.46, -6.30, 3.170, 22.58, -6.16, 0.010, 106.34, 51.10);
insert into SHOT values (1388, 1370, 1386, 161, 11.680, 56.16, -8.10, 11.670, 56.08, -7.98, 0.032, 306.68, 54.08);
insert into SHOT values (1389, 1386, 1387, 161, 1.030, 125.36, 7.60, 1.028, 125.41, 7.83, 0.005, 288.90, 54.11);
insert into SHOT values (1390, 1386, 1388, 161, 1.060, 323.56, 62.70, 1.062, 324.06, 62.27, 0.009, 351.99, -12.18);
insert into SHOT values (1391, 1386, 1389, 161, 2.540, 327.46, 8.80, 2.543, 327.51, 8.82, 0.004, 0.48, 20.11);
insert into SHOT values (1392, 1386, 1390, 161, 0.830, 339.56, -32.40, 0.829, 340.02, -32.07, 0.007, 54.77, 39.48);
insert into SHOT values (1393, 1386, 1391, 161, 2.150, 69.26, 12.50, 2.151, 69.06, 12.62, 0.009, 335.76, 32.03);
insert into SHOT values (1394, 1386, 1392, 161, 3.970, 352.46, 9.50, 3.978, 352.53, 9.55, 0.010, 23.34, 27.85);
insert into SHOT values (1395, 1386, 1393, 161, 2.790, 29.36, 1.20, 2.799, 29.31, 1.23, 0.009, 14.00, 9.64);
insert into SHOT values (1396, 1386, 1394, 161, 4.480, 51.86, 12.50, 4.485, 51.77, 12.49, 0.009, 358.91, 2.23);
insert into SHOT values (1397, 1386, 1395, 161, 1.330, 204.96, 28.00, 1.331, 205.25, 28.26, 0.008, 316.40, 41.33);
insert into SHOT values (1398, 1386, 1396, 161, 1.840, 234.36, -11.80, 1.836, 234.28, -11.63, 0.007, 98.80, 58.38);
insert into SHOT values (1399, 1386, 1397, 161, 4.000, 232.36, 2.30, 3.996, 232.33, 2.29, 0.005, 82.73, -5.92);
insert into SHOT values (1400, 1386, 1398, 161, 2.380, 195.76, 3.40, 2.372, 195.68, 3.38, 0.009, 40.00, -7.76);
insert into SHOT values (1401, 1386, 1399, 161, 5.730, 28.26, 22.70, 5.735, 28.21, 22.77, 0.010, 322.54, 59.68);
insert into SHOT values (1402, 1399, 1400, 161, 2.230, 243.66, 4.10, 2.233, 243.90, 4.11, 0.009, 315.92, 3.39);
insert into SHOT values (1403, 1399, 1401, 161, 5.670, 280.96, 15.60, 5.680, 280.96, 15.63, 0.010, 279.33, 31.13);
insert into SHOT values (1404, 1399, 1402, 161, 4.110, 298.76, 22.60, 4.115, 298.79, 22.58, 0.006, 317.82, 5.55);
insert into SHOT values (1405, 1399, 1403, 161, 3.490, 320.66, 13.00, 3.494, 320.60, 13.07, 0.007, 268.68, 47.74);
insert into SHOT values (1406, 1399, 1404, 161, 3.700, 308.56, 11.50, 3.704, 308.51, 11.52, 0.006, 267.73, 25.16);
insert into SHOT values (1407, 1399, 1405, 161, 6.530, 319.56, 13.10, 6.532, 319.53, 13.09, 0.005, 260.69, -0.39);
insert into SHOT values (1408, 1399, 1406, 161, 6.450, 301.76, 15.20, 6.458, 301.75, 15.17, 0.009, 293.56, -7.44);
insert into SHOT values (1409, 1399, 1407, 161, 4.680, 309.06, 17.80, 4.681, 309.08, 17.79, 0.002, 355.19, -18.51);
insert into SHOT values (1410, 1399, 1408, 161, 1.250, 23.96, -83.30, 1.249, 23.20, -83.00, 0.007, 6.50, 12.19);
insert into SHOT values (1411, 1399, 1409, 161, 2.700, 56.86, -4.40, 2.696, 56.84, -4.47, 0.005, 249.59, -32.34);
insert into SHOT values (1412, 1399, 1410, 161, 7.390, 71.66, 11.40, 7.384, 71.64, 11.40, 0.006, 278.63, -6.09);
insert into SHOT values (1413, 1399, 1411, 161, 2.490, 126.26, 39.10, 2.483, 126.33, 39.21, 0.009, 290.27, -2.55);
insert into SHOT values (1414, 1399, 1412, 161, 2.660, 158.86, 21.40, 2.659, 158.93, 21.40, 0.003, 269.79, -10.62);
insert into SHOT values (1415, 1399, 1413, 161, 2.820, 184.06, -6.10, 2.813, 184.10, -6.12, 0.007, 349.37, -2.70);
insert into SHOT values (1416, 1399, 1414, 161, 1.750, 112.96, -36.60, 1.743, 112.71, -36.64, 0.010, 336.11, 20.91);
insert into SHOT values (1417, 1399, 1415, 161, 9.280, 312.76, 11.60, 9.290, 312.77, 11.61, 0.011, 322.11, 21.91);
insert into SHOT values (1418, 1399, 1416, 161, 7.160, 100.26, 3.70, 7.149, 100.25, 3.77, 0.014, 285.84, 35.42);
insert into SHOT values (1419, 1416, 1417, 161, 2.320, 24.36, 6.20, 2.327, 24.24, 6.17, 0.009, 350.81, -3.52);
insert into SHOT values (1420, 1416, 1418, 161, 4.490, 333.26, 14.70, 4.494, 333.20, 14.70, 0.006, 282.11, 5.73);
insert into SHOT values (1421, 1416, 1419, 161, 4.390, 282.46, 14.60, 4.393, 282.50, 14.63, 0.005, 329.48, 42.87);
insert into SHOT values (1422, 1416, 1420, 161, 7.640, 271.96, 4.50, 7.638, 272.03, 4.51, 0.009, 12.30, 3.53);
insert into SHOT values (1423, 1416, 1421, 161, 9.150, 266.76, -8.10, 9.156, 266.77, -8.10, 0.006, 284.35, -7.26);
insert into SHOT values (1424, 1416, 1422, 161, 5.200, 243.06, 3.30, 5.201, 243.09, 3.31, 0.003, 313.03, 14.78);
insert into SHOT values (1425, 1416, 1423, 161, 5.860, 198.56, 11.70, 5.852, 198.62, 11.73, 0.010, 341.64, 9.26);
insert into SHOT values (1426, 1416, 1424, 161, 1.520, 195.16, 71.70, 1.527, 195.78, 71.75, 0.009, 277.20, 52.88);
insert into SHOT values (1427, 1416, 1425, 161, 0.890, 116.36, -58.80, 0.886, 116.00, -59.03, 0.006, 326.82, 12.70);
insert into SHOT values (1428, 1416, 1426, 161, 4.570, 103.36, -20.00, 4.570, 103.32, -19.96, 0.004, 36.49, 43.82);
insert into SHOT values (1429, 1416, 1427, 161, 15.880, 102.26, -7.50, 15.874, 102.25, -7.49, 0.007, 310.12, 23.30);
insert into SHOT values (1430, 1416, 1428, 161, 13.520, 107.36, -1.80, 13.521, 107.35, -1.78, 0.006, 41.47, 51.63);
insert into SHOT values (1431, 1416, 1429, 161, 8.880, 138.16, 3.10, 8.872, 138.16, 3.10, 0.008, 325.40, -1.63);
insert into SHOT values (1432, 1416, 1430, 161, 6.780, 172.36, 6.30, 6.771, 172.40, 6.36, 0.012, 329.07, 29.01);
insert into SHOT values (1433, 1416, 1431, 161, 4.080, 117.16, 31.80, 4.075, 117.16, 31.84, 0.006, 300.68, 0.20);
insert into SHOT values (1434, 1416, 1432, 161, 12.230, 102.56, 2.60, 12.224, 102.53, 2.63, 0.010, 326.96, 30.20);
insert into SHOT values (1435, 1416, 1433, 161, 3.950, 66.86, 6.30, 3.953, 66.76, 6.39, 0.010, 357.14, 41.81);
insert into SHOT values (1436, 1416, 1434, 161, 6.670, 92.56, -1.90, 6.670, 92.49, -1.89, 0.008, 2.37, 8.00);
insert into SHOT values (1437, 1416, 1435, 161, 20.740, 97.76, -2.90, 20.729, 97.69, -2.68, 0.084, 352.68, 70.41);
insert into SHOT values (1438, 1435, 1436, 161, 2.560, 182.46, 14.20, 2.561, 182.54, 14.24, 0.004, 261.25, 30.82);
insert into SHOT values (1439, 1435, 1437, 161, 1.230, 171.36, -11.20, 1.227, 171.40, -11.28, 0.003, 337.64, -19.24);
insert into SHOT values (1440, 1435, 1438, 161, 1.120, 358.66, 84.70, 1.115, 0.00, 84.34, 0.009, 20.16, -36.66);
insert into SHOT values (1441, 1435, 1439, 161, 2.130, 13.96, -40.40, 2.134, 13.87, -40.30, 0.006, 346.49, 4.70);
insert into SHOT values (1442, 1435, 1440, 161, 6.990, 9.46, 8.10, 6.993, 9.48, 8.06, 0.007, 29.36, -47.51);
insert into SHOT values (1443, 1435, 1441, 161, 2.130, 13.76, 36.60, 2.130, 13.87, 36.60, 0.003, 105.87, 0.71);
insert into SHOT values (1444, 1435, 1442, 161, 6.640, 62.96, -17.20, 6.645, 62.91, -17.25, 0.009, 1.28, -44.14);
insert into SHOT values (1445, 1435, 1443, 161, 12.640, 75.66, -11.70, 12.641, 75.64, -11.73, 0.009, 339.52, -51.11);
insert into SHOT values (1446, 1435, 1444, 161, 11.550, 81.76, 10.90, 11.545, 81.73, 10.88, 0.008, 318.12, -30.30);
insert into SHOT values (1447, 1435, 1445, 161, 4.560, 69.66, 28.80, 4.560, 69.66, 28.70, 0.008, 68.06, -63.64);
insert into SHOT values (1448, 1435, 1446, 161, 11.880, 56.86, 5.40, 11.880, 56.83, 5.41, 0.006, 321.44, 18.15);
insert into SHOT values (1449, 1435, 1447, 161, 18.140, 70.96, 4.10, 18.135, 70.96, 4.08, 0.008, 247.71, -57.95);
insert into SHOT values (1450, 1435, 1448, 161, 7.850, 95.46, 5.20, 7.847, 95.43, 5.19, 0.005, 333.15, -16.89);
insert into SHOT values (1451, 1435, 1449, 161, 6.390, 245.66, 4.70, 6.386, 245.69, 4.67, 0.006, 30.31, -34.81);
insert into SHOT values (1452, 1435, 1450, 161, 3.490, 216.56, 12.30, 3.489, 216.53, 12.24, 0.004, 132.08, -63.15);
insert into SHOT values (1453, 1435, 1451, 161, 3.000, 277.06, 14.30, 3.005, 277.10, 14.26, 0.006, 296.80, -10.06);
insert into SHOT values (1454, 1435, 1452, 161, 8.080, 273.46, -10.00, 8.078, 273.46, -10.05, 0.007, 104.24, -67.98);
insert into SHOT values (1455, 1435, 1453, 161, 7.010, 311.16, 10.80, 7.012, 311.12, 10.77, 0.007, 249.27, -28.55);
insert into SHOT values (1456, 1435, 1454, 161, 16.590, 79.66, -2.30, 16.577, 79.53, -2.14, 0.061, 333.70, 49.06);
insert into SHOT values (1457, 1454, 1455, 161, 8.770, 214.56, -4.80, 8.768, 214.51, -4.78, 0.009, 112.22, 24.27);
insert into SHOT values (1458, 1454, 1456, 161, 7.140, 224.46, -21.90, 7.140, 224.45, -21.87, 0.004, 170.52, 58.16);
insert into SHOT values (1459, 1454, 1457, 161, 5.140, 215.66, -26.10, 5.139, 215.65, -26.09, 0.002, 80.53, 48.01);
insert into SHOT values (1460, 1454, 1458, 161, 8.010, 199.16, -14.70, 8.010, 199.14, -14.68, 0.004, 114.61, 35.56);
insert into SHOT values (1461, 1454, 1459, 161, 3.730, 182.66, 49.70, 3.726, 182.61, 49.65, 0.005, 92.18, -66.13);
insert into SHOT values (1462, 1454, 1460, 161, 6.990, 155.26, 14.60, 6.986, 155.25, 14.59, 0.004, 351.93, -28.40);
insert into SHOT values (1463, 1454, 1461, 161, 9.300, 155.56, -3.50, 9.299, 155.56, -3.51, 0.003, 353.70, -63.75);
insert into SHOT values (1464, 1454, 1462, 161, 4.210, 164.66, -13.90, 4.208, 164.67, -13.89, 0.002, 322.68, 42.49);
insert into SHOT values (1465, 1454, 1463, 161, 7.170, 170.86, -0.80, 7.172, 170.85, -0.80, 0.002, 136.41, 2.72);
insert into SHOT values (1466, 1454, 1464, 161, 9.540, 175.86, 6.20, 9.541, 175.83, 6.20, 0.006, 94.97, -3.06);
insert into SHOT values (1467, 1454, 1465, 161, 15.480, 131.86, 9.20, 15.480, 131.87, 9.18, 0.005, 186.77, -65.66);
insert into SHOT values (1468, 1454, 1466, 161, 7.110, 107.76, 18.80, 7.109, 107.73, 18.79, 0.004, 3.47, -20.86);
insert into SHOT values (1469, 1454, 1467, 161, 15.550, 169.16, 4.50, 15.555, 169.15, 4.50, 0.007, 128.84, -0.32);
insert into SHOT values (1470, 1454, 1468, 161, 5.910, 343.66, 23.60, 5.913, 343.71, 23.63, 0.006, 48.50, 41.45);
insert into SHOT values (1471, 1454, 1469, 161, 4.130, 285.46, 49.30, 4.126, 285.54, 49.34, 0.006, 71.08, -10.34);
insert into SHOT values (1472, 1454, 1470, 161, 8.630, 274.06, 20.50, 8.626, 274.05, 20.49, 0.005, 131.33, -28.53);
insert into SHOT values (1473, 1454, 1471, 161, 9.520, 292.36, 16.90, 9.515, 292.34, 16.92, 0.007, 146.49, 20.13);
insert into SHOT values (1474, 1454, 1472, 161, 8.320, 233.46, 18.10, 8.316, 233.43, 18.07, 0.007, 114.72, -46.80);
insert into SHOT values (1475, 1454, 1473, 161, 9.240, 215.96, -22.30, 9.242, 215.96, -22.32, 0.004, 137.12, -78.99);
insert into SHOT values (1476, 1473, 1474, 161, 2.040, 140.86, 2.00, 2.041, 140.77, 1.97, 0.004, 67.13, -19.03);
insert into SHOT values (1477, 1473, 1475, 161, 0.430, 35.76, -86.30, 0.431, 45.00, -86.24, 0.005, 123.64, -11.16);
insert into SHOT values (1478, 1473, 1476, 161, 0.300, 199.46, 54.70, 0.301, 197.35, 56.16, 0.010, 66.03, 31.27);
insert into SHOT values (1479, 1473, 1477, 161, 3.260, 286.56, -21.80, 3.258, 286.52, -21.80, 0.003, 156.29, 11.83);
insert into SHOT values (1480, 1473, 1478, 161, 6.030, 219.96, -27.50, 6.025, 219.92, -27.48, 0.007, 94.99, 38.52);
insert into SHOT values (1481, 1473, 1479, 161, 2.410, 197.46, -40.80, 2.405, 197.24, -40.75, 0.009, 87.91, 32.36);
insert into SHOT values (1482, 1473, 1480, 161, 1.880, 186.36, 14.30, 1.881, 186.31, 14.47, 0.006, 74.59, 70.67);
insert into SHOT values (1483, 1473, 1481, 161, 2.370, 176.86, -18.40, 2.372, 176.69, -18.18, 0.012, 123.13, 44.28);
insert into SHOT values (1484, 1473, 1482, 161, 12.980, 186.66, -29.10, 12.982, 186.63, -29.08, 0.008, 130.02, 18.55);
insert into SHOT values (1485, 1454, 1483, 161, 22.980, 153.06, 2.20, 22.976, 153.26, 2.44, 0.125, 248.68, 51.54);
insert into SHOT values (1486, 1483, 1484, 161, 7.810, 245.76, 26.10, 7.808, 245.74, 26.14, 0.007, 99.12, 36.70);
insert into SHOT values (1487, 1483, 1485, 161, 8.420, 260.66, 72.00, 8.420, 260.68, 72.05, 0.008, 74.08, 15.19);
insert into SHOT values (1488, 1483, 1486, 161, 3.760, 182.56, 10.80, 3.759, 182.48, 10.73, 0.007, 93.26, -41.28);
insert into SHOT values (1489, 1483, 1487, 161, 2.710, 176.86, -36.20, 2.707, 176.85, -36.24, 0.004, 5.38, 8.55);
insert into SHOT values (1490, 1483, 1488, 161, 10.100, 134.46, 30.50, 10.098, 134.44, 30.53, 0.007, 350.59, 33.99);
insert into SHOT values (1491, 1483, 1489, 161, 10.580, 99.46, 39.50, 10.585, 99.44, 39.48, 0.008, 72.87, 2.19);
insert into SHOT values (1492, 1483, 1490, 161, 3.700, 134.76, -24.50, 3.701, 134.76, -24.59, 0.006, 328.07, -79.68);
insert into SHOT values (1493, 1483, 1491, 161, 4.220, 320.66, -24.70, 4.222, 320.71, -24.64, 0.006, 2.69, 35.69);
insert into SHOT values (1494, 1483, 1492, 161, 12.680, 327.06, -8.20, 12.684, 327.09, -8.20, 0.008, 28.99, -10.62);
insert into SHOT values (1495, 1483, 1493, 161, 9.780, 307.76, 4.50, 9.774, 307.79, 4.52, 0.008, 96.02, 18.98);
insert into SHOT values (1496, 1483, 1494, 161, 9.780, 5.16, 9.10, 9.783, 5.17, 9.12, 0.004, 22.26, 52.55);
insert into SHOT values (1497, 1483, 1495, 161, 0.820, 134.06, -15.80, 0.808, 133.96, -15.79, 0.012, 321.39, 16.32);
insert into SHOT values (1498, 1495, 1496, 161, 1.700, 146.86, -73.50, 1.700, 145.98, -73.51, 0.007, 54.66, -0.05);
insert into SHOT values (1499, 1495, 1497, 161, 3.720, 189.06, 1.20, 3.716, 188.98, 1.23, 0.007, 64.88, 17.91);
insert into SHOT values (1500, 1495, 1498, 161, 8.110, 175.66, 82.70, 8.106, 175.56, 82.68, 0.005, 139.79, -52.97);
insert into SHOT values (1501, 1495, 1499, 161, 7.070, 119.06, -2.70, 7.067, 119.07, -2.60, 0.013, 282.01, 77.14);
insert into SHOT values (1502, 1499, 1500, 161, 0.410, 211.16, -70.50, 0.411, 212.47, -71.51, 0.008, 6.60, -26.16);
insert into SHOT values (1503, 1499, 1501, 161, 2.890, 190.46, 13.20, 2.883, 190.47, 13.23, 0.007, 8.08, 0.55);
insert into SHOT values (1504, 1499, 1502, 161, 10.050, 80.86, 69.90, 10.052, 80.84, 69.90, 0.003, 1.49, 53.22);
insert into SHOT values (1505, 1499, 1503, 161, 9.160, 64.66, 58.30, 9.157, 64.66, 58.29, 0.003, 302.22, -83.71);
insert into SHOT values (1506, 1499, 1504, 161, 8.860, 113.86, 64.50, 8.854, 113.81, 64.48, 0.008, 29.32, -62.70);
insert into SHOT values (1507, 1499, 1505, 161, 4.950, 14.06, 31.10, 4.945, 14.07, 31.04, 0.007, 177.42, -77.74);
insert into SHOT values (1508, 1499, 1506, 161, 1.520, 24.36, -0.10, 1.522, 24.04, -0.38, 0.011, 307.33, -39.73);
insert into SHOT values (1509, 1499, 1507, 161, 3.660, 179.46, -27.90, 3.660, 179.47, -28.03, 0.009, 356.14, -58.90);
insert into SHOT values (1510, 1499, 1508, 161, 4.280, 225.76, -24.40, 4.286, 225.83, -24.39, 0.008, 263.46, -14.37);
insert into SHOT values (1511, 1499, 1509, 161, 5.150, 255.36, -2.20, 5.151, 255.37, -2.23, 0.002, 295.97, -68.79);
insert into SHOT values (1512, 1499, 1510, 161, 4.050, 284.36, -9.30, 4.049, 284.35, -9.38, 0.006, 128.76, -66.84);
insert into SHOT values (1513, 1499, 1511, 161, 10.100, 268.16, 41.40, 10.106, 268.19, 41.37, 0.008, 289.97, 5.18);
insert into SHOT values (1514, 1499, 1512, 161, 6.230, 200.66, -31.90, 6.231, 200.70, -31.87, 0.004, 252.30, 29.81);
insert into SHOT values (1515, 1512, 1513, 161, 1.070, 259.06, -3.20, 1.071, 259.22, -3.21, 0.003, 338.26, -5.35);
insert into SHOT values (1516, 1512, 1514, 161, 0.550, 306.96, 60.60, 0.542, 308.99, 60.11, 0.013, 36.85, -43.80);
insert into SHOT values (1517, 1512, 1515, 161, 0.670, 208.66, -58.50, 0.675, 209.54, -59.27, 0.011, 343.81, -49.45);
insert into SHOT values (1518, 1512, 1516, 161, 1.720, 78.06, 3.50, 1.721, 77.91, 3.33, 0.007, 3.85, -45.45);
insert into SHOT values (1519, 1512, 1517, 161, 1.430, 20.26, 59.00, 1.426, 20.65, 58.85, 0.008, 100.62, -48.94);
insert into SHOT values (1520, 1512, 1518, 161, 2.110, 14.26, 24.30, 2.111, 14.11, 24.04, 0.011, 328.58, -48.70);
insert into SHOT values (1521, 1512, 1519, 161, 1.500, 50.66, 10.30, 1.500, 50.49, 9.98, 0.009, 342.10, -60.00);
insert into SHOT values (1522, 1512, 1520, 161, 4.140, 110.66, -1.40, 4.138, 110.67, -1.52, 0.009, 280.52, -73.86);
insert into SHOT values (1523, 1512, 1521, 161, 5.850, 130.76, -3.10, 5.852, 130.70, -3.13, 0.008, 53.98, -27.66);
insert into SHOT values (1524, 1512, 1522, 161, 3.760, 139.16, 2.80, 3.762, 139.10, 2.74, 0.006, 72.62, -39.53);
insert into SHOT values (1525, 1512, 1523, 161, 2.890, 144.06, -21.30, 2.890, 144.07, -21.31, 0.000, 290.52, -36.69);
insert into SHOT values (1526, 1512, 1524, 161, 4.230, 183.26, -8.30, 4.233, 183.29, -8.42, 0.010, 237.75, -77.67);
insert into SHOT values (1527, 1512, 1525, 161, 8.760, 144.96, -1.10, 8.760, 144.95, -1.11, 0.003, 55.68, -40.03);
insert into CENTRELINE values (162, 159, NULL, '2024-04-19', NULL, 23.10, 0.00, 0.00);
 insert into TOPO values (4, 162);
 insert into PERSON values (6, 'Jean-Marie', 'Briffon');
insert into TOPO values (6, 162);
 insert into TOPO values (3, 162);
 insert into SHOT values (1528, 1241, 1526, 162, 16.680, 97.56, -11.50, 16.676, 97.56, -11.48, 0.006, 295.72, 59.15);
insert into SHOT values (1529, 1526, 1527, 162, 0.610, 189.26, 0.60, 0.608, 189.46, 0.00, 0.007, 318.00, -67.03);
insert into SHOT values (1530, 1526, 1528, 162, 0.950, 198.46, 78.20, 0.949, 198.43, 78.47, 0.005, 19.66, 0.96);
insert into SHOT values (1531, 1526, 1529, 162, 0.870, 137.46, -79.20, 0.875, 137.49, -79.28, 0.005, 299.85, -87.41);
insert into SHOT values (1532, 1526, 1530, 162, 1.870, 125.76, -40.60, 1.871, 125.82, -40.70, 0.004, 264.85, -55.26);
insert into SHOT values (1533, 1530, 1531, 162, 0.360, 18.46, -6.00, 0.360, 17.93, -6.39, 0.004, 276.76, -34.79);
insert into SHOT values (1534, 1530, 1532, 162, 0.290, 237.06, 83.20, 0.292, 236.31, 82.91, 0.003, 221.61, 48.90);
insert into SHOT values (1535, 1530, 1533, 162, 0.560, 253.76, 9.80, 0.560, 254.20, 10.29, 0.006, 357.59, 47.46);
insert into SHOT values (1536, 1530, 1534, 162, 0.430, 244.66, -58.40, 0.430, 245.77, -59.34, 0.008, 29.56, -26.98);
insert into SHOT values (1537, 1530, 1535, 162, 4.550, 97.26, -2.40, 4.550, 97.20, -2.39, 0.005, 5.66, 6.37);
insert into SHOT values (1538, 1535, 1536, 162, 0.610, 44.86, 11.70, 0.606, 45.00, 11.42, 0.005, 202.01, -45.44);
insert into SHOT values (1539, 1535, 1537, 162, 0.890, 126.26, 61.40, 0.887, 126.33, 61.58, 0.004, 299.64, -19.16);
insert into SHOT values (1540, 1535, 1538, 162, 1.380, 125.86, 56.40, 1.382, 125.97, 56.33, 0.003, 156.99, 11.41);
insert into SHOT values (1541, 1535, 1539, 162, 0.550, 185.66, 4.00, 0.554, 185.19, 4.14, 0.006, 134.11, 15.80);
insert into SHOT values (1542, 1535, 1540, 162, 0.740, 218.26, -82.00, 0.737, 216.87, -82.20, 0.005, 77.13, 35.83);
insert into SCRAPS values (164, 157, 'SP-Xav1-1', 1, 10.11696, 0.04697);
 insert into SCRAPS values (243, 157, 'SP-Xav1-3', 1, 66.32360, 1.26580);
 insert into SCRAPS values (374, 157, 'SP-Xav1-4', 1, 60.83028, 0.66497);
 insert into SCRAPS values (455, 157, 'SP-Xav1-5', 1, 1.34870, 0.11698);
 insert into SCRAPS values (473, 157, 'SP-Xav1-2', 1, 30.31237, 0.23297);
 insert into MAPS values (614, 157, 'MP-Tush_YurruckXR1', 'Tush Yurruck XR1', 1, 1407.030, -42.770);
 insert into MAPITEMS values (614, 4, 164);
 insert into MAPITEMS values (614, 4, 473);
 insert into MAPITEMS values (614, 4, 243);
 insert into MAPITEMS values (614, 4, 455);
 insert into MAPITEMS values (614, 4, 374);
 insert into SURVEY values (617, 51, 'Alex2', 'Alex2.Tush-Yurruck', 'Alex2');
 insert into CENTRELINE values (618, 617, NULL, NULL, NULL, 0.00, 0.00, 0.00);
 insert into SURVEY values (619, 617, 'Tush-Yurruck_02', 'Tush-Yurruck_02.Alex2.Tush-Yurruck', 'Tush-Yurruck 02');
 insert into CENTRELINE values (620, 619, NULL, NULL, NULL, 0.00, 0.00, 0.00);
 insert into CENTRELINE values (621, 619, NULL, '2024-04-17', NULL, 217.65, 0.00, 0.00);
 insert into TOPO values (1, 621);
 insert into TOPO values (2, 621);
 insert into TOPO values (3, 621);
 insert into SHOT values (1543, 1541, 1542, 621, 7.460, 49.66, 6.90, 7.459, 49.60, 6.85, 0.010, 320.21, -37.29);
insert into SHOT values (1544, 1541, 1543, 621, 14.250, 59.26, 10.80, 14.252, 59.24, 10.80, 0.006, 347.79, -1.74);
insert into SHOT values (1545, 1541, 1544, 621, 15.250, 11.26, 8.70, 15.254, 11.24, 8.67, 0.010, 323.32, -42.91);
insert into SHOT values (1546, 1541, 1545, 621, 10.990, 351.46, 5.90, 10.989, 351.48, 5.90, 0.003, 103.70, 6.25);
insert into SHOT values (1547, 1541, 1546, 621, 10.710, 293.46, 7.70, 10.715, 293.47, 7.67, 0.008, 315.04, -40.45);
insert into SHOT values (1548, 1541, 1547, 621, 9.130, 267.96, 8.20, 9.129, 267.97, 8.19, 0.003, 39.21, -55.74);
insert into SHOT values (1549, 1541, 1548, 621, 12.920, 242.56, 9.00, 12.924, 242.57, 8.99, 0.005, 267.89, -14.39);
insert into SHOT values (1550, 1541, 1549, 621, 12.470, 206.86, 8.60, 12.469, 206.86, 8.58, 0.005, 118.53, -71.56);
insert into SHOT values (1551, 1541, 1550, 621, 6.460, 159.06, 10.00, 6.457, 159.09, 9.99, 0.004, 298.71, -25.00);
insert into SHOT values (1552, 1541, 1551, 621, 8.110, 149.26, 14.30, 8.107, 149.22, 14.28, 0.007, 35.98, -28.24);
insert into SHOT values (1553, 1541, 1552, 621, 7.240, 125.06, 12.40, 7.239, 125.04, 12.36, 0.006, 44.42, -56.48);
insert into SHOT values (1554, 1541, 1553, 621, 0.700, 43.56, -60.90, 0.698, 42.61, -60.89, 0.006, 305.72, 16.11);
insert into SHOT values (1555, 1541, 1554, 621, 3.770, 93.86, 77.60, 3.768, 93.53, 77.56, 0.005, 26.72, -21.99);
insert into SHOT values (1556, 1541, 1555, 621, 20.730, 83.36, 3.60, 20.735, 82.84, 3.26, 0.225, 356.83, -32.74);
insert into SHOT values (1557, 1555, 1556, 621, 5.840, 332.96, 6.80, 5.846, 332.95, 6.78, 0.006, 320.03, -13.25);
insert into SHOT values (1558, 1555, 1557, 621, 5.430, 299.36, 6.40, 5.439, 299.36, 6.44, 0.009, 299.53, 30.09);
insert into SHOT values (1559, 1555, 1558, 621, 6.430, 82.36, 3.60, 6.431, 82.30, 3.66, 0.010, 356.86, 40.97);
insert into SHOT values (1560, 1555, 1559, 621, 9.120, 133.46, 9.10, 9.112, 133.47, 9.09, 0.008, 306.88, -17.42);
insert into SHOT values (1561, 1555, 1560, 621, 8.350, 170.16, 5.10, 8.345, 170.16, 5.09, 0.005, 349.40, -25.50);
insert into SHOT values (1562, 1555, 1561, 621, 8.060, 201.86, 2.60, 8.058, 201.88, 2.63, 0.005, 328.22, 55.20);
insert into SHOT values (1563, 1555, 1562, 621, 9.440, 226.86, 4.60, 9.440, 226.89, 4.62, 0.006, 316.08, 29.44);
insert into SHOT values (1564, 1555, 1563, 621, 1.630, 104.96, -79.10, 1.630, 104.93, -79.02, 0.002, 100.59, 14.67);
insert into SHOT values (1565, 1555, 1564, 621, 3.440, 132.86, 56.00, 3.435, 132.68, 56.06, 0.009, 0.16, -12.46);
insert into SHOT values (1566, 1555, 1565, 621, 12.050, 55.36, -12.90, 12.067, 55.08, -13.03, 0.066, 335.87, -26.77);
insert into SHOT values (1567, 1565, 1566, 621, 8.370, 57.36, -3.10, 8.367, 57.41, -3.08, 0.008, 165.80, 19.02);
insert into SHOT values (1568, 1565, 1567, 621, 3.900, 10.96, 9.80, 3.896, 10.96, 9.75, 0.005, 196.58, -51.10);
insert into SHOT values (1569, 1565, 1568, 621, 5.930, 318.56, 5.10, 5.925, 318.50, 5.13, 0.009, 187.84, 19.38);
insert into SHOT values (1570, 1565, 1569, 621, 9.250, 115.66, 5.20, 9.247, 115.67, 5.21, 0.004, 261.47, 26.87);
insert into SHOT values (1571, 1565, 1570, 621, 6.510, 159.46, 6.70, 6.516, 159.46, 6.70, 0.006, 161.06, 4.78);
insert into SHOT values (1572, 1565, 1571, 621, 5.760, 217.26, 2.20, 5.762, 217.31, 2.19, 0.005, 278.89, -12.38);
insert into SHOT values (1573, 1565, 1572, 621, 0.400, 50.56, -32.00, 0.395, 51.07, -32.14, 0.006, 199.94, 18.65);
insert into SHOT values (1574, 1565, 1573, 621, 3.090, 106.56, 54.70, 3.088, 106.61, 54.70, 0.003, 236.71, -46.33);
insert into SHOT values (1575, 1565, 1574, 621, 34.270, 3.56, 16.30, 34.271, 3.56, 16.30, 0.005, 283.86, 19.30);
insert into SHOT values (1576, 1565, 1575, 621, 23.180, 341.46, 16.20, 23.178, 341.45, 16.21, 0.007, 215.39, 26.98);
insert into SHOT values (1577, 1565, 1576, 621, 29.060, 291.26, 4.60, 29.063, 291.25, 4.60, 0.007, 229.13, -4.54);
insert into SHOT values (1578, 1565, 1577, 621, 10.190, 274.56, 3.90, 10.196, 274.57, 3.88, 0.007, 281.26, -27.38);
insert into SHOT values (1579, 1565, 1578, 621, 20.810, 69.26, 0.10, 20.810, 68.79, -0.22, 0.209, 339.07, -33.89);
insert into SHOT values (1580, 1578, 1579, 621, 11.010, 89.16, 15.80, 11.015, 89.14, 15.75, 0.012, 53.32, -41.36);
insert into SHOT values (1581, 1578, 1580, 621, 6.700, 135.16, 13.50, 6.704, 135.12, 13.46, 0.008, 91.56, -32.40);
insert into SHOT values (1582, 1578, 1581, 621, 8.690, 197.26, 3.90, 8.680, 197.26, 3.90, 0.010, 17.30, -6.16);
insert into SHOT values (1583, 1578, 1582, 621, 11.330, 221.46, 3.90, 11.326, 221.45, 3.90, 0.005, 80.10, -7.37);
insert into SHOT values (1584, 1578, 1583, 621, 33.310, 301.66, 5.00, 33.307, 301.67, 4.99, 0.005, 72.10, -38.03);
insert into SHOT values (1585, 1578, 1584, 621, 32.770, 318.06, 6.70, 32.776, 318.08, 6.69, 0.010, 5.65, -19.22);
insert into SHOT values (1586, 1578, 1585, 621, 27.350, 333.06, 8.20, 27.354, 333.08, 8.20, 0.007, 24.93, -7.11);
insert into SHOT values (1587, 1578, 1586, 621, 10.050, 336.36, 6.20, 10.053, 336.41, 6.17, 0.011, 39.90, -30.64);
insert into SHOT values (1588, 1578, 1587, 621, 7.560, 22.86, 6.70, 7.562, 22.88, 6.68, 0.004, 60.90, -32.87);
insert into SHOT values (1589, 1578, 1588, 621, 0.470, 320.76, -66.80, 0.478, 323.75, -67.08, 0.013, 47.18, -39.54);
insert into SHOT values (1590, 1578, 1589, 621, 6.260, 297.96, 85.50, 6.259, 298.14, 85.53, 0.004, 94.57, -10.41);
insert into SHOT values (1591, 1578, 1590, 621, 8.270, 43.16, 13.00, 8.294, 42.95, 12.82, 0.047, 356.84, -25.60);
insert into SHOT values (1592, 1590, 1591, 621, 2.510, 9.36, 0.30, 2.514, 9.39, 0.23, 0.005, 25.32, -39.26);
insert into SHOT values (1593, 1590, 1592, 621, 3.330, 60.06, 2.40, 3.327, 60.04, 2.41, 0.003, 263.59, 9.85);
insert into SHOT values (1594, 1590, 1593, 621, 0.950, 305.26, -6.00, 0.946, 305.04, -6.07, 0.006, 165.30, -7.04);
insert into SHOT values (1595, 1590, 1594, 621, 2.700, 135.26, -4.80, 2.697, 135.30, -4.89, 0.006, 288.04, -46.05);
insert into SHOT values (1596, 1590, 1595, 621, 2.590, 173.86, -11.40, 2.595, 173.91, -11.33, 0.006, 194.04, 18.37);
insert into SHOT values (1597, 1590, 1596, 621, 12.270, 197.06, -8.20, 12.272, 197.09, -8.20, 0.006, 269.70, 0.51);
insert into SHOT values (1598, 1590, 1597, 621, 5.410, 114.06, -1.40, 5.413, 114.10, -1.38, 0.005, 161.11, 23.43);
insert into SHOT values (1599, 1590, 1598, 621, 1.540, 82.66, -82.30, 1.543, 81.47, -82.47, 0.007, 308.14, -33.32);
insert into SHOT values (1600, 1590, 1599, 621, 13.860, 102.56, 67.20, 13.862, 102.59, 67.21, 0.004, 233.99, 45.51);
insert into SHOT values (1601, 1590, 1600, 621, 13.470, 90.26, -4.40, 13.473, 89.79, -4.56, 0.118, 359.92, -18.14);
insert into SHOT values (1602, 1600, 1601, 621, 3.030, 202.06, 1.40, 3.033, 202.08, 1.32, 0.005, 218.64, -49.10);
insert into SHOT values (1603, 1600, 1602, 621, 4.090, 142.16, 4.80, 4.091, 142.17, 4.77, 0.003, 182.92, -61.79);
insert into SHOT values (1604, 1600, 1603, 621, 6.380, 117.36, 0.60, 6.374, 117.37, 0.54, 0.009, 291.38, -47.40);
insert into SHOT values (1605, 1600, 1604, 621, 11.420, 121.76, -9.20, 11.414, 121.76, -9.23, 0.008, 312.18, -33.09);
insert into SHOT values (1606, 1600, 1605, 621, 23.640, 97.86, 3.50, 23.636, 97.87, 3.49, 0.005, 245.42, -35.64);
insert into SHOT values (1607, 1600, 1606, 621, 25.900, 77.96, 2.40, 25.892, 77.95, 2.39, 0.010, 293.28, -26.74);
insert into SHOT values (1608, 1600, 1607, 621, 30.490, 61.56, 2.60, 30.490, 61.55, 2.59, 0.008, 329.05, -24.09);
insert into SHOT values (1609, 1600, 1608, 621, 28.130, 46.76, 3.80, 28.126, 46.75, 3.79, 0.010, 288.97, -25.52);
insert into SHOT values (1610, 1600, 1609, 621, 19.830, 32.46, 4.40, 19.827, 32.46, 4.40, 0.003, 232.50, -22.51);
insert into SHOT values (1611, 1600, 1610, 621, 18.300, 5.56, 9.40, 18.299, 5.56, 9.37, 0.009, 340.44, -84.73);
insert into SHOT values (1612, 1600, 1611, 621, 21.270, 345.76, 6.90, 21.274, 345.75, 6.88, 0.009, 290.17, -35.51);
insert into SHOT values (1613, 1600, 1612, 621, 23.260, 337.56, 6.60, 23.263, 337.56, 6.59, 0.005, 337.17, -44.50);
insert into SHOT values (1614, 1600, 1613, 621, 1.170, 359.76, -70.40, 1.177, 358.53, -70.64, 0.012, 253.54, -41.73);
insert into SHOT values (1615, 1600, 1614, 621, 13.820, 326.66, 74.30, 13.818, 326.65, 74.27, 0.009, 319.54, -30.65);
insert into SHOT values (1616, 1600, 1615, 621, 31.670, 68.66, 2.30, 31.667, 68.65, 2.30, 0.008, 318.38, -6.69);
insert into SHOT values (1617, 1615, 1616, 621, 27.650, 233.46, 2.70, 27.653, 233.45, 2.69, 0.008, 168.70, -18.80);
insert into SHOT values (1618, 1615, 1617, 621, 18.540, 284.06, 2.60, 18.534, 284.07, 2.60, 0.006, 94.54, -10.03);
insert into SHOT values (1619, 1615, 1618, 621, 4.140, 323.76, -3.00, 4.134, 323.77, -3.05, 0.007, 140.19, -28.70);
insert into SHOT values (1620, 1615, 1619, 621, 1.390, 11.76, -2.70, 1.390, 11.63, -2.89, 0.006, 282.93, -55.20);
insert into SHOT values (1621, 1615, 1620, 621, 0.770, 110.86, 7.10, 0.778, 111.25, 6.65, 0.011, 142.68, -27.58);
insert into SHOT values (1622, 1615, 1621, 621, 1.340, 174.96, 0.40, 1.345, 174.88, 0.43, 0.006, 155.63, 6.44);
insert into SHOT values (1623, 1615, 1622, 621, 3.370, 304.16, 83.80, 3.369, 303.69, 83.86, 0.005, 165.25, -3.65);
insert into SHOT values (1624, 1615, 1623, 621, 1.490, 332.56, -72.20, 1.490, 332.30, -72.35, 0.004, 181.70, -17.32);
insert into SHOT values (1625, 1600, 1624, 621, 12.870, 2.06, 6.40, 12.893, 2.01, 6.19, 0.054, 339.82, -55.76);
insert into SHOT values (1626, 1624, 1625, 621, 18.100, 300.86, -0.50, 18.097, 300.89, -0.51, 0.008, 50.57, -14.03);
insert into SHOT values (1627, 1624, 1626, 621, 10.510, 324.46, 0.10, 10.517, 324.48, 0.05, 0.011, 349.97, -47.34);
insert into SHOT values (1628, 1624, 1627, 621, 6.610, 353.66, 1.00, 6.611, 353.66, 0.95, 0.006, 338.08, -74.44);
insert into SHOT values (1629, 1624, 1628, 621, 8.570, 70.96, -0.10, 8.570, 70.93, -0.13, 0.007, 344.61, -46.01);
insert into SHOT values (1630, 1624, 1629, 621, 26.040, 102.06, -2.10, 26.041, 102.04, -2.11, 0.011, 14.10, -33.50);
insert into SHOT values (1631, 1624, 1630, 621, 26.930, 120.56, -0.20, 26.930, 120.56, -0.21, 0.007, 24.00, -57.09);
insert into SHOT values (1632, 1624, 1631, 621, 31.130, 140.86, -1.80, 31.128, 140.86, -1.80, 0.005, 18.51, -28.43);
insert into SHOT values (1633, 1624, 1632, 621, 17.820, 158.06, -3.40, 17.821, 158.05, -3.41, 0.006, 81.32, -34.88);
insert into SHOT values (1634, 1624, 1633, 621, 15.820, 183.96, -2.60, 15.814, 183.96, -2.61, 0.007, 21.30, -20.35);
insert into SHOT values (1635, 1624, 1634, 621, 17.680, 211.66, 12.10, 17.673, 211.66, 12.08, 0.009, 48.67, -45.24);
insert into SHOT values (1636, 1624, 1635, 621, 1.720, 259.06, -43.70, 1.720, 259.32, -43.79, 0.006, 8.81, -15.68);
insert into SHOT values (1637, 1624, 1636, 621, 18.110, 252.76, 46.80, 18.108, 252.78, 46.80, 0.004, 6.08, -24.59);
insert into SHOT values (1638, 1624, 1637, 621, 4.870, 198.46, 71.40, 4.863, 198.43, 71.42, 0.007, 29.82, -55.35);
insert into SHOT values (1639, 1624, 1638, 621, 4.240, 167.66, 66.10, 4.231, 167.51, 66.16, 0.011, 20.13, -36.61);
insert into SHOT values (1640, 1624, 1639, 621, 4.300, 190.16, 66.10, 4.296, 189.95, 66.17, 0.009, 57.18, -8.35);
insert into SHOT values (1641, 1624, 1640, 621, 7.510, 308.76, -6.50, 7.530, 309.03, -6.63, 0.044, 12.12, -26.94);
insert into SHOT values (1642, 1640, 1641, 621, 6.060, 72.76, 2.90, 6.059, 72.79, 2.93, 0.005, 187.13, 44.83);
insert into SHOT values (1643, 1640, 1642, 621, 3.690, 22.16, -3.80, 3.690, 22.18, -3.73, 0.005, 81.18, 77.25);
insert into SHOT values (1644, 1640, 1643, 621, 5.570, 330.66, 0.50, 5.574, 330.68, 0.51, 0.005, 345.91, 16.69);
insert into SHOT values (1645, 1640, 1644, 621, 11.050, 288.46, -1.70, 11.054, 288.47, -1.66, 0.009, 301.02, 63.13);
insert into SHOT values (1646, 1640, 1645, 621, 18.330, 276.56, -1.40, 18.325, 276.55, -1.38, 0.010, 135.45, 51.13);
insert into SHOT values (1647, 1640, 1646, 621, 29.270, 141.06, 5.90, 29.274, 141.06, 5.90, 0.004, 143.55, 17.56);
insert into SHOT values (1648, 1640, 1647, 621, 2.260, 357.36, -51.10, 2.262, 357.58, -51.08, 0.006, 66.44, -11.47);
insert into SHOT values (1649, 1640, 1648, 621, 3.970, 53.96, 75.30, 3.971, 54.26, 75.26, 0.006, 116.46, -0.51);
insert into SHOT values (1650, 1640, 1649, 621, 12.830, 153.26, 71.00, 12.829, 153.25, 71.00, 0.001, 60.53, -48.02);
insert into SHOT values (1651, 1640, 1650, 621, 11.530, 356.16, -16.00, 11.529, 356.17, -15.96, 0.008, 47.40, 74.77);
insert into SHOT values (1652, 1650, 1651, 621, 5.840, 39.86, 6.10, 5.841, 39.83, 6.09, 0.003, 323.84, -9.75);
insert into SHOT values (1653, 1650, 1652, 621, 10.290, 358.16, 5.20, 10.287, 358.15, 5.19, 0.004, 213.02, -42.53);
insert into SHOT values (1654, 1650, 1653, 621, 11.600, 342.56, 5.80, 11.600, 342.55, 5.79, 0.003, 260.45, -50.54);
insert into SHOT values (1655, 1650, 1654, 621, 9.030, 306.66, 6.40, 9.032, 306.67, 6.36, 0.007, 315.64, -70.21);
insert into SHOT values (1656, 1650, 1655, 621, 7.740, 268.56, -0.80, 7.743, 268.52, -0.81, 0.007, 208.16, -15.97);
insert into SHOT values (1657, 1650, 1656, 621, 5.310, 223.26, 1.70, 5.315, 223.25, 1.62, 0.009, 205.96, -54.12);
insert into SHOT values (1658, 1650, 1657, 621, 7.530, 137.96, 6.40, 7.530, 137.98, 6.33, 0.010, 197.99, -76.10);
insert into SHOT values (1659, 1650, 1658, 621, 0.620, 235.16, -57.30, 0.629, 235.84, -57.44, 0.010, 284.74, -57.56);
insert into SHOT values (1660, 1650, 1659, 621, 1.970, 244.36, 71.90, 1.968, 243.85, 71.86, 0.006, 161.08, -24.61);
insert into SHOT values (1661, 1650, 1660, 621, 22.690, 252.96, 0.50, 22.687, 252.95, 0.48, 0.009, 125.04, -62.08);
insert into SHOT values (1662, 1660, 1661, 621, 0.610, 181.56, 1.30, 0.611, 181.88, 1.88, 0.007, 263.49, 61.22);
insert into SHOT values (1663, 1660, 1662, 621, 0.690, 1.76, 1.70, 0.691, 1.66, 1.66, 0.001, 297.28, -18.86);
insert into SHOT values (1664, 1660, 1663, 621, 0.450, 269.06, 78.10, 0.451, 270.00, 77.20, 0.007, 281.86, -2.55);
insert into SHOT values (1665, 1660, 1664, 621, 0.560, 217.16, -82.70, 0.556, 219.81, -81.92, 0.009, 244.85, 35.17);
insert into SHOT values (1666, 1640, 1665, 621, 25.420, 269.26, 3.40, 25.418, 270.16, 3.11, 0.416, 359.01, -17.84);
insert into SHOT values (1667, 1665, 1666, 621, 0.810, 356.26, 4.50, 0.804, 355.71, 4.28, 0.010, 231.88, -20.75);
insert into SHOT values (1668, 1665, 1667, 621, 10.900, 273.26, 5.50, 10.907, 273.22, 5.47, 0.012, 225.58, -23.44);
insert into SHOT values (1669, 1665, 1668, 621, 16.380, 258.16, 4.00, 16.389, 258.14, 3.99, 0.011, 221.66, -13.28);
insert into SHOT values (1670, 1665, 1669, 621, 16.040, 248.46, 1.10, 16.044, 248.46, 1.11, 0.004, 222.68, 28.19);
insert into SHOT values (1671, 1665, 1670, 621, 32.690, 163.96, -3.00, 32.693, 163.98, -3.00, 0.010, 238.10, 5.02);
insert into SHOT values (1672, 1665, 1671, 621, 31.370, 157.86, -3.00, 31.370, 157.87, -3.00, 0.005, 244.45, 19.32);
insert into SHOT values (1673, 1665, 1672, 621, 1.340, 166.76, -73.60, 1.344, 167.80, -73.65, 0.008, 255.50, -33.42);
insert into SHOT values (1674, 1665, 1673, 621, 11.570, 251.46, 71.90, 11.574, 251.36, 71.88, 0.008, 195.10, 18.63);
insert into SHOT values (1675, 1665, 1674, 621, 20.990, 244.46, -0.20, 20.989, 245.12, -0.46, 0.259, 335.27, -21.90);
insert into SHOT values (1676, 1674, 1675, 621, 3.770, 8.36, -0.30, 3.770, 8.39, -0.30, 0.002, 85.11, -8.86);
insert into SHOT values (1677, 1674, 1676, 621, 11.450, 309.26, 2.10, 11.450, 309.25, 2.10, 0.002, 206.72, 12.98);
insert into SHOT values (1678, 1674, 1677, 621, 24.480, 239.06, 0.10, 24.480, 239.08, 0.12, 0.009, 331.61, 52.40);
insert into SHOT values (1679, 1674, 1678, 621, 5.790, 151.36, -30.10, 5.783, 151.33, -30.10, 0.008, 353.89, 29.90);
insert into SHOT values (1680, 1674, 1679, 621, 5.830, 85.86, 80.50, 5.830, 85.83, 80.50, 0.001, 25.40, -3.96);
insert into SHOT values (1681, 1674, 1680, 621, 9.640, 269.86, -0.90, 9.642, 270.24, -1.01, 0.066, 358.89, -16.43);
insert into SHOT values (1682, 1680, 1681, 621, 11.180, 73.46, 3.80, 11.187, 73.45, 3.79, 0.008, 51.11, -6.97);
insert into SHOT values (1683, 1680, 1682, 621, 8.300, 41.86, 3.80, 8.304, 41.87, 3.80, 0.004, 54.23, -1.09);
insert into SHOT values (1684, 1680, 1683, 621, 7.200, 2.16, 3.40, 7.198, 2.15, 3.42, 0.004, 210.59, 49.46);
insert into SHOT values (1685, 1680, 1684, 621, 11.270, 331.16, 0.10, 11.265, 331.18, 0.10, 0.006, 113.58, 3.05);
insert into SHOT values (1686, 1680, 1685, 621, 22.300, 330.46, 5.50, 22.297, 330.47, 5.51, 0.005, 131.84, 34.43);
insert into SHOT values (1687, 1680, 1686, 621, 29.570, 310.36, 6.60, 29.573, 310.37, 6.60, 0.007, 14.33, 11.13);
insert into SHOT values (1688, 1680, 1687, 621, 27.660, 289.26, 5.40, 27.656, 289.28, 5.39, 0.008, 46.62, -21.85);
insert into SHOT values (1689, 1680, 1688, 621, 19.960, 257.06, 1.00, 19.960, 257.06, 1.00, 0.003, 169.13, 37.11);
insert into SHOT values (1690, 1680, 1689, 621, 15.620, 219.36, 1.40, 15.615, 219.36, 1.39, 0.005, 53.16, -18.97);
insert into SHOT values (1691, 1680, 1690, 621, 15.810, 203.46, 5.20, 15.807, 203.47, 5.19, 0.004, 342.34, -42.01);
insert into SHOT values (1692, 1680, 1691, 621, 18.170, 203.66, 1.30, 18.171, 203.66, 1.29, 0.003, 157.13, -45.51);
insert into SHOT values (1693, 1680, 1692, 621, 3.400, 244.16, -32.00, 3.393, 244.24, -32.04, 0.009, 37.95, 11.66);
insert into SHOT values (1694, 1680, 1693, 621, 6.090, 315.36, 78.40, 6.094, 315.33, 78.42, 0.005, 164.11, 72.00);
insert into SCRAPS values (623, 617, 'SP-Alex2-1', 1, 69.57196, 2.53405);
 insert into MAPS values (665, 617, 'MP-Alex2', 'Alex2', 1, 217.650, -4.680);
 insert into MAPITEMS values (665, 4, 623);
 insert into SURVEY values (668, 51, 'Alex3', 'Alex3.Tush-Yurruck', 'Alex3');
 insert into CENTRELINE values (669, 668, NULL, NULL, NULL, 0.00, 0.00, 0.00);
 insert into SURVEY values (670, 668, 'Tush-Yurruck_03', 'Tush-Yurruck_03.Alex3.Tush-Yurruck', 'Tush-Yurruck 03');
 insert into CENTRELINE values (671, 670, NULL, NULL, NULL, 0.00, 0.00, 0.00);
 insert into CENTRELINE values (672, 670, NULL, '2024-04-17', NULL, 633.02, 0.00, 18.76);
 insert into TOPO values (1, 672);
 insert into TOPO values (2, 672);
 insert into TOPO values (3, 672);
 insert into SHOT values (1695, 1694, 1695, 672, 9.440, 170.66, 11.60, 9.445, 170.67, 11.60, 0.006, 182.46, 18.92);
insert into SHOT values (1696, 1694, 1696, 672, 14.280, 148.46, 4.20, 14.282, 148.46, 4.22, 0.005, 151.04, 64.09);
insert into SHOT values (1697, 1694, 1697, 672, 16.850, 124.56, 2.00, 16.850, 124.55, 2.01, 0.005, 35.64, 24.57);
insert into SHOT values (1698, 1694, 1698, 672, 27.140, 70.96, 0.10, 27.134, 70.96, 0.11, 0.007, 247.49, 23.22);
insert into SHOT values (1699, 1694, 1699, 672, 19.710, 42.06, 3.20, 19.707, 42.05, 3.20, 0.004, 270.10, -3.34);
insert into SHOT values (1700, 1694, 1700, 672, 20.990, 15.36, 2.80, 20.984, 15.36, 2.81, 0.009, 217.44, 32.59);
insert into SHOT values (1701, 1694, 1701, 672, 14.860, 288.86, 4.90, 14.861, 288.88, 4.90, 0.003, 9.32, 12.42);
insert into SHOT values (1702, 1694, 1702, 672, 27.830, 260.96, 2.80, 27.829, 260.95, 2.80, 0.004, 156.45, 6.62);
insert into SHOT values (1703, 1694, 1703, 672, 23.580, 241.56, 1.60, 23.586, 241.55, 1.60, 0.007, 208.31, 13.56);
insert into SHOT values (1704, 1694, 1704, 672, 2.940, 224.46, -52.00, 2.935, 224.55, -51.92, 0.007, 310.37, 67.31);
insert into SHOT values (1705, 1694, 1705, 672, 5.610, 288.96, 81.60, 5.611, 289.09, 81.54, 0.006, 306.65, 1.69);
insert into SHOT values (1706, 1694, 1706, 672, 26.280, 109.56, -1.70, 26.286, 109.59, -1.94, 0.111, 188.15, -82.66);
insert into SHOT values (1707, 1706, 1707, 672, 9.320, 255.66, 12.90, 9.318, 255.66, 12.90, 0.002, 103.06, -20.00);
insert into SHOT values (1708, 1706, 1708, 672, 12.300, 203.26, 12.20, 12.291, 203.24, 12.17, 0.013, 59.80, -44.22);
insert into SHOT values (1709, 1706, 1709, 672, 13.240, 166.36, 8.70, 13.242, 166.35, 8.69, 0.005, 106.26, -30.50);
insert into SHOT values (1710, 1706, 1710, 672, 20.060, 138.56, 2.10, 20.063, 138.56, 2.09, 0.006, 112.27, -54.40);
insert into SHOT values (1711, 1706, 1711, 672, 21.060, 116.96, 2.90, 21.060, 116.94, 2.89, 0.009, 26.06, -36.00);
insert into SHOT values (1712, 1706, 1712, 672, 22.330, 103.86, 3.60, 22.333, 103.86, 3.59, 0.004, 92.77, -33.01);
insert into SHOT values (1713, 1706, 1713, 672, 15.670, 42.76, 1.80, 15.675, 42.78, 1.79, 0.006, 77.22, -20.44);
insert into SHOT values (1714, 1706, 1714, 672, 15.280, 25.26, 3.50, 15.287, 25.26, 3.49, 0.008, 7.81, -21.19);
insert into SHOT values (1715, 1706, 1715, 672, 0.960, 95.96, -65.00, 0.963, 95.57, -64.66, 0.007, 71.65, 0.47);
insert into SHOT values (1716, 1706, 1716, 672, 5.030, 9.46, 73.50, 5.028, 9.66, 73.47, 0.006, 80.63, -28.91);
insert into SHOT values (1717, 1706, 1717, 672, 21.490, 78.06, 2.80, 21.505, 78.21, 2.56, 0.107, 148.96, -57.24);
insert into SHOT values (1718, 1717, 1718, 672, 6.770, 168.36, 3.60, 6.771, 168.39, 3.56, 0.006, 231.93, -54.57);
insert into SHOT values (1719, 1717, 1719, 672, 14.270, 122.56, 2.40, 14.268, 122.60, 2.41, 0.009, 224.94, 15.57);
insert into SHOT values (1720, 1717, 1720, 672, 5.510, 43.06, -0.90, 5.505, 43.09, -0.94, 0.006, 199.36, -32.52);
insert into SHOT values (1721, 1717, 1721, 672, 4.440, 334.66, -0.50, 4.438, 334.65, -0.52, 0.003, 180.66, -24.46);
insert into SHOT values (1722, 1717, 1722, 672, 8.020, 292.76, 4.00, 8.020, 292.72, 4.00, 0.006, 205.68, 5.11);
insert into SHOT values (1723, 1717, 1723, 672, 1.490, 60.96, -86.90, 1.492, 60.26, -86.90, 0.002, 333.20, -65.42);
insert into SHOT values (1724, 1717, 1724, 672, 5.950, 195.16, 77.20, 5.948, 195.41, 77.20, 0.006, 294.06, -20.61);
insert into SHOT values (1725, 1717, 1725, 672, 14.320, 83.46, 3.60, 14.326, 83.58, 3.44, 0.049, 157.51, -53.30);
insert into SHOT values (1726, 1725, 1726, 672, 9.880, 205.26, -1.00, 9.878, 205.29, -0.99, 0.006, 312.10, 23.88);
insert into SHOT values (1727, 1725, 1727, 672, 14.140, 224.06, 0.50, 14.137, 224.05, 0.49, 0.005, 86.17, -45.53);
insert into SHOT values (1728, 1725, 1728, 672, 8.640, 160.36, 11.70, 8.640, 160.39, 11.69, 0.004, 243.98, -30.40);
insert into SHOT values (1729, 1725, 1729, 672, 9.570, 49.36, 2.70, 9.570, 49.33, 2.70, 0.006, 316.23, -7.64);
insert into SHOT values (1730, 1725, 1730, 672, 4.270, 2.86, 0.30, 4.275, 2.82, 0.27, 0.007, 328.55, -20.47);
insert into SHOT values (1731, 1725, 1731, 672, 4.720, 305.76, -0.50, 4.721, 305.78, -0.49, 0.002, 354.28, 37.21);
insert into SHOT values (1732, 1725, 1732, 672, 1.290, 24.46, -64.40, 1.297, 24.27, -64.44, 0.007, 342.77, -67.33);
insert into SHOT values (1733, 1725, 1733, 672, 1.330, 71.66, 74.70, 1.326, 71.57, 74.80, 0.004, 262.55, -42.18);
insert into SHOT values (1734, 1725, 1734, 672, 21.840, 98.16, -1.00, 21.850, 98.24, -1.23, 0.094, 171.10, -71.53);
insert into SHOT values (1735, 1734, 1735, 672, 12.280, 245.06, 10.40, 12.278, 245.07, 10.42, 0.005, 43.18, 44.44);
insert into SHOT values (1736, 1734, 1736, 672, 12.190, 213.96, 9.60, 12.187, 214.01, 9.64, 0.012, 328.87, 34.74);
insert into SHOT values (1737, 1734, 1737, 672, 13.470, 181.16, 13.20, 13.470, 181.18, 13.22, 0.006, 290.49, 45.70);
insert into SHOT values (1738, 1734, 1738, 672, 18.240, 155.46, 18.00, 18.239, 155.47, 18.01, 0.005, 280.60, 41.59);
insert into SHOT values (1739, 1734, 1739, 672, 19.750, 108.86, 21.40, 19.749, 108.85, 21.41, 0.006, 351.57, 35.24);
insert into SHOT values (1740, 1734, 1740, 672, 11.650, 63.66, 28.20, 11.653, 63.63, 28.22, 0.007, 343.59, 42.49);
insert into SHOT values (1741, 1734, 1741, 672, 7.270, 43.26, 32.40, 7.274, 43.28, 32.42, 0.006, 89.23, 55.41);
insert into SHOT values (1742, 1734, 1742, 672, 10.760, 6.76, 20.00, 10.769, 6.75, 19.98, 0.009, 355.32, -0.84);
insert into SHOT values (1743, 1734, 1743, 672, 17.980, 337.86, 8.30, 17.983, 337.85, 8.31, 0.007, 267.99, 37.74);
insert into SHOT values (1744, 1734, 1744, 672, 1.770, 255.86, -51.40, 1.767, 255.84, -51.35, 0.003, 109.85, 75.08);
insert into SHOT values (1745, 1734, 1745, 672, 5.970, 56.06, 78.90, 5.972, 55.62, 78.89, 0.009, 336.84, 10.51);
insert into SHOT values (1746, 1734, 1746, 672, 12.030, 128.66, 12.40, 12.037, 128.61, 12.28, 0.028, 88.80, -55.93);
insert into SHOT values (1747, 1746, 1747, 672, 9.940, 159.16, 18.00, 9.934, 159.17, 18.00, 0.006, 332.95, -15.52);
insert into SHOT values (1748, 1746, 1748, 672, 8.130, 194.66, 12.10, 8.128, 194.65, 12.07, 0.005, 78.46, -60.90);
insert into SHOT values (1749, 1746, 1749, 672, 10.150, 227.06, 8.60, 10.147, 227.10, 8.56, 0.010, 337.18, -48.53);
insert into SHOT values (1750, 1746, 1750, 672, 15.310, 257.36, 6.20, 15.308, 257.36, 6.19, 0.004, 97.87, -62.85);
insert into SHOT values (1751, 1746, 1751, 672, 16.330, 83.86, 18.70, 16.330, 83.84, 18.68, 0.009, 6.12, -40.82);
insert into SHOT values (1752, 1746, 1752, 672, 20.250, 11.36, 11.00, 20.252, 11.37, 10.99, 0.005, 63.81, -45.16);
insert into SHOT values (1753, 1746, 1753, 672, 20.340, 347.66, 14.60, 20.340, 347.65, 14.58, 0.009, 285.96, -56.24);
insert into SHOT values (1754, 1746, 1754, 672, 14.290, 328.46, 8.40, 14.288, 328.48, 8.37, 0.009, 73.59, -60.24);
insert into SHOT values (1755, 1746, 1755, 672, 1.540, 286.56, -57.60, 1.540, 286.90, -57.58, 0.005, 11.08, 3.12);
insert into SHOT values (1756, 1746, 1756, 672, 4.820, 118.26, 83.30, 4.813, 117.47, 83.28, 0.011, 36.72, -42.08);
insert into SHOT values (1757, 1746, 1757, 672, 10.690, 145.26, 20.80, 10.684, 145.28, 20.78, 0.008, 298.22, -51.72);
insert into SHOT values (1758, 1757, 1758, 672, 2.670, 31.56, 34.70, 2.670, 31.59, 34.70, 0.001, 111.29, 1.28);
insert into SHOT values (1759, 1757, 1759, 672, 1.500, 103.56, 24.00, 1.507, 103.43, 23.88, 0.008, 80.19, -0.75);
insert into SHOT values (1760, 1757, 1760, 672, 2.390, 140.16, 7.80, 2.394, 140.13, 7.92, 0.007, 119.41, 57.52);
insert into SHOT values (1761, 1757, 1761, 672, 4.810, 168.16, 41.90, 4.806, 168.06, 41.90, 0.007, 54.53, -18.21);
insert into SHOT values (1762, 1757, 1762, 672, 2.730, 234.56, 15.00, 2.725, 234.44, 15.10, 0.009, 97.19, 21.80);
insert into SHOT values (1763, 1757, 1763, 672, 7.040, 267.96, 5.10, 7.033, 267.95, 5.14, 0.009, 95.86, 28.40);
insert into SHOT values (1764, 1757, 1764, 672, 1.360, 23.46, -86.40, 1.363, 26.57, -86.24, 0.007, 74.48, -23.32);
insert into SHOT values (1765, 1757, 1765, 672, 9.620, 222.66, 83.90, 9.624, 222.61, 83.92, 0.006, 58.23, 53.86);
insert into SHOT values (1766, 1757, 1766, 672, 21.960, 116.66, -0.60, 21.964, 116.65, -0.60, 0.007, 58.12, -0.30);
insert into SHOT values (1767, 1766, 1767, 672, 4.150, 61.06, 16.60, 4.149, 61.11, 16.67, 0.006, 187.01, 45.64);
insert into SHOT values (1768, 1766, 1768, 672, 3.670, 2.76, 13.10, 3.669, 2.73, 13.07, 0.003, 261.79, -37.62);
insert into SHOT values (1769, 1766, 1769, 672, 2.740, 175.26, 10.60, 2.747, 175.32, 10.70, 0.009, 201.95, 42.93);
insert into SHOT values (1770, 1766, 1770, 672, 4.570, 138.66, 13.20, 4.570, 138.64, 13.16, 0.004, 63.01, -67.08);
insert into SHOT values (1771, 1766, 1771, 672, 1.840, 225.46, 14.10, 1.845, 225.23, 14.12, 0.009, 166.30, 11.48);
insert into SHOT values (1772, 1766, 1772, 672, 2.810, 270.96, 5.60, 2.814, 270.82, 5.71, 0.010, 208.48, 35.97);
insert into SHOT values (1773, 1766, 1773, 672, 1.850, 291.96, -52.20, 1.847, 291.80, -52.24, 0.005, 158.79, 22.19);
insert into SHOT values (1774, 1766, 1774, 672, 4.400, 120.36, 86.90, 4.396, 120.96, 86.96, 0.006, 272.99, -33.82);
insert into SHOT values (1775, 1766, 1775, 672, 10.960, 123.26, 8.50, 10.959, 123.29, 8.50, 0.006, 218.29, 0.09);
insert into SHOT values (1776, 1775, 1776, 672, 8.760, 128.36, 25.10, 8.760, 128.34, 25.13, 0.005, 359.57, 49.35);
insert into SHOT values (1777, 1775, 1777, 672, 3.970, 231.26, 40.20, 3.967, 231.16, 40.20, 0.006, 116.12, -22.84);
insert into SHOT values (1778, 1775, 1778, 672, 6.150, 282.96, 15.50, 6.144, 282.98, 15.48, 0.006, 83.88, -33.46);
insert into SHOT values (1779, 1775, 1779, 672, 3.070, 62.96, -0.20, 3.077, 62.94, -0.19, 0.007, 50.78, 5.74);
insert into SHOT values (1780, 1775, 1780, 672, 1.520, 11.36, 6.90, 1.521, 11.46, 6.80, 0.004, 77.63, -43.50);
insert into SHOT values (1781, 1775, 1781, 672, 6.640, 324.66, -4.40, 6.640, 324.65, -4.41, 0.001, 230.10, -27.25);
insert into SHOT values (1782, 1775, 1782, 672, 7.430, 320.06, 7.50, 7.432, 320.07, 7.50, 0.002, 326.06, 5.14);
insert into SHOT values (1783, 1775, 1783, 672, 1.390, 358.66, -74.10, 1.393, 358.49, -74.16, 0.003, 237.93, -67.49);
insert into SHOT values (1784, 1775, 1784, 672, 5.050, 332.06, 82.50, 5.053, 331.88, 82.52, 0.004, 206.88, 50.65);
insert into SHOT values (1785, 1775, 1785, 672, 12.140, 113.06, -5.70, 12.144, 113.04, -5.67, 0.008, 67.46, 43.72);
insert into SHOT values (1786, 1785, 1786, 672, 3.970, 29.66, 21.10, 3.967, 29.61, 20.98, 0.010, 297.32, -69.63);
insert into SHOT values (1787, 1785, 1787, 672, 3.880, 73.86, 12.40, 3.878, 73.91, 12.36, 0.005, 183.34, -44.59);
insert into SHOT values (1788, 1785, 1788, 672, 4.900, 348.06, 13.00, 4.899, 348.03, 12.98, 0.004, 244.86, -39.27);
insert into SHOT values (1789, 1785, 1789, 672, 9.610, 315.96, 9.30, 9.616, 315.94, 9.28, 0.009, 286.15, -20.57);
insert into SHOT values (1790, 1785, 1790, 672, 13.170, 300.66, 7.00, 13.171, 300.63, 6.98, 0.010, 222.01, -29.74);
insert into SHOT values (1791, 1785, 1791, 672, 9.330, 286.26, 13.10, 9.334, 286.22, 13.07, 0.009, 232.78, -29.98);
insert into SHOT values (1792, 1785, 1792, 672, 5.530, 267.36, 18.70, 5.536, 267.38, 18.65, 0.008, 277.38, -21.64);
insert into SHOT values (1793, 1785, 1793, 672, 4.010, 224.36, 20.40, 4.011, 224.35, 20.28, 0.009, 214.44, -65.15);
insert into SHOT values (1794, 1785, 1794, 672, 0.610, 173.46, -59.40, 0.615, 174.47, -59.56, 0.007, 254.30, -41.68);
insert into SHOT values (1795, 1785, 1795, 672, 4.750, 230.56, 79.00, 4.748, 230.36, 78.96, 0.005, 180.10, -32.60);
insert into SHOT values (1796, 1785, 1796, 672, 17.990, 107.06, -16.50, 17.990, 107.06, -16.50, 0.002, 4.95, -22.08);
insert into SHOT values (1797, 1796, 1797, 672, 10.970, 100.76, 4.80, 10.970, 100.75, 4.76, 0.008, 28.06, -78.06);
insert into SHOT values (1798, 1796, 1798, 672, 19.180, 58.16, 2.90, 19.175, 58.17, 2.90, 0.006, 218.62, -3.70);
insert into SHOT values (1799, 1796, 1799, 672, 20.250, 38.06, -5.70, 20.244, 38.06, -5.70, 0.006, 213.36, 12.52);
insert into SHOT values (1800, 1796, 1800, 672, 29.200, 11.76, -1.60, 29.195, 11.76, -1.61, 0.007, 186.58, -39.73);
insert into SHOT values (1801, 1796, 1801, 672, 30.560, 354.56, -6.70, 30.556, 354.55, -6.71, 0.008, 222.29, -35.23);
insert into SHOT values (1802, 1796, 1802, 672, 2.430, 137.66, -34.10, 2.433, 137.82, -34.27, 0.010, 243.42, -52.86);
insert into SHOT values (1803, 1796, 1803, 672, 4.480, 130.16, 64.20, 4.478, 130.22, 64.16, 0.004, 181.96, -54.78);
insert into SHOT values (1804, 1796, 1804, 672, 14.900, 155.76, 61.80, 14.899, 155.76, 61.80, 0.002, 315.53, -68.84);
insert into SHOT values (1805, 1796, 1805, 672, 14.330, 161.16, -11.50, 14.364, 160.66, -11.53, 0.127, 85.35, -5.89);
insert into SHOT values (1806, 1805, 1806, 672, 4.840, 76.96, 4.00, 4.837, 76.94, 4.03, 0.005, 283.07, 31.60);
insert into SHOT values (1807, 1805, 1807, 672, 7.970, 117.46, 9.90, 7.964, 117.48, 9.91, 0.007, 277.62, -2.39);
insert into SHOT values (1808, 1805, 1808, 672, 5.050, 33.36, 5.80, 5.043, 33.37, 5.80, 0.007, 205.99, -2.79);
insert into SHOT values (1809, 1805, 1809, 672, 5.450, 356.66, 3.70, 5.451, 356.63, 3.79, 0.009, 279.54, 67.14);
insert into SHOT values (1810, 1805, 1810, 672, 9.000, 199.36, -4.10, 9.002, 199.38, -4.08, 0.005, 257.38, 43.09);
insert into SHOT values (1811, 1805, 1811, 672, 6.050, 246.56, 2.00, 6.055, 246.53, 2.08, 0.011, 205.90, 57.06);
insert into SHOT values (1812, 1805, 1812, 672, 6.440, 320.06, 5.10, 6.443, 320.06, 5.16, 0.008, 306.12, 69.55);
insert into SHOT values (1813, 1805, 1813, 672, 3.290, 9.96, -33.80, 3.287, 9.91, -33.83, 0.004, 228.10, 3.00);
insert into SHOT values (1814, 1805, 1814, 672, 1.600, 342.86, 70.20, 1.605, 342.90, 70.19, 0.005, 351.69, 65.39);
insert into SHOT values (1815, 1805, 1815, 672, 6.910, 13.46, 55.40, 6.908, 13.43, 55.46, 0.007, 210.72, 17.03);
insert into SHOT values (1816, 1805, 1816, 672, 7.160, 123.16, 7.30, 7.201, 123.18, 7.18, 0.044, 125.70, -12.85);
insert into SHOT values (1817, 1816, 1817, 672, 1.990, 131.96, 11.70, 1.990, 131.88, 11.89, 0.007, 19.15, 63.98);
insert into SHOT values (1818, 1816, 1818, 672, 1.980, 42.76, 17.40, 1.983, 42.64, 17.62, 0.009, 315.27, 62.90);
insert into SHOT values (1819, 1816, 1819, 672, 3.530, 7.56, 13.90, 3.533, 7.54, 13.92, 0.004, 342.28, 30.84);
insert into SHOT values (1820, 1816, 1820, 672, 6.640, 204.46, 1.50, 6.639, 204.48, 1.55, 0.007, 325.70, 70.25);
insert into SHOT values (1821, 1816, 1821, 672, 9.310, 240.96, 18.30, 9.314, 240.97, 18.34, 0.007, 277.95, 74.47);
insert into SHOT values (1822, 1816, 1822, 672, 6.880, 300.16, -7.70, 6.886, 300.17, -7.68, 0.007, 308.91, 15.25);
insert into SHOT values (1823, 1816, 1823, 672, 14.530, 301.86, -2.30, 14.533, 301.88, -2.29, 0.007, 5.20, 27.83);
insert into SHOT values (1824, 1816, 1824, 672, 10.280, 332.16, 1.80, 10.285, 332.16, 1.84, 0.008, 332.83, 57.21);
insert into SHOT values (1825, 1816, 1825, 672, 3.350, 308.46, -38.70, 3.351, 308.49, -38.59, 0.007, 322.78, 43.84);
insert into SHOT values (1826, 1816, 1826, 672, 5.280, 301.46, 77.10, 5.285, 301.54, 77.04, 0.007, 316.21, 26.39);
insert into SHOT values (1827, 1816, 1827, 672, 11.390, 85.06, 11.40, 11.386, 85.07, 11.40, 0.004, 257.85, -18.41);
insert into SHOT values (1828, 1816, 1828, 672, 6.860, 196.26, 2.80, 6.868, 195.82, 2.75, 0.054, 114.60, -5.43);
insert into SHOT values (1829, 1828, 1829, 672, 5.110, 27.46, -0.40, 5.103, 27.42, -0.45, 0.009, 238.51, -29.30);
insert into SHOT values (1830, 1828, 1830, 672, 3.660, 56.86, -5.10, 3.657, 56.88, -5.18, 0.006, 223.51, -50.51);
insert into SHOT values (1831, 1828, 1831, 672, 5.140, 87.66, -4.50, 5.140, 87.65, -4.46, 0.003, 5.61, 71.73);
insert into SHOT values (1832, 1828, 1832, 672, 9.070, 110.66, -9.00, 9.068, 110.66, -9.01, 0.003, 299.85, -25.77);
insert into SHOT values (1833, 1828, 1833, 672, 6.950, 300.76, 27.50, 6.951, 300.72, 27.50, 0.004, 220.35, 11.37);
insert into SHOT values (1834, 1828, 1834, 672, 1.260, 252.66, 37.10, 1.261, 252.65, 37.08, 0.001, 232.50, -2.73);
insert into SHOT values (1835, 1828, 1835, 672, 2.020, 202.76, 3.90, 2.022, 202.75, 3.97, 0.003, 187.67, 57.48);
insert into SHOT values (1836, 1828, 1836, 672, 4.710, 69.96, -61.10, 4.703, 69.89, -61.16, 0.009, 270.69, 22.05);
insert into SHOT values (1837, 1828, 1837, 672, 3.750, 34.36, 50.80, 3.752, 34.16, 50.86, 0.009, 294.42, 24.85);
insert into SHOT values (1838, 1828, 1838, 672, 11.110, 128.96, -13.90, 11.141, 128.88, -13.87, 0.035, 103.67, -1.73);
insert into SHOT values (1839, 1838, 1839, 672, 4.840, 70.86, 8.40, 4.847, 70.88, 8.42, 0.007, 86.87, 24.39);
insert into SHOT values (1840, 1838, 1840, 672, 1.910, 41.76, 11.80, 1.910, 41.96, 11.78, 0.007, 134.06, -5.11);
insert into SHOT values (1841, 1838, 1841, 672, 3.660, 6.56, 18.20, 3.659, 6.61, 18.32, 0.008, 147.80, 54.67);
insert into SHOT values (1842, 1838, 1842, 672, 6.460, 196.86, 28.50, 6.463, 196.78, 28.46, 0.010, 135.33, -14.03);
insert into SHOT values (1843, 1838, 1843, 672, 5.710, 242.86, 30.80, 5.711, 242.81, 30.87, 0.008, 121.44, 48.18);
insert into SHOT values (1844, 1838, 1844, 672, 11.050, 305.36, 16.30, 11.046, 305.32, 16.30, 0.008, 186.54, -9.37);
insert into SHOT values (1845, 1838, 1845, 672, 3.440, 270.76, -0.20, 3.440, 270.67, -0.17, 0.006, 183.20, 18.99);
insert into SHOT values (1846, 1838, 1846, 672, 21.210, 104.76, -8.70, 21.218, 104.78, -8.70, 0.010, 139.78, -10.38);
insert into SHOT values (1847, 1846, 1847, 672, 20.110, 157.56, 5.50, 20.108, 157.56, 5.51, 0.003, 2.61, 49.98);
insert into SHOT values (1848, 1847, 1848, 672, 3.410, 196.96, 11.40, 3.415, 197.03, 11.49, 0.008, 240.18, 47.68);
insert into SHOT values (1849, 1847, 1849, 672, 3.240, 248.26, 12.10, 3.246, 248.37, 12.09, 0.008, 294.17, 6.01);
insert into SHOT values (1850, 1847, 1850, 672, 4.640, 290.36, 6.00, 4.646, 290.40, 6.05, 0.008, 318.21, 41.13);
insert into SHOT values (1851, 1847, 1851, 672, 8.340, 86.86, 6.20, 8.341, 86.89, 6.19, 0.004, 161.92, -10.45);
insert into SHOT values (1852, 1847, 1852, 672, 9.550, 50.76, 0.40, 9.545, 50.74, 0.42, 0.007, 265.94, 26.47);
insert into SHOT values (1853, 1847, 1853, 672, 8.130, 21.16, 1.40, 8.129, 21.13, 1.41, 0.005, 277.84, 17.57);
insert into SHOT values (1854, 1847, 1854, 672, 12.270, 13.66, 1.20, 12.270, 13.67, 1.21, 0.004, 93.84, 53.14);
insert into SHOT values (1855, 1847, 1855, 672, 2.380, 73.06, -39.90, 2.377, 73.06, -40.07, 0.008, 254.09, -25.81);
insert into SHOT values (1856, 1847, 1856, 672, 2.430, 139.76, 73.20, 2.434, 140.19, 73.21, 0.006, 223.77, 34.92);
insert into SHOT values (1857, 1847, 1857, 672, 11.200, 141.06, -1.90, 11.199, 141.09, -1.89, 0.006, 238.74, 13.14);
insert into SHOT values (1858, 1857, 1858, 672, 0.630, 88.66, -23.30, 0.632, 88.03, -23.31, 0.007, 13.29, -6.88);
insert into SHOT values (1859, 1857, 1859, 672, 2.170, 150.26, 6.30, 2.168, 150.22, 6.36, 0.003, 2.94, 33.22);
insert into SHOT values (1860, 1857, 1860, 672, 3.120, 357.96, 3.30, 3.127, 357.98, 3.30, 0.007, 5.60, 3.19);
insert into SHOT values (1861, 1857, 1861, 672, 8.380, 218.56, 8.10, 8.373, 218.58, 8.10, 0.007, 14.17, -5.85);
insert into SHOT values (1862, 1857, 1862, 672, 6.670, 285.36, 15.10, 6.672, 285.40, 15.12, 0.005, 353.85, 31.99);
insert into SHOT values (1863, 1857, 1863, 672, 10.110, 308.56, 8.80, 10.110, 308.58, 8.82, 0.004, 49.65, 49.52);
insert into SHOT values (1864, 1857, 1864, 672, 1.540, 278.06, -63.50, 1.542, 278.37, -63.52, 0.004, 5.55, -26.37);
insert into SHOT values (1865, 1857, 1865, 672, 1.850, 19.26, 79.60, 1.851, 18.97, 79.47, 0.005, 357.86, 4.74);
insert into SHOT values (1866, 1857, 1866, 672, 17.660, 178.96, 3.20, 17.661, 178.96, 3.21, 0.004, 113.45, 75.79);
insert into SHOT values (1867, 1866, 1867, 672, 3.150, 225.96, 34.40, 3.147, 226.09, 34.44, 0.007, 347.23, 2.95);
insert into SHOT values (1868, 1866, 1868, 672, 4.370, 151.56, -1.10, 4.368, 151.56, -1.18, 0.006, 344.60, -71.03);
insert into SHOT values (1869, 1866, 1869, 672, 7.400, 306.46, 15.70, 7.403, 306.50, 15.67, 0.007, 353.79, -21.39);
insert into SHOT values (1870, 1866, 1870, 672, 13.600, 102.16, -1.60, 13.600, 102.14, -1.60, 0.004, 6.36, -3.45);
insert into SHOT values (1871, 1866, 1871, 672, 8.260, 70.66, -3.50, 8.261, 70.66, -3.54, 0.006, 83.35, -85.06);
insert into SHOT values (1872, 1866, 1872, 672, 5.450, 39.16, -1.70, 5.455, 39.12, -1.79, 0.010, 356.89, -53.24);
insert into SHOT values (1873, 1866, 1873, 672, 10.960, 9.56, -4.10, 10.961, 9.58, -4.13, 0.007, 90.40, -59.25);
insert into SHOT values (1874, 1866, 1874, 672, 2.970, 72.46, -35.70, 2.975, 72.39, -35.79, 0.008, 3.63, -64.63);
insert into SHOT values (1875, 1866, 1875, 672, 3.640, 96.86, 72.40, 3.639, 96.80, 72.45, 0.003, 299.11, 7.02);
insert into SHOT values (1876, 1866, 1876, 672, 16.420, 124.06, -20.40, 16.423, 124.06, -20.42, 0.006, 71.56, -85.48);
insert into SHOT values (1877, 1876, 1877, 672, 5.870, 84.16, 1.50, 5.873, 84.13, 1.56, 0.008, 36.71, 57.31);
insert into SHOT values (1878, 1876, 1878, 672, 10.080, 46.56, 1.90, 10.086, 46.57, 1.93, 0.008, 54.49, 45.78);
insert into SHOT values (1879, 1876, 1879, 672, 10.400, 17.26, -1.40, 10.403, 17.29, -1.38, 0.006, 72.20, 40.37);
insert into SHOT values (1880, 1876, 1880, 672, 19.090, 347.16, -0.90, 19.089, 347.17, -0.90, 0.001, 127.66, -8.66);
insert into SHOT values (1881, 1876, 1881, 672, 4.770, 252.46, 18.70, 4.771, 252.49, 18.70, 0.002, 308.12, 16.51);
insert into SHOT values (1882, 1876, 1882, 672, 10.800, 201.96, -2.80, 10.795, 201.95, -2.81, 0.007, 46.92, -21.42);
insert into SHOT values (1883, 1876, 1883, 672, 5.160, 179.96, -0.50, 5.160, 180.00, -0.44, 0.006, 266.58, 56.63);
insert into SHOT values (1884, 1876, 1884, 672, 9.110, 162.16, -3.20, 9.103, 162.12, -3.21, 0.010, 24.47, -8.83);
insert into SHOT values (1885, 1876, 1885, 672, 13.140, 151.06, -4.10, 13.139, 151.07, -4.10, 0.002, 274.09, -20.06);
insert into SHOT values (1886, 1876, 1886, 672, 3.100, 172.46, -32.40, 3.095, 172.52, -32.43, 0.006, 325.48, 10.33);
insert into SHOT values (1887, 1876, 1887, 672, 6.960, 133.16, 84.00, 6.958, 132.75, 84.05, 0.008, 355.11, -13.65);
insert into SHOT values (1888, 1876, 1888, 672, 19.050, 346.36, -0.60, 19.058, 346.37, -0.60, 0.008, 7.62, -3.62);
insert into SHOT values (1889, 1888, 1889, 672, 19.250, 126.46, 1.60, 19.256, 126.47, 1.61, 0.007, 132.19, 22.64);
insert into SHOT values (1890, 1889, 1890, 672, 4.010, 357.16, 12.10, 4.014, 357.08, 12.08, 0.007, 303.18, -4.58);
insert into SHOT values (1891, 1889, 1891, 672, 2.970, 42.86, 15.40, 2.966, 42.73, 15.45, 0.008, 278.85, 9.33);
insert into SHOT values (1892, 1889, 1892, 672, 5.490, 90.86, 11.20, 5.486, 90.85, 11.25, 0.006, 283.28, 36.35);
insert into SHOT values (1893, 1889, 1893, 672, 16.750, 148.66, -5.40, 16.746, 148.66, -5.41, 0.005, 321.75, -42.92);
insert into SHOT values (1894, 1889, 1894, 672, 12.240, 213.56, -0.30, 12.242, 213.57, -0.28, 0.005, 254.81, 51.71);
insert into SHOT values (1895, 1889, 1895, 672, 14.250, 237.06, -3.20, 14.260, 237.07, -3.22, 0.011, 245.16, -24.55);
insert into SHOT values (1896, 1889, 1896, 672, 13.480, 251.16, -6.40, 13.483, 251.15, -6.39, 0.006, 196.94, 27.37);
insert into SHOT values (1897, 1889, 1897, 672, 1.560, 210.16, -52.10, 1.563, 210.56, -51.92, 0.009, 260.18, 6.43);
insert into SHOT values (1898, 1889, 1898, 672, 3.120, 180.56, 77.30, 3.117, 180.83, 77.21, 0.006, 218.37, -34.96);
insert into SHOT values (1899, 1889, 1899, 672, 10.620, 133.46, -6.40, 10.620, 133.46, -6.38, 0.004, 220.78, 87.21);
insert into SHOT values (1900, 1899, 1900, 672, 7.040, 346.56, 13.70, 7.036, 346.55, 13.65, 0.008, 194.65, -70.72);
insert into SHOT values (1901, 1899, 1901, 672, 5.510, 15.96, 17.70, 5.510, 15.92, 17.64, 0.007, 311.85, -46.96);
insert into SHOT values (1902, 1899, 1902, 672, 8.310, 17.26, 19.20, 8.303, 17.21, 19.20, 0.010, 244.62, -16.26);
insert into SHOT values (1903, 1899, 1903, 672, 11.940, 48.16, 13.10, 11.937, 48.14, 13.07, 0.008, 305.82, -49.04);
insert into SHOT values (1904, 1899, 1904, 672, 4.400, 69.66, 14.00, 4.395, 69.70, 13.96, 0.007, 220.39, -42.24);
insert into SHOT values (1905, 1899, 1905, 672, 9.910, 255.76, 0.50, 9.915, 255.75, 0.46, 0.009, 238.09, -49.35);
insert into SHOT values (1906, 1899, 1906, 672, 8.050, 181.76, -0.20, 8.054, 181.78, -0.21, 0.005, 210.79, -22.92);
insert into SHOT values (1907, 1899, 1907, 672, 5.220, 149.96, 1.40, 5.221, 150.00, 1.32, 0.008, 221.77, -67.14);
insert into SHOT values (1908, 1899, 1908, 672, 1.660, 183.16, -41.50, 1.659, 183.23, -41.53, 0.002, 314.54, -1.49);
insert into SHOT values (1909, 1899, 1909, 672, 2.680, 213.46, 65.60, 2.678, 213.55, 65.66, 0.004, 7.41, -9.87);
insert into SHOT values (1910, 1899, 1910, 672, 17.980, 201.26, -0.40, 17.984, 201.26, -0.41, 0.006, 175.31, -45.28);
insert into SHOT values (1911, 1910, 1911, 672, 9.340, 87.26, -3.20, 9.335, 87.23, -3.19, 0.007, 314.65, 11.50);
insert into SHOT values (1912, 1910, 1912, 672, 5.770, 68.76, -1.60, 5.765, 68.73, -1.59, 0.006, 277.45, 10.25);
insert into SHOT values (1913, 1910, 1913, 672, 10.020, 41.96, -0.40, 10.020, 41.97, -0.40, 0.000, 149.74, -5.55);
insert into SHOT values (1914, 1910, 1914, 672, 6.740, 191.96, 13.80, 6.738, 192.00, 13.82, 0.005, 315.47, 26.39);
insert into SHOT values (1915, 1910, 1915, 672, 11.200, 182.26, 13.90, 11.196, 182.27, 13.90, 0.004, 349.64, -8.74);
insert into SHOT values (1916, 1910, 1916, 672, 6.610, 249.06, 16.80, 6.609, 249.07, 16.80, 0.001, 4.24, -22.85);
insert into SHOT values (1917, 1910, 1917, 672, 9.290, 314.76, 7.50, 9.293, 314.78, 7.48, 0.005, 355.51, -31.94);
insert into SHOT values (1918, 1910, 1918, 672, 11.990, 347.76, 5.50, 11.996, 347.77, 5.50, 0.006, 356.34, 7.24);
insert into SHOT values (1919, 1910, 1919, 672, 1.340, 8.46, -52.70, 1.339, 7.73, -52.36, 0.013, 305.64, 26.89);
insert into SHOT values (1920, 1910, 1920, 672, 1.230, 326.96, 80.00, 1.229, 326.31, 79.86, 0.004, 284.88, -19.64);
insert into SHOT values (1921, 1910, 1921, 672, 16.750, 133.56, 2.00, 16.746, 133.55, 2.02, 0.008, 1.05, 40.68);
insert into SHOT values (1922, 1921, 1922, 672, 5.260, 115.46, 3.20, 5.259, 115.49, 3.16, 0.004, 218.31, -53.79);
insert into SHOT values (1923, 1921, 1923, 672, 6.780, 90.16, 2.90, 6.779, 90.17, 2.88, 0.003, 241.41, -64.06);
insert into SHOT values (1924, 1921, 1924, 672, 4.650, 9.76, 2.50, 4.650, 9.67, 2.46, 0.008, 282.38, -19.54);
insert into SHOT values (1925, 1921, 1925, 672, 9.300, 358.66, -2.20, 9.300, 358.64, -2.22, 0.004, 259.13, -42.49);
insert into SHOT values (1926, 1921, 1926, 672, 10.680, 340.36, -0.50, 10.682, 340.36, -0.54, 0.007, 324.70, -74.81);
insert into SHOT values (1927, 1921, 1927, 672, 5.390, 298.66, 6.40, 5.390, 298.67, 6.39, 0.001, 0.08, -47.94);
insert into SHOT values (1928, 1921, 1928, 672, 1.240, 270.56, 12.00, 1.245, 270.47, 11.58, 0.011, 254.95, -46.51);
insert into SHOT values (1929, 1921, 1929, 672, 8.050, 228.66, 5.70, 8.054, 228.69, 5.70, 0.006, 276.09, 4.82);
insert into SHOT values (1930, 1921, 1930, 672, 6.620, 199.06, 2.90, 6.621, 199.07, 2.86, 0.005, 209.23, -76.09);
insert into SHOT values (1931, 1921, 1931, 672, 1.960, 39.96, -43.20, 1.959, 39.86, -43.55, 0.012, 236.50, -41.91);
insert into SHOT values (1932, 1921, 1932, 672, 1.300, 28.76, 83.00, 1.299, 26.57, 83.08, 0.006, 280.16, -2.80);
insert into SHOT values (1933, 1921, 1933, 672, 8.110, 153.16, -1.30, 8.115, 153.18, -1.34, 0.008, 183.35, -48.33);
insert into SHOT values (1934, 1933, 1934, 672, 2.140, 181.36, 7.70, 2.140, 181.35, 7.79, 0.003, 77.15, 81.88);
insert into SHOT values (1935, 1933, 1935, 672, 3.590, 139.36, 9.10, 3.585, 139.47, 9.15, 0.009, 269.99, 14.43);
insert into SHOT values (1936, 1933, 1936, 672, 5.000, 106.56, 6.30, 4.995, 106.50, 6.32, 0.008, 332.07, 9.85);
insert into SHOT values (1937, 1933, 1937, 672, 5.010, 74.66, -1.80, 5.003, 74.57, -1.83, 0.011, 301.12, -13.76);
insert into SHOT values (1938, 1933, 1938, 672, 1.740, 44.86, 3.10, 1.735, 44.77, 3.30, 0.008, 255.14, 45.38);
insert into SHOT values (1939, 1933, 1939, 672, 0.730, 176.96, -57.90, 0.727, 176.99, -58.46, 0.008, 355.73, -12.21);
insert into SHOT values (1940, 1933, 1940, 672, 1.430, 126.66, 66.60, 1.426, 127.07, 66.71, 0.006, 260.93, -22.98);
insert into SHOT values (1941, 1933, 1941, 672, 5.550, 77.46, -10.50, 5.544, 77.39, -10.50, 0.009, 308.15, 9.04);
insert into SHOT values (1942, 1941, 1942, 672, 4.670, 32.16, -1.60, 4.671, 32.23, -1.59, 0.005, 109.65, 4.27);
insert into SHOT values (1943, 1941, 1943, 672, 3.460, 5.66, -2.20, 3.459, 5.64, -2.15, 0.003, 244.22, 64.94);
insert into SHOT values (1944, 1941, 1944, 672, 3.110, 334.36, -1.30, 3.105, 334.43, -1.29, 0.006, 120.75, 5.23);
insert into SHOT values (1945, 1941, 1945, 672, 5.770, 314.96, -1.20, 5.764, 314.93, -1.19, 0.007, 165.13, 7.10);
insert into SHOT values (1946, 1941, 1946, 672, 1.360, 150.66, -3.90, 1.360, 150.41, -3.79, 0.006, 61.45, 22.81);
insert into SHOT values (1947, 1941, 1947, 672, 1.560, 192.86, 2.80, 1.560, 192.61, 2.94, 0.008, 97.99, 28.64);
insert into SHOT values (1948, 1941, 1948, 672, 5.030, 222.76, 18.80, 5.031, 222.70, 18.79, 0.005, 144.07, -10.96);
insert into SHOT values (1949, 1941, 1949, 672, 0.750, 163.66, -64.60, 0.753, 163.81, -64.61, 0.003, 200.79, -61.14);
insert into SHOT values (1950, 1941, 1950, 672, 0.830, 174.96, 52.50, 0.836, 174.40, 52.17, 0.009, 139.82, 9.84);
insert into SHOT values (1951, 1941, 1951, 672, 4.980, 113.56, -3.10, 4.983, 113.58, -3.11, 0.003, 137.61, -13.59);
insert into SHOT values (1952, 1941, 1952, 672, 5.780, 113.46, -3.10, 5.786, 113.46, -3.07, 0.007, 109.37, 23.18);
insert into SHOT values (1953, 1952, 1953, 672, 23.770, 111.96, 3.40, 23.763, 111.96, 3.40, 0.008, 307.36, 2.16);
insert into SHOT values (1954, 1952, 1954, 672, 21.390, 99.56, 4.00, 21.389, 99.58, 3.99, 0.006, 195.21, -22.02);
insert into SHOT values (1955, 1952, 1955, 672, 25.580, 96.86, 2.60, 25.579, 96.86, 2.60, 0.004, 351.46, -5.91);
insert into SHOT values (1956, 1952, 1956, 672, 14.650, 72.96, 3.80, 14.643, 72.97, 3.80, 0.007, 246.22, -7.53);
insert into SHOT values (1957, 1952, 1957, 672, 15.070, 47.56, 5.00, 15.070, 47.56, 4.99, 0.003, 118.46, -84.06);
insert into SHOT values (1958, 1952, 1958, 672, 14.830, 22.16, 2.30, 14.827, 22.17, 2.28, 0.006, 181.29, -58.29);
insert into SHOT values (1959, 1952, 1959, 672, 8.700, 207.36, 0.20, 8.704, 207.36, 0.20, 0.004, 199.52, -5.69);
insert into SHOT values (1960, 1952, 1960, 672, 4.790, 239.46, -3.10, 4.790, 239.47, -3.11, 0.001, 296.04, -65.60);
insert into SHOT values (1961, 1952, 1961, 672, 4.760, 280.46, -0.60, 4.759, 280.41, -0.60, 0.004, 172.33, -1.99);
insert into SHOT values (1962, 1952, 1962, 672, 0.390, 242.26, -64.10, 0.389, 241.93, -64.09, 0.001, 132.62, 38.04);
insert into SHOT values (1963, 1952, 1963, 672, 1.050, 267.26, 70.50, 1.050, 266.73, 70.50, 0.003, 178.29, 3.97);
insert into SHOT values (1964, 1964, 1965, 672, 18.010, 118.46, -0.20, 18.006, 118.46, -0.22, 0.008, 319.78, -57.78);
insert into SHOT values (1965, 1965, 1966, 672, 8.260, 208.66, -0.60, 8.261, 208.64, -0.55, 0.007, 145.83, 63.93);
insert into SHOT values (1966, 1965, 1967, 672, 8.410, 187.66, -2.30, 8.411, 187.66, -2.25, 0.008, 162.39, 75.69);
insert into SHOT values (1967, 1965, 1968, 672, 6.920, 136.96, 2.50, 6.919, 136.93, 2.57, 0.009, 30.25, 66.05);
insert into SHOT values (1968, 1965, 1969, 672, 7.510, 119.36, 2.90, 7.514, 119.37, 2.90, 0.004, 124.73, 0.69);
insert into SHOT values (1969, 1965, 1970, 672, 8.290, 104.96, 4.60, 8.287, 104.94, 4.64, 0.007, 319.13, 47.39);
insert into SHOT values (1970, 1965, 1971, 672, 11.790, 48.66, 18.60, 11.793, 48.66, 18.64, 0.009, 186.34, 87.80);
insert into SHOT values (1971, 1965, 1972, 672, 11.570, 18.46, 19.90, 11.573, 18.48, 19.90, 0.005, 79.55, 21.09);
insert into SHOT values (1972, 1965, 1973, 672, 15.010, 357.76, 15.70, 15.013, 357.78, 15.73, 0.009, 75.73, 63.77);
insert into SHOT values (1973, 1965, 1974, 672, 15.020, 345.06, 12.60, 15.018, 345.05, 12.62, 0.005, 211.13, 45.03);
insert into SHOT values (1974, 1965, 1975, 672, 1.480, 29.36, -31.60, 1.479, 29.41, -31.38, 0.006, 53.70, 66.88);
insert into SHOT values (1975, 1965, 1976, 672, 3.140, 60.46, 70.50, 3.140, 60.26, 70.50, 0.004, 329.46, 1.59);
insert into SHOT values (1976, 1965, 1977, 672, 9.900, 92.56, 6.90, 9.902, 92.57, 6.90, 0.002, 106.35, 21.95);
insert into SHOT values (1977, 1977, 1978, 672, 3.730, 163.06, 9.00, 3.726, 163.09, 9.11, 0.008, 323.03, 50.45);
insert into SHOT values (1978, 1977, 1979, 672, 5.260, 203.36, 17.20, 5.258, 203.35, 17.26, 0.006, 43.31, 50.16);
insert into SHOT values (1979, 1977, 1980, 672, 1.410, 240.36, 2.30, 1.417, 240.36, 2.43, 0.007, 238.65, 28.16);
insert into SHOT values (1980, 1977, 1981, 672, 8.330, 251.16, -0.30, 8.336, 251.17, -0.27, 0.007, 265.32, 30.00);
insert into SHOT values (1981, 1977, 1982, 672, 12.140, 48.56, 9.10, 12.133, 48.55, 9.11, 0.007, 245.44, -0.31);
insert into SHOT values (1982, 1977, 1983, 672, 8.630, 14.56, 14.30, 8.628, 14.55, 14.36, 0.010, 215.25, 60.25);
insert into SHOT values (1983, 1977, 1984, 672, 9.670, 336.66, 17.20, 9.669, 336.65, 17.21, 0.002, 200.68, 14.32);
insert into SHOT values (1984, 1977, 1985, 672, 13.780, 322.06, 12.80, 13.782, 322.07, 12.83, 0.007, 33.70, 71.83);
insert into SHOT values (1985, 1977, 1986, 672, 1.730, 86.86, -42.90, 1.721, 86.82, -42.83, 0.009, 276.92, 54.57);
insert into SHOT values (1986, 1977, 1987, 672, 2.020, 108.76, 71.80, 2.021, 108.43, 71.77, 0.004, 41.63, 15.03);
insert into SHOT values (1987, 1977, 1988, 672, 15.240, 95.36, 0.80, 15.238, 95.35, 0.83, 0.009, 337.50, 56.88);
insert into SHOT values (1988, 1988, 1989, 672, 10.150, 128.46, 11.90, 10.153, 128.46, 11.88, 0.005, 124.45, -36.77);
insert into SHOT values (1989, 1988, 1990, 672, 12.070, 155.16, 10.10, 12.074, 155.18, 10.06, 0.009, 191.46, -46.92);
insert into SHOT values (1990, 1988, 1991, 672, 8.740, 52.16, 24.70, 8.738, 52.16, 24.69, 0.002, 234.04, -60.30);
insert into SHOT values (1991, 1988, 1992, 672, 8.640, 2.86, 27.20, 8.636, 2.84, 27.22, 0.006, 217.91, 6.11);
insert into SHOT values (1992, 1988, 1993, 672, 10.630, 335.16, 23.00, 10.629, 335.16, 22.98, 0.003, 14.84, -88.98);
insert into SHOT values (1993, 1988, 1994, 672, 16.860, 306.16, 10.10, 16.855, 306.15, 10.08, 0.008, 170.48, -54.42);
insert into SHOT values (1994, 1988, 1995, 672, 13.220, 246.76, 2.80, 13.217, 246.76, 2.78, 0.007, 99.61, -61.31);
insert into SHOT values (1995, 1988, 1996, 672, 15.110, 225.36, 0.00, 15.111, 225.35, 0.00, 0.004, 151.85, 0.00);
insert into SHOT values (1996, 1988, 1997, 672, 1.230, 292.26, -67.20, 1.235, 292.25, -67.36, 0.006, 117.67, -78.39);
insert into SHOT values (1997, 1988, 1998, 672, 3.250, 342.06, 79.40, 3.246, 342.47, 79.39, 0.006, 73.55, -46.62);
insert into SHOT values (1998, 1988, 1999, 672, 9.170, 223.06, 2.70, 9.173, 223.01, 2.69, 0.009, 150.81, -12.36);
insert into SHOT values (1999, 1999, 2000, 672, 5.360, 192.06, 4.50, 5.355, 192.11, 4.50, 0.006, 329.27, -4.85);
insert into SHOT values (2000, 1999, 2001, 672, 7.910, 160.96, 10.30, 7.900, 161.01, 10.28, 0.012, 309.21, -21.61);
insert into SHOT values (2001, 1999, 2002, 672, 7.530, 132.06, 12.90, 7.518, 132.07, 12.91, 0.012, 308.78, -5.19);
insert into SHOT values (2002, 1999, 2003, 672, 12.880, 103.66, 8.60, 12.873, 103.63, 8.58, 0.011, 329.88, -32.25);
insert into SHOT values (2003, 1999, 2004, 672, 13.690, 74.76, 11.10, 13.687, 74.76, 11.08, 0.006, 252.44, -72.69);
insert into SHOT values (2004, 1999, 2005, 672, 13.470, 47.26, 10.40, 13.475, 47.23, 10.39, 0.009, 354.25, -9.96);
insert into SHOT values (2005, 1999, 2006, 672, 12.700, 18.56, 9.40, 12.699, 18.52, 9.38, 0.010, 285.34, -24.97);
insert into SHOT values (2006, 1999, 2007, 672, 15.790, 2.06, 9.40, 15.792, 2.06, 9.40, 0.003, 338.00, 25.29);
insert into SHOT values (2007, 1999, 2008, 672, 17.580, 343.06, 8.50, 17.588, 343.05, 8.50, 0.009, 325.67, 9.80);
insert into SHOT values (2008, 1999, 2009, 672, 6.820, 294.26, 5.60, 6.822, 294.26, 5.55, 0.006, 291.53, -67.68);
insert into SHOT values (2009, 1999, 2010, 672, 5.690, 273.66, 3.40, 5.692, 273.73, 3.42, 0.008, 347.12, 19.30);
insert into SHOT values (2010, 1999, 2011, 672, 1.490, 246.96, -71.60, 1.488, 247.75, -71.37, 0.009, 299.37, 24.88);
insert into SHOT values (2011, 1999, 2012, 672, 3.290, 115.76, 79.70, 3.293, 115.25, 79.75, 0.006, 2.17, 27.93);
insert into SHOT values (2012, 1999, 2013, 672, 3.380, 180.26, 74.80, 3.377, 180.65, 74.89, 0.009, 316.24, -11.58);
insert into SHOT values (2013, 1999, 2014, 672, 7.760, 233.56, -15.20, 7.761, 233.64, -15.24, 0.011, 325.05, -29.96);
insert into SHOT values (2014, 2014, 2015, 672, 2.210, 301.36, 4.30, 2.205, 301.23, 4.42, 0.008, 165.76, 30.81);
insert into SHOT values (2015, 2014, 2016, 672, 1.700, 241.66, 0.90, 1.705, 241.63, 1.01, 0.006, 230.64, 33.24);
insert into SHOT values (2016, 2014, 2017, 672, 4.310, 159.66, 1.30, 4.311, 159.63, 1.33, 0.003, 83.12, 41.34);
insert into SHOT values (2017, 2014, 2018, 672, 6.890, 135.26, 0.90, 6.895, 135.29, 0.91, 0.007, 170.35, 15.53);
insert into SHOT values (2018, 2014, 2019, 672, 5.590, 103.56, 5.70, 5.594, 103.61, 5.74, 0.008, 153.39, 37.88);
insert into SHOT values (2019, 2014, 2020, 672, 0.720, 108.46, -37.10, 0.724, 109.06, -36.46, 0.011, 146.92, 23.94);
insert into SHOT values (2020, 2014, 2021, 672, 0.680, 204.76, 79.30, 0.682, 202.62, 79.02, 0.006, 151.70, 16.68);
insert into SHOT values (2021, 2014, 1952, 672, 17.460, 210.06, -1.40, 17.461, 210.05, -1.38, 0.008, 129.43, 51.23);
insert into SHOT values (2022, 1838, 2022, 672, 13.430, 106.96, -11.00, 13.447, 106.64, -10.93, 0.079, 31.30, 9.19);
insert into SHOT values (2023, 2022, 2023, 672, 3.230, 136.36, -5.50, 3.233, 136.38, -5.50, 0.003, 157.47, -7.07);
insert into SHOT values (2024, 2022, 2024, 672, 3.360, 197.26, 3.30, 3.368, 197.30, 3.23, 0.009, 214.12, -22.93);
insert into SHOT values (2025, 2022, 2025, 672, 5.260, 225.16, 3.00, 5.268, 225.15, 2.94, 0.010, 219.17, -32.98);
insert into SHOT values (2026, 2022, 2026, 672, 7.750, 97.36, -5.10, 7.745, 97.37, -5.11, 0.006, 263.04, -10.62);
insert into SHOT values (2027, 2022, 2027, 672, 7.370, 63.46, -2.40, 7.372, 63.47, -2.41, 0.003, 85.26, -31.64);
insert into SHOT values (2028, 2022, 2028, 672, 7.080, 29.16, 2.90, 7.073, 29.14, 2.84, 0.011, 231.04, -48.36);
insert into SHOT values (2029, 2022, 2029, 672, 7.010, 343.46, 4.20, 7.008, 343.46, 4.17, 0.004, 182.98, -59.47);
insert into SHOT values (2030, 2022, 2030, 672, 7.170, 325.56, 0.50, 7.170, 325.51, 0.48, 0.007, 239.72, -21.79);
insert into SHOT values (2031, 2022, 2031, 672, 1.180, 113.36, -59.70, 1.183, 113.57, -59.53, 0.005, 138.42, -12.86);
insert into SHOT values (2032, 2022, 2032, 672, 1.170, 306.16, 84.10, 1.166, 304.99, 83.99, 0.005, 251.56, -51.17);
insert into SHOT values (2033, 2022, 2033, 672, 5.100, 121.96, -5.70, 5.109, 121.81, -5.73, 0.016, 66.13, -12.25);
insert into SHOT values (2034, 2033, 2034, 672, 6.590, 125.76, -8.30, 6.588, 125.76, -8.29, 0.002, 308.87, 36.61);
insert into SHOT values (2035, 2033, 2035, 672, 3.870, 81.66, -3.70, 3.869, 81.66, -3.70, 0.001, 272.91, -13.00);
insert into SHOT values (2036, 2033, 2036, 672, 6.190, 28.06, 0.40, 6.187, 28.06, 0.37, 0.004, 223.51, -47.99);
insert into SHOT values (2037, 2033, 2037, 672, 8.320, 2.86, 2.70, 8.319, 2.83, 2.69, 0.006, 265.68, -20.46);
insert into SHOT values (2038, 2033, 2038, 672, 2.570, 211.36, 12.90, 2.568, 211.28, 12.82, 0.005, 103.27, -43.64);
insert into SHOT values (2039, 2033, 2039, 672, 2.590, 272.96, 21.50, 2.594, 273.09, 21.49, 0.006, 327.61, 6.76);
insert into SHOT values (2040, 2033, 2040, 672, 12.410, 303.26, 4.00, 12.408, 303.27, 3.97, 0.006, 95.66, -75.55);
insert into SHOT values (2041, 2033, 2041, 672, 1.100, 87.26, -60.10, 1.098, 86.88, -59.89, 0.006, 30.94, 38.85);
insert into SHOT values (2042, 2033, 2042, 672, 1.660, 191.16, 71.50, 1.657, 190.89, 71.36, 0.006, 148.61, -48.01);
insert into SHOT values (2043, 2033, 2043, 672, 15.370, 351.76, 8.90, 15.373, 351.75, 8.91, 0.005, 290.40, 23.37);
insert into SHOT values (2044, 2033, 2044, 672, 12.960, 162.96, -2.50, 12.955, 162.60, -2.52, 0.082, 68.93, -3.27);
insert into SHOT values (2045, 2044, 2045, 672, 7.620, 133.16, 6.10, 7.620, 133.13, 6.10, 0.005, 46.87, 3.30);
insert into SHOT values (2046, 2044, 2046, 672, 9.240, 113.16, 4.20, 9.236, 113.14, 4.22, 0.006, 334.22, 31.49);
insert into SHOT values (2047, 2044, 2047, 672, 14.260, 71.26, 4.20, 14.263, 71.26, 4.22, 0.006, 49.26, 65.07);
insert into SHOT values (2048, 2044, 2048, 672, 6.840, 345.66, -2.00, 6.846, 345.70, -2.01, 0.008, 20.86, -9.68);
insert into SHOT values (2049, 2044, 2049, 672, 4.700, 322.56, -2.20, 4.704, 322.52, -2.19, 0.005, 279.36, 4.72);
insert into SHOT values (2050, 2044, 2050, 672, 1.770, 300.66, 2.70, 1.768, 300.63, 2.59, 0.004, 153.83, -60.96);
insert into SHOT values (2051, 2044, 2051, 672, 2.120, 197.06, 5.00, 2.122, 197.06, 5.14, 0.005, 196.22, 78.39);
insert into SHOT values (2052, 2044, 2052, 672, 9.970, 156.86, 6.40, 9.968, 156.88, 6.39, 0.003, 287.67, -22.71);
insert into SHOT values (2053, 2044, 2053, 672, 7.450, 189.16, 1.00, 7.447, 189.20, 1.00, 0.005, 315.21, -0.22);
insert into SHOT values (2054, 2044, 2054, 672, 0.920, 83.26, -56.00, 0.917, 83.29, -55.95, 0.003, 248.89, 70.33);
insert into SHOT values (2055, 2044, 2055, 672, 1.140, 142.56, 68.10, 1.143, 142.59, 68.01, 0.004, 147.32, 38.77);
insert into SHOT values (2056, 2044, 2056, 672, 14.270, 179.36, 2.70, 14.267, 179.36, 2.69, 0.004, 26.01, -31.20);
insert into SHOT values (2057, 2044, 2057, 672, 8.550, 30.76, 1.30, 8.553, 30.73, 1.34, 0.008, 336.81, 48.03);
insert into SHOT_FLAG values(2057, 'dpl');
insert into SHOT values (2058, 2057, 2058, 672, 3.660, 86.96, 2.30, 3.658, 87.02, 2.19, 0.008, 207.16, -58.62);
insert into SHOT_FLAG values(2058, 'dpl');
insert into SHOT values (2059, 2057, 2059, 672, 4.520, 42.86, 5.90, 4.517, 42.93, 5.85, 0.007, 164.29, -38.90);
insert into SHOT_FLAG values(2059, 'dpl');
insert into SHOT values (2060, 2057, 2060, 672, 2.270, 3.66, 13.10, 2.263, 3.64, 13.03, 0.008, 191.14, -34.56);
insert into SHOT_FLAG values(2060, 'dpl');
insert into SHOT values (2061, 2057, 2061, 672, 7.360, 230.26, 7.60, 7.364, 230.22, 7.57, 0.007, 179.56, -28.13);
insert into SHOT_FLAG values(2061, 'dpl');
insert into SHOT values (2062, 2057, 2062, 672, 1.560, 256.86, 19.00, 1.553, 256.63, 18.79, 0.011, 126.64, -44.64);
insert into SHOT_FLAG values(2062, 'dpl');
insert into SHOT values (2063, 2057, 2063, 672, 11.510, 163.06, 4.10, 11.518, 163.05, 4.08, 0.010, 143.17, -17.61);
insert into SHOT_FLAG values(2063, 'dpl');
insert into SHOT values (2064, 2057, 2064, 672, 1.010, 122.06, -44.30, 1.014, 122.59, -44.44, 0.008, 202.42, -34.14);
insert into SHOT_FLAG values(2064, 'dpl');
insert into SHOT values (2065, 2057, 2065, 672, 1.460, 136.56, 73.80, 1.459, 136.97, 73.66, 0.005, 180.80, -25.64);
insert into SHOT_FLAG values(2065, 'dpl');
insert into SHOT values (2066, 2057, 2066, 672, 10.210, 99.46, 6.40, 10.211, 99.47, 6.35, 0.008, 136.13, -73.05);
insert into SHOT_FLAG values(2066, 'dpl');
insert into SHOT values (2067, 2066, 2067, 672, 0.650, 4.86, -3.20, 0.653, 4.40, -2.63, 0.009, 303.72, 46.16);
insert into SHOT_FLAG values(2067, 'dpl');
insert into SHOT values (2068, 2066, 2068, 672, 2.230, 322.36, -14.10, 2.227, 322.33, -14.03, 0.004, 165.05, 49.10);
insert into SHOT_FLAG values(2068, 'dpl');
insert into SHOT values (2069, 2066, 2069, 672, 3.830, 304.66, -0.20, 3.831, 304.69, -0.15, 0.004, 6.38, 63.21);
insert into SHOT_FLAG values(2069, 'dpl');
insert into SHOT values (2070, 2066, 2070, 672, 11.470, 275.66, -1.80, 11.471, 275.66, -1.80, 0.002, 230.67, 7.67);
insert into SHOT_FLAG values(2070, 'dpl');
insert into SHOT values (2071, 2066, 2071, 672, 0.570, 37.66, -1.00, 0.570, 37.87, -1.00, 0.002, 123.03, -1.41);
insert into SHOT_FLAG values(2071, 'dpl');
insert into SHOT values (2072, 2066, 2072, 672, 1.780, 66.86, 2.30, 1.785, 66.89, 2.25, 0.005, 75.56, -17.21);
insert into SHOT_FLAG values(2072, 'dpl');
insert into SHOT values (2073, 2066, 2073, 672, 1.550, 65.76, 2.50, 1.550, 65.59, 2.59, 0.005, 334.79, 26.59);
insert into SHOT_FLAG values(2073, 'dpl');
insert into SHOT values (2074, 2066, 2074, 672, 0.990, 83.16, -2.10, 0.988, 83.02, -1.74, 0.007, 314.10, 62.96);
insert into SHOT_FLAG values(2074, 'dpl');
insert into SHOT values (2075, 2066, 2075, 672, 0.750, 216.66, 10.60, 0.749, 216.71, 10.77, 0.002, 8.05, 56.15);
insert into SHOT_FLAG values(2075, 'dpl');
insert into SHOT values (2076, 2066, 2076, 672, 0.880, 211.46, -28.90, 0.879, 211.22, -28.56, 0.006, 143.50, 56.06);
insert into SHOT_FLAG values(2076, 'dpl');
insert into SHOT values (2077, 2066, 2077, 672, 1.900, 78.86, 67.80, 1.899, 78.69, 67.92, 0.005, 286.99, 10.47);
insert into SHOT_FLAG values(2077, 'dpl');
insert into SHOT values (2078, 1796, 2078, 672, 21.680, 24.76, -16.00, 21.678, 24.77, -16.01, 0.006, 169.92, -47.15);
insert into SHOT values (2079, 2078, 2079, 672, 5.970, 97.26, -1.40, 5.969, 97.22, -1.44, 0.006, 355.90, -42.19);
insert into SHOT values (2080, 2078, 2080, 672, 6.360, 150.86, 2.30, 6.358, 150.89, 2.34, 0.006, 279.99, 48.43);
insert into SHOT values (2081, 2078, 2081, 672, 11.280, 172.96, 3.20, 11.281, 173.01, 3.20, 0.010, 256.01, 1.91);
insert into SHOT values (2082, 2078, 2082, 672, 14.760, 195.46, 8.40, 14.759, 195.49, 8.42, 0.008, 294.22, 26.78);
insert into SHOT values (2083, 2078, 2083, 672, 20.430, 174.16, 21.70, 20.425, 174.16, 21.69, 0.005, 354.40, -46.03);
insert into SHOT values (2084, 2078, 2084, 672, 9.880, 37.46, 4.10, 9.876, 37.45, 4.12, 0.006, 243.06, 37.70);
insert into SHOT values (2085, 2078, 2085, 672, 10.290, 17.56, 6.10, 10.292, 17.51, 6.08, 0.010, 304.78, -20.69);
insert into SHOT values (2086, 2078, 2086, 672, 11.040, 346.26, 2.60, 11.037, 346.25, 2.60, 0.003, 199.58, -13.43);
insert into SHOT values (2087, 2078, 2087, 672, 9.910, 319.56, 10.10, 9.915, 319.57, 10.11, 0.005, 335.39, 24.81);
insert into SHOT values (2088, 2078, 2088, 672, 0.460, 32.56, -60.90, 0.459, 32.28, -60.67, 0.002, 344.26, 52.02);
insert into SHOT values (2089, 2078, 2089, 672, 10.560, 41.76, 71.60, 10.561, 41.72, 71.59, 0.004, 358.01, -2.01);
insert into SHOT values (2090, 2078, 2090, 672, 10.760, 65.66, 1.80, 10.751, 65.65, 1.81, 0.009, 257.56, 12.33);
insert into SHOT values (2091, 2090, 2091, 672, 3.870, 56.26, 10.50, 3.877, 56.23, 10.40, 0.010, 40.00, -31.06);
insert into SHOT values (2092, 2090, 2092, 672, 14.280, 78.86, 13.70, 14.287, 78.87, 13.68, 0.008, 87.87, -15.20);
insert into SHOT values (2093, 2090, 2093, 672, 14.090, 141.26, 4.50, 14.085, 141.24, 4.48, 0.009, 3.95, -39.11);
insert into SHOT values (2094, 2090, 2094, 672, 11.080, 156.46, 2.50, 11.081, 156.47, 2.48, 0.004, 196.56, -65.00);
insert into SHOT values (2095, 2090, 2095, 672, 4.140, 317.26, 5.40, 4.137, 317.36, 5.41, 0.008, 68.73, 2.96);
insert into SHOT values (2096, 2090, 2096, 672, 4.160, 216.36, 5.90, 4.156, 216.34, 5.94, 0.005, 57.25, 30.44);
insert into SHOT values (2097, 2090, 2097, 672, 0.960, 270.86, -64.50, 0.962, 271.40, -64.76, 0.006, 40.69, -35.26);
insert into SHOT values (2098, 2090, 2098, 672, 4.520, 335.96, 81.70, 4.518, 336.57, 81.68, 0.008, 54.68, -20.58);
insert into SHOT values (2099, 2090, 2099, 672, 24.860, 104.06, 2.20, 24.861, 104.05, 2.19, 0.008, 24.35, -31.74);
insert into SHOT values (2100, 2090, 2100, 672, 26.810, 337.26, 1.80, 26.812, 337.28, 1.80, 0.009, 50.89, -13.47);
insert into SHOT values (2101, 2100, 2101, 672, 2.400, 218.96, -5.00, 2.405, 219.07, -5.01, 0.007, 261.49, -7.09);
insert into SHOT values (2102, 2100, 2102, 672, 1.910, 24.36, -3.70, 1.901, 24.27, -3.62, 0.009, 224.95, 20.14);
insert into SHOT values (2103, 2100, 2103, 672, 6.670, 286.66, -8.50, 6.670, 286.65, -8.54, 0.004, 190.14, -68.53);
insert into SHOT values (2104, 2100, 2104, 672, 1.290, 213.46, -72.30, 1.292, 213.69, -72.13, 0.005, 233.08, -12.85);
insert into SHOT values (2105, 2100, 2105, 672, 1.750, 294.46, 57.20, 1.752, 294.15, 57.03, 0.008, 250.13, -7.47);
insert into SCRAPS values (674, 668, 'SP-Alex3-1', 1, 49.54330, 0.57085);
 insert into SCRAPS values (808, 668, 'SP-Alex3-2', 1, 39.95325, 2.98242);
 insert into MAPS values (820, 668, 'MP-Alex3', 'Alex3', 1, 633.020, -18.900);
 insert into MAPITEMS values (820, 4, 674);
 insert into MAPITEMS values (820, 4, 808);
 insert into SURVEY values (823, 51, 'Alex4', 'Alex4.Tush-Yurruck', 'Alex4');
 insert into CENTRELINE values (824, 823, NULL, NULL, NULL, 0.00, 0.00, 0.00);
 insert into SURVEY values (825, 823, 'Tush-Yurruck_04', 'Tush-Yurruck_04.Alex4.Tush-Yurruck', 'Tush-Yurruck 04');
 insert into CENTRELINE values (826, 825, NULL, NULL, NULL, 0.00, 0.00, 0.00);
 insert into CENTRELINE values (827, 825, NULL, '2024-04-19', NULL, 354.44, 0.00, 0.00);
 insert into TOPO values (4, 827);
 insert into TOPO values (6, 827);
 insert into TOPO values (3, 827);
 insert into SHOT values (2106, 2106, 2107, 827, 4.730, 272.06, -24.40, 4.728, 272.13, -24.49, 0.009, 44.04, -41.42);
insert into SHOT values (2107, 2106, 2108, 827, 14.730, 258.66, 5.40, 14.730, 258.67, 5.38, 0.007, 330.70, -63.95);
insert into SHOT values (2108, 2106, 2109, 827, 13.070, 259.56, 11.80, 13.068, 259.55, 11.79, 0.004, 138.87, -40.37);
insert into SHOT values (2109, 2106, 2110, 827, 8.210, 260.36, 35.00, 8.204, 260.41, 34.95, 0.011, 3.38, -57.38);
insert into SHOT values (2110, 2106, 2111, 827, 6.650, 271.26, 79.20, 6.649, 271.37, 79.16, 0.005, 300.90, -24.21);
insert into SHOT values (2111, 2106, 2112, 827, 6.590, 269.26, 77.70, 6.581, 269.18, 77.72, 0.010, 117.49, -64.14);
insert into SHOT values (2112, 2106, 2113, 827, 4.560, 65.06, 76.70, 4.552, 65.15, 76.70, 0.008, 208.33, -71.36);
insert into SHOT values (2113, 2106, 2114, 827, 6.660, 93.76, 37.60, 6.661, 93.69, 37.55, 0.009, 36.70, -24.26);
insert into SHOT values (2114, 2106, 2115, 827, 16.230, 84.06, 18.00, 16.226, 84.05, 17.98, 0.007, 320.98, -49.58);
insert into SHOT values (2115, 2106, 2116, 827, 1.890, 84.76, -27.10, 1.899, 84.56, -27.27, 0.012, 35.06, -48.90);
insert into SHOT values (2116, 2106, 2117, 827, 14.680, 4.36, 13.50, 14.682, 4.54, 13.35, 0.058, 80.97, -39.72);
insert into SHOT values (2117, 2117, 2118, 827, 4.210, 285.26, -9.10, 4.209, 285.21, -9.16, 0.006, 175.08, -43.48);
insert into SHOT values (2118, 2117, 2119, 827, 8.120, 290.16, 8.10, 8.122, 290.15, 8.07, 0.006, 254.32, -47.03);
insert into SHOT values (2119, 2117, 2120, 827, 7.350, 288.36, 14.10, 7.343, 288.33, 14.11, 0.008, 136.28, -4.06);
insert into SHOT values (2120, 2117, 2121, 827, 1.970, 290.86, 32.60, 1.968, 290.84, 32.58, 0.002, 142.65, -45.83);
insert into SHOT values (2121, 2117, 2122, 827, 1.270, 122.16, 47.40, 1.269, 122.22, 47.15, 0.006, 136.15, -55.66);
insert into SHOT values (2122, 2117, 2123, 827, 15.240, 105.36, 6.40, 15.238, 105.39, 6.41, 0.008, 207.05, 8.24);
insert into SHOT values (2123, 2117, 2124, 827, 7.470, 103.56, -10.20, 7.476, 103.60, -10.25, 0.010, 151.92, -47.47);
insert into SHOT values (2124, 2117, 2125, 827, 1.890, 103.76, -64.00, 1.894, 103.87, -63.86, 0.006, 118.69, -12.02);
insert into SHOT values (2125, 2117, 2126, 827, 16.780, 349.06, -0.90, 16.768, 349.24, -1.09, 0.078, 93.45, -46.67);
insert into SHOT values (2126, 2126, 2127, 827, 3.090, 268.36, -36.70, 3.089, 268.38, -36.56, 0.008, 282.10, 61.59);
insert into SHOT values (2127, 2126, 2128, 827, 6.750, 258.66, -3.90, 6.746, 258.69, -3.91, 0.005, 38.19, -10.55);
insert into SHOT values (2128, 2126, 2129, 827, 9.510, 257.86, 7.50, 9.511, 257.88, 7.49, 0.003, 317.64, -22.75);
insert into SHOT values (2129, 2126, 2130, 827, 9.060, 261.76, 14.20, 9.057, 261.75, 14.19, 0.004, 123.72, -38.73);
insert into SHOT values (2130, 2126, 2131, 827, 4.720, 260.56, 18.20, 4.718, 260.62, 18.28, 0.008, 31.77, 43.63);
insert into SHOT values (2131, 2126, 2132, 827, 2.100, 270.46, 62.00, 2.107, 270.58, 61.97, 0.007, 296.06, 51.57);
insert into SHOT values (2132, 2126, 2133, 827, 2.950, 34.36, 71.50, 2.955, 34.20, 71.39, 0.008, 12.75, 18.05);
insert into SHOT values (2133, 2126, 2134, 827, 6.110, 109.96, 84.50, 6.108, 109.98, 84.50, 0.002, 262.28, -77.00);
insert into SHOT values (2134, 2126, 2135, 827, 7.080, 105.46, 66.10, 7.079, 105.34, 66.06, 0.008, 48.63, -21.96);
insert into SHOT values (2135, 2126, 2136, 827, 7.020, 112.56, 66.50, 7.023, 112.45, 66.48, 0.007, 51.06, 19.03);
insert into SHOT values (2136, 2126, 2137, 827, 4.680, 99.86, 52.90, 4.677, 99.80, 52.90, 0.005, 340.26, -35.27);
insert into SHOT values (2137, 2126, 2138, 827, 12.480, 83.76, 21.60, 12.487, 83.77, 21.62, 0.008, 96.10, 48.76);
insert into SHOT values (2138, 2126, 2139, 827, 11.250, 81.56, 17.20, 11.251, 81.55, 17.22, 0.005, 349.82, 44.57);
insert into SHOT values (2139, 2126, 2140, 827, 2.900, 75.76, -12.80, 2.900, 75.67, -12.75, 0.005, 346.57, 28.09);
insert into SHOT values (2140, 2126, 2141, 827, 1.790, 69.06, -52.30, 1.783, 69.08, -52.24, 0.007, 244.05, 67.33);
insert into SHOT values (2141, 2126, 2142, 827, 25.460, 329.36, 1.00, 25.448, 329.57, 0.74, 0.146, 65.70, -51.73);
insert into SHOT values (2142, 2142, 2143, 827, 2.810, 258.46, -46.10, 2.807, 258.46, -46.02, 0.005, 250.42, 78.57);
insert into SHOT values (2143, 2142, 2144, 827, 5.940, 244.36, -16.40, 5.938, 244.42, -16.33, 0.009, 334.15, 49.61);
insert into SHOT values (2144, 2142, 2145, 827, 10.380, 243.76, 7.50, 10.389, 243.78, 7.52, 0.010, 266.92, 29.59);
insert into SHOT values (2145, 2142, 2146, 827, 3.170, 249.56, 31.90, 3.179, 249.62, 31.90, 0.009, 267.89, 30.75);
insert into SHOT values (2146, 2142, 2147, 827, 1.750, 34.86, 78.50, 1.755, 33.23, 78.60, 0.011, 291.55, 26.83);
insert into SHOT values (2147, 2142, 2148, 827, 9.830, 43.06, 22.20, 9.830, 43.04, 22.24, 0.007, 277.72, 52.40);
insert into SHOT values (2148, 2142, 2149, 827, 10.990, 44.06, 22.90, 10.994, 44.04, 22.91, 0.006, 352.91, 33.34);
insert into SHOT values (2149, 2142, 2150, 827, 2.400, 41.16, -33.90, 2.400, 41.13, -33.93, 0.002, 285.75, -49.21);
insert into SHOT values (2150, 2142, 2151, 827, 1.640, 59.76, -86.30, 1.634, 56.31, -86.20, 0.010, 347.92, 43.82);
insert into SHOT values (2151, 2142, 2152, 827, 24.620, 325.26, -1.50, 24.615, 325.43, -1.75, 0.128, 61.45, -55.48);
insert into SHOT values (2152, 2152, 2153, 827, 4.600, 245.46, -26.60, 4.599, 245.43, -26.61, 0.003, 139.00, -6.86);
insert into SHOT values (2153, 2152, 2154, 827, 5.550, 244.76, -1.90, 5.550, 244.82, -1.96, 0.008, 333.53, -47.13);
insert into SHOT values (2154, 2152, 2155, 827, 4.740, 245.56, 14.40, 4.741, 245.56, 14.41, 0.001, 194.13, 57.90);
insert into SHOT values (2155, 2152, 2156, 827, 8.940, 245.56, 28.70, 8.938, 245.59, 28.68, 0.005, 349.05, -38.20);
insert into SHOT values (2156, 2152, 2157, 827, 7.290, 262.66, 51.80, 7.290, 262.73, 51.82, 0.006, 12.78, 10.72);
insert into SHOT values (2157, 2152, 2158, 827, 5.400, 346.46, 81.60, 5.399, 346.14, 81.55, 0.007, 299.77, -18.54);
insert into SHOT values (2158, 2152, 2159, 827, 9.280, 46.06, 27.70, 9.273, 46.04, 27.70, 0.008, 260.90, -28.69);
insert into SHOT values (2159, 2152, 2160, 827, 8.670, 44.36, 23.80, 8.665, 44.34, 23.82, 0.007, 259.39, 10.64);
insert into SHOT values (2160, 2152, 2161, 827, 2.680, 42.76, 1.60, 2.683, 42.73, 1.50, 0.006, 18.30, -55.01);
insert into SHOT values (2161, 2152, 2162, 827, 3.440, 46.36, -18.20, 3.441, 46.24, -18.29, 0.009, 313.82, -38.31);
insert into SHOT values (2162, 2152, 2163, 827, 1.000, 39.56, -69.40, 1.002, 39.17, -69.67, 0.006, 253.15, -42.61);
insert into SHOT values (2163, 2152, 2164, 827, 33.000, 344.26, 5.00, 32.998, 344.26, 4.99, 0.008, 240.45, -53.31);
insert into SHOT values (2164, 2152, 2165, 827, 27.400, 344.16, 5.10, 27.400, 344.43, 4.84, 0.178, 69.35, -44.98);
insert into SHOT values (2165, 2165, 2166, 827, 1.030, 248.76, -38.80, 1.034, 248.86, -38.95, 0.005, 292.98, -67.05);
insert into SHOT values (2166, 2165, 2167, 827, 2.670, 249.76, -10.10, 2.665, 249.70, -10.16, 0.007, 96.88, -15.44);
insert into SHOT values (2167, 2165, 2168, 827, 2.550, 248.76, 6.90, 2.552, 248.70, 6.98, 0.005, 187.10, 50.09);
insert into SHOT values (2168, 2165, 2169, 827, 5.690, 248.36, 29.90, 5.688, 248.33, 29.95, 0.006, 103.76, 34.49);
insert into SHOT values (2169, 2165, 2170, 827, 3.970, 247.26, 51.10, 3.972, 247.13, 51.07, 0.007, 186.31, 3.30);
insert into SHOT values (2170, 2165, 2171, 827, 4.670, 250.56, 63.10, 4.666, 250.36, 63.07, 0.009, 160.43, -32.60);
insert into SHOT values (2171, 2165, 2172, 827, 4.190, 100.06, 82.80, 4.193, 99.82, 82.77, 0.005, 58.99, 41.61);
insert into SHOT values (2172, 2165, 2173, 827, 5.620, 104.66, 39.00, 5.626, 104.70, 38.99, 0.007, 133.10, 26.60);
insert into SHOT values (2173, 2165, 2174, 827, 7.500, 108.96, 20.70, 7.504, 108.95, 20.68, 0.005, 91.17, -12.11);
insert into SHOT values (2174, 2165, 2175, 827, 4.050, 106.36, 4.00, 4.054, 106.37, 3.96, 0.005, 116.79, -32.55);
insert into SHOT values (2175, 2165, 2176, 827, 4.290, 104.56, -13.80, 4.288, 104.60, -13.76, 0.005, 223.75, 44.77);
insert into SHOT values (2176, 2165, 2177, 827, 0.880, 102.66, -63.60, 0.881, 103.32, -63.70, 0.005, 202.64, -21.19);
insert into SHOT values (2177, 2165, 2178, 827, 16.590, 53.36, -0.20, 16.597, 53.55, -0.38, 0.076, 136.59, -43.55);
insert into SHOT values (2178, 2178, 2179, 827, 4.070, 308.66, -23.90, 4.071, 308.56, -23.91, 0.007, 224.01, -9.36);
insert into SHOT values (2179, 2178, 2180, 827, 2.830, 305.66, -10.10, 2.823, 305.63, -9.99, 0.008, 140.48, 47.88);
insert into SHOT values (2180, 2178, 2181, 827, 6.030, 303.86, 17.70, 6.028, 303.86, 17.67, 0.003, 174.67, -73.93);
insert into SHOT values (2181, 2178, 2182, 827, 6.570, 302.66, 30.80, 6.570, 302.62, 30.86, 0.008, 171.12, 45.32);
insert into SHOT values (2182, 2178, 2183, 827, 2.960, 315.96, 87.80, 2.962, 315.00, 87.81, 0.003, 211.05, 47.94);
insert into SHOT values (2183, 2178, 2184, 827, 3.000, 129.36, 61.80, 3.007, 129.29, 61.79, 0.007, 102.42, 56.35);
insert into SHOT values (2184, 2178, 2185, 827, 7.760, 129.26, 14.70, 7.759, 129.27, 14.71, 0.002, 286.95, 28.54);
insert into SHOT values (2185, 2178, 2186, 827, 5.710, 158.66, 19.50, 5.718, 158.67, 19.52, 0.008, 165.97, 30.85);
insert into SHOT values (2186, 2178, 2187, 827, 12.910, 108.86, 12.60, 12.911, 108.90, 12.62, 0.008, 200.23, 28.41);
insert into SHOT values (2187, 2178, 2188, 827, 9.630, 100.86, 27.90, 9.634, 100.90, 27.91, 0.007, 162.83, 31.40);
insert into SHOT values (2188, 2178, 2189, 827, 7.900, 81.46, 20.00, 7.898, 81.48, 19.99, 0.003, 214.18, -39.63);
insert into SHOT values (2189, 2178, 2190, 827, 6.700, 88.36, 4.10, 6.700, 88.37, 4.11, 0.001, 188.45, 48.13);
insert into SHOT values (2190, 2178, 2191, 827, 3.900, 112.46, -10.10, 3.902, 112.49, -10.04, 0.005, 148.83, 48.97);
insert into SHOT values (2191, 2178, 2192, 827, 1.000, 73.86, -76.80, 0.996, 74.74, -76.77, 0.005, 169.44, 45.44);
insert into SHOT values (2192, 2178, 2193, 827, 24.250, 116.36, 6.40, 24.251, 116.38, 6.39, 0.009, 196.11, -19.30);
insert into SHOT values (2193, 2193, 2194, 827, 1.400, 32.56, -41.70, 1.404, 32.18, -41.49, 0.009, 343.87, 8.01);
insert into SHOT values (2194, 2193, 2195, 827, 1.590, 212.06, -48.40, 1.581, 212.18, -48.30, 0.010, 4.91, 62.76);
insert into SHOT values (2195, 2193, 2196, 827, 0.960, 75.56, -79.20, 0.958, 74.48, -78.76, 0.008, 48.35, 21.12);
insert into SHOT values (2196, 2193, 2197, 827, 3.090, 343.56, 84.50, 3.095, 344.58, 84.42, 0.008, 32.61, 30.93);
insert into SHOT values (2197, 2178, 2198, 827, 9.720, 6.56, 6.40, 9.715, 6.72, 6.32, 0.030, 103.29, -26.87);
insert into SHOT values (2198, 2198, 2199, 827, 3.050, 241.86, -44.50, 3.054, 241.79, -44.48, 0.005, 201.93, -26.57);
insert into SHOT values (2199, 2198, 2200, 827, 4.550, 242.16, -4.50, 4.559, 242.19, -4.53, 0.010, 257.82, -18.27);
insert into SHOT values (2200, 2198, 2201, 827, 7.220, 243.36, 17.20, 7.222, 243.40, 17.15, 0.007, 293.99, -43.11);
insert into SHOT values (2201, 2198, 2202, 827, 2.330, 255.56, 56.30, 2.335, 255.75, 56.17, 0.008, 285.99, 10.49);
insert into SHOT values (2202, 2198, 2203, 827, 2.870, 63.06, 82.30, 2.865, 63.43, 82.38, 0.007, 213.90, -39.18);
insert into SHOT values (2203, 2198, 2204, 827, 5.520, 54.26, 45.50, 5.515, 54.26, 45.45, 0.007, 296.67, -85.29);
insert into SHOT values (2204, 2198, 2205, 827, 6.890, 57.56, 23.40, 6.881, 57.54, 23.37, 0.009, 256.65, -42.25);
insert into SHOT values (2205, 2198, 2206, 827, 4.050, 54.46, 3.00, 4.049, 54.46, 2.97, 0.002, 237.82, -55.27);
insert into SHOT values (2206, 2198, 2207, 827, 2.990, 57.46, -11.90, 2.983, 57.45, -11.99, 0.008, 241.36, -24.83);
insert into SHOT values (2207, 2198, 2208, 827, 2.090, 84.86, -77.10, 2.092, 85.03, -77.25, 0.006, 249.40, -28.60);
insert into SHOT values (2208, 2198, 2209, 827, 18.820, 301.96, -5.10, 18.814, 301.98, -5.34, 0.078, 104.45, -79.80);
insert into SHOT values (2209, 2209, 2210, 827, 2.020, 211.36, -21.80, 2.016, 211.23, -21.84, 0.006, 76.36, 1.47);
insert into SHOT values (2210, 2209, 2211, 827, 1.630, 214.36, 7.40, 1.625, 214.38, 7.42, 0.005, 28.83, 0.73);
insert into SHOT values (2211, 2209, 2212, 827, 5.230, 215.26, 31.80, 5.223, 215.27, 31.90, 0.012, 33.75, 19.74);
insert into SHOT values (2212, 2209, 2213, 827, 4.940, 217.46, 49.20, 4.938, 217.44, 49.24, 0.004, 57.99, 6.35);
insert into SHOT values (2213, 2209, 2214, 827, 6.860, 134.86, 89.30, 6.860, 129.81, 89.35, 0.009, 3.75, 3.21);
insert into SHOT values (2214, 2209, 2215, 827, 5.720, 338.26, 67.40, 5.731, 338.44, 67.38, 0.013, 26.59, 45.46);
insert into SHOT values (2215, 2209, 2216, 827, 14.440, 357.46, 62.90, 14.449, 357.48, 62.88, 0.010, 7.64, 32.22);
insert into SHOT values (2216, 2209, 2217, 827, 8.740, 40.36, 28.50, 8.748, 40.36, 28.47, 0.009, 36.61, -2.24);
insert into SHOT values (2217, 2209, 2218, 827, 11.680, 47.56, -0.90, 11.687, 47.53, -0.88, 0.010, 5.53, 19.70);
insert into SHOT values (2218, 2209, 2219, 827, 4.080, 44.96, -12.50, 4.084, 45.00, -12.44, 0.006, 72.92, 29.53);
insert into SHOT values (2219, 2209, 2220, 827, 0.640, 25.26, -70.00, 0.639, 24.23, -69.92, 0.004, 300.86, 19.41);
insert into SHOT values (2220, 2209, 2221, 827, 22.040, 28.36, -7.30, 22.045, 28.37, -7.30, 0.005, 55.64, 5.31);
insert into SHOT values (2221, 2221, 2222, 827, 1.790, 3.56, -17.80, 1.787, 3.37, -17.59, 0.009, 260.27, 50.10);
insert into SHOT values (2222, 2221, 2223, 827, 4.710, 358.36, 13.50, 4.712, 358.37, 13.50, 0.002, 21.68, 12.34);
insert into SHOT values (2223, 2221, 2224, 827, 3.380, 0.26, 38.40, 3.381, 0.22, 38.39, 0.003, 297.69, 11.94);
insert into SHOT values (2224, 2221, 2225, 827, 2.320, 212.06, 85.30, 2.328, 212.01, 85.35, 0.008, 39.74, 79.61);
insert into SHOT values (2225, 2221, 2226, 827, 9.830, 133.86, 5.10, 9.828, 133.84, 5.14, 0.008, 8.49, 52.67);
insert into SHOT values (2226, 2221, 2227, 827, 7.090, 146.96, -8.20, 7.084, 146.99, -8.20, 0.007, 297.04, 10.84);
insert into SHOT values (2227, 2221, 2228, 827, 1.560, 145.66, -36.60, 1.554, 145.80, -36.75, 0.008, 302.90, 0.83);
insert into SHOT values (2228, 2221, 2229, 827, 5.620, 85.56, 1.10, 5.618, 85.51, 1.12, 0.006, 338.29, 20.15);
insert into SHOT values (2229, 2229, 2230, 827, 1.320, 348.06, -29.70, 1.317, 347.91, -29.57, 0.005, 237.73, 49.90);
insert into SHOT values (2230, 2229, 2231, 827, 8.460, 359.46, 5.90, 8.455, 359.45, 5.91, 0.005, 193.95, 4.32);
insert into SHOT values (2231, 2229, 2232, 827, 0.940, 18.76, 44.30, 0.939, 19.25, 44.68, 0.009, 152.76, 23.91);
insert into SHOT values (2232, 2229, 2233, 827, 1.770, 158.26, 51.30, 1.770, 158.29, 51.22, 0.002, 175.65, -34.05);
insert into SHOT values (2233, 2229, 2234, 827, 5.780, 155.96, 11.80, 5.780, 156.02, 11.78, 0.006, 238.75, -20.46);
insert into SHOT values (2234, 2229, 2235, 827, 4.830, 155.46, -5.40, 4.836, 155.46, -5.34, 0.008, 151.08, 35.06);
insert into SHOT values (2235, 2229, 2236, 827, 1.610, 159.46, -26.90, 1.614, 159.68, -26.89, 0.007, 214.04, -13.50);
insert into SHOT values (2236, 2229, 2237, 827, 0.870, 180.66, -82.20, 0.868, 180.00, -82.06, 0.003, 144.76, 39.46);
insert into SHOT values (2237, 2229, 2238, 827, 5.320, 58.96, -45.10, 5.320, 59.06, -45.12, 0.007, 158.92, -13.92);
insert into SHOT values (2238, 2238, 2239, 827, 6.770, 339.96, 42.30, 6.778, 339.94, 42.28, 0.008, 322.66, 27.05);
insert into SHOT values (2239, 2238, 2240, 827, 6.150, 350.66, 40.00, 6.156, 350.60, 40.04, 0.009, 282.28, 49.65);
insert into SHOT values (2240, 2238, 2241, 827, 8.610, 29.66, 31.60, 8.608, 29.68, 31.60, 0.003, 163.54, -32.21);
insert into SHOT values (2241, 2238, 2242, 827, 7.380, 60.66, 33.60, 7.384, 60.68, 33.64, 0.006, 140.49, 70.48);
insert into SHOT values (2242, 2238, 2243, 827, 6.480, 109.26, 38.80, 6.473, 109.23, 38.85, 0.010, 309.61, -2.35);
insert into SHOT values (2243, 2238, 2244, 827, 5.210, 148.46, 45.10, 5.206, 148.47, 45.14, 0.006, 321.44, -4.54);
insert into SHOT values (2244, 2238, 2245, 827, 4.680, 119.36, 67.20, 4.685, 119.39, 67.23, 0.006, 218.79, 80.78);
insert into SHOT values (2245, 2238, 2246, 827, 4.860, 2.76, 67.10, 4.863, 2.73, 67.10, 0.003, 311.92, 62.50);
insert into SHOT values (2246, 2238, 2247, 827, 2.030, 358.36, 8.60, 2.035, 358.29, 8.76, 0.008, 323.70, 54.95);
insert into SHOT values (2247, 2238, 2248, 827, 1.970, 189.46, 2.60, 1.970, 189.65, 2.62, 0.007, 280.48, 5.55);
insert into SHOT values (2248, 2238, 2249, 827, 0.680, 144.36, -83.70, 0.674, 146.31, -83.86, 0.007, 280.52, 59.04);
insert into SHOT values (2249, 2238, 2250, 827, 8.380, 134.86, -20.30, 8.374, 134.85, -20.26, 0.008, 350.11, 59.48);
insert into SHOT values (2250, 2250, 2251, 827, 5.640, 47.76, -6.50, 5.643, 47.75, -6.51, 0.004, 19.31, -24.33);
insert into SHOT values (2251, 2250, 2252, 827, 5.450, 55.36, 18.70, 5.440, 55.35, 18.66, 0.011, 241.09, -40.96);
insert into SHOT values (2252, 2250, 2253, 827, 1.540, 61.96, 71.00, 1.533, 62.40, 71.10, 0.009, 204.13, -44.50);
insert into SHOT values (2253, 2250, 2254, 827, 1.190, 124.96, 88.30, 1.191, 123.69, 88.26, 0.001, 77.83, 25.60);
insert into SHOT values (2254, 2250, 2255, 827, 1.400, 257.46, 30.70, 1.401, 257.57, 30.44, 0.007, 284.82, -43.16);
insert into SHOT values (2255, 2250, 2256, 827, 4.070, 286.16, 5.70, 4.071, 286.20, 5.64, 0.005, 355.40, -58.33);
insert into SHOT values (2256, 2250, 2257, 827, 0.680, 261.76, -65.00, 0.686, 262.15, -64.72, 0.007, 281.84, -33.04);
insert into SHOT values (2257, 2250, 2258, 827, 7.860, 223.86, -9.20, 7.867, 223.85, -9.22, 0.008, 210.99, -25.88);
insert into SHOT values (2258, 2258, 2259, 827, 1.130, 95.96, -35.30, 1.130, 95.59, -35.11, 0.007, 25.35, 24.84);
insert into SHOT values (2259, 2258, 2260, 827, 1.800, 88.56, -1.00, 1.801, 88.41, -0.95, 0.005, 9.76, 15.94);
insert into SHOT values (2260, 2258, 2261, 827, 1.410, 78.86, 40.20, 1.413, 78.79, 40.10, 0.004, 59.13, -1.41);
insert into SHOT values (2261, 2258, 2262, 827, 0.710, 238.26, 73.20, 0.708, 239.53, 73.83, 0.009, 29.68, 1.90);
insert into SHOT values (2262, 2258, 2263, 827, 0.460, 250.56, 9.40, 0.461, 250.77, 8.74, 0.006, 296.46, -66.05);
insert into SHOT values (2263, 2258, 2264, 827, 0.310, 215.96, -42.60, 0.306, 215.84, -43.40, 0.006, 40.49, -1.56);
insert into SHOT values (2264, 2258, 2265, 827, 5.920, 143.86, -3.10, 5.919, 143.81, -3.10, 0.006, 44.56, 1.47);
insert into SHOT values (2265, 2265, 2266, 827, 8.500, 213.96, -0.30, 8.501, 213.97, -0.34, 0.006, 260.15, -75.29);
insert into SHOT values (2266, 2265, 2267, 827, 0.880, 125.16, 15.50, 0.877, 125.38, 15.20, 0.006, 243.33, -54.90);
insert into SHOT values (2267, 2265, 2268, 827, 1.220, 240.96, 72.20, 1.219, 241.39, 72.05, 0.004, 284.52, -21.50);
insert into SHOT values (2268, 2265, 2269, 827, 1.950, 263.36, -3.60, 1.956, 263.53, -3.52, 0.009, 305.53, 16.09);
insert into SHOT values (2269, 2265, 2270, 827, 1.740, 265.96, 15.30, 1.746, 265.91, 15.28, 0.006, 252.34, 8.00);
insert into SHOT values (2270, 2265, 2271, 827, 1.280, 267.96, 52.20, 1.283, 267.83, 51.95, 0.006, 250.46, -12.44);
insert into SHOT values (2271, 2266, 2272, 827, 1.620, 146.66, 5.70, 1.620, 146.90, 6.02, 0.011, 241.05, 53.57);
insert into SHOT values (2272, 2266, 2273, 827, 2.120, 289.06, 0.60, 2.125, 288.95, 0.81, 0.010, 249.48, 48.88);
insert into SHOT values (2273, 2266, 2274, 827, 0.950, 219.56, 80.40, 0.953, 219.81, 80.57, 0.004, 23.05, 54.89);
insert into SHOT values (2274, 2266, 2275, 827, 0.420, 252.46, -66.40, 0.415, 252.65, -66.20, 0.005, 26.53, 81.33);
insert into SHOT values (2275, 2266, 2276, 827, 17.130, 136.36, -5.90, 17.130, 136.36, -5.90, 0.003, 39.44, 19.20);
insert into SHOT values (2276, 2250, 2277, 827, 17.330, 135.46, -5.90, 17.333, 135.47, -5.93, 0.009, 185.69, -73.38);
insert into SHOT values (2277, 2277, 2278, 827, 1.800, 78.26, -12.10, 1.796, 78.18, -11.89, 0.008, 301.81, 62.66);
insert into SHOT values (2278, 2277, 2279, 827, 2.210, 248.96, 12.30, 2.214, 249.13, 12.52, 0.011, 317.69, 53.16);
insert into SHOT values (2279, 2277, 2280, 827, 0.690, 218.86, -81.00, 0.688, 221.19, -81.12, 0.005, 330.69, 17.97);
insert into SHOT values (2280, 2277, 2281, 827, 0.930, 155.66, 85.90, 0.932, 153.43, 85.87, 0.004, 77.33, 41.78);
insert into SHOT values (2281, 2209, 2282, 827, 17.760, 281.66, 15.00, 17.736, 282.06, 14.40, 0.223, 0.30, -56.84);
insert into SHOT values (2282, 2282, 2283, 827, 2.320, 215.46, 46.30, 2.325, 215.37, 46.28, 0.005, 180.69, 31.09);
insert into SHOT values (2283, 2282, 2284, 827, 1.550, 304.66, 84.60, 1.557, 303.69, 84.68, 0.007, 180.44, 66.70);
insert into SHOT values (2284, 2282, 2285, 827, 4.040, 4.96, 80.50, 4.045, 4.33, 80.58, 0.010, 240.84, 31.54);
insert into SHOT values (2285, 2282, 2286, 827, 4.980, 5.16, 63.00, 4.982, 5.08, 63.04, 0.005, 243.94, 35.80);
insert into SHOT values (2286, 2282, 2287, 827, 6.600, 21.56, 31.50, 6.599, 21.59, 31.52, 0.004, 153.94, 20.81);
insert into SHOT values (2287, 2282, 2288, 827, 3.060, 18.36, 2.20, 3.057, 18.32, 2.25, 0.005, 238.51, 33.03);
insert into SHOT values (2288, 2282, 2289, 827, 3.480, 19.36, -14.60, 3.479, 19.24, -14.48, 0.010, 293.56, 45.14);
insert into SHOT values (2289, 2282, 2290, 827, 1.650, 329.66, -76.10, 1.648, 329.53, -76.15, 0.003, 174.54, 38.54);
insert into SHOT values (2290, 2282, 2291, 827, 15.800, 308.36, -5.50, 15.796, 308.80, -6.14, 0.213, 49.25, -55.46);
insert into SHOT values (2291, 2291, 2292, 827, 1.370, 251.96, -58.30, 1.376, 252.32, -58.24, 0.008, 297.86, -35.30);
insert into SHOT values (2292, 2291, 2293, 827, 2.740, 238.06, -40.80, 2.737, 238.23, -40.85, 0.007, 1.67, 2.96);
insert into SHOT values (2293, 2291, 2294, 827, 5.880, 231.26, 79.60, 5.876, 231.51, 79.60, 0.006, 334.13, -36.11);
insert into SHOT values (2294, 2291, 2295, 827, 6.350, 85.66, 61.60, 6.353, 85.63, 61.63, 0.005, 316.08, 61.90);
insert into SHOT values (2295, 2291, 2296, 827, 6.150, 80.76, 47.90, 6.149, 80.65, 47.87, 0.009, 2.35, -21.02);
insert into SHOT values (2296, 2291, 2297, 827, 2.000, 73.86, 20.80, 1.995, 73.80, 20.85, 0.006, 273.56, -2.04);
insert into SHOT values (2297, 2291, 2298, 827, 1.640, 66.96, -4.70, 1.636, 66.89, -4.56, 0.006, 275.46, 46.45);
insert into SHOT values (2298, 2291, 2299, 827, 1.100, 60.86, -74.00, 1.102, 60.02, -74.19, 0.006, 296.15, -25.87);
insert into SHOT values (2299, 2291, 2300, 827, 5.260, 27.56, 25.40, 5.268, 27.59, 25.04, 0.034, 32.50, -51.21);
insert into SHOT values (2300, 2300, 2301, 827, 1.110, 313.06, 2.50, 1.112, 313.18, 2.58, 0.003, 3.91, 29.38);
insert into SHOT values (2301, 2300, 2302, 827, 3.210, 312.16, 28.10, 3.209, 312.14, 28.07, 0.002, 236.76, -55.87);
insert into SHOT values (2302, 2300, 2303, 827, 2.280, 306.06, 66.40, 2.282, 306.12, 66.33, 0.003, 321.29, 11.51);
insert into SHOT values (2303, 2300, 2304, 827, 1.880, 122.16, 68.40, 1.883, 122.09, 68.30, 0.005, 110.95, 24.52);
insert into SHOT values (2304, 2300, 2305, 827, 4.340, 133.26, 26.40, 4.343, 133.33, 26.38, 0.006, 188.25, 2.79);
insert into SHOT values (2305, 2300, 2306, 827, 1.570, 131.06, -4.70, 1.572, 131.12, -4.74, 0.003, 173.93, -32.18);
insert into SHOT values (2306, 2300, 2307, 827, 0.550, 131.36, -37.80, 0.556, 131.31, -37.74, 0.006, 126.29, -31.41);
insert into SHOT values (2307, 2300, 2308, 827, 7.820, 45.86, 14.40, 7.834, 45.91, 13.96, 0.062, 57.25, -62.43);
insert into SHOT values (2308, 2308, 2309, 827, 2.160, 271.36, -5.20, 2.159, 271.33, -5.05, 0.006, 157.06, 77.43);
insert into SHOT values (2309, 2308, 2310, 827, 4.630, 268.16, 16.70, 4.627, 268.19, 16.70, 0.003, 48.94, -8.42);
insert into SHOT values (2310, 2308, 2311, 827, 3.700, 264.36, 46.00, 3.700, 264.42, 45.96, 0.004, 318.11, -25.39);
insert into SHOT values (2311, 2308, 2312, 827, 2.740, 297.46, 89.60, 2.740, 296.57, 89.53, 0.003, 291.27, 1.18);
insert into SHOT values (2312, 2308, 2313, 827, 3.160, 64.06, 63.00, 3.164, 63.97, 63.02, 0.005, 357.41, 60.12);
insert into SHOT values (2313, 2308, 2314, 827, 4.460, 64.26, 39.10, 4.465, 64.32, 39.17, 0.008, 143.59, 62.93);
insert into SHOT values (2314, 2308, 2315, 827, 4.760, 63.16, 20.20, 4.763, 63.26, 20.27, 0.010, 149.84, 39.40);
insert into SHOT values (2315, 2308, 2316, 827, 0.650, 64.46, -35.50, 0.648, 64.40, -34.81, 0.008, 53.28, 67.14);
insert into SHOT values (2316, 2308, 2317, 827, 14.320, 142.66, -0.70, 14.318, 142.32, -1.12, 0.135, 50.14, -50.86);
insert into SHOT values (2317, 2317, 2318, 827, 1.660, 40.66, -57.20, 1.661, 40.46, -57.45, 0.008, 250.44, -36.40);
insert into SHOT values (2318, 2317, 2319, 827, 1.240, 36.66, 7.40, 1.240, 36.40, 7.41, 0.006, 310.32, 3.01);
insert into SHOT values (2319, 2317, 2320, 827, 3.930, 28.06, 37.60, 3.931, 27.96, 37.63, 0.006, 296.28, 21.54);
insert into SHOT values (2320, 2317, 2321, 827, 5.440, 48.26, 68.00, 5.437, 48.18, 67.97, 0.005, 348.65, -48.35);
insert into SHOT values (2321, 2317, 2322, 827, 6.930, 95.66, 79.40, 6.928, 95.40, 79.39, 0.006, 13.94, -16.25);
insert into SHOT values (2322, 2317, 2323, 827, 3.020, 194.36, 48.90, 3.013, 194.32, 48.88, 0.007, 37.75, -54.77);
insert into SHOT values (2323, 2317, 2324, 827, 1.650, 183.36, -78.90, 1.651, 183.58, -78.80, 0.003, 205.28, -15.20);
insert into SHOT values (2324, 2317, 2325, 827, 0.250, 199.36, -45.30, 0.248, 200.56, -46.49, 0.007, 343.97, -20.54);
insert into SHOT values (2325, 2317, 2326, 827, 5.010, 106.86, -12.50, 5.019, 106.62, -12.78, 0.033, 25.66, -50.71);
insert into SHOT values (2326, 2326, 2327, 827, 0.370, 35.26, 0.30, 0.366, 34.99, 1.56, 0.009, 239.79, 62.60);
insert into SHOT values (2327, 2326, 2328, 827, 1.230, 44.06, 57.60, 1.230, 44.38, 57.69, 0.004, 155.31, 20.51);
insert into SHOT values (2328, 2326, 2329, 827, 4.690, 42.76, 64.80, 4.692, 42.76, 64.93, 0.011, 223.99, 37.09);
insert into SHOT values (2329, 2326, 2330, 827, 7.370, 299.46, 89.10, 7.371, 296.57, 89.13, 0.007, 173.50, 7.42);
insert into SHOT values (2330, 2326, 2331, 827, 5.260, 221.46, 61.00, 5.272, 221.35, 60.98, 0.013, 189.28, 46.14);
insert into SHOT values (2331, 2326, 2332, 827, 4.650, 205.36, 45.00, 4.658, 205.32, 44.94, 0.009, 189.80, 12.21);
insert into SHOT values (2332, 2326, 2333, 827, 1.500, 203.96, 31.70, 1.504, 203.96, 31.68, 0.005, 203.67, 23.44);
insert into SHOT values (2333, 2326, 2334, 827, 2.470, 219.76, -47.70, 2.469, 219.89, -47.49, 0.010, 252.12, 44.23);
insert into SHOT values (2334, 2326, 2335, 827, 1.380, 150.56, -84.10, 1.378, 151.70, -83.85, 0.007, 177.48, 22.59);
insert into SHOT values (2335, 2326, 2336, 827, 5.480, 334.56, 39.30, 5.479, 334.53, 39.43, 0.013, 171.64, 43.19);
insert into SHOT values (2336, 2326, 2337, 827, 8.740, 105.26, 29.80, 8.738, 105.30, 29.85, 0.010, 243.35, 40.53);
insert into SHOT values (2337, 2326, 2338, 827, 7.520, 147.26, 20.10, 7.530, 147.30, 20.12, 0.011, 173.88, 30.22);
insert into SHOT values (2338, 2326, 2209, 827, 14.030, 142.46, -22.40, 14.037, 142.19, -22.85, 0.126, 22.27, -55.51);
insert into SHOT values (2339, 2308, 2339, 827, 5.440, 344.06, 7.70, 5.432, 344.16, 7.62, 0.014, 110.20, -39.25);
insert into SHOT values (2340, 2339, 2340, 827, 8.430, 309.16, 3.00, 8.428, 309.12, 3.06, 0.011, 203.01, 51.10);
insert into SHOT values (2341, 2339, 2341, 827, 4.320, 344.06, 10.30, 4.316, 344.00, 10.41, 0.011, 202.85, 44.81);
insert into SHOT values (2342, 2339, 2342, 827, 2.140, 36.26, 25.00, 2.141, 36.40, 25.15, 0.007, 143.93, 49.76);
insert into SHOT values (2343, 2339, 2343, 827, 4.720, 101.36, 16.00, 4.725, 101.43, 16.09, 0.011, 163.51, 55.01);
insert into SHOT values (2344, 2339, 2344, 827, 7.530, 249.66, 3.70, 7.534, 249.68, 3.73, 0.006, 289.87, 43.18);
insert into SHOT values (2345, 2339, 2345, 827, 6.060, 210.26, 7.10, 6.065, 210.23, 7.10, 0.006, 173.54, 9.16);
insert into SHOT values (2346, 2339, 2346, 827, 6.030, 203.26, 4.30, 6.038, 203.29, 4.37, 0.011, 221.11, 45.46);
insert into SHOT values (2347, 2339, 2347, 827, 2.570, 32.46, 59.30, 2.566, 32.47, 59.46, 0.008, 211.24, 1.25);
insert into SHOT values (2348, 2339, 2348, 827, 3.030, 213.06, 74.50, 3.030, 212.91, 74.50, 0.002, 128.25, 5.08);
insert into SHOT values (2349, 2339, 2349, 827, 3.070, 212.26, 37.30, 3.078, 212.13, 37.42, 0.011, 143.78, 57.45);
insert into SHOT values (2350, 2339, 2350, 827, 2.770, 219.46, -18.80, 2.775, 219.44, -18.70, 0.007, 211.07, 22.37);
insert into SHOT values (2351, 2339, 2351, 827, 0.510, 294.06, -67.50, 0.510, 293.96, -67.26, 0.002, 283.20, 32.62);
insert into SHOT values (2352, 2339, 2352, 827, 3.380, 222.06, 31.40, 3.382, 222.05, 31.56, 0.010, 56.91, 69.50);
insert into SHOT values (2353, 2339, 2353, 827, 3.450, 267.66, -29.20, 3.441, 267.52, -29.23, 0.012, 128.50, 15.04);
insert into SHOT values (2354, 2353, 2354, 827, 0.890, 215.96, 6.10, 0.885, 216.22, 5.84, 0.008, 357.36, -36.04);
insert into SHOT values (2355, 2353, 2355, 827, 4.690, 226.26, 37.30, 4.692, 226.30, 37.25, 0.005, 260.29, -24.94);
insert into SHOT values (2356, 2353, 2356, 827, 4.670, 223.16, 40.90, 4.672, 223.28, 40.92, 0.007, 311.43, 18.45);
insert into SHOT values (2357, 2353, 2357, 827, 5.600, 312.46, 68.80, 5.601, 312.41, 68.74, 0.007, 294.90, -8.61);
insert into SHOT values (2358, 2353, 2358, 827, 5.250, 3.46, 28.50, 5.252, 3.48, 28.43, 0.007, 15.35, -46.59);
insert into SHOT values (2359, 2353, 2359, 827, 2.960, 6.26, 18.50, 2.959, 6.14, 18.52, 0.006, 267.41, 7.09);
insert into SHOT values (2360, 2353, 2360, 827, 13.590, 302.26, 2.50, 13.590, 302.27, 2.49, 0.004, 18.56, -47.93);
insert into SHOT values (2361, 2353, 2361, 827, 19.240, 284.96, 4.00, 19.248, 284.97, 3.99, 0.009, 299.08, -13.51);
insert into SHOT values (2362, 2353, 2362, 827, 7.510, 259.86, 14.30, 7.515, 259.88, 14.25, 0.008, 276.97, -38.10);
insert into SHOT values (2363, 2353, 2363, 827, 6.260, 280.96, -40.70, 6.258, 280.95, -40.81, 0.012, 105.57, -39.16);
insert into SCRAPS values (829, 823, 'SP-Alex4-1', 1, 72.21023, 2.31445);
 insert into MAPS values (937, 823, 'MP-Alex4', 'Alex4', 1, 354.440, -18.710);
 insert into MAPITEMS values (937, 4, 829);
 insert into SURVEY values (941, 51, 'Alex6', 'Alex6.Tush-Yurruck', 'Alex6');
 insert into CENTRELINE values (942, 941, NULL, NULL, NULL, 0.00, 0.00, 0.00);
 insert into SURVEY values (943, 941, 'Tush-Yurruck_06', 'Tush-Yurruck_06.Alex6.Tush-Yurruck', 'Tush-Yurruck 06');
 insert into CENTRELINE values (944, 943, NULL, NULL, NULL, 0.00, 0.00, 0.00);
 insert into CENTRELINE values (945, 943, NULL, '2024-04-19', NULL, 180.63, 0.00, 0.00);
 insert into TOPO values (4, 945);
 insert into TOPO values (6, 945);
 insert into TOPO values (3, 945);
 insert into SHOT values (2364, 2364, 2365, 945, 13.480, 119.56, 11.90, 13.440, 119.55, 12.16, 0.072, 302.97, 44.47);
insert into SHOT values (2365, 2365, 2366, 945, 1.510, 86.66, 18.80, 1.504, 86.78, 19.01, 0.008, 245.52, 23.66);
insert into SHOT values (2366, 2365, 2367, 945, 4.580, 5.96, 10.00, 4.573, 5.99, 9.95, 0.008, 166.94, -40.71);
insert into SHOT values (2367, 2365, 2368, 945, 6.100, 330.96, 6.10, 6.100, 330.90, 6.12, 0.007, 242.80, 14.80);
insert into SHOT values (2368, 2365, 2369, 945, 0.790, 201.76, -72.70, 0.787, 202.25, -72.42, 0.005, 237.86, 51.26);
insert into SHOT values (2369, 2365, 2370, 945, 2.160, 207.16, 23.90, 2.160, 207.08, 23.75, 0.006, 152.78, -56.41);
insert into SHOT values (2370, 2365, 2371, 945, 9.050, 210.16, 56.30, 9.052, 210.24, 56.29, 0.007, 281.65, 6.57);
insert into SHOT values (2371, 2365, 2372, 945, 7.810, 142.76, 85.10, 7.808, 142.96, 85.12, 0.004, 286.86, -20.80);
insert into SHOT values (2372, 2365, 2373, 945, 29.060, 121.06, -2.40, 29.057, 121.85, -2.41, 0.399, 211.91, -0.44);
insert into SHOT values (2373, 2373, 2374, 945, 1.530, 33.86, 12.50, 1.528, 33.80, 12.47, 0.003, 261.51, -26.06);
insert into SHOT values (2374, 2373, 2375, 945, 5.910, 342.56, 6.60, 5.909, 342.55, 6.61, 0.002, 217.20, 28.36);
insert into SHOT values (2375, 2373, 2376, 945, 13.010, 329.56, 3.60, 13.016, 329.57, 3.61, 0.006, 334.98, 29.13);
insert into SHOT values (2376, 2373, 2377, 945, 12.460, 293.96, 3.40, 12.463, 293.95, 3.40, 0.005, 246.33, 13.32);
insert into SHOT values (2377, 2373, 2378, 945, 4.470, 275.46, -7.10, 4.474, 275.43, -7.06, 0.006, 242.26, 26.54);
insert into SHOT values (2378, 2373, 2379, 945, 3.420, 230.86, -14.10, 3.415, 230.88, -14.07, 0.006, 37.93, 34.95);
insert into SHOT values (2379, 2373, 2380, 945, 2.430, 220.76, 19.20, 2.433, 220.76, 19.20, 0.003, 220.91, 19.09);
insert into SHOT values (2380, 2373, 2381, 945, 2.200, 228.06, 61.00, 2.207, 228.41, 61.00, 0.009, 293.06, 39.19);
insert into SHOT values (2381, 2373, 2382, 945, 1.340, 97.26, 69.70, 1.343, 97.43, 69.79, 0.004, 223.57, 62.41);
insert into SHOT values (2382, 2373, 2383, 945, 0.860, 85.36, -82.30, 0.857, 84.81, -82.60, 0.005, 278.04, 24.62);
insert into SHOT values (2383, 2373, 2384, 945, 13.650, 140.56, -10.60, 13.648, 140.96, -10.60, 0.093, 231.65, 0.58);
insert into SHOT values (2384, 2384, 2385, 945, 0.750, 85.06, -10.40, 0.744, 85.30, -10.06, 0.008, 234.86, 41.72);
insert into SHOT values (2385, 2384, 2386, 945, 1.480, 90.56, 56.90, 1.481, 90.71, 56.84, 0.003, 138.61, 3.69);
insert into SHOT values (2386, 2384, 2387, 945, 1.420, 217.56, 75.30, 1.427, 217.18, 75.22, 0.008, 184.25, 55.94);
insert into SHOT values (2387, 2384, 2388, 945, 1.620, 210.96, 50.10, 1.627, 211.25, 50.21, 0.009, 281.23, 52.74);
insert into SHOT values (2388, 2384, 2389, 945, 4.030, 252.86, 17.60, 4.029, 252.89, 17.63, 0.002, 23.89, 35.52);
insert into SHOT values (2389, 2384, 2390, 945, 1.190, 255.56, -6.60, 1.193, 255.85, -6.26, 0.010, 312.10, 43.96);
insert into SHOT values (2390, 2384, 2391, 945, 9.200, 199.66, 4.50, 9.205, 199.68, 4.55, 0.010, 229.83, 58.74);
insert into SHOT values (2391, 2384, 2392, 945, 3.710, 148.36, -2.20, 3.711, 148.45, -2.16, 0.006, 231.29, 22.45);
insert into SHOT values (2392, 2384, 2393, 945, 3.800, 39.66, 19.90, 3.801, 39.66, 20.00, 0.007, 226.46, 82.52);
insert into SHOT values (2393, 2384, 2394, 945, 3.740, 291.66, 19.60, 3.746, 291.62, 19.65, 0.008, 263.45, 44.03);
insert into SHOT values (2394, 2384, 2395, 945, 2.870, 311.46, 17.70, 2.873, 311.44, 17.84, 0.008, 250.49, 81.10);
insert into SHOT values (2395, 2384, 2396, 945, 11.900, 170.96, -0.00, 11.907, 171.31, 0.00, 0.071, 255.63, 0.00);
insert into SHOT values (2396, 2396, 2397, 945, 3.960, 55.06, 6.30, 3.961, 55.14, 6.38, 0.008, 141.42, 46.30);
insert into SHOT values (2397, 2396, 2398, 945, 1.720, 61.66, -34.70, 1.718, 61.81, -34.37, 0.011, 102.59, 59.08);
insert into SHOT values (2398, 2396, 2399, 945, 2.330, 238.76, 12.60, 2.327, 238.69, 12.66, 0.005, 100.99, 21.74);
insert into SHOT values (2399, 2396, 2400, 945, 1.000, 282.36, 76.70, 1.006, 282.80, 77.04, 0.008, 81.04, 55.02);
insert into SHOT values (2400, 2396, 2401, 945, 5.180, 157.36, 10.60, 5.182, 157.36, 10.68, 0.007, 152.83, 84.35);
insert into SHOT values (2401, 2396, 2402, 945, 7.010, 145.56, 0.50, 7.012, 145.52, 0.57, 0.011, 77.88, 55.00);
insert into SHOT values (2402, 2396, 2403, 945, 8.150, 123.86, 6.50, 8.155, 123.83, 6.55, 0.010, 70.60, 49.27);
insert into SHOT values (2403, 2396, 2404, 945, 7.370, 102.76, 4.90, 7.370, 102.83, 4.90, 0.008, 191.86, 3.46);
insert into SHOT values (2404, 2396, 2405, 945, 7.500, 71.86, 1.10, 7.503, 71.90, 1.15, 0.008, 136.81, 46.33);
insert into SHOT values (2405, 2396, 2406, 945, 7.410, 100.76, -14.90, 7.399, 100.96, -14.88, 0.028, 213.24, 11.17);
insert into SHOT values (2406, 2406, 2407, 945, 2.050, 331.26, -17.70, 2.051, 331.20, -17.89, 0.007, 203.42, -68.53);
insert into SHOT values (2407, 2406, 2408, 945, 3.550, 337.56, 10.40, 3.551, 337.62, 10.38, 0.004, 45.03, -12.76);
insert into SHOT values (2408, 2406, 2409, 945, 4.680, 340.96, 42.60, 4.683, 341.04, 42.60, 0.005, 46.39, 23.84);
insert into SHOT values (2409, 2406, 2410, 945, 3.110, 15.86, 71.00, 3.109, 16.10, 71.05, 0.005, 140.75, -6.29);
insert into SHOT values (2410, 2406, 2411, 945, 1.070, 143.26, 15.90, 1.062, 143.35, 15.84, 0.008, 310.32, -23.42);
insert into SHOT values (2411, 2406, 2412, 945, 8.310, 12.56, -2.50, 8.308, 12.60, -2.48, 0.006, 128.69, 25.12);
insert into SHOT values (2412, 2406, 2413, 945, 10.500, 37.06, -5.30, 10.497, 37.07, -5.30, 0.003, 204.28, -1.99);
insert into SHOT values (2413, 2406, 2414, 945, 7.330, 35.86, -20.90, 7.313, 35.76, -20.99, 0.024, 246.43, -12.14);
insert into SHOT values (2414, 2414, 2415, 945, 5.880, 156.16, 5.80, 5.881, 156.11, 5.76, 0.007, 81.17, -35.25);
insert into SHOT values (2415, 2414, 2416, 945, 3.960, 32.66, 23.90, 3.955, 32.81, 23.86, 0.011, 142.60, -23.70);
insert into SHOT values (2416, 2414, 2417, 945, 4.430, 94.86, 18.20, 4.426, 94.91, 18.17, 0.006, 225.14, -38.70);
insert into SHOT values (2417, 2414, 2418, 945, 2.140, 191.26, 3.50, 2.146, 191.31, 3.47, 0.006, 208.56, -6.29);
insert into SHOT values (2418, 2414, 2419, 945, 3.060, 194.86, 48.10, 3.064, 194.72, 48.08, 0.007, 138.82, 20.63);
insert into SHOT values (2419, 2414, 2420, 945, 3.540, 118.26, 78.40, 3.543, 118.35, 78.34, 0.005, 133.94, 28.56);
insert into SHOT values (2420, 2415, 2421, 945, 3.260, 26.26, 0.80, 3.256, 26.25, 0.88, 0.006, 217.11, 48.34);
insert into SHOT values (2421, 2415, 2422, 945, 5.110, 243.06, 13.50, 5.116, 242.97, 13.57, 0.012, 181.65, 37.89);
insert into SHOT values (2422, 2415, 2423, 945, 5.240, 275.96, 10.20, 5.240, 275.90, 10.22, 0.006, 187.11, 19.55);
insert into SHOT values (2423, 2415, 2424, 945, 3.180, 179.26, 19.40, 3.182, 179.43, 19.46, 0.009, 264.66, 23.45);
insert into SHOT values (2424, 2415, 2425, 945, 1.880, 201.96, -16.00, 1.883, 202.04, -15.72, 0.010, 225.73, 55.13);
insert into SHOT values (2425, 2415, 2426, 945, 1.870, 23.36, -37.40, 1.861, 23.10, -37.39, 0.011, 247.63, 30.44);
insert into SHOT values (2426, 2415, 2427, 945, 2.820, 41.06, 39.00, 2.822, 41.11, 39.10, 0.006, 170.93, 65.51);
insert into SHOT values (2427, 2415, 2428, 945, 6.820, 68.56, 0.10, 6.811, 68.56, 0.17, 0.012, 253.01, 43.35);
insert into SHOT values (2428, 2415, 2429, 945, 6.830, 58.46, 0.90, 6.829, 58.47, 0.92, 0.003, 195.47, 53.51);
insert into SHOT values (2429, 2415, 2430, 945, 7.710, 110.46, 7.70, 7.706, 110.55, 7.76, 0.014, 223.39, 29.87);
insert into SHOT values (2430, 2415, 2431, 945, 3.120, 175.76, 19.30, 3.126, 175.91, 19.44, 0.012, 245.79, 46.79);
insert into SHOT values (2431, 2415, 2432, 945, 4.960, 142.76, 16.80, 4.960, 142.79, 16.88, 0.007, 275.91, 63.09);
insert into SHOT values (2432, 2415, 2433, 945, 6.200, 54.66, 10.10, 6.201, 54.67, 10.12, 0.003, 121.37, 75.25);
insert into SHOT values (2433, 2428, 2434, 945, 1.530, 16.56, 5.70, 1.532, 16.77, 5.62, 0.006, 82.97, -17.99);
insert into SHOT values (2434, 2428, 2435, 945, 1.970, 191.96, 9.60, 1.969, 191.89, 9.65, 0.003, 85.17, 28.97);
insert into SHOT values (2435, 2428, 2436, 945, 1.410, 100.96, 77.80, 1.404, 101.31, 77.41, 0.012, 114.04, -44.92);
insert into SHOT values (2436, 2428, 2437, 945, 0.880, 87.26, -81.10, 0.881, 90.00, -80.86, 0.008, 148.33, -4.46);
insert into SHOT values (2437, 2414, 2438, 945, 3.050, 196.46, 3.70, 3.073, 196.48, 3.73, 0.023, 199.34, 8.07);
insert into SHOT values (2438, 2438, 2439, 945, 4.560, 202.86, 15.90, 4.562, 202.94, 15.90, 0.006, 279.22, 6.93);
insert into SHOT values (2439, 2438, 2440, 945, 3.350, 316.76, 27.50, 3.353, 316.77, 27.34, 0.010, 319.03, -45.00);
insert into SHOT values (2440, 2438, 2441, 945, 4.640, 322.16, 64.20, 4.644, 322.22, 64.16, 0.006, 346.39, 25.69);
insert into SHOT values (2441, 2438, 2442, 945, 1.060, 270.46, -71.70, 1.063, 271.74, -71.90, 0.009, 21.11, -24.74);
insert into SHOT values (2442, 2438, 2443, 945, 3.010, 224.96, -46.40, 3.029, 225.00, -46.30, 0.020, 229.38, -30.58);
insert into SHOT values (2443, 2443, 2444, 945, 0.690, 183.16, 15.20, 0.685, 183.47, 15.23, 0.006, 326.12, -8.86);
insert into SHOT values (2444, 2443, 2445, 945, 1.650, 357.66, 1.80, 1.652, 357.57, 1.73, 0.004, 308.33, -27.42);
insert into SHOT values (2445, 2443, 2446, 945, 1.030, 294.36, 80.40, 1.035, 293.63, 80.28, 0.006, 256.29, 50.64);
insert into SHOT values (2446, 2443, 2447, 945, 1.130, 330.56, 67.30, 1.136, 331.07, 67.54, 0.009, 87.04, 60.17);
insert into SHOT values (2447, 2443, 2448, 945, 1.260, 269.06, -61.40, 1.253, 269.05, -61.39, 0.007, 92.64, 63.84);
insert into SHOT values (2448, 2443, 2449, 945, 2.210, 323.06, -11.60, 2.214, 322.87, -11.46, 0.010, 267.62, 25.77);
insert into SHOT values (2449, 2449, 2450, 945, 1.000, 262.56, -1.80, 0.999, 262.52, -1.72, 0.002, 120.04, 48.00);
insert into SHOT values (2450, 2449, 2451, 945, 1.030, 68.06, -18.70, 1.033, 68.42, -18.63, 0.007, 131.76, 1.97);
insert into SHOT values (2451, 2449, 2452, 945, 0.740, 294.76, 60.50, 0.736, 294.44, 60.47, 0.005, 161.42, -55.63);
insert into SHOT values (2452, 2449, 2453, 945, 1.010, 344.96, -73.00, 1.012, 345.96, -73.43, 0.009, 128.11, -26.19);
insert into SHOT values (2453, 2449, 2454, 945, 5.740, 61.36, 3.40, 5.738, 61.42, 3.40, 0.006, 170.64, -3.90);
insert into SHOT values (2454, 2449, 2455, 945, 5.160, 28.56, 0.40, 5.160, 28.60, 0.33, 0.007, 122.62, -60.24);
insert into SHOT values (2455, 2449, 2456, 945, 5.050, 346.56, -3.50, 5.040, 346.43, -3.53, 0.015, 214.69, -6.34);
insert into SHOT values (2456, 2456, 2457, 945, 3.560, 206.96, 3.30, 3.562, 206.93, 3.38, 0.006, 146.18, 61.92);
insert into SHOT values (2457, 2456, 2458, 945, 5.680, 227.46, -3.80, 5.682, 227.50, -3.83, 0.006, 291.98, -40.17);
insert into SHOT values (2458, 2456, 2459, 945, 2.340, 260.56, 6.00, 2.345, 260.62, 6.12, 0.007, 289.82, 49.70);
insert into SHOT values (2459, 2456, 2460, 945, 3.440, 302.06, 4.10, 3.441, 302.02, 4.17, 0.005, 236.05, 56.82);
insert into SHOT values (2460, 2456, 2461, 945, 2.180, 11.86, 14.00, 2.180, 11.74, 14.07, 0.006, 269.25, 28.28);
insert into SHOT values (2461, 2456, 2462, 945, 1.610, 343.96, 70.20, 1.613, 343.91, 70.40, 0.007, 170.98, 50.99);
insert into SHOT values (2462, 2456, 2463, 945, 2.390, 219.56, 48.50, 2.390, 219.62, 48.50, 0.002, 303.69, -0.15);
insert into SHOT values (2463, 2456, 2464, 945, 3.740, 277.86, 1.50, 3.755, 277.66, 1.53, 0.020, 235.01, 5.97);
insert into SHOT values (2464, 2464, 2465, 945, 3.630, 233.26, -3.70, 3.624, 233.32, -3.80, 0.009, 24.07, -38.03);
insert into SHOT values (2465, 2464, 2466, 945, 4.840, 262.56, -0.10, 4.840, 262.64, -0.12, 0.007, 353.63, -13.49);
insert into SHOT values (2466, 2464, 2467, 945, 8.880, 283.56, -9.50, 8.888, 283.59, -9.52, 0.010, 314.82, -27.19);
insert into SHOT values (2467, 2464, 2468, 945, 7.070, 308.86, -3.90, 7.071, 308.90, -3.89, 0.005, 28.97, 10.53);
insert into SHOT values (2468, 2464, 2469, 945, 7.120, 318.86, -0.60, 7.130, 318.87, -0.64, 0.011, 321.36, -28.25);
insert into SHOT values (2469, 2464, 2470, 945, 1.300, 1.96, -4.70, 1.305, 1.76, -4.83, 0.008, 319.45, -27.26);
insert into SHOT values (2470, 2464, 2471, 945, 1.020, 195.66, 82.10, 1.019, 197.10, 82.33, 0.005, 336.68, -3.37);
insert into SHOT values (2471, 2464, 2472, 945, 1.100, 169.06, -0.50, 1.100, 169.00, -0.52, 0.001, 90.85, -16.96);
insert into SHOT values (2472, 2464, 2473, 945, 3.780, 195.06, -7.30, 3.793, 195.26, -7.27, 0.018, 238.71, 0.96);
insert into SHOT values (2473, 2473, 2474, 945, 2.770, 73.56, 4.90, 2.772, 73.60, 4.76, 0.007, 107.48, -65.21);
insert into SHOT values (2474, 2473, 2475, 945, 1.570, 74.26, 38.80, 1.569, 74.38, 38.65, 0.005, 128.77, -51.94);
insert into SHOT values (2475, 2473, 2476, 945, 1.330, 213.46, 42.70, 1.332, 213.37, 42.51, 0.005, 192.74, -22.55);
insert into SHOT values (2476, 2473, 2477, 945, 1.090, 265.96, -12.20, 1.088, 265.68, -12.21, 0.006, 151.30, 3.45);
insert into SHOT values (2477, 2473, 2478, 945, 0.410, 254.36, -83.50, 0.412, 255.96, -84.26, 0.006, 61.87, -26.34);
insert into SHOT values (2478, 2473, 2479, 945, 3.910, 135.96, 13.90, 3.913, 136.17, 13.90, 0.014, 216.05, 2.87);
insert into SHOT values (2479, 2479, 2480, 945, 2.180, 43.16, 12.30, 2.186, 43.10, 12.15, 0.008, 24.63, -32.05);
insert into SHOT values (2480, 2479, 2481, 945, 1.900, 112.26, 25.50, 1.903, 112.23, 25.52, 0.004, 95.42, 34.56);
insert into SHOT values (2481, 2479, 2482, 945, 3.810, 178.26, 14.70, 3.805, 178.29, 14.61, 0.008, 334.99, -59.79);
insert into SHOT values (2482, 2479, 2483, 945, 5.810, 212.56, 9.40, 5.812, 212.61, 9.41, 0.005, 280.42, 12.30);
insert into SHOT values (2483, 2479, 2484, 945, 15.090, 234.36, -2.20, 15.083, 234.37, -2.20, 0.008, 42.12, -5.53);
insert into SHOT values (2484, 2479, 2485, 945, 2.390, 319.06, 13.50, 2.392, 319.18, 13.54, 0.006, 31.70, 21.80);
insert into SHOT values (2485, 2479, 2486, 945, 7.550, 235.16, 14.70, 7.544, 235.16, 14.67, 0.007, 67.75, -53.06);
insert into SHOT values (2486, 2479, 2487, 945, 2.570, 244.76, 65.20, 2.565, 244.63, 65.26, 0.006, 94.38, -30.28);
insert into SHOT values (2487, 2479, 2488, 945, 2.800, 304.66, 62.30, 2.801, 304.67, 62.32, 0.001, 116.33, 56.12);
insert into SHOT values (2488, 2479, 2489, 945, 11.180, 274.26, 0.80, 11.182, 274.26, 0.77, 0.007, 242.16, -69.42);
insert into SHOT values (2489, 2479, 2490, 945, 14.660, 270.66, 1.10, 14.673, 270.39, 1.09, 0.071, 191.10, -1.16);
insert into SHOT values (2490, 2490, 2491, 945, 12.600, 129.46, 0.30, 12.589, 129.46, 0.27, 0.013, 318.01, -28.22);
insert into SHOT values (2491, 2490, 2492, 945, 7.770, 140.96, 0.60, 7.764, 140.96, 0.59, 0.006, 325.62, -12.77);
insert into SHOT values (2492, 2490, 2493, 945, 4.120, 184.76, -18.30, 4.112, 184.85, -18.29, 0.010, 327.53, 20.76);
insert into SHOT values (2493, 2490, 2494, 945, 3.380, 162.06, 20.70, 3.370, 162.08, 20.68, 0.010, 335.42, -27.95);
insert into SHOT values (2494, 2490, 2495, 945, 3.430, 123.06, 23.70, 3.427, 123.03, 23.74, 0.004, 328.43, 17.92);
insert into SHOT values (2495, 2490, 2496, 945, 3.370, 62.36, 5.40, 3.370, 62.29, 5.45, 0.005, 328.76, 33.24);
insert into SHOT values (2496, 2490, 2497, 945, 2.670, 26.66, -26.70, 2.677, 26.57, -26.64, 0.008, 357.25, -2.18);
insert into SHOT values (2497, 2490, 2498, 945, 6.450, 159.06, -5.50, 6.454, 159.31, -5.51, 0.028, 240.69, -3.70);
insert into SHOT values (2498, 2365, 2499, 945, 8.930, 127.56, -10.10, 8.898, 127.39, -10.10, 0.041, 347.34, 8.42);
insert into SHOT values (2499, 2499, 2500, 945, 2.480, 139.36, 4.40, 2.475, 139.27, 4.40, 0.006, 356.78, -2.35);
insert into SHOT values (2500, 2499, 2501, 945, 2.740, 196.36, 45.00, 2.743, 196.47, 45.01, 0.005, 256.38, 30.58);
insert into SHOT values (2501, 2499, 2502, 945, 3.100, 279.36, 11.50, 3.104, 279.46, 11.52, 0.007, 334.84, 17.10);
insert into SHOT values (2502, 2499, 2503, 945, 1.310, 284.26, -32.80, 1.314, 284.66, -32.70, 0.009, 342.14, -2.27);
insert into SHOT values (2503, 2499, 2504, 945, 18.980, 167.56, -12.70, 18.936, 167.81, -12.78, 0.094, 289.61, -10.56);
insert into SHOT values (2504, 2504, 2505, 945, 3.090, 86.26, 6.80, 3.089, 86.26, 6.88, 0.004, 271.47, 67.14);
insert into SHOT values (2505, 2504, 2506, 945, 5.440, 133.16, 4.40, 5.443, 133.13, 4.43, 0.005, 83.30, 35.19);
insert into SHOT values (2506, 2504, 2507, 945, 8.470, 147.16, 1.80, 8.476, 147.19, 1.83, 0.008, 184.54, 29.93);
insert into SHOT values (2507, 2504, 2508, 945, 7.320, 20.56, 12.00, 7.316, 20.54, 12.07, 0.010, 232.13, 52.35);
insert into SHOT values (2508, 2504, 2509, 945, 11.730, 2.46, 15.00, 11.731, 2.48, 15.02, 0.005, 86.93, 53.45);
insert into SHOT values (2509, 2504, 2510, 945, 8.950, 329.66, 16.80, 8.948, 329.63, 16.82, 0.006, 207.26, 30.26);
insert into SHOT values (2510, 2504, 2511, 945, 1.070, 39.16, -57.50, 1.065, 39.29, -57.72, 0.007, 208.12, 20.41);
insert into SHOT values (2511, 2504, 2512, 945, 1.560, 265.36, 26.60, 1.561, 265.07, 26.64, 0.007, 177.50, 11.65);
insert into SHOT values (2512, 2504, 2513, 945, 2.020, 67.06, 44.70, 2.018, 67.01, 44.72, 0.002, 281.01, -20.14);
insert into SHOT values (2513, 2504, 2514, 945, 4.040, 147.26, -30.60, 4.004, 147.32, -30.63, 0.036, 320.73, 27.04);
insert into SHOT values (2514, 2514, 2515, 945, 3.470, 184.26, -2.80, 3.473, 184.13, -2.81, 0.009, 115.98, -3.30);
insert into SHOT values (2515, 2514, 2516, 945, 5.720, 193.26, 37.50, 5.721, 193.24, 37.47, 0.004, 159.55, -32.87);
insert into SHOT values (2516, 2514, 2517, 945, 3.850, 333.66, 48.50, 3.849, 333.74, 48.44, 0.005, 25.55, -40.26);
insert into SHOT values (2517, 2514, 2518, 945, 6.550, 319.56, 12.60, 6.550, 319.63, 12.61, 0.008, 52.19, 8.62);
insert into SHOT values (2518, 2514, 2519, 945, 1.300, 338.46, -34.20, 1.298, 338.69, -34.22, 0.005, 91.68, 8.56);
insert into SHOT values (2519, 2514, 2520, 945, 4.450, 32.06, -52.80, 4.455, 32.10, -52.83, 0.006, 92.11, -72.22);
insert into SHOT values (2520, 2514, 2521, 945, 2.730, 173.86, -67.20, 2.733, 173.48, -67.25, 0.008, 74.97, -24.85);
insert into SHOT values (2521, 2514, 2522, 945, 7.290, 286.96, 5.10, 7.319, 287.32, 5.09, 0.054, 343.98, 2.10);
insert into SCRAPS values (947, 941, 'SP-Alex6-1', 1, 54.45286, 1.69344);
 insert into SCRAPS values (993, 941, 'SP-Alex6-2', 1, 76.64226, 11.76846);
 insert into MAPS values (1003, 941, 'MP-Alex6', 'Alex6', 1, 180.630, -11.370);
 insert into MAPITEMS values (1003, 4, 947);
 insert into MAPITEMS values (1003, 4, 993);
 insert into SURVEY values (1007, 51, 'Alex7', 'Alex7.Tush-Yurruck', 'Alex7');
 insert into CENTRELINE values (1008, 1007, NULL, NULL, NULL, 0.00, 0.00, 0.00);
 insert into SURVEY values (1009, 1007, 'Tush-Yurruck_07', 'Tush-Yurruck_07.Alex7.Tush-Yurruck', 'Tush-Yurruck 07');
 insert into CENTRELINE values (1010, 1009, NULL, NULL, NULL, 0.00, 0.00, 0.00);
 insert into CENTRELINE values (1011, 1009, NULL, '2024-04-29', NULL, 269.20, 0.00, 0.00);
 insert into TOPO values (1, 1011);
 insert into TOPO values (3, 1011);
 insert into SHOT values (2522, 2523, 2524, 1011, 4.790, 226.86, 0.10, 4.797, 226.86, 0.12, 0.007, 222.74, 13.69);
insert into SHOT values (2523, 2523, 2525, 1011, 13.650, 186.26, 0.70, 13.652, 186.27, 0.67, 0.007, 195.45, -68.90);
insert into SHOT values (2524, 2523, 2526, 1011, 34.100, 153.96, 1.90, 34.098, 153.96, 1.90, 0.003, 13.93, -11.97);
insert into SHOT values (2525, 2523, 2527, 1011, 2.090, 55.46, -2.00, 2.087, 55.55, -2.20, 0.008, 188.74, -59.32);
insert into SHOT values (2526, 2523, 2528, 1011, 5.120, 58.56, 2.40, 5.117, 58.52, 2.35, 0.007, 293.63, -40.73);
insert into SHOT values (2527, 2523, 2529, 1011, 19.120, 37.26, 3.50, 19.118, 37.25, 3.48, 0.009, 287.50, -51.89);
insert into SHOT values (2528, 2523, 2530, 1011, 12.260, 12.46, 3.80, 12.255, 12.47, 3.79, 0.005, 183.28, -28.03);
insert into SHOT values (2529, 2523, 2531, 1011, 0.840, 126.66, 77.60, 0.839, 128.16, 77.75, 0.005, 243.95, -4.43);
insert into SHOT values (2530, 2523, 2532, 1011, 0.380, 172.76, -78.90, 0.387, 171.87, -79.46, 0.008, 16.96, -69.25);
insert into SHOT values (2531, 2523, 2533, 1011, 14.710, 95.06, 3.00, 14.677, 95.28, 2.54, 0.135, 211.38, -62.50);
insert into SHOT values (2532, 2533, 2534, 1011, 9.160, 72.86, 1.00, 9.168, 72.87, 1.00, 0.008, 79.00, 0.96);
insert into SHOT values (2533, 2533, 2535, 1011, 11.400, 100.86, 3.40, 11.403, 100.84, 3.42, 0.007, 39.31, 31.53);
insert into SHOT values (2534, 2533, 2536, 1011, 22.960, 207.36, 2.10, 22.960, 207.35, 2.10, 0.007, 114.19, -10.82);
insert into SHOT values (2535, 2533, 2537, 1011, 0.170, 218.46, 0.80, 0.164, 217.57, 0.00, 0.007, 61.63, -20.01);
insert into SHOT values (2536, 2533, 2538, 1011, 18.310, 260.06, -0.30, 18.305, 260.06, -0.31, 0.007, 98.62, -38.47);
insert into SHOT values (2537, 2533, 2539, 1011, 11.490, 3.16, 3.50, 11.489, 3.20, 3.49, 0.007, 98.87, -11.64);
insert into SHOT values (2538, 2533, 2540, 1011, 0.690, 170.96, 84.40, 0.693, 161.57, 84.76, 0.012, 55.42, 16.05);
insert into SHOT values (2539, 2533, 2541, 1011, 0.520, 146.06, -85.30, 0.522, 135.00, -85.34, 0.008, 49.27, -12.04);
insert into SHOT values (2540, 2533, 2542, 1011, 17.070, 145.26, 1.60, 17.066, 145.84, 1.04, 0.240, 235.62, -43.97);
insert into SHOT values (2541, 2542, 2543, 1011, 16.910, 202.26, 1.10, 16.915, 202.27, 1.12, 0.008, 230.33, 43.68);
insert into SHOT values (2542, 2542, 2544, 1011, 21.080, 246.46, 0.20, 21.084, 246.46, 0.22, 0.008, 237.57, 55.41);
insert into SHOT values (2543, 2542, 2545, 1011, 12.560, 154.96, 1.60, 12.554, 154.97, 1.60, 0.006, 330.44, -6.30);
insert into SHOT values (2544, 2542, 2546, 1011, 13.700, 98.76, 1.20, 13.694, 98.78, 1.21, 0.008, 247.05, 21.93);
insert into SHOT values (2545, 2542, 2547, 1011, 23.400, 334.96, -0.50, 23.399, 334.97, -0.49, 0.005, 106.56, 62.37);
insert into SHOT values (2546, 2542, 2548, 1011, 12.530, 6.46, 0.30, 12.530, 6.46, 0.32, 0.004, 255.78, 81.23);
insert into SHOT values (2547, 2542, 2549, 1011, 0.730, 272.06, 82.10, 0.737, 270.00, 82.20, 0.008, 175.74, 62.39);
insert into SHOT values (2548, 2542, 2550, 1011, 0.700, 305.76, -79.70, 0.701, 304.99, -79.97, 0.004, 153.67, -20.01);
insert into SHOT values (2549, 2542, 2551, 1011, 9.980, 127.46, 1.00, 9.958, 127.78, 0.69, 0.080, 238.81, -42.69);
insert into SHOT values (2550, 2551, 2552, 1011, 15.560, 22.06, 0.40, 15.562, 22.08, 0.41, 0.005, 90.90, 15.11);
insert into SHOT values (2551, 2551, 2553, 1011, 11.130, 89.86, 1.40, 11.133, 89.90, 1.39, 0.007, 152.18, -15.04);
insert into SHOT values (2552, 2551, 2554, 1011, 11.000, 193.26, -0.40, 11.003, 193.24, -0.42, 0.006, 134.28, -31.05);
insert into SHOT values (2553, 2551, 2555, 1011, 0.690, 257.56, 81.90, 0.686, 257.47, 82.28, 0.006, 79.27, -31.79);
insert into SHOT values (2554, 2551, 2556, 1011, 0.570, 216.46, -86.80, 0.571, 213.69, -86.38, 0.005, 193.88, -11.07);
insert into SHOT values (2555, 2551, 2557, 1011, 14.690, 112.16, -1.00, 14.674, 112.53, -1.48, 0.156, 213.62, -52.55);
insert into SHOT values (2556, 2557, 2558, 1011, 8.250, 98.06, 5.60, 8.250, 98.05, 5.56, 0.005, 17.28, -69.35);
insert into SHOT values (2557, 2557, 2559, 1011, 3.340, 29.46, 11.40, 3.339, 29.46, 11.40, 0.001, 216.27, -12.45);
insert into SHOT values (2558, 2557, 2560, 1011, 15.490, 194.36, -1.00, 15.486, 194.36, -1.00, 0.004, 33.21, 4.66);
insert into SHOT values (2559, 2557, 2561, 1011, 10.620, 233.56, -3.20, 10.621, 233.55, -3.24, 0.008, 163.29, -70.76);
insert into SHOT values (2560, 2557, 2562, 1011, 0.720, 90.16, 75.60, 0.713, 90.00, 75.38, 0.007, 61.46, -81.72);
insert into SHOT values (2561, 2557, 2563, 1011, 0.600, 156.26, -76.50, 0.607, 155.22, -76.36, 0.008, 116.19, -58.48);
insert into SHOT values (2562, 2557, 2564, 1011, 10.930, 150.76, -0.00, 10.925, 151.16, -0.42, 0.110, 244.68, -46.66);
insert into SHOT values (2563, 2564, 2565, 1011, 12.970, 266.06, -1.40, 12.974, 266.07, -1.37, 0.008, 269.46, 57.13);
insert into SHOT values (2564, 2564, 2566, 1011, 10.640, 230.86, -1.40, 10.637, 230.88, -1.40, 0.004, 7.83, -0.67);
insert into SHOT values (2565, 2564, 2567, 1011, 10.080, 147.66, -1.70, 10.078, 147.65, -1.65, 0.010, 14.19, 70.33);
insert into SHOT values (2566, 2564, 2568, 1011, 11.860, 65.26, 4.80, 11.855, 65.28, 4.84, 0.010, 217.75, 48.98);
insert into SHOT values (2567, 2564, 2569, 1011, 6.010, 21.76, 9.20, 6.012, 21.77, 9.29, 0.009, 46.83, 88.07);
insert into SHOT values (2568, 2564, 2570, 1011, 0.710, 224.56, 70.80, 0.721, 225.00, 70.53, 0.012, 239.38, 53.01);
insert into SHOT values (2569, 2564, 2571, 1011, 0.550, 101.76, -57.20, 0.547, 101.69, -57.23, 0.003, 293.92, 51.49);
insert into SHOT values (2570, 2564, 2572, 1011, 17.730, 182.86, -1.50, 17.728, 182.88, -1.49, 0.006, 292.38, 41.34);
insert into SHOT values (2571, 2572, 2573, 1011, 3.140, 322.26, 2.20, 3.139, 322.25, 2.19, 0.002, 166.99, -20.33);
insert into SHOT values (2572, 2572, 2574, 1011, 4.570, 122.86, 15.00, 4.573, 122.90, 14.95, 0.006, 154.49, -28.88);
insert into SHOT values (2573, 2572, 2575, 1011, 4.200, 199.06, 16.10, 4.208, 199.06, 16.15, 0.008, 197.98, 39.68);
insert into SHOT values (2574, 2572, 2576, 1011, 0.640, 343.96, 80.70, 0.639, 343.30, 80.59, 0.002, 292.69, -45.69);
insert into SHOT values (2575, 2572, 2577, 1011, 0.410, 124.36, -57.90, 0.414, 125.84, -57.61, 0.008, 178.75, -20.89);
insert into SHOT values (2576, 2572, 2578, 1011, 2.650, 263.96, 8.00, 2.651, 263.88, 8.02, 0.004, 184.73, 16.27);
insert into SHOT values (2577, 2578, 2579, 1011, 1.610, 199.46, 26.00, 1.608, 199.44, 26.21, 0.006, 26.66, 40.89);
insert into SHOT values (2578, 2578, 2580, 1011, 4.430, 299.06, 4.30, 4.431, 299.12, 4.27, 0.005, 17.38, -27.19);
insert into SHOT values (2579, 2578, 2581, 1011, 3.600, 359.96, 13.40, 3.597, 0.00, 13.34, 0.005, 132.39, -55.45);
insert into SHOT values (2580, 2578, 2582, 1011, 2.230, 67.26, 16.00, 2.232, 67.26, 15.86, 0.006, 62.53, -54.55);
insert into SHOT values (2581, 2578, 2583, 1011, 3.680, 148.46, 26.40, 3.685, 148.38, 26.43, 0.007, 95.59, 31.92);
insert into SHOT values (2582, 2578, 2584, 1011, 1.100, 358.06, 83.40, 1.098, 0.00, 83.20, 0.006, 49.55, -25.78);
insert into SHOT values (2583, 2578, 2585, 1011, 0.870, 19.86, -76.30, 0.876, 19.29, -76.00, 0.008, 359.87, -37.42);
insert into SHOT values (2584, 2578, 2586, 1011, 6.680, 255.06, 5.10, 6.680, 255.11, 5.07, 0.006, 345.76, -37.29);
insert into SHOT values (2585, 2586, 2587, 1011, 1.090, 299.66, 14.50, 1.085, 299.74, 14.96, 0.010, 108.07, 44.00);
insert into SHOT values (2586, 2586, 2588, 1011, 2.660, 48.26, 7.30, 2.657, 48.38, 7.35, 0.007, 169.94, 17.17);
insert into SHOT values (2587, 2586, 2589, 1011, 1.220, 180.06, -1.20, 1.220, 180.00, -0.94, 0.006, 101.09, 75.89);
insert into SHOT values (2588, 2586, 2590, 1011, 4.230, 123.86, 8.80, 4.230, 123.88, 8.84, 0.003, 237.93, 66.15);
insert into SHOT values (2589, 2586, 2591, 1011, 3.960, 90.06, 9.80, 3.959, 90.15, 9.89, 0.008, 201.49, 44.66);
insert into SHOT values (2590, 2586, 2592, 1011, 2.070, 260.36, 74.30, 2.077, 259.70, 74.38, 0.010, 160.25, 47.47);
insert into SHOT values (2591, 2586, 2593, 1011, 0.790, 119.16, -85.10, 0.783, 123.69, -84.72, 0.010, 171.41, 44.66);
insert into SHOT values (2592, 2586, 2594, 1011, 3.110, 199.36, -23.90, 3.116, 199.26, -23.85, 0.008, 159.76, -0.07);
insert into SHOT values (2593, 2594, 2595, 1011, 3.820, 84.56, 3.20, 3.824, 84.44, 3.30, 0.011, 19.66, 36.20);
insert into SHOT values (2594, 2594, 2596, 1011, 2.290, 258.26, 3.40, 2.291, 258.40, 3.50, 0.007, 339.89, 38.41);
insert into SHOT values (2595, 2594, 2597, 1011, 1.620, 190.06, 2.50, 1.616, 189.99, 2.48, 0.005, 38.54, -8.31);
insert into SHOT values (2596, 2594, 2598, 1011, 2.110, 130.26, 3.90, 2.113, 130.19, 4.07, 0.007, 81.19, 60.36);
insert into SHOT values (2597, 2594, 2599, 1011, 1.730, 318.76, 2.60, 1.731, 318.75, 2.65, 0.002, 294.14, 59.14);
insert into SHOT values (2598, 2594, 2600, 1011, 0.880, 153.76, 69.90, 0.882, 154.29, 70.15, 0.005, 288.94, 42.68);
insert into SHOT values (2599, 2594, 2601, 1011, 0.450, 212.16, -77.30, 0.450, 212.01, -77.90, 0.005, 35.43, -12.38);
insert into SHOT values (2600, 2594, 2602, 1011, 3.600, 155.96, -8.70, 3.600, 155.96, -8.63, 0.005, 88.00, 82.84);
insert into SHOT values (2601, 2602, 2603, 1011, 0.520, 256.76, 1.20, 0.522, 257.83, 1.10, 0.010, 336.52, -5.16);
insert into SHOT values (2602, 2602, 2604, 1011, 0.890, 90.16, 2.80, 0.891, 90.00, 2.57, 0.004, 22.70, -51.52);
insert into SHOT values (2603, 2602, 2605, 1011, 1.600, 151.66, -3.60, 1.596, 151.50, -3.59, 0.006, 20.67, 4.51);
insert into SHOT values (2604, 2602, 2606, 1011, 1.370, 290.96, 13.80, 1.370, 291.16, 13.94, 0.006, 30.89, 34.67);
insert into SHOT values (2605, 2602, 2607, 1011, 1.350, 12.06, 2.90, 1.351, 11.98, 2.97, 0.003, 309.93, 35.89);
insert into SHOT values (2606, 2602, 2608, 1011, 0.620, 0.96, 85.30, 0.623, 0.00, 84.47, 0.009, 354.69, 12.71);
insert into SHOT values (2607, 2602, 2609, 1011, 0.430, 87.76, -85.90, 0.431, 71.57, -85.79, 0.009, 355.32, -7.10);
insert into SHOT values (2608, 2602, 2610, 1011, 3.590, 175.66, -7.10, 3.589, 175.65, -7.20, 0.007, 16.54, -69.26);
insert into SHOT values (2609, 2610, 2611, 1011, 0.720, 275.86, -0.60, 0.724, 276.34, 0.00, 0.011, 329.41, 45.22);
insert into SHOT values (2610, 2610, 2612, 1011, 0.400, 111.16, 12.90, 0.397, 111.25, 13.12, 0.004, 282.09, 10.75);
insert into SHOT values (2611, 2610, 2613, 1011, 0.440, 142.46, 69.20, 0.446, 143.13, 70.35, 0.011, 306.90, 53.18);
insert into SHOT values (2612, 2610, 2614, 1011, 0.360, 342.16, -86.30, 0.351, 333.43, -86.34, 0.010, 233.75, 68.86);
insert into SHOT values (2613, 2610, 2615, 1011, 3.840, 188.56, -3.00, 3.838, 188.55, -2.99, 0.002, 28.31, 23.36);
insert into SHOT values (2614, 2615, 2616, 1011, 0.760, 279.96, -2.80, 0.762, 279.83, -2.26, 0.008, 240.22, 69.13);
insert into SHOT values (2615, 2615, 2617, 1011, 0.770, 118.26, 2.10, 0.770, 117.90, 2.23, 0.005, 27.30, 19.90);
insert into SHOT values (2616, 2615, 2618, 1011, 0.600, 166.76, 78.80, 0.600, 169.70, 79.27, 0.008, 297.27, 10.75);
insert into SHOT values (2617, 2615, 2619, 1011, 0.480, 293.36, -77.90, 0.482, 291.80, -77.09, 0.008, 270.73, -4.97);
insert into SHOT values (2618, 2586, 2620, 1011, 1.240, 241.26, 14.10, 1.239, 241.08, 14.49, 0.009, 111.73, 58.36);
insert into SHOT values (2619, 2620, 2621, 1011, 7.990, 268.16, 16.50, 7.990, 268.13, 16.43, 0.011, 212.83, -59.52);
insert into SHOT values (2620, 2621, 2622, 1011, 0.540, 186.86, -2.20, 0.534, 186.46, -2.15, 0.007, 38.08, 5.72);
insert into SHOT values (2621, 2621, 2623, 1011, 0.440, 1.46, 0.70, 0.440, 1.30, 1.30, 0.005, 278.08, 74.81);
insert into SHOT values (2622, 2621, 2624, 1011, 1.030, 22.86, 84.50, 1.035, 23.96, 84.54, 0.005, 120.43, 68.12);
insert into SHOT values (2623, 2621, 2625, 1011, 2.210, 250.46, -84.30, 2.201, 251.57, -84.23, 0.010, 317.27, 62.98);
insert into SHOT values (2624, 2564, 2626, 1011, 6.290, 228.86, -0.70, 6.317, 229.04, -0.91, 0.040, 265.73, -34.97);
insert into SHOT values (2625, 2626, 2627, 1011, 4.630, 193.36, 2.20, 4.639, 193.35, 2.22, 0.009, 183.97, 14.56);
insert into SHOT values (2626, 2626, 2628, 1011, 18.590, 333.76, 0.60, 18.587, 333.75, 0.59, 0.007, 211.61, -44.84);
insert into SHOT values (2627, 2626, 2629, 1011, 12.350, 17.36, 2.90, 12.348, 17.36, 2.92, 0.006, 207.68, 65.67);
insert into SHOT values (2628, 2626, 2630, 1011, 6.400, 98.26, 1.10, 6.398, 98.27, 1.07, 0.004, 264.28, -50.22);
insert into SHOT values (2629, 2626, 2631, 1011, 4.540, 189.56, -1.80, 4.545, 189.50, -1.77, 0.007, 143.26, 21.44);
insert into SHOT values (2630, 2626, 2632, 1011, 18.000, 271.56, 1.20, 18.026, 271.34, 0.60, 0.202, 203.27, -67.46);
insert into SHOT values (2631, 2626, 2633, 1011, 0.600, 262.16, 75.30, 0.600, 258.69, 75.23, 0.009, 174.85, -2.23);
insert into SHOT values (2632, 2626, 2634, 1011, 0.540, 34.06, -86.90, 0.541, 45.00, -87.00, 0.006, 139.01, -8.10);
insert into SHOT values (2633, 2632, 2635, 1011, 5.640, 281.76, 10.20, 5.636, 281.76, 10.22, 0.005, 112.22, 15.09);
insert into SHOT values (2634, 2632, 2636, 1011, 15.840, 327.56, 3.70, 15.840, 327.56, 3.69, 0.003, 242.06, -45.88);
insert into SHOT values (2635, 2632, 2637, 1011, 17.570, 347.76, 2.00, 17.569, 347.77, 1.99, 0.004, 106.55, -65.18);
insert into SHOT values (2636, 2632, 2638, 1011, 11.290, 17.06, 0.00, 11.289, 17.10, 0.00, 0.008, 112.96, 0.00);
insert into SHOT values (2637, 2632, 2639, 1011, 8.620, 61.86, -0.20, 8.617, 61.89, -0.20, 0.005, 195.65, 1.02);
insert into SHOT values (2638, 2632, 2640, 1011, 7.200, 119.26, -2.30, 7.205, 119.27, -2.31, 0.005, 128.86, -11.66);
insert into SHOT values (2639, 2632, 2641, 1011, 6.120, 244.66, 11.20, 6.115, 244.63, 11.22, 0.006, 99.43, 11.92);
insert into SHOT values (2640, 2632, 2642, 1011, 3.770, 172.76, 9.50, 3.771, 172.74, 9.46, 0.003, 128.13, -46.32);
insert into SHOT values (2641, 2632, 2643, 1011, 0.850, 117.96, 87.10, 0.851, 116.57, 86.99, 0.002, 85.31, 28.27);
insert into SHOT values (2642, 2632, 2644, 1011, 0.680, 183.36, -71.00, 0.677, 182.60, -71.01, 0.004, 71.44, 43.09);
insert into SHOT values (2643, 2632, 2645, 1011, 6.200, 198.46, 11.30, 6.202, 198.41, 11.34, 0.008, 119.70, 38.74);
insert into SHOT values (2644, 2645, 2646, 1011, 2.740, 115.46, 15.40, 2.731, 115.40, 15.28, 0.011, 319.06, -44.99);
insert into SHOT values (2645, 2645, 2647, 1011, 1.980, 265.66, 19.90, 1.982, 265.70, 19.76, 0.005, 281.91, -47.38);
insert into SHOT values (2646, 2645, 2648, 1011, 1.100, 84.76, 77.90, 1.095, 85.03, 77.82, 0.006, 159.87, -78.72);
insert into SHOT values (2647, 2645, 2649, 1011, 0.640, 146.86, -86.80, 0.641, 146.31, -86.78, 0.001, 100.11, -64.36);
insert into SHOT values (2648, 2645, 2650, 1011, 4.260, 238.46, 28.00, 4.260, 238.59, 28.00, 0.008, 330.44, 0.35);
insert into SHOT values (2649, 2650, 2651, 1011, 2.030, 60.66, 24.10, 2.027, 60.95, 23.87, 0.013, 149.80, -44.42);
insert into SHOT values (2650, 2650, 2652, 1011, 2.640, 240.66, 29.10, 2.637, 240.66, 29.03, 0.004, 81.56, -76.26);
insert into SHOT values (2651, 2650, 2653, 1011, 3.630, 346.26, 5.00, 3.627, 346.23, 4.90, 0.007, 206.15, -64.18);
insert into SHOT values (2652, 2650, 2654, 1011, 2.950, 31.36, 15.70, 2.945, 31.45, 15.56, 0.010, 159.28, -57.36);
insert into SHOT values (2653, 2650, 2655, 1011, 2.400, 300.76, 14.90, 2.393, 300.67, 14.77, 0.010, 155.21, -45.55);
insert into SHOT values (2654, 2650, 2656, 1011, 1.350, 296.56, 87.00, 1.342, 296.57, 87.13, 0.009, 116.55, -66.34);
insert into SHOT values (2655, 2650, 2657, 1011, 0.860, 246.86, -79.40, 0.864, 243.43, -79.57, 0.011, 145.08, -26.05);
insert into SHOT values (2656, 2650, 2658, 1011, 5.530, 142.76, -0.00, 5.538, 142.78, 0.00, 0.008, 152.28, 0.00);
insert into SHOT values (2657, 2658, 2659, 1011, 1.540, 70.96, 12.50, 1.538, 70.96, 12.39, 0.004, 253.59, -68.12);
insert into SHOT values (2658, 2658, 2660, 1011, 0.820, 262.56, 0.10, 0.826, 263.05, 0.00, 0.009, 311.58, -8.82);
insert into SHOT values (2659, 2658, 2661, 1011, 3.160, 224.86, 81.80, 3.153, 225.00, 81.75, 0.008, 255.09, -74.53);
insert into SHOT values (2660, 2658, 2662, 1011, 2.380, 167.46, -86.10, 2.385, 168.69, -86.32, 0.011, 327.36, -30.07);
insert into SHOT values (2661, 2658, 2663, 1011, 10.020, 160.76, 19.30, 10.019, 160.80, 19.29, 0.006, 259.11, -17.04);
insert into SHOT values (2662, 2663, 2664, 1011, 1.870, 293.36, -6.20, 1.865, 293.52, -6.16, 0.007, 67.52, 15.28);
insert into SHOT values (2663, 2663, 2665, 1011, 2.530, 254.26, 0.90, 2.524, 254.37, 0.91, 0.008, 38.89, 1.92);
insert into SHOT values (2664, 2663, 2666, 1011, 1.230, 181.86, 1.30, 1.221, 181.88, 1.41, 0.009, 0.03, 13.06);
insert into SHOT values (2665, 2663, 2667, 1011, 3.870, 9.36, 1.50, 3.873, 9.37, 1.48, 0.003, 10.31, -24.02);
insert into SHOT values (2666, 2663, 2668, 1011, 2.250, 325.36, 83.40, 2.245, 327.53, 83.33, 0.011, 44.03, -26.87);
insert into SHOT values (2667, 2663, 2669, 1011, 1.760, 343.26, -82.70, 1.765, 344.74, -82.58, 0.008, 36.98, -30.27);
insert into SHOT values (2668, 2663, 2670, 1011, 3.260, 235.46, -4.60, 3.253, 235.43, -4.58, 0.007, 72.15, 11.38);
insert into SHOT values (2669, 2670, 2671, 1011, 1.330, 133.86, -2.50, 1.324, 134.08, -2.60, 0.008, 275.36, -13.89);
insert into SHOT values (2670, 2670, 2672, 1011, 0.580, 315.76, -3.40, 0.588, 315.69, -3.90, 0.010, 310.32, -35.01);
insert into SHOT values (2671, 2670, 2673, 1011, 0.800, 125.46, 81.00, 0.799, 124.99, 81.22, 0.003, 323.52, -2.66);
insert into SHOT values (2672, 2670, 2674, 1011, 0.580, 313.96, -71.90, 0.589, 315.00, -71.83, 0.010, 356.47, -60.52);
insert into SHOT values (2673, 2670, 2675, 1011, 3.270, 207.56, 39.70, 3.273, 207.68, 39.69, 0.006, 273.55, 12.01);
insert into SHOT values (2674, 2675, 2676, 1011, 0.580, 324.66, 3.40, 0.575, 324.93, 2.99, 0.007, 115.49, -39.23);
insert into SHOT values (2675, 2675, 2677, 1011, 0.550, 137.36, 2.70, 0.545, 137.23, 2.10, 0.008, 333.06, -51.62);
insert into SHOT values (2676, 2675, 2678, 1011, 0.290, 174.06, 85.40, 0.281, 180.00, 85.91, 0.010, 322.49, -66.46);
insert into SHOT values (2677, 2675, 2679, 1011, 0.530, 267.46, -70.80, 0.538, 266.63, -71.54, 0.011, 119.00, -63.53);
insert into SHOT values (2678, 2632, 2680, 1011, 10.810, 326.56, 1.70, 10.814, 326.16, 1.32, 0.104, 240.82, -42.95);
insert into SHOT values (2679, 2680, 2681, 1011, 9.590, 25.26, 0.20, 9.595, 25.23, 0.24, 0.010, 338.25, 39.51);
insert into SHOT values (2680, 2680, 2682, 1011, 3.490, 249.66, 0.40, 3.487, 249.69, 0.49, 0.007, 40.41, 56.73);
insert into SHOT values (2681, 2680, 2683, 1011, 6.510, 164.86, 3.30, 6.507, 164.83, 3.35, 0.007, 38.83, 47.54);
insert into SHOT values (2682, 2680, 2684, 1011, 1.030, 287.06, 78.70, 1.029, 287.53, 78.84, 0.003, 75.22, -0.62);
insert into SHOT values (2683, 2680, 2685, 1011, 0.340, 44.56, -70.40, 0.339, 45.00, -70.53, 0.001, 181.47, 13.38);
insert into SHOT values (2684, 2680, 2686, 1011, 12.690, 209.56, 8.40, 12.689, 209.55, 8.43, 0.007, 98.57, 56.42);
insert into SHOT values (2685, 2680, 2687, 1011, 10.430, 292.96, 0.10, 10.452, 292.74, -0.27, 0.083, 231.30, -55.48);
insert into SHOT values (2686, 2687, 2688, 1011, 4.890, 257.46, 0.00, 4.889, 257.36, 0.00, 0.009, 158.35, 0.00);
insert into SHOT values (2687, 2687, 2689, 1011, 7.820, 187.66, -3.20, 7.821, 187.65, -3.15, 0.007, 145.92, 70.21);
insert into SHOT values (2688, 2687, 2690, 1011, 3.610, 131.46, 0.60, 3.606, 131.51, 0.64, 0.006, 272.73, 23.39);
insert into SHOT values (2689, 2687, 2691, 1011, 11.570, 53.76, 2.10, 11.571, 53.79, 2.13, 0.009, 138.59, 44.95);
insert into SHOT values (2690, 2687, 2692, 1011, 2.950, 29.76, 0.60, 2.947, 29.70, 0.78, 0.010, 261.20, 63.96);
insert into SHOT values (2691, 2687, 2693, 1011, 0.890, 184.26, 68.70, 0.893, 183.47, 68.28, 0.009, 152.01, 5.28);
insert into SHOT values (2692, 2687, 2694, 1011, 0.510, 230.36, -77.70, 0.501, 228.81, -77.76, 0.009, 100.72, 65.76);
insert into SHOT values (2693, 2687, 2695, 1011, 4.770, 157.76, -5.10, 4.772, 157.75, -5.05, 0.005, 136.44, 52.96);
insert into SHOT values (2694, 2695, 2696, 1011, 1.240, 218.36, 3.10, 1.240, 218.44, 3.24, 0.003, 299.02, 59.61);
insert into SHOT values (2695, 2695, 2697, 1011, 0.350, 57.56, 3.30, 0.347, 56.77, 3.30, 0.006, 297.80, -1.52);
insert into SHOT values (2696, 2695, 2698, 1011, 0.940, 197.06, 73.40, 0.940, 197.10, 73.18, 0.004, 200.06, -13.28);
insert into SHOT values (2697, 2695, 2699, 1011, 0.420, 222.76, -71.60, 0.422, 221.99, -71.41, 0.003, 179.69, -28.86);
insert into SHOT values (2698, 2695, 2700, 1011, 7.290, 157.06, -1.90, 7.290, 157.06, -1.89, 0.002, 91.64, 68.70);
insert into SHOT values (2699, 2700, 2701, 1011, 0.350, 64.16, -6.90, 0.347, 64.18, -6.63, 0.004, 242.52, 33.60);
insert into SHOT values (2700, 2700, 2702, 1011, 0.360, 223.66, -11.50, 0.367, 223.88, -10.98, 0.008, 233.25, 12.45);
insert into SHOT values (2701, 2700, 2703, 1011, 0.380, 66.26, 87.00, 0.380, 45.00, 87.87, 0.008, 283.66, 3.53);
insert into SHOT values (2702, 2700, 2704, 1011, 0.410, 240.36, -76.70, 0.413, 240.95, -75.57, 0.009, 247.26, -6.54);
insert into SHOT values (2703, 2687, 2705, 1011, 8.720, 340.06, -1.90, 8.717, 339.71, -2.17, 0.067, 244.63, -37.35);
insert into SHOT values (2704, 2705, 2706, 1011, 7.970, 227.16, -2.20, 7.967, 227.19, -2.23, 0.006, 1.70, -40.15);
insert into SHOT values (2705, 2705, 2707, 1011, 12.980, 277.66, -1.40, 12.980, 277.66, -1.41, 0.003, 161.44, -77.45);
insert into SHOT values (2706, 2705, 2708, 1011, 13.470, 354.26, 2.70, 13.473, 354.24, 2.68, 0.007, 293.60, -38.02);
insert into SHOT values (2707, 2705, 2709, 1011, 23.700, 32.96, 1.20, 23.698, 32.96, 1.18, 0.007, 266.36, -66.68);
insert into SHOT values (2708, 2705, 2710, 1011, 25.400, 60.96, 1.10, 25.399, 60.95, 1.11, 0.006, 320.07, 23.22);
insert into SHOT values (2709, 2705, 2711, 1011, 0.860, 279.56, 47.00, 0.862, 279.78, 46.95, 0.003, 327.32, 18.89);
insert into SHOT values (2710, 2705, 2712, 1011, 0.490, 51.76, -80.30, 0.486, 50.19, -80.76, 0.006, 257.26, 31.07);
insert into SHOT values (2711, 2705, 2713, 1011, 8.540, 308.86, -1.20, 8.557, 308.54, -1.54, 0.072, 236.75, -45.58);
insert into SHOT values (2712, 2713, 2714, 1011, 10.560, 305.26, -5.10, 10.565, 305.29, -5.05, 0.012, 345.33, 49.01);
insert into SHOT values (2713, 2713, 2715, 1011, 22.460, 47.96, 2.70, 22.463, 47.94, 2.70, 0.008, 337.59, 13.57);
insert into SHOT values (2714, 2713, 2716, 1011, 22.500, 77.16, 2.70, 22.498, 77.14, 2.70, 0.008, 334.23, 0.77);
insert into SHOT values (2715, 2713, 2717, 1011, 3.420, 98.46, 2.20, 3.420, 98.41, 2.35, 0.009, 355.18, 70.77);
insert into SHOT values (2716, 2713, 2718, 1011, 10.540, 178.66, -0.50, 10.533, 178.64, -0.49, 0.008, 32.66, 13.89);
insert into SHOT values (2717, 2713, 2719, 1011, 4.490, 268.16, -1.90, 4.494, 268.21, -1.79, 0.011, 308.18, 55.60);
insert into SHOT values (2718, 2713, 2720, 1011, 12.260, 227.56, 5.20, 12.254, 227.59, 5.24, 0.012, 7.13, 45.77);
insert into SHOT values (2719, 2720, 2721, 1011, 1.960, 315.96, 1.80, 1.953, 315.83, 1.76, 0.009, 168.27, -10.38);
insert into SHOT values (2720, 2720, 2722, 1011, 1.020, 157.36, 12.90, 1.019, 157.56, 12.46, 0.008, 228.78, -65.37);
insert into SHOT values (2721, 2720, 2723, 1011, 1.170, 182.46, 74.10, 1.165, 181.79, 74.05, 0.006, 86.43, -54.11);
insert into SHOT values (2722, 2720, 2724, 1011, 1.120, 177.46, -81.10, 1.125, 176.82, -80.78, 0.008, 161.30, -25.59);
insert into SHOT values (2723, 2713, 2725, 1011, 15.860, 0.06, 0.50, 15.861, 359.49, 0.00, 0.210, 270.22, -41.25);
insert into SHOT values (2724, 2725, 2523, 1011, 3.190, 233.56, -6.10, 3.215, 233.52, -6.25, 0.027, 228.31, -24.44);
insert into SCRAPS values (1013, 1007, 'SP-Alex7-1', 1, 100.00000, 1.05576);
 insert into MAPS values (1105, 1007, 'MP-Alex7', 'Alex7', 1, 269.200, -10.400);
 insert into MAPITEMS values (1105, 4, 1013);
 insert into MAPS values (1108, 51, 'MP-Tush-Yurruck', 'Tush Yurruck', 1, 3623.350, -51.800);
 insert into MAPITEMS values (1108, 4, 155);
 insert into MAPITEMS values (1108, 4, 614);
 insert into MAPITEMS values (1108, 4, 665);
 insert into MAPITEMS values (1108, 4, 820);
 insert into MAPITEMS values (1108, 4, 937);
 insert into MAPITEMS values (1108, 4, 1003);
 insert into MAPITEMS values (1108, 4, 1105);
 insert into STATION values (1, '00', 55, 271918.04, 4170888.28, 884.07);
insert into STATION values (2, 'PTR_FR24_A60_1', 55, 271921.29, 4170897.17, 885.00);
insert into STATION_FLAG values(2, 'ent');
insert into STATION_FLAG values(2, 'fix');
insert into STATION values (3, '2', 55, 271931.83, 4170907.40, 883.20);
insert into STATION values (4, '.', 55, 271946.45, 4170894.39, 883.98);
insert into STATION values (5, '.', 55, 271941.01, 4170906.10, 883.71);
insert into STATION values (6, '.', 55, 271936.73, 4170911.78, 882.92);
insert into STATION values (7, '.', 55, 271918.58, 4170903.19, 883.92);
insert into STATION values (8, '.', 55, 271917.11, 4170909.49, 883.69);
insert into STATION values (9, '.', 55, 271917.57, 4170915.79, 883.34);
insert into STATION values (10, '.', 55, 271922.34, 4170920.88, 883.02);
insert into STATION values (11, '.', 55, 271928.07, 4170920.59, 882.53);
insert into STATION values (12, '.', 55, 271933.02, 4170914.82, 882.31);
insert into STATION values (13, '.', 55, 271931.55, 4170907.51, 882.15);
insert into STATION values (14, '.', 55, 271931.74, 4170907.29, 885.38);
insert into STATION values (15, '.', 55, 271932.51, 4170906.42, 885.17);
insert into STATION values (16, '3', 55, 271958.29, 4170907.55, 876.16);
insert into STATION values (17, '.', 55, 271959.05, 4170909.03, 876.24);
insert into STATION values (18, '.', 55, 271954.42, 4170912.50, 876.46);
insert into STATION values (19, '.', 55, 271964.14, 4170906.28, 876.32);
insert into STATION values (20, '.', 55, 271953.32, 4170870.14, 878.27);
insert into STATION values (21, '.', 55, 271954.15, 4170903.55, 877.50);
insert into STATION values (22, '.', 55, 271943.94, 4170903.97, 880.04);
insert into STATION values (23, '.', 55, 271940.05, 4170907.70, 880.27);
insert into STATION values (24, '.', 55, 271958.30, 4170907.52, 875.79);
insert into STATION values (25, '.', 55, 271958.20, 4170907.40, 877.92);
insert into STATION values (26, 'PTR_FR24_A61_4', 55, 271962.45, 4170902.94, 876.41);
insert into STATION values (27, '.', 55, 271964.38, 4170905.94, 876.50);
insert into STATION values (28, '.', 55, 271967.91, 4170900.33, 876.50);
insert into STATION values (29, '.', 55, 271968.94, 4170888.86, 877.19);
insert into STATION values (30, '.', 55, 271946.07, 4170888.93, 880.60);
insert into STATION values (31, '.', 55, 271943.25, 4170893.93, 880.61);
insert into STATION values (32, '.', 55, 271962.42, 4170902.86, 875.82);
insert into STATION values (33, '.', 55, 271962.33, 4170902.71, 878.39);
insert into STATION values (34, '5', 55, 271964.20, 4170879.40, 876.16);
insert into STATION values (35, '.', 55, 271971.70, 4170870.47, 876.40);
insert into STATION values (36, '.', 55, 271972.34, 4170878.45, 876.03);
insert into STATION values (37, '.', 55, 271971.77, 4170887.80, 876.38);
insert into STATION values (38, '.', 55, 271945.90, 4170892.98, 881.46);
insert into STATION values (39, '.', 55, 271944.24, 4170877.54, 881.45);
insert into STATION values (40, '.', 55, 271954.50, 4170870.99, 877.15);
insert into STATION values (41, '.', 55, 271961.86, 4170865.55, 876.62);
insert into STATION values (42, '.', 55, 271964.20, 4170879.33, 875.80);
insert into STATION values (43, '.', 55, 271963.90, 4170879.39, 878.48);
insert into STATION values (44, '6', 55, 271970.06, 4170860.83, 876.60);
insert into STATION values (45, '.', 55, 271969.08, 4170855.32, 876.92);
insert into STATION values (46, '.', 55, 271972.94, 4170857.64, 876.95);
insert into STATION values (47, '.', 55, 271973.70, 4170861.82, 876.76);
insert into STATION values (48, '.', 55, 271972.14, 4170867.73, 876.86);
insert into STATION values (49, '.', 55, 271965.59, 4170865.40, 877.57);
insert into STATION values (50, '.', 55, 271964.14, 4170860.93, 877.43);
insert into STATION values (51, '.', 55, 271970.06, 4170860.77, 876.14);
insert into STATION values (52, '.', 55, 271969.77, 4170860.51, 878.93);
insert into STATION values (53, '7', 55, 271956.66, 4170856.73, 877.31);
insert into STATION values (54, '.', 55, 271955.30, 4170854.43, 877.04);
insert into STATION values (55, '.', 55, 271957.77, 4170854.31, 877.19);
insert into STATION values (56, '.', 55, 271961.35, 4170853.69, 877.23);
insert into STATION values (57, '.', 55, 271956.43, 4170857.13, 877.33);
insert into STATION values (58, '.', 55, 271958.01, 4170857.74, 877.37);
insert into STATION values (59, '.', 55, 271956.63, 4170856.81, 875.84);
insert into STATION values (60, '.', 55, 271956.76, 4170857.03, 879.03);
insert into STATION values (61, '8', 55, 271974.32, 4170853.36, 876.56);
insert into STATION values (62, '.', 55, 271976.95, 4170852.99, 876.78);
insert into STATION values (63, '.', 55, 271975.48, 4170854.34, 876.51);
insert into STATION values (64, '.', 55, 271973.36, 4170856.12, 876.52);
insert into STATION values (65, '.', 55, 271972.08, 4170853.72, 876.56);
insert into STATION values (66, '.', 55, 271974.29, 4170853.37, 876.18);
insert into STATION values (67, '.', 55, 271974.65, 4170853.19, 878.86);
insert into STATION values (68, '9', 55, 271977.41, 4170903.05, 876.07);
insert into STATION values (69, '.', 55, 271977.20, 4170902.22, 876.10);
insert into STATION values (70, '.', 55, 271978.74, 4170901.63, 876.22);
insert into STATION values (71, '.', 55, 271977.56, 4170903.30, 876.07);
insert into STATION values (72, '.', 55, 271977.31, 4170903.10, 875.79);
insert into STATION values (73, '.', 55, 271977.92, 4170902.93, 880.68);
insert into STATION values (74, '10', 55, 271982.17, 4170902.57, 876.35);
insert into STATION values (75, '.', 55, 271983.19, 4170903.51, 876.27);
insert into STATION values (76, '.', 55, 271981.88, 4170903.60, 876.69);
insert into STATION values (77, '.', 55, 271980.51, 4170904.11, 876.80);
insert into STATION values (78, '.', 55, 271981.09, 4170901.33, 876.27);
insert into STATION values (79, '.', 55, 271979.65, 4170901.26, 876.45);
insert into STATION values (80, '.', 55, 271981.73, 4170891.14, 876.33);
insert into STATION values (81, '.', 55, 271986.17, 4170894.18, 876.24);
insert into STATION values (82, '.', 55, 271984.16, 4170906.06, 876.36);
insert into STATION values (83, '.', 55, 271980.01, 4170911.40, 876.29);
insert into STATION values (84, '.', 55, 271978.65, 4170908.31, 876.37);
insert into STATION values (85, '.', 55, 271982.14, 4170902.58, 875.81);
insert into STATION values (86, '.', 55, 271982.71, 4170902.10, 879.92);
insert into STATION values (87, '.', 55, 271982.36, 4170903.36, 875.88);
insert into STATION values (88, '.', 55, 271982.29, 4170903.23, 877.16);
insert into STATION values (89, '.', 55, 271982.28, 4170902.76, 878.17);
insert into STATION values (90, '.', 55, 271981.90, 4170902.31, 879.81);
insert into STATION values (91, '.', 55, 271982.26, 4170902.47, 877.16);
insert into STATION values (92, '11', 55, 271989.33, 4170902.53, 875.92);
insert into STATION values (93, '.', 55, 271989.39, 4170903.23, 875.99);
insert into STATION values (94, '.', 55, 271988.35, 4170902.97, 875.95);
insert into STATION values (95, '.', 55, 271992.54, 4170903.90, 876.31);
insert into STATION values (96, '.', 55, 271995.10, 4170898.83, 876.19);
insert into STATION values (97, '.', 55, 271991.36, 4170898.89, 876.13);
insert into STATION values (98, '.', 55, 271987.85, 4170899.07, 876.22);
insert into STATION values (99, '.', 55, 271987.04, 4170901.00, 876.20);
insert into STATION values (100, '.', 55, 271989.36, 4170902.48, 875.11);
insert into STATION values (101, '.', 55, 271989.40, 4170902.44, 876.48);
insert into STATION values (102, '12', 55, 272002.39, 4170890.50, 875.89);
insert into STATION values (103, '.', 55, 272003.52, 4170891.68, 876.02);
insert into STATION values (104, '.', 55, 272001.89, 4170892.69, 875.92);
insert into STATION values (105, '.', 55, 272003.40, 4170888.95, 876.21);
insert into STATION values (106, '.', 55, 272001.44, 4170889.14, 876.35);
insert into STATION values (107, '.', 55, 272000.62, 4170890.25, 876.28);
insert into STATION values (108, '.', 55, 271999.53, 4170891.58, 876.24);
insert into STATION values (109, '.', 55, 272002.42, 4170890.44, 875.17);
insert into STATION values (110, '.', 55, 272002.31, 4170890.50, 876.82);
insert into STATION values (111, '.', 55, 272006.62, 4170888.77, 875.41);
insert into STATION values (112, '.', 55, 272004.75, 4170890.96, 875.58);
insert into STATION values (113, '.', 55, 271998.74, 4170886.09, 875.99);
insert into STATION values (114, '.', 55, 271998.45, 4170890.16, 875.87);
insert into STATION values (115, '13', 55, 272005.13, 4170873.79, 877.14);
insert into STATION values (116, '.', 55, 272010.50, 4170873.89, 876.86);
insert into STATION values (117, '.', 55, 272012.50, 4170878.94, 876.21);
insert into STATION values (118, '.', 55, 272008.08, 4170881.59, 876.13);
insert into STATION values (119, '.', 55, 272002.49, 4170870.56, 876.34);
insert into STATION values (120, '.', 55, 272000.42, 4170872.82, 876.70);
insert into STATION values (121, '.', 55, 271999.65, 4170877.44, 876.68);
insert into STATION values (122, '.', 55, 272001.41, 4170879.05, 876.47);
insert into STATION values (123, '.', 55, 272005.07, 4170873.81, 876.11);
insert into STATION values (124, '.', 55, 272004.96, 4170873.81, 878.47);
insert into STATION values (125, '.', 55, 272005.91, 4170872.92, 877.06);
insert into STATION values (126, '14', 55, 272015.46, 4170862.25, 876.14);
insert into STATION values (127, '.', 55, 272021.35, 4170863.89, 876.60);
insert into STATION values (128, '.', 55, 272019.30, 4170868.01, 876.50);
insert into STATION values (129, '.', 55, 272016.19, 4170872.24, 876.71);
insert into STATION values (130, '.', 55, 272006.83, 4170878.88, 877.54);
insert into STATION values (131, '.', 55, 272015.47, 4170862.09, 876.15);
insert into STATION values (132, '.', 55, 272011.41, 4170856.10, 876.94);
insert into STATION values (133, '.', 55, 272008.67, 4170858.43, 876.84);
insert into STATION values (134, '.', 55, 272008.38, 4170862.32, 876.72);
insert into STATION values (135, '.', 55, 272003.18, 4170868.28, 876.59);
insert into STATION values (136, '.', 55, 272015.46, 4170862.20, 875.88);
insert into STATION values (137, '.', 55, 272015.42, 4170862.20, 877.69);
insert into STATION values (138, '15', 55, 272019.97, 4170859.32, 876.57);
insert into STATION values (139, '.', 55, 272029.62, 4170852.29, 876.55);
insert into STATION values (140, '.', 55, 272028.60, 4170857.82, 876.81);
insert into STATION values (141, '.', 55, 272023.63, 4170861.57, 876.61);
insert into STATION values (142, '.', 55, 272021.16, 4170864.61, 876.80);
insert into STATION values (143, '.', 55, 272018.59, 4170868.69, 876.75);
insert into STATION values (144, '.', 55, 272017.79, 4170847.65, 876.96);
insert into STATION values (145, '.', 55, 272014.81, 4170853.34, 876.86);
insert into STATION values (146, '.', 55, 272010.30, 4170855.94, 876.94);
insert into STATION values (147, '.', 55, 272007.53, 4170860.09, 876.79);
insert into STATION values (148, '.', 55, 272019.96, 4170859.34, 876.25);
insert into STATION values (149, '.', 55, 272019.63, 4170859.43, 877.96);
insert into STATION values (150, '16', 55, 272025.03, 4170849.21, 876.25);
insert into STATION values (151, '.', 55, 272030.20, 4170849.78, 876.52);
insert into STATION values (152, '.', 55, 272029.49, 4170852.18, 876.69);
insert into STATION values (153, '.', 55, 272028.80, 4170856.30, 876.84);
insert into STATION values (154, '.', 55, 272015.00, 4170849.84, 876.96);
insert into STATION values (155, '.', 55, 272020.46, 4170846.59, 876.71);
insert into STATION values (156, '.', 55, 272020.92, 4170840.13, 876.84);
insert into STATION values (157, '.', 55, 272028.58, 4170842.00, 876.86);
insert into STATION values (158, '.', 55, 272025.00, 4170849.25, 875.85);
insert into STATION values (159, '.', 55, 272025.13, 4170849.24, 878.00);
insert into STATION values (160, '17', 55, 272036.49, 4170844.59, 876.36);
insert into STATION values (161, '.', 55, 272037.45, 4170843.92, 876.34);
insert into STATION values (162, '.', 55, 272037.33, 4170845.64, 876.43);
insert into STATION values (163, '.', 55, 272034.43, 4170846.16, 876.59);
insert into STATION values (164, '.', 55, 272034.18, 4170844.04, 876.84);
insert into STATION values (165, '.', 55, 272035.55, 4170842.94, 876.49);
insert into STATION values (166, '.', 55, 272036.07, 4170844.29, 875.85);
insert into STATION values (167, '.', 55, 272036.04, 4170844.34, 878.14);
insert into STATION values (168, '18', 55, 272035.98, 4170838.13, 876.45);
insert into STATION values (169, '.', 55, 272038.36, 4170838.08, 876.35);
insert into STATION values (170, '.', 55, 272036.41, 4170838.45, 876.37);
insert into STATION values (171, '.', 55, 272033.93, 4170840.00, 876.93);
insert into STATION values (172, '.', 55, 272031.66, 4170838.41, 877.56);
insert into STATION values (173, '.', 55, 272031.96, 4170835.62, 876.92);
insert into STATION values (174, '.', 55, 272035.54, 4170834.28, 876.84);
insert into STATION values (175, '.', 55, 272035.91, 4170838.00, 875.84);
insert into STATION values (176, '.', 55, 272035.74, 4170837.71, 878.40);
insert into STATION values (177, '19', 55, 272040.95, 4170829.85, 876.10);
insert into STATION values (178, '.', 55, 272042.77, 4170830.71, 876.54);
insert into STATION values (179, '.', 55, 272041.86, 4170831.46, 876.53);
insert into STATION values (180, '.', 55, 272040.96, 4170833.33, 876.62);
insert into STATION values (181, '.', 55, 272041.90, 4170828.66, 876.36);
insert into STATION values (182, '.', 55, 272039.98, 4170827.90, 876.47);
insert into STATION values (183, '.', 55, 272037.32, 4170829.26, 876.61);
insert into STATION values (184, '.', 55, 272040.86, 4170830.03, 875.37);
insert into STATION values (185, '.', 55, 272040.86, 4170829.84, 876.71);
insert into STATION values (186, '20', 55, 272050.91, 4170829.43, 876.08);
insert into STATION values (187, '.', 55, 272052.52, 4170829.06, 876.54);
insert into STATION values (188, '.', 55, 272052.63, 4170829.13, 876.49);
insert into STATION values (189, '.', 55, 272050.10, 4170830.79, 876.68);
insert into STATION values (190, '.', 55, 272048.17, 4170830.70, 876.61);
insert into STATION values (191, '.', 55, 272051.07, 4170827.13, 875.90);
insert into STATION values (192, '.', 55, 272049.14, 4170827.05, 876.40);
insert into STATION values (193, '.', 55, 272047.54, 4170828.31, 876.51);
insert into STATION values (194, '.', 55, 272050.34, 4170828.51, 874.86);
insert into STATION values (195, '.', 55, 272051.01, 4170829.21, 876.83);
insert into STATION values (196, '21', 55, 272052.34, 4170825.80, 874.93);
insert into STATION values (197, '.', 55, 272052.18, 4170825.25, 875.16);
insert into STATION values (198, '.', 55, 272051.12, 4170826.36, 875.39);
insert into STATION values (199, '.', 55, 272054.27, 4170824.35, 875.05);
insert into STATION values (200, '.', 55, 272053.79, 4170825.91, 875.10);
insert into STATION values (201, '.', 55, 272052.65, 4170827.28, 875.29);
insert into STATION values (202, '.', 55, 272052.38, 4170825.79, 874.10);
insert into STATION values (203, '.', 55, 272052.38, 4170825.72, 875.27);
insert into STATION values (204, '22', 55, 272056.31, 4170819.50, 874.67);
insert into STATION values (205, '.', 55, 272058.83, 4170819.67, 875.09);
insert into STATION values (206, '.', 55, 272056.82, 4170820.07, 874.62);
insert into STATION values (207, '.', 55, 272055.76, 4170820.81, 874.89);
insert into STATION values (208, '.', 55, 272055.22, 4170819.85, 874.90);
insert into STATION values (209, '.', 55, 272056.89, 4170819.11, 874.64);
insert into STATION values (210, '.', 55, 272056.44, 4170819.53, 874.16);
insert into STATION values (211, '.', 55, 272056.36, 4170819.51, 875.04);
insert into STATION values (212, '.', 55, 272056.38, 4170819.53, 874.14);
insert into STATION values (213, '23', 55, 272060.76, 4170818.93, 875.44);
insert into STATION values (214, '.', 55, 272061.89, 4170817.86, 875.43);
insert into STATION values (215, '.', 55, 272060.56, 4170818.37, 875.44);
insert into STATION values (216, '.', 55, 272059.49, 4170818.26, 875.37);
insert into STATION values (217, '.', 55, 272058.80, 4170818.79, 875.29);
insert into STATION values (218, '.', 55, 272060.62, 4170819.21, 875.43);
insert into STATION values (219, '.', 55, 272060.73, 4170818.93, 874.80);
insert into STATION values (220, '.', 55, 272060.80, 4170818.83, 876.37);
insert into STATION values (221, '24', 55, 272065.14, 4170816.58, 874.96);
insert into STATION values (222, '.', 55, 272067.53, 4170816.94, 875.15);
insert into STATION values (223, '.', 55, 272065.82, 4170817.40, 875.06);
insert into STATION values (224, '.', 55, 272064.75, 4170817.82, 875.11);
insert into STATION values (225, '.', 55, 272063.68, 4170816.84, 874.96);
insert into STATION values (226, '.', 55, 272064.87, 4170816.10, 875.11);
insert into STATION values (227, '.', 55, 272065.85, 4170815.95, 875.26);
insert into STATION values (228, '.', 55, 272067.47, 4170815.99, 875.03);
insert into STATION values (229, '.', 55, 272064.94, 4170816.94, 874.59);
insert into STATION values (230, '.', 55, 272065.06, 4170816.86, 875.81);
insert into STATION values (231, '25', 55, 272069.09, 4170815.93, 875.29);
insert into STATION values (232, '.', 55, 272069.47, 4170814.46, 875.32);
insert into STATION values (233, '.', 55, 272068.27, 4170814.86, 875.28);
insert into STATION values (234, '.', 55, 272068.30, 4170815.60, 875.33);
insert into STATION values (235, '.', 55, 272069.49, 4170815.64, 875.26);
insert into STATION values (236, '.', 55, 272068.38, 4170816.70, 875.29);
insert into STATION values (237, '.', 55, 272068.86, 4170815.75, 874.62);
insert into STATION values (238, '.', 55, 272069.00, 4170815.66, 875.81);
insert into STATION values (239, '26', 55, 272070.42, 4170814.42, 875.31);
insert into STATION values (240, '.', 55, 272072.02, 4170814.73, 875.31);
insert into STATION values (241, '.', 55, 272070.82, 4170815.06, 875.41);
insert into STATION values (242, '.', 55, 272069.89, 4170815.31, 875.42);
insert into STATION values (243, '.', 55, 272070.89, 4170814.15, 875.37);
insert into STATION values (244, '.', 55, 272069.36, 4170814.49, 875.36);
insert into STATION values (245, '.', 55, 272070.72, 4170814.77, 874.81);
insert into STATION values (246, '.', 55, 272070.26, 4170814.73, 876.22);
insert into STATION values (247, '27', 55, 272074.44, 4170813.63, 875.56);
insert into STATION values (248, '.', 55, 272074.93, 4170812.81, 875.53);
insert into STATION values (249, '.', 55, 272074.31, 4170813.01, 875.51);
insert into STATION values (250, '.', 55, 272073.88, 4170813.55, 875.54);
insert into STATION values (251, '.', 55, 272073.12, 4170814.34, 875.53);
insert into STATION values (252, '.', 55, 272074.27, 4170813.97, 875.51);
insert into STATION values (253, '.', 55, 272074.05, 4170813.74, 874.79);
insert into STATION values (254, '.', 55, 272074.29, 4170813.66, 876.06);
insert into STATION values (255, '28', 55, 272077.91, 4170812.13, 874.81);
insert into STATION values (256, '.', 55, 272078.88, 4170813.30, 874.87);
insert into STATION values (257, '.', 55, 272077.88, 4170812.89, 874.81);
insert into STATION values (258, '.', 55, 272076.85, 4170813.03, 874.94);
insert into STATION values (259, '.', 55, 272075.77, 4170813.15, 875.04);
insert into STATION values (260, '.', 55, 272076.42, 4170812.05, 875.12);
insert into STATION values (261, '.', 55, 272077.53, 4170811.97, 874.96);
insert into STATION values (262, '.', 55, 272079.16, 4170812.23, 875.01);
insert into STATION values (263, '.', 55, 272078.10, 4170812.34, 874.41);
insert into STATION values (264, '.', 55, 272078.37, 4170812.85, 875.78);
insert into STATION values (265, '29', 55, 272084.70, 4170813.26, 875.85);
insert into STATION values (266, '.', 55, 272086.74, 4170812.78, 876.29);
insert into STATION values (267, '.', 55, 272087.13, 4170811.41, 876.43);
insert into STATION values (268, '.', 55, 272085.52, 4170811.62, 876.22);
insert into STATION values (269, '.', 55, 272084.36, 4170812.35, 875.76);
insert into STATION values (270, '.', 55, 272082.53, 4170812.07, 875.66);
insert into STATION values (271, '.', 55, 272081.33, 4170812.50, 875.57);
insert into STATION values (272, '.', 55, 272082.69, 4170813.84, 875.51);
insert into STATION values (273, '.', 55, 272084.37, 4170813.69, 875.95);
insert into STATION values (274, '.', 55, 272085.04, 4170813.82, 876.18);
insert into STATION values (275, '.', 55, 272084.52, 4170813.01, 875.32);
insert into STATION values (276, '.', 55, 272084.52, 4170812.75, 877.42);
insert into STATION values (277, '30', 55, 272089.24, 4170811.61, 876.67);
insert into STATION values (278, '.', 55, 272089.57, 4170810.34, 876.71);
insert into STATION values (279, '.', 55, 272088.76, 4170810.73, 876.69);
insert into STATION values (280, '.', 55, 272091.07, 4170810.52, 876.53);
insert into STATION values (281, '.', 55, 272089.25, 4170811.99, 876.73);
insert into STATION values (282, '.', 55, 272089.26, 4170811.95, 876.73);
insert into STATION values (283, '.', 55, 272087.95, 4170812.24, 876.97);
insert into STATION values (284, '.', 55, 272087.41, 4170811.54, 876.58);
insert into STATION values (285, '.', 55, 272088.96, 4170811.50, 876.19);
insert into STATION values (286, '.', 55, 272089.20, 4170811.36, 877.90);
insert into STATION values (287, '31', 55, 272093.73, 4170806.30, 876.52);
insert into STATION values (288, '.', 55, 272098.23, 4170803.59, 876.68);
insert into STATION values (289, '.', 55, 272097.69, 4170806.55, 876.50);
insert into STATION values (290, '.', 55, 272095.74, 4170808.26, 876.44);
insert into STATION values (291, '.', 55, 272092.96, 4170808.55, 876.45);
insert into STATION values (292, '.', 55, 272091.37, 4170806.63, 876.87);
insert into STATION values (293, '.', 55, 272091.23, 4170804.66, 877.21);
insert into STATION values (294, '.', 55, 272091.67, 4170803.10, 877.11);
insert into STATION values (295, '.', 55, 272092.95, 4170801.68, 877.11);
insert into STATION values (296, '.', 55, 272094.92, 4170800.28, 877.07);
insert into STATION values (297, '.', 55, 272095.99, 4170800.93, 877.01);
insert into STATION values (298, '.', 55, 272093.34, 4170805.67, 876.14);
insert into STATION values (299, '.', 55, 272093.83, 4170806.14, 877.16);
insert into STATION values (300, '32', 55, 272100.00, 4170800.52, 876.62);
insert into STATION values (301, '.', 55, 272096.64, 4170804.26, 877.18);
insert into STATION values (302, '.', 55, 272098.55, 4170802.99, 877.00);
insert into STATION values (303, '.', 55, 272100.84, 4170802.20, 877.16);
insert into STATION values (304, '.', 55, 272098.21, 4170800.16, 876.66);
insert into STATION values (305, '.', 55, 272099.78, 4170799.84, 876.66);
insert into STATION values (306, '.', 55, 272101.96, 4170800.11, 876.75);
insert into STATION values (307, '.', 55, 272100.23, 4170801.13, 876.16);
insert into STATION values (308, '.', 55, 272100.23, 4170801.98, 878.48);
insert into STATION values (309, '33', 55, 272112.76, 4170798.08, 876.94);
insert into STATION values (310, '.', 55, 272118.37, 4170792.13, 877.12);
insert into STATION values (311, '.', 55, 272112.69, 4170794.76, 877.10);
insert into STATION values (312, '.', 55, 272109.50, 4170796.32, 877.20);
insert into STATION values (313, '.', 55, 272107.21, 4170799.24, 877.22);
insert into STATION values (314, '.', 55, 272108.55, 4170801.71, 877.22);
insert into STATION values (315, '.', 55, 272112.68, 4170802.39, 877.12);
insert into STATION values (316, '.', 55, 272115.95, 4170801.27, 877.27);
insert into STATION values (317, '.', 55, 272119.28, 4170800.74, 877.51);
insert into STATION values (318, '.', 55, 272120.87, 4170798.43, 877.56);
insert into STATION values (319, '.', 55, 272112.90, 4170798.19, 876.70);
insert into STATION values (320, '.', 55, 272113.10, 4170797.59, 878.84);
insert into STATION values (321, '34', 55, 272126.28, 4170792.87, 877.29);
insert into STATION values (322, '.', 55, 272126.19, 4170788.26, 877.28);
insert into STATION values (323, '.', 55, 272122.52, 4170788.98, 877.24);
insert into STATION values (324, '.', 55, 272127.91, 4170797.14, 877.56);
insert into STATION values (325, '.', 55, 272124.40, 4170798.10, 877.32);
insert into STATION values (326, '.', 55, 272122.09, 4170799.44, 877.31);
insert into STATION values (327, '.', 55, 272115.37, 4170801.29, 877.53);
insert into STATION values (328, '.', 55, 272115.14, 4170792.14, 877.12);
insert into STATION values (329, '.', 55, 272125.99, 4170793.29, 876.73);
insert into STATION values (330, '.', 55, 272125.96, 4170792.84, 880.12);
insert into STATION values (331, '35', 55, 272139.00, 4170797.11, 877.64);
insert into STATION values (332, '.', 55, 272144.05, 4170806.82, 878.12);
insert into STATION values (333, '.', 55, 272138.71, 4170805.12, 877.83);
insert into STATION values (334, '.', 55, 272134.25, 4170803.51, 877.73);
insert into STATION values (335, '.', 55, 272129.01, 4170801.68, 877.76);
insert into STATION values (336, '.', 55, 272128.02, 4170797.14, 877.72);
insert into STATION values (337, '.', 55, 272127.95, 4170790.79, 877.95);
insert into STATION values (338, '.', 55, 272130.16, 4170789.08, 877.54);
insert into STATION values (339, '.', 55, 272136.51, 4170789.23, 877.51);
insert into STATION values (340, '.', 55, 272140.39, 4170791.09, 878.02);
insert into STATION values (341, '.', 55, 272146.79, 4170792.53, 877.93);
insert into STATION values (342, '.', 55, 272149.88, 4170794.20, 877.57);
insert into STATION values (343, '.', 55, 272138.97, 4170796.62, 877.34);
insert into STATION values (344, '.', 55, 272138.65, 4170795.09, 886.62);
insert into STATION values (345, '.', 55, 272166.15, 4170798.31, 878.07);
insert into STATION values (346, '.', 55, 272170.86, 4170798.58, 878.03);
insert into STATION values (347, '.', 55, 272163.09, 4170798.14, 878.06);
insert into STATION values (348, '36', 55, 272166.17, 4170798.32, 878.07);
insert into STATION values (349, '.', 55, 272170.77, 4170798.73, 878.34);
insert into STATION values (350, '.', 55, 272168.41, 4170803.72, 877.89);
insert into STATION values (351, '.', 55, 272163.65, 4170804.42, 878.27);
insert into STATION values (352, '.', 55, 272159.16, 4170808.43, 878.80);
insert into STATION values (353, '.', 55, 272156.06, 4170807.41, 879.00);
insert into STATION values (354, '.', 55, 272154.48, 4170807.28, 878.69);
insert into STATION values (355, '.', 55, 272152.89, 4170806.48, 878.59);
insert into STATION values (356, '.', 55, 272148.64, 4170796.09, 878.69);
insert into STATION values (357, '.', 55, 272152.52, 4170793.31, 878.25);
insert into STATION values (358, '.', 55, 272157.54, 4170786.84, 878.10);
insert into STATION values (359, '.', 55, 272164.36, 4170791.05, 878.27);
insert into STATION values (360, '.', 55, 272165.39, 4170797.59, 877.38);
insert into STATION values (361, '.', 55, 272165.87, 4170798.41, 879.17);
insert into STATION values (362, 'PTR_FR24_B12_37', 55, 272190.38, 4170792.07, 878.42);
insert into STATION values (363, '.', 55, 272193.85, 4170801.63, 880.84);
insert into STATION values (364, '.', 55, 272187.45, 4170802.47, 880.32);
insert into STATION values (365, '.', 55, 272181.19, 4170802.23, 879.26);
insert into STATION values (366, '.', 55, 272176.47, 4170799.33, 879.05);
insert into STATION values (367, '.', 55, 272173.44, 4170798.49, 879.15);
insert into STATION values (368, '.', 55, 272165.53, 4170790.19, 878.77);
insert into STATION values (369, '.', 55, 272167.73, 4170784.03, 878.88);
insert into STATION values (370, '.', 55, 272174.31, 4170780.59, 878.97);
insert into STATION values (371, '.', 55, 272181.27, 4170781.72, 878.56);
insert into STATION values (372, '.', 55, 272187.40, 4170787.33, 878.49);
insert into STATION values (373, '.', 55, 272190.45, 4170787.54, 878.61);
insert into STATION values (374, '.', 55, 272190.09, 4170792.24, 877.98);
insert into STATION values (375, '.', 55, 272189.81, 4170792.06, 881.44);
insert into STATION values (376, '38', 55, 272204.54, 4170765.37, 882.24);
insert into STATION values (377, '.', 55, 272208.37, 4170780.43, 882.56);
insert into STATION values (378, '.', 55, 272207.22, 4170768.30, 882.78);
insert into STATION values (379, '.', 55, 272206.90, 4170764.43, 882.53);
insert into STATION values (380, '.', 55, 272208.13, 4170759.11, 883.20);
insert into STATION values (381, '.', 55, 272206.66, 4170746.62, 882.34);
insert into STATION values (382, '.', 55, 272196.20, 4170755.05, 883.05);
insert into STATION values (383, '.', 55, 272195.32, 4170762.85, 882.42);
insert into STATION values (384, '.', 55, 272193.60, 4170767.68, 882.36);
insert into STATION values (385, '.', 55, 272201.70, 4170764.12, 881.12);
insert into STATION values (386, '.', 55, 272203.62, 4170764.48, 884.24);
insert into STATION values (387, '39', 55, 272195.35, 4170774.36, 880.57);
insert into STATION values (388, '.', 55, 272192.15, 4170775.83, 882.57);
insert into STATION values (389, '.', 55, 272190.75, 4170771.54, 880.48);
insert into STATION values (390, '.', 55, 272193.30, 4170768.29, 881.12);
insert into STATION values (391, '.', 55, 272208.10, 4170780.29, 882.95);
insert into STATION values (392, '.', 55, 272207.20, 4170769.26, 883.01);
insert into STATION values (393, '.', 55, 272196.03, 4170772.92, 879.73);
insert into STATION values (394, '.', 55, 272194.49, 4170773.00, 883.37);
insert into STATION values (395, '40', 55, 272187.40, 4170769.82, 875.73);
insert into STATION values (396, '.', 55, 272188.80, 4170768.93, 875.87);
insert into STATION values (397, '.', 55, 272187.07, 4170767.56, 875.83);
insert into STATION values (398, '.', 55, 272185.01, 4170769.47, 875.57);
insert into STATION values (399, '.', 55, 272186.71, 4170770.96, 875.90);
insert into STATION values (400, '.', 55, 272187.58, 4170769.61, 875.45);
insert into STATION values (401, '.', 55, 272187.40, 4170769.87, 876.91);
insert into STATION values (402, '41', 55, 272185.47, 4170766.08, 875.52);
insert into STATION values (403, '.', 55, 272185.91, 4170765.59, 875.26);
insert into STATION values (404, '.', 55, 272184.44, 4170766.41, 875.36);
insert into STATION values (405, '.', 55, 272185.56, 4170765.98, 875.20);
insert into STATION values (406, '.', 55, 272185.46, 4170766.01, 875.80);
insert into STATION values (407, '42', 55, 272200.10, 4170753.45, 881.10);
insert into STATION values (408, '.', 55, 272194.15, 4170748.90, 880.44);
insert into STATION values (409, '.', 55, 272196.74, 4170753.72, 881.53);
insert into STATION values (410, '.', 55, 272195.47, 4170759.86, 882.83);
insert into STATION values (411, '.', 55, 272205.68, 4170743.83, 880.05);
insert into STATION values (412, '.', 55, 272208.53, 4170749.73, 881.22);
insert into STATION values (413, '.', 55, 272208.06, 4170756.84, 881.83);
insert into STATION values (414, '.', 55, 272201.15, 4170753.01, 879.83);
insert into STATION values (415, '.', 55, 272200.10, 4170752.95, 883.85);
insert into STATION values (416, '43', 55, 272202.15, 4170742.19, 879.25);
insert into STATION values (417, '.', 55, 272206.38, 4170741.99, 880.68);
insert into STATION values (418, '.', 55, 272205.70, 4170740.01, 879.57);
insert into STATION values (419, '.', 55, 272203.20, 4170736.76, 879.39);
insert into STATION values (420, '.', 55, 272198.22, 4170736.82, 879.73);
insert into STATION values (421, '.', 55, 272191.20, 4170736.37, 879.14);
insert into STATION values (422, '.', 55, 272191.00, 4170748.19, 878.61);
insert into STATION values (423, '.', 55, 272197.11, 4170749.38, 880.17);
insert into STATION values (424, '.', 55, 272196.02, 4170757.96, 883.56);
insert into STATION values (425, '.', 55, 272202.00, 4170742.28, 878.88);
insert into STATION values (426, '.', 55, 272201.34, 4170742.20, 882.67);
insert into STATION values (427, '44', 55, 272208.33, 4170733.78, 878.21);
insert into STATION values (428, '.', 55, 272209.28, 4170735.61, 878.46);
insert into STATION values (429, '.', 55, 272208.50, 4170738.91, 878.26);
insert into STATION values (430, '.', 55, 272206.20, 4170740.61, 878.47);
insert into STATION values (431, '.', 55, 272205.68, 4170732.69, 878.26);
insert into STATION values (432, '.', 55, 272203.99, 4170733.55, 878.62);
insert into STATION values (433, '.', 55, 272202.77, 4170735.97, 878.66);
insert into STATION values (434, '.', 55, 272203.50, 4170736.76, 878.43);
insert into STATION values (435, '.', 55, 272207.06, 4170735.15, 876.85);
insert into STATION values (436, '.', 55, 272207.80, 4170734.01, 878.95);
insert into STATION values (437, '45', 55, 272179.50, 4170742.97, 875.66);
insert into STATION values (438, '.', 55, 272165.67, 4170731.51, 875.66);
insert into STATION values (439, '.', 55, 272171.30, 4170729.51, 875.63);
insert into STATION values (440, '.', 55, 272177.06, 4170734.47, 875.55);
insert into STATION values (441, '.', 55, 272180.20, 4170730.67, 875.79);
insert into STATION values (442, '.', 55, 272186.15, 4170730.81, 875.86);
insert into STATION values (443, '.', 55, 272188.92, 4170734.41, 876.28);
insert into STATION values (444, '.', 55, 272189.48, 4170736.17, 876.63);
insert into STATION values (445, '.', 55, 272169.99, 4170745.19, 877.05);
insert into STATION values (446, '.', 55, 272174.69, 4170746.09, 876.54);
insert into STATION values (447, '.', 55, 272177.79, 4170746.71, 876.01);
insert into STATION values (448, '.', 55, 272180.63, 4170749.63, 876.42);
insert into STATION values (449, '.', 55, 272183.60, 4170747.72, 876.97);
insert into STATION values (450, '.', 55, 272187.79, 4170745.97, 877.23);
insert into STATION values (451, '.', 55, 272179.47, 4170743.10, 875.32);
insert into STATION values (452, '.', 55, 272179.32, 4170743.51, 879.18);
insert into STATION values (453, '46', 55, 272164.05, 4170738.44, 876.70);
insert into STATION values (454, '.', 55, 272163.70, 4170733.32, 876.08);
insert into STATION values (455, '.', 55, 272165.65, 4170733.11, 876.53);
insert into STATION values (456, '.', 55, 272168.67, 4170729.38, 876.15);
insert into STATION values (457, '.', 55, 272157.10, 4170735.22, 876.80);
insert into STATION values (458, '.', 55, 272159.09, 4170738.98, 876.42);
insert into STATION values (459, '.', 55, 272158.34, 4170746.98, 876.72);
insert into STATION values (460, '.', 55, 272163.01, 4170743.49, 876.39);
insert into STATION values (461, '.', 55, 272166.59, 4170745.11, 877.68);
insert into STATION values (462, '.', 55, 272164.08, 4170738.69, 875.55);
insert into STATION values (463, '.', 55, 272164.25, 4170738.52, 878.02);
insert into STATION values (464, 'PTR_FR24_A63_47', 55, 272153.46, 4170744.64, 876.30);
insert into STATION values (465, '.', 55, 272147.39, 4170740.41, 876.31);
insert into STATION values (466, '.', 55, 272153.43, 4170740.79, 876.30);
insert into STATION values (467, '.', 55, 272157.03, 4170739.57, 876.29);
insert into STATION values (468, '.', 55, 272150.34, 4170746.14, 876.48);
insert into STATION values (469, '.', 55, 272153.85, 4170746.29, 876.44);
insert into STATION values (470, '.', 55, 272159.59, 4170746.34, 876.69);
insert into STATION values (471, '.', 55, 272163.01, 4170743.10, 876.68);
insert into STATION values (472, '.', 55, 272153.24, 4170743.84, 875.83);
insert into STATION values (473, '.', 55, 272153.80, 4170744.21, 877.66);
insert into STATION values (474, '48', 55, 272144.12, 4170740.32, 876.42);
insert into STATION values (475, '.', 55, 272144.77, 4170741.23, 876.60);
insert into STATION values (476, '.', 55, 272143.57, 4170739.89, 876.41);
insert into STATION values (477, '.', 55, 272144.06, 4170740.55, 877.47);
insert into STATION values (478, '.', 55, 272144.20, 4170740.32, 875.99);
insert into STATION values (479, '49', 55, 272140.20, 4170743.26, 876.27);
insert into STATION values (480, '.', 55, 272139.86, 4170742.82, 876.53);
insert into STATION values (481, '.', 55, 272140.39, 4170743.71, 876.32);
insert into STATION values (482, '.', 55, 272140.43, 4170743.22, 875.90);
insert into STATION values (483, '.', 55, 272140.13, 4170743.34, 876.99);
insert into STATION values (484, 'B12', 159, 272190.38, 4170792.07, 878.42);
insert into STATION values (485, '.', 159, 272193.31, 4170801.81, 879.92);
insert into STATION values (486, '.', 159, 272191.62, 4170792.33, 881.37);
insert into STATION values (487, '.', 159, 272190.44, 4170783.82, 880.69);
insert into STATION values (488, '.', 159, 272190.91, 4170791.14, 877.87);
insert into STATION values (489, '.', 159, 272193.54, 4170788.51, 877.59);
insert into STATION values (490, '.', 159, 272183.34, 4170802.94, 878.89);
insert into STATION values (491, '.', 159, 272176.62, 4170799.75, 878.83);
insert into STATION values (492, '.', 159, 272179.40, 4170785.39, 879.03);
insert into STATION values (493, '.', 159, 272165.49, 4170790.18, 878.33);
insert into STATION values (494, '.', 159, 272183.18, 4170793.45, 882.12);
insert into STATION values (495, '.', 159, 272172.04, 4170794.77, 879.23);
insert into STATION values (496, '.', 159, 272186.74, 4170793.29, 882.16);
insert into STATION values (497, '.', 159, 272188.81, 4170792.65, 877.97);
insert into STATION values (498, '.', 159, 272182.22, 4170793.43, 877.77);
insert into STATION values (499, '.', 159, 272182.41, 4170788.89, 877.84);
insert into STATION values (500, '.', 159, 272209.00, 4170782.36, 882.27);
insert into STATION values (501, '.', 159, 272219.99, 4170789.86, 881.38);
insert into STATION values (502, '.', 159, 272207.67, 4170775.10, 882.52);
insert into STATION values (503, '.', 159, 272206.83, 4170765.47, 882.54);
insert into STATION values (504, '.', 159, 272207.52, 4170757.91, 882.77);
insert into STATION values (505, '.', 159, 272200.36, 4170774.31, 879.92);
insert into STATION values (506, '.', 159, 272194.07, 4170777.33, 881.62);
insert into STATION values (507, '.', 159, 272204.05, 4170755.77, 883.60);
insert into STATION values (508, '.', 159, 272195.16, 4170781.25, 882.94);
insert into STATION values (509, '.', 159, 272190.62, 4170790.55, 881.20);
insert into STATION values (510, '.', 159, 272188.74, 4170787.33, 880.70);
insert into STATION values (511, '.', 159, 272204.22, 4170791.65, 883.11);
insert into STATION values (512, '.', 159, 272234.78, 4170802.27, 882.17);
insert into STATION values (513, '.', 159, 272202.53, 4170802.80, 882.58);
insert into STATION values (514, 'B13', 159, 272209.29, 4170797.94, 879.35);
insert into STATION values (515, '.', 159, 272208.34, 4170795.00, 877.02);
insert into STATION values (516, '.', 159, 272209.91, 4170788.22, 881.58);
insert into STATION values (517, '.', 159, 272208.26, 4170796.46, 882.70);
insert into STATION values (518, '.', 159, 272206.98, 4170797.89, 887.04);
insert into STATION values (519, '.', 159, 272207.98, 4170800.82, 882.99);
insert into STATION values (520, '.', 159, 272210.55, 4170807.81, 881.84);
insert into STATION values (521, '.', 159, 272218.40, 4170813.43, 880.58);
insert into STATION values (522, '.', 159, 272217.50, 4170818.93, 881.33);
insert into STATION values (523, '.', 159, 272227.23, 4170811.77, 880.18);
insert into STATION values (524, '.', 159, 272211.44, 4170801.33, 877.56);
insert into STATION values (525, '.', 159, 272209.50, 4170798.11, 878.44);
insert into STATION values (526, '.', 159, 272240.81, 4170805.35, 878.56);
insert into STATION values (527, '.', 159, 272245.35, 4170797.27, 881.31);
insert into STATION values (528, '.', 159, 272252.33, 4170789.76, 881.27);
insert into STATION values (529, '.', 159, 272253.04, 4170781.26, 880.50);
insert into STATION values (530, '.', 159, 272221.95, 4170789.64, 880.49);
insert into STATION values (531, '.', 159, 272221.08, 4170786.24, 879.85);
insert into STATION values (532, '.', 159, 272211.33, 4170800.44, 882.85);
insert into STATION values (533, '.', 159, 272227.40, 4170798.80, 886.72);
insert into STATION values (534, '.', 159, 272239.42, 4170794.42, 885.91);
insert into STATION values (535, '.', 159, 272194.50, 4170805.62, 881.05);
insert into STATION values (536, '.', 159, 272182.00, 4170816.60, 882.01);
insert into STATION values (537, '.', 159, 272171.62, 4170828.51, 882.92);
insert into STATION values (538, '.', 159, 272183.30, 4170826.46, 882.32);
insert into STATION values (539, '.', 159, 272171.66, 4170828.15, 881.55);
insert into STATION values (540, '.', 159, 272195.15, 4170822.49, 881.53);
insert into STATION values (541, '.', 159, 272205.13, 4170802.33, 882.71);
insert into STATION values (542, '.', 159, 272200.38, 4170828.15, 880.78);
insert into STATION values (543, '.', 159, 272204.33, 4170824.84, 878.92);
insert into STATION values (544, '.', 159, 272208.88, 4170825.79, 881.40);
insert into STATION values (545, '.', 159, 272208.13, 4170809.68, 882.32);
insert into STATION values (546, '2', 159, 272261.56, 4170792.57, 882.66);
insert into STATION values (547, '3', 159, 272199.52, 4170753.74, 883.47);
insert into STATION values (548, 'B14', 159, 272203.92, 4170817.50, 878.47);
insert into STATION values (549, '.', 159, 272203.70, 4170817.20, 877.70);
insert into STATION values (550, '.', 159, 272217.42, 4170813.74, 882.41);
insert into STATION values (551, '.', 159, 272209.67, 4170817.25, 878.63);
insert into STATION values (552, '.', 159, 272206.53, 4170816.93, 882.42);
insert into STATION values (553, '.', 159, 272203.38, 4170816.75, 882.37);
insert into STATION values (554, '.', 159, 272194.63, 4170801.63, 881.26);
insert into STATION values (555, '.', 159, 272194.23, 4170805.69, 881.33);
insert into STATION values (556, '.', 159, 272202.03, 4170818.47, 877.69);
insert into STATION values (557, '.', 159, 272194.93, 4170823.07, 880.38);
insert into STATION values (558, '.', 159, 272200.31, 4170828.10, 880.79);
insert into STATION values (559, '.', 159, 272204.20, 4170824.48, 878.91);
insert into STATION values (560, '.', 159, 272201.34, 4170838.74, 881.29);
insert into STATION values (561, '.', 159, 272205.03, 4170825.16, 881.68);
insert into STATION values (562, '.', 159, 272209.19, 4170825.39, 881.96);
insert into STATION values (563, '.', 159, 272181.23, 4170816.26, 881.51);
insert into STATION values (564, '.', 159, 272196.22, 4170816.76, 877.89);
insert into STATION values (565, '.', 159, 272198.73, 4170816.71, 882.65);
insert into STATION values (566, '5', 159, 272206.62, 4170840.62, 881.08);
insert into STATION values (567, '6', 159, 272192.80, 4170819.16, 879.93);
insert into STATION values (568, '.', 159, 272188.15, 4170814.41, 876.99);
insert into STATION values (569, '.', 159, 272184.42, 4170809.02, 881.85);
insert into STATION values (570, '.', 159, 272176.52, 4170818.86, 883.57);
insert into STATION values (571, '.', 159, 272172.08, 4170828.59, 883.05);
insert into STATION values (572, '.', 159, 272182.54, 4170826.35, 881.76);
insert into STATION values (573, '.', 159, 272190.63, 4170826.22, 881.91);
insert into STATION values (574, '.', 159, 272185.50, 4170821.11, 879.26);
insert into STATION values (575, '.', 159, 272173.47, 4170824.58, 879.83);
insert into STATION values (576, '.', 159, 272167.67, 4170826.16, 881.85);
insert into STATION values (577, '.', 159, 272155.27, 4170828.49, 885.64);
insert into STATION values (578, '.', 159, 272177.80, 4170822.80, 885.71);
insert into STATION values (579, '.', 159, 272190.33, 4170819.56, 883.07);
insert into STATION values (580, '7', 159, 272153.78, 4170827.64, 885.40);
insert into STATION values (581, '8', 159, 272205.98, 4170825.56, 880.09);
insert into STATION values (582, '.', 159, 272209.63, 4170825.09, 882.19);
insert into STATION values (583, '.', 159, 272215.31, 4170822.44, 894.09);
insert into STATION values (584, '.', 159, 272221.26, 4170830.01, 881.59);
insert into STATION values (585, '.', 159, 272214.63, 4170837.39, 881.19);
insert into STATION values (586, '.', 159, 272207.96, 4170840.86, 879.47);
insert into STATION values (587, '.', 159, 272198.64, 4170840.78, 879.88);
insert into STATION values (588, '.', 159, 272200.94, 4170827.02, 881.00);
insert into STATION values (589, '.', 159, 272195.54, 4170823.43, 880.72);
insert into STATION values (590, '.', 159, 272199.17, 4170831.56, 879.99);
insert into STATION values (591, '.', 159, 272205.26, 4170826.14, 878.79);
insert into STATION values (592, '.', 159, 272218.37, 4170814.18, 882.54);
insert into STATION values (593, '.', 159, 272204.17, 4170820.53, 877.31);
insert into STATION values (594, '9', 159, 272217.26, 4170811.55, 901.85);
insert into STATION values (595, 'B15', 159, 272202.90, 4170832.82, 878.26);
insert into STATION values (596, '.', 159, 272202.76, 4170832.55, 877.57);
insert into STATION values (597, '.', 159, 272200.89, 4170828.26, 878.96);
insert into STATION values (598, '.', 159, 272204.34, 4170828.96, 878.66);
insert into STATION values (599, '.', 159, 272210.47, 4170824.96, 881.72);
insert into STATION values (600, '.', 159, 272200.64, 4170828.60, 880.35);
insert into STATION values (601, '.', 159, 272203.96, 4170830.02, 882.71);
insert into STATION values (602, '.', 159, 272227.98, 4170824.44, 881.46);
insert into STATION values (603, '.', 159, 272228.84, 4170834.15, 880.03);
insert into STATION values (604, '.', 159, 272218.14, 4170842.10, 879.04);
insert into STATION values (605, '.', 159, 272210.14, 4170841.84, 878.26);
insert into STATION values (606, '.', 159, 272206.30, 4170842.39, 878.34);
insert into STATION values (607, '.', 159, 272212.32, 4170833.38, 877.06);
insert into STATION values (608, '.', 159, 272220.20, 4170831.65, 877.47);
insert into STATION values (609, '.', 159, 272209.79, 4170832.28, 882.40);
insert into STATION values (610, '.', 159, 272204.01, 4170833.36, 882.32);
insert into STATION values (611, '.', 159, 272199.99, 4170832.88, 877.57);
insert into STATION values (612, '.', 159, 272189.31, 4170837.73, 876.89);
insert into STATION values (613, '.', 159, 272183.16, 4170843.83, 877.74);
insert into STATION values (614, '.', 159, 272191.04, 4170844.18, 879.38);
insert into STATION values (615, '.', 159, 272198.70, 4170840.41, 880.05);
insert into STATION values (616, '.', 159, 272201.02, 4170834.64, 881.87);
insert into STATION values (617, '.', 159, 272182.49, 4170839.55, 879.76);
insert into STATION values (618, '11', 159, 272233.66, 4170827.63, 878.64);
insert into STATION values (619, '12', 159, 272178.32, 4170845.20, 878.73);
insert into STATION values (620, '.', 159, 272175.23, 4170841.78, 878.24);
insert into STATION values (621, '.', 159, 272177.34, 4170852.87, 879.23);
insert into STATION values (622, '.', 159, 272178.02, 4170845.81, 877.68);
insert into STATION values (623, '.', 159, 272177.30, 4170845.68, 881.14);
insert into STATION values (624, '.', 159, 272177.10, 4170843.62, 879.21);
insert into STATION values (625, '.', 159, 272177.72, 4170838.24, 878.27);
insert into STATION values (626, '.', 159, 272179.04, 4170843.99, 877.67);
insert into STATION values (627, '.', 159, 272182.39, 4170843.30, 877.91);
insert into STATION values (628, '.', 159, 272192.82, 4170838.48, 877.58);
insert into STATION values (629, '.', 159, 272182.26, 4170843.57, 880.16);
insert into STATION values (630, '.', 159, 272184.27, 4170847.43, 879.34);
insert into STATION values (631, '.', 159, 272194.07, 4170843.53, 879.11);
insert into STATION values (632, '.', 159, 272189.24, 4170832.79, 879.10);
insert into STATION values (633, '.', 159, 272179.27, 4170835.73, 878.33);
insert into STATION values (634, '.', 159, 272180.19, 4170851.28, 878.87);
insert into STATION values (635, '.', 159, 272178.59, 4170847.40, 877.80);
insert into STATION values (636, '.', 159, 272174.07, 4170848.46, 878.21);
insert into STATION values (637, '.', 159, 272170.69, 4170847.62, 878.89);
insert into STATION values (638, '.', 159, 272171.87, 4170849.48, 879.63);
insert into STATION values (639, '.', 159, 272174.67, 4170858.42, 879.61);
insert into STATION values (640, 'B16', 159, 272166.21, 4170854.46, 879.38);
insert into STATION values (641, '.', 159, 272163.97, 4170861.58, 879.55);
insert into STATION values (642, '.', 159, 272159.05, 4170862.21, 880.17);
insert into STATION values (643, '.', 159, 272160.68, 4170847.38, 879.85);
insert into STATION values (644, '.', 159, 272164.71, 4170853.13, 877.82);
insert into STATION values (645, '.', 159, 272153.56, 4170851.95, 880.53);
insert into STATION values (646, '.', 159, 272151.72, 4170855.72, 878.57);
insert into STATION values (647, '.', 159, 272139.18, 4170855.06, 881.36);
insert into STATION values (648, '.', 159, 272152.75, 4170860.76, 880.29);
insert into STATION values (649, '.', 159, 272164.47, 4170854.29, 879.88);
insert into STATION values (650, '.', 159, 272172.62, 4170858.37, 880.22);
insert into STATION values (651, '.', 159, 272173.87, 4170854.19, 879.67);
insert into STATION values (652, '.', 159, 272179.28, 4170852.03, 879.17);
insert into STATION values (653, '.', 159, 272170.55, 4170847.04, 878.59);
insert into STATION values (654, '.', 159, 272170.93, 4170851.48, 877.89);
insert into STATION values (655, '.', 159, 272168.78, 4170852.50, 879.93);
insert into STATION values (656, '14', 159, 272174.03, 4170855.58, 879.83);
insert into STATION values (657, '.', 159, 272176.51, 4170860.15, 879.16);
insert into STATION values (658, '.', 159, 272180.93, 4170858.15, 879.62);
insert into STATION values (659, '.', 159, 272175.76, 4170854.17, 879.69);
insert into STATION values (660, '.', 159, 272181.50, 4170850.73, 897.69);
insert into STATION values (661, '.', 159, 272187.25, 4170848.39, 895.36);
insert into STATION values (662, '.', 159, 272182.39, 4170853.77, 885.11);
insert into STATION values (663, '.', 159, 272179.57, 4170852.12, 885.53);
insert into STATION values (664, '.', 159, 272168.85, 4170853.42, 894.47);
insert into STATION values (665, '.', 159, 272172.29, 4170852.85, 898.03);
insert into STATION values (666, '.', 159, 272161.04, 4170856.46, 888.75);
insert into STATION values (667, '.', 159, 272162.25, 4170860.38, 881.06);
insert into STATION values (668, '.', 159, 272165.36, 4170858.05, 878.98);
insert into STATION values (669, '.', 159, 272169.86, 4170857.08, 878.69);
insert into STATION values (670, '.', 159, 272184.30, 4170851.96, 881.66);
insert into STATION values (671, '.', 159, 272190.29, 4170848.96, 886.43);
insert into STATION values (672, '15', 159, 272195.91, 4170846.49, 892.70);
insert into STATION values (673, '.', 159, 272195.50, 4170844.89, 892.83);
insert into STATION values (674, '.', 159, 272197.11, 4170848.01, 890.94);
insert into STATION values (675, '.', 159, 272196.29, 4170846.14, 891.07);
insert into STATION values (676, '.', 159, 272198.06, 4170844.05, 891.02);
insert into STATION values (677, '.', 159, 272198.63, 4170845.03, 890.58);
insert into STATION values (678, '.', 159, 272193.39, 4170845.63, 890.85);
insert into STATION values (679, '.', 159, 272194.27, 4170848.63, 890.66);
insert into STATION values (680, '.', 159, 272193.71, 4170847.05, 889.88);
insert into STATION values (681, '.', 159, 272188.66, 4170849.36, 885.35);
insert into STATION values (682, '.', 159, 272184.14, 4170851.58, 881.75);
insert into STATION values (683, '.', 159, 272169.86, 4170854.04, 894.26);
insert into STATION values (684, '.', 159, 272185.64, 4170847.97, 896.87);
insert into STATION values (685, '.', 159, 272191.52, 4170845.06, 900.79);
insert into STATION values (686, 'B17', 159, 272195.98, 4170845.62, 891.45);
insert into STATION values (687, '.', 159, 272195.83, 4170844.15, 890.90);
insert into STATION values (688, '.', 159, 272198.05, 4170844.87, 890.59);
insert into STATION values (689, '.', 159, 272203.73, 4170842.44, 888.76);
insert into STATION values (690, '.', 159, 272201.35, 4170844.55, 890.44);
insert into STATION values (691, '.', 159, 272215.55, 4170839.16, 889.79);
insert into STATION values (692, '.', 159, 272210.08, 4170841.40, 892.37);
insert into STATION values (693, '.', 159, 272201.39, 4170843.78, 892.79);
insert into STATION values (694, '.', 159, 272199.20, 4170844.54, 892.80);
insert into STATION values (695, '.', 159, 272206.47, 4170841.62, 891.19);
insert into STATION values (696, '.', 159, 272206.27, 4170842.93, 891.26);
insert into STATION values (697, '.', 159, 272197.39, 4170846.15, 891.95);
insert into STATION values (698, '.', 159, 272197.40, 4170845.35, 892.34);
insert into STATION values (699, '17', 159, 272221.91, 4170838.00, 886.00);
insert into STATION values (700, '.', 159, 272216.33, 4170836.23, 903.69);
insert into STATION values (701, '.', 159, 272215.75, 4170835.95, 905.74);
insert into STATION values (702, '.', 159, 272216.46, 4170836.15, 903.51);
insert into STATION values (703, '18', 159, 272190.53, 4170843.71, 908.92);
insert into STATION values (704, '19', 159, 272140.69, 4170853.71, 881.72);
insert into STATION values (705, '.', 159, 272144.62, 4170847.34, 884.21);
insert into STATION values (706, '.', 159, 272137.95, 4170853.70, 883.73);
insert into STATION values (707, '.', 159, 272134.18, 4170862.05, 883.05);
insert into STATION values (708, '.', 159, 272131.83, 4170872.92, 881.75);
insert into STATION values (709, '.', 159, 272138.98, 4170882.17, 882.31);
insert into STATION values (710, '.', 159, 272145.15, 4170885.23, 882.27);
insert into STATION values (711, '.', 159, 272140.38, 4170857.68, 880.23);
insert into STATION values (712, '.', 159, 272140.63, 4170853.64, 881.05);
insert into STATION values (713, '.', 159, 272151.39, 4170844.74, 882.60);
insert into STATION values (714, '.', 159, 272158.07, 4170853.23, 881.72);
insert into STATION values (715, '.', 159, 272165.06, 4170861.27, 880.20);
insert into STATION values (716, '.', 159, 272147.05, 4170858.02, 881.41);
insert into STATION values (717, '.', 159, 272144.17, 4170854.65, 880.63);
insert into STATION values (718, '.', 159, 272148.40, 4170855.97, 885.18);
insert into STATION values (719, '.', 159, 272142.72, 4170854.08, 884.69);
insert into STATION values (720, '.', 159, 272149.06, 4170847.29, 881.61);
insert into STATION values (721, '.', 159, 272144.92, 4170853.02, 880.78);
insert into STATION values (722, '.', 159, 272146.45, 4170864.56, 882.00);
insert into STATION values (723, '.', 159, 272151.79, 4170874.01, 883.21);
insert into STATION values (724, '.', 159, 272141.13, 4170856.75, 880.50);
insert into STATION values (725, '.', 159, 272140.06, 4170857.41, 880.33);
insert into STATION values (726, '.', 159, 272141.56, 4170870.62, 884.13);
insert into STATION values (727, '.', 159, 272140.93, 4170859.52, 884.72);
insert into STATION values (728, '20', 159, 272151.96, 4170845.20, 884.21);
insert into STATION values (729, '.', 159, 272150.78, 4170843.36, 884.15);
insert into STATION values (730, '.', 159, 272151.35, 4170842.67, 883.45);
insert into STATION values (731, '.', 159, 272151.50, 4170841.92, 884.62);
insert into STATION values (732, '.', 159, 272151.65, 4170843.81, 885.14);
insert into STATION values (733, '21', 159, 272151.35, 4170840.84, 884.12);
insert into STATION values (734, '22', 159, 272143.22, 4170849.34, 882.33);
insert into STATION values (735, '23', 159, 272137.55, 4170849.10, 879.57);
insert into STATION values (736, '24', 159, 272142.33, 4170848.53, 882.17);
insert into STATION values (737, '.', 159, 272141.09, 4170849.45, 882.00);
insert into STATION values (738, '.', 159, 272141.86, 4170848.42, 880.61);
insert into STATION values (739, '.', 159, 272142.91, 4170846.35, 880.17);
insert into STATION values (740, '.', 159, 272141.49, 4170847.57, 883.34);
insert into STATION values (741, '.', 159, 272138.78, 4170846.08, 885.60);
insert into STATION values (742, '.', 159, 272138.10, 4170846.70, 885.32);
insert into STATION values (743, '.', 159, 272141.14, 4170848.21, 883.03);
insert into STATION values (744, '.', 159, 272140.45, 4170848.08, 882.11);
insert into STATION values (745, '25', 159, 272134.70, 4170844.77, 890.94);
insert into STATION values (746, 'B18', 159, 272141.93, 4170869.26, 880.51);
insert into STATION values (747, '.', 159, 272141.93, 4170869.23, 880.12);
insert into STATION values (748, '.', 159, 272139.96, 4170869.75, 879.93);
insert into STATION values (749, '.', 159, 272134.16, 4170870.77, 880.44);
insert into STATION values (750, '.', 159, 272131.45, 4170870.95, 882.42);
insert into STATION values (751, '.', 159, 272131.75, 4170869.20, 882.32);
insert into STATION values (752, '.', 159, 272131.94, 4170873.54, 881.94);
insert into STATION values (753, '.', 159, 272138.95, 4170869.73, 883.87);
insert into STATION values (754, '.', 159, 272142.97, 4170870.08, 884.04);
insert into STATION values (755, '.', 159, 272148.22, 4170869.87, 883.90);
insert into STATION values (756, '.', 159, 272153.94, 4170869.73, 883.84);
insert into STATION values (757, '.', 159, 272168.00, 4170869.10, 881.37);
insert into STATION values (758, '.', 159, 272157.36, 4170874.62, 881.91);
insert into STATION values (759, '.', 159, 272146.88, 4170869.56, 880.14);
insert into STATION values (760, '.', 159, 272155.97, 4170878.89, 882.66);
insert into STATION values (761, '.', 159, 272146.28, 4170873.59, 884.51);
insert into STATION values (762, '.', 159, 272145.78, 4170879.92, 884.08);
insert into STATION values (763, '.', 159, 272144.00, 4170884.46, 881.61);
insert into STATION values (764, '.', 159, 272139.38, 4170882.32, 882.24);
insert into STATION values (765, '.', 159, 272134.55, 4170885.21, 882.08);
insert into STATION values (766, '.', 159, 272136.65, 4170876.99, 879.84);
insert into STATION values (767, '.', 159, 272136.60, 4170876.02, 883.07);
insert into STATION values (768, '.', 159, 272145.70, 4170876.73, 884.06);
insert into STATION values (769, '.', 159, 272151.52, 4170884.33, 884.53);
insert into STATION values (770, '.', 159, 272152.51, 4170888.46, 879.70);
insert into STATION values (771, '.', 159, 272169.43, 4170911.34, 887.04);
insert into STATION values (772, '.', 159, 272147.52, 4170865.35, 882.82);
insert into STATION values (773, '.', 159, 272145.18, 4170861.03, 882.83);
insert into STATION values (774, '.', 159, 272142.41, 4170861.68, 885.00);
insert into STATION values (775, '.', 159, 272136.04, 4170858.26, 883.62);
insert into STATION values (776, '.', 159, 272140.82, 4170861.90, 880.57);
insert into STATION values (777, '.', 159, 272133.60, 4170861.65, 882.78);
insert into STATION values (778, '.', 159, 272130.37, 4170863.21, 882.76);
insert into STATION values (779, '.', 159, 272135.07, 4170866.75, 880.87);
insert into STATION values (780, '.', 159, 272134.26, 4170865.99, 884.49);
insert into STATION values (781, '27', 159, 272132.83, 4170865.45, 881.37);
insert into STATION values (782, '.', 159, 272132.34, 4170865.70, 880.80);
insert into STATION values (783, '.', 159, 272130.36, 4170868.68, 882.15);
insert into STATION values (784, '.', 159, 272125.95, 4170864.18, 882.79);
insert into STATION values (785, '.', 159, 272125.21, 4170866.14, 885.14);
insert into STATION values (786, '.', 159, 272128.43, 4170864.09, 887.12);
insert into STATION values (787, '.', 159, 272123.95, 4170868.14, 881.24);
insert into STATION values (788, '.', 159, 272112.49, 4170870.89, 883.96);
insert into STATION values (789, '.', 159, 272118.42, 4170870.83, 883.45);
insert into STATION values (790, '.', 159, 272114.77, 4170870.86, 884.80);
insert into STATION values (791, '.', 159, 272115.72, 4170869.20, 884.05);
insert into STATION values (792, '.', 159, 272110.27, 4170871.52, 884.99);
insert into STATION values (793, '28', 159, 272108.73, 4170871.71, 886.21);
insert into STATION values (794, '29', 159, 272120.61, 4170890.18, 880.56);
insert into STATION values (795, '.', 159, 272116.41, 4170890.04, 881.10);
insert into STATION values (796, '.', 159, 272120.08, 4170890.34, 879.97);
insert into STATION values (797, '.', 159, 272120.16, 4170890.65, 881.70);
insert into STATION values (798, '.', 159, 272122.72, 4170894.02, 880.68);
insert into STATION values (799, '.', 159, 272122.43, 4170888.73, 879.81);
insert into STATION values (800, '.', 159, 272130.62, 4170889.86, 881.35);
insert into STATION values (801, '.', 159, 272122.63, 4170888.53, 881.54);
insert into STATION values (802, '.', 159, 272122.48, 4170885.95, 881.52);
insert into STATION values (803, '30', 159, 272103.05, 4170913.21, 881.22);
insert into STATION values (804, 'B19', 159, 272151.03, 4170900.87, 881.22);
insert into STATION values (805, '.', 159, 272143.19, 4170884.48, 881.13);
insert into STATION values (806, '.', 159, 272148.12, 4170896.73, 885.25);
insert into STATION values (807, '.', 159, 272150.15, 4170899.66, 886.82);
insert into STATION values (808, '.', 159, 272160.24, 4170893.37, 888.16);
insert into STATION values (809, '.', 159, 272188.01, 4170890.15, 886.56);
insert into STATION values (810, '.', 159, 272197.64, 4170887.89, 879.36);
insert into STATION values (811, '.', 159, 272172.09, 4170881.81, 883.66);
insert into STATION values (812, '.', 159, 272156.63, 4170880.16, 883.78);
insert into STATION values (813, '.', 159, 272152.99, 4170876.16, 883.00);
insert into STATION values (814, '.', 159, 272142.66, 4170882.55, 880.94);
insert into STATION values (815, '.', 159, 272148.65, 4170888.82, 879.25);
insert into STATION values (816, '.', 159, 272144.49, 4170874.96, 879.87);
insert into STATION values (817, '.', 159, 272149.83, 4170884.39, 884.76);
insert into STATION values (818, '.', 159, 272150.16, 4170897.07, 879.65);
insert into STATION values (819, '.', 159, 272151.77, 4170901.60, 879.95);
insert into STATION values (820, '.', 159, 272157.94, 4170905.66, 884.38);
insert into STATION values (821, '.', 159, 272162.88, 4170903.31, 883.79);
insert into STATION values (822, '.', 159, 272190.06, 4170903.97, 893.34);
insert into STATION values (823, '.', 159, 272154.23, 4170907.01, 884.69);
insert into STATION values (824, '.', 159, 272147.18, 4170905.46, 880.03);
insert into STATION values (825, '.', 159, 272138.14, 4170902.58, 879.23);
insert into STATION values (826, '.', 159, 272132.07, 4170893.62, 879.98);
insert into STATION values (827, '.', 159, 272130.00, 4170899.42, 880.74);
insert into STATION values (828, '.', 159, 272119.40, 4170905.02, 880.39);
insert into STATION values (829, '.', 159, 272145.47, 4170913.77, 882.82);
insert into STATION values (830, '.', 159, 272140.26, 4170912.05, 885.59);
insert into STATION values (831, '.', 159, 272129.69, 4170917.11, 886.24);
insert into STATION values (832, '.', 159, 272128.36, 4170919.80, 884.95);
insert into STATION values (833, '.', 159, 272133.25, 4170922.19, 883.70);
insert into STATION values (834, '.', 159, 272140.40, 4170919.26, 885.24);
insert into STATION values (835, '.', 159, 272139.58, 4170910.10, 880.04);
insert into STATION values (836, '.', 159, 272141.61, 4170903.06, 879.25);
insert into STATION values (837, '.', 159, 272141.26, 4170905.97, 886.57);
insert into STATION values (838, '32', 159, 272210.05, 4170901.43, 886.80);
insert into STATION values (839, 'B20', 159, 272133.60, 4170919.48, 881.55);
insert into STATION values (840, '.', 159, 272129.71, 4170918.65, 880.99);
insert into STATION values (841, '.', 159, 272127.01, 4170910.19, 885.15);
insert into STATION values (842, '.', 159, 272131.20, 4170914.87, 881.17);
insert into STATION values (843, '.', 159, 272133.21, 4170914.88, 879.90);
insert into STATION values (844, '.', 159, 272129.94, 4170917.36, 886.42);
insert into STATION values (845, '.', 159, 272126.94, 4170919.64, 883.91);
insert into STATION values (846, '.', 159, 272129.94, 4170921.45, 882.95);
insert into STATION values (847, '.', 159, 272135.34, 4170923.54, 883.69);
insert into STATION values (848, '.', 159, 272141.19, 4170920.30, 885.09);
insert into STATION values (849, '.', 159, 272141.43, 4170924.85, 896.28);
insert into STATION values (850, '.', 159, 272135.83, 4170931.77, 892.26);
insert into STATION values (851, '.', 159, 272135.31, 4170920.81, 900.50);
insert into STATION values (852, '.', 159, 272135.18, 4170915.47, 898.35);
insert into STATION values (853, '.', 159, 272133.98, 4170916.92, 886.74);
insert into STATION values (854, '.', 159, 272115.20, 4170923.99, 902.16);
insert into STATION values (855, '.', 159, 272119.92, 4170929.01, 895.16);
insert into STATION values (856, '.', 159, 272110.16, 4170919.87, 901.44);
insert into STATION values (857, '.', 159, 272148.16, 4170919.92, 899.47);
insert into STATION values (858, '.', 159, 272148.89, 4170923.76, 897.10);
insert into STATION values (859, '.', 159, 272146.11, 4170921.40, 890.28);
insert into STATION values (860, '.', 159, 272145.13, 4170915.43, 896.27);
insert into STATION values (861, '34', 159, 272124.48, 4170914.37, 884.84);
insert into STATION values (862, '.', 159, 272125.81, 4170912.34, 882.22);
insert into STATION values (863, '.', 159, 272125.18, 4170906.47, 880.45);
insert into STATION values (864, '.', 159, 272130.86, 4170911.18, 882.44);
insert into STATION values (865, '.', 159, 272130.52, 4170907.62, 883.25);
insert into STATION values (866, '.', 159, 272129.98, 4170921.36, 880.85);
insert into STATION values (867, '.', 159, 272125.81, 4170918.81, 886.49);
insert into STATION values (868, '.', 159, 272122.78, 4170920.85, 886.07);
insert into STATION values (869, '.', 159, 272118.91, 4170920.12, 887.02);
insert into STATION values (870, '.', 159, 272119.74, 4170917.61, 887.05);
insert into STATION values (871, '.', 159, 272110.59, 4170916.01, 887.21);
insert into STATION values (872, '.', 159, 272120.63, 4170915.69, 884.43);
insert into STATION values (873, 'B21', 159, 272113.98, 4170921.32, 885.58);
insert into STATION values (874, '.', 159, 272108.47, 4170923.78, 884.99);
insert into STATION values (875, '.', 159, 272101.41, 4170924.47, 901.81);
insert into STATION values (876, '.', 159, 272096.23, 4170931.89, 895.56);
insert into STATION values (877, '.', 159, 272104.43, 4170928.23, 888.67);
insert into STATION values (878, '.', 159, 272108.81, 4170926.29, 885.59);
insert into STATION values (879, '.', 159, 272105.08, 4170934.07, 889.86);
insert into STATION values (880, '.', 159, 272106.86, 4170937.60, 892.01);
insert into STATION values (881, '.', 159, 272112.49, 4170933.11, 888.89);
insert into STATION values (882, '.', 159, 272110.58, 4170936.12, 885.71);
insert into STATION values (883, '.', 159, 272111.46, 4170925.57, 884.44);
insert into STATION values (884, '.', 159, 272116.55, 4170927.71, 900.76);
insert into STATION values (885, '.', 159, 272117.56, 4170921.05, 902.45);
insert into STATION values (886, '.', 159, 272122.83, 4170928.57, 894.74);
insert into STATION values (887, '.', 159, 272119.70, 4170920.49, 902.06);
insert into STATION values (888, '.', 159, 272113.48, 4170920.60, 888.37);
insert into STATION values (889, '.', 159, 272114.23, 4170920.37, 886.97);
insert into STATION values (890, '.', 159, 272113.53, 4170914.95, 885.85);
insert into STATION values (891, '.', 159, 272112.91, 4170914.99, 881.94);
insert into STATION values (892, '.', 159, 272118.23, 4170918.87, 883.98);
insert into STATION values (893, '.', 159, 272116.38, 4170914.13, 886.07);
insert into STATION values (894, '.', 159, 272110.40, 4170918.36, 884.02);
insert into STATION values (895, '.', 159, 272110.55, 4170915.60, 882.15);
insert into STATION values (896, '.', 159, 272112.24, 4170913.97, 882.28);
insert into STATION values (897, '36', 159, 272107.61, 4170910.53, 881.21);
insert into STATION values (898, '.', 159, 272113.48, 4170908.56, 881.20);
insert into STATION values (899, '.', 159, 272105.25, 4170905.36, 881.31);
insert into STATION values (900, '.', 159, 272108.97, 4170905.52, 880.45);
insert into STATION values (901, '.', 159, 272109.71, 4170899.38, 880.86);
insert into STATION values (902, '.', 159, 272111.17, 4170901.28, 881.28);
insert into STATION values (903, '.', 159, 272108.10, 4170909.00, 882.25);
insert into STATION values (904, '.', 159, 272109.01, 4170911.33, 882.39);
insert into STATION values (905, '.', 159, 272111.56, 4170912.41, 881.76);
insert into STATION values (906, '.', 159, 272108.85, 4170915.61, 883.22);
insert into STATION values (907, '.', 159, 272102.69, 4170908.61, 881.31);
insert into STATION values (908, '.', 159, 272104.84, 4170910.65, 880.98);
insert into STATION values (909, '.', 159, 272102.15, 4170911.18, 882.15);
insert into STATION values (910, '.', 159, 272103.73, 4170914.05, 881.52);
insert into STATION values (911, '.', 159, 272106.34, 4170912.58, 883.10);
insert into STATION values (912, '.', 159, 272111.57, 4170901.21, 880.88);
insert into STATION values (913, '37', 159, 272111.66, 4170901.00, 880.89);
insert into STATION values (914, '38', 159, 272093.32, 4170913.07, 881.36);
insert into STATION values (915, '.', 159, 272093.84, 4170914.03, 881.45);
insert into STATION values (916, '.', 159, 272091.86, 4170911.87, 881.51);
insert into STATION values (917, '.', 159, 272093.03, 4170913.18, 880.90);
insert into STATION values (918, '.', 159, 272089.40, 4170916.43, 880.98);
insert into STATION values (919, '.', 159, 272082.03, 4170914.87, 880.34);
insert into STATION values (920, '.', 159, 272079.87, 4170918.57, 880.58);
insert into STATION values (921, '.', 159, 272085.75, 4170915.97, 886.93);
insert into STATION values (922, '.', 159, 272089.35, 4170915.62, 884.38);
insert into STATION values (923, '.', 159, 272091.23, 4170913.54, 882.88);
insert into STATION values (924, '.', 159, 272089.62, 4170913.86, 882.03);
insert into STATION values (925, '.', 159, 272096.51, 4170912.55, 881.69);
insert into STATION values (926, '.', 159, 272096.32, 4170911.99, 881.06);
insert into STATION values (927, '.', 159, 272098.21, 4170911.26, 882.91);
insert into STATION values (928, '.', 159, 272096.57, 4170910.92, 881.74);
insert into STATION values (929, '39', 159, 272084.47, 4170916.94, 881.67);
insert into STATION values (930, '.', 159, 272082.65, 4170912.83, 881.40);
insert into STATION values (931, '.', 159, 272083.40, 4170914.28, 881.80);
insert into STATION values (932, '.', 159, 272083.97, 4170915.63, 882.48);
insert into STATION values (933, '.', 159, 272084.48, 4170915.80, 884.52);
insert into STATION values (934, '.', 159, 272084.55, 4170917.23, 882.00);
insert into STATION values (935, '.', 159, 272081.47, 4170917.11, 880.67);
insert into STATION values (936, '.', 159, 272074.71, 4170918.03, 881.22);
insert into STATION values (937, '.', 159, 272077.11, 4170918.33, 880.72);
insert into STATION values (938, '.', 159, 272080.44, 4170917.17, 881.91);
insert into STATION values (939, '40', 159, 272074.65, 4170918.09, 882.20);
insert into STATION values (940, '41', 159, 272086.93, 4170916.72, 881.58);
insert into STATION values (941, '42', 159, 272088.51, 4170919.67, 879.88);
insert into STATION values (942, '43', 159, 272149.07, 4170920.06, 891.96);
insert into STATION values (943, '.', 159, 272151.47, 4170920.80, 899.91);
insert into STATION values (944, '.', 159, 272149.50, 4170930.46, 897.45);
insert into STATION values (945, '.', 159, 272150.43, 4170919.11, 891.21);
insert into STATION values (946, '.', 159, 272149.62, 4170916.19, 892.79);
insert into STATION values (947, '.', 159, 272163.63, 4170913.41, 900.72);
insert into STATION values (948, '.', 159, 272156.64, 4170913.96, 893.83);
insert into STATION values (949, '.', 159, 272136.91, 4170927.53, 894.35);
insert into STATION values (950, '.', 159, 272129.25, 4170923.83, 884.46);
insert into STATION values (951, '.', 159, 272135.27, 4170923.72, 884.07);
insert into STATION values (952, '.', 159, 272125.86, 4170920.37, 887.95);
insert into STATION values (953, '.', 159, 272119.29, 4170925.93, 884.62);
insert into STATION values (954, '.', 159, 272130.09, 4170916.53, 894.95);
insert into STATION values (955, '.', 159, 272141.97, 4170918.04, 898.13);
insert into STATION values (956, '.', 159, 272145.68, 4170918.19, 900.20);
insert into STATION values (957, 'B22', 159, 272156.63, 4170918.36, 891.79);
insert into STATION values (958, '.', 159, 272156.63, 4170914.08, 891.93);
insert into STATION values (959, '.', 159, 272158.02, 4170915.80, 901.21);
insert into STATION values (960, '.', 159, 272158.70, 4170924.87, 895.75);
insert into STATION values (961, '.', 159, 272157.55, 4170920.53, 891.64);
insert into STATION values (962, '.', 159, 272165.64, 4170924.00, 892.70);
insert into STATION values (963, '.', 159, 272175.89, 4170912.82, 892.98);
insert into STATION values (964, '.', 159, 272165.79, 4170912.10, 892.65);
insert into STATION values (965, '.', 159, 272159.68, 4170913.90, 891.43);
insert into STATION values (966, '.', 159, 272169.62, 4170912.53, 888.69);
insert into STATION values (967, '.', 159, 272159.50, 4170917.45, 890.51);
insert into STATION values (968, '45', 159, 272162.25, 4170914.14, 890.01);
insert into STATION values (969, '.', 159, 272168.42, 4170911.80, 888.01);
insert into STATION values (970, '.', 159, 272163.22, 4170912.58, 888.04);
insert into STATION values (971, '.', 159, 272168.28, 4170903.45, 878.77);
insert into STATION values (972, '.', 159, 272184.79, 4170877.26, 882.55);
insert into STATION values (973, '.', 159, 272164.62, 4170903.33, 888.34);
insert into STATION values (974, '.', 159, 272164.35, 4170911.04, 899.66);
insert into STATION values (975, '.', 159, 272175.71, 4170910.72, 893.27);
insert into STATION values (976, '.', 159, 272170.28, 4170914.79, 898.10);
insert into STATION values (977, 'PTR_FR24_A62_3', 159, 272191.51, 4170886.10, 878.89);
insert into STATION values (978, '47', 159, 272152.38, 4170913.64, 904.70);
insert into STATION values (979, '48', 159, 272156.66, 4170925.46, 895.85);
insert into STATION values (980, '.', 159, 272152.74, 4170923.79, 896.07);
insert into STATION values (981, '.', 159, 272155.87, 4170924.63, 895.67);
insert into STATION values (982, '.', 159, 272155.20, 4170924.85, 897.75);
insert into STATION values (983, '.', 159, 272143.22, 4170925.83, 896.88);
insert into STATION values (984, '.', 159, 272141.41, 4170929.53, 897.53);
insert into STATION values (985, '.', 159, 272148.14, 4170930.39, 897.06);
insert into STATION values (986, '.', 159, 272151.98, 4170931.25, 897.20);
insert into STATION values (987, '.', 159, 272153.50, 4170927.24, 893.10);
insert into STATION values (988, '.', 159, 272148.31, 4170926.10, 889.85);
insert into STATION values (989, '49', 159, 272144.51, 4170928.41, 885.77);
insert into STATION values (990, '.', 159, 272145.68, 4170928.94, 885.57);
insert into STATION values (991, '.', 159, 272145.93, 4170928.75, 882.70);
insert into STATION values (992, '.', 159, 272150.06, 4170929.94, 878.51);
insert into STATION values (993, '.', 159, 272149.03, 4170928.12, 880.72);
insert into STATION values (994, '.', 159, 272154.28, 4170929.46, 877.53);
insert into STATION values (995, '.', 159, 272156.19, 4170926.65, 883.04);
insert into STATION values (996, '.', 159, 272159.88, 4170923.93, 897.27);
insert into STATION values (997, '.', 159, 272146.23, 4170927.48, 891.03);
insert into STATION values (998, '.', 159, 272144.90, 4170925.70, 886.94);
insert into STATION values (999, '.', 159, 272150.39, 4170925.13, 887.84);
insert into STATION values (1000, '.', 159, 272141.67, 4170927.30, 887.06);
insert into STATION values (1001, '.', 159, 272141.06, 4170930.49, 886.53);
insert into STATION values (1002, '50', 159, 272155.91, 4170927.54, 876.35);
insert into STATION values (1003, '51', 159, 272139.86, 4170928.60, 887.62);
insert into STATION values (1004, '.', 159, 272137.85, 4170929.05, 885.87);
insert into STATION values (1005, '.', 159, 272139.36, 4170926.22, 888.07);
insert into STATION values (1006, '.', 159, 272139.53, 4170929.98, 894.19);
insert into STATION values (1007, '.', 159, 272140.71, 4170929.90, 888.02);
insert into STATION values (1008, '.', 159, 272137.70, 4170933.15, 888.80);
insert into STATION values (1009, '.', 159, 272130.23, 4170938.45, 887.40);
insert into STATION values (1010, '.', 159, 272136.52, 4170937.15, 885.17);
insert into STATION values (1011, '.', 159, 272138.68, 4170934.56, 888.90);
insert into STATION values (1012, '.', 159, 272136.75, 4170927.92, 894.47);
insert into STATION values (1013, '.', 159, 272119.13, 4170917.98, 898.13);
insert into STATION values (1014, '.', 159, 272105.38, 4170920.93, 901.31);
insert into STATION values (1015, '.', 159, 272107.69, 4170923.66, 887.84);
insert into STATION values (1016, '.', 159, 272109.86, 4170928.58, 884.94);
insert into STATION values (1017, '.', 159, 272122.97, 4170931.72, 887.26);
insert into STATION values (1018, 'B23', 159, 272136.57, 4170932.79, 886.17);
insert into STATION values (1019, '.', 159, 272142.00, 4170932.55, 887.11);
insert into STATION values (1020, '.', 159, 272137.34, 4170934.74, 888.77);
insert into STATION values (1021, '.', 159, 272132.29, 4170936.35, 888.14);
insert into STATION values (1022, '.', 159, 272136.14, 4170947.56, 888.38);
insert into STATION values (1023, '.', 159, 272141.13, 4170947.39, 889.09);
insert into STATION values (1024, '.', 159, 272147.81, 4170944.78, 888.78);
insert into STATION values (1025, '.', 159, 272140.59, 4170945.49, 885.36);
insert into STATION values (1026, '.', 159, 272127.95, 4170947.23, 888.81);
insert into STATION values (1027, '.', 159, 272131.50, 4170937.87, 887.90);
insert into STATION values (1028, '.', 159, 272134.07, 4170940.56, 886.57);
insert into STATION values (1029, '.', 159, 272134.84, 4170937.38, 888.75);
insert into STATION values (1030, '.', 159, 272130.23, 4170932.59, 888.63);
insert into STATION values (1031, '.', 159, 272134.74, 4170930.97, 889.52);
insert into STATION values (1032, '.', 159, 272137.65, 4170930.97, 889.72);
insert into STATION values (1033, '.', 159, 272141.00, 4170914.93, 896.63);
insert into STATION values (1034, '.', 159, 272134.55, 4170920.70, 900.57);
insert into STATION values (1035, '53', 159, 272131.69, 4170923.25, 884.87);
insert into STATION values (1036, '.', 159, 272138.69, 4170925.14, 885.51);
insert into STATION values (1037, '.', 159, 272138.64, 4170929.76, 894.32);
insert into STATION values (1038, '.', 159, 272131.74, 4170921.29, 901.51);
insert into STATION values (1039, '.', 159, 272130.78, 4170915.57, 893.51);
insert into STATION values (1040, '.', 159, 272130.42, 4170918.12, 886.81);
insert into STATION values (1041, '.', 159, 272127.24, 4170931.56, 888.73);
insert into STATION values (1042, '.', 159, 272130.00, 4170924.97, 883.70);
insert into STATION values (1043, '.', 159, 272121.51, 4170917.43, 892.86);
insert into STATION values (1044, '.', 159, 272121.94, 4170931.05, 890.66);
insert into STATION values (1045, '.', 159, 272111.22, 4170921.88, 901.72);
insert into STATION values (1046, '55', 159, 272125.30, 4170931.82, 886.77);
insert into STATION values (1047, '.', 159, 272123.55, 4170921.08, 886.13);
insert into STATION values (1048, '.', 159, 272122.45, 4170929.83, 884.45);
insert into STATION values (1049, '.', 159, 272113.99, 4170917.74, 897.76);
insert into STATION values (1050, '.', 159, 272113.19, 4170921.61, 903.13);
insert into STATION values (1051, '.', 159, 272089.69, 4170923.71, 903.65);
insert into STATION values (1052, '.', 159, 272084.25, 4170927.63, 903.70);
insert into STATION values (1053, '.', 159, 272106.25, 4170930.81, 889.08);
insert into STATION values (1054, '.', 159, 272106.08, 4170931.07, 886.74);
insert into STATION values (1055, '.', 159, 272115.61, 4170931.09, 884.71);
insert into STATION values (1056, '.', 159, 272120.61, 4170927.83, 884.62);
insert into STATION values (1057, '.', 159, 272123.84, 4170926.56, 883.86);
insert into STATION values (1058, 'B24', 159, 272112.39, 4170930.25, 885.64);
insert into STATION values (1059, '.', 159, 272109.39, 4170919.52, 884.49);
insert into STATION values (1060, '.', 159, 272111.55, 4170919.19, 901.77);
insert into STATION values (1061, '.', 159, 272116.95, 4170920.35, 889.14);
insert into STATION values (1062, '.', 159, 272126.47, 4170917.32, 890.37);
insert into STATION values (1063, '.', 159, 272116.23, 4170928.82, 884.70);
insert into STATION values (1064, '.', 159, 272126.25, 4170919.89, 901.28);
insert into STATION values (1065, '.', 159, 272118.62, 4170922.16, 902.76);
insert into STATION values (1066, '.', 159, 272115.58, 4170932.60, 887.21);
insert into STATION values (1067, '.', 159, 272121.50, 4170932.14, 887.22);
insert into STATION values (1068, '.', 159, 272112.31, 4170932.90, 884.77);
insert into STATION values (1069, '.', 159, 272112.40, 4170933.45, 886.81);
insert into STATION values (1070, '.', 159, 272109.47, 4170933.91, 885.31);
insert into STATION values (1071, '.', 159, 272105.89, 4170940.13, 891.99);
insert into STATION values (1072, '.', 159, 272104.71, 4170933.63, 890.17);
insert into STATION values (1073, '.', 159, 272105.22, 4170930.76, 890.12);
insert into STATION values (1074, '.', 159, 272101.10, 4170928.53, 891.19);
insert into STATION values (1075, '.', 159, 272105.47, 4170928.90, 888.03);
insert into STATION values (1076, '.', 159, 272108.04, 4170929.32, 886.57);
insert into STATION values (1077, '.', 159, 272098.59, 4170921.71, 898.41);
insert into STATION values (1078, '.', 159, 272098.02, 4170925.73, 901.69);
insert into STATION values (1079, '.', 159, 272106.72, 4170939.10, 885.07);
insert into STATION values (1080, '.', 159, 272098.89, 4170953.51, 886.49);
insert into STATION values (1081, '.', 159, 272091.15, 4170955.26, 886.44);
insert into STATION values (1082, '.', 159, 272096.53, 4170942.49, 891.92);
insert into STATION values (1083, '58', 159, 272094.84, 4170928.23, 895.48);
insert into STATION values (1084, '.', 159, 272094.92, 4170928.01, 894.79);
insert into STATION values (1085, '.', 159, 272094.16, 4170922.76, 898.57);
insert into STATION values (1086, '.', 159, 272093.82, 4170923.50, 904.70);
insert into STATION values (1087, '.', 159, 272093.87, 4170930.99, 895.60);
insert into STATION values (1088, '.', 159, 272094.28, 4170928.79, 895.06);
insert into STATION values (1089, '.', 159, 272091.45, 4170926.15, 903.44);
insert into STATION values (1090, '.', 159, 272103.21, 4170921.00, 898.12);
insert into STATION values (1091, '.', 159, 272098.46, 4170931.84, 896.83);
insert into STATION values (1092, '.', 159, 272097.96, 4170929.24, 892.80);
insert into STATION values (1093, '.', 159, 272086.21, 4170924.98, 900.08);
insert into STATION values (1094, '.', 159, 272084.77, 4170932.13, 899.74);
insert into STATION values (1095, '.', 159, 272076.53, 4170930.99, 901.68);
insert into STATION values (1096, 'B25', 159, 272076.15, 4170930.92, 901.86);
insert into STATION values (1097, '.', 159, 272073.88, 4170928.01, 902.37);
insert into STATION values (1098, '.', 159, 272073.04, 4170932.77, 902.24);
insert into STATION values (1099, '.', 159, 272074.19, 4170934.09, 901.52);
insert into STATION values (1100, '.', 159, 272073.66, 4170930.90, 901.93);
insert into STATION values (1101, '.', 159, 272068.72, 4170932.29, 906.61);
insert into STATION values (1102, '.', 159, 272065.55, 4170931.32, 911.71);
insert into STATION values (1103, '.', 159, 272075.17, 4170929.77, 900.92);
insert into STATION values (1104, '.', 159, 272074.79, 4170927.46, 901.73);
insert into STATION values (1105, '.', 159, 272072.87, 4170932.58, 902.33);
insert into STATION values (1106, '.', 159, 272073.70, 4170934.67, 901.07);
insert into STATION values (1107, '.', 159, 272076.22, 4170935.70, 898.97);
insert into STATION values (1108, '.', 159, 272075.55, 4170932.60, 900.46);
insert into STATION values (1109, '.', 159, 272075.28, 4170935.47, 900.52);
insert into STATION values (1110, '.', 159, 272074.83, 4170934.13, 901.39);
insert into STATION values (1111, '.', 159, 272070.48, 4170930.61, 906.52);
insert into STATION values (1112, '60', 159, 272070.60, 4170930.74, 906.68);
insert into STATION values (1113, '.', 159, 272070.09, 4170934.67, 906.86);
insert into STATION values (1114, '.', 159, 272068.36, 4170931.07, 907.09);
insert into STATION values (1115, '.', 159, 272071.19, 4170931.20, 904.77);
insert into STATION values (1116, '.', 159, 272072.61, 4170930.27, 903.06);
insert into STATION values (1117, '.', 159, 272071.06, 4170930.89, 907.53);
insert into STATION values (1118, '.', 159, 272068.96, 4170931.92, 912.57);
insert into STATION values (1119, '.', 159, 272065.99, 4170931.25, 912.99);
insert into STATION values (1120, '.', 159, 272068.69, 4170931.42, 908.35);
insert into STATION values (1121, '.', 159, 272065.34, 4170932.45, 915.29);
insert into STATION values (1122, '.', 159, 272065.13, 4170934.59, 917.42);
insert into STATION values (1123, '.', 159, 272067.71, 4170933.20, 914.29);
insert into STATION values (1124, '.', 159, 272064.34, 4170937.65, 915.56);
insert into STATION values (1125, '61', 159, 272062.71, 4170934.26, 919.12);
insert into STATION values (1126, 'B26', 159, 272074.25, 4170943.67, 895.07);
insert into STATION values (1127, '.', 159, 272072.47, 4170938.66, 895.66);
insert into STATION values (1128, '.', 159, 272073.52, 4170937.70, 898.24);
insert into STATION values (1129, '.', 159, 272075.97, 4170937.13, 898.31);
insert into STATION values (1130, '.', 159, 272074.79, 4170938.00, 898.74);
insert into STATION values (1131, '.', 159, 272074.81, 4170937.01, 897.35);
insert into STATION values (1132, '.', 159, 272074.88, 4170940.20, 894.91);
insert into STATION values (1133, '.', 159, 272074.63, 4170942.33, 893.88);
insert into STATION values (1134, '.', 159, 272072.55, 4170943.79, 893.13);
insert into STATION values (1135, '.', 159, 272072.72, 4170944.29, 893.16);
insert into STATION values (1136, '.', 159, 272072.26, 4170943.10, 895.04);
insert into STATION values (1137, '.', 159, 272072.61, 4170943.65, 896.57);
insert into STATION values (1138, '.', 159, 272076.23, 4170942.03, 893.81);
insert into STATION values (1139, '.', 159, 272076.90, 4170943.03, 894.94);
insert into STATION values (1140, '.', 159, 272078.16, 4170940.72, 896.19);
insert into STATION values (1141, '.', 159, 272077.98, 4170938.95, 895.82);
insert into STATION values (1142, '63', 159, 272072.73, 4170944.24, 894.96);
insert into STATION values (1143, '.', 159, 272071.82, 4170943.97, 895.05);
insert into STATION values (1144, '.', 159, 272071.52, 4170944.67, 893.32);
insert into STATION values (1145, '.', 159, 272072.83, 4170944.82, 897.82);
insert into STATION values (1146, '.', 159, 272072.90, 4170944.36, 895.19);
insert into STATION values (1147, '.', 159, 272071.27, 4170946.41, 895.49);
insert into STATION values (1148, '.', 159, 272070.79, 4170945.96, 895.58);
insert into STATION values (1149, '.', 159, 272070.00, 4170946.88, 894.26);
insert into STATION values (1150, '.', 159, 272069.19, 4170948.13, 896.73);
insert into STATION values (1151, '64', 159, 272067.28, 4170948.71, 895.09);
insert into STATION values (1152, '65', 159, 272080.73, 4170939.51, 893.01);
insert into STATION values (1153, '.', 159, 272080.99, 4170941.11, 892.68);
insert into STATION values (1154, '.', 159, 272080.93, 4170940.45, 891.73);
insert into STATION values (1155, '.', 159, 272082.31, 4170940.46, 893.85);
insert into STATION values (1156, '.', 159, 272083.99, 4170939.77, 893.89);
insert into STATION values (1157, '.', 159, 272083.71, 4170940.25, 890.06);
insert into STATION values (1158, '.', 159, 272084.73, 4170942.84, 889.64);
insert into STATION values (1159, '.', 159, 272086.06, 4170939.72, 890.52);
insert into STATION values (1160, 'B27', 159, 272095.63, 4170948.17, 886.30);
insert into STATION values (1161, '.', 159, 272102.67, 4170950.19, 886.22);
insert into STATION values (1162, '.', 159, 272098.03, 4170948.35, 891.00);
insert into STATION values (1163, '.', 159, 272090.63, 4170940.97, 892.07);
insert into STATION values (1164, '.', 159, 272093.39, 4170943.86, 886.59);
insert into STATION values (1165, '.', 159, 272096.65, 4170948.10, 885.32);
insert into STATION values (1166, '.', 159, 272106.78, 4170946.31, 884.67);
insert into STATION values (1167, '.', 159, 272116.61, 4170946.57, 885.45);
insert into STATION values (1168, '.', 159, 272115.51, 4170940.79, 886.96);
insert into STATION values (1169, '.', 159, 272124.10, 4170941.09, 886.81);
insert into STATION values (1170, '.', 159, 272115.17, 4170936.67, 894.37);
insert into STATION values (1171, '.', 159, 272106.40, 4170937.14, 892.00);
insert into STATION values (1172, '.', 159, 272103.46, 4170934.99, 889.53);
insert into STATION values (1173, '.', 159, 272107.97, 4170936.95, 884.81);
insert into STATION values (1174, '.', 159, 272111.96, 4170933.63, 887.94);
insert into STATION values (1175, '.', 159, 272088.34, 4170941.37, 892.82);
insert into STATION values (1176, '.', 159, 272084.38, 4170939.46, 891.31);
insert into STATION values (1177, '.', 159, 272085.66, 4170944.92, 890.22);
insert into STATION values (1178, '.', 159, 272089.23, 4170944.53, 888.31);
insert into STATION values (1179, '.', 159, 272091.12, 4170945.31, 886.80);
insert into STATION values (1180, '.', 159, 272094.20, 4170954.86, 885.26);
insert into STATION values (1181, '.', 159, 272094.43, 4170966.51, 885.78);
insert into STATION values (1182, '.', 159, 272093.10, 4170976.83, 887.75);
insert into STATION values (1183, '.', 159, 272094.96, 4170954.70, 887.53);
insert into STATION values (1184, '.', 159, 272090.76, 4170955.91, 886.86);
insert into STATION values (1185, '.', 159, 272097.43, 4170955.75, 886.79);
insert into STATION values (1186, '.', 159, 272099.49, 4170953.01, 886.74);
insert into STATION values (1187, '.', 159, 272090.03, 4170951.16, 886.71);
insert into STATION values (1188, 'B28', 159, 272091.62, 4170959.57, 886.04);
insert into STATION values (1189, '.', 159, 272088.93, 4170963.22, 886.25);
insert into STATION values (1190, '.', 159, 272088.16, 4170960.68, 885.76);
insert into STATION values (1191, '.', 159, 272080.31, 4170962.53, 886.45);
insert into STATION values (1192, '.', 159, 272080.95, 4170958.39, 887.48);
insert into STATION values (1193, '.', 159, 272070.30, 4170962.03, 887.85);
insert into STATION values (1194, '.', 159, 272072.81, 4170965.93, 886.91);
insert into STATION values (1195, '.', 159, 272070.04, 4170962.44, 891.84);
insert into STATION values (1196, '.', 159, 272090.21, 4170956.78, 887.37);
insert into STATION values (1197, '.', 159, 272090.37, 4170957.85, 885.39);
insert into STATION values (1198, '.', 159, 272090.10, 4170962.54, 886.17);
insert into STATION values (1199, '.', 159, 272095.80, 4170963.32, 885.04);
insert into STATION values (1200, '.', 159, 272099.12, 4170967.99, 886.02);
insert into STATION values (1201, '.', 159, 272093.42, 4170962.74, 889.58);
insert into STATION values (1202, '.', 159, 272090.30, 4170962.94, 887.05);
insert into STATION values (1203, '.', 159, 272093.57, 4170959.74, 885.54);
insert into STATION values (1204, '.', 159, 272100.89, 4170959.45, 885.46);
insert into STATION values (1205, '.', 159, 272112.34, 4170958.72, 885.86);
insert into STATION values (1206, '.', 159, 272109.51, 4170957.80, 886.86);
insert into STATION values (1207, '.', 159, 272108.38, 4170961.55, 886.81);
insert into STATION values (1208, '.', 159, 272104.72, 4170963.91, 886.50);
insert into STATION values (1209, '.', 159, 272099.72, 4170964.05, 886.51);
insert into STATION values (1210, '.', 159, 272109.42, 4170957.40, 887.27);
insert into STATION values (1211, '.', 159, 272099.58, 4170957.93, 886.61);
insert into STATION values (1212, '.', 159, 272099.21, 4170953.27, 885.66);
insert into STATION values (1213, '.', 159, 272094.14, 4170955.06, 887.45);
insert into STATION values (1214, '.', 159, 272093.23, 4170956.63, 885.36);
insert into STATION values (1215, '.', 159, 272098.87, 4170960.65, 892.34);
insert into STATION values (1216, '.', 159, 272102.89, 4170959.56, 891.81);
insert into STATION values (1217, '.', 159, 272107.22, 4170959.12, 889.33);
insert into STATION values (1218, '69', 159, 272114.40, 4170958.40, 889.53);
insert into STATION values (1219, '70', 159, 272069.42, 4170964.20, 888.39);
insert into STATION values (1220, 'B29', 159, 272093.70, 4170965.89, 886.31);
insert into STATION values (1221, '.', 159, 272094.12, 4170976.13, 887.23);
insert into STATION values (1222, '.', 159, 272093.60, 4170967.00, 885.80);
insert into STATION values (1223, '.', 159, 272088.64, 4170965.50, 886.47);
insert into STATION values (1224, '.', 159, 272094.20, 4170966.98, 891.19);
insert into STATION values (1225, '.', 159, 272098.26, 4170968.76, 887.17);
insert into STATION values (1226, '.', 159, 272095.07, 4170965.93, 887.37);
insert into STATION values (1227, '.', 159, 272096.80, 4170971.52, 886.12);
insert into STATION values (1228, '.', 159, 272093.54, 4170970.17, 885.78);
insert into STATION values (1229, '.', 159, 272083.31, 4170972.78, 891.15);
insert into STATION values (1230, '.', 159, 272073.24, 4170972.44, 892.59);
insert into STATION values (1231, '.', 159, 272088.38, 4170966.95, 887.57);
insert into STATION values (1232, '.', 159, 272089.88, 4170975.37, 886.97);
insert into STATION values (1233, '.', 159, 272099.64, 4170964.91, 886.22);
insert into STATION values (1234, '.', 159, 272099.54, 4170964.16, 886.21);
insert into STATION values (1235, '.', 159, 272099.64, 4170966.09, 885.46);
insert into STATION values (1236, '.', 159, 272102.29, 4170966.40, 887.74);
insert into STATION values (1237, '.', 159, 272111.53, 4170968.12, 886.12);
insert into STATION values (1238, '.', 159, 272112.31, 4170965.70, 886.02);
insert into STATION values (1239, '.', 159, 272109.59, 4170966.79, 885.14);
insert into STATION values (1240, '.', 159, 272098.96, 4170958.13, 886.10);
insert into STATION values (1241, '72', 159, 272117.05, 4170965.94, 886.43);
insert into STATION values (1242, '.', 159, 272117.60, 4170967.52, 886.24);
insert into STATION values (1243, '.', 159, 272117.86, 4170966.62, 884.83);
insert into STATION values (1244, '.', 159, 272119.97, 4170965.09, 885.97);
insert into STATION values (1245, '.', 159, 272125.28, 4170965.32, 886.87);
insert into STATION values (1246, '.', 159, 272121.07, 4170966.90, 886.21);
insert into STATION values (1247, '.', 159, 272121.32, 4170966.33, 884.44);
insert into STATION values (1248, '.', 159, 272129.94, 4170965.84, 881.84);
insert into STATION values (1249, '.', 159, 272126.17, 4170965.93, 884.43);
insert into STATION values (1250, '.', 159, 272130.19, 4170965.03, 883.41);
insert into STATION values (1251, '.', 159, 272132.92, 4170965.26, 884.20);
insert into STATION values (1252, '.', 159, 272118.03, 4170965.65, 889.72);
insert into STATION values (1253, '.', 159, 272114.61, 4170965.43, 886.82);
insert into STATION values (1254, '.', 159, 272112.94, 4170967.80, 886.16);
insert into STATION values (1255, '.', 159, 272112.22, 4170965.80, 889.01);
insert into STATION values (1256, '73', 159, 272134.36, 4170965.41, 882.34);
insert into STATION values (1257, '74', 159, 272092.67, 4170972.49, 886.46);
insert into STATION values (1258, '.', 159, 272093.16, 4170975.69, 886.10);
insert into STATION values (1259, '.', 159, 272092.75, 4170973.21, 885.80);
insert into STATION values (1260, '.', 159, 272093.65, 4170973.62, 890.59);
insert into STATION values (1261, '.', 159, 272100.84, 4170977.17, 886.25);
insert into STATION values (1262, '.', 159, 272104.48, 4170976.84, 885.91);
insert into STATION values (1263, '.', 159, 272105.76, 4170973.78, 886.05);
insert into STATION values (1264, '.', 159, 272102.11, 4170971.63, 885.85);
insert into STATION values (1265, '.', 159, 272098.01, 4170970.56, 886.24);
insert into STATION values (1266, '.', 159, 272098.20, 4170968.86, 885.93);
insert into STATION values (1267, '.', 159, 272096.96, 4170969.62, 891.15);
insert into STATION values (1268, '.', 159, 272088.34, 4170965.68, 886.80);
insert into STATION values (1269, '.', 159, 272089.31, 4170967.30, 891.29);
insert into STATION values (1270, '.', 159, 272073.39, 4170970.92, 886.43);
insert into STATION values (1271, '.', 159, 272077.93, 4170968.05, 890.21);
insert into STATION values (1272, '.', 159, 272083.88, 4170971.21, 892.61);
insert into STATION values (1273, '.', 159, 272073.91, 4170972.38, 892.38);
insert into STATION values (1274, '.', 159, 272077.25, 4170974.45, 890.89);
insert into STATION values (1275, '75', 159, 272111.53, 4170972.33, 889.82);
insert into STATION values (1276, '76', 159, 272105.04, 4170976.73, 886.87);
insert into STATION values (1277, '.', 159, 272104.95, 4170976.12, 886.77);
insert into STATION values (1278, '.', 159, 272105.41, 4170976.43, 885.38);
insert into STATION values (1279, '.', 159, 272107.99, 4170976.15, 885.69);
insert into STATION values (1280, '.', 159, 272113.71, 4170975.69, 885.32);
insert into STATION values (1281, '.', 159, 272109.34, 4170975.03, 887.46);
insert into STATION values (1282, '.', 159, 272111.62, 4170974.38, 891.20);
insert into STATION values (1283, '.', 159, 272108.01, 4170976.56, 887.34);
insert into STATION values (1284, '77', 159, 272114.12, 4170975.19, 885.81);
insert into STATION values (1285, '.', 159, 272113.99, 4170974.59, 885.85);
insert into STATION values (1286, '.', 159, 272123.90, 4170973.04, 887.47);
insert into STATION values (1287, '.', 159, 272117.08, 4170974.21, 885.97);
insert into STATION values (1288, '.', 159, 272116.23, 4170975.63, 886.05);
insert into STATION values (1289, '.', 159, 272115.20, 4170977.37, 884.53);
insert into STATION values (1290, '.', 159, 272115.68, 4170978.03, 884.28);
insert into STATION values (1291, '.', 159, 272115.86, 4170977.96, 883.80);
insert into STATION values (1292, '.', 159, 272115.38, 4170978.07, 883.91);
insert into STATION values (1293, '78', 159, 272116.47, 4170979.30, 883.31);
insert into STATION values (1294, '79', 159, 272125.07, 4170973.01, 887.36);
insert into STATION values (1295, '80', 159, 272063.41, 4170973.95, 888.66);
insert into STATION values (1296, '.', 159, 272062.99, 4170975.44, 887.95);
insert into STATION values (1297, '.', 159, 272063.77, 4170975.87, 892.40);
insert into STATION values (1298, '.', 159, 272062.89, 4170972.40, 892.55);
insert into STATION values (1299, '.', 159, 272063.07, 4170972.52, 889.30);
insert into STATION values (1300, '.', 159, 272064.29, 4170974.67, 886.96);
insert into STATION values (1301, '.', 159, 272067.65, 4170974.33, 886.95);
insert into STATION values (1302, '.', 159, 272071.63, 4170975.90, 889.67);
insert into STATION values (1303, '.', 159, 272072.62, 4170969.56, 889.67);
insert into STATION values (1304, '.', 159, 272055.94, 4170979.91, 889.70);
insert into STATION values (1305, '.', 159, 272041.93, 4170977.80, 891.93);
insert into STATION values (1306, '.', 159, 272045.40, 4170975.55, 894.64);
insert into STATION values (1307, '.', 159, 272059.15, 4170973.42, 889.27);
insert into STATION values (1308, '.', 159, 272050.43, 4170976.63, 887.92);
insert into STATION values (1309, '.', 159, 272059.35, 4170975.02, 887.97);
insert into STATION values (1310, '81', 159, 272039.83, 4170977.21, 888.00);
insert into STATION values (1311, '.', 159, 272036.47, 4170973.46, 887.78);
insert into STATION values (1312, '.', 159, 272039.01, 4170975.85, 887.15);
insert into STATION values (1313, '.', 159, 272039.05, 4170975.98, 894.02);
insert into STATION values (1314, '.', 159, 272040.16, 4170981.11, 891.54);
insert into STATION values (1315, '.', 159, 272042.34, 4170984.46, 888.87);
insert into STATION values (1316, '.', 159, 272040.99, 4170980.59, 886.80);
insert into STATION values (1317, '.', 159, 272035.33, 4170977.86, 887.03);
insert into STATION values (1318, '.', 159, 272032.06, 4170976.78, 887.80);
insert into STATION values (1319, '.', 159, 272036.64, 4170977.70, 888.99);
insert into STATION values (1320, '.', 159, 272035.24, 4170979.70, 888.26);
insert into STATION values (1321, '.', 159, 272034.40, 4170981.60, 886.99);
insert into STATION values (1322, '.', 159, 272042.21, 4170974.26, 887.75);
insert into STATION values (1323, '.', 159, 272042.58, 4170984.57, 887.52);
insert into STATION values (1324, '.', 159, 272047.34, 4170983.31, 888.35);
insert into STATION values (1325, '.', 159, 272049.28, 4170981.34, 888.14);
insert into STATION values (1326, '.', 159, 272044.14, 4170978.16, 887.34);
insert into STATION values (1327, '.', 159, 272046.75, 4170974.21, 888.20);
insert into STATION values (1328, '.', 159, 272042.69, 4170978.15, 892.12);
insert into STATION values (1329, '.', 159, 272047.52, 4170978.26, 893.27);
insert into STATION values (1330, '82', 159, 272028.91, 4170980.62, 887.84);
insert into STATION values (1331, '83', 159, 272119.46, 4170944.43, 886.82);
insert into STATION values (1332, '.', 159, 272118.65, 4170940.47, 886.93);
insert into STATION values (1333, '.', 159, 272118.64, 4170940.63, 895.44);
insert into STATION values (1334, '.', 159, 272121.51, 4170948.41, 888.11);
insert into STATION values (1335, '.', 159, 272104.45, 4170937.92, 886.22);
insert into STATION values (1336, '.', 159, 272112.47, 4170944.54, 885.09);
insert into STATION values (1337, '.', 159, 272114.88, 4170941.24, 886.59);
insert into STATION values (1338, '.', 159, 272110.08, 4170949.33, 885.54);
insert into STATION values (1339, '.', 159, 272116.33, 4170948.07, 890.85);
insert into STATION values (1340, '.', 159, 272128.36, 4170942.57, 893.14);
insert into STATION values (1341, '.', 159, 272134.72, 4170940.33, 889.55);
insert into STATION values (1342, '.', 159, 272130.82, 4170943.57, 885.98);
insert into STATION values (1343, '.', 159, 272122.99, 4170944.42, 886.01);
insert into STATION values (1344, '.', 159, 272125.89, 4170947.49, 891.62);
insert into STATION values (1345, '.', 159, 272122.83, 4170945.19, 895.44);
insert into STATION values (1346, 'B30', 159, 272136.41, 4170943.56, 887.29);
insert into STATION values (1347, '.', 159, 272130.76, 4170937.88, 887.54);
insert into STATION values (1348, '.', 159, 272135.60, 4170939.20, 889.24);
insert into STATION values (1349, '.', 159, 272144.25, 4170937.01, 888.90);
insert into STATION values (1350, '.', 159, 272140.03, 4170940.78, 885.23);
insert into STATION values (1351, '.', 159, 272141.92, 4170939.48, 885.98);
insert into STATION values (1352, '.', 159, 272136.82, 4170943.02, 886.58);
insert into STATION values (1353, '.', 159, 272125.26, 4170940.21, 889.91);
insert into STATION values (1354, '.', 159, 272129.78, 4170943.42, 894.06);
insert into STATION values (1355, '.', 159, 272130.66, 4170947.02, 888.90);
insert into STATION values (1356, '.', 159, 272130.11, 4170935.43, 887.45);
insert into STATION values (1357, '.', 159, 272133.93, 4170931.46, 888.52);
insert into STATION values (1358, '.', 159, 272137.73, 4170934.24, 888.64);
insert into STATION values (1359, '.', 159, 272136.15, 4170935.29, 885.02);
insert into STATION values (1360, '.', 159, 272141.77, 4170949.71, 884.57);
insert into STATION values (1361, '.', 159, 272151.93, 4170955.53, 885.40);
insert into STATION values (1362, '.', 159, 272140.87, 4170956.48, 888.56);
insert into STATION values (1363, '.', 159, 272134.54, 4170947.77, 888.62);
insert into STATION values (1364, '.', 159, 272150.70, 4170947.42, 888.48);
insert into STATION values (1365, '.', 159, 272145.21, 4170947.32, 886.40);
insert into STATION values (1366, '.', 159, 272143.92, 4170948.94, 885.69);
insert into STATION values (1367, '.', 159, 272141.14, 4170952.91, 885.96);
insert into STATION values (1368, '.', 159, 272145.84, 4170950.10, 888.72);
insert into STATION values (1369, '.', 159, 272141.12, 4170946.52, 889.70);
insert into STATION values (1370, '86', 159, 272159.03, 4170956.52, 888.41);
insert into STATION values (1371, '.', 159, 272159.63, 4170954.61, 888.33);
insert into STATION values (1372, '.', 159, 272159.16, 4170956.76, 889.38);
insert into STATION values (1373, '.', 159, 272157.55, 4170959.58, 888.43);
insert into STATION values (1374, '.', 159, 272148.93, 4170947.59, 887.54);
insert into STATION values (1375, '.', 159, 272141.69, 4170956.69, 887.60);
insert into STATION values (1376, '.', 159, 272153.36, 4170955.72, 888.83);
insert into STATION values (1377, '.', 159, 272144.72, 4170950.10, 885.45);
insert into STATION values (1378, '.', 159, 272167.06, 4170953.31, 887.93);
insert into STATION values (1379, '.', 159, 272167.53, 4170960.39, 887.92);
insert into STATION values (1380, '.', 159, 272167.77, 4170960.07, 887.09);
insert into STATION values (1381, '.', 159, 272162.74, 4170960.79, 887.82);
insert into STATION values (1382, '.', 159, 272166.53, 4170962.01, 887.97);
insert into STATION values (1383, '.', 159, 272163.45, 4170959.62, 889.36);
insert into STATION values (1384, '.', 159, 272161.20, 4170958.08, 890.01);
insert into STATION values (1385, '.', 159, 272160.24, 4170959.43, 888.07);
insert into STATION values (1386, '87', 159, 272168.62, 4170962.97, 886.79);
insert into STATION values (1387, '.', 159, 272169.45, 4170962.38, 886.93);
insert into STATION values (1388, '.', 159, 272168.33, 4170963.37, 887.73);
insert into STATION values (1389, '.', 159, 272167.27, 4170965.09, 887.18);
insert into STATION values (1390, '.', 159, 272168.38, 4170963.63, 886.35);
insert into STATION values (1391, '.', 159, 272170.58, 4170963.72, 887.26);
insert into STATION values (1392, '.', 159, 272168.11, 4170966.86, 887.45);
insert into STATION values (1393, '.', 159, 272169.99, 4170965.41, 886.85);
insert into STATION values (1394, '.', 159, 272172.06, 4170965.68, 887.76);
insert into STATION values (1395, '.', 159, 272168.12, 4170961.91, 887.42);
insert into STATION values (1396, '.', 159, 272167.16, 4170961.92, 886.42);
insert into STATION values (1397, '.', 159, 272165.46, 4170960.53, 886.95);
insert into STATION values (1398, '.', 159, 272167.98, 4170960.69, 886.93);
insert into STATION values (1399, 'B31', 159, 272171.12, 4170967.63, 889.01);
insert into STATION values (1400, '.', 159, 272169.12, 4170966.65, 889.17);
insert into STATION values (1401, '.', 159, 272165.75, 4170968.67, 890.54);
insert into STATION values (1402, '.', 159, 272167.79, 4170969.46, 890.59);
insert into STATION values (1403, '.', 159, 272168.96, 4170970.26, 889.80);
insert into STATION values (1404, '.', 159, 272168.28, 4170969.89, 889.75);
insert into STATION values (1405, '.', 159, 272166.99, 4170972.47, 890.49);
insert into STATION values (1406, '.', 159, 272165.82, 4170970.91, 890.70);
insert into STATION values (1407, '.', 159, 272167.66, 4170970.44, 890.44);
insert into STATION values (1408, '.', 159, 272171.18, 4170967.77, 887.77);
insert into STATION values (1409, '.', 159, 272173.37, 4170969.10, 888.80);
insert into STATION values (1410, '.', 159, 272177.99, 4170969.91, 890.47);
insert into STATION values (1411, '.', 159, 272172.67, 4170966.49, 890.58);
insert into STATION values (1412, '.', 159, 272172.01, 4170965.32, 889.98);
insert into STATION values (1413, '.', 159, 272170.92, 4170964.84, 888.71);
insert into STATION values (1414, '.', 159, 272172.41, 4170967.09, 887.97);
insert into STATION values (1415, '89', 159, 272164.44, 4170973.81, 890.88);
insert into STATION values (1416, '90', 159, 272178.14, 4170966.36, 889.48);
insert into STATION values (1417, '.', 159, 272179.09, 4170968.47, 889.73);
insert into STATION values (1418, '.', 159, 272176.18, 4170970.24, 890.62);
insert into STATION values (1419, '.', 159, 272173.99, 4170967.28, 890.59);
insert into STATION values (1420, '.', 159, 272170.53, 4170966.63, 890.08);
insert into STATION values (1421, '.', 159, 272169.09, 4170965.85, 888.19);
insert into STATION values (1422, '.', 159, 272173.51, 4170964.01, 889.78);
insert into STATION values (1423, '.', 159, 272176.31, 4170960.93, 890.67);
insert into STATION values (1424, '.', 159, 272178.01, 4170965.90, 890.93);
insert into STATION values (1425, '.', 159, 272178.55, 4170966.16, 888.72);
insert into STATION values (1426, '.', 159, 272182.32, 4170965.37, 887.92);
insert into STATION values (1427, '.', 159, 272193.52, 4170963.02, 887.41);
insert into STATION values (1428, '.', 159, 272191.04, 4170962.33, 889.06);
insert into STATION values (1429, '.', 159, 272184.05, 4170959.76, 889.96);
insert into STATION values (1430, '.', 159, 272179.03, 4170959.69, 890.23);
insert into STATION values (1431, '.', 159, 272181.22, 4170964.78, 891.63);
insert into STATION values (1432, '.', 159, 272190.06, 4170963.71, 890.04);
insert into STATION values (1433, '.', 159, 272181.75, 4170967.91, 889.92);
insert into STATION values (1434, '.', 159, 272184.80, 4170966.07, 889.26);
insert into STATION values (1435, '91', 159, 272198.66, 4170963.59, 888.51);
insert into STATION values (1436, '.', 159, 272198.55, 4170961.11, 889.14);
insert into STATION values (1437, '.', 159, 272198.84, 4170962.40, 888.27);
insert into STATION values (1438, '.', 159, 272198.66, 4170963.70, 889.62);
insert into STATION values (1439, '.', 159, 272199.05, 4170965.17, 887.13);
insert into STATION values (1440, '.', 159, 272199.80, 4170970.42, 889.49);
insert into STATION values (1441, '.', 159, 272199.07, 4170965.25, 889.78);
insert into STATION values (1442, '.', 159, 272204.31, 4170966.48, 886.54);
insert into STATION values (1443, '.', 159, 272210.65, 4170966.66, 885.94);
insert into STATION values (1444, '.', 159, 272209.88, 4170965.22, 890.69);
insert into STATION values (1445, '.', 159, 272202.41, 4170964.98, 890.70);
insert into STATION values (1446, '.', 159, 272208.56, 4170970.06, 889.63);
insert into STATION values (1447, '.', 159, 272215.76, 4170969.49, 889.80);
insert into STATION values (1448, '.', 159, 272206.44, 4170962.85, 889.22);
insert into STATION values (1449, '.', 159, 272192.86, 4170960.97, 889.03);
insert into STATION values (1450, '.', 159, 272196.63, 4170960.85, 889.25);
insert into STATION values (1451, '.', 159, 272195.77, 4170963.95, 889.25);
insert into STATION values (1452, '.', 159, 272190.72, 4170964.07, 887.10);
insert into STATION values (1453, '.', 159, 272193.47, 4170968.12, 889.82);
insert into STATION values (1454, 'B32', 159, 272214.95, 4170966.60, 887.89);
insert into STATION values (1455, '.', 159, 272210.00, 4170959.40, 887.16);
insert into STATION values (1456, '.', 159, 272210.31, 4170961.87, 885.23);
insert into STATION values (1457, '.', 159, 272212.26, 4170962.85, 885.63);
insert into STATION values (1458, '.', 159, 272212.41, 4170959.28, 885.86);
insert into STATION values (1459, '.', 159, 272214.84, 4170964.19, 890.73);
insert into STATION values (1460, '.', 159, 272217.78, 4170960.46, 889.65);
insert into STATION values (1461, '.', 159, 272218.79, 4170958.15, 887.32);
insert into STATION values (1462, '.', 159, 272216.03, 4170962.66, 886.88);
insert into STATION values (1463, '.', 159, 272216.09, 4170959.52, 887.79);
insert into STATION values (1464, '.', 159, 272215.64, 4170957.14, 888.92);
insert into STATION values (1465, '.', 159, 272226.33, 4170956.40, 890.36);
insert into STATION values (1466, '.', 159, 272221.36, 4170964.55, 890.18);
insert into STATION values (1467, '.', 159, 272217.87, 4170951.37, 889.11);
insert into STATION values (1468, '.', 159, 272213.43, 4170971.80, 890.26);
insert into STATION values (1469, '.', 159, 272212.36, 4170967.32, 891.02);
insert into STATION values (1470, '.', 159, 272206.89, 4170967.17, 890.91);
insert into STATION values (1471, '.', 159, 272206.53, 4170970.06, 890.66);
insert into STATION values (1472, '.', 159, 272208.60, 4170961.89, 890.47);
insert into STATION values (1473, '93', 159, 272209.93, 4170959.68, 884.38);
insert into STATION values (1474, '.', 159, 272211.22, 4170958.10, 884.45);
insert into STATION values (1475, '.', 159, 272209.95, 4170959.70, 883.95);
insert into STATION values (1476, '.', 159, 272209.88, 4170959.52, 884.63);
insert into STATION values (1477, '.', 159, 272207.03, 4170960.54, 883.17);
insert into STATION values (1478, '.', 159, 272206.50, 4170955.58, 881.60);
insert into STATION values (1479, '.', 159, 272209.39, 4170957.94, 882.81);
insert into STATION values (1480, '.', 159, 272209.73, 4170957.87, 884.85);
insert into STATION values (1481, '.', 159, 272210.06, 4170957.43, 883.64);
insert into STATION values (1482, '94', 159, 272208.62, 4170948.41, 878.07);
insert into STATION values (1483, '95', 159, 272225.28, 4170946.10, 888.87);
insert into STATION values (1484, '.', 159, 272218.89, 4170943.22, 892.31);
insert into STATION values (1485, '.', 159, 272222.72, 4170945.68, 896.88);
insert into STATION values (1486, '.', 159, 272225.12, 4170942.41, 889.57);
insert into STATION values (1487, '.', 159, 272225.40, 4170943.92, 887.27);
insert into STATION values (1488, '.', 159, 272231.49, 4170940.01, 894.00);
insert into STATION values (1489, '.', 159, 272233.34, 4170944.76, 895.60);
insert into STATION values (1490, '.', 159, 272227.67, 4170943.73, 887.33);
insert into STATION values (1491, '.', 159, 272222.85, 4170949.07, 887.11);
insert into STATION values (1492, '.', 159, 272218.46, 4170956.64, 887.06);
insert into STATION values (1493, '.', 159, 272217.58, 4170952.07, 889.64);
insert into STATION values (1494, '.', 159, 272226.15, 4170955.72, 890.42);
insert into STATION values (1495, '96', 159, 272225.84, 4170945.56, 888.65);
insert into STATION values (1496, '.', 159, 272226.11, 4170945.16, 887.02);
insert into STATION values (1497, '.', 159, 272225.26, 4170941.89, 888.73);
insert into STATION values (1498, '.', 159, 272225.92, 4170944.53, 896.69);
insert into STATION values (1499, 'B33', 159, 272232.01, 4170942.13, 888.33);
insert into STATION values (1500, '.', 159, 272231.94, 4170942.02, 887.94);
insert into STATION values (1501, '.', 159, 272231.50, 4170939.37, 888.99);
insert into STATION values (1502, '.', 159, 272235.42, 4170942.68, 897.77);
insert into STATION values (1503, '.', 159, 272236.36, 4170944.19, 896.12);
insert into STATION values (1504, '.', 159, 272235.50, 4170940.59, 896.32);
insert into STATION values (1505, '.', 159, 272233.04, 4170946.24, 890.88);
insert into STATION values (1506, '.', 159, 272232.63, 4170943.52, 888.32);
insert into STATION values (1507, '.', 159, 272232.04, 4170938.90, 886.61);
insert into STATION values (1508, '.', 159, 272229.21, 4170939.41, 886.56);
insert into STATION values (1509, '.', 159, 272227.03, 4170940.83, 888.13);
insert into STATION values (1510, '.', 159, 272228.14, 4170943.12, 887.67);
insert into STATION values (1511, '.', 159, 272224.43, 4170941.89, 895.01);
insert into STATION values (1512, '98', 159, 272230.14, 4170937.18, 885.04);
insert into STATION values (1513, '.', 159, 272229.09, 4170936.98, 884.98);
insert into STATION values (1514, '.', 159, 272229.93, 4170937.35, 885.51);
insert into STATION values (1515, '.', 159, 272229.97, 4170936.88, 884.46);
insert into STATION values (1516, '.', 159, 272231.82, 4170937.54, 885.14);
insert into STATION values (1517, '.', 159, 272230.40, 4170937.87, 886.26);
insert into STATION values (1518, '.', 159, 272230.61, 4170939.05, 885.90);
insert into STATION values (1519, '.', 159, 272231.28, 4170938.12, 885.30);
insert into STATION values (1520, '.', 159, 272234.01, 4170935.72, 884.93);
insert into STATION values (1521, '.', 159, 272234.57, 4170933.37, 884.72);
insert into STATION values (1522, '.', 159, 272232.60, 4170934.34, 885.22);
insert into STATION values (1523, '.', 159, 272231.72, 4170935.00, 883.99);
insert into STATION values (1524, '.', 159, 272229.90, 4170933.00, 884.42);
insert into STATION values (1525, '99', 159, 272235.17, 4170930.01, 884.87);
insert into STATION values (1526, '72a', 159, 272133.25, 4170963.79, 883.11);
insert into STATION values (1527, '.', 159, 272133.15, 4170963.19, 883.11);
insert into STATION values (1528, '.', 159, 272133.19, 4170963.61, 884.04);
insert into STATION values (1529, '.', 159, 272133.36, 4170963.67, 882.25);
insert into STATION values (1530, '72b', 159, 272134.40, 4170962.96, 881.89);
insert into STATION values (1531, '.', 159, 272134.51, 4170963.30, 881.85);
insert into STATION values (1532, '.', 159, 272134.37, 4170962.94, 882.18);
insert into STATION values (1533, '.', 159, 272133.87, 4170962.81, 881.99);
insert into STATION values (1534, '.', 159, 272134.20, 4170962.87, 881.52);
insert into STATION values (1535, '72c', 159, 272138.91, 4170962.39, 881.70);
insert into STATION values (1536, '.', 159, 272139.33, 4170962.81, 881.82);
insert into STATION values (1537, '.', 159, 272139.25, 4170962.14, 882.48);
insert into STATION values (1538, '.', 159, 272139.53, 4170961.94, 882.85);
insert into STATION values (1539, '.', 159, 272138.86, 4170961.84, 881.74);
insert into STATION values (1540, '.', 159, 272138.85, 4170962.31, 880.97);
insert into STATION values (1541, 'PTR_FR24_B18_00', 619, 272141.93, 4170869.26, 880.51);
insert into STATION values (1542, '.', 619, 272147.57, 4170874.06, 881.40);
insert into STATION values (1543, '.', 619, 272153.96, 4170876.42, 883.18);
insert into STATION values (1544, '.', 619, 272144.87, 4170884.05, 882.81);
insert into STATION values (1545, '.', 619, 272140.31, 4170880.07, 881.64);
insert into STATION values (1546, '.', 619, 272132.19, 4170873.49, 881.94);
insert into STATION values (1547, '.', 619, 272132.90, 4170868.94, 881.81);
insert into STATION values (1548, '.', 619, 272130.60, 4170863.38, 882.53);
insert into STATION values (1549, '.', 619, 272136.36, 4170858.26, 882.37);
insert into STATION values (1550, '.', 619, 272144.20, 4170863.32, 881.63);
insert into STATION values (1551, '.', 619, 272145.95, 4170862.51, 882.51);
insert into STATION values (1552, '.', 619, 272147.72, 4170865.20, 882.06);
insert into STATION values (1553, '.', 619, 272142.16, 4170869.51, 879.90);
insert into STATION values (1554, '.', 619, 272142.74, 4170869.21, 884.19);
insert into STATION values (1555, '1', 619, 272162.47, 4170871.84, 881.69);
insert into STATION values (1556, '.', 619, 272159.83, 4170877.01, 882.38);
insert into STATION values (1557, '.', 619, 272157.76, 4170874.49, 882.30);
insert into STATION values (1558, '.', 619, 272168.83, 4170872.70, 882.10);
insert into STATION values (1559, '.', 619, 272169.00, 4170865.65, 883.13);
insert into STATION values (1560, '.', 619, 272163.89, 4170863.65, 882.43);
insert into STATION values (1561, '.', 619, 272159.47, 4170864.37, 882.06);
insert into STATION values (1562, '.', 619, 272155.60, 4170865.41, 882.45);
insert into STATION values (1563, '.', 619, 272162.77, 4170871.76, 880.09);
insert into STATION values (1564, '.', 619, 272163.88, 4170870.54, 884.54);
insert into STATION values (1565, '2', 619, 272172.11, 4170878.57, 878.97);
insert into STATION values (1566, '.', 619, 272179.15, 4170883.07, 878.52);
insert into STATION values (1567, '.', 619, 272172.84, 4170882.34, 879.63);
insert into STATION values (1568, '.', 619, 272168.20, 4170882.99, 879.50);
insert into STATION values (1569, '.', 619, 272180.41, 4170874.58, 879.81);
insert into STATION values (1570, '.', 619, 272174.38, 4170872.51, 879.73);
insert into STATION values (1571, '.', 619, 272168.62, 4170873.99, 879.19);
insert into STATION values (1572, '.', 619, 272172.37, 4170878.78, 878.76);
insert into STATION values (1573, '.', 619, 272173.82, 4170878.06, 881.49);
insert into STATION values (1574, '.', 619, 272174.15, 4170911.40, 888.59);
insert into STATION values (1575, '.', 619, 272165.03, 4170899.67, 885.44);
insert into STATION values (1576, '.', 619, 272145.11, 4170889.07, 881.30);
insert into STATION values (1577, '.', 619, 272161.97, 4170879.38, 879.66);
insert into STATION values (1578, 'PTR_FR24_A62_3', 619, 272191.51, 4170886.10, 878.89);
insert into STATION values (1579, '.', 619, 272202.11, 4170886.26, 881.88);
insert into STATION values (1580, '.', 619, 272196.11, 4170881.48, 880.45);
insert into STATION values (1581, '.', 619, 272188.94, 4170877.83, 879.48);
insert into STATION values (1582, '.', 619, 272184.03, 4170877.63, 879.66);
insert into STATION values (1583, '.', 619, 272163.27, 4170903.52, 881.79);
insert into STATION values (1584, '.', 619, 272169.76, 4170910.32, 882.71);
insert into STATION values (1585, '.', 619, 272179.25, 4170910.24, 882.79);
insert into STATION values (1586, '.', 619, 272187.51, 4170895.26, 879.97);
insert into STATION values (1587, '.', 619, 272194.43, 4170893.02, 879.77);
insert into STATION values (1588, '.', 619, 272191.40, 4170886.25, 878.45);
insert into STATION values (1589, '.', 619, 272191.08, 4170886.33, 885.13);
insert into STATION values (1590, '4', 619, 272197.02, 4170892.02, 880.73);
insert into STATION values (1591, '.', 619, 272197.43, 4170894.50, 880.74);
insert into STATION values (1592, '.', 619, 272199.90, 4170893.68, 880.87);
insert into STATION values (1593, '.', 619, 272196.25, 4170892.56, 880.63);
insert into STATION values (1594, '.', 619, 272198.91, 4170890.11, 880.50);
insert into STATION values (1595, '.', 619, 272197.29, 4170889.49, 880.22);
insert into STATION values (1596, '.', 619, 272193.45, 4170880.41, 878.98);
insert into STATION values (1597, '.', 619, 272201.96, 4170889.81, 880.60);
insert into STATION values (1598, '.', 619, 272197.22, 4170892.05, 879.20);
insert into STATION values (1599, '.', 619, 272202.26, 4170890.85, 893.51);
insert into STATION values (1600, '5', 619, 272210.45, 4170892.07, 879.66);
insert into STATION values (1601, '.', 619, 272209.31, 4170889.26, 879.73);
insert into STATION values (1602, '.', 619, 272212.95, 4170888.85, 880.00);
insert into STATION values (1603, '.', 619, 272216.11, 4170889.14, 879.72);
insert into STATION values (1604, '.', 619, 272220.03, 4170886.14, 877.83);
insert into STATION values (1605, '.', 619, 272233.82, 4170888.84, 881.10);
insert into STATION values (1606, '.', 619, 272235.75, 4170897.47, 880.74);
insert into STATION values (1607, '.', 619, 272237.23, 4170906.58, 881.04);
insert into STATION values (1608, '.', 619, 272230.89, 4170911.30, 881.52);
insert into STATION values (1609, '.', 619, 272221.06, 4170908.75, 881.18);
insert into STATION values (1610, '.', 619, 272212.20, 4170910.04, 882.64);
insert into STATION values (1611, '.', 619, 272205.25, 4170912.54, 882.21);
insert into STATION values (1612, '.', 619, 272201.63, 4170913.43, 882.33);
insert into STATION values (1613, '.', 619, 272210.44, 4170892.46, 878.55);
insert into STATION values (1614, '.', 619, 272208.39, 4170895.20, 892.96);
insert into STATION values (1615, '6', 619, 272239.92, 4170903.59, 880.93);
insert into STATION values (1616, '.', 619, 272217.73, 4170887.14, 882.23);
insert into STATION values (1617, '.', 619, 272221.96, 4170908.09, 881.77);
insert into STATION values (1618, '.', 619, 272237.48, 4170906.92, 880.71);
insert into STATION values (1619, '.', 619, 272240.20, 4170904.95, 880.86);
insert into STATION values (1620, '.', 619, 272240.64, 4170903.31, 881.02);
insert into STATION values (1621, '.', 619, 272240.04, 4170902.25, 880.94);
insert into STATION values (1622, '.', 619, 272239.62, 4170903.79, 884.28);
insert into STATION values (1623, '.', 619, 272239.71, 4170903.99, 879.51);
insert into STATION values (1624, '7', 619, 272210.90, 4170904.88, 881.05);
insert into STATION values (1625, '.', 619, 272195.37, 4170914.17, 880.89);
insert into STATION values (1626, '.', 619, 272204.79, 4170913.44, 881.06);
insert into STATION values (1627, '.', 619, 272210.17, 4170911.45, 881.16);
insert into STATION values (1628, '.', 619, 272219.00, 4170907.68, 881.03);
insert into STATION values (1629, '.', 619, 272236.35, 4170899.45, 880.09);
insert into STATION values (1630, '.', 619, 272234.09, 4170891.19, 880.95);
insert into STATION values (1631, '.', 619, 272230.54, 4170880.75, 880.07);
insert into STATION values (1632, '.', 619, 272217.55, 4170888.38, 879.99);
insert into STATION values (1633, '.', 619, 272209.81, 4170889.12, 880.33);
insert into STATION values (1634, '.', 619, 272201.83, 4170890.17, 884.75);
insert into STATION values (1635, '.', 619, 272209.68, 4170904.65, 879.86);
insert into STATION values (1636, '.', 619, 272199.06, 4170901.21, 894.25);
insert into STATION values (1637, '.', 619, 272210.41, 4170903.41, 885.66);
insert into STATION values (1638, '.', 619, 272211.27, 4170903.21, 884.92);
insert into STATION values (1639, '.', 619, 272210.60, 4170903.17, 884.98);
insert into STATION values (1640, '8', 619, 272205.09, 4170909.59, 880.18);
insert into STATION values (1641, '.', 619, 272210.87, 4170911.38, 880.49);
insert into STATION values (1642, '.', 619, 272206.48, 4170913.00, 879.94);
insert into STATION values (1643, '.', 619, 272202.36, 4170914.45, 880.23);
insert into STATION values (1644, '.', 619, 272194.61, 4170913.09, 879.86);
insert into STATION values (1645, '.', 619, 272186.89, 4170911.68, 879.74);
insert into STATION values (1646, '.', 619, 272223.39, 4170886.94, 883.19);
insert into STATION values (1647, '.', 619, 272205.03, 4170911.01, 878.42);
insert into STATION values (1648, '.', 619, 272205.91, 4170910.18, 884.02);
insert into STATION values (1649, '.', 619, 272206.97, 4170905.86, 892.31);
insert into STATION values (1650, '9', 619, 272204.35, 4170920.65, 877.01);
insert into STATION values (1651, '.', 619, 272208.07, 4170925.11, 877.63);
insert into STATION values (1652, '.', 619, 272204.02, 4170930.89, 877.94);
insert into STATION values (1653, '.', 619, 272200.89, 4170931.66, 878.18);
insert into STATION values (1654, '.', 619, 272197.15, 4170926.01, 878.01);
insert into STATION values (1655, '.', 619, 272196.61, 4170920.45, 876.90);
insert into STATION values (1656, '.', 619, 272200.71, 4170916.78, 877.16);
insert into STATION values (1657, '.', 619, 272209.36, 4170915.09, 877.84);
insert into STATION values (1658, '.', 619, 272204.07, 4170920.46, 876.48);
insert into STATION values (1659, '.', 619, 272203.80, 4170920.38, 878.88);
insert into STATION values (1660, '10', 619, 272182.66, 4170914.00, 877.20);
insert into STATION values (1661, '.', 619, 272182.64, 4170913.39, 877.22);
insert into STATION values (1662, '.', 619, 272182.68, 4170914.69, 877.22);
insert into STATION values (1663, '.', 619, 272182.56, 4170914.00, 877.64);
insert into STATION values (1664, '.', 619, 272182.61, 4170913.94, 876.65);
insert into STATION values (1665, '11', 619, 272179.71, 4170909.66, 881.56);
insert into STATION values (1666, '.', 619, 272179.65, 4170910.46, 881.62);
insert into STATION values (1667, '.', 619, 272168.87, 4170910.27, 882.60);
insert into STATION values (1668, '.', 619, 272163.71, 4170906.30, 882.70);
insert into STATION values (1669, '.', 619, 272164.79, 4170903.77, 881.87);
insert into STATION values (1670, '.', 619, 272188.72, 4170878.28, 879.85);
insert into STATION values (1671, '.', 619, 272191.51, 4170880.64, 879.92);
insert into STATION values (1672, '.', 619, 272179.79, 4170909.29, 880.27);
insert into STATION values (1673, '.', 619, 272176.30, 4170908.51, 892.56);
insert into STATION values (1674, '12', 619, 272160.67, 4170900.83, 881.39);
insert into STATION values (1675, '.', 619, 272161.22, 4170904.56, 881.37);
insert into STATION values (1676, '.', 619, 272151.81, 4170908.07, 881.81);
insert into STATION values (1677, '.', 619, 272139.67, 4170888.25, 881.44);
insert into STATION values (1678, '.', 619, 272163.07, 4170896.44, 878.49);
insert into STATION values (1679, '.', 619, 272161.63, 4170900.90, 887.14);
insert into STATION values (1680, 'PTR_FR24_B19_13', 619, 272151.03, 4170900.87, 881.22);
insert into STATION values (1681, '.', 619, 272161.73, 4170904.05, 881.96);
insert into STATION values (1682, '.', 619, 272156.56, 4170907.04, 881.77);
insert into STATION values (1683, '.', 619, 272151.30, 4170908.05, 881.65);
insert into STATION values (1684, '.', 619, 272145.60, 4170910.74, 881.24);
insert into STATION values (1685, '.', 619, 272140.09, 4170920.18, 883.36);
insert into STATION values (1686, '.', 619, 272128.65, 4170919.90, 884.62);
insert into STATION values (1687, '.', 619, 272125.04, 4170909.96, 883.82);
insert into STATION values (1688, '.', 619, 272131.58, 4170896.40, 881.57);
insert into STATION values (1689, '.', 619, 272141.13, 4170888.80, 881.60);
insert into STATION values (1690, '.', 619, 272144.76, 4170886.43, 882.65);
insert into STATION values (1691, '.', 619, 272143.74, 4170884.23, 881.63);
insert into STATION values (1692, '.', 619, 272148.44, 4170899.62, 879.42);
insert into STATION values (1693, '.', 619, 272150.17, 4170901.74, 887.19);
insert into STATION values (1694, 'PTR_FR24_B13_00', 670, 272209.29, 4170797.94, 879.35);
insert into STATION values (1695, '.', 670, 272210.79, 4170788.81, 881.25);
insert into STATION values (1696, '.', 670, 272216.74, 4170785.80, 880.40);
insert into STATION values (1697, '.', 670, 272223.16, 4170788.39, 879.94);
insert into STATION values (1698, '.', 670, 272234.94, 4170806.79, 879.40);
insert into STATION values (1699, '.', 670, 272222.47, 4170812.55, 880.45);
insert into STATION values (1700, '.', 670, 272214.84, 4170818.15, 880.38);
insert into STATION values (1701, '.', 670, 272195.28, 4170802.73, 880.62);
insert into STATION values (1702, '.', 670, 272181.84, 4170793.57, 880.71);
insert into STATION values (1703, '.', 670, 272188.56, 4170786.71, 880.01);
insert into STATION values (1704, '.', 670, 272208.02, 4170796.65, 877.04);
insert into STATION values (1705, '.', 670, 272208.51, 4170798.21, 884.90);
insert into STATION values (1706, '1', 670, 272234.04, 4170789.13, 878.46);
insert into STATION values (1707, '.', 670, 272225.24, 4170786.88, 880.54);
insert into STATION values (1708, '.', 670, 272229.30, 4170778.09, 881.05);
insert into STATION values (1709, '.', 670, 272237.13, 4170776.41, 880.46);
insert into STATION values (1710, '.', 670, 272247.31, 4170774.10, 879.19);
insert into STATION values (1711, '.', 670, 272252.79, 4170779.60, 879.52);
insert into STATION values (1712, '.', 670, 272255.68, 4170783.79, 879.86);
insert into STATION values (1713, '.', 670, 272244.68, 4170800.63, 878.95);
insert into STATION values (1714, '.', 670, 272240.55, 4170802.93, 879.39);
insert into STATION values (1715, '.', 670, 272234.45, 4170789.09, 877.59);
insert into STATION values (1716, '.', 670, 272234.28, 4170790.54, 883.28);
insert into STATION values (1717, '2', 670, 272255.07, 4170793.52, 879.42);
insert into STATION values (1718, '.', 670, 272256.43, 4170786.90, 879.84);
insert into STATION values (1719, '.', 670, 272267.08, 4170785.84, 880.02);
insert into STATION values (1720, '.', 670, 272258.83, 4170797.54, 879.33);
insert into STATION values (1721, '.', 670, 272253.17, 4170797.53, 879.38);
insert into STATION values (1722, '.', 670, 272247.69, 4170796.61, 879.98);
insert into STATION values (1723, '.', 670, 272255.14, 4170793.56, 877.93);
insert into STATION values (1724, '.', 670, 272254.72, 4170792.25, 885.22);
insert into STATION values (1725, '3', 670, 272269.28, 4170795.12, 880.28);
insert into STATION values (1726, '.', 670, 272265.06, 4170786.19, 880.11);
insert into STATION values (1727, '.', 670, 272259.45, 4170784.96, 880.40);
insert into STATION values (1728, '.', 670, 272272.12, 4170787.15, 882.03);
insert into STATION values (1729, '.', 670, 272276.53, 4170801.35, 880.73);
insert into STATION values (1730, '.', 670, 272269.49, 4170799.39, 880.30);
insert into STATION values (1731, '.', 670, 272265.45, 4170797.88, 880.24);
insert into STATION values (1732, '.', 670, 272269.51, 4170795.63, 879.11);
insert into STATION values (1733, '.', 670, 272269.61, 4170795.23, 881.56);
insert into STATION values (1734, '4', 670, 272290.90, 4170791.99, 879.81);
insert into STATION values (1735, '.', 670, 272279.95, 4170786.90, 882.03);
insert into STATION values (1736, '.', 670, 272284.18, 4170782.03, 881.85);
insert into STATION values (1737, '.', 670, 272290.63, 4170778.88, 882.89);
insert into STATION values (1738, '.', 670, 272298.10, 4170776.21, 885.45);
insert into STATION values (1739, '.', 670, 272308.30, 4170786.05, 887.02);
insert into STATION values (1740, '.', 670, 272300.10, 4170796.55, 885.32);
insert into STATION values (1741, '.', 670, 272295.11, 4170796.46, 883.71);
insert into STATION values (1742, '.', 670, 272292.09, 4170802.04, 883.49);
insert into STATION values (1743, '.', 670, 272284.19, 4170808.47, 882.41);
insert into STATION values (1744, '.', 670, 272289.83, 4170791.72, 878.43);
insert into STATION values (1745, '.', 670, 272291.85, 4170792.64, 885.67);
insert into STATION values (1746, 'PTR_FR24_A64_5', 670, 272300.09, 4170784.65, 882.37);
insert into STATION values (1747, '.', 670, 272303.45, 4170775.82, 885.44);
insert into STATION values (1748, '.', 670, 272298.08, 4170776.96, 884.07);
insert into STATION values (1749, '.', 670, 272292.74, 4170777.82, 883.88);
insert into STATION values (1750, '.', 670, 272285.24, 4170781.32, 884.02);
insert into STATION values (1751, '.', 670, 272315.47, 4170786.31, 887.60);
insert into STATION values (1752, '.', 670, 272304.01, 4170804.14, 886.23);
insert into STATION values (1753, '.', 670, 272295.88, 4170803.88, 887.49);
insert into STATION values (1754, '.', 670, 272292.70, 4170796.70, 884.45);
insert into STATION values (1755, '.', 670, 272299.30, 4170784.89, 881.07);
insert into STATION values (1756, '.', 670, 272300.59, 4170784.39, 887.15);
insert into STATION values (1757, '6', 670, 272305.78, 4170776.44, 886.16);
insert into STATION values (1758, '.', 670, 272306.93, 4170778.31, 887.68);
insert into STATION values (1759, '.', 670, 272307.12, 4170776.12, 886.77);
insert into STATION values (1760, '.', 670, 272307.30, 4170774.62, 886.49);
insert into STATION values (1761, '.', 670, 272306.52, 4170772.94, 889.37);
insert into STATION values (1762, '.', 670, 272303.64, 4170774.91, 886.87);
insert into STATION values (1763, '.', 670, 272298.78, 4170776.19, 886.79);
insert into STATION values (1764, '.', 670, 272305.82, 4170776.52, 884.80);
insert into STATION values (1765, '.', 670, 272305.09, 4170775.69, 895.73);
insert into STATION values (1766, '7', 670, 272325.41, 4170766.59, 885.93);
insert into STATION values (1767, '.', 670, 272328.89, 4170768.51, 887.12);
insert into STATION values (1768, '.', 670, 272325.58, 4170770.16, 886.76);
insert into STATION values (1769, '.', 670, 272325.63, 4170763.90, 886.44);
insert into STATION values (1770, '.', 670, 272328.35, 4170763.25, 886.97);
insert into STATION values (1771, '.', 670, 272324.14, 4170765.33, 886.38);
insert into STATION values (1772, '.', 670, 272322.61, 4170766.63, 886.21);
insert into STATION values (1773, '.', 670, 272324.36, 4170767.01, 884.47);
insert into STATION values (1774, '.', 670, 272325.61, 4170766.47, 890.32);
insert into STATION values (1775, '8', 670, 272334.47, 4170760.64, 887.55);
insert into STATION values (1776, '.', 670, 272340.69, 4170755.72, 891.27);
insert into STATION values (1777, '.', 670, 272332.11, 4170758.74, 890.11);
insert into STATION values (1778, '.', 670, 272328.70, 4170761.97, 889.19);
insert into STATION values (1779, '.', 670, 272337.21, 4170762.04, 887.54);
insert into STATION values (1780, '.', 670, 272334.77, 4170762.12, 887.73);
insert into STATION values (1781, '.', 670, 272330.64, 4170766.04, 887.04);
insert into STATION values (1782, '.', 670, 272329.74, 4170766.29, 888.52);
insert into STATION values (1783, '.', 670, 272334.46, 4170761.02, 886.21);
insert into STATION values (1784, '.', 670, 272334.16, 4170761.22, 892.56);
insert into STATION values (1785, '9', 670, 272345.59, 4170755.91, 886.35);
insert into STATION values (1786, '.', 670, 272347.42, 4170759.13, 887.77);
insert into STATION values (1787, '.', 670, 272349.23, 4170756.96, 887.18);
insert into STATION values (1788, '.', 670, 272344.60, 4170760.58, 887.45);
insert into STATION values (1789, '.', 670, 272338.99, 4170762.73, 887.90);
insert into STATION values (1790, '.', 670, 272334.34, 4170762.57, 887.95);
insert into STATION values (1791, '.', 670, 272336.86, 4170758.45, 888.46);
insert into STATION values (1792, '.', 670, 272340.35, 4170755.67, 888.12);
insert into STATION values (1793, '.', 670, 272342.96, 4170753.22, 887.74);
insert into STATION values (1794, '.', 670, 272345.62, 4170755.60, 885.82);
insert into STATION values (1795, '.', 670, 272344.89, 4170755.33, 891.01);
insert into STATION values (1796, 'PTR_FR24_A79_10', 670, 272362.08, 4170750.85, 881.24);
insert into STATION values (1797, '.', 670, 272372.82, 4170748.81, 882.15);
insert into STATION values (1798, '.', 670, 272378.35, 4170760.95, 882.21);
insert into STATION values (1799, '.', 670, 272374.50, 4170766.71, 879.23);
insert into STATION values (1800, '.', 670, 272368.03, 4170779.42, 880.42);
insert into STATION values (1801, '.', 670, 272359.20, 4170781.06, 877.67);
insert into STATION values (1802, '.', 670, 272363.43, 4170749.36, 879.87);
insert into STATION values (1803, '.', 670, 272363.57, 4170749.59, 885.27);
insert into STATION values (1804, '.', 670, 272364.97, 4170744.43, 894.37);
insert into STATION values (1805, '11', 670, 272366.74, 4170737.57, 878.37);
insert into STATION values (1806, '.', 670, 272371.44, 4170738.66, 878.71);
insert into STATION values (1807, '.', 670, 272373.70, 4170733.95, 879.74);
insert into STATION values (1808, '.', 670, 272369.50, 4170741.76, 878.88);
insert into STATION values (1809, '.', 670, 272366.42, 4170743.00, 878.73);
insert into STATION values (1810, '.', 670, 272363.76, 4170729.10, 877.73);
insert into STATION values (1811, '.', 670, 272361.19, 4170735.16, 878.59);
insert into STATION values (1812, '.', 670, 272362.62, 4170742.49, 878.95);
insert into STATION values (1813, '.', 670, 272367.21, 4170740.26, 876.54);
insert into STATION values (1814, '.', 670, 272366.58, 4170738.09, 879.88);
insert into STATION values (1815, '.', 670, 272367.65, 4170741.38, 884.06);
insert into STATION values (1816, '12', 670, 272372.72, 4170733.66, 879.27);
insert into STATION values (1817, '.', 670, 272374.17, 4170732.36, 879.68);
insert into STATION values (1818, '.', 670, 272374.00, 4170735.05, 879.87);
insert into STATION values (1819, '.', 670, 272373.17, 4170737.06, 880.12);
insert into STATION values (1820, '.', 670, 272369.97, 4170727.62, 879.45);
insert into STATION values (1821, '.', 670, 272364.99, 4170729.37, 882.20);
insert into STATION values (1822, '.', 670, 272366.82, 4170737.09, 878.35);
insert into STATION values (1823, '.', 670, 272360.39, 4170741.33, 878.69);
insert into STATION values (1824, '.', 670, 272367.92, 4170742.75, 879.60);
insert into STATION values (1825, '.', 670, 272370.67, 4170735.29, 877.18);
insert into STATION values (1826, '.', 670, 272371.71, 4170734.28, 884.42);
insert into STATION values (1827, '13', 670, 272383.84, 4170734.62, 881.52);
insert into STATION values (1828, '14', 670, 272370.85, 4170727.06, 879.60);
insert into STATION values (1829, '.', 670, 272373.20, 4170731.59, 879.56);
insert into STATION values (1830, '.', 670, 272373.90, 4170729.05, 879.27);
insert into STATION values (1831, '.', 670, 272375.97, 4170727.27, 879.20);
insert into STATION values (1832, '.', 670, 272379.23, 4170723.90, 878.18);
insert into STATION values (1833, '.', 670, 272365.55, 4170730.21, 882.81);
insert into STATION values (1834, '.', 670, 272369.89, 4170726.76, 880.36);
insert into STATION values (1835, '.', 670, 272370.07, 4170725.20, 879.74);
insert into STATION values (1836, '.', 670, 272372.98, 4170727.84, 875.48);
insert into STATION values (1837, '.', 670, 272372.18, 4170729.02, 882.51);
insert into STATION values (1838, 'PTR_FR24_A65_15', 670, 272379.27, 4170720.27, 876.93);
insert into STATION values (1839, '.', 670, 272383.80, 4170721.84, 877.64);
insert into STATION values (1840, '.', 670, 272380.52, 4170721.66, 877.32);
insert into STATION values (1841, '.', 670, 272379.67, 4170723.72, 878.08);
insert into STATION values (1842, '.', 670, 272377.63, 4170714.83, 880.01);
insert into STATION values (1843, '.', 670, 272374.91, 4170718.03, 879.86);
insert into STATION values (1844, '.', 670, 272370.62, 4170726.40, 880.03);
insert into STATION values (1845, '.', 670, 272375.83, 4170720.31, 876.92);
insert into STATION values (1846, '16', 670, 272399.55, 4170714.92, 873.72);
insert into STATION values (1847, '17', 670, 272407.19, 4170696.42, 875.65);
insert into STATION values (1848, '.', 670, 272406.21, 4170693.22, 876.33);
insert into STATION values (1849, '.', 670, 272404.24, 4170695.25, 876.33);
insert into STATION values (1850, '.', 670, 272402.86, 4170698.03, 876.14);
insert into STATION values (1851, '.', 670, 272415.47, 4170696.87, 876.55);
insert into STATION values (1852, '.', 670, 272414.58, 4170702.46, 875.72);
insert into STATION values (1853, '.', 670, 272410.12, 4170704.00, 875.85);
insert into STATION values (1854, '.', 670, 272410.09, 4170708.34, 875.91);
insert into STATION values (1855, '.', 670, 272408.93, 4170696.95, 874.12);
insert into STATION values (1856, '.', 670, 272407.64, 4170695.88, 877.98);
insert into STATION values (1857, '18', 670, 272414.22, 4170687.71, 875.28);
insert into STATION values (1858, '.', 670, 272414.80, 4170687.73, 875.03);
insert into STATION values (1859, '.', 670, 272415.29, 4170685.84, 875.52);
insert into STATION values (1860, '.', 670, 272414.11, 4170690.83, 875.46);
insert into STATION values (1861, '.', 670, 272409.05, 4170681.23, 876.46);
insert into STATION values (1862, '.', 670, 272408.01, 4170689.42, 877.02);
insert into STATION values (1863, '.', 670, 272406.41, 4170693.94, 876.83);
insert into STATION values (1864, '.', 670, 272413.54, 4170687.81, 873.90);
insert into STATION values (1865, '.', 670, 272414.33, 4170688.03, 877.10);
insert into STATION values (1866, '19', 670, 272414.54, 4170670.08, 876.27);
insert into STATION values (1867, '.', 670, 272412.67, 4170668.28, 878.05);
insert into STATION values (1868, '.', 670, 272416.62, 4170666.24, 876.18);
insert into STATION values (1869, '.', 670, 272408.81, 4170674.32, 878.27);
insert into STATION values (1870, '.', 670, 272427.83, 4170667.22, 875.89);
insert into STATION values (1871, '.', 670, 272422.32, 4170672.81, 875.76);
insert into STATION values (1872, '.', 670, 272417.98, 4170674.31, 876.10);
insert into STATION values (1873, '.', 670, 272416.36, 4170680.86, 875.48);
insert into STATION values (1874, '.', 670, 272416.84, 4170670.81, 874.53);
insert into STATION values (1875, '.', 670, 272415.63, 4170669.95, 879.74);
insert into STATION values (1876, '20', 670, 272427.29, 4170661.46, 870.54);
insert into STATION values (1877, '.', 670, 272433.13, 4170662.06, 870.70);
insert into STATION values (1878, '.', 670, 272434.61, 4170668.39, 870.88);
insert into STATION values (1879, '.', 670, 272430.38, 4170671.39, 870.29);
insert into STATION values (1880, '.', 670, 272423.05, 4170680.07, 870.24);
insert into STATION values (1881, '.', 670, 272422.98, 4170660.10, 872.07);
insert into STATION values (1882, '.', 670, 272423.26, 4170651.46, 870.01);
insert into STATION values (1883, '.', 670, 272427.29, 4170656.30, 870.50);
insert into STATION values (1884, '.', 670, 272430.08, 4170652.81, 870.03);
insert into STATION values (1885, '.', 670, 272433.63, 4170649.99, 869.60);
insert into STATION values (1886, '.', 670, 272427.63, 4170658.87, 868.88);
insert into STATION values (1887, '.', 670, 272427.82, 4170660.97, 877.46);
insert into STATION values (1888, '21', 670, 272422.80, 4170679.98, 870.34);
insert into STATION values (1889, '22', 670, 272438.28, 4170668.54, 870.88);
insert into STATION values (1890, '.', 670, 272438.08, 4170672.46, 871.72);
insert into STATION values (1891, '.', 670, 272440.22, 4170670.64, 871.67);
insert into STATION values (1892, '.', 670, 272443.66, 4170668.46, 871.95);
insert into STATION values (1893, '.', 670, 272446.95, 4170654.30, 869.30);
insert into STATION values (1894, '.', 670, 272431.51, 4170658.34, 870.82);
insert into STATION values (1895, '.', 670, 272426.33, 4170660.80, 870.08);
insert into STATION values (1896, '.', 670, 272425.60, 4170664.21, 869.38);
insert into STATION values (1897, '.', 670, 272437.79, 4170667.71, 869.65);
insert into STATION values (1898, '.', 670, 272438.27, 4170667.85, 873.92);
insert into STATION values (1899, 'PTR_FR24_A67_23', 670, 272445.94, 4170661.28, 869.70);
insert into STATION values (1900, '.', 670, 272444.35, 4170667.93, 871.36);
insert into STATION values (1901, '.', 670, 272447.38, 4170666.33, 871.37);
insert into STATION values (1902, '.', 670, 272448.26, 4170668.77, 872.43);
insert into STATION values (1903, '.', 670, 272454.60, 4170669.04, 872.40);
insert into STATION values (1904, '.', 670, 272449.94, 4170662.76, 870.76);
insert into STATION values (1905, '.', 670, 272436.33, 4170658.84, 869.78);
insert into STATION values (1906, '.', 670, 272445.69, 4170653.23, 869.67);
insert into STATION values (1907, '.', 670, 272448.55, 4170656.76, 869.82);
insert into STATION values (1908, '.', 670, 272445.87, 4170660.04, 868.60);
insert into STATION values (1909, '.', 670, 272445.33, 4170660.36, 872.14);
insert into STATION values (1910, '25', 670, 272439.42, 4170644.52, 869.57);
insert into STATION values (1911, '.', 670, 272448.73, 4170644.97, 869.05);
insert into STATION values (1912, '.', 670, 272444.79, 4170646.61, 869.41);
insert into STATION values (1913, '.', 670, 272446.12, 4170651.97, 869.50);
insert into STATION values (1914, '.', 670, 272438.06, 4170638.12, 871.18);
insert into STATION values (1915, '.', 670, 272438.99, 4170633.66, 872.26);
insert into STATION values (1916, '.', 670, 272433.51, 4170642.26, 871.48);
insert into STATION values (1917, '.', 670, 272432.88, 4170651.01, 870.78);
insert into STATION values (1918, '.', 670, 272436.89, 4170656.19, 870.72);
insert into STATION values (1919, '.', 670, 272439.53, 4170645.33, 868.51);
insert into STATION values (1920, '.', 670, 272439.30, 4170644.70, 870.78);
insert into STATION values (1921, '26', 670, 272451.55, 4170632.99, 870.16);
insert into STATION values (1922, '.', 670, 272456.29, 4170630.73, 870.45);
insert into STATION values (1923, '.', 670, 272458.32, 4170632.97, 870.50);
insert into STATION values (1924, '.', 670, 272452.33, 4170637.57, 870.36);
insert into STATION values (1925, '.', 670, 272451.33, 4170642.28, 869.80);
insert into STATION values (1926, '.', 670, 272447.96, 4170643.05, 870.06);
insert into STATION values (1927, '.', 670, 272446.85, 4170635.56, 870.76);
insert into STATION values (1928, '.', 670, 272450.33, 4170633.00, 870.41);
insert into STATION values (1929, '.', 670, 272445.53, 4170627.70, 870.96);
insert into STATION values (1930, '.', 670, 272449.39, 4170626.74, 870.49);
insert into STATION values (1931, '.', 670, 272452.46, 4170634.08, 868.81);
insert into STATION values (1932, '.', 670, 272451.62, 4170633.13, 871.45);
insert into STATION values (1933, '27', 670, 272455.21, 4170625.75, 869.97);
insert into STATION values (1934, '.', 670, 272455.16, 4170623.63, 870.26);
insert into STATION values (1935, '.', 670, 272457.51, 4170623.06, 870.54);
insert into STATION values (1936, '.', 670, 272459.97, 4170624.34, 870.52);
insert into STATION values (1937, '.', 670, 272460.03, 4170627.08, 869.81);
insert into STATION values (1938, '.', 670, 272456.43, 4170626.98, 870.07);
insert into STATION values (1939, '.', 670, 272455.23, 4170625.37, 869.35);
insert into STATION values (1940, '.', 670, 272455.66, 4170625.41, 871.28);
insert into STATION values (1941, '28', 670, 272460.53, 4170626.94, 868.96);
insert into STATION values (1942, '.', 670, 272463.02, 4170630.89, 868.83);
insert into STATION values (1943, '.', 670, 272460.87, 4170630.38, 868.83);
insert into STATION values (1944, '.', 670, 272459.19, 4170629.74, 868.89);
insert into STATION values (1945, '.', 670, 272456.45, 4170631.01, 868.84);
insert into STATION values (1946, '.', 670, 272461.20, 4170625.76, 868.87);
insert into STATION values (1947, '.', 670, 272460.19, 4170625.42, 869.04);
insert into STATION values (1948, '.', 670, 272457.30, 4170623.44, 870.58);
insert into STATION values (1949, '.', 670, 272460.62, 4170626.63, 868.28);
insert into STATION values (1950, '.', 670, 272460.58, 4170626.43, 869.62);
insert into STATION values (1951, '.', 670, 272465.09, 4170624.95, 868.69);
insert into STATION values (1952, 'PTR_FR24_A68_29', 670, 272465.83, 4170624.64, 868.65);
insert into STATION values (1953, '.', 670, 272487.83, 4170615.77, 870.06);
insert into STATION values (1954, '.', 670, 272486.87, 4170621.09, 870.14);
insert into STATION values (1955, '.', 670, 272491.20, 4170621.59, 869.81);
insert into STATION values (1956, '.', 670, 272479.80, 4170628.92, 869.62);
insert into STATION values (1957, '.', 670, 272476.91, 4170634.77, 869.96);
insert into STATION values (1958, '.', 670, 272471.42, 4170638.36, 869.24);
insert into STATION values (1959, '.', 670, 272461.83, 4170616.91, 868.68);
insert into STATION values (1960, '.', 670, 272461.71, 4170622.21, 868.39);
insert into STATION values (1961, '.', 670, 272461.15, 4170625.50, 868.60);
insert into STATION values (1962, '.', 670, 272465.68, 4170624.56, 868.30);
insert into STATION values (1963, '.', 670, 272465.48, 4170624.62, 869.64);
insert into STATION values (1964, '23', 670, 272446.03, 4170661.33, 869.34);
insert into STATION values (1965, '31', 670, 272461.86, 4170652.75, 869.27);
insert into STATION values (1966, '.', 670, 272457.90, 4170645.50, 869.19);
insert into STATION values (1967, '.', 670, 272460.74, 4170644.42, 868.94);
insert into STATION values (1968, '.', 670, 272466.58, 4170647.70, 869.58);
insert into STATION values (1969, '.', 670, 272468.40, 4170649.07, 869.65);
insert into STATION values (1970, '.', 670, 272469.84, 4170650.62, 869.94);
insert into STATION values (1971, '.', 670, 272470.25, 4170660.13, 873.04);
insert into STATION values (1972, '.', 670, 272465.31, 4170663.07, 873.21);
insert into STATION values (1973, '.', 670, 272461.30, 4170667.19, 873.34);
insert into STATION values (1974, '.', 670, 272458.08, 4170666.91, 872.55);
insert into STATION values (1975, '.', 670, 272462.48, 4170653.85, 868.50);
insert into STATION values (1976, '.', 670, 272462.77, 4170653.27, 872.23);
insert into STATION values (1977, '32', 670, 272471.68, 4170652.31, 870.46);
insert into STATION values (1978, '.', 670, 272472.75, 4170648.79, 871.05);
insert into STATION values (1979, '.', 670, 272469.69, 4170647.70, 872.02);
insert into STATION values (1980, '.', 670, 272470.45, 4170651.61, 870.52);
insert into STATION values (1981, '.', 670, 272463.79, 4170649.62, 870.42);
insert into STATION values (1982, '.', 670, 272480.66, 4170660.24, 872.38);
insert into STATION values (1983, '.', 670, 272473.78, 4170660.40, 872.60);
insert into STATION values (1984, '.', 670, 272468.02, 4170660.79, 873.32);
insert into STATION values (1985, '.', 670, 272463.42, 4170662.91, 873.52);
insert into STATION values (1986, '.', 670, 272472.94, 4170652.38, 869.29);
insert into STATION values (1987, '.', 670, 272472.28, 4170652.11, 872.38);
insert into STATION values (1988, '33', 670, 272486.85, 4170650.89, 870.68);
insert into STATION values (1989, '.', 670, 272494.63, 4170644.71, 872.77);
insert into STATION values (1990, '.', 670, 272491.84, 4170640.10, 872.79);
insert into STATION values (1991, '.', 670, 272493.12, 4170655.76, 874.33);
insert into STATION values (1992, '.', 670, 272487.23, 4170658.56, 874.63);
insert into STATION values (1993, '.', 670, 272482.74, 4170659.77, 874.83);
insert into STATION values (1994, '.', 670, 272473.45, 4170660.68, 873.63);
insert into STATION values (1995, '.', 670, 272474.72, 4170645.68, 871.32);
insert into STATION values (1996, '.', 670, 272476.10, 4170640.27, 870.68);
insert into STATION values (1997, '.', 670, 272486.41, 4170651.07, 869.54);
insert into STATION values (1998, '.', 670, 272486.67, 4170651.46, 873.87);
insert into STATION values (1999, '34', 670, 272480.60, 4170644.19, 871.11);
insert into STATION values (2000, '.', 670, 272479.48, 4170638.97, 871.53);
insert into STATION values (2001, '.', 670, 272483.13, 4170636.84, 872.52);
insert into STATION values (2002, '.', 670, 272486.04, 4170639.28, 872.79);
insert into STATION values (2003, '.', 670, 272492.97, 4170641.19, 873.03);
insert into STATION values (2004, '.', 670, 272493.56, 4170647.72, 873.74);
insert into STATION values (2005, '.', 670, 272490.33, 4170653.19, 873.54);
insert into STATION values (2006, '.', 670, 272484.58, 4170656.07, 873.18);
insert into STATION values (2007, '.', 670, 272481.16, 4170659.76, 873.69);
insert into STATION values (2008, '.', 670, 272475.53, 4170660.83, 873.71);
insert into STATION values (2009, '.', 670, 272474.41, 4170646.98, 871.77);
insert into STATION values (2010, '.', 670, 272474.93, 4170644.56, 871.45);
insert into STATION values (2011, '.', 670, 272480.16, 4170644.01, 869.70);
insert into STATION values (2012, '.', 670, 272481.13, 4170643.94, 874.35);
insert into STATION values (2013, '.', 670, 272480.59, 4170643.31, 874.37);
insert into STATION values (2014, '35', 670, 272474.57, 4170639.75, 869.07);
insert into STATION values (2015, '.', 670, 272472.69, 4170640.89, 869.24);
insert into STATION values (2016, '.', 670, 272473.07, 4170638.94, 869.10);
insert into STATION values (2017, '.', 670, 272476.07, 4170635.71, 869.17);
insert into STATION values (2018, '.', 670, 272479.42, 4170634.85, 869.18);
insert into STATION values (2019, '.', 670, 272479.98, 4170638.44, 869.63);
insert into STATION values (2020, '.', 670, 272475.12, 4170639.56, 868.64);
insert into STATION values (2021, '.', 670, 272474.52, 4170639.63, 869.74);
insert into STATION values (2022, '36', 670, 272391.92, 4170716.49, 874.38);
insert into STATION values (2023, '.', 670, 272394.14, 4170714.16, 874.07);
insert into STATION values (2024, '.', 670, 272390.92, 4170713.28, 874.57);
insert into STATION values (2025, '.', 670, 272388.19, 4170712.78, 874.65);
insert into STATION values (2026, '.', 670, 272399.57, 4170715.50, 873.69);
insert into STATION values (2027, '.', 670, 272398.51, 4170719.78, 874.07);
insert into STATION values (2028, '.', 670, 272395.36, 4170722.66, 874.73);
insert into STATION values (2029, '.', 670, 272389.93, 4170723.19, 874.89);
insert into STATION values (2030, '.', 670, 272387.86, 4170722.40, 874.44);
insert into STATION values (2031, '.', 670, 272392.47, 4170716.25, 873.36);
insert into STATION values (2032, '.', 670, 272391.82, 4170716.56, 875.54);
insert into STATION values (2033, '37', 670, 272396.24, 4170713.81, 873.87);
insert into STATION values (2034, '.', 670, 272401.53, 4170710.00, 872.92);
insert into STATION values (2035, '.', 670, 272400.06, 4170714.37, 873.62);
insert into STATION values (2036, '.', 670, 272399.15, 4170719.27, 873.91);
insert into STATION values (2037, '.', 670, 272396.65, 4170722.11, 874.26);
insert into STATION values (2038, '.', 670, 272394.94, 4170711.67, 874.44);
insert into STATION values (2039, '.', 670, 272393.83, 4170713.94, 874.82);
insert into STATION values (2040, '.', 670, 272385.89, 4170720.60, 874.73);
insert into STATION values (2041, '.', 670, 272396.79, 4170713.84, 872.92);
insert into STATION values (2042, '.', 670, 272396.14, 4170713.29, 875.44);
insert into STATION values (2043, '38', 670, 272394.06, 4170728.84, 876.25);
insert into STATION values (2044, '39', 670, 272400.11, 4170701.46, 873.30);
insert into STATION values (2045, '.', 670, 272405.64, 4170696.28, 874.11);
insert into STATION values (2046, '.', 670, 272408.58, 4170697.84, 873.98);
insert into STATION values (2047, '.', 670, 272413.58, 4170706.03, 874.35);
insert into STATION values (2048, '.', 670, 272398.42, 4170708.09, 873.06);
insert into STATION values (2049, '.', 670, 272397.25, 4170705.19, 873.12);
insert into STATION values (2050, '.', 670, 272398.59, 4170702.36, 873.38);
insert into STATION values (2051, '.', 670, 272399.49, 4170699.44, 873.49);
insert into STATION values (2052, '.', 670, 272404.00, 4170692.35, 874.41);
insert into STATION values (2053, '.', 670, 272398.92, 4170694.11, 873.43);
insert into STATION values (2054, '.', 670, 272400.62, 4170701.52, 872.54);
insert into STATION values (2055, '.', 670, 272400.37, 4170701.12, 874.36);
insert into STATION values (2056, '40', 670, 272400.27, 4170687.21, 873.97);
insert into STATION values (2057, 'PTR_FR24_A69_41', 670, 272404.48, 4170708.81, 873.50);
insert into STATION values (2058, '.', 670, 272408.13, 4170709.00, 873.64);
insert into STATION values (2059, '.', 670, 272407.54, 4170712.10, 873.96);
insert into STATION values (2060, '.', 670, 272404.62, 4170711.01, 874.01);
insert into STATION values (2061, '.', 670, 272398.87, 4170704.14, 874.47);
insert into STATION values (2062, '.', 670, 272403.05, 4170708.47, 874.00);
insert into STATION values (2063, '.', 670, 272407.83, 4170697.82, 874.32);
insert into STATION values (2064, '.', 670, 272405.09, 4170708.42, 872.79);
insert into STATION values (2065, '.', 670, 272404.76, 4170708.51, 874.90);
insert into STATION values (2066, '42', 670, 272414.49, 4170707.14, 874.63);
insert into STATION values (2067, '.', 670, 272414.54, 4170707.79, 874.60);
insert into STATION values (2068, '.', 670, 272413.17, 4170708.85, 874.09);
insert into STATION values (2069, '.', 670, 272411.34, 4170709.32, 874.62);
insert into STATION values (2070, '.', 670, 272403.08, 4170708.27, 874.27);
insert into STATION values (2071, '.', 670, 272414.84, 4170707.59, 874.62);
insert into STATION values (2072, '.', 670, 272416.13, 4170707.84, 874.70);
insert into STATION values (2073, '.', 670, 272415.90, 4170707.78, 874.70);
insert into STATION values (2074, '.', 670, 272415.47, 4170707.26, 874.60);
insert into STATION values (2075, '.', 670, 272414.05, 4170706.55, 874.77);
insert into STATION values (2076, '.', 670, 272414.09, 4170706.48, 874.21);
insert into STATION values (2077, '.', 670, 272415.19, 4170707.28, 876.39);
insert into STATION values (2078, '43', 670, 272370.81, 4170769.77, 875.26);
insert into STATION values (2079, '.', 670, 272376.73, 4170769.02, 875.11);
insert into STATION values (2080, '.', 670, 272373.90, 4170764.22, 875.52);
insert into STATION values (2081, '.', 670, 272372.18, 4170758.59, 875.89);
insert into STATION values (2082, '.', 670, 272366.91, 4170755.70, 877.42);
insert into STATION values (2083, '.', 670, 272372.74, 4170750.89, 882.81);
insert into STATION values (2084, '.', 670, 272376.80, 4170777.59, 875.97);
insert into STATION values (2085, '.', 670, 272373.89, 4170779.53, 876.35);
insert into STATION values (2086, '.', 670, 272368.19, 4170780.48, 875.76);
insert into STATION values (2087, '.', 670, 272364.48, 4170777.20, 877.00);
insert into STATION values (2088, '.', 670, 272370.93, 4170769.96, 874.86);
insert into STATION values (2089, '.', 670, 272373.03, 4170772.26, 885.28);
insert into STATION values (2090, '44', 670, 272380.60, 4170774.20, 875.60);
insert into STATION values (2091, '.', 670, 272383.77, 4170776.32, 876.30);
insert into STATION values (2092, '.', 670, 272394.22, 4170776.88, 878.98);
insert into STATION values (2093, '.', 670, 272389.39, 4170763.25, 876.70);
insert into STATION values (2094, '.', 670, 272385.02, 4170764.05, 876.08);
insert into STATION values (2095, '.', 670, 272377.81, 4170777.23, 875.99);
insert into STATION values (2096, '.', 670, 272378.15, 4170770.87, 876.03);
insert into STATION values (2097, '.', 670, 272380.19, 4170774.21, 874.73);
insert into STATION values (2098, '.', 670, 272380.34, 4170774.80, 880.07);
insert into STATION values (2099, '45', 670, 272404.70, 4170768.17, 876.55);
insert into STATION values (2100, '46', 670, 272370.25, 4170798.92, 876.44);
insert into STATION values (2101, '.', 670, 272368.74, 4170797.06, 876.23);
insert into STATION values (2102, '.', 670, 272371.03, 4170800.65, 876.32);
insert into STATION values (2103, '.', 670, 272363.93, 4170800.81, 875.45);
insert into STATION values (2104, '.', 670, 272370.03, 4170798.59, 875.21);
insert into STATION values (2105, '.', 670, 272369.38, 4170799.31, 877.91);
insert into STATION values (2106, 'PTR_FR24_A64_00', 825, 272300.09, 4170784.65, 882.37);
insert into STATION values (2107, '.', 825, 272295.79, 4170784.81, 880.41);
insert into STATION values (2108, '.', 825, 272285.71, 4170781.77, 883.75);
insert into STATION values (2109, '.', 825, 272287.51, 4170782.33, 885.04);
insert into STATION values (2110, '.', 825, 272293.46, 4170783.53, 887.07);
insert into STATION values (2111, '.', 825, 272298.84, 4170784.68, 888.90);
insert into STATION values (2112, '.', 825, 272298.69, 4170784.63, 888.80);
insert into STATION values (2113, '.', 825, 272301.04, 4170785.09, 886.80);
insert into STATION values (2114, '.', 825, 272305.36, 4170784.31, 886.43);
insert into STATION values (2115, '.', 825, 272315.44, 4170786.25, 887.38);
insert into STATION values (2116, '.', 825, 272301.77, 4170784.81, 881.50);
insert into STATION values (2117, '1', 825, 272301.22, 4170798.89, 885.76);
insert into STATION values (2118, '.', 825, 272297.21, 4170799.98, 885.09);
insert into STATION values (2119, '.', 825, 272293.67, 4170801.66, 886.90);
insert into STATION values (2120, '.', 825, 272294.46, 4170801.13, 887.55);
insert into STATION values (2121, '.', 825, 272299.67, 4170799.48, 886.82);
insert into STATION values (2122, '.', 825, 272301.95, 4170798.43, 886.69);
insert into STATION values (2123, '.', 825, 272315.82, 4170794.87, 887.46);
insert into STATION values (2124, '.', 825, 272308.37, 4170797.16, 884.43);
insert into STATION values (2125, '.', 825, 272302.03, 4170798.69, 884.06);
insert into STATION values (2126, '2', 825, 272298.09, 4170815.36, 885.44);
insert into STATION values (2127, '.', 825, 272295.61, 4170815.29, 883.60);
insert into STATION values (2128, '.', 825, 272291.49, 4170814.04, 884.98);
insert into STATION values (2129, '.', 825, 272288.87, 4170813.38, 886.68);
insert into STATION values (2130, '.', 825, 272289.40, 4170814.10, 887.66);
insert into STATION values (2131, '.', 825, 272293.67, 4170814.63, 886.92);
insert into STATION values (2132, '.', 825, 272297.10, 4170815.37, 887.30);
insert into STATION values (2133, '.', 825, 272298.62, 4170816.14, 888.24);
insert into STATION values (2134, '.', 825, 272298.64, 4170815.16, 891.52);
insert into STATION values (2135, '.', 825, 272300.86, 4170814.60, 891.91);
insert into STATION values (2136, '.', 825, 272300.68, 4170814.29, 891.88);
insert into STATION values (2137, '.', 825, 272300.87, 4170814.88, 889.17);
insert into STATION values (2138, '.', 825, 272309.63, 4170816.62, 890.04);
insert into STATION values (2139, '.', 825, 272308.72, 4170816.94, 888.77);
insert into STATION values (2140, '.', 825, 272300.83, 4170816.06, 884.80);
insert into STATION values (2141, '.', 825, 272299.11, 4170815.75, 884.03);
insert into STATION values (2142, '3', 825, 272285.20, 4170837.30, 885.77);
insert into STATION values (2143, '.', 825, 272283.29, 4170836.91, 883.75);
insert into STATION values (2144, '.', 825, 272280.06, 4170834.84, 884.10);
insert into STATION values (2145, '.', 825, 272275.96, 4170832.75, 887.13);
insert into STATION values (2146, '.', 825, 272282.67, 4170836.36, 887.45);
insert into STATION values (2147, '.', 825, 272285.39, 4170837.59, 887.49);
insert into STATION values (2148, '.', 825, 272291.41, 4170843.95, 889.49);
insert into STATION values (2149, '.', 825, 272292.24, 4170844.58, 890.05);
insert into STATION values (2150, '.', 825, 272286.51, 4170838.80, 884.43);
insert into STATION values (2151, '.', 825, 272285.29, 4170837.36, 884.14);
insert into STATION values (2152, '4', 825, 272271.24, 4170857.56, 885.02);
insert into STATION values (2153, '.', 825, 272267.50, 4170855.85, 882.96);
insert into STATION values (2154, '.', 825, 272266.22, 4170855.20, 884.83);
insert into STATION values (2155, '.', 825, 272267.06, 4170855.66, 886.20);
insert into STATION values (2156, '.', 825, 272264.10, 4170854.32, 889.31);
insert into STATION values (2157, '.', 825, 272266.77, 4170856.99, 890.75);
insert into STATION values (2158, '.', 825, 272271.05, 4170858.33, 890.36);
insert into STATION values (2159, '.', 825, 272277.15, 4170863.26, 889.33);
insert into STATION values (2160, '.', 825, 272276.78, 4170863.23, 888.52);
insert into STATION values (2161, '.', 825, 272273.06, 4170859.53, 885.09);
insert into STATION values (2162, '.', 825, 272273.60, 4170859.82, 883.94);
insert into STATION values (2163, '.', 825, 272271.46, 4170857.83, 884.08);
insert into STATION values (2164, '.', 825, 272262.32, 4170889.20, 887.89);
insert into STATION values (2165, '5', 825, 272263.91, 4170883.86, 887.33);
insert into STATION values (2166, '.', 825, 272263.16, 4170883.57, 886.68);
insert into STATION values (2167, '.', 825, 272261.45, 4170882.95, 886.86);
insert into STATION values (2168, '.', 825, 272261.55, 4170882.94, 887.64);
insert into STATION values (2169, '.', 825, 272259.33, 4170882.04, 890.17);
insert into STATION values (2170, '.', 825, 272261.61, 4170882.89, 890.42);
insert into STATION values (2171, '.', 825, 272261.92, 4170883.15, 891.49);
insert into STATION values (2172, '.', 825, 272264.43, 4170883.77, 891.49);
insert into STATION values (2173, '.', 825, 272268.14, 4170882.75, 890.87);
insert into STATION values (2174, '.', 825, 272270.55, 4170881.58, 889.98);
insert into STATION values (2175, '.', 825, 272267.79, 4170882.72, 887.61);
insert into STATION values (2176, '.', 825, 272267.94, 4170882.81, 886.31);
insert into STATION values (2177, '.', 825, 272264.29, 4170883.77, 886.54);
insert into STATION values (2178, '6', 825, 272277.26, 4170893.72, 887.22);
insert into STATION values (2179, '.', 825, 272274.35, 4170896.04, 885.57);
insert into STATION values (2180, '.', 825, 272275.00, 4170895.34, 886.73);
insert into STATION values (2181, '.', 825, 272272.49, 4170896.92, 889.05);
insert into STATION values (2182, '.', 825, 272272.51, 4170896.76, 890.59);
insert into STATION values (2183, '.', 825, 272277.18, 4170893.80, 890.18);
insert into STATION values (2184, '.', 825, 272278.36, 4170892.82, 889.87);
insert into STATION values (2185, '.', 825, 272283.07, 4170888.97, 889.19);
insert into STATION values (2186, '.', 825, 272279.22, 4170888.70, 889.13);
insert into STATION values (2187, '.', 825, 272289.18, 4170889.64, 890.04);
insert into STATION values (2188, '.', 825, 272285.62, 4170892.11, 891.73);
insert into STATION values (2189, '.', 825, 272284.60, 4170894.82, 889.92);
insert into STATION values (2190, '.', 825, 272283.94, 4170893.91, 887.70);
insert into STATION values (2191, '.', 825, 272280.81, 4170892.25, 886.54);
insert into STATION values (2192, '.', 825, 272277.48, 4170893.78, 886.25);
insert into STATION values (2193, '7', 825, 272298.85, 4170883.01, 889.92);
insert into STATION values (2194, '.', 825, 272299.41, 4170883.90, 888.99);
insert into STATION values (2195, '.', 825, 272298.29, 4170882.12, 888.74);
insert into STATION values (2196, '.', 825, 272299.03, 4170883.06, 888.98);
insert into STATION values (2197, '.', 825, 272298.77, 4170883.30, 893.00);
insert into STATION values (2198, '8', 825, 272278.39, 4170903.31, 888.29);
insert into STATION values (2199, '.', 825, 272276.47, 4170902.28, 886.15);
insert into STATION values (2200, '.', 825, 272274.37, 4170901.19, 887.93);
insert into STATION values (2201, '.', 825, 272272.22, 4170900.22, 890.42);
insert into STATION values (2202, '.', 825, 272277.13, 4170902.99, 890.23);
insert into STATION values (2203, '.', 825, 272278.73, 4170903.48, 891.13);
insert into STATION values (2204, '.', 825, 272281.53, 4170905.57, 892.22);
insert into STATION values (2205, '.', 825, 272283.72, 4170906.70, 891.02);
insert into STATION values (2206, '.', 825, 272281.68, 4170905.66, 888.50);
insert into STATION values (2207, '.', 825, 272280.85, 4170904.88, 887.67);
insert into STATION values (2208, '.', 825, 272278.85, 4170903.35, 886.25);
insert into STATION values (2209, 'PTR_FR24_A17_9', 825, 272262.50, 4170913.23, 886.54);
insert into STATION values (2210, '.', 825, 272261.53, 4170911.63, 885.79);
insert into STATION values (2211, '.', 825, 272261.59, 4170911.90, 886.75);
insert into STATION values (2212, '.', 825, 272259.94, 4170909.61, 889.30);
insert into STATION values (2213, '.', 825, 272260.54, 4170910.67, 890.28);
insert into STATION values (2214, '.', 825, 272262.56, 4170913.18, 893.40);
insert into STATION values (2215, '.', 825, 272261.69, 4170915.28, 891.83);
insert into STATION values (2216, '.', 825, 272262.21, 4170919.81, 899.40);
insert into STATION values (2217, '.', 825, 272267.48, 4170919.09, 890.71);
insert into STATION values (2218, '.', 825, 272271.12, 4170921.12, 886.36);
insert into STATION values (2219, '.', 825, 272265.32, 4170916.05, 885.66);
insert into STATION values (2220, '.', 825, 272262.59, 4170913.43, 885.94);
insert into STATION values (2221, '10', 825, 272272.89, 4170932.47, 883.74);
insert into STATION values (2222, '.', 825, 272272.99, 4170934.17, 883.20);
insert into STATION values (2223, '.', 825, 272272.76, 4170937.05, 884.84);
insert into STATION values (2224, '.', 825, 272272.90, 4170935.12, 885.84);
insert into STATION values (2225, '.', 825, 272272.79, 4170932.31, 886.06);
insert into STATION values (2226, '.', 825, 272279.95, 4170925.69, 884.62);
insert into STATION values (2227, '.', 825, 272276.71, 4170926.59, 882.73);
insert into STATION values (2228, '.', 825, 272273.59, 4170931.44, 882.81);
insert into STATION values (2229, '11', 825, 272278.49, 4170932.91, 883.85);
insert into STATION values (2230, '.', 825, 272278.25, 4170934.03, 883.20);
insert into STATION values (2231, '.', 825, 272278.41, 4170941.32, 884.72);
insert into STATION values (2232, '.', 825, 272278.71, 4170933.54, 884.51);
insert into STATION values (2233, '.', 825, 272278.90, 4170931.88, 885.23);
insert into STATION values (2234, '.', 825, 272280.79, 4170927.74, 885.03);
insert into STATION values (2235, '.', 825, 272280.49, 4170928.53, 883.40);
insert into STATION values (2236, '.', 825, 272278.99, 4170931.56, 883.12);
insert into STATION values (2237, '.', 825, 272278.49, 4170932.79, 882.99);
insert into STATION values (2238, '12', 825, 272281.71, 4170934.84, 880.08);
insert into STATION values (2239, '.', 825, 272279.99, 4170939.55, 884.64);
insert into STATION values (2240, '.', 825, 272280.94, 4170939.49, 884.04);
insert into STATION values (2241, '.', 825, 272285.34, 4170941.21, 884.59);
insert into STATION values (2242, '.', 825, 272287.07, 4170937.85, 884.17);
insert into STATION values (2243, '.', 825, 272286.47, 4170933.18, 884.14);
insert into STATION values (2244, '.', 825, 272283.63, 4170931.71, 883.77);
insert into STATION values (2245, '.', 825, 272283.29, 4170933.95, 884.40);
insert into STATION values (2246, '.', 825, 272281.80, 4170936.73, 884.56);
insert into STATION values (2247, '.', 825, 272281.65, 4170936.85, 880.39);
insert into STATION values (2248, '.', 825, 272281.38, 4170932.90, 880.17);
insert into STATION values (2249, '.', 825, 272281.75, 4170934.78, 879.41);
insert into STATION values (2250, '13', 825, 272287.28, 4170929.30, 877.18);
insert into STATION values (2251, '.', 825, 272291.43, 4170933.07, 876.54);
insert into STATION values (2252, '.', 825, 272291.52, 4170932.23, 878.92);
insert into STATION values (2253, '.', 825, 272287.72, 4170929.53, 878.63);
insert into STATION values (2254, '.', 825, 272287.31, 4170929.28, 878.37);
insert into STATION values (2255, '.', 825, 272286.10, 4170929.04, 877.89);
insert into STATION values (2256, '.', 825, 272283.39, 4170930.43, 877.58);
insert into STATION values (2257, '.', 825, 272286.99, 4170929.26, 876.56);
insert into STATION values (2258, '14', 825, 272281.90, 4170923.70, 875.92);
insert into STATION values (2259, '.', 825, 272282.82, 4170923.61, 875.27);
insert into STATION values (2260, '.', 825, 272283.70, 4170923.75, 875.89);
insert into STATION values (2261, '.', 825, 272282.96, 4170923.91, 876.83);
insert into STATION values (2262, '.', 825, 272281.73, 4170923.60, 876.60);
insert into STATION values (2263, '.', 825, 272281.47, 4170923.55, 875.99);
insert into STATION values (2264, '.', 825, 272281.77, 4170923.52, 875.71);
insert into STATION values (2265, '15', 825, 272285.39, 4170918.93, 875.60);
insert into STATION values (2266, '16', 825, 272280.64, 4170911.88, 875.55);
insert into STATION values (2267, '.', 825, 272286.08, 4170918.44, 875.83);
insert into STATION values (2268, '.', 825, 272285.06, 4170918.75, 876.76);
insert into STATION values (2269, '.', 825, 272283.45, 4170918.71, 875.48);
insert into STATION values (2270, '.', 825, 272283.71, 4170918.81, 876.06);
insert into STATION values (2271, '.', 825, 272284.60, 4170918.90, 876.61);
insert into STATION values (2272, '.', 825, 272281.52, 4170910.53, 875.72);
insert into STATION values (2273, '.', 825, 272278.63, 4170912.57, 875.58);
insert into STATION values (2274, '.', 825, 272280.54, 4170911.76, 876.49);
insert into STATION values (2275, '.', 825, 272280.48, 4170911.83, 875.17);
insert into STATION values (2276, '.', 825, 272292.40, 4170899.55, 873.79);
insert into STATION values (2277, '17', 825, 272299.37, 4170917.01, 875.39);
insert into STATION values (2278, '.', 825, 272301.09, 4170917.37, 875.02);
insert into STATION values (2279, '.', 825, 272297.35, 4170916.24, 875.87);
insert into STATION values (2280, '.', 825, 272299.30, 4170916.93, 874.71);
insert into STATION values (2281, '.', 825, 272299.40, 4170916.95, 876.32);
insert into STATION values (2282, '18', 825, 272245.70, 4170916.82, 890.95);
insert into STATION values (2283, '.', 825, 272244.77, 4170915.51, 892.63);
insert into STATION values (2284, '.', 825, 272245.58, 4170916.90, 892.50);
insert into STATION values (2285, '.', 825, 272245.75, 4170917.48, 894.94);
insert into STATION values (2286, '.', 825, 272245.90, 4170919.07, 895.39);
insert into STATION values (2287, '.', 825, 272247.77, 4170922.05, 894.40);
insert into STATION values (2288, '.', 825, 272246.66, 4170919.72, 891.07);
insert into STATION values (2289, '.', 825, 272246.81, 4170920.00, 890.08);
insert into STATION values (2290, '.', 825, 272245.50, 4170917.16, 889.35);
insert into STATION values (2291, '19', 825, 272233.46, 4170926.66, 889.26);
insert into STATION values (2292, '.', 825, 272232.77, 4170926.44, 888.09);
insert into STATION values (2293, '.', 825, 272231.70, 4170925.57, 887.47);
insert into STATION values (2294, '.', 825, 272232.63, 4170926.00, 895.04);
insert into STATION values (2295, '.', 825, 272236.47, 4170926.89, 894.85);
insert into STATION values (2296, '.', 825, 272237.53, 4170927.33, 893.82);
insert into STATION values (2297, '.', 825, 272235.25, 4170927.18, 889.97);
insert into STATION values (2298, '.', 825, 272234.96, 4170927.30, 889.13);
insert into STATION values (2299, '.', 825, 272233.72, 4170926.81, 888.20);
insert into STATION values (2300, '20', 825, 272235.67, 4170930.89, 891.49);
insert into STATION values (2301, '.', 825, 272234.86, 4170931.65, 891.54);
insert into STATION values (2302, '.', 825, 272233.57, 4170932.79, 893.00);
insert into STATION values (2303, '.', 825, 272234.93, 4170931.43, 893.58);
insert into STATION values (2304, '.', 825, 272236.26, 4170930.52, 893.24);
insert into STATION values (2305, '.', 825, 272238.50, 4170928.22, 893.42);
insert into STATION values (2306, '.', 825, 272236.85, 4170929.86, 891.36);
insert into STATION values (2307, '.', 825, 272236.00, 4170930.60, 891.15);
insert into STATION values (2308, '21', 825, 272241.13, 4170936.18, 893.38);
insert into STATION values (2309, '.', 825, 272238.98, 4170936.23, 893.19);
insert into STATION values (2310, '.', 825, 272236.70, 4170936.04, 894.71);
insert into STATION values (2311, '.', 825, 272238.57, 4170935.93, 896.04);
insert into STATION values (2312, '.', 825, 272241.11, 4170936.19, 896.12);
insert into STATION values (2313, '.', 825, 272242.42, 4170936.81, 896.20);
insert into STATION values (2314, '.', 825, 272244.25, 4170937.68, 896.20);
insert into STATION values (2315, '.', 825, 272245.12, 4170938.19, 895.03);
insert into STATION values (2316, '.', 825, 272241.61, 4170936.41, 893.01);
insert into STATION values (2317, '22', 825, 272249.88, 4170924.85, 893.10);
insert into STATION values (2318, '.', 825, 272250.46, 4170925.53, 891.70);
insert into STATION values (2319, '.', 825, 272250.61, 4170925.84, 893.26);
insert into STATION values (2320, '.', 825, 272251.34, 4170927.60, 895.50);
insert into STATION values (2321, '.', 825, 272251.40, 4170926.21, 898.14);
insert into STATION values (2322, '.', 825, 272251.15, 4170924.73, 899.91);
insert into STATION values (2323, '.', 825, 272249.39, 4170922.93, 895.37);
insert into STATION values (2324, '.', 825, 272249.86, 4170924.53, 891.48);
insert into STATION values (2325, '.', 825, 272249.82, 4170924.69, 892.92);
insert into STATION values (2326, '23', 825, 272254.57, 4170923.45, 891.99);
insert into STATION values (2327, '.', 825, 272254.78, 4170923.75, 892.00);
insert into STATION values (2328, '.', 825, 272255.03, 4170923.92, 893.03);
insert into STATION values (2329, '.', 825, 272255.92, 4170924.91, 896.24);
insert into STATION values (2330, '.', 825, 272254.47, 4170923.50, 899.36);
insert into STATION values (2331, '.', 825, 272252.88, 4170921.53, 896.60);
insert into STATION values (2332, '.', 825, 272253.16, 4170920.47, 895.28);
insert into STATION values (2333, '.', 825, 272254.05, 4170922.28, 892.78);
insert into STATION values (2334, '.', 825, 272253.50, 4170922.17, 890.17);
insert into STATION values (2335, '.', 825, 272254.64, 4170923.32, 890.62);
insert into STATION values (2336, '.', 825, 272252.75, 4170927.27, 895.47);
insert into STATION values (2337, '.', 825, 272261.88, 4170921.45, 896.34);
insert into STATION values (2338, '.', 825, 272258.39, 4170917.50, 894.58);
insert into STATION values (2339, '24', 825, 272239.66, 4170941.36, 894.10);
insert into STATION values (2340, '.', 825, 272233.13, 4170946.67, 894.55);
insert into STATION values (2341, '.', 825, 272238.49, 4170945.44, 894.88);
insert into STATION values (2342, '.', 825, 272240.81, 4170942.92, 895.01);
insert into STATION values (2343, '.', 825, 272244.11, 4170940.46, 895.41);
insert into STATION values (2344, '.', 825, 272232.61, 4170938.75, 894.59);
insert into STATION values (2345, '.', 825, 272236.63, 4170936.16, 894.85);
insert into STATION values (2346, '.', 825, 272237.28, 4170935.83, 894.56);
insert into STATION values (2347, '.', 825, 272240.36, 4170942.46, 896.31);
insert into STATION values (2348, '.', 825, 272239.22, 4170940.68, 897.02);
insert into STATION values (2349, '.', 825, 272238.36, 4170939.29, 895.97);
insert into STATION values (2350, '.', 825, 272237.99, 4170939.33, 893.21);
insert into STATION values (2351, '.', 825, 272239.48, 4170941.44, 893.63);
insert into STATION values (2352, '.', 825, 272237.73, 4170939.22, 895.87);
insert into STATION values (2353, '25', 825, 272236.66, 4170941.23, 892.42);
insert into STATION values (2354, '.', 825, 272236.14, 4170940.52, 892.51);
insert into STATION values (2355, '.', 825, 272233.96, 4170938.65, 895.26);
insert into STATION values (2356, '.', 825, 272234.24, 4170938.66, 895.48);
insert into STATION values (2357, '.', 825, 272235.16, 4170942.60, 897.64);
insert into STATION values (2358, '.', 825, 272236.94, 4170945.84, 894.92);
insert into STATION values (2359, '.', 825, 272236.96, 4170944.02, 893.36);
insert into STATION values (2360, '.', 825, 272225.18, 4170948.48, 893.01);
insert into STATION values (2361, '.', 825, 272218.11, 4170946.19, 893.76);
insert into STATION values (2362, '.', 825, 272229.49, 4170939.95, 894.27);
insert into STATION values (2363, 'PTR_FR24_B33_26', 825, 272232.01, 4170942.13, 888.33);
insert into STATION values (2364, 'PTR_FR24_A79_00', 943, 272362.08, 4170750.85, 881.24);
insert into STATION values (2365, '1', 943, 272373.51, 4170744.37, 884.07);
insert into STATION values (2366, '.', 943, 272374.93, 4170744.45, 884.56);
insert into STATION values (2367, '.', 943, 272373.98, 4170748.85, 884.86);
insert into STATION values (2368, '.', 943, 272370.56, 4170749.67, 884.72);
insert into STATION values (2369, '.', 943, 272373.42, 4170744.15, 883.32);
insert into STATION values (2370, '.', 943, 272372.61, 4170742.61, 884.94);
insert into STATION values (2371, '.', 943, 272370.98, 4170740.03, 891.60);
insert into STATION values (2372, '.', 943, 272373.91, 4170743.84, 891.85);
insert into STATION values (2373, '2', 943, 272398.17, 4170729.05, 882.85);
insert into STATION values (2374, '.', 943, 272399.00, 4170730.29, 883.18);
insert into STATION values (2375, '.', 943, 272396.41, 4170734.65, 883.53);
insert into STATION values (2376, '.', 943, 272391.59, 4170740.25, 883.67);
insert into STATION values (2377, '.', 943, 272386.80, 4170734.10, 883.59);
insert into STATION values (2378, '.', 943, 272393.75, 4170729.47, 882.30);
insert into STATION values (2379, '.', 943, 272395.60, 4170726.96, 882.02);
insert into STATION values (2380, '.', 943, 272396.67, 4170727.31, 883.65);
insert into STATION values (2381, '.', 943, 272397.37, 4170728.34, 884.78);
insert into STATION values (2382, '.', 943, 272398.63, 4170728.99, 884.11);
insert into STATION values (2383, '.', 943, 272398.28, 4170729.06, 882.00);
insert into STATION values (2384, '3', 943, 272406.62, 4170718.63, 880.34);
insert into STATION values (2385, '.', 943, 272407.35, 4170718.69, 880.21);
insert into STATION values (2386, '.', 943, 272407.43, 4170718.62, 881.58);
insert into STATION values (2387, '.', 943, 272406.40, 4170718.34, 881.72);
insert into STATION values (2388, '.', 943, 272406.08, 4170717.74, 881.59);
insert into STATION values (2389, '.', 943, 272402.95, 4170717.50, 881.56);
insert into STATION values (2390, '.', 943, 272405.47, 4170718.34, 880.21);
insert into STATION values (2391, '.', 943, 272403.53, 4170709.99, 881.07);
insert into STATION values (2392, '.', 943, 272408.56, 4170715.47, 880.20);
insert into STATION values (2393, '.', 943, 272408.90, 4170721.38, 881.64);
insert into STATION values (2394, '.', 943, 272403.34, 4170719.93, 881.60);
insert into STATION values (2395, '.', 943, 272404.57, 4170720.44, 881.22);
insert into STATION values (2396, '4', 943, 272408.42, 4170706.86, 880.34);
insert into STATION values (2397, '.', 943, 272411.65, 4170709.11, 880.78);
insert into STATION values (2398, '.', 943, 272409.67, 4170707.53, 879.37);
insert into STATION values (2399, '.', 943, 272406.48, 4170705.68, 880.85);
insert into STATION values (2400, '.', 943, 272408.20, 4170706.91, 881.32);
insert into STATION values (2401, '.', 943, 272410.38, 4170702.16, 881.30);
insert into STATION values (2402, '.', 943, 272412.39, 4170701.08, 880.41);
insert into STATION values (2403, '.', 943, 272415.15, 4170702.35, 881.27);
insert into STATION values (2404, '.', 943, 272415.58, 4170705.23, 880.97);
insert into STATION values (2405, '.', 943, 272415.55, 4170709.19, 880.49);
insert into STATION values (2406, '5', 943, 272415.44, 4170705.50, 878.44);
insert into STATION values (2407, '.', 943, 272414.50, 4170707.21, 877.81);
insert into STATION values (2408, '.', 943, 272414.11, 4170708.73, 879.08);
insert into STATION values (2409, '.', 943, 272414.32, 4170708.76, 881.61);
insert into STATION values (2410, '.', 943, 272415.72, 4170706.47, 881.38);
insert into STATION values (2411, '.', 943, 272416.05, 4170704.68, 878.73);
insert into STATION values (2412, '.', 943, 272417.25, 4170713.60, 878.08);
insert into STATION values (2413, '.', 943, 272421.74, 4170713.84, 877.47);
insert into STATION values (2414, '6', 943, 272419.43, 4170711.04, 875.82);
insert into STATION values (2415, 'PTR_FR24_A8_7', 943, 272421.80, 4170705.69, 876.41);
insert into STATION values (2416, '.', 943, 272421.39, 4170714.08, 877.42);
insert into STATION values (2417, '.', 943, 272423.62, 4170710.68, 877.20);
insert into STATION values (2418, '.', 943, 272419.01, 4170708.94, 875.95);
insert into STATION values (2419, '.', 943, 272418.91, 4170709.06, 878.10);
insert into STATION values (2420, '.', 943, 272420.06, 4170710.70, 879.29);
insert into STATION values (2421, '.', 943, 272423.24, 4170708.61, 876.46);
insert into STATION values (2422, '.', 943, 272417.37, 4170703.43, 877.61);
insert into STATION values (2423, '.', 943, 272416.67, 4170706.22, 877.34);
insert into STATION values (2424, '.', 943, 272421.83, 4170702.69, 877.47);
insert into STATION values (2425, '.', 943, 272421.12, 4170704.01, 875.90);
insert into STATION values (2426, '.', 943, 272422.38, 4170707.05, 875.28);
insert into STATION values (2427, '.', 943, 272423.24, 4170707.34, 878.19);
insert into STATION values (2428, '8', 943, 272428.14, 4170708.18, 876.43);
insert into STATION values (2429, '.', 943, 272427.62, 4170709.26, 876.52);
insert into STATION values (2430, '.', 943, 272428.95, 4170703.01, 877.45);
insert into STATION values (2431, '.', 943, 272422.01, 4170702.75, 877.45);
insert into STATION values (2432, '.', 943, 272424.67, 4170701.91, 877.85);
insert into STATION values (2433, '.', 943, 272426.78, 4170709.22, 877.50);
insert into STATION values (2434, '.', 943, 272428.58, 4170709.64, 876.58);
insert into STATION values (2435, '.', 943, 272427.74, 4170706.28, 876.76);
insert into STATION values (2436, '.', 943, 272428.44, 4170708.12, 877.80);
insert into STATION values (2437, '.', 943, 272428.28, 4170708.18, 875.56);
insert into STATION values (2438, '9', 943, 272418.56, 4170708.10, 876.02);
insert into STATION values (2439, '.', 943, 272416.85, 4170704.06, 877.27);
insert into STATION values (2440, '.', 943, 272416.52, 4170710.27, 877.56);
insert into STATION values (2441, '.', 943, 272417.32, 4170709.70, 880.20);
insert into STATION values (2442, '.', 943, 272418.23, 4170708.11, 875.01);
insert into STATION values (2443, '10', 943, 272417.08, 4170706.62, 873.83);
insert into STATION values (2444, '.', 943, 272417.04, 4170705.96, 874.01);
insert into STATION values (2445, '.', 943, 272417.01, 4170708.27, 873.88);
insert into STATION values (2446, '.', 943, 272416.92, 4170706.69, 874.85);
insert into STATION values (2447, '.', 943, 272416.87, 4170707.00, 874.88);
insert into STATION values (2448, '.', 943, 272416.48, 4170706.61, 872.73);
insert into STATION values (2449, '11', 943, 272415.77, 4170708.35, 873.39);
insert into STATION values (2450, '.', 943, 272414.78, 4170708.22, 873.36);
insert into STATION values (2451, '.', 943, 272416.68, 4170708.71, 873.06);
insert into STATION values (2452, '.', 943, 272415.44, 4170708.50, 874.03);
insert into STATION values (2453, '.', 943, 272415.70, 4170708.63, 872.42);
insert into STATION values (2454, '.', 943, 272420.80, 4170711.09, 873.73);
insert into STATION values (2455, '.', 943, 272418.24, 4170712.88, 873.42);
insert into STATION values (2456, '12', 943, 272414.59, 4170713.24, 873.08);
insert into STATION values (2457, '.', 943, 272412.98, 4170710.07, 873.29);
insert into STATION values (2458, '.', 943, 272410.41, 4170709.41, 872.70);
insert into STATION values (2459, '.', 943, 272412.29, 4170712.86, 873.33);
insert into STATION values (2460, '.', 943, 272411.68, 4170715.06, 873.33);
insert into STATION values (2461, '.', 943, 272415.02, 4170715.31, 873.61);
insert into STATION values (2462, '.', 943, 272414.44, 4170713.76, 874.60);
insert into STATION values (2463, '.', 943, 272413.58, 4170712.02, 874.87);
insert into STATION values (2464, '13', 943, 272410.87, 4170713.74, 873.18);
insert into STATION values (2465, '.', 943, 272407.97, 4170711.58, 872.94);
insert into STATION values (2466, '.', 943, 272406.07, 4170713.12, 873.17);
insert into STATION values (2467, '.', 943, 272402.35, 4170715.80, 871.71);
insert into STATION values (2468, '.', 943, 272405.38, 4170718.17, 872.70);
insert into STATION values (2469, '.', 943, 272406.18, 4170719.11, 873.10);
insert into STATION values (2470, '.', 943, 272410.91, 4170715.04, 873.07);
insert into STATION values (2471, '.', 943, 272410.83, 4170713.61, 874.19);
insert into STATION values (2472, '.', 943, 272411.08, 4170712.66, 873.17);
insert into STATION values (2473, '14', 943, 272409.88, 4170710.11, 872.70);
insert into STATION values (2474, '.', 943, 272412.53, 4170710.89, 872.93);
insert into STATION values (2475, '.', 943, 272411.06, 4170710.44, 873.68);
insert into STATION values (2476, '.', 943, 272409.34, 4170709.29, 873.60);
insert into STATION values (2477, '.', 943, 272408.82, 4170710.03, 872.47);
insert into STATION values (2478, '.', 943, 272409.84, 4170710.10, 872.29);
insert into STATION values (2479, '15', 943, 272412.51, 4170707.37, 873.64);
insert into STATION values (2480, '.', 943, 272413.97, 4170708.93, 874.10);
insert into STATION values (2481, '.', 943, 272414.10, 4170706.72, 874.46);
insert into STATION values (2482, '.', 943, 272412.62, 4170703.69, 874.60);
insert into STATION values (2483, '.', 943, 272409.42, 4170702.54, 874.59);
insert into STATION values (2484, '.', 943, 272400.26, 4170698.59, 873.06);
insert into STATION values (2485, '.', 943, 272410.99, 4170709.13, 874.20);
insert into STATION values (2486, '.', 943, 272406.52, 4170703.20, 875.55);
insert into STATION values (2487, '.', 943, 272411.54, 4170706.91, 875.97);
insert into STATION values (2488, '.', 943, 272411.44, 4170708.11, 876.12);
insert into STATION values (2489, '.', 943, 272401.36, 4170708.20, 873.79);
insert into STATION values (2490, '16', 943, 272397.84, 4170707.47, 873.92);
insert into STATION values (2491, '.', 943, 272407.56, 4170699.47, 873.98);
insert into STATION values (2492, '.', 943, 272402.73, 4170701.44, 874.00);
insert into STATION values (2493, '.', 943, 272397.51, 4170703.58, 872.63);
insert into STATION values (2494, '.', 943, 272398.81, 4170704.47, 875.11);
insert into STATION values (2495, '.', 943, 272400.47, 4170705.76, 875.30);
insert into STATION values (2496, '.', 943, 272400.81, 4170709.03, 874.24);
insert into STATION values (2497, '.', 943, 272398.91, 4170709.61, 872.72);
insert into STATION values (2498, '17', 943, 272400.11, 4170701.46, 873.30);
insert into STATION values (2499, '18', 943, 272380.47, 4170739.05, 882.51);
insert into STATION values (2500, '.', 943, 272382.08, 4170737.18, 882.70);
insert into STATION values (2501, '.', 943, 272379.92, 4170737.19, 884.45);
insert into STATION values (2502, '.', 943, 272377.47, 4170739.55, 883.13);
insert into STATION values (2503, '.', 943, 272379.40, 4170739.33, 881.80);
insert into STATION values (2504, '19', 943, 272384.37, 4170721.00, 878.32);
insert into STATION values (2505, '.', 943, 272387.43, 4170721.20, 878.69);
insert into STATION values (2506, '.', 943, 272388.33, 4170717.29, 878.74);
insert into STATION values (2507, '.', 943, 272388.96, 4170713.88, 878.59);
insert into STATION values (2508, '.', 943, 272386.88, 4170727.70, 879.85);
insert into STATION values (2509, '.', 943, 272384.86, 4170732.32, 881.36);
insert into STATION values (2510, '.', 943, 272380.04, 4170728.39, 880.91);
insert into STATION values (2511, '.', 943, 272384.73, 4170721.44, 877.42);
insert into STATION values (2512, '.', 943, 272382.98, 4170720.88, 879.02);
insert into STATION values (2513, '.', 943, 272385.69, 4170721.56, 879.74);
insert into STATION values (2514, '20', 943, 272386.23, 4170718.10, 876.28);
insert into STATION values (2515, '.', 943, 272385.98, 4170714.64, 876.11);
insert into STATION values (2516, '.', 943, 272385.19, 4170713.68, 879.76);
insert into STATION values (2517, '.', 943, 272385.10, 4170720.39, 879.16);
insert into STATION values (2518, '.', 943, 272382.09, 4170722.97, 877.71);
insert into STATION values (2519, '.', 943, 272385.84, 4170719.10, 875.55);
insert into STATION values (2520, '.', 943, 272387.66, 4170720.38, 872.73);
insert into STATION values (2521, '.', 943, 272386.35, 4170717.05, 873.76);
insert into STATION values (2522, 'PTR_FR24_A65_21', 943, 272379.27, 4170720.27, 876.93);
insert into STATION values (2523, 'PTR_FR24_A68_00', 1009, 272465.83, 4170624.64, 868.65);
insert into STATION values (2524, '.', 1009, 272462.33, 4170621.36, 868.66);
insert into STATION values (2525, '.', 1009, 272464.34, 4170611.07, 868.81);
insert into STATION values (2526, '.', 1009, 272480.79, 4170594.02, 869.78);
insert into STATION values (2527, '.', 1009, 272467.55, 4170625.82, 868.57);
insert into STATION values (2528, '.', 1009, 272470.19, 4170627.31, 868.86);
insert into STATION values (2529, '.', 1009, 272477.38, 4170639.83, 869.81);
insert into STATION values (2530, '.', 1009, 272468.47, 4170636.58, 869.46);
insert into STATION values (2531, '.', 1009, 272465.97, 4170624.53, 869.47);
insert into STATION values (2532, '.', 1009, 272465.84, 4170624.57, 868.27);
insert into STATION values (2533, '1', 1009, 272480.43, 4170623.29, 869.30);
insert into STATION values (2534, '.', 1009, 272489.19, 4170625.99, 869.46);
insert into STATION values (2535, '.', 1009, 272491.61, 4170621.15, 869.98);
insert into STATION values (2536, '.', 1009, 272469.89, 4170602.91, 870.14);
insert into STATION values (2537, '.', 1009, 272480.33, 4170623.16, 869.30);
insert into STATION values (2538, '.', 1009, 272462.40, 4170620.13, 869.20);
insert into STATION values (2539, '.', 1009, 272481.07, 4170634.74, 870.00);
insert into STATION values (2540, '.', 1009, 272480.45, 4170623.23, 869.99);
insert into STATION values (2541, '.', 1009, 272480.46, 4170623.26, 868.78);
insert into STATION values (2542, '2', 1009, 272490.01, 4170609.17, 869.61);
insert into STATION values (2543, '.', 1009, 272483.60, 4170593.52, 869.94);
insert into STATION values (2544, '.', 1009, 272470.68, 4170600.75, 869.69);
insert into STATION values (2545, '.', 1009, 272495.32, 4170597.80, 869.96);
insert into STATION values (2546, '.', 1009, 272503.54, 4170607.08, 869.90);
insert into STATION values (2547, '.', 1009, 272480.11, 4170630.37, 869.41);
insert into STATION values (2548, '.', 1009, 272491.42, 4170621.62, 869.68);
insert into STATION values (2549, '.', 1009, 272489.91, 4170609.17, 870.34);
insert into STATION values (2550, '.', 1009, 272489.91, 4170609.24, 868.92);
insert into STATION values (2551, '3', 1009, 272497.88, 4170603.07, 869.73);
insert into STATION values (2552, '.', 1009, 272503.73, 4170617.49, 869.84);
insert into STATION values (2553, '.', 1009, 272509.01, 4170603.09, 870.00);
insert into STATION values (2554, '.', 1009, 272495.36, 4170592.36, 869.65);
insert into STATION values (2555, '.', 1009, 272497.79, 4170603.05, 870.41);
insert into STATION values (2556, '.', 1009, 272497.86, 4170603.04, 869.16);
insert into STATION values (2557, '4', 1009, 272511.43, 4170597.45, 869.35);
insert into STATION values (2558, '.', 1009, 272519.56, 4170596.30, 870.15);
insert into STATION values (2559, '.', 1009, 272513.04, 4170600.30, 870.01);
insert into STATION values (2560, '.', 1009, 272507.59, 4170582.45, 869.08);
insert into STATION values (2561, '.', 1009, 272502.90, 4170591.15, 868.75);
insert into STATION values (2562, '.', 1009, 272511.61, 4170597.45, 870.04);
insert into STATION values (2563, '.', 1009, 272511.49, 4170597.32, 868.76);
insert into STATION values (2564, '5', 1009, 272516.70, 4170587.88, 869.27);
insert into STATION values (2565, '.', 1009, 272503.76, 4170586.99, 868.96);
insert into STATION values (2566, '.', 1009, 272508.45, 4170581.17, 869.01);
insert into STATION values (2567, '.', 1009, 272522.09, 4170579.37, 868.98);
insert into STATION values (2568, '.', 1009, 272527.43, 4170592.82, 870.27);
insert into STATION values (2569, '.', 1009, 272518.90, 4170593.39, 870.24);
insert into STATION values (2570, '.', 1009, 272516.53, 4170587.71, 869.95);
insert into STATION values (2571, '.', 1009, 272516.99, 4170587.82, 868.81);
insert into STATION values (2572, '6', 1009, 272515.81, 4170570.18, 868.81);
insert into STATION values (2573, '.', 1009, 272513.89, 4170572.66, 868.93);
insert into STATION values (2574, '.', 1009, 272519.52, 4170567.78, 869.99);
insert into STATION values (2575, '.', 1009, 272514.49, 4170566.36, 869.98);
insert into STATION values (2576, '.', 1009, 272515.78, 4170570.28, 869.44);
insert into STATION values (2577, '.', 1009, 272515.99, 4170570.05, 868.46);
insert into STATION values (2578, '7', 1009, 272513.20, 4170569.90, 869.18);
insert into STATION values (2579, '.', 1009, 272512.72, 4170568.54, 869.89);
insert into STATION values (2580, '.', 1009, 272509.34, 4170572.05, 869.51);
insert into STATION values (2581, '.', 1009, 272513.20, 4170573.40, 870.01);
insert into STATION values (2582, '.', 1009, 272515.18, 4170570.73, 869.79);
insert into STATION values (2583, '.', 1009, 272514.93, 4170567.09, 870.82);
insert into STATION values (2584, '.', 1009, 272513.20, 4170570.03, 870.27);
insert into STATION values (2585, '.', 1009, 272513.27, 4170570.10, 868.33);
insert into STATION values (2586, '8', 1009, 272506.77, 4170568.19, 869.77);
insert into STATION values (2587, '.', 1009, 272505.86, 4170568.71, 870.05);
insert into STATION values (2588, '.', 1009, 272508.74, 4170569.94, 870.11);
insert into STATION values (2589, '.', 1009, 272506.77, 4170566.97, 869.75);
insert into STATION values (2590, '.', 1009, 272510.24, 4170565.86, 870.42);
insert into STATION values (2591, '.', 1009, 272510.67, 4170568.18, 870.45);
insert into STATION values (2592, '.', 1009, 272506.22, 4170568.09, 871.77);
insert into STATION values (2593, '.', 1009, 272506.83, 4170568.15, 868.99);
insert into STATION values (2594, '9', 1009, 272505.83, 4170565.50, 868.51);
insert into STATION values (2595, '.', 1009, 272509.63, 4170565.87, 868.73);
insert into STATION values (2596, '.', 1009, 272503.59, 4170565.04, 868.65);
insert into STATION values (2597, '.', 1009, 272505.55, 4170563.91, 868.58);
insert into STATION values (2598, '.', 1009, 272507.44, 4170564.14, 868.66);
insert into STATION values (2599, '.', 1009, 272504.69, 4170566.80, 868.59);
insert into STATION values (2600, '.', 1009, 272505.96, 4170565.23, 869.34);
insert into STATION values (2601, '.', 1009, 272505.78, 4170565.42, 868.07);
insert into STATION values (2602, '10', 1009, 272507.28, 4170562.25, 867.97);
insert into STATION values (2603, '.', 1009, 272506.77, 4170562.14, 867.98);
insert into STATION values (2604, '.', 1009, 272508.17, 4170562.25, 868.01);
insert into STATION values (2605, '.', 1009, 272508.04, 4170560.85, 867.87);
insert into STATION values (2606, '.', 1009, 272506.04, 4170562.73, 868.30);
insert into STATION values (2607, '.', 1009, 272507.56, 4170563.57, 868.04);
insert into STATION values (2608, '.', 1009, 272507.28, 4170562.31, 868.59);
insert into STATION values (2609, '.', 1009, 272507.31, 4170562.26, 867.54);
insert into STATION values (2610, '11', 1009, 272507.55, 4170558.70, 867.52);
insert into STATION values (2611, '.', 1009, 272506.83, 4170558.78, 867.52);
insert into STATION values (2612, '.', 1009, 272507.91, 4170558.56, 867.61);
insert into STATION values (2613, '.', 1009, 272507.64, 4170558.58, 867.94);
insert into STATION values (2614, '.', 1009, 272507.54, 4170558.72, 867.17);
insert into STATION values (2615, '12', 1009, 272506.98, 4170554.91, 867.32);
insert into STATION values (2616, '.', 1009, 272506.23, 4170555.04, 867.29);
insert into STATION values (2617, '.', 1009, 272507.66, 4170554.55, 867.35);
insert into STATION values (2618, '.', 1009, 272507.00, 4170554.80, 867.91);
insert into STATION values (2619, '.', 1009, 272506.88, 4170554.95, 866.85);
insert into STATION values (2620, '13', 1009, 272505.72, 4170567.61, 870.08);
insert into STATION values (2621, '14', 1009, 272498.06, 4170567.36, 872.34);
insert into STATION values (2622, '.', 1009, 272498.00, 4170566.83, 872.32);
insert into STATION values (2623, '.', 1009, 272498.07, 4170567.80, 872.35);
insert into STATION values (2624, '.', 1009, 272498.10, 4170567.45, 873.37);
insert into STATION values (2625, '.', 1009, 272497.85, 4170567.29, 870.15);
insert into STATION values (2626, '15', 1009, 272511.93, 4170583.74, 869.17);
insert into STATION values (2627, '.', 1009, 272510.86, 4170579.23, 869.35);
insert into STATION values (2628, '.', 1009, 272503.71, 4170600.41, 869.36);
insert into STATION values (2629, '.', 1009, 272515.61, 4170595.51, 869.80);
insert into STATION values (2630, '.', 1009, 272518.26, 4170582.82, 869.29);
insert into STATION values (2631, '.', 1009, 272511.18, 4170579.26, 869.03);
insert into STATION values (2632, '16', 1009, 272493.91, 4170584.16, 869.36);
insert into STATION values (2633, '.', 1009, 272511.78, 4170583.71, 869.75);
insert into STATION values (2634, '.', 1009, 272511.95, 4170583.76, 868.63);
insert into STATION values (2635, '.', 1009, 272488.48, 4170585.29, 870.36);
insert into STATION values (2636, '.', 1009, 272485.43, 4170597.50, 870.38);
insert into STATION values (2637, '.', 1009, 272490.19, 4170601.32, 869.97);
insert into STATION values (2638, '.', 1009, 272497.23, 4170594.95, 869.36);
insert into STATION values (2639, '.', 1009, 272501.51, 4170588.22, 869.33);
insert into STATION values (2640, '.', 1009, 272500.19, 4170580.64, 869.07);
insert into STATION values (2641, '.', 1009, 272488.49, 4170581.59, 870.55);
insert into STATION values (2642, '.', 1009, 272494.38, 4170580.47, 869.98);
insert into STATION values (2643, '.', 1009, 272493.95, 4170584.14, 870.21);
insert into STATION values (2644, '.', 1009, 272493.90, 4170583.94, 868.72);
insert into STATION values (2645, '17', 1009, 272491.99, 4170578.39, 870.58);
insert into STATION values (2646, '.', 1009, 272494.37, 4170577.26, 871.30);
insert into STATION values (2647, '.', 1009, 272490.13, 4170578.25, 871.25);
insert into STATION values (2648, '.', 1009, 272492.22, 4170578.41, 871.65);
insert into STATION values (2649, '.', 1009, 272492.01, 4170578.36, 869.94);
insert into STATION values (2650, '18', 1009, 272488.78, 4170576.43, 872.58);
insert into STATION values (2651, '.', 1009, 272490.40, 4170577.33, 873.40);
insert into STATION values (2652, '.', 1009, 272486.77, 4170575.30, 873.86);
insert into STATION values (2653, '.', 1009, 272487.92, 4170579.94, 872.89);
insert into STATION values (2654, '.', 1009, 272490.26, 4170578.85, 873.37);
insert into STATION values (2655, '.', 1009, 272486.79, 4170577.61, 873.19);
insert into STATION values (2656, '.', 1009, 272488.72, 4170576.46, 873.92);
insert into STATION values (2657, '.', 1009, 272488.64, 4170576.36, 871.73);
insert into STATION values (2658, '19', 1009, 272492.13, 4170572.02, 872.58);
insert into STATION values (2659, '.', 1009, 272493.55, 4170572.51, 872.91);
insert into STATION values (2660, '.', 1009, 272491.31, 4170571.92, 872.58);
insert into STATION values (2661, '.', 1009, 272491.81, 4170571.70, 875.70);
insert into STATION values (2662, '.', 1009, 272492.16, 4170571.87, 870.20);
insert into STATION values (2663, '20', 1009, 272495.24, 4170563.09, 875.89);
insert into STATION values (2664, '.', 1009, 272493.54, 4170563.83, 875.69);
insert into STATION values (2665, '.', 1009, 272492.81, 4170562.41, 875.93);
insert into STATION values (2666, '.', 1009, 272495.20, 4170561.87, 875.92);
insert into STATION values (2667, '.', 1009, 272495.87, 4170566.91, 875.99);
insert into STATION values (2668, '.', 1009, 272495.10, 4170563.31, 878.12);
insert into STATION values (2669, '.', 1009, 272495.18, 4170563.31, 874.14);
insert into STATION values (2670, '21', 1009, 272492.57, 4170561.25, 875.63);
insert into STATION values (2671, '.', 1009, 272493.52, 4170560.33, 875.57);
insert into STATION values (2672, '.', 1009, 272492.16, 4170561.67, 875.59);
insert into STATION values (2673, '.', 1009, 272492.67, 4170561.18, 876.42);
insert into STATION values (2674, '.', 1009, 272492.44, 4170561.38, 875.07);
insert into STATION values (2675, '22', 1009, 272491.40, 4170559.02, 877.72);
insert into STATION values (2676, '.', 1009, 272491.07, 4170559.49, 877.75);
insert into STATION values (2677, '.', 1009, 272491.77, 4170558.62, 877.74);
insert into STATION values (2678, '.', 1009, 272491.40, 4170559.00, 878.00);
insert into STATION values (2679, '.', 1009, 272491.23, 4170559.01, 877.21);
insert into STATION values (2680, '23', 1009, 272487.89, 4170593.14, 869.61);
insert into STATION values (2681, '.', 1009, 272491.98, 4170601.82, 869.65);
insert into STATION values (2682, '.', 1009, 272484.62, 4170591.93, 869.64);
insert into STATION values (2683, '.', 1009, 272489.59, 4170586.87, 869.99);
insert into STATION values (2684, '.', 1009, 272487.70, 4170593.20, 870.62);
insert into STATION values (2685, '.', 1009, 272487.97, 4170593.22, 869.29);
insert into STATION values (2686, '24', 1009, 272481.70, 4170582.22, 871.47);
insert into STATION values (2687, '25', 1009, 272478.25, 4170597.18, 869.56);
insert into STATION values (2688, '.', 1009, 272473.48, 4170596.11, 869.56);
insert into STATION values (2689, '.', 1009, 272477.21, 4170589.44, 869.13);
insert into STATION values (2690, '.', 1009, 272480.95, 4170594.79, 869.60);
insert into STATION values (2691, '.', 1009, 272487.58, 4170604.01, 869.99);
insert into STATION values (2692, '.', 1009, 272479.71, 4170599.74, 869.60);
insert into STATION values (2693, '.', 1009, 272478.23, 4170596.85, 870.39);
insert into STATION values (2694, '.', 1009, 272478.17, 4170597.11, 869.07);
insert into STATION values (2695, '26', 1009, 272480.05, 4170592.78, 869.14);
insert into STATION values (2696, '.', 1009, 272479.28, 4170591.81, 869.21);
insert into STATION values (2697, '.', 1009, 272480.34, 4170592.97, 869.16);
insert into STATION values (2698, '.', 1009, 272479.97, 4170592.52, 870.04);
insert into STATION values (2699, '.', 1009, 272479.96, 4170592.68, 868.74);
insert into STATION values (2700, '27', 1009, 272482.89, 4170586.07, 868.90);
insert into STATION values (2701, '.', 1009, 272483.20, 4170586.22, 868.86);
insert into STATION values (2702, '.', 1009, 272482.64, 4170585.81, 868.83);
insert into STATION values (2703, '.', 1009, 272482.90, 4170586.08, 869.28);
insert into STATION values (2704, '.', 1009, 272482.80, 4170586.02, 868.50);
insert into STATION values (2705, '28', 1009, 272475.23, 4170605.35, 869.23);
insert into STATION values (2706, '.', 1009, 272469.39, 4170599.94, 868.92);
insert into STATION values (2707, '.', 1009, 272462.37, 4170607.08, 868.91);
insert into STATION values (2708, '.', 1009, 272473.88, 4170618.74, 869.86);
insert into STATION values (2709, '.', 1009, 272488.12, 4170625.23, 869.72);
insert into STATION values (2710, '.', 1009, 272497.43, 4170617.68, 869.72);
insert into STATION values (2711, '.', 1009, 272474.65, 4170605.45, 869.86);
insert into STATION values (2712, '.', 1009, 272475.29, 4170605.40, 868.75);
insert into STATION values (2713, '29', 1009, 272468.54, 4170610.68, 869.00);
insert into STATION values (2714, '.', 1009, 272459.95, 4170616.76, 868.07);
insert into STATION values (2715, '.', 1009, 272485.20, 4170625.71, 870.06);
insert into STATION values (2716, '.', 1009, 272490.45, 4170615.68, 870.06);
insert into STATION values (2717, '.', 1009, 272471.92, 4170610.18, 869.14);
insert into STATION values (2718, '.', 1009, 272468.79, 4170600.15, 868.91);
insert into STATION values (2719, '.', 1009, 272464.05, 4170610.54, 868.86);
insert into STATION values (2720, '30', 1009, 272459.53, 4170602.45, 870.12);
insert into STATION values (2721, '.', 1009, 272458.17, 4170603.85, 870.18);
insert into STATION values (2722, '.', 1009, 272459.91, 4170601.53, 870.34);
insert into STATION values (2723, '.', 1009, 272459.52, 4170602.13, 871.24);
insert into STATION values (2724, '.', 1009, 272459.54, 4170602.27, 869.01);
insert into STATION values (2725, '31', 1009, 272468.40, 4170626.54, 869.00);
