create table SURVEY (ID integer, PARENT_ID integer, NAME varchar(15), FULL_NAME varchar(33), TITLE varchar(20));
create table CENTRELINE (ID integer, SURVEY_ID integer, TITLE varchar(4), TOPO_DATE date, EXPLO_DATE date, LENGTH real, SURFACE_LENGTH real, DUPLICATE_LENGTH real);
create table PERSON (ID integer, NAME varchar(10), SURNAME varchar(7));
create table EXPLO (PERSON_ID integer, CENTRELINE_ID integer);
create table TOPO (PERSON_ID integer, CENTRELINE_ID integer);
create table STATION (ID integer, NAME varchar(12), SURVEY_ID integer, X real, Y real, Z real);
create table STATION_FLAG (STATION_ID integer, FLAG char(3));
create table SHOT (ID integer, FROM_ID integer, TO_ID integer, CENTRELINE_ID integer, LENGTH real, BEARING real, GRADIENT real, ADJ_LENGTH real, ADJ_BEARING real, ADJ_GRADIENT real, ERR_LENGTH real, ERR_BEARING real, ERR_GRADIENT real);
create table SHOT_FLAG (SHOT_ID integer, FLAG char(3));
create table MAPS (ID integer, SURVEY_ID integer, NAME varchar(15), TITLE varchar(20), PROJID integer, LENGTH real, DEPTH real);
create table SCRAPS (ID integer, SURVEY_ID integer, NAME varchar(15), PROJID integer, MAX_DISTORTION real, AVG_DISTORTION real);
create table MAPITEMS (ID integer, TYPE integer, ITEMID integer);
insert into SURVEY values (1, 0, '', '', NULL);
 insert into CENTRELINE values (2, 1, NULL, NULL, NULL, 0.00, 0.00, 0.00);
 insert into SURVEY values (52, 1, 'Kaptarkhana', 'Kaptarkhana', 'Kaptarkhana');
 insert into CENTRELINE values (53, 52, NULL, NULL, NULL, 0.00, 0.00, 0.00);
 insert into SURVEY values (54, 52, 'Kaptarhana', 'Kaptarhana.Kaptarkhana', 'Kaptarhana');
 insert into CENTRELINE values (55, 54, NULL, NULL, NULL, 0.00, 0.00, 0.00);
 insert into SURVEY values (56, 54, 'Kaptarhana', 'Kaptarhana.Kaptarhana.Kaptarkhana', 'Kaptarhana');
 insert into CENTRELINE values (57, 56, NULL, NULL, NULL, 0.00, 0.00, 0.00);
 insert into CENTRELINE values (58, 56, NULL, '2023-05-16', '2023-05-16', 573.99, 0.00, 0.00);
 insert into PERSON values (1, 'Bernard', 'Lips');
insert into TOPO values (1, 58);
 insert into PERSON values (2, 'Josiane', 'Lips');
insert into TOPO values (2, 58);
 insert into EXPLO values (1, 58);
 insert into EXPLO values (2, 58);
 insert into PERSON values (3, NULL, 'RSPB');
insert into EXPLO values (3, 58);
 insert into SHOT values (1, 1, 2, 58, 0.000, 6.20, 0.00, 0.000, 90.00, 0.00, 0.000, 90.00, 0.00);
insert into SHOT values (2, 2, 3, 58, 37.100, 121.20, 0.00, 37.102, 121.22, 0.00, 0.009, 196.13, 0.00);
insert into SHOT values (3, 3, 4, 58, 15.510, 281.20, 31.00, 15.511, 281.23, 31.01, 0.007, 10.72, 14.44);
insert into SHOT values (4, 3, 5, 58, 10.270, 121.20, 0.00, 10.266, 121.21, 0.00, 0.004, 281.05, 0.00);
insert into SHOT values (5, 5, 6, 58, 13.810, 121.20, 0.00, 13.806, 121.19, 0.00, 0.005, 337.38, 0.00);
insert into SHOT values (6, 6, 7, 58, 12.280, 134.20, 0.00, 12.284, 134.18, 0.00, 0.007, 75.06, 0.00);
insert into SHOT values (7, 7, 8, 58, 32.610, 107.20, 0.00, 32.611, 107.21, 0.00, 0.005, 190.96, 0.00);
insert into SHOT values (8, 8, 9, 58, 11.100, 71.20, 0.00, 11.103, 71.19, 0.00, 0.004, 27.62, 0.00);
insert into SHOT values (9, 9, 10, 58, 24.830, 96.20, 13.00, 24.830, 96.22, 13.01, 0.007, 199.88, 38.67);
insert into SHOT values (10, 10, 11, 58, 15.210, 122.20, 8.00, 15.201, 122.19, 7.98, 0.011, 326.58, -38.51);
insert into SHOT values (11, 10, 12, 58, 16.210, 69.20, 38.00, 16.210, 69.18, 38.00, 0.005, 343.11, 1.42);
insert into SHOT values (12, 12, 13, 58, 9.780, 78.20, 52.00, 9.772, 78.20, 51.99, 0.008, 258.07, -58.64);
insert into SHOT values (13, 13, 14, 58, 7.610, 103.20, -19.00, 7.614, 103.17, -19.01, 0.007, 53.24, -21.88);
insert into SHOT values (14, 14, 15, 58, 24.980, 218.20, -26.00, 24.987, 218.20, -25.99, 0.008, 210.61, 3.54);
insert into SHOT values (15, 14, 16, 58, 14.700, 103.20, -14.00, 14.702, 103.21, -13.97, 0.008, 116.57, 56.10);
insert into SHOT values (16, 16, 17, 58, 21.800, 88.20, -25.00, 21.792, 88.20, -25.00, 0.008, 276.78, 21.38);
insert into SHOT values (17, 17, 18, 58, 17.260, 74.20, -10.00, 17.263, 74.23, -10.01, 0.008, 149.45, -19.48);
insert into SHOT values (18, 18, 19, 58, 16.870, 16.20, 23.00, 16.876, 16.18, 22.99, 0.009, 335.92, -10.55);
insert into SHOT values (19, 19, 20, 58, 9.370, 45.20, 23.00, 9.365, 45.24, 23.01, 0.007, 184.92, -9.19);
insert into SHOT values (20, 20, 21, 58, 12.520, 68.20, -3.00, 12.520, 68.22, -2.98, 0.006, 157.60, 65.06);
insert into SHOT values (21, 21, 22, 58, 31.330, 78.20, -13.00, 31.328, 78.20, -13.01, 0.003, 261.77, -43.51);
insert into SHOT values (22, 22, 23, 58, 25.670, 79.20, -17.00, 25.678, 79.20, -17.01, 0.008, 72.22, -36.86);
insert into SHOT values (23, 23, 24, 58, 20.560, 0.20, 6.00, 20.563, 0.20, 6.00, 0.004, 313.05, 12.48);
insert into SHOT values (24, 24, 25, 58, 19.220, 348.20, -7.00, 19.216, 348.20, -6.99, 0.005, 184.78, 30.77);
insert into SHOT values (25, 25, 26, 58, 9.560, 249.20, 36.00, 9.558, 249.24, 36.01, 0.006, 3.32, 7.44);
insert into SHOT values (26, 26, 27, 58, 31.380, 340.20, 4.00, 31.376, 340.20, 4.00, 0.004, 159.11, 14.60);
insert into SHOT values (27, 27, 28, 58, 16.480, 331.20, 2.00, 16.484, 331.23, 1.98, 0.009, 26.73, -34.64);
insert into SHOT values (28, 28, 29, 58, 17.690, 335.20, -2.00, 17.684, 335.18, -1.98, 0.013, 211.09, 33.96);
insert into SHOT values (29, 29, 30, 58, 10.860, 326.20, 18.00, 10.861, 326.25, 17.97, 0.010, 36.63, -35.14);
insert into SHOT values (30, 30, 31, 58, 15.940, 343.20, 0.00, 15.941, 343.19, 0.00, 0.004, 269.59, 0.00);
insert into SHOT values (31, 31, 32, 58, 28.240, 346.20, -6.00, 28.236, 346.20, -6.00, 0.006, 208.92, 17.87);
insert into SHOT values (32, 13, 33, 58, 16.170, 16.20, 40.00, 16.171, 16.23, 40.03, 0.008, 146.20, 46.49);
insert into SHOT values (33, 33, 34, 58, 7.070, 261.20, 8.00, 7.070, 261.21, 7.97, 0.004, 295.77, -72.29);
insert into SHOT values (34, 34, 35, 58, 13.850, 96.20, 17.00, 13.853, 96.20, 17.00, 0.003, 62.28, 11.81);
insert into SHOT values (35, 34, 36, 58, 17.070, 116.20, 27.00, 17.071, 116.18, 27.00, 0.007, 31.01, 3.06);
insert into SHOT values (36, 34, 37, 58, 18.310, 146.20, 35.00, 18.305, 146.20, 35.00, 0.006, 327.62, -23.17);
insert into SHOT values (37, 34, 38, 58, 22.160, 181.20, 31.00, 22.158, 181.21, 30.99, 0.003, 310.65, -73.38);
insert into SHOT values (38, 34, 39, 58, 20.700, 206.20, 15.00, 20.701, 206.21, 15.01, 0.003, 250.47, 69.71);
insert into SHOT values (39, 34, 40, 58, 8.030, 226.20, 5.00, 8.023, 226.22, 5.01, 0.008, 33.05, 1.06);
insert into SCRAPS values (60, 54, 'SP-Kaptarhana-1', 1, 7.72724, 0.21195);
 insert into SCRAPS values (197, 54, 'SS-5', 2, 0.00000, 0.00000);
 insert into SCRAPS values (201, 54, 'SS-4', 2, 0.00000, 0.00000);
 insert into SCRAPS values (205, 54, 'SS-3', 2, 0.00000, 0.00000);
 insert into SCRAPS values (213, 54, 'SS-2', 2, 0.00000, 0.00000);
 insert into SCRAPS values (222, 54, 'SS-1', 2, 0.00000, 0.00000);
 insert into MAPS values (229, 54, 'MP-Kaptarhana', 'Kaptarhana', 1, 573.990, -34.770);
 insert into MAPITEMS values (229, 4, 60);
 insert into SURVEY values (231, 52, 'Mumiyskaya', 'Mumiyskaya.Kaptarkhana', 'Mumiyskaya');
 insert into CENTRELINE values (232, 231, NULL, NULL, NULL, 0.00, 0.00, 0.00);
 insert into SURVEY values (233, 231, 'Mumiyskaya', 'Mumiyskaya.Mumiyskaya.Kaptarkhana', 'Mumiyskaya');
 insert into CENTRELINE values (234, 233, NULL, NULL, NULL, 0.00, 0.00, 0.00);
 insert into CENTRELINE values (235, 233, NULL, '2024-04-13', '2024-04-13', 152.74, 0.00, 0.00);
 insert into PERSON values (4, 'Philippe', 'Audra');
insert into TOPO values (4, 235);
 insert into PERSON values (5, 'Gael', 'Cazes');
insert into TOPO values (5, 235);
 insert into EXPLO values (4, 235);
 insert into EXPLO values (5, 235);
 insert into SHOT values (40, 41, 42, 235, 0.000, 6.23, 0.00, 0.000, 90.00, 0.00, 0.000, 90.00, 0.00);
insert into SHOT values (41, 41, 43, 235, 9.340, 336.83, -7.60, 9.338, 336.84, -7.63, 0.005, 120.67, -60.48);
insert into SHOT values (42, 41, 44, 235, 14.330, 158.33, -4.20, 14.330, 158.32, -4.20, 0.004, 62.47, -7.74);
insert into SHOT values (43, 41, 45, 235, 0.880, 91.83, 82.00, 0.880, 90.00, 81.50, 0.009, 62.71, -9.54);
insert into SHOT values (44, 41, 46, 235, 2.660, 15.93, -65.00, 2.659, 16.02, -65.00, 0.002, 124.74, 24.32);
insert into SHOT values (45, 41, 47, 235, 6.630, 79.53, -13.00, 6.638, 79.49, -12.97, 0.010, 49.63, 8.31);
insert into SHOT values (46, 47, 48, 235, 4.610, 350.73, 3.50, 4.608, 350.74, 3.48, 0.002, 141.97, -40.18);
insert into SHOT values (47, 47, 49, 235, 7.910, 154.63, -1.30, 7.911, 154.70, -1.30, 0.009, 240.32, -3.38);
insert into SHOT values (48, 47, 50, 235, 1.900, 68.73, 70.70, 1.894, 69.23, 70.89, 0.010, 213.79, -18.98);
insert into SHOT values (49, 47, 51, 235, 0.440, 113.43, -75.30, 0.444, 116.57, -75.43, 0.008, 203.59, -35.77);
insert into SHOT values (50, 47, 52, 235, 11.320, 62.13, -0.50, 11.313, 62.12, -0.51, 0.007, 260.62, -9.96);
insert into SHOT values (51, 52, 53, 235, 4.510, 357.73, -6.50, 4.502, 357.82, -6.50, 0.010, 135.74, 2.99);
insert into SHOT values (52, 52, 54, 235, 13.500, 159.23, 11.30, 13.503, 159.21, 11.27, 0.008, 107.27, -40.19);
insert into SHOT values (53, 52, 55, 235, 1.710, 66.83, 72.80, 1.708, 66.95, 72.60, 0.006, 78.29, -34.01);
insert into SHOT values (54, 52, 56, 235, 0.500, 62.83, -64.60, 0.499, 62.24, -64.49, 0.003, 338.77, 36.84);
insert into SHOT values (55, 52, 57, 235, 10.420, 110.03, 16.00, 10.419, 110.03, 15.99, 0.002, 341.98, -61.75);
insert into SHOT values (56, 57, 58, 235, 9.400, 324.63, 0.10, 9.395, 324.62, 0.12, 0.006, 170.10, 33.96);
insert into SHOT values (57, 57, 59, 235, 11.150, 159.73, -2.70, 11.152, 159.73, -2.67, 0.006, 136.88, 62.71);
insert into SHOT values (58, 57, 60, 235, 3.210, 210.23, 79.90, 3.210, 209.74, 79.87, 0.005, 136.60, -2.92);
insert into SHOT values (59, 57, 61, 235, 3.460, 68.83, -81.10, 3.462, 69.19, -81.11, 0.004, 166.03, -26.03);
insert into SHOT values (60, 57, 62, 235, 9.880, 65.43, -6.20, 9.885, 65.47, -6.21, 0.008, 118.32, -20.49);
insert into SHOT values (61, 62, 63, 235, 10.570, 7.23, -5.50, 10.571, 7.21, -5.48, 0.006, 297.50, 31.04);
insert into SHOT values (62, 62, 64, 235, 9.870, 167.93, -6.90, 9.868, 167.92, -6.87, 0.006, 36.17, 66.91);
insert into SHOT values (63, 62, 65, 235, 4.300, 110.73, 72.60, 4.306, 110.97, 72.64, 0.009, 208.53, 51.09);
insert into SHOT values (64, 62, 66, 235, 2.920, 129.03, -69.80, 2.920, 129.37, -69.78, 0.006, 212.58, 3.83);
insert into SHOT values (65, 62, 67, 235, 13.100, 65.13, -7.10, 13.098, 65.11, -7.10, 0.005, 308.43, -8.61);
insert into SHOT values (66, 67, 68, 235, 8.640, 331.83, -6.40, 8.639, 331.85, -6.38, 0.004, 77.26, 43.93);
insert into SHOT values (67, 67, 69, 235, 5.640, 137.23, -8.90, 5.637, 137.26, -8.88, 0.004, 278.57, 35.13);
insert into SHOT values (68, 67, 70, 235, 2.040, 97.43, 65.90, 2.049, 97.55, 65.88, 0.009, 119.32, 59.57);
insert into SHOT values (69, 67, 71, 235, 1.210, 76.93, -83.60, 1.207, 77.01, -83.66, 0.003, 250.29, 59.12);
insert into SHOT values (70, 67, 72, 235, 18.820, 44.93, -2.50, 18.820, 44.94, -2.50, 0.001, 140.93, 42.05);
insert into SHOT values (71, 72, 73, 235, 2.010, 321.83, -4.30, 2.006, 321.70, -4.29, 0.006, 193.38, 6.74);
insert into SHOT values (72, 72, 74, 235, 5.630, 141.33, -4.00, 5.634, 141.36, -3.97, 0.006, 169.28, 28.68);
insert into SHOT values (73, 72, 75, 235, 2.070, 58.73, 71.80, 2.072, 59.04, 71.97, 0.007, 205.21, 30.00);
insert into SHOT values (74, 72, 76, 235, 0.870, 14.43, -82.70, 0.866, 16.70, -83.08, 0.008, 160.87, 21.54);
insert into SHOT values (75, 72, 77, 235, 7.980, 46.53, 0.10, 7.979, 46.52, 0.14, 0.006, 277.27, 75.37);
insert into SHOT values (76, 72, 78, 235, 2.460, 303.73, -0.60, 2.460, 303.56, -0.47, 0.009, 215.49, 38.04);
insert into SHOT values (77, 72, 79, 235, 8.450, 142.63, -1.20, 8.456, 142.64, -1.15, 0.009, 155.93, 47.73);
insert into SHOT values (78, 72, 80, 235, 5.280, 35.23, 70.40, 5.283, 35.31, 70.49, 0.009, 194.82, 40.42);
insert into SHOT values (79, 72, 81, 235, 0.990, 4.83, -82.50, 0.989, 4.40, -82.42, 0.002, 324.43, 45.15);
insert into SHOT values (80, 77, 82, 235, 6.430, 26.13, 45.30, 6.429, 26.11, 45.31, 0.002, 256.27, -11.76);
insert into SHOT values (81, 82, 83, 235, 0.600, 330.03, -5.70, 0.590, 330.38, -5.84, 0.011, 131.25, -2.14);
insert into SHOT values (82, 82, 84, 235, 6.150, 135.43, -11.00, 6.153, 135.40, -11.06, 0.007, 75.75, -60.91);
insert into SHOT values (83, 82, 85, 235, 1.000, 88.83, 76.10, 0.999, 90.00, 76.10, 0.005, 182.08, -8.32);
insert into SHOT values (84, 82, 86, 235, 1.670, 148.93, -84.10, 1.669, 149.04, -83.98, 0.003, 154.49, 19.38);
insert into SHOT values (85, 82, 87, 235, 3.610, 102.03, -24.80, 3.618, 102.13, -24.84, 0.010, 144.32, -34.41);
insert into SHOT values (86, 87, 88, 235, 2.940, 311.63, -0.30, 2.946, 311.70, -0.19, 0.009, 339.18, 36.37);
insert into SHOT values (87, 87, 89, 235, 3.540, 119.43, -6.90, 3.535, 119.34, -6.82, 0.009, 353.52, 37.12);
insert into SHOT values (88, 87, 90, 235, 1.090, 88.03, 58.90, 1.094, 87.95, 59.20, 0.007, 283.95, 67.44);
insert into SHOT values (89, 87, 91, 235, 1.690, 338.43, -72.90, 1.687, 339.04, -72.64, 0.010, 18.76, 32.49);
insert into SHOT values (90, 87, 92, 235, 8.660, 353.23, -23.00, 8.662, 353.23, -22.97, 0.005, 351.51, 42.89);
insert into SHOT values (91, 92, 93, 235, 0.860, 279.03, -0.90, 0.862, 279.35, -0.67, 0.006, 351.27, 34.72);
insert into SHOT values (92, 92, 94, 235, 4.340, 88.83, -1.40, 4.342, 88.81, -1.45, 0.005, 54.26, -55.68);
insert into SHOT values (93, 92, 95, 235, 0.950, 27.73, 81.90, 0.950, 26.57, 81.88, 0.003, 303.58, -10.77);
insert into SHOT values (94, 92, 96, 235, 0.510, 279.83, -88.20, 0.510, 270.00, -87.75, 0.005, 237.02, -2.87);
insert into SHOT values (95, 92, 97, 235, 4.900, 358.73, 5.80, 4.897, 358.71, 5.86, 0.006, 209.97, 48.31);
insert into SHOT values (96, 97, 98, 235, 4.290, 211.13, -11.80, 4.286, 211.15, -11.85, 0.005, 13.93, -30.13);
insert into SHOT values (97, 97, 99, 235, 5.070, 31.13, -4.70, 5.073, 31.08, -4.75, 0.007, 332.89, -40.32);
insert into SHOT values (98, 97, 100, 235, 1.150, 277.83, 73.20, 1.150, 278.62, 73.12, 0.005, 351.37, -10.91);
insert into SHOT values (99, 97, 101, 235, 0.820, 265.83, -72.30, 0.829, 267.71, -72.43, 0.012, 350.54, -46.97);
insert into SHOT values (100, 97, 102, 235, 9.780, 297.93, 3.30, 9.777, 297.98, 3.28, 0.009, 44.76, -18.34);
insert into SHOT values (101, 102, 103, 235, 9.080, 217.93, -1.50, 9.081, 217.93, -1.51, 0.002, 193.23, -72.41);
insert into SHOT values (102, 102, 104, 235, 6.050, 47.83, 6.20, 6.045, 47.76, 6.17, 0.009, 286.65, -22.31);
insert into SHOT values (103, 102, 105, 235, 1.920, 271.13, 70.40, 1.923, 270.88, 70.24, 0.007, 245.77, 10.65);
insert into SHOT values (104, 102, 106, 235, 1.640, 316.23, -74.00, 1.644, 315.00, -74.02, 0.010, 228.58, -19.93);
insert into SHOT values (105, 102, 107, 235, 1.720, 301.63, 79.20, 1.721, 301.26, 79.03, 0.006, 279.82, 4.70);
insert into SHOT values (106, 102, 108, 235, 1.530, 311.93, -78.00, 1.534, 311.19, -78.00, 0.005, 232.47, -39.10);
insert into SHOT values (107, 102, 109, 235, 10.770, 289.73, -6.80, 10.774, 289.72, -6.82, 0.006, 260.12, -51.73);
insert into SHOT values (108, 109, 110, 235, 8.160, 272.63, -4.30, 8.161, 272.61, -4.29, 0.004, 202.80, 24.47);
insert into SHOT values (109, 109, 111, 235, 10.900, 95.53, -0.60, 10.901, 95.53, -0.58, 0.004, 60.51, 69.24);
insert into SHOT values (110, 109, 112, 235, 2.700, 53.23, 74.50, 2.698, 53.45, 74.48, 0.003, 133.56, -33.22);
insert into SHOT values (111, 109, 113, 235, 0.920, 56.83, -80.30, 0.913, 58.39, -80.37, 0.008, 177.08, 54.91);
insert into SHOT values (112, 109, 114, 235, 16.770, 61.33, 1.00, 16.767, 61.34, 1.03, 0.009, 207.95, 59.34);
insert into SHOT values (113, 114, 115, 235, 12.040, 319.03, -6.60, 12.039, 319.03, -6.63, 0.006, 120.76, -74.01);
insert into SHOT values (114, 114, 116, 235, 1.770, 157.33, -5.10, 1.764, 157.23, -5.20, 0.007, 4.76, -21.25);
insert into SHOT values (115, 114, 117, 235, 2.250, 99.33, 69.50, 2.244, 99.46, 69.37, 0.008, 132.08, -66.17);
insert into SHOT values (116, 114, 118, 235, 1.180, 315.93, -78.50, 1.183, 316.74, -78.62, 0.005, 75.07, -44.55);
insert into SHOT values (117, 114, 119, 235, 6.450, 47.83, 43.10, 6.444, 47.84, 43.06, 0.007, 202.50, -76.87);
insert into SHOT values (118, 119, 120, 235, 2.960, 291.73, -16.90, 2.960, 291.76, -16.89, 0.002, 33.12, 16.74);
insert into SHOT values (119, 119, 121, 235, 3.240, 97.33, -21.10, 3.239, 97.22, -20.99, 0.009, 18.64, 46.35);
insert into SHOT values (120, 119, 122, 235, 0.530, 77.03, 71.70, 0.536, 75.96, 72.08, 0.008, 320.73, 63.24);
insert into SHOT values (121, 119, 123, 235, 2.640, 70.93, -87.00, 2.634, 68.96, -86.97, 0.008, 353.13, 52.49);
insert into SHOT values (122, 119, 124, 235, 7.220, 352.43, 11.40, 7.224, 352.45, 11.42, 0.005, 27.19, 32.37);
insert into SHOT values (123, 124, 125, 235, 2.870, 273.43, -10.70, 2.874, 273.45, -10.63, 0.006, 283.21, 29.34);
insert into SHOT values (124, 124, 126, 235, 4.180, 108.83, -8.70, 4.178, 108.79, -8.67, 0.004, 349.29, 30.58);
insert into SHOT values (125, 124, 127, 235, 2.340, 104.43, 76.90, 2.340, 104.30, 77.00, 0.004, 301.07, 11.95);
insert into SHOT values (126, 124, 128, 235, 1.880, 173.63, -73.30, 1.880, 173.66, -73.20, 0.003, 178.47, 12.85);
insert into MAPS values (238, 52, 'MP-Kaptarkhana', 'Kaptarkhana system', 1, 573.990, -34.770);
 insert into MAPITEMS values (238, 4, 229);
 insert into STATION values (1, 'F1', 56, 271949.73, 4189934.93, 585.35);
insert into STATION values (2, 'F', 56, 271949.73, 4189934.93, 585.35);
insert into STATION values (3, '1', 56, 271981.46, 4189915.70, 585.35);
insert into STATION values (4, '2', 56, 271968.42, 4189918.29, 593.34);
insert into STATION values (5, '3', 56, 271990.24, 4189910.38, 585.35);
insert into STATION values (6, '4', 56, 272002.05, 4189903.23, 585.35);
insert into STATION values (7, '5', 56, 272010.86, 4189894.67, 585.35);
insert into STATION values (8, '6', 56, 272042.01, 4189885.02, 585.35);
insert into STATION values (9, '7', 56, 272052.52, 4189888.60, 585.35);
insert into STATION values (10, '8', 56, 272076.57, 4189885.98, 590.94);
insert into STATION values (11, '9', 56, 272089.31, 4189877.96, 593.05);
insert into STATION values (12, '10', 56, 272088.51, 4189890.52, 600.92);
insert into STATION values (13, '11', 56, 272094.40, 4189891.75, 608.62);
insert into STATION values (14, '12', 56, 272101.41, 4189890.11, 606.14);
insert into STATION values (15, '13', 56, 272087.52, 4189872.46, 595.19);
insert into STATION values (16, '14', 56, 272115.30, 4189886.85, 602.59);
insert into STATION values (17, '15', 56, 272135.04, 4189887.47, 593.38);
insert into STATION values (18, '16', 56, 272151.40, 4189892.09, 590.38);
insert into STATION values (19, '17', 56, 272155.73, 4189907.01, 596.97);
insert into STATION values (20, '18', 56, 272161.85, 4189913.08, 600.63);
insert into STATION values (21, '19', 56, 272173.46, 4189917.72, 599.98);
insert into STATION values (22, '20', 56, 272203.34, 4189923.96, 592.93);
insert into STATION values (23, '21', 56, 272227.46, 4189928.56, 585.42);
insert into STATION values (24, '22', 56, 272227.53, 4189949.01, 587.57);
insert into STATION values (25, '23', 56, 272223.63, 4189967.68, 585.23);
insert into STATION values (26, '24', 56, 272216.40, 4189964.94, 590.85);
insert into STATION values (27, '25', 56, 272205.80, 4189994.39, 593.04);
insert into STATION values (28, '26', 56, 272197.87, 4190008.83, 593.61);
insert into STATION values (29, '27', 56, 272190.45, 4190024.87, 593.00);
insert into STATION values (30, '28', 56, 272184.71, 4190033.46, 596.35);
insert into STATION values (31, '29', 56, 272180.10, 4190048.72, 596.35);
insert into STATION values (32, '30', 56, 272173.40, 4190075.99, 593.40);
insert into STATION values (33, '31', 56, 272097.86, 4189903.64, 619.02);
insert into STATION values (34, 'Kaptarhana', 56, 272090.94, 4189902.57, 620.00);
insert into STATION_FLAG values(34, 'ent');
insert into STATION_FLAG values(34, 'con');
insert into STATION_FLAG values(34, 'fix');
insert into STATION_FLAG values(34, 'air');
insert into STATION values (35, '.', 56, 272104.11, 4189901.14, 624.05);
insert into STATION values (36, '.', 56, 272104.59, 4189895.86, 627.75);
insert into STATION values (37, '.', 56, 272099.28, 4189890.11, 630.50);
insert into STATION values (38, '.', 56, 272090.54, 4189883.58, 631.41);
insert into STATION values (39, '.', 56, 272082.11, 4189884.63, 625.36);
insert into STATION values (40, '.', 56, 272085.17, 4189897.04, 620.70);
insert into STATION values (41, '0', 233, 271747.55, 4189738.76, 606.63);
insert into STATION values (42, '0b', 233, 271747.55, 4189738.76, 606.63);
insert into STATION values (43, '.', 233, 271743.91, 4189747.27, 605.39);
insert into STATION values (44, '.', 233, 271752.83, 4189725.48, 605.58);
insert into STATION values (45, '.', 233, 271747.68, 4189738.76, 607.50);
insert into STATION values (46, '.', 233, 271747.86, 4189739.84, 604.22);
insert into STATION values (47, '1', 233, 271753.91, 4189739.94, 605.14);
insert into STATION values (48, '.', 233, 271753.17, 4189744.48, 605.42);
insert into STATION values (49, '.', 233, 271757.29, 4189732.79, 604.96);
insert into STATION values (50, '.', 233, 271754.49, 4189740.16, 606.93);
insert into STATION values (51, '.', 233, 271754.01, 4189739.89, 604.71);
insert into STATION values (52, '2', 233, 271763.91, 4189745.23, 605.04);
insert into STATION values (53, '.', 233, 271763.74, 4189749.70, 604.53);
insert into STATION values (54, '.', 233, 271768.61, 4189732.85, 607.68);
insert into STATION values (55, '.', 233, 271764.38, 4189745.43, 606.67);
insert into STATION values (56, '.', 233, 271764.10, 4189745.33, 604.59);
insert into STATION values (57, '3', 233, 271773.32, 4189741.80, 607.91);
insert into STATION values (58, '.', 233, 271767.88, 4189749.46, 607.93);
insert into STATION values (59, '.', 233, 271777.18, 4189731.35, 607.39);
insert into STATION values (60, '.', 233, 271773.04, 4189741.31, 611.07);
insert into STATION values (61, '.', 233, 271773.82, 4189741.99, 604.49);
insert into STATION values (62, '4', 233, 271782.26, 4189745.88, 606.84);
insert into STATION values (63, '.', 233, 271783.58, 4189756.32, 605.83);
insert into STATION values (64, '.', 233, 271784.31, 4189736.30, 605.66);
insert into STATION values (65, '.', 233, 271783.46, 4189745.42, 610.95);
insert into STATION values (66, '.', 233, 271783.04, 4189745.24, 604.10);
insert into STATION values (67, '5', 233, 271794.05, 4189751.35, 605.22);
insert into STATION values (68, '.', 233, 271790.00, 4189758.92, 604.26);
insert into STATION values (69, '.', 233, 271797.83, 4189747.26, 604.35);
insert into STATION values (70, '.', 233, 271794.88, 4189751.24, 607.09);
insert into STATION values (71, '.', 233, 271794.18, 4189751.38, 604.02);
insert into STATION values (72, '6', 233, 271807.33, 4189764.66, 604.40);
insert into STATION values (73, '.', 233, 271806.09, 4189766.23, 604.25);
insert into STATION values (74, '.', 233, 271810.84, 4189760.27, 604.01);
insert into STATION values (75, '.', 233, 271807.88, 4189764.99, 606.37);
insert into STATION values (76, '.', 233, 271807.36, 4189764.76, 603.54);
insert into STATION values (77, '7', 233, 271813.12, 4189770.15, 604.42);
insert into STATION values (78, '.', 233, 271805.28, 4189766.02, 604.38);
insert into STATION values (79, '.', 233, 271812.46, 4189757.94, 604.23);
insert into STATION values (80, '.', 233, 271808.35, 4189766.10, 609.38);
insert into STATION values (81, '.', 233, 271807.34, 4189764.79, 603.42);
insert into STATION values (82, '8', 233, 271815.11, 4189774.21, 608.99);
insert into STATION values (83, '.', 233, 271814.82, 4189774.72, 608.93);
insert into STATION values (84, '.', 233, 271819.35, 4189769.91, 607.81);
insert into STATION values (85, '.', 233, 271815.35, 4189774.21, 609.96);
insert into STATION values (86, '.', 233, 271815.20, 4189774.06, 607.33);
insert into STATION values (87, '9', 233, 271818.32, 4189773.52, 607.47);
insert into STATION values (88, '.', 233, 271816.12, 4189775.48, 607.46);
insert into STATION values (89, '.', 233, 271821.38, 4189771.80, 607.05);
insert into STATION values (90, '.', 233, 271818.88, 4189773.54, 608.41);
insert into STATION values (91, '.', 233, 271818.14, 4189773.99, 605.86);
insert into STATION values (92, '10', 233, 271817.38, 4189781.44, 604.09);
insert into STATION values (93, '.', 233, 271816.53, 4189781.58, 604.08);
insert into STATION values (94, '.', 233, 271821.72, 4189781.53, 603.98);
insert into STATION values (95, '.', 233, 271817.44, 4189781.56, 605.03);
insert into STATION values (96, '.', 233, 271817.36, 4189781.44, 603.58);
insert into STATION values (97, '11', 233, 271817.27, 4189786.31, 604.59);
insert into STATION values (98, '.', 233, 271815.10, 4189782.72, 603.71);
insert into STATION values (99, '.', 233, 271819.88, 4189790.64, 604.17);
insert into STATION values (100, '.', 233, 271816.94, 4189786.36, 605.69);
insert into STATION values (101, '.', 233, 271817.02, 4189786.30, 603.80);
insert into STATION values (102, '12', 233, 271808.65, 4189790.89, 605.15);
insert into STATION values (103, '.', 233, 271803.07, 4189783.73, 604.91);
insert into STATION values (104, '.', 233, 271813.10, 4189794.93, 605.80);
insert into STATION values (105, '.', 233, 271808.00, 4189790.90, 606.96);
insert into STATION values (106, '.', 233, 271808.33, 4189791.21, 603.57);
insert into STATION values (107, '.', 233, 271808.37, 4189791.06, 606.84);
insert into STATION values (108, '.', 233, 271808.41, 4189791.10, 603.65);
insert into STATION values (109, '13', 233, 271798.58, 4189794.50, 603.87);
insert into STATION values (110, '.', 233, 271790.45, 4189794.87, 603.26);
insert into STATION values (111, '.', 233, 271809.43, 4189793.45, 603.76);
insert into STATION values (112, '.', 233, 271799.16, 4189794.93, 606.47);
insert into STATION values (113, '.', 233, 271798.71, 4189794.58, 602.97);
insert into STATION values (114, '14', 233, 271813.29, 4189802.54, 604.17);
insert into STATION values (115, '.', 233, 271805.45, 4189811.57, 602.78);
insert into STATION values (116, '.', 233, 271813.97, 4189800.92, 604.01);
insert into STATION values (117, '.', 233, 271814.07, 4189802.41, 606.27);
insert into STATION values (118, '.', 233, 271813.13, 4189802.71, 603.01);
insert into STATION values (119, '15', 233, 271816.78, 4189805.70, 608.57);
insert into STATION values (120, '.', 233, 271814.15, 4189806.75, 607.71);
insert into STATION values (121, '.', 233, 271819.78, 4189805.32, 607.41);
insert into STATION values (122, '.', 233, 271816.94, 4189805.74, 609.08);
insert into STATION values (123, '.', 233, 271816.91, 4189805.75, 605.94);
insert into STATION values (124, 'Mumiyskaya', 233, 271815.85, 4189812.72, 610.00);
insert into STATION_FLAG values(124, 'ent');
insert into STATION_FLAG values(124, 'fix');
insert into STATION values (125, '.', 233, 271813.03, 4189812.89, 609.47);
insert into STATION values (126, '.', 233, 271819.76, 4189811.39, 609.37);
insert into STATION values (127, '.', 233, 271816.36, 4189812.59, 612.28);
insert into STATION values (128, '.', 233, 271815.91, 4189812.18, 608.20);
