create table SURVEY (ID integer, PARENT_ID integer, NAME varchar(25), FULL_NAME varchar(37), TITLE varchar(21));
create table CENTRELINE (ID integer, SURVEY_ID integer, TITLE varchar(4), TOPO_DATE date, EXPLO_DATE date, LENGTH real, SURFACE_LENGTH real, DUPLICATE_LENGTH real);
create table PERSON (ID integer, NAME varchar(13), SURNAME varchar(12));
create table EXPLO (PERSON_ID integer, CENTRELINE_ID integer);
create table TOPO (PERSON_ID integer, CENTRELINE_ID integer);
create table STATION (ID integer, NAME varchar(15), SURVEY_ID integer, X real, Y real, Z real);
create table STATION_FLAG (STATION_ID integer, FLAG char(3));
create table SHOT (ID integer, FROM_ID integer, TO_ID integer, CENTRELINE_ID integer, LENGTH real, BEARING real, GRADIENT real, ADJ_LENGTH real, ADJ_BEARING real, ADJ_GRADIENT real, ERR_LENGTH real, ERR_BEARING real, ERR_GRADIENT real);
create table SHOT_FLAG (SHOT_ID integer, FLAG char(3));
create table MAPS (ID integer, SURVEY_ID integer, NAME varchar(25), TITLE varchar(21), PROJID integer, LENGTH real, DEPTH real);
create table SCRAPS (ID integer, SURVEY_ID integer, NAME varchar(25), PROJID integer, MAX_DISTORTION real, AVG_DISTORTION real);
create table MAPITEMS (ID integer, TYPE integer, ITEMID integer);
insert into SURVEY values (1, 0, '', '', NULL);
 insert into CENTRELINE values (2, 1, NULL, NULL, NULL, 0.00, 0.00, 0.00);
 insert into SURVEY values (53, 1, 'Hashim-oyuk', 'Hashim-oyuk', 'Hashim-oyuk');
 insert into CENTRELINE values (54, 53, NULL, NULL, NULL, 0.00, 0.00, 0.00);
 insert into SURVEY values (55, 53, 'Entree', 'Entree.Hashim-oyuk', 'Ashimyuk Entree');
 insert into CENTRELINE values (56, 55, NULL, NULL, NULL, 0.00, 0.00, 0.00);
 insert into SURVEY values (57, 55, 'Entree', 'Entree.Entree.Hashim-oyuk', 'Entree Hochimoyouk ');
 insert into CENTRELINE values (58, 57, NULL, NULL, NULL, 0.00, 0.00, 0.00);
 insert into CENTRELINE values (59, 57, NULL, '2024-04-12', NULL, 0.00, 0.00, 20.91);
 insert into PERSON values (1, 'Jo', 'De-Waele');
insert into TOPO values (1, 59);
 insert into PERSON values (2, 'Jean-Pierre', 'Gruat');
insert into TOPO values (2, 59);
 insert into PERSON values (3, 'Jean-Paul', 'Hereil');
insert into TOPO values (3, 59);
 insert into SHOT values (1, 1, 2, 59, 3.584, 335.30, 16.79, 3.584, 335.30, 16.79, 0.000, 176.82, 0.06);
insert into SHOT_FLAG values(1, 'dpl');
insert into SHOT values (2, 2, 3, 59, 5.742, 236.41, 31.36, 5.742, 236.41, 31.36, 0.000, 352.82, -0.03);
insert into SHOT_FLAG values(2, 'dpl');
insert into SHOT values (3, 3, 4, 59, 5.648, 323.82, 33.96, 5.648, 323.82, 33.96, 0.000, 175.03, -0.01);
insert into SHOT_FLAG values(3, 'dpl');
insert into SHOT values (4, 4, 5, 59, 2.530, 252.36, 25.06, 2.530, 252.36, 25.06, 0.000, 175.09, -0.02);
insert into SHOT_FLAG values(4, 'dpl');
insert into SHOT values (5, 5, 6, 59, 3.404, 352.08, 33.26, 3.404, 352.08, 33.26, 0.000, 187.81, -0.06);
insert into SHOT_FLAG values(5, 'dpl');
insert into SHOT values (6, 6, 7, 59, 20.582, 124.78, 7.26, 20.582, 124.78, 7.26, 0.000, 3.07, 0.01);
insert into SHOT values (7, 6, 8, 59, 14.449, 99.99, 2.19, 14.449, 99.99, 2.19, 0.000, 176.81, -0.08);
insert into SHOT values (8, 6, 9, 59, 17.581, 70.71, 10.79, 17.581, 70.71, 10.79, 0.000, 179.30, -0.00);
insert into SHOT values (9, 6, 10, 59, 13.524, 169.57, 0.24, 13.524, 169.57, 0.24, 0.000, 20.42, 0.00);
insert into SHOT values (10, 6, 11, 59, 9.531, 56.08, 1.17, 9.531, 56.08, 1.16, 0.000, 357.74, 0.00);
insert into SURVEY values (61, 55, 'Entree2', 'Entree2.Entree.Hashim-oyuk', 'Hochimoyouk');
 insert into CENTRELINE values (62, 61, NULL, NULL, NULL, 0.00, 0.00, 0.00);
 insert into CENTRELINE values (63, 61, NULL, '2024-04-12', NULL, 823.60, 0.00, 0.00);
 insert into TOPO values (1, 63);
 insert into TOPO values (2, 63);
 insert into TOPO values (3, 63);
 insert into SHOT values (11, 12, 13, 63, 10.058, 110.41, -35.83, 10.058, 110.41, -35.83, 0.000, 1.56, -0.01);
insert into SHOT values (12, 13, 14, 63, 7.304, 105.67, -35.86, 7.304, 105.67, -35.86, 0.000, 357.06, -0.03);
insert into SHOT values (13, 14, 15, 63, 14.796, 72.15, -32.09, 14.796, 72.15, -32.10, 0.000, 200.29, 0.04);
insert into SHOT values (14, 15, 16, 63, 12.905, 73.57, -30.79, 12.905, 73.57, -30.79, 0.000, 351.57, -0.02);
insert into SHOT values (15, 16, 17, 63, 12.135, 72.40, -20.13, 12.135, 72.40, -20.13, 0.000, 186.47, 0.01);
insert into SHOT values (16, 17, 18, 63, 17.464, 55.22, -29.03, 17.464, 55.22, -29.03, 0.000, 355.85, 0.01);
insert into SHOT values (17, 18, 19, 63, 18.898, 42.38, -29.30, 18.898, 42.38, -29.29, 0.000, 346.57, 0.02);
insert into SHOT values (18, 19, 20, 63, 24.826, 104.02, -11.21, 24.826, 104.02, -11.21, 0.000, 181.14, 0.01);
insert into SHOT values (19, 20, 21, 63, 34.080, 138.49, -8.52, 34.080, 138.49, -8.52, 0.000, 353.23, -0.01);
insert into SHOT values (20, 21, 22, 63, 22.204, 93.76, -30.54, 22.204, 93.76, -30.54, 0.000, 345.95, 0.02);
insert into SHOT values (21, 22, 23, 63, 23.956, 106.38, -30.33, 23.956, 106.38, -30.33, 0.000, 22.53, -0.00);
insert into SHOT values (22, 23, 24, 63, 19.816, 110.14, -39.59, 19.816, 110.14, -39.59, 0.000, 186.33, 0.01);
insert into SHOT values (23, 24, 25, 63, 23.095, 85.12, -11.05, 23.095, 85.12, -11.05, 0.000, 325.86, 0.03);
insert into SHOT values (24, 25, 26, 63, 13.579, 95.40, -14.77, 13.579, 95.40, -14.77, 0.000, 353.73, -0.01);
insert into SHOT values (25, 26, 27, 63, 14.040, 112.45, -22.64, 14.040, 112.45, -22.64, 0.000, 7.55, -0.01);
insert into SHOT values (26, 27, 28, 63, 6.408, 174.87, -9.05, 6.408, 174.87, -9.05, 0.000, 193.92, 0.01);
insert into SHOT values (27, 28, 29, 63, 11.240, 257.25, 5.81, 11.230, 257.55, 5.87, 0.061, 358.25, 9.02);
insert into SHOT values (28, 29, 30, 63, 12.674, 275.37, -0.84, 12.683, 275.72, -0.78, 0.078, 358.77, 8.81);
insert into SHOT values (29, 30, 31, 63, 6.941, 140.87, -2.92, 6.922, 140.77, -2.89, 0.023, 355.08, 10.30);
insert into SHOT values (30, 31, 32, 63, 20.084, 163.72, -18.54, 20.022, 163.71, -18.52, 0.062, 346.03, 25.00);
insert into SHOT values (31, 32, 33, 63, 10.324, 294.40, -7.58, 10.324, 294.40, -7.58, 0.000, 5.85, 0.00);
insert into SHOT values (32, 32, 34, 63, 9.305, 153.90, -21.71, 9.278, 153.83, -21.74, 0.029, 353.73, 12.47);
insert into SHOT values (33, 34, 35, 63, 7.821, 262.07, 16.14, 7.821, 262.07, 16.14, 0.000, 109.74, -0.02);
insert into SHOT values (34, 34, 36, 63, 10.027, 134.58, -10.77, 9.999, 134.44, -10.76, 0.037, 355.42, 11.94);
insert into SHOT values (35, 36, 37, 63, 19.217, 34.14, 11.32, 19.276, 33.99, 11.36, 0.078, 352.09, 19.21);
insert into SHOT values (36, 37, 38, 63, 6.312, 33.70, 15.14, 6.329, 33.58, 15.13, 0.022, 355.21, 9.40);
insert into SHOT values (37, 38, 39, 63, 10.423, 351.39, 20.89, 10.451, 351.39, 20.88, 0.028, 351.40, 15.65);
insert into SHOT values (38, 39, 28, 63, 13.098, 313.14, 8.12, 13.139, 313.30, 8.15, 0.056, 355.70, 13.08);
insert into SHOT values (39, 36, 40, 63, 8.439, 206.55, 7.49, 8.421, 207.51, 7.49, 0.141, 304.26, -0.97);
insert into SHOT values (40, 40, 41, 63, 16.717, 223.50, 2.33, 16.659, 223.86, 2.45, 0.125, 343.11, 14.86);
insert into SHOT values (41, 41, 42, 63, 25.168, 173.89, 3.00, 25.121, 174.17, 3.17, 0.152, 286.51, 27.90);
insert into SHOT values (42, 42, 43, 63, 7.365, 164.74, -1.50, 7.330, 164.77, -1.45, 0.036, 338.43, 11.63);
insert into SHOT values (43, 43, 44, 63, 8.724, 288.26, 4.30, 8.724, 288.26, 4.30, 0.000, 357.70, -0.00);
insert into SHOT values (44, 43, 45, 63, 12.958, 235.16, 6.38, 12.958, 235.16, 6.38, 0.000, 183.55, -0.00);
insert into SHOT values (45, 45, 46, 63, 16.629, 214.68, -6.43, 16.629, 214.68, -6.43, 0.000, 10.78, 0.02);
insert into SHOT values (46, 46, 47, 63, 11.302, 110.28, -7.19, 11.302, 110.28, -7.19, 0.000, 180.55, -0.00);
insert into SHOT values (47, 47, 48, 63, 8.471, 89.28, 8.98, 8.471, 89.28, 8.98, 0.000, 356.02, -0.00);
insert into SHOT values (48, 47, 49, 63, 3.173, 168.10, -4.79, 3.173, 168.10, -4.79, 0.000, 173.58, 0.01);
insert into SHOT values (49, 49, 50, 63, 17.066, 128.67, 5.76, 17.066, 128.67, 5.76, 0.000, 177.86, 0.01);
insert into SHOT values (50, 43, 51, 63, 23.042, 60.05, -1.84, 23.162, 59.36, -1.68, 0.309, 353.53, 11.20);
insert into SHOT values (51, 51, 52, 63, 35.273, 84.56, -1.32, 35.355, 83.11, -1.10, 0.906, 359.28, 8.82);
insert into SHOT values (52, 52, 53, 63, 21.502, 293.60, -3.10, 21.638, 294.28, -2.94, 0.297, 355.46, 10.15);
insert into SHOT values (53, 53, 54, 63, 23.115, 303.87, 1.47, 23.307, 304.39, 1.60, 0.290, 351.79, 12.02);
insert into SHOT values (54, 54, 55, 63, 10.752, 303.03, -0.63, 10.804, 303.32, -0.55, 0.076, 349.32, 10.62);
insert into SHOT values (55, 55, 40, 63, 0.000, 6.25, 0.00, 0.008, 344.30, 8.42, 0.008, 344.30, 8.42);
insert into SHOT values (56, 16, 56, 63, 20.088, 144.29, -20.95, 20.088, 144.29, -20.95, 0.000, 2.06, -0.01);
insert into SHOT values (57, 56, 57, 63, 26.974, 207.94, -9.12, 26.974, 207.94, -9.12, 0.000, 6.51, 0.02);
insert into SHOT values (58, 57, 58, 63, 10.081, 147.81, -2.50, 10.081, 147.81, -2.50, 0.000, 335.81, 0.12);
insert into SHOT values (59, 12, 59, 63, 3.170, 185.69, 11.61, 3.170, 185.69, 11.61, 0.000, 124.59, -0.03);
insert into SHOT values (60, 12, 60, 63, 1.821, 125.59, 16.41, 1.821, 125.59, 16.41, 0.000, 8.70, -0.01);
insert into SHOT values (61, 12, 61, 63, 2.373, 74.33, 9.11, 2.373, 74.33, 9.11, 0.000, 6.74, -0.01);
insert into SHOT values (62, 12, 62, 63, 4.216, 49.72, 7.88, 4.216, 49.72, 7.88, 0.000, 171.64, -0.02);
insert into SHOT values (63, 12, 63, 63, 4.762, 16.97, 10.55, 4.762, 16.97, 10.55, 0.000, 18.03, 0.01);
insert into SHOT values (64, 12, 64, 63, 5.905, 357.08, 10.28, 5.905, 357.08, 10.28, 0.000, 194.55, 0.01);
insert into SHOT values (65, 12, 65, 63, 2.902, 95.96, -21.10, 2.902, 95.96, -21.10, 0.000, 181.87, 0.01);
insert into SHOT values (66, 12, 66, 63, 3.100, 116.16, -20.97, 3.100, 116.16, -20.97, 0.000, 358.50, 0.01);
insert into SHOT values (67, 13, 67, 63, 3.630, 62.86, 69.67, 3.630, 62.86, 69.67, 0.000, 318.45, 0.01);
insert into SHOT values (68, 13, 68, 63, 9.281, 16.53, 8.60, 9.281, 16.53, 8.60, 0.000, 190.17, 0.01);
insert into SHOT values (69, 13, 69, 63, 2.889, 190.15, 2.70, 2.889, 190.15, 2.70, 0.000, 215.03, -0.03);
insert into SHOT values (70, 13, 70, 63, 11.867, 349.08, 8.32, 11.867, 349.08, 8.32, 0.000, 7.55, 0.01);
insert into SHOT values (71, 13, 71, 63, 9.329, 65.98, -12.46, 9.329, 65.98, -12.46, 0.000, 189.21, -0.03);
insert into SHOT values (72, 14, 72, 63, 4.244, 179.97, -22.61, 4.244, 179.97, -22.61, 0.000, 6.82, 0.02);
insert into SHOT values (73, 14, 73, 63, 24.261, 27.88, -5.89, 24.261, 27.88, -5.89, 0.000, 186.48, -0.01);
insert into SHOT values (74, 14, 74, 63, 2.327, 63.02, -71.72, 2.327, 63.02, -71.72, 0.000, 159.16, 0.03);
insert into SHOT values (75, 15, 75, 63, 16.476, 19.19, -0.72, 16.476, 19.19, -0.73, 0.000, 173.22, 0.01);
insert into SHOT values (76, 15, 76, 63, 30.460, 172.39, -7.59, 30.460, 172.39, -7.59, 0.000, 359.13, -0.02);
insert into SHOT values (77, 15, 77, 63, 6.280, 96.37, 71.31, 6.280, 96.37, 71.31, 0.000, 184.52, -0.01);
insert into SHOT values (78, 16, 78, 63, 11.955, 14.56, -2.37, 11.955, 14.56, -2.37, 0.000, 171.90, -0.02);
insert into SHOT values (79, 16, 79, 63, 41.184, 192.17, 1.04, 41.184, 192.17, 1.04, 0.000, 112.08, -0.07);
insert into SHOT values (80, 16, 80, 63, 11.499, 104.04, 69.43, 11.499, 104.04, 69.43, 0.000, 176.40, -0.01);
insert into SHOT values (81, 16, 81, 63, 21.375, 102.26, -1.61, 21.375, 102.26, -1.62, 0.000, 1.81, -0.00);
insert into SHOT values (82, 16, 82, 63, 20.313, 148.16, -2.82, 20.313, 148.16, -2.82, 0.000, 178.13, 0.00);
insert into SHOT values (83, 16, 83, 63, 28.463, 156.60, -15.00, 28.463, 156.60, -15.00, 0.000, 358.22, 0.04);
insert into SHOT values (84, 17, 84, 63, 9.895, 345.89, 1.84, 9.895, 345.89, 1.84, 0.000, 193.97, 0.01);
insert into SHOT values (85, 17, 85, 63, 13.061, 178.56, 78.52, 13.061, 178.56, 78.52, 0.000, 2.72, -0.01);
insert into SHOT values (86, 17, 86, 63, 17.175, 166.50, 13.76, 17.175, 166.50, 13.76, 0.000, 172.89, 0.00);
insert into SHOT values (87, 17, 87, 63, 34.562, 256.38, 33.48, 34.562, 256.38, 33.47, 0.000, 300.98, 0.08);
insert into SHOT values (88, 17, 88, 63, 18.884, 246.33, 57.50, 18.884, 246.33, 57.50, 0.000, 196.24, -0.05);
insert into SHOT values (89, 17, 89, 63, 12.232, 34.13, -10.50, 12.232, 34.13, -10.50, 0.000, 13.58, -0.01);
insert into SHOT values (90, 17, 90, 63, 13.302, 57.31, -6.10, 13.302, 57.31, -6.10, 0.000, 162.29, -0.06);
insert into SHOT values (91, 17, 91, 63, 20.531, 84.73, -6.89, 20.531, 84.73, -6.89, 0.000, 34.47, -0.04);
insert into SHOT values (92, 17, 92, 63, 14.803, 104.32, -8.27, 14.803, 104.32, -8.27, 0.000, 179.85, 0.00);
insert into SHOT values (93, 18, 93, 63, 16.763, 358.49, 6.34, 16.763, 358.49, 6.34, 0.000, 354.50, -0.01);
insert into SHOT values (94, 18, 94, 63, 7.341, 99.35, 86.71, 7.341, 99.35, 86.71, 0.000, 332.05, 0.09);
insert into SHOT values (95, 18, 95, 63, 10.597, 160.81, 55.32, 10.597, 160.81, 55.32, 0.000, 169.33, -0.02);
insert into SHOT values (96, 18, 96, 63, 17.449, 167.16, 18.79, 17.449, 167.16, 18.79, 0.000, 164.17, -0.05);
insert into SHOT values (97, 18, 97, 63, 13.432, 208.79, 46.89, 13.432, 208.79, 46.89, 0.000, 355.69, -0.02);
insert into SHOT values (98, 18, 98, 63, 15.746, 250.12, 37.06, 15.746, 250.12, 37.06, 0.000, 173.16, 0.01);
insert into SHOT values (99, 18, 99, 63, 11.751, 222.68, 62.43, 11.751, 222.68, 62.43, 0.000, 354.87, -0.01);
insert into SHOT values (100, 19, 100, 63, 10.319, 351.66, 1.67, 10.319, 351.66, 1.67, 0.000, 11.09, 0.05);
insert into SHOT values (101, 19, 101, 63, 15.626, 345.47, 83.40, 15.626, 345.47, 83.40, 0.000, 204.55, 0.05);
insert into SHOT values (102, 19, 102, 63, 33.295, 103.30, 30.66, 33.295, 103.30, 30.66, 0.000, 180.19, 0.01);
insert into SHOT values (103, 20, 103, 63, 19.052, 36.14, 4.63, 19.052, 36.14, 4.63, 0.000, 14.85, 0.02);
insert into SHOT values (104, 20, 104, 63, 20.518, 155.62, 80.52, 20.518, 155.62, 80.52, 0.000, 0.91, 0.00);
insert into SHOT values (105, 20, 105, 63, 25.062, 195.38, 10.88, 25.062, 195.38, 10.88, 0.000, 350.80, -0.02);
insert into SHOT values (106, 20, 106, 63, 29.954, 168.30, 9.62, 29.954, 168.30, 9.62, 0.000, 352.82, -0.01);
insert into SHOT values (107, 20, 107, 63, 35.376, 95.79, 9.57, 35.376, 95.79, 9.57, 0.000, 180.13, 0.00);
insert into SHOT values (108, 21, 108, 63, 38.162, 27.44, 0.14, 38.162, 27.44, 0.14, 0.000, 189.03, -0.01);
insert into SHOT values (109, 21, 109, 63, 25.077, 40.92, 74.83, 25.077, 40.92, 74.83, 0.000, 326.69, -0.06);
insert into SHOT values (110, 21, 110, 63, 10.541, 185.64, 9.24, 10.541, 185.64, 9.25, 0.000, 354.97, 0.00);
insert into SHOT values (111, 21, 111, 63, 14.385, 173.82, 52.44, 14.385, 173.82, 52.44, 0.000, 181.78, 0.02);
insert into SHOT values (112, 22, 112, 63, 21.864, 27.85, 5.08, 21.864, 27.85, 5.08, 0.000, 217.38, -0.06);
insert into SHOT values (113, 22, 113, 63, 21.057, 350.48, 85.51, 21.057, 350.48, 85.51, 0.000, 177.99, -0.01);
insert into SHOT values (114, 22, 114, 63, 12.437, 197.17, 3.06, 12.437, 197.17, 3.06, 0.000, 352.42, -0.06);
insert into SHOT values (115, 22, 115, 63, 15.945, 135.08, -16.86, 15.945, 135.08, -16.86, 0.000, 1.88, -0.01);
insert into SHOT values (116, 22, 116, 63, 20.108, 96.63, -11.70, 20.108, 96.63, -11.70, 0.000, 13.44, 0.02);
insert into SHOT values (117, 22, 117, 63, 25.999, 58.71, -11.12, 25.999, 58.71, -11.12, 0.000, 194.50, -0.01);
insert into SHOT values (118, 23, 118, 63, 19.790, 19.35, 3.09, 19.790, 19.35, 3.09, 0.000, 145.34, -0.05);
insert into SHOT values (119, 23, 119, 63, 6.203, 63.49, 54.75, 6.203, 63.49, 54.75, 0.000, 342.64, -0.00);
insert into SHOT values (120, 23, 120, 63, 13.592, 43.71, -11.56, 13.592, 43.71, -11.56, 0.000, 6.83, 0.02);
insert into SHOT values (121, 23, 121, 63, 11.640, 72.90, -18.34, 11.640, 72.90, -18.34, 0.000, 355.21, 0.01);
insert into SHOT values (122, 23, 122, 63, 9.915, 121.93, -22.80, 9.915, 121.93, -22.80, 0.000, 193.09, -0.10);
insert into SHOT values (123, 23, 123, 63, 11.676, 177.05, -6.59, 11.676, 177.05, -6.59, 0.000, 176.40, -0.01);
insert into SHOT values (124, 24, 124, 63, 109.130, 18.23, 2.13, 109.130, 18.23, 2.13, 0.000, 153.04, 0.01);
insert into SHOT values (125, 24, 125, 63, 3.119, 63.55, 74.12, 3.119, 63.55, 74.12, 0.000, 37.87, 0.08);
insert into SHOT values (126, 24, 126, 63, 2.617, 172.78, 6.75, 2.617, 172.78, 6.75, 0.000, 194.21, 0.01);
insert into SHOT values (127, 24, 127, 63, 16.687, 117.27, -6.46, 16.687, 117.27, -6.46, 0.000, 174.82, 0.04);
insert into SHOT values (128, 24, 128, 63, 17.443, 98.56, -7.78, 17.443, 98.56, -7.78, 0.000, 178.12, 0.00);
insert into SHOT values (129, 24, 129, 63, 39.401, 50.33, -1.55, 39.401, 50.33, -1.56, 0.000, 174.71, 0.01);
insert into SHOT values (130, 25, 130, 63, 5.362, 11.19, 73.40, 5.362, 11.19, 73.40, 0.000, 175.15, -0.01);
insert into SHOT values (131, 25, 131, 63, 4.091, 191.89, 4.02, 4.091, 191.89, 4.02, 0.000, 351.09, 0.02);
insert into SHOT values (132, 25, 132, 63, 4.535, 101.10, -39.87, 4.535, 101.10, -39.87, 0.000, 357.85, -0.01);
insert into SHOT values (133, 25, 133, 63, 10.298, 104.04, -7.17, 10.298, 104.04, -7.17, 0.000, 178.03, -0.01);
insert into SHOT values (134, 25, 134, 63, 11.526, 79.89, -5.22, 11.526, 79.89, -5.22, 0.000, 9.39, -0.01);
insert into SHOT values (135, 25, 135, 63, 22.764, 55.72, -1.35, 22.764, 55.72, -1.35, 0.000, 184.10, -0.00);
insert into SHOT values (136, 25, 136, 63, 29.634, 45.26, -2.07, 29.634, 45.26, -2.07, 0.000, 4.49, -0.09);
insert into SHOT values (137, 25, 137, 63, 32.308, 30.64, -0.57, 32.308, 30.64, -0.57, 0.000, 172.74, -0.01);
insert into SHOT values (138, 25, 138, 63, 58.605, 12.76, 2.29, 58.605, 12.76, 2.29, 0.000, 7.32, -0.03);
insert into SHOT values (139, 25, 139, 63, 22.099, 59.26, -5.10, 22.099, 59.26, -5.10, 0.000, 183.14, -0.05);
insert into SHOT values (140, 26, 140, 63, 6.086, 52.12, 3.40, 6.086, 52.12, 3.39, 0.000, 6.70, -0.01);
insert into SHOT values (141, 26, 141, 63, 10.296, 84.86, 77.61, 10.296, 84.86, 77.61, 0.000, 155.21, 0.03);
insert into SHOT values (142, 27, 142, 63, 23.010, 212.89, 1.53, 23.010, 212.89, 1.53, 0.000, 186.24, 0.01);
insert into SHOT values (143, 27, 143, 63, 4.703, 181.03, 69.15, 4.703, 181.03, 69.15, 0.000, 192.97, -0.03);
insert into SHOT values (144, 27, 144, 63, 24.390, 163.21, 2.40, 24.390, 163.21, 2.40, 0.000, 36.29, -0.04);
insert into SHOT values (145, 27, 145, 63, 13.559, 76.20, 3.26, 13.559, 76.20, 3.26, 0.000, 187.59, 0.00);
insert into SHOT values (146, 27, 146, 63, 29.457, 12.66, 4.74, 29.457, 12.66, 4.74, 0.000, 139.87, 0.10);
insert into SHOT values (147, 27, 147, 63, 26.305, 40.94, 3.07, 26.305, 40.94, 3.07, 0.000, 335.62, -0.01);
insert into SHOT values (148, 28, 148, 63, 5.016, 198.73, 82.95, 5.016, 198.73, 82.95, 0.000, 193.33, -0.00);
insert into SHOT values (149, 28, 149, 63, 15.845, 295.81, 17.59, 15.845, 295.81, 17.59, 0.000, 188.40, 0.05);
insert into SHOT values (150, 29, 150, 63, 9.976, 349.59, 20.41, 9.976, 349.59, 20.41, 0.000, 329.04, 0.01);
insert into SHOT values (151, 29, 151, 63, 3.161, 319.61, 60.62, 3.161, 319.61, 60.62, 0.000, 43.30, 0.13);
insert into SHOT values (152, 29, 152, 63, 12.301, 214.01, -0.18, 12.301, 214.01, -0.18, 0.000, 176.14, 0.00);
insert into SHOT values (153, 29, 153, 63, 14.566, 246.03, -0.96, 14.566, 246.03, -0.96, 0.000, 212.33, 0.02);
insert into SHOT values (154, 30, 154, 63, 5.970, 344.16, 11.61, 5.970, 344.16, 11.61, 0.000, 187.70, -0.00);
insert into SHOT values (155, 30, 155, 63, 2.244, 339.63, 76.93, 2.244, 339.63, 76.93, 0.000, 354.41, 0.02);
insert into SHOT values (156, 30, 156, 63, 6.092, 209.25, 1.28, 6.092, 209.25, 1.28, 0.000, 6.46, -0.01);
insert into SHOT values (157, 30, 157, 63, 15.672, 272.17, -3.69, 15.672, 272.17, -3.69, 0.000, 187.75, -0.00);
insert into SHOT values (158, 30, 158, 63, 16.867, 275.18, -1.86, 16.867, 275.18, -1.86, 0.000, 15.07, -0.00);
insert into SHOT values (159, 31, 159, 63, 2.243, 204.76, 77.84, 2.243, 204.76, 77.84, 0.000, 197.10, -0.01);
insert into SHOT values (160, 31, 160, 63, 5.788, 237.99, -3.06, 5.788, 237.99, -3.06, 0.000, 3.70, -0.00);
insert into SHOT values (161, 31, 161, 63, 5.934, 196.50, -8.88, 5.934, 196.50, -8.88, 0.000, 184.67, 0.01);
insert into SHOT values (162, 31, 162, 63, 8.788, 165.92, -12.39, 8.788, 165.92, -12.39, 0.000, 177.39, -0.00);
insert into SHOT values (163, 31, 163, 63, 8.254, 189.14, -18.48, 8.254, 189.14, -18.48, 0.000, 182.32, 0.02);
insert into SHOT values (164, 31, 164, 63, 9.032, 214.26, -22.84, 9.032, 214.26, -22.84, 0.000, 359.50, 0.00);
insert into SHOT values (165, 32, 165, 63, 2.402, 232.43, 14.81, 2.402, 232.43, 14.81, 0.000, 173.47, -0.00);
insert into SHOT values (166, 32, 166, 63, 4.772, 267.09, 8.36, 4.772, 267.09, 8.36, 0.000, 179.87, -0.00);
insert into SHOT values (167, 32, 167, 63, 9.088, 279.85, 2.42, 9.088, 279.85, 2.42, 0.000, 194.27, -0.04);
insert into SHOT values (168, 32, 168, 63, 12.149, 287.72, 1.72, 12.149, 287.72, 1.72, 0.000, 9.20, -0.00);
insert into SHOT values (169, 33, 169, 63, 13.012, 179.39, 82.08, 13.012, 179.39, 82.08, 0.000, 357.49, -0.00);
insert into SHOT values (170, 33, 170, 63, 12.245, 145.53, 77.43, 12.245, 145.53, 77.43, 0.000, 174.56, -0.02);
insert into SHOT values (171, 34, 171, 63, 13.190, 271.86, 16.16, 13.190, 271.86, 16.16, 0.000, 5.56, -0.01);
insert into SHOT values (172, 34, 172, 63, 8.357, 235.98, 15.66, 8.357, 235.98, 15.66, 0.000, 351.39, 0.00);
insert into SHOT values (173, 34, 173, 63, 14.800, 93.67, 8.66, 14.800, 93.67, 8.66, 0.000, 151.30, -0.02);
insert into SHOT values (174, 34, 174, 63, 19.295, 87.53, 80.11, 19.295, 87.53, 80.11, 0.000, 168.11, -0.01);
insert into SHOT values (175, 35, 175, 63, 16.794, 258.77, 72.72, 16.794, 258.77, 72.72, 0.000, 9.66, -0.04);
insert into SHOT values (176, 36, 176, 63, 10.351, 90.28, 21.20, 10.351, 90.28, 21.20, 0.000, 358.42, 0.01);
insert into SHOT values (177, 36, 177, 63, 10.661, 253.47, 19.63, 10.661, 253.47, 19.63, 0.000, 357.91, -0.00);
insert into SHOT values (178, 36, 178, 63, 8.608, 205.84, 77.83, 8.608, 205.84, 77.83, 0.000, 174.07, -0.00);
insert into SHOT values (179, 36, 179, 63, 11.410, 66.52, 19.35, 11.410, 66.52, 19.35, 0.000, 10.13, 0.01);
insert into SHOT values (180, 36, 180, 63, 14.433, 45.05, 13.16, 14.433, 45.05, 13.16, 0.000, 356.98, -0.01);
insert into SHOT values (181, 36, 181, 63, 17.666, 39.28, 14.29, 17.666, 39.28, 14.29, 0.000, 142.02, 0.02);
insert into SHOT values (182, 36, 182, 63, 29.989, 220.36, 11.70, 29.989, 220.36, 11.70, 0.000, 350.56, -0.02);
insert into SHOT values (183, 36, 183, 63, 37.907, 211.45, 10.91, 37.907, 211.45, 10.91, 0.000, 185.37, -0.00);
insert into SHOT values (184, 37, 184, 63, 3.710, 120.64, 12.75, 3.710, 120.64, 12.75, 0.000, 184.63, 0.00);
insert into SHOT values (185, 37, 185, 63, 8.424, 93.64, 10.72, 8.424, 93.64, 10.72, 0.000, 356.42, 0.01);
insert into SHOT values (186, 37, 186, 63, 6.973, 68.26, 83.29, 6.973, 68.26, 83.29, 0.000, 170.78, 0.01);
insert into SHOT values (187, 37, 187, 63, 11.311, 75.65, 8.71, 11.311, 75.65, 8.71, 0.000, 8.26, -0.01);
insert into SHOT values (188, 37, 188, 63, 13.076, 57.44, 12.93, 13.076, 57.44, 12.93, 0.000, 170.32, 0.01);
insert into SHOT values (189, 38, 189, 63, 7.298, 65.16, 6.62, 7.298, 65.16, 6.62, 0.000, 10.61, 0.01);
insert into SHOT values (190, 38, 190, 63, 6.323, 80.51, 73.09, 6.323, 80.51, 73.09, 0.000, 5.58, 0.00);
insert into SHOT values (191, 40, 191, 63, 18.494, 65.13, 1.79, 18.494, 65.13, 1.79, 0.000, 359.49, 0.01);
insert into SHOT values (192, 40, 192, 63, 16.626, 112.31, 8.92, 16.626, 112.31, 8.92, 0.000, 180.46, -0.00);
insert into SHOT values (193, 40, 193, 63, 14.466, 143.82, 7.83, 14.466, 143.82, 7.83, 0.000, 7.63, -0.00);
insert into SHOT values (194, 40, 194, 63, 7.459, 131.30, 73.95, 7.459, 131.30, 73.95, 0.000, 176.11, -0.01);
insert into SHOT values (195, 40, 195, 63, 9.383, 278.32, 14.08, 9.383, 278.32, 14.08, 0.000, 334.91, -0.03);
insert into SHOT values (196, 40, 196, 63, 11.250, 259.29, 15.47, 11.250, 259.29, 15.47, 0.000, 168.34, 0.00);
insert into SHOT values (197, 40, 197, 63, 17.344, 246.22, 13.83, 17.344, 246.22, 13.83, 0.000, 3.82, -0.01);
insert into SHOT values (198, 40, 198, 63, 11.688, 175.72, 13.13, 11.688, 175.72, 13.13, 0.000, 172.95, -0.00);
insert into SHOT values (199, 40, 199, 63, 16.460, 181.52, 15.37, 16.460, 181.52, 15.37, 0.000, 2.66, -0.00);
insert into SHOT values (200, 40, 200, 63, 16.514, 194.49, 10.35, 16.514, 194.49, 10.35, 0.000, 181.86, 0.00);
insert into SHOT values (201, 41, 201, 63, 6.170, 278.24, 24.86, 6.170, 278.24, 24.86, 0.000, 1.33, 0.00);
insert into SHOT values (202, 41, 202, 63, 8.711, 230.72, 20.06, 8.711, 230.72, 20.06, 0.000, 148.13, -0.03);
insert into SHOT values (203, 41, 203, 63, 10.490, 209.93, 15.17, 10.490, 209.93, 15.17, 0.000, 176.61, -0.01);
insert into SHOT values (204, 41, 204, 63, 11.601, 128.73, 18.90, 11.601, 128.73, 18.90, 0.000, 182.48, -0.00);
insert into SHOT values (205, 41, 205, 63, 11.700, 149.84, 14.55, 11.700, 149.84, 14.55, 0.000, 358.67, 0.01);
insert into SHOT values (206, 41, 206, 63, 17.045, 167.76, 33.17, 17.045, 167.76, 33.17, 0.000, 196.08, 0.00);
insert into SHOT values (207, 41, 207, 63, 6.976, 173.69, 61.09, 6.976, 173.69, 61.09, 0.000, 8.09, -0.00);
insert into SHOT values (208, 42, 208, 63, 7.865, 250.24, 7.12, 7.865, 250.24, 7.12, 0.000, 1.37, -0.00);
insert into SHOT values (209, 42, 209, 63, 6.977, 266.62, 13.65, 6.977, 266.62, 13.65, 0.000, 17.25, -0.02);
insert into SHOT values (210, 42, 210, 63, 3.311, 87.05, 13.41, 3.311, 87.05, 13.41, 0.000, 173.48, -0.01);
insert into SHOT values (211, 42, 211, 63, 5.439, 38.86, 12.16, 5.439, 38.86, 12.16, 0.000, 359.27, -0.00);
insert into SHOT values (212, 42, 212, 63, 2.282, 135.19, 82.89, 2.282, 135.19, 82.89, 0.000, 174.82, 0.00);
insert into SHOT values (213, 43, 213, 63, 4.836, 140.54, 13.84, 4.836, 140.54, 13.84, 0.000, 326.37, -0.01);
insert into SHOT values (214, 43, 214, 63, 7.530, 163.55, 13.54, 7.530, 163.55, 13.54, 0.000, 11.61, -0.01);
insert into SHOT values (215, 43, 215, 63, 12.981, 175.61, 10.70, 12.981, 175.61, 10.70, 0.000, 67.65, -0.04);
insert into SHOT values (216, 43, 216, 63, 11.612, 284.02, 7.11, 11.612, 284.02, 7.11, 0.000, 187.28, -0.01);
insert into SHOT values (217, 43, 217, 63, 10.724, 268.95, 5.08, 10.724, 268.95, 5.08, 0.000, 163.84, 0.01);
insert into SHOT values (218, 43, 218, 63, 2.374, 256.41, 74.83, 2.374, 256.41, 74.83, 0.000, 343.65, 0.01);
insert into SHOT values (219, 44, 219, 63, 12.219, 97.02, 78.65, 12.219, 97.02, 78.65, 0.000, 329.97, 0.07);
insert into SHOT values (220, 45, 220, 63, 1.631, 42.37, -73.84, 1.631, 42.37, -73.84, 0.000, 355.00, -0.02);
insert into SHOT values (221, 45, 221, 63, 0.706, 309.29, 69.04, 0.706, 309.29, 69.04, 0.000, 350.14, 0.00);
insert into SHOT values (222, 45, 222, 63, 2.463, 301.36, 7.99, 2.463, 301.36, 7.99, 0.000, 73.75, 0.03);
insert into SHOT values (223, 45, 223, 63, 0.153, 263.40, 4.30, 0.153, 263.40, 4.30, 0.000, 352.91, -0.01);
insert into SHOT values (224, 45, 224, 63, 5.515, 355.52, 3.21, 5.515, 355.52, 3.21, 0.000, 167.37, -0.02);
insert into SHOT values (225, 45, 225, 63, 7.334, 248.60, 2.05, 7.334, 248.60, 2.05, 0.000, 351.37, -0.00);
insert into SHOT values (226, 45, 226, 63, 19.647, 125.61, 0.85, 19.647, 125.61, 0.85, 0.000, 180.46, 0.01);
insert into SHOT values (227, 45, 227, 63, 20.434, 138.20, 0.02, 20.434, 138.20, 0.02, 0.000, 175.50, 0.01);
insert into SHOT values (228, 45, 228, 63, 21.751, 147.09, 0.14, 21.751, 147.09, 0.14, 0.000, 353.25, 0.00);
insert into SHOT values (229, 45, 229, 63, 21.277, 156.36, 1.98, 21.277, 156.36, 1.98, 0.000, 188.41, 0.00);
insert into SHOT values (230, 46, 230, 63, 0.213, 43.36, -75.03, 0.213, 43.36, -75.03, 0.000, 185.96, 0.00);
insert into SHOT values (231, 46, 231, 63, 2.290, 133.85, 81.90, 2.290, 133.85, 81.90, 0.000, 237.89, 0.02);
insert into SHOT values (232, 46, 232, 63, 5.900, 292.37, 13.40, 5.900, 292.37, 13.40, 0.000, 175.63, -0.00);
insert into SHOT values (233, 46, 233, 63, 7.567, 272.23, 14.59, 7.567, 272.23, 14.59, 0.000, 185.12, 0.00);
insert into SHOT values (234, 46, 234, 63, 5.520, 230.24, 15.25, 5.520, 230.24, 15.25, 0.000, 187.32, -0.00);
insert into SHOT values (235, 46, 235, 63, 4.365, 186.20, 18.65, 4.365, 186.20, 18.65, 0.000, 4.08, 0.01);
insert into SHOT values (236, 46, 236, 63, 5.456, 146.01, 11.17, 5.456, 146.01, 11.17, 0.000, 192.83, 0.02);
insert into SHOT values (237, 46, 237, 63, 5.439, 298.77, 18.23, 5.439, 298.77, 18.23, 0.000, 191.61, 0.01);
insert into SHOT values (238, 46, 238, 63, 3.849, 339.22, 20.71, 3.849, 339.22, 20.71, 0.000, 356.27, -0.01);
insert into SHOT values (239, 46, 239, 63, 5.043, 2.19, 19.08, 5.043, 2.19, 19.08, 0.000, 0.19, 0.01);
insert into SHOT values (240, 46, 240, 63, 9.870, 255.06, 28.27, 9.870, 255.06, 28.27, 0.000, 357.25, 0.00);
insert into SHOT values (241, 46, 241, 63, 8.261, 265.50, 25.20, 8.261, 265.50, 25.20, 0.000, 178.12, -0.00);
insert into SHOT values (242, 46, 242, 63, 11.862, 260.89, 26.52, 11.862, 260.89, 26.52, 0.000, 180.55, 0.00);
insert into SHOT values (243, 47, 243, 63, 5.774, 83.08, 77.53, 5.774, 83.08, 77.53, 0.000, 13.63, -0.02);
insert into SHOT values (244, 47, 244, 63, 12.743, 92.80, 10.00, 12.743, 92.80, 10.00, 0.000, 174.91, -0.01);
insert into SHOT values (245, 47, 245, 63, 16.082, 74.90, 9.33, 16.082, 74.90, 9.33, 0.000, 341.79, 0.02);
insert into SHOT values (246, 47, 246, 63, 18.671, 58.05, 10.30, 18.671, 58.05, 10.30, 0.000, 355.81, 0.01);
insert into SHOT values (247, 47, 247, 63, 19.876, 37.02, 9.91, 19.876, 37.02, 9.91, 0.000, 183.92, -0.00);
insert into SHOT values (248, 47, 248, 63, 9.899, 358.64, 12.60, 9.899, 358.64, 12.60, 0.000, 2.49, 0.00);
insert into SHOT values (249, 47, 249, 63, 6.864, 341.76, 13.04, 6.864, 341.76, 13.04, 0.000, 4.95, -0.01);
insert into SHOT values (250, 47, 250, 63, 19.114, 27.10, 10.91, 19.114, 27.10, 10.92, 0.000, 174.41, -0.01);
insert into SHOT values (251, 48, 251, 63, 5.101, 223.15, -71.90, 5.101, 223.15, -71.90, 0.000, 7.98, -0.02);
insert into SHOT values (252, 48, 252, 63, 15.136, 218.45, 78.92, 15.136, 218.45, 78.92, 0.000, 190.71, -0.02);
insert into SHOT values (253, 49, 253, 63, 12.600, 243.66, -4.17, 12.600, 243.66, -4.17, 0.000, 172.86, 0.01);
insert into SHOT values (254, 49, 254, 63, 9.367, 219.66, -6.92, 9.367, 219.66, -6.92, 0.000, 11.15, -0.00);
insert into SHOT values (255, 49, 255, 63, 9.057, 204.99, -6.01, 9.057, 204.99, -6.02, 0.000, 347.46, -0.01);
insert into SHOT values (256, 49, 256, 63, 18.168, 196.73, -5.81, 18.168, 196.73, -5.81, 0.000, 209.19, 0.07);
insert into SHOT values (257, 49, 257, 63, 4.871, 135.60, 76.89, 4.871, 135.60, 76.89, 0.000, 35.47, 0.02);
insert into SHOT values (258, 49, 258, 63, 14.117, 252.82, 8.67, 14.117, 252.82, 8.67, 0.000, 193.53, 0.01);
insert into SHOT values (259, 49, 259, 63, 14.954, 255.80, 8.91, 14.954, 255.80, 8.91, 0.000, 6.14, 0.00);
insert into SHOT values (260, 49, 260, 63, 9.550, 270.81, 12.12, 9.550, 270.81, 12.12, 0.000, 5.97, 0.00);
insert into SHOT values (261, 49, 261, 63, 9.098, 97.69, 16.56, 9.098, 97.69, 16.56, 0.000, 186.06, 0.01);
insert into SHOT values (262, 49, 262, 63, 10.413, 88.95, 16.17, 10.413, 88.95, 16.17, 0.000, 0.99, -0.00);
insert into SHOT values (263, 49, 263, 63, 10.554, 79.87, 15.74, 10.554, 79.87, 15.74, 0.000, 0.93, 0.00);
insert into SHOT values (264, 51, 264, 63, 3.371, 342.76, 21.25, 3.371, 342.76, 21.25, 0.000, 161.48, 0.01);
insert into SHOT values (265, 51, 265, 63, 3.078, 327.49, 82.88, 3.078, 327.49, 82.87, 0.000, 359.47, -0.00);
insert into SHOT values (266, 51, 266, 63, 5.786, 154.51, 23.17, 5.786, 154.51, 23.17, 0.000, 177.57, 0.00);
insert into SHOT values (267, 51, 267, 63, 7.093, 123.07, 17.62, 7.093, 123.07, 17.62, 0.000, 180.98, -0.01);
insert into SHOT values (268, 51, 268, 63, 12.087, 113.72, 10.80, 12.087, 113.72, 10.80, 0.000, 184.96, 0.00);
insert into SHOT values (269, 51, 269, 63, 7.403, 191.86, 16.89, 7.403, 191.86, 16.89, 0.000, 328.32, -0.03);
insert into SHOT values (270, 51, 270, 63, 8.230, 274.12, 13.87, 8.230, 274.12, 13.87, 0.000, 1.66, 0.00);
insert into SHOT values (271, 52, 271, 63, 21.647, 70.55, 1.39, 21.647, 70.55, 1.39, 0.000, 182.77, 0.00);
insert into SHOT values (272, 52, 272, 63, 43.137, 7.70, 0.64, 43.137, 7.70, 0.64, 0.000, 355.88, -0.01);
insert into SHOT values (273, 52, 273, 63, 3.740, 128.46, 76.22, 3.740, 128.46, 76.22, 0.000, 8.28, -0.00);
insert into SHOT values (274, 52, 274, 63, 7.034, 180.36, 11.21, 7.034, 180.36, 11.21, 0.000, 346.68, 0.00);
insert into SHOT values (275, 52, 275, 63, 10.716, 233.01, 6.14, 10.716, 233.01, 6.14, 0.000, 358.05, -0.01);
insert into SHOT values (276, 52, 276, 63, 19.858, 251.59, 4.37, 19.858, 251.59, 4.37, 0.000, 201.33, 0.01);
insert into SHOT values (277, 52, 277, 63, 26.981, 308.83, -0.06, 26.981, 308.83, -0.06, 0.000, 187.00, 0.01);
insert into SHOT values (278, 52, 278, 63, 24.003, 304.66, 3.76, 24.003, 304.66, 3.76, 0.000, 351.65, 0.01);
insert into SHOT values (279, 53, 279, 63, 9.428, 351.95, 3.96, 9.428, 351.95, 3.96, 0.000, 338.58, 0.04);
insert into SHOT values (280, 53, 280, 63, 10.941, 4.99, 6.34, 10.941, 4.99, 6.34, 0.000, 167.83, -0.00);
insert into SHOT values (281, 53, 281, 63, 13.546, 17.05, 3.98, 13.546, 17.05, 3.98, 0.000, 158.02, -0.02);
insert into SHOT values (282, 53, 282, 63, 16.429, 28.01, 4.93, 16.429, 28.01, 4.93, 0.000, 178.31, -0.01);
insert into SHOT values (283, 53, 283, 63, 17.132, 38.17, 6.10, 17.132, 38.17, 6.10, 0.000, 345.30, 0.01);
insert into SHOT values (284, 53, 284, 63, 3.713, 135.70, 77.56, 3.713, 135.70, 77.56, 0.000, 15.90, 0.02);
insert into SHOT values (285, 53, 285, 63, 13.440, 233.51, 7.16, 13.440, 233.51, 7.16, 0.000, 188.95, -0.00);
insert into SHOT values (286, 53, 286, 63, 11.672, 260.84, 7.26, 11.672, 260.84, 7.26, 0.000, 6.55, 0.00);
insert into SHOT values (287, 53, 287, 63, 11.384, 285.90, 7.56, 11.384, 285.90, 7.56, 0.000, 7.34, -0.01);
insert into SHOT values (288, 54, 288, 63, 8.747, 212.17, 18.45, 8.747, 212.17, 18.45, 0.000, 184.70, -0.00);
insert into SHOT values (289, 54, 289, 63, 11.099, 76.23, 12.64, 11.099, 76.23, 12.64, 0.000, 27.45, 0.04);
insert into SHOT values (290, 54, 290, 63, 4.956, 278.00, 75.15, 4.956, 278.00, 75.15, 0.000, 200.43, 0.02);
insert into SHOT values (291, 56, 291, 63, 7.762, 81.96, 4.51, 7.762, 81.96, 4.52, 0.000, 326.59, -0.15);
insert into SHOT values (292, 56, 292, 63, 17.782, 212.92, 7.77, 17.782, 212.92, 7.77, 0.000, 322.31, -0.06);
insert into SHOT values (293, 56, 293, 63, 10.076, 291.87, 82.99, 10.076, 291.87, 82.99, 0.000, 351.96, -0.02);
insert into SHOT values (294, 56, 294, 63, 9.304, 167.96, -25.93, 9.304, 167.96, -25.93, 0.000, 192.39, 0.03);
insert into SHOT values (295, 56, 295, 63, 8.574, 199.64, -25.77, 8.574, 199.64, -25.77, 0.000, 14.25, 0.21);
insert into SHOT values (296, 57, 296, 63, 1.704, 76.58, 6.53, 1.704, 76.58, 6.53, 0.000, 190.28, -0.01);
insert into SHOT values (297, 57, 297, 63, 1.238, 85.68, 75.86, 1.238, 85.68, 75.86, 0.000, 355.92, -0.01);
insert into SHOT values (298, 57, 298, 63, 1.841, 228.14, 5.40, 1.841, 228.14, 5.40, 0.000, 358.35, 0.01);
insert into SHOT values (299, 57, 299, 63, 4.437, 137.22, -3.81, 4.437, 137.22, -3.81, 0.000, 173.42, 0.01);
insert into SHOT values (300, 57, 300, 63, 4.568, 158.45, -4.33, 4.568, 158.45, -4.33, 0.000, 187.61, 0.01);
insert into SHOT values (301, 57, 301, 63, 3.239, 136.63, 10.28, 3.239, 136.63, 10.28, 0.000, 2.93, 0.01);
insert into SHOT values (302, 57, 302, 63, 4.519, 160.15, 7.08, 4.519, 160.15, 7.08, 0.000, 246.95, -0.03);
insert into SHOT values (303, 57, 303, 63, 4.534, 329.16, 7.05, 4.534, 329.16, 7.05, 0.000, 358.47, -0.01);
insert into SHOT values (304, 57, 304, 63, 6.191, 293.50, 8.92, 6.191, 293.50, 8.92, 0.000, 6.40, -0.02);
insert into SHOT values (305, 57, 305, 63, 5.102, 277.49, 1.82, 5.102, 277.49, 1.82, 0.000, 354.89, -0.00);
insert into SHOT values (306, 57, 306, 63, 10.083, 147.77, -2.49, 10.083, 147.77, -2.49, 0.000, 354.24, -0.01);
insert into SHOT values (307, 57, 307, 63, 10.070, 147.83, -2.49, 10.070, 147.83, -2.49, 0.000, 171.78, 0.00);
insert into SHOT values (308, 57, 308, 63, 0.349, 61.67, -1.59, 0.349, 61.67, -1.59, 0.000, 347.69, -0.02);
insert into SHOT values (309, 57, 309, 63, 0.350, 62.20, -1.81, 0.350, 62.20, -1.81, 0.000, 33.17, -0.09);
insert into SHOT values (310, 58, 310, 63, 0.462, 231.52, 4.04, 0.462, 231.52, 4.04, 0.000, 355.10, 0.01);
insert into SHOT values (311, 58, 311, 63, 0.382, 125.15, 81.51, 0.382, 125.15, 81.51, 0.000, 59.13, -0.02);
insert into SHOT values (312, 58, 312, 63, 0.483, 239.54, 5.91, 0.483, 239.54, 5.91, 0.000, 3.80, -0.02);
insert into SHOT values (313, 58, 313, 63, 0.404, 57.15, 0.67, 0.404, 57.15, 0.67, 0.000, 359.87, 0.02);
insert into SHOT values (314, 58, 314, 63, 5.118, 147.29, -12.64, 5.118, 147.29, -12.64, 0.000, 331.97, -0.02);
insert into SCRAPS values (65, 55, 'SP-Hochimoyouk_01_entree', 1, 0.21161, 0.00698);
 insert into SCRAPS values (146, 55, 'SP-Hochimoyouk_02_entree', 1, 72.21862, 0.73656);
 insert into SCRAPS values (230, 55, 'SS-Hochimoyouk_01_entree', 2, 0.00000, 0.00000);
 insert into MAPS values (243, 55, 'MP-Entree', 'Entree', 1, 823.601, -127.869);
 insert into MAPITEMS values (243, 4, 65);
 insert into MAPITEMS values (243, 4, 146);
 insert into SURVEY values (245, 53, 'AshimyukFond', 'AshimyukFond.Hashim-oyuk', 'AshimyukFond');
 insert into CENTRELINE values (246, 245, NULL, NULL, NULL, 0.00, 0.00, 0.00);
 insert into SURVEY values (247, 245, 'AshimyukFond', 'AshimyukFond.AshimyukFond.Hashim-oyuk', 'AshimyukFond');
 insert into CENTRELINE values (248, 247, NULL, NULL, NULL, 0.00, 0.00, 0.00);
 insert into CENTRELINE values (249, 247, NULL, '2024-04-12', NULL, 1161.07, 0.00, 0.00);
 insert into PERSON values (4, 'Lionel', 'Barriquand');
insert into TOPO values (4, 249);
 insert into PERSON values (5, 'Bernard', 'Lips');
insert into TOPO values (5, 249);
 insert into PERSON values (6, 'Xavier', 'Robert');
insert into TOPO values (6, 249);
 insert into SHOT values (315, 315, 316, 249, 2.990, 18.45, -2.80, 2.990, 18.45, -2.80, 0.000, 180.09, 0.01);
insert into SHOT values (316, 315, 317, 249, 1.170, 321.65, 6.40, 1.170, 321.65, 6.40, 0.000, 180.31, 0.00);
insert into SHOT values (317, 315, 318, 249, 4.030, 275.45, 4.80, 4.030, 275.45, 4.80, 0.000, 355.30, -0.04);
insert into SHOT values (318, 315, 319, 249, 1.420, 217.35, 3.50, 1.420, 217.35, 3.50, 0.000, 187.09, 0.01);
insert into SHOT values (319, 315, 320, 249, 2.330, 90.45, 77.80, 2.330, 90.45, 77.80, 0.000, 204.34, -0.00);
insert into SHOT values (320, 315, 321, 249, 3.000, 349.95, -33.90, 3.000, 349.95, -33.90, 0.000, 353.89, 0.02);
insert into SHOT values (321, 315, 322, 249, 2.750, 328.55, -48.00, 2.750, 328.55, -48.00, 0.000, 351.97, 0.01);
insert into SHOT values (322, 315, 323, 249, 3.810, 337.85, -52.90, 3.810, 337.85, -52.90, 0.000, 61.32, 0.03);
insert into SHOT values (323, 315, 324, 249, 0.940, 358.15, -78.50, 0.940, 358.15, -78.50, 0.000, 341.10, 0.02);
insert into SHOT values (324, 315, 325, 249, 3.440, 87.35, -16.50, 3.440, 87.35, -16.50, 0.000, 356.82, 0.00);
insert into SHOT values (325, 315, 326, 249, 4.580, 62.05, 6.70, 4.580, 62.05, 6.70, 0.000, 210.64, -0.00);
insert into SHOT values (326, 315, 327, 249, 3.080, 88.05, 40.90, 3.080, 88.05, 40.90, 0.000, 348.99, -0.01);
insert into SHOT values (327, 315, 328, 249, 4.720, 128.05, 22.50, 4.720, 128.05, 22.50, 0.000, 7.84, 0.00);
insert into SHOT values (328, 315, 329, 249, 9.410, 112.15, 8.00, 9.410, 112.15, 8.00, 0.000, 208.65, 0.04);
insert into SHOT values (329, 315, 330, 249, 17.950, 96.95, 7.10, 17.950, 96.95, 7.10, 0.000, 188.12, -0.01);
insert into SHOT values (330, 315, 331, 249, 6.450, 101.15, 0.90, 6.450, 101.15, 0.90, 0.000, 187.85, -0.00);
insert into SHOT values (331, 315, 332, 249, 5.950, 68.25, 6.60, 5.950, 68.25, 6.60, 0.000, 182.43, -0.00);
insert into SHOT values (332, 315, 333, 249, 5.210, 349.95, -41.20, 5.210, 349.95, -41.20, 0.000, 0.21, -0.01);
insert into SHOT values (333, 315, 334, 249, 16.600, 73.85, 2.60, 16.600, 73.85, 2.60, 0.000, 5.01, 0.00);
insert into SHOT values (334, 334, 335, 249, 2.020, 184.05, -78.30, 2.020, 184.05, -78.30, 0.000, 357.51, -0.00);
insert into SHOT values (335, 334, 336, 249, 3.070, 191.05, 70.10, 3.070, 191.05, 70.10, 0.000, 189.54, 0.00);
insert into SHOT values (336, 334, 337, 249, 6.140, 225.05, 28.60, 6.140, 225.05, 28.60, 0.000, 202.11, -0.02);
insert into SHOT values (337, 334, 338, 249, 12.150, 234.95, 2.90, 12.150, 234.95, 2.90, 0.000, 21.98, 0.00);
insert into SHOT values (338, 334, 339, 249, 10.080, 193.05, 4.00, 10.080, 193.05, 4.00, 0.000, 355.03, -0.01);
insert into SHOT values (339, 334, 340, 249, 13.210, 168.95, 9.50, 13.210, 168.95, 9.50, 0.000, 4.41, 0.01);
insert into SHOT values (340, 334, 341, 249, 4.080, 155.25, 11.50, 4.080, 155.25, 11.50, 0.000, 173.67, 0.00);
insert into SHOT values (341, 334, 342, 249, 8.990, 157.75, -21.00, 8.990, 157.75, -21.00, 0.000, 357.71, -0.01);
insert into SHOT values (342, 334, 343, 249, 2.720, 191.65, -36.20, 2.720, 191.65, -36.20, 0.000, 177.39, 0.00);
insert into SHOT values (343, 334, 344, 249, 4.020, 311.95, -16.50, 4.020, 311.95, -16.50, 0.000, 176.34, 0.01);
insert into SHOT values (344, 334, 345, 249, 5.610, 279.75, -1.80, 5.610, 279.75, -1.80, 0.000, 10.79, 0.00);
insert into SHOT values (345, 334, 346, 249, 8.240, 262.25, 5.00, 8.240, 262.25, 5.00, 0.000, 183.51, 0.00);
insert into SHOT values (346, 334, 347, 249, 4.820, 280.85, 42.00, 4.820, 280.85, 42.00, 0.000, 191.29, 0.01);
insert into SHOT values (347, 334, 348, 249, 3.450, 296.95, -31.00, 3.450, 296.95, -31.00, 0.000, 182.87, -0.01);
insert into SHOT values (348, 334, 349, 249, 9.730, 162.95, -18.00, 9.730, 162.95, -18.00, 0.000, 184.70, 0.01);
insert into SHOT values (349, 349, 350, 249, 2.320, 310.15, -5.00, 2.320, 310.15, -5.00, 0.000, 17.50, 0.00);
insert into SHOT values (350, 349, 351, 249, 6.790, 319.65, 11.00, 6.790, 319.65, 11.00, 0.000, 169.44, -0.02);
insert into SHOT values (351, 349, 352, 249, 1.400, 252.25, 17.10, 1.400, 252.25, 17.10, 0.000, 48.92, -0.02);
insert into SHOT values (352, 349, 353, 249, 1.340, 198.15, 11.10, 1.340, 198.15, 11.10, 0.000, 2.29, -0.00);
insert into SHOT values (353, 349, 354, 249, 2.960, 219.15, -31.80, 2.960, 219.15, -31.80, 0.000, 188.08, -0.00);
insert into SHOT values (354, 349, 355, 249, 6.980, 241.85, -28.90, 6.980, 241.85, -28.90, 0.000, 358.09, 0.00);
insert into SHOT values (355, 349, 356, 249, 3.490, 250.45, -27.70, 3.490, 250.45, -27.70, 0.000, 193.17, 0.00);
insert into SHOT values (356, 349, 357, 249, 3.080, 244.25, -37.00, 3.080, 244.25, -37.00, 0.000, 352.84, 0.01);
insert into SHOT values (357, 349, 358, 249, 15.430, 17.75, -3.10, 15.430, 17.75, -3.10, 0.000, 92.65, -0.06);
insert into SHOT values (358, 349, 359, 249, 17.070, 28.65, -3.00, 17.070, 28.65, -3.00, 0.000, 2.78, -0.01);
insert into SHOT values (359, 349, 360, 249, 5.300, 0.85, 79.60, 5.300, 0.85, 79.60, 0.000, 176.57, 0.01);
insert into SHOT values (360, 349, 361, 249, 6.660, 186.95, 57.40, 6.660, 186.95, 57.40, 0.000, 6.97, -0.00);
insert into SHOT values (361, 349, 362, 249, 1.910, 76.05, 4.00, 1.910, 76.05, 4.00, 0.000, 355.51, -0.01);
insert into SHOT values (362, 349, 363, 249, 5.520, 120.95, 21.70, 5.520, 120.95, 21.70, 0.000, 182.86, 0.00);
insert into SHOT values (363, 349, 364, 249, 14.670, 84.15, 19.30, 14.670, 84.15, 19.30, 0.000, 185.60, 0.01);
insert into SHOT values (364, 349, 365, 249, 16.910, 101.25, 50.90, 16.910, 101.25, 50.90, 0.000, 176.54, 0.01);
insert into SHOT values (365, 349, 366, 249, 12.480, 63.45, 15.00, 12.480, 63.45, 15.00, 0.000, 356.90, -0.00);
insert into SHOT values (366, 349, 367, 249, 10.710, 71.25, 6.30, 10.710, 71.25, 6.30, 0.000, 168.77, -0.01);
insert into SHOT values (367, 349, 368, 249, 20.350, 105.75, 17.30, 20.350, 105.75, 17.30, 0.000, 340.02, 0.00);
insert into SHOT values (368, 349, 369, 249, 7.690, 239.75, -23.40, 7.690, 239.75, -23.40, 0.000, 178.06, 0.01);
insert into SHOT values (369, 349, 370, 249, 14.800, 82.15, 9.70, 14.800, 82.15, 9.70, 0.000, 173.71, -0.00);
insert into SHOT values (370, 370, 371, 249, 8.510, 160.55, 3.50, 8.510, 160.55, 3.50, 0.000, 176.20, 0.01);
insert into SHOT values (371, 370, 372, 249, 9.560, 137.95, 12.00, 9.560, 137.95, 12.00, 0.000, 0.48, -0.01);
insert into SHOT values (372, 370, 373, 249, 3.380, 29.05, 36.90, 3.380, 29.05, 36.90, 0.000, 168.92, -0.02);
insert into SHOT values (373, 370, 374, 249, 2.230, 329.75, -23.30, 2.230, 329.75, -23.30, 0.000, 23.64, -0.00);
insert into SHOT values (374, 370, 375, 249, 7.110, 322.45, -3.40, 7.110, 322.45, -3.40, 0.000, 357.02, 0.00);
insert into SHOT values (375, 370, 376, 249, 14.910, 335.35, -6.90, 14.910, 335.35, -6.90, 0.000, 173.28, 0.00);
insert into SHOT values (376, 370, 377, 249, 15.050, 351.75, -4.20, 15.050, 351.75, -4.20, 0.000, 177.24, 0.00);
insert into SHOT values (377, 370, 378, 249, 19.860, 10.25, -4.50, 19.860, 10.25, -4.50, 0.000, 176.38, -0.00);
insert into SHOT values (378, 370, 379, 249, 16.280, 16.75, -1.90, 16.280, 16.75, -1.90, 0.000, 186.35, 0.00);
insert into SHOT values (379, 370, 380, 249, 13.620, 23.05, 0.00, 13.620, 23.05, 0.00, 0.000, 170.50, 0.00);
insert into SHOT values (380, 370, 381, 249, 7.240, 34.45, -2.30, 7.240, 34.45, -2.30, 0.000, 9.84, -0.01);
insert into SHOT values (381, 370, 382, 249, 23.820, 36.75, 1.30, 23.820, 36.75, 1.30, 0.000, 340.78, 0.01);
insert into SHOT values (382, 370, 383, 249, 23.780, 28.25, 5.60, 23.780, 28.25, 5.60, 0.000, 328.33, 0.02);
insert into SHOT values (383, 370, 384, 249, 30.740, 52.55, 8.20, 30.740, 52.55, 8.20, 0.000, 185.59, 0.01);
insert into SHOT values (384, 370, 385, 249, 20.850, 40.25, 13.20, 20.850, 40.25, 13.20, 0.000, 27.10, -0.00);
insert into SHOT values (385, 370, 386, 249, 7.870, 31.25, 31.60, 7.870, 31.25, 31.60, 0.000, 352.23, -0.00);
insert into SHOT values (386, 370, 387, 249, 3.540, 22.85, 54.90, 3.540, 22.85, 54.90, 0.000, 34.81, -0.01);
insert into SHOT values (387, 370, 388, 249, 26.620, 41.05, 3.30, 26.620, 41.05, 3.30, 0.000, 186.46, 0.02);
insert into SHOT values (388, 388, 389, 249, 3.500, 251.95, 67.90, 3.500, 251.95, 67.90, 0.000, 187.41, 0.00);
insert into SHOT values (389, 388, 390, 249, 6.800, 316.55, 11.00, 6.800, 316.55, 11.00, 0.000, 357.08, 0.01);
insert into SHOT values (390, 388, 391, 249, 0.960, 286.65, -68.30, 0.960, 286.65, -68.30, 0.000, 207.09, -0.02);
insert into SHOT values (391, 388, 392, 249, 9.130, 260.45, 1.00, 9.130, 260.45, 1.00, 0.000, 172.13, 0.01);
insert into SHOT values (392, 388, 393, 249, 11.950, 238.75, 6.50, 11.950, 238.75, 6.50, 0.000, 172.19, -0.01);
insert into SHOT values (393, 388, 394, 249, 25.270, 233.95, -1.60, 25.270, 233.95, -1.60, 0.000, 191.96, 0.01);
insert into SHOT values (394, 388, 395, 249, 9.790, 223.15, -11.50, 9.790, 223.15, -11.50, 0.000, 1.18, 0.11);
insert into SHOT values (395, 388, 396, 249, 30.560, 204.55, 1.80, 30.560, 204.55, 1.80, 0.000, 161.75, -0.01);
insert into SHOT values (396, 388, 397, 249, 25.930, 195.45, 1.60, 25.930, 195.45, 1.60, 0.000, 19.75, 0.02);
insert into SHOT values (397, 388, 398, 249, 4.050, 189.75, 44.30, 4.050, 189.75, 44.30, 0.000, 136.03, -0.00);
insert into SHOT values (398, 388, 399, 249, 15.490, 160.45, 7.00, 15.490, 160.45, 7.00, 0.000, 2.53, 0.00);
insert into SHOT values (399, 388, 400, 249, 14.040, 158.05, -7.60, 14.040, 158.05, -7.60, 0.000, 181.34, 0.01);
insert into SHOT values (400, 388, 401, 249, 3.620, 154.25, -20.00, 3.620, 154.25, -20.00, 0.000, 7.23, 0.03);
insert into SHOT values (401, 388, 402, 249, 26.710, 134.45, 8.50, 26.710, 134.45, 8.50, 0.000, 174.48, -0.01);
insert into SHOT values (402, 388, 403, 249, 25.190, 132.35, 13.70, 25.190, 132.35, 13.70, 0.000, 180.23, 0.01);
insert into SHOT values (403, 388, 404, 249, 34.200, 118.95, 3.80, 34.200, 118.95, 3.80, 0.000, 175.69, 0.00);
insert into SHOT values (404, 388, 405, 249, 21.490, 114.15, 4.00, 21.490, 114.15, 4.00, 0.000, 13.66, -0.00);
insert into SHOT values (405, 388, 406, 249, 6.410, 89.95, 22.90, 6.410, 89.95, 22.90, 0.000, 182.08, -0.00);
insert into SHOT values (406, 388, 407, 249, 21.370, 46.75, 7.50, 21.370, 46.75, 7.50, 0.000, 191.45, -0.00);
insert into SHOT values (407, 388, 408, 249, 12.120, 20.45, 12.60, 12.120, 20.45, 12.60, 0.000, 152.68, 0.01);
insert into SHOT values (408, 388, 409, 249, 10.420, 57.95, 24.30, 10.420, 57.95, 24.30, 0.000, 179.21, 0.01);
insert into SHOT values (409, 388, 410, 249, 21.620, 64.25, 16.00, 21.620, 64.25, 16.00, 0.000, 7.15, -0.00);
insert into SHOT values (410, 388, 411, 249, 18.280, 68.55, 1.70, 18.280, 68.55, 1.70, 0.000, 352.57, -0.01);
insert into SHOT values (411, 388, 412, 249, 2.640, 73.65, -12.60, 2.640, 73.65, -12.60, 0.000, 352.99, 0.00);
insert into SHOT values (412, 388, 413, 249, 32.540, 174.95, -1.40, 32.540, 174.95, -1.40, 0.000, 9.99, 0.01);
insert into SHOT values (413, 388, 414, 249, 7.800, 259.45, -9.30, 7.800, 259.45, -9.30, 0.000, 2.87, 0.00);
insert into SHOT values (414, 414, 415, 249, 2.530, 0.05, 0.80, 2.530, 0.05, 0.80, 0.000, 173.44, -0.00);
insert into SHOT values (415, 414, 416, 249, 3.790, 319.85, -18.70, 3.790, 319.85, -18.70, 0.000, 184.46, -0.00);
insert into SHOT values (416, 414, 417, 249, 3.190, 312.75, 6.50, 3.190, 312.75, 6.50, 0.000, 7.39, -0.00);
insert into SHOT values (417, 414, 418, 249, 3.460, 299.25, -5.70, 3.460, 299.25, -5.70, 0.000, 173.18, 0.01);
insert into SHOT values (418, 414, 419, 249, 5.240, 314.25, -8.20, 5.240, 314.25, -8.20, 0.000, 5.03, -0.02);
insert into SHOT values (419, 414, 420, 249, 23.010, 312.05, -2.10, 23.010, 312.05, -2.10, 0.000, 166.20, 0.00);
insert into SHOT values (420, 388, 421, 249, 25.450, 126.05, 0.00, 25.351, 126.01, -0.24, 0.147, 314.41, -47.05);
insert into SHOT values (421, 421, 422, 249, 4.460, 190.35, 37.10, 4.460, 190.35, 37.10, 0.000, 186.57, -0.00);
insert into SHOT values (422, 421, 423, 249, 0.760, 188.85, 14.60, 0.760, 188.85, 14.60, 0.000, 201.64, -0.01);
insert into SHOT values (423, 421, 424, 249, 6.870, 250.95, 88.50, 6.870, 250.95, 88.50, 0.000, 37.57, -0.02);
insert into SHOT values (424, 421, 425, 249, 5.980, 5.85, 36.00, 5.980, 5.85, 36.00, 0.000, 190.30, -0.01);
insert into SHOT values (425, 421, 426, 249, 6.250, 18.75, 32.80, 6.250, 18.75, 32.80, 0.000, 12.90, -0.00);
insert into SHOT values (426, 421, 427, 249, 2.470, 3.55, -18.70, 2.470, 3.55, -18.70, 0.000, 188.02, 0.01);
insert into SHOT values (427, 421, 428, 249, 9.510, 306.45, -11.90, 9.510, 306.45, -11.90, 0.000, 185.13, -0.01);
insert into SHOT values (428, 421, 429, 249, 10.830, 294.15, 27.40, 10.830, 294.15, 27.40, 0.000, 52.05, -0.02);
insert into SHOT values (429, 421, 430, 249, 10.600, 298.15, 63.10, 10.600, 298.15, 63.10, 0.000, 9.86, 0.01);
insert into SHOT values (430, 421, 431, 249, 9.860, 111.55, 24.90, 9.860, 111.55, 24.90, 0.000, 196.08, -0.00);
insert into SHOT values (431, 421, 432, 249, 15.840, 85.05, 20.20, 15.840, 85.05, 20.20, 0.000, 176.61, 0.00);
insert into SHOT values (432, 421, 433, 249, 17.890, 68.05, 20.10, 17.890, 68.05, 20.10, 0.000, 177.57, -0.01);
insert into SHOT values (433, 421, 434, 249, 26.760, 88.95, 25.90, 26.760, 88.95, 25.90, 0.000, 185.37, -0.01);
insert into SHOT values (434, 421, 435, 249, 11.720, 83.95, 47.20, 11.720, 83.95, 47.20, 0.000, 182.69, -0.00);
insert into SHOT values (435, 421, 436, 249, 19.230, 59.25, 33.80, 19.230, 59.25, 33.80, 0.000, 185.83, 0.01);
insert into SHOT values (436, 421, 437, 249, 17.740, 62.85, 17.20, 17.740, 62.85, 17.20, 0.000, 171.33, 0.04);
insert into SHOT values (437, 421, 438, 249, 15.200, 58.85, 11.80, 15.200, 58.85, 11.80, 0.000, 4.93, 0.01);
insert into SHOT values (438, 421, 439, 249, 8.990, 62.05, 5.60, 8.990, 62.05, 5.60, 0.000, 212.45, 0.02);
insert into SHOT values (439, 421, 440, 249, 5.550, 66.45, -3.90, 5.550, 66.45, -3.90, 0.000, 3.23, -0.00);
insert into SHOT values (440, 421, 441, 249, 4.580, 33.15, 11.10, 4.580, 33.15, 11.10, 0.000, 358.47, 0.01);
insert into SHOT values (441, 421, 442, 249, 7.240, 35.75, 38.10, 7.240, 35.75, 38.10, 0.000, 287.93, -0.00);
insert into SHOT values (442, 421, 443, 249, 6.830, 44.75, 17.10, 6.830, 44.75, 17.10, 0.000, 183.39, 0.00);
insert into SHOT values (443, 421, 444, 249, 17.040, 58.15, 17.60, 17.014, 57.97, 17.47, 0.069, 313.48, -40.85);
insert into SHOT values (444, 444, 445, 249, 5.230, 331.85, 15.70, 5.230, 331.85, 15.70, 0.000, 352.62, 0.00);
insert into SHOT values (445, 444, 446, 249, 7.010, 105.15, 14.70, 7.010, 105.15, 14.70, 0.000, 172.41, -0.01);
insert into SHOT values (446, 444, 447, 249, 1.390, 114.95, -36.70, 1.390, 114.95, -36.70, 0.000, 167.38, -0.01);
insert into SHOT values (447, 444, 448, 249, 8.970, 53.95, 38.00, 8.970, 53.95, 38.00, 0.000, 345.75, -0.02);
insert into SHOT values (448, 444, 449, 249, 22.450, 53.85, 15.60, 22.450, 53.85, 15.60, 0.000, 3.21, 0.00);
insert into SHOT values (449, 444, 450, 249, 34.420, 57.85, 9.60, 34.420, 57.85, 9.60, 0.000, 254.52, -0.01);
insert into SHOT values (450, 444, 451, 249, 29.660, 50.85, 6.00, 29.660, 50.85, 6.00, 0.000, 310.33, 0.01);
insert into SHOT values (451, 444, 452, 249, 14.750, 38.45, 7.20, 14.750, 38.45, 7.20, 0.000, 4.42, -0.01);
insert into SHOT values (452, 444, 453, 249, 7.180, 19.15, 15.60, 7.180, 19.15, 15.60, 0.000, 359.89, -0.02);
insert into SHOT values (453, 444, 454, 249, 2.390, 60.55, -21.70, 2.390, 60.55, -21.70, 0.000, 352.28, -0.00);
insert into SHOT values (454, 444, 455, 249, 10.350, 50.45, -4.50, 10.350, 50.45, -4.50, 0.000, 176.33, 0.00);
insert into SHOT values (455, 444, 456, 249, 11.210, 64.95, 4.90, 11.210, 64.95, 4.90, 0.000, 355.18, -0.00);
insert into SHOT values (456, 444, 457, 249, 27.780, 56.55, 3.60, 27.758, 56.31, 3.34, 0.172, 319.31, -47.72);
insert into SHOT values (457, 457, 458, 249, 3.760, 16.35, 15.60, 3.760, 16.35, 15.60, 0.000, 185.93, -0.01);
insert into SHOT values (458, 457, 459, 249, 5.090, 74.75, 80.60, 5.090, 74.75, 80.60, 0.000, 176.52, -0.00);
insert into SHOT values (459, 457, 460, 249, 6.620, 147.45, 70.60, 6.620, 147.45, 70.60, 0.000, 354.42, 0.01);
insert into SHOT values (460, 457, 461, 249, 5.560, 164.65, 38.70, 5.560, 164.65, 38.70, 0.000, 11.96, -0.00);
insert into SHOT values (461, 457, 462, 249, 7.180, 165.45, 11.40, 7.180, 165.45, 11.40, 0.000, 190.12, -0.01);
insert into SHOT values (462, 457, 463, 249, 0.540, 126.85, -54.70, 0.540, 126.85, -54.70, 0.000, 155.10, 0.00);
insert into SHOT values (463, 457, 464, 249, 5.420, 303.05, 3.30, 5.420, 303.05, 3.30, 0.000, 187.50, 0.01);
insert into SHOT values (464, 457, 465, 249, 9.380, 274.65, -20.00, 9.380, 274.65, -20.00, 0.000, 183.35, -0.00);
insert into SHOT values (465, 457, 466, 249, 7.170, 274.15, 20.80, 7.170, 274.15, 20.80, 0.000, 173.28, 0.01);
insert into SHOT values (466, 457, 467, 249, 5.140, 255.65, 60.40, 5.140, 255.65, 60.40, 0.000, 204.50, 0.02);
insert into SHOT values (467, 457, 468, 249, 10.020, 215.15, 19.80, 10.020, 215.15, 19.80, 0.000, 186.78, -0.03);
insert into SHOT values (468, 457, 469, 249, 9.590, 233.85, -2.90, 9.590, 233.85, -2.90, 0.000, 171.23, 0.01);
insert into SHOT values (469, 457, 470, 249, 9.360, 51.85, 13.60, 9.360, 51.85, 13.60, 0.000, 13.79, 0.00);
insert into SHOT values (470, 457, 471, 249, 19.500, 63.85, 10.10, 19.500, 63.85, 10.10, 0.000, 357.54, 0.01);
insert into SHOT values (471, 457, 472, 249, 16.790, 85.35, 8.60, 16.790, 85.35, 8.60, 0.000, 173.27, -0.00);
insert into SHOT values (472, 457, 473, 249, 9.230, 104.35, 13.30, 9.230, 104.35, 13.30, 0.000, 357.59, -0.00);
insert into SHOT values (473, 457, 474, 249, 5.530, 79.15, -10.10, 5.530, 79.15, -10.10, 0.000, 176.67, 0.01);
insert into SHOT values (474, 457, 475, 249, 14.100, 74.85, 1.00, 14.100, 74.85, 1.00, 0.000, 5.89, -0.00);
insert into SHOT values (475, 457, 476, 249, 8.200, 78.45, 36.60, 8.200, 78.45, 36.60, 0.000, 186.96, -0.00);
insert into SHOT values (476, 457, 477, 249, 11.720, 74.95, 23.90, 11.720, 74.95, 23.90, 0.000, 347.59, -0.00);
insert into SHOT values (477, 457, 478, 249, 19.060, 74.25, 5.00, 19.051, 74.07, 4.82, 0.084, 340.01, -46.12);
insert into SHOT values (478, 478, 479, 249, 3.750, 178.55, 10.10, 3.750, 178.55, 10.10, 0.000, 1.01, 0.00);
insert into SHOT values (479, 478, 480, 249, 5.770, 106.95, 72.50, 5.770, 106.95, 72.50, 0.000, 185.91, -0.00);
insert into SHOT values (480, 478, 481, 249, 3.720, 11.95, 28.70, 3.720, 11.95, 28.70, 0.000, 182.85, -0.00);
insert into SHOT values (481, 478, 482, 249, 0.630, 80.95, -70.20, 0.630, 80.95, -70.20, 0.000, 157.20, 0.21);
insert into SHOT values (482, 478, 483, 249, 6.200, 80.35, -12.00, 6.200, 80.35, -12.00, 0.000, 3.22, -0.00);
insert into SHOT values (483, 478, 484, 249, 15.330, 79.25, -4.30, 15.330, 79.25, -4.30, 0.000, 174.87, -0.00);
insert into SHOT values (484, 478, 485, 249, 23.560, 79.95, -1.90, 23.560, 79.95, -1.90, 0.000, 13.20, -0.01);
insert into SHOT values (485, 478, 486, 249, 12.490, 68.75, 3.30, 12.490, 68.75, 3.30, 0.000, 177.76, 0.01);
insert into SHOT values (486, 478, 487, 249, 8.150, 57.75, 6.40, 8.150, 57.75, 6.40, 0.000, 1.29, 0.01);
insert into SHOT values (487, 478, 488, 249, 30.510, 81.35, 4.00, 30.510, 81.35, 4.00, 0.000, 170.08, 0.02);
insert into SHOT values (488, 478, 489, 249, 18.600, 85.35, 14.40, 18.600, 85.35, 14.40, 0.000, 356.79, 0.01);
insert into SHOT values (489, 478, 490, 249, 10.040, 100.45, 11.50, 10.040, 100.45, 11.50, 0.000, 183.16, -0.00);
insert into SHOT values (490, 478, 491, 249, 25.340, 74.95, 1.50, 25.340, 74.72, 1.26, 0.146, 346.10, -47.08);
insert into SHOT values (491, 491, 492, 249, 5.400, 156.25, 0.80, 5.400, 156.25, 0.80, 0.000, 182.10, -0.01);
insert into SHOT values (492, 491, 493, 249, 3.090, 133.45, -35.10, 3.090, 133.45, -35.10, 0.000, 175.01, -0.01);
insert into SHOT values (493, 491, 494, 249, 4.150, 67.55, 78.00, 4.150, 67.55, 78.00, 0.000, 172.55, -0.03);
insert into SHOT values (494, 491, 495, 249, 10.090, 319.45, 13.60, 10.090, 319.45, 13.60, 0.000, 203.33, 0.02);
insert into SHOT values (495, 491, 496, 249, 33.130, 329.55, 9.70, 33.130, 329.55, 9.70, 0.000, 181.95, 0.00);
insert into SHOT values (496, 491, 497, 249, 31.870, 342.85, 13.60, 31.870, 342.85, 13.60, 0.000, 173.73, -0.00);
insert into SHOT values (497, 491, 498, 249, 6.610, 356.35, 19.50, 6.610, 356.35, 19.50, 0.000, 353.83, -0.00);
insert into SHOT values (498, 491, 499, 249, 4.240, 1.85, 43.50, 4.240, 1.85, 43.50, 0.000, 356.20, -0.02);
insert into SHOT values (499, 491, 500, 249, 13.970, 338.55, 25.80, 13.970, 338.55, 25.80, 0.000, 352.62, 0.01);
insert into SHOT values (500, 491, 501, 249, 11.860, 337.55, 8.80, 11.860, 337.55, 8.80, 0.000, 2.08, 0.02);
insert into SHOT values (501, 491, 502, 249, 2.750, 329.05, 1.70, 2.750, 329.05, 1.70, 0.000, 192.77, 0.00);
insert into SHOT values (502, 491, 503, 249, 9.260, 296.45, 18.50, 9.260, 296.45, 18.50, 0.000, 193.62, 0.01);
insert into SHOT values (503, 491, 504, 249, 13.280, 286.45, 11.70, 13.280, 286.45, 11.70, 0.000, 357.50, 0.00);
insert into SHOT values (504, 491, 505, 249, 10.140, 273.15, 19.00, 10.140, 273.15, 19.00, 0.000, 357.53, -0.01);
insert into SHOT values (505, 491, 506, 249, 15.890, 270.15, 9.20, 15.890, 270.15, 9.20, 0.000, 359.86, 0.00);
insert into SHOT values (506, 491, 507, 249, 8.880, 282.95, 4.50, 8.880, 282.95, 4.50, 0.000, 349.63, 0.01);
insert into SHOT values (507, 491, 508, 249, 7.590, 270.85, -3.80, 7.590, 270.85, -3.80, 0.000, 65.20, -0.04);
insert into SHOT values (508, 491, 509, 249, 2.390, 299.35, -7.90, 2.390, 299.35, -7.90, 0.000, 354.61, 0.00);
insert into SHOT values (509, 491, 510, 249, 5.070, 164.15, -7.70, 5.070, 164.15, -7.70, 0.000, 42.53, 0.03);
insert into SHOT values (510, 491, 511, 249, 7.510, 206.25, 3.00, 7.510, 206.25, 3.00, 0.000, 83.05, 0.18);
insert into SHOT values (511, 491, 512, 249, 12.700, 231.75, -0.20, 12.700, 231.75, -0.20, 0.000, 11.26, -0.01);
insert into SHOT values (512, 491, 513, 249, 3.770, 227.75, -30.50, 3.770, 227.75, -30.50, 0.000, 162.52, 0.01);
insert into SHOT values (513, 491, 514, 249, 10.860, 260.25, -6.10, 10.860, 260.25, -6.10, 0.000, 192.05, 0.02);
insert into SHOT values (514, 491, 515, 249, 18.240, 246.45, 6.70, 18.240, 246.45, 6.70, 0.000, 186.51, 0.00);
insert into SHOT values (515, 491, 516, 249, 6.780, 50.15, 19.00, 6.780, 50.15, 19.00, 0.000, 197.94, 0.00);
insert into SHOT values (516, 491, 517, 249, 15.910, 56.45, 31.80, 15.910, 56.45, 31.80, 0.000, 179.13, -0.01);
insert into SHOT values (517, 491, 518, 249, 14.110, 74.05, 19.90, 14.110, 74.05, 19.90, 0.000, 181.95, 0.00);
insert into SHOT values (518, 491, 519, 249, 15.750, 58.35, 14.20, 15.750, 58.35, 14.20, 0.000, 187.27, 0.01);
insert into SHOT values (519, 491, 520, 249, 25.680, 49.25, 20.10, 25.680, 49.25, 20.10, 0.000, 195.96, 0.02);
insert into SHOT values (520, 491, 521, 249, 19.380, 60.85, 21.80, 19.422, 60.73, 21.71, 0.064, 23.68, -10.83);
insert into SHOT values (521, 491, 522, 249, 11.340, 278.15, 5.50, 11.357, 278.24, 5.52, 0.026, 328.27, 13.26);
insert into SHOT values (522, 522, 523, 249, 2.840, 196.85, 24.80, 2.840, 196.85, 24.80, 0.000, 166.74, 0.00);
insert into SHOT values (523, 522, 524, 249, 0.900, 196.05, 10.20, 0.900, 196.05, 10.20, 0.000, 60.60, -0.07);
insert into SHOT values (524, 522, 525, 249, 2.140, 307.95, 82.00, 2.140, 307.95, 82.00, 0.000, 357.30, 0.00);
insert into SHOT values (525, 522, 526, 249, 2.810, 348.75, 27.90, 2.810, 348.75, 27.90, 0.000, 356.12, 0.00);
insert into SHOT values (526, 522, 527, 249, 1.410, 355.45, -11.00, 1.410, 355.45, -11.00, 0.000, 174.96, 0.00);
insert into SHOT values (527, 522, 528, 249, 1.380, 276.45, -19.90, 1.380, 276.45, -19.90, 0.000, 56.08, 0.10);
insert into SHOT values (528, 522, 529, 249, 7.430, 275.35, -6.30, 7.430, 275.35, -6.30, 0.000, 347.23, 0.01);
insert into SHOT values (529, 522, 530, 249, 20.120, 274.95, 4.00, 20.120, 274.95, 4.00, 0.000, 39.00, 0.04);
insert into SHOT values (530, 522, 531, 249, 5.340, 272.75, 21.70, 5.340, 272.75, 21.70, 0.000, 181.78, -0.01);
insert into SHOT values (531, 522, 532, 249, 9.720, 260.65, 6.10, 9.720, 260.65, 6.10, 0.000, 12.54, 0.02);
insert into SHOT values (532, 522, 533, 249, 17.660, 266.15, 1.00, 17.660, 266.15, 1.00, 0.000, 41.01, -0.03);
insert into SHOT values (533, 522, 534, 249, 13.320, 283.45, 0.90, 13.320, 283.45, 0.90, 0.000, 348.91, 0.02);
insert into SHOT values (534, 522, 535, 249, 23.690, 280.05, 0.30, 23.690, 280.05, 0.30, 0.000, 191.42, -0.03);
insert into SHOT values (535, 522, 536, 249, 24.420, 276.75, -3.00, 24.445, 276.96, -2.94, 0.098, 350.81, 15.30);
insert into SHOT values (536, 536, 537, 249, 4.080, 198.15, 14.20, 4.080, 198.15, 14.20, 0.000, 359.17, 0.00);
insert into SHOT values (537, 536, 538, 249, 1.450, 201.15, -27.40, 1.450, 201.15, -27.40, 0.000, 177.09, -0.01);
insert into SHOT values (538, 536, 539, 249, 1.590, 357.35, 20.20, 1.590, 357.35, 20.20, 0.000, 159.92, 0.02);
insert into SHOT values (539, 536, 540, 249, 2.100, 306.75, 75.80, 2.100, 306.75, 75.80, 0.000, 178.03, -0.01);
insert into SHOT values (540, 536, 541, 249, 6.150, 260.55, 0.70, 6.150, 260.55, 0.70, 0.000, 175.55, -0.01);
insert into SHOT values (541, 536, 542, 249, 11.070, 318.65, -15.30, 11.070, 318.65, -15.30, 0.000, 4.13, -0.01);
insert into SHOT values (542, 536, 543, 249, 1.500, 245.35, -37.30, 1.500, 245.35, -37.30, 0.000, 197.73, -0.02);
insert into SHOT values (543, 536, 544, 249, 5.900, 278.65, -31.40, 5.900, 278.65, -31.40, 0.000, 183.05, -0.01);
insert into SHOT values (544, 536, 545, 249, 20.900, 300.35, -5.40, 20.962, 300.42, -5.33, 0.071, 321.85, 15.51);
insert into SHOT values (545, 545, 546, 249, 13.510, 141.55, -6.50, 13.510, 141.55, -6.50, 0.000, 265.48, 0.10);
insert into SHOT values (546, 545, 547, 249, 11.600, 23.65, 12.40, 11.600, 23.65, 12.40, 0.000, 121.31, 0.04);
insert into SHOT values (547, 545, 548, 249, 1.070, 15.45, -22.50, 1.070, 15.45, -22.50, 0.000, 352.90, 0.00);
insert into SHOT values (548, 545, 549, 249, 2.880, 82.75, 67.60, 2.880, 82.75, 67.60, 0.000, 255.38, 0.00);
insert into SHOT values (549, 545, 550, 249, 9.220, 90.55, 18.30, 9.220, 90.55, 18.30, 0.000, 171.58, -0.00);
insert into SHOT values (550, 545, 551, 249, 24.950, 102.25, 3.80, 24.950, 102.25, 3.80, 0.000, 185.08, -0.00);
insert into SHOT values (551, 545, 552, 249, 18.050, 319.65, 7.90, 18.050, 319.65, 7.90, 0.000, 238.43, 0.00);
insert into SHOT values (552, 545, 553, 249, 15.280, 189.35, -0.70, 15.280, 189.35, -0.70, 0.000, 315.28, 0.04);
insert into SHOT values (553, 545, 554, 249, 13.020, 161.55, 0.80, 13.020, 161.55, 0.80, 0.000, 359.51, -0.01);
insert into SHOT values (554, 545, 555, 249, 18.880, 223.35, 4.30, 18.880, 223.35, 4.30, 0.000, 186.54, 0.01);
insert into SHOT values (555, 545, 556, 249, 9.970, 200.45, 16.80, 9.970, 200.45, 16.80, 0.000, 4.83, -0.00);
insert into SHOT values (556, 545, 557, 249, 8.770, 210.25, -1.70, 8.774, 210.40, -1.79, 0.027, 292.04, -31.89);
insert into SHOT values (557, 557, 558, 249, 9.350, 282.65, 1.60, 9.350, 282.65, 1.60, 0.000, 144.19, -0.05);
insert into SHOT values (558, 557, 559, 249, 3.090, 61.25, 79.90, 3.090, 61.25, 79.90, 0.000, 359.64, -0.00);
insert into SHOT values (559, 557, 560, 249, 10.780, 104.95, 9.10, 10.780, 104.95, 9.10, 0.000, 276.70, 0.01);
insert into SHOT values (560, 557, 561, 249, 11.230, 251.15, -3.70, 11.230, 251.15, -3.70, 0.000, 15.92, 0.01);
insert into SHOT values (561, 557, 562, 249, 12.910, 229.05, -7.50, 12.910, 229.05, -7.50, 0.000, 184.09, 0.00);
insert into SHOT values (562, 557, 563, 249, 33.880, 213.85, -4.30, 33.880, 213.85, -4.30, 0.000, 359.43, -0.01);
insert into SHOT values (563, 557, 564, 249, 15.260, 215.85, 14.10, 15.260, 215.85, 14.10, 0.000, 354.43, -0.01);
insert into SHOT values (564, 557, 565, 249, 2.800, 201.05, 60.30, 2.800, 201.05, 60.30, 0.000, 181.35, 0.01);
insert into SHOT values (565, 557, 566, 249, 9.600, 134.95, -6.10, 9.600, 134.95, -6.10, 0.000, 345.09, 0.03);
insert into SHOT values (566, 557, 567, 249, 8.180, 188.25, -28.20, 8.180, 188.25, -28.20, 0.000, 177.81, 0.01);
insert into SHOT values (567, 557, 568, 249, 17.200, 192.75, -11.40, 17.200, 192.75, -11.40, 0.000, 32.42, -0.03);
insert into SHOT values (568, 557, 388, 249, 51.210, 235.48, -6.69, 51.309, 235.90, -7.16, 0.571, 318.38, -48.16);
insert into SHOT values (569, 545, 569, 249, 10.900, 346.25, 0.80, 10.912, 345.99, 0.78, 0.050, 270.07, -5.01);
insert into SHOT values (570, 569, 570, 249, 5.670, 82.35, 9.30, 5.670, 82.35, 9.30, 0.000, 350.59, -0.03);
insert into SHOT values (571, 569, 571, 249, 6.940, 47.45, 2.70, 6.940, 47.45, 2.70, 0.000, 353.38, -0.01);
insert into SHOT values (572, 569, 572, 249, 4.120, 11.95, -13.80, 4.120, 11.95, -13.80, 0.000, 199.30, -0.06);
insert into SHOT values (573, 569, 573, 249, 9.780, 21.25, -5.20, 9.780, 21.25, -5.20, 0.000, 9.95, -0.01);
insert into SHOT values (574, 569, 574, 249, 5.380, 10.05, 22.20, 5.380, 10.05, 22.20, 0.000, 351.10, -0.00);
insert into SHOT values (575, 569, 575, 249, 12.980, 12.95, 2.20, 12.980, 12.95, 2.20, 0.000, 187.79, -0.00);
insert into SHOT values (576, 569, 576, 249, 10.250, 349.35, -2.40, 10.250, 349.35, -2.40, 0.000, 7.20, 0.00);
insert into SHOT values (577, 569, 577, 249, 5.800, 333.75, 3.20, 5.800, 333.75, 3.20, 0.000, 2.54, -0.01);
insert into SHOT values (578, 569, 578, 249, 3.380, 337.75, 68.90, 3.380, 337.75, 68.90, 0.000, 166.89, -0.00);
insert into SHOT values (579, 569, 579, 249, 8.900, 292.55, 12.20, 8.900, 292.55, 12.20, 0.000, 186.09, 0.00);
insert into SHOT values (580, 569, 580, 249, 15.840, 33.85, 0.10, 15.797, 33.62, 0.07, 0.077, 270.10, -6.49);
insert into SHOT values (581, 580, 581, 249, 4.630, 316.05, 6.80, 4.630, 316.05, 6.80, 0.000, 25.87, 0.01);
insert into SHOT values (582, 580, 582, 249, 0.580, 10.85, -45.50, 0.580, 10.85, -45.50, 0.000, 189.58, -0.01);
insert into SHOT values (583, 580, 583, 249, 2.370, 68.95, 74.20, 2.370, 68.95, 74.20, 0.000, 6.61, 0.00);
insert into SHOT values (584, 580, 584, 249, 10.680, 3.45, 19.20, 10.680, 3.45, 19.20, 0.000, 94.58, -0.29);
insert into SHOT values (585, 580, 585, 249, 18.100, 20.45, 13.70, 18.100, 20.45, 13.70, 0.000, 4.88, -0.00);
insert into SHOT values (586, 580, 586, 249, 3.320, 29.05, 12.00, 3.320, 29.05, 12.00, 0.000, 188.19, -0.01);
insert into SHOT values (587, 580, 587, 249, 14.590, 32.65, 17.50, 14.590, 32.65, 17.50, 0.000, 349.97, 0.01);
insert into SHOT values (588, 580, 588, 249, 13.940, 41.55, 16.30, 13.940, 41.55, 16.30, 0.000, 178.96, 0.00);
insert into SHOT values (589, 580, 589, 249, 12.170, 81.15, 19.80, 12.170, 81.15, 19.80, 0.000, 3.67, 0.00);
insert into SHOT values (590, 580, 590, 249, 12.580, 90.75, 14.70, 12.580, 90.75, 14.70, 0.000, 349.48, -0.00);
insert into SHOT values (591, 580, 591, 249, 4.540, 137.65, 19.20, 4.540, 137.65, 19.20, 0.000, 176.34, 0.00);
insert into SHOT values (592, 580, 592, 249, 5.610, 100.25, 18.00, 5.593, 100.28, 18.04, 0.018, 270.16, -4.59);
insert into SHOT values (593, 592, 593, 249, 6.780, 106.25, 9.80, 6.780, 106.25, 9.80, 0.000, 0.91, 0.01);
insert into SHOT values (594, 592, 594, 249, 7.870, 80.95, 8.20, 7.870, 80.95, 8.20, 0.000, 353.83, -0.00);
insert into SHOT values (595, 592, 595, 249, 12.930, 51.45, 8.70, 12.930, 51.45, 8.70, 0.000, 182.73, -0.01);
insert into SHOT values (596, 592, 596, 249, 3.670, 26.15, 12.10, 3.670, 26.15, 12.10, 0.000, 344.02, -0.02);
insert into SHOT values (597, 592, 597, 249, 8.690, 125.15, 8.50, 8.690, 125.15, 8.50, 0.000, 4.31, 0.00);
insert into SHOT values (598, 592, 598, 249, 3.920, 140.85, 18.80, 3.920, 140.85, 18.80, 0.000, 168.22, 0.02);
insert into SHOT values (599, 592, 599, 249, 2.120, 179.15, 5.40, 2.120, 179.15, 5.40, 0.000, 359.66, -0.00);
insert into SHOT values (600, 592, 600, 249, 25.360, 148.35, 6.10, 25.360, 148.35, 6.10, 0.000, 357.70, -0.00);
insert into SHOT values (601, 592, 601, 249, 14.840, 139.85, -0.00, 14.840, 139.85, 0.00, 0.000, 199.62, 0.00);
insert into SHOT values (602, 592, 602, 249, 9.330, 68.25, 5.30, 9.330, 68.25, 5.30, 0.000, 340.85, 0.02);
insert into SHOT values (603, 592, 603, 249, 14.330, 68.45, 6.70, 14.330, 68.45, 6.70, 0.000, 170.94, 0.01);
insert into SHOT values (604, 592, 604, 249, 19.020, 71.35, 9.50, 19.038, 70.71, 9.22, 0.227, 349.98, -22.65);
insert into SHOT values (605, 604, 605, 249, 6.870, 70.25, 6.40, 6.870, 70.25, 6.40, 0.000, 355.18, 0.01);
insert into SHOT values (606, 604, 606, 249, 1.950, 90.65, 71.40, 1.950, 90.65, 71.40, 0.000, 7.29, 0.01);
insert into SHOT values (607, 604, 607, 249, 0.690, 335.45, -29.90, 0.690, 335.45, -29.90, 0.000, 163.59, -0.01);
insert into SHOT values (608, 604, 608, 249, 2.080, 155.85, 7.80, 2.080, 155.85, 7.80, 0.000, 5.93, 0.01);
insert into SHOT values (609, 604, 609, 249, 8.460, 132.65, 1.40, 8.460, 132.65, 1.40, 0.000, 351.16, 0.00);
insert into SHOT values (610, 604, 610, 249, 10.230, 101.75, 5.70, 10.230, 101.75, 5.70, 0.000, 2.15, 0.01);
insert into SHOT values (611, 604, 611, 249, 7.270, 10.85, 13.70, 7.270, 10.85, 13.70, 0.000, 350.04, 0.00);
insert into SHOT values (612, 604, 612, 249, 7.630, 294.65, -0.80, 7.630, 294.65, -0.80, 0.000, 168.39, 0.00);
insert into SHOT values (613, 604, 613, 249, 2.700, 317.55, -9.30, 2.700, 317.55, -9.30, 0.000, 183.17, -0.00);
insert into SHOT values (614, 604, 614, 249, 7.340, 325.65, 14.50, 7.340, 325.65, 14.50, 0.000, 181.10, 0.00);
insert into SHOT values (615, 604, 615, 249, 9.320, 113.05, -0.20, 9.320, 113.05, -0.20, 0.000, 337.75, 0.02);
insert into SHOT values (616, 604, 616, 249, 12.110, 332.15, 4.50, 12.170, 332.01, 4.30, 0.079, 308.16, -28.67);
insert into SHOT values (617, 616, 617, 249, 1.110, 349.65, -36.40, 1.110, 349.65, -36.40, 0.000, 353.49, -0.00);
insert into SHOT values (618, 616, 618, 249, 15.390, 336.55, 3.20, 15.390, 336.55, 3.20, 0.000, 187.49, 0.00);
insert into SHOT values (619, 616, 619, 249, 20.700, 22.95, 3.70, 20.700, 22.95, 3.70, 0.000, 355.38, 0.00);
insert into SHOT values (620, 616, 620, 249, 7.150, 71.95, 10.60, 7.150, 71.95, 10.60, 0.000, 186.18, -0.00);
insert into SHOT values (621, 616, 621, 249, 1.500, 352.35, 53.20, 1.500, 352.35, 53.20, 0.000, 183.68, 0.01);
insert into SHOT values (622, 616, 622, 249, 13.160, 77.05, 17.90, 13.160, 77.05, 17.90, 0.000, 41.79, -0.05);
insert into SHOT values (623, 616, 623, 249, 5.540, 128.75, 11.60, 5.540, 128.75, 11.60, 0.000, 175.21, -0.00);
insert into SHOT values (624, 616, 624, 249, 14.010, 100.95, 23.20, 14.010, 100.95, 23.20, 0.000, 181.47, 0.01);
insert into SHOT values (625, 616, 625, 249, 2.260, 121.05, -22.40, 2.260, 121.05, -22.40, 0.000, 328.58, 0.03);
insert into SHOT values (626, 616, 626, 249, 7.670, 247.25, -6.40, 7.670, 247.25, -6.40, 0.000, 6.37, 0.01);
insert into SHOT values (627, 616, 627, 249, 14.250, 264.25, -11.60, 14.250, 264.25, -11.60, 0.000, 347.47, 0.04);
insert into SHOT values (628, 616, 628, 249, 12.750, 252.25, -7.60, 12.750, 252.25, -7.60, 0.000, 195.03, -0.00);
insert into SHOT values (629, 616, 629, 249, 5.400, 250.35, -15.50, 5.400, 250.35, -15.50, 0.000, 23.38, 0.01);
insert into SHOT values (630, 616, 630, 249, 15.040, 243.85, -13.30, 15.034, 244.34, -13.52, 0.139, 342.66, -23.21);
insert into SHOT values (631, 630, 631, 249, 5.250, 144.55, 7.50, 5.250, 144.55, 7.50, 0.000, 169.66, 0.01);
insert into SHOT values (632, 630, 632, 249, 2.280, 197.55, 69.60, 2.280, 197.55, 69.60, 0.000, 168.18, 0.03);
insert into SHOT values (633, 630, 633, 249, 3.780, 299.75, 8.20, 3.780, 299.75, 8.20, 0.000, 2.83, -0.00);
insert into SHOT values (634, 630, 634, 249, 1.390, 333.45, -49.90, 1.390, 333.45, -49.90, 0.000, 175.84, 0.00);
insert into SHOT values (635, 630, 635, 249, 2.320, 233.05, 70.40, 2.320, 233.05, 70.40, 0.000, 185.66, 0.01);
insert into SHOT values (636, 630, 636, 249, 5.220, 68.95, 19.40, 5.220, 68.95, 19.40, 0.000, 197.75, -0.02);
insert into SHOT values (637, 630, 637, 249, 5.530, 40.25, 4.00, 5.530, 40.25, 4.00, 0.000, 95.43, -0.02);
insert into SHOT values (638, 630, 638, 249, 3.340, 226.75, 2.10, 3.340, 226.75, 2.10, 0.000, 180.17, -0.00);
insert into SHOT values (639, 630, 639, 249, 3.340, 226.75, 3.70, 3.336, 227.16, 3.61, 0.025, 325.27, -12.49);
insert into SHOT values (640, 639, 592, 249, 9.130, 156.65, -4.00, 9.088, 156.77, -4.16, 0.053, 312.18, -25.41);
insert into SHOT values (641, 592, 640, 249, 9.690, 131.45, 1.20, 9.669, 131.56, 1.18, 0.028, 270.19, -7.15);
insert into SHOT values (642, 640, 641, 249, 8.050, 220.85, -3.30, 8.050, 220.85, -3.30, 0.000, 354.98, -0.00);
insert into SHOT values (643, 640, 642, 249, 3.020, 77.15, 23.80, 3.020, 77.15, 23.80, 0.000, 196.78, -0.02);
insert into SHOT values (644, 640, 643, 249, 1.080, 146.95, -44.00, 1.080, 146.95, -44.00, 0.000, 359.45, -0.01);
insert into SHOT values (645, 640, 644, 249, 2.450, 203.15, 58.10, 2.450, 203.15, 58.10, 0.000, 165.09, 0.01);
insert into SHOT values (646, 640, 645, 249, 7.520, 169.45, 7.40, 7.520, 169.45, 7.40, 0.000, 139.94, -0.02);
insert into SHOT values (647, 640, 646, 249, 13.880, 104.15, 18.40, 13.880, 104.15, 18.40, 0.000, 172.13, 0.01);
insert into SHOT values (648, 640, 647, 249, 20.690, 137.05, 9.50, 20.690, 137.05, 9.50, 0.000, 181.36, 0.01);
insert into SHOT values (649, 640, 648, 249, 7.000, 202.45, -5.70, 7.009, 202.62, -5.71, 0.023, 270.14, -5.02);
insert into SHOT values (650, 648, 649, 249, 9.330, 99.25, 68.70, 9.330, 99.25, 68.70, 0.000, 187.36, 0.01);
insert into SHOT values (651, 648, 650, 249, 13.040, 86.75, 63.30, 13.040, 86.75, 63.30, 0.000, 359.28, 0.00);
insert into SHOT values (652, 648, 651, 249, 28.750, 88.45, 28.80, 28.750, 88.45, 28.80, 0.000, 189.73, -0.01);
insert into SHOT values (653, 648, 652, 249, 13.030, 56.45, 19.70, 13.030, 56.45, 19.70, 0.000, 350.89, 0.01);
insert into SHOT values (654, 648, 653, 249, 16.710, 79.75, 18.70, 16.710, 79.75, 18.70, 0.000, 350.28, -0.01);
insert into SHOT values (655, 648, 654, 249, 16.650, 121.45, 14.70, 16.650, 121.45, 14.70, 0.000, 5.14, -0.00);
insert into SHOT values (656, 648, 655, 249, 1.080, 144.05, -40.40, 1.080, 144.05, -40.40, 0.000, 184.54, 0.01);
insert into SHOT values (657, 648, 656, 249, 21.760, 199.25, 0.60, 21.760, 199.25, 0.60, 0.000, 13.59, -0.01);
insert into SHOT values (658, 648, 657, 249, 3.810, 269.45, 3.40, 3.810, 269.45, 3.40, 0.000, 8.27, 0.00);
insert into SHOT values (659, 648, 658, 249, 15.790, 224.55, -6.80, 15.834, 224.71, -6.81, 0.062, 270.17, -7.97);
insert into SHOT values (660, 658, 545, 249, 4.990, 284.35, 5.50, 5.006, 284.30, 5.47, 0.017, 270.15, -4.00);
insert into SHOT values (661, 648, 659, 249, 5.680, 77.35, 11.10, 5.670, 77.25, 11.14, 0.014, 298.22, 7.47);
insert into SHOT values (662, 659, 660, 249, 0.450, 168.95, 0.50, 0.450, 168.95, 0.50, 0.000, 54.84, 0.04);
insert into SHOT values (663, 659, 661, 249, 8.740, 114.55, 66.80, 8.740, 114.55, 66.80, 0.000, 6.51, -0.00);
insert into SHOT values (664, 659, 662, 249, 5.390, 9.95, 21.40, 5.390, 9.95, 21.40, 0.000, 340.73, -0.00);
insert into SHOT values (665, 659, 663, 249, 2.360, 107.35, -9.50, 2.360, 107.35, -9.50, 0.000, 0.36, 0.00);
insert into SHOT values (666, 659, 664, 249, 8.070, 100.65, 4.30, 8.070, 100.65, 4.30, 0.000, 17.15, 0.01);
insert into SHOT values (667, 659, 665, 249, 11.630, 84.25, 15.70, 11.630, 84.25, 15.70, 0.000, 165.91, 0.01);
insert into SHOT values (668, 659, 666, 249, 36.490, 123.05, 6.60, 36.490, 123.05, 6.60, 0.000, 18.24, 0.00);
insert into SHOT values (669, 659, 667, 249, 26.900, 101.25, 12.00, 26.856, 101.03, 12.09, 0.117, 343.84, 14.94);
insert into SHOT values (670, 667, 491, 249, 23.010, 163.65, -15.10, 23.012, 163.45, -15.14, 0.079, 71.56, -13.16);
insert into SHOT values (671, 667, 521, 249, 25.350, 119.25, 2.60, 25.374, 119.47, 2.65, 0.104, 196.32, 12.87);
insert into SHOT values (672, 521, 668, 249, 3.740, 162.75, -6.90, 3.740, 162.75, -6.90, 0.000, 5.49, 0.00);
insert into SHOT values (673, 521, 669, 249, 7.710, 153.95, -40.00, 7.710, 153.95, -40.00, 0.000, 4.15, -0.00);
insert into SHOT values (674, 521, 670, 249, 11.560, 101.75, -18.40, 11.560, 101.75, -18.40, 0.000, 1.92, -0.00);
insert into SHOT values (675, 521, 671, 249, 11.990, 74.05, 1.90, 11.990, 74.05, 1.90, 0.000, 175.44, 0.01);
insert into SHOT values (676, 521, 672, 249, 8.860, 20.85, 6.50, 8.860, 20.85, 6.50, 0.000, 357.71, -0.00);
insert into SHOT values (677, 521, 673, 249, 4.760, 37.95, 31.90, 4.760, 37.95, 31.90, 0.000, 186.10, 0.00);
insert into SHOT values (678, 521, 674, 249, 12.030, 60.15, 11.10, 12.030, 60.15, 11.10, 0.000, 20.19, -0.00);
insert into SHOT values (679, 521, 675, 249, 12.010, 41.95, 7.10, 12.010, 41.95, 7.10, 0.000, 188.34, 0.01);
insert into SHOT values (680, 521, 676, 249, 13.310, 71.95, 2.30, 13.310, 71.95, 2.30, 0.000, 199.96, 0.00);
insert into SHOT values (681, 521, 677, 249, 9.560, 57.05, 0.20, 9.560, 57.05, 0.20, 0.000, 175.04, 0.01);
insert into SHOT values (682, 521, 678, 249, 20.040, 350.75, 4.60, 20.040, 350.75, 4.60, 0.000, 355.11, 0.00);
insert into SHOT values (683, 521, 679, 249, 35.950, 309.75, -0.20, 35.950, 309.75, -0.20, 0.000, 212.88, -0.01);
insert into SHOT values (684, 521, 680, 249, 20.420, 307.45, -6.40, 20.420, 307.45, -6.40, 0.000, 343.87, -0.01);
insert into SHOT values (685, 521, 681, 249, 8.890, 289.95, -25.80, 8.890, 289.95, -25.80, 0.000, 168.20, 0.01);
insert into SHOT values (686, 521, 682, 249, 9.410, 250.65, -37.50, 9.410, 250.65, -37.50, 0.000, 1.90, 0.00);
insert into SHOT values (687, 521, 683, 249, 16.510, 58.25, 3.30, 16.510, 58.25, 3.30, 0.000, 10.55, -0.03);
insert into SHOT values (688, 683, 684, 249, 5.150, 171.25, 2.40, 5.150, 171.25, 2.40, 0.000, 179.86, -0.02);
insert into SHOT values (689, 683, 685, 249, 2.630, 172.55, -18.00, 2.630, 172.55, -18.00, 0.000, 179.29, -0.01);
insert into SHOT values (690, 683, 686, 249, 6.960, 134.75, 0.80, 6.960, 134.75, 0.80, 0.000, 2.00, -0.00);
insert into SHOT values (691, 683, 687, 249, 9.580, 107.05, 9.50, 9.580, 107.05, 9.50, 0.000, 349.55, 0.10);
insert into SHOT values (692, 683, 688, 249, 6.590, 104.45, 1.60, 6.590, 104.45, 1.60, 0.000, 186.98, -0.02);
insert into SHOT values (693, 683, 689, 249, 2.040, 94.25, 46.60, 2.040, 94.25, 46.60, 0.000, 174.65, 0.00);
insert into SHOT values (694, 683, 690, 249, 3.520, 59.15, 16.70, 3.520, 59.15, 16.70, 0.000, 183.58, -0.01);
insert into SHOT values (695, 683, 691, 249, 3.350, 19.95, -8.10, 3.350, 19.95, -8.10, 0.000, 171.74, -0.00);
insert into SHOT values (696, 683, 692, 249, 7.700, 31.05, -1.50, 7.700, 31.05, -1.50, 0.000, 8.14, 0.00);
insert into SHOT values (697, 683, 693, 249, 6.480, 29.25, 13.70, 6.480, 29.25, 13.70, 0.000, 1.18, -0.00);
insert into SHOT values (698, 683, 694, 249, 5.510, 4.75, 10.40, 5.510, 4.75, 10.40, 0.000, 143.80, 0.02);
insert into SHOT values (699, 683, 695, 249, 5.900, 328.45, 12.80, 5.900, 328.45, 12.80, 0.000, 181.01, 0.00);
insert into SHOT values (700, 683, 696, 249, 11.580, 42.75, 8.30, 11.580, 42.75, 8.30, 0.000, 357.94, 0.01);
insert into SHOT values (701, 683, 697, 249, 7.810, 91.75, 7.50, 7.810, 91.75, 7.50, 0.000, 17.67, -0.00);
insert into SHOT values (702, 697, 698, 249, 3.290, 168.25, 4.90, 3.290, 168.25, 4.90, 0.000, 183.46, 0.00);
insert into SHOT values (703, 697, 699, 249, 1.540, 348.85, 14.90, 1.540, 348.85, 14.90, 0.000, 209.35, 0.03);
insert into SHOT values (704, 697, 700, 249, 2.990, 38.55, 68.30, 2.990, 38.55, 68.30, 0.000, 2.73, 0.00);
insert into SHOT values (705, 697, 701, 249, 2.510, 114.45, 68.50, 2.510, 114.45, 68.50, 0.000, 195.52, -0.03);
insert into SHOT values (706, 697, 702, 249, 1.710, 160.25, -28.50, 1.710, 160.25, -28.50, 0.000, 153.51, -0.00);
insert into SHOT values (707, 697, 703, 249, 4.580, 112.65, -21.40, 4.580, 112.65, -21.40, 0.000, 3.16, -0.00);
insert into SHOT values (708, 697, 704, 249, 4.340, 98.15, -14.00, 4.340, 98.15, -14.00, 0.000, 162.21, 0.00);
insert into SHOT values (709, 697, 705, 249, 10.920, 105.55, 4.00, 10.920, 105.55, 4.00, 0.000, 189.55, -0.00);
insert into SHOT values (710, 697, 706, 249, 12.030, 87.55, 15.00, 12.030, 87.55, 15.00, 0.000, 335.61, -0.03);
insert into SHOT values (711, 697, 707, 249, 7.710, 76.45, 33.00, 7.710, 76.45, 33.00, 0.000, 355.19, -0.00);
insert into SHOT values (712, 697, 708, 249, 3.600, 89.45, 52.50, 3.600, 89.45, 52.50, 0.000, 353.01, -0.02);
insert into SHOT values (713, 697, 709, 249, 5.780, 63.05, 17.70, 5.780, 63.05, 17.70, 0.000, 355.43, -0.00);
insert into SHOT values (714, 697, 710, 249, 9.880, 75.05, 6.90, 9.880, 75.05, 6.90, 0.000, 359.21, -0.01);
insert into SHOT values (715, 710, 711, 249, 3.240, 195.25, 67.70, 3.240, 195.25, 67.70, 0.000, 350.59, 0.00);
insert into SHOT values (716, 710, 712, 249, 5.610, 139.95, 8.30, 5.610, 139.95, 8.30, 0.000, 353.43, -0.01);
insert into SHOT values (717, 710, 713, 249, 5.970, 189.75, 1.60, 5.970, 189.75, 1.60, 0.000, 183.00, -0.01);
insert into SHOT values (718, 710, 714, 249, 7.890, 228.75, 0.50, 7.890, 228.75, 0.50, 0.000, 3.07, 0.02);
insert into SHOT values (719, 710, 715, 249, 2.810, 273.05, 0.50, 2.810, 273.05, 0.50, 0.000, 182.33, 0.00);
insert into SHOT values (720, 710, 716, 249, 2.500, 343.05, -1.50, 2.500, 343.05, -1.50, 0.000, 11.54, -0.00);
insert into SHOT values (721, 710, 717, 249, 1.520, 337.65, -24.90, 1.520, 337.65, -24.90, 0.000, 195.69, -0.01);
insert into SHOT values (722, 710, 718, 249, 3.460, 18.45, 60.90, 3.460, 18.45, 60.90, 0.000, 190.78, 0.02);
insert into SHOT values (723, 710, 719, 249, 2.160, 45.65, 1.50, 2.160, 45.65, 1.50, 0.000, 156.95, -0.02);
insert into SHOT values (724, 710, 720, 249, 2.670, 50.45, 16.90, 2.670, 50.45, 16.90, 0.000, 185.33, 0.00);
insert into SHOT values (725, 710, 721, 249, 3.670, 62.45, 54.40, 3.670, 62.45, 54.40, 0.000, 179.20, 0.01);
insert into SHOT values (726, 710, 722, 249, 3.960, 113.35, 41.60, 3.960, 113.35, 41.60, 0.000, 353.69, -0.00);
insert into SHOT values (727, 710, 723, 249, 5.140, 52.75, 22.00, 5.140, 52.75, 22.00, 0.000, 165.22, -0.01);
insert into SHOT values (728, 723, 724, 249, 2.480, 350.35, 20.40, 2.480, 350.35, 20.40, 0.000, 0.18, 0.01);
insert into SHOT values (729, 723, 725, 249, 1.910, 10.55, 79.50, 1.910, 10.55, 79.50, 0.000, 0.50, 0.01);
insert into SHOT values (730, 723, 726, 249, 2.530, 148.35, 17.80, 2.530, 148.35, 17.80, 0.000, 127.76, -0.01);
insert into SHOT values (731, 723, 727, 249, 0.860, 121.65, -30.20, 0.860, 121.65, -30.20, 0.000, 177.95, 0.01);
insert into SHOT values (732, 723, 728, 249, 3.400, 57.65, -20.20, 3.400, 57.65, -20.20, 0.000, 70.61, -0.05);
insert into SHOT values (733, 723, 729, 249, 5.240, 63.75, 0.70, 5.240, 63.75, 0.70, 0.000, 184.95, 0.00);
insert into SHOT values (734, 723, 730, 249, 8.070, 64.65, 13.60, 8.070, 64.65, 13.60, 0.000, 190.27, 0.01);
insert into SHOT values (735, 723, 731, 249, 6.570, 57.75, 30.10, 6.570, 57.75, 30.10, 0.000, 355.31, 0.00);
insert into SHOT values (736, 723, 732, 249, 4.130, 275.25, 9.70, 4.130, 275.25, 9.70, 0.000, 163.61, -0.00);
insert into SHOT values (737, 723, 733, 249, 8.200, 66.65, 15.80, 8.200, 66.65, 15.80, 0.000, 3.57, -0.00);
insert into SHOT values (738, 733, 734, 249, 2.450, 156.75, 44.90, 2.450, 156.75, 44.90, 0.000, 181.31, 0.01);
insert into SHOT values (739, 733, 735, 249, 2.380, 323.45, 23.70, 2.380, 323.45, 23.70, 0.000, 5.03, -0.00);
insert into SHOT values (740, 733, 736, 249, 1.060, 337.65, -31.70, 1.060, 337.65, -31.70, 0.000, 0.36, -0.01);
insert into SHOT values (741, 733, 737, 249, 2.080, 208.15, 89.20, 2.080, 208.15, 89.20, 0.000, 4.69, 0.00);
insert into SHOT values (742, 733, 738, 249, 3.450, 45.85, 54.70, 3.450, 45.85, 54.70, 0.000, 355.28, 0.01);
insert into SHOT values (743, 733, 739, 249, 5.200, 32.45, 44.00, 5.200, 32.45, 44.00, 0.000, 148.04, 0.01);
insert into SHOT values (744, 521, 740, 249, 13.230, 349.75, -0.60, 13.230, 349.75, -0.60, 0.000, 184.22, 0.00);
insert into SHOT values (745, 740, 741, 249, 4.410, 104.85, 3.90, 4.410, 104.85, 3.90, 0.000, 358.42, -0.00);
insert into SHOT values (746, 740, 742, 249, 3.900, 62.95, -19.00, 3.900, 62.95, -19.00, 0.000, 201.16, 0.01);
insert into SHOT values (747, 740, 743, 249, 6.630, 6.95, 11.30, 6.630, 6.95, 11.30, 0.000, 5.37, -0.01);
insert into SHOT values (748, 740, 744, 249, 6.980, 34.85, 54.10, 6.980, 34.85, 54.10, 0.000, 353.05, 0.00);
insert into SHOT values (749, 740, 745, 249, 9.280, 50.15, 9.50, 9.280, 50.15, 9.50, 0.000, 177.06, 0.03);
insert into SHOT values (750, 740, 746, 249, 19.910, 61.85, -3.00, 19.910, 61.85, -3.00, 0.000, 181.24, 0.01);
insert into SHOT values (751, 740, 747, 249, 12.100, 52.55, -7.40, 12.100, 52.55, -7.40, 0.000, 2.77, -0.00);
insert into SHOT values (752, 740, 748, 249, 14.600, 150.05, 3.60, 14.600, 150.05, 3.60, 0.000, 188.96, -0.01);
insert into SHOT values (753, 740, 749, 249, 20.370, 197.05, -4.40, 20.370, 197.05, -4.40, 0.000, 10.00, -0.01);
insert into SHOT values (754, 740, 750, 249, 23.940, 251.05, -7.50, 23.940, 251.05, -7.50, 0.000, 353.32, 0.00);
insert into SHOT values (755, 740, 751, 249, 26.520, 297.75, 1.80, 26.520, 297.75, 1.80, 0.000, 187.60, -0.00);
insert into SHOT values (756, 740, 752, 249, 8.450, 278.05, -13.30, 8.450, 278.05, -13.30, 0.000, 355.15, 0.01);
insert into SHOT values (757, 740, 753, 249, 7.190, 273.35, 14.90, 7.190, 273.35, 14.90, 0.000, 118.47, 0.01);
insert into SHOT values (758, 740, 754, 249, 2.470, 159.05, -46.00, 2.470, 159.05, -46.00, 0.000, 7.01, 0.01);
insert into SHOT values (759, 740, 755, 249, 17.540, 39.15, -1.00, 17.540, 39.15, -1.00, 0.000, 359.24, 0.00);
insert into SHOT values (760, 740, 756, 249, 17.510, 39.25, -1.00, 17.510, 39.25, -1.00, 0.000, 198.39, 0.01);
insert into SHOT values (761, 740, 757, 249, 20.330, 39.15, -1.00, 20.330, 39.15, -1.00, 0.000, 0.52, 0.01);
insert into SHOT values (762, 740, 758, 249, 17.500, 39.15, -1.00, 17.500, 39.15, -1.00, 0.000, 185.31, 0.01);
insert into SHOT values (763, 756, 759, 249, 2.450, 63.25, 71.20, 2.450, 63.25, 71.20, 0.000, 180.30, -0.00);
insert into SHOT values (764, 756, 760, 249, 8.890, 90.25, 9.20, 8.890, 90.25, 9.20, 0.000, 5.87, -0.00);
insert into SHOT values (765, 756, 761, 249, 8.730, 49.45, 6.30, 8.730, 49.45, 6.30, 0.000, 356.82, 0.01);
insert into SHOT values (766, 756, 762, 249, 7.990, 0.25, 10.40, 7.990, 0.25, 10.40, 0.000, 183.55, -0.01);
insert into SHOT values (767, 756, 763, 249, 2.760, 326.55, -11.20, 2.760, 326.55, -11.20, 0.000, 24.65, -0.11);
insert into SHOT values (768, 756, 764, 249, 9.280, 259.55, 6.80, 9.280, 259.55, 6.80, 0.000, 185.75, 0.01);
insert into SHOT values (769, 756, 765, 249, 1.060, 242.55, -45.20, 1.060, 242.55, -45.20, 0.000, 194.38, 0.01);
insert into SHOT values (770, 756, 766, 249, 9.860, 233.05, 1.40, 9.860, 233.05, 1.40, 0.000, 163.79, -0.03);
insert into SHOT values (771, 756, 767, 249, 4.110, 210.95, -12.70, 4.110, 210.95, -12.70, 0.000, 1.22, 0.00);
insert into SHOT values (772, 756, 768, 249, 3.890, 207.35, 26.30, 3.890, 207.35, 26.30, 0.000, 6.10, 0.00);
insert into SHOT values (773, 756, 769, 249, 9.160, 146.65, -4.00, 9.160, 146.65, -4.00, 0.000, 358.95, 0.00);
insert into SHOT values (774, 756, 770, 249, 13.790, 34.95, 6.30, 13.790, 34.95, 6.30, 0.000, 359.71, -0.02);
insert into SHOT values (775, 756, 771, 249, 12.940, 290.35, 9.40, 12.940, 290.35, 9.40, 0.000, 180.73, -0.01);
insert into SHOT values (776, 667, 772, 249, 14.790, 3.45, 3.50, 14.779, 3.65, 3.60, 0.059, 107.49, 24.55);
insert into SHOT values (777, 772, 773, 249, 10.890, 249.05, -1.80, 10.890, 249.05, -1.80, 0.000, 14.21, -0.01);
insert into SHOT values (778, 772, 774, 249, 6.770, 324.15, 1.30, 6.770, 324.15, 1.30, 0.000, 0.76, 0.00);
insert into SHOT values (779, 772, 775, 249, 10.410, 344.55, 1.60, 10.410, 344.55, 1.60, 0.000, 178.05, 0.00);
insert into SHOT values (780, 772, 776, 249, 8.490, 93.25, 9.60, 8.490, 93.25, 9.60, 0.000, 176.16, 0.00);
insert into SHOT values (781, 772, 777, 249, 15.700, 76.55, 10.00, 15.700, 76.55, 10.00, 0.000, 163.92, -0.00);
insert into SHOT values (782, 772, 778, 249, 12.010, 35.35, 15.60, 12.010, 35.35, 15.60, 0.000, 191.63, 0.01);
insert into SHOT values (783, 772, 779, 249, 6.890, 35.15, 40.60, 6.890, 35.15, 40.60, 0.000, 175.56, 0.00);
insert into SHOT values (784, 772, 780, 249, 0.990, 58.25, 76.10, 0.990, 58.25, 76.10, 0.000, 210.53, -0.03);
insert into SHOT values (785, 772, 781, 249, 4.550, 93.45, -15.60, 4.550, 93.45, -15.60, 0.000, 176.26, 0.00);
insert into SHOT values (786, 772, 782, 249, 11.150, 351.15, -1.20, 11.129, 351.29, -1.13, 0.037, 118.67, 23.08);
insert into SHOT values (787, 782, 783, 249, 1.710, 276.65, 10.40, 1.710, 276.65, 10.40, 0.000, 217.13, 0.01);
insert into SHOT values (788, 782, 784, 249, 7.500, 348.25, -14.40, 7.500, 348.25, -14.40, 0.000, 0.50, 0.00);
insert into SHOT values (789, 782, 785, 249, 13.030, 19.45, 3.40, 13.030, 19.45, 3.40, 0.000, 355.77, -0.01);
insert into SHOT values (790, 782, 786, 249, 5.560, 20.25, 18.90, 5.560, 20.25, 18.90, 0.000, 3.06, -0.01);
insert into SHOT values (791, 782, 787, 249, 4.950, 18.65, 42.80, 4.950, 18.65, 42.80, 0.000, 5.99, 0.00);
insert into SHOT values (792, 782, 788, 249, 16.030, 352.55, -0.20, 16.030, 352.55, -0.20, 0.000, 295.06, -0.08);
insert into SHOT values (793, 782, 789, 249, 28.450, 342.25, 2.00, 28.450, 342.25, 2.00, 0.000, 355.44, 0.01);
insert into SHOT values (794, 782, 790, 249, 18.020, 337.15, -8.90, 18.020, 337.15, -8.90, 0.000, 2.40, -0.01);
insert into SHOT values (795, 782, 791, 249, 13.900, 313.15, 0.90, 13.900, 313.15, 0.90, 0.000, 183.15, -0.01);
insert into SHOT values (796, 782, 792, 249, 19.100, 299.95, 5.00, 19.100, 299.95, 5.00, 0.000, 187.30, 0.00);
insert into SHOT values (797, 782, 793, 249, 5.490, 303.95, 19.90, 5.490, 303.95, 19.90, 0.000, 4.84, 0.00);
insert into SHOT values (798, 782, 794, 249, 17.260, 119.55, 14.40, 17.260, 119.55, 14.40, 0.000, 170.65, -0.01);
insert into SHOT values (799, 782, 795, 249, 16.890, 94.15, 9.30, 16.890, 94.15, 9.30, 0.000, 178.36, -0.00);
insert into SHOT values (800, 782, 796, 249, 5.810, 82.55, 26.80, 5.810, 82.55, 26.80, 0.000, 167.43, -0.07);
insert into SHOT values (801, 782, 797, 249, 17.810, 65.75, 6.30, 17.810, 65.75, 6.30, 0.000, 0.57, 0.00);
insert into SHOT values (802, 782, 798, 249, 12.770, 80.75, -1.60, 12.770, 80.75, -1.60, 0.000, 359.07, 0.00);
insert into SHOT values (803, 782, 799, 249, 3.510, 88.65, -25.00, 3.510, 88.65, -25.00, 0.000, 19.72, 0.03);
insert into SHOT values (804, 782, 800, 249, 23.670, 82.75, 9.00, 23.670, 82.75, 9.00, 0.000, 58.64, -0.03);
insert into SHOT values (805, 800, 801, 249, 11.750, 201.05, 2.10, 11.750, 201.05, 2.10, 0.000, 13.46, 0.01);
insert into SHOT values (806, 800, 802, 249, 1.500, 197.85, -33.80, 1.500, 197.85, -33.80, 0.000, 356.07, 0.01);
insert into SHOT values (807, 800, 803, 249, 2.350, 255.55, 61.60, 2.350, 255.55, 61.60, 0.000, 21.22, -0.01);
insert into SHOT values (808, 800, 804, 249, 4.680, 32.15, 55.00, 4.680, 32.15, 55.00, 0.000, 162.10, 0.01);
insert into SHOT values (809, 800, 805, 249, 6.470, 69.25, 9.60, 6.470, 69.25, 9.60, 0.000, 350.96, 0.01);
insert into SHOT values (810, 800, 806, 249, 7.750, 91.35, -7.60, 7.750, 91.35, -7.60, 0.000, 170.98, -0.00);
insert into SHOT values (811, 800, 807, 249, 7.210, 96.65, 10.10, 7.210, 96.65, 10.10, 0.000, 186.73, 0.00);
insert into SHOT values (812, 800, 808, 249, 12.490, 88.35, 14.30, 12.490, 88.35, 14.30, 0.000, 353.90, 0.01);
insert into SHOT values (813, 800, 809, 249, 5.350, 66.35, 45.50, 5.350, 66.35, 45.50, 0.000, 354.65, 0.01);
insert into SHOT values (814, 800, 810, 249, 13.050, 92.85, 9.50, 13.050, 92.85, 9.50, 0.000, 358.92, 0.02);
insert into SHOT values (815, 810, 811, 249, 1.210, 184.15, 4.80, 1.210, 184.15, 4.80, 0.000, 149.16, -0.00);
insert into SHOT values (816, 810, 812, 249, 1.720, 153.35, 7.60, 1.720, 153.35, 7.60, 0.000, 175.17, 0.00);
insert into SHOT values (817, 810, 813, 249, 2.470, 90.05, 69.70, 2.470, 90.05, 69.70, 0.000, 356.84, -0.01);
insert into SHOT values (818, 810, 814, 249, 2.090, 32.05, 10.00, 2.090, 32.05, 10.00, 0.000, 169.03, -0.00);
insert into SHOT values (819, 810, 815, 249, 0.740, 165.95, -65.10, 0.740, 165.95, -65.10, 0.000, 183.57, 0.00);
insert into SHOT values (820, 810, 816, 249, 2.110, 129.35, 66.20, 2.110, 129.35, 66.20, 0.000, 339.86, -0.00);
insert into SHOT values (821, 810, 817, 249, 2.050, 127.55, 8.50, 2.050, 127.55, 8.50, 0.000, 347.28, 0.01);
insert into SHOT values (822, 810, 818, 249, 2.650, 125.75, -16.90, 2.650, 125.75, -16.90, 0.000, 244.39, -0.05);
insert into SHOT values (823, 810, 819, 249, 2.910, 308.15, -16.40, 2.910, 308.15, -16.40, 0.000, 7.72, 0.01);
insert into SHOT values (824, 810, 820, 249, 2.960, 261.25, -11.10, 2.960, 261.25, -11.10, 0.000, 355.48, 0.04);
insert into SHOT values (825, 810, 821, 249, 2.500, 279.15, 16.50, 2.500, 279.15, 16.50, 0.000, 3.15, 0.00);
insert into SHOT values (826, 810, 822, 249, 10.010, 129.95, -11.90, 10.010, 129.95, -11.90, 0.000, 359.69, 0.00);
insert into SHOT values (827, 782, 823, 249, 18.790, 338.25, -4.60, 18.731, 338.41, -4.50, 0.087, 114.10, 26.31);
insert into SHOT values (828, 823, 824, 249, 6.200, 101.15, 11.50, 6.200, 101.15, 11.50, 0.000, 197.65, -0.01);
insert into SHOT values (829, 823, 825, 249, 9.960, 243.15, 9.70, 9.960, 243.15, 9.70, 0.000, 27.38, 0.04);
insert into SHOT values (830, 823, 826, 249, 6.000, 205.85, 3.30, 6.000, 205.85, 3.30, 0.000, 168.49, 0.00);
insert into SHOT values (831, 823, 827, 249, 4.890, 167.55, -17.00, 4.890, 167.55, -17.00, 0.000, 1.13, -0.01);
insert into SHOT values (832, 823, 828, 249, 3.850, 151.75, 61.00, 3.850, 151.75, 61.00, 0.000, 176.37, -0.01);
insert into SHOT values (833, 823, 829, 249, 7.860, 42.75, 11.80, 7.860, 42.75, 11.80, 0.000, 167.92, 0.01);
insert into SHOT values (834, 823, 830, 249, 12.390, 4.25, 30.30, 12.390, 4.25, 30.30, 0.000, 18.72, 0.00);
insert into SHOT values (835, 823, 831, 249, 13.600, 357.25, 54.40, 13.600, 357.25, 54.40, 0.000, 181.57, 0.00);
insert into SHOT values (836, 823, 832, 249, 3.960, 2.65, 79.50, 3.960, 2.65, 79.50, 0.000, 187.01, 0.01);
insert into SHOT values (837, 823, 833, 249, 13.550, 324.65, 21.00, 13.550, 324.65, 21.00, 0.000, 198.87, 0.00);
insert into SHOT values (838, 823, 834, 249, 24.910, 310.15, 7.10, 24.910, 310.15, 7.10, 0.000, 152.48, -0.01);
insert into SHOT values (839, 823, 835, 249, 29.400, 295.65, 3.70, 29.400, 295.65, 3.70, 0.000, 345.11, -0.01);
insert into SHOT values (840, 823, 836, 249, 17.290, 295.25, 22.60, 17.290, 295.25, 22.60, 0.000, 176.15, -0.01);
insert into SHOT values (841, 823, 837, 249, 12.790, 296.25, -7.40, 12.790, 296.25, -7.40, 0.000, 351.48, -0.01);
insert into SHOT values (842, 823, 838, 249, 27.160, 242.85, -3.80, 27.160, 242.85, -3.80, 0.000, 116.21, 0.05);
insert into SHOT values (843, 823, 839, 249, 15.140, 76.45, 3.90, 15.140, 76.45, 3.90, 0.000, 195.17, 0.00);
insert into SHOT values (844, 839, 840, 249, 1.530, 56.85, -82.10, 1.530, 56.85, -82.10, 0.000, 8.92, -0.01);
insert into SHOT values (845, 839, 841, 249, 1.190, 171.45, 52.10, 1.190, 171.45, 52.10, 0.000, 10.09, 0.02);
insert into SHOT values (846, 839, 842, 249, 5.710, 199.95, -1.70, 5.710, 199.95, -1.70, 0.000, 5.65, 0.01);
insert into SHOT values (847, 839, 843, 249, 10.000, 154.25, 11.80, 10.000, 154.25, 11.80, 0.000, 177.05, -0.00);
insert into SHOT values (848, 839, 844, 249, 12.560, 133.25, 16.60, 12.560, 133.25, 16.60, 0.000, 9.09, -0.00);
insert into SHOT values (849, 839, 845, 249, 10.150, 112.45, 11.70, 10.150, 112.45, 11.70, 0.000, 21.41, -0.03);
insert into SHOT values (850, 839, 846, 249, 4.050, 189.65, -18.40, 4.050, 189.65, -18.40, 0.000, 182.10, 0.01);
insert into SHOT values (851, 839, 847, 249, 5.510, 222.75, -10.70, 5.510, 222.75, -10.70, 0.000, 178.41, -0.01);
insert into SHOT values (852, 839, 848, 249, 6.910, 134.55, 8.30, 6.910, 134.55, 8.30, 0.000, 78.56, 0.00);
insert into SHOT values (853, 848, 849, 249, 4.960, 197.55, 16.70, 4.960, 197.55, 16.70, 0.000, 2.61, 0.01);
insert into SHOT values (854, 848, 850, 249, 5.490, 104.75, 14.50, 5.490, 104.75, 14.50, 0.000, 7.57, -0.00);
insert into SHOT values (855, 848, 851, 249, 6.060, 21.55, -4.70, 6.060, 21.55, -4.70, 0.000, 16.34, 0.02);
insert into SHOT values (856, 848, 852, 249, 6.720, 320.65, -11.50, 6.720, 320.65, -11.50, 0.000, 181.28, -0.01);
insert into SHOT values (857, 848, 853, 249, 6.880, 270.15, -8.70, 6.880, 270.15, -8.70, 0.000, 176.92, -0.00);
insert into SHOT values (858, 848, 854, 249, 5.840, 295.35, -27.20, 5.840, 295.35, -27.20, 0.000, 193.38, 0.01);
insert into SHOT values (859, 848, 855, 249, 5.690, 291.35, 49.70, 5.690, 291.35, 49.70, 0.000, 182.47, -0.02);
insert into SHOT values (860, 848, 856, 249, 5.590, 77.75, 78.20, 5.590, 77.75, 78.20, 0.000, 355.45, 0.02);
insert into SHOT values (861, 848, 857, 249, 15.930, 88.45, 37.40, 15.930, 88.45, 37.40, 0.000, 356.18, 0.00);
insert into SHOT values (862, 848, 858, 249, 11.610, 201.85, 35.50, 11.610, 201.85, 35.50, 0.000, 179.67, -0.00);
insert into SHOT values (863, 823, 859, 249, 21.590, 266.35, -5.00, 21.586, 265.90, -4.87, 0.175, 176.14, 16.78);
insert into SHOT values (864, 859, 860, 249, 6.150, 305.05, 10.80, 6.150, 305.05, 10.80, 0.000, 166.17, 0.01);
insert into SHOT values (865, 859, 861, 249, 2.540, 283.95, -43.50, 2.540, 283.95, -43.50, 0.000, 192.94, 0.01);
insert into SHOT values (866, 859, 862, 249, 2.210, 215.05, 76.90, 2.210, 215.05, 76.90, 0.000, 354.92, -0.01);
insert into SHOT values (867, 859, 863, 249, 11.790, 183.15, 0.80, 11.790, 183.15, 0.80, 0.000, 187.91, 0.01);
insert into SHOT values (868, 859, 864, 249, 15.350, 138.25, 5.70, 15.350, 138.25, 5.70, 0.000, 358.93, -0.01);
insert into SHOT values (869, 859, 865, 249, 11.530, 115.35, 5.80, 11.530, 115.35, 5.80, 0.000, 175.96, -0.00);
insert into SHOT values (870, 859, 866, 249, 5.890, 97.85, 3.90, 5.890, 97.85, 3.90, 0.000, 357.08, -0.00);
insert into SHOT values (871, 859, 867, 249, 7.110, 317.15, 12.00, 7.110, 317.15, 12.00, 0.000, 8.39, -0.01);
insert into SHOT values (872, 859, 868, 249, 10.430, 297.55, 10.00, 10.430, 297.55, 10.00, 0.000, 17.89, -0.02);
insert into SHOT values (873, 859, 869, 249, 9.040, 254.45, 1.60, 9.040, 254.45, 1.60, 0.000, 9.49, 0.01);
insert into SHOT values (874, 859, 870, 249, 6.950, 265.35, -9.40, 6.950, 265.35, -9.40, 0.000, 148.12, 0.03);
insert into SHOT values (875, 859, 871, 249, 40.630, 203.05, -8.10, 40.630, 203.05, -8.10, 0.000, 14.77, -0.01);
insert into SHOT values (876, 859, 872, 249, 11.500, 282.55, 4.50, 11.480, 282.32, 4.58, 0.052, 167.26, 16.92);
insert into SHOT values (877, 872, 873, 249, 2.860, 31.35, 17.40, 2.860, 31.35, 17.40, 0.000, 176.20, 0.01);
insert into SHOT values (878, 872, 874, 249, 2.980, 12.45, 82.60, 2.980, 12.45, 82.60, 0.000, 181.86, -0.00);
insert into SHOT values (879, 872, 875, 249, 7.870, 223.55, 22.40, 7.870, 223.55, 22.40, 0.000, 331.70, -0.02);
insert into SHOT values (880, 872, 876, 249, 2.900, 225.65, -27.10, 2.900, 225.65, -27.10, 0.000, 4.52, -0.00);
insert into SHOT values (881, 872, 877, 249, 5.230, 259.45, -20.10, 5.230, 259.45, -20.10, 0.000, 49.21, -0.04);
insert into SHOT values (882, 872, 878, 249, 11.090, 268.25, -8.50, 11.090, 268.25, -8.50, 0.000, 177.36, 0.01);
insert into SHOT values (883, 872, 879, 249, 9.640, 268.05, 12.00, 9.640, 268.05, 12.00, 0.000, 157.23, -0.02);
insert into SHOT values (884, 872, 880, 249, 7.120, 249.15, 7.40, 7.120, 249.15, 7.40, 0.000, 182.37, 0.02);
insert into SHOT values (885, 872, 881, 249, 4.920, 301.75, 11.20, 4.920, 301.75, 11.20, 0.000, 288.31, 0.12);
insert into SHOT values (886, 872, 882, 249, 6.990, 289.05, 8.30, 6.990, 289.05, 8.30, 0.000, 164.96, 0.00);
insert into SHOT values (887, 872, 883, 249, 7.070, 325.45, 13.00, 7.070, 325.45, 13.00, 0.000, 349.52, -0.00);
insert into SHOT values (888, 872, 884, 249, 11.720, 344.15, 14.00, 11.720, 344.15, 14.00, 0.000, 350.64, 0.01);
insert into SHOT values (889, 872, 885, 249, 3.280, 335.55, 2.30, 3.280, 335.55, 2.30, 0.000, 5.04, -0.01);
insert into SHOT values (890, 872, 886, 249, 4.840, 348.15, 38.10, 4.840, 348.15, 38.10, 0.000, 8.68, 0.00);
insert into SHOT values (891, 872, 887, 249, 7.740, 0.05, 24.70, 7.740, 0.05, 24.70, 0.000, 27.37, 0.02);
insert into SHOT values (892, 872, 888, 249, 5.640, 15.35, 22.30, 5.640, 15.35, 22.30, 0.000, 339.15, -0.00);
insert into SHOT values (893, 872, 889, 249, 2.990, 27.85, 31.40, 2.990, 27.85, 31.40, 0.000, 350.06, 0.01);
insert into SHOT values (894, 872, 890, 249, 9.530, 344.95, 11.40, 9.509, 345.05, 11.49, 0.030, 130.02, 20.69);
insert into SHOT values (895, 890, 891, 249, 1.390, 304.55, 20.00, 1.390, 304.55, 20.00, 0.000, 3.08, 0.00);
insert into SHOT values (896, 890, 892, 249, 4.320, 78.75, 54.30, 4.320, 78.75, 54.30, 0.000, 174.74, -0.01);
insert into SHOT values (897, 890, 893, 249, 4.590, 118.15, 10.70, 4.590, 118.15, 10.70, 0.000, 21.71, 0.03);
insert into SHOT values (898, 890, 894, 249, 5.560, 136.05, 4.60, 5.560, 136.05, 4.60, 0.000, 166.75, 0.01);
insert into SHOT values (899, 890, 895, 249, 3.050, 86.55, -20.60, 3.050, 86.55, -20.60, 0.000, 177.25, 0.00);
insert into SHOT values (900, 890, 896, 249, 8.140, 51.65, 2.60, 8.140, 51.65, 2.60, 0.000, 178.17, 0.00);
insert into SHOT values (901, 890, 897, 249, 9.320, 22.35, 6.50, 9.320, 22.35, 6.50, 0.000, 178.66, -0.00);
insert into SHOT values (902, 890, 898, 249, 8.150, 5.95, 6.20, 8.150, 5.95, 6.20, 0.000, 168.62, 0.00);
insert into SHOT values (903, 890, 899, 249, 6.070, 60.45, 1.20, 6.070, 60.45, 1.20, 0.000, 166.87, -0.01);
insert into SHOT values (904, 890, 900, 249, 8.380, 71.15, 0.90, 8.380, 71.15, 0.90, 0.000, 343.07, 0.00);
insert into SHOT values (905, 890, 901, 249, 10.750, 96.85, 1.20, 10.750, 96.85, 1.20, 0.000, 163.29, -0.01);
insert into SHOT values (906, 890, 902, 249, 4.340, 78.85, -9.00, 4.340, 78.85, -9.00, 0.000, 171.68, -0.02);
insert into SHOT values (907, 890, 903, 249, 12.980, 79.45, -2.70, 12.979, 79.72, -2.62, 0.066, 169.99, 16.97);
insert into SHOT values (908, 903, 904, 249, 2.860, 6.25, 30.10, 2.860, 6.25, 30.10, 0.000, 8.66, 0.00);
insert into SHOT values (909, 903, 905, 249, 4.800, 126.25, 29.30, 4.800, 126.25, 29.30, 0.000, 49.94, -0.02);
insert into SHOT values (910, 903, 906, 249, 7.330, 158.85, 2.30, 7.330, 158.85, 2.30, 0.000, 357.80, -0.01);
insert into SHOT values (911, 903, 907, 249, 8.670, 77.15, 16.00, 8.670, 77.15, 16.00, 0.000, 82.87, -0.04);
insert into SHOT values (912, 903, 908, 249, 12.990, 97.05, 16.80, 12.990, 97.05, 16.80, 0.000, 357.78, -0.01);
insert into SHOT values (913, 903, 909, 249, 16.080, 153.85, -5.30, 16.080, 153.85, -5.30, 0.000, 164.77, -0.01);
insert into SHOT values (914, 903, 910, 249, 14.130, 175.75, -9.60, 14.148, 175.56, -9.50, 0.054, 111.64, 23.85);
insert into SHOT values (915, 910, 911, 249, 17.820, 146.15, 1.80, 17.890, 146.09, 1.91, 0.079, 131.09, 26.21);
insert into SHOT values (916, 911, 604, 249, 3.920, 167.45, -15.70, 3.934, 167.41, -15.60, 0.016, 158.29, 10.41);
insert into SHOT values (917, 823, 912, 249, 15.480, 348.05, 23.70, 15.480, 348.05, 23.70, 0.000, 182.87, 0.01);
insert into SHOT values (918, 912, 913, 249, 2.520, 286.85, 25.70, 2.520, 286.85, 25.70, 0.000, 174.70, -0.01);
insert into SHOT values (919, 912, 914, 249, 8.080, 326.35, 76.20, 8.080, 326.35, 76.20, 0.000, 6.59, 0.00);
insert into SHOT values (920, 912, 915, 249, 13.590, 313.25, 10.10, 13.590, 313.25, 10.10, 0.000, 199.87, -0.01);
insert into SHOT values (921, 912, 916, 249, 19.960, 345.15, 22.80, 19.960, 345.15, 22.80, 0.000, 346.75, 0.01);
insert into SHOT values (922, 912, 917, 249, 23.100, 330.65, 7.20, 23.100, 330.65, 7.20, 0.000, 355.29, -0.01);
insert into SHOT values (923, 912, 918, 249, 6.120, 66.55, 8.90, 6.120, 66.55, 8.90, 0.000, 167.56, -0.03);
insert into SHOT values (924, 912, 919, 249, 1.860, 53.95, -16.10, 1.860, 53.95, -16.10, 0.000, 147.40, -0.00);
insert into SHOT values (925, 912, 920, 249, 13.040, 10.25, 11.60, 13.040, 10.25, 11.60, 0.000, 346.92, 0.00);
insert into SHOT values (926, 912, 921, 249, 16.900, 46.95, 19.60, 16.900, 46.95, 19.60, 0.000, 6.53, -0.01);
insert into SHOT values (927, 912, 922, 249, 14.530, 10.55, 30.10, 14.530, 10.55, 30.10, 0.000, 9.34, 0.00);
insert into SHOT values (928, 912, 923, 249, 13.580, 40.15, 21.60, 13.580, 40.15, 21.60, 0.000, 185.97, 0.01);
insert into SHOT values (929, 923, 924, 249, 9.490, 17.25, 6.70, 9.490, 17.25, 6.70, 0.000, 173.19, 0.00);
insert into SHOT values (930, 923, 925, 249, 5.040, 297.65, 67.00, 5.040, 297.65, 67.00, 0.000, 347.88, -0.01);
insert into SHOT values (931, 923, 926, 249, 3.340, 295.35, -30.20, 3.340, 295.35, -30.20, 0.000, 5.50, 0.00);
insert into SHOT values (932, 923, 927, 249, 6.860, 270.25, -32.60, 6.860, 270.25, -32.60, 0.000, 327.12, -0.04);
insert into SHOT values (933, 923, 928, 249, 18.320, 273.75, -11.40, 18.320, 273.75, -11.40, 0.000, 211.31, 0.00);
insert into SHOT values (934, 923, 929, 249, 27.660, 256.65, -8.20, 27.660, 256.65, -8.20, 0.000, 20.49, 0.02);
insert into SHOT values (935, 923, 930, 249, 26.920, 283.15, -1.10, 26.920, 283.15, -1.10, 0.000, 3.46, 0.01);
insert into SHOT values (936, 923, 931, 249, 16.090, 313.15, 10.30, 16.090, 313.15, 10.30, 0.000, 177.69, 0.01);
insert into SHOT values (937, 923, 932, 249, 24.790, 322.25, 4.20, 24.790, 322.25, 4.20, 0.000, 139.02, -0.02);
insert into SHOT values (938, 923, 933, 249, 8.440, 103.85, 30.30, 8.440, 103.85, 30.30, 0.000, 186.26, -0.00);
insert into SHOT values (939, 923, 934, 249, 5.300, 101.25, 14.80, 5.300, 101.25, 14.80, 0.000, 175.48, -0.01);
insert into SHOT values (940, 923, 935, 249, 12.860, 94.75, 20.10, 12.860, 94.75, 20.10, 0.000, 180.48, -0.00);
insert into SHOT values (941, 923, 936, 249, 18.010, 95.25, 25.20, 18.010, 95.25, 25.20, 0.000, 5.74, -0.01);
insert into SHOT values (942, 923, 937, 249, 23.950, 94.95, 34.70, 23.950, 94.95, 34.70, 0.000, 173.85, 0.02);
insert into SHOT values (943, 923, 938, 249, 22.280, 100.25, 57.60, 22.280, 100.25, 57.60, 0.000, 164.50, -0.04);
insert into SHOT values (944, 923, 939, 249, 3.600, 71.95, 83.60, 3.600, 71.95, 83.60, 0.000, 340.82, -0.03);
insert into SHOT values (945, 923, 940, 249, 9.130, 107.65, 44.90, 9.130, 107.65, 44.90, 0.000, 186.03, -0.01);
insert into SHOT values (946, 923, 941, 249, 6.130, 88.75, 43.70, 6.130, 88.75, 43.70, 0.000, 351.05, -0.00);
insert into SHOT values (947, 923, 942, 249, 25.240, 95.85, 59.70, 25.240, 95.85, 59.70, 0.000, 31.02, 0.05);
insert into SHOT values (948, 923, 943, 249, 27.610, 95.35, 35.20, 27.610, 95.35, 35.20, 0.000, 352.53, -0.04);
insert into SHOT values (949, 943, 944, 249, 25.000, 6.25, 90.00, 25.000, 90.00, 90.00, 0.000, 6.25, 0.00);
insert into SHOT values (950, 923, 945, 249, 8.830, 315.65, -3.60, 8.830, 315.65, -3.60, 0.000, 324.28, 0.04);
insert into SHOT values (951, 945, 946, 249, 21.110, 24.05, 7.40, 21.110, 24.05, 7.40, 0.000, 359.97, -0.00);
insert into SHOT values (952, 945, 947, 249, 17.810, 3.45, 11.00, 17.810, 3.45, 11.00, 0.000, 173.44, 0.00);
insert into SHOT values (953, 945, 948, 249, 3.870, 359.85, 48.00, 3.870, 359.85, 48.00, 0.000, 8.04, 0.00);
insert into SHOT values (954, 945, 949, 249, 16.250, 323.45, 9.30, 16.250, 323.45, 9.30, 0.000, 194.11, -0.01);
insert into SHOT values (955, 945, 950, 249, 22.030, 276.75, 1.80, 22.030, 276.75, 1.80, 0.000, 168.50, 0.01);
insert into SHOT values (956, 945, 951, 249, 1.240, 107.55, -83.70, 1.240, 107.55, -83.70, 0.000, 335.26, -0.01);
insert into SHOT values (957, 945, 952, 249, 17.550, 173.05, -12.60, 17.550, 173.05, -12.60, 0.000, 179.49, -0.00);
insert into SHOT values (958, 945, 953, 249, 8.540, 157.75, 22.80, 8.540, 157.75, 22.80, 0.000, 5.81, -0.01);
insert into SHOT values (959, 945, 954, 249, 19.600, 225.65, -10.30, 19.600, 225.65, -10.30, 0.000, 196.47, 0.02);
insert into SHOT values (960, 945, 955, 249, 18.350, 226.05, -26.10, 18.350, 226.05, -26.10, 0.000, 136.62, -0.03);
insert into SHOT values (961, 945, 956, 249, 16.510, 269.85, -17.90, 16.510, 269.85, -17.90, 0.000, 351.19, 0.01);
insert into SHOT values (962, 945, 957, 249, 9.120, 74.25, -7.30, 9.120, 74.25, -7.30, 0.000, 186.60, -0.00);
insert into SHOT values (963, 945, 958, 249, 11.510, 74.25, -7.40, 11.510, 74.25, -7.40, 0.000, 188.72, 0.01);
insert into SHOT values (964, 945, 959, 249, 9.090, 74.25, -7.40, 9.090, 74.25, -7.40, 0.000, 6.78, -0.00);
insert into SHOT values (965, 959, 960, 249, 1.350, 123.75, 74.50, 1.350, 123.75, 74.50, 0.000, 179.24, 0.01);
insert into SHOT values (966, 959, 961, 249, 4.050, 68.35, -6.70, 4.050, 68.35, -6.70, 0.000, 139.46, 0.00);
insert into SHOT values (967, 959, 962, 249, 4.010, 93.05, -13.00, 4.010, 93.05, -13.00, 0.000, 8.63, 0.01);
insert into SHOT values (968, 959, 963, 249, 8.290, 144.85, 20.30, 8.290, 144.85, 20.30, 0.000, 338.92, -0.02);
insert into SHOT values (969, 959, 964, 249, 4.400, 179.45, 10.30, 4.400, 179.45, 10.30, 0.000, 190.88, -0.01);
insert into SHOT values (970, 959, 965, 249, 2.510, 329.15, 2.00, 2.510, 329.15, 2.00, 0.000, 180.80, 0.01);
insert into SHOT values (971, 959, 966, 249, 16.450, 203.25, 4.50, 16.450, 203.25, 4.50, 0.000, 181.37, 0.00);
insert into SHOT values (972, 959, 967, 249, 5.660, 80.25, -12.50, 5.660, 80.25, -12.50, 0.000, 27.37, -0.03);
insert into SHOT values (973, 967, 968, 249, 5.220, 65.85, -28.60, 5.220, 65.85, -28.60, 0.000, 356.63, 0.00);
insert into SHOT values (974, 967, 969, 249, 2.060, 0.05, -22.30, 2.060, 0.05, -22.30, 0.000, 233.98, -0.03);
insert into SHOT values (975, 967, 970, 249, 0.370, 112.55, 67.40, 0.370, 112.55, 67.40, 0.000, 166.75, -0.01);
insert into SHOT values (976, 967, 971, 249, 1.180, 167.35, -2.80, 1.180, 167.35, -2.80, 0.000, 348.74, 0.00);
insert into SHOT values (977, 967, 972, 249, 1.560, 170.65, -49.50, 1.560, 170.65, -49.50, 0.000, 355.93, -0.01);
insert into SHOT values (978, 967, 973, 249, 3.070, 92.95, -38.80, 3.070, 92.95, -38.80, 0.000, 7.72, -0.01);
insert into SHOT values (979, 967, 974, 249, 4.100, 80.45, -11.80, 4.100, 80.45, -11.80, 0.000, 182.45, 0.00);
insert into SHOT values (980, 967, 975, 249, 1.250, 232.95, 6.40, 1.250, 232.95, 6.40, 0.000, 355.46, 0.01);
insert into SHOT values (981, 967, 976, 249, 1.220, 300.65, 11.10, 1.220, 300.65, 11.10, 0.000, 137.58, 0.01);
insert into SHOT values (982, 967, 977, 249, 5.240, 65.65, -28.10, 5.240, 65.65, -28.10, 0.000, 193.25, 0.01);
insert into SHOT values (983, 977, 978, 249, 0.700, 117.65, 27.30, 0.700, 117.65, 27.30, 0.000, 176.47, 0.01);
insert into SHOT values (984, 977, 979, 249, 1.230, 301.35, 28.40, 1.230, 301.35, 28.40, 0.000, 357.31, 0.00);
insert into SHOT values (985, 977, 980, 249, 3.690, 41.95, 39.60, 3.690, 41.95, 39.60, 0.000, 183.04, -0.01);
insert into SHOT values (986, 977, 981, 249, 1.160, 18.45, 5.60, 1.160, 18.45, 5.60, 0.000, 176.91, -0.00);
insert into SHOT values (987, 977, 982, 249, 3.460, 3.35, 23.60, 3.460, 3.35, 23.60, 0.000, 339.10, -0.02);
insert into SHOT values (988, 982, 983, 249, 2.400, 206.25, -3.40, 2.400, 206.25, -3.40, 0.000, 182.14, 0.00);
insert into SHOT values (989, 982, 984, 249, 0.700, 10.65, 22.30, 0.700, 10.65, 22.30, 0.000, 180.81, 0.01);
insert into SHOT values (990, 982, 985, 249, 1.080, 189.55, -51.40, 1.080, 189.55, -51.40, 0.000, 162.02, -0.01);
insert into SHOT values (991, 982, 986, 249, 3.070, 166.65, -17.60, 3.070, 166.65, -17.60, 0.000, 222.55, -0.06);
insert into SHOT values (992, 982, 987, 249, 3.080, 246.25, -4.70, 3.080, 246.25, -4.70, 0.000, 175.91, -0.00);
insert into SHOT values (993, 982, 988, 249, 6.020, 258.85, 7.60, 6.020, 258.85, 7.60, 0.000, 163.53, -0.02);
insert into SHOT values (994, 982, 989, 249, 6.070, 249.65, 22.90, 6.070, 249.65, 22.90, 0.000, 347.36, 0.01);
insert into SHOT values (995, 982, 990, 249, 2.650, 261.45, 41.90, 2.650, 261.45, 41.90, 0.000, 267.80, 0.04);
insert into SHOT values (996, 982, 991, 249, 2.500, 270.95, 24.30, 2.500, 270.95, 24.30, 0.000, 356.29, -0.00);
insert into SHOT values (997, 982, 992, 249, 4.550, 238.55, 19.30, 4.550, 238.55, 19.30, 0.000, 185.75, -0.01);
insert into SHOT values (998, 982, 993, 249, 2.260, 99.55, -1.00, 2.260, 99.55, -1.00, 0.000, 182.30, 0.01);
insert into SHOT values (999, 982, 994, 249, 2.680, 120.25, -20.70, 2.680, 120.25, -20.70, 0.000, 8.23, 0.01);
insert into SHOT values (1000, 982, 995, 249, 4.740, 118.65, 6.70, 4.740, 118.65, 6.70, 0.000, 187.84, 0.01);
insert into SHOT values (1001, 982, 996, 249, 8.300, 256.55, 20.40, 8.300, 256.55, 20.40, 0.000, 179.83, -0.01);
insert into SHOT values (1002, 982, 997, 249, 5.230, 104.75, -21.00, 5.230, 104.75, -21.00, 0.000, 175.26, 0.00);
insert into SCRAPS values (251, 245, 'SP-Ashi-1', 1, 2.68623, 0.07413);
 insert into SCRAPS values (686, 245, 'SP-Ashi-2', 1, 0.17971, 0.02689);
 insert into SCRAPS values (715, 245, 'SP-Ashi-3', 1, 0.17300, 0.02236);
 insert into SCRAPS values (750, 245, 'SP-Ashi-4', 1, 5.63147, 0.28981);
 insert into MAPS values (818, 245, 'MP-AshimyukFond', 'AshimyukFond', 1, 1161.070, -73.242);
 insert into MAPITEMS values (818, 4, 750);
 insert into MAPITEMS values (818, 4, 715);
 insert into MAPITEMS values (818, 4, 686);
 insert into MAPITEMS values (818, 4, 251);
 insert into SURVEY values (821, 53, 'Boucle1', 'Boucle1.Hashim-oyuk', 'Boucle1');
 insert into CENTRELINE values (822, 821, NULL, NULL, NULL, 0.00, 0.00, 0.00);
 insert into SURVEY values (823, 821, 'ochy_muyuk', 'ochy_muyuk.Boucle1.Hashim-oyuk', 'ochy muyuk');
 insert into CENTRELINE values (824, 823, NULL, NULL, NULL, 0.00, 0.00, 0.00);
 insert into CENTRELINE values (825, 823, NULL, '2024-04-15', NULL, 1433.15, 0.00, 0.00);
 insert into PERSON values (7, 'Philippe', 'Audra');
insert into TOPO values (7, 825);
 insert into SHOT values (1003, 998, 999, 825, 27.490, 37.55, 4.00, 27.490, 37.55, 4.00, 0.000, 186.32, -0.01);
insert into SHOT values (1004, 998, 1000, 825, 5.150, 348.35, 77.20, 5.150, 348.35, 77.20, 0.000, 172.26, 0.02);
insert into SHOT values (1005, 998, 1001, 825, 0.870, 63.45, -77.50, 0.870, 63.45, -77.50, 0.000, 325.15, -0.07);
insert into SHOT values (1006, 998, 1002, 825, 11.370, 319.35, 10.00, 11.112, 320.45, 10.65, 0.357, 102.27, 12.69);
insert into SHOT values (1007, 1002, 1003, 825, 3.450, 207.35, 22.80, 3.450, 207.35, 22.80, 0.000, 349.34, 0.02);
insert into SHOT values (1008, 1002, 1004, 825, 2.880, 13.55, 3.50, 2.880, 13.55, 3.50, 0.000, 153.58, 0.01);
insert into SHOT values (1009, 1002, 1005, 825, 3.850, 332.25, 86.20, 3.850, 332.25, 86.20, 0.000, 183.34, -0.00);
insert into SHOT values (1010, 1002, 1006, 825, 0.560, 3.95, -76.90, 0.560, 3.95, -76.90, 0.000, 338.46, 0.02);
insert into SHOT values (1011, 1002, 1007, 825, 5.170, 313.55, 25.80, 5.071, 314.42, 26.62, 0.142, 103.96, 9.02);
insert into SHOT values (1012, 1007, 1008, 825, 3.590, 214.45, 5.50, 3.590, 214.45, 5.50, 0.000, 210.23, 0.05);
insert into SHOT values (1013, 1007, 1009, 825, 3.380, 67.95, 11.50, 3.380, 67.95, 11.50, 0.000, 7.47, -0.01);
insert into SHOT values (1014, 1007, 1010, 825, 1.800, 242.65, 83.10, 1.800, 242.65, 83.10, 0.000, 7.44, -0.03);
insert into SHOT values (1015, 1007, 1011, 825, 1.060, 23.85, -69.50, 1.060, 23.85, -69.50, 0.000, 318.62, -0.05);
insert into SHOT values (1016, 1007, 1012, 825, 7.160, 291.25, 19.70, 7.007, 291.38, 20.45, 0.179, 106.35, 11.07);
insert into SHOT values (1017, 1012, 1013, 825, 8.640, 207.85, 8.20, 8.640, 207.85, 8.20, 0.000, 352.84, 0.05);
insert into SHOT values (1018, 1012, 1014, 825, 7.220, 61.25, 14.60, 7.220, 61.25, 14.60, 0.000, 175.08, 0.00);
insert into SHOT values (1019, 1012, 1015, 825, 10.200, 256.75, 77.30, 10.200, 256.75, 77.30, 0.000, 1.54, -0.01);
insert into SHOT values (1020, 1012, 1016, 825, 1.000, 280.05, -77.30, 1.000, 280.05, -77.30, 0.000, 1.25, 0.00);
insert into SHOT values (1021, 1012, 1017, 825, 28.630, 2.25, 2.80, 28.864, 7.86, 3.72, 2.858, 90.83, 9.55);
insert into SHOT values (1022, 1017, 1018, 825, 36.790, 248.45, 10.60, 36.790, 248.45, 10.60, 0.000, 345.98, -0.01);
insert into SHOT values (1023, 1017, 1019, 825, 13.720, 99.15, -9.30, 13.720, 99.15, -9.30, 0.000, 183.89, -0.03);
insert into SHOT values (1024, 1017, 1020, 825, 3.450, 335.15, 71.50, 3.450, 335.15, 71.50, 0.000, 179.95, -0.02);
insert into SHOT values (1025, 1017, 1021, 825, 0.840, 331.45, -86.10, 0.840, 331.45, -86.10, 0.000, 224.39, 0.06);
insert into SHOT values (1026, 1017, 1022, 825, 15.860, 3.25, 0.40, 15.899, 6.46, 0.94, 0.904, 92.45, 9.56);
insert into SHOT values (1027, 1022, 1023, 825, 42.780, 273.15, 11.40, 42.780, 273.15, 11.40, 0.000, 193.51, 0.02);
insert into SHOT values (1028, 1022, 1024, 825, 9.030, 82.95, -15.50, 9.030, 82.95, -15.50, 0.000, 181.87, 0.01);
insert into SHOT values (1029, 1022, 1025, 825, 3.450, 341.05, 84.50, 3.450, 341.05, 84.50, 0.000, 183.68, -0.01);
insert into SHOT values (1030, 1022, 1026, 825, 1.440, 38.25, -83.10, 1.440, 38.25, -83.10, 0.000, 175.29, -0.02);
insert into SHOT values (1031, 1022, 1027, 825, 26.660, 358.75, -4.90, 26.643, 4.02, -4.02, 2.480, 91.03, 9.52);
insert into SHOT values (1032, 1027, 1028, 825, 34.600, 296.15, 15.10, 34.600, 296.15, 15.10, 0.000, 29.34, -0.05);
insert into SHOT values (1033, 1027, 1029, 825, 7.990, 113.85, 0.80, 7.990, 113.85, 0.80, 0.000, 186.32, -0.01);
insert into SHOT values (1034, 1027, 1030, 825, 12.780, 285.95, 73.10, 12.780, 285.95, 73.10, 0.000, 8.48, -0.02);
insert into SHOT values (1035, 1027, 1031, 825, 0.910, 179.25, -79.50, 0.910, 179.25, -79.50, 0.000, 175.71, 0.01);
insert into SHOT values (1036, 1027, 1032, 825, 28.540, 37.75, -7.20, 29.406, 40.93, -6.07, 1.903, 99.23, 14.15);
insert into SHOT values (1037, 1032, 1033, 825, 16.220, 154.45, -2.50, 16.220, 154.45, -2.50, 0.000, 286.89, 0.05);
insert into SHOT values (1038, 1032, 1034, 825, 9.260, 12.35, 86.40, 9.260, 12.35, 86.40, 0.000, 4.70, -0.01);
insert into SHOT values (1039, 1032, 1035, 825, 0.490, 160.25, -73.70, 0.490, 160.25, -73.70, 0.000, 4.91, -0.00);
insert into SHOT values (1040, 1032, 1036, 825, 26.360, 49.95, 2.20, 26.987, 52.03, 3.01, 1.214, 108.83, 19.40);
insert into SHOT values (1041, 1036, 1037, 825, 29.110, 21.45, 8.10, 29.110, 21.45, 8.10, 0.000, 166.35, -0.02);
insert into SHOT values (1042, 1036, 1038, 825, 20.430, 80.05, 5.30, 20.430, 80.05, 5.30, 0.000, 5.28, -0.04);
insert into SHOT values (1043, 1036, 1039, 825, 18.920, 153.15, 6.90, 18.920, 153.15, 6.90, 0.000, 23.08, -0.01);
insert into SHOT values (1044, 1036, 1040, 825, 10.070, 336.05, 82.20, 10.070, 336.05, 82.20, 0.000, 356.23, 0.01);
insert into SHOT values (1045, 1036, 1041, 825, 3.620, 293.45, -79.10, 3.620, 293.45, -79.10, 0.000, 171.42, -0.01);
insert into SHOT values (1046, 1036, 1042, 825, 48.520, 359.55, 14.10, 48.520, 359.55, 14.10, 0.000, 348.81, -0.01);
insert into SHOT values (1047, 1036, 1043, 825, 28.430, 24.75, 7.90, 28.430, 24.75, 7.90, 0.000, 163.64, -0.02);
insert into SHOT values (1048, 1036, 1044, 825, 24.560, 71.35, 5.10, 24.560, 71.35, 5.10, 0.000, 181.03, -0.01);
insert into SHOT values (1049, 1036, 1045, 825, 22.970, 145.65, 3.10, 22.970, 145.65, 3.10, 0.000, 354.97, -0.01);
insert into SHOT values (1050, 1036, 1046, 825, 22.400, 109.35, -10.90, 22.845, 109.95, -9.96, 0.625, 134.53, 27.01);
insert into SHOT values (1051, 1046, 1047, 825, 10.000, 6.25, 90.00, 10.000, 90.00, 90.00, 0.000, 6.25, 0.00);
insert into SHOT values (1052, 1046, 1048, 825, 8.320, 31.45, 13.50, 8.320, 31.45, 13.50, 0.000, 182.32, 0.00);
insert into SHOT values (1053, 1046, 1049, 825, 11.280, 195.95, 14.30, 11.280, 195.95, 14.30, 0.000, 349.30, -0.02);
insert into SHOT values (1054, 1046, 1050, 825, 9.960, 91.35, 79.60, 9.960, 91.35, 79.60, 0.000, 4.67, -0.02);
insert into SHOT values (1055, 1046, 1051, 825, 0.270, 151.45, -80.40, 0.270, 151.45, -80.40, 0.000, 1.15, 0.01);
insert into SHOT values (1056, 1046, 1052, 825, 9.420, 18.95, 22.40, 9.420, 18.95, 22.40, 0.000, 359.15, -0.00);
insert into SHOT values (1057, 1046, 1053, 825, 11.170, 185.05, 18.30, 11.170, 185.05, 18.30, 0.000, 173.09, 0.01);
insert into SHOT values (1058, 1046, 1054, 825, 9.190, 142.05, 85.00, 9.190, 142.05, 85.00, 0.000, 265.61, -0.07);
insert into SHOT values (1059, 1046, 1055, 825, 0.370, 238.75, -66.10, 0.370, 238.75, -66.10, 0.000, 178.63, 0.00);
insert into SHOT values (1060, 1046, 1056, 825, 32.030, 105.05, 6.30, 32.734, 106.26, 7.20, 1.101, 152.38, 32.16);
insert into SHOT values (1061, 1056, 1057, 825, 23.630, 345.95, 9.20, 23.630, 345.95, 9.20, 0.000, 10.42, -0.02);
insert into SHOT values (1062, 1056, 1058, 825, 12.640, 211.05, 14.20, 12.640, 211.05, 14.20, 0.000, 184.34, -0.01);
insert into SHOT values (1063, 1056, 1059, 825, 7.220, 110.25, 86.20, 7.220, 110.25, 86.20, 0.000, 27.01, 0.10);
insert into SHOT values (1064, 1056, 1060, 825, 1.300, 235.05, -73.30, 1.300, 235.05, -73.30, 0.000, 183.97, -0.06);
insert into SHOT values (1065, 1056, 1061, 825, 15.850, 29.15, 11.60, 17.389, 35.63, 11.42, 2.399, 82.94, 6.16);
insert into SHOT values (1066, 1061, 1062, 825, 10.080, 335.75, 2.40, 10.080, 335.75, 2.40, 0.000, 178.55, 0.02);
insert into SHOT values (1067, 1061, 1063, 825, 9.660, 125.05, 6.30, 9.660, 125.05, 6.30, 0.000, 354.07, 0.01);
insert into SHOT values (1068, 1061, 1064, 825, 1.920, 315.45, 78.00, 1.920, 315.45, 78.00, 0.000, 357.18, 0.00);
insert into SHOT values (1069, 1061, 1065, 825, 0.660, 107.15, -84.30, 0.660, 107.15, -84.30, 0.000, 348.62, -0.01);
insert into SHOT values (1070, 1061, 1066, 825, 8.790, 61.55, 0.70, 9.431, 62.14, 1.20, 0.652, 70.22, 7.89);
insert into SHOT values (1071, 1066, 1067, 825, 3.470, 344.95, 8.10, 3.470, 344.95, 8.10, 0.000, 183.60, -0.02);
insert into SHOT values (1072, 1066, 1068, 825, 1.440, 163.35, 4.40, 1.440, 163.35, 4.40, 0.000, 4.65, 0.01);
insert into SHOT values (1073, 1066, 1069, 825, 1.830, 324.65, 66.80, 1.830, 324.65, 66.80, 0.000, 170.27, 0.04);
insert into SHOT values (1074, 1066, 1070, 825, 1.060, 54.35, -80.60, 1.060, 54.35, -80.60, 0.000, 187.57, -0.01);
insert into SHOT values (1075, 1066, 1071, 825, 20.320, 49.05, -0.20, 22.588, 51.54, 0.91, 2.486, 72.67, 9.97);
insert into SHOT values (1076, 1071, 1072, 825, 18.150, 276.85, -1.70, 18.150, 276.85, -1.70, 0.000, 1.81, -0.01);
insert into SHOT values (1077, 1071, 1073, 825, 11.070, 59.05, 10.40, 11.070, 59.05, 10.40, 0.000, 314.69, -0.07);
insert into SHOT values (1078, 1071, 1074, 825, 4.040, 85.55, 87.00, 4.040, 85.55, 87.00, 0.000, 178.33, -0.00);
insert into SHOT values (1079, 1071, 1075, 825, 1.960, 196.05, -71.70, 1.960, 196.05, -71.70, 0.000, 180.05, 0.01);
insert into SHOT values (1080, 1071, 1076, 825, 19.590, 339.85, -5.80, 19.590, 339.85, -5.80, 0.000, 2.09, 0.07);
insert into SHOT values (1081, 1076, 1077, 825, 11.170, 270.45, 8.50, 11.170, 270.45, 8.50, 0.000, 157.10, -0.05);
insert into SHOT values (1082, 1076, 1078, 825, 12.090, 88.75, 10.80, 12.090, 88.75, 10.80, 0.000, 341.92, 0.04);
insert into SHOT values (1083, 1076, 1079, 825, 7.350, 291.05, 84.30, 7.350, 291.05, 84.30, 0.000, 359.93, 0.00);
insert into SHOT values (1084, 1076, 1080, 825, 1.270, 260.65, -85.20, 1.270, 260.65, -85.20, 0.000, 186.98, 0.01);
insert into SHOT values (1085, 1076, 1081, 825, 27.800, 359.95, 18.70, 27.800, 359.95, 18.70, 0.000, 180.96, 0.01);
insert into SHOT values (1086, 1076, 1082, 825, 19.740, 316.05, 11.20, 19.740, 316.05, 11.20, 0.000, 12.87, 0.02);
insert into SHOT values (1087, 1076, 1083, 825, 29.330, 334.55, 19.50, 29.330, 334.55, 19.50, 0.000, 341.89, 0.03);
insert into SHOT values (1088, 1076, 1084, 825, 35.040, 351.15, 20.60, 35.040, 351.15, 20.60, 0.000, 5.26, 0.00);
insert into SHOT values (1089, 1076, 1085, 825, 34.720, 359.35, 19.90, 34.720, 359.35, 19.90, 0.000, 357.97, -0.03);
insert into SHOT values (1090, 1076, 1086, 825, 32.130, 14.05, 17.20, 32.130, 14.05, 17.20, 0.000, 183.61, -0.01);
insert into SHOT values (1091, 1076, 1087, 825, 22.680, 39.75, 14.20, 22.680, 39.75, 14.20, 0.000, 3.20, 0.02);
insert into SHOT values (1092, 1071, 1088, 825, 10.480, 132.35, 8.10, 11.022, 128.22, 8.34, 0.939, 74.94, 7.41);
insert into SHOT values (1093, 1088, 1089, 825, 8.300, 63.55, 3.40, 8.300, 63.55, 3.40, 0.000, 335.02, -0.00);
insert into SHOT values (1094, 1088, 1090, 825, 7.440, 244.05, 10.80, 7.440, 244.05, 10.80, 0.000, 172.49, -0.01);
insert into SHOT values (1095, 1088, 1091, 825, 3.610, 105.95, 78.00, 3.610, 105.95, 78.00, 0.000, 355.72, 0.00);
insert into SHOT values (1096, 1088, 1092, 825, 0.860, 105.65, -85.30, 0.860, 105.65, -85.30, 0.000, 355.02, 0.00);
insert into SHOT values (1097, 1088, 1093, 825, 23.070, 196.15, 9.30, 22.017, 181.83, 11.17, 5.674, 87.16, 5.45);
insert into SHOT values (1098, 1093, 1094, 825, 9.250, 29.95, -2.60, 9.250, 29.95, -2.60, 0.000, 6.23, -0.02);
insert into SHOT values (1099, 1093, 1095, 825, 24.320, 271.15, 4.30, 24.320, 271.15, 4.30, 0.000, 357.49, 0.01);
insert into SHOT values (1100, 1093, 1096, 825, 4.410, 263.55, 88.00, 4.410, 263.55, 88.00, 0.000, 8.10, 0.00);
insert into SHOT values (1101, 1093, 1097, 825, 1.350, 26.45, -76.70, 1.350, 26.45, -76.70, 0.000, 354.49, -0.00);
insert into SHOT values (1102, 1093, 1098, 825, 17.350, 161.95, -3.90, 18.409, 152.15, -2.69, 3.248, 86.46, 5.58);
insert into SHOT values (1103, 1098, 1099, 825, 24.390, 266.45, 1.40, 24.390, 266.45, 1.40, 0.000, 358.88, -0.01);
insert into SHOT values (1104, 1098, 1100, 825, 17.210, 177.65, 0.50, 17.210, 177.65, 0.50, 0.000, 170.56, -0.01);
insert into SHOT values (1105, 1098, 1101, 825, 5.490, 322.05, 83.10, 5.490, 322.05, 83.10, 0.000, 353.22, 0.01);
insert into SHOT values (1106, 1098, 1102, 825, 1.030, 25.65, -87.30, 1.030, 25.65, -87.30, 0.000, 185.91, 0.02);
insert into SHOT values (1107, 1098, 1103, 825, 21.150, 266.55, -1.40, 20.590, 270.01, -0.14, 1.455, 21.96, 18.65);
insert into SHOT values (1108, 1103, 1104, 825, 14.470, 174.15, -4.20, 14.470, 174.15, -4.20, 0.000, 172.71, -0.01);
insert into SHOT values (1109, 1103, 1105, 825, 19.280, 325.15, 2.20, 19.280, 325.15, 2.20, 0.000, 350.85, 0.00);
insert into SHOT values (1110, 1103, 1106, 825, 3.210, 322.05, 86.00, 3.210, 322.05, 86.00, 0.000, 183.82, -0.01);
insert into SHOT values (1111, 1103, 1107, 825, 1.630, 339.85, -67.70, 1.630, 339.85, -67.70, 0.000, 244.79, -0.08);
insert into SHOT values (1112, 1103, 1108, 825, 30.100, 257.85, -10.70, 28.163, 262.13, -9.58, 2.942, 30.11, 17.83);
insert into SHOT values (1113, 1108, 1109, 825, 14.370, 322.45, -14.10, 13.627, 329.33, -13.97, 1.791, 79.49, 6.75);
insert into SHOT values (1114, 1109, 1110, 825, 6.430, 238.15, 9.10, 6.430, 238.15, 9.10, 0.000, 211.75, -0.02);
insert into SHOT values (1115, 1109, 1111, 825, 13.450, 47.95, 12.60, 13.450, 47.95, 12.60, 0.000, 180.82, -0.00);
insert into SHOT values (1116, 1109, 1112, 825, 3.570, 325.95, 83.10, 3.570, 325.95, 83.10, 0.000, 185.63, -0.01);
insert into SHOT values (1117, 1109, 1113, 825, 1.960, 64.35, -60.90, 1.960, 64.35, -60.90, 0.000, 358.59, 0.03);
insert into SHOT values (1118, 1109, 1056, 825, 5.110, 23.55, -11.40, 5.389, 27.25, -10.39, 0.444, 74.29, 4.90);
insert into SHOT values (1119, 1109, 1114, 825, 5.550, 23.55, -11.30, 5.550, 23.55, -11.30, 0.000, 336.35, -0.01);
insert into SHOT values (1120, 1098, 1115, 825, 16.850, 121.35, -11.10, 17.263, 121.19, -10.28, 0.482, 115.32, 19.79);
insert into SHOT values (1121, 1115, 1116, 825, 30.720, 340.35, 13.80, 30.720, 340.35, 13.80, 0.000, 350.13, 0.01);
insert into SHOT values (1122, 1115, 1117, 825, 6.780, 186.55, 16.30, 6.780, 186.55, 16.30, 0.000, 16.19, 0.03);
insert into SHOT values (1123, 1115, 1118, 825, 6.730, 50.15, 79.40, 6.730, 50.15, 79.40, 0.000, 183.70, -0.01);
insert into SHOT values (1124, 1115, 1119, 825, 1.740, 207.55, -71.00, 1.740, 207.55, -71.00, 0.000, 6.48, 0.00);
insert into SHOT values (1125, 1115, 1120, 825, 28.980, 89.75, 2.30, 29.165, 91.18, 3.24, 0.888, 167.92, 33.15);
insert into SHOT values (1126, 1120, 1121, 825, 35.260, 22.65, 2.20, 35.260, 22.65, 2.20, 0.000, 3.36, -0.01);
insert into SHOT values (1127, 1120, 1122, 825, 23.290, 191.95, 5.80, 23.290, 191.95, 5.80, 0.000, 356.56, -0.02);
insert into SHOT values (1128, 1120, 1123, 825, 7.330, 36.25, 79.10, 7.330, 36.25, 79.10, 0.000, 189.06, 0.01);
insert into SHOT values (1129, 1120, 1124, 825, 1.050, 146.45, -75.80, 1.050, 146.45, -75.80, 0.000, 167.82, -0.02);
insert into SHOT values (1130, 1120, 1125, 825, 27.570, 101.25, -8.90, 27.951, 102.39, -7.88, 0.830, 152.54, 31.29);
insert into SHOT values (1131, 1125, 1126, 825, 30.390, 326.85, 13.50, 30.390, 326.85, 13.50, 0.000, 190.69, -0.03);
insert into SHOT values (1132, 1125, 1127, 825, 10.660, 175.95, 29.20, 10.660, 175.95, 29.20, 0.000, 177.72, -0.00);
insert into SHOT values (1133, 1125, 1128, 825, 8.900, 9.45, 71.70, 8.900, 9.45, 71.70, 0.000, 193.57, 0.01);
insert into SHOT values (1134, 1125, 1129, 825, 2.300, 189.85, -69.30, 2.300, 189.85, -69.30, 0.000, 6.83, 0.00);
insert into SHOT values (1135, 1125, 1130, 825, 10.810, 118.55, -1.30, 11.041, 118.44, -0.89, 0.245, 113.44, 17.37);
insert into SHOT values (1136, 1130, 1131, 825, 14.710, 94.65, 12.40, 14.710, 94.65, 12.40, 0.000, 7.50, 0.00);
insert into SHOT values (1137, 1130, 1132, 825, 10.430, 238.15, 28.90, 10.430, 238.15, 28.90, 0.000, 183.49, -0.01);
insert into SHOT values (1138, 1130, 1133, 825, 8.120, 36.35, 79.00, 8.120, 36.35, 79.00, 0.000, 6.11, 0.02);
insert into SHOT values (1139, 1130, 1134, 825, 0.460, 133.85, -80.80, 0.460, 133.85, -80.80, 0.000, 2.77, 0.02);
insert into SHOT values (1140, 1130, 1135, 825, 31.520, 17.35, 5.20, 31.520, 17.35, 5.20, 0.000, 5.85, 0.02);
insert into SHOT values (1141, 1135, 1136, 825, 13.340, 315.85, 11.40, 13.340, 315.85, 11.40, 0.000, 132.45, -0.08);
insert into SHOT values (1142, 1135, 1137, 825, 24.240, 113.65, 4.60, 24.240, 113.65, 4.60, 0.000, 100.34, 0.87);
insert into SHOT values (1143, 1135, 1138, 825, 22.640, 123.75, 1.50, 22.640, 123.75, 1.50, 0.000, 321.91, -0.02);
insert into SHOT values (1144, 1135, 1139, 825, 15.490, 140.65, 1.30, 15.490, 140.65, 1.30, 0.000, 159.90, -0.08);
insert into SHOT values (1145, 1135, 1140, 825, 4.950, 199.55, 74.90, 4.950, 199.55, 74.90, 0.000, 355.46, -0.01);
insert into SHOT values (1146, 1135, 1141, 825, 9.050, 199.85, 68.90, 9.050, 199.85, 68.90, 0.000, 357.96, -0.01);
insert into SHOT values (1147, 1135, 1142, 825, 1.630, 294.45, -73.70, 1.630, 294.45, -73.70, 0.000, 6.30, -0.01);
insert into SHOT values (1148, 1135, 1143, 825, 19.000, 196.55, -8.10, 19.000, 196.55, -8.10, 0.000, 182.82, 0.00);
insert into SHOT values (1149, 1143, 1144, 825, 26.940, 113.35, 4.50, 26.940, 113.35, 4.50, 0.000, 180.16, -0.07);
insert into SHOT values (1150, 1143, 1145, 825, 19.370, 113.25, 4.20, 19.370, 113.25, 4.20, 0.000, 7.04, 0.01);
insert into SHOT values (1151, 1145, 1146, 825, 8.970, 14.05, 3.50, 8.970, 14.05, 3.50, 0.000, 186.95, -0.07);
insert into SHOT values (1152, 1145, 1147, 825, 3.410, 191.85, -2.60, 3.410, 191.85, -2.60, 0.000, 359.86, 0.02);
insert into SHOT values (1153, 1145, 1148, 825, 2.290, 348.15, 76.60, 2.290, 348.15, 76.60, 0.000, 173.12, 0.00);
insert into SHOT values (1154, 1145, 1149, 825, 1.870, 70.45, -82.50, 1.870, 70.45, -82.50, 0.000, 170.43, -0.01);
insert into SHOT values (1155, 1145, 1150, 825, 24.130, 112.55, 0.90, 24.130, 112.55, 0.90, 0.000, 1.67, -0.01);
insert into SHOT values (1156, 1145, 1151, 825, 10.940, 77.05, 0.30, 10.940, 77.05, 0.30, 0.000, 2.45, 0.02);
insert into SHOT values (1157, 1145, 1152, 825, 19.870, 86.05, 3.10, 19.870, 86.05, 3.10, 0.000, 167.67, 0.02);
insert into SHOT values (1158, 1145, 1153, 825, 22.360, 97.65, 0.20, 22.360, 97.65, 0.20, 0.000, 355.56, -0.01);
insert into SHOT values (1159, 1145, 1154, 825, 25.900, 98.95, 0.80, 25.900, 98.95, 0.80, 0.000, 181.25, 0.01);
insert into SHOT values (1160, 1145, 1155, 825, 25.750, 97.65, 0.50, 25.750, 97.65, 0.50, 0.000, 2.82, -0.02);
insert into SHOT values (1161, 1145, 1156, 825, 16.270, 94.35, -1.20, 16.270, 94.35, -1.20, 0.000, 184.26, 0.01);
insert into SHOT values (1162, 1145, 1157, 825, 3.350, 181.75, 4.10, 3.350, 181.75, 4.10, 0.000, 358.02, -0.06);
insert into SHOT values (1163, 1135, 1158, 825, 14.410, 43.75, -3.50, 14.410, 43.75, -3.50, 0.000, 181.40, 0.01);
insert into SHOT values (1164, 1158, 1159, 825, 14.150, 265.65, 11.70, 14.150, 265.65, 11.70, 0.000, 169.54, 0.02);
insert into SHOT values (1165, 1158, 1160, 825, 7.570, 143.65, 17.60, 7.570, 143.65, 17.60, 0.000, 14.48, -0.02);
insert into SHOT values (1166, 1158, 1161, 825, 12.100, 334.85, 74.30, 12.100, 334.85, 74.30, 0.000, 1.63, -0.01);
insert into SHOT values (1167, 1158, 1162, 825, 0.550, 27.95, -86.00, 0.550, 27.95, -86.00, 0.000, 22.62, -0.04);
insert into SHOT values (1168, 1158, 1163, 825, 15.390, 308.75, 4.00, 15.234, 312.23, 5.01, 0.980, 51.25, 15.15);
insert into SHOT values (1169, 1163, 1164, 825, 7.670, 199.05, 23.00, 7.670, 199.05, 23.00, 0.000, 10.83, 0.02);
insert into SHOT values (1170, 1163, 1165, 825, 19.040, 28.25, 20.70, 19.040, 28.25, 20.70, 0.000, 206.43, 0.03);
insert into SHOT values (1171, 1163, 1166, 825, 6.170, 278.75, 74.50, 6.170, 278.75, 74.50, 0.000, 191.31, -0.03);
insert into SHOT values (1172, 1163, 1167, 825, 0.570, 281.25, -85.50, 0.570, 281.25, -85.50, 0.000, 8.63, -0.01);
insert into SHOT values (1173, 1163, 1168, 825, 16.580, 250.65, 3.90, 16.580, 250.65, 3.90, 0.000, 8.78, 0.02);
insert into SHOT values (1174, 1163, 1169, 825, 16.570, 252.45, 3.80, 16.570, 252.45, 3.80, 0.000, 161.04, -0.01);
insert into SHOT values (1175, 1163, 1170, 825, 18.420, 196.65, 79.50, 18.420, 196.65, 79.50, 0.000, 182.02, 0.00);
insert into SHOT values (1176, 1163, 1171, 825, 21.220, 328.75, 86.30, 21.220, 328.75, 86.30, 0.000, 197.95, -0.02);
insert into SHOT values (1177, 1168, 1172, 825, 4.610, 11.95, 4.80, 4.610, 11.95, 4.80, 0.000, 170.23, 0.00);
insert into SHOT values (1178, 1168, 1173, 825, 3.080, 345.25, 46.30, 3.080, 345.25, 46.30, 0.000, 214.55, -0.01);
insert into SHOT values (1179, 1168, 1174, 825, 3.000, 337.15, -35.00, 3.000, 337.15, -35.00, 0.000, 152.60, 0.08);
insert into SHOT values (1180, 1175, 1176, 825, 4.290, 225.95, 6.00, 4.290, 225.95, 6.00, 0.000, 4.16, -0.02);
insert into SHOT values (1181, 1175, 1177, 825, 3.380, 26.05, 21.90, 3.380, 26.05, 21.90, 0.000, 351.18, 0.02);
insert into SHOT values (1182, 1175, 1178, 825, 3.200, 310.25, 81.80, 3.200, 310.25, 81.80, 0.000, 344.59, -0.01);
insert into SHOT values (1183, 1175, 1179, 825, 0.650, 42.75, -76.00, 0.650, 42.75, -76.00, 0.000, 178.12, 0.02);
insert into SHOT values (1184, 1168, 1180, 825, 20.400, 300.25, -6.40, 20.400, 300.25, -6.40, 0.000, 352.80, -0.00);
insert into SHOT values (1185, 1168, 1175, 825, 9.130, 300.15, -6.40, 9.130, 300.15, -6.40, 0.000, 173.07, -0.01);
insert into SHOT values (1186, 1175, 1181, 825, 4.900, 313.15, 8.50, 4.900, 313.15, 8.50, 0.000, 326.32, 0.03);
insert into SHOT values (1187, 1181, 1182, 825, 1.980, 218.85, 9.00, 1.980, 218.85, 9.00, 0.000, 354.88, 0.00);
insert into SHOT values (1188, 1181, 1183, 825, 1.250, 48.75, -11.50, 1.250, 48.75, -11.50, 0.000, 208.24, -0.37);
insert into SHOT values (1189, 1181, 1184, 825, 0.690, 278.95, 64.00, 0.690, 278.95, 64.00, 0.000, 4.37, -0.02);
insert into SHOT values (1190, 1181, 1185, 825, 0.820, 294.65, -73.10, 0.820, 294.65, -73.10, 0.000, 344.36, 0.00);
insert into SHOT values (1191, 1181, 1186, 825, 11.470, 322.25, -12.40, 11.470, 322.25, -12.40, 0.000, 353.31, -0.01);
insert into SHOT values (1192, 1163, 1187, 825, 11.640, 264.55, 8.40, 11.344, 266.99, 9.39, 0.601, 29.40, 14.42);
insert into SHOT values (1193, 1186, 1188, 825, 11.610, 267.15, 8.30, 11.610, 267.15, 8.30, 0.000, 343.11, 0.00);
insert into SHOT values (1194, 1187, 1189, 825, 3.920, 239.85, 13.30, 3.920, 239.85, 13.30, 0.000, 178.68, -0.00);
insert into SHOT values (1195, 1187, 1190, 825, 13.650, 64.35, 7.80, 13.650, 64.35, 7.80, 0.000, 72.22, 0.02);
insert into SHOT values (1196, 1187, 1191, 825, 3.430, 342.65, 80.10, 3.430, 342.65, 80.10, 0.000, 179.36, 0.00);
insert into SHOT values (1197, 1187, 1192, 825, 1.270, 8.15, -78.60, 1.270, 8.15, -78.60, 0.000, 148.95, 0.26);
insert into SHOT values (1198, 1187, 1193, 825, 13.420, 2.95, -6.30, 13.667, 7.64, -5.36, 1.153, 81.63, 9.81);
insert into SHOT values (1199, 1193, 1194, 825, 16.700, 231.75, 3.70, 16.700, 231.75, 3.70, 0.000, 148.38, 0.07);
insert into SHOT values (1200, 1193, 1195, 825, 25.460, 253.35, 2.50, 25.460, 253.35, 2.50, 0.000, 21.91, 0.42);
insert into SHOT values (1201, 1193, 1196, 825, 30.650, 264.85, 0.30, 30.650, 264.85, 0.30, 0.000, 177.78, 0.01);
insert into SHOT values (1202, 1193, 1197, 825, 25.050, 275.05, 1.40, 25.050, 275.05, 1.40, 0.000, 185.86, 0.01);
insert into SHOT values (1203, 1193, 1198, 825, 15.740, 289.05, 4.30, 15.740, 289.05, 4.30, 0.000, 306.50, -0.14);
insert into SHOT values (1204, 1193, 1199, 825, 14.930, 119.15, 12.00, 14.930, 119.15, 12.00, 0.000, 353.49, 0.01);
insert into SHOT values (1205, 1193, 1200, 825, 15.740, 74.65, 14.20, 15.740, 74.65, 14.20, 0.000, 351.42, 0.02);
insert into SHOT values (1206, 1193, 1201, 825, 19.810, 102.65, 20.20, 19.810, 102.65, 20.20, 0.000, 181.47, 0.01);
insert into SHOT values (1207, 1193, 1202, 825, 20.570, 100.65, 44.20, 20.570, 100.65, 44.20, 0.000, 12.99, 0.03);
insert into SHOT values (1208, 1193, 1203, 825, 6.890, 167.85, 87.20, 6.890, 167.85, 87.20, 0.000, 199.01, 0.02);
insert into SHOT values (1209, 1193, 1204, 825, 10.040, 294.15, 36.70, 10.040, 294.15, 36.70, 0.000, 169.99, 0.02);
insert into SHOT values (1210, 1193, 1205, 825, 1.390, 258.35, -73.20, 1.390, 258.35, -73.20, 0.000, 0.74, 0.00);
insert into SHOT values (1211, 1193, 1206, 825, 26.120, 19.95, 5.40, 28.043, 26.71, 6.49, 3.747, 83.04, 10.98);
insert into SHOT values (1212, 1206, 1207, 825, 11.590, 271.05, 6.70, 11.590, 271.05, 6.70, 0.000, 11.90, 0.03);
insert into SHOT values (1213, 1206, 1208, 825, 8.180, 133.45, 2.80, 8.180, 133.45, 2.80, 0.000, 167.53, 0.02);
insert into SHOT values (1214, 1206, 1209, 825, 18.180, 122.35, -8.50, 18.180, 122.35, -8.50, 0.000, 181.55, -0.00);
insert into SHOT values (1215, 1206, 1210, 825, 22.840, 42.25, 65.00, 22.840, 42.25, 65.00, 0.000, 190.27, 0.01);
insert into SHOT values (1216, 1206, 1211, 825, 6.780, 26.15, -34.30, 6.780, 26.15, -34.30, 0.000, 191.63, 0.02);
insert into SHOT values (1217, 1206, 1212, 825, 19.160, 44.65, 4.00, 20.605, 45.72, 4.81, 1.518, 59.78, 14.92);
insert into SHOT values (1218, 1212, 1213, 825, 31.490, 254.15, 2.40, 31.490, 254.15, 2.40, 0.000, 351.98, -0.01);
insert into SHOT values (1219, 1212, 1214, 825, 6.050, 48.25, 10.20, 6.050, 48.25, 10.20, 0.000, 334.92, 0.01);
insert into SHOT values (1220, 1212, 1215, 825, 3.080, 271.55, -58.50, 3.080, 271.55, -58.50, 0.000, 345.55, 0.03);
insert into SHOT values (1221, 1212, 1216, 825, 3.540, 26.35, -1.10, 3.540, 26.35, -1.10, 0.000, 131.52, -0.01);
insert into SHOT values (1222, 1212, 1217, 825, 27.030, 302.25, 5.90, 27.030, 302.25, 5.90, 0.000, 351.07, 0.00);
insert into SHOT values (1223, 1217, 1218, 825, 8.550, 264.05, -45.00, 8.550, 264.05, -45.00, 0.000, 102.84, -0.08);
insert into SHOT values (1224, 1217, 1219, 825, 25.770, 260.85, -12.00, 25.770, 260.85, -12.00, 0.000, 3.19, 0.00);
insert into SHOT values (1225, 1217, 1220, 825, 9.040, 253.25, 40.40, 9.040, 253.25, 40.40, 0.000, 356.96, 0.01);
insert into SHOT values (1226, 1217, 1221, 825, 15.890, 280.25, 37.10, 15.890, 280.25, 37.10, 0.000, 8.59, 0.02);
insert into SHOT values (1227, 1217, 1222, 825, 17.880, 210.15, 46.90, 17.880, 210.15, 46.90, 0.000, 358.57, -0.01);
insert into SHOT values (1228, 1217, 1223, 825, 8.160, 274.85, 88.60, 8.160, 274.85, 88.60, 0.000, 12.65, -0.05);
insert into SHOT values (1229, 1217, 1224, 825, 8.680, 25.05, -5.60, 8.680, 25.05, -5.60, 0.000, 342.54, -0.01);
insert into SHOT values (1230, 1217, 1225, 825, 10.470, 24.15, 40.10, 10.470, 24.15, 40.10, 0.000, 176.27, 0.01);
insert into SHOT values (1231, 1217, 1226, 825, 1.050, 57.45, -76.80, 1.050, 57.45, -76.80, 0.000, 7.24, 0.00);
insert into SHOT values (1232, 1217, 1227, 825, 64.350, 300.05, 20.30, 64.350, 300.05, 20.30, 0.000, 182.91, 0.00);
insert into SHOT values (1233, 1227, 1228, 825, 8.880, 175.95, -7.90, 8.880, 175.95, -7.90, 0.000, 235.68, -0.12);
insert into SHOT values (1234, 1227, 1229, 825, 44.240, 83.55, -9.40, 44.240, 83.55, -9.40, 0.000, 184.08, 0.01);
insert into SHOT values (1235, 1227, 1230, 825, 34.650, 59.95, -9.00, 34.650, 59.95, -9.00, 0.000, 209.32, 0.01);
insert into SHOT values (1236, 1227, 1231, 825, 33.020, 68.55, -8.60, 33.020, 68.55, -8.60, 0.000, 353.32, -0.01);
insert into SHOT values (1237, 1227, 1232, 825, 37.360, 72.85, -8.20, 37.360, 72.85, -8.20, 0.000, 357.30, 0.01);
insert into SHOT values (1238, 1227, 1233, 825, 36.420, 56.65, -8.40, 36.420, 56.65, -8.40, 0.000, 186.20, -0.01);
insert into SHOT values (1239, 1227, 1234, 825, 35.900, 53.85, -8.80, 35.900, 53.85, -8.80, 0.000, 177.86, 0.01);
insert into SHOT values (1240, 1227, 1235, 825, 20.650, 44.55, -7.00, 20.650, 44.55, -7.00, 0.000, 195.19, 0.03);
insert into SHOT values (1241, 1227, 1236, 825, 13.930, 20.65, 67.00, 13.930, 20.65, 67.00, 0.000, 172.53, -0.01);
insert into SHOT values (1242, 1227, 1237, 825, 2.630, 174.85, -79.00, 2.630, 174.85, -79.00, 0.000, 175.12, -0.02);
insert into SHOT values (1243, 1227, 1238, 825, 34.210, 285.25, 28.20, 34.210, 285.25, 28.20, 0.000, 187.38, -0.02);
insert into SHOT values (1244, 1238, 1239, 825, 18.360, 169.45, -31.80, 18.360, 169.45, -31.80, 0.000, 15.16, 0.01);
insert into SHOT values (1245, 1238, 1240, 825, 8.670, 169.15, -4.90, 8.670, 169.15, -4.90, 0.000, 353.19, -0.00);
insert into SHOT values (1246, 1238, 1241, 825, 5.990, 291.85, 84.80, 5.990, 291.85, 84.80, 0.000, 357.28, 0.02);
insert into SHOT values (1247, 1238, 1242, 825, 10.430, 332.95, 21.40, 10.430, 332.95, 21.40, 0.000, 162.25, 0.01);
insert into SHOT values (1248, 1238, 1243, 825, 11.910, 14.35, -22.80, 11.910, 14.35, -22.80, 0.000, 178.92, 0.01);
insert into SHOT values (1249, 1238, 1244, 825, 12.800, 276.75, 27.50, 12.800, 276.75, 27.50, 0.000, 187.78, 0.01);
insert into SHOT values (1250, 1212, 1245, 825, 21.140, 96.65, 5.70, 21.395, 92.29, 6.90, 1.686, 11.72, 16.22);
insert into SHOT values (1251, 1245, 1246, 825, 4.390, 352.25, -43.30, 4.390, 352.25, -43.30, 0.000, 347.67, -0.03);
insert into SHOT values (1252, 1245, 1247, 825, 7.310, 348.05, 9.20, 7.310, 348.05, 9.20, 0.000, 179.46, -0.02);
insert into SHOT values (1253, 1245, 1248, 825, 6.780, 348.05, 49.50, 6.780, 348.05, 49.50, 0.000, 4.65, -0.02);
insert into SHOT values (1254, 1245, 1249, 825, 5.010, 98.35, 71.50, 5.010, 98.35, 71.50, 0.000, 14.20, 0.02);
insert into SHOT values (1255, 1245, 1250, 825, 4.010, 158.25, 8.60, 4.010, 158.25, 8.60, 0.000, 350.62, -0.02);
insert into SHOT values (1256, 1245, 1251, 825, 1.800, 167.65, -41.60, 1.800, 167.65, -41.60, 0.000, 185.40, 0.02);
insert into SHOT values (1257, 1245, 1252, 825, 10.510, 50.95, -9.10, 11.037, 51.13, -8.01, 0.567, 54.57, 12.64);
insert into SHOT values (1258, 1252, 1253, 825, 16.460, 40.35, -2.90, 16.460, 40.35, -2.90, 0.000, 0.64, -0.00);
insert into SHOT values (1259, 1252, 1254, 825, 3.840, 334.45, 9.60, 3.840, 334.45, 9.60, 0.000, 7.21, 0.01);
insert into SHOT values (1260, 1252, 1255, 825, 5.830, 1.85, 70.90, 5.830, 1.85, 70.90, 0.000, 186.14, -0.01);
insert into SHOT values (1261, 1252, 1256, 825, 10.190, 134.05, 58.20, 10.190, 134.05, 58.20, 0.000, 1.30, 0.02);
insert into SHOT values (1262, 1252, 1257, 825, 10.790, 127.15, 6.20, 10.790, 127.15, 6.20, 0.000, 190.17, 0.01);
insert into SHOT values (1263, 1252, 1258, 825, 6.500, 126.75, -18.40, 6.500, 126.75, -18.40, 0.000, 176.84, 0.00);
insert into SHOT values (1264, 1253, 1259, 825, 12.270, 306.75, -9.00, 12.270, 306.75, -9.00, 0.000, 184.90, 0.01);
insert into SHOT values (1265, 1253, 1260, 825, 6.720, 61.75, 81.40, 6.720, 61.75, 81.40, 0.000, 1.08, 0.01);
insert into SHOT values (1266, 1253, 1261, 825, 10.260, 126.15, 8.20, 10.260, 126.15, 8.20, 0.000, 34.17, 0.08);
insert into SHOT values (1267, 1253, 1262, 825, 0.740, 159.65, -78.90, 0.740, 159.65, -78.90, 0.000, 30.43, -0.05);
insert into SHOT values (1268, 1253, 1263, 825, 29.520, 79.45, 26.30, 29.520, 79.45, 26.30, 0.000, 185.75, 0.00);
insert into SHOT values (1269, 1263, 1264, 825, 17.350, 305.35, -5.60, 17.350, 305.35, -5.60, 0.000, 177.78, 0.01);
insert into SHOT values (1270, 1263, 1265, 825, 5.720, 338.75, 87.80, 5.720, 338.75, 87.80, 0.000, 173.84, 0.01);
insert into SHOT values (1271, 1263, 1266, 825, 11.660, 115.85, -4.70, 11.660, 115.85, -4.70, 0.000, 175.03, 0.02);
insert into SHOT values (1272, 1263, 1267, 825, 11.210, 122.75, 37.50, 11.210, 122.75, 37.50, 0.000, 359.69, -0.01);
insert into SHOT values (1273, 1263, 1268, 825, 12.570, 11.05, 25.10, 12.570, 11.05, 25.10, 0.000, 173.96, 0.00);
insert into SHOT values (1274, 1268, 1269, 825, 9.690, 312.55, -1.10, 9.690, 312.55, -1.10, 0.000, 352.25, 0.01);
insert into SHOT values (1275, 1268, 1270, 825, 1.840, 307.45, 27.10, 1.840, 307.45, 27.10, 0.000, 186.14, -0.01);
insert into SHOT values (1276, 1268, 1271, 825, 1.320, 137.85, 74.90, 1.320, 137.85, 74.90, 0.000, 358.77, 0.01);
insert into SHOT values (1277, 1268, 1272, 825, 6.360, 129.85, 4.30, 6.360, 129.85, 4.30, 0.000, 8.00, -0.00);
insert into SHOT values (1278, 1268, 1273, 825, 3.790, 11.05, 21.90, 3.790, 11.05, 21.90, 0.000, 174.72, -0.00);
insert into SHOT values (1279, 1273, 1274, 825, 4.070, 302.65, 3.10, 4.070, 302.65, 3.10, 0.000, 3.02, 0.04);
insert into SHOT values (1280, 1273, 1275, 825, 3.000, 309.05, 77.70, 3.000, 309.05, 77.70, 0.000, 169.04, 0.02);
insert into SHOT values (1281, 1273, 1276, 825, 7.630, 53.35, 66.30, 7.630, 53.35, 66.30, 0.000, 174.21, 0.01);
insert into SHOT values (1282, 1273, 1277, 825, 8.350, 123.45, 21.70, 8.350, 123.45, 21.70, 0.000, 342.20, -0.02);
insert into SHOT values (1283, 1273, 1278, 825, 0.870, 126.25, -48.20, 0.870, 126.25, -48.20, 0.000, 13.27, -0.03);
insert into SHOT values (1284, 1263, 1279, 825, 1.230, 174.15, -87.10, 1.230, 174.15, -87.10, 0.000, 311.33, 0.08);
insert into SHOT values (1285, 1279, 1280, 825, 10.530, 119.25, -19.50, 10.530, 119.25, -19.50, 0.000, 355.83, 0.01);
insert into SHOT values (1286, 1280, 1281, 825, 10.290, 50.95, 18.10, 10.290, 50.95, 18.10, 0.000, 339.77, -0.03);
insert into SHOT values (1287, 1280, 1282, 825, 2.730, 71.75, 1.10, 2.730, 71.75, 1.10, 0.000, 179.32, 0.01);
insert into SHOT values (1288, 1280, 1283, 825, 4.200, 31.25, 66.50, 4.200, 31.25, 66.50, 0.000, 1.75, -0.00);
insert into SHOT values (1289, 1280, 1284, 825, 8.830, 214.85, 85.00, 8.830, 214.85, 85.00, 0.000, 183.23, 0.00);
insert into SHOT values (1290, 1280, 1285, 825, 5.900, 225.35, 13.00, 5.900, 225.35, 13.00, 0.000, 171.01, -0.02);
insert into SHOT values (1291, 1280, 1286, 825, 10.000, 222.45, -28.40, 10.000, 222.45, -28.40, 0.000, 359.23, -0.02);
insert into SHOT values (1292, 1280, 1287, 825, 3.620, 210.45, -49.70, 3.620, 210.45, -49.70, 0.000, 178.59, -0.00);
insert into SHOT values (1293, 1280, 1288, 825, 16.430, 148.05, -28.50, 16.430, 148.05, -28.50, 0.000, 352.54, -0.02);
insert into SHOT values (1294, 1252, 1289, 825, 10.050, 204.15, -4.60, 9.631, 201.39, -4.11, 0.637, 71.75, 10.46);
insert into SHOT values (1295, 1289, 1290, 825, 2.360, 77.65, 26.50, 2.360, 77.65, 26.50, 0.000, 357.05, -0.10);
insert into SHOT values (1296, 1289, 1291, 825, 4.350, 151.45, 75.80, 4.350, 151.45, 75.80, 0.000, 356.46, -0.01);
insert into SHOT values (1297, 1289, 1292, 825, 8.840, 231.85, 40.50, 8.840, 231.85, 40.50, 0.000, 181.39, -0.00);
insert into SHOT values (1298, 1289, 1293, 825, 8.330, 235.15, 16.70, 8.330, 235.15, 16.70, 0.000, 102.94, 0.10);
insert into SHOT values (1299, 1289, 1294, 825, 1.500, 232.05, -43.10, 1.500, 232.05, -43.10, 0.000, 173.08, 0.00);
insert into SHOT values (1300, 1289, 1295, 825, 22.250, 194.85, -3.30, 21.411, 187.72, -2.03, 2.877, 84.55, 10.48);
insert into SHOT values (1301, 1295, 1296, 825, 8.220, 66.55, 6.00, 8.220, 66.55, 6.00, 0.000, 7.28, -0.02);
insert into SHOT values (1302, 1295, 1297, 825, 15.070, 83.05, 4.70, 15.070, 83.05, 4.70, 0.000, 173.01, -0.01);
insert into SHOT values (1303, 1295, 1298, 825, 19.790, 94.35, 4.10, 19.790, 94.35, 4.10, 0.000, 9.44, 0.01);
insert into SHOT values (1304, 1295, 1299, 825, 21.550, 101.45, 1.40, 21.550, 101.45, 1.40, 0.000, 3.07, -0.01);
insert into SHOT values (1305, 1295, 1300, 825, 10.410, 119.25, 1.90, 10.410, 119.25, 1.90, 0.000, 359.75, 0.01);
insert into SHOT values (1306, 1295, 1301, 825, 5.240, 281.95, 14.40, 5.240, 281.95, 14.40, 0.000, 59.33, 0.07);
insert into SHOT values (1307, 1295, 1302, 825, 3.670, 125.75, 87.20, 3.670, 125.75, 87.20, 0.000, 21.82, 0.05);
insert into SHOT values (1308, 1295, 1303, 825, 1.290, 181.95, -88.10, 1.290, 181.95, -88.10, 0.000, 350.58, -0.03);
insert into SHOT values (1309, 1295, 1304, 825, 6.360, 156.25, 6.50, 6.349, 153.20, 7.00, 0.341, 61.74, 8.99);
insert into SHOT values (1310, 1304, 1305, 825, 9.170, 97.85, -0.00, 9.170, 97.85, 0.00, 0.000, 9.61, 0.00);
insert into SHOT values (1311, 1304, 1306, 825, 14.290, 111.15, 8.70, 14.290, 111.15, 8.70, 0.000, 170.58, -0.02);
insert into SHOT values (1312, 1304, 1307, 825, 15.480, 118.35, 8.40, 15.480, 118.35, 8.40, 0.000, 183.52, -0.01);
insert into SHOT values (1313, 1304, 1308, 825, 12.260, 129.15, 5.10, 12.260, 129.15, 5.10, 0.000, 2.09, 0.00);
insert into SHOT values (1314, 1304, 1309, 825, 10.660, 149.75, 3.30, 10.660, 149.75, 3.30, 0.000, 6.57, -0.01);
insert into SHOT values (1315, 1304, 1310, 825, 10.370, 304.45, -1.50, 10.370, 304.45, -1.50, 0.000, 355.16, -0.01);
insert into SHOT values (1316, 1304, 1311, 825, 8.350, 285.85, 11.40, 8.350, 285.85, 11.40, 0.000, 158.38, -0.02);
insert into SHOT values (1317, 1304, 1312, 825, 3.520, 290.25, 71.60, 3.520, 290.25, 71.60, 0.000, 2.77, 0.00);
insert into SHOT values (1318, 1304, 1313, 825, 1.350, 268.95, -61.20, 1.350, 268.95, -61.20, 0.000, 178.38, -0.00);
insert into SHOT values (1319, 1304, 1314, 825, 12.810, 255.05, -0.90, 12.810, 255.05, -0.90, 0.000, 184.32, -0.01);
insert into SHOT values (1320, 1304, 1315, 825, 8.620, 255.25, -0.70, 8.282, 256.71, -0.12, 0.410, 43.47, 12.46);
insert into SHOT values (1321, 1315, 1316, 825, 8.580, 254.25, 0.40, 8.580, 254.25, 0.40, 0.000, 192.80, 0.01);
insert into SHOT values (1322, 1315, 1317, 825, 12.260, 129.65, 20.80, 12.260, 129.65, 20.80, 0.000, 351.57, -0.00);
insert into SHOT values (1323, 1315, 1318, 825, 6.110, 141.05, 44.60, 6.110, 141.05, 44.60, 0.000, 4.15, 0.01);
insert into SHOT values (1324, 1315, 1319, 825, 1.690, 304.65, 7.40, 1.690, 304.65, 7.40, 0.000, 7.67, -0.47);
insert into SHOT values (1325, 1315, 1320, 825, 2.500, 218.25, 81.90, 2.500, 218.25, 81.90, 0.000, 349.15, 0.02);
insert into SHOT values (1326, 1315, 1321, 825, 0.380, 273.25, -88.50, 0.380, 273.25, -88.50, 0.000, 14.97, 0.03);
insert into SHOT values (1327, 1315, 1322, 825, 7.420, 178.15, 14.10, 7.300, 175.01, 14.88, 0.421, 66.75, 9.18);
insert into SHOT values (1328, 1322, 1323, 825, 25.000, 6.25, 90.00, 25.000, 90.00, 90.00, 0.000, 6.25, 0.00);
insert into SHOT values (1329, 1315, 1324, 825, 7.260, 201.55, 13.90, 7.260, 201.55, 13.90, 0.000, 187.52, 0.01);
insert into SHOT values (1330, 1322, 1325, 825, 7.560, 92.65, 5.50, 7.560, 92.65, 5.50, 0.000, 357.00, 0.01);
insert into SHOT values (1331, 1322, 1326, 825, 7.640, 142.35, 4.00, 7.640, 142.35, 4.00, 0.000, 160.97, 0.04);
insert into SHOT values (1332, 1322, 1327, 825, 10.140, 305.45, -2.90, 10.140, 305.45, -2.90, 0.000, 189.97, 0.01);
insert into SHOT values (1333, 1322, 1328, 825, 6.770, 311.95, -32.10, 6.770, 311.95, -32.10, 0.000, 178.38, 0.03);
insert into SHOT values (1334, 1322, 1329, 825, 1.860, 49.25, -84.10, 1.860, 49.25, -84.10, 0.000, 175.53, -0.00);
insert into SHOT values (1335, 1322, 1330, 825, 5.920, 279.35, 56.50, 5.920, 279.35, 56.50, 0.000, 356.34, 0.00);
insert into SHOT values (1336, 1322, 1331, 825, 9.810, 101.35, 34.10, 9.810, 101.35, 34.10, 0.000, 0.64, 0.00);
insert into SHOT values (1337, 1322, 1332, 825, 13.590, 75.75, 61.30, 13.590, 75.75, 61.30, 0.000, 13.60, -0.02);
insert into SHOT values (1338, 1322, 1333, 825, 9.880, 347.65, 75.30, 9.880, 347.65, 75.30, 0.000, 57.91, -0.25);
insert into SHOT values (1339, 1322, 1334, 825, 21.590, 18.15, 70.80, 21.590, 18.15, 70.80, 0.000, 351.72, -0.01);
insert into SHOT values (1340, 1322, 1335, 825, 25.560, 66.95, 58.70, 25.560, 66.95, 58.70, 0.000, 178.57, 0.04);
insert into SHOT values (1341, 1322, 1336, 825, 21.250, 44.15, 71.60, 21.250, 44.15, 71.60, 0.000, 14.03, 0.08);
insert into SHOT values (1342, 1322, 1337, 825, 10.920, 269.65, -24.90, 10.522, 272.17, -25.19, 0.587, 42.86, 11.72);
insert into SHOT values (1343, 1337, 1338, 825, 12.430, 132.75, 21.40, 12.430, 132.75, 21.40, 0.000, 211.16, -0.08);
insert into SHOT values (1344, 1337, 1339, 825, 4.100, 274.25, -1.10, 4.100, 274.25, -1.10, 0.000, 3.55, 0.01);
insert into SHOT values (1345, 1337, 1340, 825, 3.410, 276.75, 85.00, 3.410, 276.75, 85.00, 0.000, 170.40, 0.01);
insert into SHOT values (1346, 1337, 1341, 825, 0.770, 117.55, -47.20, 0.770, 117.55, -47.20, 0.000, 161.29, 0.13);
insert into SHOT values (1347, 1337, 1342, 825, 21.010, 166.05, -1.90, 21.527, 159.32, -0.61, 2.594, 84.60, 10.42);
insert into SHOT values (1348, 1342, 1343, 825, 4.590, 121.75, 22.00, 4.590, 121.75, 22.00, 0.000, 341.72, -0.03);
insert into SHOT values (1349, 1342, 1344, 825, 3.700, 304.85, 73.20, 3.700, 304.85, 73.20, 0.000, 356.15, -0.01);
insert into SHOT values (1350, 1342, 1345, 825, 7.210, 310.95, -8.50, 7.210, 310.95, -8.50, 0.000, 353.17, 0.01);
insert into SHOT values (1351, 1342, 1346, 825, 4.620, 316.75, -29.30, 4.620, 316.75, -29.30, 0.000, 182.65, 0.00);
insert into SHOT values (1352, 1342, 1347, 825, 22.770, 58.75, 70.80, 22.770, 58.75, 70.80, 0.000, 10.44, -0.02);
insert into SHOT values (1353, 1342, 1348, 825, 21.060, 156.35, 68.40, 21.060, 156.35, 68.40, 0.000, 174.87, -0.03);
insert into SHOT values (1354, 1342, 1158, 825, 25.340, 256.05, -11.30, 24.158, 260.68, -10.28, 2.333, 17.12, 16.26);
insert into SHOT values (1355, 1158, 1349, 825, 4.220, 6.55, -7.10, 4.220, 6.55, -7.10, 0.000, 15.04, -0.02);
insert into SHOT values (1356, 1158, 1350, 825, 8.450, 100.15, -3.40, 8.450, 100.15, -3.40, 0.000, 151.11, -0.07);
insert into SHOT values (1357, 1158, 1351, 825, 13.470, 69.45, -2.70, 13.470, 69.45, -2.70, 0.000, 180.68, 0.01);
insert into SHOT values (1358, 1158, 1352, 825, 8.090, 190.15, -6.80, 8.090, 190.15, -6.80, 0.000, 321.37, 0.07);
insert into SHOT values (1359, 1158, 1353, 825, 7.440, 257.75, -1.80, 7.440, 257.75, -1.80, 0.000, 170.87, 0.02);
insert into SHOT values (1360, 1158, 1354, 825, 15.720, 293.15, -1.10, 15.720, 293.15, -1.10, 0.000, 358.18, 0.01);
insert into SHOT values (1361, 998, 1355, 825, 15.750, 294.45, 17.50, 15.750, 294.45, 17.50, 0.000, 7.02, -0.00);
insert into SHOT values (1362, 998, 1356, 825, 5.080, 307.55, 80.80, 5.080, 307.55, 80.80, 0.000, 172.74, -0.00);
insert into SHOT values (1363, 998, 1357, 825, 15.940, 57.55, 5.00, 15.940, 57.55, 5.00, 0.000, 3.58, 0.02);
insert into SHOT values (1364, 998, 1358, 825, 3.810, 57.15, -25.90, 3.810, 57.15, -25.90, 0.000, 183.84, 0.03);
insert into SHOT values (1365, 998, 1359, 825, 21.760, 1.55, 5.60, 21.958, 357.37, 7.07, 1.693, 274.31, 20.00);
insert into SHOT values (1366, 1359, 1360, 825, 7.780, 286.25, 30.00, 7.780, 286.25, 30.00, 0.000, 174.94, 0.03);
insert into SHOT values (1367, 1359, 1361, 825, 2.700, 57.85, 78.00, 2.700, 57.85, 78.00, 0.000, 351.42, 0.04);
insert into SHOT values (1368, 1359, 1362, 825, 21.120, 102.55, -8.30, 21.120, 102.55, -8.30, 0.000, 185.14, -0.00);
insert into SHOT values (1369, 1359, 1363, 825, 15.880, 104.45, 5.40, 15.880, 104.45, 5.40, 0.000, 176.21, 0.00);
insert into SHOT values (1370, 1359, 1364, 825, 2.510, 103.25, -37.30, 2.510, 103.25, -37.30, 0.000, 183.12, 0.01);
insert into SHOT values (1371, 1359, 1365, 825, 16.250, 23.75, 0.40, 16.136, 20.93, 1.58, 0.871, 283.82, 22.38);
insert into SHOT values (1372, 1365, 1366, 825, 7.220, 273.75, 13.60, 7.220, 273.75, 13.60, 0.000, 182.20, -0.01);
insert into SHOT values (1373, 1365, 1367, 825, 7.440, 345.45, 3.40, 7.440, 345.45, 3.40, 0.000, 351.04, 0.01);
insert into SHOT values (1374, 1365, 1368, 825, 11.860, 16.45, -19.60, 11.860, 16.45, -19.60, 0.000, 174.78, 0.01);
insert into SHOT values (1375, 1365, 1369, 825, 12.550, 66.75, -34.00, 12.550, 66.75, -34.00, 0.000, 177.71, -0.01);
insert into SHOT values (1376, 1365, 1370, 825, 2.050, 93.35, -1.60, 2.050, 93.35, -1.60, 0.000, 23.97, 0.03);
insert into SHOT values (1377, 1365, 1371, 825, 1.870, 10.45, -81.90, 1.870, 10.45, -81.90, 0.000, 185.76, -0.00);
insert into SHOT values (1378, 1365, 1372, 825, 26.240, 157.55, -6.00, 25.145, 161.43, -4.35, 2.179, 280.02, 22.52);
insert into SHOT values (1379, 1372, 1373, 825, 6.460, 83.85, -17.80, 6.460, 83.85, -17.80, 0.000, 351.31, -0.00);
insert into SHOT values (1380, 1372, 1374, 825, 22.580, 269.45, 12.00, 22.580, 269.45, 12.00, 0.000, 193.79, 0.03);
insert into SHOT values (1381, 1372, 1375, 825, 4.530, 284.45, 56.90, 4.530, 284.45, 56.90, 0.000, 18.77, -0.01);
insert into SHOT values (1382, 1372, 1376, 825, 1.650, 180.65, -75.20, 1.650, 180.65, -75.20, 0.000, 357.72, -0.00);
insert into SHOT values (1383, 1372, 1377, 825, 8.720, 126.75, -11.40, 8.444, 126.63, -11.07, 0.281, 310.32, 21.43);
insert into SHOT values (1384, 1377, 1378, 825, 3.470, 53.45, 2.00, 3.470, 53.45, 2.00, 0.000, 204.55, 0.02);
insert into SHOT values (1385, 1377, 1379, 825, 2.770, 181.55, 66.30, 2.770, 181.55, 66.30, 0.000, 0.22, -0.01);
insert into SHOT values (1386, 1377, 1380, 825, 30.990, 218.75, 7.00, 30.990, 218.75, 7.00, 0.000, 180.36, 0.01);
insert into SHOT values (1387, 1377, 1381, 825, 2.400, 219.95, -42.40, 2.400, 219.95, -42.40, 0.000, 359.28, 0.01);
insert into SHOT values (1388, 1377, 1382, 825, 12.790, 174.55, -3.50, 12.630, 177.08, -2.59, 0.617, 280.75, 19.89);
insert into SHOT values (1389, 1382, 1383, 825, 14.560, 51.75, 9.90, 14.560, 51.75, 9.90, 0.000, 4.73, -0.00);
insert into SHOT values (1390, 1382, 1384, 825, 4.230, 60.55, 55.00, 4.230, 60.55, 55.00, 0.000, 179.17, 0.03);
insert into SHOT values (1391, 1382, 1385, 825, 20.630, 119.55, 61.70, 20.630, 119.55, 61.70, 0.000, 179.13, -0.01);
insert into SHOT values (1392, 1382, 1386, 825, 6.190, 286.15, 59.40, 6.190, 286.15, 59.40, 0.000, 171.88, -0.00);
insert into SHOT values (1393, 1382, 1387, 825, 45.190, 269.85, 4.80, 45.190, 269.85, 4.80, 0.000, 2.98, -0.01);
insert into SHOT values (1394, 1382, 1388, 825, 3.450, 267.05, -44.00, 3.450, 267.05, -44.00, 0.000, 47.18, 0.01);
insert into SHOT values (1395, 1382, 1389, 825, 12.560, 64.35, 6.60, 12.535, 62.47, 7.54, 0.458, 326.42, 26.07);
insert into SHOT values (1396, 1389, 1390, 825, 10.630, 9.75, -2.60, 10.630, 9.75, -2.60, 0.000, 0.65, -0.00);
insert into SHOT values (1397, 1389, 1391, 825, 2.910, 9.85, 12.70, 2.910, 9.85, 12.70, 0.000, 6.42, -0.01);
insert into SHOT values (1398, 1389, 1392, 825, 1.340, 164.85, 64.40, 1.340, 164.85, 64.40, 0.000, 173.28, 0.00);
insert into SHOT values (1399, 1389, 1393, 825, 6.680, 202.85, 7.00, 6.680, 202.85, 7.00, 0.000, 342.04, -0.01);
insert into SHOT values (1400, 1389, 1394, 825, 35.620, 228.55, 2.70, 35.620, 228.55, 2.70, 0.000, 184.53, -0.01);
insert into SHOT values (1401, 1389, 1395, 825, 11.900, 176.35, 6.30, 11.900, 176.35, 6.30, 0.000, 211.58, 0.00);
insert into SHOT values (1402, 1389, 1396, 825, 1.860, 187.75, -46.70, 1.860, 187.75, -46.70, 0.000, 145.98, -0.01);
insert into SHOT values (1403, 1389, 1397, 825, 12.210, 89.35, -1.00, 12.074, 87.54, -0.10, 0.449, 339.13, 25.46);
insert into SHOT values (1404, 1397, 1398, 825, 11.550, 328.65, -2.70, 11.550, 328.65, -2.70, 0.000, 357.14, -0.01);
insert into SHOT values (1405, 1397, 1399, 825, 15.410, 344.35, 8.70, 15.410, 344.35, 8.70, 0.000, 153.75, -0.00);
insert into SHOT values (1406, 1397, 1400, 825, 10.710, 356.95, 8.40, 10.710, 356.95, 8.40, 0.000, 358.79, -0.00);
insert into SHOT values (1407, 1397, 1401, 825, 3.820, 34.65, 12.60, 3.820, 34.65, 12.60, 0.000, 197.83, -0.06);
insert into SHOT values (1408, 1397, 1402, 825, 1.430, 324.25, -87.60, 1.430, 324.25, -87.60, 0.000, 308.72, 0.03);
insert into SHOT values (1409, 1397, 1403, 825, 0.980, 238.35, 72.50, 0.980, 238.35, 72.50, 0.000, 176.41, -0.01);
insert into SHOT values (1410, 1397, 1404, 825, 3.500, 217.15, 4.20, 3.500, 217.15, 4.20, 0.000, 336.40, -0.01);
insert into SHOT values (1411, 1397, 1405, 825, 2.060, 214.55, -43.20, 2.060, 214.55, -43.20, 0.000, 178.75, -0.00);
insert into SHOT values (1412, 1397, 1406, 825, 15.290, 170.35, -2.70, 15.049, 173.22, -1.62, 0.848, 278.57, 20.32);
insert into SHOT values (1413, 1406, 1407, 825, 10.430, 63.35, 2.80, 10.430, 63.35, 2.80, 0.000, 4.15, 0.00);
insert into SHOT values (1414, 1406, 1408, 825, 9.970, 112.25, 8.20, 9.970, 112.25, 8.20, 0.000, 181.60, 0.01);
insert into SHOT values (1415, 1406, 1409, 825, 10.240, 92.55, 10.20, 10.240, 92.55, 10.20, 0.000, 181.14, -0.00);
insert into SHOT values (1416, 1406, 1410, 825, 14.190, 270.15, 86.90, 14.190, 270.15, 86.90, 0.000, 9.80, 0.04);
insert into SHOT values (1417, 1406, 1411, 825, 12.710, 237.35, -15.60, 12.710, 237.35, -15.60, 0.000, 191.32, 0.01);
insert into SHOT values (1418, 1406, 1412, 825, 10.280, 238.65, 1.50, 10.280, 238.65, 1.50, 0.000, 172.54, 0.01);
insert into SHOT values (1419, 1406, 1413, 825, 4.740, 240.85, -38.90, 4.740, 240.85, -38.90, 0.000, 160.94, -0.02);
insert into SHOT values (1420, 1406, 1414, 825, 6.360, 341.55, -14.30, 6.496, 340.45, -13.44, 0.206, 303.53, 17.38);
insert into SHOT values (1421, 1414, 1415, 825, 7.850, 257.75, 8.30, 7.977, 259.17, 8.80, 0.242, 317.72, 20.99);
insert into SHOT values (1422, 1415, 1416, 825, 7.390, 220.05, 5.20, 7.390, 220.05, 5.20, 0.000, 172.62, -0.01);
insert into SHOT values (1423, 1415, 1417, 825, 11.670, 244.35, 39.60, 11.670, 244.35, 39.60, 0.000, 139.17, 0.05);
insert into SHOT values (1424, 1415, 1418, 825, 2.070, 301.45, 46.90, 2.070, 301.45, 46.90, 0.000, 352.99, -0.00);
insert into SHOT values (1425, 1415, 1419, 825, 2.020, 24.25, 23.60, 2.020, 24.25, 23.60, 0.000, 182.75, 0.01);
insert into SHOT values (1426, 1415, 1420, 825, 15.730, 15.25, 0.30, 15.730, 15.25, 0.30, 0.000, 157.12, 0.02);
insert into SHOT values (1427, 1415, 1421, 825, 11.340, 306.35, -2.20, 11.689, 306.59, -1.31, 0.395, 314.47, 25.17);
insert into SHOT values (1428, 1421, 1422, 825, 7.780, 179.55, 6.60, 7.780, 179.55, 6.60, 0.000, 180.57, 0.01);
insert into SHOT values (1429, 1421, 1423, 825, 8.300, 181.75, -9.00, 8.300, 181.75, -9.00, 0.000, 347.61, 0.02);
insert into SHOT values (1430, 1421, 1424, 825, 7.780, 187.85, 27.70, 7.780, 187.85, 27.70, 0.000, 178.46, 0.01);
insert into SHOT values (1431, 1421, 1425, 825, 1.640, 351.65, 83.80, 1.640, 351.65, 83.80, 0.000, 358.46, 0.00);
insert into SHOT values (1432, 1421, 1426, 825, 16.850, 14.45, -1.60, 16.850, 14.45, -1.60, 0.000, 359.12, 0.01);
insert into SHOT values (1433, 1421, 1427, 825, 5.180, 228.15, -23.60, 5.198, 230.04, -22.95, 0.169, 305.06, 16.03);
insert into SHOT values (1434, 1427, 1428, 825, 11.660, 338.45, 6.60, 11.975, 336.74, 7.27, 0.491, 287.88, 20.95);
insert into SHOT values (1435, 1428, 1429, 825, 19.190, 241.35, 2.40, 19.240, 243.79, 3.75, 0.937, 330.76, 29.14);
insert into SHOT values (1436, 1429, 998, 825, 2.300, 359.55, -11.50, 2.396, 358.28, -10.52, 0.116, 332.31, 10.36);
insert into SCRAPS values (827, 821, 'SP-Hochimoyouk_01_boucle1', 1, 48.46263, 2.31188);
 insert into SCRAPS values (876, 821, 'SP-Hochimoyouk_02_boucle1', 1, 18.25100, 0.73536);
 insert into SCRAPS values (960, 821, 'SS-Hochimoyouk_03_boucle1', 2, 0.00000, 0.00000);
 insert into SCRAPS values (969, 821, 'SP-Hochimoyouk_04_boucle1', 1, 3.39219, 1.16422);
 insert into MAPS values (987, 821, 'MP-Boucle1', 'Boucle1', 1, 1433.150, -67.352);
 insert into MAPITEMS values (987, 4, 827);
 insert into MAPITEMS values (987, 4, 876);
 insert into MAPITEMS values (987, 4, 969);
 insert into SURVEY values (990, 53, 'Hashimoyuk4', 'Hashimoyuk4.Hashim-oyuk', 'Hashimoyuk4');
 insert into CENTRELINE values (991, 990, NULL, NULL, NULL, 0.00, 0.00, 0.00);
 insert into SURVEY values (992, 990, 'Hashimoyuk4', 'Hashimoyuk4.Hashimoyuk4.Hashim-oyuk', 'Hochimoyouk');
 insert into CENTRELINE values (993, 992, NULL, NULL, NULL, 0.00, 0.00, 0.00);
 insert into CENTRELINE values (994, 992, NULL, '2024-04-22', NULL, 1996.38, 0.00, 0.00);
 insert into PERSON values (8, 'Jo', 'De Welde');
insert into TOPO values (8, 994);
 insert into TOPO values (2, 994);
 insert into TOPO values (3, 994);
 insert into SHOT values (1437, 1430, 1431, 994, 21.431, 286.57, 6.24, 21.751, 288.13, 6.11, 0.670, 348.50, -1.16);
insert into SHOT values (1438, 1432, 1430, 994, 7.837, 194.60, -21.43, 7.780, 195.62, -21.34, 0.142, 305.56, 13.31);
insert into SHOT values (1439, 1433, 1432, 994, 9.979, 248.70, -14.93, 10.001, 249.77, -14.60, 0.190, 327.74, 15.42);
insert into SHOT values (1440, 1434, 1433, 994, 9.503, 301.69, -8.08, 9.651, 302.05, -7.67, 0.174, 322.46, 15.94);
insert into SHOT values (1441, 1435, 1434, 994, 10.967, 328.27, 5.26, 11.157, 327.77, 5.49, 0.217, 300.80, 16.61);
insert into SHOT values (1442, 1436, 1435, 994, 18.761, 256.30, 1.88, 18.750, 257.96, 2.41, 0.572, 349.01, 17.57);
insert into SHOT values (1443, 1437, 1436, 994, 24.761, 255.48, 0.65, 24.685, 257.61, 1.34, 0.969, 351.62, 17.87);
insert into SHOT values (1444, 1438, 1437, 994, 11.610, 282.03, -9.53, 11.730, 282.99, -9.09, 0.244, 337.98, 16.22);
insert into SHOT values (1445, 1439, 1438, 994, 12.117, 271.85, -8.31, 12.196, 272.98, -7.90, 0.266, 341.77, 16.17);
insert into SHOT values (1446, 1440, 1439, 994, 20.944, 233.73, -2.99, 20.911, 235.30, -2.41, 0.609, 326.84, 20.52);
insert into SHOT values (1447, 1441, 1440, 994, 26.089, 227.21, -17.25, 26.064, 227.79, -17.24, 0.252, 322.85, 2.34);
insert into SHOT values (1448, 1442, 1441, 994, 14.130, 140.86, -23.04, 13.346, 141.20, -23.66, 0.801, 315.44, 12.55);
insert into SHOT values (1449, 1443, 1442, 994, 6.767, 69.54, 2.07, 6.767, 69.54, 2.07, 0.000, 180.73, -0.02);
insert into SHOT values (1450, 1444, 1443, 994, 7.662, 133.87, 1.45, 7.662, 133.87, 1.44, 0.000, 176.67, -0.01);
insert into SHOT values (1451, 1445, 1444, 994, 12.201, 91.50, 9.03, 12.201, 91.50, 9.03, 0.000, 179.57, -0.01);
insert into SHOT values (1452, 1446, 1445, 994, 16.568, 134.38, 8.56, 16.568, 134.38, 8.56, 0.000, 356.53, 0.00);
insert into SHOT values (1453, 1447, 1446, 994, 12.714, 95.52, -16.55, 12.714, 95.52, -16.55, 0.000, 3.62, 0.01);
insert into SHOT values (1454, 1448, 1442, 994, 10.232, 162.44, -13.22, 9.868, 164.23, -13.09, 0.476, 302.05, 12.77);
insert into SHOT values (1455, 1449, 1448, 994, 10.344, 121.07, -26.29, 9.893, 119.64, -26.96, 0.518, 326.67, 10.82);
insert into SHOT values (1456, 1450, 1449, 994, 12.861, 121.06, 16.07, 12.337, 119.28, 17.54, 0.720, 332.32, 12.55);
insert into SHOT values (1457, 1451, 1450, 994, 16.531, 136.29, 8.29, 15.632, 136.15, 9.75, 0.988, 318.54, 15.42);
insert into SHOT values (1458, 1452, 1451, 994, 16.493, 182.52, 20.12, 16.298, 186.27, 21.27, 1.076, 290.95, 12.87);
insert into SHOT values (1459, 1453, 1452, 994, 15.678, 263.12, -5.76, 15.745, 267.26, -4.86, 1.158, 350.64, 11.94);
insert into SHOT values (1460, 1454, 1453, 994, 15.670, 235.04, 1.06, 15.572, 238.42, 1.96, 0.957, 333.17, 14.61);
insert into SHOT values (1461, 1455, 1454, 994, 18.291, 266.06, -19.75, 18.485, 270.84, -18.58, 1.509, 346.50, 11.18);
insert into SHOT values (1462, 1456, 1455, 994, 16.368, 246.34, 6.29, 16.296, 250.24, 7.24, 1.139, 343.62, 13.19);
insert into SHOT values (1463, 1457, 1456, 994, 19.552, 258.84, 11.11, 19.648, 263.85, 12.12, 1.716, 350.50, 12.04);
insert into SHOT values (1464, 1458, 1457, 994, 17.031, 245.55, 0.42, 16.899, 249.51, 1.38, 1.215, 344.14, 13.48);
insert into SHOT values (1465, 1458, 1459, 994, 8.304, 185.66, 5.53, 8.471, 183.56, 4.91, 0.360, 124.23, -12.00);
insert into SHOT values (1466, 1459, 1460, 994, 0.000, 6.25, 0.00, 0.064, 140.29, -9.29, 0.064, 140.29, -9.29);
insert into SHOT values (1467, 1461, 1452, 994, 10.987, 39.02, -5.24, 10.983, 38.70, -5.19, 0.062, 306.40, 9.21);
insert into SHOT values (1468, 1462, 1461, 994, 7.868, 100.82, 23.75, 7.841, 100.62, 23.88, 0.041, 319.21, 7.22);
insert into SHOT values (1469, 1463, 1462, 994, 15.264, 200.48, 2.04, 15.275, 200.91, 2.10, 0.117, 285.78, 9.07);
insert into SHOT values (1470, 1464, 1463, 994, 12.565, 265.68, -13.10, 12.584, 266.04, -13.03, 0.081, 339.83, 8.72);
insert into SHOT values (1471, 1452, 1465, 994, 8.749, 26.02, 0.58, 8.753, 25.71, 0.62, 0.047, 300.81, 8.07);
insert into SHOT values (1472, 1465, 1464, 994, 0.000, 6.25, 0.00, 0.007, 312.10, 6.32, 0.007, 312.10, 6.32);
insert into SHOT values (1473, 1466, 1462, 994, 10.638, 2.02, 11.22, 10.638, 2.02, 11.22, 0.000, 182.62, -0.01);
insert into SHOT values (1474, 1467, 1466, 994, 22.074, 86.57, 16.96, 22.074, 86.57, 16.96, 0.000, 171.82, -0.00);
insert into SHOT values (1475, 1468, 1467, 994, 12.839, 337.06, -0.74, 12.839, 337.06, -0.74, 0.000, 179.36, -0.00);
insert into SHOT values (1476, 1469, 1468, 994, 5.650, 1.36, 2.44, 5.650, 1.36, 2.44, 0.000, 142.55, 0.09);
insert into SHOT values (1477, 1470, 1469, 994, 22.763, 323.38, 13.80, 22.763, 323.38, 13.80, 0.000, 17.49, -0.02);
insert into SHOT values (1478, 1471, 1470, 994, 9.686, 357.01, -0.19, 9.686, 357.01, -0.19, 0.000, 157.12, 0.01);
insert into SHOT values (1479, 1472, 1441, 994, 13.468, 341.73, -6.72, 13.518, 341.47, -6.68, 0.078, 292.33, 2.26);
insert into SHOT values (1480, 1473, 1472, 994, 6.629, 33.10, 17.82, 6.637, 32.83, 17.81, 0.031, 318.45, 1.59);
insert into SHOT values (1481, 1474, 1473, 994, 10.388, 335.70, 12.89, 10.432, 335.55, 12.85, 0.052, 304.69, 2.05);
insert into SHOT values (1482, 1475, 1474, 994, 10.867, 294.05, -8.27, 10.911, 294.27, -8.23, 0.061, 336.11, 1.95);
insert into SHOT values (1483, 1476, 1475, 994, 9.878, 279.36, -9.71, 9.905, 279.63, -9.67, 0.055, 338.85, 1.80);
insert into SHOT values (1484, 1477, 1476, 994, 4.439, 306.65, 4.56, 4.462, 306.70, 4.54, 0.023, 317.02, 1.22);
insert into SHOT values (1485, 1478, 1477, 994, 8.517, 101.13, -19.52, 8.517, 101.13, -19.52, 0.000, 194.86, -0.03);
insert into SHOT values (1486, 1479, 1477, 994, 5.052, 319.59, 17.99, 5.052, 319.59, 17.99, 0.000, 7.60, -0.01);
insert into SHOT values (1487, 1480, 1479, 994, 4.706, 306.84, 15.95, 4.706, 306.84, 15.95, 0.000, 169.09, 0.01);
insert into SHOT values (1488, 1481, 1477, 994, 4.851, 14.16, 19.61, 4.867, 13.93, 19.55, 0.025, 326.59, 1.32);
insert into SHOT values (1489, 1482, 1481, 994, 14.591, 66.86, 15.39, 14.596, 66.45, 15.40, 0.100, 339.28, 1.96);
insert into SHOT values (1490, 1483, 1482, 994, 14.140, 76.05, 9.33, 14.140, 75.64, 9.34, 0.100, 345.81, 1.92);
insert into SHOT values (1491, 1484, 1483, 994, 7.834, 322.31, -1.25, 8.107, 321.31, -0.64, 0.318, 294.99, 14.54);
insert into SHOT values (1492, 1485, 1484, 994, 10.977, 290.65, -4.71, 11.303, 291.56, -3.84, 0.408, 318.84, 20.73);
insert into SHOT values (1493, 1483, 1486, 994, 11.197, 320.47, 3.81, 11.141, 320.50, 3.82, 0.057, 134.41, -2.23);
insert into SHOT values (1494, 1486, 1487, 994, 4.373, 24.46, 21.57, 4.361, 24.74, 21.62, 0.023, 147.01, -1.27);
insert into SHOT values (1495, 1487, 1488, 994, 3.107, 1.60, 6.42, 3.086, 1.76, 6.46, 0.023, 158.32, -0.85);
insert into SHOT values (1496, 1488, 1489, 994, 8.198, 35.76, -0.72, 8.192, 36.03, -0.73, 0.038, 134.81, -1.90);
insert into SHOT values (1497, 1489, 1490, 994, 21.815, 300.76, -6.86, 21.667, 300.44, -6.92, 0.192, 159.38, -2.32);
insert into SHOT values (1498, 1490, 1440, 994, 0.000, 6.25, 0.00, 0.007, 139.91, -1.46, 0.007, 139.91, -1.46);
insert into SHOT values (1499, 1430, 1491, 994, 12.740, 136.35, -4.38, 12.976, 136.28, -4.28, 0.237, 132.45, 1.22);
insert into SHOT values (1500, 1491, 1492, 994, 23.574, 156.87, -1.86, 23.554, 156.73, -1.80, 0.065, 48.91, 20.59);
insert into SHOT values (1501, 1492, 1493, 994, 20.414, 205.16, 0.61, 20.367, 205.12, 0.67, 0.053, 43.06, 19.22);
insert into SHOT values (1502, 1491, 1494, 994, 11.266, 279.85, -0.77, 11.266, 279.85, -0.76, 0.000, 9.14, 0.02);
insert into SHOT values (1503, 1494, 1495, 994, 20.502, 263.77, -1.72, 20.502, 263.77, -1.72, 0.000, 189.31, -0.01);
insert into SHOT values (1504, 1495, 1496, 994, 12.339, 248.49, -6.33, 12.339, 248.49, -6.34, 0.000, 354.00, -0.01);
insert into SHOT values (1505, 1491, 1497, 994, 19.128, 109.68, -2.07, 19.158, 110.00, -2.11, 0.110, 184.09, -7.97);
insert into SHOT values (1506, 1497, 1498, 994, 26.332, 109.50, 8.97, 26.383, 109.93, 8.89, 0.204, 183.72, -7.89);
insert into SHOT values (1507, 1498, 1499, 994, 22.820, 154.54, 1.70, 22.840, 154.68, 1.65, 0.064, 224.11, -19.72);
insert into SHOT values (1508, 1499, 1500, 994, 18.610, 129.54, -5.46, 18.646, 129.75, -5.49, 0.077, 192.45, -10.72);
insert into SHOT values (1509, 1500, 1501, 994, 0.000, 6.25, 0.00, 0.006, 311.37, 43.03, 0.006, 311.37, 43.03);
insert into SHOT values (1510, 1493, 1502, 994, 37.657, 88.19, 1.43, 37.680, 87.49, 1.52, 0.463, 0.55, 7.21);
insert into SHOT values (1511, 1502, 1500, 994, 29.924, 109.11, 3.28, 29.854, 108.62, 3.36, 0.265, 2.91, 7.98);
insert into SHOT values (1512, 1500, 1503, 994, 14.722, 129.67, 4.98, 14.722, 129.67, 4.98, 0.000, 177.62, 0.01);
insert into SHOT values (1513, 1503, 1504, 994, 20.872, 111.53, -1.30, 20.872, 111.53, -1.30, 0.000, 14.35, 0.01);
insert into SHOT values (1514, 1504, 1505, 994, 15.688, 91.28, -0.15, 15.672, 89.89, 0.03, 0.383, 358.18, 7.59);
insert into SHOT values (1515, 1505, 1506, 994, 15.388, 88.54, 4.22, 15.393, 87.18, 4.40, 0.368, 358.03, 7.58);
insert into SHOT values (1516, 1506, 1507, 994, 9.024, 129.84, 4.53, 8.944, 129.38, 4.69, 0.110, 350.70, 9.48);
insert into SHOT values (1517, 1507, 1508, 994, 5.575, 209.41, 4.70, 5.526, 209.85, 4.83, 0.066, 349.72, 7.24);
insert into SHOT values (1518, 1508, 1509, 994, 9.452, 192.97, -9.33, 9.385, 193.23, -9.28, 0.079, 339.93, 14.16);
insert into SHOT values (1519, 1509, 1510, 994, 4.705, 227.15, 1.68, 4.675, 227.74, 1.77, 0.057, 349.27, 6.50);
insert into SHOT values (1520, 1510, 1511, 994, 8.023, 262.72, -8.62, 8.020, 263.51, -8.52, 0.111, 353.48, 7.59);
insert into SHOT values (1521, 1511, 1512, 994, 10.726, 282.78, 0.78, 10.780, 283.70, 0.90, 0.182, 355.84, 7.82);
insert into SHOT values (1522, 1512, 1513, 994, 6.447, 264.43, -1.64, 6.452, 265.13, -1.55, 0.079, 351.16, 7.52);
insert into SHOT values (1523, 1513, 1514, 994, 6.486, 301.87, -0.04, 6.536, 302.37, 0.05, 0.076, 350.32, 7.86);
insert into SHOT values (1524, 1514, 1515, 994, 14.500, 339.58, 2.33, 14.612, 339.51, 2.49, 0.120, 330.61, 21.31);
insert into SHOT values (1525, 1515, 1516, 994, 6.799, 59.65, -4.04, 6.827, 59.02, -3.92, 0.081, 350.71, 7.96);
insert into SHOT values (1526, 1516, 1504, 994, 0.000, 6.25, 0.00, 0.017, 349.48, 7.47, 0.017, 349.48, 7.47);
insert into SHOT values (1527, 1506, 1517, 994, 9.431, 31.43, 10.92, 9.431, 31.43, 10.92, 0.000, 235.79, -0.13);
insert into SHOT values (1528, 1501, 1518, 994, 13.011, 69.56, 3.78, 13.014, 69.35, 4.08, 0.084, 336.95, 55.02);
insert into SHOT values (1529, 1518, 1519, 994, 16.382, 66.54, 6.05, 16.396, 66.29, 6.42, 0.128, 338.37, 56.40);
insert into SHOT values (1530, 1519, 1520, 994, 13.298, 65.92, 18.63, 13.301, 64.62, 19.00, 0.297, 330.35, 16.10);
insert into SHOT values (1531, 1520, 1521, 994, 7.833, 94.66, -5.73, 7.747, 93.87, -5.54, 0.138, 326.25, 14.35);
insert into SHOT values (1532, 1521, 1522, 994, 18.932, 44.02, -0.90, 18.914, 42.59, -0.37, 0.504, 311.34, 20.41);
insert into SHOT values (1533, 1522, 1485, 994, 8.809, 105.92, 12.73, 8.705, 105.23, 13.16, 0.160, 326.94, 14.86);
insert into SHOT values (1534, 1485, 1523, 994, 13.423, 97.71, 2.81, 13.691, 99.45, 1.87, 0.539, 154.69, -22.95);
insert into SHOT values (1535, 1523, 1524, 994, 5.490, 212.18, 1.43, 5.490, 212.18, 1.43, 0.000, 354.39, -0.01);
insert into SHOT values (1536, 1524, 1525, 994, 9.649, 137.37, -1.18, 9.649, 137.37, -1.18, 0.000, 251.54, 0.04);
insert into SHOT values (1537, 1525, 1526, 994, 9.138, 142.15, -12.58, 9.138, 142.15, -12.58, 0.000, 353.91, -0.00);
insert into SHOT values (1538, 1523, 1527, 994, 15.229, 99.13, 9.93, 15.536, 101.04, 8.76, 0.671, 155.05, -22.93);
insert into SHOT values (1539, 1527, 1528, 994, 13.987, 36.37, 16.21, 14.132, 39.33, 15.14, 0.763, 111.14, -16.27);
insert into SHOT values (1540, 1528, 1529, 994, 7.553, 126.49, -12.62, 7.841, 126.27, -12.70, 0.289, 120.41, -14.75);
insert into SHOT values (1541, 1529, 1530, 994, 16.889, 78.30, 1.20, 17.003, 80.71, 0.09, 0.795, 160.19, -24.26);
insert into SHOT values (1542, 1530, 1531, 994, 19.617, 60.60, 4.96, 19.759, 63.32, 3.67, 1.044, 141.32, -24.53);
insert into SHOT values (1543, 1531, 1532, 994, 22.152, 10.52, 3.48, 22.488, 16.10, 2.02, 2.268, 93.82, -14.07);
insert into SHOT values (1544, 1532, 1533, 994, 12.076, 55.71, 4.48, 12.209, 57.79, 3.62, 0.495, 128.49, -20.37);
insert into SHOT values (1545, 1533, 1534, 994, 11.035, 61.86, 2.56, 10.979, 61.99, 2.68, 0.065, 218.62, 17.15);
insert into SHOT values (1546, 1534, 1535, 994, 29.802, 69.46, 6.49, 29.608, 70.01, 6.79, 0.377, 196.24, 19.94);
insert into SHOT values (1547, 1535, 1536, 994, 19.880, 13.27, 1.61, 19.803, 12.62, 1.79, 0.244, 263.41, 13.92);
insert into SHOT values (1548, 1536, 1537, 994, 12.332, 339.52, 2.88, 12.341, 339.08, 2.99, 0.097, 254.35, 14.10);
insert into SHOT values (1549, 1537, 1538, 994, 10.672, 327.65, -3.36, 10.680, 327.28, -3.26, 0.071, 244.92, 14.79);
insert into SHOT values (1550, 1538, 1539, 994, 8.172, 309.13, -10.24, 8.180, 308.81, -10.15, 0.046, 231.93, 13.87);
insert into SHOT values (1551, 1539, 1540, 994, 15.900, 275.36, -1.29, 15.917, 274.95, -1.15, 0.122, 193.92, 18.21);
insert into SHOT values (1552, 1540, 1541, 994, 15.469, 49.07, -1.66, 15.469, 49.07, -1.66, 0.000, 1.54, -0.01);
insert into SHOT values (1553, 1541, 1542, 994, 6.281, 17.19, -0.47, 6.345, 16.96, -0.53, 0.069, 355.24, -5.99);
insert into SHOT values (1554, 1542, 1543, 994, 5.064, 101.34, 22.98, 5.048, 100.70, 22.99, 0.055, 354.72, -5.68);
insert into SHOT values (1555, 1543, 1544, 994, 7.808, 87.70, -3.77, 7.809, 86.88, -3.85, 0.112, 357.39, -5.30);
insert into SHOT values (1556, 1544, 1545, 994, 6.071, 119.40, -2.20, 6.032, 118.83, -2.28, 0.073, 355.95, -5.39);
insert into SHOT values (1557, 1545, 1546, 994, 5.576, 215.84, -10.40, 5.527, 216.30, -10.56, 0.067, 355.84, -5.14);
insert into SHOT values (1558, 1546, 1547, 994, 5.871, 294.84, 2.17, 5.905, 295.44, 2.09, 0.070, 355.86, -5.32);
insert into SHOT values (1559, 1547, 1548, 994, 10.985, 264.26, -1.73, 10.972, 265.31, -1.83, 0.203, 358.55, -5.33);
insert into SHOT values (1560, 1548, 1541, 994, 0.000, 6.25, 0.00, 0.017, 355.76, -5.28, 0.017, 355.76, -5.28);
insert into SHOT values (1561, 1540, 1549, 994, 12.451, 272.95, -1.00, 12.474, 272.62, -0.89, 0.080, 200.67, 17.51);
insert into SHOT values (1562, 1549, 1550, 994, 16.140, 271.67, -1.74, 16.163, 271.25, -1.59, 0.126, 193.01, 18.16);
insert into SHOT values (1563, 1550, 1551, 994, 8.253, 295.89, -11.30, 8.266, 295.59, -11.20, 0.046, 225.89, 14.23);
insert into SHOT values (1564, 1551, 1552, 994, 6.255, 314.22, 12.23, 6.528, 314.48, 12.13, 0.275, 320.36, 9.82);
insert into SHOT values (1565, 1552, 1460, 994, 25.314, 309.84, -6.34, 27.244, 311.26, -4.61, 2.185, 328.52, 16.11);
insert into SHOT values (1566, 1551, 1553, 994, 19.342, 220.82, -0.89, 19.498, 220.98, -0.72, 0.176, 240.74, 18.46);
insert into SHOT values (1567, 1553, 1554, 994, 17.566, 179.56, -2.00, 17.583, 180.19, -1.85, 0.200, 264.40, 13.31);
insert into SHOT values (1568, 1554, 1555, 994, 20.457, 186.78, 24.40, 21.014, 187.02, 23.11, 0.732, 193.42, -16.18);
insert into SHOT values (1569, 1555, 1556, 994, 3.754, 134.62, 23.47, 3.846, 136.65, 22.62, 0.165, 184.82, -5.48);
insert into SHOT values (1570, 1556, 1557, 994, 4.749, 191.60, -27.54, 4.946, 191.21, -26.62, 0.214, 183.56, -5.37);
insert into SHOT values (1571, 1557, 1558, 994, 3.310, 138.34, 37.82, 3.381, 140.54, 36.53, 0.146, 184.47, -6.65);
insert into SHOT values (1572, 1558, 1559, 994, 11.463, 205.07, 11.44, 11.764, 204.61, 10.76, 0.344, 188.89, -13.06);
insert into SHOT values (1573, 1559, 1560, 994, 3.113, 229.66, 15.04, 3.044, 226.72, 14.91, 0.168, 115.20, -8.39);
insert into SHOT values (1574, 1560, 1561, 994, 8.912, 243.43, -20.26, 8.804, 241.41, -21.17, 0.342, 125.04, -15.88);
insert into SHOT values (1575, 1561, 1562, 994, 7.883, 257.12, 3.97, 7.719, 255.54, 3.46, 0.279, 129.67, -16.75);
insert into SHOT values (1576, 1562, 1563, 994, 10.953, 276.92, -3.13, 10.725, 275.41, -3.96, 0.398, 146.36, -21.22);
insert into SHOT values (1577, 1563, 1564, 994, 5.962, 278.62, 5.46, 5.745, 277.82, 5.15, 0.233, 119.03, -12.69);
insert into SHOT values (1578, 1564, 1565, 994, 1.152, 179.24, 4.93, 1.256, 176.76, 3.89, 0.119, 151.89, -6.68);
insert into SHOT values (1579, 1565, 1566, 994, 6.481, 269.17, -27.42, 6.318, 267.94, -28.77, 0.253, 117.92, -12.83);
insert into SHOT values (1580, 1566, 1567, 994, 3.303, 143.07, -23.99, 3.443, 142.10, -23.46, 0.153, 122.25, -10.59);
insert into SHOT values (1581, 1567, 1568, 994, 6.403, 245.13, -63.01, 6.394, 241.94, -64.19, 0.206, 115.86, -14.07);
insert into SHOT values (1582, 1568, 1477, 994, 0.000, 6.25, 0.00, 0.057, 117.82, -12.17, 0.057, 117.82, -12.17);
insert into SHOT values (1583, 1559, 1569, 994, 8.929, 45.86, -12.04, 8.689, 47.39, -12.72, 0.349, 184.70, -8.19);
insert into SHOT values (1584, 1569, 1570, 994, 10.899, 92.55, 0.17, 10.929, 95.95, -0.21, 0.653, 181.63, -6.40);
insert into SHOT values (1585, 1570, 1571, 994, 28.166, 80.62, -19.06, 27.905, 88.67, -20.13, 3.755, 181.12, -6.20);
insert into SHOT values (1586, 1571, 1533, 994, 0.000, 6.25, 0.00, 0.055, 184.78, -6.38, 0.055, 184.78, -6.38);
insert into SHOT values (1587, 1572, 1554, 994, 0.000, 6.25, 0.00, 0.055, 184.78, -6.38, 0.055, 184.78, -6.38);
insert into SHOT values (1588, 1572, 1573, 994, 15.548, 117.59, 5.04, 15.145, 114.02, 5.71, 1.049, 2.09, 7.72);
insert into SHOT values (1589, 1573, 1574, 994, 21.851, 125.81, -3.83, 20.966, 121.93, -3.25, 1.708, 2.81, 9.20);
insert into SHOT values (1590, 1574, 1575, 994, 2.984, 167.80, 15.20, 2.795, 166.68, 16.51, 0.208, 2.38, 3.33);
insert into SHOT values (1591, 1575, 1576, 994, 11.878, 160.80, -2.84, 11.631, 160.07, -2.48, 0.298, 11.86, 16.60);
insert into SHOT values (1592, 1576, 1533, 994, 4.521, 132.81, -6.08, 4.408, 130.89, -6.01, 0.187, 4.91, 5.43);
insert into SHOT values (1593, 1519, 1577, 994, 19.260, 339.07, 9.09, 19.345, 338.81, 9.48, 0.179, 284.32, 53.23);
insert into SHOT values (1594, 1577, 1578, 994, 21.589, 297.72, -3.02, 21.667, 297.91, -2.52, 0.215, 337.64, 58.35);
insert into SHOT values (1595, 1578, 1579, 994, 10.885, 251.62, -3.30, 10.887, 251.81, -3.03, 0.062, 333.64, 53.54);
insert into SHOT values (1596, 1579, 1580, 994, 12.980, 266.20, -7.08, 12.983, 266.42, -6.78, 0.085, 343.05, 53.47);
insert into SHOT values (1597, 1580, 1497, 994, 27.773, 283.53, -12.74, 27.796, 283.91, -12.13, 0.351, 348.25, 54.84);
insert into SHOT values (1598, 1430, 1581, 994, 3.676, 203.36, 26.37, 3.676, 203.36, 26.37, 0.000, 355.73, -0.01);
insert into SHOT values (1599, 1430, 1582, 994, 3.887, 326.58, 59.85, 3.887, 326.58, 59.85, 0.000, 106.72, -0.02);
insert into SHOT values (1600, 1430, 1583, 994, 7.970, 58.08, 26.49, 7.970, 58.08, 26.49, 0.000, 358.41, -0.01);
insert into SHOT values (1601, 1430, 1584, 994, 8.727, 10.91, 20.95, 8.727, 10.91, 20.95, 0.000, 168.40, -0.04);
insert into SHOT values (1602, 1430, 1585, 994, 7.686, 273.72, 5.27, 7.686, 273.72, 5.27, 0.000, 176.44, 0.01);
insert into SHOT values (1603, 1430, 1586, 994, 4.775, 174.78, 16.20, 4.775, 174.78, 16.20, 0.000, 4.78, 0.02);
insert into SHOT values (1604, 1430, 1587, 994, 3.407, 218.26, 21.74, 3.407, 218.26, 21.74, 0.000, 7.17, 0.01);
insert into SHOT values (1605, 1430, 1588, 994, 4.903, 220.03, 21.74, 4.903, 220.03, 21.74, 0.000, 176.03, 0.00);
insert into SHOT values (1606, 1430, 1589, 994, 10.138, 126.93, -1.04, 10.138, 126.93, -1.04, 0.000, 10.30, 0.01);
insert into SHOT values (1607, 1430, 1590, 994, 7.660, 100.29, 8.00, 7.660, 100.29, 8.00, 0.000, 7.34, -0.01);
insert into SHOT values (1608, 1430, 1591, 994, 6.314, 64.44, 23.34, 6.314, 64.44, 23.34, 0.000, 189.52, 0.00);
insert into SHOT values (1609, 1430, 1592, 994, 3.841, 135.88, 32.93, 3.841, 135.88, 32.93, 0.000, 7.53, 0.00);
insert into SHOT values (1610, 1430, 1593, 994, 0.696, 96.90, -30.68, 0.696, 96.90, -30.69, 0.000, 352.66, 0.01);
insert into SHOT values (1611, 1432, 1594, 994, 5.453, 135.85, 7.44, 5.453, 135.85, 7.44, 0.000, 3.13, -0.00);
insert into SHOT values (1612, 1432, 1595, 994, 0.862, 309.38, 88.32, 0.862, 309.38, 88.32, 0.000, 305.90, -0.03);
insert into SHOT values (1613, 1432, 1596, 994, 1.099, 336.06, 16.55, 1.099, 336.06, 16.55, 0.000, 193.37, -0.01);
insert into SHOT values (1614, 1432, 1597, 994, 0.840, 322.68, 85.62, 0.840, 322.68, 85.62, 0.000, 2.43, 0.01);
insert into SHOT values (1615, 1433, 1598, 994, 7.557, 27.34, 11.72, 7.557, 27.34, 11.72, 0.000, 11.03, 0.02);
insert into SHOT values (1616, 1433, 1599, 994, 2.515, 97.86, 15.98, 2.515, 97.86, 15.98, 0.000, 23.27, 0.03);
insert into SHOT values (1617, 1434, 1600, 994, 8.928, 45.36, 21.58, 8.928, 45.36, 21.58, 0.000, 176.32, -0.00);
insert into SHOT values (1618, 1434, 1601, 994, 2.113, 345.73, 65.01, 2.113, 345.73, 65.01, 0.000, 2.34, -0.00);
insert into SHOT values (1619, 1434, 1602, 994, 6.691, 208.35, 0.65, 6.691, 208.35, 0.65, 0.000, 180.46, -0.00);
insert into SHOT values (1620, 1435, 1603, 994, 2.240, 204.20, 1.78, 2.240, 204.20, 1.78, 0.000, 202.86, 0.04);
insert into SHOT values (1621, 1435, 1604, 994, 12.818, 30.29, 13.90, 12.818, 30.29, 13.90, 0.000, 179.37, -0.00);
insert into SHOT values (1622, 1435, 1605, 994, 2.052, 31.63, 63.55, 2.052, 31.63, 63.55, 0.000, 181.85, -0.01);
insert into SHOT values (1623, 1435, 1606, 994, 0.907, 32.46, -67.76, 0.907, 32.46, -67.76, 0.000, 15.23, 0.00);
insert into SHOT values (1624, 1435, 1607, 994, 3.732, 134.42, 4.11, 3.732, 134.42, 4.11, 0.000, 0.86, 0.10);
insert into SHOT values (1625, 1435, 1608, 994, 8.885, 109.67, 4.48, 8.885, 109.67, 4.48, 0.000, 359.20, -0.01);
insert into SHOT values (1626, 1435, 1609, 994, 11.748, 99.39, 5.68, 11.748, 99.39, 5.68, 0.000, 178.06, 0.01);
insert into SHOT values (1627, 1435, 1610, 994, 17.227, 50.42, 11.68, 17.227, 50.42, 11.68, 0.000, 355.71, 0.00);
insert into SHOT values (1628, 1436, 1611, 994, 10.053, 348.12, 19.21, 10.053, 348.12, 19.21, 0.000, 348.73, -0.01);
insert into SHOT values (1629, 1436, 1612, 994, 3.720, 327.64, 75.59, 3.720, 327.64, 75.59, 0.000, 183.36, -0.01);
insert into SHOT values (1630, 1436, 1613, 994, 4.817, 178.51, 5.10, 4.817, 178.51, 5.10, 0.000, 358.33, -0.00);
insert into SHOT values (1631, 1436, 1614, 994, 1.746, 43.44, -81.94, 1.746, 43.44, -81.94, 0.000, 146.31, -0.03);
insert into SHOT values (1632, 1436, 1615, 994, 11.252, 310.67, 21.94, 11.252, 310.67, 21.94, 0.000, 354.40, -0.01);
insert into SHOT values (1633, 1436, 1616, 994, 11.049, 11.06, 11.82, 11.049, 11.06, 11.82, 0.000, 183.71, -0.01);
insert into SHOT values (1634, 1436, 1617, 994, 19.617, 33.12, 5.07, 19.617, 33.12, 5.07, 0.000, 172.17, -0.01);
insert into SHOT values (1635, 1436, 1618, 994, 14.075, 90.66, 3.87, 14.075, 90.66, 3.87, 0.000, 4.80, -0.00);
insert into SHOT values (1636, 1436, 1619, 994, 18.624, 87.12, 2.73, 18.624, 87.12, 2.73, 0.000, 194.81, -0.03);
insert into SHOT values (1637, 1437, 1620, 994, 7.120, 218.75, 20.44, 7.120, 218.75, 20.44, 0.000, 358.37, -0.02);
insert into SHOT values (1638, 1437, 1621, 994, 5.227, 164.70, 24.95, 5.227, 164.70, 24.96, 0.000, 7.30, 0.00);
insert into SHOT values (1639, 1437, 1622, 994, 5.637, 134.15, 19.32, 5.637, 134.15, 19.32, 0.000, 180.54, 0.00);
insert into SHOT values (1640, 1437, 1623, 994, 15.311, 326.77, 0.51, 15.311, 326.77, 0.50, 0.000, 355.41, 0.01);
insert into SHOT values (1641, 1437, 1624, 994, 13.491, 359.34, 1.34, 13.491, 359.34, 1.34, 0.000, 358.37, -0.01);
insert into SHOT values (1642, 1437, 1625, 994, 9.772, 23.38, 2.53, 9.772, 23.38, 2.53, 0.000, 188.65, -0.01);
insert into SHOT values (1643, 1438, 1626, 994, 4.567, 125.33, 76.81, 4.567, 125.33, 76.80, 0.000, 211.09, 0.00);
insert into SHOT values (1644, 1438, 1627, 994, 0.654, 65.29, -71.35, 0.654, 65.29, -71.35, 0.000, 192.65, 0.01);
insert into SHOT values (1645, 1438, 1628, 994, 7.948, 62.59, 8.33, 7.948, 62.59, 8.33, 0.000, 343.10, -0.01);
insert into SHOT values (1646, 1438, 1629, 994, 8.082, 30.68, -1.54, 8.082, 30.68, -1.54, 0.000, 191.28, 0.01);
insert into SHOT values (1647, 1438, 1630, 994, 17.145, 28.59, -6.44, 17.145, 28.59, -6.44, 0.000, 9.59, 0.01);
insert into SHOT values (1648, 1438, 1631, 994, 19.432, 17.05, -4.32, 19.432, 17.05, -4.32, 0.000, 186.10, 0.00);
insert into SHOT values (1649, 1438, 1632, 994, 18.217, 10.59, -3.88, 18.217, 10.59, -3.88, 0.000, 169.71, 0.00);
insert into SHOT values (1650, 1438, 1633, 994, 13.607, 3.97, -4.82, 13.607, 3.97, -4.82, 0.000, 187.86, 0.00);
insert into SHOT values (1651, 1438, 1634, 994, 10.768, 345.91, -7.09, 10.768, 345.91, -7.09, 0.000, 5.74, -0.01);
insert into SHOT values (1652, 1438, 1635, 994, 13.689, 333.20, -5.77, 13.689, 333.20, -5.77, 0.000, 165.64, 0.03);
insert into SHOT values (1653, 1438, 1636, 994, 7.501, 257.21, 11.96, 7.501, 257.21, 11.96, 0.000, 147.84, 0.11);
insert into SHOT values (1654, 1438, 1637, 994, 7.741, 200.86, 20.14, 7.741, 200.86, 20.14, 0.000, 17.75, 0.01);
insert into SHOT values (1655, 1438, 1638, 994, 6.839, 162.26, 26.21, 6.839, 162.26, 26.21, 0.000, 169.77, -0.01);
insert into SHOT values (1656, 1438, 1639, 994, 6.274, 136.09, 28.02, 6.274, 136.09, 28.02, 0.000, 176.93, -0.00);
insert into SHOT values (1657, 1439, 1640, 994, 7.448, 237.34, 7.17, 7.448, 237.34, 7.17, 0.000, 174.16, -0.01);
insert into SHOT values (1658, 1439, 1641, 994, 3.966, 168.09, 14.10, 3.966, 168.09, 14.10, 0.000, 354.94, 0.00);
insert into SHOT values (1659, 1439, 1642, 994, 4.135, 133.39, 10.11, 4.135, 133.39, 10.11, 0.000, 169.80, -0.00);
insert into SHOT values (1660, 1439, 1643, 994, 5.500, 111.52, 6.64, 5.500, 111.52, 6.64, 0.000, 1.44, -0.00);
insert into SHOT values (1661, 1439, 1644, 994, 6.366, 309.02, 4.51, 6.366, 309.02, 4.51, 0.000, 181.12, -0.01);
insert into SHOT values (1662, 1439, 1645, 994, 6.339, 15.32, 3.07, 6.339, 15.32, 3.07, 0.000, 259.53, 0.09);
insert into SHOT values (1663, 1439, 1646, 994, 15.667, 30.86, 2.89, 15.667, 30.86, 2.89, 0.000, 40.26, -0.03);
insert into SHOT values (1664, 1439, 1647, 994, 0.979, 344.94, -57.21, 0.979, 344.94, -57.21, 0.000, 236.98, -0.13);
insert into SHOT values (1665, 1439, 1648, 994, 1.717, 310.03, 76.78, 1.717, 310.03, 76.78, 0.000, 346.53, 0.00);
insert into SHOT values (1666, 1440, 1649, 994, 10.329, 318.10, 5.44, 10.329, 318.10, 5.44, 0.000, 0.02, 0.01);
insert into SHOT values (1667, 1440, 1650, 994, 0.846, 304.75, -56.10, 0.846, 304.75, -56.10, 0.000, 9.22, 0.00);
insert into SHOT values (1668, 1440, 1651, 994, 17.460, 76.24, 85.13, 17.460, 76.24, 85.13, 0.000, 4.23, -0.01);
insert into SHOT values (1669, 1440, 1652, 994, 18.473, 99.96, 84.17, 18.473, 99.96, 84.17, 0.000, 5.32, 0.01);
insert into SHOT values (1670, 1440, 1653, 994, 12.433, 107.22, 11.77, 12.433, 107.22, 11.77, 0.000, 266.14, -0.05);
insert into SHOT values (1671, 1440, 1654, 994, 10.352, 83.50, 18.06, 10.352, 83.50, 18.06, 0.000, 6.57, 0.00);
insert into SHOT values (1672, 1440, 1655, 994, 15.772, 74.25, 18.44, 15.772, 74.25, 18.44, 0.000, 351.64, -0.03);
insert into SHOT values (1673, 1440, 1656, 994, 16.792, 36.16, 17.62, 16.792, 36.16, 17.62, 0.000, 352.19, -0.07);
insert into SHOT values (1674, 1440, 1657, 994, 11.362, 5.42, 16.79, 11.362, 5.42, 16.79, 0.000, 172.73, -0.01);
insert into SHOT values (1675, 1440, 1658, 994, 9.293, 331.95, 7.79, 9.293, 331.95, 7.79, 0.000, 8.72, 0.01);
insert into SHOT values (1676, 1440, 1659, 994, 7.230, 301.94, 2.56, 7.230, 301.94, 2.56, 0.000, 355.94, -0.00);
insert into SHOT values (1677, 1441, 1660, 994, 11.773, 131.55, 25.00, 11.773, 131.55, 25.00, 0.000, 3.79, -0.01);
insert into SHOT values (1678, 1441, 1661, 994, 6.666, 116.76, 27.00, 6.666, 116.76, 27.00, 0.000, 355.22, -0.01);
insert into SHOT values (1679, 1441, 1662, 994, 4.721, 94.93, 29.26, 4.721, 94.93, 29.26, 0.000, 181.72, -0.04);
insert into SHOT values (1680, 1441, 1663, 994, 3.332, 70.09, 30.26, 3.332, 70.09, 30.26, 0.000, 170.77, -0.02);
insert into SHOT values (1681, 1441, 1664, 994, 4.212, 31.07, 22.36, 4.212, 31.07, 22.36, 0.000, 140.27, -0.01);
insert into SHOT values (1682, 1441, 1665, 994, 5.873, 10.77, 25.80, 5.873, 10.77, 25.80, 0.000, 355.74, -0.02);
insert into SHOT values (1683, 1441, 1666, 994, 11.842, 178.07, 0.47, 11.842, 178.07, 0.47, 0.000, 8.56, 0.01);
insert into SHOT values (1684, 1441, 1667, 994, 12.344, 194.88, -10.13, 12.344, 194.88, -10.13, 0.000, 348.92, -0.02);
insert into SHOT values (1685, 1441, 1668, 994, 16.968, 214.17, -11.32, 16.968, 214.17, -11.32, 0.000, 359.20, -0.01);
insert into SHOT values (1686, 1441, 1669, 994, 6.507, 254.79, -18.80, 6.507, 254.79, -18.80, 0.000, 187.46, 0.10);
insert into SHOT values (1687, 1441, 1670, 994, 5.630, 284.13, 4.42, 5.630, 284.13, 4.42, 0.000, 210.63, -0.01);
insert into SHOT values (1688, 1441, 1671, 994, 8.257, 295.30, 15.12, 8.257, 295.30, 15.12, 0.000, 182.66, 0.00);
insert into SHOT values (1689, 1441, 1672, 994, 0.572, 170.56, -87.91, 0.572, 170.56, -87.91, 0.000, 174.41, -0.04);
insert into SHOT values (1690, 1441, 1673, 994, 7.718, 251.55, 69.50, 7.718, 251.55, 69.51, 0.000, 353.75, -0.01);
insert into SHOT values (1691, 1442, 1674, 994, 5.168, 239.02, -2.53, 5.168, 239.02, -2.53, 0.000, 178.60, -0.01);
insert into SHOT values (1692, 1442, 1675, 994, 5.460, 187.21, -7.75, 5.460, 187.21, -7.74, 0.000, 200.80, -0.03);
insert into SHOT values (1693, 1442, 1676, 994, 8.762, 161.82, -23.15, 8.762, 161.82, -23.15, 0.000, 174.99, -0.03);
insert into SHOT values (1694, 1442, 1677, 994, 10.057, 119.34, -6.29, 10.057, 119.34, -6.29, 0.000, 179.62, 0.00);
insert into SHOT values (1695, 1442, 1678, 994, 8.524, 105.85, 5.16, 8.524, 105.85, 5.16, 0.000, 342.91, -0.02);
insert into SHOT values (1696, 1442, 1679, 994, 6.943, 81.52, 11.93, 6.943, 81.52, 11.93, 0.000, 7.17, 0.01);
insert into SHOT values (1697, 1442, 1680, 994, 14.174, 72.57, 42.33, 14.174, 72.57, 42.33, 0.000, 178.90, -0.01);
insert into SHOT values (1698, 1442, 1681, 994, 10.271, 81.63, 46.78, 10.271, 81.63, 46.78, 0.000, 351.79, 0.02);
insert into SHOT values (1699, 1442, 1682, 994, 8.606, 69.75, 24.06, 8.606, 69.75, 24.06, 0.000, 356.42, 0.02);
insert into SHOT values (1700, 1442, 1683, 994, 7.348, 78.38, 30.38, 7.348, 78.38, 30.38, 0.000, 356.46, 0.00);
insert into SHOT values (1701, 1442, 1684, 994, 15.819, 74.53, 50.89, 15.819, 74.53, 50.89, 0.000, 175.20, 0.02);
insert into SHOT values (1702, 1442, 1685, 994, 5.362, 43.45, 19.00, 5.362, 43.45, 19.00, 0.000, 186.54, -0.01);
insert into SHOT values (1703, 1442, 1686, 994, 6.074, 13.70, 21.77, 6.074, 13.70, 21.77, 0.000, 334.84, 0.03);
insert into SHOT values (1704, 1442, 1687, 994, 9.161, 347.64, 20.31, 9.161, 347.64, 20.31, 0.000, 160.36, 0.03);
insert into SHOT values (1705, 1442, 1688, 994, 11.038, 313.43, 26.14, 11.038, 313.43, 26.14, 0.000, 37.78, 0.02);
insert into SHOT values (1706, 1442, 1689, 994, 10.835, 348.44, 28.38, 10.835, 348.44, 28.38, 0.000, 328.29, 0.04);
insert into SHOT values (1707, 1442, 1690, 994, 10.963, 296.41, 30.94, 10.963, 296.41, 30.94, 0.000, 170.48, -0.02);
insert into SHOT values (1708, 1442, 1691, 994, 12.663, 276.98, 30.38, 12.663, 276.98, 30.38, 0.000, 174.85, 0.01);
insert into SHOT values (1709, 1442, 1692, 994, 5.447, 249.83, 10.49, 5.447, 249.83, 10.49, 0.000, 359.46, -0.01);
insert into SHOT values (1710, 1442, 1693, 994, 4.509, 214.43, 12.91, 4.509, 214.43, 12.91, 0.000, 355.32, -0.04);
insert into SHOT values (1711, 1442, 1694, 994, 3.437, 187.06, 12.26, 3.437, 187.06, 12.26, 0.000, 356.25, -0.00);
insert into SHOT values (1712, 1442, 1695, 994, 11.173, 163.61, -3.72, 11.173, 163.61, -3.72, 0.000, 181.43, -0.01);
insert into SHOT values (1713, 1442, 1696, 994, 10.247, 127.28, -3.16, 10.247, 127.28, -3.16, 0.000, 166.50, 0.02);
insert into SHOT values (1714, 1442, 1697, 994, 12.867, 74.03, 70.31, 12.867, 74.03, 70.31, 0.000, 170.09, 0.02);
insert into SHOT values (1715, 1443, 1698, 994, 6.202, 63.17, 68.29, 6.202, 63.17, 68.29, 0.000, 174.82, 0.01);
insert into SHOT values (1716, 1443, 1699, 994, 1.909, 289.14, -66.25, 1.909, 289.14, -66.25, 0.000, 172.23, -0.05);
insert into SHOT values (1717, 1443, 1700, 994, 5.460, 5.84, 10.46, 5.460, 5.84, 10.46, 0.000, 180.54, -0.00);
insert into SHOT values (1718, 1443, 1701, 994, 12.866, 33.14, 67.80, 12.866, 33.14, 67.80, 0.000, 170.61, -0.02);
insert into SHOT values (1719, 1444, 1702, 994, 4.604, 187.22, 2.77, 4.604, 187.22, 2.77, 0.000, 326.86, -0.03);
insert into SHOT values (1720, 1444, 1703, 994, 4.902, 224.82, 66.53, 4.902, 224.82, 66.53, 0.000, 187.01, -0.00);
insert into SHOT values (1721, 1444, 1704, 994, 1.745, 348.56, 14.12, 1.745, 348.56, 14.12, 0.000, 359.28, -0.00);
insert into SHOT values (1722, 1444, 1705, 994, 1.630, 306.29, -52.06, 1.630, 306.29, -52.06, 0.000, 38.77, -0.09);
insert into SHOT values (1723, 1444, 1706, 994, 4.928, 243.41, 56.77, 4.928, 243.41, 56.77, 0.000, 1.37, 0.01);
insert into SHOT values (1724, 1445, 1707, 994, 3.061, 195.79, 5.83, 3.061, 195.79, 5.83, 0.000, 6.81, 0.01);
insert into SHOT values (1725, 1445, 1708, 994, 3.791, 34.37, 0.63, 3.791, 34.37, 0.63, 0.000, 174.92, 0.01);
insert into SHOT values (1726, 1445, 1709, 994, 1.076, 341.22, -62.25, 1.076, 341.22, -62.25, 0.000, 183.84, 0.01);
insert into SHOT values (1727, 1445, 1710, 994, 4.915, 163.61, 5.33, 4.915, 163.61, 5.33, 0.000, 193.35, -0.03);
insert into SHOT values (1728, 1445, 1711, 994, 2.758, 243.55, 14.11, 2.758, 243.55, 14.11, 0.000, 181.73, -0.00);
insert into SHOT values (1729, 1445, 1712, 994, 4.187, 60.48, 8.60, 4.187, 60.48, 8.60, 0.000, 184.36, 0.01);
insert into SHOT values (1730, 1445, 1713, 994, 5.295, 4.63, 1.47, 5.295, 4.63, 1.47, 0.000, 177.55, -0.01);
insert into SHOT values (1731, 1445, 1714, 994, 9.633, 109.85, 77.36, 9.633, 109.85, 77.36, 0.000, 175.96, -0.03);
insert into SHOT values (1732, 1445, 1715, 994, 16.592, 134.39, 8.55, 16.592, 134.39, 8.55, 0.000, 175.89, 0.01);
insert into SHOT values (1733, 1445, 1716, 994, 3.122, 191.66, 17.44, 3.122, 191.66, 17.44, 0.000, 350.25, -0.01);
insert into SHOT values (1734, 1445, 1717, 994, 14.433, 240.41, 74.56, 14.433, 240.41, 74.56, 0.000, 185.76, 0.01);
insert into SHOT values (1735, 1445, 1718, 994, 1.122, 29.97, 3.33, 1.122, 29.97, 3.33, 0.000, 186.97, -0.01);
insert into SHOT values (1736, 1445, 1719, 994, 3.615, 95.57, 11.60, 3.615, 95.57, 11.60, 0.000, 9.94, 0.01);
insert into SHOT values (1737, 1445, 1720, 994, 6.222, 104.74, 11.47, 6.222, 104.74, 11.47, 0.000, 14.94, 0.02);
insert into SHOT values (1738, 1445, 1721, 994, 15.263, 120.09, 10.17, 15.263, 120.09, 10.17, 0.000, 239.67, 0.18);
insert into SHOT values (1739, 1445, 1722, 994, 21.943, 136.43, 8.34, 21.943, 136.43, 8.34, 0.000, 5.62, -0.01);
insert into SHOT values (1740, 1445, 1723, 994, 16.735, 121.32, 10.85, 16.735, 121.32, 10.85, 0.000, 6.57, 0.13);
insert into SHOT values (1741, 1446, 1724, 994, 1.125, 28.03, 9.53, 1.125, 28.03, 9.53, 0.000, 359.36, -0.03);
insert into SHOT values (1742, 1446, 1725, 994, 2.753, 95.43, 13.30, 2.753, 95.43, 13.30, 0.000, 9.87, 0.00);
insert into SHOT values (1743, 1446, 1726, 994, 6.011, 101.40, 12.86, 6.011, 101.40, 12.86, 0.000, 182.44, -0.00);
insert into SHOT values (1744, 1446, 1727, 994, 15.290, 118.75, 11.53, 15.290, 118.75, 11.53, 0.000, 28.55, 0.13);
insert into SHOT values (1745, 1446, 1728, 994, 6.513, 155.93, 5.99, 6.513, 155.93, 5.99, 0.000, 2.41, -0.01);
insert into SHOT values (1746, 1446, 1729, 994, 3.235, 216.08, 11.51, 3.235, 216.08, 11.51, 0.000, 220.68, 0.24);
insert into SHOT values (1747, 1446, 1730, 994, 5.600, 237.48, 15.51, 5.600, 237.48, 15.51, 0.000, 91.20, -0.14);
insert into SHOT values (1748, 1446, 1731, 994, 14.321, 238.33, 74.29, 14.321, 238.33, 74.29, 0.000, 189.55, -0.02);
insert into SHOT values (1749, 1446, 1732, 994, 7.115, 253.03, 17.69, 7.115, 253.03, 17.69, 0.000, 353.91, 0.01);
insert into SHOT values (1750, 1446, 1733, 994, 7.762, 286.81, 13.05, 7.762, 286.81, 13.05, 0.000, 8.36, -0.01);
insert into SHOT values (1751, 1446, 1734, 994, 2.070, 298.89, 8.99, 2.070, 298.89, 8.99, 0.000, 165.01, 0.01);
insert into SHOT values (1752, 1447, 1735, 994, 9.155, 327.43, -77.68, 9.155, 327.43, -77.68, 0.000, 3.95, -0.00);
insert into SHOT values (1753, 1447, 1736, 994, 9.125, 326.71, -77.61, 9.125, 326.71, -77.61, 0.000, 173.59, -0.01);
insert into SHOT values (1754, 1447, 1737, 994, 1.100, 65.21, -6.19, 1.100, 65.21, -6.19, 0.000, 357.64, -0.01);
insert into SHOT values (1755, 1447, 1738, 994, 7.197, 116.67, 10.87, 7.197, 116.67, 10.87, 0.000, 357.73, -0.01);
insert into SHOT values (1756, 1447, 1739, 994, 0.853, 199.02, 18.01, 0.853, 199.02, 18.01, 0.000, 183.07, -0.01);
insert into SHOT values (1757, 1447, 1740, 994, 2.424, 150.30, 31.86, 2.424, 150.30, 31.85, 0.000, 133.27, -0.07);
insert into SHOT values (1758, 1447, 1741, 994, 3.052, 61.65, 6.24, 3.052, 61.65, 6.24, 0.000, 178.89, 0.00);
insert into SHOT values (1759, 1447, 1742, 994, 3.028, 14.86, 5.71, 3.028, 14.86, 5.71, 0.000, 176.27, 0.01);
insert into SHOT values (1760, 1447, 1743, 994, 5.155, 297.24, 3.71, 5.155, 297.24, 3.71, 0.000, 189.29, 0.00);
insert into SHOT values (1761, 1447, 1744, 994, 4.989, 277.54, -1.39, 4.989, 277.54, -1.39, 0.000, 166.71, -0.01);
insert into SHOT values (1762, 1447, 1745, 994, 5.792, 272.61, 17.45, 5.792, 272.61, 17.45, 0.000, 159.39, 0.04);
insert into SHOT values (1763, 1447, 1746, 994, 3.019, 6.65, 60.86, 3.019, 6.65, 60.86, 0.000, 19.65, 0.06);
insert into SHOT values (1764, 1448, 1747, 994, 0.506, 60.78, 11.67, 0.506, 60.78, 11.67, 0.000, 344.80, -0.02);
insert into SHOT values (1765, 1448, 1748, 994, 5.177, 248.91, 15.78, 5.177, 248.91, 15.78, 0.000, 346.91, -0.00);
insert into SHOT values (1766, 1448, 1749, 994, 6.083, 215.13, 49.86, 6.083, 215.13, 49.86, 0.000, 170.20, -0.00);
insert into SHOT values (1767, 1448, 1750, 994, 1.256, 352.42, 29.67, 1.256, 352.42, 29.67, 0.000, 215.98, 0.04);
insert into SHOT values (1768, 1448, 1751, 994, 2.255, 311.04, 28.91, 2.255, 311.04, 28.91, 0.000, 180.44, 0.03);
insert into SHOT values (1769, 1448, 1752, 994, 8.692, 290.56, 24.24, 8.692, 290.56, 24.24, 0.000, 331.40, 0.76);
insert into SHOT values (1770, 1448, 1753, 994, 10.352, 277.68, 18.75, 10.352, 277.68, 18.75, 0.000, 349.73, 0.01);
insert into SHOT values (1771, 1448, 1754, 994, 9.304, 269.37, 17.34, 9.304, 269.37, 17.34, 0.000, 176.28, -0.01);
insert into SHOT values (1772, 1448, 1755, 994, 24.288, 273.09, 16.83, 24.288, 273.09, 16.83, 0.000, 356.13, -0.01);
insert into SHOT values (1773, 1449, 1756, 994, 2.152, 183.14, 9.74, 2.152, 183.14, 9.75, 0.000, 357.79, 0.01);
insert into SHOT values (1774, 1449, 1757, 994, 2.106, 238.59, 15.44, 2.106, 238.59, 15.44, 0.000, 334.37, -0.02);
insert into SHOT values (1775, 1449, 1758, 994, 5.848, 279.14, 10.39, 5.848, 279.14, 10.39, 0.000, 184.62, 0.00);
insert into SHOT values (1776, 1449, 1759, 994, 10.896, 319.73, 88.93, 10.896, 319.73, 88.93, 0.000, 169.12, 0.00);
insert into SHOT values (1777, 1449, 1760, 994, 1.631, 72.66, -1.78, 1.631, 72.66, -1.78, 0.000, 187.09, 0.02);
insert into SHOT values (1778, 1449, 1761, 994, 1.581, 16.24, -3.38, 1.581, 16.24, -3.38, 0.000, 185.99, -0.00);
insert into SHOT values (1779, 1449, 1762, 994, 1.989, 352.68, -4.44, 1.989, 352.68, -4.44, 0.000, 353.71, 0.01);
insert into SHOT values (1780, 1449, 1763, 994, 0.775, 317.11, -67.36, 0.775, 317.11, -67.36, 0.000, 200.09, 0.01);
insert into SHOT values (1781, 1449, 1764, 994, 11.065, 121.08, 15.97, 11.065, 121.08, 15.97, 0.000, 190.45, 0.01);
insert into SHOT values (1782, 1450, 1765, 994, 2.852, 188.08, 41.86, 2.852, 188.08, 41.86, 0.000, 342.06, 0.04);
insert into SHOT values (1783, 1450, 1766, 994, 2.308, 68.68, 54.32, 2.308, 68.68, 54.32, 0.000, 175.66, 0.01);
insert into SHOT values (1784, 1450, 1767, 994, 2.392, 23.85, 1.66, 2.392, 23.85, 1.66, 0.000, 357.40, 0.01);
insert into SHOT values (1785, 1450, 1768, 994, 0.479, 325.15, -79.32, 0.479, 325.15, -79.32, 0.000, 274.66, -0.10);
insert into SHOT values (1786, 1451, 1769, 994, 9.611, 125.81, 12.77, 9.611, 125.81, 12.77, 0.000, 352.51, -0.01);
insert into SHOT values (1787, 1451, 1770, 994, 5.668, 112.55, 21.59, 5.668, 112.55, 21.59, 0.000, 182.15, -0.01);
insert into SHOT values (1788, 1451, 1771, 994, 5.558, 70.50, 19.59, 5.558, 70.50, 19.59, 0.000, 344.58, -0.04);
insert into SHOT values (1789, 1451, 1772, 994, 7.223, 27.01, 11.60, 7.223, 27.01, 11.60, 0.000, 159.13, 0.06);
insert into SHOT values (1790, 1451, 1773, 994, 12.413, 156.46, -1.17, 12.413, 156.46, -1.17, 0.000, 315.30, 0.09);
insert into SHOT values (1791, 1451, 1774, 994, 3.410, 177.64, -13.55, 3.410, 177.64, -13.55, 0.000, 178.52, 0.05);
insert into SHOT values (1792, 1451, 1775, 994, 5.235, 287.78, 16.93, 5.235, 287.78, 16.93, 0.000, 355.85, 0.01);
insert into SHOT values (1793, 1451, 1776, 994, 7.678, 292.43, 14.18, 7.678, 292.43, 14.18, 0.000, 181.14, 0.03);
insert into SHOT values (1794, 1452, 1777, 994, 8.179, 233.40, 9.95, 8.179, 233.40, 9.95, 0.000, 180.33, -0.05);
insert into SHOT values (1795, 1452, 1778, 994, 4.662, 276.53, 13.51, 4.662, 276.53, 13.51, 0.000, 177.96, -0.02);
insert into SHOT values (1796, 1452, 1779, 994, 4.611, 322.25, 11.44, 4.611, 322.25, 11.44, 0.000, 178.87, -0.02);
insert into SHOT values (1797, 1452, 1780, 994, 5.310, 359.70, 9.48, 5.310, 359.70, 9.48, 0.000, 197.77, 0.03);
insert into SHOT values (1798, 1452, 1781, 994, 10.693, 26.61, 9.67, 10.693, 26.61, 9.67, 0.000, 182.58, -0.00);
insert into SHOT values (1799, 1452, 1782, 994, 6.033, 24.62, 80.95, 6.033, 24.62, 80.95, 0.000, 311.69, -0.10);
insert into SHOT values (1800, 1452, 1783, 994, 2.129, 285.50, -67.01, 2.129, 285.50, -67.01, 0.000, 73.66, 0.03);
insert into SHOT values (1801, 1452, 1784, 994, 15.529, 224.39, 12.31, 15.529, 224.39, 12.31, 0.000, 183.91, -0.00);
insert into SHOT values (1802, 1452, 1785, 994, 14.861, 208.84, 15.48, 14.861, 208.84, 15.48, 0.000, 180.00, 4.04);
insert into SHOT values (1803, 1452, 1786, 994, 15.193, 189.79, 19.41, 15.193, 189.79, 19.41, 0.000, 8.24, 0.01);
insert into SHOT values (1804, 1452, 1787, 994, 11.190, 168.86, 22.84, 11.190, 168.86, 22.83, 0.000, 179.82, 0.03);
insert into SHOT values (1805, 1452, 1788, 994, 8.878, 117.17, 19.15, 8.878, 117.17, 19.15, 0.000, 358.00, 0.00);
insert into SHOT values (1806, 1452, 1789, 994, 10.923, 101.32, 19.53, 10.923, 101.32, 19.53, 0.000, 180.38, 0.01);
insert into SHOT values (1807, 1453, 1790, 994, 15.679, 263.00, -5.80, 15.679, 263.00, -5.80, 0.000, 12.59, -0.02);
insert into SHOT values (1808, 1453, 1791, 994, 4.695, 123.13, 27.46, 4.695, 123.13, 27.46, 0.000, 339.06, 0.00);
insert into SHOT values (1809, 1453, 1792, 994, 3.291, 189.18, 24.77, 3.291, 189.18, 24.77, 0.000, 190.54, 0.01);
insert into SHOT values (1810, 1453, 1793, 994, 9.179, 87.65, 18.96, 9.179, 87.65, 18.96, 0.000, 38.97, -0.00);
insert into SHOT values (1811, 1453, 1794, 994, 13.717, 33.71, 4.47, 13.717, 33.71, 4.47, 0.000, 355.52, -0.01);
insert into SHOT values (1812, 1453, 1795, 994, 13.383, 0.30, 2.98, 13.383, 0.30, 2.98, 0.000, 3.31, 0.01);
insert into SHOT values (1813, 1453, 1796, 994, 13.062, 344.42, 0.74, 13.062, 344.42, 0.74, 0.000, 4.60, -0.01);
insert into SHOT values (1814, 1453, 1797, 994, 12.939, 321.53, 10.01, 12.939, 321.53, 10.01, 0.000, 191.27, -0.02);
insert into SHOT values (1815, 1453, 1798, 994, 4.961, 227.66, 12.87, 4.961, 227.66, 12.87, 0.000, 9.08, -0.01);
insert into SHOT values (1816, 1453, 1799, 994, 3.876, 318.11, -36.26, 3.876, 318.11, -36.25, 0.000, 9.54, 0.02);
insert into SHOT values (1817, 1453, 1800, 994, 5.646, 292.37, 82.45, 5.646, 292.37, 82.45, 0.000, 9.04, 0.04);
insert into SHOT values (1818, 1454, 1801, 994, 9.593, 179.01, 17.78, 9.593, 179.01, 17.78, 0.000, 17.76, 0.01);
insert into SHOT values (1819, 1454, 1802, 994, 9.091, 201.78, 20.52, 9.091, 201.78, 20.52, 0.000, 188.49, 0.00);
insert into SHOT values (1820, 1454, 1803, 994, 15.232, 229.40, 12.55, 15.232, 229.40, 12.55, 0.000, 170.99, -0.04);
insert into SHOT values (1821, 1454, 1804, 994, 5.356, 299.19, 8.85, 5.356, 299.19, 8.85, 0.000, 16.14, -0.06);
insert into SHOT values (1822, 1454, 1805, 994, 5.045, 336.92, 19.85, 5.045, 336.92, 19.85, 0.000, 349.46, -0.00);
insert into SHOT values (1823, 1454, 1806, 994, 12.064, 21.74, 21.01, 12.064, 21.74, 21.01, 0.000, 216.77, 0.08);
insert into SHOT values (1824, 1455, 1807, 994, 6.739, 216.85, -5.57, 6.739, 216.85, -5.57, 0.000, 177.96, 0.02);
insert into SHOT values (1825, 1455, 1808, 994, 4.967, 167.77, 9.21, 4.967, 167.77, 9.21, 0.000, 352.67, 0.00);
insert into SHOT values (1826, 1455, 1809, 994, 6.907, 134.12, 6.65, 6.907, 134.12, 6.65, 0.000, 181.30, 0.02);
insert into SHOT values (1827, 1455, 1810, 994, 9.330, 94.07, 5.37, 9.330, 94.07, 5.37, 0.000, 13.30, -0.02);
insert into SHOT values (1828, 1455, 1811, 994, 12.909, 282.82, -4.93, 12.909, 282.82, -4.93, 0.000, 168.30, 0.02);
insert into SHOT values (1829, 1455, 1812, 994, 15.803, 309.69, -1.73, 15.803, 309.69, -1.73, 0.000, 270.88, 0.11);
insert into SHOT values (1830, 1455, 1813, 994, 50.068, 330.74, 1.15, 50.068, 330.74, 1.15, 0.000, 357.81, 0.00);
insert into SHOT values (1831, 1455, 1814, 994, 51.601, 337.73, 4.46, 51.601, 337.73, 4.46, 0.000, 302.91, -0.23);
insert into SHOT values (1832, 1455, 1815, 994, 36.227, 25.22, 5.60, 36.227, 25.22, 5.60, 0.000, 13.46, -0.01);
insert into SHOT values (1833, 1455, 1816, 994, 36.330, 25.37, 4.81, 36.330, 25.37, 4.81, 0.000, 163.35, 0.03);
insert into SHOT values (1834, 1455, 1817, 994, 63.188, 42.50, 2.83, 63.188, 42.50, 2.83, 0.000, 183.10, -0.00);
insert into SHOT values (1835, 1455, 1818, 994, 1.738, 32.30, -74.01, 1.738, 32.30, -74.01, 0.000, 359.16, -0.03);
insert into SHOT values (1836, 1455, 1819, 994, 5.991, 285.04, 79.66, 5.991, 285.04, 79.66, 0.000, 358.07, 0.02);
insert into SHOT values (1837, 1456, 1820, 994, 33.244, 351.74, 8.91, 33.244, 351.74, 8.91, 0.000, 358.03, -0.00);
insert into SHOT values (1838, 1456, 1821, 994, 46.449, 332.26, 7.82, 46.449, 332.26, 7.82, 0.000, 275.07, 0.07);
insert into SHOT values (1839, 1456, 1822, 994, 34.080, 20.17, 8.20, 34.080, 20.17, 8.20, 0.000, 358.19, 0.01);
insert into SHOT values (1840, 1456, 1823, 994, 5.686, 282.68, 73.34, 5.686, 282.68, 73.34, 0.000, 176.29, 0.01);
insert into SHOT values (1841, 1456, 1824, 994, 1.130, 49.60, -67.92, 1.130, 49.60, -67.92, 0.000, 169.34, 0.01);
insert into SHOT values (1842, 1456, 1825, 994, 9.135, 199.06, 15.46, 9.135, 199.06, 15.46, 0.000, 51.57, 0.06);
insert into SHOT values (1843, 1456, 1826, 994, 8.403, 163.42, 11.46, 8.403, 163.42, 11.46, 0.000, 192.10, 0.02);
insert into SHOT values (1844, 1457, 1827, 994, 17.812, 206.95, 14.75, 17.812, 206.95, 14.75, 0.000, 14.22, 0.01);
insert into SHOT values (1845, 1457, 1828, 994, 14.425, 179.44, 27.37, 14.425, 179.44, 27.37, 0.000, 350.85, -0.02);
insert into SHOT values (1846, 1457, 1829, 994, 12.154, 147.46, 36.26, 12.154, 147.46, 36.26, 0.000, 189.16, 0.01);
insert into SHOT values (1847, 1457, 1830, 994, 6.526, 103.73, 13.78, 6.526, 103.73, 13.78, 0.000, 284.84, -0.05);
insert into SHOT values (1848, 1457, 1831, 994, 31.372, 343.48, 15.73, 31.372, 343.48, 15.73, 0.000, 178.79, 0.01);
insert into SHOT values (1849, 1457, 1832, 994, 0.546, 113.79, -66.62, 0.546, 113.79, -66.62, 0.000, 189.07, -0.03);
insert into SHOT values (1850, 1457, 1833, 994, 12.235, 235.10, 78.00, 12.235, 235.10, 78.00, 0.000, 16.02, 0.02);
insert into SHOT values (1851, 1458, 1834, 994, 1.144, 268.96, -74.20, 1.144, 268.96, -74.20, 0.000, 178.08, 0.01);
insert into SHOT values (1852, 1458, 1835, 994, 13.820, 229.18, 63.76, 13.820, 229.18, 63.76, 0.000, 184.17, 0.04);
insert into SHOT values (1853, 1458, 1836, 994, 22.955, 220.24, 20.42, 22.955, 220.24, 20.42, 0.000, 192.16, -0.02);
insert into SHOT values (1854, 1458, 1837, 994, 18.738, 199.09, 15.94, 18.738, 199.09, 15.94, 0.000, 359.31, -0.01);
insert into SHOT values (1855, 1458, 1838, 994, 23.207, 169.80, 11.73, 23.207, 169.80, 11.73, 0.000, 3.90, 0.00);
insert into SHOT values (1856, 1458, 1839, 994, 16.935, 126.61, 14.12, 16.935, 126.61, 14.12, 0.000, 56.69, -0.09);
insert into SHOT values (1857, 1458, 1840, 994, 13.981, 118.00, 16.06, 13.981, 118.00, 16.06, 0.000, 357.37, -0.01);
insert into SHOT values (1858, 1458, 1841, 994, 16.179, 109.23, 15.84, 16.179, 109.23, 15.84, 0.000, 185.11, -0.02);
insert into SHOT values (1859, 1458, 1842, 994, 25.757, 356.34, 14.79, 25.757, 356.34, 14.79, 0.000, 357.92, 0.02);
insert into SHOT values (1860, 1458, 1843, 994, 25.442, 2.18, 16.12, 25.442, 2.18, 16.12, 0.000, 188.73, 0.01);
insert into SHOT values (1861, 1461, 1844, 994, 3.851, 186.80, 29.21, 3.851, 186.80, 29.21, 0.000, 41.65, -0.09);
insert into SHOT values (1862, 1461, 1845, 994, 13.529, 9.22, 82.52, 13.529, 9.22, 82.52, 0.000, 169.34, 0.01);
insert into SHOT values (1863, 1461, 1846, 994, 2.706, 339.26, 3.76, 2.706, 339.26, 3.76, 0.000, 352.45, 0.01);
insert into SHOT values (1864, 1461, 1847, 994, 3.619, 342.94, 42.70, 3.619, 342.94, 42.70, 0.000, 298.29, -0.06);
insert into SHOT values (1865, 1461, 1848, 994, 3.056, 315.65, 3.53, 3.056, 315.65, 3.53, 0.000, 8.11, 0.01);
insert into SHOT values (1866, 1462, 1849, 994, 1.637, 147.26, 4.83, 1.637, 147.26, 4.83, 0.000, 358.65, -0.02);
insert into SHOT values (1867, 1462, 1850, 994, 3.129, 130.32, 29.31, 3.129, 130.32, 29.31, 0.000, 174.20, 0.02);
insert into SHOT values (1868, 1462, 1851, 994, 8.992, 167.36, 85.12, 8.992, 167.36, 85.12, 0.000, 179.21, -0.01);
insert into SHOT values (1869, 1462, 1852, 994, 11.726, 41.65, 4.79, 11.726, 41.65, 4.78, 0.000, 0.22, 0.01);
insert into SHOT values (1870, 1462, 1853, 994, 10.807, 54.09, 6.79, 10.807, 54.09, 6.80, 0.000, 174.91, 0.00);
insert into SHOT values (1871, 1462, 1854, 994, 6.812, 63.77, 8.22, 6.812, 63.77, 8.22, 0.000, 194.54, 0.01);
insert into SHOT values (1872, 1462, 1855, 994, 6.465, 80.61, 18.49, 6.465, 80.61, 18.49, 0.000, 351.33, 0.07);
insert into SHOT values (1873, 1462, 1856, 994, 4.620, 332.45, 4.88, 4.620, 332.45, 4.88, 0.000, 191.40, 0.00);
insert into SHOT values (1874, 1462, 1857, 994, 1.602, 289.40, 5.55, 1.602, 289.40, 5.55, 0.000, 8.27, -0.02);
insert into SHOT values (1875, 1462, 1858, 994, 7.116, 274.34, 13.54, 7.116, 274.34, 13.54, 0.000, 180.39, 0.01);
insert into SHOT values (1876, 1462, 1859, 994, 7.395, 251.18, 6.29, 7.395, 251.18, 6.29, 0.000, 197.47, 0.03);
insert into SHOT values (1877, 1462, 1860, 994, 5.071, 232.68, 1.92, 5.071, 232.68, 1.92, 0.000, 323.58, 0.02);
insert into SHOT values (1878, 1462, 1861, 994, 5.829, 226.69, -5.07, 5.829, 226.69, -5.07, 0.000, 359.59, -0.01);
insert into SHOT values (1879, 1462, 1862, 994, 6.356, 218.83, -6.00, 6.356, 218.83, -6.00, 0.000, 340.92, 0.03);
insert into SHOT values (1880, 1462, 1863, 994, 2.005, 282.17, 5.29, 2.005, 282.17, 5.29, 0.000, 6.58, 0.01);
insert into SHOT values (1881, 1462, 1864, 994, 20.359, 263.10, 52.63, 20.359, 263.10, 52.63, 0.000, 183.60, -0.00);
insert into SHOT values (1882, 1463, 1865, 994, 1.865, 167.95, 9.27, 1.865, 167.95, 9.27, 0.000, 182.79, 0.04);
insert into SHOT values (1883, 1463, 1866, 994, 2.498, 128.17, 10.05, 2.498, 128.17, 10.05, 0.000, 179.75, -0.10);
insert into SHOT values (1884, 1463, 1867, 994, 6.814, 101.76, 8.86, 6.814, 101.76, 8.86, 0.000, 349.24, 0.01);
insert into SHOT values (1885, 1463, 1868, 994, 8.778, 91.30, 13.97, 8.778, 91.30, 13.97, 0.000, 174.99, 0.01);
insert into SHOT values (1886, 1463, 1869, 994, 1.801, 222.29, 73.08, 1.801, 222.29, 73.08, 0.000, 18.61, 0.01);
insert into SHOT values (1887, 1463, 1870, 994, 0.435, 130.53, -64.26, 0.435, 130.53, -64.26, 0.000, 185.31, 0.01);
insert into SHOT values (1888, 1463, 1871, 994, 17.973, 231.08, -2.05, 17.973, 231.08, -2.05, 0.000, 3.32, -0.01);
insert into SHOT values (1889, 1463, 1872, 994, 18.065, 238.95, -1.52, 18.065, 238.95, -1.52, 0.000, 286.13, -0.00);
insert into SHOT values (1890, 1463, 1873, 994, 11.908, 248.24, -0.18, 11.908, 248.24, -0.18, 0.000, 5.77, 0.02);
insert into SHOT values (1891, 1463, 1874, 994, 11.133, 260.42, -0.99, 11.133, 260.42, -0.99, 0.000, 9.31, -0.02);
insert into SHOT values (1892, 1463, 1875, 994, 10.097, 269.11, 1.90, 10.097, 269.11, 1.90, 0.000, 175.68, -0.01);
insert into SHOT values (1893, 1463, 1876, 994, 8.375, 283.56, 7.25, 8.375, 283.56, 7.25, 0.000, 351.32, 0.01);
insert into SHOT values (1894, 1463, 1877, 994, 5.346, 314.48, 10.34, 5.346, 314.48, 10.34, 0.000, 175.06, 0.01);
insert into SHOT values (1895, 1463, 1878, 994, 7.493, 346.85, 10.07, 7.493, 346.85, 10.07, 0.000, 0.62, 0.02);
insert into SHOT values (1896, 1463, 1879, 994, 7.363, 19.48, 11.29, 7.363, 19.48, 11.29, 0.000, 0.85, -0.07);
insert into SHOT values (1897, 1463, 1880, 994, 9.762, 46.73, 10.39, 9.762, 46.73, 10.39, 0.000, 352.73, -0.02);
insert into SHOT values (1898, 1463, 1881, 994, 10.137, 63.13, 10.56, 10.137, 63.13, 10.56, 0.000, 189.64, 0.01);
insert into SHOT values (1899, 1464, 1882, 994, 1.807, 348.56, 8.44, 1.807, 348.56, 8.44, 0.000, 190.36, -0.01);
insert into SHOT values (1900, 1464, 1883, 994, 4.856, 34.65, 2.09, 4.856, 34.65, 2.09, 0.000, 5.46, 0.00);
insert into SHOT values (1901, 1464, 1884, 994, 7.366, 49.35, 8.02, 7.366, 49.35, 8.01, 0.000, 356.77, 0.01);
insert into SHOT values (1902, 1466, 1885, 994, 8.503, 14.58, 8.15, 8.503, 14.58, 8.15, 0.000, 183.00, -0.03);
insert into SHOT values (1903, 1466, 1886, 994, 10.212, 45.30, 18.32, 10.212, 45.30, 18.32, 0.000, 0.79, -0.01);
insert into SHOT values (1904, 1466, 1887, 994, 10.694, 77.25, 18.57, 10.694, 77.25, 18.57, 0.000, 135.60, -0.06);
insert into SHOT values (1905, 1466, 1888, 994, 11.553, 123.96, 10.23, 11.553, 123.96, 10.23, 0.000, 359.76, -0.00);
insert into SHOT values (1906, 1466, 1889, 994, 11.752, 135.19, 9.88, 11.752, 135.19, 9.88, 0.000, 185.95, -0.02);
insert into SHOT values (1907, 1466, 1890, 994, 7.690, 172.78, 1.88, 7.690, 172.78, 1.88, 0.000, 8.33, 0.01);
insert into SHOT values (1908, 1466, 1891, 994, 4.651, 230.27, 3.87, 4.651, 230.27, 3.87, 0.000, 188.61, 0.02);
insert into SHOT values (1909, 1466, 1892, 994, 9.461, 244.22, -1.57, 9.461, 244.22, -1.57, 0.000, 187.74, -0.00);
insert into SHOT values (1910, 1466, 1893, 994, 8.121, 320.40, 0.45, 8.121, 320.40, 0.44, 0.000, 353.25, -0.01);
insert into SHOT values (1911, 1466, 1894, 994, 9.089, 300.39, -2.86, 9.089, 300.39, -2.86, 0.000, 179.21, -0.01);
insert into SHOT values (1912, 1466, 1895, 994, 14.383, 286.77, -8.55, 14.383, 286.77, -8.55, 0.000, 0.89, 0.00);
insert into SHOT values (1913, 1466, 1896, 994, 0.964, 344.02, -69.53, 0.964, 344.02, -69.53, 0.000, 8.38, 0.01);
insert into SHOT values (1914, 1466, 1897, 994, 2.536, 326.02, 81.85, 2.536, 326.02, 81.85, 0.000, 42.87, -0.67);
insert into SHOT values (1915, 1467, 1898, 994, 9.342, 108.24, 20.81, 9.342, 108.24, 20.81, 0.000, 356.30, -0.01);
insert into SHOT values (1916, 1467, 1899, 994, 13.661, 98.25, 19.10, 13.661, 98.25, 19.10, 0.000, 5.56, -0.01);
insert into SHOT values (1917, 1467, 1900, 994, 8.468, 129.26, 14.45, 8.468, 129.26, 14.45, 0.000, 114.85, 0.06);
insert into SHOT values (1918, 1467, 1901, 994, 20.899, 143.31, 10.77, 20.899, 143.31, 10.77, 0.000, 354.52, -0.00);
insert into SHOT values (1919, 1467, 1902, 994, 16.801, 157.21, 6.84, 16.801, 157.21, 6.84, 0.000, 158.84, 0.01);
insert into SHOT values (1920, 1467, 1903, 994, 10.869, 182.22, 3.08, 10.869, 182.22, 3.08, 0.000, 356.40, -0.00);
insert into SHOT values (1921, 1467, 1904, 994, 8.289, 204.45, 5.48, 8.289, 204.45, 5.48, 0.000, 171.83, -0.00);
insert into SHOT values (1922, 1467, 1905, 994, 7.141, 227.69, 4.67, 7.141, 227.69, 4.68, 0.000, 2.65, -0.01);
insert into SHOT values (1923, 1467, 1906, 994, 8.740, 291.97, 16.07, 8.740, 291.97, 16.07, 0.000, 178.57, 0.00);
insert into SHOT values (1924, 1467, 1907, 994, 7.855, 341.83, 17.38, 7.855, 341.83, 17.38, 0.000, 29.57, 0.02);
insert into SHOT values (1925, 1467, 1908, 994, 6.629, 24.16, 17.65, 6.629, 24.16, 17.65, 0.000, 171.18, -0.01);
insert into SHOT values (1926, 1467, 1909, 994, 8.676, 45.98, 19.21, 8.676, 45.98, 19.21, 0.000, 179.12, 0.01);
insert into SHOT values (1927, 1467, 1910, 994, 3.984, 262.07, 78.65, 3.984, 262.07, 78.65, 0.000, 337.45, 0.02);
insert into SHOT values (1928, 1468, 1911, 994, 18.323, 87.93, 45.26, 18.323, 87.93, 45.26, 0.000, 359.79, 0.00);
insert into SHOT values (1929, 1468, 1912, 994, 12.291, 87.79, 22.23, 12.291, 87.79, 22.22, 0.000, 5.79, 0.01);
insert into SHOT values (1930, 1468, 1913, 994, 4.977, 54.73, 18.92, 4.977, 54.73, 18.92, 0.000, 173.49, -0.00);
insert into SHOT values (1931, 1468, 1914, 994, 7.054, 69.01, 25.76, 7.054, 69.01, 25.76, 0.000, 187.81, -0.01);
insert into SHOT values (1932, 1468, 1915, 994, 9.442, 79.10, 26.95, 9.442, 79.10, 26.95, 0.000, 24.45, -0.01);
insert into SHOT values (1933, 1468, 1916, 994, 14.911, 90.74, 25.55, 14.911, 90.74, 25.55, 0.000, 179.78, 0.00);
insert into SHOT values (1934, 1468, 1917, 994, 10.400, 99.82, 26.19, 10.400, 99.82, 26.19, 0.000, 358.09, 0.00);
insert into SHOT values (1935, 1468, 1918, 994, 8.201, 111.38, 25.05, 8.201, 111.38, 25.05, 0.000, 171.99, -0.00);
insert into SHOT values (1936, 1468, 1919, 994, 11.157, 137.81, 15.00, 11.157, 137.81, 15.00, 0.000, 353.80, -0.00);
insert into SHOT values (1937, 1468, 1920, 994, 11.650, 150.04, 8.22, 11.650, 150.04, 8.22, 0.000, 4.62, 0.00);
insert into SHOT values (1938, 1468, 1921, 994, 0.474, 25.10, -62.57, 0.474, 25.10, -62.57, 0.000, 18.62, 0.03);
insert into SHOT values (1939, 1468, 1922, 994, 4.042, 166.93, 80.52, 4.042, 166.93, 80.52, 0.000, 179.46, -0.01);
insert into SHOT values (1940, 1468, 1923, 994, 14.760, 51.90, 83.92, 14.760, 51.90, 83.92, 0.000, 164.48, 0.01);
insert into SHOT values (1941, 1468, 1924, 994, 6.352, 236.98, 3.01, 6.352, 236.98, 3.01, 0.000, 352.74, 0.01);
insert into SHOT values (1942, 1468, 1925, 994, 4.846, 259.98, 5.71, 4.846, 259.98, 5.71, 0.000, 337.41, 0.01);
insert into SHOT values (1943, 1468, 1926, 994, 5.849, 280.57, 7.49, 5.849, 280.57, 7.49, 0.000, 16.91, 0.02);
insert into SHOT values (1944, 1469, 1927, 994, 1.296, 322.58, -75.62, 1.296, 322.58, -75.62, 0.000, 3.77, 0.01);
insert into SHOT values (1945, 1469, 1928, 994, 2.812, 160.59, 66.06, 2.812, 160.59, 66.06, 0.000, 0.95, 0.01);
insert into SHOT values (1946, 1469, 1929, 994, 13.556, 125.04, -3.46, 13.556, 125.04, -3.46, 0.000, 318.15, 0.04);
insert into SHOT values (1947, 1469, 1930, 994, 6.251, 108.59, 3.91, 6.251, 108.59, 3.91, 0.000, 249.08, -0.03);
insert into SHOT values (1948, 1469, 1931, 994, 8.469, 190.99, -5.87, 8.469, 190.99, -5.87, 0.000, 176.86, -0.00);
insert into SHOT values (1949, 1469, 1932, 994, 8.003, 217.18, 8.22, 8.003, 217.18, 8.22, 0.000, 5.69, -0.01);
insert into SHOT values (1950, 1469, 1933, 994, 6.209, 241.89, 12.96, 6.209, 241.89, 12.96, 0.000, 183.79, 0.01);
insert into SHOT values (1951, 1470, 1934, 994, 3.321, 1.94, 1.85, 3.321, 1.94, 1.85, 0.000, 3.82, -0.00);
insert into SHOT values (1952, 1470, 1935, 994, 6.233, 344.58, 6.08, 6.233, 344.58, 6.08, 0.000, 176.69, -0.00);
insert into SHOT values (1953, 1470, 1936, 994, 20.832, 334.26, 12.55, 20.832, 334.26, 12.55, 0.000, 356.73, -0.01);
insert into SHOT values (1954, 1470, 1937, 994, 20.433, 325.04, 9.63, 20.433, 325.04, 9.64, 0.000, 91.01, -0.08);
insert into SHOT values (1955, 1470, 1938, 994, 17.389, 303.18, 12.63, 17.389, 303.18, 12.63, 0.000, 166.36, -0.00);
insert into SHOT values (1956, 1470, 1939, 994, 15.490, 292.15, 16.51, 15.490, 292.15, 16.51, 0.000, 3.53, 0.00);
insert into SHOT values (1957, 1470, 1940, 994, 9.792, 285.74, 12.41, 9.792, 285.74, 12.41, 0.000, 180.21, 0.00);
insert into SHOT values (1958, 1470, 1941, 994, 8.371, 276.16, 8.01, 8.371, 276.16, 8.01, 0.000, 353.93, 0.01);
insert into SHOT values (1959, 1470, 1942, 994, 8.352, 272.47, 5.47, 8.352, 272.47, 5.47, 0.000, 11.47, 0.01);
insert into SHOT values (1960, 1470, 1943, 994, 0.490, 183.42, -83.72, 0.490, 183.42, -83.72, 0.000, 174.46, 0.00);
insert into SHOT values (1961, 1470, 1944, 994, 1.369, 35.88, 80.21, 1.369, 35.88, 80.21, 0.000, 6.75, 0.00);
insert into SHOT values (1962, 1470, 1945, 994, 1.321, 55.31, 6.93, 1.321, 55.31, 6.93, 0.000, 180.89, -0.01);
insert into SHOT values (1963, 1470, 1946, 994, 1.379, 110.94, 8.84, 1.379, 110.94, 8.84, 0.000, 174.36, -0.01);
insert into SHOT values (1964, 1470, 1947, 994, 1.859, 144.16, 1.46, 1.859, 144.16, 1.46, 0.000, 200.07, -0.09);
insert into SHOT values (1965, 1470, 1948, 994, 3.024, 231.55, 0.25, 3.024, 231.55, 0.25, 0.000, 184.02, -0.01);
insert into SHOT values (1966, 1471, 1949, 994, 2.356, 253.67, -2.69, 2.356, 253.67, -2.69, 0.000, 175.83, 0.00);
insert into SHOT values (1967, 1471, 1950, 994, 2.128, 297.55, 5.39, 2.128, 297.55, 5.39, 0.000, 196.28, 0.03);
insert into SHOT values (1968, 1471, 1951, 994, 0.216, 321.55, 0.29, 0.216, 321.55, 0.29, 0.000, 8.90, -0.00);
insert into SHOT values (1969, 1471, 1952, 994, 5.683, 330.89, -1.23, 5.683, 330.89, -1.23, 0.000, 200.76, -0.01);
insert into SHOT values (1970, 1471, 1953, 994, 6.160, 342.26, 1.53, 6.160, 342.26, 1.53, 0.000, 175.71, -0.00);
insert into SHOT values (1971, 1471, 1954, 994, 4.527, 13.64, 2.16, 4.527, 13.64, 2.16, 0.000, 202.66, 0.01);
insert into SHOT values (1972, 1471, 1955, 994, 0.255, 42.25, 3.09, 0.255, 42.25, 3.09, 0.000, 166.50, -0.00);
insert into SHOT values (1973, 1471, 1956, 994, 1.266, 104.23, 3.19, 1.266, 104.23, 3.19, 0.000, 0.75, 0.00);
insert into SHOT values (1974, 1471, 1957, 994, 2.053, 148.03, 11.42, 2.053, 148.03, 11.42, 0.000, 169.31, -0.01);
insert into SHOT values (1975, 1471, 1958, 994, 0.950, 173.22, 0.42, 0.950, 173.22, 0.42, 0.000, 176.38, 0.01);
insert into SHOT values (1976, 1471, 1959, 994, 2.002, 216.37, 7.70, 2.002, 216.37, 7.70, 0.000, 359.24, -0.01);
insert into SHOT values (1977, 1471, 1960, 994, 0.890, 230.26, 72.69, 0.890, 230.26, 72.69, 0.000, 336.44, 0.01);
insert into SHOT values (1978, 1472, 1961, 994, 9.436, 6.62, 15.16, 9.436, 6.62, 15.16, 0.000, 351.41, 0.01);
insert into SHOT values (1979, 1472, 1962, 994, 9.978, 42.16, 26.84, 9.978, 42.16, 26.85, 0.000, 178.62, -0.01);
insert into SHOT values (1980, 1472, 1963, 994, 10.025, 71.81, 28.81, 10.025, 71.81, 28.81, 0.000, 356.70, 0.01);
insert into SHOT values (1981, 1472, 1964, 994, 7.895, 5.34, 74.11, 7.895, 5.34, 74.11, 0.000, 188.05, -0.01);
insert into SHOT values (1982, 1472, 1965, 994, 9.209, 83.73, 29.77, 9.209, 83.73, 29.77, 0.000, 342.73, 0.03);
insert into SHOT values (1983, 1472, 1966, 994, 11.485, 92.10, 36.03, 11.485, 92.10, 36.03, 0.000, 359.57, -0.01);
insert into SHOT values (1984, 1472, 1967, 994, 4.901, 273.78, -8.25, 4.901, 273.78, -8.25, 0.000, 191.23, 0.01);
insert into SHOT values (1985, 1472, 1968, 994, 5.722, 219.54, -9.40, 5.722, 219.54, -9.40, 0.000, 16.45, -0.01);
insert into SHOT values (1986, 1472, 1969, 994, 8.850, 213.63, -8.58, 8.850, 213.63, -8.58, 0.000, 186.31, 0.02);
insert into SHOT values (1987, 1472, 1970, 994, 10.053, 205.83, -11.50, 10.053, 205.83, -11.50, 0.000, 358.16, -0.01);
insert into SHOT values (1988, 1472, 1971, 994, 10.335, 125.94, 26.54, 10.335, 125.94, 26.54, 0.000, 2.44, 0.01);
insert into SHOT values (1989, 1472, 1972, 994, 7.345, 143.43, 8.22, 7.345, 143.43, 8.22, 0.000, 12.24, -0.02);
insert into SHOT values (1990, 1472, 1973, 994, 23.532, 108.72, 61.33, 23.532, 108.72, 61.33, 0.000, 312.32, -0.06);
insert into SHOT values (1991, 1472, 1974, 994, 22.585, 100.65, 48.17, 22.585, 100.65, 48.18, 0.000, 198.67, -0.03);
insert into SHOT values (1992, 1472, 1975, 994, 23.597, 115.29, 47.03, 23.597, 115.29, 47.03, 0.000, 192.69, -0.04);
insert into SHOT values (1993, 1473, 1976, 994, 8.757, 94.01, 6.81, 8.757, 94.01, 6.81, 0.000, 321.13, -0.02);
insert into SHOT values (1994, 1473, 1977, 994, 12.676, 111.42, 0.48, 12.676, 111.42, 0.48, 0.000, 9.16, 0.02);
insert into SHOT values (1995, 1473, 1978, 994, 2.095, 113.08, 79.15, 2.095, 113.08, 79.15, 0.000, 349.74, -0.01);
insert into SHOT values (1996, 1473, 1979, 994, 0.366, 133.67, -49.91, 0.366, 133.67, -49.91, 0.000, 184.68, -0.01);
insert into SHOT values (1997, 1473, 1980, 994, 3.086, 227.23, 5.67, 3.086, 227.23, 5.67, 0.000, 178.75, 0.01);
insert into SHOT values (1998, 1473, 1981, 994, 3.670, 201.61, -1.50, 3.670, 201.61, -1.50, 0.000, 174.92, -0.01);
insert into SHOT values (1999, 1474, 1982, 994, 3.721, 68.82, 77.46, 3.721, 68.82, 77.46, 0.000, 352.62, 0.01);
insert into SHOT values (2000, 1474, 1983, 994, 2.249, 299.51, -40.22, 2.249, 299.51, -40.22, 0.000, 18.25, -0.01);
insert into SHOT values (2001, 1474, 1984, 994, 9.295, 42.18, 12.88, 9.295, 42.18, 12.88, 0.000, 300.08, -0.07);
insert into SHOT values (2002, 1474, 1985, 994, 9.413, 60.30, 16.60, 9.413, 60.30, 16.60, 0.000, 142.43, 0.09);
insert into SHOT values (2003, 1474, 1986, 994, 12.300, 92.64, 14.13, 12.300, 92.64, 14.13, 0.000, 0.19, 0.01);
insert into SHOT values (2004, 1474, 1987, 994, 12.489, 137.34, 7.82, 12.489, 137.34, 7.82, 0.000, 178.34, -0.00);
insert into SHOT values (2005, 1474, 1988, 994, 9.464, 154.83, 3.75, 9.464, 154.83, 3.75, 0.000, 176.57, 0.01);
insert into SHOT values (2006, 1474, 1989, 994, 5.754, 198.59, 7.94, 5.754, 198.59, 7.94, 0.000, 172.50, -0.02);
insert into SHOT values (2007, 1474, 1990, 994, 2.234, 241.28, -8.81, 2.234, 241.28, -8.81, 0.000, 9.22, -0.01);
insert into SHOT values (2008, 1474, 1991, 994, 10.050, 238.43, -16.21, 10.050, 238.43, -16.21, 0.000, 358.73, -0.00);
insert into SHOT values (2009, 1474, 1992, 994, 7.431, 310.53, 0.72, 7.431, 310.53, 0.73, 0.000, 171.07, -0.00);
insert into SHOT values (2010, 1474, 1993, 994, 12.039, 302.64, -5.83, 12.039, 302.64, -5.83, 0.000, 6.99, 0.01);
insert into SHOT values (2011, 1475, 1994, 994, 4.436, 213.45, 4.86, 4.436, 213.45, 4.86, 0.000, 193.99, -0.01);
insert into SHOT values (2012, 1475, 1995, 994, 4.235, 175.54, 2.78, 4.235, 175.54, 2.78, 0.000, 5.49, 0.01);
insert into SHOT values (2013, 1475, 1996, 994, 1.178, 29.48, 70.14, 1.178, 29.48, 70.14, 0.000, 335.54, -0.01);
insert into SHOT values (2014, 1475, 1997, 994, 0.349, 86.57, -77.19, 0.349, 86.57, -77.20, 0.000, 190.38, -0.02);
insert into SHOT values (2015, 1475, 1998, 994, 5.737, 1.86, 11.47, 5.737, 1.86, 11.47, 0.000, 79.43, -0.11);
insert into SHOT values (2016, 1475, 1999, 994, 7.242, 42.95, 21.99, 7.242, 42.95, 21.99, 0.000, 18.64, 0.00);
insert into SHOT values (2017, 1475, 2000, 994, 5.675, 56.55, 18.41, 5.675, 56.55, 18.41, 0.000, 352.34, 0.03);
insert into SHOT values (2018, 1475, 2001, 994, 5.890, 113.78, 8.24, 5.890, 113.78, 8.24, 0.000, 169.93, 0.01);
insert into SHOT values (2019, 1475, 2002, 994, 2.626, 134.28, 9.28, 2.626, 134.28, 9.28, 0.000, 128.64, -0.03);
insert into SHOT values (2020, 1476, 2003, 994, 0.872, 344.31, 74.48, 0.872, 344.31, 74.48, 0.000, 4.37, 0.01);
insert into SHOT values (2021, 1476, 2004, 994, 1.552, 253.11, 10.83, 1.552, 253.11, 10.83, 0.000, 356.54, 0.00);
insert into SHOT values (2022, 1476, 2005, 994, 1.328, 230.84, 30.65, 1.328, 230.84, 30.65, 0.000, 353.57, 0.01);
insert into SHOT values (2023, 1476, 2006, 994, 3.442, 357.25, -5.33, 3.442, 357.25, -5.33, 0.000, 184.07, -0.01);
insert into SHOT values (2024, 1476, 2007, 994, 2.536, 29.02, -4.36, 2.536, 29.02, -4.36, 0.000, 197.93, 0.03);
insert into SHOT values (2025, 1476, 2008, 994, 2.835, 83.38, 2.47, 2.835, 83.38, 2.47, 0.000, 351.87, -0.01);
insert into SHOT values (2026, 1476, 2009, 994, 3.821, 104.72, 4.27, 3.821, 104.72, 4.27, 0.000, 179.14, 0.01);
insert into SHOT values (2027, 1476, 2010, 994, 6.331, 110.65, 1.52, 6.331, 110.65, 1.52, 0.000, 187.23, 0.01);
insert into SHOT values (2028, 1477, 2011, 994, 2.618, 354.75, 7.53, 2.618, 354.75, 7.53, 0.000, 13.20, -0.05);
insert into SHOT values (2029, 1477, 2012, 994, 2.027, 48.55, 12.48, 2.027, 48.55, 12.48, 0.000, 351.55, -0.03);
insert into SHOT values (2030, 1477, 2013, 994, 4.818, 101.82, -5.01, 4.818, 101.82, -5.01, 0.000, 95.63, 0.03);
insert into SHOT values (2031, 1477, 2014, 994, 5.964, 121.65, -7.68, 5.964, 121.65, -7.69, 0.000, 330.75, 0.01);
insert into SHOT values (2032, 1477, 2015, 994, 0.772, 290.40, -82.18, 0.772, 290.40, -82.18, 0.000, 173.54, 0.02);
insert into SHOT values (2033, 1477, 2016, 994, 6.326, 142.79, -16.20, 6.326, 142.79, -16.20, 0.000, 183.93, 0.01);
insert into SHOT values (2034, 1477, 2017, 994, 7.681, 134.76, -11.34, 7.681, 134.76, -11.34, 0.000, 8.40, 0.00);
insert into SHOT values (2035, 1477, 2018, 994, 1.512, 129.85, 87.60, 1.512, 129.85, 87.60, 0.000, 0.34, 0.01);
insert into SHOT values (2036, 1477, 2019, 994, 4.601, 168.17, -10.51, 4.601, 168.17, -10.51, 0.000, 190.12, -0.02);
insert into SHOT values (2037, 1477, 2020, 994, 5.269, 189.95, -13.40, 5.269, 189.95, -13.40, 0.000, 133.32, -0.00);
insert into SHOT values (2038, 1477, 2021, 994, 7.004, 199.26, -15.68, 7.004, 199.26, -15.68, 0.000, 154.79, 0.48);
insert into SHOT values (2039, 1477, 2022, 994, 3.230, 221.16, -13.21, 3.230, 221.16, -13.21, 0.000, 169.52, 0.05);
insert into SHOT values (2040, 1477, 2023, 994, 2.796, 247.05, -1.77, 2.796, 247.05, -1.77, 0.000, 355.08, -0.01);
insert into SHOT values (2041, 1477, 2024, 994, 3.655, 261.29, 11.03, 3.655, 261.29, 11.03, 0.000, 7.87, -0.01);
insert into SHOT values (2042, 1477, 2025, 994, 5.108, 268.65, 16.83, 5.108, 268.65, 16.83, 0.000, 189.81, 0.02);
insert into SHOT values (2043, 1477, 2026, 994, 4.775, 295.18, 18.99, 4.775, 295.18, 18.99, 0.000, 181.15, 0.02);
insert into SHOT values (2044, 1478, 2027, 994, 11.317, 336.59, 81.09, 11.317, 336.59, 81.09, 0.000, 351.51, 0.02);
insert into SHOT values (2045, 1478, 2028, 994, 2.463, 133.31, -7.61, 2.463, 133.31, -7.61, 0.000, 8.55, 0.03);
insert into SHOT values (2046, 1478, 2029, 994, 0.922, 186.77, 7.00, 0.922, 186.77, 7.00, 0.000, 186.89, -0.00);
insert into SHOT values (2047, 1478, 2030, 994, 0.881, 247.91, 27.63, 0.881, 247.91, 27.63, 0.000, 174.34, -0.02);
insert into SHOT values (2048, 1478, 2031, 994, 1.358, 276.18, 34.74, 1.358, 276.18, 34.74, 0.000, 3.71, -0.01);
insert into SHOT values (2049, 1478, 2032, 994, 1.143, 347.07, 22.20, 1.143, 347.07, 22.20, 0.000, 39.00, 0.07);
insert into SHOT values (2050, 1478, 2033, 994, 1.112, 62.05, 7.14, 1.112, 62.05, 7.14, 0.000, 0.01, -0.00);
insert into SHOT values (2051, 1478, 2034, 994, 2.296, 76.55, -8.55, 2.296, 76.55, -8.55, 0.000, 352.98, 0.02);
insert into SHOT values (2052, 1479, 2035, 994, 1.037, 178.48, -15.57, 1.037, 178.48, -15.57, 0.000, 314.29, 0.01);
insert into SHOT values (2053, 1479, 2036, 994, 1.721, 129.83, -16.85, 1.721, 129.83, -16.85, 0.000, 275.93, -0.09);
insert into SHOT values (2054, 1479, 2037, 994, 1.557, 115.96, -5.91, 1.557, 115.96, -5.91, 0.000, 343.04, 0.03);
insert into SHOT values (2055, 1480, 2038, 994, 0.834, 6.12, 80.04, 0.834, 6.12, 80.04, 0.000, 179.78, -0.02);
insert into SHOT values (2056, 1480, 2039, 994, 2.140, 338.09, 11.47, 2.140, 338.09, 11.47, 0.000, 8.57, -0.00);
insert into SHOT values (2057, 1480, 2040, 994, 1.673, 20.48, 16.15, 1.673, 20.48, 16.15, 0.000, 172.63, 0.00);
insert into SHOT values (2058, 1480, 2041, 994, 1.094, 28.56, 23.44, 1.094, 28.56, 23.44, 0.000, 175.48, -0.01);
insert into SHOT values (2059, 1480, 2042, 994, 2.040, 55.74, 21.80, 2.040, 55.74, 21.80, 0.000, 50.36, -0.14);
insert into SHOT values (2060, 1480, 2043, 994, 2.466, 80.07, 16.20, 2.466, 80.07, 16.20, 0.000, 144.74, 0.01);
insert into SHOT values (2061, 1480, 2044, 994, 1.101, 106.05, 17.25, 1.101, 106.05, 17.25, 0.000, 186.45, 0.00);
insert into SHOT values (2062, 1480, 2045, 994, 0.998, 153.95, 7.11, 0.998, 153.95, 7.11, 0.000, 189.12, 0.03);
insert into SHOT values (2063, 1480, 2046, 994, 1.477, 216.97, -7.63, 1.477, 216.97, -7.63, 0.000, 176.97, -0.02);
insert into SHOT values (2064, 1480, 2047, 994, 1.983, 238.24, -15.54, 1.983, 238.24, -15.54, 0.000, 5.49, -0.00);
insert into SHOT values (2065, 1480, 2048, 994, 2.468, 286.24, -8.28, 2.468, 286.24, -8.28, 0.000, 189.97, -0.06);
insert into SHOT values (2066, 1480, 2049, 994, 3.582, 266.34, -13.98, 3.582, 266.34, -13.98, 0.000, 10.56, -0.00);
insert into SHOT values (2067, 1480, 2050, 994, 4.012, 251.64, -21.91, 4.012, 251.64, -21.91, 0.000, 255.11, 0.03);
insert into SHOT values (2068, 1481, 2051, 994, 0.734, 168.52, 2.99, 0.734, 168.52, 2.99, 0.000, 1.42, 0.00);
insert into SHOT values (2069, 1481, 2052, 994, 2.759, 214.77, -8.73, 2.759, 214.77, -8.73, 0.000, 357.22, 0.00);
insert into SHOT values (2070, 1481, 2053, 994, 4.429, 231.97, -12.08, 4.429, 231.97, -12.08, 0.000, 0.87, -0.02);
insert into SHOT values (2071, 1481, 2054, 994, 1.333, 170.79, 86.12, 1.333, 170.79, 86.12, 0.000, 177.94, -0.02);
insert into SHOT values (2072, 1481, 2055, 994, 2.929, 294.01, -3.60, 2.929, 294.01, -3.60, 0.000, 6.68, 0.02);
insert into SHOT values (2073, 1481, 2056, 994, 4.381, 276.14, -11.84, 4.381, 276.14, -11.84, 0.000, 15.01, 0.02);
insert into SHOT values (2074, 1481, 2057, 994, 6.998, 271.13, -13.84, 6.998, 271.13, -13.84, 0.000, 5.76, -0.01);
insert into SHOT values (2075, 1482, 2058, 994, 1.123, 347.79, 82.78, 1.123, 347.79, 82.78, 0.000, 2.83, 0.03);
insert into SHOT values (2076, 1482, 2059, 994, 1.842, 7.02, 14.54, 1.842, 7.02, 14.54, 0.000, 356.79, -0.01);
insert into SHOT values (2077, 1482, 2060, 994, 1.997, 336.13, 8.22, 1.997, 336.13, 8.22, 0.000, 187.55, 0.01);
insert into SHOT values (2078, 1482, 2061, 994, 3.050, 323.35, 4.72, 3.050, 323.35, 4.72, 0.000, 3.11, 0.00);
insert into SHOT values (2079, 1482, 2062, 994, 5.401, 300.82, 1.26, 5.401, 300.82, 1.26, 0.000, 11.11, -0.01);
insert into SHOT values (2080, 1482, 2063, 994, 10.020, 294.01, -1.39, 10.020, 294.01, -1.39, 0.000, 5.90, 0.00);
insert into SHOT values (2081, 1482, 2064, 994, 3.514, 92.14, 18.20, 3.514, 92.14, 18.20, 0.000, 49.10, -0.03);
insert into SHOT values (2082, 1482, 2065, 994, 2.042, 203.11, 11.22, 2.042, 203.11, 11.22, 0.000, 171.41, 0.01);
insert into SHOT values (2083, 1482, 2066, 994, 4.619, 240.21, 0.54, 4.619, 240.21, 0.54, 0.000, 97.23, 0.06);
insert into SHOT values (2084, 1483, 2067, 994, 9.089, 33.14, 4.96, 9.089, 33.14, 4.96, 0.000, 171.72, 0.01);
insert into SHOT values (2085, 1483, 2068, 994, 8.109, 4.86, 10.00, 8.109, 4.86, 10.00, 0.000, 175.23, 0.01);
insert into SHOT values (2086, 1483, 2069, 994, 7.323, 355.07, 9.71, 7.323, 355.07, 9.71, 0.000, 358.34, 0.00);
insert into SHOT values (2087, 1483, 2070, 994, 5.789, 330.08, 4.37, 5.789, 330.08, 4.37, 0.000, 185.65, 0.00);
insert into SHOT values (2088, 1483, 2071, 994, 5.309, 339.18, 2.16, 5.309, 339.18, 2.16, 0.000, 11.66, -0.03);
insert into SHOT values (2089, 1483, 2072, 994, 1.107, 317.45, 81.24, 1.107, 317.45, 81.24, 0.000, 176.69, -0.00);
insert into SHOT values (2090, 1483, 2073, 994, 0.863, 29.81, -69.96, 0.863, 29.81, -69.96, 0.000, 65.65, -0.11);
insert into SHOT values (2091, 1483, 2074, 994, 5.702, 86.28, 11.45, 5.702, 86.28, 11.45, 0.000, 7.97, 0.01);
insert into SHOT values (2092, 1483, 2075, 994, 5.315, 99.18, 10.12, 5.315, 99.18, 10.12, 0.000, 168.37, 0.02);
insert into SHOT values (2093, 1483, 2076, 994, 8.964, 101.62, 10.26, 8.964, 101.62, 10.26, 0.000, 8.42, 0.00);
insert into SHOT values (2094, 1483, 2077, 994, 2.674, 251.22, 9.16, 2.674, 251.22, 9.16, 0.000, 4.95, -0.01);
insert into SHOT values (2095, 1483, 2078, 994, 5.920, 318.18, 5.96, 5.920, 318.18, 5.95, 0.000, 0.42, -0.01);
insert into SHOT values (2096, 1483, 2079, 994, 5.163, 346.34, 4.62, 5.163, 346.34, 4.62, 0.000, 170.80, 0.01);
insert into SHOT values (2097, 1483, 2080, 994, 8.438, 13.79, 5.60, 8.438, 13.79, 5.60, 0.000, 183.87, -0.00);
insert into SHOT values (2098, 1483, 2081, 994, 1.614, 357.22, 44.98, 1.614, 357.22, 44.98, 0.000, 170.23, -0.02);
insert into SHOT values (2099, 1483, 2082, 994, 2.828, 351.36, -20.23, 2.828, 351.36, -20.23, 0.000, 352.13, 0.00);
insert into SHOT values (2100, 1486, 2083, 994, 2.337, 50.97, 9.64, 2.337, 50.97, 9.64, 0.000, 181.01, 0.00);
insert into SHOT values (2101, 1486, 2084, 994, 2.932, 106.63, 3.57, 2.932, 106.63, 3.57, 0.000, 351.37, -0.00);
insert into SHOT values (2102, 1486, 2085, 994, 3.424, 128.22, -0.86, 3.424, 128.22, -0.86, 0.000, 179.02, 0.00);
insert into SHOT values (2103, 1486, 2086, 994, 2.673, 330.36, 16.27, 2.673, 330.36, 16.27, 0.000, 0.93, -0.00);
insert into SHOT values (2104, 1486, 2087, 994, 1.687, 275.97, 13.50, 1.687, 275.97, 13.50, 0.000, 320.32, -0.01);
insert into SHOT values (2105, 1486, 2088, 994, 6.007, 220.47, -2.07, 6.007, 220.47, -2.07, 0.000, 179.23, 0.01);
insert into SHOT values (2106, 1486, 2089, 994, 6.531, 197.49, -5.07, 6.531, 197.49, -5.07, 0.000, 256.06, 0.01);
insert into SHOT values (2107, 1486, 2090, 994, 0.951, 140.92, 50.81, 0.951, 140.92, 50.81, 0.000, 358.18, 0.01);
insert into SHOT values (2108, 1486, 2091, 994, 2.058, 145.77, -32.88, 2.058, 145.77, -32.88, 0.000, 183.21, -0.00);
insert into SHOT values (2109, 1487, 2092, 994, 2.005, 285.54, 5.88, 2.005, 285.54, 5.88, 0.000, 3.79, 0.00);
insert into SHOT values (2110, 1487, 2093, 994, 3.549, 278.93, 9.50, 3.549, 278.93, 9.50, 0.000, 358.63, -0.01);
insert into SHOT values (2111, 1487, 2094, 994, 4.555, 242.90, 11.77, 4.555, 242.90, 11.77, 0.000, 349.28, 0.01);
insert into SHOT values (2112, 1487, 2095, 994, 2.777, 198.79, 12.63, 2.777, 198.79, 12.63, 0.000, 193.63, -0.01);
insert into SHOT values (2113, 1487, 2096, 994, 3.210, 62.33, 18.05, 3.210, 62.33, 18.05, 0.000, 173.57, -0.00);
insert into SHOT values (2114, 1487, 2097, 994, 1.634, 342.29, 66.17, 1.634, 342.29, 66.17, 0.000, 0.90, 0.01);
insert into SHOT values (2115, 1487, 2098, 994, 0.668, 304.37, -35.68, 0.668, 304.37, -35.68, 0.000, 356.25, 0.01);
insert into SHOT values (2116, 1488, 2099, 994, 1.693, 116.75, 4.62, 1.693, 116.75, 4.63, 0.000, 357.27, 0.00);
insert into SHOT values (2117, 1488, 2100, 994, 5.376, 89.15, 7.85, 5.376, 89.15, 7.85, 0.000, 170.97, -0.01);
insert into SHOT values (2118, 1488, 2101, 994, 8.489, 58.42, 6.08, 8.489, 58.42, 6.08, 0.000, 179.22, -0.01);
insert into SHOT values (2119, 1488, 2102, 994, 11.939, 11.10, 3.67, 11.939, 11.10, 3.67, 0.000, 161.36, -0.03);
insert into SHOT values (2120, 1488, 2103, 994, 12.876, 1.94, 2.10, 12.876, 1.94, 2.10, 0.000, 173.47, -0.02);
insert into SHOT values (2121, 1488, 2104, 994, 11.109, 288.40, 4.44, 11.109, 288.40, 4.44, 0.000, 185.46, 0.01);
insert into SHOT values (2122, 1488, 2105, 994, 4.899, 20.11, 59.63, 4.899, 20.11, 59.63, 0.000, 176.62, -0.27);
insert into SHOT values (2123, 1488, 2106, 994, 1.902, 19.14, -26.50, 1.902, 19.14, -26.50, 0.000, 158.67, 0.02);
insert into SHOT values (2124, 1489, 2107, 994, 4.044, 2.22, 15.46, 4.044, 2.22, 15.46, 0.000, 172.96, 0.02);
insert into SHOT values (2125, 1489, 2108, 994, 8.010, 321.71, 5.46, 8.010, 321.71, 5.46, 0.000, 163.60, 0.03);
insert into SHOT values (2126, 1489, 2109, 994, 12.481, 310.51, 1.39, 12.481, 310.51, 1.39, 0.000, 182.23, -0.01);
insert into SHOT values (2127, 1489, 2110, 994, 14.976, 282.58, -2.39, 14.976, 282.58, -2.39, 0.000, 184.70, 0.00);
insert into SHOT values (2128, 1489, 2111, 994, 11.372, 228.50, 4.61, 11.372, 228.50, 4.61, 0.000, 206.54, -0.05);
insert into SHOT values (2129, 1489, 2112, 994, 15.570, 226.21, 5.24, 15.570, 226.21, 5.24, 0.000, 10.66, -0.02);
insert into SHOT values (2130, 1489, 2113, 994, 8.055, 228.05, 1.77, 8.055, 228.05, 1.77, 0.000, 169.70, 0.00);
insert into SHOT values (2131, 1489, 2114, 994, 28.209, 294.34, -3.34, 28.209, 294.34, -3.34, 0.000, 5.50, -0.00);
insert into SHOT values (2132, 1489, 2115, 994, 1.929, 281.75, 37.08, 1.929, 281.75, 37.08, 0.000, 9.86, -0.00);
insert into SHOT values (2133, 1489, 2116, 994, 2.876, 272.88, -33.59, 2.876, 272.88, -33.59, 0.000, 178.81, 0.01);
insert into SHOT values (2134, 1491, 2117, 994, 6.636, 225.12, 1.97, 6.636, 225.12, 1.97, 0.000, 314.04, -0.01);
insert into SHOT values (2135, 1491, 2118, 994, 9.485, 218.98, -4.55, 9.485, 218.98, -4.55, 0.000, 177.17, -0.00);
insert into SHOT values (2136, 1491, 2119, 994, 14.505, 184.20, 3.20, 14.505, 184.20, 3.20, 0.000, 350.96, -0.01);
insert into SHOT values (2137, 1491, 2120, 994, 14.595, 102.13, 2.47, 14.595, 102.13, 2.47, 0.000, 351.89, 0.01);
insert into SHOT values (2138, 1491, 2121, 994, 7.184, 74.63, 9.19, 7.184, 74.63, 9.19, 0.000, 182.37, 0.01);
insert into SHOT values (2139, 1491, 2122, 994, 4.325, 22.79, 12.26, 4.325, 22.79, 12.26, 0.000, 168.92, -0.01);
insert into SHOT values (2140, 1491, 2123, 994, 2.756, 1.31, 16.23, 2.756, 1.31, 16.23, 0.000, 138.97, 0.01);
insert into SHOT values (2141, 1491, 2124, 994, 1.782, 90.28, 45.35, 1.782, 90.28, 45.35, 0.000, 272.71, -0.04);
insert into SHOT values (2142, 1491, 2125, 994, 1.932, 134.89, -42.29, 1.932, 134.89, -42.29, 0.000, 172.82, 0.01);
insert into SHOT values (2143, 1491, 2126, 994, 10.757, 225.85, -5.09, 10.757, 225.85, -5.09, 0.000, 183.29, -0.01);
insert into SHOT values (2144, 1491, 2127, 994, 9.082, 206.43, -0.43, 9.082, 206.43, -0.43, 0.000, 184.54, 0.00);
insert into SHOT values (2145, 1491, 2128, 994, 13.169, 185.79, 0.53, 13.169, 185.79, 0.53, 0.000, 183.20, -0.00);
insert into SHOT values (2146, 1491, 2129, 994, 14.571, 179.80, 1.92, 14.571, 179.80, 1.92, 0.000, 352.97, 0.02);
insert into SHOT values (2147, 1491, 2130, 994, 4.326, 30.50, 10.59, 4.326, 30.50, 10.58, 0.000, 354.36, -0.00);
insert into SHOT values (2148, 1491, 2131, 994, 10.924, 283.91, 0.03, 10.924, 283.91, 0.03, 0.000, 7.71, 0.01);
insert into SHOT values (2149, 1491, 2132, 994, 9.632, 295.78, 9.70, 9.632, 295.78, 9.69, 0.000, 356.52, -0.01);
insert into SHOT values (2150, 1491, 2133, 994, 1.811, 296.73, 33.13, 1.811, 296.73, 33.13, 0.000, 170.56, -0.01);
insert into SHOT values (2151, 1491, 2134, 994, 1.417, 293.45, -30.62, 1.417, 293.45, -30.62, 0.000, 208.37, 0.05);
insert into SHOT values (2152, 1492, 2135, 994, 8.506, 115.79, 15.88, 8.506, 115.79, 15.88, 0.000, 15.90, -0.02);
insert into SHOT values (2153, 1492, 2136, 994, 13.946, 74.68, 6.61, 13.946, 74.68, 6.61, 0.000, 3.39, -0.00);
insert into SHOT values (2154, 1492, 2137, 994, 14.514, 81.66, 9.75, 14.514, 81.66, 9.75, 0.000, 179.57, -0.01);
insert into SHOT values (2155, 1492, 2138, 994, 9.442, 280.35, 6.86, 9.442, 280.35, 6.86, 0.000, 182.63, 0.00);
insert into SHOT values (2156, 1492, 2139, 994, 10.501, 310.67, 4.44, 10.501, 310.67, 4.44, 0.000, 5.80, 0.01);
insert into SHOT values (2157, 1492, 2140, 994, 20.263, 310.62, 4.61, 20.263, 310.62, 4.61, 0.000, 2.50, 0.01);
insert into SHOT values (2158, 1492, 2141, 994, 31.466, 217.05, 2.23, 31.466, 217.05, 2.22, 0.000, 212.59, -0.01);
insert into SHOT values (2159, 1492, 2142, 994, 26.882, 190.47, 2.41, 26.882, 190.47, 2.41, 0.000, 172.81, -0.01);
insert into SHOT values (2160, 1492, 2143, 994, 29.990, 167.60, 1.71, 29.990, 167.60, 1.71, 0.000, 310.32, 0.06);
insert into SHOT values (2161, 1492, 2144, 994, 3.291, 196.38, 47.06, 3.291, 196.38, 47.06, 0.000, 202.63, -0.02);
insert into SHOT values (2162, 1492, 2145, 994, 4.044, 177.59, -26.97, 4.044, 177.59, -26.97, 0.000, 70.72, 0.07);
insert into SHOT values (2163, 1494, 2146, 994, 9.223, 245.16, -1.83, 9.223, 245.16, -1.83, 0.000, 185.88, 0.01);
insert into SHOT values (2164, 1494, 2147, 994, 10.320, 225.39, -11.57, 10.320, 225.39, -11.57, 0.000, 348.88, 0.01);
insert into SHOT values (2165, 1494, 2148, 994, 9.557, 199.05, -10.30, 9.557, 199.05, -10.30, 0.000, 159.41, 0.02);
insert into SHOT values (2166, 1494, 2149, 994, 10.676, 174.94, -9.00, 10.676, 174.94, -9.00, 0.000, 226.67, 0.04);
insert into SHOT values (2167, 1494, 2150, 994, 10.326, 153.27, -4.07, 10.326, 153.27, -4.06, 0.000, 167.79, 0.05);
insert into SHOT values (2168, 1494, 2151, 994, 6.823, 304.57, 23.98, 6.823, 304.57, 23.98, 0.000, 252.21, 0.01);
insert into SHOT values (2169, 1494, 2152, 994, 14.245, 295.93, 12.96, 14.245, 295.93, 12.96, 0.000, 356.20, 0.00);
insert into SHOT values (2170, 1494, 2153, 994, 0.630, 27.43, 15.31, 0.630, 27.43, 15.31, 0.000, 185.41, 0.00);
insert into SHOT values (2171, 1494, 2154, 994, 2.214, 275.05, 78.75, 2.214, 275.05, 78.76, 0.000, 6.45, 0.00);
insert into SHOT values (2172, 1494, 2155, 994, 5.471, 219.86, -23.47, 5.471, 219.86, -23.47, 0.000, 353.18, -0.00);
insert into SHOT values (2173, 1495, 2156, 994, 7.057, 179.20, 3.19, 7.057, 179.20, 3.19, 0.000, 188.69, -0.02);
insert into SHOT values (2174, 1495, 2157, 994, 7.956, 151.70, -4.26, 7.956, 151.70, -4.26, 0.000, 6.69, -0.00);
insert into SHOT values (2175, 1495, 2158, 994, 1.136, 323.18, 6.89, 1.136, 323.18, 6.89, 0.000, 357.63, 0.00);
insert into SHOT values (2176, 1495, 2159, 994, 3.500, 32.64, 8.58, 3.500, 32.64, 8.58, 0.000, 181.71, 0.00);
insert into SHOT values (2177, 1495, 2160, 994, 0.827, 222.71, 80.10, 0.827, 222.71, 80.10, 0.000, 358.67, 0.00);
insert into SHOT values (2178, 1495, 2161, 994, 2.290, 209.25, -18.55, 2.290, 209.25, -18.55, 0.000, 11.75, 0.01);
insert into SHOT values (2179, 1497, 2162, 994, 9.031, 68.79, 9.17, 9.031, 68.79, 9.17, 0.000, 160.60, 0.02);
insert into SHOT values (2180, 1497, 2163, 994, 4.631, 4.68, 17.39, 4.631, 4.68, 17.39, 0.000, 174.56, 0.01);
insert into SHOT values (2181, 1497, 2164, 994, 4.910, 318.05, 13.90, 4.910, 318.05, 13.90, 0.000, 196.88, 0.02);
insert into SHOT values (2182, 1497, 2165, 994, 9.657, 301.00, 9.68, 9.657, 301.00, 9.68, 0.000, 344.97, 0.01);
insert into SHOT values (2183, 1497, 2166, 994, 15.261, 127.25, 10.06, 15.261, 127.25, 10.06, 0.000, 165.95, -0.01);
insert into SHOT values (2184, 1497, 2167, 994, 11.883, 142.31, 10.28, 11.883, 142.31, 10.28, 0.000, 2.00, -0.01);
insert into SHOT values (2185, 1497, 2168, 994, 6.690, 158.36, 12.35, 6.690, 158.36, 12.35, 0.000, 353.86, 0.00);
insert into SHOT values (2186, 1497, 2169, 994, 2.653, 263.45, 50.87, 2.653, 263.45, 50.87, 0.000, 3.70, -0.01);
insert into SHOT values (2187, 1497, 2170, 994, 2.362, 220.49, -25.64, 2.362, 220.49, -25.64, 0.000, 174.62, -0.00);
insert into SHOT values (2188, 1498, 2171, 994, 6.508, 100.67, 18.92, 6.508, 100.67, 18.92, 0.000, 352.37, 0.00);
insert into SHOT values (2189, 1498, 2172, 994, 13.014, 34.31, 16.42, 13.014, 34.31, 16.42, 0.000, 8.41, 0.00);
insert into SHOT values (2190, 1498, 2173, 994, 13.259, 57.15, 9.92, 13.259, 57.15, 9.92, 0.000, 200.86, 0.00);
insert into SHOT values (2191, 1498, 2174, 994, 6.344, 97.53, 9.90, 6.344, 97.53, 9.90, 0.000, 191.63, -0.00);
insert into SHOT values (2192, 1498, 2175, 994, 11.123, 339.01, 10.44, 11.123, 339.01, 10.44, 0.000, 6.27, -0.00);
insert into SHOT values (2193, 1498, 2176, 994, 12.674, 313.55, -2.04, 12.674, 313.55, -2.04, 0.000, 2.72, 0.00);
insert into SHOT values (2194, 1498, 2177, 994, 11.241, 272.75, -2.63, 11.241, 272.75, -2.63, 0.000, 357.91, 0.01);
insert into SHOT values (2195, 1498, 2178, 994, 5.890, 266.01, -1.41, 5.890, 266.01, -1.41, 0.000, 15.32, 0.01);
insert into SHOT values (2196, 1498, 2179, 994, 13.131, 193.12, 0.81, 13.131, 193.12, 0.81, 0.000, 23.70, 0.00);
insert into SHOT values (2197, 1498, 2180, 994, 3.332, 169.62, 22.29, 3.332, 169.62, 22.29, 0.000, 355.90, -0.00);
insert into SHOT values (2198, 1498, 2181, 994, 1.377, 202.09, -17.62, 1.377, 202.09, -17.62, 0.000, 33.91, 0.05);
insert into SHOT values (2199, 1499, 2182, 994, 16.918, 102.26, -0.67, 16.918, 102.26, -0.67, 0.000, 192.40, -0.00);
insert into SHOT values (2200, 1499, 2183, 994, 18.907, 159.06, 0.13, 18.907, 159.06, 0.13, 0.000, 176.09, 0.00);
insert into SHOT values (2201, 1499, 2184, 994, 11.913, 202.87, 0.43, 11.913, 202.87, 0.43, 0.000, 195.40, -0.01);
insert into SHOT values (2202, 1499, 2185, 994, 16.832, 226.18, -0.93, 16.832, 226.18, -0.93, 0.000, 5.82, -0.00);
insert into SHOT values (2203, 1499, 2186, 994, 14.119, 302.35, -4.69, 14.119, 302.35, -4.69, 0.000, 174.83, -0.00);
insert into SHOT values (2204, 1499, 2187, 994, 1.061, 249.30, 62.46, 1.061, 249.30, 62.46, 0.000, 5.77, 0.00);
insert into SHOT values (2205, 1499, 2188, 994, 6.677, 201.62, -31.31, 6.677, 201.62, -31.31, 0.000, 338.72, 0.02);
insert into SHOT values (2206, 1502, 2189, 994, 10.995, 176.67, 6.85, 10.995, 176.67, 6.85, 0.000, 3.27, 0.01);
insert into SHOT values (2207, 1502, 2190, 994, 14.733, 211.80, 3.64, 14.733, 211.80, 3.64, 0.000, 21.34, -0.01);
insert into SHOT values (2208, 1502, 2191, 994, 11.070, 149.81, 9.41, 11.070, 149.81, 9.41, 0.000, 174.25, -0.00);
insert into SHOT values (2209, 1502, 2192, 994, 3.918, 184.12, 80.34, 3.918, 184.12, 80.34, 0.000, 352.46, -0.01);
insert into SHOT values (2210, 1502, 2193, 994, 15.937, 289.77, 5.97, 15.937, 289.77, 5.97, 0.000, 139.91, -0.09);
insert into SHOT values (2211, 1502, 2194, 994, 11.404, 335.03, 13.55, 11.404, 335.03, 13.55, 0.000, 334.65, -0.01);
insert into SHOT values (2212, 1502, 2195, 994, 13.580, 32.64, 11.70, 13.580, 32.64, 11.70, 0.000, 351.03, 0.01);
insert into SHOT values (2213, 1501, 2196, 994, 8.959, 199.60, 7.58, 8.959, 199.60, 7.58, 0.000, 162.91, 0.02);
insert into SHOT values (2214, 1501, 2197, 994, 9.982, 172.56, 12.45, 9.982, 172.56, 12.45, 0.000, 175.23, 0.01);
insert into SHOT values (2215, 1501, 2198, 994, 9.820, 253.33, 4.82, 9.820, 253.33, 4.82, 0.000, 353.14, -0.01);
insert into SHOT values (2216, 1501, 2199, 994, 3.473, 204.91, 79.14, 3.473, 204.91, 79.13, 0.000, 178.95, -0.00);
insert into SHOT values (2217, 1501, 2200, 994, 7.427, 15.64, 12.76, 7.427, 15.64, 12.75, 0.000, 20.44, 0.03);
insert into SHOT values (2218, 1501, 2201, 994, 8.966, 39.77, 11.43, 8.966, 39.77, 11.43, 0.000, 0.73, -0.00);
insert into SHOT values (2219, 1501, 2202, 994, 22.690, 100.18, 9.62, 22.690, 100.18, 9.62, 0.000, 170.88, -0.02);
insert into SHOT values (2220, 1503, 2203, 994, 3.257, 201.23, 5.39, 3.257, 201.23, 5.39, 0.000, 192.27, -0.01);
insert into SHOT values (2221, 1503, 2204, 994, 6.970, 250.27, 8.58, 6.970, 250.27, 8.58, 0.000, 174.87, -0.00);
insert into SHOT values (2222, 1503, 2205, 994, 6.445, 158.39, 7.87, 6.445, 158.39, 7.87, 0.000, 163.00, 0.03);
insert into SHOT values (2223, 1503, 2206, 994, 2.472, 186.29, 73.82, 2.472, 186.29, 73.82, 0.000, 193.91, -0.01);
insert into SHOT values (2224, 1503, 2207, 994, 9.545, 99.39, 4.64, 9.545, 99.39, 4.64, 0.000, 165.93, -0.01);
insert into SHOT values (2225, 1503, 2208, 994, 8.605, 69.76, 8.76, 8.605, 69.76, 8.76, 0.000, 6.03, -0.01);
insert into SHOT values (2226, 1503, 2209, 994, 19.180, 2.85, 4.26, 19.180, 2.85, 4.26, 0.000, 190.36, -0.01);
insert into SHOT values (2227, 1504, 2210, 994, 2.445, 152.24, 17.16, 2.445, 152.24, 17.16, 0.000, 350.99, 0.01);
insert into SHOT values (2228, 1504, 2211, 994, 5.117, 107.80, 5.54, 5.117, 107.80, 5.54, 0.000, 176.63, 0.01);
insert into SHOT values (2229, 1504, 2212, 994, 3.635, 200.12, 6.53, 3.635, 200.12, 6.53, 0.000, 345.22, -0.09);
insert into SHOT values (2230, 1504, 2213, 994, 11.442, 233.68, 0.76, 11.442, 233.68, 0.76, 0.000, 171.75, -0.01);
insert into SHOT values (2231, 1504, 2214, 994, 16.309, 270.24, 0.56, 16.309, 270.24, 0.56, 0.000, 60.70, 0.09);
insert into SHOT values (2232, 1504, 2215, 994, 1.577, 192.29, 83.24, 1.577, 192.29, 83.24, 0.000, 351.41, -0.00);
insert into SHOT values (2233, 1504, 2216, 994, 3.395, 36.89, 11.42, 3.395, 36.89, 11.42, 0.000, 182.13, 0.00);
insert into SHOT values (2234, 1504, 2217, 994, 4.270, 337.62, 12.09, 4.270, 337.62, 12.09, 0.000, 5.30, 0.03);
insert into SHOT values (2235, 1504, 2218, 994, 6.430, 319.16, 7.62, 6.430, 319.16, 7.62, 0.000, 355.88, 0.00);
insert into SHOT values (2236, 1504, 2219, 994, 18.098, 170.90, -2.66, 18.098, 170.90, -2.66, 0.000, 353.59, -0.01);
insert into SHOT values (2237, 1505, 2220, 994, 2.746, 161.20, 17.71, 2.746, 161.20, 17.71, 0.000, 210.77, 0.01);
insert into SHOT values (2238, 1505, 2221, 994, 18.425, 214.85, -2.25, 18.425, 214.85, -2.25, 0.000, 351.12, 0.01);
insert into SHOT values (2239, 1505, 2222, 994, 14.689, 247.72, -0.40, 14.689, 247.72, -0.40, 0.000, 353.79, -0.01);
insert into SHOT values (2240, 1505, 2223, 994, 1.701, 199.80, 80.89, 1.701, 199.80, 80.89, 0.000, 175.20, 0.01);
insert into SHOT values (2241, 1505, 2224, 994, 12.811, 282.59, 1.09, 12.811, 282.59, 1.09, 0.000, 16.26, 0.00);
insert into SHOT values (2242, 1505, 2225, 994, 14.765, 298.90, 1.31, 14.765, 298.90, 1.31, 0.000, 4.70, 0.01);
insert into SHOT values (2243, 1505, 2226, 994, 9.615, 312.84, 2.15, 9.615, 312.84, 2.15, 0.000, 173.02, -0.00);
insert into SHOT values (2244, 1505, 2227, 994, 9.204, 341.72, 5.14, 9.204, 341.72, 5.14, 0.000, 6.27, 0.02);
insert into SHOT values (2245, 1505, 2228, 994, 8.308, 40.48, 8.58, 8.308, 40.48, 8.58, 0.000, 172.03, -0.01);
insert into SHOT values (2246, 1505, 2229, 994, 12.365, 61.53, 7.68, 12.365, 61.53, 7.68, 0.000, 206.00, -0.03);
insert into SHOT values (2247, 1506, 2230, 994, 8.298, 250.17, -1.98, 8.298, 250.17, -1.98, 0.000, 353.02, -0.00);
insert into SHOT values (2248, 1506, 2231, 994, 6.206, 224.57, 1.87, 6.206, 224.57, 1.87, 0.000, 7.88, 0.01);
insert into SHOT values (2249, 1506, 2232, 994, 4.572, 188.63, 4.07, 4.572, 188.63, 4.07, 0.000, 198.70, 0.01);
insert into SHOT values (2250, 1506, 2233, 994, 4.712, 152.35, 8.30, 4.712, 152.35, 8.30, 0.000, 179.40, -0.00);
insert into SHOT values (2251, 1506, 2234, 994, 1.532, 172.58, 73.88, 1.532, 172.58, 73.88, 0.000, 5.15, 0.00);
insert into SHOT values (2252, 1506, 2235, 994, 11.260, 303.12, 1.85, 11.260, 303.12, 1.85, 0.000, 353.22, -0.01);
insert into SHOT values (2253, 1506, 2236, 994, 5.572, 331.30, 6.69, 5.572, 331.30, 6.69, 0.000, 13.28, 0.00);
insert into SHOT values (2254, 1506, 2237, 994, 4.737, 13.04, 8.34, 4.737, 13.04, 8.34, 0.000, 193.42, -0.01);
insert into SHOT values (2255, 1506, 2238, 994, 9.259, 30.81, 7.64, 9.259, 30.81, 7.64, 0.000, 187.77, 0.03);
insert into SHOT values (2256, 1506, 2239, 994, 11.383, 54.14, 8.32, 11.383, 54.14, 8.32, 0.000, 256.24, -0.06);
insert into SHOT values (2257, 1506, 2240, 994, 9.029, 81.08, 7.36, 9.029, 81.08, 7.36, 0.000, 174.33, 0.01);
insert into SHOT values (2258, 1507, 2241, 994, 2.779, 251.86, 4.21, 2.779, 251.86, 4.21, 0.000, 6.42, -0.00);
insert into SHOT values (2259, 1507, 2242, 994, 8.397, 220.12, 1.14, 8.397, 220.12, 1.14, 0.000, 8.14, -0.01);
insert into SHOT values (2260, 1507, 2243, 994, 4.668, 283.09, -0.66, 4.668, 283.09, -0.66, 0.000, 176.63, -0.01);
insert into SHOT values (2261, 1507, 2244, 994, 1.072, 247.76, 73.99, 1.072, 247.76, 73.99, 0.000, 182.18, 0.00);
insert into SHOT values (2262, 1507, 2245, 994, 4.733, 156.89, 6.99, 4.733, 156.89, 6.99, 0.000, 178.31, -0.00);
insert into SHOT values (2263, 1507, 2246, 994, 3.781, 127.99, 8.56, 3.781, 127.99, 8.56, 0.000, 182.65, 0.00);
insert into SHOT values (2264, 1507, 2247, 994, 5.428, 71.74, 2.49, 5.428, 71.74, 2.49, 0.000, 330.47, -0.02);
insert into SHOT values (2265, 1507, 2248, 994, 4.759, 30.91, 5.08, 4.759, 30.91, 5.08, 0.000, 351.03, 0.00);
insert into SHOT values (2266, 1507, 2249, 994, 6.190, 357.10, 4.31, 6.190, 357.10, 4.31, 0.000, 350.74, 0.01);
insert into SHOT values (2267, 1508, 2250, 994, 1.724, 287.61, -3.53, 1.724, 287.61, -3.53, 0.000, 178.47, -0.00);
insert into SHOT values (2268, 1508, 2251, 994, 1.120, 224.79, 78.24, 1.120, 224.79, 78.24, 0.000, 352.06, -0.01);
insert into SHOT values (2269, 1508, 2252, 994, 2.581, 160.25, 3.80, 2.581, 160.25, 3.80, 0.000, 182.88, 0.00);
insert into SHOT values (2270, 1508, 2253, 994, 3.596, 126.56, 7.16, 3.596, 126.56, 7.16, 0.000, 192.58, 0.01);
insert into SHOT values (2271, 1509, 2254, 994, 2.278, 300.30, 13.34, 2.278, 300.30, 13.34, 0.000, 328.76, -0.02);
insert into SHOT values (2272, 1509, 2255, 994, 2.151, 251.94, 9.26, 2.151, 251.94, 9.26, 0.000, 199.90, -0.01);
insert into SHOT values (2273, 1509, 2256, 994, 5.681, 247.93, 1.58, 5.681, 247.93, 1.58, 0.000, 6.84, -0.00);
insert into SHOT values (2274, 1509, 2257, 994, 5.152, 338.10, 3.64, 5.152, 338.10, 3.64, 0.000, 333.08, 0.02);
insert into SHOT values (2275, 1509, 2258, 994, 1.210, 295.41, 76.12, 1.210, 295.41, 76.12, 0.000, 187.68, 0.01);
insert into SHOT values (2276, 1509, 2259, 994, 4.971, 197.55, 5.78, 4.971, 197.55, 5.78, 0.000, 4.50, 0.01);
insert into SHOT values (2277, 1509, 2260, 994, 3.032, 160.68, 12.35, 3.032, 160.68, 12.35, 0.000, 353.42, -0.01);
insert into SHOT values (2278, 1509, 2261, 994, 3.443, 128.11, 7.09, 3.443, 128.11, 7.09, 0.000, 231.33, 0.11);
insert into SHOT values (2279, 1509, 2262, 994, 4.371, 72.93, 6.48, 4.371, 72.93, 6.48, 0.000, 178.32, -0.03);
insert into SHOT values (2280, 1510, 2263, 994, 2.171, 313.85, 6.50, 2.171, 313.85, 6.50, 0.000, 6.88, 0.00);
insert into SHOT values (2281, 1510, 2264, 994, 2.864, 277.43, 4.28, 2.864, 277.43, 4.28, 0.000, 358.66, -0.00);
insert into SHOT values (2282, 1510, 2265, 994, 2.802, 2.71, 6.23, 2.802, 2.71, 6.23, 0.000, 182.08, -0.00);
insert into SHOT values (2283, 1510, 2266, 994, 1.043, 265.12, 73.80, 1.043, 265.12, 73.80, 0.000, 54.52, -0.03);
insert into SHOT values (2284, 1510, 2267, 994, 7.416, 239.27, -2.65, 7.416, 239.27, -2.65, 0.000, 183.73, 0.01);
insert into SHOT values (2285, 1510, 2268, 994, 4.317, 205.69, 5.43, 4.317, 205.69, 5.43, 0.000, 273.71, 0.09);
insert into SHOT values (2286, 1510, 2269, 994, 3.831, 155.75, 8.27, 3.831, 155.75, 8.27, 0.000, 15.04, 0.02);
insert into SHOT values (2287, 1510, 2270, 994, 4.758, 147.98, 7.98, 4.758, 147.98, 7.98, 0.000, 176.25, -0.01);
insert into SHOT values (2288, 1511, 2271, 994, 3.997, 62.27, 11.15, 3.997, 62.27, 11.15, 0.000, 1.97, -0.00);
insert into SHOT values (2289, 1511, 2272, 994, 3.627, 2.19, 6.68, 3.627, 2.19, 6.68, 0.000, 12.24, 0.02);
insert into SHOT values (2290, 1511, 2273, 994, 6.811, 321.19, 5.72, 6.811, 321.19, 5.72, 0.000, 157.48, 0.02);
insert into SHOT values (2291, 1511, 2274, 994, 1.700, 329.07, 82.28, 1.700, 329.07, 82.28, 0.000, 7.67, -0.34);
insert into SHOT values (2292, 1511, 2275, 994, 4.957, 240.99, 0.08, 4.957, 240.99, 0.08, 0.000, 168.98, 0.01);
insert into SHOT values (2293, 1511, 2276, 994, 3.507, 216.45, -0.12, 3.507, 216.45, -0.12, 0.000, 17.01, 0.04);
insert into SHOT values (2294, 1511, 2277, 994, 3.509, 171.35, 6.86, 3.509, 171.35, 6.86, 0.000, 178.00, -0.00);
insert into SHOT values (2295, 1511, 2278, 994, 3.877, 146.40, 15.81, 3.877, 146.40, 15.81, 0.000, 125.42, -0.23);
insert into SHOT values (2296, 1511, 2279, 994, 2.960, 306.70, 23.38, 2.960, 306.70, 23.38, 0.000, 233.42, 0.05);
insert into SHOT values (2297, 1512, 2280, 994, 0.770, 302.28, 66.06, 0.770, 302.28, 66.05, 0.000, 289.50, 0.14);
insert into SHOT values (2298, 1512, 2281, 994, 2.405, 255.24, 24.49, 2.405, 255.24, 24.49, 0.000, 188.48, -0.03);
insert into SHOT values (2299, 1512, 2282, 994, 0.928, 343.42, 23.44, 0.928, 343.42, 23.44, 0.000, 171.71, 0.00);
insert into SHOT values (2300, 1512, 2283, 994, 4.995, 241.45, 1.47, 4.995, 241.45, 1.47, 0.000, 351.82, -0.00);
insert into SHOT values (2301, 1512, 2284, 994, 3.027, 211.59, 2.36, 3.027, 211.59, 2.36, 0.000, 352.26, -0.01);
insert into SHOT values (2302, 1512, 2285, 994, 1.889, 155.32, 4.26, 1.889, 155.32, 4.26, 0.000, 10.93, -0.01);
insert into SHOT values (2303, 1512, 2286, 994, 5.582, 180.73, -1.67, 5.582, 180.73, -1.67, 0.000, 350.09, 0.00);
insert into SHOT values (2304, 1512, 2287, 994, 5.344, 194.11, -0.23, 5.344, 194.11, -0.22, 0.000, 181.33, 0.01);
insert into SHOT values (2305, 1512, 2288, 994, 5.106, 155.72, -1.17, 5.106, 155.72, -1.17, 0.000, 6.85, 0.00);
insert into SHOT values (2306, 1513, 2289, 994, 5.009, 340.40, -1.65, 5.009, 340.40, -1.65, 0.000, 184.94, 0.00);
insert into SHOT values (2307, 1513, 2290, 994, 2.888, 27.61, -0.26, 2.888, 27.61, -0.26, 0.000, 349.87, 0.02);
insert into SHOT values (2308, 1513, 2291, 994, 5.213, 70.94, -0.29, 5.213, 70.94, -0.29, 0.000, 164.85, 0.00);
insert into SHOT values (2309, 1513, 2292, 994, 1.541, 9.94, 60.96, 1.541, 9.94, 60.96, 0.000, 148.86, -0.03);
insert into SHOT values (2310, 1513, 2293, 994, 1.819, 279.10, 11.95, 1.819, 279.10, 11.95, 0.000, 2.31, 0.01);
insert into SHOT values (2311, 1513, 2294, 994, 1.473, 240.63, 9.94, 1.473, 240.63, 9.94, 0.000, 186.82, -0.00);
insert into SHOT values (2312, 1513, 2295, 994, 5.692, 239.14, -0.81, 5.692, 239.14, -0.81, 0.000, 343.63, 0.01);
insert into SHOT values (2313, 1513, 2296, 994, 7.917, 268.74, -1.85, 7.917, 268.74, -1.85, 0.000, 174.54, 0.00);
insert into SHOT values (2314, 1513, 2297, 994, 1.856, 50.00, 52.55, 1.856, 50.00, 52.55, 0.000, 3.32, -0.00);
insert into SHOT values (2315, 1514, 2298, 994, 2.891, 29.22, 2.75, 2.891, 29.22, 2.75, 0.000, 358.80, 0.01);
insert into SHOT values (2316, 1514, 2299, 994, 7.883, 37.42, 3.08, 7.883, 37.42, 3.08, 0.000, 172.64, -0.00);
insert into SHOT values (2317, 1514, 2300, 994, 3.807, 59.58, 4.96, 3.807, 59.58, 4.96, 0.000, 176.63, -0.01);
insert into SHOT values (2318, 1514, 2301, 994, 4.501, 98.71, 81.66, 4.501, 98.71, 81.66, 0.000, 180.14, -0.01);
insert into SHOT values (2319, 1514, 2302, 994, 2.639, 260.82, 66.58, 2.639, 260.82, 66.58, 0.000, 196.94, 0.02);
insert into SHOT values (2320, 1514, 2303, 994, 1.016, 330.55, 47.65, 1.016, 330.55, 47.65, 0.000, 357.22, 0.01);
insert into SHOT values (2321, 1514, 2304, 994, 1.686, 101.96, 37.14, 1.686, 101.96, 37.14, 0.000, 186.97, -0.01);
insert into SHOT values (2322, 1514, 2305, 994, 5.245, 186.14, 2.44, 5.245, 186.14, 2.44, 0.000, 350.70, 0.00);
insert into SHOT values (2323, 1514, 2306, 994, 4.115, 225.59, -0.67, 4.115, 225.59, -0.67, 0.000, 15.73, 0.02);
insert into SHOT values (2324, 1514, 2307, 994, 3.718, 258.49, 0.69, 3.718, 258.49, 0.69, 0.000, 326.66, -0.01);
insert into SHOT values (2325, 1514, 2308, 994, 5.470, 282.16, -0.37, 5.470, 282.16, -0.37, 0.000, 1.61, 0.00);
insert into SHOT values (2326, 1514, 2309, 994, 4.056, 295.64, 0.32, 4.056, 295.64, 0.32, 0.000, 18.27, -0.02);
insert into SHOT values (2327, 1514, 2310, 994, 5.131, 7.31, 3.18, 5.131, 7.31, 3.18, 0.000, 357.41, 0.00);
insert into SHOT values (2328, 1515, 2311, 994, 4.719, 125.96, 6.50, 4.719, 125.96, 6.50, 0.000, 338.54, 0.03);
insert into SHOT values (2329, 1515, 2312, 994, 7.873, 146.88, 2.09, 7.873, 146.88, 2.09, 0.000, 4.43, 0.00);
insert into SHOT values (2330, 1515, 2313, 994, 7.700, 173.39, -2.69, 7.700, 173.39, -2.69, 0.000, 4.16, -0.01);
insert into SHOT values (2331, 1515, 2314, 994, 4.471, 220.82, 7.14, 4.471, 220.82, 7.14, 0.000, 173.04, -0.01);
insert into SHOT values (2332, 1515, 2315, 994, 2.003, 176.00, 63.85, 2.003, 176.00, 63.85, 0.000, 349.85, -0.01);
insert into SHOT values (2333, 1517, 2316, 994, 2.583, 240.87, 3.22, 2.583, 240.87, 3.22, 0.000, 194.07, 0.01);
insert into SHOT values (2334, 1517, 2317, 994, 3.454, 270.39, 7.63, 3.454, 270.39, 7.63, 0.000, 0.42, 0.00);
insert into SHOT values (2335, 1517, 2318, 994, 4.338, 300.27, 13.89, 4.338, 300.27, 13.89, 0.000, 191.22, -0.00);
insert into SHOT values (2336, 1517, 2319, 994, 3.509, 342.94, 7.13, 3.509, 342.94, 7.13, 0.000, 204.81, -0.00);
insert into SHOT values (2337, 1517, 2320, 994, 1.982, 31.98, 23.98, 1.982, 31.98, 23.98, 0.000, 194.41, -0.01);
insert into SHOT values (2338, 1517, 2321, 994, 1.407, 6.26, 77.73, 1.407, 6.26, 77.73, 0.000, 185.21, -0.00);
insert into SHOT values (2339, 1517, 2322, 994, 15.647, 316.85, -2.29, 15.647, 316.85, -2.29, 0.000, 170.55, 0.00);
insert into SHOT values (2340, 1517, 2323, 994, 15.345, 309.64, -1.54, 15.345, 309.64, -1.54, 0.000, 133.20, 0.02);
insert into SHOT values (2341, 1517, 2324, 994, 15.972, 325.30, -1.90, 15.972, 325.30, -1.90, 0.000, 350.33, -0.00);
insert into SHOT values (2342, 1517, 2325, 994, 1.685, 95.48, 58.94, 1.685, 95.48, 58.94, 0.000, 179.24, 0.01);
insert into SHOT values (2343, 1517, 2326, 994, 5.027, 104.33, 7.53, 5.027, 104.33, 7.53, 0.000, 184.26, 0.01);
insert into SHOT values (2344, 1517, 2327, 994, 8.924, 118.97, 5.96, 8.924, 118.97, 5.95, 0.000, 170.66, 0.01);
insert into SHOT values (2345, 1517, 2328, 994, 8.863, 132.65, 4.95, 8.863, 132.65, 4.95, 0.000, 175.71, 0.00);
insert into SHOT values (2346, 1517, 2329, 994, 8.125, 157.10, -6.31, 8.125, 157.10, -6.31, 0.000, 170.90, 0.01);
insert into SHOT values (2347, 1518, 2330, 994, 3.444, 350.04, 4.89, 3.444, 350.04, 4.89, 0.000, 349.55, -0.01);
insert into SHOT values (2348, 1518, 2331, 994, 5.640, 348.07, 17.43, 5.640, 348.07, 17.43, 0.000, 5.72, 0.01);
insert into SHOT values (2349, 1518, 2332, 994, 8.101, 10.23, 14.78, 8.101, 10.23, 14.78, 0.000, 191.79, 0.00);
insert into SHOT values (2350, 1518, 2333, 994, 3.416, 313.12, 78.15, 3.416, 313.12, 78.15, 0.000, 186.91, -0.00);
insert into SHOT values (2351, 1518, 2334, 994, 6.568, 286.94, 13.78, 6.568, 286.94, 13.78, 0.000, 350.01, 0.04);
insert into SHOT values (2352, 1518, 2335, 994, 11.065, 274.35, 7.36, 11.065, 274.35, 7.36, 0.000, 351.16, 0.01);
insert into SHOT values (2353, 1518, 2336, 994, 5.779, 242.55, 26.69, 5.779, 242.55, 26.69, 0.000, 5.81, 0.02);
insert into SHOT values (2354, 1518, 2337, 994, 9.868, 319.58, 11.79, 9.868, 319.58, 11.79, 0.000, 4.13, 0.00);
insert into SHOT values (2355, 1518, 2338, 994, 16.405, 107.54, 7.92, 16.405, 107.54, 7.92, 0.000, 4.88, -0.01);
insert into SHOT values (2356, 1518, 2339, 994, 14.827, 128.69, 6.86, 14.827, 128.69, 6.86, 0.000, 12.54, 0.01);
insert into SHOT values (2357, 1518, 2340, 994, 13.686, 142.19, 8.46, 13.686, 142.19, 8.46, 0.000, 186.87, 0.01);
insert into SHOT values (2358, 1518, 2341, 994, 13.097, 152.98, 8.19, 13.097, 152.98, 8.19, 0.000, 5.83, -0.00);
insert into SHOT values (2359, 1518, 2342, 994, 31.307, 98.71, 4.26, 31.307, 98.71, 4.26, 0.000, 173.40, -0.01);
insert into SHOT values (2360, 1518, 2343, 994, 33.322, 97.86, 4.22, 33.322, 97.86, 4.22, 0.000, 354.93, -0.00);
insert into SHOT values (2361, 1519, 2344, 994, 8.575, 129.76, 1.08, 8.575, 129.76, 1.08, 0.000, 171.03, 0.00);
insert into SHOT values (2362, 1519, 2345, 994, 12.182, 149.57, -0.49, 12.182, 149.57, -0.49, 0.000, 353.20, -0.01);
insert into SHOT values (2363, 1519, 2346, 994, 11.370, 166.95, -1.13, 11.370, 166.95, -1.13, 0.000, 172.02, -0.01);
insert into SHOT values (2364, 1519, 2347, 994, 4.083, 27.80, 73.16, 4.083, 27.80, 73.16, 0.000, 175.46, 0.01);
insert into SHOT values (2365, 1519, 2348, 994, 10.246, 28.56, 14.84, 10.246, 28.56, 14.84, 0.000, 346.28, -0.01);
insert into SHOT values (2366, 1519, 2349, 994, 10.818, 5.59, 14.88, 10.818, 5.59, 14.87, 0.000, 346.30, -0.02);
insert into SHOT values (2367, 1519, 2350, 994, 23.334, 341.64, 10.78, 23.334, 341.64, 10.78, 0.000, 187.79, 0.00);
insert into SHOT values (2368, 1519, 2351, 994, 13.458, 283.18, 2.58, 13.458, 283.18, 2.58, 0.000, 177.84, -0.01);
insert into SHOT values (2369, 1519, 2352, 994, 5.222, 96.54, 21.49, 5.222, 96.54, 21.49, 0.000, 0.85, 0.00);
insert into SHOT values (2370, 1519, 2353, 994, 11.471, 74.59, 19.63, 11.471, 74.59, 19.63, 0.000, 358.44, -0.00);
insert into SHOT values (2371, 1520, 2354, 994, 2.081, 124.76, -1.13, 2.081, 124.76, -1.13, 0.000, 354.17, -0.00);
insert into SHOT values (2372, 1520, 2355, 994, 1.618, 172.50, 2.02, 1.618, 172.50, 2.02, 0.000, 159.69, -0.02);
insert into SHOT values (2373, 1520, 2356, 994, 1.326, 101.64, 72.31, 1.326, 101.64, 72.31, 0.000, 13.19, -0.01);
insert into SHOT values (2374, 1520, 2357, 994, 4.617, 46.51, 4.05, 4.617, 46.51, 4.05, 0.000, 337.00, -0.02);
insert into SHOT values (2375, 1521, 2358, 994, 3.271, 161.35, 8.16, 3.271, 161.35, 8.16, 0.000, 0.16, -0.00);
insert into SHOT values (2376, 1521, 2359, 994, 2.773, 216.99, 7.90, 2.773, 216.99, 7.90, 0.000, 192.87, 0.00);
insert into SHOT values (2377, 1521, 2360, 994, 5.230, 109.27, 7.60, 5.230, 109.27, 7.60, 0.000, 350.31, -0.00);
insert into SHOT values (2378, 1521, 2361, 994, 8.217, 289.87, 9.15, 8.217, 289.87, 9.15, 0.000, 182.59, 0.02);
insert into SHOT values (2379, 1521, 2362, 994, 5.962, 326.29, 11.18, 5.962, 326.29, 11.18, 0.000, 183.05, -0.01);
insert into SHOT values (2380, 1521, 2363, 994, 12.152, 335.28, 4.31, 12.152, 335.28, 4.31, 0.000, 185.31, -0.01);
insert into SHOT values (2381, 1521, 2364, 994, 2.717, 140.74, 75.50, 2.717, 140.74, 75.50, 0.000, 186.72, 0.00);
insert into SHOT values (2382, 1521, 2365, 994, 12.280, 86.83, 6.91, 12.280, 86.83, 6.91, 0.000, 175.39, -0.00);
insert into SHOT values (2383, 1521, 2366, 994, 17.902, 70.78, 8.93, 17.902, 70.78, 8.93, 0.000, 44.56, -0.02);
insert into SHOT values (2384, 1521, 2367, 994, 12.585, 106.06, 3.62, 12.585, 106.06, 3.62, 0.000, 173.96, 0.00);
insert into SHOT values (2385, 1521, 2368, 994, 5.438, 58.79, 25.42, 5.438, 58.79, 25.42, 0.000, 184.39, 0.00);
insert into SHOT values (2386, 1522, 2369, 994, 9.005, 141.78, 14.61, 9.005, 141.78, 14.61, 0.000, 174.09, 0.01);
insert into SHOT values (2387, 1522, 2370, 994, 6.913, 169.63, 8.12, 6.913, 169.63, 8.12, 0.000, 356.11, -0.01);
insert into SHOT values (2388, 1522, 2371, 994, 16.446, 193.50, 4.80, 16.446, 193.50, 4.80, 0.000, 357.63, 0.01);
insert into SHOT values (2389, 1522, 2372, 994, 15.660, 204.91, 4.10, 15.660, 204.91, 4.10, 0.000, 355.64, 0.02);
insert into SHOT values (2390, 1522, 2373, 994, 5.361, 153.25, 80.30, 5.361, 153.25, 80.30, 0.000, 163.09, -0.03);
insert into SHOT values (2391, 1522, 2374, 994, 12.604, 275.72, 2.86, 12.604, 275.72, 2.86, 0.000, 0.43, -0.00);
insert into SHOT values (2392, 1522, 2375, 994, 12.277, 286.25, 0.72, 12.277, 286.25, 0.72, 0.000, 355.84, 0.00);
insert into SHOT values (2393, 1522, 2376, 994, 11.709, 306.89, 3.35, 11.709, 306.89, 3.35, 0.000, 172.44, -0.01);
insert into SHOT values (2394, 1522, 2377, 994, 7.420, 349.52, 12.22, 7.420, 349.52, 12.22, 0.000, 8.79, 0.00);
insert into SHOT values (2395, 1485, 2378, 994, 9.959, 21.61, 1.90, 9.959, 21.61, 1.90, 0.000, 174.09, 0.01);
insert into SHOT values (2396, 1485, 2379, 994, 11.733, 348.59, 2.37, 11.733, 348.59, 2.37, 0.000, 352.89, -0.01);
insert into SHOT values (2397, 1485, 2380, 994, 13.219, 317.91, 1.08, 13.219, 317.91, 1.08, 0.000, 161.78, -0.02);
insert into SHOT values (2398, 1485, 2381, 994, 2.613, 195.87, 66.52, 2.613, 195.87, 66.52, 0.000, 14.61, 0.06);
insert into SHOT values (2399, 1485, 2382, 994, 4.092, 197.37, 11.10, 4.092, 197.37, 11.10, 0.000, 182.45, -0.01);
insert into SHOT values (2400, 1485, 2383, 994, 10.762, 165.75, 3.50, 10.762, 165.75, 3.50, 0.000, 157.32, -0.00);
insert into SHOT values (2401, 1485, 2384, 994, 6.212, 227.44, 2.78, 6.212, 227.44, 2.78, 0.000, 354.02, -0.00);
insert into SHOT values (2402, 1523, 2385, 994, 10.242, 339.07, 0.86, 10.242, 339.07, 0.86, 0.000, 169.88, 0.02);
insert into SHOT values (2403, 1523, 2386, 994, 6.470, 356.36, 3.71, 6.470, 356.36, 3.71, 0.000, 172.84, 0.01);
insert into SHOT values (2404, 1523, 2387, 994, 7.946, 40.50, 9.06, 7.946, 40.50, 9.06, 0.000, 173.87, 0.01);
insert into SHOT values (2405, 1523, 2388, 994, 11.007, 63.00, 14.23, 11.007, 63.00, 14.23, 0.000, 205.95, -0.05);
insert into SHOT values (2406, 1523, 2389, 994, 2.920, 42.54, 79.19, 2.920, 42.54, 79.20, 0.000, 279.28, 0.06);
insert into SHOT values (2407, 1523, 2390, 994, 10.079, 105.48, 8.34, 10.079, 105.48, 8.34, 0.000, 180.86, 0.03);
insert into SHOT values (2408, 1523, 2391, 994, 9.546, 121.50, 8.05, 9.546, 121.50, 8.05, 0.000, 177.24, -0.02);
insert into SHOT values (2409, 1523, 2392, 994, 7.021, 143.90, 6.54, 7.021, 143.90, 6.54, 0.000, 172.92, -0.01);
insert into SHOT values (2410, 1523, 2393, 994, 14.187, 240.22, -2.27, 14.187, 240.22, -2.27, 0.000, 192.27, -0.01);
insert into SHOT values (2411, 1523, 2394, 994, 13.946, 258.14, -1.85, 13.946, 258.14, -1.85, 0.000, 6.59, -0.00);
insert into SHOT values (2412, 1524, 2395, 994, 2.030, 218.19, 7.87, 2.030, 218.19, 7.87, 0.000, 287.84, -0.07);
insert into SHOT values (2413, 1524, 2396, 994, 6.141, 174.22, 6.58, 6.141, 174.22, 6.57, 0.000, 179.02, -0.00);
insert into SHOT values (2414, 1524, 2397, 994, 6.076, 164.02, 0.49, 6.076, 164.02, 0.49, 0.000, 351.57, 0.01);
insert into SHOT values (2415, 1524, 2398, 994, 10.986, 156.25, -2.97, 10.986, 156.25, -2.97, 0.000, 186.91, 0.01);
insert into SHOT values (2416, 1524, 2399, 994, 15.465, 127.85, -5.42, 15.465, 127.85, -5.42, 0.000, 45.34, -0.00);
insert into SHOT values (2417, 1524, 2400, 994, 9.412, 114.22, -5.61, 9.412, 114.22, -5.61, 0.000, 188.40, 0.01);
insert into SHOT values (2418, 1524, 2401, 994, 6.929, 98.96, 0.43, 6.929, 98.96, 0.43, 0.000, 188.59, -0.00);
insert into SHOT values (2419, 1524, 2402, 994, 2.077, 145.59, 72.93, 2.077, 145.59, 72.93, 0.000, 175.46, 0.02);
insert into SHOT values (2420, 1525, 2403, 994, 5.254, 229.18, -1.68, 5.254, 229.18, -1.68, 0.000, 6.02, 0.00);
insert into SHOT values (2421, 1525, 2404, 994, 5.873, 248.73, 1.02, 5.873, 248.73, 1.02, 0.000, 351.94, 0.00);
insert into SHOT values (2422, 1525, 2405, 994, 2.828, 56.82, 0.15, 2.828, 56.82, 0.15, 0.000, 324.04, -0.02);
insert into SHOT values (2423, 1525, 2406, 994, 5.740, 80.49, 2.64, 5.740, 80.49, 2.64, 0.000, 348.60, 0.00);
insert into SHOT values (2424, 1525, 2407, 994, 12.208, 111.11, -3.83, 12.208, 111.11, -3.83, 0.000, 351.22, 0.01);
insert into SHOT values (2425, 1525, 2408, 994, 12.339, 160.93, -7.75, 12.339, 160.93, -7.74, 0.000, 171.12, 0.01);
insert into SHOT values (2426, 1525, 2409, 994, 7.813, 170.53, -9.20, 7.813, 170.53, -9.20, 0.000, 192.67, 0.01);
insert into SHOT values (2427, 1525, 2410, 994, 1.465, 294.79, 84.48, 1.465, 294.79, 84.48, 0.000, 254.91, 0.02);
insert into SHOT values (2428, 1525, 2411, 994, 2.034, 163.03, 30.75, 2.034, 163.03, 30.74, 0.000, 180.03, -0.00);
insert into SHOT values (2429, 1526, 2412, 994, 6.558, 51.09, 12.61, 6.558, 51.09, 12.61, 0.000, 124.36, 0.02);
insert into SHOT values (2430, 1526, 2413, 994, 7.107, 92.66, 7.29, 7.107, 92.66, 7.29, 0.000, 7.97, 0.01);
insert into SHOT values (2431, 1526, 2414, 994, 7.950, 104.62, 3.91, 7.950, 104.62, 3.91, 0.000, 355.56, 0.01);
insert into SHOT values (2432, 1526, 2415, 994, 5.738, 133.26, 2.81, 5.738, 133.26, 2.81, 0.000, 1.37, -0.01);
insert into SHOT values (2433, 1526, 2416, 994, 6.537, 165.85, -0.90, 6.537, 165.85, -0.90, 0.000, 344.11, -0.01);
insert into SHOT values (2434, 1526, 2417, 994, 8.094, 188.50, -4.37, 8.094, 188.50, -4.37, 0.000, 101.20, 0.05);
insert into SHOT values (2435, 1526, 2418, 994, 9.548, 206.50, -5.97, 9.548, 206.50, -5.97, 0.000, 185.43, -0.00);
insert into SHOT values (2436, 1526, 2419, 994, 13.721, 217.83, -5.74, 13.721, 217.83, -5.74, 0.000, 179.80, 0.01);
insert into SHOT values (2437, 1526, 2420, 994, 6.535, 224.65, -5.89, 6.535, 224.65, -5.89, 0.000, 5.01, 0.02);
insert into SHOT values (2438, 1526, 2421, 994, 7.168, 250.25, -1.52, 7.168, 250.25, -1.52, 0.000, 359.85, -0.00);
insert into SHOT values (2439, 1526, 2422, 994, 4.424, 257.30, 8.52, 4.424, 257.30, 8.52, 0.000, 41.90, 0.04);
insert into SHOT values (2440, 1526, 2423, 994, 2.383, 81.49, 76.51, 2.383, 81.49, 76.51, 0.000, 346.76, -0.02);
insert into SHOT values (2441, 1527, 2424, 994, 1.836, 189.43, -4.77, 1.836, 189.43, -4.77, 0.000, 48.85, 0.06);
insert into SHOT values (2442, 1527, 2425, 994, 3.346, 247.96, -7.72, 3.346, 247.96, -7.72, 0.000, 6.51, 0.02);
insert into SHOT values (2443, 1527, 2426, 994, 4.822, 262.41, -6.42, 4.822, 262.41, -6.42, 0.000, 175.50, 0.03);
insert into SHOT values (2444, 1527, 2427, 994, 2.855, 130.16, -2.27, 2.855, 130.16, -2.27, 0.000, 178.22, -0.00);
insert into SHOT values (2445, 1527, 2428, 994, 7.353, 117.00, -2.60, 7.353, 117.00, -2.60, 0.000, 352.24, -0.01);
insert into SHOT values (2446, 1527, 2429, 994, 8.558, 97.68, -2.02, 8.558, 97.68, -2.02, 0.000, 181.41, 0.00);
insert into SHOT values (2447, 1527, 2430, 994, 7.342, 77.57, 0.90, 7.342, 77.57, 0.90, 0.000, 153.98, 0.11);
insert into SHOT values (2448, 1527, 2431, 994, 8.398, 60.04, 3.55, 8.398, 60.04, 3.55, 0.000, 13.42, -0.00);
insert into SHOT values (2449, 1527, 2432, 994, 5.252, 299.92, -0.02, 5.252, 299.92, -0.02, 0.000, 17.91, 0.02);
insert into SHOT values (2450, 1527, 2433, 994, 2.716, 347.52, 2.95, 2.716, 347.52, 2.95, 0.000, 5.57, -0.00);
insert into SHOT values (2451, 1527, 2434, 994, 1.972, 273.71, 66.13, 1.972, 273.71, 66.13, 0.000, 358.83, 0.01);
insert into SHOT values (2452, 1527, 2435, 994, 10.573, 9.45, 12.90, 10.573, 9.45, 12.90, 0.000, 355.86, -0.00);
insert into SHOT values (2453, 1527, 2436, 994, 15.383, 50.58, 10.71, 15.383, 50.58, 10.71, 0.000, 188.13, -0.02);
insert into SHOT values (2454, 1528, 2437, 994, 10.714, 31.83, 83.56, 10.714, 31.83, 83.56, 0.000, 186.29, 0.01);
insert into SHOT values (2455, 1528, 2438, 994, 6.110, 33.56, 71.61, 6.110, 33.56, 71.61, 0.000, 2.57, -0.01);
insert into SHOT values (2456, 1528, 2439, 994, 10.747, 29.81, 77.21, 10.747, 29.81, 77.21, 0.000, 352.81, 0.03);
insert into SHOT values (2457, 1528, 2440, 994, 6.974, 108.64, 75.13, 6.974, 108.64, 75.13, 0.000, 174.15, -0.01);
insert into SHOT values (2458, 1528, 2441, 994, 7.585, 78.62, 54.24, 7.585, 78.62, 54.24, 0.000, 357.92, -0.00);
insert into SHOT values (2459, 1528, 2442, 994, 6.753, 98.07, 37.49, 6.753, 98.07, 37.49, 0.000, 345.88, -0.01);
insert into SHOT values (2460, 1528, 2443, 994, 7.674, 95.24, 9.37, 7.674, 95.24, 9.37, 0.000, 352.62, 0.01);
insert into SHOT values (2461, 1528, 2444, 994, 2.844, 42.78, 16.09, 2.844, 42.78, 16.10, 0.000, 187.34, -0.01);
insert into SHOT values (2462, 1528, 2445, 994, 2.582, 347.72, 4.88, 2.582, 347.72, 4.88, 0.000, 175.11, -0.01);
insert into SHOT values (2463, 1528, 2446, 994, 2.641, 302.47, 10.88, 2.641, 302.47, 10.88, 0.000, 341.99, -0.02);
insert into SHOT values (2464, 1528, 2447, 994, 6.514, 292.26, 37.50, 6.514, 292.26, 37.50, 0.000, 177.61, 0.00);
insert into SHOT values (2465, 1528, 2448, 994, 7.658, 290.22, 52.59, 7.658, 290.22, 52.59, 0.000, 182.11, 0.00);
insert into SHOT values (2466, 1528, 2449, 994, 15.897, 301.44, 58.51, 15.897, 301.44, 58.51, 0.000, 166.45, 0.04);
insert into SHOT values (2467, 1528, 2450, 994, 15.785, 309.47, 78.07, 15.785, 309.47, 78.07, 0.000, 8.03, 0.02);
insert into SHOT values (2468, 1528, 2451, 994, 2.855, 240.70, -12.64, 2.855, 240.70, -12.65, 0.000, 348.99, 0.01);
insert into SHOT values (2469, 1528, 2452, 994, 4.834, 188.51, -17.72, 4.834, 188.51, -17.72, 0.000, 341.04, 0.04);
insert into SHOT values (2470, 1528, 2453, 994, 5.632, 156.49, -13.35, 5.632, 156.49, -13.35, 0.000, 170.37, -0.02);
insert into SHOT values (2471, 1529, 2454, 994, 5.888, 352.74, 17.98, 5.888, 352.74, 17.98, 0.000, 8.60, 0.00);
insert into SHOT values (2472, 1529, 2455, 994, 5.601, 28.75, 14.31, 5.601, 28.75, 14.31, 0.000, 173.13, 0.01);
insert into SHOT values (2473, 1529, 2456, 994, 9.008, 48.41, 8.16, 9.008, 48.41, 8.16, 0.000, 354.64, 0.01);
insert into SHOT values (2474, 1529, 2457, 994, 1.233, 187.70, 15.97, 1.233, 187.70, 15.97, 0.000, 308.90, -0.02);
insert into SHOT values (2475, 1529, 2458, 994, 2.081, 129.55, 25.84, 2.081, 129.55, 25.84, 0.000, 352.88, -0.01);
insert into SHOT values (2476, 1529, 2459, 994, 4.877, 114.68, 13.14, 4.877, 114.68, 13.15, 0.000, 359.14, -0.01);
insert into SHOT values (2477, 1529, 2460, 994, 9.123, 99.03, 7.06, 9.123, 99.03, 7.06, 0.000, 182.81, -0.01);
insert into SHOT values (2478, 1529, 2461, 994, 15.992, 88.48, 7.01, 15.992, 88.48, 7.01, 0.000, 3.90, -0.01);
insert into SHOT values (2479, 1529, 2462, 994, 2.919, 61.14, 69.60, 2.919, 61.14, 69.60, 0.000, 358.17, -0.02);
insert into SHOT values (2480, 1529, 2463, 994, 5.358, 92.74, 36.54, 5.358, 92.74, 36.54, 0.000, 358.43, -0.07);
insert into SHOT values (2481, 1530, 2464, 994, 3.692, 153.04, 6.52, 3.692, 153.04, 6.52, 0.000, 8.80, -0.01);
insert into SHOT values (2482, 1530, 2465, 994, 5.202, 100.92, 5.32, 5.202, 100.92, 5.32, 0.000, 343.19, 0.01);
insert into SHOT values (2483, 1530, 2466, 994, 7.369, 92.67, 5.10, 7.369, 92.67, 5.10, 0.000, 354.65, -0.00);
insert into SHOT values (2484, 1530, 2467, 994, 5.706, 208.91, 14.07, 5.706, 208.91, 14.07, 0.000, 181.96, -0.02);
insert into SHOT values (2485, 1530, 2468, 994, 1.883, 180.90, 83.45, 1.883, 180.90, 83.45, 0.000, 2.85, -0.02);
insert into SHOT values (2486, 1530, 2469, 994, 8.746, 305.74, 2.82, 8.746, 305.74, 2.82, 0.000, 172.79, -0.00);
insert into SHOT values (2487, 1530, 2470, 994, 9.239, 353.93, 1.21, 9.239, 353.93, 1.21, 0.000, 198.36, 0.02);
insert into SHOT values (2488, 1530, 2471, 994, 10.620, 6.01, 3.41, 10.620, 6.01, 3.41, 0.000, 179.84, -0.01);
insert into SHOT values (2489, 1530, 2472, 994, 18.970, 76.95, 5.33, 18.970, 76.95, 5.33, 0.000, 40.13, 0.05);
insert into SHOT values (2490, 1531, 2473, 994, 4.734, 145.10, 5.33, 4.734, 145.10, 5.33, 0.000, 174.85, 0.00);
insert into SHOT values (2491, 1531, 2474, 994, 10.650, 125.37, 3.99, 10.650, 125.37, 3.99, 0.000, 317.55, -0.05);
insert into SHOT values (2492, 1531, 2475, 994, 9.860, 105.99, 6.10, 9.860, 105.99, 6.10, 0.000, 344.16, 0.04);
insert into SHOT values (2493, 1531, 2476, 994, 8.851, 83.72, 7.68, 8.851, 83.72, 7.68, 0.000, 4.19, -0.00);
insert into SHOT values (2494, 1531, 2477, 994, 11.112, 68.18, 10.70, 11.112, 68.18, 10.70, 0.000, 359.43, -0.02);
insert into SHOT values (2495, 1531, 2478, 994, 2.969, 85.56, 67.42, 2.969, 85.56, 67.42, 0.000, 16.24, 0.01);
insert into SHOT values (2496, 1531, 2479, 994, 10.813, 288.74, -1.38, 10.813, 288.74, -1.38, 0.000, 354.72, -0.00);
insert into SHOT values (2497, 1531, 2480, 994, 13.338, 323.04, -0.85, 13.338, 323.04, -0.85, 0.000, 211.66, 0.02);
insert into SHOT values (2498, 1531, 2481, 994, 13.239, 345.67, 0.61, 13.239, 345.67, 0.61, 0.000, 351.55, -0.01);
insert into SHOT values (2499, 1531, 2482, 994, 18.510, 355.62, 2.81, 18.510, 355.62, 2.81, 0.000, 29.03, -0.02);
insert into SHOT values (2500, 1531, 2483, 994, 14.942, 59.49, 12.15, 14.942, 59.49, 12.15, 0.000, 126.89, -0.12);
insert into SHOT values (2501, 1531, 2484, 994, 14.928, 59.38, 12.35, 14.928, 59.38, 12.35, 0.000, 168.85, 0.03);
insert into SHOT values (2502, 1531, 2485, 994, 18.492, 59.55, 11.45, 18.492, 59.55, 11.45, 0.000, 207.25, 0.09);
insert into SHOT values (2503, 1532, 2486, 994, 3.592, 261.41, 15.46, 3.592, 261.41, 15.46, 0.000, 7.75, -0.02);
insert into SHOT values (2504, 1532, 2487, 994, 8.774, 222.45, -3.58, 8.774, 222.45, -3.58, 0.000, 351.57, -0.01);
insert into SHOT values (2505, 1532, 2488, 994, 8.083, 309.62, 17.67, 8.083, 309.62, 17.67, 0.000, 180.23, 0.02);
insert into SHOT values (2506, 1532, 2489, 994, 10.722, 329.20, 12.30, 10.722, 329.20, 12.31, 0.000, 179.45, 0.01);
insert into SHOT values (2507, 1532, 2490, 994, 17.658, 43.93, 8.52, 17.658, 43.93, 8.52, 0.000, 0.66, 0.01);
insert into SHOT values (2508, 1532, 2491, 994, 12.839, 101.63, 6.68, 12.839, 101.63, 6.68, 0.000, 182.73, -0.02);
insert into SHOT values (2509, 1532, 2492, 994, 12.179, 123.14, 3.41, 12.179, 123.14, 3.41, 0.000, 189.33, -0.01);
insert into SHOT values (2510, 1532, 2493, 994, 13.074, 143.34, 1.96, 13.074, 143.34, 1.96, 0.000, 175.06, 0.01);
insert into SHOT values (2511, 1532, 2494, 994, 17.806, 158.23, 4.47, 17.806, 158.23, 4.47, 0.000, 352.74, -0.01);
insert into SHOT values (2512, 1532, 2495, 994, 3.497, 107.38, 70.74, 3.497, 107.38, 70.74, 0.000, 5.17, 0.01);
insert into SHOT values (2513, 1532, 2496, 994, 17.200, 350.44, 6.94, 17.200, 350.44, 6.94, 0.000, 19.25, -0.04);
insert into SHOT values (2514, 1532, 2497, 994, 16.955, 336.64, 5.90, 16.955, 336.64, 5.90, 0.000, 4.25, 0.02);
insert into SHOT values (2515, 1533, 2498, 994, 16.468, 253.31, 5.32, 16.468, 253.31, 5.32, 0.000, 14.21, -0.02);
insert into SHOT values (2516, 1533, 2499, 994, 14.522, 260.91, 4.79, 14.522, 260.91, 4.79, 0.000, 6.89, 0.00);
insert into SHOT values (2517, 1533, 2500, 994, 21.091, 256.13, 15.46, 21.091, 256.13, 15.46, 0.000, 340.38, -0.07);
insert into SHOT values (2518, 1533, 2501, 994, 21.042, 254.58, 16.31, 21.042, 254.58, 16.31, 0.000, 180.99, -0.00);
insert into SHOT values (2519, 1533, 2502, 994, 15.402, 282.57, 2.69, 15.402, 282.57, 2.69, 0.000, 358.54, 0.01);
insert into SHOT values (2520, 1533, 2503, 994, 16.689, 308.36, 2.35, 16.689, 308.36, 2.35, 0.000, 1.49, 0.01);
insert into SHOT values (2521, 1533, 2504, 994, 16.818, 329.53, 2.64, 16.818, 329.53, 2.64, 0.000, 192.82, -0.02);
insert into SHOT values (2522, 1533, 2505, 994, 13.630, 340.14, 3.09, 13.630, 340.14, 3.09, 0.000, 172.43, 0.04);
insert into SHOT values (2523, 1533, 2506, 994, 13.425, 7.70, 3.25, 13.425, 7.70, 3.25, 0.000, 346.25, -0.09);
insert into SHOT values (2524, 1533, 2507, 994, 15.700, 17.05, 3.96, 15.700, 17.05, 3.96, 0.000, 355.13, -0.01);
insert into SHOT values (2525, 1533, 2508, 994, 19.256, 35.57, 3.36, 19.256, 35.57, 3.36, 0.000, 356.31, -0.00);
insert into SHOT values (2526, 1533, 2509, 994, 2.365, 4.28, 71.64, 2.365, 4.28, 71.64, 0.000, 8.76, 0.00);
insert into SHOT values (2527, 1533, 2510, 994, 11.052, 163.35, -0.86, 11.052, 163.35, -0.86, 0.000, 6.94, 0.00);
insert into SHOT values (2528, 1533, 2511, 994, 7.647, 140.14, 2.09, 7.647, 140.14, 2.09, 0.000, 341.56, 0.03);
insert into SHOT values (2529, 1533, 2512, 994, 8.897, 118.58, 3.08, 8.897, 118.58, 3.08, 0.000, 359.22, 0.02);
insert into SHOT values (2530, 1533, 2513, 994, 10.500, 107.66, 1.59, 10.500, 107.66, 1.59, 0.000, 358.32, -0.01);
insert into SHOT values (2531, 1533, 2514, 994, 12.566, 81.43, 2.62, 12.566, 81.43, 2.61, 0.000, 355.44, -0.01);
insert into SHOT values (2532, 1534, 2515, 994, 4.356, 149.29, 7.99, 4.356, 149.29, 7.99, 0.000, 153.47, -0.03);
insert into SHOT values (2533, 1534, 2516, 994, 5.597, 112.07, 6.99, 5.597, 112.07, 6.99, 0.000, 166.86, 0.04);
insert into SHOT values (2534, 1534, 2517, 994, 8.787, 96.29, 8.46, 8.787, 96.29, 8.46, 0.000, 170.95, -0.05);
insert into SHOT values (2535, 1534, 2518, 994, 2.037, 298.95, 65.77, 2.037, 298.95, 65.77, 0.000, 358.40, -0.02);
insert into SHOT values (2536, 1534, 2519, 994, 8.291, 328.47, 3.91, 8.291, 328.47, 3.91, 0.000, 137.36, 0.01);
insert into SHOT values (2537, 1534, 2520, 994, 10.589, 7.46, 3.92, 10.589, 7.46, 3.92, 0.000, 197.21, 0.01);
insert into SHOT values (2538, 1534, 2521, 994, 15.048, 43.38, 5.81, 15.048, 43.38, 5.81, 0.000, 357.16, -0.01);
insert into SHOT values (2539, 1535, 2522, 994, 11.716, 195.80, -8.87, 11.716, 195.80, -8.87, 0.000, 194.81, 0.02);
insert into SHOT values (2540, 1535, 2523, 994, 10.921, 180.03, -7.83, 10.921, 180.03, -7.83, 0.000, 357.15, 0.00);
insert into SHOT values (2541, 1535, 2524, 994, 9.968, 155.99, -4.87, 9.968, 155.99, -4.87, 0.000, 159.57, -0.05);
insert into SHOT values (2542, 1535, 2525, 994, 15.610, 135.72, -2.74, 15.610, 135.72, -2.74, 0.000, 167.89, 0.05);
insert into SHOT values (2543, 1535, 2526, 994, 20.771, 116.11, 0.69, 20.771, 116.11, 0.69, 0.000, 167.18, 0.04);
insert into SHOT values (2544, 1535, 2527, 994, 11.337, 90.43, 3.39, 11.337, 90.43, 3.39, 0.000, 7.64, 0.01);
insert into SHOT values (2545, 1535, 2528, 994, 9.925, 54.34, 5.74, 9.925, 54.34, 5.74, 0.000, 354.18, -0.00);
insert into SHOT values (2546, 1535, 2529, 994, 1.646, 143.20, 67.17, 1.646, 143.20, 67.17, 0.000, 358.27, -0.02);
insert into SHOT values (2547, 1535, 2530, 994, 9.024, 259.88, -2.96, 9.024, 259.88, -2.95, 0.000, 189.27, -0.01);
insert into SHOT values (2548, 1535, 2531, 994, 8.123, 278.61, 1.04, 8.123, 278.61, 1.04, 0.000, 178.82, 0.04);
insert into SHOT values (2549, 1535, 2532, 994, 5.027, 318.57, 5.07, 5.027, 318.57, 5.07, 0.000, 177.87, -0.02);
insert into SHOT values (2550, 1535, 2533, 994, 5.594, 350.23, 5.59, 5.594, 350.23, 5.59, 0.000, 353.26, 0.01);
insert into SHOT values (2551, 1536, 2534, 994, 5.476, 288.70, 0.61, 5.476, 288.70, 0.61, 0.000, 176.06, -0.03);
insert into SHOT values (2552, 1536, 2535, 994, 10.837, 256.86, -3.80, 10.837, 256.86, -3.80, 0.000, 177.05, 0.00);
insert into SHOT values (2553, 1536, 2536, 994, 10.409, 233.89, -3.47, 10.409, 233.89, -3.47, 0.000, 177.79, 0.06);
insert into SHOT values (2554, 1536, 2537, 994, 15.321, 216.06, -2.85, 15.321, 216.06, -2.84, 0.000, 195.09, -0.01);
insert into SHOT values (2555, 1536, 2538, 994, 14.798, 203.92, -2.44, 14.798, 203.92, -2.44, 0.000, 6.57, -0.00);
insert into SHOT values (2556, 1536, 2539, 994, 11.382, 157.94, 0.76, 11.382, 157.94, 0.76, 0.000, 179.42, 0.01);
insert into SHOT values (2557, 1536, 2540, 994, 7.199, 145.36, -3.00, 7.199, 145.36, -3.00, 0.000, 188.82, -0.01);
insert into SHOT values (2558, 1536, 2541, 994, 3.535, 126.27, 0.47, 3.535, 126.27, 0.47, 0.000, 189.62, 0.09);
insert into SHOT values (2559, 1536, 2542, 994, 3.912, 71.56, 0.87, 3.912, 71.56, 0.87, 0.000, 193.51, -0.07);
insert into SHOT values (2560, 1536, 2543, 994, 6.832, 69.27, 7.47, 6.832, 69.27, 7.47, 0.000, 226.01, 0.17);
insert into SHOT values (2561, 1536, 2544, 994, 2.112, 190.43, 66.05, 2.112, 190.43, 66.05, 0.000, 353.22, 0.02);
insert into SHOT values (2562, 1537, 2545, 994, 5.849, 60.22, 1.65, 5.849, 60.22, 1.65, 0.000, 7.79, -0.01);
insert into SHOT values (2563, 1537, 2546, 994, 7.420, 77.93, 3.56, 7.420, 77.93, 3.56, 0.000, 354.43, 0.01);
insert into SHOT values (2564, 1537, 2547, 994, 10.708, 93.31, 2.02, 10.708, 93.31, 2.02, 0.000, 109.28, -0.05);
insert into SHOT values (2565, 1537, 2548, 994, 10.837, 113.05, 2.23, 10.837, 113.05, 2.22, 0.000, 193.08, 0.01);
insert into SHOT values (2566, 1537, 2549, 994, 12.400, 124.73, 0.46, 12.400, 124.73, 0.46, 0.000, 5.01, -0.01);
insert into SHOT values (2567, 1537, 2550, 994, 4.582, 199.96, 2.74, 4.582, 199.96, 2.74, 0.000, 355.92, -0.01);
insert into SHOT values (2568, 1537, 2551, 994, 4.112, 239.90, 1.08, 4.112, 239.90, 1.08, 0.000, 177.65, 0.02);
insert into SHOT values (2569, 1537, 2552, 994, 4.107, 291.12, -1.65, 4.107, 291.12, -1.65, 0.000, 346.16, -0.02);
insert into SHOT values (2570, 1537, 2553, 994, 7.026, 304.26, -5.59, 7.026, 304.26, -5.59, 0.000, 266.91, -0.15);
insert into SHOT values (2571, 1537, 2554, 994, 1.533, 85.88, 70.30, 1.533, 85.88, 70.30, 0.000, 185.49, 0.02);
insert into SHOT values (2572, 1537, 2555, 994, 8.356, 174.39, 3.62, 8.356, 174.39, 3.62, 0.000, 165.83, 0.05);
insert into SHOT values (2573, 1537, 2556, 994, 6.110, 177.14, 4.05, 6.110, 177.14, 4.05, 0.000, 359.43, -0.01);
insert into SHOT values (2574, 1538, 2557, 994, 1.849, 216.96, 8.16, 1.849, 216.96, 8.16, 0.000, 196.92, -0.02);
insert into SHOT values (2575, 1538, 2558, 994, 3.367, 222.57, 1.60, 3.367, 222.57, 1.60, 0.000, 345.92, -0.05);
insert into SHOT values (2576, 1538, 2559, 994, 2.565, 173.44, 18.05, 2.565, 173.44, 18.05, 0.000, 357.08, 0.01);
insert into SHOT values (2577, 1538, 2560, 994, 1.683, 230.03, 60.35, 1.683, 230.03, 60.35, 0.000, 7.67, -0.03);
insert into SHOT values (2578, 1538, 2561, 994, 11.094, 117.66, 4.26, 11.094, 117.66, 4.26, 0.000, 173.30, 0.01);
insert into SHOT values (2579, 1538, 2562, 994, 6.485, 94.73, 3.36, 6.485, 94.73, 3.36, 0.000, 118.55, -0.01);
insert into SHOT values (2580, 1538, 2563, 994, 6.676, 79.01, 3.60, 6.676, 79.01, 3.60, 0.000, 1.76, -0.01);
insert into SHOT values (2581, 1538, 2564, 994, 9.795, 48.22, -1.48, 9.795, 48.22, -1.48, 0.000, 0.01, -0.01);
insert into SHOT values (2582, 1538, 2565, 994, 6.282, 65.85, 3.77, 6.282, 65.85, 3.77, 0.000, 340.07, -0.00);
insert into SHOT values (2583, 1538, 2566, 994, 15.145, 75.80, -0.31, 15.145, 75.80, -0.31, 0.000, 160.55, -0.04);
insert into SHOT values (2584, 1538, 2567, 994, 8.261, 322.23, -6.72, 8.261, 322.23, -6.72, 0.000, 353.84, 0.00);
insert into SHOT values (2585, 1538, 2568, 994, 7.478, 344.86, -6.60, 7.478, 344.86, -6.60, 0.000, 177.11, 0.01);
insert into SHOT values (2586, 1538, 2569, 994, 7.686, 269.17, -2.77, 7.686, 269.17, -2.77, 0.000, 23.02, 0.03);
insert into SHOT values (2587, 1538, 2570, 994, 5.432, 265.21, -3.48, 5.432, 265.21, -3.48, 0.000, 166.07, 0.00);
insert into SHOT values (2588, 1539, 2571, 994, 10.213, 226.96, 1.98, 10.213, 226.96, 1.98, 0.000, 173.91, -0.01);
insert into SHOT values (2589, 1539, 2572, 994, 14.226, 244.70, 0.82, 14.226, 244.70, 0.82, 0.000, 345.36, -0.02);
insert into SHOT values (2590, 1539, 2573, 994, 1.420, 345.73, 66.54, 1.420, 345.73, 66.54, 0.000, 174.36, 0.01);
insert into SHOT values (2591, 1539, 2574, 994, 6.617, 300.75, 0.02, 6.617, 300.75, 0.02, 0.000, 8.89, 0.01);
insert into SHOT values (2592, 1539, 2575, 994, 3.781, 333.92, -0.17, 3.781, 333.92, -0.17, 0.000, 175.02, -0.01);
insert into SHOT values (2593, 1539, 2576, 994, 5.149, 66.55, 2.77, 5.149, 66.55, 2.77, 0.000, 171.46, -0.04);
insert into SHOT values (2594, 1540, 2577, 994, 14.212, 132.15, 2.41, 14.212, 132.15, 2.41, 0.000, 24.18, -0.04);
insert into SHOT values (2595, 1540, 2578, 994, 9.703, 165.09, -0.05, 9.703, 165.09, -0.05, 0.000, 3.80, 0.01);
insert into SHOT values (2596, 1540, 2579, 994, 10.308, 202.27, -2.45, 10.308, 202.27, -2.45, 0.000, 357.50, 0.01);
insert into SHOT values (2597, 1540, 2580, 994, 12.178, 237.05, -2.45, 12.178, 237.05, -2.45, 0.000, 313.55, 0.02);
insert into SHOT values (2598, 1540, 2581, 994, 9.929, 282.39, -1.17, 9.929, 282.39, -1.16, 0.000, 6.39, 0.00);
insert into SHOT values (2599, 1540, 2582, 994, 8.737, 305.03, -2.86, 8.737, 305.03, -2.86, 0.000, 173.19, 0.01);
insert into SHOT values (2600, 1540, 2583, 994, 10.244, 348.30, -4.71, 10.244, 348.30, -4.71, 0.000, 4.88, 0.04);
insert into SHOT values (2601, 1540, 2584, 994, 11.056, 19.58, -3.86, 11.056, 19.58, -3.86, 0.000, 178.11, -0.01);
insert into SHOT values (2602, 1540, 2585, 994, 2.014, 336.26, 57.21, 2.014, 336.26, 57.21, 0.000, 353.23, 0.02);
insert into SHOT values (2603, 1540, 2586, 994, 6.086, 62.25, 3.53, 6.086, 62.25, 3.53, 0.000, 14.39, -0.04);
insert into SHOT values (2604, 1540, 2587, 994, 8.021, 78.63, 2.58, 8.021, 78.63, 2.58, 0.000, 179.43, 0.01);
insert into SHOT values (2605, 1541, 2588, 994, 2.753, 339.86, -2.86, 2.753, 339.86, -2.86, 0.000, 170.39, 0.01);
insert into SHOT values (2606, 1541, 2589, 994, 6.272, 41.54, 2.54, 6.272, 41.54, 2.54, 0.000, 178.23, 0.91);
insert into SHOT values (2607, 1541, 2590, 994, 7.022, 270.80, 2.27, 7.022, 270.80, 2.27, 0.000, 177.78, 0.06);
insert into SHOT values (2608, 1541, 2591, 994, 7.444, 209.45, 3.74, 7.444, 209.45, 3.74, 0.000, 187.95, 0.03);
insert into SHOT values (2609, 1541, 2592, 994, 6.903, 180.42, 5.14, 6.903, 180.42, 5.14, 0.000, 171.63, 0.01);
insert into SHOT values (2610, 1541, 2593, 994, 6.996, 141.42, 2.43, 6.996, 141.42, 2.43, 0.000, 187.69, -0.01);
insert into SHOT values (2611, 1541, 2594, 994, 6.045, 119.45, 3.12, 6.045, 119.45, 3.12, 0.000, 183.92, -0.00);
insert into SHOT values (2612, 1541, 2595, 994, 2.300, 79.53, 60.20, 2.300, 79.53, 60.20, 0.000, 176.32, 0.01);
insert into SHOT values (2613, 1541, 2596, 994, 10.024, 99.93, 1.77, 10.024, 99.93, 1.77, 0.000, 9.59, -0.04);
insert into SHOT values (2614, 1542, 2597, 994, 1.498, 359.55, 13.46, 1.498, 359.55, 13.46, 0.000, 259.52, 0.02);
insert into SHOT values (2615, 1542, 2598, 994, 3.716, 268.04, 6.27, 3.716, 268.04, 6.27, 0.000, 156.00, -0.02);
insert into SHOT values (2616, 1542, 2599, 994, 4.951, 236.76, -2.58, 4.951, 236.76, -2.58, 0.000, 357.02, -0.03);
insert into SHOT values (2617, 1542, 2600, 994, 2.063, 131.22, 10.32, 2.063, 131.22, 10.32, 0.000, 189.79, 0.00);
insert into SHOT values (2618, 1542, 2601, 994, 2.201, 69.80, 16.90, 2.201, 69.80, 16.90, 0.000, 177.31, -0.02);
insert into SHOT values (2619, 1542, 2602, 994, 3.909, 91.16, 21.91, 3.909, 91.16, 21.91, 0.000, 352.35, -0.03);
insert into SHOT values (2620, 1542, 2603, 994, 3.974, 110.17, 21.21, 3.974, 110.17, 21.21, 0.000, 212.93, 0.06);
insert into SHOT values (2621, 1542, 2604, 994, 1.793, 154.79, 64.08, 1.793, 154.79, 64.08, 0.000, 7.71, 0.05);
insert into SHOT values (2622, 1542, 2605, 994, 4.342, 76.95, 70.76, 4.342, 76.95, 70.76, 0.000, 45.02, -0.02);
insert into SHOT values (2623, 1543, 2606, 994, 0.920, 357.19, 23.79, 0.920, 357.19, 23.79, 0.000, 23.97, 0.03);
insert into SHOT values (2624, 1543, 2607, 994, 1.220, 315.21, 33.84, 1.220, 315.21, 33.84, 0.000, 188.08, -0.01);
insert into SHOT values (2625, 1543, 2608, 994, 0.365, 157.82, 17.43, 0.365, 157.82, 17.43, 0.000, 174.36, -0.02);
insert into SHOT values (2626, 1543, 2609, 994, 1.521, 82.79, 73.80, 1.521, 82.79, 73.79, 0.000, 172.70, -0.00);
insert into SHOT values (2627, 1543, 2610, 994, 2.373, 70.25, 24.51, 2.373, 70.25, 24.51, 0.000, 2.10, 0.01);
insert into SHOT values (2628, 1543, 2611, 994, 2.160, 95.85, 11.36, 2.160, 95.85, 11.36, 0.000, 223.58, -0.06);
insert into SHOT values (2629, 1544, 2612, 994, 1.037, 172.39, 4.89, 1.037, 172.39, 4.89, 0.000, 3.61, 0.01);
insert into SHOT values (2630, 1544, 2613, 994, 2.101, 193.98, 64.60, 2.101, 193.98, 64.60, 0.000, 357.10, -0.02);
insert into SHOT values (2631, 1544, 2614, 994, 0.340, 28.28, 15.63, 0.340, 28.28, 15.63, 0.000, 193.14, -0.00);
insert into SHOT values (2632, 1544, 2615, 994, 2.344, 130.42, 17.36, 2.344, 130.42, 17.36, 0.000, 336.30, -0.04);
insert into SHOT values (2633, 1544, 2616, 994, 2.814, 106.21, -1.72, 2.814, 106.21, -1.72, 0.000, 350.94, 0.02);
insert into SHOT values (2634, 1544, 2617, 994, 3.709, 131.32, -14.53, 3.709, 131.32, -14.53, 0.000, 359.18, -0.00);
insert into SHOT values (2635, 1544, 2618, 994, 1.429, 146.96, -22.83, 1.429, 146.96, -22.83, 0.000, 349.58, 0.05);
insert into SHOT values (2636, 1544, 2619, 994, 2.126, 133.90, -4.39, 2.126, 133.90, -4.39, 0.000, 183.18, 0.02);
insert into SHOT values (2637, 1545, 2620, 994, 1.257, 217.70, 13.69, 1.257, 217.70, 13.69, 0.000, 177.68, 0.01);
insert into SHOT values (2638, 1545, 2621, 994, 0.299, 67.26, 29.72, 0.299, 67.26, 29.72, 0.000, 199.44, -0.07);
insert into SHOT values (2639, 1545, 2622, 994, 1.560, 333.47, 71.78, 1.560, 333.47, 71.79, 0.000, 177.77, 0.01);
insert into SHOT values (2640, 1545, 2623, 994, 2.390, 143.78, 2.19, 2.390, 143.78, 2.19, 0.000, 352.49, -0.01);
insert into SHOT values (2641, 1545, 2624, 994, 4.581, 159.12, 1.55, 4.581, 159.12, 1.55, 0.000, 174.91, 0.01);
insert into SHOT values (2642, 1545, 2625, 994, 3.073, 176.42, -4.09, 3.073, 176.42, -4.09, 0.000, 46.71, 0.03);
insert into SHOT values (2643, 1545, 2626, 994, 3.576, 235.93, -10.51, 3.576, 235.93, -10.51, 0.000, 182.71, -0.01);
insert into SHOT values (2644, 1545, 2627, 994, 2.421, 285.38, 4.62, 2.421, 285.38, 4.62, 0.000, 186.46, -0.00);
insert into SHOT values (2645, 1545, 2628, 994, 4.162, 310.49, 3.66, 4.162, 310.49, 3.66, 0.000, 192.32, -0.03);
insert into SHOT values (2646, 1546, 2629, 994, 1.946, 179.11, 16.26, 1.946, 179.11, 16.26, 0.000, 186.46, 0.00);
insert into SHOT values (2647, 1546, 2630, 994, 1.528, 293.79, 68.83, 1.528, 293.79, 68.83, 0.000, 190.91, 0.12);
insert into SHOT values (2648, 1546, 2631, 994, 1.308, 279.30, 61.65, 1.308, 279.30, 61.65, 0.000, 173.35, 0.03);
insert into SHOT values (2649, 1546, 2632, 994, 2.024, 351.76, 4.99, 2.024, 351.76, 4.99, 0.000, 167.23, -0.03);
insert into SHOT values (2650, 1546, 2633, 994, 2.542, 313.06, 4.29, 2.542, 313.06, 4.29, 0.000, 178.13, -0.01);
insert into SHOT values (2651, 1546, 2634, 994, 4.665, 250.58, 8.63, 4.665, 250.58, 8.63, 0.000, 357.17, -0.00);
insert into SHOT values (2652, 1546, 2635, 994, 5.902, 263.21, 5.22, 5.902, 263.21, 5.22, 0.000, 358.52, 0.01);
insert into SHOT values (2653, 1547, 2636, 994, 1.327, 4.00, 7.22, 1.327, 4.00, 7.22, 0.000, 169.28, 0.01);
insert into SHOT values (2654, 1547, 2637, 994, 2.233, 307.57, 2.11, 2.233, 307.57, 2.11, 0.000, 172.27, -0.00);
insert into SHOT values (2655, 1547, 2638, 994, 3.226, 289.37, 1.58, 3.226, 289.37, 1.58, 0.000, 186.23, 0.00);
insert into SHOT values (2656, 1547, 2639, 994, 5.231, 281.35, 2.03, 5.231, 281.35, 2.03, 0.000, 353.94, 0.02);
insert into SHOT values (2657, 1547, 2640, 994, 10.032, 248.06, 0.91, 10.032, 248.06, 0.91, 0.000, 352.47, -0.01);
insert into SHOT values (2658, 1547, 2641, 994, 6.809, 232.29, 2.30, 6.809, 232.29, 2.30, 0.000, 11.44, -0.03);
insert into SHOT values (2659, 1547, 2642, 994, 3.981, 224.60, 1.90, 3.981, 224.60, 1.89, 0.000, 183.76, -0.02);
insert into SHOT values (2660, 1547, 2643, 994, 4.235, 181.61, 3.58, 4.235, 181.61, 3.58, 0.000, 0.49, -0.02);
insert into SHOT values (2661, 1547, 2644, 994, 2.799, 87.63, 1.92, 2.799, 87.63, 1.92, 0.000, 358.37, -0.02);
insert into SHOT values (2662, 1547, 2645, 994, 4.086, 107.15, 1.75, 4.086, 107.15, 1.75, 0.000, 358.83, -0.01);
insert into SHOT values (2663, 1547, 2646, 994, 0.831, 8.68, 69.67, 0.831, 8.68, 69.67, 0.000, 173.48, -0.01);
insert into SHOT values (2664, 1549, 2647, 994, 1.870, 358.98, 0.43, 1.870, 358.98, 0.43, 0.000, 8.64, -0.02);
insert into SHOT values (2665, 1549, 2648, 994, 3.663, 298.62, 1.31, 3.663, 298.62, 1.31, 0.000, 149.22, 0.05);
insert into SHOT values (2666, 1549, 2649, 994, 11.713, 295.95, -4.14, 11.713, 295.95, -4.14, 0.000, 338.89, -0.03);
insert into SHOT values (2667, 1549, 2650, 994, 8.294, 234.87, -3.00, 8.294, 234.87, -3.00, 0.000, 351.98, -0.02);
insert into SHOT values (2668, 1549, 2651, 994, 5.674, 207.31, -1.93, 5.674, 207.31, -1.93, 0.000, 177.60, 0.01);
insert into SHOT values (2669, 1549, 2652, 994, 5.830, 172.62, -5.95, 5.830, 172.62, -5.95, 0.000, 155.20, 0.07);
insert into SHOT values (2670, 1549, 2653, 994, 7.972, 155.71, -4.57, 7.972, 155.71, -4.57, 0.000, 6.63, -0.00);
insert into SHOT values (2671, 1549, 2654, 994, 14.134, 143.52, -4.79, 14.134, 143.52, -4.78, 0.000, 159.47, 0.04);
insert into SHOT values (2672, 1549, 2655, 994, 13.266, 264.17, 78.88, 13.266, 264.17, 78.88, 0.000, 176.63, 0.00);
insert into SHOT values (2673, 1549, 2656, 994, 13.961, 108.79, 81.22, 13.961, 108.79, 81.22, 0.000, 188.30, -0.02);
insert into SHOT values (2674, 1549, 2657, 994, 4.974, 235.51, 21.79, 4.974, 235.51, 21.79, 0.000, 185.91, 0.01);
insert into SHOT values (2675, 1549, 2658, 994, 3.792, 170.77, 30.93, 3.792, 170.77, 30.93, 0.000, 29.17, 1.23);
insert into SHOT values (2676, 1549, 2659, 994, 4.267, 133.80, 34.21, 4.267, 133.80, 34.21, 0.000, 4.71, -0.01);
insert into SHOT values (2677, 1549, 2660, 994, 2.808, 69.01, 63.90, 2.808, 69.01, 63.90, 0.000, 174.01, -0.01);
insert into SHOT values (2678, 1549, 2661, 994, 4.033, 282.25, 42.62, 4.033, 282.25, 42.62, 0.000, 6.00, -0.03);
insert into SHOT values (2679, 1550, 2662, 994, 8.716, 133.68, 5.81, 8.716, 133.68, 5.81, 0.000, 181.75, 0.01);
insert into SHOT values (2680, 1550, 2663, 994, 11.298, 106.60, 5.82, 11.298, 106.60, 5.82, 0.000, 338.93, -0.00);
insert into SHOT values (2681, 1550, 2664, 994, 12.955, 66.55, 3.84, 12.955, 66.55, 3.84, 0.000, 34.81, -0.06);
insert into SHOT values (2682, 1550, 2665, 994, 6.182, 25.14, 0.08, 6.182, 25.14, 0.08, 0.000, 349.77, 0.01);
insert into SHOT values (2683, 1550, 2666, 994, 5.398, 349.35, 3.45, 5.398, 349.35, 3.45, 0.000, 354.97, 0.01);
insert into SHOT values (2684, 1550, 2667, 994, 2.319, 133.96, 73.11, 2.319, 133.96, 73.11, 0.000, 16.70, 0.02);
insert into SHOT values (2685, 1551, 2668, 994, 4.134, 43.68, 25.18, 4.134, 43.68, 25.18, 0.000, 169.66, 0.02);
insert into SHOT values (2686, 1551, 2669, 994, 11.017, 103.49, 14.78, 11.017, 103.49, 14.78, 0.000, 203.47, 0.00);
insert into SHOT values (2687, 1551, 2670, 994, 5.270, 25.17, 72.05, 5.270, 25.17, 72.05, 0.000, 314.71, -0.04);
insert into SHOT values (2688, 1551, 2671, 994, 17.800, 135.40, 6.08, 17.800, 135.40, 6.08, 0.000, 13.99, -0.03);
insert into SHOT values (2689, 1551, 2672, 994, 14.782, 146.59, 5.93, 14.782, 146.59, 5.93, 0.000, 0.28, -0.01);
insert into SHOT values (2690, 1551, 2673, 994, 10.785, 168.36, 10.49, 10.785, 168.36, 10.49, 0.000, 353.32, 0.02);
insert into SHOT values (2691, 1551, 2674, 994, 13.558, 186.82, 9.94, 13.558, 186.82, 9.94, 0.000, 187.22, -0.00);
insert into SHOT values (2692, 1551, 2675, 994, 15.627, 245.21, 8.40, 15.627, 245.21, 8.41, 0.000, 4.03, 0.02);
insert into SHOT values (2693, 1552, 2676, 994, 8.539, 246.31, 7.95, 8.539, 246.31, 7.95, 0.000, 5.77, -0.01);
insert into SHOT values (2694, 1552, 2677, 994, 8.726, 272.62, 1.10, 8.726, 272.62, 1.10, 0.000, 9.78, 0.01);
insert into SHOT values (2695, 1552, 2678, 994, 14.582, 18.35, 3.63, 14.582, 18.35, 3.63, 0.000, 185.56, 0.01);
insert into SHOT values (2696, 1552, 2679, 994, 5.391, 77.79, 13.52, 5.391, 77.79, 13.52, 0.000, 179.72, -0.01);
insert into SHOT values (2697, 1552, 2680, 994, 3.442, 255.29, 74.15, 3.442, 255.29, 74.15, 0.000, 9.41, -0.03);
insert into SHOT values (2698, 1553, 2681, 994, 12.190, 86.19, 7.02, 12.190, 86.19, 7.02, 0.000, 161.38, -0.03);
insert into SHOT values (2699, 1553, 2682, 994, 21.834, 72.42, 5.94, 21.834, 72.42, 5.94, 0.000, 176.26, -0.01);
insert into SHOT values (2700, 1553, 2683, 994, 11.296, 104.55, 4.35, 11.296, 104.55, 4.35, 0.000, 14.30, 0.07);
insert into SHOT values (2701, 1553, 2684, 994, 7.525, 135.83, 4.88, 7.525, 135.83, 4.88, 0.000, 13.77, -0.00);
insert into SHOT values (2702, 1553, 2685, 994, 7.541, 146.59, 4.25, 7.541, 146.59, 4.25, 0.000, 13.13, 0.01);
insert into SHOT values (2703, 1553, 2686, 994, 10.286, 200.32, 6.74, 10.286, 200.32, 6.74, 0.000, 177.36, 0.02);
insert into SHOT values (2704, 1553, 2687, 994, 12.940, 217.63, 9.50, 12.940, 217.63, 9.50, 0.000, 329.20, 0.04);
insert into SHOT values (2705, 1553, 2688, 994, 8.344, 245.03, 11.76, 8.344, 245.03, 11.76, 0.000, 162.98, 0.06);
insert into SHOT values (2706, 1553, 2689, 994, 11.110, 274.91, 8.15, 11.110, 274.91, 8.15, 0.000, 150.95, -0.06);
insert into SHOT values (2707, 1553, 2690, 994, 6.478, 312.70, 14.20, 6.478, 312.70, 14.20, 0.000, 354.38, -0.00);
insert into SHOT values (2708, 1553, 2691, 994, 12.823, 3.58, 8.37, 12.823, 3.58, 8.37, 0.000, 4.50, 0.01);
insert into SHOT values (2709, 1553, 2692, 994, 10.642, 353.84, 9.19, 10.642, 353.84, 9.19, 0.000, 182.59, 0.02);
insert into SHOT values (2710, 1553, 2693, 994, 14.399, 358.34, 75.37, 14.399, 358.34, 75.37, 0.000, 182.18, -0.02);
insert into SHOT values (2711, 1553, 2694, 994, 20.388, 293.19, 49.14, 20.388, 293.19, 49.14, 0.000, 355.75, -0.02);
insert into SHOT values (2712, 1553, 2695, 994, 9.358, 322.61, 50.56, 9.358, 322.61, 50.56, 0.000, 318.12, -0.02);
insert into SHOT values (2713, 1553, 2696, 994, 7.771, 332.03, 41.84, 7.771, 332.03, 41.84, 0.000, 350.99, -0.11);
insert into SHOT values (2714, 1553, 2697, 994, 8.320, 356.92, 57.37, 8.320, 356.92, 57.37, 0.000, 81.00, -0.24);
insert into SHOT values (2715, 1553, 2698, 994, 10.402, 5.77, 67.36, 10.402, 5.77, 67.36, 0.000, 355.89, 0.01);
insert into SHOT values (2716, 1553, 2699, 994, 7.072, 332.93, 81.71, 7.072, 332.93, 81.71, 0.000, 182.61, -0.02);
insert into SHOT values (2717, 1553, 2700, 994, 5.653, 288.37, 60.56, 5.653, 288.37, 60.56, 0.000, 170.88, -0.01);
insert into SHOT values (2718, 1572, 2701, 994, 10.093, 53.00, 3.23, 10.093, 53.00, 3.24, 0.000, 178.37, 0.00);
insert into SHOT values (2719, 1572, 2702, 994, 4.388, 76.24, 5.79, 4.388, 76.24, 5.80, 0.000, 332.57, -0.02);
insert into SHOT values (2720, 1572, 2703, 994, 6.617, 95.70, 3.94, 6.617, 95.70, 3.94, 0.000, 184.76, 0.01);
insert into SHOT values (2721, 1572, 2704, 994, 18.491, 146.86, 2.21, 18.491, 146.86, 2.21, 0.000, 189.61, 0.03);
insert into SHOT values (2722, 1572, 2705, 994, 10.362, 161.16, 2.77, 10.362, 161.16, 2.77, 0.000, 200.33, 0.04);
insert into SHOT values (2723, 1572, 2706, 994, 11.011, 218.38, 12.15, 11.011, 218.38, 12.15, 0.000, 162.96, -0.06);
insert into SHOT values (2724, 1572, 2707, 994, 12.517, 300.21, 18.80, 12.517, 300.21, 18.80, 0.000, 173.90, -0.02);
insert into SHOT values (2725, 1572, 2708, 994, 17.064, 329.60, 15.55, 17.064, 329.60, 15.55, 0.000, 177.68, -0.00);
insert into SHOT values (2726, 1572, 2709, 994, 3.479, 335.53, 78.62, 3.479, 335.53, 78.62, 0.000, 346.98, -0.02);
insert into SHOT values (2727, 1555, 2710, 994, 11.469, 9.15, -19.50, 11.469, 9.15, -19.50, 0.000, 170.21, -0.02);
insert into SHOT values (2728, 1555, 2711, 994, 7.839, 18.47, -15.71, 7.839, 18.47, -15.71, 0.000, 186.48, -0.01);
insert into SHOT values (2729, 1555, 2712, 994, 6.452, 29.24, -8.54, 6.452, 29.24, -8.54, 0.000, 85.48, 0.00);
insert into SHOT values (2730, 1555, 2713, 994, 6.460, 45.27, 8.77, 6.460, 45.27, 8.77, 0.000, 354.88, -0.01);
insert into SHOT values (2731, 1555, 2714, 994, 7.305, 65.50, 24.80, 7.305, 65.50, 24.80, 0.000, 14.24, 0.03);
insert into SHOT values (2732, 1555, 2715, 994, 6.967, 107.11, 32.87, 6.967, 107.11, 32.87, 0.000, 16.60, -0.02);
insert into SHOT values (2733, 1555, 2716, 994, 12.121, 132.43, 25.15, 12.121, 132.43, 25.15, 0.000, 4.22, -0.01);
insert into SHOT values (2734, 1555, 2717, 994, 8.617, 143.70, 20.94, 8.617, 143.70, 20.94, 0.000, 323.51, -0.02);
insert into SHOT values (2735, 1555, 2718, 994, 7.813, 88.09, 54.11, 7.813, 88.09, 54.11, 0.000, 172.43, -0.01);
insert into SHOT values (2736, 1555, 2719, 994, 5.226, 64.37, 83.19, 5.226, 64.37, 83.19, 0.000, 359.21, -0.00);
insert into SHOT values (2737, 1555, 2720, 994, 4.902, 1.08, 14.08, 4.902, 1.08, 14.08, 0.000, 177.84, 0.00);
insert into SHOT values (2738, 1555, 2721, 994, 7.220, 356.82, 3.44, 7.220, 356.82, 3.44, 0.000, 7.98, 0.01);
insert into SHOT values (2739, 1555, 2722, 994, 3.385, 318.23, 27.02, 3.385, 318.23, 27.02, 0.000, 359.16, 0.02);
insert into SHOT values (2740, 1555, 2723, 994, 3.361, 264.55, 46.46, 3.361, 264.55, 46.46, 0.000, 359.63, 0.01);
insert into SHOT values (2741, 1555, 2724, 994, 4.804, 200.79, 26.56, 4.804, 200.79, 26.56, 0.000, 179.19, 0.02);
insert into SHOT values (2742, 1556, 2725, 994, 10.991, 179.73, -7.36, 10.991, 179.73, -7.36, 0.000, 170.66, 0.01);
insert into SHOT values (2743, 1556, 2726, 994, 11.125, 179.85, -7.25, 11.125, 179.85, -7.25, 0.000, 357.52, -0.00);
insert into SHOT values (2744, 1556, 2727, 994, 11.124, 179.81, -7.12, 11.124, 179.81, -7.12, 0.000, 353.14, -0.00);
insert into SHOT values (2745, 1556, 2728, 994, 1.479, 318.01, 54.00, 1.479, 318.01, 54.00, 0.000, 187.92, 0.01);
insert into SHOT values (2746, 1556, 2729, 994, 2.721, 117.96, 11.39, 2.721, 117.96, 11.39, 0.000, 13.97, -0.01);
insert into SHOT values (2747, 1556, 2730, 994, 5.716, 117.25, 58.22, 5.716, 117.25, 58.22, 0.000, 189.19, -0.00);
insert into SHOT values (2748, 1556, 2731, 994, 2.851, 68.79, 0.12, 2.851, 68.79, 0.11, 0.000, 16.84, 0.05);
insert into SHOT values (2749, 1556, 2732, 994, 3.373, 27.90, 3.08, 3.373, 27.90, 3.08, 0.000, 179.32, 0.01);
insert into SHOT values (2750, 1556, 2733, 994, 5.589, 39.99, 3.62, 5.589, 39.99, 3.62, 0.000, 139.43, 0.06);
insert into SHOT values (2751, 1556, 2734, 994, 4.732, 311.43, 13.99, 4.732, 311.43, 13.99, 0.000, 182.65, -0.00);
insert into SHOT values (2752, 1557, 2735, 994, 1.506, 87.81, 11.68, 1.506, 87.81, 11.68, 0.000, 241.00, 0.08);
insert into SHOT values (2753, 1557, 2736, 994, 1.253, 242.80, 45.65, 1.253, 242.80, 45.65, 0.000, 357.08, -0.02);
insert into SHOT values (2754, 1557, 2737, 994, 1.304, 216.51, 88.01, 1.304, 216.51, 88.01, 0.000, 308.02, 0.08);
insert into SHOT values (2755, 1558, 2738, 994, 3.928, 248.93, 8.13, 3.928, 248.93, 8.13, 0.000, 328.57, -0.06);
insert into SHOT values (2756, 1558, 2739, 994, 3.890, 132.76, 78.49, 3.890, 132.76, 78.49, 0.000, 265.73, 0.06);
insert into SHOT values (2757, 1558, 2740, 994, 1.623, 151.75, 11.57, 1.623, 151.75, 11.57, 0.000, 84.00, 0.18);
insert into SHOT values (2758, 1558, 2741, 994, 2.079, 2.33, 22.92, 2.079, 2.33, 22.92, 0.000, 2.03, 0.02);
insert into SHOT values (2759, 1558, 2742, 994, 4.503, 349.24, 28.43, 4.503, 349.24, 28.43, 0.000, 355.24, 0.01);
insert into SHOT values (2760, 1558, 2743, 994, 3.466, 313.49, 26.52, 3.466, 313.49, 26.52, 0.000, 174.02, 0.11);
insert into SHOT values (2761, 1558, 2744, 994, 3.446, 285.62, 13.56, 3.446, 285.62, 13.56, 0.000, 18.05, 0.03);
insert into SHOT values (2762, 1559, 2745, 994, 2.269, 313.22, 25.21, 2.269, 313.22, 25.21, 0.000, 5.19, -0.02);
insert into SHOT values (2763, 1559, 2746, 994, 4.095, 273.33, 77.67, 4.095, 273.33, 77.67, 0.000, 177.69, 0.02);
insert into SHOT values (2764, 1559, 2747, 994, 1.422, 177.46, 25.95, 1.422, 177.46, 25.96, 0.000, 8.40, 0.01);
insert into SHOT values (2765, 1560, 2748, 994, 2.855, 323.52, -4.35, 2.855, 323.52, -4.35, 0.000, 42.15, 0.06);
insert into SHOT values (2766, 1560, 2749, 994, 4.467, 275.45, 10.67, 4.467, 275.45, 10.67, 0.000, 8.73, -0.01);
insert into SHOT values (2767, 1560, 2750, 994, 3.359, 261.93, 46.90, 3.359, 261.93, 46.90, 0.000, 186.80, -0.01);
insert into SHOT values (2768, 1560, 2751, 994, 2.879, 209.69, 6.43, 2.879, 209.69, 6.43, 0.000, 193.49, -0.01);
insert into SHOT values (2769, 1560, 2752, 994, 0.389, 142.95, -3.11, 0.389, 142.95, -3.11, 0.000, 348.45, -0.03);
insert into SHOT values (2770, 1560, 2753, 994, 7.873, 233.73, -17.37, 7.873, 233.73, -17.37, 0.000, 186.28, -0.01);
insert into SHOT values (2771, 1560, 2754, 994, 6.458, 251.92, -16.11, 6.458, 251.92, -16.11, 0.000, 181.36, 0.01);
insert into SHOT values (2772, 1561, 2755, 994, 2.419, 353.86, 27.41, 2.419, 353.86, 27.41, 0.000, 352.84, 0.02);
insert into SHOT values (2773, 1561, 2756, 994, 2.728, 315.91, 74.23, 2.728, 315.91, 74.24, 0.000, 182.07, -0.02);
insert into SHOT values (2774, 1561, 2757, 994, 0.961, 200.23, -10.61, 0.961, 200.23, -10.61, 0.000, 7.30, -0.02);
insert into SHOT values (2775, 1561, 2758, 994, 2.595, 240.15, 2.56, 2.595, 240.15, 2.57, 0.000, 359.22, -0.02);
insert into SHOT values (2776, 1561, 2759, 994, 2.567, 298.92, -1.06, 2.567, 298.92, -1.06, 0.000, 175.83, -0.01);
insert into SHOT values (2777, 1562, 2760, 994, 1.140, 21.50, 1.65, 1.140, 21.50, 1.65, 0.000, 10.14, 0.01);
insert into SHOT values (2778, 1562, 2761, 994, 3.301, 67.63, 54.30, 3.301, 67.63, 54.30, 0.000, 353.06, 0.03);
insert into SHOT values (2779, 1562, 2762, 994, 4.205, 151.19, 8.92, 4.205, 151.19, 8.92, 0.000, 356.57, 0.01);
insert into SHOT values (2780, 1562, 2763, 994, 1.505, 185.56, 8.05, 1.505, 185.56, 8.05, 0.000, 194.62, 0.02);
insert into SHOT values (2781, 1562, 2764, 994, 3.700, 274.34, 3.37, 3.700, 274.34, 3.37, 0.000, 352.88, -0.00);
insert into SHOT values (2782, 1562, 2765, 994, 2.326, 303.96, 11.43, 2.326, 303.96, 11.43, 0.000, 2.41, -0.01);
insert into SHOT values (2783, 1562, 2766, 994, 7.664, 282.77, 1.71, 7.664, 282.77, 1.71, 0.000, 178.95, 0.01);
insert into SHOT values (2784, 1562, 2767, 994, 10.720, 275.53, 5.12, 10.720, 275.53, 5.12, 0.000, 353.68, 0.02);
insert into SHOT values (2785, 1563, 2768, 994, 1.147, 207.59, 58.22, 1.147, 207.59, 58.22, 0.000, 184.26, 0.01);
insert into SHOT values (2786, 1563, 2769, 994, 1.243, 58.20, -0.30, 1.243, 58.20, -0.30, 0.000, 181.35, -0.00);
insert into SHOT values (2787, 1563, 2770, 994, 0.607, 181.52, 8.09, 0.607, 181.52, 8.09, 0.000, 188.06, 0.01);
insert into SHOT values (2788, 1563, 2771, 994, 4.338, 244.48, 5.50, 4.338, 244.48, 5.50, 0.000, 146.72, 0.07);
insert into SHOT values (2789, 1563, 2772, 994, 4.758, 257.28, 4.45, 4.758, 257.28, 4.45, 0.000, 184.38, 0.04);
insert into SHOT values (2790, 1563, 2773, 994, 1.245, 340.06, -1.64, 1.245, 340.06, -1.64, 0.000, 356.57, -0.01);
insert into SHOT values (2791, 1563, 2774, 994, 1.979, 302.73, 1.13, 1.979, 302.73, 1.13, 0.000, 177.10, 0.01);
insert into SHOT values (2792, 1563, 2775, 994, 3.572, 295.65, 1.83, 3.572, 295.65, 1.83, 0.000, 27.87, 0.02);
insert into SHOT values (2793, 1565, 2776, 994, 1.013, 214.23, -3.12, 1.013, 214.23, -3.12, 0.000, 164.35, -0.02);
insert into SHOT values (2794, 1565, 2777, 994, 1.141, 141.56, 5.58, 1.141, 141.56, 5.58, 0.000, 17.53, -0.01);
insert into SHOT values (2795, 1565, 2778, 994, 0.705, 114.45, 14.69, 0.705, 114.45, 14.69, 0.000, 178.99, 0.01);
insert into SHOT values (2796, 1565, 2779, 994, 2.412, 297.53, 0.39, 2.412, 297.53, 0.39, 0.000, 352.98, 0.02);
insert into SHOT values (2797, 1565, 2780, 994, 5.018, 328.91, 5.32, 5.018, 328.91, 5.32, 0.000, 144.66, -0.00);
insert into SHOT values (2798, 1565, 2781, 994, 6.360, 343.93, 9.60, 6.360, 343.93, 9.60, 0.000, 1.46, 0.02);
insert into SHOT values (2799, 1565, 2782, 994, 2.264, 44.37, 8.77, 2.264, 44.37, 8.77, 0.000, 187.10, -0.00);
insert into SHOT values (2800, 1565, 2783, 994, 3.662, 64.31, 5.33, 3.662, 64.31, 5.33, 0.000, 1.76, -0.04);
insert into SHOT values (2801, 1565, 2784, 994, 3.071, 47.34, 46.03, 3.071, 47.34, 46.03, 0.000, 9.94, 0.02);
insert into SHOT values (2802, 1565, 2785, 994, 1.301, 231.03, -36.55, 1.301, 231.03, -36.55, 0.000, 148.42, 0.06);
insert into SHOT values (2803, 1566, 2786, 994, 3.683, 205.64, -1.41, 3.683, 205.64, -1.41, 0.000, 356.74, 0.01);
insert into SHOT values (2804, 1566, 2787, 994, 4.255, 170.37, -4.79, 4.255, 170.37, -4.78, 0.000, 183.03, 0.02);
insert into SHOT values (2805, 1566, 2788, 994, 6.286, 148.23, -7.84, 6.286, 148.23, -7.84, 0.000, 2.74, -0.02);
insert into SHOT values (2806, 1566, 2789, 994, 3.623, 115.62, 6.83, 3.623, 115.62, 6.83, 0.000, 203.45, -0.04);
insert into SHOT values (2807, 1566, 2790, 994, 3.941, 71.39, 44.09, 3.941, 71.39, 44.09, 0.000, 171.83, 0.04);
insert into SHOT values (2808, 1566, 2791, 994, 2.500, 337.27, 62.90, 2.500, 337.27, 62.90, 0.000, 184.99, 0.01);
insert into SHOT values (2809, 1566, 2792, 994, 3.145, 292.41, 49.17, 3.145, 292.41, 49.18, 0.000, 164.25, -0.03);
insert into SHOT values (2810, 1566, 2793, 994, 5.504, 253.27, 31.04, 5.504, 253.27, 31.04, 0.000, 356.71, 0.03);
insert into SHOT values (2811, 1566, 2794, 994, 8.248, 267.45, 33.27, 8.248, 267.45, 33.27, 0.000, 352.03, -0.02);
insert into SHOT values (2812, 1566, 2795, 994, 1.497, 198.28, -59.24, 1.497, 198.28, -59.24, 0.000, 175.81, 0.02);
insert into SHOT values (2813, 1566, 2796, 994, 4.626, 243.18, 72.44, 4.626, 243.18, 72.44, 0.000, 191.98, 0.00);
insert into SHOT values (2814, 1567, 2797, 994, 1.640, 182.52, -2.46, 1.640, 182.52, -2.46, 0.000, 194.84, -0.02);
insert into SHOT values (2815, 1567, 2798, 994, 2.936, 125.68, 8.90, 2.936, 125.68, 8.90, 0.000, 340.42, -0.01);
insert into SHOT values (2816, 1567, 2799, 994, 1.961, 90.22, 24.73, 1.961, 90.22, 24.72, 0.000, 166.26, 0.04);
insert into SHOT values (2817, 1567, 2800, 994, 3.665, 248.75, -2.33, 3.665, 248.75, -2.33, 0.000, 15.08, 0.02);
insert into SHOT values (2818, 1567, 2801, 994, 6.279, 282.80, 4.09, 6.279, 282.80, 4.09, 0.000, 346.60, -0.03);
insert into SHOT values (2819, 1567, 2802, 994, 5.692, 240.83, 61.83, 5.692, 240.83, 61.83, 0.000, 184.58, 0.01);
insert into SHOT values (2820, 1567, 2803, 994, 7.155, 204.82, -61.66, 7.155, 204.82, -61.65, 0.000, 213.09, 0.13);
insert into SHOT values (2821, 1569, 2804, 994, 2.372, 30.09, 6.06, 2.372, 30.09, 6.06, 0.000, 176.20, -0.00);
insert into SHOT values (2822, 1569, 2805, 994, 1.982, 147.01, 15.36, 1.982, 147.01, 15.36, 0.000, 0.50, 0.02);
insert into SHOT values (2823, 1569, 2806, 994, 3.799, 111.83, 13.22, 3.799, 111.83, 13.22, 0.000, 5.60, 0.01);
insert into SHOT values (2824, 1569, 2807, 994, 5.591, 101.88, 9.12, 5.591, 101.88, 9.12, 0.000, 8.53, 0.01);
insert into SHOT values (2825, 1569, 2808, 994, 2.765, 64.03, 12.42, 2.765, 64.03, 12.42, 0.000, 126.61, 0.05);
insert into SHOT values (2826, 1569, 2809, 994, 5.434, 77.15, 9.76, 5.434, 77.15, 9.76, 0.000, 9.99, 0.01);
insert into SHOT values (2827, 1569, 2810, 994, 7.619, 83.04, 6.50, 7.619, 83.04, 6.50, 0.000, 352.83, 0.02);
insert into SHOT values (2828, 1569, 2811, 994, 3.211, 50.97, 75.18, 3.211, 50.97, 75.18, 0.000, 8.43, -0.01);
insert into SHOT values (2829, 1570, 2812, 994, 8.156, 96.42, 65.83, 8.156, 96.42, 65.82, 0.000, 157.40, -0.01);
insert into SHOT values (2830, 1570, 2813, 994, 14.019, 85.62, 4.50, 14.019, 85.62, 4.50, 0.000, 359.36, 0.04);
insert into SHOT values (2831, 1570, 2814, 994, 2.184, 101.97, 16.02, 2.184, 101.97, 16.02, 0.000, 354.34, 0.01);
insert into SHOT values (2832, 1570, 2815, 994, 0.875, 228.93, 21.62, 0.875, 228.93, 21.62, 0.000, 3.27, -0.03);
insert into SHOT values (2833, 1570, 2816, 994, 2.886, 42.85, -6.82, 2.886, 42.85, -6.82, 0.000, 168.04, 0.03);
insert into SHOT values (2834, 1570, 2817, 994, 1.912, 354.28, -2.86, 1.912, 354.28, -2.86, 0.000, 8.23, 0.02);
insert into SHOT values (2835, 1570, 2818, 994, 9.287, 122.06, 75.01, 9.287, 122.06, 75.01, 0.000, 0.59, -0.00);
insert into SHOT values (2836, 1570, 2819, 994, 30.516, 80.24, -19.11, 30.516, 80.24, -19.11, 0.000, 169.86, -0.02);
insert into SHOT values (2837, 1573, 2820, 994, 5.794, 169.54, 17.41, 5.794, 169.54, 17.41, 0.000, 2.54, -0.01);
insert into SHOT values (2838, 1573, 2821, 994, 2.782, 219.80, 18.26, 2.782, 219.80, 18.26, 0.000, 355.23, 0.00);
insert into SHOT values (2839, 1573, 2822, 994, 8.711, 265.36, 0.57, 8.711, 265.36, 0.57, 0.000, 257.58, 0.03);
insert into SHOT values (2840, 1573, 2823, 994, 9.372, 96.83, 8.37, 9.372, 96.83, 8.37, 0.000, 166.10, -0.03);
insert into SHOT values (2841, 1573, 2824, 994, 3.910, 42.88, 15.16, 3.910, 42.88, 15.16, 0.000, 309.59, -0.05);
insert into SHOT values (2842, 1573, 2825, 994, 6.409, 351.63, 9.20, 6.409, 351.63, 9.20, 0.000, 235.88, -0.02);
insert into SHOT values (2843, 1573, 2826, 994, 9.696, 331.92, 2.26, 9.696, 331.92, 2.26, 0.000, 186.36, -0.02);
insert into SHOT values (2844, 1573, 2827, 994, 3.077, 34.62, 69.77, 3.077, 34.62, 69.77, 0.000, 356.91, 0.02);
insert into SHOT values (2845, 1573, 2828, 994, 0.840, 74.28, -23.04, 0.840, 74.28, -23.04, 0.000, 4.14, 0.02);
insert into SHOT values (2846, 1574, 2829, 994, 14.127, 101.93, 7.02, 14.127, 101.93, 7.02, 0.000, 190.69, 0.02);
insert into SHOT values (2847, 1574, 2830, 994, 12.447, 72.27, 5.76, 12.447, 72.27, 5.76, 0.000, 184.45, 0.01);
insert into SHOT values (2848, 1574, 2831, 994, 7.884, 45.72, 7.42, 7.884, 45.72, 7.42, 0.000, 185.65, 0.00);
insert into SHOT values (2849, 1574, 2832, 994, 6.662, 8.91, 9.02, 6.662, 8.91, 9.02, 0.000, 180.07, -0.00);
insert into SHOT values (2850, 1574, 2833, 994, 2.968, 196.40, 19.54, 2.968, 196.40, 19.54, 0.000, 0.01, -0.02);
insert into SHOT values (2851, 1574, 2834, 994, 6.190, 257.47, 5.72, 6.190, 257.47, 5.72, 0.000, 204.39, -0.01);
insert into SHOT values (2852, 1574, 2835, 994, 12.030, 294.16, 1.98, 12.030, 294.16, 1.98, 0.000, 175.85, 0.03);
insert into SHOT values (2853, 1574, 2836, 994, 2.816, 72.99, 77.12, 2.816, 72.99, 77.12, 0.000, 352.13, -0.00);
insert into SHOT values (2854, 1574, 2837, 994, 1.648, 62.11, -10.66, 1.648, 62.11, -10.66, 0.000, 0.10, -0.01);
insert into SHOT values (2855, 1577, 2838, 994, 16.594, 97.35, 4.90, 16.594, 97.35, 4.90, 0.000, 184.22, 0.00);
insert into SHOT values (2856, 1577, 2839, 994, 13.007, 63.08, 4.10, 13.007, 63.08, 4.10, 0.000, 1.01, -0.00);
insert into SHOT values (2857, 1577, 2840, 994, 7.752, 28.65, 2.13, 7.752, 28.65, 2.13, 0.000, 183.82, -0.00);
insert into SHOT values (2858, 1577, 2841, 994, 8.159, 345.45, 2.37, 8.159, 345.45, 2.37, 0.000, 183.70, -0.01);
insert into SHOT values (2859, 1577, 2842, 994, 8.543, 322.35, 5.39, 8.543, 322.35, 5.39, 0.000, 178.11, -0.00);
insert into SHOT values (2860, 1577, 2843, 994, 15.684, 206.02, -5.64, 15.684, 206.02, -5.64, 0.000, 282.81, 0.03);
insert into SHOT values (2861, 1577, 2844, 994, 16.391, 236.33, -7.67, 16.391, 236.33, -7.67, 0.000, 162.40, -0.01);
insert into SHOT values (2862, 1577, 2845, 994, 18.405, 263.77, -7.96, 18.405, 263.77, -7.96, 0.000, 191.34, -0.01);
insert into SHOT values (2863, 1577, 2846, 994, 1.812, 252.59, 14.45, 1.812, 252.59, 14.45, 0.000, 1.63, -0.00);
insert into SHOT values (2864, 1577, 2847, 994, 3.799, 262.34, -36.17, 3.799, 262.34, -36.17, 0.000, 8.25, 0.00);
insert into SHOT values (2865, 1578, 2848, 994, 5.138, 348.49, 22.36, 5.138, 348.49, 22.36, 0.000, 175.87, -0.01);
insert into SHOT values (2866, 1578, 2849, 994, 6.531, 276.03, 3.55, 6.531, 276.03, 3.55, 0.000, 0.96, -0.01);
insert into SHOT values (2867, 1578, 2850, 994, 9.249, 248.99, -0.63, 9.249, 248.99, -0.63, 0.000, 5.19, 0.04);
insert into SHOT values (2868, 1578, 2851, 994, 11.606, 221.39, -2.88, 11.606, 221.39, -2.88, 0.000, 187.31, -0.00);
insert into SHOT values (2869, 1578, 2852, 994, 10.710, 193.02, -4.54, 10.710, 193.02, -4.54, 0.000, 7.73, 0.01);
insert into SHOT values (2870, 1578, 2853, 994, 12.526, 188.57, 2.04, 12.526, 188.57, 2.04, 0.000, 173.42, -0.02);
insert into SHOT values (2871, 1578, 2854, 994, 8.671, 64.83, 14.33, 8.671, 64.83, 14.33, 0.000, 244.47, -0.02);
insert into SHOT values (2872, 1578, 2855, 994, 2.713, 316.58, 64.10, 2.713, 316.58, 64.10, 0.000, 170.26, -0.01);
insert into SHOT values (2873, 1578, 2856, 994, 2.750, 235.38, -19.57, 2.750, 235.38, -19.57, 0.000, 350.81, -0.01);
insert into SHOT values (2874, 1579, 2857, 994, 2.023, 358.84, 12.47, 2.023, 358.84, 12.47, 0.000, 171.28, 0.01);
insert into SHOT values (2875, 1579, 2858, 994, 4.179, 217.26, -2.29, 4.179, 217.26, -2.29, 0.000, 182.14, -0.01);
insert into SHOT values (2876, 1579, 2859, 994, 7.733, 174.39, -4.10, 7.733, 174.39, -4.10, 0.000, 16.10, 0.04);
insert into SHOT values (2877, 1579, 2860, 994, 7.432, 146.52, -3.60, 7.432, 146.52, -3.60, 0.000, 173.47, -0.00);
insert into SHOT values (2878, 1579, 2861, 994, 1.302, 47.25, 15.14, 1.302, 47.25, 15.15, 0.000, 174.72, 0.00);
insert into SHOT values (2879, 1579, 2862, 994, 0.929, 277.41, 64.87, 0.929, 277.41, 64.87, 0.000, 190.54, -0.01);
insert into SHOT values (2880, 1579, 2863, 994, 2.047, 255.08, -18.57, 2.047, 255.08, -18.57, 0.000, 177.38, -0.01);
insert into SHOT values (2881, 1580, 2864, 994, 9.188, 227.47, -4.50, 9.188, 227.47, -4.50, 0.000, 2.81, 0.00);
insert into SHOT values (2882, 1580, 2865, 994, 16.316, 198.80, -3.80, 16.316, 198.80, -3.80, 0.000, 174.90, 0.00);
insert into SHOT values (2883, 1580, 2866, 994, 13.415, 262.12, -2.07, 13.415, 262.12, -2.07, 0.000, 350.50, -0.00);
insert into SHOT values (2884, 1580, 2867, 994, 12.922, 308.56, 3.64, 12.922, 308.56, 3.64, 0.000, 1.34, -0.00);
insert into SHOT values (2885, 1580, 2868, 994, 11.333, 328.45, 10.79, 11.333, 328.45, 10.79, 0.000, 181.08, -0.01);
insert into SHOT values (2886, 1580, 2869, 994, 5.678, 142.76, 13.89, 5.678, 142.76, 13.89, 0.000, 357.06, -0.00);
insert into SHOT values (2887, 1580, 2870, 994, 2.328, 254.97, 33.38, 2.328, 254.97, 33.38, 0.000, 356.22, 0.00);
insert into SHOT values (2888, 1580, 2871, 994, 4.281, 233.50, -29.76, 4.281, 233.50, -29.76, 0.000, 57.55, -0.03);
insert into SCRAPS values (996, 990, 'SP-Hashimoyuk4_01', 1, 54.83952, 2.37320);
 insert into SCRAPS values (1099, 990, 'SP-Hashimoyuk4_02', 1, 99.95795, 2.45970);
 insert into SCRAPS values (1247, 990, 'SS-Hashimoyuk4_04', 2, 0.00000, 0.00000);
 insert into MAPS values (1253, 990, 'MP-Hashimoyuk4', 'Hashimoyuk4', 1, 1996.377, -32.636);
 insert into MAPITEMS values (1253, 4, 1099);
 insert into MAPITEMS values (1253, 4, 996);
 insert into MAPS values (1258, 53, 'MP-Hashim-oyuk', 'Hashim-oyuk', 1, 5414.198, -157.572);
 insert into MAPITEMS values (1258, 4, 987);
 insert into MAPITEMS values (1258, 4, 243);
 insert into MAPITEMS values (1258, 4, 1253);
 insert into MAPITEMS values (1258, 4, 818);
 insert into STATION values (1, '0', 57, 269085.12, 4169369.40, 614.88);
insert into STATION values (2, '1', 57, 269083.69, 4169372.52, 615.92);
insert into STATION values (3, '2', 57, 269079.60, 4169369.80, 618.91);
insert into STATION values (4, '3', 57, 269076.84, 4169373.59, 622.06);
insert into STATION values (5, '4', 57, 269074.65, 4169372.89, 623.13);
insert into STATION values (6, '5', 57, 269074.26, 4169375.71, 625.00);
insert into STATION_FLAG values(6, 'ent');
insert into STATION_FLAG values(6, 'fix');
insert into STATION values (7, '-', 57, 269091.03, 4169364.06, 627.60);
insert into STATION values (8, '-', 57, 269088.48, 4169373.20, 625.55);
insert into STATION values (9, '-', 57, 269090.56, 4169381.42, 628.29);
insert into STATION values (10, '-', 57, 269076.71, 4169362.41, 625.06);
insert into STATION values (11, '-', 57, 269082.17, 4169381.03, 625.19);
insert into STATION values (12, '0', 61, 269085.12, 4169369.40, 614.88);
insert into STATION values (13, '1', 61, 269092.76, 4169366.56, 609.00);
insert into STATION values (14, '2', 61, 269098.46, 4169364.96, 604.72);
insert into STATION values (15, '3', 61, 269110.39, 4169368.80, 596.86);
insert into STATION values (16, '4', 61, 269121.03, 4169371.93, 590.25);
insert into STATION values (17, '5', 61, 269131.89, 4169375.38, 586.07);
insert into STATION values (18, '6', 61, 269144.43, 4169384.09, 577.60);
insert into STATION values (19, '7', 61, 269155.54, 4169396.27, 568.35);
insert into STATION values (20, '8', 61, 269179.17, 4169390.37, 563.53);
insert into STATION values (21, '9', 61, 269201.50, 4169365.13, 558.48);
insert into STATION values (22, '10', 61, 269220.58, 4169363.88, 547.19);
insert into STATION values (23, '11', 61, 269240.42, 4169358.05, 535.09);
insert into STATION values (24, '12', 61, 269254.76, 4169352.79, 522.47);
insert into STATION values (25, '13', 61, 269277.34, 4169354.71, 518.04);
insert into STATION values (26, '14', 61, 269290.42, 4169353.48, 514.58);
insert into STATION values (27, '15', 61, 269302.39, 4169348.53, 509.17);
insert into STATION values (28, 'B00', 61, 269302.96, 4169342.23, 508.17);
insert into STATION values (29, '17', 61, 269292.05, 4169339.82, 509.31);
insert into STATION values (30, '18', 61, 269279.43, 4169341.08, 509.14);
insert into STATION values (31, '19', 61, 269283.80, 4169335.73, 508.79);
insert into STATION values (32, '20', 61, 269289.13, 4169317.51, 502.43);
insert into STATION values (33, '20.1', 61, 269279.81, 4169321.73, 501.07);
insert into STATION values (34, '21', 61, 269292.93, 4169309.77, 499.00);
insert into STATION values (35, '21.1', 61, 269285.49, 4169308.73, 501.17);
insert into STATION values (36, 'B01', 61, 269299.94, 4169302.89, 497.13);
insert into STATION values (37, '23', 61, 269310.51, 4169318.56, 500.93);
insert into STATION values (38, '24', 61, 269313.89, 4169323.65, 502.58);
insert into STATION values (39, '24.1', 61, 269312.42, 4169333.31, 506.30);
insert into STATION values (40, '22.1', 61, 269296.09, 4169295.49, 498.23);
insert into STATION values (41, '22.2', 61, 269284.55, 4169283.49, 498.94);
insert into STATION values (42, '22.3', 61, 269287.10, 4169258.54, 500.33);
insert into STATION values (43, 'B02', 61, 269289.03, 4169251.47, 500.14);
insert into STATION values (44, '22.4.1', 61, 269280.77, 4169254.19, 500.80);
insert into STATION values (45, '22.4.0.1', 61, 269278.46, 4169244.11, 501.58);
insert into STATION values (46, '22.4.0.2', 61, 269269.06, 4169230.52, 499.72);
insert into STATION values (47, '22.4.0.3', 61, 269279.57, 4169226.63, 498.31);
insert into STATION values (48, '22.4.0.3.1', 61, 269287.94, 4169226.74, 499.63);
insert into STATION values (49, '22.4.0.4', 61, 269280.23, 4169223.54, 498.04);
insert into STATION values (50, 'B3', 61, 269293.48, 4169212.93, 499.75);
insert into STATION values (51, '22.5', 61, 269308.95, 4169263.26, 499.47);
insert into STATION values (52, '22.6', 61, 269344.04, 4169267.50, 498.79);
insert into STATION values (53, '22.6.1', 61, 269324.34, 4169276.39, 497.68);
insert into STATION values (54, '22.6.2', 61, 269305.12, 4169289.55, 498.33);
insert into STATION values (55, '22.6.3', 61, 269296.09, 4169295.48, 498.23);
insert into STATION values (56, '4.1', 61, 269131.98, 4169356.70, 583.07);
insert into STATION values (57, '4.2', 61, 269119.50, 4169333.17, 578.79);
insert into STATION values (58, '4.3', 61, 269124.86, 4169324.65, 578.35);
insert into STATION values (59, '-', 61, 269084.81, 4169366.31, 615.52);
insert into STATION values (60, '-', 61, 269086.54, 4169368.38, 615.40);
insert into STATION values (61, '-', 61, 269087.38, 4169370.03, 615.26);
insert into STATION values (62, '-', 61, 269088.31, 4169372.10, 615.46);
insert into STATION values (63, '-', 61, 269086.49, 4169373.88, 615.75);
insert into STATION values (64, '-', 61, 269084.82, 4169375.20, 615.94);
insert into STATION values (65, '-', 61, 269087.81, 4169369.12, 613.84);
insert into STATION values (66, '-', 61, 269087.72, 4169368.12, 613.77);
insert into STATION values (67, '-', 61, 269093.88, 4169367.13, 612.40);
insert into STATION values (68, '-', 61, 269095.37, 4169375.35, 610.38);
insert into STATION values (69, '-', 61, 269092.25, 4169363.71, 609.13);
insert into STATION values (70, '-', 61, 269090.54, 4169378.09, 610.71);
insert into STATION values (71, '-', 61, 269101.08, 4169370.26, 606.98);
insert into STATION values (72, '-', 61, 269098.46, 4169361.04, 603.08);
insert into STATION values (73, '-', 61, 269109.75, 4169386.29, 602.23);
insert into STATION values (74, '-', 61, 269099.11, 4169365.29, 602.51);
insert into STATION values (75, '-', 61, 269115.81, 4169384.36, 596.65);
insert into STATION values (76, '-', 61, 269114.39, 4169338.87, 592.83);
insert into STATION values (77, '-', 61, 269112.39, 4169368.58, 602.80);
insert into STATION values (78, '-', 61, 269124.03, 4169383.50, 589.76);
insert into STATION values (79, '-', 61, 269112.34, 4169331.68, 591.00);
insert into STATION values (80, '-', 61, 269124.95, 4169370.95, 601.02);
insert into STATION values (81, '-', 61, 269141.91, 4169367.40, 589.65);
insert into STATION values (82, '-', 61, 269131.73, 4169354.70, 589.25);
insert into STATION values (83, '-', 61, 269131.95, 4169346.70, 582.88);
insert into STATION values (84, '-', 61, 269129.48, 4169384.97, 586.39);
insert into STATION values (85, '-', 61, 269131.95, 4169372.78, 598.87);
insert into STATION values (86, '-', 61, 269135.78, 4169359.16, 590.16);
insert into STATION values (87, '-', 61, 269103.87, 4169368.59, 605.14);
insert into STATION values (88, '-', 61, 269122.59, 4169371.31, 602.00);
insert into STATION values (89, '-', 61, 269138.64, 4169385.34, 583.84);
insert into STATION values (90, '-', 61, 269143.02, 4169382.53, 584.66);
insert into STATION values (91, '-', 61, 269152.18, 4169377.25, 583.61);
insert into STATION values (92, '-', 61, 269146.08, 4169371.76, 583.94);
insert into STATION values (93, '-', 61, 269143.99, 4169400.75, 579.45);
insert into STATION values (94, '-', 61, 269144.85, 4169384.02, 584.93);
insert into STATION values (95, '-', 61, 269146.41, 4169378.40, 586.31);
insert into STATION values (96, '-', 61, 269148.10, 4169367.98, 583.22);
insert into STATION values (97, '-', 61, 269140.01, 4169376.05, 587.41);
insert into STATION values (98, '-', 61, 269132.61, 4169379.82, 587.09);
insert into STATION values (99, '-', 61, 269140.74, 4169380.09, 588.02);
insert into STATION values (100, '-', 61, 269154.04, 4169406.47, 568.65);
insert into STATION values (101, '-', 61, 269155.09, 4169398.00, 583.87);
insert into STATION values (102, '-', 61, 269183.41, 4169389.68, 585.33);
insert into STATION values (103, '-', 61, 269190.36, 4169405.70, 565.07);
insert into STATION values (104, '-', 61, 269180.56, 4169387.29, 583.76);
insert into STATION values (105, '-', 61, 269172.64, 4169366.64, 568.26);
insert into STATION values (106, '-', 61, 269185.15, 4169361.45, 568.53);
insert into STATION values (107, '-', 61, 269213.87, 4169386.85, 569.41);
insert into STATION values (108, '-', 61, 269219.09, 4169399.00, 558.57);
insert into STATION values (109, '-', 61, 269205.80, 4169370.09, 582.68);
insert into STATION values (110, '-', 61, 269200.48, 4169354.78, 560.17);
insert into STATION values (111, '-', 61, 269202.45, 4169356.41, 569.88);
insert into STATION values (112, '-', 61, 269230.76, 4169383.13, 549.13);
insert into STATION values (113, '-', 61, 269220.31, 4169365.50, 568.19);
insert into STATION values (114, '-', 61, 269216.92, 4169352.01, 547.86);
insert into STATION values (115, '-', 61, 269231.36, 4169353.07, 542.57);
insert into STATION values (116, '-', 61, 269240.14, 4169361.60, 543.11);
insert into STATION values (117, '-', 61, 269242.38, 4169377.13, 542.18);
insert into STATION values (118, '-', 61, 269246.97, 4169376.69, 536.16);
insert into STATION values (119, '-', 61, 269243.63, 4169359.64, 540.16);
insert into STATION values (120, '-', 61, 269249.62, 4169367.67, 532.37);
insert into STATION values (121, '-', 61, 269250.98, 4169361.30, 531.43);
insert into STATION values (122, '-', 61, 269248.18, 4169353.21, 531.25);
insert into STATION values (123, '-', 61, 269241.02, 4169346.46, 533.76);
insert into STATION values (124, '-', 61, 269288.88, 4169456.37, 526.52);
insert into STATION values (125, '-', 61, 269255.52, 4169353.17, 525.47);
insert into STATION values (126, '-', 61, 269255.09, 4169350.21, 522.77);
insert into STATION values (127, '-', 61, 269269.50, 4169345.19, 520.59);
insert into STATION values (128, '-', 61, 269271.85, 4169350.22, 520.10);
insert into STATION values (129, '-', 61, 269285.08, 4169377.93, 521.40);
insert into STATION values (130, '-', 61, 269277.64, 4169356.22, 523.18);
insert into STATION values (131, '-', 61, 269276.50, 4169350.72, 518.33);
insert into STATION values (132, '-', 61, 269280.76, 4169354.04, 515.13);
insert into STATION values (133, '-', 61, 269287.26, 4169352.24, 516.75);
insert into STATION values (134, '-', 61, 269288.64, 4169356.73, 516.99);
insert into STATION values (135, '-', 61, 269296.15, 4169367.53, 517.50);
insert into STATION values (136, '-', 61, 269298.38, 4169375.56, 516.97);
insert into STATION values (137, '-', 61, 269293.81, 4169382.51, 517.72);
insert into STATION values (138, '-', 61, 269290.28, 4169411.83, 520.38);
insert into STATION values (139, '-', 61, 269296.26, 4169365.97, 516.08);
insert into STATION values (140, '-', 61, 269295.21, 4169357.21, 514.94);
insert into STATION values (141, '14b', 61, 269292.62, 4169353.68, 524.63);
insert into STATION values (142, '-', 61, 269289.90, 4169329.22, 509.79);
insert into STATION values (143, '-', 61, 269302.36, 4169346.86, 513.57);
insert into STATION values (144, '-', 61, 269309.43, 4169325.20, 510.19);
insert into STATION values (145, '-', 61, 269315.54, 4169351.76, 509.95);
insert into STATION values (146, '-', 61, 269308.83, 4169377.17, 511.61);
insert into STATION values (147, '-', 61, 269319.60, 4169368.37, 510.58);
insert into STATION values (148, '-', 61, 269302.76, 4169341.65, 513.14);
insert into STATION values (149, '-', 61, 269289.36, 4169348.81, 512.95);
insert into STATION values (150, '-', 61, 269290.36, 4169349.02, 512.79);
insert into STATION values (151, '-', 61, 269291.05, 4169341.00, 512.07);
insert into STATION values (152, '-', 61, 269285.17, 4169329.62, 509.28);
insert into STATION values (153, '-', 61, 269278.74, 4169333.90, 509.07);
insert into STATION values (154, '-', 61, 269277.84, 4169346.71, 510.34);
insert into STATION values (155, '-', 61, 269279.25, 4169341.56, 511.33);
insert into STATION values (156, '-', 61, 269276.46, 4169335.77, 509.28);
insert into STATION values (157, '-', 61, 269263.80, 4169341.68, 508.13);
insert into STATION values (158, '-', 61, 269262.64, 4169342.61, 508.59);
insert into STATION values (159, '-', 61, 269283.61, 4169335.30, 510.98);
insert into STATION values (160, '-', 61, 269278.90, 4169332.67, 508.48);
insert into STATION values (161, '-', 61, 269282.14, 4169330.11, 507.88);
insert into STATION values (162, '-', 61, 269285.89, 4169327.40, 506.91);
insert into STATION values (163, '-', 61, 269282.56, 4169328.00, 506.18);
insert into STATION values (164, '-', 61, 269279.12, 4169328.85, 505.29);
insert into STATION values (165, '-', 61, 269287.29, 4169316.09, 503.05);
insert into STATION values (166, '-', 61, 269284.41, 4169317.27, 503.13);
insert into STATION values (167, '-', 61, 269280.18, 4169319.06, 502.82);
insert into STATION values (168, '-', 61, 269277.56, 4169321.20, 502.80);
insert into STATION values (169, '20.1b', 61, 269279.83, 4169319.94, 513.96);
insert into STATION values (170, '-', 61, 269281.32, 4169319.54, 513.02);
insert into STATION values (171, '-', 61, 269280.27, 4169310.18, 502.67);
insert into STATION values (172, '-', 61, 269286.26, 4169305.27, 501.25);
insert into STATION values (173, '-', 61, 269307.53, 4169308.83, 501.22);
insert into STATION values (174, '21b', 61, 269296.24, 4169309.91, 518.01);
insert into STATION values (175, '21.1b', 61, 269280.60, 4169307.76, 517.21);
insert into STATION values (176, '-', 61, 269309.59, 4169302.85, 500.87);
insert into STATION values (177, '-', 61, 269290.32, 4169300.04, 500.71);
insert into STATION values (178, '-', 61, 269299.15, 4169301.26, 505.55);
insert into STATION values (179, '-', 61, 269309.82, 4169307.18, 500.91);
insert into STATION values (180, '-', 61, 269309.89, 4169312.82, 500.42);
insert into STATION values (181, '-', 61, 269310.78, 4169316.14, 501.49);
insert into STATION values (182, '-', 61, 269280.93, 4169280.52, 503.21);
insert into STATION values (183, '-', 61, 269280.52, 4169271.14, 504.31);
insert into STATION values (184, '-', 61, 269313.62, 4169316.72, 501.75);
insert into STATION values (185, '-', 61, 269318.77, 4169318.04, 502.49);
insert into STATION values (186, '-', 61, 269311.26, 4169318.86, 507.85);
insert into STATION values (187, '-', 61, 269321.34, 4169321.33, 502.64);
insert into STATION values (188, '-', 61, 269321.25, 4169325.42, 503.85);
insert into STATION values (189, '-', 61, 269320.47, 4169326.70, 503.42);
insert into STATION values (190, '-', 61, 269315.70, 4169323.96, 508.63);
insert into STATION values (191, '-', 61, 269312.86, 4169303.26, 498.81);
insert into STATION values (192, '-', 61, 269311.28, 4169289.25, 500.81);
insert into STATION values (193, '-', 61, 269304.55, 4169283.92, 500.20);
insert into STATION values (194, '-', 61, 269297.64, 4169294.13, 505.40);
insert into STATION values (195, '-', 61, 269287.08, 4169296.81, 500.51);
insert into STATION values (196, '-', 61, 269285.43, 4169293.47, 501.23);
insert into STATION values (197, '-', 61, 269280.67, 4169288.70, 502.38);
insert into STATION values (198, '-', 61, 269296.94, 4169284.14, 500.88);
insert into STATION values (199, '-', 61, 269295.67, 4169279.62, 502.59);
insert into STATION values (200, '-', 61, 269292.02, 4169279.76, 501.20);
insert into STATION values (201, '-', 61, 269279.01, 4169284.29, 501.54);
insert into STATION values (202, '-', 61, 269278.22, 4169278.31, 501.93);
insert into STATION values (203, '-', 61, 269279.50, 4169274.71, 501.69);
insert into STATION values (204, '-', 61, 269293.12, 4169276.62, 502.70);
insert into STATION values (205, '-', 61, 269290.24, 4169273.70, 501.88);
insert into STATION values (206, '-', 61, 269287.58, 4169269.54, 508.27);
insert into STATION values (207, '-', 61, 269284.92, 4169280.14, 505.05);
insert into STATION values (208, '-', 61, 269279.76, 4169255.90, 501.30);
insert into STATION values (209, '-', 61, 269280.33, 4169258.14, 501.98);
insert into STATION values (210, '-', 61, 269290.32, 4169258.70, 501.10);
insert into STATION values (211, '-', 61, 269290.44, 4169262.68, 501.48);
insert into STATION values (212, '-', 61, 269287.30, 4169258.33, 502.59);
insert into STATION values (213, '-', 61, 269292.01, 4169247.84, 501.30);
insert into STATION values (214, '-', 61, 269291.10, 4169244.44, 501.91);
insert into STATION values (215, '-', 61, 269290.00, 4169238.75, 502.55);
insert into STATION values (216, '-', 61, 269277.85, 4169254.26, 501.58);
insert into STATION values (217, '-', 61, 269278.35, 4169251.27, 501.09);
insert into STATION values (218, '-', 61, 269288.42, 4169251.32, 502.44);
insert into STATION values (219, '22.4.1b', 61, 269283.15, 4169253.90, 512.78);
insert into STATION values (220, '-', 61, 269278.76, 4169244.44, 500.02);
insert into STATION values (221, '-', 61, 269278.26, 4169244.27, 502.24);
insert into STATION values (222, '-', 61, 269276.37, 4169245.38, 501.93);
insert into STATION values (223, '-', 61, 269278.31, 4169244.09, 501.60);
insert into STATION values (224, '-', 61, 269278.03, 4169249.60, 501.89);
insert into STATION values (225, '-', 61, 269271.63, 4169241.43, 501.85);
insert into STATION values (226, '-', 61, 269294.43, 4169232.67, 501.87);
insert into STATION values (227, '-', 61, 269292.08, 4169228.88, 501.59);
insert into STATION values (228, '-', 61, 269290.27, 4169225.85, 501.64);
insert into STATION values (229, '-', 61, 269286.98, 4169224.63, 502.32);
insert into STATION values (230, '-', 61, 269269.09, 4169230.56, 499.52);
insert into STATION values (231, '-', 61, 269269.29, 4169230.30, 501.99);
insert into STATION values (232, '-', 61, 269263.75, 4169232.70, 501.09);
insert into STATION values (233, '-', 61, 269261.74, 4169230.80, 501.63);
insert into STATION values (234, '-', 61, 269264.96, 4169227.11, 501.17);
insert into STATION values (235, '-', 61, 269268.61, 4169226.41, 501.12);
insert into STATION values (236, '-', 61, 269272.05, 4169226.08, 500.78);
insert into STATION values (237, '-', 61, 269264.53, 4169233.01, 501.42);
insert into STATION values (238, '-', 61, 269267.78, 4169233.89, 501.08);
insert into STATION values (239, '-', 61, 269269.24, 4169235.28, 501.37);
insert into STATION values (240, '-', 61, 269260.66, 4169228.28, 504.40);
insert into STATION values (241, '-', 61, 269261.60, 4169229.93, 503.24);
insert into STATION values (242, '22.4.0.2b', 61, 269258.58, 4169228.84, 505.02);
insert into STATION values (243, '-', 61, 269280.81, 4169226.78, 503.94);
insert into STATION values (244, '-', 61, 269292.11, 4169226.02, 500.52);
insert into STATION values (245, '-', 61, 269294.89, 4169230.77, 500.91);
insert into STATION values (246, '-', 61, 269295.16, 4169236.35, 501.64);
insert into STATION values (247, '-', 61, 269291.36, 4169242.26, 501.73);
insert into STATION values (248, '-', 61, 269279.34, 4169236.29, 500.47);
insert into STATION values (249, '-', 61, 269277.48, 4169232.98, 499.86);
insert into STATION values (250, '-', 61, 269288.12, 4169243.34, 501.93);
insert into STATION values (251, '-', 61, 269286.86, 4169225.58, 494.78);
insert into STATION values (252, '22.4.0.3.1b', 61, 269286.13, 4169224.46, 514.48);
insert into STATION values (253, '-', 61, 269268.96, 4169217.96, 497.13);
insert into STATION values (254, '-', 61, 269274.29, 4169216.38, 496.91);
insert into STATION values (255, '-', 61, 269276.42, 4169215.37, 497.09);
insert into STATION values (256, '-', 61, 269275.02, 4169206.23, 496.20);
insert into STATION values (257, '-', 61, 269281.00, 4169222.75, 502.79);
insert into STATION values (258, '-', 61, 269266.89, 4169219.42, 500.17);
insert into STATION values (259, '-', 61, 269265.90, 4169219.91, 500.36);
insert into STATION values (260, '-', 61, 269270.89, 4169223.67, 500.05);
insert into STATION values (261, '-', 61, 269288.87, 4169222.37, 500.63);
insert into STATION values (262, '-', 61, 269290.22, 4169223.72, 500.94);
insert into STATION values (263, '-', 61, 269290.23, 4169225.33, 500.90);
insert into STATION values (264, '-', 61, 269308.02, 4169266.27, 500.69);
insert into STATION values (265, '-', 61, 269308.74, 4169263.59, 502.52);
insert into STATION values (266, '-', 61, 269311.24, 4169258.46, 501.74);
insert into STATION values (267, '-', 61, 269314.61, 4169259.58, 501.61);
insert into STATION values (268, '-', 61, 269319.82, 4169258.49, 501.73);
insert into STATION values (269, '-', 61, 269307.49, 4169256.33, 501.62);
insert into STATION values (270, '-', 61, 269300.98, 4169263.84, 501.44);
insert into STATION values (271, '-', 61, 269364.45, 4169274.71, 499.31);
insert into STATION values (272, '-', 61, 269349.82, 4169310.25, 499.27);
insert into STATION values (273, '-', 61, 269344.74, 4169266.95, 502.42);
insert into STATION values (274, '-', 61, 269344.00, 4169260.60, 500.16);
insert into STATION values (275, '-', 61, 269335.53, 4169261.09, 499.94);
insert into STATION values (276, '-', 61, 269325.25, 4169261.25, 500.30);
insert into STATION values (277, '-', 61, 269323.02, 4169284.42, 498.76);
insert into STATION values (278, '-', 61, 269324.34, 4169281.12, 500.36);
insert into STATION values (279, '-', 61, 269323.03, 4169285.70, 498.33);
insert into STATION values (280, '-', 61, 269325.29, 4169287.22, 498.89);
insert into STATION values (281, '-', 61, 269328.30, 4169289.31, 498.62);
insert into STATION values (282, '-', 61, 269332.03, 4169290.84, 499.09);
insert into STATION values (283, '-', 61, 269334.87, 4169289.78, 499.50);
insert into STATION values (284, '-', 61, 269324.90, 4169275.82, 501.31);
insert into STATION values (285, '-', 61, 269313.62, 4169268.46, 499.35);
insert into STATION values (286, '-', 61, 269312.91, 4169274.54, 499.15);
insert into STATION values (287, '-', 61, 269313.49, 4169279.48, 499.18);
insert into STATION values (288, '-', 61, 269300.70, 4169282.52, 501.10);
insert into STATION values (289, '-', 61, 269315.63, 4169292.12, 500.76);
insert into STATION values (290, '-', 61, 269303.86, 4169289.72, 503.12);
insert into STATION values (291, '-', 61, 269139.64, 4169357.78, 583.68);
insert into STATION values (292, '-', 61, 269122.40, 4169341.91, 585.47);
insert into STATION values (293, '-', 61, 269130.84, 4169357.16, 593.07);
insert into STATION values (294, '-', 61, 269133.72, 4169348.52, 579.00);
insert into STATION values (295, '-', 61, 269129.38, 4169349.43, 579.34);
insert into STATION values (296, '-', 61, 269121.14, 4169333.57, 578.99);
insert into STATION values (297, '-', 61, 269119.80, 4169333.20, 579.99);
insert into STATION values (298, '-', 61, 269118.13, 4169331.95, 578.97);
insert into STATION values (299, '-', 61, 269122.50, 4169329.92, 578.50);
insert into STATION values (300, '-', 61, 269121.17, 4169328.94, 578.45);
insert into STATION values (301, '-', 61, 269121.69, 4169330.86, 579.37);
insert into STATION values (302, '-', 61, 269121.02, 4169328.96, 579.35);
insert into STATION values (303, '-', 61, 269117.19, 4169337.04, 579.35);
insert into STATION values (304, '-', 61, 269113.89, 4169335.61, 579.75);
insert into STATION values (305, '-', 61, 269114.44, 4169333.84, 578.95);
insert into STATION values (306, '-', 61, 269124.87, 4169324.65, 578.35);
insert into STATION values (307, '-', 61, 269124.85, 4169324.66, 578.35);
insert into STATION values (308, '-', 61, 269119.80, 4169333.34, 578.78);
insert into STATION values (309, '-', 61, 269119.81, 4169333.34, 578.78);
insert into STATION values (310, '-', 61, 269124.50, 4169324.36, 578.38);
insert into STATION values (311, '-', 61, 269124.91, 4169324.62, 578.73);
insert into STATION values (312, '-', 61, 269124.45, 4169324.41, 578.40);
insert into STATION values (313, '-', 61, 269125.20, 4169324.87, 578.36);
insert into STATION values (314, '4.3b', 61, 269127.56, 4169320.45, 577.23);
insert into STATION values (315, 'B80', 247, 269151.66, 4169086.27, 472.74);
insert into STATION values (316, '.', 247, 269152.61, 4169089.11, 472.59);
insert into STATION values (317, '.', 247, 269150.94, 4169087.19, 472.87);
insert into STATION values (318, '.', 247, 269147.67, 4169086.66, 473.07);
insert into STATION values (319, '.', 247, 269150.80, 4169085.15, 472.82);
insert into STATION values (320, '.', 247, 269152.16, 4169086.27, 475.01);
insert into STATION values (321, '.', 247, 269151.23, 4169088.73, 471.06);
insert into STATION values (322, '.', 247, 269150.70, 4169087.84, 470.69);
insert into STATION values (323, '.', 247, 269150.80, 4169088.40, 469.70);
insert into STATION values (324, '.', 247, 269151.66, 4169086.46, 471.81);
insert into STATION values (325, '.', 247, 269154.96, 4169086.43, 471.76);
insert into STATION values (326, '.', 247, 269155.68, 4169088.41, 473.27);
insert into STATION values (327, '.', 247, 269153.99, 4169086.35, 474.75);
insert into STATION values (328, '.', 247, 269155.10, 4169083.59, 474.54);
insert into STATION values (329, '.', 247, 269160.30, 4169082.76, 474.05);
insert into STATION values (330, '.', 247, 269169.35, 4169084.12, 474.95);
insert into STATION values (331, '.', 247, 269157.99, 4169085.03, 472.84);
insert into STATION values (332, '.', 247, 269157.15, 4169088.47, 473.42);
insert into STATION values (333, '1', 247, 269150.98, 4169090.13, 469.30);
insert into STATION values (334, '2', 247, 269167.59, 4169090.89, 473.49);
insert into STATION values (335, '.', 247, 269167.56, 4169090.48, 471.51);
insert into STATION values (336, '.', 247, 269167.39, 4169089.86, 476.38);
insert into STATION values (337, '.', 247, 269163.78, 4169087.08, 476.43);
insert into STATION values (338, '.', 247, 269157.66, 4169083.92, 474.10);
insert into STATION values (339, '.', 247, 269165.32, 4169081.09, 474.19);
insert into STATION values (340, '.', 247, 269170.09, 4169078.10, 475.67);
insert into STATION values (341, '.', 247, 269169.27, 4169087.26, 474.30);
insert into STATION values (342, '.', 247, 269170.77, 4169083.12, 470.27);
insert into STATION values (343, '.', 247, 269167.15, 4169088.74, 471.88);
insert into STATION values (344, '.', 247, 269164.73, 4169093.46, 472.35);
insert into STATION values (345, '.', 247, 269162.07, 4169091.84, 473.31);
insert into STATION values (346, '.', 247, 269159.46, 4169089.78, 474.21);
insert into STATION values (347, '.', 247, 269164.07, 4169091.56, 476.71);
insert into STATION values (348, '.', 247, 269164.96, 4169092.23, 471.71);
insert into STATION values (349, '3', 247, 269170.31, 4169082.04, 470.48);
insert into STATION values (350, '.', 247, 269168.54, 4169083.53, 470.28);
insert into STATION values (351, '.', 247, 269165.99, 4169087.12, 471.78);
insert into STATION values (352, '.', 247, 269169.03, 4169081.63, 470.89);
insert into STATION values (353, '.', 247, 269169.90, 4169080.79, 470.74);
insert into STATION values (354, '.', 247, 269168.72, 4169080.09, 468.92);
insert into STATION values (355, '.', 247, 269164.92, 4169079.16, 467.11);
insert into STATION values (356, '.', 247, 269167.39, 4169081.01, 468.86);
insert into STATION values (357, '.', 247, 269168.09, 4169080.97, 468.63);
insert into STATION values (358, '.', 247, 269175.00, 4169096.72, 469.65);
insert into STATION values (359, '.', 247, 269178.48, 4169097.00, 469.59);
insert into STATION values (360, '.', 247, 269170.32, 4169083.00, 475.69);
insert into STATION values (361, '.', 247, 269169.87, 4169078.48, 476.09);
insert into STATION values (362, '.', 247, 269172.16, 4169082.50, 470.62);
insert into STATION values (363, '.', 247, 269174.71, 4169079.40, 472.52);
insert into STATION values (364, '.', 247, 269184.08, 4169083.45, 475.33);
insert into STATION values (365, '.', 247, 269180.77, 4169079.96, 483.60);
insert into STATION values (366, '.', 247, 269181.09, 4169087.43, 473.71);
insert into STATION values (367, '.', 247, 269180.39, 4169085.46, 471.66);
insert into STATION values (368, '.', 247, 269189.01, 4169076.77, 476.53);
insert into STATION values (369, '4', 247, 269164.21, 4169078.49, 467.43);
insert into STATION values (370, '5', 247, 269184.76, 4169084.03, 472.98);
insert into STATION values (371, '.', 247, 269187.59, 4169076.03, 473.50);
insert into STATION values (372, '.', 247, 269191.02, 4169077.09, 474.96);
insert into STATION values (373, '.', 247, 269186.07, 4169086.40, 475.00);
insert into STATION values (374, '.', 247, 269183.73, 4169085.80, 472.09);
insert into STATION values (375, '.', 247, 269180.43, 4169089.66, 472.55);
insert into STATION values (376, '.', 247, 269178.58, 4169097.49, 471.18);
insert into STATION values (377, '.', 247, 269182.60, 4169098.89, 471.87);
insert into STATION values (378, '.', 247, 269188.28, 4169103.52, 471.42);
insert into STATION values (379, '.', 247, 269189.45, 4169099.62, 472.44);
insert into STATION values (380, '.', 247, 269190.09, 4169096.57, 472.98);
insert into STATION values (381, '.', 247, 269188.85, 4169090.00, 472.68);
insert into STATION values (382, '.', 247, 269199.01, 4169103.12, 473.52);
insert into STATION values (383, '.', 247, 269195.96, 4169104.88, 475.30);
insert into STATION values (384, '.', 247, 269208.91, 4169102.54, 477.36);
insert into STATION values (385, '.', 247, 269197.87, 4169099.53, 477.74);
insert into STATION values (386, '.', 247, 269188.24, 4169089.77, 477.10);
insert into STATION values (387, '.', 247, 269185.55, 4169085.91, 475.87);
insert into STATION values (388, 'B79', 247, 269202.21, 4169104.08, 474.51);
insert into STATION values (389, '.', 247, 269200.96, 4169103.67, 477.75);
insert into STATION values (390, '.', 247, 269197.62, 4169108.92, 475.81);
insert into STATION values (391, '.', 247, 269201.87, 4169104.18, 473.62);
insert into STATION values (392, '.', 247, 269193.21, 4169102.56, 474.67);
insert into STATION values (393, '.', 247, 269192.06, 4169097.92, 475.86);
insert into STATION values (394, '.', 247, 269181.79, 4169089.21, 473.80);
insert into STATION values (395, '.', 247, 269195.65, 4169097.08, 472.56);
insert into STATION values (396, '.', 247, 269189.52, 4169076.29, 475.47);
insert into STATION values (397, '.', 247, 269195.31, 4169079.09, 475.23);
insert into STATION values (398, '.', 247, 269201.72, 4169101.22, 477.34);
insert into STATION values (399, '.', 247, 269207.36, 4169089.59, 476.40);
insert into STATION values (400, '.', 247, 269207.41, 4169091.17, 472.65);
insert into STATION values (401, '.', 247, 269203.69, 4169101.01, 473.27);
insert into STATION values (402, '.', 247, 269221.07, 4169085.58, 478.46);
insert into STATION values (403, '.', 247, 269220.30, 4169087.59, 480.47);
insert into STATION values (404, '.', 247, 269232.07, 4169087.56, 476.77);
insert into STATION values (405, '.', 247, 269221.77, 4169095.31, 476.01);
insert into STATION values (406, '.', 247, 269208.11, 4169104.08, 477.00);
insert into STATION values (407, '.', 247, 269217.64, 4169118.60, 477.30);
insert into STATION values (408, '.', 247, 269206.34, 4169115.16, 477.15);
insert into STATION values (409, '.', 247, 269210.26, 4169109.12, 478.80);
insert into STATION values (410, '.', 247, 269220.93, 4169113.11, 480.47);
insert into STATION values (411, '.', 247, 269219.22, 4169110.76, 475.05);
insert into STATION values (412, '.', 247, 269204.68, 4169104.80, 473.93);
insert into STATION values (413, '7', 247, 269205.08, 4169071.67, 473.71);
insert into STATION values (414, '8', 247, 269194.64, 4169102.67, 473.25);
insert into STATION values (415, '.', 247, 269194.64, 4169105.20, 473.28);
insert into STATION values (416, '.', 247, 269192.33, 4169105.41, 472.03);
insert into STATION values (417, '.', 247, 269192.32, 4169104.82, 473.61);
insert into STATION values (418, '.', 247, 269191.64, 4169104.35, 472.90);
insert into STATION values (419, '.', 247, 269190.93, 4169106.29, 472.50);
insert into STATION values (420, '9', 247, 269177.57, 4169118.07, 472.40);
insert into STATION values (421, '10', 247, 269222.72, 4169089.17, 474.40);
insert into STATION values (422, '.', 247, 269222.08, 4169085.67, 477.09);
insert into STATION values (423, '.', 247, 269222.60, 4169088.45, 474.59);
insert into STATION values (424, '.', 247, 269222.55, 4169089.11, 481.27);
insert into STATION values (425, '.', 247, 269223.21, 4169093.98, 477.92);
insert into STATION values (426, '.', 247, 269224.40, 4169094.15, 477.79);
insert into STATION values (427, '.', 247, 269222.86, 4169091.51, 473.61);
insert into STATION values (428, '.', 247, 269215.23, 4169094.70, 472.44);
insert into STATION values (429, '.', 247, 269213.94, 4169093.11, 479.38);
insert into STATION values (430, '.', 247, 269218.49, 4169091.43, 483.85);
insert into STATION values (431, '.', 247, 269231.03, 4169085.89, 478.55);
insert into STATION values (432, '.', 247, 269237.53, 4169090.46, 479.87);
insert into STATION values (433, '.', 247, 269238.30, 4169095.45, 480.55);
insert into STATION values (434, '.', 247, 269246.78, 4169089.61, 486.09);
insert into STATION values (435, '.', 247, 269230.63, 4169090.01, 483.00);
insert into STATION values (436, '.', 247, 269236.45, 4169097.34, 485.10);
insert into STATION values (437, '.', 247, 269237.79, 4169096.91, 479.65);
insert into STATION values (438, '.', 247, 269235.45, 4169096.87, 477.51);
insert into STATION values (439, '.', 247, 269230.62, 4169093.37, 475.28);
insert into STATION values (440, '.', 247, 269227.79, 4169091.38, 474.02);
insert into STATION values (441, '.', 247, 269225.17, 4169092.93, 475.28);
insert into STATION values (442, '.', 247, 269226.04, 4169093.80, 478.87);
insert into STATION values (443, '.', 247, 269227.31, 4169093.81, 476.41);
insert into STATION values (444, '11', 247, 269236.47, 4169097.78, 479.51);
insert into STATION values (445, '.', 247, 269234.10, 4169102.22, 480.92);
insert into STATION values (446, '.', 247, 269243.02, 4169096.01, 481.29);
insert into STATION values (447, '.', 247, 269237.48, 4169097.31, 478.68);
insert into STATION values (448, '.', 247, 269242.19, 4169101.94, 485.03);
insert into STATION values (449, '.', 247, 269253.93, 4169110.54, 485.54);
insert into STATION values (450, '.', 247, 269265.21, 4169115.84, 485.25);
insert into STATION values (451, '.', 247, 269259.35, 4169116.40, 482.61);
insert into STATION values (452, '.', 247, 269245.57, 4169109.24, 481.36);
insert into STATION values (453, '.', 247, 269238.74, 4169104.31, 481.44);
insert into STATION values (454, '.', 247, 269238.41, 4169098.87, 478.62);
insert into STATION values (455, '.', 247, 269244.43, 4169104.35, 478.69);
insert into STATION values (456, '.', 247, 269246.59, 4169102.51, 480.46);
insert into STATION values (457, '12', 247, 269259.53, 4169113.15, 481.12);
insert into STATION values (458, '.', 247, 269260.55, 4169116.63, 482.13);
insert into STATION values (459, '.', 247, 269260.33, 4169113.37, 486.15);
insert into STATION values (460, '.', 247, 269260.71, 4169111.30, 487.37);
insert into STATION values (461, '.', 247, 269260.68, 4169108.97, 484.60);
insert into STATION values (462, '.', 247, 269261.30, 4169106.34, 482.54);
insert into STATION values (463, '.', 247, 269259.78, 4169112.96, 480.68);
insert into STATION values (464, '.', 247, 269254.99, 4169116.10, 481.44);
insert into STATION values (465, '.', 247, 269250.74, 4169113.87, 477.92);
insert into STATION values (466, '.', 247, 269252.85, 4169113.64, 483.67);
insert into STATION values (467, '.', 247, 269257.07, 4169112.52, 485.59);
insert into STATION values (468, '.', 247, 269254.10, 4169105.44, 484.52);
insert into STATION values (469, '.', 247, 269251.80, 4169107.50, 480.64);
insert into STATION values (470, '.', 247, 269266.68, 4169118.77, 483.32);
insert into STATION values (471, '.', 247, 269276.76, 4169121.61, 484.54);
insert into STATION values (472, '.', 247, 269276.08, 4169114.50, 483.63);
insert into STATION values (473, '.', 247, 269268.23, 4169110.93, 483.25);
insert into STATION values (474, '.', 247, 269264.88, 4169114.18, 480.15);
insert into STATION values (475, '.', 247, 269273.14, 4169116.84, 481.37);
insert into STATION values (476, '.', 247, 269265.98, 4169114.47, 486.01);
insert into STATION values (477, '.', 247, 269269.88, 4169115.93, 485.87);
insert into STATION values (478, '13', 247, 269277.78, 4169118.36, 482.72);
insert into STATION values (479, '.', 247, 269277.88, 4169114.67, 483.38);
insert into STATION values (480, '.', 247, 269279.44, 4169117.86, 488.23);
insert into STATION values (481, '.', 247, 269278.46, 4169121.55, 484.51);
insert into STATION values (482, '.', 247, 269278.00, 4169118.39, 482.13);
insert into STATION values (483, '.', 247, 269283.76, 4169119.38, 481.44);
insert into STATION values (484, '.', 247, 269292.80, 4169121.21, 481.57);
insert into STATION values (485, '.', 247, 269300.97, 4169122.47, 481.94);
insert into STATION values (486, '.', 247, 269289.41, 4169122.88, 483.44);
insert into STATION values (487, '.', 247, 269284.63, 4169122.68, 483.63);
insert into STATION values (488, '.', 247, 269307.87, 4169122.94, 484.85);
insert into STATION values (489, '.', 247, 269295.74, 4169119.82, 487.35);
insert into STATION values (490, '.', 247, 269287.46, 4169116.58, 484.73);
insert into STATION values (491, 'B78', 247, 269302.22, 4169125.04, 483.28);
insert into STATION values (492, '.', 247, 269304.40, 4169120.09, 483.36);
insert into STATION values (493, '.', 247, 269304.06, 4169123.30, 481.50);
insert into STATION values (494, '.', 247, 269303.02, 4169125.37, 487.34);
insert into STATION values (495, '.', 247, 269295.85, 4169132.49, 485.65);
insert into STATION values (496, '.', 247, 269285.67, 4169153.19, 488.86);
insert into STATION values (497, '.', 247, 269293.09, 4169154.64, 490.77);
insert into STATION values (498, '.', 247, 269301.83, 4169131.25, 485.49);
insert into STATION values (499, '.', 247, 269302.32, 4169128.11, 486.20);
insert into STATION values (500, '.', 247, 269297.62, 4169136.74, 489.36);
insert into STATION values (501, '.', 247, 269297.75, 4169135.87, 485.10);
insert into STATION values (502, '.', 247, 269300.81, 4169127.39, 483.36);
insert into STATION values (503, '.', 247, 269294.36, 4169128.95, 486.22);
insert into STATION values (504, '.', 247, 269289.75, 4169128.72, 485.97);
insert into STATION values (505, '.', 247, 269292.65, 4169125.56, 486.58);
insert into STATION values (506, '.', 247, 269286.54, 4169125.08, 485.82);
insert into STATION values (507, '.', 247, 269293.60, 4169127.02, 483.98);
insert into STATION values (508, '.', 247, 269294.65, 4169125.15, 482.78);
insert into STATION values (509, '.', 247, 269300.16, 4169126.20, 482.95);
insert into STATION values (510, '.', 247, 269303.60, 4169120.20, 482.60);
insert into STATION values (511, '.', 247, 269298.91, 4169118.31, 483.67);
insert into STATION values (512, '.', 247, 269292.25, 4169117.17, 483.24);
insert into STATION values (513, '.', 247, 269299.82, 4169122.85, 481.37);
insert into STATION values (514, '.', 247, 269291.58, 4169123.21, 482.13);
insert into STATION values (515, '.', 247, 269285.62, 4169117.80, 485.41);
insert into STATION values (516, '.', 247, 269307.14, 4169129.14, 485.49);
insert into STATION values (517, '.', 247, 269313.49, 4169132.51, 491.66);
insert into STATION values (518, '.', 247, 269314.98, 4169128.68, 488.08);
insert into STATION values (519, '.', 247, 269315.22, 4169133.05, 487.14);
insert into STATION values (520, '.', 247, 269320.49, 4169140.78, 492.11);
insert into STATION values (521, '15', 247, 269317.96, 4169133.86, 490.47);
insert into STATION values (522, '16', 247, 269291.04, 4169126.66, 484.37);
insert into STATION values (523, '.', 247, 269290.29, 4169124.19, 485.56);
insert into STATION values (524, '.', 247, 269290.79, 4169125.81, 484.53);
insert into STATION values (525, '.', 247, 269290.80, 4169126.84, 486.49);
insert into STATION values (526, '.', 247, 269290.55, 4169129.09, 485.69);
insert into STATION values (527, '.', 247, 269290.93, 4169128.04, 484.10);
insert into STATION values (528, '.', 247, 269289.75, 4169126.80, 483.90);
insert into STATION values (529, '.', 247, 269283.68, 4169127.35, 483.56);
insert into STATION values (530, '.', 247, 269271.04, 4169128.39, 485.78);
insert into STATION values (531, '.', 247, 269286.08, 4169126.90, 486.35);
insert into STATION values (532, '.', 247, 269281.50, 4169125.09, 485.41);
insert into STATION values (533, '.', 247, 269273.42, 4169125.47, 484.68);
insert into STATION values (534, '.', 247, 269278.08, 4169129.75, 484.58);
insert into STATION values (535, '.', 247, 269267.71, 4169130.79, 484.50);
insert into STATION values (536, '17', 247, 269266.80, 4169129.62, 483.12);
insert into STATION values (537, '.', 247, 269265.57, 4169125.86, 484.12);
insert into STATION values (538, '.', 247, 269266.34, 4169128.42, 482.45);
insert into STATION values (539, '.', 247, 269266.73, 4169131.11, 483.67);
insert into STATION values (540, '.', 247, 269266.39, 4169129.92, 485.16);
insert into STATION values (541, '.', 247, 269260.74, 4169128.61, 483.20);
insert into STATION values (542, '.', 247, 269259.75, 4169137.63, 480.20);
insert into STATION values (543, '.', 247, 269265.72, 4169129.12, 482.21);
insert into STATION values (544, '.', 247, 269261.82, 4169130.37, 480.05);
insert into STATION values (545, 'B77', 247, 269248.80, 4169140.18, 481.17);
insert into STATION values (546, '.', 247, 269257.15, 4169129.67, 479.64);
insert into STATION values (547, '.', 247, 269253.35, 4169150.56, 483.66);
insert into STATION values (548, '.', 247, 269249.07, 4169141.13, 480.76);
insert into STATION values (549, '.', 247, 269249.89, 4169140.32, 483.84);
insert into STATION values (550, '.', 247, 269257.56, 4169140.10, 484.07);
insert into STATION values (551, '.', 247, 269273.13, 4169134.90, 482.83);
insert into STATION values (552, '.', 247, 269237.23, 4169153.81, 483.65);
insert into STATION values (553, '.', 247, 269246.32, 4169125.11, 480.99);
insert into STATION values (554, '.', 247, 269252.93, 4169127.83, 481.36);
insert into STATION values (555, '.', 247, 269235.88, 4169126.49, 482.59);
insert into STATION values (556, '.', 247, 269245.47, 4169131.24, 484.06);
insert into STATION values (557, '19', 247, 269244.37, 4169132.62, 480.90);
insert into STATION values (558, '.', 247, 269235.25, 4169134.66, 481.16);
insert into STATION values (559, '.', 247, 269244.84, 4169132.88, 483.94);
insert into STATION values (560, '.', 247, 269254.65, 4169129.87, 482.60);
insert into STATION values (561, '.', 247, 269233.76, 4169129.00, 480.17);
insert into STATION values (562, '.', 247, 269234.70, 4169124.23, 479.21);
insert into STATION values (563, '.', 247, 269225.55, 4169104.56, 478.36);
insert into STATION values (564, '.', 247, 269235.70, 4169120.62, 484.62);
insert into STATION values (565, '.', 247, 269243.87, 4169131.32, 483.33);
insert into STATION values (566, '.', 247, 269251.12, 4169125.87, 479.88);
insert into STATION values (567, '.', 247, 269243.33, 4169125.48, 477.03);
insert into STATION values (568, '.', 247, 269240.65, 4169116.17, 477.50);
insert into STATION values (569, '21', 247, 269246.16, 4169150.77, 481.32);
insert into STATION values (570, '.', 247, 269251.71, 4169151.51, 482.24);
insert into STATION values (571, '.', 247, 269251.27, 4169155.46, 481.65);
insert into STATION values (572, '.', 247, 269246.99, 4169154.68, 480.34);
insert into STATION values (573, '.', 247, 269249.69, 4169159.85, 480.43);
insert into STATION values (574, '.', 247, 269247.03, 4169155.67, 483.35);
insert into STATION values (575, '.', 247, 269249.07, 4169163.41, 481.82);
insert into STATION values (576, '.', 247, 269244.27, 4169160.83, 480.89);
insert into STATION values (577, '.', 247, 269243.60, 4169155.96, 481.64);
insert into STATION values (578, '.', 247, 269245.70, 4169151.89, 484.47);
insert into STATION values (579, '.', 247, 269238.13, 4169154.10, 483.20);
insert into STATION values (580, '22', 247, 269254.91, 4169163.92, 481.34);
insert into STATION values (581, '.', 247, 269251.72, 4169167.23, 481.89);
insert into STATION values (582, '.', 247, 269254.99, 4169164.32, 480.93);
insert into STATION values (583, '.', 247, 269255.51, 4169164.16, 483.62);
insert into STATION values (584, '.', 247, 269255.52, 4169173.99, 484.85);
insert into STATION values (585, '.', 247, 269261.05, 4169180.40, 485.63);
insert into STATION values (586, '.', 247, 269256.49, 4169166.76, 482.03);
insert into STATION values (587, '.', 247, 269262.42, 4169175.64, 485.73);
insert into STATION values (588, '.', 247, 269263.78, 4169173.94, 485.25);
insert into STATION values (589, '.', 247, 269266.22, 4169165.69, 485.46);
insert into STATION values (590, '.', 247, 269267.08, 4169163.77, 484.53);
insert into STATION values (591, '.', 247, 269257.80, 4169160.76, 482.83);
insert into STATION values (592, 'B76', 247, 269260.14, 4169162.98, 483.07);
insert into STATION values (593, '.', 247, 269266.56, 4169161.11, 484.23);
insert into STATION values (594, '.', 247, 269267.83, 4169164.20, 484.19);
insert into STATION values (595, '.', 247, 269270.14, 4169170.94, 485.03);
insert into STATION values (596, '.', 247, 269261.72, 4169166.20, 483.84);
insert into STATION values (597, '.', 247, 269267.17, 4169158.03, 484.36);
insert into STATION values (598, '.', 247, 269262.49, 4169160.10, 484.34);
insert into STATION values (599, '.', 247, 269260.17, 4169160.86, 483.27);
insert into STATION values (600, '.', 247, 269273.38, 4169141.51, 485.77);
insert into STATION values (601, '.', 247, 269269.71, 4169151.63, 483.07);
insert into STATION values (602, '.', 247, 269268.77, 4169166.42, 483.93);
insert into STATION values (603, '.', 247, 269273.38, 4169168.20, 484.74);
insert into STATION values (604, '24', 247, 269277.88, 4169169.18, 486.12);
insert into STATION values (605, '.', 247, 269284.30, 4169171.49, 486.89);
insert into STATION values (606, '.', 247, 269278.50, 4169169.17, 487.97);
insert into STATION values (607, '.', 247, 269277.63, 4169169.73, 485.78);
insert into STATION values (608, '.', 247, 269278.72, 4169167.30, 486.41);
insert into STATION values (609, '.', 247, 269284.10, 4169163.45, 486.33);
insert into STATION values (610, '.', 247, 269287.85, 4169167.11, 487.14);
insert into STATION values (611, '.', 247, 269279.21, 4169176.12, 487.85);
insert into STATION values (612, '.', 247, 269270.95, 4169172.36, 486.02);
insert into STATION values (613, '.', 247, 269276.08, 4169171.15, 485.69);
insert into STATION values (614, '.', 247, 269273.87, 4169175.05, 487.96);
insert into STATION values (615, '25', 247, 269286.46, 4169165.53, 486.09);
insert into STATION values (616, '26', 247, 269272.18, 4169179.90, 487.04);
insert into STATION values (617, '.', 247, 269272.02, 4169180.78, 486.38);
insert into STATION values (618, '.', 247, 269266.07, 4169194.00, 487.90);
insert into STATION values (619, '.', 247, 269280.24, 4169198.92, 488.37);
insert into STATION values (620, '.', 247, 269278.87, 4169182.08, 488.35);
insert into STATION values (621, '.', 247, 269272.06, 4169180.79, 488.24);
insert into STATION values (622, '.', 247, 269284.39, 4169182.71, 491.08);
insert into STATION values (623, '.', 247, 269276.42, 4169176.50, 488.15);
insert into STATION values (624, '.', 247, 269284.83, 4169177.45, 492.56);
insert into STATION values (625, '.', 247, 269273.97, 4169178.82, 486.18);
insert into STATION values (626, '.', 247, 269265.16, 4169176.95, 486.18);
insert into STATION values (627, '.', 247, 269258.30, 4169178.50, 484.17);
insert into STATION values (628, '.', 247, 269260.15, 4169176.05, 485.35);
insert into STATION values (629, '.', 247, 269267.28, 4169178.15, 485.59);
insert into STATION values (630, '27', 247, 269259.01, 4169173.57, 483.52);
insert into STATION values (631, '.', 247, 269262.03, 4169169.33, 484.21);
insert into STATION values (632, '.', 247, 269258.77, 4169172.81, 485.66);
insert into STATION values (633, '.', 247, 269255.76, 4169175.43, 484.06);
insert into STATION values (634, '.', 247, 269258.61, 4169174.37, 482.46);
insert into STATION values (635, '.', 247, 269258.39, 4169173.10, 485.71);
insert into STATION values (636, '.', 247, 269263.60, 4169175.34, 485.26);
insert into STATION values (637, '.', 247, 269262.57, 4169177.78, 483.91);
insert into STATION values (638, '.', 247, 269256.58, 4169171.28, 483.64);
insert into STATION values (639, '28', 247, 269256.57, 4169171.30, 483.73);
insert into STATION values (640, '29', 247, 269267.38, 4169156.56, 483.27);
insert into STATION values (641, '.', 247, 269262.12, 4169150.48, 482.81);
insert into STATION values (642, '.', 247, 269270.07, 4169157.18, 484.49);
insert into STATION values (643, '.', 247, 269267.80, 4169155.91, 482.52);
insert into STATION values (644, '.', 247, 269266.87, 4169155.37, 485.35);
insert into STATION values (645, '.', 247, 269268.74, 4169149.23, 484.24);
insert into STATION values (646, '.', 247, 269280.15, 4169153.34, 487.65);
insert into STATION values (647, '.', 247, 269281.28, 4169141.63, 486.69);
insert into STATION values (648, 'B75', 247, 269264.69, 4169150.13, 482.57);
insert into STATION values (649, '.', 247, 269268.04, 4169149.58, 491.27);
insert into STATION values (650, '.', 247, 269270.54, 4169150.46, 494.22);
insert into STATION values (651, '.', 247, 269289.88, 4169150.81, 496.42);
insert into STATION values (652, '.', 247, 269274.92, 4169156.91, 486.97);
insert into STATION values (653, '.', 247, 269280.27, 4169152.94, 487.93);
insert into STATION values (654, '.', 247, 269278.43, 4169141.72, 486.80);
insert into STATION values (655, '.', 247, 269265.18, 4169149.46, 481.87);
insert into STATION values (656, '.', 247, 269257.52, 4169129.58, 482.80);
insert into STATION values (657, '.', 247, 269260.89, 4169150.09, 482.80);
insert into STATION values (658, '31', 247, 269253.63, 4169138.95, 480.70);
insert into STATION values (659, '32', 247, 269270.12, 4169151.35, 483.67);
insert into STATION values (660, '.', 247, 269270.21, 4169150.91, 483.67);
insert into STATION values (661, '.', 247, 269273.25, 4169149.92, 491.70);
insert into STATION values (662, '.', 247, 269270.99, 4169156.30, 485.64);
insert into STATION values (663, '.', 247, 269272.34, 4169150.66, 483.28);
insert into STATION values (664, '.', 247, 269278.03, 4169149.87, 484.27);
insert into STATION values (665, '.', 247, 269281.26, 4169152.48, 486.82);
insert into STATION values (666, '.', 247, 269300.50, 4169131.59, 487.86);
insert into STATION values (667, 'B74', 247, 269295.90, 4169146.33, 489.29);
insert into STATION values (668, '.', 247, 269319.06, 4169130.31, 490.02);
insert into STATION values (669, '.', 247, 269320.56, 4169128.55, 485.51);
insert into STATION values (670, '.', 247, 269328.70, 4169131.63, 486.82);
insert into STATION values (671, '.', 247, 269329.48, 4169137.15, 490.86);
insert into STATION values (672, '.', 247, 269321.10, 4169142.09, 491.47);
insert into STATION values (673, '.', 247, 269320.45, 4169137.05, 492.98);
insert into STATION values (674, '.', 247, 269328.20, 4169139.74, 492.78);
insert into STATION values (675, '.', 247, 269325.93, 4169142.72, 491.95);
insert into STATION values (676, '.', 247, 269330.61, 4169137.98, 491.00);
insert into STATION values (677, '.', 247, 269325.98, 4169139.06, 490.50);
insert into STATION values (678, '.', 247, 269314.75, 4169153.58, 492.07);
insert into STATION values (679, '.', 247, 269290.32, 4169156.85, 490.34);
insert into STATION values (680, '.', 247, 269301.85, 4169146.20, 488.19);
insert into STATION values (681, '.', 247, 269310.44, 4169136.59, 486.60);
insert into STATION values (682, '.', 247, 269310.92, 4169131.39, 484.74);
insert into STATION values (683, '35', 247, 269331.98, 4169142.53, 491.42);
insert into STATION values (684, '.', 247, 269332.76, 4169137.45, 491.63);
insert into STATION values (685, '.', 247, 269332.30, 4169140.05, 490.60);
insert into STATION values (686, '.', 247, 269336.92, 4169137.63, 491.51);
insert into STATION values (687, '.', 247, 269341.01, 4169139.76, 493.00);
insert into STATION values (688, '.', 247, 269338.36, 4169140.89, 491.60);
insert into STATION values (689, '.', 247, 269333.38, 4169142.43, 492.90);
insert into STATION values (690, '.', 247, 269334.87, 4169144.26, 492.43);
insert into STATION values (691, '.', 247, 269333.11, 4169145.65, 490.94);
insert into STATION values (692, '.', 247, 269335.95, 4169149.13, 491.21);
insert into STATION values (693, '.', 247, 269335.05, 4169148.03, 492.95);
insert into STATION values (694, '.', 247, 269332.43, 4169147.93, 492.41);
insert into STATION values (695, '.', 247, 269328.97, 4169147.44, 492.72);
insert into STATION values (696, '36', 247, 269339.76, 4169150.95, 493.09);
insert into STATION values (697, '37', 247, 269339.72, 4169142.30, 492.44);
insert into STATION values (698, '.', 247, 269340.39, 4169139.09, 492.72);
insert into STATION values (699, '.', 247, 269339.43, 4169143.76, 492.83);
insert into STATION values (700, '.', 247, 269340.41, 4169143.16, 495.21);
insert into STATION values (701, '.', 247, 269340.56, 4169141.92, 494.77);
insert into STATION values (702, '.', 247, 269340.23, 4169140.88, 491.62);
insert into STATION values (703, '.', 247, 269343.65, 4169140.66, 490.76);
insert into STATION values (704, '.', 247, 269343.89, 4169141.70, 491.39);
insert into STATION values (705, '.', 247, 269350.21, 4169139.38, 493.20);
insert into STATION values (706, '.', 247, 269351.33, 4169142.80, 495.55);
insert into STATION values (707, '.', 247, 269346.00, 4169143.81, 496.63);
insert into STATION values (708, '.', 247, 269341.91, 4169142.32, 495.29);
insert into STATION values (709, '.', 247, 269344.63, 4169144.79, 494.19);
insert into STATION values (710, '38', 247, 269349.19, 4169144.83, 493.62);
insert into STATION values (711, '.', 247, 269348.87, 4169143.64, 496.62);
insert into STATION values (712, '.', 247, 269352.77, 4169140.58, 494.43);
insert into STATION values (713, '.', 247, 269348.18, 4169138.95, 493.79);
insert into STATION values (714, '.', 247, 269343.26, 4169139.63, 493.69);
insert into STATION values (715, '.', 247, 269346.39, 4169144.98, 493.65);
insert into STATION values (716, '.', 247, 269348.47, 4169147.22, 493.56);
insert into STATION values (717, '.', 247, 269348.67, 4169146.10, 492.98);
insert into STATION values (718, '.', 247, 269349.73, 4169146.43, 496.65);
insert into STATION values (719, '.', 247, 269350.74, 4169146.34, 493.68);
insert into STATION values (720, '.', 247, 269351.16, 4169146.46, 494.40);
insert into STATION values (721, '.', 247, 269351.09, 4169145.82, 496.61);
insert into STATION values (722, '.', 247, 269351.91, 4169143.66, 496.25);
insert into STATION values (723, '39', 247, 269352.99, 4169147.71, 495.55);
insert into STATION values (724, '.', 247, 269352.60, 4169150.01, 496.41);
insert into STATION values (725, '.', 247, 269353.05, 4169148.06, 497.43);
insert into STATION values (726, '.', 247, 269354.25, 4169145.66, 496.32);
insert into STATION values (727, '.', 247, 269353.62, 4169147.32, 495.12);
insert into STATION values (728, '.', 247, 269355.68, 4169149.42, 494.37);
insert into STATION values (729, '.', 247, 269357.69, 4169150.03, 495.61);
insert into STATION values (730, '.', 247, 269360.08, 4169151.07, 497.45);
insert into STATION values (731, '.', 247, 269357.79, 4169150.75, 498.84);
insert into STATION values (732, '.', 247, 269348.93, 4169148.09, 496.24);
insert into STATION values (733, '40', 247, 269360.23, 4169150.84, 497.78);
insert into STATION values (734, '.', 247, 269360.92, 4169149.25, 499.51);
insert into STATION values (735, '.', 247, 269358.93, 4169152.59, 498.74);
insert into STATION values (736, '.', 247, 269359.89, 4169151.68, 497.22);
insert into STATION values (737, '.', 247, 269360.22, 4169150.82, 499.86);
insert into STATION values (738, '.', 247, 269361.66, 4169152.23, 500.60);
insert into STATION values (739, '41', 247, 269362.24, 4169154.00, 501.39);
insert into STATION values (740, '42', 247, 269315.61, 4169146.88, 490.33);
insert into STATION values (741, '.', 247, 269319.86, 4169145.75, 490.63);
insert into STATION values (742, '.', 247, 269318.89, 4169148.55, 489.06);
insert into STATION values (743, '.', 247, 269316.39, 4169153.33, 491.63);
insert into STATION values (744, '.', 247, 269317.95, 4169150.24, 495.98);
insert into STATION values (745, '.', 247, 269322.63, 4169152.74, 491.86);
insert into STATION values (746, '.', 247, 269333.14, 4169156.26, 489.29);
insert into STATION values (747, '.', 247, 269325.13, 4169154.17, 488.77);
insert into STATION values (748, '.', 247, 269322.88, 4169134.25, 491.24);
insert into STATION values (749, '.', 247, 269309.65, 4169127.46, 488.76);
insert into STATION values (750, '.', 247, 269293.16, 4169139.17, 487.20);
insert into STATION values (751, '.', 247, 269292.15, 4169159.22, 491.16);
insert into STATION values (752, '.', 247, 269307.47, 4169148.03, 488.38);
insert into STATION values (753, '.', 247, 269308.67, 4169147.28, 492.18);
insert into STATION values (754, '.', 247, 269316.22, 4169145.28, 488.55);
insert into STATION values (755, '.', 247, 269326.68, 4169160.48, 490.02);
insert into STATION values (756, '43', 247, 269326.68, 4169160.44, 490.02);
insert into STATION values (757, '.', 247, 269328.44, 4169162.64, 489.97);
insert into STATION values (758, '.', 247, 269326.65, 4169160.45, 490.02);
insert into STATION values (759, '.', 247, 269327.39, 4169160.79, 492.34);
insert into STATION values (760, '.', 247, 269335.46, 4169160.40, 491.44);
insert into STATION values (761, '.', 247, 269333.28, 4169166.08, 490.98);
insert into STATION values (762, '.', 247, 269326.72, 4169168.29, 491.46);
insert into STATION values (763, '.', 247, 269325.19, 4169162.69, 489.49);
insert into STATION values (764, '.', 247, 269317.62, 4169158.76, 491.12);
insert into STATION values (765, '.', 247, 269326.02, 4169160.09, 489.27);
insert into STATION values (766, '.', 247, 269318.81, 4169154.51, 490.26);
insert into STATION values (767, '.', 247, 269324.62, 4169157.00, 489.12);
insert into STATION values (768, '.', 247, 269325.08, 4169157.34, 491.75);
insert into STATION values (769, '.', 247, 269331.71, 4169152.80, 489.38);
insert into STATION values (770, '44', 247, 269334.54, 4169171.67, 491.53);
insert into STATION values (771, '45', 247, 269314.71, 4169164.87, 492.14);
insert into STATION values (772, '46', 247, 269296.83, 4169161.05, 490.22);
insert into STATION values (773, '.', 247, 269286.67, 4169157.16, 489.88);
insert into STATION values (774, '.', 247, 269292.87, 4169166.53, 490.37);
insert into STATION values (775, '.', 247, 269294.06, 4169171.08, 490.51);
insert into STATION values (776, '.', 247, 269305.19, 4169160.57, 491.64);
insert into STATION values (777, '.', 247, 269311.87, 4169164.65, 492.95);
insert into STATION values (778, '.', 247, 269303.53, 4169170.48, 493.45);
insert into STATION values (779, '.', 247, 269299.85, 4169165.33, 494.70);
insert into STATION values (780, '.', 247, 269297.04, 4169161.17, 491.18);
insert into STATION values (781, '.', 247, 269301.21, 4169160.79, 489.00);
insert into STATION values (782, 'B73', 247, 269295.15, 4169172.05, 490.00);
insert into STATION values (783, '.', 247, 269293.48, 4169172.24, 490.31);
insert into STATION values (784, '.', 247, 269293.67, 4169179.16, 488.14);
insert into STATION values (785, '.', 247, 269299.48, 4169184.31, 490.77);
insert into STATION values (786, '.', 247, 269296.97, 4169176.98, 491.80);
insert into STATION values (787, '.', 247, 269296.31, 4169175.49, 493.36);
insert into STATION values (788, '.', 247, 269293.07, 4169187.94, 489.95);
insert into STATION values (789, '.', 247, 269286.48, 4169199.13, 490.99);
insert into STATION values (790, '.', 247, 269288.23, 4169188.45, 487.21);
insert into STATION values (791, '.', 247, 269285.01, 4169181.55, 490.22);
insert into STATION values (792, '.', 247, 269278.66, 4169181.55, 491.67);
insert into STATION values (793, '.', 247, 269290.87, 4169174.93, 491.87);
insert into STATION values (794, '.', 247, 269309.69, 4169163.80, 494.29);
insert into STATION values (795, '.', 247, 269311.77, 4169170.84, 492.73);
insert into STATION values (796, '.', 247, 269300.29, 4169172.72, 492.62);
insert into STATION values (797, '.', 247, 269311.29, 4169179.32, 491.96);
insert into STATION values (798, '.', 247, 269307.75, 4169174.10, 489.64);
insert into STATION values (799, '.', 247, 269298.33, 4169172.12, 488.52);
insert into STATION values (800, '48', 247, 269318.34, 4169175.00, 493.70);
insert into STATION values (801, '.', 247, 269314.12, 4169164.04, 494.13);
insert into STATION values (802, '.', 247, 269317.96, 4169173.81, 492.87);
insert into STATION values (803, '.', 247, 269317.26, 4169174.72, 495.77);
insert into STATION values (804, '.', 247, 269319.77, 4169177.27, 497.54);
insert into STATION values (805, '.', 247, 269324.30, 4169177.26, 494.78);
insert into STATION values (806, '.', 247, 269326.02, 4169174.82, 492.68);
insert into STATION values (807, '.', 247, 269325.39, 4169174.18, 494.97);
insert into STATION values (808, '.', 247, 269330.44, 4169175.35, 496.79);
insert into STATION values (809, '.', 247, 269321.77, 4169176.50, 497.52);
insert into STATION values (810, '49', 247, 269331.19, 4169174.36, 495.86);
insert into STATION values (811, '.', 247, 269331.11, 4169173.16, 495.96);
insert into STATION values (812, '.', 247, 269331.96, 4169172.84, 496.09);
insert into STATION values (813, '.', 247, 269332.05, 4169174.36, 498.17);
insert into STATION values (814, '.', 247, 269332.29, 4169176.10, 496.22);
insert into STATION values (815, '.', 247, 269331.27, 4169174.06, 495.19);
insert into STATION values (816, '.', 247, 269331.85, 4169173.82, 497.79);
insert into STATION values (817, '.', 247, 269332.80, 4169173.12, 496.16);
insert into STATION values (818, '.', 247, 269333.25, 4169172.88, 495.09);
insert into STATION values (819, '.', 247, 269329.00, 4169176.08, 495.04);
insert into STATION values (820, '.', 247, 269328.32, 4169173.92, 495.29);
insert into STATION values (821, '.', 247, 269328.83, 4169174.74, 496.57);
insert into STATION values (822, '50', 247, 269338.70, 4169168.07, 493.79);
insert into STATION values (823, 'B72', 247, 269288.28, 4169189.41, 488.53);
insert into STATION values (824, '.', 247, 269294.24, 4169188.24, 489.77);
insert into STATION values (825, '.', 247, 269279.52, 4169184.98, 490.21);
insert into STATION values (826, '.', 247, 269285.67, 4169184.02, 488.88);
insert into STATION values (827, '.', 247, 269289.29, 4169184.84, 487.10);
insert into STATION values (828, '.', 247, 269289.16, 4169187.77, 491.90);
insert into STATION values (829, '.', 247, 269293.50, 4169195.06, 490.14);
insert into STATION values (830, '.', 247, 269289.07, 4169200.08, 494.78);
insert into STATION values (831, '.', 247, 269287.90, 4169197.32, 499.59);
insert into STATION values (832, '.', 247, 269288.31, 4169190.13, 492.43);
insert into STATION values (833, '.', 247, 269280.96, 4169199.73, 493.39);
insert into STATION values (834, '.', 247, 269269.38, 4169205.35, 491.61);
insert into STATION values (835, '.', 247, 269261.83, 4169202.11, 490.43);
insert into STATION values (836, '.', 247, 269273.84, 4169196.22, 495.18);
insert into STATION values (837, '.', 247, 269276.90, 4169195.02, 486.89);
insert into STATION values (838, '.', 247, 269264.16, 4169177.04, 486.73);
insert into STATION values (839, '52', 247, 269302.96, 4169192.95, 489.56);
insert into STATION values (840, '.', 247, 269303.14, 4169193.07, 488.05);
insert into STATION values (841, '.', 247, 269303.07, 4169192.23, 490.50);
insert into STATION values (842, '.', 247, 269301.02, 4169187.59, 489.39);
insert into STATION values (843, '.', 247, 269307.22, 4169184.13, 491.61);
insert into STATION values (844, '.', 247, 269311.73, 4169184.70, 493.15);
insert into STATION values (845, '.', 247, 269312.15, 4169189.16, 491.62);
insert into STATION values (846, '.', 247, 269302.32, 4169189.16, 488.28);
insert into STATION values (847, '.', 247, 269299.29, 4169188.97, 488.54);
insert into STATION values (848, 'B71b', 247, 269307.84, 4169188.15, 490.56);
insert into STATION values (849, '.', 247, 269306.40, 4169183.62, 491.99);
insert into STATION values (850, '.', 247, 269312.98, 4169186.80, 491.93);
insert into STATION values (851, '.', 247, 269310.05, 4169193.77, 490.06);
insert into STATION values (852, '.', 247, 269303.66, 4169193.25, 489.22);
insert into STATION values (853, '.', 247, 269301.03, 4169188.17, 489.52);
insert into STATION values (854, '.', 247, 269303.14, 4169190.38, 487.89);
insert into STATION values (855, '.', 247, 269304.41, 4169189.49, 494.90);
insert into STATION values (856, '.', 247, 269308.95, 4169188.40, 496.03);
insert into STATION values (857, '54', 247, 269320.49, 4169188.50, 500.24);
insert into STATION values (858, '55', 247, 269304.32, 4169179.38, 497.30);
insert into STATION values (859, '56', 247, 269266.83, 4169187.87, 486.70);
insert into STATION values (860, '.', 247, 269261.88, 4169191.34, 487.85);
insert into STATION values (861, '.', 247, 269265.04, 4169188.32, 484.95);
insert into STATION values (862, '.', 247, 269266.54, 4169187.46, 488.85);
insert into STATION values (863, '.', 247, 269266.18, 4169176.10, 486.87);
insert into STATION values (864, '.', 247, 269277.00, 4169176.48, 488.23);
insert into STATION values (865, '.', 247, 269277.19, 4169182.96, 487.87);
insert into STATION values (866, '.', 247, 269272.65, 4169187.07, 487.10);
insert into STATION values (867, '.', 247, 269262.10, 4169192.97, 488.18);
insert into STATION values (868, '.', 247, 269257.72, 4169192.62, 488.51);
insert into STATION values (869, '.', 247, 269258.12, 4169185.45, 486.95);
insert into STATION values (870, '.', 247, 269259.99, 4169187.32, 485.57);
insert into STATION values (871, '57', 247, 269251.08, 4169150.86, 480.98);
insert into STATION values (872, '58', 247, 269255.65, 4169190.31, 487.62);
insert into STATION values (873, '.', 247, 269257.07, 4169192.65, 488.47);
insert into STATION values (874, '.', 247, 269255.73, 4169190.69, 490.57);
insert into STATION values (875, '.', 247, 269250.63, 4169185.04, 490.62);
insert into STATION values (876, '.', 247, 269253.80, 4169188.51, 486.30);
insert into STATION values (877, '.', 247, 269250.82, 4169189.42, 485.82);
insert into STATION values (878, '.', 247, 269244.68, 4169189.98, 485.98);
insert into STATION values (879, '.', 247, 269246.22, 4169189.99, 489.62);
insert into STATION values (880, '.', 247, 269249.05, 4169187.80, 488.54);
insert into STATION values (881, '.', 247, 269251.54, 4169192.85, 488.57);
insert into STATION values (882, '.', 247, 269249.11, 4169192.57, 488.63);
insert into STATION values (883, '.', 247, 269251.74, 4169195.99, 489.21);
insert into STATION values (884, '.', 247, 269252.54, 4169201.25, 490.45);
insert into STATION values (885, '.', 247, 269254.29, 4169193.30, 487.75);
insert into STATION values (886, '.', 247, 269254.86, 4169194.04, 490.61);
insert into STATION values (887, '.', 247, 269255.65, 4169197.35, 490.85);
insert into STATION values (888, '.', 247, 269257.03, 4169195.35, 489.76);
insert into STATION values (889, '.', 247, 269256.84, 4169192.57, 489.18);
insert into STATION values (890, '59', 247, 269253.24, 4169199.32, 489.51);
insert into STATION values (891, '.', 247, 269252.16, 4169200.06, 489.99);
insert into STATION values (892, '.', 247, 269255.71, 4169199.81, 493.02);
insert into STATION values (893, '.', 247, 269257.22, 4169197.19, 490.37);
insert into STATION values (894, '.', 247, 269257.09, 4169195.33, 489.96);
insert into STATION values (895, '.', 247, 269256.09, 4169199.49, 488.44);
insert into STATION values (896, '.', 247, 269259.62, 4169204.36, 489.88);
insert into STATION values (897, '.', 247, 269256.76, 4169207.88, 490.57);
insert into STATION values (898, '.', 247, 269254.08, 4169207.38, 490.39);
insert into STATION values (899, '.', 247, 269258.52, 4169202.31, 489.64);
insert into STATION values (900, '.', 247, 269261.17, 4169202.03, 489.65);
insert into STATION values (901, '.', 247, 269263.91, 4169198.04, 489.74);
insert into STATION values (902, '.', 247, 269257.45, 4169200.15, 488.83);
insert into STATION values (903, '60', 247, 269266.00, 4169201.63, 488.92);
insert into STATION values (904, '.', 247, 269266.27, 4169204.09, 490.36);
insert into STATION values (905, '.', 247, 269269.37, 4169199.16, 491.27);
insert into STATION values (906, '.', 247, 269268.64, 4169194.80, 489.22);
insert into STATION values (907, '.', 247, 269274.12, 4169203.48, 491.31);
insert into STATION values (908, '.', 247, 269278.34, 4169200.11, 492.68);
insert into STATION values (909, '.', 247, 269273.06, 4169187.26, 487.44);
insert into STATION values (910, '61', 247, 269267.08, 4169187.72, 486.59);
insert into STATION values (911, '62', 247, 269277.05, 4169172.88, 487.18);
insert into STATION values (912, '64', 247, 269285.34, 4169203.28, 494.75);
insert into STATION values (913, '.', 247, 269283.17, 4169203.94, 495.85);
insert into STATION values (914, '.', 247, 269284.27, 4169204.88, 502.60);
insert into STATION values (915, '.', 247, 269275.60, 4169212.44, 497.14);
insert into STATION values (916, '.', 247, 269280.63, 4169221.06, 502.49);
insert into STATION values (917, '.', 247, 269274.11, 4169223.25, 497.65);
insert into STATION values (918, '.', 247, 269290.89, 4169205.68, 495.70);
insert into STATION values (919, '.', 247, 269286.79, 4169204.33, 494.24);
insert into STATION values (920, '.', 247, 269287.61, 4169215.85, 497.38);
insert into STATION values (921, '.', 247, 269296.98, 4169214.15, 500.42);
insert into STATION values (922, '.', 247, 269287.64, 4169215.64, 502.04);
insert into STATION values (923, 'B3', 247, 269293.48, 4169212.93, 499.75);
insert into STATION values (924, '.', 247, 269296.28, 4169221.93, 500.86);
insert into STATION values (925, '.', 247, 269291.74, 4169213.84, 504.39);
insert into STATION values (926, '.', 247, 269290.87, 4169214.17, 498.07);
insert into STATION values (927, '.', 247, 269287.70, 4169212.95, 496.06);
insert into STATION values (928, '.', 247, 269275.56, 4169214.10, 496.13);
insert into STATION values (929, '.', 247, 269266.85, 4169206.61, 495.81);
insert into STATION values (930, '.', 247, 269267.27, 4169219.05, 499.24);
insert into STATION values (931, '.', 247, 269281.93, 4169223.76, 502.63);
insert into STATION values (932, '.', 247, 269278.35, 4169232.48, 501.57);
insert into STATION values (933, '.', 247, 269300.56, 4169211.19, 504.01);
insert into STATION values (934, '.', 247, 269298.51, 4169211.93, 501.11);
insert into STATION values (935, '.', 247, 269305.52, 4169211.93, 504.17);
insert into STATION values (936, '.', 247, 269309.71, 4169211.44, 507.42);
insert into STATION values (937, '.', 247, 269313.10, 4169211.23, 513.39);
insert into STATION values (938, '.', 247, 269305.23, 4169210.81, 518.57);
insert into STATION values (939, '.', 247, 269293.86, 4169213.05, 503.33);
insert into STATION values (940, '.', 247, 269299.65, 4169210.97, 506.20);
insert into STATION values (941, '.', 247, 269297.91, 4169213.03, 503.99);
insert into STATION values (942, '66', 247, 269306.15, 4169211.63, 521.55);
insert into STATION values (943, '67', 247, 269315.95, 4169210.83, 515.67);
insert into STATION values (944, '67b', 247, 269315.95, 4169210.83, 540.67);
insert into STATION values (945, '68', 247, 269287.32, 4169219.23, 499.20);
insert into STATION values (946, '.', 247, 269295.85, 4169238.35, 501.92);
insert into STATION values (947, '.', 247, 269288.37, 4169236.68, 502.60);
insert into STATION values (948, '.', 247, 269287.32, 4169221.82, 502.08);
insert into STATION values (949, '.', 247, 269277.77, 4169232.11, 501.83);
insert into STATION values (950, '.', 247, 269265.46, 4169221.82, 499.89);
insert into STATION values (951, '.', 247, 269287.45, 4169219.19, 497.97);
insert into STATION values (952, '.', 247, 269289.40, 4169202.23, 495.37);
insert into STATION values (953, '.', 247, 269290.30, 4169211.94, 502.51);
insert into STATION values (954, '.', 247, 269273.53, 4169205.75, 495.70);
insert into STATION values (955, '.', 247, 269275.46, 4169207.79, 491.13);
insert into STATION values (956, '.', 247, 269271.61, 4169219.19, 494.13);
insert into STATION values (957, '.', 247, 269296.03, 4169221.69, 498.04);
insert into STATION values (958, '.', 247, 269298.31, 4169222.33, 497.72);
insert into STATION values (959, '69', 247, 269296.00, 4169221.68, 498.03);
insert into STATION values (960, '.', 247, 269296.30, 4169221.48, 499.33);
insert into STATION values (961, '.', 247, 269299.74, 4169223.16, 497.56);
insert into STATION values (962, '.', 247, 269299.90, 4169221.47, 497.13);
insert into STATION values (963, '.', 247, 269300.47, 4169215.32, 500.91);
insert into STATION values (964, '.', 247, 269296.04, 4169217.35, 498.82);
insert into STATION values (965, '.', 247, 269294.71, 4169223.83, 498.12);
insert into STATION values (966, '.', 247, 269289.53, 4169206.61, 499.32);
insert into STATION values (967, '70', 247, 269301.44, 4169222.61, 496.80);
insert into STATION values (968, '.', 247, 269305.63, 4169224.49, 494.31);
insert into STATION values (969, '.', 247, 269301.45, 4169224.52, 496.02);
insert into STATION values (970, '.', 247, 269301.58, 4169222.56, 497.15);
insert into STATION values (971, '.', 247, 269301.70, 4169221.46, 496.75);
insert into STATION values (972, '.', 247, 269301.61, 4169221.61, 495.62);
insert into STATION values (973, '.', 247, 269303.83, 4169222.49, 494.88);
insert into STATION values (974, '.', 247, 269305.40, 4169223.28, 495.97);
insert into STATION values (975, '.', 247, 269300.45, 4169221.87, 496.94);
insert into STATION values (976, '.', 247, 269300.41, 4169223.22, 497.04);
insert into STATION values (977, '71', 247, 269305.66, 4169224.52, 494.34);
insert into STATION values (978, '.', 247, 269306.21, 4169224.23, 494.66);
insert into STATION values (979, '.', 247, 269304.73, 4169225.08, 494.92);
insert into STATION values (980, '.', 247, 269307.56, 4169226.64, 496.69);
insert into STATION values (981, '.', 247, 269306.02, 4169225.62, 494.45);
insert into STATION values (982, '72', 247, 269305.84, 4169227.69, 495.72);
insert into STATION values (983, '.', 247, 269304.78, 4169225.54, 495.58);
insert into STATION values (984, '.', 247, 269305.96, 4169228.32, 495.99);
insert into STATION values (985, '.', 247, 269305.73, 4169227.02, 494.88);
insert into STATION values (986, '.', 247, 269306.52, 4169224.84, 494.79);
insert into STATION values (987, '.', 247, 269303.03, 4169226.45, 495.47);
insert into STATION values (988, '.', 247, 269299.99, 4169226.53, 496.52);
insert into STATION values (989, '.', 247, 269300.60, 4169225.74, 498.08);
insert into STATION values (990, '.', 247, 269303.89, 4169227.39, 497.49);
insert into STATION values (991, '.', 247, 269303.56, 4169227.72, 496.75);
insert into STATION values (992, '.', 247, 269302.18, 4169225.45, 497.22);
insert into STATION values (993, '.', 247, 269308.07, 4169227.31, 495.68);
insert into STATION values (994, '.', 247, 269308.01, 4169226.42, 494.77);
insert into STATION values (995, '.', 247, 269309.97, 4169225.43, 496.27);
insert into STATION values (996, '73', 247, 269298.27, 4169225.88, 498.61);
insert into STATION values (997, '74', 247, 269310.56, 4169226.44, 493.85);
insert into STATION values (998, 'B00', 823, 269302.96, 4169342.23, 508.17);
insert into STATION values (999, '.', 823, 269319.67, 4169363.97, 510.08);
insert into STATION values (1000, '.', 823, 269302.73, 4169343.35, 513.19);
insert into STATION values (1001, '.', 823, 269303.13, 4169342.31, 507.32);
insert into STATION values (1002, '1', 823, 269296.00, 4169350.65, 510.22);
insert into STATION values (1003, '.', 823, 269294.54, 4169347.82, 511.56);
insert into STATION values (1004, '.', 823, 269296.68, 4169353.44, 510.40);
insert into STATION values (1005, '.', 823, 269295.89, 4169350.87, 514.06);
insert into STATION values (1006, '.', 823, 269296.01, 4169350.78, 509.67);
insert into STATION values (1007, '2', 823, 269292.77, 4169353.82, 512.49);
insert into STATION values (1008, '.', 823, 269290.75, 4169350.88, 512.84);
insert into STATION values (1009, '.', 823, 269295.84, 4169355.07, 513.17);
insert into STATION values (1010, '.', 823, 269292.57, 4169353.72, 514.28);
insert into STATION values (1011, '.', 823, 269292.92, 4169354.16, 511.50);
insert into STATION values (1012, '3', 823, 269286.65, 4169356.22, 514.94);
insert into STATION values (1013, '.', 823, 269282.66, 4169348.65, 516.17);
insert into STATION values (1014, '.', 823, 269292.78, 4169359.58, 516.76);
insert into STATION values (1015, '.', 823, 269284.47, 4169355.70, 524.89);
insert into STATION values (1016, '.', 823, 269286.44, 4169356.25, 513.96);
insert into STATION values (1017, '4', 823, 269290.59, 4169384.75, 516.81);
insert into STATION values (1018, '.', 823, 269256.96, 4169371.46, 523.58);
insert into STATION values (1019, '.', 823, 269303.96, 4169382.60, 514.60);
insert into STATION values (1020, '.', 823, 269290.13, 4169385.74, 520.08);
insert into STATION values (1021, '.', 823, 269290.56, 4169384.80, 515.97);
insert into STATION values (1022, '5', 823, 269292.38, 4169400.54, 517.07);
insert into STATION values (1023, '.', 823, 269250.51, 4169402.85, 525.53);
insert into STATION values (1024, '.', 823, 269301.02, 4169401.61, 514.66);
insert into STATION values (1025, '.', 823, 269292.27, 4169400.86, 520.51);
insert into STATION values (1026, '.', 823, 269292.49, 4169400.68, 515.64);
insert into STATION values (1027, '6', 823, 269294.25, 4169427.06, 515.21);
insert into STATION values (1028, '.', 823, 269264.26, 4169441.78, 524.22);
insert into STATION values (1029, '.', 823, 269301.55, 4169423.83, 515.32);
insert into STATION values (1030, '.', 823, 269290.67, 4169428.08, 527.43);
insert into STATION values (1031, '.', 823, 269294.25, 4169426.89, 514.31);
insert into STATION values (1032, '7', 823, 269313.40, 4169449.15, 512.09);
insert into STATION values (1033, '.', 823, 269320.39, 4169434.53, 511.39);
insert into STATION values (1034, '.', 823, 269313.52, 4169449.72, 521.34);
insert into STATION values (1035, '.', 823, 269313.45, 4169449.02, 511.62);
insert into STATION values (1036, '8', 823, 269334.65, 4169465.73, 513.51);
insert into STATION values (1037, '.', 823, 269345.18, 4169492.55, 517.61);
insert into STATION values (1038, '.', 823, 269354.68, 4169469.25, 515.40);
insert into STATION values (1039, '.', 823, 269343.13, 4169448.97, 515.78);
insert into STATION values (1040, '.', 823, 269334.09, 4169466.98, 523.49);
insert into STATION values (1041, '.', 823, 269334.02, 4169466.00, 509.95);
insert into STATION values (1042, '.', 823, 269334.27, 4169512.79, 525.33);
insert into STATION values (1043, '.', 823, 269346.43, 4169491.30, 517.42);
insert into STATION values (1044, '.', 823, 269357.82, 4169473.55, 515.69);
insert into STATION values (1045, '.', 823, 269347.59, 4169446.79, 514.75);
insert into STATION values (1046, '9', 823, 269355.80, 4169458.05, 509.56);
insert into STATION values (1047, '9b', 823, 269355.80, 4169458.05, 519.56);
insert into STATION values (1048, '.', 823, 269360.02, 4169464.95, 511.50);
insert into STATION values (1049, '.', 823, 269352.79, 4169447.54, 512.34);
insert into STATION values (1050, '.', 823, 269357.59, 4169458.01, 519.35);
insert into STATION values (1051, '.', 823, 269355.82, 4169458.01, 509.29);
insert into STATION values (1052, '.', 823, 269358.62, 4169466.29, 513.15);
insert into STATION values (1053, '.', 823, 269354.86, 4169447.49, 513.06);
insert into STATION values (1054, '.', 823, 269356.29, 4169457.42, 518.71);
insert into STATION values (1055, '.', 823, 269355.67, 4169457.98, 509.22);
insert into STATION values (1056, '10', 823, 269386.97, 4169448.96, 513.66);
insert into STATION values (1057, '.', 823, 269381.31, 4169471.59, 517.44);
insert into STATION values (1058, '.', 823, 269380.65, 4169438.46, 516.76);
insert into STATION values (1059, '.', 823, 269387.42, 4169448.80, 520.86);
insert into STATION values (1060, '.', 823, 269386.67, 4169448.75, 512.41);
insert into STATION values (1061, '11', 823, 269396.90, 4169462.81, 517.10);
insert into STATION values (1062, '.', 823, 269392.77, 4169472.00, 517.52);
insert into STATION values (1063, '.', 823, 269404.76, 4169457.30, 518.16);
insert into STATION values (1064, '.', 823, 269396.62, 4169463.10, 518.98);
insert into STATION values (1065, '.', 823, 269396.97, 4169462.80, 516.45);
insert into STATION values (1066, '12', 823, 269405.24, 4169467.22, 517.30);
insert into STATION values (1067, '.', 823, 269404.35, 4169470.54, 517.79);
insert into STATION values (1068, '.', 823, 269405.65, 4169465.85, 517.41);
insert into STATION values (1069, '.', 823, 269404.82, 4169467.81, 518.98);
insert into STATION values (1070, '.', 823, 269405.38, 4169467.32, 516.25);
insert into STATION values (1071, '13', 823, 269422.92, 4169481.27, 517.66);
insert into STATION values (1072, '.', 823, 269404.91, 4169483.43, 517.12);
insert into STATION values (1073, '.', 823, 269432.26, 4169486.87, 519.66);
insert into STATION values (1074, '.', 823, 269423.13, 4169481.29, 521.69);
insert into STATION values (1075, '.', 823, 269422.75, 4169480.68, 515.80);
insert into STATION values (1076, '14', 823, 269416.21, 4169499.57, 515.68);
insert into STATION values (1077, '.', 823, 269405.16, 4169499.65, 517.33);
insert into STATION values (1078, '.', 823, 269428.08, 4169499.83, 517.94);
insert into STATION values (1079, '.', 823, 269415.53, 4169499.83, 522.99);
insert into STATION values (1080, '.', 823, 269416.10, 4169499.55, 514.41);
insert into STATION values (1081, '15', 823, 269416.18, 4169525.90, 524.59);
insert into STATION values (1082, '.', 823, 269402.77, 4169513.51, 519.51);
insert into STATION values (1083, '.', 823, 269404.33, 4169524.53, 525.47);
insert into STATION values (1084, '.', 823, 269411.16, 4169531.97, 528.01);
insert into STATION values (1085, '.', 823, 269415.84, 4169532.21, 527.50);
insert into STATION values (1086, '.', 823, 269423.66, 4169529.34, 525.18);
insert into STATION values (1087, '.', 823, 269430.27, 4169516.47, 521.24);
insert into STATION values (1088, '16', 823, 269431.49, 4169474.52, 519.26);
insert into STATION values (1089, '.', 823, 269438.91, 4169478.21, 519.75);
insert into STATION values (1090, '.', 823, 269424.92, 4169471.32, 520.65);
insert into STATION values (1091, '.', 823, 269432.21, 4169474.32, 522.79);
insert into STATION values (1092, '.', 823, 269431.56, 4169474.50, 518.40);
insert into STATION values (1093, '17', 823, 269430.80, 4169452.93, 523.52);
insert into STATION values (1094, '.', 823, 269435.41, 4169460.94, 523.10);
insert into STATION values (1095, '.', 823, 269406.55, 4169453.42, 525.35);
insert into STATION values (1096, '.', 823, 269430.65, 4169452.92, 527.93);
insert into STATION values (1097, '.', 823, 269430.94, 4169453.21, 522.21);
insert into STATION values (1098, '18', 823, 269439.39, 4169436.67, 522.66);
insert into STATION values (1099, '.', 823, 269415.06, 4169435.16, 523.26);
insert into STATION values (1100, '.', 823, 269440.10, 4169419.48, 522.81);
insert into STATION values (1101, '.', 823, 269438.99, 4169437.19, 528.11);
insert into STATION values (1102, '.', 823, 269439.41, 4169436.72, 521.63);
insert into STATION values (1103, '19', 823, 269418.80, 4169436.68, 522.61);
insert into STATION values (1104, '.', 823, 269420.27, 4169422.32, 521.55);
insert into STATION values (1105, '.', 823, 269407.79, 4169452.49, 523.35);
insert into STATION values (1106, '.', 823, 269418.66, 4169436.86, 525.81);
insert into STATION values (1107, '.', 823, 269418.59, 4169437.26, 521.10);
insert into STATION values (1108, '20', 823, 269391.29, 4169432.88, 517.92);
insert into STATION values (1109, '21', 823, 269384.55, 4169444.25, 514.63);
insert into STATION values (1110, '.', 823, 269379.15, 4169440.90, 515.65);
insert into STATION values (1111, '.', 823, 269394.29, 4169453.04, 517.56);
insert into STATION values (1112, '.', 823, 269384.31, 4169444.61, 518.17);
insert into STATION values (1113, '.', 823, 269385.41, 4169444.66, 512.92);
insert into STATION values (1114, '.', 823, 269386.72, 4169449.24, 513.54);
insert into STATION values (1115, '22', 823, 269453.92, 4169427.88, 519.58);
insert into STATION values (1116, '.', 823, 269443.89, 4169455.97, 526.91);
insert into STATION values (1117, '.', 823, 269453.18, 4169421.41, 521.48);
insert into STATION values (1118, '.', 823, 269454.87, 4169428.67, 526.19);
insert into STATION values (1119, '.', 823, 269453.66, 4169427.38, 517.93);
insert into STATION values (1120, '23', 823, 269483.03, 4169427.28, 521.23);
insert into STATION values (1121, '.', 823, 269496.60, 4169459.80, 522.58);
insert into STATION values (1122, '.', 823, 269478.24, 4169404.61, 523.58);
insert into STATION values (1123, '.', 823, 269483.85, 4169428.40, 528.43);
insert into STATION values (1124, '.', 823, 269483.18, 4169427.06, 520.21);
insert into STATION values (1125, '24', 823, 269510.08, 4169421.34, 517.39);
insert into STATION values (1126, '.', 823, 269493.92, 4169446.08, 524.49);
insert into STATION values (1127, '.', 823, 269510.73, 4169412.06, 522.59);
insert into STATION values (1128, '.', 823, 269510.54, 4169424.09, 525.84);
insert into STATION values (1129, '.', 823, 269509.94, 4169420.54, 515.24);
insert into STATION values (1130, 'B80', 823, 269519.78, 4169416.08, 517.22);
insert into STATION values (1131, '.', 823, 269534.10, 4169414.92, 520.38);
insert into STATION values (1132, '.', 823, 269512.03, 4169411.26, 522.26);
insert into STATION values (1133, '.', 823, 269520.70, 4169417.33, 525.19);
insert into STATION values (1134, '.', 823, 269519.84, 4169416.03, 516.77);
insert into STATION values (1135, '25', 823, 269529.14, 4169446.04, 520.08);
insert into STATION values (1136, '.', 823, 269520.04, 4169455.42, 522.71);
insert into STATION values (1137, '.', 823, 269551.28, 4169436.35, 522.02);
insert into STATION values (1138, '.', 823, 269547.96, 4169433.47, 520.67);
insert into STATION values (1139, '.', 823, 269538.96, 4169434.07, 520.43);
insert into STATION values (1140, '.', 823, 269528.71, 4169444.83, 524.86);
insert into STATION values (1141, '.', 823, 269528.04, 4169442.98, 528.52);
insert into STATION values (1142, '.', 823, 269528.73, 4169446.23, 518.51);
insert into STATION values (1143, '26', 823, 269523.79, 4169428.01, 517.40);
insert into STATION values (1144, '.', 823, 269548.44, 4169417.37, 519.51);
insert into STATION values (1145, '27', 823, 269541.54, 4169420.39, 518.82);
insert into STATION values (1146, '.', 823, 269543.71, 4169429.07, 519.37);
insert into STATION values (1147, '.', 823, 269540.84, 4169417.05, 518.66);
insert into STATION values (1148, '.', 823, 269541.43, 4169420.91, 521.05);
insert into STATION values (1149, '.', 823, 269541.77, 4169420.47, 516.97);
insert into STATION values (1150, '28', 823, 269563.82, 4169411.13, 519.20);
insert into STATION values (1151, '.', 823, 269552.20, 4169422.84, 518.88);
insert into STATION values (1152, '.', 823, 269561.33, 4169421.75, 519.89);
insert into STATION values (1153, '.', 823, 269563.70, 4169417.41, 518.90);
insert into STATION values (1154, '.', 823, 269567.12, 4169416.36, 519.18);
insert into STATION values (1155, '.', 823, 269567.06, 4169416.96, 519.04);
insert into STATION values (1156, '.', 823, 269557.76, 4169419.15, 518.48);
insert into STATION values (1157, '.', 823, 269541.43, 4169417.05, 519.06);
insert into STATION values (1158, 'B81', 823, 269539.09, 4169456.43, 519.20);
insert into STATION values (1159, '.', 823, 269525.27, 4169455.38, 522.07);
insert into STATION values (1160, '.', 823, 269543.37, 4169450.62, 521.49);
insert into STATION values (1161, '.', 823, 269537.70, 4169459.40, 530.85);
insert into STATION values (1162, '.', 823, 269539.11, 4169456.47, 518.65);
insert into STATION values (1163, '29', 823, 269527.85, 4169466.63, 520.53);
insert into STATION values (1164, '.', 823, 269525.55, 4169459.96, 523.52);
insert into STATION values (1165, '.', 823, 269536.28, 4169482.32, 527.26);
insert into STATION values (1166, '.', 823, 269526.22, 4169466.88, 526.47);
insert into STATION values (1167, '.', 823, 269527.81, 4169466.64, 519.96);
insert into STATION values (1168, '30', 823, 269512.25, 4169461.15, 521.66);
insert into STATION values (1169, '.', 823, 269512.09, 4169461.65, 521.63);
insert into STATION values (1170, '29b', 823, 269526.89, 4169463.42, 538.64);
insert into STATION values (1171, '29c', 823, 269527.14, 4169467.80, 541.70);
insert into STATION values (1172, '.', 823, 269513.20, 4169465.65, 522.04);
insert into STATION values (1173, '.', 823, 269511.70, 4169463.21, 523.88);
insert into STATION values (1174, '.', 823, 269511.29, 4169463.42, 519.93);
insert into STATION values (1175, '31', 823, 269504.40, 4169465.71, 520.64);
insert into STATION values (1176, '.', 823, 269501.33, 4169462.74, 521.09);
insert into STATION values (1177, '.', 823, 269505.78, 4169468.53, 521.90);
insert into STATION values (1178, '.', 823, 269504.05, 4169466.00, 523.80);
insert into STATION values (1179, '.', 823, 269504.51, 4169465.82, 520.01);
insert into STATION values (1180, '.', 823, 269494.73, 4169471.36, 519.38);
insert into STATION values (1181, '32', 823, 269500.87, 4169469.02, 521.36);
insert into STATION values (1182, '.', 823, 269499.64, 4169467.50, 521.67);
insert into STATION values (1183, '.', 823, 269501.79, 4169469.83, 521.11);
insert into STATION values (1184, '.', 823, 269500.57, 4169469.07, 521.98);
insert into STATION values (1185, '.', 823, 269500.65, 4169469.12, 520.58);
insert into STATION values (1186, '33', 823, 269494.01, 4169477.88, 518.90);
insert into STATION values (1187, '34', 823, 269516.68, 4169466.05, 522.38);
insert into STATION values (1188, '.', 823, 269482.53, 4169477.31, 520.57);
insert into STATION values (1189, '.', 823, 269513.38, 4169464.13, 523.28);
insert into STATION values (1190, '.', 823, 269528.87, 4169471.90, 524.23);
insert into STATION values (1191, '.', 823, 269516.50, 4169466.61, 525.76);
insert into STATION values (1192, '.', 823, 269516.71, 4169466.30, 521.13);
insert into STATION values (1193, '35', 823, 269518.49, 4169479.53, 521.10);
insert into STATION values (1194, '.', 823, 269505.40, 4169469.22, 522.18);
insert into STATION values (1195, '.', 823, 269494.12, 4169472.24, 522.21);
insert into STATION values (1196, '.', 823, 269487.96, 4169476.78, 521.26);
insert into STATION values (1197, '.', 823, 269493.54, 4169481.74, 521.71);
insert into STATION values (1198, '.', 823, 269503.65, 4169484.66, 522.28);
insert into STATION values (1199, '.', 823, 269531.24, 4169472.42, 524.21);
insert into STATION values (1200, '.', 823, 269533.20, 4169483.57, 524.96);
insert into STATION values (1201, '.', 823, 269536.63, 4169475.46, 527.94);
insert into STATION values (1202, '.', 823, 269532.98, 4169476.81, 535.44);
insert into STATION values (1203, '.', 823, 269518.56, 4169479.20, 527.98);
insert into STATION values (1204, '.', 823, 269511.14, 4169482.83, 527.10);
insert into STATION values (1205, '.', 823, 269518.09, 4169479.45, 519.77);
insert into STATION values (1206, '36', 823, 269531.01, 4169504.42, 524.27);
insert into STATION values (1207, '.', 823, 269519.50, 4169504.63, 525.63);
insert into STATION values (1208, '.', 823, 269536.94, 4169498.80, 524.67);
insert into STATION values (1209, '.', 823, 269546.20, 4169494.80, 521.59);
insert into STATION values (1210, '36b', 823, 269537.50, 4169511.57, 544.97);
insert into STATION values (1211, '.', 823, 269533.48, 4169509.45, 520.45);
insert into STATION values (1212, 'B82', 823, 269545.71, 4169518.76, 526.00);
insert into STATION values (1213, '.', 823, 269515.44, 4169510.17, 527.32);
insert into STATION values (1214, '.', 823, 269550.15, 4169522.72, 527.07);
insert into STATION values (1215, '.', 823, 269544.10, 4169518.80, 523.37);
insert into STATION values (1216, '.', 823, 269547.28, 4169521.93, 525.93);
insert into STATION values (1217, '37', 823, 269522.97, 4169533.11, 528.78);
insert into STATION values (1218, '.', 823, 269516.95, 4169532.48, 522.73);
insert into STATION values (1219, '.', 823, 269498.08, 4169529.10, 523.42);
insert into STATION values (1220, '.', 823, 269516.38, 4169531.12, 534.64);
insert into STATION values (1221, '.', 823, 269510.50, 4169535.36, 538.36);
insert into STATION values (1222, '.', 823, 269516.83, 4169522.54, 541.83);
insert into STATION values (1223, '.', 823, 269522.77, 4169533.12, 536.94);
insert into STATION values (1224, '.', 823, 269526.63, 4169540.93, 527.93);
insert into STATION values (1225, '.', 823, 269526.24, 4169540.41, 535.52);
insert into STATION values (1226, '.', 823, 269523.17, 4169533.23, 527.76);
insert into STATION values (1227, '38', 823, 269470.73, 4169563.33, 551.10);
insert into STATION values (1228, '.', 823, 269471.35, 4169554.55, 549.88);
insert into STATION values (1229, '.', 823, 269514.09, 4169568.23, 543.88);
insert into STATION values (1230, '.', 823, 269500.35, 4169580.46, 545.68);
insert into STATION values (1231, '.', 823, 269501.11, 4169575.27, 546.17);
insert into STATION values (1232, '.', 823, 269506.06, 4169574.23, 545.78);
insert into STATION values (1233, '.', 823, 269500.82, 4169583.13, 545.78);
insert into STATION values (1234, '.', 823, 269499.37, 4169584.25, 545.61);
insert into STATION values (1235, '.', 823, 269485.10, 4169577.93, 548.59);
insert into STATION values (1236, '.', 823, 269472.64, 4169568.42, 563.93);
insert into STATION values (1237, '.', 823, 269470.77, 4169562.83, 548.52);
insert into STATION values (1238, '39', 823, 269441.64, 4169571.25, 567.27);
insert into STATION values (1239, '.', 823, 269444.50, 4169555.91, 557.60);
insert into STATION values (1240, '.', 823, 269443.26, 4169562.77, 566.53);
insert into STATION values (1241, '.', 823, 269441.13, 4169571.46, 573.24);
insert into STATION values (1242, '.', 823, 269437.22, 4169579.90, 571.08);
insert into STATION values (1243, '.', 823, 269444.36, 4169581.89, 562.65);
insert into STATION values (1244, '40', 823, 269430.36, 4169572.59, 573.18);
insert into STATION values (1245, '41', 823, 269566.93, 4169517.91, 528.57);
insert into STATION values (1246, '.', 823, 269566.50, 4169521.08, 525.56);
insert into STATION values (1247, '.', 823, 269565.44, 4169524.97, 529.74);
insert into STATION values (1248, '.', 823, 269566.02, 4169522.22, 533.73);
insert into STATION values (1249, '.', 823, 269568.50, 4169517.68, 533.32);
insert into STATION values (1250, '.', 823, 269568.40, 4169514.23, 529.17);
insert into STATION values (1251, '.', 823, 269567.22, 4169516.59, 527.38);
insert into STATION values (1252, '42', 823, 269575.44, 4169524.77, 527.03);
insert into STATION values (1253, '43', 823, 269586.08, 4169537.30, 526.20);
insert into STATION values (1254, '.', 823, 269573.81, 4169528.18, 527.67);
insert into STATION values (1255, '.', 823, 269575.50, 4169526.67, 532.54);
insert into STATION values (1256, '.', 823, 269579.30, 4169521.03, 535.69);
insert into STATION values (1257, '.', 823, 269583.99, 4169518.29, 528.20);
insert into STATION values (1258, '.', 823, 269580.38, 4169521.08, 524.98);
insert into STATION values (1259, '.', 823, 269576.37, 4169544.55, 524.28);
insert into STATION values (1260, '.', 823, 269586.97, 4169537.77, 532.84);
insert into STATION values (1261, '.', 823, 269594.28, 4169531.31, 527.66);
insert into STATION values (1262, '.', 823, 269586.13, 4169537.16, 525.47);
insert into STATION values (1263, '44', 823, 269612.10, 4169542.14, 539.28);
insert into STATION values (1264, '.', 823, 269598.02, 4169552.13, 537.59);
insert into STATION values (1265, '.', 823, 269612.02, 4169542.35, 544.99);
insert into STATION values (1266, '.', 823, 269622.56, 4169537.08, 538.32);
insert into STATION values (1267, '.', 823, 269619.58, 4169537.33, 546.10);
insert into STATION values (1268, '45', 823, 269614.28, 4169553.32, 544.61);
insert into STATION values (1269, '.', 823, 269607.14, 4169559.87, 544.43);
insert into STATION values (1270, '.', 823, 269612.98, 4169554.31, 545.45);
insert into STATION values (1271, '.', 823, 269614.51, 4169553.06, 545.89);
insert into STATION values (1272, '.', 823, 269619.15, 4169549.25, 545.09);
insert into STATION values (1273, '46', 823, 269614.95, 4169556.77, 546.02);
insert into STATION values (1274, '.', 823, 269611.53, 4169558.96, 546.25);
insert into STATION values (1275, '.', 823, 269614.46, 4169557.17, 548.96);
insert into STATION values (1276, '.', 823, 269617.41, 4169558.60, 553.01);
insert into STATION values (1277, '.', 823, 269621.43, 4169552.49, 549.11);
insert into STATION values (1278, '.', 823, 269615.42, 4169556.42, 545.38);
insert into STATION values (1279, '47', 823, 269612.11, 4169542.08, 538.05);
insert into STATION values (1280, '48', 823, 269620.77, 4169537.23, 534.54);
insert into STATION values (1281, '.', 823, 269628.36, 4169543.39, 537.73);
insert into STATION values (1282, '.', 823, 269623.36, 4169538.09, 534.59);
insert into STATION values (1283, '.', 823, 269621.64, 4169538.66, 538.39);
insert into STATION values (1284, '.', 823, 269620.33, 4169536.60, 543.33);
insert into STATION values (1285, '.', 823, 269616.68, 4169533.19, 535.86);
insert into STATION values (1286, '.', 823, 269614.83, 4169530.74, 529.78);
insert into STATION values (1287, '.', 823, 269619.58, 4169535.21, 531.77);
insert into STATION values (1288, '49', 823, 269628.41, 4169524.98, 526.70);
insert into STATION values (1289, '50', 823, 269571.94, 4169515.82, 526.34);
insert into STATION values (1290, '.', 823, 269574.00, 4169516.28, 527.40);
insert into STATION values (1291, '.', 823, 269572.45, 4169514.89, 530.56);
insert into STATION values (1292, '.', 823, 269566.65, 4169511.67, 532.08);
insert into STATION values (1293, '.', 823, 269565.39, 4169511.26, 528.74);
insert into STATION values (1294, '.', 823, 269571.07, 4169515.15, 525.32);
insert into STATION values (1295, '51', 823, 269569.06, 4169494.62, 525.58);
insert into STATION values (1296, '.', 823, 269576.56, 4169497.87, 526.44);
insert into STATION values (1297, '.', 823, 269583.97, 4169496.44, 526.82);
insert into STATION values (1298, '.', 823, 269588.74, 4169493.12, 527.00);
insert into STATION values (1299, '.', 823, 269590.18, 4169490.34, 526.11);
insert into STATION values (1300, '.', 823, 269578.14, 4169489.54, 525.93);
insert into STATION values (1301, '.', 823, 269564.10, 4169495.67, 526.89);
insert into STATION values (1302, '.', 823, 269569.21, 4169494.52, 529.25);
insert into STATION values (1303, '.', 823, 269569.06, 4169494.58, 524.30);
insert into STATION values (1304, '52', 823, 269571.90, 4169489.00, 526.36);
insert into STATION values (1305, '.', 823, 269580.99, 4169487.74, 526.36);
insert into STATION values (1306, '.', 823, 269585.08, 4169483.90, 528.52);
insert into STATION values (1307, '.', 823, 269585.38, 4169481.72, 528.62);
insert into STATION values (1308, '.', 823, 269581.37, 4169481.29, 527.45);
insert into STATION values (1309, '.', 823, 269577.26, 4169479.80, 526.97);
insert into STATION values (1310, '.', 823, 269563.35, 4169494.86, 526.09);
insert into STATION values (1311, '.', 823, 269564.03, 4169491.23, 528.01);
insert into STATION values (1312, '.', 823, 269570.86, 4169489.38, 529.70);
insert into STATION values (1313, '.', 823, 269571.25, 4169488.98, 525.18);
insert into STATION values (1314, '.', 823, 269559.53, 4169485.69, 526.16);
insert into STATION values (1315, '53', 823, 269563.84, 4169487.09, 526.34);
insert into STATION values (1316, '.', 823, 269555.59, 4169484.76, 526.40);
insert into STATION values (1317, '.', 823, 269572.67, 4169479.78, 530.69);
insert into STATION values (1318, '.', 823, 269566.58, 4169483.71, 530.63);
insert into STATION values (1319, '.', 823, 269562.46, 4169488.04, 526.56);
insert into STATION values (1320, '.', 823, 269563.62, 4169486.81, 528.82);
insert into STATION values (1321, '.', 823, 269563.83, 4169487.09, 525.96);
insert into STATION values (1322, '54', 823, 269564.46, 4169480.06, 528.22);
insert into STATION values (1323, '54b', 823, 269564.46, 4169480.06, 553.22);
insert into STATION values (1324, '.', 823, 269561.25, 4169480.54, 528.09);
insert into STATION values (1325, '.', 823, 269571.97, 4169479.72, 528.94);
insert into STATION values (1326, '.', 823, 269569.11, 4169474.03, 528.75);
insert into STATION values (1327, '.', 823, 269556.21, 4169485.94, 527.70);
insert into STATION values (1328, '.', 823, 269560.19, 4169483.90, 524.62);
insert into STATION values (1329, '.', 823, 269564.60, 4169480.19, 526.37);
insert into STATION values (1330, '.', 823, 269561.23, 4169480.59, 533.15);
insert into STATION values (1331, '.', 823, 269572.42, 4169478.46, 533.72);
insert into STATION values (1332, '.', 823, 269570.78, 4169481.67, 540.14);
insert into STATION values (1333, '.', 823, 269563.92, 4169482.51, 537.77);
insert into STATION values (1334, '.', 823, 269566.67, 4169486.81, 548.61);
insert into STATION values (1335, '.', 823, 269576.68, 4169485.26, 550.06);
insert into STATION values (1336, '.', 823, 269569.13, 4169484.88, 548.38);
insert into STATION values (1337, '55', 823, 269554.94, 4169480.42, 523.74);
insert into STATION values (1338, '.', 823, 269563.44, 4169472.57, 528.27);
insert into STATION values (1339, '.', 823, 269550.86, 4169480.73, 523.66);
insert into STATION values (1340, '.', 823, 269554.65, 4169480.46, 527.13);
insert into STATION values (1341, '.', 823, 269555.41, 4169480.18, 523.17);
insert into STATION values (1342, '56', 823, 269562.55, 4169460.28, 523.51);
insert into STATION values (1343, '.', 823, 269566.16, 4169458.04, 525.23);
insert into STATION values (1344, '.', 823, 269561.67, 4169460.89, 527.05);
insert into STATION values (1345, '.', 823, 269557.16, 4169464.96, 522.44);
insert into STATION values (1346, '.', 823, 269559.79, 4169463.22, 521.25);
insert into STATION values (1347, '.', 823, 269568.95, 4169464.17, 545.01);
insert into STATION values (1348, '.', 823, 269565.66, 4169453.18, 543.09);
insert into STATION values (1349, '.', 823, 269539.57, 4169460.59, 518.68);
insert into STATION values (1350, '.', 823, 269547.39, 4169454.95, 518.70);
insert into STATION values (1351, '.', 823, 269551.69, 4169461.16, 518.56);
insert into STATION values (1352, '.', 823, 269537.67, 4169448.53, 518.24);
insert into STATION values (1353, '.', 823, 269531.82, 4169454.85, 518.96);
insert into STATION values (1354, '.', 823, 269524.64, 4169462.61, 518.90);
insert into STATION values (1355, '.', 823, 269289.28, 4169348.44, 512.90);
insert into STATION values (1356, '.', 823, 269302.31, 4169342.72, 513.18);
insert into STATION values (1357, '.', 823, 269316.36, 4169350.75, 509.56);
insert into STATION values (1358, '.', 823, 269305.84, 4169344.09, 506.50);
insert into STATION values (1359, '57', 823, 269301.96, 4169364.00, 510.87);
insert into STATION values (1360, '.', 823, 269295.49, 4169365.88, 514.76);
insert into STATION values (1361, '.', 823, 269302.43, 4169364.29, 513.51);
insert into STATION values (1362, '.', 823, 269322.36, 4169359.46, 507.82);
insert into STATION values (1363, '.', 823, 269317.27, 4169360.05, 512.36);
insert into STATION values (1364, '.', 823, 269303.90, 4169363.54, 509.35);
insert into STATION values (1365, '58', 823, 269307.72, 4169379.06, 511.31);
insert into STATION values (1366, '.', 823, 269300.72, 4169379.52, 513.01);
insert into STATION values (1367, '.', 823, 269305.85, 4169386.25, 511.75);
insert into STATION values (1368, '.', 823, 269310.88, 4169389.78, 507.34);
insert into STATION values (1369, '.', 823, 269317.28, 4169383.17, 504.30);
insert into STATION values (1370, '.', 823, 269309.76, 4169378.94, 511.26);
insert into STATION values (1371, '.', 823, 269307.77, 4169379.32, 509.46);
insert into STATION values (1372, '59', 823, 269315.70, 4169355.29, 509.41);
insert into STATION values (1373, '.', 823, 269321.82, 4169355.95, 507.43);
insert into STATION values (1374, '.', 823, 269293.62, 4169355.08, 514.10);
insert into STATION values (1375, '.', 823, 269313.31, 4169355.91, 513.20);
insert into STATION values (1376, '.', 823, 269315.70, 4169354.87, 507.81);
insert into STATION values (1377, '60', 823, 269322.35, 4169350.35, 507.78);
insert into STATION values (1378, '.', 823, 269325.14, 4169352.41, 507.91);
insert into STATION values (1379, '.', 823, 269322.32, 4169349.24, 510.32);
insert into STATION values (1380, '.', 823, 269303.10, 4169326.36, 511.56);
insert into STATION values (1381, '.', 823, 269321.22, 4169348.99, 506.17);
insert into STATION values (1382, '61', 823, 269323.00, 4169337.75, 507.21);
insert into STATION values (1383, '.', 823, 269334.26, 4169346.63, 509.72);
insert into STATION values (1384, '.', 823, 269325.11, 4169338.94, 510.68);
insert into STATION values (1385, '61b', 823, 269331.51, 4169332.93, 525.38);
insert into STATION values (1386, '.', 823, 269319.97, 4169338.63, 512.54);
insert into STATION values (1387, '.', 823, 269277.97, 4169337.63, 511.00);
insert into STATION values (1388, '.', 823, 269320.52, 4169337.62, 504.82);
insert into STATION values (1389, '62', 823, 269334.02, 4169343.49, 508.86);
insert into STATION values (1390, '.', 823, 269335.81, 4169353.96, 508.38);
insert into STATION values (1391, '.', 823, 269334.50, 4169346.29, 509.50);
insert into STATION values (1392, '.', 823, 269334.17, 4169342.93, 510.07);
insert into STATION values (1393, '.', 823, 269331.44, 4169337.38, 509.67);
insert into STATION values (1394, '.', 823, 269307.35, 4169319.94, 510.54);
insert into STATION values (1395, '.', 823, 269334.77, 4169331.69, 510.16);
insert into STATION values (1396, '.', 823, 269333.84, 4169342.23, 507.50);
insert into STATION values (1397, '63', 823, 269346.08, 4169344.01, 508.84);
insert into STATION values (1398, '.', 823, 269340.08, 4169353.86, 508.29);
insert into STATION values (1399, '.', 823, 269341.97, 4169358.68, 511.17);
insert into STATION values (1400, '.', 823, 269345.51, 4169354.59, 510.40);
insert into STATION values (1401, '.', 823, 269348.20, 4169347.08, 509.67);
insert into STATION values (1402, '.', 823, 269346.04, 4169344.06, 507.41);
insert into STATION values (1403, '.', 823, 269345.83, 4169343.86, 509.77);
insert into STATION values (1404, '.', 823, 269343.97, 4169341.23, 509.09);
insert into STATION values (1405, '.', 823, 269345.23, 4169342.77, 507.43);
insert into STATION values (1406, '64', 823, 269347.85, 4169329.07, 508.41);
insert into STATION values (1407, '.', 823, 269357.16, 4169333.75, 508.92);
insert into STATION values (1408, '.', 823, 269356.99, 4169325.34, 509.83);
insert into STATION values (1409, '.', 823, 269357.92, 4169328.62, 510.23);
insert into STATION values (1410, '64b', 823, 269347.09, 4169329.07, 522.58);
insert into STATION values (1411, '.', 823, 269337.55, 4169322.47, 504.99);
insert into STATION values (1412, '.', 823, 269339.08, 4169323.73, 508.68);
insert into STATION values (1413, '.', 823, 269344.63, 4169327.28, 505.44);
insert into STATION values (1414, '65', 823, 269345.74, 4169335.03, 506.90);
insert into STATION values (1415, '66', 823, 269338.00, 4169333.55, 508.12);
insert into STATION values (1416, '.', 823, 269333.26, 4169327.91, 508.79);
insert into STATION values (1417, '.', 823, 269329.89, 4169329.65, 515.56);
insert into STATION values (1418, '.', 823, 269336.79, 4169334.28, 509.63);
insert into STATION values (1419, '.', 823, 269338.76, 4169335.23, 508.93);
insert into STATION values (1420, '.', 823, 269342.13, 4169348.72, 508.21);
insert into STATION values (1421, '67', 823, 269328.61, 4169340.51, 507.86);
insert into STATION values (1422, '.', 823, 269328.68, 4169332.78, 508.75);
insert into STATION values (1423, '.', 823, 269328.36, 4169332.32, 506.56);
insert into STATION values (1424, '.', 823, 269327.67, 4169333.69, 511.47);
insert into STATION values (1425, '.', 823, 269328.59, 4169340.69, 509.49);
insert into STATION values (1426, '.', 823, 269332.82, 4169356.82, 507.39);
insert into STATION values (1427, '68', 823, 269324.95, 4169337.44, 505.83);
insert into STATION values (1428, '69', 823, 269320.25, 4169348.35, 507.34);
insert into STATION values (1429, '70', 823, 269303.03, 4169339.87, 508.60);
insert into STATION values (1430, 'B83', 992, 269334.44, 4169316.92, 500.26);
insert into STATION values (1431, '24', 992, 269313.89, 4169323.65, 502.58);
insert into STATION values (1432, '25.1', 992, 269336.39, 4169323.90, 503.09);
insert into STATION values (1433, '25.2', 992, 269345.47, 4169327.25, 505.61);
insert into STATION values (1434, '25.3', 992, 269353.58, 4169322.17, 506.90);
insert into STATION values (1435, '25.4', 992, 269359.50, 4169312.78, 505.83);
insert into STATION values (1436, '25.5', 992, 269377.82, 4169316.68, 505.05);
insert into STATION values (1437, '25.6', 992, 269401.93, 4169321.98, 504.47);
insert into STATION values (1438, 'B84', 992, 269413.21, 4169319.38, 506.32);
insert into STATION values (1439, '25.8', 992, 269425.28, 4169318.75, 508.00);
insert into STATION values (1440, '25.9', 992, 269442.45, 4169330.64, 508.88);
insert into STATION values (1441, '25.10', 992, 269460.89, 4169347.37, 516.60);
insert into STATION values (1442, 'B85', 992, 269453.23, 4169356.90, 521.96);
insert into STATION values (1443, '25.11.1', 992, 269446.89, 4169354.53, 521.71);
insert into STATION values (1444, '25.11.2', 992, 269441.37, 4169359.84, 521.52);
insert into STATION values (1445, '25.11.3', 992, 269429.33, 4169360.16, 519.61);
insert into STATION values (1446, '25.11.4', 992, 269417.62, 4169371.62, 517.14);
insert into STATION values (1447, '25.11.5', 992, 269405.49, 4169372.79, 520.76);
insert into STATION values (1448, '25.12', 992, 269450.62, 4169366.15, 524.19);
insert into STATION values (1449, '25.13', 992, 269442.95, 4169370.51, 528.68);
insert into STATION values (1450, '25.14', 992, 269432.69, 4169376.26, 524.96);
insert into STATION values (1451, '25.15', 992, 269422.02, 4169387.37, 522.31);
insert into STATION values (1452, 'B86', 992, 269423.68, 4169402.47, 516.40);
insert into STATION values (1453, '25.17', 992, 269439.35, 4169403.22, 517.73);
insert into STATION values (1454, '25.18', 992, 269452.61, 4169411.37, 517.20);
insert into STATION values (1455, '25.19', 992, 269470.13, 4169411.11, 523.09);
insert into STATION values (1456, 'B87', 992, 269485.34, 4169416.58, 521.04);
insert into STATION values (1457, '25.21', 992, 269504.44, 4169418.64, 516.91);
insert into STATION values (1458, '25.22', 992, 269520.27, 4169424.55, 516.51);
insert into STATION values (1459, '25.23', 992, 269519.74, 4169416.13, 517.23);
insert into STATION values (1460, 'B80', 992, 269519.78, 4169416.08, 517.22);
insert into STATION values (1461, '25.16.1', 992, 269416.84, 4169393.93, 517.39);
insert into STATION values (1462, 'B88', 992, 269409.79, 4169395.25, 514.22);
insert into STATION values (1463, '25.16.3', 992, 269415.24, 4169409.51, 513.66);
insert into STATION values (1464, '25.16.4', 992, 269427.47, 4169410.36, 516.50);
insert into STATION values (1465, '25.16.5', 992, 269427.48, 4169410.35, 516.50);
insert into STATION values (1466, '25.16.2.1', 992, 269409.43, 4169384.82, 512.15);
insert into STATION values (1467, '25.16.2.2', 992, 269388.35, 4169383.56, 505.71);
insert into STATION values (1468, '25.16.2.3', 992, 269393.35, 4169371.74, 505.88);
insert into STATION values (1469, '25.16.2.4', 992, 269393.22, 4169366.09, 505.64);
insert into STATION values (1470, '25.16.2.5', 992, 269406.41, 4169348.35, 500.21);
insert into STATION values (1471, '25.16.2.6', 992, 269406.91, 4169338.68, 500.24);
insert into STATION values (1472, '25.10.1', 992, 269465.16, 4169334.64, 518.17);
insert into STATION values (1473, '25.10.2', 992, 269461.73, 4169329.33, 516.14);
insert into STATION values (1474, '25.10.3', 992, 269465.94, 4169320.07, 513.83);
insert into STATION values (1475, '25.10.4', 992, 269475.78, 4169315.63, 515.39);
insert into STATION values (1476, '25.10.5', 992, 269485.41, 4169314.00, 517.05);
insert into STATION values (1477, 'B89', 992, 269488.98, 4169311.34, 516.70);
insert into STATION values (1478, '25.10.6.1', 992, 269481.10, 4169312.89, 519.54);
insert into STATION values (1479, '25.10.6.0.1', 992, 269492.09, 4169307.68, 515.14);
insert into STATION values (1480, '25.10.6.0.2', 992, 269495.71, 4169304.97, 513.84);
insert into STATION values (1481, '25.10.7', 992, 269487.87, 4169306.89, 515.07);
insert into STATION values (1482, '25.10.8', 992, 269474.97, 4169301.26, 511.19);
insert into STATION values (1483, '25.10.9', 992, 269461.45, 4169297.80, 508.90);
insert into STATION values (1484, '25.10.10', 992, 269466.52, 4169291.48, 508.99);
insert into STATION values (1485, 'B06', 992, 269477.01, 4169287.33, 509.75);
insert into STATION values (1486, '25.10.9.1', 992, 269454.38, 4169306.38, 509.64);
insert into STATION values (1487, '25.10.9.2', 992, 269456.08, 4169310.06, 511.25);
insert into STATION values (1488, '25.10.9.3', 992, 269456.17, 4169313.13, 511.59);
insert into STATION values (1489, '25.10.9.4', 992, 269460.99, 4169319.75, 511.49);
insert into STATION values (1490, '25.10.9.5', 992, 269442.45, 4169330.65, 508.88);
insert into STATION values (1491, '26', 992, 269343.38, 4169307.57, 499.29);
insert into STATION values (1492, '27', 992, 269352.69, 4169285.94, 498.55);
insert into STATION values (1493, '22.6', 992, 269344.04, 4169267.50, 498.79);
insert into STATION values (1494, '26.1', 992, 269332.28, 4169309.50, 499.14);
insert into STATION values (1495, '26.2', 992, 269311.91, 4169307.27, 498.53);
insert into STATION values (1496, '26.3', 992, 269300.50, 4169302.78, 497.17);
insert into STATION values (1497, '26.0.1', 992, 269361.37, 4169301.02, 498.59);
insert into STATION values (1498, '26.0.2', 992, 269385.88, 4169292.14, 502.67);
insert into STATION values (1499, '26.0.3', 992, 269395.64, 4169271.50, 503.32);
insert into STATION values (1500, 'B39', 992, 269409.91, 4169259.63, 501.54);
insert into STATION values (1501, '22.8', 992, 269409.91, 4169259.64, 501.54);
insert into STATION values (1502, '22.7', 992, 269381.67, 4169269.15, 499.79);
insert into STATION values (1503, '22.9', 992, 269421.20, 4169250.27, 502.82);
insert into STATION values (1504, '22.10', 992, 269440.61, 4169242.61, 502.34);
insert into STATION values (1505, '22.11', 992, 269456.28, 4169242.64, 502.35);
insert into STATION values (1506, 'B04', 992, 269471.61, 4169243.40, 503.53);
insert into STATION values (1507, '22.12.1', 992, 269478.50, 4169237.74, 504.27);
insert into STATION values (1508, '22.12.2', 992, 269475.76, 4169232.96, 504.73);
insert into STATION values (1509, '22.12.3', 992, 269473.64, 4169223.95, 503.22);
insert into STATION values (1510, '22.12.4', 992, 269470.19, 4169220.81, 503.36);
insert into STATION values (1511, '22.12.5', 992, 269462.30, 4169219.91, 502.17);
insert into STATION values (1512, '22.12.6', 992, 269451.83, 4169222.46, 502.34);
insert into STATION values (1513, '22.12.7', 992, 269445.41, 4169221.91, 502.17);
insert into STATION values (1514, '22.12.8', 992, 269439.88, 4169225.41, 502.18);
insert into STATION values (1515, '22.12.9', 992, 269434.78, 4169239.09, 502.81);
insert into STATION values (1516, '22.12.10', 992, 269440.62, 4169242.59, 502.34);
insert into STATION values (1517, '22.13', 992, 269476.44, 4169251.30, 505.32);
insert into STATION values (1518, '22.8.1', 992, 269422.06, 4169264.21, 502.47);
insert into STATION values (1519, 'B05', 992, 269436.97, 4169270.77, 504.30);
insert into STATION values (1520, '22.8.3', 992, 269448.34, 4169276.16, 508.63);
insert into STATION values (1521, '22.8.4', 992, 269456.03, 4169275.64, 507.89);
insert into STATION values (1522, '22.8.5', 992, 269468.83, 4169289.56, 507.76);
insert into STATION values (1523, '22.8.7', 992, 269490.51, 4169285.09, 510.19);
insert into STATION values (1524, '22.8.7.1', 992, 269487.59, 4169280.44, 510.33);
insert into STATION values (1525, '22.8.7.2', 992, 269494.12, 4169273.34, 510.13);
insert into STATION values (1526, '22.8.7.3', 992, 269499.59, 4169266.30, 508.14);
insert into STATION values (1527, '22.8.8', 992, 269505.58, 4169282.15, 512.56);
insert into STATION values (1528, '22.8.9', 992, 269514.23, 4169292.70, 516.25);
insert into STATION values (1529, '22.8.10', 992, 269520.39, 4169288.17, 514.52);
insert into STATION values (1530, '22.8.11', 992, 269537.17, 4169290.92, 514.55);
insert into STATION values (1531, '22.8.12', 992, 269554.79, 4169299.77, 515.82);
insert into STATION values (1532, '22.8.13', 992, 269561.02, 4169321.36, 516.61);
insert into STATION values (1533, 'B07', 992, 269571.33, 4169327.86, 517.38);
insert into STATION values (1534, '22.8.15', 992, 269581.02, 4169333.01, 517.89);
insert into STATION values (1535, '22.8.16', 992, 269608.64, 4169343.06, 521.39);
insert into STATION values (1536, '22.8.17', 992, 269612.97, 4169362.37, 522.01);
insert into STATION values (1537, '22.8.18', 992, 269608.57, 4169373.89, 522.66);
insert into STATION values (1538, '22.8.19', 992, 269602.81, 4169382.86, 522.05);
insert into STATION values (1539, '22.8.20', 992, 269596.53, 4169387.90, 520.61);
insert into STATION values (1540, 'B08', 992, 269580.68, 4169389.27, 520.29);
insert into STATION values (1541, '22.8.21.1', 992, 269592.36, 4169399.41, 519.84);
insert into STATION values (1542, '22.8.21.2', 992, 269594.21, 4169405.47, 519.78);
insert into STATION values (1543, '22.8.21.3', 992, 269598.78, 4169404.61, 521.75);
insert into STATION values (1544, '22.8.21.4', 992, 269606.56, 4169405.04, 521.23);
insert into STATION values (1545, '22.8.21.5', 992, 269611.84, 4169402.13, 520.99);
insert into STATION values (1546, '22.8.21.6', 992, 269608.62, 4169397.75, 519.98);
insert into STATION values (1547, '22.8.21.7', 992, 269603.29, 4169400.28, 520.19);
insert into STATION values (1548, '22.8.21.8', 992, 269592.36, 4169399.39, 519.84);
insert into STATION values (1549, '22.8.22', 992, 269568.22, 4169389.84, 520.09);
insert into STATION values (1550, '22.8.23', 992, 269552.07, 4169390.20, 519.64);
insert into STATION values (1551, 'B09', 992, 269544.75, 4169393.70, 518.04);
insert into STATION values (1552, '22.8.25', 992, 269540.20, 4169398.17, 519.41);
insert into STATION values (1553, '22.8.24.1', 992, 269531.97, 4169378.98, 517.79);
insert into STATION values (1554, 'B36', 992, 269531.91, 4169361.41, 517.23);
insert into STATION values (1555, '22.8.24.2.1', 992, 269529.55, 4169342.22, 525.47);
insert into STATION values (1556, '22.8.24.2.2', 992, 269531.98, 4169339.64, 526.95);
insert into STATION values (1557, '22.8.24.2.3', 992, 269531.12, 4169335.31, 524.74);
insert into STATION values (1558, '22.8.24.2.4', 992, 269532.85, 4169333.21, 526.75);
insert into STATION values (1559, 'B10', 992, 269528.04, 4169322.70, 528.95);
insert into STATION values (1560, '22.8.24.2.6', 992, 269525.90, 4169320.68, 529.73);
insert into STATION values (1561, '22.8.24.2.7', 992, 269518.69, 4169316.75, 526.55);
insert into STATION values (1562, '22.8.24.2.8', 992, 269511.23, 4169314.83, 527.02);
insert into STATION values (1563, '22.8.24.2.9', 992, 269500.58, 4169315.84, 526.27);
insert into STATION values (1564, 'B11', 992, 269494.91, 4169316.62, 526.79);
insert into STATION values (1565, '22.8.24.2.11', 992, 269494.98, 4169315.36, 526.88);
insert into STATION values (1566, '22.8.24.2.12', 992, 269489.44, 4169315.17, 523.84);
insert into STATION values (1567, '22.8.24.2.13', 992, 269491.38, 4169312.67, 522.46);
insert into STATION values (1568, '22.8.24.2.14', 992, 269488.93, 4169311.36, 516.71);
insert into STATION values (1569, '22.8.24.2.5.1', 992, 269534.28, 4169328.44, 527.03);
insert into STATION values (1570, '22.8.24.2.5.2', 992, 269545.15, 4169327.30, 526.99);
insert into STATION values (1571, '22.8.24.2.5.3', 992, 269571.34, 4169327.91, 517.39);
insert into STATION values (1572, '22.8.24.2', 992, 269531.91, 4169361.46, 517.23);
insert into STATION values (1573, '22.8.24.3', 992, 269545.68, 4169355.33, 518.74);
insert into STATION values (1574, '22.8.24.4', 992, 269563.44, 4169344.26, 517.55);
insert into STATION values (1575, '22.8.24.5', 992, 269564.06, 4169341.65, 518.35);
insert into STATION values (1576, '22.8.24.6', 992, 269568.02, 4169330.73, 517.84);
insert into STATION values (1577, '22.8.2.1', 992, 269430.08, 4169288.56, 507.49);
insert into STATION values (1578, '22.8.2.2', 992, 269410.95, 4169298.69, 506.54);
insert into STATION values (1579, '22.8.2.3', 992, 269400.62, 4169295.29, 505.96);
insert into STATION values (1580, '22.8.2.4', 992, 269387.75, 4169294.49, 504.43);
insert into STATION values (1581, '-', 992, 269333.13, 4169313.90, 501.90);
insert into STATION values (1582, '-', 992, 269333.36, 4169318.55, 503.62);
insert into STATION values (1583, '-', 992, 269340.49, 4169320.69, 503.82);
insert into STATION values (1584, '-', 992, 269335.98, 4169324.92, 503.38);
insert into STATION values (1585, '-', 992, 269326.80, 4169317.42, 500.97);
insert into STATION values (1586, '-', 992, 269334.86, 4169312.36, 501.60);
insert into STATION values (1587, '-', 992, 269332.48, 4169314.44, 501.53);
insert into STATION values (1588, '-', 992, 269331.51, 4169313.43, 502.08);
insert into STATION values (1589, '-', 992, 269342.54, 4169310.83, 500.08);
insert into STATION values (1590, '-', 992, 269341.90, 4169315.57, 501.33);
insert into STATION values (1591, '-', 992, 269339.67, 4169319.42, 502.76);
insert into STATION values (1592, '-', 992, 269336.68, 4169314.61, 502.35);
insert into STATION values (1593, '-', 992, 269335.03, 4169316.85, 499.91);
insert into STATION values (1594, '-', 992, 269340.16, 4169320.02, 503.80);
insert into STATION values (1595, '-', 992, 269336.37, 4169323.92, 503.96);
insert into STATION values (1596, '-', 992, 269335.96, 4169324.86, 503.41);
insert into STATION values (1597, '-', 992, 269336.35, 4169323.95, 503.93);
insert into STATION values (1598, '-', 992, 269348.87, 4169333.82, 507.15);
insert into STATION values (1599, '-', 992, 269347.87, 4169326.92, 506.31);
insert into STATION values (1600, '-', 992, 269359.49, 4169328.01, 510.19);
insert into STATION values (1601, '-', 992, 269353.36, 4169323.04, 508.82);
insert into STATION values (1602, '-', 992, 269350.40, 4169316.28, 506.98);
insert into STATION values (1603, '-', 992, 269358.58, 4169310.74, 505.90);
insert into STATION values (1604, '-', 992, 269365.78, 4169323.52, 508.91);
insert into STATION values (1605, '-', 992, 269359.98, 4169313.56, 507.67);
insert into STATION values (1606, '-', 992, 269359.69, 4169313.07, 505.00);
insert into STATION values (1607, '-', 992, 269362.16, 4169310.17, 506.10);
insert into STATION values (1608, '-', 992, 269367.84, 4169309.80, 506.53);
insert into STATION values (1609, '-', 992, 269371.04, 4169310.87, 507.00);
insert into STATION values (1610, '-', 992, 269372.51, 4169323.53, 509.32);
insert into STATION values (1611, '-', 992, 269375.87, 4169325.97, 508.35);
insert into STATION values (1612, '-', 992, 269377.33, 4169317.47, 508.65);
insert into STATION values (1613, '-', 992, 269377.95, 4169311.89, 505.47);
insert into STATION values (1614, '-', 992, 269377.99, 4169316.86, 503.32);
insert into STATION values (1615, '-', 992, 269369.91, 4169323.49, 509.25);
insert into STATION values (1616, '-', 992, 269379.90, 4169327.30, 507.31);
insert into STATION values (1617, '-', 992, 269388.50, 4169333.05, 506.78);
insert into STATION values (1618, '-', 992, 269391.87, 4169316.52, 505.99);
insert into STATION values (1619, '-', 992, 269396.40, 4169317.62, 505.93);
insert into STATION values (1620, '-', 992, 269397.75, 4169316.78, 506.95);
insert into STATION values (1621, '-', 992, 269403.18, 4169317.41, 506.67);
insert into STATION values (1622, '-', 992, 269405.74, 4169318.28, 506.33);
insert into STATION values (1623, '-', 992, 269393.54, 4169334.79, 504.60);
insert into STATION values (1624, '-', 992, 269401.77, 4169335.47, 504.78);
insert into STATION values (1625, '-', 992, 269405.80, 4169330.94, 504.90);
insert into STATION values (1626, '-', 992, 269414.06, 4169318.78, 510.77);
insert into STATION values (1627, '-', 992, 269413.40, 4169319.47, 505.70);
insert into STATION values (1628, '-', 992, 269420.19, 4169323.00, 507.47);
insert into STATION values (1629, '-', 992, 269417.34, 4169326.33, 506.11);
insert into STATION values (1630, '-', 992, 269421.37, 4169334.34, 504.40);
insert into STATION values (1631, '-', 992, 269418.89, 4169337.90, 504.86);
insert into STATION values (1632, '-', 992, 269416.55, 4169337.24, 505.09);
insert into STATION values (1633, '-', 992, 269414.15, 4169332.91, 505.18);
insert into STATION values (1634, '-', 992, 269410.61, 4169329.74, 504.99);
insert into STATION values (1635, '-', 992, 269407.07, 4169331.54, 504.95);
insert into STATION values (1636, '-', 992, 269406.06, 4169317.75, 507.88);
insert into STATION values (1637, '-', 992, 269410.62, 4169312.59, 508.99);
insert into STATION values (1638, '-', 992, 269415.08, 4169313.53, 509.34);
insert into STATION values (1639, '-', 992, 269417.05, 4169315.39, 509.27);
insert into STATION values (1640, '-', 992, 269419.05, 4169314.76, 508.93);
insert into STATION values (1641, '-', 992, 269426.07, 4169314.99, 508.96);
insert into STATION values (1642, '-', 992, 269428.23, 4169315.95, 508.72);
insert into STATION values (1643, '-', 992, 269430.36, 4169316.75, 508.63);
insert into STATION values (1644, '-', 992, 269420.35, 4169322.75, 508.50);
insert into STATION values (1645, '-', 992, 269426.95, 4169324.86, 508.34);
insert into STATION values (1646, '-', 992, 269433.30, 4169332.18, 508.79);
insert into STATION values (1647, '-', 992, 269425.14, 4169319.26, 507.18);
insert into STATION values (1648, '-', 992, 269424.98, 4169319.00, 509.67);
insert into STATION values (1649, '-', 992, 269435.58, 4169338.30, 509.86);
insert into STATION values (1650, '-', 992, 269442.06, 4169330.91, 508.18);
insert into STATION values (1651, '-', 992, 269443.89, 4169331.00, 526.28);
insert into STATION values (1652, '25.9b', 992, 269444.30, 4169330.32, 527.26);
insert into STATION values (1653, '-', 992, 269454.08, 4169327.04, 511.41);
insert into STATION values (1654, '-', 992, 269452.23, 4169331.76, 512.09);
insert into STATION values (1655, '-', 992, 269456.85, 4169334.71, 513.87);
insert into STATION values (1656, '-', 992, 269451.89, 4169343.57, 513.96);
insert into STATION values (1657, '-', 992, 269443.48, 4169341.47, 512.16);
insert into STATION values (1658, '-', 992, 269438.12, 4169338.77, 510.14);
insert into STATION values (1659, '-', 992, 269436.32, 4169334.47, 509.20);
insert into STATION values (1660, '-', 992, 269468.87, 4169340.29, 521.58);
insert into STATION values (1661, '-', 992, 269466.19, 4169344.69, 519.63);
insert into STATION values (1662, '-', 992, 269464.99, 4169347.01, 518.91);
insert into STATION values (1663, '-', 992, 269463.60, 4169348.35, 518.28);
insert into STATION values (1664, '-', 992, 269462.90, 4169350.71, 518.20);
insert into STATION values (1665, '-', 992, 269461.88, 4169352.56, 519.16);
insert into STATION values (1666, '-', 992, 269461.29, 4169335.53, 516.70);
insert into STATION values (1667, '-', 992, 269457.77, 4169335.62, 514.43);
insert into STATION values (1668, '-', 992, 269451.54, 4169333.60, 513.27);
insert into STATION values (1669, '-', 992, 269454.95, 4169345.75, 514.51);
insert into STATION values (1670, '-', 992, 269455.45, 4169348.74, 517.04);
insert into STATION values (1671, '-', 992, 269453.68, 4169350.78, 518.76);
insert into STATION values (1672, '-', 992, 269460.89, 4169347.35, 516.03);
insert into STATION values (1673, '-', 992, 269458.33, 4169346.51, 523.83);
insert into STATION values (1674, '-', 992, 269448.80, 4169354.24, 521.73);
insert into STATION values (1675, '-', 992, 269452.55, 4169351.53, 521.22);
insert into STATION values (1676, '-', 992, 269455.74, 4169349.24, 518.51);
insert into STATION values (1677, '-', 992, 269461.94, 4169352.00, 520.86);
insert into STATION values (1678, '-', 992, 269461.40, 4169354.58, 522.73);
insert into STATION values (1679, '-', 992, 269459.95, 4169357.90, 523.39);
insert into STATION values (1680, '-', 992, 269463.23, 4169360.04, 531.50);
insert into STATION values (1681, '-', 992, 269460.19, 4169357.92, 529.44);
insert into STATION values (1682, '-', 992, 269460.60, 4169359.62, 525.47);
insert into STATION values (1683, '-', 992, 269459.44, 4169358.17, 525.67);
insert into STATION values (1684, '-', 992, 269462.85, 4169359.56, 534.23);
insert into STATION values (1685, '-', 992, 269456.72, 4169360.58, 523.70);
insert into STATION values (1686, '-', 992, 269454.57, 4169362.38, 524.21);
insert into STATION values (1687, '-', 992, 269451.39, 4169365.29, 525.14);
insert into STATION values (1688, '-', 992, 269446.03, 4169363.71, 526.82);
insert into STATION values (1689, '-', 992, 269451.32, 4169366.24, 527.11);
insert into STATION values (1690, '-', 992, 269444.81, 4169361.08, 527.60);
insert into STATION values (1691, '-', 992, 269442.39, 4169358.22, 528.36);
insert into STATION values (1692, '-', 992, 269448.20, 4169355.05, 522.95);
insert into STATION values (1693, '-', 992, 269450.75, 4169353.27, 522.97);
insert into STATION values (1694, '-', 992, 269452.82, 4169353.56, 522.69);
insert into STATION values (1695, '-', 992, 269456.38, 4169346.20, 521.23);
insert into STATION values (1696, '-', 992, 269461.37, 4169350.70, 521.39);
insert into STATION values (1697, '-', 992, 269457.40, 4169358.09, 534.07);
insert into STATION values (1698, '-', 992, 269448.94, 4169355.57, 527.48);
insert into STATION values (1699, '-', 992, 269446.17, 4169354.78, 519.97);
insert into STATION values (1700, '-', 992, 269447.44, 4169359.87, 522.71);
insert into STATION values (1701, '-', 992, 269449.55, 4169358.60, 533.63);
insert into STATION values (1702, '-', 992, 269440.80, 4169355.28, 521.74);
insert into STATION values (1703, '-', 992, 269440.00, 4169358.46, 526.02);
insert into STATION values (1704, '-', 992, 269441.04, 4169361.50, 521.95);
insert into STATION values (1705, '-', 992, 269440.57, 4169360.43, 520.24);
insert into STATION values (1706, '-', 992, 269438.96, 4169358.63, 525.64);
insert into STATION values (1707, '-', 992, 269428.50, 4169357.23, 519.92);
insert into STATION values (1708, '-', 992, 269431.47, 4169363.29, 519.65);
insert into STATION values (1709, '-', 992, 269429.17, 4169360.63, 518.65);
insert into STATION values (1710, '-', 992, 269430.71, 4169355.46, 520.06);
insert into STATION values (1711, '-', 992, 269426.93, 4169358.97, 520.28);
insert into STATION values (1712, '-', 992, 269432.93, 4169362.20, 520.23);
insert into STATION values (1713, '-', 992, 269429.75, 4169365.43, 519.74);
insert into STATION values (1714, '-', 992, 269431.31, 4169359.44, 529.01);
insert into STATION values (1715, '-', 992, 269441.05, 4169348.68, 522.07);
insert into STATION values (1716, '-', 992, 269428.73, 4169357.24, 520.54);
insert into STATION values (1717, '-', 992, 269425.99, 4169358.26, 533.52);
insert into STATION values (1718, '-', 992, 269429.89, 4169361.13, 519.67);
insert into STATION values (1719, '-', 992, 269432.85, 4169359.81, 520.33);
insert into STATION values (1720, '-', 992, 269435.22, 4169358.61, 520.84);
insert into STATION values (1721, '-', 992, 269442.33, 4169352.62, 522.30);
insert into STATION values (1722, '-', 992, 269444.29, 4169344.43, 522.79);
insert into STATION values (1723, '-', 992, 269443.37, 4169351.61, 522.76);
insert into STATION values (1724, '-', 992, 269418.14, 4169372.59, 517.33);
insert into STATION values (1725, '-', 992, 269420.28, 4169371.36, 517.77);
insert into STATION values (1726, '-', 992, 269423.36, 4169370.46, 518.48);
insert into STATION values (1727, '-', 992, 269430.75, 4169364.41, 520.19);
insert into STATION values (1728, '-', 992, 269420.26, 4169365.70, 517.82);
insert into STATION values (1729, '-', 992, 269415.75, 4169369.05, 517.78);
insert into STATION values (1730, '-', 992, 269413.07, 4169368.71, 518.64);
insert into STATION values (1731, '-', 992, 269414.32, 4169369.58, 530.92);
insert into STATION values (1732, '-', 992, 269411.13, 4169369.64, 519.30);
insert into STATION values (1733, '-', 992, 269410.38, 4169373.80, 518.89);
insert into STATION values (1734, '-', 992, 269415.83, 4169372.60, 517.46);
insert into STATION values (1735, '-', 992, 269404.44, 4169374.43, 511.82);
insert into STATION values (1736, '-', 992, 269404.41, 4169374.42, 511.85);
insert into STATION values (1737, '-', 992, 269406.48, 4169373.25, 520.64);
insert into STATION values (1738, '-', 992, 269411.80, 4169369.61, 522.12);
insert into STATION values (1739, '-', 992, 269405.22, 4169372.02, 521.02);
insert into STATION values (1740, '-', 992, 269406.51, 4169371.00, 522.04);
insert into STATION values (1741, '-', 992, 269408.16, 4169374.23, 521.09);
insert into STATION values (1742, '-', 992, 269406.26, 4169375.70, 521.06);
insert into STATION values (1743, '-', 992, 269400.91, 4169375.14, 521.09);
insert into STATION values (1744, '-', 992, 269400.54, 4169373.44, 520.64);
insert into STATION values (1745, '-', 992, 269399.97, 4169373.04, 522.50);
insert into STATION values (1746, '-', 992, 269405.66, 4169374.25, 523.40);
insert into STATION values (1747, '-', 992, 269451.05, 4169366.39, 524.29);
insert into STATION values (1748, '-', 992, 269445.97, 4169364.35, 525.60);
insert into STATION values (1749, '-', 992, 269448.36, 4169362.94, 528.84);
insert into STATION values (1750, '-', 992, 269450.47, 4169367.23, 524.81);
insert into STATION values (1751, '-', 992, 269449.13, 4169367.44, 525.28);
insert into STATION values (1752, '-', 992, 269443.20, 4169368.93, 527.76);
insert into STATION values (1753, '-', 992, 269440.90, 4169367.46, 527.52);
insert into STATION values (1754, '-', 992, 269441.74, 4169366.05, 526.97);
insert into STATION values (1755, '-', 992, 269427.40, 4169367.40, 531.23);
insert into STATION values (1756, '-', 992, 269442.84, 4169368.39, 529.04);
insert into STATION values (1757, '-', 992, 269441.22, 4169369.45, 529.24);
insert into STATION values (1758, '-', 992, 269437.28, 4169371.42, 529.73);
insert into STATION values (1759, '-', 992, 269442.82, 4169370.66, 539.57);
insert into STATION values (1760, '-', 992, 269444.51, 4169370.99, 528.63);
insert into STATION values (1761, '-', 992, 269443.40, 4169372.02, 528.58);
insert into STATION values (1762, '-', 992, 269442.70, 4169372.47, 528.52);
insert into STATION values (1763, '-', 992, 269442.75, 4169370.73, 527.96);
insert into STATION values (1764, '-', 992, 269452.06, 4169365.01, 531.72);
insert into STATION values (1765, '-', 992, 269432.40, 4169374.16, 526.86);
insert into STATION values (1766, '-', 992, 269433.95, 4169376.75, 526.83);
insert into STATION values (1767, '-', 992, 269433.66, 4169378.45, 525.03);
insert into STATION values (1768, '-', 992, 269432.64, 4169376.33, 524.49);
insert into STATION values (1769, '-', 992, 269429.62, 4169381.89, 524.44);
insert into STATION values (1770, '-', 992, 269426.89, 4169385.35, 524.40);
insert into STATION values (1771, '-', 992, 269426.96, 4169389.12, 524.18);
insert into STATION values (1772, '-', 992, 269425.23, 4169393.67, 523.77);
insert into STATION values (1773, '-', 992, 269426.98, 4169375.99, 522.06);
insert into STATION values (1774, '-', 992, 269422.16, 4169384.06, 521.51);
insert into STATION values (1775, '-', 992, 269417.25, 4169388.90, 523.84);
insert into STATION values (1776, '-', 992, 269415.14, 4169390.21, 524.19);
insert into STATION values (1777, '-', 992, 269417.21, 4169397.66, 517.81);
insert into STATION values (1778, '-', 992, 269419.18, 4169402.98, 517.49);
insert into STATION values (1779, '-', 992, 269420.91, 4169406.04, 517.31);
insert into STATION values (1780, '-', 992, 269423.65, 4169407.71, 517.27);
insert into STATION values (1781, '-', 992, 269428.40, 4169411.89, 518.20);
insert into STATION values (1782, '-', 992, 269424.08, 4169403.33, 522.36);
insert into STATION values (1783, '-', 992, 269422.88, 4169402.69, 514.44);
insert into STATION values (1784, '-', 992, 269413.07, 4169391.63, 519.71);
insert into STATION values (1785, '-', 992, 269416.77, 4169389.92, 520.37);
insert into STATION values (1786, '-', 992, 269421.24, 4169388.35, 521.45);
insert into STATION values (1787, '-', 992, 269425.67, 4169392.35, 520.74);
insert into STATION values (1788, '-', 992, 269431.14, 4169398.64, 519.31);
insert into STATION values (1789, '-', 992, 269433.77, 4169400.45, 520.05);
insert into STATION values (1790, '-', 992, 269423.87, 4169401.32, 516.15);
insert into STATION values (1791, '-', 992, 269442.84, 4169400.94, 519.90);
insert into STATION values (1792, '-', 992, 269438.87, 4169400.27, 519.11);
insert into STATION values (1793, '-', 992, 269448.02, 4169403.57, 520.72);
insert into STATION values (1794, '-', 992, 269446.94, 4169414.59, 518.80);
insert into STATION values (1795, '-', 992, 269439.42, 4169416.58, 518.43);
insert into STATION values (1796, '-', 992, 269435.84, 4169415.80, 517.90);
insert into STATION values (1797, '-', 992, 269431.42, 4169413.19, 519.98);
insert into STATION values (1798, '-', 992, 269435.78, 4169399.96, 518.84);
insert into STATION values (1799, '-', 992, 269437.26, 4169405.54, 515.44);
insert into STATION values (1800, '-', 992, 269438.66, 4169403.50, 523.33);
insert into STATION values (1801, '-', 992, 269452.77, 4169402.24, 520.13);
insert into STATION values (1802, '-', 992, 269449.45, 4169403.46, 520.39);
insert into STATION values (1803, '-', 992, 269441.32, 4169401.69, 520.51);
insert into STATION values (1804, '-', 992, 269447.99, 4169413.95, 518.03);
insert into STATION values (1805, '-', 992, 269450.75, 4169415.73, 518.92);
insert into STATION values (1806, '-', 992, 269456.78, 4169421.83, 521.53);
insert into STATION values (1807, '-', 992, 269466.11, 4169405.75, 522.44);
insert into STATION values (1808, '-', 992, 269471.17, 4169406.32, 523.89);
insert into STATION values (1809, '-', 992, 269475.05, 4169406.34, 523.89);
insert into STATION values (1810, '-', 992, 269479.39, 4169410.45, 523.96);
insert into STATION values (1811, '-', 992, 269457.59, 4169413.97, 521.98);
insert into STATION values (1812, '-', 992, 269457.97, 4169421.20, 522.61);
insert into STATION values (1813, '-', 992, 269445.66, 4169454.78, 524.10);
insert into STATION values (1814, '-', 992, 269450.63, 4169458.72, 527.10);
insert into STATION values (1815, '-', 992, 269485.49, 4169443.73, 526.63);
insert into STATION values (1816, '-', 992, 269485.64, 4169443.82, 526.14);
insert into STATION values (1817, '-', 992, 269512.76, 4169457.65, 526.21);
insert into STATION values (1818, '-', 992, 269470.38, 4169411.52, 521.42);
insert into STATION values (1819, '-', 992, 269469.09, 4169411.39, 528.98);
insert into STATION values (1820, '-', 992, 269480.63, 4169449.08, 526.19);
insert into STATION values (1821, '-', 992, 269463.92, 4169457.31, 527.36);
insert into STATION values (1822, '-', 992, 269496.97, 4169448.24, 525.90);
insert into STATION values (1823, '-', 992, 269483.75, 4169416.94, 526.48);
insert into STATION values (1824, '-', 992, 269485.67, 4169416.85, 519.99);
insert into STATION values (1825, '-', 992, 269482.47, 4169408.26, 523.47);
insert into STATION values (1826, '-', 992, 269487.69, 4169408.69, 522.71);
insert into STATION values (1827, '-', 992, 269496.64, 4169403.28, 521.45);
insert into STATION values (1828, '-', 992, 269504.57, 4169405.83, 523.54);
insert into STATION values (1829, '-', 992, 269509.71, 4169410.38, 524.10);
insert into STATION values (1830, '-', 992, 269510.60, 4169417.13, 518.47);
insert into STATION values (1831, '-', 992, 269495.86, 4169447.59, 525.42);
insert into STATION values (1832, '-', 992, 269504.64, 4169418.55, 516.41);
insert into STATION values (1833, '-', 992, 269502.36, 4169417.18, 528.88);
insert into STATION values (1834, '-', 992, 269519.96, 4169424.55, 515.41);
insert into STATION values (1835, '-', 992, 269515.64, 4169420.56, 528.90);
insert into STATION values (1836, '-', 992, 269506.37, 4169408.13, 524.52);
insert into STATION values (1837, '-', 992, 269514.38, 4169407.53, 521.65);
insert into STATION values (1838, '-', 992, 269524.29, 4169402.19, 521.23);
insert into STATION values (1839, '-', 992, 269533.45, 4169414.76, 520.64);
insert into STATION values (1840, '-', 992, 269532.13, 4169418.24, 520.37);
insert into STATION values (1841, '-', 992, 269534.96, 4169419.43, 520.92);
insert into STATION values (1842, '-', 992, 269518.68, 4169449.40, 523.08);
insert into STATION values (1843, '-', 992, 269521.20, 4169448.98, 523.57);
insert into STATION values (1844, '-', 992, 269416.44, 4169390.59, 519.27);
insert into STATION values (1845, '-', 992, 269417.12, 4169395.67, 530.81);
insert into STATION values (1846, '-', 992, 269415.89, 4169396.46, 517.57);
insert into STATION values (1847, '-', 992, 269416.06, 4169396.47, 519.85);
insert into STATION values (1848, '-', 992, 269414.71, 4169396.11, 517.58);
insert into STATION values (1849, '-', 992, 269410.68, 4169393.88, 514.36);
insert into STATION values (1850, '-', 992, 269411.87, 4169393.49, 515.75);
insert into STATION values (1851, '-', 992, 269409.96, 4169394.50, 523.18);
insert into STATION values (1852, '-', 992, 269417.56, 4169403.98, 515.20);
insert into STATION values (1853, '-', 992, 269418.49, 4169401.55, 515.50);
insert into STATION values (1854, '-', 992, 269415.84, 4169398.23, 515.19);
insert into STATION values (1855, '-', 992, 269415.84, 4169396.25, 516.27);
insert into STATION values (1856, '-', 992, 269407.67, 4169399.33, 514.61);
insert into STATION values (1857, '-', 992, 269408.29, 4169395.78, 514.38);
insert into STATION values (1858, '-', 992, 269402.90, 4169395.77, 515.89);
insert into STATION values (1859, '-', 992, 269402.84, 4169392.88, 515.03);
insert into STATION values (1860, '-', 992, 269405.76, 4169392.18, 514.39);
insert into STATION values (1861, '-', 992, 269405.57, 4169391.27, 513.71);
insert into STATION values (1862, '-', 992, 269405.83, 4169390.33, 513.56);
insert into STATION values (1863, '-', 992, 269407.84, 4169395.67, 514.41);
insert into STATION values (1864, '-', 992, 269397.53, 4169393.77, 530.40);
insert into STATION values (1865, '-', 992, 269415.63, 4169407.71, 513.96);
insert into STATION values (1866, '-', 992, 269417.18, 4169407.99, 514.10);
insert into STATION values (1867, '-', 992, 269421.83, 4169408.14, 514.71);
insert into STATION values (1868, '-', 992, 269423.76, 4169409.32, 515.78);
insert into STATION values (1869, '-', 992, 269414.89, 4169409.12, 515.38);
insert into STATION values (1870, '-', 992, 269415.39, 4169409.39, 513.27);
insert into STATION values (1871, '-', 992, 269401.27, 4169398.23, 513.02);
insert into STATION values (1872, '-', 992, 269399.77, 4169400.20, 513.18);
insert into STATION values (1873, '-', 992, 269404.18, 4169405.10, 513.62);
insert into STATION values (1874, '-', 992, 269404.27, 4169407.66, 513.47);
insert into STATION values (1875, '-', 992, 269405.15, 4169409.35, 513.99);
insert into STATION values (1876, '-', 992, 269407.17, 4169411.46, 514.72);
insert into STATION values (1877, '-', 992, 269411.49, 4169413.20, 514.62);
insert into STATION values (1878, '-', 992, 269413.56, 4169416.69, 514.97);
insert into STATION values (1879, '-', 992, 269417.65, 4169416.32, 515.10);
insert into STATION values (1880, '-', 992, 269422.23, 4169416.09, 515.42);
insert into STATION values (1881, '-', 992, 269424.13, 4169414.01, 515.52);
insert into STATION values (1882, '-', 992, 269427.12, 4169412.11, 516.76);
insert into STATION values (1883, '-', 992, 269430.23, 4169414.35, 516.67);
insert into STATION values (1884, '-', 992, 269433.01, 4169415.11, 517.52);
insert into STATION values (1885, '-', 992, 269411.54, 4169392.97, 513.35);
insert into STATION values (1886, '-', 992, 269416.32, 4169391.64, 515.36);
insert into STATION values (1887, '-', 992, 269419.31, 4169387.06, 515.56);
insert into STATION values (1888, '-', 992, 269418.86, 4169378.47, 514.20);
insert into STATION values (1889, '-', 992, 269417.59, 4169376.61, 514.17);
insert into STATION values (1890, '-', 992, 269410.39, 4169377.20, 512.40);
insert into STATION values (1891, '-', 992, 269405.86, 4169381.86, 512.46);
insert into STATION values (1892, '-', 992, 269400.91, 4169380.71, 511.89);
insert into STATION values (1893, '-', 992, 269404.25, 4169391.08, 512.21);
insert into STATION values (1894, '-', 992, 269401.60, 4169389.42, 511.70);
insert into STATION values (1895, '-', 992, 269395.81, 4169388.93, 510.01);
insert into STATION values (1896, '-', 992, 269409.33, 4169385.15, 511.25);
insert into STATION values (1897, '-', 992, 269409.23, 4169385.12, 514.66);
insert into STATION values (1898, '-', 992, 269396.64, 4169380.83, 509.03);
insert into STATION values (1899, '-', 992, 269401.13, 4169381.71, 510.18);
insert into STATION values (1900, '-', 992, 269394.70, 4169378.37, 507.83);
insert into STATION values (1901, '-', 992, 269400.62, 4169367.10, 509.62);
insert into STATION values (1902, '-', 992, 269394.81, 4169368.18, 507.71);
insert into STATION values (1903, '-', 992, 269387.93, 4169372.71, 506.30);
insert into STATION values (1904, '-', 992, 269384.93, 4169376.05, 506.50);
insert into STATION values (1905, '-', 992, 269383.09, 4169378.77, 506.29);
insert into STATION values (1906, '-', 992, 269380.56, 4169386.70, 508.13);
insert into STATION values (1907, '-', 992, 269386.01, 4169390.68, 508.06);
insert into STATION values (1908, '-', 992, 269390.93, 4169389.32, 507.72);
insert into STATION values (1909, '-', 992, 269394.24, 4169389.25, 508.57);
insert into STATION values (1910, '-', 992, 269387.57, 4169383.45, 509.62);
insert into STATION values (1911, '-', 992, 269406.24, 4169372.20, 518.89);
insert into STATION values (1912, '-', 992, 269404.72, 4169372.18, 510.53);
insert into STATION values (1913, '-', 992, 269397.20, 4169374.46, 507.49);
insert into STATION values (1914, '-', 992, 269399.28, 4169374.01, 508.94);
insert into STATION values (1915, '-', 992, 269401.62, 4169373.33, 510.16);
insert into STATION values (1916, '-', 992, 269406.80, 4169371.56, 512.31);
insert into STATION values (1917, '-', 992, 269402.55, 4169370.15, 510.47);
insert into STATION values (1918, '-', 992, 269400.27, 4169369.03, 509.35);
insert into STATION values (1919, '-', 992, 269400.59, 4169363.75, 508.77);
insert into STATION values (1920, '-', 992, 269399.11, 4169361.75, 507.54);
insert into STATION values (1921, '-', 992, 269393.45, 4169371.94, 505.46);
insert into STATION values (1922, '-', 992, 269393.50, 4169371.09, 509.86);
insert into STATION values (1923, '-', 992, 269394.58, 4169372.70, 520.55);
insert into STATION values (1924, '-', 992, 269388.03, 4169368.28, 506.21);
insert into STATION values (1925, '-', 992, 269388.61, 4169370.90, 506.36);
insert into STATION values (1926, '-', 992, 269387.65, 4169372.80, 506.64);
insert into STATION values (1927, '-', 992, 269393.02, 4169366.35, 504.38);
insert into STATION values (1928, '-', 992, 269393.60, 4169365.02, 508.21);
insert into STATION values (1929, '-', 992, 269404.30, 4169358.32, 504.82);
insert into STATION values (1930, '-', 992, 269399.13, 4169364.11, 506.06);
insert into STATION values (1931, '-', 992, 269391.61, 4169357.82, 504.77);
insert into STATION values (1932, '-', 992, 269388.43, 4169359.78, 506.78);
insert into STATION values (1933, '-', 992, 269387.88, 4169363.24, 507.03);
insert into STATION values (1934, '-', 992, 269406.52, 4169351.67, 500.31);
insert into STATION values (1935, '-', 992, 269404.76, 4169354.33, 500.87);
insert into STATION values (1936, '-', 992, 269397.58, 4169366.67, 504.73);
insert into STATION values (1937, '-', 992, 269394.86, 4169364.86, 503.63);
insert into STATION values (1938, '-', 992, 269392.20, 4169357.64, 504.01);
insert into STATION values (1939, '-', 992, 269392.65, 4169353.95, 504.61);
insert into STATION values (1940, '-', 992, 269397.20, 4169350.95, 502.31);
insert into STATION values (1941, '-', 992, 269398.16, 4169349.24, 501.37);
insert into STATION values (1942, '-', 992, 269398.10, 4169348.71, 501.00);
insert into STATION values (1943, '-', 992, 269406.40, 4169348.30, 499.72);
insert into STATION values (1944, '-', 992, 269406.54, 4169348.54, 501.56);
insert into STATION values (1945, '-', 992, 269407.48, 4169349.10, 500.37);
insert into STATION values (1946, '-', 992, 269407.68, 4169347.87, 500.42);
insert into STATION values (1947, '-', 992, 269407.49, 4169346.85, 500.25);
insert into STATION values (1948, '-', 992, 269404.04, 4169346.47, 500.22);
insert into STATION values (1949, '-', 992, 269404.65, 4169338.02, 500.13);
insert into STATION values (1950, '-', 992, 269405.03, 4169339.66, 500.44);
insert into STATION values (1951, '-', 992, 269406.78, 4169338.85, 500.24);
insert into STATION values (1952, '-', 992, 269404.15, 4169343.64, 500.12);
insert into STATION values (1953, '-', 992, 269405.04, 4169344.54, 500.40);
insert into STATION values (1954, '-', 992, 269407.98, 4169343.08, 500.41);
insert into STATION values (1955, '-', 992, 269407.08, 4169338.87, 500.25);
insert into STATION values (1956, '-', 992, 269408.14, 4169338.37, 500.31);
insert into STATION values (1957, '-', 992, 269407.98, 4169336.97, 500.65);
insert into STATION values (1958, '-', 992, 269407.02, 4169337.74, 500.25);
insert into STATION values (1959, '-', 992, 269405.74, 4169337.08, 500.51);
insert into STATION values (1960, '-', 992, 269406.71, 4169338.51, 501.09);
insert into STATION values (1961, '-', 992, 269466.21, 4169343.69, 520.64);
insert into STATION values (1962, '-', 992, 269471.13, 4169341.24, 522.68);
insert into STATION values (1963, '-', 992, 269473.50, 4169337.38, 523.01);
insert into STATION values (1964, '-', 992, 269465.36, 4169336.79, 525.77);
insert into STATION values (1965, '-', 992, 269473.10, 4169335.51, 522.75);
insert into STATION values (1966, '-', 992, 269474.44, 4169334.30, 524.93);
insert into STATION values (1967, '-', 992, 269460.32, 4169334.96, 517.47);
insert into STATION values (1968, '-', 992, 269461.56, 4169330.28, 517.24);
insert into STATION values (1969, '-', 992, 269460.31, 4169327.35, 516.85);
insert into STATION values (1970, '-', 992, 269460.86, 4169325.77, 516.17);
insert into STATION values (1971, '-', 992, 269472.64, 4169329.21, 522.79);
insert into STATION values (1972, '-', 992, 269469.49, 4169328.80, 519.22);
insert into STATION values (1973, '-', 992, 269475.85, 4169331.01, 538.82);
insert into STATION values (1974, '-', 992, 269479.96, 4169331.86, 535.00);
insert into STATION values (1975, '-', 992, 269479.70, 4169327.77, 535.44);
insert into STATION values (1976, '-', 992, 269470.40, 4169328.72, 517.18);
insert into STATION values (1977, '-', 992, 269473.53, 4169324.70, 516.25);
insert into STATION values (1978, '-', 992, 269462.09, 4169329.17, 518.20);
insert into STATION values (1979, '-', 992, 269461.90, 4169329.17, 515.86);
insert into STATION values (1980, '-', 992, 269459.48, 4169327.24, 516.45);
insert into STATION values (1981, '-', 992, 269460.38, 4169325.92, 516.05);
insert into STATION values (1982, '-', 992, 269466.69, 4169320.36, 517.46);
insert into STATION values (1983, '-', 992, 269464.44, 4169320.92, 512.37);
insert into STATION values (1984, '-', 992, 269472.02, 4169326.78, 515.90);
insert into STATION values (1985, '-', 992, 269473.77, 4169324.54, 516.51);
insert into STATION values (1986, '-', 992, 269477.85, 4169319.52, 516.83);
insert into STATION values (1987, '-', 992, 269474.32, 4169310.97, 515.52);
insert into STATION values (1988, '-', 992, 269469.96, 4169311.52, 514.44);
insert into STATION values (1989, '-', 992, 269464.12, 4169314.67, 514.62);
insert into STATION values (1990, '-', 992, 269464.00, 4169319.01, 513.48);
insert into STATION values (1991, '-', 992, 269457.72, 4169315.02, 511.02);
insert into STATION values (1992, '-', 992, 269460.29, 4169324.90, 513.92);
insert into STATION values (1993, '-', 992, 269455.85, 4169326.53, 512.60);
insert into STATION values (1994, '-', 992, 269473.35, 4169311.94, 515.76);
insert into STATION values (1995, '-', 992, 269476.11, 4169311.41, 515.59);
insert into STATION values (1996, '-', 992, 269475.98, 4169315.98, 516.49);
insert into STATION values (1997, '-', 992, 269475.86, 4169315.64, 515.05);
insert into STATION values (1998, '-', 992, 269475.97, 4169321.25, 516.53);
insert into STATION values (1999, '-', 992, 269480.36, 4169320.55, 518.10);
insert into STATION values (2000, '-', 992, 269480.28, 4169318.60, 517.18);
insert into STATION values (2001, '-', 992, 269481.12, 4169313.28, 516.23);
insert into STATION values (2002, '-', 992, 269477.64, 4169313.82, 515.81);
insert into STATION values (2003, '-', 992, 269485.35, 4169314.22, 517.89);
insert into STATION values (2004, '-', 992, 269483.95, 4169313.55, 517.34);
insert into STATION values (2005, '-', 992, 269484.52, 4169313.28, 517.73);
insert into STATION values (2006, '-', 992, 269485.25, 4169317.42, 516.73);
insert into STATION values (2007, '-', 992, 269486.64, 4169316.21, 516.86);
insert into STATION values (2008, '-', 992, 269488.22, 4169314.32, 517.17);
insert into STATION values (2009, '-', 992, 269489.10, 4169313.03, 517.33);
insert into STATION values (2010, '-', 992, 269491.33, 4169311.76, 517.22);
insert into STATION values (2011, '-', 992, 269488.74, 4169313.92, 517.04);
insert into STATION values (2012, '-', 992, 269490.46, 4169312.65, 517.13);
insert into STATION values (2013, '-', 992, 269493.67, 4169310.36, 516.28);
insert into STATION values (2014, '-', 992, 269494.01, 4169308.24, 515.90);
insert into STATION values (2015, '-', 992, 269488.88, 4169311.37, 515.93);
insert into STATION values (2016, '-', 992, 269492.65, 4169306.50, 514.93);
insert into STATION values (2017, '-', 992, 269494.32, 4169306.04, 515.19);
insert into STATION values (2018, '-', 992, 269489.03, 4169311.30, 518.21);
insert into STATION values (2019, '-', 992, 269489.90, 4169306.91, 515.86);
insert into STATION values (2020, '-', 992, 269488.09, 4169306.29, 515.48);
insert into STATION values (2021, '-', 992, 269486.75, 4169304.97, 514.80);
insert into STATION values (2022, '-', 992, 269486.91, 4169308.97, 515.96);
insert into STATION values (2023, '-', 992, 269486.40, 4169310.25, 516.61);
insert into STATION values (2024, '-', 992, 269485.43, 4169310.79, 517.40);
insert into STATION values (2025, '-', 992, 269484.09, 4169311.22, 518.18);
insert into STATION values (2026, '-', 992, 269484.89, 4169313.26, 518.25);
insert into STATION values (2027, '-', 992, 269480.40, 4169314.50, 530.72);
insert into STATION values (2028, '-', 992, 269482.88, 4169311.21, 519.22);
insert into STATION values (2029, '-', 992, 269480.99, 4169311.98, 519.65);
insert into STATION values (2030, '-', 992, 269480.38, 4169312.59, 519.95);
insert into STATION values (2031, '-', 992, 269479.99, 4169313.01, 520.32);
insert into STATION values (2032, '-', 992, 269480.86, 4169313.92, 519.97);
insert into STATION values (2033, '-', 992, 269482.07, 4169313.40, 519.68);
insert into STATION values (2034, '-', 992, 269483.31, 4169313.42, 519.20);
insert into STATION values (2035, '-', 992, 269492.12, 4169306.68, 514.86);
insert into STATION values (2036, '-', 992, 269493.36, 4169306.62, 514.64);
insert into STATION values (2037, '-', 992, 269493.48, 4169307.00, 514.98);
insert into STATION values (2038, '-', 992, 269495.73, 4169305.11, 514.66);
insert into STATION values (2039, '-', 992, 269494.93, 4169306.91, 514.27);
insert into STATION values (2040, '-', 992, 269496.28, 4169306.47, 514.31);
insert into STATION values (2041, '-', 992, 269496.19, 4169305.85, 514.28);
insert into STATION values (2042, '-', 992, 269497.28, 4169306.03, 514.60);
insert into STATION values (2043, '-', 992, 269498.05, 4169305.38, 514.53);
insert into STATION values (2044, '-', 992, 269496.72, 4169304.68, 514.17);
insert into STATION values (2045, '-', 992, 269496.15, 4169304.08, 513.97);
insert into STATION values (2046, '-', 992, 269494.83, 4169303.80, 513.65);
insert into STATION values (2047, '-', 992, 269494.09, 4169303.96, 513.31);
insert into STATION values (2048, '-', 992, 269493.37, 4169305.65, 513.49);
insert into STATION values (2049, '-', 992, 269492.24, 4169304.75, 512.98);
insert into STATION values (2050, '-', 992, 269492.18, 4169303.79, 512.35);
insert into STATION values (2051, '-', 992, 269488.02, 4169306.17, 515.11);
insert into STATION values (2052, '-', 992, 269486.32, 4169304.65, 514.65);
insert into STATION values (2053, '-', 992, 269484.46, 4169304.22, 514.14);
insert into STATION values (2054, '-', 992, 269487.89, 4169306.80, 516.40);
insert into STATION values (2055, '-', 992, 269485.20, 4169308.08, 514.88);
insert into STATION values (2056, '-', 992, 269483.61, 4169307.35, 514.17);
insert into STATION values (2057, '-', 992, 269481.08, 4169307.02, 513.39);
insert into STATION values (2058, '-', 992, 269474.94, 4169301.40, 512.31);
insert into STATION values (2059, '-', 992, 269475.19, 4169303.03, 511.65);
insert into STATION values (2060, '-', 992, 269474.17, 4169303.07, 511.48);
insert into STATION values (2061, '-', 992, 269473.16, 4169303.70, 511.44);
insert into STATION values (2062, '-', 992, 269470.33, 4169304.03, 511.31);
insert into STATION values (2063, '-', 992, 269465.82, 4169305.34, 510.95);
insert into STATION values (2064, '-', 992, 269478.31, 4169301.14, 512.29);
insert into STATION values (2065, '-', 992, 269474.19, 4169299.42, 511.59);
insert into STATION values (2066, '-', 992, 269470.96, 4169298.97, 511.24);
insert into STATION values (2067, '-', 992, 269466.40, 4169305.39, 509.68);
insert into STATION values (2068, '-', 992, 269462.13, 4169305.76, 510.31);
insert into STATION values (2069, '-', 992, 269460.83, 4169305.00, 510.13);
insert into STATION values (2070, '-', 992, 269458.58, 4169302.81, 509.34);
insert into STATION values (2071, '-', 992, 269459.57, 4169302.76, 509.10);
insert into STATION values (2072, '-', 992, 269461.34, 4169297.93, 509.99);
insert into STATION values (2073, '-', 992, 269461.60, 4169298.06, 508.09);
insert into STATION values (2074, '-', 992, 269467.03, 4169298.17, 510.03);
insert into STATION values (2075, '-', 992, 269466.62, 4169296.97, 509.83);
insert into STATION values (2076, '-', 992, 269470.09, 4169296.03, 510.49);
insert into STATION values (2077, '-', 992, 269458.96, 4169296.95, 509.32);
insert into STATION values (2078, '-', 992, 269457.53, 4169302.19, 509.51);
insert into STATION values (2079, '-', 992, 269460.24, 4169302.81, 509.31);
insert into STATION values (2080, '-', 992, 269463.46, 4169305.96, 509.72);
insert into STATION values (2081, '-', 992, 269461.40, 4169298.95, 510.04);
insert into STATION values (2082, '-', 992, 269461.06, 4169300.43, 507.92);
insert into STATION values (2083, '-', 992, 269456.17, 4169307.83, 510.03);
insert into STATION values (2084, '-', 992, 269457.19, 4169305.54, 509.82);
insert into STATION values (2085, '-', 992, 269457.07, 4169304.26, 509.59);
insert into STATION values (2086, '-', 992, 269453.11, 4169308.61, 510.39);
insert into STATION values (2087, '-', 992, 269452.75, 4169306.55, 510.03);
insert into STATION values (2088, '-', 992, 269450.49, 4169301.81, 509.42);
insert into STATION values (2089, '-', 992, 269452.43, 4169300.18, 509.06);
insert into STATION values (2090, '-', 992, 269454.76, 4169305.92, 510.38);
insert into STATION values (2091, '-', 992, 269455.36, 4169304.95, 508.52);
insert into STATION values (2092, '-', 992, 269454.16, 4169310.60, 511.45);
insert into STATION values (2093, '-', 992, 269452.62, 4169310.61, 511.83);
insert into STATION values (2094, '-', 992, 269452.11, 4169308.03, 512.18);
insert into STATION values (2095, '-', 992, 269455.21, 4169307.50, 511.85);
insert into STATION values (2096, '-', 992, 269458.78, 4169311.48, 512.24);
insert into STATION values (2097, '-', 992, 269455.88, 4169310.69, 512.74);
insert into STATION values (2098, '-', 992, 269455.63, 4169310.37, 510.86);
insert into STATION values (2099, '-', 992, 269457.68, 4169312.37, 511.73);
insert into STATION values (2100, '-', 992, 269461.50, 4169313.21, 512.33);
insert into STATION values (2101, '-', 992, 269463.37, 4169317.55, 512.49);
insert into STATION values (2102, '-', 992, 269458.47, 4169324.82, 512.36);
insert into STATION values (2103, '-', 992, 269456.61, 4169325.99, 512.07);
insert into STATION values (2104, '-', 992, 269445.67, 4169316.63, 512.46);
insert into STATION values (2105, '-', 992, 269457.03, 4169315.46, 515.82);
insert into STATION values (2106, '-', 992, 269456.73, 4169314.74, 510.75);
insert into STATION values (2107, '-', 992, 269461.14, 4169323.65, 512.57);
insert into STATION values (2108, '-', 992, 269456.05, 4169326.01, 512.25);
insert into STATION values (2109, '-', 992, 269451.51, 4169327.86, 511.79);
insert into STATION values (2110, '-', 992, 269446.39, 4169323.01, 510.87);
insert into STATION values (2111, '-', 992, 269452.50, 4169312.24, 512.40);
insert into STATION values (2112, '-', 992, 269449.80, 4169309.02, 512.91);
insert into STATION values (2113, '-', 992, 269455.00, 4169314.37, 511.74);
insert into STATION values (2114, '-', 992, 269435.33, 4169331.36, 509.85);
insert into STATION values (2115, '-', 992, 269459.49, 4169320.07, 512.65);
insert into STATION values (2116, '-', 992, 269458.60, 4169319.87, 509.90);
insert into STATION values (2117, '-', 992, 269338.68, 4169302.89, 499.52);
insert into STATION values (2118, '-', 992, 269337.44, 4169300.22, 498.54);
insert into STATION values (2119, '-', 992, 269342.32, 4169293.13, 500.10);
insert into STATION values (2120, '-', 992, 269357.64, 4169304.51, 499.92);
insert into STATION values (2121, '-', 992, 269350.22, 4169309.45, 500.44);
insert into STATION values (2122, '-', 992, 269345.02, 4169311.47, 500.21);
insert into STATION values (2123, '-', 992, 269343.44, 4169310.22, 500.07);
insert into STATION values (2124, '-', 992, 269344.64, 4169307.56, 500.56);
insert into STATION values (2125, '-', 992, 269344.40, 4169306.56, 497.99);
insert into STATION values (2126, '-', 992, 269335.69, 4169300.11, 498.34);
insert into STATION values (2127, '-', 992, 269339.34, 4169299.44, 499.23);
insert into STATION values (2128, '-', 992, 269342.05, 4169294.47, 499.42);
insert into STATION values (2129, '-', 992, 269343.43, 4169293.01, 499.78);
insert into STATION values (2130, '-', 992, 269345.54, 4169311.23, 500.09);
insert into STATION values (2131, '-', 992, 269332.78, 4169310.20, 499.30);
insert into STATION values (2132, '-', 992, 269334.83, 4169311.70, 500.92);
insert into STATION values (2133, '-', 992, 269342.03, 4169308.25, 500.28);
insert into STATION values (2134, '-', 992, 269342.26, 4169308.06, 498.57);
insert into STATION values (2135, '-', 992, 269360.05, 4169282.38, 500.88);
insert into STATION values (2136, '-', 992, 269366.05, 4169289.60, 500.16);
insert into STATION values (2137, '-', 992, 269366.84, 4169288.02, 501.01);
insert into STATION values (2138, '-', 992, 269343.46, 4169287.63, 499.68);
insert into STATION values (2139, '-', 992, 269344.74, 4169292.77, 499.37);
insert into STATION values (2140, '-', 992, 269337.36, 4169299.09, 500.18);
insert into STATION values (2141, '-', 992, 269333.74, 4169260.85, 499.77);
insert into STATION values (2142, '-', 992, 269347.80, 4169259.53, 499.68);
insert into STATION values (2143, '-', 992, 269359.12, 4169256.66, 499.45);
insert into STATION values (2144, '-', 992, 269352.05, 4169283.79, 500.96);
insert into STATION values (2145, '-', 992, 269352.84, 4169282.34, 496.72);
insert into STATION values (2146, '-', 992, 269323.92, 4169305.62, 498.85);
insert into STATION values (2147, '-', 992, 269325.09, 4169302.40, 497.07);
insert into STATION values (2148, '-', 992, 269329.21, 4169300.61, 497.43);
insert into STATION values (2149, '-', 992, 269333.21, 4169298.99, 497.47);
insert into STATION values (2150, '-', 992, 269336.92, 4169300.30, 498.41);
insert into STATION values (2151, '-', 992, 269327.15, 4169313.03, 501.92);
insert into STATION values (2152, '-', 992, 269319.80, 4169315.57, 502.34);
insert into STATION values (2153, '-', 992, 269332.56, 4169310.04, 499.31);
insert into STATION values (2154, '-', 992, 269331.85, 4169309.54, 501.32);
insert into STATION values (2155, '-', 992, 269329.07, 4169305.64, 496.97);
insert into STATION values (2156, '-', 992, 269312.01, 4169300.23, 498.92);
insert into STATION values (2157, '-', 992, 269315.67, 4169300.29, 497.94);
insert into STATION values (2158, '-', 992, 269311.24, 4169308.18, 498.67);
insert into STATION values (2159, '-', 992, 269313.78, 4169310.19, 499.05);
insert into STATION values (2160, '-', 992, 269311.82, 4169307.17, 499.34);
insert into STATION values (2161, '-', 992, 269310.85, 4169305.38, 497.80);
insert into STATION values (2162, '-', 992, 269369.69, 4169304.25, 500.03);
insert into STATION values (2163, '-', 992, 269361.73, 4169305.43, 499.97);
insert into STATION values (2164, '-', 992, 269358.19, 4169304.57, 499.77);
insert into STATION values (2165, '-', 992, 269353.21, 4169305.92, 500.21);
insert into STATION values (2166, '-', 992, 269373.34, 4169291.93, 501.25);
insert into STATION values (2167, '-', 992, 269368.52, 4169291.77, 500.71);
insert into STATION values (2168, '-', 992, 269363.78, 4169294.95, 500.02);
insert into STATION values (2169, '-', 992, 269359.71, 4169300.83, 500.65);
insert into STATION values (2170, '-', 992, 269359.99, 4169299.40, 497.57);
insert into STATION values (2171, '-', 992, 269391.93, 4169291.00, 504.78);
insert into STATION values (2172, '-', 992, 269392.92, 4169302.45, 506.35);
insert into STATION values (2173, '-', 992, 269396.85, 4169299.22, 504.95);
insert into STATION values (2174, '-', 992, 269392.07, 4169291.32, 503.76);
insert into STATION values (2175, '-', 992, 269381.96, 4169302.35, 504.68);
insert into STATION values (2176, '-', 992, 269376.70, 4169300.86, 502.22);
insert into STATION values (2177, '-', 992, 269374.66, 4169292.68, 502.15);
insert into STATION values (2178, '-', 992, 269380.00, 4169291.73, 502.52);
insert into STATION values (2179, '-', 992, 269382.90, 4169279.35, 502.85);
insert into STATION values (2180, '-', 992, 269386.43, 4169289.11, 503.93);
insert into STATION values (2181, '-', 992, 269385.38, 4169290.92, 502.25);
insert into STATION values (2182, '-', 992, 269412.17, 4169267.91, 503.13);
insert into STATION values (2183, '-', 992, 269402.40, 4169253.84, 503.37);
insert into STATION values (2184, '-', 992, 269391.01, 4169260.52, 503.41);
insert into STATION values (2185, '-', 992, 269383.50, 4169259.85, 503.05);
insert into STATION values (2186, '-', 992, 269383.76, 4169279.03, 502.17);
insert into STATION values (2187, '-', 992, 269395.18, 4169271.33, 504.27);
insert into STATION values (2188, '-', 992, 269393.54, 4169266.20, 499.85);
insert into STATION values (2189, '-', 992, 269382.31, 4169258.25, 501.10);
insert into STATION values (2190, '-', 992, 269373.92, 4169256.65, 500.72);
insert into STATION values (2191, '-', 992, 269387.16, 4169259.71, 501.60);
insert into STATION values (2192, '-', 992, 269381.62, 4169268.50, 503.65);
insert into STATION values (2193, '-', 992, 269366.76, 4169274.51, 501.45);
insert into STATION values (2194, '-', 992, 269376.99, 4169279.20, 502.46);
insert into STATION values (2195, '-', 992, 269388.84, 4169280.35, 502.54);
insert into STATION values (2196, '-', 992, 269406.93, 4169251.27, 502.73);
insert into STATION values (2197, '-', 992, 269411.17, 4169249.97, 503.70);
insert into STATION values (2198, '-', 992, 269400.54, 4169256.83, 502.37);
insert into STATION values (2199, '-', 992, 269409.63, 4169259.04, 504.95);
insert into STATION values (2200, '-', 992, 269411.86, 4169266.61, 503.18);
insert into STATION values (2201, '-', 992, 269415.53, 4169266.39, 503.32);
insert into STATION values (2202, '-', 992, 269431.93, 4169255.68, 505.34);
insert into STATION values (2203, '-', 992, 269420.03, 4169247.25, 503.12);
insert into STATION values (2204, '-', 992, 269414.72, 4169247.94, 503.86);
insert into STATION values (2205, '-', 992, 269423.55, 4169244.33, 503.70);
insert into STATION values (2206, '-', 992, 269421.13, 4169249.58, 505.19);
insert into STATION values (2207, '-', 992, 269430.59, 4169248.72, 503.59);
insert into STATION values (2208, '-', 992, 269429.18, 4169253.21, 504.13);
insert into STATION values (2209, '-', 992, 269422.15, 4169269.37, 504.24);
insert into STATION values (2210, '-', 992, 269441.70, 4169240.54, 503.07);
insert into STATION values (2211, '-', 992, 269445.46, 4169241.05, 502.84);
insert into STATION values (2212, '-', 992, 269439.37, 4169239.22, 502.76);
insert into STATION values (2213, '-', 992, 269431.40, 4169235.83, 502.50);
insert into STATION values (2214, '-', 992, 269424.30, 4169242.68, 502.50);
insert into STATION values (2215, '-', 992, 269440.57, 4169242.43, 503.91);
insert into STATION values (2216, '-', 992, 269442.61, 4169245.27, 503.02);
insert into STATION values (2217, '-', 992, 269439.02, 4169246.47, 503.24);
insert into STATION values (2218, '-', 992, 269436.45, 4169247.43, 503.20);
insert into STATION values (2219, '-', 992, 269443.47, 4169224.76, 501.50);
insert into STATION values (2220, '-', 992, 269457.13, 4169240.16, 503.19);
insert into STATION values (2221, '-', 992, 269445.76, 4169227.53, 501.63);
insert into STATION values (2222, '-', 992, 269442.69, 4169237.07, 502.25);
insert into STATION values (2223, '-', 992, 269456.19, 4169242.39, 504.03);
insert into STATION values (2224, '-', 992, 269443.78, 4169245.43, 502.60);
insert into STATION values (2225, '-', 992, 269443.36, 4169249.77, 502.69);
insert into STATION values (2226, '-', 992, 269449.24, 4169249.17, 502.71);
insert into STATION values (2227, '-', 992, 269453.41, 4169251.34, 503.18);
insert into STATION values (2228, '-', 992, 269461.62, 4169248.89, 503.59);
insert into STATION values (2229, '-', 992, 269467.06, 4169248.48, 504.01);
insert into STATION values (2230, '-', 992, 269463.81, 4169240.58, 503.25);
insert into STATION values (2231, '-', 992, 269467.26, 4169238.98, 503.74);
insert into STATION values (2232, '-', 992, 269470.93, 4169238.89, 503.86);
insert into STATION values (2233, '-', 992, 269473.78, 4169239.27, 504.21);
insert into STATION values (2234, '-', 992, 269471.67, 4169242.98, 505.01);
insert into STATION values (2235, '-', 992, 269462.19, 4169249.55, 503.90);
insert into STATION values (2236, '-', 992, 269468.96, 4169248.25, 504.18);
insert into STATION values (2237, '-', 992, 269472.67, 4169247.96, 504.22);
insert into STATION values (2238, '-', 992, 269476.31, 4169251.28, 504.77);
insert into STATION values (2239, '-', 992, 269480.74, 4169249.99, 505.18);
insert into STATION values (2240, '-', 992, 269480.46, 4169244.79, 504.69);
insert into STATION values (2241, '-', 992, 269475.87, 4169236.88, 504.47);
insert into STATION values (2242, '-', 992, 269473.09, 4169231.32, 504.43);
insert into STATION values (2243, '-', 992, 269473.96, 4169238.80, 504.21);
insert into STATION values (2244, '-', 992, 269478.23, 4169237.63, 505.30);
insert into STATION values (2245, '-', 992, 269480.35, 4169233.42, 504.84);
insert into STATION values (2246, '-', 992, 269481.45, 4169235.44, 504.83);
insert into STATION values (2247, '-', 992, 269483.65, 4169239.44, 504.50);
insert into STATION values (2248, '-', 992, 269480.94, 4169241.81, 504.69);
insert into STATION values (2249, '-', 992, 269478.19, 4169243.91, 504.73);
insert into STATION values (2250, '-', 992, 269474.12, 4169233.49, 504.62);
insert into STATION values (2251, '-', 992, 269475.60, 4169232.80, 505.83);
insert into STATION values (2252, '-', 992, 269476.63, 4169230.54, 504.90);
insert into STATION values (2253, '-', 992, 269478.63, 4169230.84, 505.18);
insert into STATION values (2254, '-', 992, 269471.73, 4169225.07, 503.74);
insert into STATION values (2255, '-', 992, 269471.63, 4169223.29, 503.56);
insert into STATION values (2256, '-', 992, 269468.38, 4169221.81, 503.37);
insert into STATION values (2257, '-', 992, 269471.73, 4169228.72, 503.54);
insert into STATION values (2258, '-', 992, 269473.38, 4169224.07, 504.39);
insert into STATION values (2259, '-', 992, 269472.15, 4169219.23, 503.72);
insert into STATION values (2260, '-', 992, 269474.62, 4169221.15, 503.87);
insert into STATION values (2261, '-', 992, 269476.33, 4169221.84, 503.64);
insert into STATION values (2262, '-', 992, 269477.80, 4169225.22, 503.71);
insert into STATION values (2263, '-', 992, 269468.63, 4169222.30, 503.61);
insert into STATION values (2264, '-', 992, 269467.35, 4169221.18, 503.58);
insert into STATION values (2265, '-', 992, 269470.32, 4169223.59, 503.67);
insert into STATION values (2266, '-', 992, 269469.90, 4169220.78, 504.36);
insert into STATION values (2267, '-', 992, 269463.82, 4169217.02, 503.02);
insert into STATION values (2268, '-', 992, 269468.32, 4169216.93, 503.77);
insert into STATION values (2269, '-', 992, 269471.74, 4169217.35, 503.91);
insert into STATION values (2270, '-', 992, 269472.68, 4169216.81, 504.02);
insert into STATION values (2271, '-', 992, 269465.78, 4169221.73, 502.95);
insert into STATION values (2272, '-', 992, 269462.44, 4169223.51, 502.60);
insert into STATION values (2273, '-', 992, 269458.06, 4169225.19, 502.85);
insert into STATION values (2274, '-', 992, 269462.19, 4169220.11, 503.86);
insert into STATION values (2275, '-', 992, 269457.97, 4169217.51, 502.18);
insert into STATION values (2276, '-', 992, 269460.22, 4169217.09, 502.17);
insert into STATION values (2277, '-', 992, 269462.83, 4169216.47, 502.59);
insert into STATION values (2278, '-', 992, 269464.37, 4169216.80, 503.23);
insert into STATION values (2279, '-', 992, 269460.13, 4169221.53, 503.35);
insert into STATION values (2280, '-', 992, 269451.57, 4169222.63, 503.05);
insert into STATION values (2281, '-', 992, 269449.72, 4169221.90, 503.34);
insert into STATION values (2282, '-', 992, 269451.59, 4169223.28, 502.71);
insert into STATION values (2283, '-', 992, 269447.45, 4169220.08, 502.47);
insert into STATION values (2284, '-', 992, 269450.25, 4169219.89, 502.47);
insert into STATION values (2285, '-', 992, 269452.62, 4169220.75, 502.48);
insert into STATION values (2286, '-', 992, 269451.76, 4169216.88, 502.18);
insert into STATION values (2287, '-', 992, 269450.53, 4169217.28, 502.32);
insert into STATION values (2288, '-', 992, 269453.93, 4169217.81, 502.24);
insert into STATION values (2289, '-', 992, 269443.73, 4169226.63, 502.02);
insert into STATION values (2290, '-', 992, 269446.74, 4169224.47, 502.16);
insert into STATION values (2291, '-', 992, 269450.33, 4169223.62, 502.14);
insert into STATION values (2292, '-', 992, 269445.53, 4169222.65, 503.52);
insert into STATION values (2293, '-', 992, 269443.65, 4169222.20, 502.55);
insert into STATION values (2294, '-', 992, 269444.14, 4169221.20, 502.42);
insert into STATION values (2295, '-', 992, 269440.52, 4169218.99, 502.09);
insert into STATION values (2296, '-', 992, 269437.49, 4169221.74, 501.91);
insert into STATION values (2297, '-', 992, 269446.27, 4169222.64, 503.64);
insert into STATION values (2298, '-', 992, 269441.29, 4169227.93, 502.31);
insert into STATION values (2299, '-', 992, 269444.67, 4169231.67, 502.60);
insert into STATION values (2300, '-', 992, 269443.16, 4169227.33, 502.50);
insert into STATION values (2301, '-', 992, 269440.53, 4169225.31, 506.63);
insert into STATION values (2302, '-', 992, 269438.85, 4169225.25, 504.60);
insert into STATION values (2303, '-', 992, 269439.55, 4169226.01, 502.93);
insert into STATION values (2304, '-', 992, 269441.20, 4169225.14, 503.19);
insert into STATION values (2305, '-', 992, 269439.32, 4169220.20, 502.40);
insert into STATION values (2306, '-', 992, 269436.95, 4169222.53, 502.13);
insert into STATION values (2307, '-', 992, 269436.24, 4169224.67, 502.22);
insert into STATION values (2308, '-', 992, 269434.54, 4169226.57, 502.14);
insert into STATION values (2309, '-', 992, 269436.23, 4169227.17, 502.20);
insert into STATION values (2310, '-', 992, 269440.54, 4169230.50, 502.46);
insert into STATION values (2311, '-', 992, 269438.57, 4169236.34, 503.34);
insert into STATION values (2312, '-', 992, 269439.08, 4169232.50, 503.10);
insert into STATION values (2313, '-', 992, 269435.66, 4169231.45, 502.45);
insert into STATION values (2314, '-', 992, 269431.88, 4169235.73, 503.36);
insert into STATION values (2315, '-', 992, 269434.84, 4169238.21, 504.61);
insert into STATION values (2316, '-', 992, 269474.19, 4169250.04, 505.47);
insert into STATION values (2317, '-', 992, 269473.02, 4169251.32, 505.78);
insert into STATION values (2318, '-', 992, 269472.81, 4169253.42, 506.36);
insert into STATION values (2319, '-', 992, 269475.42, 4169254.63, 505.76);
insert into STATION values (2320, '-', 992, 269477.40, 4169252.83, 506.13);
insert into STATION values (2321, '-', 992, 269476.47, 4169251.60, 506.70);
insert into STATION values (2322, '-', 992, 269465.75, 4169262.70, 504.70);
insert into STATION values (2323, '-', 992, 269464.63, 4169261.08, 504.91);
insert into STATION values (2324, '-', 992, 269467.36, 4169264.42, 504.79);
insert into STATION values (2325, '-', 992, 269477.31, 4169251.22, 506.76);
insert into STATION values (2326, '-', 992, 269481.27, 4169250.06, 505.98);
insert into STATION values (2327, '-', 992, 269484.21, 4169247.00, 506.25);
insert into STATION values (2328, '-', 992, 269482.94, 4169245.32, 506.09);
insert into STATION values (2329, '-', 992, 269479.59, 4169243.86, 504.43);
insert into STATION values (2330, '-', 992, 269421.46, 4169267.59, 502.76);
insert into STATION values (2331, '-', 992, 269420.94, 4169269.48, 504.16);
insert into STATION values (2332, '-', 992, 269423.45, 4169271.92, 504.54);
insert into STATION values (2333, '-', 992, 269421.54, 4169264.69, 505.81);
insert into STATION values (2334, '-', 992, 269415.95, 4169266.07, 504.03);
insert into STATION values (2335, '-', 992, 269411.11, 4169265.05, 503.89);
insert into STATION values (2336, '-', 992, 269417.47, 4169261.83, 505.06);
insert into STATION values (2337, '-', 992, 269415.79, 4169271.57, 504.49);
insert into STATION values (2338, '-', 992, 269437.55, 4169259.32, 504.73);
insert into STATION values (2339, '-', 992, 269433.55, 4169255.01, 504.24);
insert into STATION values (2340, '-', 992, 269430.36, 4169253.52, 504.48);
insert into STATION values (2341, '-', 992, 269427.95, 4169252.67, 504.34);
insert into STATION values (2342, '-', 992, 269452.92, 4169259.48, 504.80);
insert into STATION values (2343, '-', 992, 269454.98, 4169259.67, 504.92);
insert into STATION values (2344, '-', 992, 269443.57, 4169265.28, 504.46);
insert into STATION values (2345, '-', 992, 269443.15, 4169260.26, 504.20);
insert into STATION values (2346, '-', 992, 269439.54, 4169259.69, 504.08);
insert into STATION values (2347, '-', 992, 269437.53, 4169271.81, 508.21);
insert into STATION values (2348, '-', 992, 269441.71, 4169279.47, 506.93);
insert into STATION values (2349, '-', 992, 269437.99, 4169281.17, 507.08);
insert into STATION values (2350, '-', 992, 269429.75, 4169292.52, 508.67);
insert into STATION values (2351, '-', 992, 269423.88, 4169273.83, 504.91);
insert into STATION values (2352, '-', 992, 269441.80, 4169270.21, 506.22);
insert into STATION values (2353, '-', 992, 269447.39, 4169273.64, 508.16);
insert into STATION values (2354, '-', 992, 269450.05, 4169274.97, 508.59);
insert into STATION values (2355, '-', 992, 269448.55, 4169274.55, 508.69);
insert into STATION values (2356, '-', 992, 269448.73, 4169276.08, 509.90);
insert into STATION values (2357, '-', 992, 269451.68, 4169279.33, 508.96);
insert into STATION values (2358, '-', 992, 269457.07, 4169272.57, 508.35);
insert into STATION values (2359, '-', 992, 269454.38, 4169273.44, 508.27);
insert into STATION values (2360, '-', 992, 269460.93, 4169273.92, 508.58);
insert into STATION values (2361, '-', 992, 269448.40, 4169278.39, 509.19);
insert into STATION values (2362, '-', 992, 269452.79, 4169280.50, 509.04);
insert into STATION values (2363, '-', 992, 269450.96, 4169286.64, 508.80);
insert into STATION values (2364, '-', 992, 269456.46, 4169275.11, 510.52);
insert into STATION values (2365, '-', 992, 269468.20, 4169276.31, 509.36);
insert into STATION values (2366, '-', 992, 269472.73, 4169281.46, 510.66);
insert into STATION values (2367, '-', 992, 269468.10, 4169272.16, 508.68);
insert into STATION values (2368, '-', 992, 269460.23, 4169278.18, 510.22);
insert into STATION values (2369, '-', 992, 269474.22, 4169282.71, 510.03);
insert into STATION values (2370, '-', 992, 269470.06, 4169282.83, 508.74);
insert into STATION values (2371, '-', 992, 269465.00, 4169273.62, 509.14);
insert into STATION values (2372, '-', 992, 269462.25, 4169275.39, 508.88);
insert into STATION values (2373, '-', 992, 269469.24, 4169288.75, 513.05);
insert into STATION values (2374, '-', 992, 269456.31, 4169290.81, 508.39);
insert into STATION values (2375, '-', 992, 269457.05, 4169292.99, 507.92);
insert into STATION values (2376, '-', 992, 269459.48, 4169296.58, 508.45);
insert into STATION values (2377, '-', 992, 269467.51, 4169296.69, 509.33);
insert into STATION values (2378, '-', 992, 269480.68, 4169296.59, 510.07);
insert into STATION values (2379, '-', 992, 269474.69, 4169298.82, 510.23);
insert into STATION values (2380, '-', 992, 269468.15, 4169297.14, 509.99);
insert into STATION values (2381, '-', 992, 269476.73, 4169286.33, 512.14);
insert into STATION values (2382, '-', 992, 269475.81, 4169283.50, 510.53);
insert into STATION values (2383, '-', 992, 269479.65, 4169276.92, 510.40);
insert into STATION values (2384, '-', 992, 269472.44, 4169283.14, 510.05);
insert into STATION values (2385, '-', 992, 269486.85, 4169294.65, 510.35);
insert into STATION values (2386, '-', 992, 269490.10, 4169291.53, 510.61);
insert into STATION values (2387, '-', 992, 269495.60, 4169291.05, 511.44);
insert into STATION values (2388, '-', 992, 269500.02, 4169289.93, 512.90);
insert into STATION values (2389, '-', 992, 269490.88, 4169285.49, 513.06);
insert into STATION values (2390, '-', 992, 269500.12, 4169282.42, 511.66);
insert into STATION values (2391, '-', 992, 269498.57, 4169280.15, 511.53);
insert into STATION values (2392, '-', 992, 269494.62, 4169279.45, 510.99);
insert into STATION values (2393, '-', 992, 269478.20, 4169278.04, 509.63);
insert into STATION values (2394, '-', 992, 269476.87, 4169282.22, 509.74);
insert into STATION values (2395, '-', 992, 269486.34, 4169278.86, 510.61);
insert into STATION values (2396, '-', 992, 269488.20, 4169274.37, 511.03);
insert into STATION values (2397, '-', 992, 269489.26, 4169274.60, 510.38);
insert into STATION values (2398, '-', 992, 269492.00, 4169270.40, 509.76);
insert into STATION values (2399, '-', 992, 269499.74, 4169270.99, 508.87);
insert into STATION values (2400, '-', 992, 269496.13, 4169276.60, 509.41);
insert into STATION values (2401, '-', 992, 269494.43, 4169279.36, 510.38);
insert into STATION values (2402, '-', 992, 269487.93, 4169279.94, 512.32);
insert into STATION values (2403, '-', 992, 269490.15, 4169269.91, 509.98);
insert into STATION values (2404, '-', 992, 269488.65, 4169271.21, 510.24);
insert into STATION values (2405, '-', 992, 269496.49, 4169274.89, 510.14);
insert into STATION values (2406, '-', 992, 269499.77, 4169274.29, 510.40);
insert into STATION values (2407, '-', 992, 269505.48, 4169268.96, 509.32);
insert into STATION values (2408, '-', 992, 269498.12, 4169261.79, 508.47);
insert into STATION values (2409, '-', 992, 269495.39, 4169265.74, 508.88);
insert into STATION values (2410, '-', 992, 269493.99, 4169273.40, 511.59);
insert into STATION values (2411, '-', 992, 269494.63, 4169271.67, 511.17);
insert into STATION values (2412, '-', 992, 269504.57, 4169270.32, 509.57);
insert into STATION values (2413, '-', 992, 269506.63, 4169265.97, 509.04);
insert into STATION values (2414, '-', 992, 269507.27, 4169264.30, 508.68);
insert into STATION values (2415, '-', 992, 269503.77, 4169262.37, 508.42);
insert into STATION values (2416, '-', 992, 269501.19, 4169259.96, 508.04);
insert into STATION values (2417, '-', 992, 269498.40, 4169258.32, 507.52);
insert into STATION values (2418, '-', 992, 269495.36, 4169257.80, 507.15);
insert into STATION values (2419, '-', 992, 269491.22, 4169255.52, 506.77);
insert into STATION values (2420, '-', 992, 269495.02, 4169261.68, 507.47);
insert into STATION values (2421, '-', 992, 269492.85, 4169263.88, 507.95);
insert into STATION values (2422, '-', 992, 269495.32, 4169265.34, 508.80);
insert into STATION values (2423, '-', 992, 269500.14, 4169266.38, 510.46);
insert into STATION values (2424, '-', 992, 269505.28, 4169280.34, 512.40);
insert into STATION values (2425, '-', 992, 269502.51, 4169280.90, 512.11);
insert into STATION values (2426, '-', 992, 269500.83, 4169281.51, 512.02);
insert into STATION values (2427, '-', 992, 269507.76, 4169280.31, 512.44);
insert into STATION values (2428, '-', 992, 269512.12, 4169278.81, 512.22);
insert into STATION values (2429, '-', 992, 269514.06, 4169281.00, 512.26);
insert into STATION values (2430, '-', 992, 269512.75, 4169283.73, 512.67);
insert into STATION values (2431, '-', 992, 269512.84, 4169286.33, 513.08);
insert into STATION values (2432, '-', 992, 269501.03, 4169284.77, 512.56);
insert into STATION values (2433, '-', 992, 269504.99, 4169284.79, 512.70);
insert into STATION values (2434, '-', 992, 269504.78, 4169282.20, 514.36);
insert into STATION values (2435, '-', 992, 269507.27, 4169292.31, 514.92);
insert into STATION values (2436, '-', 992, 269517.26, 4169291.74, 515.42);
insert into STATION values (2437, '-', 992, 269514.86, 4169293.72, 526.90);
insert into STATION values (2438, '-', 992, 269515.29, 4169294.30, 522.05);
insert into STATION values (2439, '-', 992, 269515.41, 4169294.76, 526.73);
insert into STATION values (2440, '-', 992, 269515.92, 4169292.12, 522.99);
insert into STATION values (2441, '-', 992, 269518.57, 4169293.57, 522.40);
insert into STATION values (2442, '-', 992, 269519.53, 4169291.95, 520.36);
insert into STATION values (2443, '-', 992, 269521.77, 4169292.01, 517.50);
insert into STATION values (2444, '-', 992, 269516.08, 4169294.70, 517.04);
insert into STATION values (2445, '-', 992, 269513.68, 4169295.21, 516.47);
insert into STATION values (2446, '-', 992, 269512.04, 4169294.09, 516.75);
insert into STATION values (2447, '-', 992, 269509.44, 4169294.65, 520.21);
insert into STATION values (2448, '-', 992, 269509.86, 4169294.30, 522.33);
insert into STATION values (2449, '22.8.9b', 992, 269507.14, 4169297.03, 529.80);
insert into STATION values (2450, '-', 992, 269511.71, 4169294.77, 531.69);
insert into STATION values (2451, '-', 992, 269511.80, 4169291.33, 515.62);
insert into STATION values (2452, '-', 992, 269513.54, 4169288.14, 514.78);
insert into STATION values (2453, '-', 992, 269516.41, 4169287.67, 514.95);
insert into STATION values (2454, '-', 992, 269519.69, 4169293.73, 516.34);
insert into STATION values (2455, '-', 992, 269523.00, 4169292.93, 515.91);
insert into STATION values (2456, '-', 992, 269527.06, 4169294.09, 515.80);
insert into STATION values (2457, '-', 992, 269520.23, 4169287.00, 514.86);
insert into STATION values (2458, '-', 992, 269521.84, 4169286.98, 515.43);
insert into STATION values (2459, '-', 992, 269524.71, 4169286.19, 515.63);
insert into STATION values (2460, '-', 992, 269529.34, 4169286.75, 515.65);
insert into STATION values (2461, '-', 992, 269536.26, 4169288.59, 516.48);
insert into STATION values (2462, '-', 992, 269521.28, 4169288.66, 517.26);
insert into STATION values (2463, '-', 992, 269524.69, 4169287.97, 517.72);
insert into STATION values (2464, '-', 992, 269538.84, 4169287.65, 514.97);
insert into STATION values (2465, '-', 992, 269542.26, 4169289.93, 515.04);
insert into STATION values (2466, '-', 992, 269544.51, 4169290.57, 515.21);
insert into STATION values (2467, '-', 992, 269534.50, 4169286.07, 515.94);
insert into STATION values (2468, '-', 992, 269537.17, 4169290.70, 516.42);
insert into STATION values (2469, '-', 992, 269530.08, 4169296.02, 514.98);
insert into STATION values (2470, '-', 992, 269536.20, 4169300.10, 514.75);
insert into STATION values (2471, '-', 992, 269538.28, 4169301.46, 515.18);
insert into STATION values (2472, '-', 992, 269555.57, 4169295.18, 516.32);
insert into STATION values (2473, '-', 992, 269557.49, 4169295.90, 516.26);
insert into STATION values (2474, '-', 992, 269563.46, 4169293.62, 516.56);
insert into STATION values (2475, '-', 992, 269564.22, 4169297.07, 516.86);
insert into STATION values (2476, '-', 992, 269563.51, 4169300.73, 517.00);
insert into STATION values (2477, '-', 992, 269564.93, 4169303.83, 517.88);
insert into STATION values (2478, '-', 992, 269555.93, 4169299.86, 518.56);
insert into STATION values (2479, '-', 992, 269544.56, 4169303.24, 515.56);
insert into STATION values (2480, '-', 992, 269546.78, 4169310.43, 515.62);
insert into STATION values (2481, '-', 992, 269551.52, 4169312.60, 515.96);
insert into STATION values (2482, '-', 992, 269553.38, 4169318.20, 516.72);
insert into STATION values (2483, '-', 992, 269567.38, 4169307.18, 518.96);
insert into STATION values (2484, '-', 992, 269567.34, 4169307.20, 519.01);
insert into STATION values (2485, '22.8.12b', 992, 269570.42, 4169308.95, 519.49);
insert into STATION values (2486, '-', 992, 269557.60, 4169320.84, 517.57);
insert into STATION values (2487, '-', 992, 269555.11, 4169314.90, 516.06);
insert into STATION values (2488, '-', 992, 269555.09, 4169326.27, 519.06);
insert into STATION values (2489, '-', 992, 269555.66, 4169330.36, 518.90);
insert into STATION values (2490, '-', 992, 269573.14, 4169333.94, 519.23);
insert into STATION values (2491, '-', 992, 269573.51, 4169318.79, 518.11);
insert into STATION values (2492, '-', 992, 269571.20, 4169314.71, 517.34);
insert into STATION values (2493, '-', 992, 269568.83, 4169310.88, 517.06);
insert into STATION values (2494, '-', 992, 269567.61, 4169304.88, 518.00);
insert into STATION values (2495, '-', 992, 269562.13, 4169321.02, 519.91);
insert into STATION values (2496, '-', 992, 269558.19, 4169338.20, 518.69);
insert into STATION values (2497, '-', 992, 269554.34, 4169336.84, 518.35);
insert into STATION values (2498, '-', 992, 269555.63, 4169323.15, 518.91);
insert into STATION values (2499, '-', 992, 269557.04, 4169325.57, 518.59);
insert into STATION values (2500, '-', 992, 269551.60, 4169322.98, 523.00);
insert into STATION values (2501, '-', 992, 269551.87, 4169322.49, 523.29);
insert into STATION values (2502, '-', 992, 269556.32, 4169331.20, 518.11);
insert into STATION values (2503, '-', 992, 269558.26, 4169338.20, 518.07);
insert into STATION values (2504, '-', 992, 269562.82, 4169342.34, 518.16);
insert into STATION values (2505, '-', 992, 269566.71, 4169340.66, 518.12);
insert into STATION values (2506, '-', 992, 269573.13, 4169341.14, 518.14);
insert into STATION values (2507, '-', 992, 269575.93, 4169342.83, 518.47);
insert into STATION values (2508, '-', 992, 269582.52, 4169343.49, 518.51);
insert into STATION values (2509, '-', 992, 269571.39, 4169328.60, 519.63);
insert into STATION values (2510, '-', 992, 269574.50, 4169317.27, 517.22);
insert into STATION values (2511, '-', 992, 269576.23, 4169321.99, 517.66);
insert into STATION values (2512, '-', 992, 269579.14, 4169323.61, 517.86);
insert into STATION values (2513, '-', 992, 269581.34, 4169324.67, 517.67);
insert into STATION values (2514, '-', 992, 269583.75, 4169329.73, 517.96);
insert into STATION values (2515, '-', 992, 269583.22, 4169329.30, 518.50);
insert into STATION values (2516, '-', 992, 269586.16, 4169330.92, 518.58);
insert into STATION values (2517, '-', 992, 269589.66, 4169332.05, 519.19);
insert into STATION values (2518, '-', 992, 269580.28, 4169333.41, 519.75);
insert into STATION values (2519, '-', 992, 269576.69, 4169340.06, 518.46);
insert into STATION values (2520, '-', 992, 269582.39, 4169343.48, 518.62);
insert into STATION values (2521, '-', 992, 269591.30, 4169343.89, 519.42);
insert into STATION values (2522, '-', 992, 269605.49, 4169331.92, 519.59);
insert into STATION values (2523, '-', 992, 269608.64, 4169332.24, 519.90);
insert into STATION values (2524, '-', 992, 269612.69, 4169333.99, 520.55);
insert into STATION values (2525, '-', 992, 269619.53, 4169331.89, 520.65);
insert into STATION values (2526, '-', 992, 269627.29, 4169333.92, 521.64);
insert into STATION values (2527, '-', 992, 269619.96, 4169342.97, 522.06);
insert into STATION values (2528, '-', 992, 269616.67, 4169348.81, 522.39);
insert into STATION values (2529, '-', 992, 269609.03, 4169342.55, 522.91);
insert into STATION values (2530, '-', 992, 269599.77, 4169341.47, 520.93);
insert into STATION values (2531, '-', 992, 269600.61, 4169344.27, 521.54);
insert into STATION values (2532, '-', 992, 269605.33, 4169346.81, 521.84);
insert into STATION values (2533, '-', 992, 269607.70, 4169348.54, 521.94);
insert into STATION values (2534, '-', 992, 269607.78, 4169364.13, 522.07);
insert into STATION values (2535, '-', 992, 269602.44, 4169359.92, 521.29);
insert into STATION values (2536, '-', 992, 269604.58, 4169356.25, 521.38);
insert into STATION values (2537, '-', 992, 269603.96, 4169350.00, 521.25);
insert into STATION values (2538, '-', 992, 269606.97, 4169348.86, 521.38);
insert into STATION values (2539, '-', 992, 269617.24, 4169351.82, 522.16);
insert into STATION values (2540, '-', 992, 269617.06, 4169356.46, 521.63);
insert into STATION values (2541, '-', 992, 269615.82, 4169360.28, 522.04);
insert into STATION values (2542, '-', 992, 269616.68, 4169363.61, 522.07);
insert into STATION values (2543, '-', 992, 269619.30, 4169364.77, 522.90);
insert into STATION values (2544, '-', 992, 269612.81, 4169361.53, 523.94);
insert into STATION values (2545, '-', 992, 269613.64, 4169376.79, 522.83);
insert into STATION values (2546, '-', 992, 269615.81, 4169375.43, 523.12);
insert into STATION values (2547, '-', 992, 269619.25, 4169373.27, 523.03);
insert into STATION values (2548, '-', 992, 269618.53, 4169369.65, 523.08);
insert into STATION values (2549, '-', 992, 269618.76, 4169366.82, 522.76);
insert into STATION values (2550, '-', 992, 269607.01, 4169369.58, 522.88);
insert into STATION values (2551, '-', 992, 269605.01, 4169371.82, 522.73);
insert into STATION values (2552, '-', 992, 269604.74, 4169375.36, 522.54);
insert into STATION values (2553, '-', 992, 269602.79, 4169377.82, 521.97);
insert into STATION values (2554, '-', 992, 269609.09, 4169373.92, 524.10);
insert into STATION values (2555, '-', 992, 269609.38, 4169365.59, 523.18);
insert into STATION values (2556, '-', 992, 269608.87, 4169367.80, 523.09);
insert into STATION values (2557, '-', 992, 269601.71, 4169381.39, 522.31);
insert into STATION values (2558, '-', 992, 269600.53, 4169380.38, 522.14);
insert into STATION values (2559, '-', 992, 269603.08, 4169380.43, 522.84);
insert into STATION values (2560, '-', 992, 269602.17, 4169382.32, 523.51);
insert into STATION values (2561, '-', 992, 269612.61, 4169377.72, 522.87);
insert into STATION values (2562, '-', 992, 269609.26, 4169382.32, 522.43);
insert into STATION values (2563, '-', 992, 269609.35, 4169384.13, 522.47);
insert into STATION values (2564, '-', 992, 269610.11, 4169389.38, 521.79);
insert into STATION values (2565, '-', 992, 269608.53, 4169385.42, 522.46);
insert into STATION values (2566, '-', 992, 269617.49, 4169386.57, 521.97);
insert into STATION values (2567, '-', 992, 269597.78, 4169389.34, 521.08);
insert into STATION values (2568, '-', 992, 269600.87, 4169390.03, 521.19);
insert into STATION values (2569, '-', 992, 269595.13, 4169382.75, 521.68);
insert into STATION values (2570, '-', 992, 269597.40, 4169382.40, 521.72);
insert into STATION values (2571, '-', 992, 269589.07, 4169380.94, 520.96);
insert into STATION values (2572, '-', 992, 269583.67, 4169381.82, 520.81);
insert into STATION values (2573, '-', 992, 269596.39, 4169388.45, 521.91);
insert into STATION values (2574, '-', 992, 269590.85, 4169391.29, 520.61);
insert into STATION values (2575, '-', 992, 269594.87, 4169391.30, 520.60);
insert into STATION values (2576, '-', 992, 269601.25, 4169389.95, 520.86);
insert into STATION values (2577, '-', 992, 269591.21, 4169379.75, 520.89);
insert into STATION values (2578, '-', 992, 269583.17, 4169379.90, 520.28);
insert into STATION values (2579, '-', 992, 269576.78, 4169379.74, 519.85);
insert into STATION values (2580, '-', 992, 269570.47, 4169382.66, 519.77);
insert into STATION values (2581, '-', 992, 269570.98, 4169391.40, 520.09);
insert into STATION values (2582, '-', 992, 269573.53, 4169394.28, 519.85);
insert into STATION values (2583, '-', 992, 269578.61, 4169399.27, 519.45);
insert into STATION values (2584, '-', 992, 269584.37, 4169399.67, 519.54);
insert into STATION values (2585, '-', 992, 269580.24, 4169390.27, 521.98);
insert into STATION values (2586, '-', 992, 269586.05, 4169392.10, 520.66);
insert into STATION values (2587, '-', 992, 269588.53, 4169390.86, 520.65);
insert into STATION values (2588, '-', 992, 269591.41, 4169401.99, 519.70);
insert into STATION values (2589, '-', 992, 269596.52, 4169404.10, 520.12);
insert into STATION values (2590, '-', 992, 269585.34, 4169399.50, 520.12);
insert into STATION values (2591, '-', 992, 269588.71, 4169392.94, 520.33);
insert into STATION values (2592, '-', 992, 269592.31, 4169392.53, 520.46);
insert into STATION values (2593, '-', 992, 269596.72, 4169393.94, 520.14);
insert into STATION values (2594, '-', 992, 269597.62, 4169396.44, 520.17);
insert into STATION values (2595, '-', 992, 269593.48, 4169399.61, 521.84);
insert into STATION values (2596, '-', 992, 269602.23, 4169397.68, 520.15);
insert into STATION values (2597, '-', 992, 269594.20, 4169406.93, 520.13);
insert into STATION values (2598, '-', 992, 269590.52, 4169405.35, 520.19);
insert into STATION values (2599, '-', 992, 269590.07, 4169402.76, 519.56);
insert into STATION values (2600, '-', 992, 269595.74, 4169404.14, 520.15);
insert into STATION values (2601, '-', 992, 269596.19, 4169406.20, 520.42);
insert into STATION values (2602, '-', 992, 269597.84, 4169405.40, 521.24);
insert into STATION values (2603, '-', 992, 269597.69, 4169404.20, 521.22);
insert into STATION values (2604, '-', 992, 269594.54, 4169404.77, 521.39);
insert into STATION values (2605, '-', 992, 269595.60, 4169405.80, 523.88);
insert into STATION values (2606, '-', 992, 269598.74, 4169405.45, 522.12);
insert into STATION values (2607, '-', 992, 269598.06, 4169405.33, 522.43);
insert into STATION values (2608, '-', 992, 269598.91, 4169404.29, 521.86);
insert into STATION values (2609, '-', 992, 269599.20, 4169404.67, 523.21);
insert into STATION values (2610, '-', 992, 269600.81, 4169405.34, 522.74);
insert into STATION values (2611, '-', 992, 269600.88, 4169404.40, 522.18);
insert into STATION values (2612, '-', 992, 269606.69, 4169404.01, 521.32);
insert into STATION values (2613, '-', 992, 269606.34, 4169404.16, 523.13);
insert into STATION values (2614, '-', 992, 269606.71, 4169405.32, 521.32);
insert into STATION values (2615, '-', 992, 269608.26, 4169403.58, 521.93);
insert into STATION values (2616, '-', 992, 269609.26, 4169404.25, 521.14);
insert into STATION values (2617, '-', 992, 269609.25, 4169402.66, 520.30);
insert into STATION values (2618, '-', 992, 269607.27, 4169403.93, 520.67);
insert into STATION values (2619, '-', 992, 269608.08, 4169403.57, 521.07);
insert into STATION values (2620, '-', 992, 269611.09, 4169401.16, 521.29);
insert into STATION values (2621, '-', 992, 269612.08, 4169402.23, 521.14);
insert into STATION values (2622, '-', 992, 269611.62, 4169402.57, 522.47);
insert into STATION values (2623, '-', 992, 269613.25, 4169400.20, 521.08);
insert into STATION values (2624, '-', 992, 269613.47, 4169397.85, 521.11);
insert into STATION values (2625, '-', 992, 269612.03, 4169399.07, 520.77);
insert into STATION values (2626, '-', 992, 269608.92, 4169400.16, 520.34);
insert into STATION values (2627, '-', 992, 269609.51, 4169402.77, 521.18);
insert into STATION values (2628, '-', 992, 269608.68, 4169404.83, 521.25);
insert into STATION values (2629, '-', 992, 269608.65, 4169395.88, 520.52);
insert into STATION values (2630, '-', 992, 269608.12, 4169397.97, 521.40);
insert into STATION values (2631, '-', 992, 269608.01, 4169397.85, 521.13);
insert into STATION values (2632, '-', 992, 269608.33, 4169399.75, 520.15);
insert into STATION values (2633, '-', 992, 269606.77, 4169399.48, 520.17);
insert into STATION values (2634, '-', 992, 269604.27, 4169396.22, 520.68);
insert into STATION values (2635, '-', 992, 269602.78, 4169397.06, 520.51);
insert into STATION values (2636, '-', 992, 269603.38, 4169401.60, 520.36);
insert into STATION values (2637, '-', 992, 269601.52, 4169401.65, 520.27);
insert into STATION values (2638, '-', 992, 269600.25, 4169401.35, 520.28);
insert into STATION values (2639, '-', 992, 269598.17, 4169401.31, 520.38);
insert into STATION values (2640, '-', 992, 269593.99, 4169396.54, 520.35);
insert into STATION values (2641, '-', 992, 269597.91, 4169396.12, 520.46);
insert into STATION values (2642, '-', 992, 269600.50, 4169397.45, 520.32);
insert into STATION values (2643, '-', 992, 269603.17, 4169396.06, 520.46);
insert into STATION values (2644, '-', 992, 269606.09, 4169400.40, 520.29);
insert into STATION values (2645, '-', 992, 269607.19, 4169399.08, 520.32);
insert into STATION values (2646, '-', 992, 269603.33, 4169400.57, 520.97);
insert into STATION values (2647, '-', 992, 269568.19, 4169391.71, 520.11);
insert into STATION values (2648, '-', 992, 269565.00, 4169391.60, 520.18);
insert into STATION values (2649, '-', 992, 269557.71, 4169394.96, 519.25);
insert into STATION values (2650, '-', 992, 269561.44, 4169385.08, 519.66);
insert into STATION values (2651, '-', 992, 269565.62, 4169384.81, 519.90);
insert into STATION values (2652, '-', 992, 269568.96, 4169384.09, 519.49);
insert into STATION values (2653, '-', 992, 269571.49, 4169382.60, 519.46);
insert into STATION values (2654, '-', 992, 269576.59, 4169378.52, 518.92);
insert into STATION values (2655, '-', 992, 269565.67, 4169389.58, 533.11);
insert into STATION values (2656, '-', 992, 269570.24, 4169389.16, 533.89);
insert into STATION values (2657, '-', 992, 269564.41, 4169387.23, 521.94);
insert into STATION values (2658, '-', 992, 269568.74, 4169386.63, 522.04);
insert into STATION values (2659, '-', 992, 269570.77, 4169387.40, 522.49);
insert into STATION values (2660, '-', 992, 269569.37, 4169390.29, 522.62);
insert into STATION values (2661, '-', 992, 269565.32, 4169390.47, 522.82);
insert into STATION values (2662, '-', 992, 269558.34, 4169384.21, 520.53);
insert into STATION values (2663, '-', 992, 269562.84, 4169386.99, 520.79);
insert into STATION values (2664, '-', 992, 269563.92, 4169395.34, 520.51);
insert into STATION values (2665, '-', 992, 269554.69, 4169395.79, 519.65);
insert into STATION values (2666, '-', 992, 269551.07, 4169395.49, 519.97);
insert into STATION values (2667, '-', 992, 269552.55, 4169389.73, 521.86);
insert into STATION values (2668, '-', 992, 269547.34, 4169396.41, 519.80);
insert into STATION values (2669, '-', 992, 269555.11, 4169391.22, 520.85);
insert into STATION values (2670, '-', 992, 269545.44, 4169395.17, 523.05);
insert into STATION values (2671, '-', 992, 269557.18, 4169381.10, 519.92);
insert into STATION values (2672, '-', 992, 269552.85, 4169381.43, 519.57);
insert into STATION values (2673, '-', 992, 269546.89, 4169383.31, 520.00);
insert into STATION values (2674, '-', 992, 269543.17, 4169380.44, 520.38);
insert into STATION values (2675, '-', 992, 269530.72, 4169387.22, 520.32);
insert into STATION values (2676, '-', 992, 269532.46, 4169394.77, 520.59);
insert into STATION values (2677, '-', 992, 269531.48, 4169398.57, 519.58);
insert into STATION values (2678, '-', 992, 269544.78, 4169411.98, 520.33);
insert into STATION values (2679, '-', 992, 269545.32, 4169399.28, 520.67);
insert into STATION values (2680, '-', 992, 269539.29, 4169397.93, 522.72);
insert into STATION values (2681, '-', 992, 269544.04, 4169379.79, 519.28);
insert into STATION values (2682, '-', 992, 269552.67, 4169385.54, 520.05);
insert into STATION values (2683, '-', 992, 269542.87, 4169376.15, 518.65);
insert into STATION values (2684, '-', 992, 269537.19, 4169373.60, 518.43);
insert into STATION values (2685, '-', 992, 269536.11, 4169372.70, 518.35);
insert into STATION values (2686, '-', 992, 269528.42, 4169369.40, 519.00);
insert into STATION values (2687, '-', 992, 269524.17, 4169368.87, 519.93);
insert into STATION values (2688, '-', 992, 269524.56, 4169375.53, 519.49);
insert into STATION values (2689, '-', 992, 269521.01, 4169379.92, 519.37);
insert into STATION values (2690, '-', 992, 269527.35, 4169383.24, 519.38);
insert into STATION values (2691, '-', 992, 269532.76, 4169391.64, 519.66);
insert into STATION values (2692, '-', 992, 269530.84, 4169389.43, 519.49);
insert into STATION values (2693, '-', 992, 269531.86, 4169382.62, 531.73);
insert into STATION values (2694, '-', 992, 269519.71, 4169384.23, 533.21);
insert into STATION values (2695, '-', 992, 269528.36, 4169383.70, 525.02);
insert into STATION values (2696, '-', 992, 269529.25, 4169384.09, 522.98);
insert into STATION values (2697, '-', 992, 269531.73, 4169383.46, 524.80);
insert into STATION values (2698, '-', 992, 269532.37, 4169382.97, 527.39);
insert into STATION values (2699, '-', 992, 269531.50, 4169379.89, 524.79);
insert into STATION values (2700, '-', 992, 269529.33, 4169379.86, 522.72);
insert into STATION values (2701, '-', 992, 269539.96, 4169367.53, 517.80);
insert into STATION values (2702, '-', 992, 269536.15, 4169362.50, 517.68);
insert into STATION values (2703, '-', 992, 269538.48, 4169360.81, 517.69);
insert into STATION values (2704, '-', 992, 269542.01, 4169345.99, 517.95);
insert into STATION values (2705, '-', 992, 269535.25, 4169351.67, 517.73);
insert into STATION values (2706, '-', 992, 269525.23, 4169353.02, 519.55);
insert into STATION values (2707, '-', 992, 269521.67, 4169367.42, 521.27);
insert into STATION values (2708, '-', 992, 269523.59, 4169375.64, 521.81);
insert into STATION values (2709, '-', 992, 269531.63, 4169362.09, 520.64);
insert into STATION values (2710, '-', 992, 269531.27, 4169352.90, 521.65);
insert into STATION values (2711, '-', 992, 269531.94, 4169349.38, 523.35);
insert into STATION values (2712, '-', 992, 269532.66, 4169347.79, 524.52);
insert into STATION values (2713, '-', 992, 269534.08, 4169346.72, 526.46);
insert into STATION values (2714, '-', 992, 269535.58, 4169344.97, 528.54);
insert into STATION values (2715, '-', 992, 269535.14, 4169340.50, 529.25);
insert into STATION values (2716, '-', 992, 269537.65, 4169334.82, 530.62);
insert into STATION values (2717, '-', 992, 269534.31, 4169335.74, 528.55);
insert into STATION values (2718, '-', 992, 269534.12, 4169342.38, 531.80);
insert into STATION values (2719, '-', 992, 269530.11, 4169342.49, 530.66);
insert into STATION values (2720, '-', 992, 269529.64, 4169346.98, 526.67);
insert into STATION values (2721, '-', 992, 269529.15, 4169349.42, 525.91);
insert into STATION values (2722, '-', 992, 269527.54, 4169344.47, 527.01);
insert into STATION values (2723, '-', 992, 269527.24, 4169342.00, 527.91);
insert into STATION values (2724, '-', 992, 269528.02, 4169338.21, 527.62);
insert into STATION values (2725, '-', 992, 269532.04, 4169328.74, 525.54);
insert into STATION values (2726, '-', 992, 269532.01, 4169328.61, 525.55);
insert into STATION values (2727, '-', 992, 269532.02, 4169328.60, 525.57);
insert into STATION values (2728, '-', 992, 269531.40, 4169340.29, 528.15);
insert into STATION values (2729, '-', 992, 269534.34, 4169338.39, 527.49);
insert into STATION values (2730, '-', 992, 269534.66, 4169338.26, 531.81);
insert into STATION values (2731, '-', 992, 269534.64, 4169340.67, 526.96);
insert into STATION values (2732, '-', 992, 269533.56, 4169342.62, 527.13);
insert into STATION values (2733, '-', 992, 269535.57, 4169343.92, 527.31);
insert into STATION values (2734, '-', 992, 269528.54, 4169342.68, 528.10);
insert into STATION values (2735, '-', 992, 269532.60, 4169335.36, 525.04);
insert into STATION values (2736, '-', 992, 269530.34, 4169334.90, 525.63);
insert into STATION values (2737, '-', 992, 269531.10, 4169335.27, 526.04);
insert into STATION values (2738, '-', 992, 269529.22, 4169331.81, 527.31);
insert into STATION values (2739, '-', 992, 269533.42, 4169332.68, 530.56);
insert into STATION values (2740, '-', 992, 269533.60, 4169331.81, 527.08);
insert into STATION values (2741, '-', 992, 269532.93, 4169335.12, 527.56);
insert into STATION values (2742, '-', 992, 269532.11, 4169337.10, 528.89);
insert into STATION values (2743, '-', 992, 269530.60, 4169335.34, 528.30);
insert into STATION values (2744, '-', 992, 269529.62, 4169334.11, 527.56);
insert into STATION values (2745, '-', 992, 269526.54, 4169324.11, 529.91);
insert into STATION values (2746, '-', 992, 269527.17, 4169322.75, 532.95);
insert into STATION values (2747, '-', 992, 269528.09, 4169321.42, 529.57);
insert into STATION values (2748, '-', 992, 269524.20, 4169322.97, 529.51);
insert into STATION values (2749, '-', 992, 269521.53, 4169321.10, 530.56);
insert into STATION values (2750, '-', 992, 269523.62, 4169320.36, 532.18);
insert into STATION values (2751, '-', 992, 269524.48, 4169318.20, 530.05);
insert into STATION values (2752, '-', 992, 269526.13, 4169320.37, 529.71);
insert into STATION values (2753, '-', 992, 269519.84, 4169316.24, 527.38);
insert into STATION values (2754, '-', 992, 269520.00, 4169318.76, 527.94);
insert into STATION values (2755, '-', 992, 269518.46, 4169318.89, 527.66);
insert into STATION values (2756, '-', 992, 269518.17, 4169317.29, 529.18);
insert into STATION values (2757, '-', 992, 269518.36, 4169315.87, 526.37);
insert into STATION values (2758, '-', 992, 269516.44, 4169315.46, 526.67);
insert into STATION values (2759, '-', 992, 269516.44, 4169317.99, 526.50);
insert into STATION values (2760, '-', 992, 269511.65, 4169315.89, 527.05);
insert into STATION values (2761, '-', 992, 269513.01, 4169315.56, 529.70);
insert into STATION values (2762, '-', 992, 269513.23, 4169311.19, 527.67);
insert into STATION values (2763, '-', 992, 269511.08, 4169313.35, 527.23);
insert into STATION values (2764, '-', 992, 269507.54, 4169315.11, 527.23);
insert into STATION values (2765, '-', 992, 269509.34, 4169316.10, 527.48);
insert into STATION values (2766, '-', 992, 269503.76, 4169316.52, 527.24);
insert into STATION values (2767, '-', 992, 269500.60, 4169315.86, 527.97);
insert into STATION values (2768, '-', 992, 269500.30, 4169315.30, 527.25);
insert into STATION values (2769, '-', 992, 269501.63, 4169316.49, 526.27);
insert into STATION values (2770, '-', 992, 269500.56, 4169315.24, 526.36);
insert into STATION values (2771, '-', 992, 269496.68, 4169313.98, 526.69);
insert into STATION values (2772, '-', 992, 269495.95, 4169314.79, 526.64);
insert into STATION values (2773, '-', 992, 269500.15, 4169317.01, 526.24);
insert into STATION values (2774, '-', 992, 269498.91, 4169316.91, 526.31);
insert into STATION values (2775, '-', 992, 269497.36, 4169317.38, 526.39);
insert into STATION values (2776, '-', 992, 269494.41, 4169314.53, 526.82);
insert into STATION values (2777, '-', 992, 269495.68, 4169314.48, 526.99);
insert into STATION values (2778, '-', 992, 269495.60, 4169315.08, 527.05);
insert into STATION values (2779, '-', 992, 269492.84, 4169316.48, 526.89);
insert into STATION values (2780, '-', 992, 269492.40, 4169319.64, 527.34);
insert into STATION values (2781, '-', 992, 269493.24, 4169321.39, 527.94);
insert into STATION values (2782, '-', 992, 269496.54, 4169316.96, 527.22);
insert into STATION values (2783, '-', 992, 269498.26, 4169316.95, 527.22);
insert into STATION values (2784, '-', 992, 269496.55, 4169316.81, 529.09);
insert into STATION values (2785, '-', 992, 269494.17, 4169314.71, 526.10);
insert into STATION values (2786, '-', 992, 269487.85, 4169311.85, 523.74);
insert into STATION values (2787, '-', 992, 269490.15, 4169310.99, 523.48);
insert into STATION values (2788, '-', 992, 269492.72, 4169309.87, 522.98);
insert into STATION values (2789, '-', 992, 269492.69, 4169313.61, 524.27);
insert into STATION values (2790, '-', 992, 269492.13, 4169316.07, 526.58);
insert into STATION values (2791, '-', 992, 269489.00, 4169316.22, 526.06);
insert into STATION values (2792, '-', 992, 269487.54, 4169315.95, 526.22);
insert into STATION values (2793, '-', 992, 269484.93, 4169313.81, 526.67);
insert into STATION values (2794, '-', 992, 269482.55, 4169314.86, 528.36);
insert into STATION values (2795, '-', 992, 269489.20, 4169314.44, 522.55);
insert into STATION values (2796, '-', 992, 269488.20, 4169314.54, 528.25);
insert into STATION values (2797, '-', 992, 269491.31, 4169311.04, 522.39);
insert into STATION values (2798, '-', 992, 269493.74, 4169310.98, 522.92);
insert into STATION values (2799, '-', 992, 269493.17, 4169312.67, 523.28);
insert into STATION values (2800, '-', 992, 269487.97, 4169311.35, 522.32);
insert into STATION values (2801, '-', 992, 269485.28, 4169314.06, 522.91);
insert into STATION values (2802, '-', 992, 269489.04, 4169311.36, 527.48);
insert into STATION values (2803, '-', 992, 269489.96, 4169309.59, 516.17);
insert into STATION values (2804, '-', 992, 269535.46, 4169330.48, 527.28);
insert into STATION values (2805, '-', 992, 269535.32, 4169326.83, 527.56);
insert into STATION values (2806, '-', 992, 269537.71, 4169327.06, 527.90);
insert into STATION values (2807, '-', 992, 269539.68, 4169327.30, 527.92);
insert into STATION values (2808, '-', 992, 269536.70, 4169329.62, 527.63);
insert into STATION values (2809, '-', 992, 269539.50, 4169329.63, 527.95);
insert into STATION values (2810, '-', 992, 269541.79, 4169329.35, 527.90);
insert into STATION values (2811, '-', 992, 269534.91, 4169328.95, 530.14);
insert into STATION values (2812, '-', 992, 269548.47, 4169326.93, 534.43);
insert into STATION values (2813, '-', 992, 269559.08, 4169328.37, 528.09);
insert into STATION values (2814, '-', 992, 269547.20, 4169326.87, 527.60);
insert into STATION values (2815, '-', 992, 269544.53, 4169326.77, 527.32);
insert into STATION values (2816, '-', 992, 269547.10, 4169329.40, 526.65);
insert into STATION values (2817, '-', 992, 269544.96, 4169329.20, 526.90);
insert into STATION values (2818, '-', 992, 269547.18, 4169326.03, 535.96);
insert into STATION values (2819, '-', 992, 269573.56, 4169332.19, 517.00);
insert into STATION values (2820, '-', 992, 269546.68, 4169349.89, 520.47);
insert into STATION values (2821, '-', 992, 269543.99, 4169353.30, 519.61);
insert into STATION values (2822, '-', 992, 269536.99, 4169354.62, 518.83);
insert into STATION values (2823, '-', 992, 269554.88, 4169354.23, 520.10);
insert into STATION values (2824, '-', 992, 269548.24, 4169358.09, 519.76);
insert into STATION values (2825, '-', 992, 269544.76, 4169361.59, 519.76);
insert into STATION values (2826, '-', 992, 269541.12, 4169363.88, 519.12);
insert into STATION values (2827, '-', 992, 269546.28, 4169356.20, 521.63);
insert into STATION values (2828, '-', 992, 269546.42, 4169355.54, 518.41);
insert into STATION values (2829, '-', 992, 269577.16, 4169341.36, 519.28);
insert into STATION values (2830, '-', 992, 269575.24, 4169348.03, 518.80);
insert into STATION values (2831, '-', 992, 269569.04, 4169349.72, 518.57);
insert into STATION values (2832, '-', 992, 269564.46, 4169350.76, 518.60);
insert into STATION values (2833, '-', 992, 269562.65, 4169341.57, 518.55);
insert into STATION values (2834, '-', 992, 269557.43, 4169342.92, 518.17);
insert into STATION values (2835, '-', 992, 269552.47, 4169349.18, 517.97);
insert into STATION values (2836, '-', 992, 269564.04, 4169344.44, 520.30);
insert into STATION values (2837, '-', 992, 269564.87, 4169345.01, 517.25);
insert into STATION values (2838, '-', 992, 269446.47, 4169286.44, 508.91);
insert into STATION values (2839, '-', 992, 269441.64, 4169294.43, 508.42);
insert into STATION values (2840, '-', 992, 269433.79, 4169295.35, 507.78);
insert into STATION values (2841, '-', 992, 269428.03, 4169296.45, 507.83);
insert into STATION values (2842, '-', 992, 269424.88, 4169295.29, 508.29);
insert into STATION values (2843, '-', 992, 269423.23, 4169274.53, 505.95);
insert into STATION values (2844, '-', 992, 269416.56, 4169279.55, 505.30);
insert into STATION values (2845, '-', 992, 269411.96, 4169286.58, 504.94);
insert into STATION values (2846, '-', 992, 269428.40, 4169288.03, 507.94);
insert into STATION values (2847, '-', 992, 269427.04, 4169288.15, 505.25);
insert into STATION values (2848, '-', 992, 269410.00, 4169303.34, 508.49);
insert into STATION values (2849, '-', 992, 269404.47, 4169299.37, 506.94);
insert into STATION values (2850, '-', 992, 269402.32, 4169295.37, 506.43);
insert into STATION values (2851, '-', 992, 269403.29, 4169289.99, 505.95);
insert into STATION values (2852, '-', 992, 269408.54, 4169288.29, 505.69);
insert into STATION values (2853, '-', 992, 269409.08, 4169286.31, 506.98);
insert into STATION values (2854, '-', 992, 269418.55, 4169302.26, 508.68);
insert into STATION values (2855, '-', 992, 269410.13, 4169299.55, 508.98);
insert into STATION values (2856, '-', 992, 269408.82, 4169297.22, 505.62);
insert into STATION values (2857, '-', 992, 269400.58, 4169297.27, 506.40);
insert into STATION values (2858, '-', 992, 269398.09, 4169291.97, 505.79);
insert into STATION values (2859, '-', 992, 269401.37, 4169287.62, 505.41);
insert into STATION values (2860, '-', 992, 269404.71, 4169289.11, 505.49);
insert into STATION values (2861, '-', 992, 269401.54, 4169296.15, 506.30);
insert into STATION values (2862, '-', 992, 269400.23, 4169295.34, 506.80);
insert into STATION values (2863, '-', 992, 269398.74, 4169294.79, 505.31);
insert into STATION values (2864, '-', 992, 269381.00, 4169288.30, 503.71);
insert into STATION values (2865, '-', 992, 269382.51, 4169279.08, 503.35);
insert into STATION values (2866, '-', 992, 269374.47, 4169292.65, 503.94);
insert into STATION values (2867, '-', 992, 269377.67, 4169302.53, 505.25);
insert into STATION values (2868, '-', 992, 269381.93, 4169303.98, 506.55);
insert into STATION values (2869, '-', 992, 269391.09, 4169290.10, 505.79);
insert into STATION values (2870, '-', 992, 269385.87, 4169293.98, 505.71);
insert into STATION values (2871, '-', 992, 269384.77, 4169292.28, 502.30);
