create table SURVEY (ID integer, PARENT_ID integer, NAME varchar(19), FULL_NAME varchar(56), TITLE varchar(31));
create table CENTRELINE (ID integer, SURVEY_ID integer, TITLE varchar(4), TOPO_DATE date, EXPLO_DATE date, LENGTH real, SURFACE_LENGTH real, DUPLICATE_LENGTH real);
create table PERSON (ID integer, NAME varchar(15), SURNAME varchar(12));
create table EXPLO (PERSON_ID integer, CENTRELINE_ID integer);
create table TOPO (PERSON_ID integer, CENTRELINE_ID integer);
create table STATION (ID integer, NAME varchar(29), SURVEY_ID integer, X real, Y real, Z real);
create table STATION_FLAG (STATION_ID integer, FLAG char(3));
create table SHOT (ID integer, FROM_ID integer, TO_ID integer, CENTRELINE_ID integer, LENGTH real, BEARING real, GRADIENT real, ADJ_LENGTH real, ADJ_BEARING real, ADJ_GRADIENT real, ERR_LENGTH real, ERR_BEARING real, ERR_GRADIENT real);
create table SHOT_FLAG (SHOT_ID integer, FLAG char(3));
create table MAPS (ID integer, SURVEY_ID integer, NAME varchar(19), TITLE varchar(31), PROJID integer, LENGTH real, DEPTH real);
create table SCRAPS (ID integer, SURVEY_ID integer, NAME varchar(19), PROJID integer, MAX_DISTORTION real, AVG_DISTORTION real);
create table MAPITEMS (ID integer, TYPE integer, ITEMID integer);
insert into SURVEY values (1, 0, '', '', NULL);
 insert into CENTRELINE values (2, 1, NULL, NULL, NULL, 0.00, 0.00, 0.00);
 insert into SURVEY values (50, 1, 'Gap-Gotan', 'Gap-Gotan', 'Gap-Gotan');
 insert into CENTRELINE values (51, 50, NULL, NULL, NULL, 0.00, 0.00, 0.00);
 insert into SURVEY values (52, 50, 'Gap-Gotan', 'Gap-Gotan.Gap-Gotan', 'Gap-Gotan');
 insert into CENTRELINE values (53, 52, NULL, NULL, NULL, 0.00, 0.00, 0.00);
 insert into SURVEY values (54, 52, 'Cupp-Coutun-Entree', 'Cupp-Coutun-Entree.Gap-Gotan.Gap-Gotan', 'Cupp-Coutun-Entree');
 insert into CENTRELINE values (55, 54, NULL, NULL, NULL, 0.00, 0.00, 0.00);
 insert into SURVEY values (56, 54, 'Cap_Coutun', 'Cap_Coutun.Cupp-Coutun-Entree.Gap-Gotan.Gap-Gotan', 'Gap-Gotan');
 insert into CENTRELINE values (57, 56, NULL, NULL, NULL, 0.00, 0.00, 0.00);
 insert into CENTRELINE values (58, 56, NULL, '2024-04-18', NULL, 1809.58, 0.00, 0.00);
 insert into PERSON values (1, 'Jo', 'De-Waele');
insert into TOPO values (1, 58);
 insert into PERSON values (2, 'Alexandre', 'Pont');
insert into TOPO values (2, 58);
 insert into PERSON values (3, 'Xavier', 'Robert');
insert into TOPO values (3, 58);
 insert into SHOT values (1, 1, 2, 58, 21.680, 90.37, -0.90, 21.674, 90.42, -1.00, 0.046, 197.69, -60.14);
insert into SHOT values (2, 1, 3, 58, 1.700, 2.67, 6.70, 1.704, 2.71, 6.74, 0.004, 23.17, 23.94);
insert into SHOT values (3, 1, 4, 58, 1.610, 178.67, 3.60, 1.614, 178.58, 3.55, 0.005, 144.38, -13.81);
insert into SHOT values (4, 1, 5, 58, 0.190, 87.77, -85.70, 0.190, 90.00, -86.99, 0.004, 262.53, -7.14);
insert into SHOT values (5, 1, 6, 58, 2.950, 24.07, 77.30, 2.951, 23.78, 77.38, 0.005, 244.07, 23.62);
insert into SHOT values (6, 2, 7, 58, 1.280, 18.87, -0.30, 1.290, 19.00, 0.00, 0.013, 34.85, 32.06);
insert into SHOT values (7, 2, 8, 58, 1.460, 203.77, -0.30, 1.451, 203.56, 0.00, 0.013, 53.59, 36.31);
insert into SHOT values (8, 2, 9, 58, 0.390, 328.87, -85.40, 0.381, 341.57, -85.24, 0.011, 62.39, 51.46);
insert into SHOT values (9, 2, 10, 58, 1.960, 44.27, 84.20, 1.961, 43.03, 83.99, 0.008, 12.10, 0.23);
insert into SHOT values (10, 2, 11, 58, 20.040, 91.17, 5.70, 20.041, 91.21, 5.64, 0.025, 167.31, -54.31);
insert into SHOT values (11, 11, 12, 58, 1.780, 170.17, -3.90, 1.781, 169.95, -3.86, 0.007, 91.85, 9.06);
insert into SHOT values (12, 11, 13, 58, 0.280, 358.47, 0.80, 0.280, 357.95, 0.00, 0.005, 272.92, -57.32);
insert into SHOT values (13, 11, 14, 58, 1.720, 80.27, -84.60, 1.728, 79.38, -84.59, 0.008, 10.00, -70.70);
insert into SHOT values (14, 11, 15, 58, 0.750, 158.47, 40.90, 0.745, 158.01, 41.15, 0.008, 14.69, -7.94);
insert into SHOT values (15, 11, 16, 58, 19.600, 90.67, 0.70, 19.603, 90.70, 0.61, 0.032, 167.18, -66.91);
insert into SHOT values (16, 16, 17, 58, 4.120, 178.27, -5.30, 4.119, 178.32, -5.29, 0.004, 276.97, 7.73);
insert into SHOT values (17, 16, 18, 58, 0.390, 356.67, -19.80, 0.393, 356.91, -19.33, 0.004, 20.04, 28.30);
insert into SHOT values (18, 16, 19, 58, 1.590, 160.07, -85.50, 1.595, 161.57, -85.45, 0.006, 222.91, -52.81);
insert into SHOT values (19, 16, 20, 58, 1.090, 159.27, 37.00, 1.084, 159.06, 36.85, 0.007, 23.66, -52.96);
insert into SHOT values (20, 16, 21, 58, 21.600, 92.57, 1.50, 21.599, 92.60, 1.41, 0.038, 184.07, -69.30);
insert into SHOT values (21, 21, 22, 58, 1.990, 3.47, -2.30, 1.985, 3.47, -2.31, 0.005, 182.47, -1.66);
insert into SHOT values (22, 21, 23, 58, 0.220, 183.27, 5.90, 0.222, 185.19, 5.17, 0.008, 258.59, -18.79);
insert into SHOT values (23, 21, 24, 58, 1.630, 233.27, -87.30, 1.632, 230.19, -87.26, 0.005, 159.35, -22.56);
insert into SHOT values (24, 21, 25, 58, 0.880, 2.07, 34.70, 0.877, 1.59, 34.77, 0.007, 243.61, -8.10);
insert into SHOT values (25, 21, 26, 58, 19.640, 85.87, 0.60, 19.631, 85.91, 0.53, 0.031, 206.33, -55.50);
insert into SHOT values (26, 26, 27, 58, 2.080, 179.47, -3.40, 2.084, 179.45, -3.58, 0.008, 170.27, -60.19);
insert into SHOT values (27, 26, 28, 58, 0.650, 353.67, -51.80, 0.649, 354.29, -51.75, 0.004, 83.59, 10.45);
insert into SHOT values (28, 26, 29, 58, 1.660, 166.37, -73.20, 1.662, 165.68, -73.03, 0.008, 118.37, -6.18);
insert into SHOT values (29, 26, 30, 58, 0.980, 158.57, 36.20, 0.984, 158.60, 36.12, 0.004, 165.40, 16.77);
insert into SHOT values (30, 26, 31, 58, 22.660, 95.97, 0.90, 22.668, 96.03, 0.81, 0.044, 167.63, -54.42);
insert into SHOT values (31, 31, 32, 58, 2.430, 356.07, -2.10, 2.438, 356.00, -2.12, 0.008, 335.25, -6.73);
insert into SHOT values (32, 31, 33, 58, 0.600, 77.37, 51.70, 0.597, 77.47, 51.88, 0.003, 244.97, -15.32);
insert into SHOT values (33, 31, 34, 58, 1.570, 32.87, 31.90, 1.564, 32.74, 31.63, 0.010, 277.74, -70.84);
insert into SHOT values (34, 31, 35, 58, 2.210, 5.97, -46.60, 2.212, 5.67, -46.70, 0.009, 268.25, -28.62);
insert into SHOT values (35, 31, 36, 58, 24.080, 84.27, -0.10, 24.069, 84.30, -0.21, 0.051, 210.78, -68.90);
insert into SHOT values (36, 36, 37, 58, 2.430, 183.27, -4.70, 2.432, 183.07, -4.72, 0.008, 104.79, -6.16);
insert into SHOT values (37, 36, 38, 58, 1.390, 87.67, -73.70, 1.386, 87.06, -73.64, 0.006, 2.74, 45.09);
insert into SHOT values (38, 36, 39, 58, 1.800, 164.97, -55.10, 1.801, 164.74, -55.26, 0.007, 31.80, -34.48);
insert into SHOT values (39, 36, 40, 58, 1.590, 159.47, 30.20, 1.595, 159.20, 30.10, 0.009, 111.33, 1.33);
insert into SHOT values (40, 36, 41, 58, 24.010, 101.17, 0.90, 24.011, 101.22, 0.81, 0.043, 187.05, -60.27);
insert into SHOT values (41, 41, 42, 58, 1.730, 11.97, -6.80, 1.731, 12.09, -6.97, 0.006, 97.47, -53.08);
insert into SHOT values (42, 41, 43, 58, 0.200, 187.67, 3.40, 0.202, 188.53, 2.83, 0.004, 237.61, -25.02);
insert into SHOT values (43, 41, 44, 58, 1.930, 29.57, -61.60, 1.928, 29.67, -61.86, 0.009, 199.23, -14.32);
insert into SHOT values (44, 41, 45, 58, 0.830, 24.87, 22.10, 0.821, 24.88, 22.17, 0.009, 203.56, -15.05);
insert into SHOT values (45, 41, 46, 58, 28.950, 86.87, 0.20, 28.952, 86.93, 0.08, 0.069, 173.95, -61.62);
insert into SHOT values (46, 46, 47, 58, 2.170, 186.57, 0.40, 2.174, 186.60, 0.26, 0.007, 203.66, -47.74);
insert into SHOT values (47, 46, 48, 58, 1.400, 73.17, -33.30, 1.401, 73.11, -33.34, 0.002, 0.67, -50.51);
insert into SHOT values (48, 46, 49, 58, 1.740, 158.77, -57.60, 1.742, 158.65, -57.57, 0.003, 112.43, -19.07);
insert into SHOT values (49, 46, 50, 58, 1.790, 166.27, 30.60, 1.791, 166.50, 30.54, 0.007, 240.16, -10.05);
insert into SHOT values (50, 46, 51, 58, 20.350, 96.37, 0.30, 20.347, 96.41, 0.20, 0.039, 197.24, -68.58);
insert into SHOT values (51, 51, 52, 58, 2.020, 4.67, -3.20, 2.019, 4.55, -3.12, 0.005, 267.65, 34.18);
insert into SHOT values (52, 51, 53, 58, 1.090, 68.57, -79.50, 1.087, 68.75, -79.77, 0.006, 242.15, 17.51);
insert into SHOT values (53, 51, 54, 58, 1.590, 4.97, -51.00, 1.581, 5.19, -51.05, 0.010, 153.75, 36.50);
insert into SHOT values (54, 51, 55, 58, 1.520, 21.17, 36.40, 1.518, 21.10, 36.37, 0.003, 242.61, -45.45);
insert into SHOT values (55, 51, 56, 58, 15.950, 81.77, 2.20, 15.943, 81.81, 2.12, 0.026, 197.28, -59.25);
insert into SHOT values (56, 56, 57, 58, 2.940, 183.47, -3.80, 2.942, 183.52, -3.70, 0.006, 235.46, 56.34);
insert into SHOT values (57, 56, 58, 58, 1.190, 20.27, -80.40, 1.187, 20.22, -80.18, 0.005, 18.21, 39.60);
insert into SHOT values (58, 56, 59, 58, 1.680, 180.67, -59.00, 1.677, 180.67, -59.15, 0.005, 0.61, 0.45);
insert into SHOT values (59, 56, 60, 58, 1.700, 183.17, 30.80, 1.707, 183.14, 31.04, 0.010, 162.14, 77.58);
insert into SHOT values (60, 56, 61, 58, 21.160, 93.77, -5.50, 21.157, 93.81, -5.59, 0.037, 203.14, -60.46);
insert into SHOT values (61, 61, 62, 58, 8.040, 85.37, 7.80, 8.040, 85.39, 7.79, 0.004, 173.16, -17.80);
insert into SHOT values (62, 61, 63, 58, 8.720, 80.67, 34.10, 8.725, 80.68, 34.09, 0.005, 103.02, 13.66);
insert into SHOT values (63, 61, 64, 58, 9.040, 27.47, 75.80, 9.047, 27.60, 75.78, 0.010, 71.78, 39.31);
insert into SHOT values (64, 61, 65, 58, 20.980, 270.87, 6.80, 20.981, 270.88, 6.82, 0.008, 0.42, 48.56);
insert into SHOT values (65, 61, 66, 58, 16.700, 275.07, 30.80, 16.692, 275.08, 30.81, 0.009, 68.65, -6.89);
insert into SHOT values (66, 61, 67, 58, 27.070, 327.37, -3.10, 27.064, 327.37, -3.09, 0.008, 114.86, 27.73);
insert into SHOT values (67, 61, 68, 58, 19.770, 30.27, 2.50, 19.773, 30.28, 2.49, 0.006, 79.24, -24.20);
insert into SHOT values (68, 61, 69, 58, 27.170, 226.97, 18.60, 27.167, 226.97, 18.61, 0.006, 37.60, 43.17);
insert into SHOT values (69, 61, 70, 58, 17.050, 156.67, 2.50, 17.051, 156.66, 2.52, 0.007, 79.08, 63.77);
insert into SHOT values (70, 61, 71, 58, 19.070, 348.67, -13.20, 19.065, 348.66, -13.19, 0.006, 196.21, 47.68);
insert into SHOT values (71, 71, 72, 58, 11.730, 68.87, 26.20, 11.735, 68.85, 26.19, 0.006, 30.40, 10.60);
insert into SHOT values (72, 71, 73, 58, 15.890, 30.67, 7.20, 15.895, 30.70, 7.19, 0.010, 90.67, -9.21);
insert into SHOT values (73, 71, 74, 58, 19.360, 326.37, -8.90, 19.363, 326.38, -8.91, 0.008, 39.16, -36.11);
insert into SHOT values (74, 71, 75, 58, 13.620, 298.17, -3.70, 13.620, 298.19, -3.70, 0.005, 26.07, -12.28);
insert into SHOT values (75, 71, 76, 58, 16.500, 118.07, 18.40, 16.502, 118.04, 18.40, 0.008, 37.00, 13.11);
insert into SHOT values (76, 71, 77, 58, 18.520, 250.37, 13.60, 18.512, 250.39, 13.59, 0.011, 25.86, -27.16);
insert into SHOT values (77, 71, 78, 58, 11.560, 295.87, 67.00, 11.559, 296.00, 67.00, 0.010, 24.68, -5.69);
insert into SHOT values (78, 71, 79, 58, 1.030, 303.47, -37.60, 1.030, 303.50, -37.69, 0.002, 90.53, -63.65);
insert into SHOT values (79, 71, 80, 58, 22.330, 334.17, -21.30, 22.331, 334.19, -21.30, 0.008, 52.71, 10.51);
insert into SHOT values (80, 80, 81, 58, 5.920, 262.97, -1.00, 5.925, 263.02, -1.06, 0.010, 311.70, -42.46);
insert into SHOT values (81, 80, 82, 58, 10.180, 343.37, -8.40, 10.180, 343.38, -8.42, 0.004, 77.22, -44.42);
insert into SHOT values (82, 80, 83, 58, 16.160, 37.77, -5.50, 16.162, 37.75, -5.50, 0.004, 340.72, -14.94);
insert into SHOT values (83, 80, 84, 58, 11.440, 86.17, 6.30, 11.434, 86.17, 6.28, 0.008, 266.25, -44.40);
insert into SHOT values (84, 80, 85, 58, 18.160, 121.27, 19.20, 18.159, 121.26, 19.19, 0.003, 41.10, -60.37);
insert into SHOT values (85, 80, 86, 58, 9.330, 209.67, 1.50, 9.328, 209.70, 1.47, 0.007, 318.70, -36.42);
insert into SHOT values (86, 80, 87, 58, 11.890, 71.17, 58.10, 11.888, 71.16, 58.07, 0.006, 63.80, -49.40);
insert into SHOT values (87, 80, 88, 58, 4.820, 78.37, -25.40, 4.817, 78.33, -25.45, 0.006, 292.86, -26.79);
insert into SHOT values (88, 80, 89, 58, 17.060, 17.87, -36.30, 17.064, 17.87, -36.29, 0.004, 26.22, -3.37);
insert into SHOT values (89, 80, 90, 58, 9.510, 119.77, 11.70, 9.504, 119.76, 11.66, 0.010, 310.58, -59.91);
insert into SHOT values (90, 80, 91, 58, 17.240, 336.97, -43.20, 17.250, 336.96, -43.21, 0.010, 330.09, -57.97);
insert into SHOT values (91, 80, 92, 58, 16.230, 336.47, -43.10, 16.227, 336.46, -43.11, 0.005, 158.88, -5.15);
insert into SHOT values (92, 80, 93, 58, 17.160, 336.67, -43.10, 17.159, 336.67, -43.12, 0.008, 149.01, -41.92);
insert into SHOT values (93, 93, 94, 58, 7.560, 288.17, -1.70, 7.561, 288.20, -1.67, 0.006, 0.47, 46.44);
insert into SHOT values (94, 93, 95, 58, 19.190, 355.27, -13.50, 19.194, 355.27, -13.50, 0.004, 0.59, -2.71);
insert into SHOT values (95, 93, 96, 58, 21.620, 30.87, 2.80, 21.619, 30.84, 2.81, 0.010, 296.28, 22.29);
insert into SHOT values (96, 93, 97, 58, 14.550, 63.37, 10.10, 14.549, 63.33, 10.09, 0.010, 331.88, -9.42);
insert into SHOT values (97, 93, 98, 58, 18.490, 103.17, 29.90, 18.485, 103.17, 29.92, 0.008, 276.87, 21.16);
insert into SHOT values (98, 93, 99, 58, 7.600, 219.67, 10.70, 7.595, 219.73, 10.70, 0.009, 339.61, -6.62);
insert into SHOT values (99, 93, 100, 58, 12.600, 187.17, 29.30, 12.600, 187.16, 29.32, 0.004, 16.65, 58.18);
insert into SHOT values (100, 93, 101, 58, 6.600, 33.77, -21.30, 6.603, 33.66, -21.31, 0.011, 316.44, -12.81);
insert into SHOT values (101, 93, 102, 58, 12.250, 115.07, 69.30, 12.249, 115.02, 69.32, 0.005, 333.12, 9.18);
insert into SHOT values (102, 93, 103, 58, 25.730, 7.07, -9.30, 25.731, 7.06, -9.30, 0.004, 286.84, -28.26);
insert into SHOT values (103, 103, 104, 58, 10.990, 244.87, -12.20, 10.993, 244.89, -12.18, 0.006, 295.02, 22.89);
insert into SHOT values (104, 103, 105, 58, 13.790, 215.27, -3.80, 13.789, 215.30, -3.78, 0.008, 309.19, 28.64);
insert into SHOT values (105, 103, 106, 58, 19.200, 197.77, 6.00, 19.197, 197.78, 6.01, 0.006, 319.18, 28.73);
insert into SHOT values (106, 103, 107, 58, 30.020, 151.77, 24.10, 30.017, 151.77, 24.11, 0.005, 306.93, 21.80);
insert into SHOT values (107, 103, 108, 58, 20.140, 130.77, 34.40, 20.143, 130.75, 34.40, 0.004, 77.12, 21.12);
insert into SHOT values (108, 103, 109, 58, 8.340, 26.27, 28.10, 8.345, 26.29, 28.10, 0.005, 58.14, 19.24);
insert into SHOT values (109, 103, 110, 58, 12.890, 352.57, 13.20, 12.897, 352.59, 13.22, 0.010, 31.63, 42.68);
insert into SHOT values (110, 103, 111, 58, 7.790, 303.27, -13.80, 7.792, 303.25, -13.73, 0.009, 274.26, 60.95);
insert into SHOT values (111, 103, 112, 58, 6.530, 294.17, 76.60, 6.537, 294.19, 76.62, 0.008, 55.27, 83.80);
insert into SHOT values (112, 103, 113, 58, 13.350, 277.57, -37.70, 13.347, 277.56, -37.69, 0.004, 130.97, 73.37);
insert into SHOT values (113, 103, 114, 58, 6.950, 228.87, -26.30, 6.943, 228.91, -26.33, 0.009, 17.35, -4.15);
insert into SHOT values (114, 103, 115, 58, 14.880, 285.47, -30.90, 14.884, 285.48, -30.88, 0.007, 320.40, 12.40);
insert into SHOT values (115, 115, 116, 58, 3.490, 198.17, 9.40, 3.488, 198.12, 9.41, 0.004, 66.24, -0.12);
insert into SHOT values (116, 115, 117, 58, 9.560, 260.17, 16.40, 9.555, 260.14, 16.41, 0.007, 119.91, 6.42);
insert into SHOT values (117, 115, 118, 58, 6.700, 310.87, 17.80, 6.695, 310.86, 17.83, 0.006, 132.28, 17.66);
insert into SHOT values (118, 115, 119, 58, 2.660, 5.47, 18.10, 2.664, 5.44, 18.15, 0.005, 345.06, 48.08);
insert into SHOT values (119, 115, 120, 58, 6.630, 74.17, 32.90, 6.633, 74.17, 32.87, 0.005, 76.27, -14.92);
insert into SHOT values (120, 115, 121, 58, 6.650, 150.17, 27.70, 6.652, 150.17, 27.68, 0.003, 161.17, -24.80);
insert into SHOT values (121, 115, 122, 58, 7.180, 176.27, 71.00, 7.180, 176.07, 71.02, 0.008, 71.37, 8.18);
insert into SHOT values (122, 115, 123, 58, 0.610, 90.57, -41.90, 0.616, 91.25, -41.70, 0.009, 132.63, -17.85);
insert into SHOT values (123, 115, 124, 58, 3.220, 227.27, -26.20, 3.218, 227.25, -26.19, 0.003, 74.61, 36.78);
insert into SHOT values (124, 115, 125, 58, 17.900, 302.17, 5.00, 17.894, 302.17, 5.00, 0.006, 123.18, -0.86);
insert into SHOT values (125, 125, 126, 58, 7.570, 60.47, 1.50, 7.566, 60.45, 1.51, 0.005, 265.90, 24.06);
insert into SHOT values (126, 125, 127, 58, 4.960, 64.87, 33.50, 4.959, 64.80, 33.54, 0.006, 306.10, 23.47);
insert into SHOT values (127, 125, 128, 58, 11.410, 23.87, -2.00, 11.410, 23.85, -2.01, 0.005, 298.40, -23.50);
insert into SHOT values (128, 125, 129, 58, 16.050, 355.37, 0.30, 16.053, 355.35, 0.32, 0.007, 309.27, 54.54);
insert into SHOT values (129, 125, 130, 58, 7.410, 345.27, 8.00, 7.414, 345.24, 7.99, 0.005, 312.50, -14.15);
insert into SHOT values (130, 125, 131, 58, 5.770, 171.17, 9.80, 5.771, 171.20, 9.78, 0.004, 242.74, -30.39);
insert into SHOT values (131, 125, 132, 58, 9.710, 153.87, 5.80, 9.705, 153.89, 5.80, 0.006, 297.61, -12.29);
insert into SHOT values (132, 125, 133, 58, 11.460, 116.67, 2.20, 11.457, 116.68, 2.20, 0.004, 258.88, 1.20);
insert into SHOT values (133, 125, 134, 58, 4.330, 109.87, -17.20, 4.328, 109.79, -17.20, 0.006, 357.91, 4.24);
insert into SHOT values (134, 125, 135, 58, 6.290, 121.37, 30.30, 6.292, 121.29, 30.36, 0.010, 23.26, 41.75);
insert into SHOT values (135, 125, 136, 58, 22.900, 14.77, -7.30, 22.906, 14.76, -7.30, 0.006, 7.92, -2.18);
insert into SHOT values (136, 136, 137, 58, 11.930, 180.87, 6.90, 11.939, 180.87, 6.93, 0.010, 187.55, 40.85);
insert into SHOT values (137, 136, 138, 58, 8.020, 143.67, 4.60, 8.017, 143.70, 4.65, 0.009, 269.14, 46.35);
insert into SHOT values (138, 136, 139, 58, 1.650, 90.87, 8.60, 1.649, 91.05, 8.72, 0.006, 193.28, 30.74);
insert into SHOT values (139, 136, 140, 58, 6.780, 34.97, 2.20, 6.777, 34.96, 2.20, 0.003, 232.21, -4.55);
insert into SHOT values (140, 136, 141, 58, 14.930, 213.27, 11.20, 14.937, 213.28, 11.19, 0.008, 236.76, 0.60);
insert into SHOT values (141, 136, 142, 58, 7.200, 248.07, 13.00, 7.202, 248.08, 13.00, 0.002, 283.41, 8.27);
insert into SHOT values (142, 136, 143, 58, 11.290, 293.07, 9.70, 11.291, 293.06, 9.69, 0.002, 266.98, -64.26);
insert into SHOT values (143, 136, 144, 58, 20.890, 315.17, 8.10, 20.885, 315.16, 8.12, 0.009, 165.01, 44.93);
insert into SHOT values (144, 136, 145, 58, 8.810, 307.47, 30.70, 8.805, 307.43, 30.73, 0.009, 161.69, 14.16);
insert into SHOT values (145, 136, 146, 58, 3.060, 305.57, -20.80, 3.058, 305.47, -20.68, 0.008, 218.91, 53.51);
insert into SHOT values (146, 136, 147, 58, 22.940, 355.27, 1.90, 22.941, 355.27, 1.90, 0.002, 69.76, -13.55);
insert into SHOT values (147, 147, 148, 58, 9.630, 150.07, 16.20, 9.634, 150.11, 16.21, 0.008, 217.47, 23.64);
insert into SHOT values (148, 147, 149, 58, 10.480, 183.07, 28.50, 10.483, 183.11, 28.49, 0.008, 246.80, -4.42);
insert into SHOT values (149, 147, 150, 58, 12.220, 216.47, 14.20, 12.228, 216.49, 14.20, 0.010, 252.71, 13.91);
insert into SHOT values (150, 147, 151, 58, 20.670, 187.57, 4.00, 20.670, 187.58, 3.99, 0.005, 271.55, -20.08);
insert into SHOT values (151, 147, 152, 58, 11.920, 256.47, 7.70, 11.927, 256.45, 7.71, 0.008, 224.65, 20.21);
insert into SHOT values (152, 147, 153, 58, 5.260, 7.57, 40.40, 5.259, 7.46, 40.42, 0.008, 263.70, 6.80);
insert into SHOT values (153, 147, 154, 58, 13.330, 344.77, 9.00, 13.328, 344.76, 9.02, 0.006, 188.33, 55.32);
insert into SHOT values (154, 147, 155, 58, 28.550, 291.17, 7.70, 28.554, 291.15, 7.71, 0.009, 227.49, 29.69);
insert into SHOT values (155, 147, 156, 58, 15.710, 276.77, 10.10, 15.712, 276.76, 10.12, 0.006, 208.51, 63.92);
insert into SHOT values (156, 147, 157, 58, 3.860, 328.57, -21.70, 3.857, 328.57, -21.60, 0.007, 104.60, 86.72);
insert into SHOT values (157, 147, 158, 58, 12.740, 314.67, 22.80, 12.742, 314.62, 22.81, 0.010, 229.35, 18.14);
insert into SHOT values (158, 147, 159, 58, 23.160, 307.27, 6.70, 23.158, 307.24, 6.70, 0.009, 208.72, -13.03);
insert into SHOT values (159, 159, 160, 58, 8.810, 204.77, 3.40, 8.804, 204.76, 3.45, 0.010, 36.07, 47.11);
insert into SHOT values (160, 159, 161, 58, 8.160, 173.47, -0.40, 8.153, 173.45, -0.35, 0.010, 12.06, 45.07);
insert into SHOT values (161, 159, 162, 58, 19.810, 151.57, -0.80, 19.810, 151.57, -0.78, 0.007, 226.92, 71.81);
insert into SHOT values (162, 159, 163, 58, 17.960, 102.97, 0.40, 17.959, 102.97, 0.41, 0.005, 256.18, 69.62);
insert into SHOT values (163, 159, 164, 58, 13.130, 77.07, 1.00, 13.135, 77.06, 1.00, 0.005, 73.10, 9.09);
insert into SHOT values (164, 159, 165, 58, 6.610, 320.47, 12.20, 6.615, 320.52, 12.22, 0.008, 19.10, 22.41);
insert into SHOT values (165, 159, 166, 58, 6.780, 5.07, 7.30, 6.782, 5.03, 7.37, 0.009, 287.75, 64.71);
insert into SHOT values (166, 159, 167, 58, 4.560, 194.27, -12.60, 4.557, 194.32, -12.55, 0.007, 311.10, 46.53);
insert into SHOT values (167, 159, 168, 58, 3.320, 191.07, 44.20, 3.320, 191.17, 44.33, 0.009, 331.77, 38.99);
insert into SHOT values (168, 159, 169, 58, 29.950, 49.87, -4.00, 29.949, 49.86, -3.98, 0.010, 311.51, 72.95);
insert into SHOT values (169, 169, 170, 58, 8.450, 326.17, 1.20, 8.450, 326.20, 1.15, 0.008, 56.76, -56.53);
insert into SHOT values (170, 169, 171, 58, 15.030, 282.67, 14.70, 15.025, 282.68, 14.69, 0.006, 61.38, -39.39);
insert into SHOT values (171, 169, 172, 58, 12.760, 257.77, 12.70, 12.754, 257.75, 12.68, 0.008, 113.36, -43.16);
insert into SHOT values (172, 169, 173, 58, 12.350, 207.17, 7.00, 12.341, 207.15, 6.98, 0.010, 48.83, -30.19);
insert into SHOT values (173, 169, 174, 58, 7.030, 163.37, -4.20, 7.033, 163.35, -4.24, 0.006, 127.24, -53.73);
insert into SHOT values (174, 169, 175, 58, 6.970, 145.67, -5.30, 6.973, 145.62, -5.35, 0.008, 80.31, -47.40);
insert into SHOT values (175, 169, 176, 58, 2.320, 121.57, -8.30, 2.323, 121.48, -8.42, 0.007, 66.25, -49.56);
insert into SHOT values (176, 169, 177, 58, 7.580, 211.87, 32.30, 7.578, 211.85, 32.31, 0.003, 59.93, -7.69);
insert into SHOT values (177, 169, 178, 58, 3.980, 215.27, -15.80, 3.984, 215.22, -15.88, 0.007, 160.65, -61.96);
insert into SHOT values (178, 169, 179, 58, 13.290, 313.57, -2.10, 13.286, 313.57, -2.11, 0.005, 134.24, -33.62);
insert into SHOT values (179, 179, 180, 58, 8.340, 259.07, 22.80, 8.339, 259.13, 22.79, 0.009, 351.55, -12.58);
insert into SHOT values (180, 179, 181, 58, 8.380, 218.17, 32.70, 8.380, 218.20, 32.72, 0.006, 331.38, 29.34);
insert into SHOT values (181, 179, 182, 58, 1.310, 344.37, 5.00, 1.312, 344.48, 4.81, 0.006, 27.40, -48.59);
insert into SHOT values (182, 179, 183, 58, 5.370, 29.57, 7.10, 5.374, 29.55, 7.05, 0.006, 7.16, -36.32);
insert into SHOT values (183, 179, 184, 58, 4.310, 104.37, 9.00, 4.304, 104.30, 8.96, 0.008, 328.31, -30.15);
insert into SHOT values (184, 179, 185, 58, 13.090, 131.57, 3.00, 13.087, 131.56, 2.98, 0.006, 351.92, -58.71);
insert into SHOT values (185, 179, 186, 58, 7.580, 62.17, 65.50, 7.583, 62.13, 65.50, 0.003, 7.50, 46.88);
insert into SHOT values (186, 179, 187, 58, 1.650, 1.77, -33.20, 1.648, 1.66, -33.10, 0.004, 269.88, 53.82);
insert into SHOT values (187, 179, 188, 58, 32.710, 317.97, 0.60, 32.714, 317.97, 0.60, 0.007, 5.12, -22.41);
insert into SHOT values (188, 188, 189, 58, 18.820, 16.47, 3.20, 18.818, 16.45, 3.20, 0.006, 269.73, -5.26);
insert into SHOT values (189, 188, 190, 58, 13.210, 55.87, 16.40, 13.210, 55.87, 16.40, 0.001, 147.85, 13.19);
insert into SHOT values (190, 188, 191, 58, 22.680, 114.77, 10.00, 22.681, 114.78, 10.00, 0.004, 199.08, 24.50);
insert into SHOT values (191, 188, 192, 58, 25.070, 153.97, 3.50, 25.074, 153.98, 3.50, 0.006, 206.32, -4.30);
insert into SHOT values (192, 188, 193, 58, 11.850, 165.17, 0.90, 11.855, 165.19, 0.92, 0.008, 208.72, 28.07);
insert into SHOT values (193, 188, 194, 58, 9.430, 195.47, 12.30, 9.431, 195.48, 12.31, 0.003, 268.40, 20.02);
insert into SHOT values (194, 188, 195, 58, 21.390, 302.07, 22.80, 21.391, 302.07, 22.80, 0.002, 13.04, 34.16);
insert into SHOT values (195, 188, 196, 58, 11.850, 316.37, 6.50, 11.853, 316.34, 6.49, 0.006, 255.30, -14.49);
insert into SHOT values (196, 188, 197, 58, 9.550, 344.17, 56.90, 9.551, 344.21, 56.89, 0.004, 48.97, -3.07);
insert into SHOT values (197, 188, 198, 58, 3.410, 23.07, -34.50, 3.405, 23.09, -34.53, 0.006, 190.44, 14.23);
insert into SHOT values (198, 188, 199, 58, 39.740, 345.77, 7.70, 39.737, 345.77, 7.71, 0.007, 127.78, 51.63);
insert into SHOT values (199, 199, 200, 58, 10.280, 72.97, 7.20, 10.278, 72.95, 7.15, 0.009, 326.69, -71.87);
insert into SHOT values (200, 199, 201, 58, 18.440, 129.07, -2.00, 18.431, 129.07, -2.02, 0.011, 295.47, -34.42);
insert into SHOT values (201, 199, 202, 58, 13.750, 197.07, 5.80, 13.754, 197.08, 5.80, 0.006, 243.35, 4.47);
insert into SHOT values (202, 199, 203, 58, 11.900, 216.37, 10.30, 11.905, 216.39, 10.26, 0.011, 255.66, -44.14);
insert into SHOT values (203, 199, 204, 58, 19.080, 280.47, 25.70, 19.081, 280.45, 25.68, 0.006, 229.06, -42.49);
insert into SHOT values (204, 199, 205, 58, 5.450, 184.47, -41.90, 5.447, 184.53, -41.93, 0.006, 315.28, -3.04);
insert into SHOT values (205, 199, 206, 58, 13.250, 160.07, -29.00, 13.249, 160.06, -29.03, 0.008, 346.44, -54.35);
insert into SHOT values (206, 199, 207, 58, 9.350, 194.77, 60.60, 9.346, 194.76, 60.57, 0.006, 185.68, -74.35);
insert into SHOT values (207, 199, 208, 58, 21.900, 267.57, 18.70, 21.904, 267.57, 18.69, 0.005, 281.96, -16.15);
insert into SHOT values (208, 199, 209, 58, 19.180, 265.47, 17.80, 19.184, 265.48, 17.79, 0.007, 304.57, -26.64);
insert into SHOT values (209, 209, 210, 58, 29.190, 73.17, -4.20, 29.186, 73.17, -4.20, 0.005, 259.04, -27.59);
insert into SHOT values (210, 209, 211, 58, 16.540, 125.97, -5.90, 16.548, 125.98, -5.90, 0.008, 151.95, 1.28);
insert into SHOT values (211, 209, 212, 58, 3.570, 172.47, 10.00, 3.574, 172.49, 9.99, 0.005, 192.02, 0.93);
insert into SHOT values (212, 209, 213, 58, 35.310, 15.17, -2.10, 35.302, 15.17, -2.09, 0.008, 190.64, 27.46);
insert into SHOT values (213, 209, 214, 58, 19.090, 17.77, 21.50, 19.087, 17.77, 21.51, 0.006, 174.80, 36.83);
insert into SHOT values (214, 209, 215, 58, 6.950, 38.97, -9.60, 6.952, 38.96, -9.61, 0.002, 18.82, -25.45);
insert into SHOT values (215, 209, 216, 58, 15.720, 348.57, -10.80, 15.716, 348.57, -10.82, 0.007, 167.17, -39.91);
insert into SHOT values (216, 209, 217, 58, 31.720, 90.67, -16.90, 31.722, 90.68, -16.90, 0.008, 165.25, 8.09);
insert into SHOT values (217, 209, 218, 58, 31.850, 343.97, -2.70, 31.844, 343.96, -2.70, 0.007, 199.51, 2.64);
insert into SHOT values (218, 218, 219, 58, 25.560, 38.17, 5.10, 25.561, 38.16, 5.09, 0.005, 331.04, -27.22);
insert into SHOT values (219, 218, 220, 58, 23.470, 68.47, 2.30, 23.476, 68.47, 2.29, 0.006, 69.80, -16.98);
insert into SHOT values (220, 218, 221, 58, 19.600, 93.47, -3.10, 19.604, 93.46, -3.10, 0.005, 54.82, -0.58);
insert into SHOT values (221, 218, 222, 58, 11.230, 285.27, 4.50, 11.230, 285.28, 4.49, 0.003, 8.67, -25.43);
insert into SHOT values (222, 218, 223, 58, 8.660, 233.67, 12.00, 8.652, 233.70, 12.01, 0.010, 23.37, -3.05);
insert into SHOT values (223, 218, 224, 58, 17.830, 179.77, 1.50, 17.826, 179.74, 1.51, 0.009, 62.41, 22.01);
insert into SHOT values (224, 218, 225, 58, 8.990, 122.37, 56.00, 8.989, 122.33, 55.98, 0.005, 73.34, -37.27);
insert into SHOT values (225, 218, 226, 58, 3.780, 331.47, -21.60, 3.782, 331.47, -21.56, 0.003, 333.75, 29.98);
insert into SHOT values (226, 218, 227, 58, 17.380, 90.57, -20.00, 17.381, 90.56, -20.02, 0.006, 320.53, -73.65);
insert into SHOT values (227, 218, 228, 58, 18.410, 358.17, 1.50, 18.416, 358.16, 1.49, 0.006, 350.49, -18.24);
insert into SHOT values (228, 228, 229, 58, 16.390, 46.37, -5.70, 16.392, 46.39, -5.71, 0.008, 122.87, -16.19);
insert into SHOT values (229, 228, 230, 58, 20.480, 84.27, -2.50, 20.481, 84.28, -2.49, 0.006, 156.31, 35.50);
insert into SHOT values (230, 228, 231, 58, 29.510, 119.97, 5.30, 29.516, 119.97, 5.31, 0.007, 128.45, 38.38);
insert into SHOT values (231, 228, 232, 58, 0.230, 142.17, 7.10, 0.230, 142.13, 7.49, 0.002, 1.08, 80.65);
insert into SHOT values (232, 228, 233, 58, 29.820, 180.27, 4.70, 29.820, 180.25, 4.69, 0.009, 94.30, -23.28);
insert into SHOT values (233, 228, 234, 58, 23.210, 195.57, 4.10, 23.208, 195.56, 4.10, 0.003, 57.60, 11.01);
insert into SHOT values (234, 228, 235, 58, 27.750, 118.07, 4.30, 27.752, 118.07, 4.30, 0.002, 109.86, -16.32);
insert into SHOT values (235, 228, 236, 58, 11.900, 288.37, 9.10, 11.897, 288.36, 9.09, 0.004, 143.29, -35.95);
insert into SHOT values (236, 228, 237, 58, 13.760, 253.67, 8.50, 13.761, 253.66, 8.48, 0.005, 189.07, -55.06);
insert into SHOT values (237, 228, 238, 58, 7.360, 292.27, 46.90, 7.353, 292.23, 46.91, 0.008, 144.39, -30.69);
insert into SHOT values (238, 228, 239, 58, 7.800, 26.07, 60.30, 7.804, 26.10, 60.32, 0.005, 128.63, 62.64);
insert into SHOT values (239, 228, 240, 58, 2.110, 1.67, -27.50, 2.107, 1.84, -27.40, 0.007, 98.16, 37.21);
insert into SHOT values (240, 228, 241, 58, 7.210, 26.37, -19.40, 7.206, 26.38, -19.37, 0.006, 183.03, 56.63);
insert into SHOT values (241, 228, 242, 58, 14.540, 14.47, -11.30, 14.536, 14.50, -11.31, 0.010, 126.42, -5.24);
insert into SHOT values (242, 228, 243, 58, 28.220, 354.77, -10.30, 28.221, 354.77, -10.31, 0.005, 79.52, -54.77);
insert into SHOT values (243, 228, 244, 58, 43.460, 359.67, 1.20, 43.460, 359.67, 1.20, 0.003, 85.46, -2.64);
insert into SHOT values (244, 244, 245, 58, 22.290, 257.97, -3.80, 22.289, 257.96, -3.81, 0.005, 142.33, -37.23);
insert into SHOT values (245, 244, 246, 58, 22.890, 226.87, 2.60, 22.896, 226.86, 2.60, 0.007, 207.32, 13.63);
insert into SHOT values (246, 244, 247, 58, 24.720, 203.57, -2.60, 24.723, 203.55, -2.60, 0.006, 149.18, 13.42);
insert into SHOT values (247, 244, 248, 58, 21.130, 300.07, 1.10, 21.125, 300.06, 1.11, 0.007, 138.58, 38.75);
insert into SHOT values (248, 244, 249, 58, 2.370, 24.17, 31.30, 2.372, 24.16, 31.24, 0.003, 22.19, -25.92);
insert into SHOT values (249, 244, 250, 58, 2.640, 116.17, 13.40, 2.643, 116.07, 13.34, 0.006, 63.94, -17.89);
insert into SHOT values (250, 244, 251, 58, 7.410, 303.77, 67.90, 7.415, 303.75, 67.90, 0.005, 282.22, 60.56);
insert into SHOT values (251, 244, 252, 58, 7.800, 276.57, -18.20, 7.800, 276.59, -18.23, 0.005, 23.42, -51.86);
insert into SHOT values (252, 244, 253, 58, 5.330, 201.27, -41.90, 5.333, 201.27, -41.88, 0.003, 200.77, -8.15);
insert into SHOT values (253, 244, 254, 58, 21.830, 331.47, 8.90, 21.832, 331.47, 8.91, 0.004, 41.57, 38.15);
insert into SHOT values (254, 254, 255, 58, 13.750, 258.27, 16.50, 13.752, 258.23, 16.48, 0.010, 191.22, -30.14);
insert into SHOT values (255, 254, 256, 58, 13.580, 218.37, 8.60, 13.585, 218.38, 8.59, 0.006, 250.21, -6.25);
insert into SHOT values (256, 254, 257, 58, 31.210, 203.07, -2.10, 31.214, 203.06, -2.11, 0.008, 186.35, -55.35);
insert into SHOT values (257, 254, 258, 58, 39.380, 180.27, -7.40, 39.388, 180.26, -7.40, 0.009, 171.91, 13.06);
insert into SHOT values (258, 254, 259, 58, 34.750, 192.67, -2.60, 34.750, 192.66, -2.61, 0.004, 108.26, -65.10);
insert into SHOT values (259, 254, 260, 58, 15.900, 130.47, 6.60, 15.895, 130.48, 6.61, 0.007, 275.57, 21.12);
insert into SHOT values (260, 254, 261, 58, 21.270, 91.37, 15.00, 21.269, 91.37, 14.99, 0.005, 115.08, -82.63);
insert into SHOT values (261, 254, 262, 58, 15.740, 69.97, 15.70, 15.735, 69.96, 15.71, 0.006, 259.93, 7.18);
insert into SHOT values (262, 254, 263, 58, 14.760, 30.37, 13.00, 14.752, 30.38, 13.01, 0.009, 181.51, -1.82);
insert into SHOT values (263, 254, 264, 58, 15.110, 3.57, 8.50, 15.104, 3.57, 8.49, 0.006, 173.87, -33.55);
insert into SHOT values (264, 254, 265, 58, 21.440, 352.27, 2.30, 21.432, 352.27, 2.30, 0.008, 159.06, -2.90);
insert into SHOT values (265, 254, 266, 58, 32.610, 343.27, -0.60, 32.603, 343.26, -0.60, 0.008, 188.36, 11.40);
insert into SHOT values (266, 254, 267, 58, 7.040, 33.57, 62.30, 7.035, 33.64, 62.33, 0.008, 174.48, -24.89);
insert into SHOT values (267, 254, 268, 58, 22.670, 311.17, -3.90, 22.667, 311.15, -3.90, 0.009, 203.50, 12.69);
insert into SHOT values (268, 254, 269, 58, 25.990, 345.07, -0.90, 25.982, 345.05, -0.90, 0.010, 198.23, -10.53);
insert into SHOT values (269, 269, 270, 58, 10.810, 142.27, 4.60, 10.812, 142.24, 4.62, 0.007, 73.63, 27.57);
insert into SHOT values (270, 269, 271, 58, 9.790, 263.87, -1.90, 9.791, 263.90, -1.87, 0.007, 345.80, 38.70);
insert into SHOT values (271, 269, 272, 58, 9.450, 231.07, -5.40, 9.450, 231.08, -5.40, 0.003, 322.24, -13.21);
insert into SHOT values (272, 269, 273, 58, 23.200, 298.87, -4.80, 23.208, 298.88, -4.80, 0.010, 337.65, 7.56);
insert into SHOT values (273, 269, 274, 58, 18.980, 213.77, 2.00, 18.971, 213.77, 1.99, 0.009, 16.89, -14.64);
insert into SHOT values (274, 269, 275, 58, 21.970, 197.47, 1.00, 21.965, 197.46, 0.99, 0.006, 37.64, -34.82);
insert into SHOT values (275, 269, 276, 58, 15.810, 201.77, 30.30, 15.805, 201.77, 30.32, 0.008, 13.59, 25.03);
insert into SHOT values (276, 269, 277, 58, 6.210, 225.57, -25.40, 6.200, 225.58, -25.41, 0.010, 37.72, 21.78);
insert into SHOT values (277, 269, 278, 58, 24.650, 322.67, -4.00, 24.655, 322.68, -4.00, 0.009, 19.31, -3.30);
insert into SHOT values (278, 278, 279, 58, 3.970, 309.37, 26.00, 3.969, 309.31, 26.00, 0.004, 203.16, -5.46);
insert into SHOT values (279, 278, 280, 58, 16.620, 344.17, 6.20, 16.615, 344.15, 6.22, 0.008, 196.18, 39.71);
insert into SHOT values (280, 278, 281, 58, 6.230, 253.07, 31.00, 6.233, 253.02, 31.00, 0.005, 197.02, 15.39);
insert into SHOT values (281, 278, 282, 58, 13.320, 211.87, 17.10, 13.327, 211.84, 17.11, 0.008, 171.09, 23.75);
insert into SHOT values (282, 278, 283, 58, 15.650, 192.97, 13.40, 15.656, 192.98, 13.41, 0.007, 224.96, 27.88);
insert into SHOT values (283, 278, 284, 58, 19.880, 120.17, 14.90, 19.883, 120.18, 14.89, 0.006, 178.33, -16.42);
insert into SHOT values (284, 278, 285, 58, 7.360, 98.17, 11.40, 7.360, 98.21, 11.44, 0.008, 197.50, 43.77);
insert into SHOT values (285, 278, 286, 58, 8.790, 44.97, 14.30, 8.786, 45.00, 14.30, 0.007, 173.79, -9.77);
insert into SHOT values (286, 278, 287, 58, 31.840, 36.67, 19.80, 31.842, 36.67, 19.81, 0.005, 88.51, 79.13);
insert into SHOT values (287, 278, 288, 58, 28.160, 24.57, 13.00, 28.158, 24.58, 13.01, 0.008, 148.54, 44.54);
insert into SHOT values (288, 278, 289, 58, 13.620, 51.57, 56.90, 13.616, 51.56, 56.93, 0.007, 240.79, 2.16);
insert into SHOT values (289, 278, 290, 58, 3.980, 76.37, -11.80, 3.971, 76.46, -11.77, 0.011, 216.20, 20.63);
insert into SHOT values (290, 278, 291, 58, 32.710, 0.87, 4.00, 32.703, 0.86, 4.00, 0.007, 205.08, -13.40);
insert into SHOT values (291, 291, 292, 58, 9.430, 245.87, 0.90, 9.424, 245.88, 0.91, 0.007, 41.85, 15.04);
insert into SHOT values (292, 291, 293, 58, 10.580, 298.47, 1.10, 10.580, 298.45, 1.14, 0.007, 203.75, 73.51);
insert into SHOT values (293, 291, 294, 58, 18.210, 317.57, 5.20, 18.216, 317.57, 5.20, 0.006, 326.81, -3.74);
insert into SHOT values (294, 291, 295, 58, 12.700, 8.17, 17.40, 12.704, 8.16, 17.40, 0.005, 341.46, 27.23);
insert into SHOT values (295, 291, 296, 58, 9.470, 56.77, 28.40, 9.477, 56.75, 28.42, 0.008, 26.55, 49.28);
insert into SHOT values (296, 291, 297, 58, 11.940, 110.47, 20.50, 11.941, 110.46, 20.49, 0.003, 78.23, -35.17);
insert into SHOT values (297, 291, 298, 58, 22.480, 139.87, 13.80, 22.478, 139.87, 13.80, 0.003, 290.15, -48.13);
insert into SHOT values (298, 291, 299, 58, 33.580, 149.67, 10.70, 33.585, 149.66, 10.71, 0.008, 102.28, 43.06);
insert into SHOT values (299, 291, 300, 58, 15.220, 171.07, 42.90, 15.217, 171.07, 42.91, 0.004, 339.87, -7.58);
insert into SHOT values (300, 291, 301, 58, 3.590, 217.87, -21.10, 3.583, 217.83, -21.10, 0.008, 54.93, 18.47);
insert into SHOT values (301, 291, 302, 58, 21.290, 326.57, 5.80, 21.293, 326.57, 5.80, 0.004, 3.93, -20.22);
insert into SHOT values (302, 302, 303, 58, 23.830, 43.17, 28.40, 23.833, 43.16, 28.41, 0.006, 334.17, 81.50);
insert into SHOT values (303, 302, 304, 58, 17.350, 75.27, 28.70, 17.355, 75.27, 28.72, 0.008, 106.69, 75.90);
insert into SHOT values (304, 302, 305, 58, 17.470, 95.37, 26.60, 17.471, 95.36, 26.63, 0.008, 287.93, 71.59);
insert into SHOT values (305, 302, 306, 58, 26.760, 129.17, 8.90, 26.763, 129.17, 8.90, 0.004, 141.18, -0.81);
insert into SHOT values (306, 302, 307, 58, 45.320, 138.27, 6.40, 45.321, 138.27, 6.41, 0.008, 199.63, 81.91);
insert into SHOT values (307, 302, 308, 58, 35.260, 167.57, 2.40, 35.258, 167.56, 2.41, 0.006, 59.01, 33.05);
insert into SHOT values (308, 302, 309, 58, 18.770, 178.77, 7.80, 18.768, 178.77, 7.81, 0.003, 345.18, 51.37);
insert into SHOT values (309, 302, 310, 58, 4.360, 127.47, -21.30, 4.362, 127.41, -21.23, 0.007, 80.45, 32.75);
insert into SHOT values (310, 302, 311, 58, 15.550, 127.47, 38.70, 15.552, 127.46, 38.73, 0.008, 311.09, 67.84);
insert into SHOT values (311, 302, 312, 58, 13.070, 12.07, 6.90, 13.071, 12.05, 6.90, 0.003, 299.62, -4.06);
insert into SHOT values (312, 312, 313, 58, 6.440, 318.97, 14.30, 6.437, 319.03, 14.30, 0.007, 68.64, -5.18);
insert into SHOT values (313, 312, 314, 58, 4.760, 256.27, 6.50, 4.758, 256.17, 6.52, 0.008, 149.73, 7.92);
insert into SHOT values (314, 312, 315, 58, 10.480, 201.37, -2.00, 10.483, 201.32, -1.97, 0.010, 137.09, 34.16);
insert into SHOT values (315, 312, 316, 58, 16.280, 63.77, 28.30, 16.280, 63.79, 28.31, 0.007, 159.75, 15.39);
insert into SHOT values (316, 312, 317, 58, 16.120, 99.87, 25.90, 16.128, 99.88, 25.92, 0.011, 146.48, 53.54);
insert into SHOT values (317, 312, 318, 58, 17.190, 134.77, 26.50, 17.199, 134.76, 26.48, 0.010, 130.57, -0.81);
insert into SHOT values (318, 312, 319, 58, 8.000, 7.47, -9.90, 7.996, 7.51, -9.87, 0.009, 124.13, 36.87);
insert into SHOT values (319, 312, 320, 58, 13.140, 27.17, 83.30, 13.139, 27.24, 83.31, 0.004, 179.17, -3.81);
insert into SHOT values (320, 312, 321, 58, 14.330, 359.87, 11.50, 14.328, 359.88, 11.51, 0.005, 128.41, 39.77);
insert into SHOT values (321, 321, 322, 58, 14.410, 292.37, 15.00, 14.410, 292.38, 15.00, 0.004, 28.21, 5.91);
insert into SHOT values (322, 321, 323, 58, 6.900, 255.77, 10.10, 6.896, 255.76, 10.11, 0.005, 86.00, -0.38);
insert into SHOT values (323, 321, 324, 58, 10.550, 208.67, -13.50, 10.548, 208.66, -13.49, 0.003, 41.49, 61.86);
insert into SHOT values (324, 321, 325, 58, 16.130, 129.97, 22.20, 16.133, 129.95, 22.22, 0.007, 55.07, 48.42);
insert into SHOT values (325, 321, 326, 58, 13.570, 86.67, 35.40, 13.567, 86.68, 35.40, 0.004, 217.69, -11.41);
insert into SHOT values (326, 321, 327, 58, 16.500, 44.77, 17.00, 16.496, 44.77, 16.99, 0.005, 210.81, -50.15);
insert into SHOT values (327, 321, 328, 58, 21.160, 32.37, 8.20, 21.159, 32.36, 8.21, 0.003, 269.73, 50.35);
insert into SHOT values (328, 321, 329, 58, 11.290, 74.87, 75.50, 11.290, 74.83, 75.49, 0.002, 32.26, -9.37);
insert into SHOT values (329, 321, 330, 58, 1.710, 78.17, -26.10, 1.705, 78.32, -26.09, 0.006, 211.24, 21.73);
insert into SHOT values (330, 321, 331, 58, 27.930, 6.77, 4.70, 27.928, 6.77, 4.70, 0.003, 165.55, 32.34);
insert into SHOT values (331, 331, 332, 58, 5.950, 50.47, 16.70, 5.955, 50.48, 16.69, 0.005, 63.22, 2.26);
insert into SHOT values (332, 331, 333, 58, 14.470, 19.47, 12.90, 14.471, 19.46, 12.90, 0.002, 346.23, -16.24);
insert into SHOT values (333, 331, 334, 58, 30.650, 4.47, 9.60, 30.650, 4.46, 9.60, 0.004, 287.26, -24.00);
insert into SHOT values (334, 331, 335, 58, 24.580, 336.37, 13.50, 24.583, 336.37, 13.50, 0.005, 24.25, 24.33);
insert into SHOT values (335, 331, 336, 58, 6.360, 314.87, 7.10, 6.357, 314.87, 7.14, 0.005, 125.56, 45.15);
insert into SHOT values (336, 331, 337, 58, 5.380, 259.67, 14.60, 5.379, 259.71, 14.65, 0.006, 24.76, 41.66);
insert into SHOT values (337, 331, 338, 58, 10.230, 216.87, 18.90, 10.228, 216.89, 18.88, 0.006, 312.40, -37.99);
insert into SHOT values (338, 331, 339, 58, 5.570, 331.37, 63.10, 5.572, 331.30, 63.12, 0.004, 231.75, 41.95);
insert into SHOT values (339, 331, 340, 58, 6.820, 346.07, -17.60, 6.821, 346.03, -17.58, 0.005, 276.69, 25.16);
insert into SHOT values (340, 331, 341, 58, 15.400, 334.57, 2.90, 15.402, 334.55, 2.90, 0.005, 274.83, 10.71);
insert into SHOT values (341, 341, 342, 58, 19.800, 58.87, 32.20, 19.805, 58.89, 32.19, 0.009, 108.22, -5.90);
insert into SHOT values (342, 341, 343, 58, 25.410, 31.37, 25.20, 25.410, 31.37, 25.20, 0.003, 120.77, 16.08);
insert into SHOT values (343, 341, 344, 58, 13.120, 340.57, 13.50, 13.117, 340.58, 13.49, 0.006, 97.59, -30.51);
insert into SHOT values (344, 341, 345, 58, 14.830, 131.07, 3.80, 14.832, 131.05, 3.79, 0.005, 76.97, -38.93);
insert into SHOT values (345, 341, 346, 58, 6.740, 183.47, 6.90, 6.741, 183.43, 6.90, 0.005, 103.16, 3.43);
insert into SHOT values (346, 341, 347, 58, 16.580, 249.67, 1.00, 16.576, 249.66, 1.00, 0.004, 82.44, 8.20);
insert into SHOT values (347, 341, 348, 58, 18.240, 266.57, -3.40, 18.235, 266.57, -3.40, 0.006, 82.56, 18.44);
insert into SHOT values (348, 341, 349, 58, 21.580, 283.57, -6.80, 21.581, 283.58, -6.81, 0.006, 5.65, -52.15);
insert into SHOT values (349, 341, 350, 58, 10.130, 314.27, 9.10, 10.126, 314.27, 9.09, 0.004, 119.52, -32.89);
insert into SHOT values (350, 341, 351, 58, 10.580, 294.07, 82.00, 10.582, 294.12, 82.03, 0.005, 95.70, 33.46);
insert into SHOT values (351, 341, 352, 58, 2.380, 305.07, -49.00, 2.380, 305.32, -49.15, 0.009, 69.87, -23.96);
insert into SHOT values (352, 341, 353, 58, 21.000, 350.77, 10.10, 21.008, 350.81, 9.40, 0.258, 8.15, -77.96);
insert into SHOT values (353, 353, 354, 58, 15.120, 85.07, 23.00, 15.124, 85.10, 23.00, 0.008, 153.48, 15.13);
insert into SHOT values (354, 353, 355, 58, 15.440, 48.87, 15.90, 15.445, 48.88, 15.89, 0.006, 73.34, 0.64);
insert into SHOT values (355, 353, 356, 58, 14.780, 123.97, 12.90, 14.782, 123.97, 12.90, 0.002, 123.45, 13.32);
insert into SHOT values (356, 353, 357, 58, 10.530, 340.37, 10.70, 10.524, 340.39, 10.73, 0.010, 128.44, 29.97);
insert into SHOT values (357, 353, 358, 58, 5.000, 297.47, 13.80, 4.992, 297.52, 13.79, 0.009, 86.80, -17.65);
insert into SHOT values (358, 353, 359, 58, 7.920, 243.37, 17.60, 7.917, 243.30, 17.65, 0.011, 124.92, 27.62);
insert into SHOT values (359, 353, 360, 58, 6.030, 186.17, 7.60, 6.038, 186.14, 7.61, 0.008, 165.35, 17.73);
insert into SHOT values (360, 353, 361, 58, 6.570, 113.37, 66.50, 6.577, 113.34, 66.48, 0.007, 101.09, 43.61);
insert into SHOT values (361, 353, 362, 58, 2.290, 97.17, -35.20, 2.293, 97.35, -35.14, 0.007, 152.97, 0.23);
insert into SHOT values (362, 353, 363, 58, 30.330, 28.27, 12.10, 30.334, 28.17, 11.12, 0.522, 2.83, -76.68);
insert into SHOT values (363, 363, 364, 58, 8.300, 36.27, 20.80, 8.304, 36.25, 20.81, 0.005, 3.79, 32.94);
insert into SHOT values (364, 363, 365, 58, 8.230, 350.87, 21.30, 8.230, 350.84, 21.30, 0.003, 258.01, 8.91);
insert into SHOT values (365, 363, 366, 58, 11.080, 300.27, 18.00, 11.077, 300.26, 17.98, 0.004, 129.62, -65.43);
insert into SHOT values (366, 363, 367, 58, 10.580, 133.07, 11.20, 10.573, 133.05, 11.18, 0.009, 342.03, -34.80);
insert into SHOT values (367, 363, 368, 58, 12.000, 170.77, 7.10, 11.996, 170.77, 7.09, 0.005, 346.66, -40.51);
insert into SHOT values (368, 363, 369, 58, 11.940, 188.57, 1.40, 11.937, 188.58, 1.39, 0.004, 327.24, -23.74);
insert into SHOT values (369, 363, 370, 58, 5.720, 175.37, 49.70, 5.720, 175.35, 49.66, 0.004, 155.98, -42.48);
insert into SHOT values (370, 363, 371, 58, 3.790, 134.07, -22.60, 3.786, 134.07, -22.68, 0.006, 309.95, -33.03);
insert into SHOT values (371, 363, 372, 58, 18.230, 67.87, 18.90, 18.224, 67.85, 18.89, 0.008, 285.45, -38.42);
insert into SHOT values (372, 363, 373, 58, 17.220, 67.77, 19.00, 17.216, 67.61, 18.46, 0.170, 25.99, -67.19);
insert into SHOT values (373, 373, 374, 58, 12.990, 8.67, 0.20, 12.989, 8.68, 0.18, 0.006, 120.25, -58.86);
insert into SHOT values (374, 373, 375, 58, 8.430, 336.77, 12.00, 8.431, 336.79, 11.98, 0.005, 44.32, -33.21);
insert into SHOT values (375, 373, 376, 58, 19.520, 292.57, 24.80, 19.518, 292.57, 24.81, 0.004, 88.01, 35.88);
insert into SHOT values (376, 373, 377, 58, 20.920, 249.97, -0.90, 20.920, 249.95, -0.90, 0.005, 157.79, -17.56);
insert into SHOT values (377, 373, 378, 58, 18.950, 258.87, 2.50, 18.955, 258.86, 2.51, 0.007, 226.83, 29.61);
insert into SHOT values (378, 373, 379, 58, 15.340, 218.47, -3.60, 15.340, 218.45, -3.59, 0.005, 129.59, 36.11);
insert into SHOT values (379, 373, 380, 58, 10.320, 170.87, 8.00, 10.320, 170.88, 8.02, 0.004, 269.40, 58.12);
insert into SHOT values (380, 373, 381, 58, 5.050, 217.87, -26.00, 5.055, 217.85, -25.92, 0.009, 210.31, 25.74);
insert into SHOT values (381, 373, 382, 58, 11.140, 243.07, 47.10, 11.141, 243.03, 47.09, 0.005, 172.56, -5.91);
insert into SHOT values (382, 373, 383, 58, 5.350, 12.77, -29.00, 5.368, 12.70, -29.22, 0.027, 328.49, -73.94);
insert into SHOT values (383, 383, 384, 58, 13.350, 62.87, 9.80, 13.354, 62.87, 9.83, 0.008, 84.87, 70.94);
insert into SHOT values (384, 383, 385, 58, 7.480, 19.47, 14.50, 7.486, 19.51, 14.54, 0.010, 71.95, 45.34);
insert into SHOT values (385, 383, 386, 58, 9.940, 337.07, 15.30, 9.940, 337.10, 15.34, 0.009, 88.34, 49.48);
insert into SHOT values (386, 383, 387, 58, 7.160, 299.47, 31.40, 7.161, 299.50, 31.39, 0.004, 13.53, -6.33);
insert into SHOT values (387, 383, 388, 58, 5.180, 190.77, 29.20, 5.179, 190.71, 29.24, 0.006, 65.16, 29.44);
insert into SHOT values (388, 383, 389, 58, 3.940, 153.37, 21.30, 3.940, 153.30, 21.28, 0.005, 73.02, -14.79);
insert into SHOT values (389, 383, 390, 58, 13.440, 122.17, 6.90, 13.443, 122.14, 6.92, 0.008, 58.43, 40.77);
insert into SHOT values (390, 383, 391, 58, 19.460, 104.17, 2.80, 19.465, 104.17, 2.80, 0.005, 127.23, -6.55);
insert into SHOT values (391, 383, 392, 58, 6.910, 116.17, -18.80, 6.918, 116.17, -18.72, 0.013, 121.22, 33.08);
insert into SHOT values (392, 383, 393, 58, 6.130, 245.87, 77.50, 6.135, 245.95, 77.53, 0.006, 17.90, 63.80);
insert into SHOT values (393, 383, 394, 58, 19.500, 77.07, -0.30, 19.510, 76.90, -0.91, 0.215, 354.85, -75.03);
insert into SHOT values (394, 394, 395, 58, 13.830, 62.67, 0.90, 13.826, 62.66, 0.91, 0.005, 274.48, 32.83);
insert into SHOT values (395, 394, 396, 58, 8.440, 85.57, 2.40, 8.432, 85.58, 2.38, 0.008, 255.14, -24.26);
insert into SHOT values (396, 394, 397, 58, 3.800, 132.67, 11.50, 3.792, 132.71, 11.56, 0.009, 294.16, 15.11);
insert into SHOT values (397, 394, 398, 58, 7.710, 177.67, 11.20, 7.713, 177.73, 11.21, 0.009, 248.82, 15.90);
insert into SHOT values (398, 394, 399, 58, 13.690, 207.17, 9.10, 13.691, 207.15, 9.08, 0.006, 153.27, -53.23);
insert into SHOT values (399, 394, 400, 58, 16.670, 34.07, 1.80, 16.666, 34.06, 1.79, 0.005, 230.10, -42.63);
insert into SHOT values (400, 394, 401, 58, 10.350, 11.67, 3.60, 10.354, 11.67, 3.60, 0.004, 19.21, 1.68);
insert into SHOT values (401, 394, 402, 58, 6.870, 323.67, 2.20, 6.871, 323.65, 2.17, 0.005, 265.05, -55.29);
insert into SHOT values (402, 394, 403, 58, 5.510, 272.27, 2.50, 5.510, 272.29, 2.50, 0.002, 10.82, -8.11);
insert into SHOT values (403, 394, 404, 58, 2.690, 318.67, 52.60, 2.694, 318.72, 52.59, 0.004, 343.77, 42.25);
insert into SHOT values (404, 394, 405, 58, 0.800, 344.27, -22.20, 0.796, 344.27, -22.13, 0.004, 163.75, 36.55);
insert into SHOT values (405, 394, 406, 58, 16.650, 51.37, -1.90, 16.652, 51.22, -2.44, 0.163, 316.35, -75.12);
insert into SHOT values (406, 406, 407, 58, 4.340, 152.87, 1.20, 4.339, 152.84, 1.19, 0.002, 35.46, -25.84);
insert into SHOT values (407, 406, 408, 58, 3.290, 79.27, 7.60, 3.295, 79.41, 7.67, 0.011, 141.09, 27.19);
insert into SHOT values (408, 406, 409, 58, 11.280, 203.77, 7.30, 11.276, 203.72, 7.29, 0.010, 91.41, -20.09);
insert into SHOT values (409, 406, 410, 58, 10.710, 267.07, 8.70, 10.707, 267.08, 8.70, 0.003, 56.43, -0.06);
insert into SHOT values (410, 406, 411, 58, 4.230, 323.17, 11.40, 4.228, 323.24, 11.46, 0.007, 78.32, 33.17);
insert into SHOT values (411, 406, 412, 58, 0.900, 7.47, 6.00, 0.894, 7.77, 6.42, 0.010, 153.69, 35.37);
insert into SHOT values (412, 406, 413, 58, 0.970, 105.57, 84.80, 0.975, 108.43, 84.41, 0.009, 140.35, 25.62);
insert into SHOT values (413, 406, 414, 58, 0.880, 217.97, -74.60, 0.882, 216.38, -74.48, 0.007, 146.86, -13.05);
insert into SHOT values (414, 406, 415, 58, 4.650, 103.47, 6.60, 4.655, 103.38, 6.41, 0.017, 54.10, -56.32);
insert into SHOT values (415, 415, 416, 58, 1.330, 332.37, 7.10, 1.334, 332.08, 6.89, 0.009, 275.48, -29.12);
insert into SHOT values (416, 415, 417, 58, 0.770, 6.27, 49.50, 0.761, 5.83, 49.66, 0.010, 212.87, -33.16);
insert into SHOT values (417, 415, 418, 58, 2.100, 79.77, -23.00, 2.097, 79.85, -23.02, 0.004, 213.75, 7.35);
insert into SHOT values (418, 415, 419, 58, 2.840, 161.37, 4.10, 2.844, 161.50, 4.03, 0.008, 221.64, -21.59);
insert into SHOT values (419, 415, 420, 58, 5.770, 32.07, 6.70, 5.769, 32.03, 6.47, 0.024, 327.55, -79.37);
insert into SHOT values (420, 420, 421, 58, 2.450, 132.57, 13.50, 2.445, 132.61, 13.48, 0.005, 287.95, -22.00);
insert into SHOT values (421, 420, 422, 58, 0.780, 95.87, 59.40, 0.776, 95.86, 59.67, 0.005, 276.64, -15.40);
insert into SHOT values (422, 420, 423, 58, 3.300, 311.77, -4.20, 3.302, 311.68, -4.17, 0.006, 247.30, 16.57);
insert into SHOT values (423, 420, 424, 58, 0.710, 48.27, -58.20, 0.716, 48.24, -58.39, 0.007, 40.32, -79.32);
insert into SHOT values (424, 420, 425, 58, 8.420, 5.67, 2.50, 8.419, 5.66, 2.45, 0.007, 208.66, -82.06);
insert into SHOT values (425, 420, 426, 58, 3.940, 83.37, 4.00, 3.935, 83.42, 3.93, 0.008, 225.06, -39.99);
insert into SHOT values (426, 420, 427, 58, 9.410, 37.17, 5.40, 9.417, 37.11, 5.06, 0.057, 1.66, -75.33);
insert into SHOT values (427, 427, 428, 58, 6.330, 146.67, 8.80, 6.329, 146.74, 8.82, 0.009, 244.00, 10.82);
insert into SHOT values (428, 427, 429, 58, 3.940, 343.97, 31.50, 3.942, 343.94, 31.50, 0.003, 301.54, 28.84);
insert into SHOT values (429, 427, 430, 58, 5.830, 33.87, 6.80, 5.821, 33.86, 6.81, 0.009, 220.79, -1.87);
insert into SHOT values (430, 427, 431, 58, 16.240, 81.37, 4.00, 16.233, 81.37, 3.99, 0.008, 253.04, -21.69);
insert into SHOT values (431, 427, 432, 58, 2.140, 113.07, 75.10, 2.141, 113.75, 75.22, 0.008, 234.88, 14.30);
insert into SHOT values (432, 427, 433, 58, 2.180, 126.97, -25.50, 2.183, 127.16, -25.51, 0.007, 197.43, -11.80);
insert into SHOT values (433, 427, 434, 58, 4.820, 289.57, 9.30, 4.817, 289.54, 9.32, 0.004, 146.12, 16.74);
insert into SHOT values (434, 427, 435, 58, 6.930, 195.97, -1.10, 6.930, 196.00, -1.07, 0.005, 289.27, 34.61);
insert into SHOT values (435, 427, 436, 58, 15.840, 52.87, -0.10, 15.843, 52.75, -0.61, 0.146, 326.94, -76.94);
insert into SHOT values (436, 436, 437, 58, 7.090, 334.27, 9.20, 7.086, 334.24, 9.18, 0.006, 193.91, -36.64);
insert into SHOT values (437, 436, 438, 58, 6.170, 274.27, 7.80, 6.174, 274.22, 7.82, 0.007, 220.52, 23.06);
insert into SHOT values (438, 436, 439, 58, 10.400, 247.07, 2.10, 10.399, 247.06, 2.09, 0.002, 94.73, -36.36);
insert into SHOT values (439, 436, 440, 58, 7.750, 89.97, 14.50, 7.747, 90.00, 14.50, 0.005, 215.10, -4.65);
insert into SHOT values (440, 436, 441, 58, 7.660, 131.77, 15.60, 7.662, 131.81, 15.60, 0.006, 207.06, 0.66);
insert into SHOT values (441, 436, 442, 58, 10.010, 167.87, 9.90, 10.009, 167.88, 9.90, 0.003, 282.79, -19.49);
insert into SHOT values (442, 436, 443, 58, 2.500, 158.07, 66.60, 2.495, 158.09, 66.59, 0.005, 318.73, -73.13);
insert into SHOT values (443, 436, 444, 58, 1.320, 260.37, -19.40, 1.323, 260.31, -19.42, 0.003, 236.92, -27.36);
insert into SHOT values (444, 436, 445, 58, 13.340, 33.37, 6.70, 13.337, 33.31, 6.24, 0.108, 335.81, -81.30);
insert into SHOT values (445, 445, 446, 58, 12.910, 299.07, 0.10, 12.910, 299.11, 0.09, 0.009, 26.85, -15.50);
insert into SHOT values (446, 445, 447, 58, 1.790, 260.27, 1.60, 1.786, 260.33, 1.60, 0.004, 54.46, 0.27);
insert into SHOT values (447, 445, 448, 58, 16.550, 232.27, -1.70, 16.545, 232.27, -1.70, 0.005, 35.64, 10.90);
insert into SHOT values (448, 445, 449, 58, 5.260, 41.77, 4.40, 5.270, 41.76, 4.35, 0.011, 39.03, -18.40);
insert into SHOT values (449, 445, 450, 58, 13.690, 99.07, 0.50, 13.690, 99.04, 0.50, 0.007, 12.27, 4.23);
insert into SHOT values (450, 445, 451, 58, 9.390, 134.57, 4.20, 9.388, 134.57, 4.22, 0.003, 309.11, 43.31);
insert into SHOT values (451, 445, 452, 58, 19.150, 191.07, 0.80, 19.147, 191.05, 0.81, 0.006, 67.98, 24.93);
insert into SHOT values (452, 445, 453, 58, 3.290, 190.27, 37.30, 3.289, 190.15, 37.45, 0.010, 50.89, 37.32);
insert into SHOT values (453, 445, 454, 58, 1.610, 221.07, -17.40, 1.604, 221.29, -17.41, 0.008, 354.87, 9.88);
insert into SHOT values (454, 445, 455, 58, 15.980, 329.17, -0.30, 15.987, 329.26, -0.82, 0.149, 47.36, -79.21);
insert into SHOT values (455, 455, 456, 58, 4.050, 270.17, -22.00, 4.052, 270.15, -21.88, 0.009, 259.98, 55.07);
insert into SHOT values (456, 455, 457, 58, 7.900, 349.27, -7.00, 7.906, 349.28, -6.97, 0.007, 4.00, 24.39);
insert into SHOT values (457, 455, 458, 58, 12.450, 25.57, -3.10, 12.453, 25.53, -3.08, 0.008, 317.79, 24.17);
insert into SHOT values (458, 455, 459, 58, 10.350, 70.37, -4.90, 10.349, 70.33, -4.88, 0.007, 332.44, 35.92);
insert into SHOT values (459, 455, 460, 58, 11.830, 106.67, -3.50, 11.829, 106.69, -3.49, 0.005, 208.09, 28.32);
insert into SHOT values (460, 455, 461, 58, 2.250, 54.17, -45.90, 2.248, 54.08, -45.75, 0.007, 9.92, 59.81);
insert into SHOT values (461, 455, 462, 58, 3.380, 57.87, 19.50, 3.385, 57.80, 19.50, 0.006, 20.44, 17.07);
insert into SHOT values (462, 455, 463, 58, 23.830, 43.07, -2.10, 23.832, 42.92, -2.84, 0.313, 302.23, -78.86);
insert into SHOT values (463, 463, 464, 58, 5.390, 308.27, 3.80, 5.394, 308.36, 3.83, 0.010, 15.88, 16.14);
insert into SHOT values (464, 463, 465, 58, 5.340, 258.37, 0.00, 5.338, 258.44, 0.00, 0.007, 2.42, 0.00);
insert into SHOT values (465, 463, 466, 58, 11.600, 239.37, -2.80, 11.599, 239.38, -2.82, 0.005, 347.59, -40.86);
insert into SHOT values (466, 463, 467, 58, 10.930, 204.17, -2.20, 10.925, 204.17, -2.20, 0.005, 14.25, -4.87);
insert into SHOT values (467, 463, 468, 58, 3.500, 48.97, 1.80, 3.503, 48.94, 1.80, 0.004, 19.52, 1.00);
insert into SHOT values (468, 463, 469, 58, 4.040, 95.67, 0.30, 4.039, 95.54, 0.28, 0.009, 358.65, -7.42);
insert into SHOT values (469, 463, 470, 58, 7.810, 148.97, -0.80, 7.811, 148.94, -0.81, 0.004, 70.18, -12.80);
insert into SHOT values (470, 463, 471, 58, 1.870, 137.87, 58.60, 1.866, 137.49, 58.44, 0.009, 68.54, -41.85);
insert into SHOT values (471, 463, 472, 58, 0.440, 348.97, -47.00, 0.441, 350.54, -46.46, 0.009, 53.66, 11.01);
insert into SHOT values (472, 463, 473, 58, 12.110, 321.17, 3.10, 12.114, 321.27, 2.70, 0.088, 31.69, -74.12);
insert into SHOT values (473, 473, 474, 58, 15.530, 239.77, 1.60, 15.529, 239.88, 1.11, 0.137, 326.60, -76.47);
insert into SHOT values (474, 473, 475, 58, 22.680, 82.47, 0.10, 22.675, 82.47, 0.10, 0.006, 228.14, 4.25);
insert into SHOT values (475, 475, 476, 58, 5.110, 234.67, 6.40, 5.104, 234.71, 6.41, 0.007, 21.48, 3.03);
insert into SHOT values (476, 475, 477, 58, 7.550, 204.87, 5.80, 7.546, 204.89, 5.78, 0.006, 343.17, -29.62);
insert into SHOT values (477, 475, 478, 58, 7.750, 151.07, 10.50, 7.743, 151.01, 10.49, 0.010, 20.07, -13.58);
insert into SHOT values (478, 475, 479, 58, 2.180, 72.77, 32.10, 2.187, 72.74, 32.04, 0.007, 65.22, 12.82);
insert into SHOT values (479, 475, 480, 58, 5.910, 308.47, 8.30, 5.912, 308.48, 8.27, 0.004, 334.26, -52.14);
insert into SHOT values (480, 475, 481, 58, 6.660, 290.57, 2.50, 6.661, 290.59, 2.50, 0.003, 351.87, -10.58);
insert into SHOT values (481, 475, 482, 58, 24.200, 173.27, 2.50, 24.200, 173.25, 2.49, 0.007, 88.05, -48.50);
insert into SHOT values (482, 482, 483, 58, 1.810, 243.77, 9.50, 1.805, 244.01, 9.57, 0.009, 8.08, 7.81);
insert into SHOT values (483, 482, 484, 58, 5.930, 158.57, 7.80, 5.924, 158.51, 7.86, 0.011, 19.06, 29.22);
insert into SHOT values (484, 482, 485, 58, 8.770, 144.07, 10.30, 8.763, 144.06, 10.32, 0.008, 330.07, 14.11);
insert into SHOT values (485, 482, 486, 58, 13.010, 108.27, 9.10, 13.009, 108.24, 9.11, 0.007, 9.27, 20.15);
insert into SHOT values (486, 482, 487, 58, 6.840, 325.97, 6.40, 6.850, 325.96, 6.45, 0.012, 321.30, 40.14);
insert into SHOT values (487, 482, 488, 58, 7.900, 17.37, 2.10, 7.903, 17.31, 2.10, 0.008, 309.11, 3.60);
insert into SHOT values (488, 482, 489, 58, 15.300, 4.07, 3.10, 15.301, 4.05, 3.11, 0.004, 284.58, 37.89);
insert into SHOT values (489, 482, 490, 58, 3.860, 22.77, 32.00, 3.861, 22.65, 32.07, 0.008, 283.05, 33.19);
insert into SHOT values (490, 482, 491, 58, 2.190, 36.17, -12.80, 2.193, 36.07, -12.64, 0.008, 357.52, 41.21);
insert into SHOT values (491, 482, 492, 58, 8.960, 128.77, 5.30, 8.951, 128.76, 5.32, 0.009, 314.43, 14.87);
insert into SHOT values (492, 492, 493, 58, 5.690, 68.27, 10.00, 5.693, 68.33, 10.01, 0.007, 136.23, 15.67);
insert into SHOT values (493, 492, 494, 58, 5.350, 10.37, 15.40, 5.347, 10.39, 15.40, 0.004, 152.72, -9.81);
insert into SHOT values (494, 492, 495, 58, 12.720, 340.37, 3.00, 12.714, 340.39, 3.02, 0.010, 115.96, 25.10);
insert into SHOT values (495, 492, 496, 58, 2.940, 195.87, 26.20, 2.943, 195.83, 26.22, 0.003, 155.29, 35.06);
insert into SHOT values (496, 492, 497, 58, 3.700, 263.37, 3.80, 3.694, 263.30, 3.88, 0.009, 115.98, 31.06);
insert into SHOT values (497, 492, 498, 58, 10.060, 298.47, -2.50, 10.055, 298.48, -2.51, 0.005, 94.09, -12.52);
insert into SHOT values (498, 492, 499, 58, 2.740, 287.67, 66.00, 2.737, 287.78, 66.00, 0.004, 46.59, -49.93);
insert into SHOT values (499, 492, 500, 58, 1.250, 74.07, -27.20, 1.249, 74.34, -27.15, 0.005, 169.72, 14.51);
insert into SHOT values (500, 492, 501, 58, 27.550, 127.17, 0.50, 27.553, 127.15, 0.50, 0.007, 65.35, -3.32);
insert into SHOT values (501, 474, 502, 58, 3.680, 208.67, 7.30, 3.676, 208.67, 7.19, 0.008, 19.60, -68.79);
insert into SHOT values (502, 474, 503, 58, 7.590, 74.87, 1.30, 7.595, 74.88, 1.28, 0.006, 101.97, -22.74);
insert into SHOT values (503, 474, 504, 58, 2.770, 85.37, 74.70, 2.769, 85.30, 74.66, 0.003, 57.08, -46.34);
insert into SHOT values (504, 474, 505, 58, 1.370, 61.27, -27.60, 1.379, 61.13, -27.64, 0.010, 40.51, -32.42);
insert into SHOT values (505, 474, 506, 58, 27.420, 295.37, -0.90, 27.427, 295.61, -1.78, 0.435, 27.00, -74.33);
insert into SHOT values (506, 506, 507, 58, 5.780, 226.67, -9.80, 5.785, 226.71, -9.75, 0.008, 259.41, 27.54);
insert into SHOT values (507, 506, 508, 58, 7.260, 178.47, 16.10, 7.266, 178.52, 16.06, 0.010, 222.97, -18.46);
insert into SHOT values (508, 506, 509, 58, 13.060, 153.07, 0.60, 13.064, 153.10, 0.61, 0.010, 216.61, 19.63);
insert into SHOT values (509, 506, 510, 58, 10.970, 110.97, 6.40, 10.970, 110.96, 6.39, 0.003, 9.41, -75.29);
insert into SHOT values (510, 506, 511, 58, 5.320, 70.07, 7.10, 5.318, 70.05, 7.13, 0.004, 272.12, 40.03);
insert into SHOT values (511, 506, 512, 58, 3.480, 22.57, 0.70, 3.475, 22.51, 0.66, 0.007, 238.03, -21.81);
insert into SHOT values (512, 506, 513, 58, 7.290, 291.77, -10.50, 7.290, 291.70, -10.51, 0.009, 201.22, -9.97);
insert into SHOT values (513, 506, 514, 58, 5.970, 221.67, 55.40, 5.980, 221.66, 55.35, 0.011, 220.18, 30.80);
insert into SHOT values (514, 506, 515, 58, 1.650, 242.87, -42.30, 1.653, 242.81, -42.17, 0.005, 229.01, 5.17);
insert into SHOT values (515, 506, 516, 58, 16.900, 255.07, -7.80, 16.903, 255.21, -8.33, 0.163, 10.19, -73.71);
insert into SHOT values (516, 516, 517, 58, 8.000, 268.17, 5.70, 8.003, 268.13, 5.66, 0.008, 214.88, -35.65);
insert into SHOT values (517, 516, 518, 58, 2.380, 202.77, 12.10, 2.384, 202.71, 12.11, 0.004, 172.93, 14.76);
insert into SHOT values (518, 516, 519, 58, 4.940, 137.87, 5.80, 4.946, 137.88, 5.80, 0.006, 151.84, 7.32);
insert into SHOT values (519, 516, 520, 58, 13.830, 296.97, -0.90, 13.834, 296.95, -0.91, 0.006, 263.72, -28.07);
insert into SHOT values (520, 516, 521, 58, 15.310, 323.17, 0.20, 15.308, 323.15, 0.19, 0.005, 204.93, -40.51);
insert into SHOT values (521, 516, 522, 58, 6.900, 353.37, 4.00, 6.903, 353.33, 3.99, 0.006, 301.17, -13.26);
insert into SHOT values (522, 516, 523, 58, 4.790, 19.37, -4.30, 4.792, 19.31, -4.31, 0.005, 313.86, -8.98);
insert into SHOT values (523, 516, 524, 58, 9.070, 64.97, 2.60, 9.069, 64.99, 2.59, 0.004, 172.56, -19.25);
insert into SHOT values (524, 516, 525, 58, 2.970, 335.97, 49.50, 2.971, 335.83, 49.52, 0.005, 249.68, 18.72);
insert into SHOT values (525, 516, 526, 58, 1.960, 350.47, -26.10, 1.954, 350.48, -26.12, 0.006, 165.18, 20.74);
insert into SHOT values (526, 516, 527, 58, 18.220, 287.97, 2.80, 18.225, 288.11, 2.20, 0.196, 1.12, -76.18);
insert into SHOT values (527, 527, 528, 58, 10.440, 303.37, -2.10, 10.438, 303.39, -2.09, 0.005, 58.96, 32.99);
insert into SHOT values (528, 527, 529, 58, 4.160, 265.47, -14.60, 4.157, 265.58, -14.63, 0.009, 20.44, -8.99);
insert into SHOT values (529, 527, 530, 58, 6.570, 222.47, -22.10, 6.569, 222.47, -22.09, 0.002, 341.30, 74.41);
insert into SHOT values (530, 527, 531, 58, 9.530, 182.87, -16.30, 9.523, 182.82, -16.28, 0.010, 53.08, 27.42);
insert into SHOT values (531, 527, 532, 58, 10.410, 151.77, -9.50, 10.407, 151.74, -9.51, 0.007, 26.49, -16.36);
insert into SHOT values (532, 527, 533, 58, 10.800, 128.37, -4.20, 10.800, 128.33, -4.19, 0.007, 42.23, 7.67);
insert into SHOT values (533, 527, 534, 58, 4.450, 80.37, -21.80, 4.456, 80.26, -21.73, 0.011, 37.38, 13.56);
insert into SHOT values (534, 527, 535, 58, 5.680, 46.27, -16.90, 5.684, 46.27, -16.88, 0.004, 46.98, 15.52);
insert into SHOT values (535, 527, 536, 58, 8.110, 9.97, -12.90, 8.114, 9.97, -12.89, 0.004, 25.55, 7.23);
insert into SHOT values (536, 527, 537, 58, 11.470, 347.27, -8.60, 11.477, 347.27, -8.57, 0.009, 359.12, 33.15);
insert into SHOT values (537, 527, 538, 58, 14.610, 337.77, -6.10, 14.610, 337.80, -6.09, 0.008, 67.57, 18.36);
insert into SHOT values (538, 527, 539, 58, 2.710, 54.87, 24.20, 2.720, 54.84, 24.09, 0.011, 48.71, -4.50);
insert into SHOT values (539, 527, 540, 58, 2.660, 35.47, -41.70, 2.665, 35.60, -41.62, 0.008, 72.37, -3.47);
insert into SHOT values (540, 527, 541, 58, 4.240, 71.17, -39.60, 4.245, 71.12, -39.49, 0.010, 56.19, 15.64);
insert into SHOT values (541, 527, 542, 58, 21.180, 325.37, -4.40, 21.191, 325.52, -5.06, 0.252, 64.70, -76.83);
insert into SHOT values (542, 542, 543, 58, 17.350, 262.17, -3.80, 17.360, 262.17, -3.80, 0.010, 268.30, -0.87);
insert into SHOT values (543, 542, 544, 58, 11.450, 231.27, -2.40, 11.456, 231.28, -2.40, 0.006, 252.64, -4.63);
insert into SHOT values (544, 542, 545, 58, 8.170, 184.27, 5.40, 8.179, 184.30, 5.40, 0.010, 209.52, 6.41);
insert into SHOT values (545, 542, 546, 58, 13.620, 162.07, 7.20, 13.624, 162.07, 7.21, 0.005, 192.14, 36.16);
insert into SHOT values (546, 542, 547, 58, 10.060, 123.47, 6.40, 10.056, 123.53, 6.39, 0.012, 234.40, -6.45);
insert into SHOT values (547, 542, 548, 58, 6.840, 82.47, 2.90, 6.837, 82.51, 2.93, 0.007, 201.70, 32.77);
insert into SHOT values (548, 542, 549, 58, 10.700, 12.17, -13.80, 10.690, 12.12, -13.80, 0.013, 231.73, 10.42);
insert into SHOT values (549, 542, 550, 58, 13.630, 346.07, -3.70, 13.630, 346.05, -3.70, 0.005, 253.94, -5.02);
insert into SHOT values (550, 542, 551, 58, 17.990, 315.47, -3.50, 17.995, 315.45, -3.50, 0.007, 270.55, -14.90);
insert into SHOT values (551, 542, 552, 58, 16.490, 303.67, 2.00, 16.490, 303.64, 2.02, 0.008, 215.26, 33.14);
insert into SHOT values (552, 542, 553, 58, 11.630, 316.47, -12.10, 11.633, 316.42, -12.11, 0.009, 241.46, -14.27);
insert into SHOT values (553, 542, 554, 58, 2.010, 328.97, 68.90, 2.016, 328.50, 68.85, 0.008, 269.85, 34.42);
insert into SHOT values (554, 542, 555, 58, 8.050, 253.17, 53.60, 8.056, 253.12, 53.55, 0.010, 229.51, 3.42);
insert into SHOT values (555, 542, 556, 58, 28.850, 335.37, -3.70, 28.845, 335.34, -3.70, 0.014, 225.28, 7.31);
insert into SHOT values (556, 556, 557, 58, 2.240, 65.37, -6.00, 2.245, 65.39, -5.88, 0.007, 74.08, 38.43);
insert into SHOT values (557, 556, 558, 58, 7.370, 14.37, 7.30, 7.380, 14.40, 7.32, 0.011, 36.84, 18.77);
insert into SHOT values (558, 556, 559, 58, 9.390, 344.67, 11.20, 9.394, 344.71, 11.17, 0.010, 41.04, -23.34);
insert into SHOT values (559, 556, 560, 58, 6.210, 315.77, 7.60, 6.214, 315.86, 7.58, 0.011, 22.48, -7.16);
insert into SHOT values (560, 556, 561, 58, 7.700, 140.27, 8.70, 7.701, 140.22, 8.74, 0.008, 54.20, 43.07);
insert into SHOT values (561, 556, 562, 58, 8.510, 76.17, 57.10, 8.516, 76.11, 57.10, 0.007, 19.50, 43.97);
insert into SHOT values (562, 556, 563, 58, 1.950, 126.37, -53.70, 1.947, 126.17, -53.73, 0.005, 5.10, 19.04);
insert into SHOT values (563, 556, 564, 58, 12.740, 354.27, 21.40, 12.747, 354.29, 21.39, 0.009, 33.67, 9.02);
insert into SHOT values (564, 542, 565, 58, 22.250, 300.67, -3.80, 22.253, 300.83, -4.48, 0.273, 44.77, -76.06);
insert into SHOT values (565, 565, 566, 58, 9.520, 276.87, -8.20, 9.526, 276.88, -8.21, 0.006, 306.04, -19.72);
insert into SHOT values (566, 565, 567, 58, 9.460, 241.07, -23.30, 9.466, 241.11, -23.34, 0.011, 300.38, -49.35);
insert into SHOT values (567, 565, 568, 58, 8.230, 198.27, -15.80, 8.232, 198.32, -15.79, 0.008, 270.23, 6.21);
insert into SHOT values (568, 565, 569, 58, 11.780, 170.97, -2.80, 11.779, 171.00, -2.82, 0.009, 269.84, -31.16);
insert into SHOT values (569, 565, 570, 58, 1.830, 358.77, -6.30, 1.831, 358.74, -6.27, 0.002, 330.82, 25.74);
insert into SHOT values (570, 565, 571, 58, 4.480, 109.77, 8.20, 4.478, 109.78, 8.22, 0.003, 261.19, 18.93);
insert into SHOT values (571, 565, 572, 58, 3.190, 277.87, -60.70, 3.199, 278.08, -60.70, 0.011, 330.75, -48.04);
insert into SHOT values (572, 565, 573, 58, 9.980, 252.37, -31.50, 9.984, 252.35, -31.52, 0.006, 192.92, -67.61);
insert into SHOT values (573, 565, 574, 58, 2.640, 252.67, 30.10, 2.638, 252.68, 30.03, 0.004, 28.02, -81.85);
insert into SHOT values (574, 565, 575, 58, 14.780, 326.17, -7.40, 14.790, 326.24, -7.89, 0.128, 75.97, -80.36);
insert into SHOT values (575, 575, 576, 58, 10.720, 131.47, 13.60, 10.714, 131.50, 13.60, 0.008, 266.07, -5.29);
insert into SHOT values (576, 575, 577, 58, 7.710, 103.37, 18.80, 7.709, 103.31, 18.84, 0.009, 352.32, 36.21);
insert into SHOT values (577, 575, 578, 58, 9.350, 57.47, -0.50, 9.349, 57.45, -0.49, 0.003, 305.79, 28.16);
insert into SHOT values (578, 575, 579, 58, 12.370, 24.47, -5.40, 12.370, 24.46, -5.38, 0.004, 335.99, 79.58);
insert into SHOT values (579, 575, 580, 58, 13.740, 335.87, -3.30, 13.742, 335.86, -3.30, 0.002, 322.49, 22.31);
insert into SHOT values (580, 575, 581, 58, 8.990, 313.47, -2.20, 8.990, 313.47, -2.17, 0.005, 357.52, 88.44);
insert into SHOT values (581, 575, 582, 58, 6.970, 222.57, 16.00, 6.972, 222.64, 15.99, 0.009, 300.01, -7.47);
insert into SHOT values (582, 575, 583, 58, 9.420, 190.87, 14.00, 9.416, 190.92, 14.01, 0.009, 312.12, 6.64);
insert into SHOT values (583, 575, 584, 58, 10.490, 140.37, 67.70, 10.493, 140.31, 67.73, 0.007, 9.37, 39.17);
insert into SHOT values (584, 575, 585, 58, 7.300, 32.47, -21.90, 7.300, 32.40, -21.88, 0.008, 312.62, 19.52);
insert into SHOT values (585, 575, 586, 58, 26.100, 353.67, -4.10, 26.113, 353.69, -4.90, 0.364, 139.59, -87.05);
insert into SHOT values (586, 586, 587, 58, 17.170, 313.17, -6.90, 17.167, 313.17, -6.89, 0.004, 112.89, 43.25);
insert into SHOT values (587, 586, 588, 58, 7.370, 259.87, -8.20, 7.368, 259.89, -8.19, 0.004, 13.47, 17.99);
insert into SHOT values (588, 586, 589, 58, 13.910, 148.67, 3.80, 13.907, 148.65, 3.79, 0.006, 24.39, -18.50);
insert into SHOT values (589, 586, 590, 58, 7.270, 111.07, 1.30, 7.276, 111.03, 1.34, 0.009, 72.09, 32.32);
insert into SHOT values (590, 586, 591, 58, 8.260, 56.67, 6.20, 8.258, 56.68, 6.19, 0.003, 195.67, -38.69);
insert into SHOT values (591, 586, 592, 58, 15.410, 356.17, -5.90, 15.415, 356.19, -5.88, 0.009, 40.03, 27.48);
insert into SHOT values (592, 586, 593, 58, 26.430, 345.27, -5.90, 26.433, 345.28, -5.91, 0.008, 55.01, -22.07);
insert into SHOT values (593, 586, 594, 58, 11.280, 27.57, 45.60, 11.285, 27.60, 45.58, 0.009, 64.32, 4.98);
insert into SHOT values (594, 586, 595, 58, 2.800, 11.47, -27.70, 2.801, 11.63, -27.65, 0.007, 87.04, 12.20);
insert into SHOT values (595, 586, 596, 58, 13.260, 337.17, -3.60, 13.261, 337.19, -3.59, 0.007, 59.63, 21.89);
insert into SHOT values (596, 586, 597, 58, 21.210, 337.87, -8.40, 21.222, 337.98, -9.03, 0.236, 97.66, -78.74);
insert into SHOT values (597, 597, 598, 58, 8.550, 267.47, 8.90, 8.551, 267.42, 8.88, 0.007, 190.47, -22.72);
insert into SHOT values (598, 597, 599, 58, 5.470, 225.47, 14.20, 5.470, 225.46, 14.18, 0.002, 176.55, -63.33);
insert into SHOT values (599, 597, 600, 58, 13.080, 337.57, 3.90, 13.077, 337.56, 3.86, 0.010, 178.65, -77.76);
insert into SHOT values (600, 597, 601, 58, 0.920, 11.87, 5.20, 0.912, 11.43, 5.03, 0.011, 231.67, -17.54);
insert into SHOT values (601, 597, 602, 58, 6.320, 14.17, 8.60, 6.308, 14.10, 8.57, 0.014, 226.20, -21.45);
insert into SHOT values (602, 597, 603, 58, 6.210, 91.27, 11.30, 6.201, 91.32, 11.25, 0.012, 236.06, -34.85);
insert into SHOT values (603, 597, 604, 58, 7.390, 119.27, 9.90, 7.390, 119.28, 9.90, 0.001, 214.26, -22.65);
insert into SHOT values (604, 597, 605, 58, 2.030, 24.67, 72.40, 2.022, 24.44, 72.62, 0.011, 218.28, -26.59);
insert into SHOT values (605, 597, 606, 58, 0.340, 257.57, -60.10, 0.347, 256.76, -59.79, 0.008, 232.01, -42.69);
insert into SHOT values (606, 597, 607, 58, 15.190, 333.87, 3.50, 15.195, 333.92, 2.98, 0.139, 24.37, -81.64);
insert into SHOT values (607, 607, 608, 58, 9.540, 287.87, -3.90, 9.541, 287.86, -3.91, 0.002, 270.40, -46.67);
insert into SHOT values (608, 607, 609, 58, 10.360, 244.47, -4.30, 10.362, 244.43, -4.32, 0.008, 165.31, -24.29);
insert into SHOT values (609, 607, 610, 58, 14.580, 203.37, -0.70, 14.585, 203.35, -0.71, 0.007, 163.29, -15.04);
insert into SHOT values (610, 607, 611, 58, 4.540, 142.67, 0.30, 4.538, 142.70, 0.25, 0.005, 265.83, -48.72);
insert into SHOT values (611, 607, 612, 58, 3.810, 346.27, -8.50, 3.810, 346.18, -8.45, 0.006, 265.63, 30.33);
insert into SHOT values (612, 607, 613, 58, 2.460, 303.37, 25.10, 2.456, 303.26, 25.06, 0.006, 174.28, -34.06);
insert into SHOT values (613, 607, 614, 58, 3.570, 294.47, -17.10, 3.572, 294.39, -17.09, 0.005, 233.10, -3.01);
insert into SHOT values (614, 607, 615, 58, 12.700, 310.37, -4.00, 12.707, 310.45, -4.42, 0.096, 41.24, -78.28);
insert into SHOT values (615, 615, 616, 58, 5.360, 191.17, 3.00, 5.359, 191.20, 2.99, 0.004, 291.06, -7.99);
insert into SHOT values (616, 615, 617, 58, 8.220, 119.97, 3.40, 8.222, 119.97, 3.42, 0.003, 137.31, 51.34);
insert into SHOT values (617, 615, 618, 58, 4.530, 239.97, -1.40, 4.531, 239.93, -1.39, 0.003, 170.25, 11.31);
insert into SHOT values (618, 615, 619, 58, 9.300, 242.67, -1.90, 9.304, 242.66, -1.91, 0.004, 236.08, -25.02);
insert into SHOT values (619, 615, 620, 58, 7.650, 301.67, 1.20, 7.648, 301.63, 1.20, 0.005, 183.68, -2.35);
insert into SHOT values (620, 615, 621, 58, 5.090, 334.87, -1.30, 5.083, 334.85, -1.24, 0.009, 168.76, 38.03);
insert into SHOT values (621, 615, 622, 58, 13.430, 27.67, 0.80, 13.425, 27.65, 0.81, 0.007, 236.50, 22.01);
insert into SHOT values (622, 615, 623, 58, 2.470, 258.47, 73.20, 2.476, 257.91, 73.19, 0.009, 184.01, 36.71);
insert into SHOT values (623, 615, 624, 58, 3.740, 235.97, -28.30, 3.743, 235.88, -28.22, 0.008, 188.90, 23.69);
insert into SHOT values (624, 615, 625, 58, 19.980, 0.37, -5.30, 19.975, 0.37, -5.29, 0.008, 144.57, 47.37);
insert into SHOT values (625, 615, 626, 58, 38.720, 293.87, 1.40, 38.721, 293.86, 1.41, 0.004, 225.24, 65.13);
insert into SHOT values (626, 615, 627, 58, 7.770, 236.77, -7.30, 7.775, 236.80, -7.54, 0.033, 317.80, -80.80);
insert into SHOT values (627, 627, 628, 58, 5.240, 222.37, 31.00, 5.226, 222.38, 30.98, 0.014, 37.82, -38.89);
insert into SHOT values (628, 627, 629, 58, 11.280, 146.67, 10.90, 11.278, 146.64, 10.89, 0.006, 37.67, -29.52);
insert into SHOT values (629, 627, 630, 58, 5.930, 110.17, 17.70, 5.933, 110.07, 17.66, 0.011, 43.03, -15.81);
insert into SHOT values (630, 627, 631, 58, 6.110, 281.07, 20.90, 6.109, 281.11, 20.91, 0.005, 22.82, 3.94);
insert into SHOT values (631, 627, 632, 58, 8.560, 343.87, 5.10, 8.560, 343.86, 5.09, 0.001, 246.90, -50.80);
insert into SHOT values (632, 627, 633, 58, 17.780, 333.57, 6.50, 17.779, 333.58, 6.49, 0.005, 72.86, -31.90);
insert into SHOT values (633, 627, 634, 58, 5.080, 321.37, 74.20, 5.072, 321.47, 74.20, 0.009, 97.50, -65.86);
insert into SHOT values (634, 627, 635, 58, 1.300, 115.87, -41.50, 1.307, 115.51, -41.74, 0.011, 39.28, -54.38);
insert into SHOT values (635, 627, 636, 58, 18.220, 167.77, 1.60, 18.211, 167.70, 1.01, 0.190, 65.71, -83.19);
insert into SHOT values (636, 636, 637, 58, 11.540, 219.37, 13.20, 11.547, 219.37, 13.22, 0.007, 224.31, 40.76);
insert into SHOT values (637, 636, 638, 58, 1.470, 155.77, 30.40, 1.471, 155.85, 30.20, 0.005, 186.37, -45.06);
insert into SHOT values (638, 636, 639, 58, 2.940, 56.17, 21.00, 2.940, 56.14, 20.93, 0.004, 2.78, -63.91);
insert into SHOT values (639, 636, 640, 58, 7.180, 12.87, 9.10, 7.177, 12.80, 9.14, 0.010, 259.26, 26.71);
insert into SHOT values (640, 636, 641, 58, 11.810, 334.37, 7.30, 11.810, 334.35, 7.30, 0.003, 238.76, -14.24);
insert into SHOT values (641, 636, 642, 58, 13.160, 265.27, 4.70, 13.159, 265.28, 4.71, 0.003, 22.02, 32.30);
insert into SHOT values (642, 636, 643, 58, 3.930, 262.87, 46.00, 3.933, 262.85, 46.02, 0.003, 229.83, 63.76);
insert into SHOT values (643, 636, 644, 58, 2.930, 275.17, -28.40, 2.931, 275.11, -28.31, 0.005, 236.33, 43.87);
insert into SHOT values (644, 636, 645, 58, 19.520, 250.37, -2.50, 19.524, 250.52, -3.11, 0.215, 346.72, -75.44);
insert into SHOT values (645, 645, 646, 58, 12.010, 195.97, 9.20, 12.002, 195.97, 9.21, 0.008, 7.14, -1.20);
insert into SHOT values (646, 645, 647, 58, 15.540, 176.27, 14.10, 15.539, 176.27, 14.08, 0.006, 263.28, -74.56);
insert into SHOT values (647, 645, 648, 58, 19.580, 70.47, 4.20, 19.577, 70.46, 4.19, 0.005, 280.51, -48.65);
insert into SHOT values (648, 645, 649, 58, 4.780, 47.67, 5.20, 4.783, 47.64, 5.16, 0.005, 13.89, -37.07);
insert into SHOT values (649, 645, 650, 58, 3.830, 15.87, 19.30, 3.831, 15.88, 19.20, 0.007, 31.07, -59.61);
insert into SHOT values (650, 645, 651, 58, 12.530, 344.77, 13.70, 12.533, 344.77, 13.66, 0.009, 343.85, -59.64);
insert into SHOT values (651, 645, 652, 58, 11.470, 325.27, 16.70, 11.470, 325.27, 16.67, 0.006, 345.35, -75.84);
insert into SHOT values (652, 645, 653, 58, 10.510, 284.17, 1.80, 10.517, 284.21, 1.80, 0.010, 333.23, -0.71);
insert into SHOT values (653, 645, 654, 58, 11.650, 262.27, 4.20, 11.646, 262.28, 4.19, 0.006, 39.91, -34.42);
insert into SHOT values (654, 645, 655, 58, 5.290, 260.57, 70.70, 5.289, 260.81, 70.65, 0.009, 321.58, -17.84);
insert into SHOT values (655, 645, 656, 58, 1.300, 271.57, -40.50, 1.305, 271.74, -40.64, 0.007, 328.35, -58.46);
insert into SHOT values (656, 645, 657, 58, 12.550, 207.47, 7.20, 12.535, 207.51, 6.78, 0.094, 316.14, -83.50);
insert into SHOT values (657, 657, 658, 58, 1.440, 119.07, 8.30, 1.435, 119.09, 8.42, 0.006, 292.33, 19.80);
insert into SHOT values (658, 657, 659, 58, 9.330, 55.17, 4.60, 9.326, 55.16, 4.61, 0.004, 238.20, 23.08);
insert into SHOT values (659, 657, 660, 58, 6.790, 177.77, 0.40, 6.785, 177.80, 0.42, 0.007, 314.89, 21.42);
insert into SHOT values (660, 657, 661, 58, 19.870, 201.77, -2.50, 19.874, 201.76, -2.51, 0.005, 165.59, -37.43);
insert into SHOT values (661, 657, 662, 58, 10.520, 239.17, 5.30, 10.525, 239.18, 5.29, 0.006, 260.07, -17.08);
insert into SHOT values (662, 657, 663, 58, 11.270, 260.27, -0.90, 11.274, 260.25, -0.91, 0.007, 217.43, -26.53);
insert into SHOT values (663, 657, 664, 58, 11.610, 332.87, -5.50, 11.605, 332.86, -5.49, 0.005, 171.93, 30.53);
insert into SHOT values (664, 657, 665, 58, 5.770, 16.17, 67.50, 5.768, 16.05, 67.52, 0.005, 260.77, -9.22);
insert into SHOT values (665, 657, 666, 58, 1.250, 323.07, -33.50, 1.250, 322.80, -33.51, 0.005, 228.91, -0.93);
insert into SHOT values (666, 657, 667, 58, 15.550, 190.27, -2.70, 15.544, 190.28, -3.21, 0.138, 352.63, -84.10);
insert into SHOT values (667, 667, 668, 58, 3.950, 59.07, 5.30, 3.945, 59.06, 5.24, 0.006, 243.48, -49.93);
insert into SHOT values (668, 667, 669, 58, 8.070, 21.67, 5.60, 8.065, 21.64, 5.62, 0.007, 231.68, 20.83);
insert into SHOT values (669, 667, 670, 58, 10.600, 330.27, 0.60, 10.598, 330.24, 0.59, 0.005, 217.30, -11.66);
insert into SHOT values (670, 667, 671, 58, 7.320, 287.67, -0.20, 7.325, 287.64, -0.23, 0.007, 255.53, -39.45);
insert into SHOT values (671, 667, 672, 58, 5.910, 231.17, -7.60, 5.913, 231.23, -7.58, 0.008, 296.82, 12.18);
insert into SHOT values (672, 667, 673, 58, 4.770, 280.27, 34.90, 4.771, 280.30, 34.90, 0.003, 349.81, 16.91);
insert into SHOT values (673, 667, 674, 58, 2.590, 314.27, -20.90, 2.594, 314.16, -20.77, 0.008, 278.97, 28.10);
insert into SHOT values (674, 667, 675, 58, 27.660, 199.67, -5.50, 27.659, 199.75, -6.39, 0.433, 336.79, -81.81);
insert into SHOT values (675, 675, 676, 58, 10.700, 232.97, 6.70, 10.697, 232.96, 6.71, 0.004, 81.16, 26.43);
insert into SHOT values (676, 675, 677, 58, 18.890, 194.17, 1.40, 18.889, 194.16, 1.40, 0.002, 85.81, -44.26);
insert into SHOT values (677, 675, 678, 58, 24.850, 185.77, 1.90, 24.849, 185.75, 1.89, 0.006, 82.41, -37.00);
insert into SHOT values (678, 675, 679, 58, 16.970, 132.47, 9.50, 16.972, 132.46, 9.50, 0.003, 86.91, -14.75);
insert into SHOT values (679, 675, 680, 58, 9.310, 77.87, 10.10, 9.307, 77.91, 10.09, 0.007, 188.09, -21.64);
insert into SHOT values (680, 675, 681, 58, 8.320, 273.07, 5.70, 8.313, 273.05, 5.73, 0.008, 111.65, 25.88);
insert into SHOT values (681, 675, 682, 58, 23.420, 28.97, 6.90, 23.418, 28.97, 6.89, 0.004, 176.56, -61.50);
insert into SHOT values (682, 675, 683, 58, 20.030, 1.17, 4.40, 20.024, 1.18, 4.41, 0.008, 151.81, 23.17);
insert into SHOT values (683, 675, 684, 58, 7.040, 124.87, 64.50, 7.039, 124.95, 64.43, 0.009, 156.34, -27.40);
insert into SHOT values (684, 675, 685, 58, 1.310, 109.67, -33.80, 1.316, 109.76, -33.70, 0.006, 126.67, -11.57);
insert into SHOT values (685, 675, 686, 58, 15.790, 177.67, 1.60, 15.786, 177.64, 1.09, 0.141, 84.04, -87.07);
insert into SHOT values (686, 686, 687, 58, 23.200, 129.47, 10.90, 23.202, 129.46, 10.91, 0.004, 83.57, 48.29);
insert into SHOT values (687, 686, 688, 58, 7.440, 77.87, 18.50, 7.441, 77.89, 18.49, 0.004, 145.65, -11.31);
insert into SHOT values (688, 686, 689, 58, 12.970, 60.97, 15.60, 12.967, 60.97, 15.61, 0.004, 219.15, 29.78);
insert into SHOT values (689, 686, 690, 58, 17.790, 40.37, 6.00, 17.790, 40.37, 6.00, 0.001, 108.54, 19.99);
insert into SHOT values (690, 686, 691, 58, 20.070, 26.17, 3.40, 20.067, 26.16, 3.40, 0.005, 251.80, -3.22);
insert into SHOT values (691, 686, 692, 58, 24.320, 347.17, 1.90, 24.321, 347.16, 1.91, 0.004, 308.70, 74.85);
insert into SHOT values (692, 686, 693, 58, 13.330, 312.57, 2.30, 13.331, 312.57, 2.32, 0.005, 314.99, 84.27);
insert into SHOT values (693, 686, 694, 58, 4.840, 217.27, -1.00, 4.839, 217.27, -0.95, 0.005, 10.93, 74.07);
insert into SHOT values (694, 686, 695, 58, 9.070, 206.67, -3.10, 9.065, 206.65, -3.10, 0.006, 52.78, 4.96);
insert into SHOT values (695, 686, 696, 58, 13.140, 184.07, -2.20, 13.142, 184.06, -2.18, 0.005, 160.32, 56.70);
insert into SHOT values (696, 686, 697, 58, 3.520, 188.27, 63.00, 3.523, 188.28, 63.05, 0.004, 350.01, 68.13);
insert into SHOT values (697, 686, 698, 58, 1.630, 196.67, -40.90, 1.631, 196.52, -41.00, 0.004, 85.07, -39.62);
insert into SHOT values (698, 686, 699, 58, 17.420, 172.37, 2.00, 17.411, 172.34, 1.45, 0.168, 54.83, -86.99);
insert into SHOT values (699, 699, 700, 58, 19.790, 78.97, 0.80, 19.786, 78.99, 0.81, 0.009, 197.12, 25.71);
insert into SHOT values (700, 699, 701, 58, 23.030, 53.17, 5.60, 23.034, 53.18, 5.61, 0.006, 96.51, 26.32);
insert into SHOT values (701, 699, 702, 58, 18.480, 15.87, 6.60, 18.482, 15.87, 6.59, 0.005, 35.89, -61.03);
insert into SHOT values (702, 699, 703, 58, 15.620, 336.57, -0.60, 15.619, 336.57, -0.59, 0.004, 116.96, 62.54);
insert into SHOT values (703, 699, 704, 58, 2.930, 322.67, -6.10, 2.927, 322.54, -6.08, 0.007, 205.73, 10.65);
insert into SHOT values (704, 699, 705, 58, 3.640, 162.87, -10.40, 3.641, 162.78, -10.44, 0.006, 76.04, -28.34);
insert into SHOT values (705, 699, 706, 58, 16.010, 76.47, 20.20, 16.011, 76.49, 20.21, 0.007, 162.61, 15.08);
insert into SHOT values (706, 699, 707, 58, 6.850, 82.87, -16.20, 6.852, 82.93, -16.19, 0.008, 157.23, 8.23);
insert into SHOT values (707, 699, 708, 58, 19.140, 134.77, 0.10, 19.143, 134.64, -0.51, 0.208, 47.14, -78.33);
insert into SHOT values (708, 708, 709, 58, 10.840, 174.57, 0.40, 10.838, 174.60, 0.37, 0.009, 278.85, -40.61);
insert into SHOT values (709, 708, 710, 58, 7.090, 217.47, 5.00, 7.088, 217.52, 5.02, 0.007, 328.85, 16.33);
insert into SHOT values (710, 708, 711, 58, 5.450, 291.57, -1.40, 5.455, 291.63, -1.37, 0.009, 337.53, 21.66);
insert into SHOT values (711, 708, 712, 58, 14.780, 16.67, 10.80, 14.781, 16.65, 10.80, 0.004, 294.24, 7.14);
insert into SHOT values (712, 708, 713, 58, 13.570, 111.07, 9.10, 13.563, 111.05, 9.08, 0.010, 329.18, -40.60);
insert into SHOT values (713, 708, 714, 58, 18.430, 131.67, 3.00, 18.427, 131.65, 2.99, 0.007, 11.11, -40.66);
insert into SHOT values (714, 708, 715, 58, 28.690, 151.27, 0.60, 28.684, 151.26, 0.60, 0.006, 342.06, -4.14);
insert into SHOT values (715, 708, 716, 58, 25.080, 163.17, -2.10, 25.074, 163.10, -2.90, 0.353, 36.62, -84.10);
insert into SHOT values (716, 716, 717, 58, 6.170, 316.17, 3.00, 6.169, 316.25, 2.97, 0.010, 53.66, -17.77);
insert into SHOT values (717, 716, 718, 58, 4.750, 236.17, 10.00, 4.742, 236.17, 9.96, 0.009, 51.03, -33.57);
insert into SHOT values (718, 716, 719, 58, 5.000, 233.57, 8.50, 4.995, 233.48, 8.52, 0.009, 110.15, 6.00);
insert into SHOT values (719, 716, 720, 58, 6.740, 187.07, 5.40, 6.740, 187.02, 5.36, 0.007, 99.17, -38.07);
insert into SHOT values (720, 716, 721, 58, 14.900, 157.77, 3.40, 14.902, 157.76, 3.39, 0.005, 139.10, -52.02);
insert into SHOT values (721, 716, 722, 58, 7.500, 110.57, 9.50, 7.505, 110.57, 9.51, 0.005, 109.36, 25.26);
insert into SHOT values (722, 716, 723, 58, 7.970, 76.17, 16.70, 7.978, 76.15, 16.68, 0.009, 58.51, -1.69);
insert into SHOT values (723, 716, 724, 58, 11.370, 36.87, 17.10, 11.373, 36.85, 17.08, 0.007, 1.98, -29.83);
insert into SHOT values (724, 716, 725, 58, 4.920, 88.27, 40.00, 4.921, 88.18, 39.96, 0.007, 25.12, -20.96);
insert into SHOT values (725, 716, 726, 58, 2.150, 88.67, -20.60, 2.159, 88.58, -20.61, 0.009, 68.60, -22.35);
insert into SHOT values (726, 716, 727, 58, 18.910, 139.67, 0.10, 18.904, 139.53, -0.52, 0.208, 41.40, -77.15);
insert into SHOT values (727, 727, 728, 58, 11.860, 57.67, 8.10, 11.859, 57.66, 8.10, 0.002, 264.05, -45.81);
insert into SHOT values (728, 727, 729, 58, 8.350, 9.17, 25.70, 8.343, 9.19, 25.72, 0.008, 169.40, -7.45);
insert into SHOT values (729, 727, 730, 58, 12.960, 342.37, 17.80, 12.960, 342.36, 17.79, 0.003, 277.25, -43.90);
insert into SHOT values (730, 727, 731, 58, 14.560, 286.47, 9.50, 14.560, 286.47, 9.53, 0.007, 103.88, 78.33);
insert into SHOT values (731, 727, 732, 58, 6.980, 267.87, 17.30, 6.982, 267.85, 17.33, 0.005, 192.11, 66.61);
insert into SHOT values (732, 727, 733, 58, 5.800, 204.67, 25.50, 5.802, 204.61, 25.53, 0.006, 119.54, 29.35);
insert into SHOT values (733, 727, 734, 58, 12.310, 161.67, 16.00, 12.318, 161.69, 16.02, 0.010, 196.34, 41.30);
insert into SHOT values (734, 727, 735, 58, 4.870, 251.47, 71.90, 4.871, 251.09, 71.92, 0.010, 153.49, 5.57);
insert into SHOT values (735, 727, 736, 58, 1.100, 311.37, -32.30, 1.100, 311.07, -32.43, 0.005, 206.13, -23.99);
insert into SHOT values (736, 727, 737, 58, 21.070, 121.47, 11.20, 21.062, 121.31, 10.56, 0.242, 64.52, -73.90);
insert into SHOT values (737, 737, 738, 58, 11.150, 69.57, 38.10, 11.155, 69.60, 38.08, 0.009, 113.45, 0.34);
insert into SHOT values (738, 737, 739, 58, 9.310, 0.67, 20.40, 9.307, 0.72, 20.44, 0.011, 122.65, 25.16);
insert into SHOT values (739, 737, 740, 58, 21.170, 291.97, 11.30, 21.166, 291.96, 11.31, 0.006, 153.40, 17.34);
insert into SHOT values (740, 737, 741, 58, 13.400, 244.67, 35.20, 13.400, 244.63, 35.23, 0.010, 124.80, 35.53);
insert into SHOT values (741, 737, 742, 58, 18.240, 204.37, 5.40, 18.238, 204.36, 5.41, 0.004, 46.81, 55.67);
insert into SHOT values (742, 737, 743, 58, 10.470, 186.57, 25.80, 10.475, 186.51, 25.80, 0.010, 124.95, 18.09);
insert into SHOT values (743, 737, 744, 58, 2.050, 223.97, -36.20, 2.044, 223.77, -36.29, 0.009, 85.49, 5.00);
insert into SHOT values (744, 737, 745, 58, 14.840, 184.77, -2.80, 14.836, 184.76, -3.28, 0.126, 7.70, -84.91);
insert into SHOT values (745, 745, 746, 58, 11.400, 137.27, -6.70, 11.407, 137.25, -6.70, 0.008, 118.93, 0.34);
insert into SHOT values (746, 745, 747, 58, 8.730, 70.07, -1.10, 8.736, 70.05, -1.12, 0.007, 47.81, -21.31);
insert into SHOT values (747, 745, 748, 58, 14.190, 190.07, -14.20, 14.194, 190.04, -14.19, 0.007, 140.73, 7.56);
insert into SHOT values (748, 745, 749, 58, 11.900, 249.77, -7.50, 11.899, 249.77, -7.48, 0.003, 10.55, 81.23);
insert into SHOT values (749, 745, 750, 58, 17.190, 299.77, -0.40, 17.187, 299.76, -0.40, 0.004, 157.41, 0.11);
insert into SHOT values (750, 745, 751, 58, 20.730, 320.17, -0.00, 20.732, 320.17, 0.00, 0.002, 323.45, 0.00);
insert into SHOT values (751, 745, 752, 58, 14.110, 219.07, 59.00, 14.114, 219.08, 59.02, 0.006, 357.06, 65.84);
insert into SHOT values (752, 745, 753, 58, 16.800, 221.97, -35.00, 16.799, 221.97, -35.02, 0.005, 43.19, -49.21);
insert into SHOT values (753, 745, 754, 58, 4.440, 244.57, -52.20, 4.443, 244.56, -52.19, 0.003, 242.53, -31.86);
insert into SHOT values (754, 745, 755, 58, 17.190, 216.17, -31.00, 17.196, 216.23, -31.56, 0.169, 25.06, -60.36);
insert into SHOT values (755, 755, 756, 58, 4.370, 132.57, 1.50, 4.368, 132.68, 1.57, 0.011, 236.06, 32.14);
insert into SHOT values (756, 755, 757, 58, 15.310, 85.07, 25.90, 15.310, 85.08, 25.91, 0.005, 194.65, 28.55);
insert into SHOT values (757, 755, 758, 58, 9.180, 1.17, 24.30, 9.176, 1.16, 24.33, 0.005, 182.69, 24.88);
insert into SHOT values (758, 755, 759, 58, 9.570, 318.17, 8.40, 9.571, 318.13, 8.41, 0.007, 234.63, 16.38);
insert into SHOT values (759, 755, 760, 58, 12.790, 281.87, 7.10, 12.789, 281.87, 7.10, 0.001, 69.09, -48.19);
insert into SHOT values (760, 755, 761, 58, 0.360, 254.27, -2.10, 0.364, 254.05, -1.57, 0.005, 236.72, 35.64);
insert into SHOT values (761, 755, 762, 58, 10.190, 229.47, 6.00, 10.191, 229.44, 6.03, 0.007, 150.24, 48.07);
insert into SHOT values (762, 755, 763, 58, 6.100, 266.27, 40.10, 6.104, 266.19, 40.08, 0.007, 212.43, 6.66);
insert into SHOT values (763, 755, 764, 58, 4.810, 278.97, -18.90, 4.812, 278.97, -18.79, 0.009, 279.19, 58.15);
insert into SHOT values (764, 755, 765, 58, 28.400, 163.47, 1.70, 28.399, 163.38, 0.83, 0.435, 84.90, -84.53);
insert into SHOT values (765, 765, 766, 58, 8.440, 130.87, 10.00, 8.436, 130.90, 9.97, 0.008, 253.60, -43.11);
insert into SHOT values (766, 765, 767, 58, 5.000, 72.77, 17.70, 5.000, 72.78, 17.70, 0.001, 156.20, -6.84);
insert into SHOT values (767, 765, 768, 58, 6.670, 24.37, 6.70, 6.673, 24.32, 6.63, 0.010, 331.85, -52.26);
insert into SHOT values (768, 765, 769, 58, 11.930, 6.77, 5.60, 11.929, 6.77, 5.58, 0.004, 107.34, -73.07);
insert into SHOT values (769, 765, 770, 58, 10.460, 325.87, 1.20, 10.464, 325.87, 1.20, 0.004, 334.64, 12.36);
insert into SHOT values (770, 765, 771, 58, 3.720, 280.07, 5.00, 3.721, 280.10, 4.93, 0.005, 332.42, -58.49);
insert into SHOT values (771, 765, 772, 58, 6.890, 201.97, -0.80, 6.892, 201.99, -0.83, 0.005, 255.37, -50.60);
insert into SHOT values (772, 765, 773, 58, 10.530, 181.57, 0.60, 10.525, 181.58, 0.60, 0.006, 337.49, -2.58);
insert into SHOT values (773, 765, 774, 58, 2.470, 192.57, 29.20, 2.464, 192.62, 29.15, 0.007, 348.47, -47.69);
insert into SHOT values (774, 765, 775, 58, 3.370, 203.87, -20.90, 3.372, 203.80, -21.03, 0.009, 103.72, -63.47);
insert into SHOT values (775, 765, 776, 58, 19.810, 172.27, -2.40, 19.799, 172.24, -3.04, 0.222, 15.76, -83.93);
insert into SHOT values (776, 776, 777, 58, 4.560, 161.87, 15.30, 4.560, 161.85, 15.26, 0.003, 94.65, -72.34);
insert into SHOT values (777, 776, 778, 58, 6.950, 121.67, 12.50, 6.957, 121.70, 12.45, 0.010, 148.44, -24.43);
insert into SHOT values (778, 776, 779, 58, 11.590, 75.87, 25.80, 11.587, 75.91, 25.78, 0.009, 171.56, -27.92);
insert into SHOT values (779, 776, 780, 58, 8.390, 41.77, 15.70, 8.387, 41.79, 15.70, 0.004, 179.76, -4.38);
insert into SHOT values (780, 776, 781, 58, 12.510, 16.07, 10.50, 12.512, 16.09, 10.50, 0.006, 91.10, 2.25);
insert into SHOT values (781, 776, 782, 58, 7.500, 338.57, 8.20, 7.499, 338.59, 8.20, 0.003, 88.12, 5.94);
insert into SHOT values (782, 776, 783, 58, 1.940, 66.77, 69.60, 1.931, 67.25, 69.62, 0.011, 191.59, -50.33);
insert into SHOT values (783, 776, 784, 58, 2.430, 105.97, -5.30, 2.435, 106.04, -5.42, 0.008, 140.09, -43.67);
insert into SHOT values (784, 776, 341, 58, 32.940, 106.87, 22.10, 32.933, 106.61, 21.16, 0.555, 71.45, -64.94);
insert into SURVEY values (61, 52, 'Philippe-01-tot', 'Philippe-01-tot.Gap-Gotan.Gap-Gotan', 'Philippe-01-tot');
 insert into CENTRELINE values (62, 61, NULL, NULL, NULL, 0.00, 0.00, 0.00);
 insert into SURVEY values (63, 61, 'Cup_Coutun_01', 'Cup_Coutun_01.Philippe-01-tot.Gap-Gotan.Gap-Gotan', 'Gap-Gotan ; entree naturelle');
 insert into CENTRELINE values (64, 63, NULL, NULL, NULL, 0.00, 0.00, 0.00);
 insert into CENTRELINE values (65, 63, NULL, '2024-04-18', NULL, 395.68, 0.00, 0.00);
 insert into PERSON values (4, 'Philippe', 'Audra');
insert into TOPO values (4, 65);
 insert into PERSON values (5, 'Lionnel', 'Barriquand');
insert into TOPO values (5, 65);
 insert into SHOT values (785, 785, 786, 65, 20.530, 161.97, -1.40, 20.531, 162.01, -1.48, 0.032, 252.30, -62.88);
insert into SHOT values (786, 786, 787, 65, 21.340, 190.47, -9.60, 21.347, 190.51, -9.68, 0.036, 273.52, -60.09);
insert into SHOT values (787, 786, 788, 65, 21.340, 189.77, -9.90, 21.343, 189.78, -9.90, 0.005, 240.09, -12.13);
insert into SHOT values (788, 787, 789, 65, 13.730, 219.27, -9.10, 13.726, 219.28, -9.14, 0.011, 5.61, -53.65);
insert into SHOT values (789, 789, 790, 65, 35.800, 164.57, -12.30, 35.803, 164.68, -12.44, 0.108, 267.34, -50.49);
insert into SHOT values (790, 790, 791, 65, 12.360, 189.17, 5.00, 12.362, 189.16, 4.92, 0.018, 162.19, -75.48);
insert into SHOT values (791, 791, 792, 65, 16.660, 179.07, 0.40, 16.662, 179.11, 0.34, 0.020, 257.28, -53.88);
insert into SHOT values (792, 791, 793, 65, 16.660, 178.97, 0.40, 16.653, 178.97, 0.41, 0.008, 354.36, 28.10);
insert into SHOT values (793, 792, 794, 65, 23.550, 198.07, -8.60, 23.555, 198.12, -8.69, 0.044, 290.91, -62.08);
insert into SHOT values (794, 794, 795, 65, 16.400, 190.57, -14.30, 16.404, 190.59, -14.37, 0.020, 291.93, -71.45);
insert into SHOT values (795, 795, 796, 65, 28.690, 199.27, -0.00, 28.685, 199.32, -0.12, 0.066, 299.31, -65.64);
insert into SHOT values (796, 796, 797, 65, 22.060, 194.87, 7.90, 22.069, 194.89, 7.81, 0.037, 232.70, -61.09);
insert into SHOT values (797, 797, 798, 65, 37.720, 180.17, 3.20, 37.713, 180.26, 3.04, 0.122, 270.97, -59.99);
insert into SHOT values (798, 798, 799, 65, 8.750, 171.17, 3.10, 8.755, 171.18, 3.01, 0.015, 195.70, -63.06);
insert into SHOT values (799, 799, 800, 65, 37.660, 170.97, 20.90, 37.657, 171.05, 20.73, 0.122, 225.07, -59.09);
insert into SHOT values (800, 800, 801, 65, 24.910, 191.47, 12.30, 24.912, 191.51, 12.19, 0.052, 251.14, -63.52);
insert into SHOT values (801, 801, 802, 65, 36.290, 189.97, 15.70, 36.300, 190.03, 15.53, 0.114, 234.73, -61.74);
insert into SHOT values (802, 801, 803, 65, 36.260, 190.07, 15.70, 36.259, 190.06, 15.70, 0.002, 95.58, -61.29);
insert into SHOT values (803, 802, 804, 65, 16.150, 181.07, 19.30, 16.145, 181.13, 19.24, 0.024, 269.12, -47.23);
insert into SHOT values (804, 804, 805, 65, 17.580, 194.27, 18.60, 17.583, 194.27, 18.50, 0.030, 199.18, -64.99);
insert into SHOT values (805, 805, 806, 65, 5.500, 134.97, 35.00, 5.491, 135.00, 35.01, 0.010, 296.73, -28.59);
insert into SURVEY values (69, 50, 'Promezhutochnaya', 'Promezhutochnaya.Gap-Gotan', 'Promezhutochnaya');
 insert into CENTRELINE values (70, 69, NULL, NULL, NULL, 0.00, 0.00, 0.00);
 insert into SURVEY values (71, 69, 'Entree', 'Entree.Promezhutochnaya.Gap-Gotan', 'Entree');
 insert into CENTRELINE values (72, 71, NULL, NULL, NULL, 0.00, 0.00, 0.00);
 insert into SURVEY values (73, 71, 'Promeszutochnaya', 'Promeszutochnaya.Entree.Promezhutochnaya.Gap-Gotan', 'Promeszutochnaya tunnel amont');
 insert into CENTRELINE values (74, 73, NULL, NULL, NULL, 0.00, 0.00, 0.00);
 insert into CENTRELINE values (75, 73, NULL, '2024-04-24', NULL, 377.65, 0.00, 0.00);
 insert into PERSON values (6, 'Jean-Philippe', 'Grandcolas');
insert into TOPO values (6, 75);
 insert into PERSON values (7, 'Jean-Pierre', 'Gruat');
insert into TOPO values (7, 75);
 insert into TOPO values (2, 75);
 insert into SHOT values (806, 807, 808, 75, 0.890, 204.87, -30.60, 0.892, 204.57, -30.31, 0.006, 156.75, 29.44);
insert into SHOT values (807, 807, 809, 75, 2.380, 55.17, -9.70, 2.383, 55.23, -9.66, 0.005, 90.14, 12.89);
insert into SHOT values (808, 807, 810, 75, 2.270, 171.07, 78.10, 2.268, 171.35, 78.16, 0.004, 311.81, -18.62);
insert into SHOT values (809, 807, 811, 75, 0.530, 137.17, -78.00, 0.531, 138.81, -78.45, 0.005, 279.33, -17.61);
insert into SHOT values (810, 807, 812, 75, 0.150, 120.77, -3.40, 0.153, 121.61, -3.75, 0.004, 158.55, -16.80);
insert into SHOT values (811, 807, 813, 75, 8.760, 122.67, -4.00, 8.745, 122.83, -4.00, 0.030, 243.23, 2.06);
insert into SHOT values (812, 813, 814, 75, 0.410, 43.47, -6.90, 0.406, 43.99, -7.07, 0.005, 180.08, -7.82);
insert into SHOT values (813, 813, 815, 75, 1.530, 215.87, -2.90, 1.528, 215.67, -3.00, 0.006, 107.84, -25.08);
insert into SHOT values (814, 813, 816, 75, 1.630, 55.67, 79.80, 1.626, 56.31, 79.78, 0.005, 149.59, -52.54);
insert into SHOT values (815, 813, 817, 75, 0.440, 184.47, -76.30, 0.444, 180.00, -75.65, 0.010, 126.97, -13.93);
insert into SHOT values (816, 813, 818, 75, 15.870, 137.97, -4.10, 15.864, 138.28, -4.12, 0.087, 232.56, -3.52);
insert into SHOT values (817, 818, 819, 75, 1.970, 52.67, -9.10, 1.973, 52.72, -9.04, 0.004, 84.52, 25.14);
insert into SHOT values (818, 818, 820, 75, 1.080, 106.37, 74.10, 1.083, 105.42, 73.87, 0.007, 61.12, 10.70);
insert into SHOT values (819, 818, 821, 75, 1.360, 118.77, -82.20, 1.364, 117.90, -81.89, 0.009, 98.16, -17.31);
insert into SHOT values (820, 818, 822, 75, 0.280, 222.57, 5.40, 0.278, 220.60, 6.19, 0.010, 118.74, 20.49);
insert into SHOT values (821, 818, 823, 75, 18.450, 127.47, -14.80, 18.443, 127.78, -14.86, 0.099, 224.51, -9.94);
insert into SHOT values (822, 823, 824, 75, 2.070, 20.47, 1.70, 2.074, 20.62, 1.66, 0.007, 76.92, -11.87);
insert into SHOT values (823, 823, 825, 75, 2.470, 174.47, 87.10, 2.473, 175.60, 86.98, 0.007, 200.05, 27.88);
insert into SHOT values (824, 823, 826, 75, 1.470, 184.37, -89.00, 1.470, 180.00, -88.83, 0.005, 156.16, -2.65);
insert into SHOT values (825, 823, 827, 75, 0.410, 199.67, 1.20, 0.414, 199.75, 1.38, 0.005, 207.11, 17.46);
insert into SHOT values (826, 823, 828, 75, 26.760, 90.97, -2.70, 26.746, 91.14, -2.74, 0.083, 191.76, -13.51);
insert into SHOT values (827, 828, 829, 75, 8.190, 89.77, -7.40, 8.188, 89.79, -7.37, 0.006, 208.85, 53.62);
insert into SHOT values (828, 828, 830, 75, 4.450, 9.77, -1.60, 4.447, 9.84, -1.55, 0.008, 124.94, 32.65);
insert into SHOT values (829, 828, 831, 75, 23.050, 125.07, -3.80, 23.057, 125.07, -3.78, 0.011, 139.79, 42.60);
insert into SHOT values (830, 828, 832, 75, 29.440, 134.37, -6.40, 29.445, 134.36, -6.40, 0.006, 117.17, 16.35);
insert into SHOT values (831, 828, 833, 75, 20.270, 154.57, -6.10, 20.270, 154.55, -6.09, 0.006, 65.30, 41.91);
insert into SHOT values (832, 828, 834, 75, 10.360, 193.87, -2.30, 10.360, 193.86, -2.27, 0.006, 91.34, 81.56);
insert into SHOT values (833, 828, 835, 75, 8.670, 224.77, -0.80, 8.670, 224.72, -0.79, 0.007, 135.38, 8.46);
insert into SHOT values (834, 828, 836, 75, 19.590, 282.17, -2.90, 19.584, 282.16, -2.90, 0.007, 121.19, 9.88);
insert into SHOT values (835, 828, 837, 75, 18.230, 314.37, -6.30, 18.227, 314.37, -6.30, 0.004, 93.62, 7.17);
insert into SHOT values (836, 828, 838, 75, 3.280, 198.97, 76.90, 3.287, 198.68, 76.82, 0.009, 166.87, 36.93);
insert into SHOT values (837, 828, 839, 75, 5.310, 1.57, -64.70, 5.310, 1.51, -64.68, 0.003, 307.86, 14.78);
insert into SHOT values (838, 828, 840, 75, 28.110, 140.67, -10.10, 28.109, 141.22, -10.14, 0.268, 232.02, -4.37);
insert into SHOT values (839, 840, 841, 75, 7.240, 263.47, 5.60, 7.242, 263.47, 5.63, 0.004, 265.12, 68.81);
insert into SHOT values (840, 840, 842, 75, 12.380, 294.47, 10.70, 12.379, 294.48, 10.71, 0.003, 52.26, 25.41);
insert into SHOT values (841, 840, 843, 75, 15.220, 347.67, 7.90, 15.222, 347.67, 7.89, 0.003, 4.84, -38.52);
insert into SHOT values (842, 840, 844, 75, 9.770, 27.27, 3.20, 9.770, 27.27, 3.23, 0.005, 129.35, 73.30);
insert into SHOT values (843, 840, 845, 75, 8.500, 57.37, 3.50, 8.507, 57.36, 3.50, 0.007, 47.32, 8.74);
insert into SHOT values (844, 840, 846, 75, 4.370, 125.07, 0.60, 4.373, 125.03, 0.66, 0.005, 81.08, 50.87);
insert into SHOT values (845, 840, 847, 75, 11.080, 176.07, 3.30, 11.075, 176.06, 3.31, 0.006, 11.75, 21.07);
insert into SHOT values (846, 840, 848, 75, 3.330, 218.97, 57.90, 3.326, 219.02, 57.98, 0.007, 25.63, -8.02);
insert into SHOT values (847, 840, 849, 75, 13.620, 298.67, 70.90, 13.620, 298.69, 70.90, 0.002, 11.95, -5.48);
insert into SHOT values (848, 840, 850, 75, 9.950, 323.87, 61.00, 9.948, 323.94, 60.99, 0.007, 47.98, -22.21);
insert into SHOT values (849, 840, 851, 75, 13.500, 334.67, 26.80, 13.498, 334.69, 26.82, 0.007, 100.22, 27.27);
insert into SHOT values (850, 840, 852, 75, 29.250, 175.17, -12.90, 29.254, 175.76, -12.88, 0.294, 264.21, 1.96);
insert into SHOT values (851, 852, 853, 75, 8.440, 293.77, 9.60, 8.437, 293.82, 9.62, 0.009, 44.26, 15.82);
insert into SHOT values (852, 852, 854, 75, 11.680, 228.77, -2.70, 11.677, 228.75, -2.70, 0.004, 88.44, 2.96);
insert into SHOT values (853, 852, 855, 75, 17.100, 201.07, 1.90, 17.100, 201.05, 1.91, 0.005, 117.38, 40.26);
insert into SHOT values (854, 852, 856, 75, 18.830, 158.17, 2.60, 18.830, 158.15, 2.59, 0.006, 72.55, -44.34);
insert into SHOT values (855, 852, 857, 75, 8.490, 105.97, 2.30, 8.493, 105.94, 2.29, 0.005, 49.56, -7.62);
insert into SHOT values (856, 852, 858, 75, 14.230, 97.27, 6.80, 14.233, 97.24, 6.82, 0.010, 26.50, 32.51);
insert into SHOT values (857, 852, 859, 75, 13.280, 67.27, 4.10, 13.283, 67.27, 4.10, 0.003, 70.07, 8.99);
insert into SHOT values (858, 852, 860, 75, 15.720, 27.67, 7.40, 15.724, 27.67, 7.42, 0.006, 26.73, 55.43);
insert into SHOT values (859, 852, 861, 75, 3.350, 108.57, 72.90, 3.350, 108.25, 72.81, 0.007, 59.72, -14.80);
insert into SHOT values (860, 852, 862, 75, 1.190, 173.47, -80.70, 1.186, 171.03, -80.66, 0.009, 82.56, 28.03);
insert into SHOT values (861, 852, 863, 75, 6.750, 170.57, 16.70, 6.743, 170.55, 16.72, 0.008, 2.20, 2.30);
insert into SHOT values (862, 852, 864, 75, 11.380, 4.17, 30.50, 11.383, 4.21, 30.52, 0.009, 85.70, 28.88);
insert into SHOT values (863, 852, 865, 75, 19.980, 169.07, 11.00, 19.976, 169.48, 11.00, 0.142, 260.63, -0.95);
insert into SHOT values (864, 865, 866, 75, 5.930, 75.67, 5.00, 5.935, 75.71, 4.93, 0.010, 111.10, -44.62);
insert into SHOT values (865, 865, 867, 75, 15.140, 221.97, 1.00, 15.142, 221.95, 0.98, 0.007, 151.37, -39.19);
insert into SHOT values (866, 865, 868, 75, 26.920, 160.37, 4.30, 26.926, 160.37, 4.30, 0.007, 178.14, 13.61);
insert into SHOT values (867, 865, 869, 75, 25.270, 102.97, 5.10, 25.272, 102.97, 5.09, 0.007, 142.71, -64.65);
insert into SHOT values (868, 865, 870, 75, 32.460, 123.27, 4.50, 32.462, 123.26, 4.49, 0.007, 81.08, -66.62);
insert into SHOT values (869, 865, 871, 75, 3.340, 355.77, -2.10, 3.341, 355.88, -2.06, 0.007, 78.09, 20.05);
insert into SHOT values (870, 865, 872, 75, 8.570, 291.27, 3.90, 8.571, 291.25, 3.88, 0.004, 240.47, -50.50);
insert into SHOT values (871, 865, 873, 75, 2.380, 92.57, 80.70, 2.382, 92.94, 80.57, 0.007, 115.72, 11.33);
insert into SHOT values (872, 865, 874, 75, 9.290, 151.87, 16.20, 9.293, 151.86, 16.18, 0.005, 130.31, -22.16);
insert into SHOT values (873, 865, 875, 75, 1.330, 78.37, -86.90, 1.332, 81.87, -86.96, 0.005, 185.67, -23.27);
insert into SHOT values (874, 865, 876, 75, 26.960, 153.87, 5.90, 26.962, 154.42, 5.90, 0.259, 243.77, -0.28);
insert into SHOT values (875, 876, 877, 75, 21.710, 32.27, -0.20, 21.704, 32.28, -0.21, 0.008, 179.52, -29.91);
insert into SHOT values (876, 876, 878, 75, 17.310, 66.97, 3.60, 17.312, 66.97, 3.61, 0.003, 72.94, 63.58);
insert into SHOT values (877, 876, 879, 75, 11.570, 200.57, -5.70, 11.573, 200.59, -5.70, 0.006, 260.33, -8.64);
insert into SHOT values (878, 876, 880, 75, 9.520, 242.47, -6.30, 9.521, 242.43, -6.27, 0.007, 172.31, 38.73);
insert into SHOT values (879, 876, 881, 75, 20.220, 276.47, -4.90, 20.222, 276.47, -4.91, 0.004, 299.20, -50.51);
insert into SHOT values (880, 876, 882, 75, 3.770, 101.87, -46.20, 3.767, 101.96, -46.22, 0.005, 226.48, 11.73);
insert into SHOT values (881, 876, 883, 75, 0.310, 142.27, 87.20, 0.310, 135.00, 87.39, 0.002, 20.33, 9.96);
insert into SHOT values (882, 876, 884, 75, 6.990, 104.47, -14.90, 6.974, 104.61, -14.96, 0.024, 238.93, -6.21);
insert into SHOT values (883, 884, 885, 75, 17.250, 30.87, 6.00, 17.253, 30.85, 5.99, 0.005, 341.81, -34.59);
insert into SHOT values (884, 884, 886, 75, 15.970, 215.37, -6.90, 15.967, 215.34, -6.91, 0.007, 101.26, -12.00);
insert into SHOT values (885, 884, 887, 75, 13.240, 240.37, -1.50, 13.234, 240.37, -1.52, 0.007, 45.12, -29.24);
insert into SHOT values (886, 884, 888, 75, 25.740, 124.47, -1.20, 25.741, 124.46, -1.20, 0.005, 40.30, -11.17);
insert into SHOT values (887, 884, 889, 75, 3.360, 132.27, 63.30, 3.358, 132.04, 63.31, 0.006, 27.19, -15.89);
insert into SHOT values (888, 884, 890, 75, 1.910, 39.97, -70.70, 1.910, 39.92, -70.46, 0.008, 36.12, 19.20);
insert into SHOT values (889, 884, 891, 75, 6.040, 107.47, 2.60, 6.048, 107.63, 2.27, 0.039, 166.91, -60.17);
insert into SHOT values (890, 891, 892, 75, 28.330, 340.67, 4.60, 28.334, 340.67, 4.62, 0.009, 344.49, 64.07);
insert into SHOT values (891, 891, 893, 75, 16.580, 0.87, 5.50, 16.578, 0.87, 5.50, 0.002, 165.41, 25.47);
insert into SHOT values (892, 891, 894, 75, 17.150, 51.27, 7.80, 17.146, 51.26, 7.81, 0.005, 250.93, 28.55);
insert into SHOT values (893, 891, 895, 75, 23.020, 143.97, -6.20, 23.020, 143.98, -6.18, 0.007, 217.97, 56.04);
insert into SHOT values (894, 891, 896, 75, 0.170, 188.37, -11.40, 0.175, 190.01, -9.86, 0.009, 228.29, 25.05);
insert into SHOT values (895, 891, 897, 75, 17.140, 258.57, -6.30, 17.142, 258.56, -6.30, 0.003, 209.71, 14.69);
insert into SHOT values (896, 891, 898, 75, 1.890, 60.57, 85.30, 1.896, 58.39, 85.38, 0.009, 308.64, 45.52);
insert into SHOT values (897, 891, 899, 75, 1.640, 4.57, -77.80, 1.638, 4.90, -77.62, 0.006, 28.01, 30.01);
insert into SHOT values (898, 891, 900, 75, 18.860, 118.07, -0.40, 18.874, 118.52, -1.12, 0.282, 204.30, -57.82);
insert into SHOT values (899, 900, 901, 75, 17.240, 101.37, 4.80, 17.238, 101.38, 4.79, 0.006, 211.54, -27.70);
insert into SHOT values (900, 900, 902, 75, 12.370, 30.77, 14.30, 12.368, 30.76, 14.28, 0.006, 279.56, -72.54);
insert into SHOT values (901, 900, 903, 75, 14.660, 227.07, -8.50, 14.667, 227.07, -8.51, 0.007, 229.40, -26.81);
insert into SHOT values (902, 900, 904, 75, 35.380, 270.57, -2.40, 35.383, 270.57, -2.40, 0.003, 282.15, 28.92);
insert into SHOT values (903, 900, 905, 75, 1.290, 181.67, 61.00, 1.294, 181.82, 60.85, 0.005, 200.47, 18.55);
insert into SHOT values (904, 900, 906, 75, 1.540, 170.27, -51.90, 1.541, 170.34, -51.76, 0.004, 190.76, 28.20);
insert into SHOT values (905, 900, 907, 75, 13.600, 146.57, -17.30, 13.628, 146.79, -17.73, 0.117, 241.60, -64.56);
insert into SHOT values (906, 907, 908, 75, 12.830, 53.17, 11.80, 12.830, 53.16, 11.83, 0.007, 299.12, 71.37);
insert into SHOT values (907, 907, 909, 75, 9.350, 231.47, 0.70, 9.352, 231.51, 0.74, 0.010, 303.62, 36.15);
insert into SHOT values (908, 907, 910, 75, 18.800, 284.37, 6.60, 18.798, 284.36, 6.60, 0.004, 159.44, -11.52);
insert into SHOT values (909, 907, 911, 75, 9.500, 4.27, 18.50, 9.507, 4.26, 18.52, 0.008, 357.94, 43.57);
insert into SHOT values (910, 907, 912, 75, 20.150, 118.17, -11.00, 20.153, 118.17, -10.98, 0.006, 142.54, 49.23);
insert into SHOT values (911, 907, 913, 75, 1.570, 45.97, 67.20, 1.572, 46.33, 67.24, 0.005, 137.97, 34.54);
insert into SHOT values (912, 907, 914, 75, 1.230, 112.27, -80.60, 1.225, 111.25, -80.93, 0.009, 316.00, 22.27);
insert into SHOT values (913, 907, 915, 75, 21.360, 135.97, -14.00, 21.380, 136.37, -14.69, 0.295, 242.83, -58.83);
insert into SHOT values (914, 915, 916, 75, 6.520, 264.87, 1.10, 6.517, 264.89, 1.06, 0.007, 38.78, -50.70);
insert into SHOT values (915, 915, 917, 75, 8.550, 100.57, 25.70, 8.543, 100.55, 25.66, 0.009, 307.62, -59.93);
insert into SHOT values (916, 915, 918, 75, 9.690, 126.57, 22.30, 9.686, 126.56, 22.26, 0.007, 330.36, -79.69);
insert into SHOT values (917, 915, 919, 75, 6.720, 167.37, 8.90, 6.721, 167.39, 8.90, 0.003, 231.51, 7.43);
insert into SHOT values (918, 915, 920, 75, 7.110, 78.47, 20.10, 7.108, 78.42, 20.08, 0.006, 336.82, -32.24);
insert into SHOT values (919, 915, 921, 75, 1.160, 188.97, 78.00, 1.156, 189.46, 77.85, 0.006, 233.73, -57.26);
insert into SHOT values (920, 915, 922, 75, 0.570, 262.87, -68.30, 0.570, 264.56, -68.30, 0.006, 351.92, -3.62);
insert into SHOT values (921, 915, 923, 75, 4.830, 222.37, -5.40, 4.845, 222.23, -5.69, 0.031, 178.87, -55.97);
insert into SHOT values (922, 923, 924, 75, 6.380, 250.97, -2.20, 6.384, 250.97, -2.24, 0.006, 255.11, -56.46);
insert into SHOT values (923, 923, 925, 75, 6.670, 124.07, 10.80, 6.672, 124.05, 10.80, 0.003, 89.12, 3.80);
insert into SHOT values (924, 923, 926, 75, 1.540, 225.27, 74.10, 1.540, 225.00, 74.00, 0.003, 185.41, -19.37);
insert into SHOT values (925, 923, 927, 75, 1.160, 259.47, -51.10, 1.160, 259.77, -50.89, 0.006, 309.53, 29.03);
insert into SHOT values (926, 923, 928, 75, 10.060, 160.67, 1.10, 10.083, 160.77, 0.68, 0.079, 198.87, -67.21);
insert into SHOT values (927, 928, 929, 75, 21.040, 100.17, 10.00, 21.033, 100.15, 9.99, 0.010, 325.34, -21.90);
insert into SHOT values (928, 928, 930, 75, 9.170, 263.37, -8.30, 9.167, 263.42, -8.34, 0.011, 21.26, -35.31);
insert into SHOT values (929, 928, 931, 75, 0.740, 170.97, 85.30, 0.733, 170.54, 85.24, 0.008, 103.78, -86.24);
insert into SHOT values (930, 928, 932, 75, 0.550, 319.17, -73.00, 0.557, 319.76, -72.19, 0.010, 329.77, -22.69);
insert into SHOT values (931, 928, 933, 75, 16.880, 133.37, 2.90, 16.888, 133.70, 2.21, 0.228, 213.53, -63.71);
insert into SHOT values (932, 933, 934, 75, 9.940, 129.47, 13.20, 9.939, 129.46, 13.20, 0.002, 322.24, 7.34);
insert into SHOT values (933, 933, 935, 75, 17.060, 284.97, -6.80, 17.054, 284.96, -6.80, 0.007, 131.80, -0.23);
insert into SHOT values (934, 933, 936, 75, 12.660, 232.87, -8.10, 12.660, 232.85, -8.08, 0.006, 148.88, 41.38);
insert into SHOT values (935, 933, 937, 75, 1.060, 258.57, 79.30, 1.058, 258.11, 79.42, 0.003, 108.78, -27.12);
insert into SHOT values (936, 933, 938, 75, 0.680, 237.37, -77.30, 0.676, 236.31, -77.67, 0.007, 84.02, 29.57);
insert into SHOT values (937, 933, 939, 75, 9.600, 186.37, -4.40, 9.621, 186.29, -4.77, 0.067, 146.74, -71.93);
insert into SHOT values (938, 939, 940, 75, 3.990, 231.87, -2.00, 3.991, 231.92, -2.01, 0.004, 303.59, -10.17);
insert into SHOT values (939, 939, 941, 75, 5.940, 76.47, 8.50, 5.938, 76.51, 8.52, 0.005, 198.77, 21.69);
insert into SHOT values (940, 939, 942, 75, 4.670, 132.47, 2.50, 4.669, 132.48, 2.46, 0.004, 269.39, -65.86);
insert into SHOT values (941, 939, 943, 75, 4.270, 189.27, 3.40, 4.273, 189.31, 3.35, 0.006, 229.20, -33.98);
insert into SHOT values (942, 939, 944, 75, 0.860, 186.97, 80.20, 0.863, 187.59, 79.91, 0.006, 205.54, 26.07);
insert into SHOT values (943, 939, 945, 75, 0.440, 88.77, -62.80, 0.438, 90.00, -62.85, 0.005, 193.96, 16.75);
insert into SHOT values (944, 939, 946, 75, 3.330, 143.77, 4.10, 3.344, 144.02, 3.77, 0.028, 188.88, -40.60);
insert into SHOT values (945, 946, 947, 75, 2.030, 250.47, -5.50, 2.024, 250.58, -5.39, 0.008, 37.75, 32.69);
insert into SHOT values (946, 946, 948, 75, 3.030, 68.57, 5.60, 3.033, 68.62, 5.68, 0.006, 122.91, 50.32);
insert into SHOT values (947, 946, 949, 75, 0.760, 109.77, 81.40, 0.759, 109.98, 81.13, 0.004, 117.19, -23.00);
insert into SHOT values (948, 946, 950, 75, 0.370, 255.67, -85.30, 0.371, 251.57, -85.11, 0.003, 194.10, -25.82);
insert into SHOT values (949, 946, 951, 75, 3.690, 152.07, -6.90, 3.706, 152.11, -7.13, 0.022, 163.75, -49.83);
insert into SHOT values (950, 951, 952, 75, 4.600, 95.97, 13.20, 4.606, 96.02, 13.18, 0.007, 127.76, -3.23);
insert into SHOT values (951, 951, 953, 75, 6.380, 276.47, 3.80, 6.374, 276.41, 3.78, 0.009, 141.71, -17.75);
insert into SHOT values (952, 951, 954, 75, 8.030, 164.67, 4.50, 8.031, 164.64, 4.50, 0.003, 84.88, -0.49);
insert into SHOT values (953, 951, 955, 75, 2.200, 43.87, 9.10, 2.199, 44.07, 9.16, 0.008, 142.97, 14.93);
insert into SHOT values (954, 951, 956, 75, 1.100, 173.27, 86.80, 1.102, 171.87, 86.32, 0.010, 162.75, 10.29);
insert into SHOT values (955, 951, 957, 75, 0.640, 255.77, -76.60, 0.637, 254.05, -76.78, 0.006, 133.17, 26.52);
insert into SHOT values (956, 951, 958, 75, 9.590, 198.97, -0.40, 9.614, 198.81, -0.77, 0.072, 151.45, -60.87);
insert into SHOT values (957, 958, 959, 75, 7.900, 66.07, 10.20, 7.897, 66.01, 10.21, 0.009, 311.24, 6.69);
insert into SHOT values (958, 958, 960, 75, 5.710, 214.07, 4.30, 5.704, 214.11, 4.22, 0.011, 355.52, -50.04);
insert into SHOT values (959, 958, 961, 75, 0.610, 107.97, 79.00, 0.611, 105.26, 79.24, 0.006, 353.07, 11.48);
insert into SHOT values (960, 958, 962, 75, 0.490, 195.87, -72.90, 0.492, 195.95, -72.79, 0.002, 203.38, -47.26);
insert into SHOT values (961, 958, 963, 75, 11.560, 167.87, 9.30, 11.567, 167.93, 8.75, 0.112, 196.40, -75.51);
insert into SHOT values (962, 963, 964, 75, 6.510, 210.77, 0.30, 6.515, 210.74, 0.35, 0.009, 179.38, 43.23);
insert into SHOT values (963, 963, 965, 75, 12.000, 271.87, 1.70, 12.002, 271.86, 1.72, 0.004, 248.57, 66.19);
insert into SHOT values (964, 963, 966, 75, 9.270, 298.37, -1.80, 9.275, 298.33, -1.79, 0.007, 253.71, 9.05);
insert into SHOT values (965, 963, 967, 75, 7.700, 82.57, 4.10, 7.694, 82.59, 4.10, 0.007, 237.48, -4.45);
insert into SHOT values (966, 963, 968, 75, 1.100, 309.27, 79.50, 1.098, 306.87, 79.51, 0.009, 214.93, -10.67);
insert into SHOT values (967, 963, 969, 75, 0.930, 206.27, -81.30, 0.931, 204.78, -81.15, 0.005, 149.67, -8.92);
insert into SHOT values (968, 963, 970, 75, 6.010, 177.47, -5.60, 6.037, 177.52, -5.80, 0.034, 190.19, -43.35);
insert into SHOT values (969, 970, 971, 75, 6.560, 283.77, 5.80, 6.560, 283.74, 5.77, 0.004, 199.17, -42.25);
insert into SHOT values (970, 970, 972, 75, 0.550, 219.67, 25.10, 0.547, 220.10, 24.84, 0.005, 328.53, -39.73);
insert into SHOT values (971, 970, 973, 75, 8.100, 299.37, 8.40, 8.097, 299.38, 8.38, 0.005, 82.75, -43.36);
insert into SHOT values (972, 970, 974, 75, 8.390, 351.07, 5.80, 8.392, 351.11, 5.74, 0.011, 55.90, -46.31);
insert into SHOT values (973, 970, 975, 75, 9.690, 36.07, 8.00, 9.692, 36.06, 7.95, 0.009, 13.12, -67.56);
insert into SHOT values (974, 970, 976, 75, 0.820, 310.77, 65.10, 0.817, 311.50, 64.87, 0.006, 18.03, -38.21);
insert into SHOT values (975, 970, 977, 75, 0.810, 292.77, -78.20, 0.816, 291.80, -78.58, 0.009, 146.27, -55.30);
insert into SHOT values (976, 970, 978, 75, 6.550, 284.57, 5.70, 6.541, 284.31, 5.35, 0.050, 183.69, -54.20);
insert into SHOT values (977, 978, 979, 75, 2.780, 318.57, 4.50, 2.779, 318.66, 4.54, 0.005, 61.23, 22.43);
insert into SHOT values (978, 978, 980, 75, 1.070, 207.27, 6.30, 1.062, 207.05, 6.49, 0.009, 53.45, 16.01);
insert into SHOT values (979, 978, 981, 75, 1.860, 58.57, -2.20, 1.864, 58.61, -2.15, 0.004, 80.33, 18.47);
insert into SHOT values (980, 978, 982, 75, 0.970, 146.27, 5.20, 0.969, 145.98, 5.33, 0.005, 46.53, 23.14);
insert into SHOT values (981, 978, 983, 75, 0.490, 307.87, 74.60, 0.487, 308.66, 74.76, 0.004, 87.31, -41.42);
insert into SHOT values (982, 978, 984, 75, 1.090, 19.37, -75.40, 1.085, 19.09, -75.32, 0.005, 305.44, 74.15);
insert into SHOT values (983, 978, 985, 75, 5.770, 276.57, -5.70, 5.767, 276.41, -5.97, 0.032, 167.05, -57.75);
insert into SHOT values (984, 985, 986, 75, 0.580, 3.37, 9.90, 0.579, 3.01, 9.94, 0.004, 263.93, 4.50);
insert into SHOT values (985, 985, 987, 75, 1.380, 158.67, 11.50, 1.379, 158.75, 11.29, 0.006, 259.43, -68.72);
insert into SHOT values (986, 985, 988, 75, 0.580, 266.97, 74.60, 0.580, 266.19, 74.97, 0.004, 115.90, 11.03);
insert into SHOT values (987, 985, 989, 75, 2.180, 327.27, -59.90, 2.183, 327.33, -59.96, 0.004, 74.44, -72.83);
insert into SHOT values (988, 985, 990, 75, 5.870, 281.77, -33.20, 5.887, 281.52, -33.51, 0.042, 183.71, -58.82);
insert into SHOT values (989, 990, 991, 75, 8.290, 282.97, -13.40, 8.291, 282.97, -13.39, 0.002, 292.38, 40.00);
insert into SHOT values (990, 990, 992, 75, 2.800, 123.07, 8.00, 2.804, 122.95, 8.00, 0.007, 65.82, 2.60);
insert into SHOT values (991, 990, 993, 75, 3.860, 28.57, 12.00, 3.867, 28.60, 12.09, 0.010, 48.96, 50.89);
insert into SHOT values (992, 990, 994, 75, 2.310, 84.07, 12.80, 2.312, 83.88, 13.00, 0.011, 355.78, 48.98);
insert into SHOT values (993, 990, 995, 75, 0.960, 17.97, 80.60, 0.963, 18.43, 80.55, 0.003, 62.47, 57.46);
insert into SHOT values (994, 990, 996, 75, 1.150, 217.37, -71.40, 1.149, 217.18, -71.53, 0.003, 59.77, -1.25);
insert into SHOT values (995, 990, 997, 75, 11.700, 213.67, -11.60, 11.717, 213.47, -12.02, 0.096, 122.36, -65.60);
insert into SHOT values (996, 997, 998, 75, 11.050, 299.67, -11.70, 11.050, 299.69, -11.70, 0.005, 25.22, 9.22);
insert into SHOT values (997, 997, 999, 75, 2.490, 131.07, -5.00, 2.490, 131.08, -4.84, 0.007, 202.34, 85.92);
insert into SHOT values (998, 997, 1000, 75, 6.360, 202.27, -2.70, 6.362, 202.29, -2.70, 0.003, 254.32, -7.91);
insert into SHOT values (999, 997, 1001, 75, 6.570, 262.27, -8.10, 6.574, 262.23, -8.04, 0.009, 225.00, 40.68);
insert into SHOT values (1000, 997, 1002, 75, 1.230, 288.37, 82.20, 1.231, 287.35, 82.18, 0.003, 211.19, 24.44);
insert into SHOT values (1001, 997, 1003, 75, 1.790, 314.47, -81.80, 1.788, 315.00, -81.82, 0.003, 62.20, 34.32);
insert into SHOT values (1002, 997, 1004, 75, 14.400, 241.87, -9.80, 14.422, 241.50, -10.31, 0.157, 151.27, -55.05);
insert into SHOT values (1003, 1004, 1005, 75, 4.540, 4.17, -2.60, 4.547, 4.17, -2.65, 0.008, 4.27, -31.25);
insert into SHOT values (1004, 1004, 1006, 75, 5.200, 186.87, 10.80, 5.198, 186.86, 10.76, 0.005, 27.95, -71.99);
insert into SHOT values (1005, 1004, 1007, 75, 6.550, 249.57, -0.70, 6.541, 249.60, -0.70, 0.010, 48.34, 0.12);
insert into SHOT values (1006, 1004, 1008, 75, 6.590, 61.87, 3.10, 6.599, 61.84, 3.04, 0.012, 44.79, -32.29);
insert into SHOT values (1007, 1004, 1009, 75, 0.960, 242.07, 72.00, 0.955, 243.43, 72.28, 0.010, 13.14, -18.12);
insert into SHOT values (1008, 1004, 1010, 75, 1.110, 36.47, -67.30, 1.118, 36.61, -67.06, 0.010, 44.44, -37.77);
insert into SHOT values (1009, 1004, 1011, 75, 6.980, 269.07, -5.10, 6.983, 268.85, -5.42, 0.048, 176.91, -55.90);
insert into SHOT values (1010, 1011, 1012, 75, 4.590, 347.27, -13.80, 4.593, 347.30, -13.86, 0.006, 49.86, -57.29);
insert into SHOT values (1011, 1011, 1013, 75, 11.430, 184.77, 0.40, 11.430, 184.77, 0.40, 0.000, 305.38, 31.15);
insert into SHOT values (1012, 1011, 1014, 75, 8.940, 30.97, -5.00, 8.947, 31.00, -5.00, 0.008, 65.85, -5.70);
insert into SHOT values (1013, 1011, 1015, 75, 7.580, 255.87, -14.50, 7.574, 255.87, -14.53, 0.007, 72.98, -17.54);
insert into SHOT values (1014, 1011, 1016, 75, 0.990, 311.87, 81.40, 0.991, 312.27, 81.37, 0.002, 11.59, 42.75);
insert into SHOT values (1015, 1011, 1017, 75, 2.440, 338.37, -75.20, 2.441, 338.37, -75.19, 0.001, 341.01, -55.56);
insert into SHOT values (1016, 1011, 1018, 75, 0.700, 191.97, -74.60, 0.704, 189.46, -74.98, 0.010, 77.78, -30.43);
insert into SHOT values (1017, 1011, 1019, 75, 2.700, 15.67, -76.20, 2.698, 16.19, -76.16, 0.006, 91.08, 18.72);
insert into SHOT values (1018, 1011, 1020, 75, 9.840, 247.47, -19.60, 9.858, 247.20, -19.99, 0.082, 149.48, -57.78);
insert into SHOT values (1019, 1020, 1021, 75, 2.740, 149.67, 23.30, 2.740, 149.66, 23.44, 0.007, 335.08, 70.20);
insert into SHOT values (1020, 1020, 1022, 75, 0.780, 326.97, 12.80, 0.781, 327.36, 13.32, 0.009, 63.25, 54.18);
insert into SURVEY values (78, 69, 'Philippe1', 'Philippe1.Promezhutochnaya.Gap-Gotan', 'Philippe1');
 insert into CENTRELINE values (79, 78, NULL, NULL, NULL, 0.00, 0.00, 0.00);
 insert into SURVEY values (80, 78, 'Promeszutochnaya_01', 'Promeszutochnaya_01.Philippe1.Promezhutochnaya.Gap-Gotan', 'Promeszutochnaya_01');
 insert into CENTRELINE values (81, 80, NULL, NULL, NULL, 0.00, 0.00, 0.00);
 insert into CENTRELINE values (82, 80, NULL, '2024-04-24', NULL, 446.94, 0.00, 0.00);
 insert into TOPO values (4, 82);
 insert into TOPO values (1, 82);
 insert into SHOT values (1021, 1023, 1024, 82, 33.310, 91.77, 4.30, 33.310, 91.76, 4.30, 0.005, 353.27, 32.40);
insert into SHOT values (1022, 1023, 1025, 82, 21.060, 69.47, 5.00, 21.064, 69.47, 5.01, 0.006, 69.33, 53.93);
insert into SHOT values (1023, 1023, 1026, 82, 14.360, 231.47, -0.60, 14.355, 231.48, -0.60, 0.006, 23.75, 3.62);
insert into SHOT values (1024, 1023, 1027, 82, 13.780, 248.17, -1.90, 13.775, 248.17, -1.91, 0.006, 64.48, -32.08);
insert into SHOT values (1025, 1023, 1028, 82, 17.870, 294.17, 4.10, 17.869, 294.18, 4.11, 0.004, 36.01, 32.49);
insert into SHOT values (1026, 1023, 1029, 82, 2.910, 211.47, 73.90, 2.914, 211.33, 73.91, 0.005, 143.53, 63.13);
insert into SHOT values (1027, 1023, 1030, 82, 0.650, 264.97, -65.80, 0.645, 265.60, -66.16, 0.007, 58.07, 24.25);
insert into SHOT values (1028, 1023, 1031, 82, 10.800, 191.37, -17.00, 10.771, 191.63, -16.62, 0.091, 289.23, 58.72);
insert into SHOT values (1029, 1031, 1032, 82, 26.660, 132.67, -8.50, 26.663, 132.66, -8.52, 0.010, 97.19, -78.56);
insert into SHOT values (1030, 1031, 1033, 82, 19.670, 129.97, -7.60, 19.673, 129.99, -7.62, 0.011, 206.44, -50.84);
insert into SHOT values (1031, 1031, 1034, 82, 1.850, 159.77, -16.30, 1.852, 159.93, -16.30, 0.006, 226.20, -7.68);
insert into SHOT values (1032, 1031, 1035, 82, 8.170, 210.27, -17.00, 8.173, 210.27, -17.00, 0.003, 226.63, -24.78);
insert into SHOT values (1033, 1031, 1036, 82, 9.980, 241.17, -10.40, 9.985, 241.14, -10.44, 0.010, 188.62, -54.06);
insert into SHOT values (1034, 1031, 1037, 82, 8.920, 281.97, 12.40, 8.915, 281.93, 12.37, 0.009, 157.56, -38.57);
insert into SHOT values (1035, 1031, 1038, 82, 18.100, 304.87, 8.60, 18.104, 304.85, 8.58, 0.009, 262.77, -46.76);
insert into SHOT values (1036, 1031, 1039, 82, 2.120, 238.57, 79.40, 2.116, 237.53, 79.35, 0.008, 157.48, -28.07);
insert into SHOT values (1037, 1031, 1040, 82, 1.360, 227.57, -49.00, 1.367, 227.25, -48.89, 0.009, 190.47, -23.91);
insert into SHOT values (1038, 1031, 1041, 82, 9.140, 256.27, -1.90, 9.155, 256.54, -1.56, 0.071, 325.92, 48.61);
insert into SHOT values (1039, 1041, 1042, 82, 2.790, 206.27, -22.20, 2.790, 206.17, -22.11, 0.006, 138.17, 41.29);
insert into SHOT values (1040, 1041, 1043, 82, 6.370, 138.17, -16.10, 6.367, 138.18, -16.05, 0.007, 271.11, 73.15);
insert into SHOT values (1041, 1041, 1044, 82, 3.990, 309.77, 5.70, 3.989, 309.79, 5.75, 0.004, 77.91, 63.81);
insert into SHOT values (1042, 1041, 1045, 82, 3.780, 13.27, 10.60, 3.774, 13.25, 10.69, 0.008, 202.48, 34.19);
insert into SHOT values (1043, 1041, 1046, 82, 2.610, 40.17, 51.80, 2.615, 40.22, 51.98, 0.010, 197.47, 68.13);
insert into SHOT values (1044, 1041, 1047, 82, 2.380, 231.37, -71.70, 2.371, 230.98, -71.64, 0.011, 132.39, 62.16);
insert into SHOT values (1045, 1041, 1048, 82, 11.010, 268.57, -16.70, 11.009, 268.81, -16.19, 0.107, 327.74, 61.08);
insert into SHOT values (1046, 1048, 1049, 82, 2.930, 163.97, 15.00, 2.930, 164.00, 15.03, 0.002, 272.31, 44.36);
insert into SHOT values (1047, 1048, 1050, 82, 4.550, 344.17, 3.30, 4.550, 344.16, 3.28, 0.002, 260.27, -72.04);
insert into SHOT values (1048, 1048, 1051, 82, 5.820, 113.07, 12.20, 5.817, 113.09, 12.21, 0.004, 251.79, 1.29);
insert into SHOT values (1049, 1048, 1052, 82, 8.190, 285.17, 1.10, 8.196, 285.14, 1.12, 0.008, 251.15, 21.35);
insert into SHOT values (1050, 1048, 1053, 82, 1.340, 201.67, 67.30, 1.345, 202.62, 67.25, 0.010, 273.65, 22.66);
insert into SHOT values (1051, 1048, 1054, 82, 1.940, 133.37, -34.80, 1.940, 133.73, -34.90, 0.011, 232.88, -15.50);
insert into SHOT values (1052, 1048, 1055, 82, 7.980, 272.77, -2.00, 8.004, 272.94, -1.65, 0.060, 316.09, 54.31);
insert into SHOT values (1053, 1055, 1056, 82, 7.950, 17.57, 9.60, 7.949, 17.60, 9.63, 0.007, 126.68, 38.58);
insert into SHOT values (1054, 1055, 1057, 82, 9.150, 50.17, 11.20, 9.156, 50.19, 11.21, 0.008, 86.22, 20.23);
insert into SHOT values (1055, 1055, 1058, 82, 9.210, 336.97, -3.10, 9.204, 337.01, -3.11, 0.009, 111.78, -12.15);
insert into SHOT values (1056, 1055, 1059, 82, 24.500, 190.47, -6.30, 24.503, 190.46, -6.30, 0.005, 129.92, -17.19);
insert into SHOT values (1057, 1055, 1060, 82, 18.380, 166.17, -5.10, 18.384, 166.16, -5.09, 0.006, 144.80, 39.93);
insert into SHOT values (1058, 1055, 1061, 82, 9.100, 122.27, 2.30, 9.105, 122.29, 2.33, 0.008, 165.92, 38.63);
insert into SHOT values (1059, 1055, 1062, 82, 0.910, 220.87, 38.00, 0.909, 221.04, 38.03, 0.002, 340.51, -5.92);
insert into SHOT values (1060, 1055, 1063, 82, 3.250, 287.97, -54.80, 3.245, 288.05, -54.76, 0.006, 43.92, 62.64);
insert into SHOT values (1061, 1055, 1064, 82, 27.720, 236.07, -12.50, 27.722, 236.85, -11.42, 0.639, 309.86, 52.86);
insert into SHOT values (1062, 1064, 1065, 82, 18.740, 180.37, 6.30, 18.743, 180.37, 6.28, 0.007, 194.24, -60.28);
insert into SHOT values (1063, 1064, 1066, 82, 17.880, 147.67, 12.60, 17.875, 147.67, 12.60, 0.005, 323.95, -4.85);
insert into SHOT values (1064, 1064, 1067, 82, 21.440, 114.27, 6.80, 21.441, 114.27, 6.78, 0.009, 108.01, -77.37);
insert into SHOT values (1065, 1064, 1068, 82, 2.900, 293.27, 8.80, 2.896, 293.25, 8.74, 0.005, 125.92, -46.56);
insert into SHOT values (1066, 1064, 1069, 82, 6.720, 357.37, 1.10, 6.718, 357.35, 1.11, 0.002, 217.44, 25.34);
insert into SHOT values (1067, 1064, 1070, 82, 8.460, 31.57, 4.10, 8.461, 31.58, 4.07, 0.006, 84.92, -61.38);
insert into SHOT values (1068, 1064, 1071, 82, 2.050, 240.57, 82.90, 2.045, 241.39, 82.96, 0.006, 8.53, -43.15);
insert into SHOT values (1069, 1064, 1072, 82, 3.260, 182.87, -49.30, 3.264, 182.97, -49.44, 0.010, 310.73, -60.11);
insert into SHOT values (1070, 1064, 1073, 82, 27.320, 220.67, -11.50, 27.326, 220.67, -11.50, 0.006, 231.93, -31.23);
insert into SHOT values (1071, 1064, 1074, 82, 27.280, 220.67, -11.30, 27.276, 221.47, -10.31, 0.603, 298.23, 50.54);
insert into SHOT values (1072, 1064, 1075, 82, 27.290, 220.67, -11.30, 27.292, 220.67, -11.30, 0.003, 220.16, -56.30);
insert into SHOT values (1073, 1074, 1076, 82, 22.030, 124.27, 2.20, 22.031, 124.28, 2.21, 0.007, 207.72, 35.51);
insert into SHOT values (1074, 1074, 1077, 82, 26.580, 97.87, 6.30, 26.580, 97.88, 6.31, 0.005, 191.89, 37.52);
insert into SHOT values (1075, 1074, 1078, 82, 17.210, 18.37, 10.00, 17.205, 18.37, 10.01, 0.005, 183.78, 16.20);
insert into SHOT values (1076, 1074, 1079, 82, 8.020, 351.57, 4.60, 8.013, 351.58, 4.65, 0.011, 162.35, 40.03);
insert into SHOT values (1077, 1074, 1080, 82, 12.860, 304.37, -14.70, 12.860, 304.35, -14.68, 0.004, 233.88, 50.26);
insert into SHOT values (1078, 1074, 1081, 82, 3.090, 148.47, 55.70, 3.099, 148.59, 55.71, 0.009, 186.80, 51.38);
insert into SHOT values (1079, 1074, 1082, 82, 1.760, 171.47, -46.00, 1.756, 171.54, -45.85, 0.006, 236.62, 74.25);
insert into SHOT values (1080, 1074, 1083, 82, 28.450, 246.37, -3.60, 28.450, 246.35, -3.59, 0.010, 161.76, 39.88);
insert into SHOT values (1081, 1083, 1084, 82, 0.920, 317.47, 8.90, 0.924, 317.22, 8.72, 0.006, 272.40, -22.80);
insert into SHOT values (1082, 1083, 1085, 82, 1.270, 138.87, 23.00, 1.268, 138.81, 22.74, 0.006, 63.29, -79.97);
insert into SHOT values (1083, 1083, 1086, 82, 2.120, 255.17, 72.10, 2.112, 255.75, 72.08, 0.010, 359.00, -47.27);
insert into SHOT values (1084, 1083, 1087, 82, 0.420, 156.57, -82.10, 0.423, 158.20, -82.69, 0.006, 315.08, -43.58);
insert into SHOT values (1085, 1083, 1088, 82, 6.460, 248.27, -33.30, 6.466, 248.28, -33.30, 0.006, 261.47, -36.09);
insert into SHOT values (1086, 1088, 1089, 82, 1.530, 342.47, -7.10, 1.530, 342.76, -7.13, 0.008, 72.95, -6.56);
insert into SHOT values (1087, 1088, 1090, 82, 0.420, 139.87, 0.10, 0.419, 139.84, 0.00, 0.002, 326.97, -29.02);
insert into SHOT values (1088, 1088, 1091, 82, 2.960, 299.97, 79.60, 2.958, 300.41, 79.61, 0.004, 43.12, -17.88);
insert into SHOT values (1089, 1088, 1092, 82, 1.700, 348.17, -58.00, 1.702, 348.57, -57.77, 0.010, 29.78, 9.99);
insert into SHOT values (1090, 1088, 1093, 82, 5.330, 291.37, -37.40, 5.331, 291.47, -37.42, 0.008, 23.62, -18.53);
insert into SHOT values (1091, 1093, 1094, 82, 4.250, 167.57, -10.40, 4.258, 167.59, -10.42, 0.008, 180.22, -19.56);
insert into SHOT values (1092, 1093, 1095, 82, 9.780, 158.67, -28.50, 9.781, 158.66, -28.45, 0.008, 141.95, 51.74);
insert into SHOT values (1093, 1093, 1096, 82, 6.900, 147.57, -22.40, 6.904, 147.60, -22.39, 0.006, 193.72, -5.95);
insert into SHOT values (1094, 1093, 1097, 82, 3.160, 135.17, -7.30, 3.165, 135.26, -7.26, 0.007, 179.22, 11.91);
insert into SHOT values (1095, 1093, 1098, 82, 1.700, 89.37, -0.90, 1.700, 89.66, -0.67, 0.011, 177.96, 37.28);
insert into SHOT values (1096, 1093, 1099, 82, 4.230, 89.97, 65.50, 4.229, 90.00, 65.56, 0.004, 256.06, 11.42);
insert into SHOT values (1097, 1093, 1100, 82, 1.320, 51.17, -57.00, 1.322, 51.22, -57.09, 0.003, 181.40, -74.68);
insert into SHOT values (1098, 1093, 1101, 82, 4.180, 15.77, -0.70, 4.179, 15.83, -0.69, 0.005, 119.47, 12.15);
insert into SHOT values (1099, 1101, 1102, 82, 1.820, 254.57, -13.60, 1.825, 254.63, -13.63, 0.005, 278.98, -22.70);
insert into SHOT values (1100, 1101, 1103, 82, 1.050, 78.67, 0.80, 1.040, 78.91, 1.10, 0.013, 236.12, 25.19);
insert into SHOT values (1101, 1101, 1104, 82, 0.610, 264.67, 56.70, 0.614, 264.96, 56.21, 0.007, 279.80, 1.36);
insert into SHOT values (1102, 1101, 1105, 82, 1.940, 273.87, -50.50, 1.948, 273.69, -50.36, 0.010, 250.01, -18.00);
insert into SHOT values (1103, 1101, 1106, 82, 6.680, 295.17, -5.30, 6.681, 295.18, -5.32, 0.003, 2.54, -63.30);
insert into SHOT values (1104, 1106, 1107, 82, 1.290, 171.37, -19.70, 1.287, 171.47, -19.51, 0.005, 287.61, 63.41);
insert into SHOT values (1105, 1106, 1108, 82, 0.610, 15.17, -4.50, 0.600, 14.50, -3.82, 0.014, 232.67, 34.49);
insert into SHOT values (1106, 1106, 1109, 82, 0.670, 126.97, 67.20, 0.671, 128.66, 67.55, 0.009, 242.54, 15.66);
insert into SHOT values (1107, 1106, 1110, 82, 0.950, 190.37, -71.80, 0.947, 191.69, -71.79, 0.007, 285.84, 19.80);
insert into SHOT values (1108, 1106, 1111, 82, 1.340, 141.67, -78.70, 1.336, 142.70, -78.61, 0.006, 215.26, 39.13);
insert into SHOT values (1109, 1106, 1112, 82, 4.570, 242.07, -14.80, 4.574, 242.10, -14.69, 0.010, 268.09, 49.08);
insert into SHOT values (1110, 1106, 1113, 82, 4.570, 241.97, -14.70, 4.578, 241.99, -14.68, 0.009, 253.42, -2.18);
insert into SHOT values (1111, 1112, 1114, 82, 3.410, 329.87, -2.80, 3.405, 329.82, -2.86, 0.007, 181.62, -31.24);
insert into SHOT values (1112, 1112, 1115, 82, 2.260, 51.87, -10.70, 2.262, 51.94, -10.70, 0.004, 111.48, -6.42);
insert into SHOT values (1113, 1112, 1116, 82, 1.160, 127.97, 5.20, 1.159, 127.96, 4.95, 0.005, 312.82, -78.76);
insert into SHOT values (1114, 1112, 1117, 82, 1.880, 13.27, 50.00, 1.876, 13.46, 50.12, 0.007, 156.52, -1.39);
insert into SHOT values (1115, 1112, 1118, 82, 1.700, 60.97, -61.00, 1.702, 60.95, -61.07, 0.003, 270.76, -79.10);
insert into SHOT values (1116, 1112, 1119, 82, 7.040, 24.27, -24.70, 7.043, 24.28, -24.76, 0.008, 118.98, -78.82);
insert into SHOT values (1117, 1112, 1120, 82, 10.550, 25.57, -25.30, 10.549, 25.60, -25.31, 0.006, 137.69, -13.73);
insert into SHOT values (1118, 1120, 1121, 82, 2.600, 353.77, -8.20, 2.602, 353.76, -8.18, 0.002, 342.41, 23.89);
insert into SHOT values (1119, 1120, 1122, 82, 3.980, 136.47, 6.50, 3.980, 136.54, 6.49, 0.005, 229.62, -6.40);
insert into SHOT values (1120, 1120, 1123, 82, 3.920, 283.37, 8.40, 3.927, 283.39, 8.35, 0.008, 296.31, -18.47);
insert into SHOT values (1121, 1120, 1124, 82, 4.370, 228.57, 11.10, 4.375, 228.59, 11.07, 0.006, 245.87, -13.55);
insert into SHOT values (1122, 1120, 1125, 82, 1.030, 310.27, 52.80, 1.031, 309.81, 52.69, 0.005, 242.58, -4.48);
insert into SHOT values (1123, 1120, 1126, 82, 1.370, 316.07, -39.60, 1.373, 316.15, -39.86, 0.007, 94.42, -70.29);
insert into SHOT values (1124, 1120, 1127, 82, 14.900, 263.67, 1.30, 14.815, 264.76, 3.21, 0.578, 14.39, 58.39);
insert into SHOT values (1125, 1127, 1128, 82, 4.740, 180.17, -3.90, 4.741, 180.12, -3.87, 0.005, 104.96, 31.79);
insert into SHOT values (1126, 1127, 1129, 82, 6.260, 284.57, 17.00, 6.264, 284.50, 16.99, 0.008, 226.75, -1.73);
insert into SHOT values (1127, 1127, 1130, 82, 4.100, 56.57, -9.50, 4.091, 56.62, -9.43, 0.011, 210.03, 35.92);
insert into SHOT values (1128, 1127, 1131, 82, 3.120, 114.47, -27.30, 3.117, 114.53, -27.30, 0.004, 243.62, 14.06);
insert into SHOT values (1129, 1127, 1132, 82, 2.270, 212.07, 68.70, 2.276, 212.15, 68.69, 0.006, 241.26, 63.32);
insert into SHOT values (1130, 1127, 1133, 82, 6.930, 258.17, 13.50, 6.858, 258.61, 14.78, 0.178, 52.98, 47.92);
insert into SHOT values (1131, 1133, 1134, 82, 6.660, 71.97, 3.90, 6.662, 71.95, 3.87, 0.005, 31.49, -40.27);
insert into SHOT values (1132, 1133, 1135, 82, 4.430, 8.57, 4.60, 4.433, 8.59, 4.53, 0.007, 32.58, -51.57);
insert into SHOT values (1133, 1133, 1136, 82, 5.520, 332.67, 0.30, 5.515, 332.69, 0.31, 0.006, 128.19, 10.64);
insert into SHOT values (1134, 1133, 1137, 82, 6.920, 274.67, 1.70, 6.916, 274.65, 1.66, 0.007, 124.00, -47.45);
insert into SHOT values (1135, 1133, 1138, 82, 6.370, 248.97, 2.90, 6.371, 249.00, 2.88, 0.005, 328.69, -30.01);
insert into SHOT values (1136, 1133, 1139, 82, 5.990, 210.37, 0.30, 5.993, 210.37, 0.29, 0.003, 226.52, -27.09);
insert into SHOT values (1137, 1133, 1140, 82, 5.650, 172.17, 4.20, 5.648, 172.14, 4.16, 0.005, 41.55, -51.71);
insert into SHOT values (1138, 1133, 1141, 82, 2.450, 340.57, 53.00, 2.452, 340.58, 53.06, 0.003, 127.87, 77.80);
insert into SHOT values (1139, 1133, 1142, 82, 0.830, 19.37, -55.50, 0.826, 19.98, -55.45, 0.007, 130.58, 36.67);
insert into SHOT values (1140, 1133, 1143, 82, 14.610, 275.77, 3.60, 14.543, 277.22, 5.56, 0.625, 22.55, 52.04);
insert into SHOT values (1141, 1143, 1144, 82, 5.130, 348.67, 1.90, 5.133, 348.65, 1.90, 0.004, 319.48, -1.34);
insert into SHOT values (1142, 1143, 1145, 82, 4.360, 203.27, -10.60, 4.363, 203.22, -10.70, 0.009, 135.76, -62.98);
insert into SHOT values (1143, 1143, 1146, 82, 4.620, 105.67, 4.40, 4.623, 105.60, 4.34, 0.008, 50.67, -35.93);
insert into SHOT values (1144, 1143, 1147, 82, 4.390, 350.27, 49.70, 4.385, 350.27, 49.62, 0.008, 2.10, -79.74);
insert into SHOT values (1145, 1143, 1148, 82, 0.560, 35.17, -42.90, 0.564, 36.03, -43.70, 0.011, 145.12, -53.44);
insert into SHOT values (1146, 1143, 1149, 82, 11.590, 298.17, -15.80, 11.519, 299.74, -14.58, 0.399, 29.68, 39.89);
insert into SHOT values (1147, 1149, 1150, 82, 4.550, 23.27, -3.90, 4.549, 23.23, -3.91, 0.003, 264.36, -9.62);
insert into SHOT values (1148, 1149, 1151, 82, 9.600, 211.47, -18.60, 9.602, 211.47, -18.65, 0.008, 316.90, -84.10);
insert into SHOT values (1149, 1149, 1152, 82, 10.380, 172.67, -4.60, 10.379, 172.67, -4.64, 0.008, 339.77, -74.76);
insert into SHOT values (1150, 1149, 1153, 82, 9.630, 62.17, 1.30, 9.629, 62.13, 1.25, 0.010, 322.79, -54.31);
insert into SHOT values (1151, 1149, 1154, 82, 2.420, 29.37, 73.90, 2.416, 29.22, 73.75, 0.007, 9.91, -44.30);
insert into SHOT values (1152, 1149, 1155, 82, 6.800, 282.07, -39.00, 6.803, 282.12, -38.99, 0.006, 337.74, -6.21);
insert into SHOT values (1153, 1149, 1156, 82, 18.800, 305.77, -15.70, 18.769, 308.30, -13.72, 1.033, 27.48, 38.08);
insert into SHOT values (1154, 1156, 1157, 82, 6.440, 57.97, 11.70, 6.445, 57.95, 11.64, 0.009, 38.24, -42.58);
insert into SHOT values (1155, 1156, 1158, 82, 3.500, 243.27, 4.70, 3.495, 243.21, 4.60, 0.009, 98.92, -51.33);
insert into SHOT values (1156, 1156, 1159, 82, 2.970, 51.27, 77.10, 2.966, 51.07, 76.98, 0.008, 28.44, -40.84);
insert into SHOT values (1157, 1156, 1160, 82, 2.060, 23.57, -25.90, 2.061, 23.52, -25.89, 0.002, 328.83, -6.29);
insert into SHOT values (1158, 1156, 1161, 82, 4.690, 92.17, -20.40, 4.698, 92.08, -20.43, 0.011, 49.77, -28.56);
insert into SHOT values (1159, 1156, 1162, 82, 10.220, 91.07, 12.10, 10.218, 91.03, 12.09, 0.007, 348.51, -20.70);
insert into SHOT values (1160, 1156, 1163, 82, 5.390, 288.27, 1.50, 5.384, 288.30, 1.49, 0.007, 80.05, -9.21);
insert into SHOT values (1161, 1156, 1164, 82, 16.310, 347.57, 6.40, 16.383, 349.88, 8.28, 0.849, 78.36, 39.68);
insert into SHOT values (1162, 1164, 1165, 82, 0.240, 77.97, 9.40, 0.239, 77.74, 9.64, 0.002, 291.97, 25.28);
insert into SHOT values (1163, 1164, 1166, 82, 4.040, 249.57, -5.50, 4.039, 249.63, -5.40, 0.008, 337.54, 59.29);
insert into SHOT values (1164, 1164, 1167, 82, 0.840, 276.97, 84.40, 0.844, 277.13, 84.52, 0.004, 87.56, 71.19);
insert into SHOT values (1165, 1164, 1168, 82, 1.700, 265.87, -51.40, 1.694, 266.22, -51.17, 0.011, 341.46, 51.60);
insert into SHOT values (1166, 1164, 1169, 82, 5.290, 316.27, 20.40, 5.316, 317.29, 21.29, 0.124, 49.70, 44.13);
insert into SHOT values (1167, 1169, 1170, 82, 3.480, 70.67, -0.80, 3.486, 70.73, -0.82, 0.007, 106.99, -11.61);
insert into SHOT values (1168, 1169, 1171, 82, 0.750, 288.77, 32.80, 0.746, 288.73, 33.35, 0.008, 112.15, 26.49);
insert into SHOT values (1169, 1169, 1172, 82, 3.680, 339.47, 71.60, 3.675, 339.68, 71.74, 0.011, 136.33, -9.82);
insert into SHOT values (1170, 1169, 1173, 82, 1.950, 19.67, -32.80, 1.952, 19.98, -32.90, 0.010, 112.65, -22.02);
insert into SHOT values (1171, 1169, 1174, 82, 11.290, 355.47, -10.40, 11.328, 356.98, -8.78, 0.436, 69.04, 44.99);
insert into SHOT values (1172, 1174, 1175, 82, 4.640, 253.47, 5.90, 4.634, 253.49, 5.82, 0.009, 53.05, -50.48);
insert into SHOT values (1173, 1174, 1176, 82, 0.290, 59.37, 41.30, 0.290, 59.93, 40.87, 0.003, 111.76, -27.13);
insert into SHOT values (1174, 1174, 1177, 82, 2.100, 64.37, 33.30, 2.104, 64.45, 33.13, 0.008, 84.89, -21.24);
insert into SHOT values (1175, 1174, 1178, 82, 0.840, 299.67, 67.80, 0.832, 300.65, 67.82, 0.010, 63.29, -50.05);
insert into SHOT values (1176, 1174, 1179, 82, 1.210, 254.57, -49.20, 1.212, 254.55, -49.40, 0.005, 79.18, -61.77);
insert into SHOT values (1177, 1174, 1180, 82, 8.790, 2.67, 27.40, 8.900, 3.79, 28.01, 0.212, 74.15, 39.57);
insert into SHOT values (1178, 1180, 1181, 82, 2.870, 297.57, -2.10, 2.873, 297.37, -2.19, 0.012, 225.97, -24.79);
insert into SHOT values (1179, 1180, 1182, 82, 0.610, 123.67, 9.70, 0.613, 124.22, 9.39, 0.007, 183.71, -22.55);
insert into SHOT values (1180, 1180, 1183, 82, 1.560, 322.07, -55.50, 1.563, 321.44, -55.63, 0.011, 224.59, -24.21);
insert into SHOT values (1181, 1180, 1184, 82, 1.700, 327.37, 43.20, 1.696, 327.21, 43.16, 0.005, 205.41, -42.99);
insert into SHOT values (1182, 1180, 1185, 82, 6.440, 29.67, -1.90, 6.534, 30.14, -0.96, 0.151, 58.75, 43.19);
insert into SHOT values (1183, 1185, 1186, 82, 1.250, 115.87, -4.40, 1.251, 116.15, -4.13, 0.009, 193.05, 42.52);
insert into SHOT values (1184, 1185, 1187, 82, 1.370, 291.67, 5.60, 1.363, 291.64, 5.90, 0.010, 115.43, 38.63);
insert into SHOT values (1185, 1185, 1188, 82, 1.590, 259.57, 75.60, 1.591, 258.41, 75.51, 0.008, 187.61, -0.32);
insert into SHOT values (1186, 1185, 1189, 82, 1.700, 258.67, -84.30, 1.698, 255.96, -84.43, 0.009, 140.85, 10.28);
insert into SHOT values (1187, 1185, 1190, 82, 6.200, 41.17, -41.20, 6.221, 41.52, -39.77, 0.159, 55.52, 40.77);
insert into SHOT values (1188, 1190, 1191, 82, 1.720, 312.57, 43.60, 1.728, 312.74, 43.53, 0.009, 340.46, 26.03);
insert into SHOT values (1189, 1190, 1192, 82, 1.640, 115.47, -11.60, 1.637, 115.45, -11.27, 0.010, 331.70, 84.91);
insert into SHOT values (1190, 1190, 1193, 82, 0.860, 41.27, 77.00, 0.863, 40.91, 76.70, 0.006, 27.65, 21.52);
insert into SHOT values (1191, 1190, 1194, 82, 0.580, 109.87, -51.30, 0.577, 109.44, -51.30, 0.004, 341.87, 37.90);
insert into SHOT values (1192, 1190, 1195, 82, 3.450, 41.27, -13.30, 3.538, 41.48, -12.24, 0.110, 48.71, 23.48);
insert into SHOT values (1193, 1195, 1196, 82, 1.960, 243.17, 27.30, 1.967, 243.14, 27.23, 0.007, 237.02, 8.53);
insert into SHOT values (1194, 1195, 1197, 82, 1.090, 58.97, 21.80, 1.082, 58.84, 21.70, 0.009, 256.29, -32.92);
insert into SHOT values (1195, 1195, 1198, 82, 1.920, 19.97, 64.50, 1.918, 19.75, 64.40, 0.005, 324.03, -37.71);
insert into SHOT values (1196, 1195, 1199, 82, 2.730, 177.67, -50.20, 2.734, 177.71, -50.17, 0.005, 196.31, -32.14);
insert into SHOT values (1197, 1195, 1200, 82, 4.270, 262.27, 57.00, 4.298, 262.66, 58.14, 0.091, 67.14, 49.37);
insert into SHOT values (1198, 1200, 1201, 82, 1.250, 275.67, 7.60, 1.247, 276.03, 7.37, 0.010, 21.15, -32.92);
insert into SHOT values (1199, 1200, 1202, 82, 0.720, 110.07, 5.20, 0.714, 109.71, 4.82, 0.009, 329.76, -37.02);
insert into SHOT values (1200, 1200, 1203, 82, 0.590, 251.07, 55.40, 0.585, 252.65, 55.07, 0.011, 340.41, -31.44);
insert into SHOT values (1201, 1200, 1204, 82, 1.150, 3.77, -79.40, 1.151, 2.60, -78.97, 0.010, 336.39, 2.21);
insert into SHOT values (1202, 1200, 1205, 82, 2.000, 44.47, -12.50, 2.093, 44.60, -11.57, 0.099, 47.36, 7.47);
insert into SHOT values (1203, 1205, 1206, 82, 3.000, 324.67, 46.00, 3.003, 324.56, 45.99, 0.005, 268.76, 22.59);
insert into SHOT values (1204, 1205, 1207, 82, 1.760, 84.77, 18.00, 1.765, 84.87, 18.16, 0.007, 130.73, 56.12);
insert into SHOT values (1205, 1205, 1208, 82, 2.420, 359.67, 66.70, 2.428, 359.40, 66.71, 0.009, 302.28, 54.58);
insert into SHOT values (1206, 1205, 1209, 82, 0.600, 54.87, -45.80, 0.598, 54.78, -45.94, 0.002, 250.87, 3.79);
insert into SHOT values (1207, 1205, 1210, 82, 6.490, 10.27, 12.60, 6.589, 11.06, 13.43, 0.163, 60.30, 44.45);
insert into SHOT values (1208, 1210, 1211, 82, 1.970, 207.77, 10.90, 1.967, 207.76, 10.84, 0.003, 34.99, -50.26);
insert into SHOT values (1209, 1210, 1212, 82, 3.780, 30.57, 5.70, 3.779, 30.52, 5.62, 0.006, 296.20, -60.46);
insert into SHOT values (1210, 1210, 1213, 82, 0.900, 195.37, 82.30, 0.899, 194.04, 82.09, 0.005, 152.30, -24.14);
insert into SHOT values (1211, 1210, 1214, 82, 4.460, 147.47, -32.10, 4.462, 147.53, -32.08, 0.005, 201.68, 0.42);
insert into SHOT values (1212, 1210, 1215, 82, 3.280, 274.07, 47.60, 3.286, 274.76, 48.73, 0.070, 63.34, 42.83);
insert into SHOT values (1213, 1215, 1216, 82, 3.770, 196.67, 29.90, 3.770, 196.72, 29.91, 0.003, 288.66, 13.89);
insert into SHOT values (1214, 1215, 1217, 82, 2.210, 20.37, 42.40, 2.210, 20.43, 42.38, 0.002, 89.02, -5.85);
insert into SHOT values (1215, 1215, 1218, 82, 2.000, 90.67, 18.90, 1.996, 90.61, 18.71, 0.008, 314.47, -69.93);
insert into SHOT values (1216, 1215, 1219, 82, 2.080, 111.37, 75.10, 2.081, 111.80, 75.00, 0.005, 159.50, -0.65);
insert into SHOT values (1217, 1215, 1220, 82, 4.400, 73.67, -42.90, 4.400, 73.76, -42.99, 0.009, 205.65, -33.97);
insert into SHOT values (1218, 1215, 1221, 82, 5.040, 51.77, 4.60, 5.158, 51.88, 5.34, 0.135, 57.01, 34.11);
insert into SHOT values (1219, 1221, 1222, 82, 0.900, 296.77, 9.90, 0.907, 296.57, 9.52, 0.010, 274.88, -29.33);
insert into SHOT values (1220, 1221, 1223, 82, 0.680, 336.47, 71.20, 0.677, 335.77, 71.08, 0.005, 249.92, -54.43);
insert into SHOT values (1221, 1221, 1224, 82, 0.430, 121.57, 20.60, 0.427, 121.70, 20.57, 0.003, 283.46, -23.08);
insert into SHOT values (1222, 1221, 1225, 82, 0.950, 275.57, -31.60, 0.955, 275.64, -31.56, 0.005, 287.95, -24.25);
insert into SHOT values (1223, 1221, 1226, 82, 6.570, 14.97, -0.90, 6.658, 15.69, 0.09, 0.166, 58.41, 42.97);
insert into SHOT values (1224, 1226, 1227, 82, 5.330, 22.97, -13.50, 5.399, 23.60, -12.52, 0.129, 56.50, 35.21);
insert into SHOT values (1225, 1227, 1228, 82, 8.460, 136.37, -0.30, 8.479, 134.95, 0.88, 0.273, 50.67, 39.72);
insert into SHOT values (1226, 1228, 1229, 82, 5.190, 106.87, 6.80, 5.272, 106.11, 7.63, 0.131, 62.85, 40.78);
insert into SHOT values (1227, 1229, 1230, 82, 6.630, 333.47, -7.80, 6.631, 333.51, -7.80, 0.005, 53.77, -2.17);
insert into SHOT values (1228, 1229, 1231, 82, 6.500, 357.47, -3.00, 6.505, 357.44, -3.00, 0.006, 329.83, 1.73);
insert into SHOT values (1229, 1229, 1232, 82, 5.570, 31.07, 2.30, 5.571, 31.03, 2.26, 0.005, 324.31, -46.26);
insert into SHOT values (1230, 1229, 1233, 82, 5.860, 71.67, -2.80, 5.864, 71.69, -2.83, 0.006, 104.57, -41.52);
insert into SHOT values (1231, 1229, 1234, 82, 8.960, 111.97, -2.10, 8.957, 111.98, -2.11, 0.004, 260.59, -22.64);
insert into SHOT values (1232, 1229, 1235, 82, 6.230, 277.77, 16.60, 6.235, 277.79, 16.59, 0.005, 305.98, 1.70);
insert into SHOT values (1233, 1229, 1236, 82, 6.490, 190.87, 2.90, 6.484, 190.86, 2.92, 0.006, 19.34, 15.91);
insert into SHOT values (1234, 1229, 1237, 82, 11.700, 177.07, -0.90, 11.697, 177.06, -0.93, 0.007, 21.54, -60.88);
insert into SHOT values (1235, 1229, 1238, 82, 4.430, 228.37, 10.10, 4.424, 228.44, 10.02, 0.010, 357.77, -42.38);
insert into SHOT values (1236, 1229, 1239, 82, 3.980, 172.97, 70.20, 3.973, 173.14, 70.29, 0.011, 327.65, -26.33);
insert into SHOT values (1237, 1229, 1240, 82, 1.440, 192.37, -49.60, 1.442, 192.40, -49.73, 0.004, 355.65, -64.10);
insert into SHOT values (1238, 1229, 1241, 82, 17.880, 168.97, 1.40, 17.860, 166.47, 3.63, 1.043, 74.04, 41.66);
insert into SHOT values (1239, 1241, 1242, 82, 1.640, 76.97, -12.10, 1.637, 77.01, -11.99, 0.005, 233.93, 53.55);
insert into SHOT values (1240, 1241, 1243, 82, 0.940, 77.67, 33.20, 0.943, 78.26, 33.47, 0.010, 168.74, 32.93);
insert into SHOT values (1241, 1241, 1244, 82, 1.860, 88.17, -42.00, 1.856, 88.34, -41.93, 0.006, 200.03, 45.52);
insert into SHOT values (1242, 1241, 1245, 82, 0.250, 236.77, 16.20, 0.254, 235.01, 16.00, 0.008, 174.53, 1.71);
insert into SHOT values (1243, 1241, 1246, 82, 5.200, 149.77, -12.10, 5.206, 149.81, -12.09, 0.007, 181.38, 0.13);
insert into SHOT values (1244, 1241, 1247, 82, 12.730, 149.67, -12.20, 12.716, 147.75, -10.60, 0.548, 66.35, 39.72);
insert into SHOT values (1245, 1247, 1248, 82, 2.220, 71.27, 5.10, 2.215, 71.24, 4.92, 0.008, 267.56, -61.02);
insert into SHOT values (1246, 1247, 1249, 82, 5.160, 250.37, 3.60, 5.159, 250.37, 3.56, 0.004, 48.34, -82.21);
insert into SHOT values (1247, 1247, 1250, 82, 0.670, 120.17, 69.10, 0.666, 119.74, 68.69, 0.007, 88.16, -60.43);
insert into SHOT values (1248, 1247, 1251, 82, 3.700, 99.87, -35.60, 3.701, 99.96, -35.71, 0.009, 221.50, -45.67);
insert into SHOT values (1249, 1247, 1252, 82, 20.340, 179.67, -3.80, 20.311, 177.15, -1.41, 1.231, 89.04, 43.55);
insert into SHOT values (1250, 1252, 1253, 82, 1.410, 89.97, 17.90, 1.407, 90.00, 17.79, 0.004, 245.73, -60.38);
insert into SHOT values (1251, 1252, 1254, 82, 4.030, 142.67, 4.90, 4.031, 142.59, 4.84, 0.007, 62.02, -37.23);
insert into SHOT values (1252, 1252, 1255, 82, 2.330, 280.67, -4.40, 2.327, 280.68, -4.44, 0.003, 89.76, -22.58);
insert into SHOT values (1253, 1252, 1256, 82, 0.880, 273.37, -69.00, 0.886, 273.69, -69.48, 0.010, 72.91, -59.17);
insert into SHOT values (1254, 1252, 1257, 82, 0.840, 105.87, 46.90, 0.837, 106.22, 46.80, 0.005, 214.03, -41.86);
insert into SHOT values (1255, 1252, 1258, 82, 3.260, 142.27, 5.40, 3.277, 141.23, 6.13, 0.074, 63.53, 35.73);
insert into SHOT values (1256, 1258, 1259, 82, 1.100, 72.57, 11.90, 1.091, 72.58, 11.63, 0.010, 250.28, -42.89);
insert into SHOT values (1257, 1258, 1260, 82, 0.830, 233.07, 27.00, 0.829, 232.67, 26.50, 0.009, 168.59, -49.91);
insert into SHOT values (1258, 1258, 1261, 82, 0.990, 188.77, 87.50, 0.991, 194.04, 87.62, 0.004, 308.08, 12.24);
insert into SHOT values (1259, 1258, 1262, 82, 0.830, 3.27, -55.10, 0.827, 2.44, -55.32, 0.008, 239.79, 5.08);
insert into SHOT values (1260, 1258, 1263, 82, 3.290, 170.87, 38.60, 3.310, 170.10, 39.38, 0.060, 59.72, 52.13);
insert into SHOT values (1261, 1263, 1264, 82, 2.050, 95.47, 4.80, 2.056, 95.32, 4.74, 0.008, 54.63, -10.96);
insert into SHOT values (1262, 1263, 1265, 82, 1.390, 241.67, 17.10, 1.391, 241.70, 17.15, 0.002, 311.41, 57.65);
insert into SHOT values (1263, 1263, 1266, 82, 1.480, 186.27, 71.30, 1.478, 186.07, 71.34, 0.003, 46.99, -37.35);
insert into SHOT values (1264, 1263, 1267, 82, 2.760, 90.67, -42.50, 2.761, 90.56, -42.36, 0.008, 55.09, 35.86);
insert into SHOT values (1265, 1263, 1268, 82, 3.490, 176.97, 2.40, 3.434, 176.15, 3.34, 0.094, 36.23, 35.00);
insert into SHOT values (1266, 1268, 1269, 82, 1.400, 103.37, 1.50, 1.410, 103.54, 1.22, 0.013, 127.61, -32.11);
insert into SHOT values (1267, 1268, 1270, 82, 3.110, 249.77, 12.70, 3.103, 249.71, 12.66, 0.008, 96.17, -28.95);
insert into SHOT values (1268, 1268, 1271, 82, 4.570, 155.67, 54.80, 4.567, 155.57, 54.75, 0.006, 86.61, -43.74);
insert into SHOT values (1269, 1268, 1272, 82, 2.030, 140.87, -65.80, 2.040, 140.81, -65.73, 0.011, 133.27, -51.82);
insert into SHOT values (1270, 1268, 1273, 82, 8.310, 174.57, -25.40, 8.229, 173.40, -24.64, 0.205, 73.92, 40.90);
insert into SHOT values (1271, 1273, 1274, 82, 4.150, 259.97, -4.00, 4.143, 259.97, -4.01, 0.007, 78.99, -4.36);
insert into SHOT values (1272, 1273, 1275, 82, 4.170, 224.77, 66.00, 4.168, 224.76, 66.08, 0.006, 46.45, 4.83);
insert into SHOT values (1273, 1273, 1276, 82, 1.810, 210.47, -58.20, 1.810, 210.34, -58.33, 0.004, 59.79, -22.12);
insert into SHOT values (1274, 1273, 1277, 82, 0.750, 128.27, 1.40, 0.748, 127.94, 1.53, 0.005, 16.89, 20.24);
insert into SHOT values (1275, 1273, 1278, 82, 15.200, 198.67, -7.70, 15.112, 197.27, -6.08, 0.572, 102.40, 49.75);
insert into SHOT values (1276, 1278, 1279, 82, 5.360, 88.17, -1.40, 5.365, 88.08, -1.39, 0.010, 26.95, 5.70);
insert into SHOT values (1277, 1278, 1280, 82, 7.300, 45.57, -3.30, 7.303, 45.50, -3.30, 0.009, 333.02, 1.41);
insert into SHOT values (1278, 1278, 1281, 82, 10.430, 4.07, 0.50, 10.437, 4.07, 0.55, 0.011, 3.62, 53.42);
insert into SHOT values (1279, 1278, 1282, 82, 5.290, 186.97, 8.00, 5.291, 187.02, 8.04, 0.006, 268.09, 39.11);
insert into SHOT values (1280, 1278, 1283, 82, 10.090, 229.97, 17.00, 10.087, 230.00, 17.00, 0.007, 343.37, -0.25);
insert into SHOT values (1281, 1278, 1284, 82, 10.380, 252.27, 16.40, 10.378, 252.28, 16.46, 0.011, 56.11, 59.65);
insert into SHOT values (1282, 1278, 1285, 82, 4.010, 168.77, 77.10, 4.009, 168.94, 77.23, 0.009, 331.43, 7.48);
insert into SHOT values (1283, 1278, 1286, 82, 4.070, 116.87, -26.20, 4.069, 116.85, -26.10, 0.007, 82.49, 71.29);
insert into SHOT values (1284, 1278, 1287, 82, 8.830, 126.87, 4.70, 8.873, 125.45, 5.89, 0.287, 43.09, 40.45);
insert into SHOT values (1285, 1287, 1288, 82, 5.930, 194.27, 6.80, 5.933, 194.25, 6.78, 0.004, 162.39, -31.62);
insert into SHOT values (1286, 1287, 1289, 82, 6.230, 245.37, 3.80, 6.229, 245.37, 3.77, 0.003, 28.41, -67.59);
insert into SHOT values (1287, 1287, 1290, 82, 4.890, 121.07, -6.40, 4.888, 121.11, -6.34, 0.006, 227.21, 55.90);
insert into SHOT values (1288, 1287, 1291, 82, 7.020, 64.27, -8.60, 7.016, 64.28, -8.61, 0.005, 215.58, -3.27);
insert into SHOT values (1289, 1287, 1292, 82, 5.100, 18.77, -6.40, 5.101, 18.76, -6.42, 0.002, 337.93, -48.93);
insert into SHOT values (1290, 1287, 1293, 82, 4.100, 352.87, 1.20, 4.093, 352.84, 1.26, 0.009, 187.39, 29.10);
insert into SHOT values (1291, 1287, 1294, 82, 5.090, 340.07, -0.50, 5.084, 340.10, -0.45, 0.008, 132.68, 31.61);
insert into SHOT values (1292, 1287, 1295, 82, 2.590, 97.07, 81.20, 2.590, 97.31, 81.27, 0.003, 248.71, 8.04);
insert into SHOT values (1293, 1287, 1296, 82, 9.140, 122.27, -29.20, 9.143, 122.26, -29.20, 0.004, 99.97, -14.88);
insert into SHOT values (1294, 1287, 1297, 82, 3.290, 65.37, -37.30, 3.288, 65.39, -37.24, 0.004, 128.40, 69.73);
insert into SHOT values (1295, 1287, 1298, 82, 10.180, 83.87, -19.90, 10.248, 83.16, -18.14, 0.343, 48.05, 53.27);
insert into SHOT values (1296, 1298, 1120, 82, 12.050, 84.47, 0.60, 12.155, 83.57, 2.12, 0.387, 21.20, 56.73);
insert into SURVEY values (85, 69, 'JPH', 'JPH.Promezhutochnaya.Gap-Gotan', 'JPH');
 insert into CENTRELINE values (86, 85, NULL, NULL, NULL, 0.00, 0.00, 0.00);
 insert into SURVEY values (87, 85, 'JPH', 'JPH.JPH.Promezhutochnaya.Gap-Gotan', 'JPH');
 insert into CENTRELINE values (88, 87, NULL, NULL, NULL, 0.00, 0.00, 0.00);
 insert into CENTRELINE values (89, 87, NULL, '2024-04-24', NULL, 141.80, 0.00, 0.00);
 insert into PERSON values (8, 'Jean-Marie', 'Briffon');
insert into TOPO values (8, 89);
 insert into TOPO values (6, 89);
 insert into PERSON values (9, 'Jean-Paul', 'Hereil');
insert into TOPO values (9, 89);
 insert into TOPO values (2, 89);
 insert into SHOT values (1297, 1299, 1300, 89, 14.499, 166.12, -1.68, 14.482, 166.34, -1.11, 0.156, 269.37, 68.32);
insert into SHOT values (1298, 1300, 1301, 89, 7.621, 145.80, -8.63, 7.596, 145.84, -8.33, 0.048, 306.21, 66.16);
insert into SHOT values (1299, 1301, 1302, 89, 30.987, 163.64, -14.19, 30.965, 164.05, -13.26, 0.552, 229.25, 64.56);
insert into SHOT values (1300, 1302, 1303, 89, 10.440, 193.63, 3.31, 10.428, 193.90, 3.79, 0.102, 303.26, 58.58);
insert into SHOT values (1301, 1303, 1304, 89, 13.373, 141.01, -15.08, 13.350, 140.81, -14.67, 0.110, 53.90, 66.08);
insert into SHOT values (1302, 1304, 1305, 89, 21.190, 134.20, -0.87, 21.176, 133.78, -0.05, 0.341, 39.61, 62.68);
insert into SHOT values (1303, 1305, 1306, 89, 24.836, 86.79, 3.30, 24.846, 86.11, 4.27, 0.511, 352.98, 55.07);
insert into SHOT values (1304, 1306, 1307, 89, 16.925, 61.83, 14.34, 16.944, 61.43, 14.91, 0.203, 319.65, 55.45);
insert into SHOT values (1305, 1307, 1308, 89, 1.926, 37.66, 7.51, 1.944, 37.41, 7.69, 0.020, 10.53, 23.66);
insert into SHOT values (1306, 1299, 1309, 89, 13.187, 211.41, -0.37, 13.191, 211.39, -0.35, 0.008, 153.40, 34.73);
insert into SHOT values (1307, 1299, 1310, 89, 19.324, 121.76, 6.52, 19.323, 121.78, 6.54, 0.007, 227.42, 51.30);
insert into SHOT values (1308, 1299, 1311, 89, 18.975, 25.55, 9.06, 18.969, 25.55, 9.07, 0.006, 201.00, 7.05);
insert into SHOT values (1309, 1299, 1312, 89, 10.014, 345.33, -7.70, 10.013, 345.35, -7.69, 0.003, 95.49, 18.23);
insert into SHOT values (1310, 1299, 1313, 89, 2.833, 126.66, 70.24, 2.839, 126.99, 70.15, 0.009, 167.80, 24.60);
insert into SHOT values (1311, 1299, 1314, 89, 1.173, 109.04, -59.44, 1.172, 109.65, -59.51, 0.007, 214.51, 0.76);
insert into SHOT values (1312, 1300, 1315, 89, 14.502, 166.17, -1.68, 14.507, 166.16, -1.66, 0.007, 141.53, 32.85);
insert into SHOT values (1313, 1300, 1316, 89, 24.428, 234.60, -0.96, 24.429, 234.60, -0.96, 0.002, 223.29, -11.32);
insert into SHOT values (1314, 1300, 1317, 89, 27.211, 60.93, 3.56, 27.211, 60.94, 3.56, 0.005, 155.37, 4.41);
insert into SHOT values (1315, 1300, 1318, 89, 23.645, 158.71, -12.86, 23.646, 158.71, -12.85, 0.003, 216.73, 46.31);
insert into SHOT values (1316, 1300, 1319, 89, 23.615, 341.90, -4.34, 23.612, 341.91, -4.35, 0.005, 118.99, -10.35);
insert into SHOT values (1317, 1300, 1320, 89, 3.866, 281.68, 54.99, 3.868, 281.72, 55.04, 0.004, 64.13, 57.95);
insert into SHOT values (1318, 1301, 1321, 89, 7.620, 137.15, -3.59, 7.622, 137.18, -3.61, 0.006, 207.40, -30.77);
insert into SHOT values (1319, 1301, 1322, 89, 15.307, 77.19, -9.32, 15.308, 77.19, -9.32, 0.001, 76.96, -22.37);
insert into SHOT values (1320, 1301, 1323, 89, 7.557, 249.63, 2.66, 7.561, 249.62, 2.65, 0.004, 234.72, -17.22);
insert into SHOT values (1321, 1301, 1324, 89, 38.382, 209.42, -3.25, 38.381, 209.41, -3.24, 0.005, 110.26, 46.83);
insert into SHOT values (1322, 1301, 1325, 89, 20.146, 157.87, -14.93, 20.143, 157.88, -14.93, 0.005, 286.03, 4.82);
insert into SHOT values (1323, 1301, 1326, 89, 23.141, 51.29, 2.06, 23.143, 51.30, 2.06, 0.006, 115.26, -43.08);
insert into SHOT values (1324, 1301, 1327, 89, 1.896, 83.79, 67.43, 1.894, 83.66, 67.51, 0.004, 290.30, -11.84);
insert into SHOT values (1325, 1301, 1328, 89, 1.187, 205.06, -71.07, 1.184, 204.57, -71.04, 0.004, 111.02, 40.11);
insert into SHOT values (1326, 1301, 1329, 89, 30.983, 163.69, -14.14, 30.979, 163.68, -14.14, 0.005, 23.80, 17.96);
insert into SHOT values (1327, 1301, 1330, 89, 30.984, 163.69, -14.19, 30.986, 163.68, -14.20, 0.006, 96.32, -57.59);
insert into SHOT values (1328, 1302, 1331, 89, 26.809, 257.89, 9.20, 26.814, 257.90, 9.21, 0.007, 291.97, 49.35);
insert into SHOT values (1329, 1302, 1332, 89, 23.531, 214.60, -1.52, 23.530, 214.61, -1.51, 0.003, 318.21, 52.95);
insert into SHOT values (1330, 1302, 1333, 89, 3.712, 81.72, -12.72, 3.707, 81.74, -12.62, 0.008, 249.93, 64.24);
insert into SHOT values (1331, 1302, 1334, 89, 8.502, 20.42, 4.37, 8.499, 20.45, 4.39, 0.006, 148.41, 17.13);
insert into SHOT values (1332, 1302, 1335, 89, 1.358, 211.10, 51.62, 1.363, 211.43, 51.74, 0.007, 292.53, 47.55);
insert into SHOT values (1333, 1302, 1336, 89, 0.947, 234.41, -88.08, 0.941, 236.31, -87.80, 0.008, 250.08, 55.63);
insert into SHOT values (1334, 1303, 1337, 89, 10.417, 192.91, 3.45, 10.423, 192.94, 3.41, 0.011, 233.19, -40.52);
insert into SHOT values (1335, 1303, 1338, 89, 22.010, 221.55, -11.35, 22.016, 221.56, -11.37, 0.012, 272.79, -49.23);
insert into SHOT values (1336, 1303, 1339, 89, 36.029, 283.38, 11.67, 36.032, 283.37, 11.67, 0.006, 219.41, 3.88);
insert into SHOT values (1337, 1303, 1340, 89, 12.884, 26.80, -2.01, 12.879, 26.78, -2.05, 0.011, 248.22, -49.61);
insert into SHOT values (1338, 1303, 1341, 89, 11.537, 102.42, -12.30, 11.540, 102.45, -12.31, 0.007, 164.43, -11.33);
insert into SHOT values (1339, 1303, 1342, 89, 1.699, 249.45, 79.89, 1.697, 248.55, 79.79, 0.006, 188.64, -25.93);
insert into SHOT values (1340, 1303, 1343, 89, 1.622, 116.47, -80.83, 1.631, 117.55, -80.85, 0.010, 195.54, -60.30);
insert into SHOT values (1341, 1304, 1344, 89, 6.719, 64.83, 4.36, 6.725, 64.85, 4.35, 0.007, 87.03, -2.83);
insert into SHOT values (1342, 1304, 1345, 89, 11.856, 121.51, -0.47, 11.860, 121.52, -0.48, 0.005, 142.41, -28.07);
insert into SHOT values (1343, 1304, 1346, 89, 8.022, 226.28, -3.71, 8.016, 226.27, -3.72, 0.006, 68.36, -10.75);
insert into SHOT values (1344, 1304, 1347, 89, 14.522, 255.27, -2.48, 14.521, 255.26, -2.49, 0.003, 84.91, -61.13);
insert into SHOT values (1345, 1304, 1348, 89, 2.586, 229.22, 48.67, 2.585, 229.03, 48.63, 0.006, 146.81, -19.85);
insert into SHOT values (1346, 1304, 1349, 89, 1.219, 247.78, -65.86, 1.216, 247.56, -65.85, 0.003, 133.66, 47.88);
insert into SHOT values (1347, 1305, 1350, 89, 21.174, 135.66, -0.41, 21.180, 135.67, -0.41, 0.006, 160.18, 0.34);
insert into SHOT values (1348, 1305, 1351, 89, 4.177, 211.05, 0.70, 4.176, 210.99, 0.69, 0.005, 112.37, -10.77);
insert into SHOT values (1349, 1305, 1352, 89, 5.426, 45.45, 3.25, 5.433, 45.52, 3.27, 0.010, 93.08, 16.14);
insert into SHOT values (1350, 1305, 1353, 89, 11.884, 81.09, 2.02, 11.891, 81.09, 2.02, 0.007, 79.66, 16.19);
insert into SHOT values (1351, 1305, 1354, 89, 23.726, 137.37, 5.94, 23.730, 137.35, 5.95, 0.007, 80.26, 25.37);
insert into SHOT values (1352, 1305, 1355, 89, 3.500, 165.13, 67.30, 3.503, 165.04, 67.23, 0.006, 142.05, 12.07);
insert into SHOT values (1353, 1305, 1356, 89, 2.001, 67.38, -52.94, 2.006, 67.67, -52.88, 0.009, 119.73, -22.33);
insert into SHOT values (1354, 1306, 1357, 89, 2.542, 190.91, 5.87, 2.539, 190.95, 5.88, 0.003, 336.26, 2.79);
insert into SHOT values (1355, 1306, 1358, 89, 1.821, 20.75, 2.19, 1.821, 20.92, 1.89, 0.011, 107.19, -59.63);
insert into SHOT values (1356, 1306, 1359, 89, 5.197, 93.10, 17.97, 5.200, 93.13, 17.92, 0.006, 123.40, -38.73);
insert into SHOT values (1357, 1306, 1360, 89, 8.230, 231.48, 15.21, 8.227, 231.44, 15.15, 0.011, 139.02, -60.73);
insert into SHOT values (1358, 1306, 1361, 89, 5.930, 262.80, -1.07, 5.928, 262.83, -1.16, 0.010, 37.01, -67.98);
insert into SHOT values (1359, 1306, 1362, 89, 1.849, 140.33, 63.50, 1.844, 139.93, 63.48, 0.008, 33.59, -38.40);
insert into SHOT values (1360, 1306, 1363, 89, 1.018, 4.27, -82.67, 1.018, 4.40, -82.64, 0.001, 38.24, -30.99);
insert into SHOT values (1361, 1307, 1364, 89, 9.334, 154.19, 8.59, 9.328, 154.16, 8.63, 0.010, 6.97, 34.35);
insert into SHOT values (1362, 1307, 1365, 89, 1.045, 353.65, 33.60, 1.050, 353.44, 33.52, 0.006, 323.05, 16.07);
insert into SHOT values (1363, 1307, 1366, 89, 1.283, 141.22, 3.94, 1.276, 141.06, 4.04, 0.008, 347.17, 12.46);
insert into SHOT values (1364, 1307, 1367, 89, 2.485, 64.35, -44.66, 2.487, 64.16, -44.73, 0.007, 325.04, -29.26);
insert into SURVEY values (92, 69, 'JPH2', 'JPH2.Promezhutochnaya.Gap-Gotan', 'JPH2');
 insert into CENTRELINE values (93, 92, NULL, NULL, NULL, 0.00, 0.00, 0.00);
 insert into SURVEY values (94, 92, 'JPH2', 'JPH2.JPH2.Promezhutochnaya.Gap-Gotan', 'Tunnel aval');
 insert into CENTRELINE values (95, 94, NULL, NULL, NULL, 0.00, 0.00, 0.00);
 insert into CENTRELINE values (96, 94, NULL, '2024-04-24', NULL, 117.45, 0.00, 0.00);
 insert into TOPO values (8, 96);
 insert into TOPO values (9, 96);
 insert into SHOT values (1365, 1368, 1369, 96, 5.942, 102.84, 0.66, 5.848, 103.35, 0.39, 0.111, 253.84, -15.00);
insert into SHOT values (1366, 1370, 1369, 96, 6.372, 251.88, -13.87, 6.255, 251.77, -13.78, 0.118, 77.45, 18.51);
insert into SHOT values (1367, 1371, 1370, 96, 17.565, 263.00, 2.81, 17.466, 263.28, 3.68, 0.295, 46.77, 61.28);
insert into SHOT values (1368, 1372, 1371, 96, 19.659, 259.51, -1.70, 19.552, 259.63, -0.97, 0.276, 57.14, 66.72);
insert into SHOT values (1369, 1373, 1372, 96, 20.814, 259.06, -2.56, 20.707, 259.19, -1.80, 0.298, 52.29, 68.79);
insert into SHOT values (1370, 1374, 1373, 96, 17.476, 260.75, -6.00, 17.367, 260.91, -5.52, 0.188, 52.55, 55.63);
insert into SHOT values (1371, 1375, 1374, 96, 15.187, 260.73, -8.86, 15.077, 260.89, -8.58, 0.139, 57.76, 40.35);
insert into SHOT values (1372, 1376, 1375, 96, 12.212, 258.78, -8.80, 12.100, 258.87, -8.56, 0.125, 68.20, 33.22);
insert into SHOT values (1373, 1377, 1376, 96, 2.228, 161.56, -22.38, 2.229, 160.51, -21.86, 0.043, 83.42, 25.33);
insert into SHOT values (1374, 1369, 1378, 96, 2.861, 157.76, 80.97, 2.855, 157.48, 81.06, 0.008, 1.57, -45.89);
insert into SHOT values (1375, 1369, 1379, 96, 0.902, 157.18, 1.07, 0.901, 157.14, 0.64, 0.007, 10.09, -79.52);
insert into SHOT values (1376, 1369, 1380, 96, 1.945, 0.92, 6.72, 1.943, 0.89, 6.50, 0.008, 216.79, -77.50);
insert into SHOT values (1377, 1369, 1381, 96, 2.978, 1.04, 44.69, 2.977, 1.08, 44.59, 0.006, 27.94, -49.82);
insert into SHOT values (1378, 1370, 1382, 96, 0.463, 354.02, 15.29, 0.468, 353.66, 14.84, 0.007, 329.48, -17.39);
insert into SHOT values (1379, 1370, 1383, 96, 0.657, 354.43, 51.69, 0.663, 354.43, 51.61, 0.006, 353.94, 43.71);
insert into SHOT values (1380, 1370, 1384, 96, 1.313, 29.56, -67.81, 1.308, 30.17, -67.65, 0.008, 103.57, 46.05);
insert into SHOT values (1381, 1370, 1385, 96, 1.468, 179.92, 3.73, 1.463, 180.00, 3.92, 0.007, 337.39, 40.35);
insert into SHOT values (1382, 1371, 1386, 96, 1.619, 347.79, 20.09, 1.624, 347.88, 20.18, 0.006, 21.29, 41.79);
insert into SHOT values (1383, 1371, 1387, 96, 2.082, 345.33, 60.17, 2.084, 345.43, 60.28, 0.005, 127.55, 52.25);
insert into SHOT values (1384, 1371, 1388, 96, 1.860, 191.65, 75.45, 1.861, 192.26, 75.34, 0.006, 246.51, -3.51);
insert into SHOT values (1385, 1371, 1389, 96, 0.750, 160.66, 12.51, 0.748, 160.82, 12.35, 0.004, 289.76, -42.83);
insert into SHOT values (1386, 1372, 1390, 96, 0.978, 168.49, 7.23, 0.986, 168.80, 6.99, 0.010, 201.23, -17.11);
insert into SHOT values (1387, 1372, 1391, 96, 2.047, 190.21, 67.63, 2.046, 190.30, 67.51, 0.005, 211.03, -38.31);
insert into SHOT values (1388, 1372, 1392, 96, 2.188, 314.04, 64.03, 2.180, 313.73, 64.03, 0.009, 191.22, -48.43);
insert into SHOT values (1389, 1372, 1393, 96, 1.221, 351.38, 11.33, 1.218, 351.33, 11.37, 0.004, 188.21, 1.25);
insert into SHOT values (1390, 1373, 1394, 96, 0.971, 170.42, 6.58, 0.970, 170.44, 6.51, 0.002, 337.59, -45.68);
insert into SHOT values (1391, 1373, 1395, 96, 1.754, 187.01, 61.57, 1.753, 187.55, 61.47, 0.009, 261.02, -17.09);
insert into SHOT values (1392, 1373, 1396, 96, 1.967, 317.28, 52.50, 1.970, 317.02, 52.37, 0.008, 271.49, -3.62);
insert into SHOT values (1393, 1373, 1397, 96, 1.135, 338.98, 12.23, 1.131, 338.78, 12.25, 0.006, 201.35, -3.88);
insert into SHOT values (1394, 1374, 1398, 96, 0.977, 349.54, 19.63, 0.974, 349.30, 19.81, 0.006, 211.42, 16.73);
insert into SHOT values (1395, 1374, 1399, 96, 1.976, 318.91, 71.86, 1.978, 318.29, 71.85, 0.007, 235.89, 18.40);
insert into SHOT values (1396, 1374, 1400, 96, 1.841, 274.49, 76.49, 1.841, 273.99, 76.46, 0.004, 199.62, -1.09);
insert into SHOT values (1397, 1374, 1401, 96, 1.224, 183.88, 10.36, 1.233, 184.25, 10.28, 0.012, 224.78, -0.05);
insert into SHOT values (1398, 1374, 1402, 96, 1.993, 187.58, 55.68, 2.000, 187.63, 55.59, 0.008, 195.58, 32.19);
insert into SHOT values (1399, 1375, 1403, 96, 1.143, 343.31, -1.91, 1.140, 343.16, -2.01, 0.005, 205.14, -22.82);
insert into SHOT values (1400, 1375, 1404, 96, 1.920, 329.28, 68.67, 1.922, 329.04, 68.65, 0.004, 260.84, 26.32);
insert into SHOT values (1401, 1375, 1405, 96, 1.773, 169.92, 53.61, 1.777, 170.18, 53.57, 0.007, 223.34, 25.19);
insert into SHOT values (1402, 1375, 1406, 96, 0.863, 170.24, 16.44, 0.866, 170.31, 16.09, 0.006, 184.91, -44.74);
insert into SHOT values (1403, 1376, 1407, 96, 2.252, 327.80, -7.10, 2.256, 327.59, -7.13, 0.009, 264.16, -9.56);
insert into SHOT values (1404, 1376, 1408, 96, 2.853, 315.90, 47.42, 2.857, 315.84, 47.30, 0.008, 300.00, -6.17);
insert into SHOT values (1405, 1376, 1409, 96, 2.093, 234.47, 75.99, 2.093, 235.38, 75.89, 0.009, 300.93, -4.62);
insert into SHOT values (1406, 1377, 1410, 96, 2.688, 56.72, -4.47, 2.687, 56.73, -4.48, 0.001, 214.59, -37.77);
insert into SHOT values (1407, 1377, 1411, 96, 9.368, 62.45, -62.89, 9.357, 62.47, -62.90, 0.011, 226.80, 53.47);
insert into SHOT values (1408, 1377, 1412, 96, 2.153, 45.42, -69.67, 2.143, 45.55, -69.73, 0.011, 208.39, 57.00);
insert into SHOT values (1409, 1377, 1413, 96, 3.451, 54.39, 16.44, 3.447, 54.48, 16.52, 0.008, 188.01, 25.87);
insert into SHOT values (1410, 1377, 1414, 96, 4.039, 64.57, 49.93, 4.045, 64.72, 50.02, 0.011, 162.09, 53.11);
insert into SHOT values (1411, 1377, 1415, 96, 1.194, 3.46, -25.71, 1.187, 3.21, -25.45, 0.010, 232.36, 51.56);
insert into SHOT values (1412, 1377, 1416, 96, 8.187, 117.92, -25.29, 8.185, 117.95, -25.24, 0.009, 192.17, 59.21);
insert into SURVEY values (99, 69, 'JPH3', 'JPH3.Promezhutochnaya.Gap-Gotan', 'JPH3');
 insert into CENTRELINE values (100, 99, NULL, NULL, NULL, 0.00, 0.00, 0.00);
 insert into SURVEY values (101, 99, 'JPH3', 'JPH3.JPH3.Promezhutochnaya.Gap-Gotan', 'Entree naturelle');
 insert into CENTRELINE values (102, 101, NULL, NULL, NULL, 0.00, 0.00, 0.00);
 insert into CENTRELINE values (103, 101, NULL, '2024-04-24', NULL, 123.31, 0.00, 0.00);
 insert into TOPO values (8, 103);
 insert into TOPO values (9, 103);
 insert into SHOT values (1413, 1417, 1418, 103, 6.158, 261.03, -2.49, 6.286, 260.93, -2.74, 0.131, 256.14, -14.36);
insert into SHOT values (1414, 1419, 1417, 103, 10.991, 301.86, -8.37, 11.082, 300.50, -8.67, 0.281, 228.68, -14.63);
insert into SHOT values (1415, 1420, 1419, 103, 12.455, 282.38, -3.03, 12.572, 281.44, -3.47, 0.253, 220.73, -23.46);
insert into SHOT values (1416, 1421, 1420, 103, 7.230, 309.80, 3.81, 7.298, 308.65, 3.38, 0.170, 245.39, -17.28);
insert into SHOT values (1417, 1422, 1421, 103, 13.999, 294.80, -2.38, 14.101, 293.34, -2.89, 0.392, 219.06, -19.17);
insert into SHOT values (1418, 1423, 1422, 103, 9.752, 252.66, -18.44, 9.883, 252.76, -18.34, 0.134, 260.34, -10.85);
insert into SHOT values (1419, 1424, 1423, 103, 13.271, 324.95, -6.07, 13.327, 322.83, -6.55, 0.506, 238.97, -13.27);
insert into SHOT values (1420, 1425, 1424, 103, 12.137, 319.22, -3.10, 12.203, 317.36, -3.57, 0.412, 237.01, -14.46);
insert into SHOT values (1421, 1426, 1425, 103, 7.622, 303.62, 1.05, 7.712, 302.56, 0.67, 0.176, 245.79, -16.54);
insert into SHOT values (1422, 1427, 1426, 103, 9.529, 301.33, -4.86, 9.610, 300.10, -5.19, 0.227, 231.11, -15.91);
insert into SHOT values (1423, 1428, 1427, 103, 10.114, 301.20, -7.92, 10.216, 299.96, -8.22, 0.246, 233.96, -15.46);
insert into SHOT values (1424, 1429, 1428, 103, 4.700, 257.26, -29.21, 4.826, 257.15, -28.87, 0.129, 253.54, -16.36);
insert into SHOT values (1425, 1430, 1429, 103, 5.355, 321.71, -11.68, 5.416, 320.66, -11.83, 0.115, 261.65, -13.12);
insert into SHOT values (1426, 1417, 1431, 103, 2.525, 16.30, 10.09, 2.526, 16.10, 10.03, 0.009, 297.23, -14.23);
insert into SHOT values (1427, 1417, 1432, 103, 4.307, 41.20, 62.01, 4.312, 41.19, 62.07, 0.007, 235.05, 77.14);
insert into SHOT values (1428, 1417, 1433, 103, 5.995, 197.33, 43.64, 5.997, 197.43, 43.65, 0.008, 282.47, 20.87);
insert into SHOT values (1429, 1417, 1434, 103, 6.643, 198.94, 15.91, 6.642, 199.00, 15.90, 0.007, 291.29, -11.67);
insert into SHOT values (1430, 1417, 1435, 103, 6.369, 195.30, -7.78, 6.373, 195.33, -7.76, 0.006, 235.06, 18.74);
insert into SHOT values (1431, 1417, 1436, 103, 7.369, 155.34, 8.00, 7.366, 155.37, 8.04, 0.006, 295.11, 40.69);
insert into SHOT values (1432, 1417, 1437, 103, 7.324, 111.20, 8.81, 7.318, 111.24, 8.80, 0.008, 252.05, -8.52);
insert into SHOT values (1433, 1419, 1438, 103, 1.658, 200.96, 4.99, 1.655, 200.96, 4.85, 0.005, 18.82, -58.27);
insert into SHOT values (1434, 1419, 1439, 103, 1.487, 241.42, 64.96, 1.488, 241.39, 65.11, 0.004, 68.65, 43.83);
insert into SHOT values (1435, 1419, 1440, 103, 1.756, 1.43, 40.34, 1.760, 1.28, 40.38, 0.005, 299.74, 41.82);
insert into SHOT values (1436, 1419, 1441, 103, 2.371, 30.29, 6.31, 2.367, 30.38, 6.31, 0.005, 165.37, -4.83);
insert into SHOT values (1437, 1419, 1442, 103, 5.907, 88.18, 7.73, 5.906, 88.14, 7.69, 0.006, 355.58, -50.61);
insert into SHOT values (1438, 1419, 1443, 103, 11.413, 103.77, 5.55, 11.409, 103.75, 5.53, 0.006, 320.40, -35.14);
insert into SHOT values (1439, 1419, 1444, 103, 10.012, 119.01, 5.84, 10.012, 119.01, 5.85, 0.002, 340.15, 65.91);
insert into SHOT values (1440, 1420, 1445, 103, 3.371, 213.04, -2.77, 3.371, 213.12, -2.72, 0.006, 301.57, 29.88);
insert into SHOT values (1441, 1420, 1446, 103, 3.312, 226.49, 23.24, 3.312, 226.60, 23.30, 0.007, 330.46, 26.30);
insert into SHOT values (1442, 1420, 1447, 103, 1.528, 273.86, 59.42, 1.534, 273.67, 59.37, 0.007, 242.24, 41.01);
insert into SHOT values (1443, 1420, 1448, 103, 0.826, 233.37, -57.98, 0.825, 233.39, -58.08, 0.002, 49.36, 8.36);
insert into SHOT values (1444, 1420, 1449, 103, 4.173, 128.71, 8.66, 4.174, 128.70, 8.68, 0.002, 110.36, 66.54);
insert into SHOT values (1445, 1420, 1450, 103, 4.834, 156.35, 7.09, 4.829, 156.38, 7.14, 0.007, 311.16, 28.69);
insert into SHOT values (1446, 1421, 1451, 103, 0.437, 41.19, 7.68, 0.429, 41.19, 8.03, 0.008, 221.43, 11.53);
insert into SHOT values (1447, 1421, 1452, 103, 1.934, 36.78, 68.20, 1.927, 37.03, 68.25, 0.008, 180.69, -46.85);
insert into SHOT values (1448, 1421, 1453, 103, 2.279, 245.61, 62.84, 2.282, 245.65, 62.81, 0.003, 259.14, 40.77);
insert into SHOT values (1449, 1421, 1454, 103, 2.332, 231.08, 58.66, 2.332, 230.68, 58.59, 0.009, 154.54, -10.80);
insert into SHOT values (1450, 1421, 1455, 103, 2.235, 219.55, 25.43, 2.240, 219.59, 25.37, 0.006, 231.53, 3.32);
insert into SHOT values (1451, 1421, 1456, 103, 1.902, 217.49, 2.83, 1.906, 217.53, 2.71, 0.006, 233.15, -41.14);
insert into SHOT values (1452, 1422, 1457, 103, 2.316, 3.77, 9.48, 2.316, 3.76, 9.44, 0.001, 358.14, -67.56);
insert into SHOT values (1453, 1422, 1458, 103, 3.082, 349.78, 54.55, 3.081, 350.01, 54.55, 0.007, 84.47, -4.53);
insert into SHOT values (1454, 1422, 1459, 103, 2.724, 239.75, 74.09, 2.722, 239.97, 74.24, 0.008, 38.68, 2.32);
insert into SHOT values (1455, 1422, 1460, 103, 2.697, 203.43, 42.12, 2.692, 203.35, 42.24, 0.008, 43.84, 8.11);
insert into SHOT values (1456, 1422, 1461, 103, 1.580, 190.80, 13.99, 1.575, 190.57, 14.34, 0.012, 50.30, 40.51);
insert into SHOT values (1457, 1423, 1462, 103, 0.938, 333.59, 4.84, 0.938, 333.98, 4.89, 0.006, 63.23, 7.80);
insert into SHOT values (1458, 1423, 1463, 103, 1.896, 194.97, 62.91, 1.887, 194.85, 62.93, 0.009, 36.17, -58.07);
insert into SHOT values (1459, 1423, 1464, 103, 3.819, 173.97, 14.72, 3.816, 173.93, 14.73, 0.004, 28.11, -2.06);
insert into SHOT values (1460, 1423, 1465, 103, 4.140, 188.31, -12.38, 4.139, 188.25, -12.42, 0.005, 72.63, -30.66);
insert into SHOT values (1461, 1423, 1466, 103, 5.494, 208.23, -11.12, 5.494, 208.23, -11.12, 0.001, 169.45, -2.79);
insert into SHOT values (1462, 1423, 1467, 103, 4.162, 168.15, -1.88, 4.160, 168.20, -1.93, 0.005, 286.79, -40.94);
insert into SHOT values (1463, 1423, 1468, 103, 5.895, 150.44, 4.89, 5.897, 150.42, 4.86, 0.003, 119.16, -46.87);
insert into SHOT values (1464, 1423, 1469, 103, 2.470, 73.56, 5.54, 2.473, 73.48, 5.57, 0.005, 24.92, 19.35);
insert into SHOT values (1465, 1423, 1470, 103, 3.907, 90.57, -3.47, 3.908, 90.59, -3.52, 0.004, 157.98, -73.88);
insert into SHOT values (1466, 1423, 1471, 103, 5.092, 115.56, -6.33, 5.094, 115.50, -6.31, 0.006, 51.90, 18.05);
insert into SHOT values (1467, 1423, 1472, 103, 6.022, 140.09, 4.29, 6.023, 140.13, 4.28, 0.005, 217.33, 0.61);
insert into SHOT values (1468, 1423, 1473, 103, 4.889, 121.85, -2.39, 4.891, 121.87, -2.46, 0.007, 158.71, -69.24);
insert into SHOT values (1469, 1423, 1474, 103, 7.243, 325.20, -6.16, 7.241, 325.18, -6.18, 0.004, 180.77, -37.95);
insert into SHOT values (1470, 1424, 1475, 103, 1.701, 45.37, -0.25, 1.697, 45.48, -0.34, 0.006, 184.75, -26.01);
insert into SHOT values (1471, 1424, 1476, 103, 2.139, 6.63, 52.83, 2.133, 6.68, 52.83, 0.006, 168.63, -50.88);
insert into SHOT values (1472, 1424, 1477, 103, 1.297, 232.79, 50.42, 1.298, 232.85, 50.37, 0.002, 263.12, 9.68);
insert into SHOT values (1473, 1424, 1478, 103, 1.116, 219.86, 29.30, 1.113, 219.58, 29.03, 0.008, 128.11, -52.66);
insert into SHOT values (1474, 1424, 1479, 103, 0.453, 224.86, 7.23, 0.457, 225.00, 7.55, 0.004, 244.17, 41.94);
insert into SHOT values (1475, 1425, 1480, 103, 1.541, 42.85, -1.50, 1.543, 42.90, -1.49, 0.002, 75.47, 10.94);
insert into SHOT values (1476, 1425, 1481, 103, 2.282, 35.46, 30.70, 2.287, 35.47, 30.78, 0.006, 42.64, 65.25);
insert into SHOT values (1477, 1425, 1482, 103, 2.522, 358.89, 70.90, 2.521, 358.62, 70.77, 0.007, 320.91, -26.54);
insert into SHOT values (1478, 1425, 1483, 103, 1.543, 303.85, 75.60, 1.548, 303.27, 75.69, 0.007, 198.15, 54.19);
insert into SHOT values (1479, 1425, 1484, 103, 1.584, 234.07, 35.82, 1.584, 234.20, 35.95, 0.005, 359.43, 38.33);
insert into SHOT values (1480, 1425, 1485, 103, 1.785, 240.39, 14.28, 1.779, 240.46, 14.32, 0.006, 39.87, -1.85);
insert into SHOT values (1481, 1426, 1486, 103, 1.375, 27.91, 15.87, 1.373, 27.54, 16.07, 0.010, 277.98, 23.40);
insert into SHOT values (1482, 1426, 1487, 103, 3.116, 17.18, 54.89, 3.121, 17.13, 54.79, 0.008, 4.83, 6.20);
insert into SHOT values (1483, 1426, 1488, 103, 2.366, 14.72, 67.06, 2.370, 14.34, 66.92, 0.009, 331.68, 6.81);
insert into SHOT values (1484, 1426, 1489, 103, 1.933, 225.93, 67.57, 1.935, 226.10, 67.66, 0.004, 357.40, 47.03);
insert into SHOT values (1485, 1426, 1490, 103, 1.519, 208.78, 51.91, 1.524, 209.29, 51.92, 0.010, 278.42, 26.66);
insert into SHOT values (1486, 1426, 1491, 103, 0.662, 201.31, 9.51, 0.656, 201.80, 9.66, 0.009, 341.44, 3.80);
insert into SHOT values (1487, 1427, 1492, 103, 0.629, 35.30, 6.04, 0.634, 35.96, 6.34, 0.009, 93.25, 23.95);
insert into SHOT values (1488, 1427, 1493, 103, 1.895, 344.36, 73.90, 1.893, 344.36, 74.08, 0.006, 164.91, -6.15);
insert into SHOT values (1489, 1427, 1494, 103, 1.633, 237.91, 42.45, 1.631, 237.89, 42.41, 0.002, 85.21, -68.90);
insert into SHOT values (1490, 1427, 1495, 103, 3.107, 228.00, 16.23, 3.105, 227.86, 16.27, 0.008, 118.89, 11.02);
insert into SHOT values (1491, 1427, 1496, 103, 3.182, 226.73, -0.93, 3.177, 226.66, -0.90, 0.007, 82.67, 13.09);
insert into SHOT values (1492, 1428, 1497, 103, 1.837, 15.66, 8.09, 1.845, 15.56, 8.10, 0.009, 353.13, 10.27);
insert into SHOT values (1493, 1428, 1498, 103, 5.007, 15.99, 41.72, 5.011, 15.97, 41.65, 0.007, 1.69, -14.08);
insert into SHOT values (1494, 1428, 1499, 103, 3.330, 63.38, 66.96, 3.325, 63.04, 66.96, 0.009, 320.34, -29.41);
insert into SHOT values (1495, 1428, 1500, 103, 1.726, 158.98, 53.82, 1.722, 159.25, 53.84, 0.006, 281.51, -28.70);
insert into SHOT values (1496, 1428, 1501, 103, 0.493, 196.31, 8.44, 0.486, 196.93, 8.28, 0.009, 339.32, -15.54);
insert into SHOT values (1497, 1429, 1502, 103, 1.687, 187.43, 4.48, 1.689, 187.50, 4.41, 0.004, 228.02, -28.28);
insert into SHOT values (1498, 1429, 1503, 103, 1.617, 208.40, 79.53, 1.617, 208.30, 79.48, 0.002, 188.59, -2.86);
insert into SHOT values (1499, 1429, 1504, 103, 5.420, 171.91, 85.66, 5.416, 173.05, 85.63, 0.010, 246.11, -27.36);
insert into SHOT values (1500, 1429, 1505, 103, 1.303, 25.38, 38.07, 1.296, 25.56, 38.11, 0.008, 176.62, -27.35);
insert into SHOT values (1501, 1429, 1506, 103, 0.937, 58.97, 16.59, 0.937, 59.15, 16.75, 0.004, 169.73, 39.57);
insert into SHOT values (1502, 1430, 1507, 103, 0.322, 61.94, 13.06, 0.319, 60.95, 14.52, 0.010, 289.74, 45.11);
insert into SHOT values (1503, 1430, 1508, 103, 0.884, 229.43, 13.28, 0.891, 229.69, 13.64, 0.009, 266.02, 46.84);
insert into SHOT values (1504, 1430, 1509, 103, 17.651, 220.46, 67.37, 17.660, 220.46, 67.37, 0.009, 225.81, 57.39);
insert into SHOT values (1505, 1430, 1510, 103, 1.465, 251.03, 55.17, 1.475, 251.35, 55.09, 0.012, 283.09, 40.02);
insert into SHOT values (1506, 1430, 1511, 103, 10.060, 182.45, -59.41, 10.058, 182.47, -59.43, 0.005, 342.77, -0.48);
insert into SHOT values (1507, 1430, 1512, 103, 22.590, 313.06, 32.13, 22.594, 313.05, 32.14, 0.006, 254.81, 70.93);
insert into SURVEY values (106, 69, 'Alex', 'Alex.Promezhutochnaya.Gap-Gotan', 'Alex');
 insert into CENTRELINE values (107, 106, NULL, NULL, NULL, 0.00, 0.00, 0.00);
 insert into SURVEY values (108, 106, 'Alex', 'Alex.Alex.Promezhutochnaya.Gap-Gotan', 'Promeszutochnaya 04');
 insert into CENTRELINE values (109, 108, NULL, NULL, NULL, 0.00, 0.00, 0.00);
 insert into CENTRELINE values (110, 108, NULL, '2024-04-25', NULL, 652.46, 0.00, 0.00);
 insert into TOPO values (4, 110);
 insert into TOPO values (1, 110);
 insert into TOPO values (2, 110);
 insert into SHOT values (1508, 1513, 1514, 110, 3.070, 39.97, -3.40, 3.072, 39.97, -3.36, 0.003, 50.50, 46.97);
insert into SHOT values (1509, 1513, 1515, 110, 3.930, 93.57, 1.00, 3.929, 93.65, 1.02, 0.006, 197.83, 13.57);
insert into SHOT values (1510, 1513, 1516, 110, 8.230, 120.57, -0.90, 8.228, 120.62, -0.91, 0.008, 226.22, -5.48);
insert into SHOT values (1511, 1513, 1517, 110, 4.360, 1.47, 0.80, 4.352, 1.45, 0.79, 0.008, 190.89, -6.02);
insert into SHOT values (1512, 1513, 1518, 110, 2.300, 143.37, -1.30, 2.303, 143.48, -1.24, 0.006, 203.09, 22.69);
insert into SHOT values (1513, 1513, 1519, 110, 3.150, 192.37, 0.50, 3.154, 192.45, 0.54, 0.007, 239.38, 21.77);
insert into SHOT values (1514, 1513, 1520, 110, 3.680, 217.27, -1.00, 3.683, 217.27, -0.93, 0.005, 228.30, 57.40);
insert into SHOT values (1515, 1513, 1521, 110, 3.480, 248.57, -2.80, 3.484, 248.60, -2.80, 0.005, 271.91, -0.04);
insert into SHOT values (1516, 1513, 1522, 110, 1.780, 41.17, 82.30, 1.786, 41.63, 82.25, 0.007, 81.30, 63.28);
insert into SHOT values (1517, 1513, 1523, 110, 1.500, 295.77, -70.90, 1.492, 295.51, -70.93, 0.008, 148.95, 62.12);
insert into SHOT values (1518, 1513, 1524, 110, 10.670, 39.17, -72.70, 10.662, 39.11, -72.70, 0.008, 269.06, 61.38);
insert into SHOT values (1519, 1513, 1525, 110, 9.440, 122.17, -3.40, 9.374, 123.27, -3.85, 0.206, 234.20, -19.93);
insert into SHOT values (1520, 1525, 1526, 110, 2.610, 258.77, -3.60, 2.614, 258.95, -3.73, 0.011, 325.83, -34.19);
insert into SHOT values (1521, 1525, 1527, 110, 9.320, 303.77, -4.60, 9.330, 303.78, -4.61, 0.010, 312.51, -14.72);
insert into SHOT values (1522, 1525, 1528, 110, 18.030, 318.57, -2.00, 18.034, 318.55, -2.00, 0.006, 276.97, -7.31);
insert into SHOT values (1523, 1525, 1529, 110, 8.380, 322.57, -1.70, 8.384, 322.51, -1.71, 0.009, 261.45, -9.20);
insert into SHOT values (1524, 1525, 1530, 110, 3.360, 152.97, 25.90, 3.353, 153.01, 25.81, 0.009, 301.11, -60.09);
insert into SHOT values (1525, 1525, 1531, 110, 4.430, 183.17, 23.50, 4.422, 183.25, 23.45, 0.011, 318.71, -37.28);
insert into SHOT values (1526, 1525, 1532, 110, 3.490, 282.07, 74.00, 3.488, 281.89, 73.84, 0.011, 263.26, -27.21);
insert into SHOT values (1527, 1525, 1533, 110, 1.650, 247.67, -88.60, 1.651, 255.96, -88.57, 0.006, 332.99, -4.72);
insert into SHOT values (1528, 1525, 1534, 110, 8.870, 316.77, -42.20, 8.936, 315.79, -42.00, 0.134, 258.03, -9.40);
insert into SHOT values (1529, 1534, 1535, 110, 1.670, 44.87, -6.10, 1.664, 45.00, -6.21, 0.008, 191.77, -19.77);
insert into SHOT values (1530, 1534, 1536, 110, 8.170, 347.97, 77.60, 8.170, 347.79, 77.63, 0.007, 215.98, 4.66);
insert into SHOT values (1531, 1534, 1537, 110, 1.420, 49.57, -79.80, 1.422, 49.90, -79.94, 0.004, 204.40, -35.76);
insert into SHOT values (1532, 1534, 1538, 110, 15.940, 332.47, -41.70, 15.987, 330.70, -41.82, 0.371, 243.54, -8.72);
insert into SHOT values (1533, 1538, 1539, 110, 1.620, 58.57, -2.60, 1.617, 58.67, -2.48, 0.005, 191.86, 40.65);
insert into SHOT values (1534, 1538, 1540, 110, 2.770, 247.77, 0.10, 2.776, 247.78, 0.21, 0.008, 252.48, 39.59);
insert into SHOT values (1535, 1538, 1541, 110, 11.070, 269.67, 85.70, 11.071, 269.31, 85.70, 0.005, 180.00, 12.66);
insert into SHOT values (1536, 1538, 1542, 110, 0.900, 43.47, -52.10, 0.899, 43.53, -52.15, 0.001, 194.62, 7.74);
insert into SHOT values (1537, 1538, 1543, 110, 20.160, 333.17, -23.60, 20.214, 330.53, -24.06, 0.866, 240.77, -11.26);
insert into SHOT values (1538, 1543, 1544, 110, 2.460, 64.67, -5.00, 2.466, 64.69, -5.12, 0.008, 74.43, -46.96);
insert into SHOT values (1539, 1543, 1545, 110, 2.320, 56.97, 68.90, 2.315, 57.26, 68.93, 0.007, 182.00, -40.07);
insert into SHOT values (1540, 1543, 1546, 110, 1.180, 75.97, -54.50, 1.191, 75.76, -54.53, 0.011, 53.68, -55.25);
insert into SHOT values (1541, 1543, 1547, 110, 2.380, 26.77, -17.30, 2.325, 25.99, -17.78, 0.066, 233.94, -1.95);
insert into SHOT values (1542, 1547, 1548, 110, 1.450, 247.07, 17.70, 1.448, 246.96, 17.68, 0.003, 128.60, -16.96);
insert into SHOT values (1543, 1547, 1549, 110, 0.440, 64.17, 21.40, 0.441, 64.06, 21.25, 0.002, 40.66, -15.58);
insert into SHOT values (1544, 1547, 1550, 110, 4.300, 268.97, 72.70, 4.295, 268.66, 72.66, 0.009, 192.18, -37.64);
insert into SHOT values (1545, 1547, 1551, 110, 1.160, 293.07, -64.90, 1.158, 292.89, -65.05, 0.004, 135.64, 6.71);
insert into SHOT values (1546, 1547, 1552, 110, 11.260, 330.97, -13.10, 11.301, 329.12, -13.51, 0.366, 243.43, -13.91);
insert into SHOT values (1547, 1547, 1553, 110, 1.980, 336.87, -4.40, 1.973, 336.95, -4.65, 0.011, 134.08, -46.08);
insert into SHOT values (1548, 1553, 1554, 110, 1.110, 251.27, -11.20, 1.108, 251.23, -10.93, 0.006, 104.01, 77.80);
insert into SHOT values (1549, 1553, 1555, 110, 5.060, 265.57, 70.70, 5.065, 265.55, 70.69, 0.005, 254.57, 58.28);
insert into SHOT values (1550, 1553, 1556, 110, 0.250, 60.57, -0.80, 0.256, 59.42, 0.00, 0.008, 17.74, 24.91);
insert into SHOT values (1551, 1553, 1557, 110, 1.470, 198.37, -75.50, 1.467, 197.45, -75.51, 0.007, 96.59, 27.85);
insert into SHOT values (1552, 1553, 1558, 110, 2.390, 296.97, -84.60, 2.391, 298.81, -84.52, 0.008, 3.32, -4.33);
insert into SHOT values (1553, 1553, 1559, 110, 11.780, 302.37, -51.40, 11.765, 302.56, -51.52, 0.038, 81.39, -5.55);
insert into SHOT values (1554, 1559, 1560, 110, 2.240, 53.97, -0.30, 2.240, 53.90, -0.51, 0.009, 328.84, -71.87);
insert into SHOT values (1555, 1559, 1561, 110, 0.310, 213.77, 8.70, 0.313, 213.18, 7.34, 0.009, 176.54, -52.60);
insert into SHOT values (1556, 1559, 1562, 110, 1.680, 98.17, -57.50, 1.681, 98.31, -57.65, 0.005, 243.14, -38.26);
insert into SHOT values (1557, 1559, 1563, 110, 10.230, 87.77, 70.70, 10.222, 87.79, 70.74, 0.010, 258.33, -30.09);
insert into SHOT values (1558, 1559, 1564, 110, 4.650, 106.87, -14.00, 4.644, 106.91, -14.08, 0.009, 263.28, -32.84);
insert into SHOT values (1559, 1559, 1565, 110, 3.620, 138.37, -23.80, 3.622, 138.42, -23.77, 0.005, 186.09, 10.52);
insert into SHOT values (1560, 1559, 1566, 110, 2.650, 345.47, -2.90, 2.650, 345.33, -3.03, 0.009, 251.83, -43.96);
insert into SHOT values (1561, 1559, 1567, 110, 6.070, 328.57, -5.10, 6.075, 328.52, -5.10, 0.007, 280.60, -3.32);
insert into SHOT values (1562, 1559, 1568, 110, 3.230, 319.47, -10.90, 3.235, 319.34, -10.87, 0.009, 266.11, 5.09);
insert into SHOT values (1563, 1559, 1569, 110, 12.010, 135.17, -20.70, 12.016, 134.93, -20.66, 0.048, 55.14, 6.28);
insert into SHOT values (1564, 1569, 1570, 110, 4.640, 27.07, 4.90, 4.632, 27.06, 4.83, 0.010, 208.11, -39.72);
insert into SHOT values (1565, 1569, 1571, 110, 1.680, 227.67, -1.80, 1.686, 227.89, -1.70, 0.009, 275.46, 17.60);
insert into SHOT values (1566, 1569, 1572, 110, 0.860, 242.57, -63.30, 0.865, 242.78, -62.93, 0.008, 254.36, -13.10);
insert into SHOT values (1567, 1569, 1573, 110, 1.950, 181.07, 76.20, 1.948, 181.22, 76.03, 0.006, 195.21, -35.94);
insert into SHOT values (1568, 1569, 1574, 110, 6.070, 9.57, 1.30, 6.065, 9.49, 1.32, 0.010, 244.59, 13.63);
insert into SHOT values (1569, 1569, 1575, 110, 5.790, 300.57, 6.00, 5.787, 300.49, 5.95, 0.010, 192.82, -31.52);
insert into SHOT values (1570, 1569, 1576, 110, 2.560, 158.57, 14.60, 2.564, 158.50, 14.45, 0.008, 130.19, -40.57);
insert into SHOT values (1571, 1576, 1577, 110, 1.120, 56.77, -4.40, 1.115, 56.74, -4.11, 0.007, 243.63, 52.62);
insert into SHOT values (1572, 1576, 1578, 110, 2.160, 105.97, -52.00, 2.158, 105.71, -51.97, 0.006, 14.24, 19.36);
insert into SHOT values (1573, 1576, 1579, 110, 2.650, 93.17, 77.40, 2.652, 93.01, 77.57, 0.008, 285.02, 27.15);
insert into SHOT values (1574, 1576, 1580, 110, 0.220, 223.47, -1.00, 0.219, 223.15, 0.00, 0.004, 104.97, 70.39);
insert into SHOT values (1575, 1576, 1581, 110, 7.430, 122.57, -30.80, 7.434, 122.47, -30.74, 0.013, 64.96, 19.60);
insert into SHOT values (1576, 1581, 1582, 110, 1.530, 118.67, -0.50, 1.535, 118.40, -0.37, 0.009, 62.63, 21.42);
insert into SHOT values (1577, 1581, 1583, 110, 2.750, 323.27, 8.30, 2.745, 323.38, 8.38, 0.008, 96.33, 21.73);
insert into SHOT values (1578, 1581, 1584, 110, 14.240, 180.87, 86.50, 14.247, 180.66, 86.50, 0.007, 103.72, 63.73);
insert into SHOT values (1579, 1581, 1585, 110, 1.300, 89.57, -72.50, 1.300, 90.00, -72.54, 0.003, 197.03, -3.11);
insert into SHOT values (1580, 1581, 1586, 110, 26.490, 63.17, -38.20, 26.504, 63.25, -37.84, 0.168, 78.60, 46.23);
insert into SHOT values (1581, 1586, 1587, 110, 1.740, 14.37, 5.60, 1.742, 14.36, 5.60, 0.002, 7.60, 4.75);
insert into SHOT values (1582, 1586, 1588, 110, 2.530, 188.97, 6.80, 2.528, 188.94, 6.81, 0.002, 45.72, 11.50);
insert into SHOT values (1583, 1586, 1589, 110, 1.340, 135.87, -41.10, 1.335, 135.81, -41.23, 0.006, 326.44, 8.83);
insert into SHOT values (1584, 1586, 1590, 110, 15.670, 173.97, 75.50, 15.669, 174.00, 75.51, 0.003, 305.65, -16.48);
insert into SHOT values (1585, 1586, 1591, 110, 16.290, 120.27, 27.90, 16.294, 120.02, 27.80, 0.069, 44.79, -19.14);
insert into SHOT values (1586, 1591, 1592, 110, 3.530, 34.67, -1.40, 3.530, 34.73, -1.46, 0.005, 132.10, -45.44);
insert into SHOT values (1587, 1591, 1593, 110, 6.870, 213.27, 35.90, 6.875, 213.21, 35.89, 0.008, 159.66, 12.33);
insert into SHOT values (1588, 1591, 1594, 110, 2.820, 203.87, 30.70, 2.822, 203.82, 30.68, 0.003, 157.07, 5.53);
insert into SHOT values (1589, 1591, 1595, 110, 8.970, 167.67, 73.30, 8.969, 167.69, 73.29, 0.003, 197.48, -40.45);
insert into SHOT values (1590, 1591, 1596, 110, 1.420, 85.27, -70.10, 1.424, 85.24, -70.23, 0.005, 273.85, -70.52);
insert into SHOT values (1591, 1591, 1597, 110, 11.290, 316.77, -36.70, 11.289, 316.75, -36.72, 0.006, 175.25, -29.14);
insert into SHOT values (1592, 1591, 1598, 110, 9.220, 314.57, -12.30, 9.220, 314.55, -12.27, 0.005, 234.77, 58.06);
insert into SHOT values (1593, 1591, 1599, 110, 10.740, 267.57, 8.10, 10.737, 267.52, 8.08, 0.010, 159.03, -19.77);
insert into SHOT values (1594, 1591, 1600, 110, 21.440, 80.17, 7.80, 21.461, 80.12, 7.74, 0.036, 42.64, -33.18);
insert into SHOT values (1595, 1600, 1601, 110, 1.980, 0.07, 40.40, 1.972, 0.00, 40.48, 0.009, 192.56, -22.18);
insert into SHOT values (1596, 1600, 1602, 110, 12.610, 167.87, 0.30, 12.612, 167.87, 0.32, 0.004, 194.29, 64.06);
insert into SHOT values (1597, 1600, 1603, 110, 3.620, 274.27, 7.90, 3.624, 274.15, 7.93, 0.008, 212.44, 17.03);
insert into SHOT values (1598, 1600, 1604, 110, 4.990, 237.87, -2.50, 4.988, 237.87, -2.53, 0.003, 43.80, -46.03);
insert into SHOT values (1599, 1600, 1605, 110, 2.520, 98.67, -35.70, 2.517, 98.72, -35.73, 0.004, 242.04, 8.53);
insert into SHOT values (1600, 1600, 1606, 110, 1.980, 96.37, 86.00, 1.984, 98.75, 86.20, 0.010, 237.19, 29.16);
insert into SHOT values (1601, 1600, 1607, 110, 14.090, 118.57, -17.70, 14.099, 118.40, -17.63, 0.044, 47.40, 18.13);
insert into SHOT values (1602, 1607, 1608, 110, 12.670, 68.87, 18.50, 12.675, 68.84, 18.49, 0.008, 19.70, -1.69);
insert into SHOT values (1603, 1607, 1609, 110, 13.030, 91.47, 18.90, 13.036, 91.44, 18.89, 0.009, 50.08, -4.32);
insert into SHOT values (1604, 1607, 1610, 110, 17.700, 114.77, 14.50, 17.696, 114.74, 14.50, 0.009, 359.49, -11.22);
insert into SHOT values (1605, 1607, 1611, 110, 11.680, 13.77, 11.40, 11.690, 13.78, 11.40, 0.011, 30.10, 7.20);
insert into SHOT values (1606, 1607, 1612, 110, 9.280, 339.57, 5.10, 9.285, 339.63, 5.07, 0.012, 40.06, -24.37);
insert into SHOT values (1607, 1607, 1613, 110, 8.560, 310.37, 11.40, 8.560, 310.41, 11.39, 0.007, 32.30, -17.27);
insert into SHOT values (1608, 1607, 1614, 110, 14.430, 249.67, 24.80, 14.426, 249.67, 24.80, 0.004, 58.86, -37.94);
insert into SHOT values (1609, 1607, 1615, 110, 8.510, 225.17, 25.60, 8.509, 225.16, 25.63, 0.004, 68.75, 47.74);
insert into SHOT values (1610, 1607, 1616, 110, 7.470, 27.47, 81.90, 7.476, 27.53, 81.85, 0.009, 36.63, 30.72);
insert into SHOT values (1611, 1607, 1617, 110, 3.350, 42.87, -35.40, 3.356, 42.78, -35.31, 0.009, 15.28, 3.81);
insert into SHOT values (1612, 1607, 1618, 110, 21.340, 345.47, -2.90, 21.346, 345.94, -2.90, 0.175, 73.67, -0.11);
insert into SHOT values (1613, 1618, 1619, 110, 3.970, 281.07, -1.20, 3.974, 281.03, -1.15, 0.006, 248.28, 31.97);
insert into SHOT values (1614, 1618, 1620, 110, 8.800, 74.37, 23.70, 8.801, 74.38, 23.72, 0.003, 169.51, 62.60);
insert into SHOT values (1615, 1618, 1621, 110, 3.110, 49.07, 71.60, 3.108, 49.14, 71.65, 0.004, 207.06, -15.74);
insert into SHOT values (1616, 1618, 1622, 110, 7.440, 329.27, 5.60, 7.440, 329.21, 5.63, 0.008, 232.62, 27.97);
insert into SHOT values (1617, 1618, 1623, 110, 16.850, 330.77, 6.70, 16.846, 330.77, 6.72, 0.006, 140.82, 42.23);
insert into SHOT values (1618, 1618, 1624, 110, 16.460, 29.47, 16.80, 16.461, 29.46, 16.81, 0.003, 302.67, 58.33);
insert into SHOT values (1619, 1618, 1625, 110, 9.660, 133.87, 12.70, 9.658, 133.88, 12.74, 0.007, 275.71, 57.02);
insert into SHOT values (1620, 1618, 1626, 110, 11.480, 173.97, 7.10, 11.482, 173.95, 7.10, 0.003, 113.78, 20.54);
insert into SHOT values (1621, 1618, 1627, 110, 4.850, 331.67, -45.80, 4.843, 331.54, -45.77, 0.011, 220.34, 40.89);
insert into SHOT values (1622, 1618, 1628, 110, 27.180, 358.57, 9.70, 27.182, 359.10, 9.70, 0.250, 88.41, 0.10);
insert into SHOT values (1623, 1628, 1629, 110, 11.520, 7.77, -2.40, 11.527, 7.79, -2.44, 0.011, 39.04, -46.06);
insert into SHOT values (1624, 1628, 1630, 110, 8.380, 307.77, -6.20, 8.381, 307.83, -6.23, 0.011, 36.66, -27.24);
insert into SHOT values (1625, 1628, 1631, 110, 8.180, 253.27, -12.40, 8.180, 253.27, -12.43, 0.004, 73.49, -75.34);
insert into SHOT values (1626, 1628, 1632, 110, 11.300, 103.27, 4.00, 11.306, 103.22, 3.96, 0.014, 50.83, -37.45);
insert into SHOT values (1627, 1628, 1633, 110, 12.600, 142.87, -0.60, 12.599, 142.84, -0.64, 0.010, 42.08, -52.72);
insert into SHOT values (1628, 1628, 1634, 110, 1.350, 115.57, 68.30, 1.345, 115.02, 68.33, 0.007, 357.01, -38.60);
insert into SHOT values (1629, 1628, 1635, 110, 1.860, 282.17, -63.50, 1.865, 282.53, -63.58, 0.008, 14.19, -45.92);
insert into SHOT values (1630, 1628, 1636, 110, 12.330, 97.57, 3.90, 12.351, 97.41, 3.85, 0.040, 40.73, -12.37);
insert into SHOT values (1631, 1636, 1637, 110, 2.050, 135.37, 2.40, 2.053, 135.40, 2.51, 0.005, 158.06, 57.35);
insert into SHOT values (1632, 1636, 1638, 110, 9.260, 37.77, -1.00, 9.261, 37.76, -0.99, 0.002, 338.95, 57.54);
insert into SHOT values (1633, 1636, 1639, 110, 14.380, 330.97, -1.50, 14.383, 330.96, -1.47, 0.007, 291.50, 59.92);
insert into SHOT values (1634, 1636, 1640, 110, 14.730, 275.97, -2.90, 14.728, 275.97, -2.88, 0.005, 59.84, 72.29);
insert into SHOT values (1635, 1636, 1641, 110, 1.990, 20.17, 77.70, 1.994, 19.75, 78.00, 0.012, 217.75, 29.49);
insert into SHOT values (1636, 1636, 1642, 110, 3.610, 326.07, -59.50, 3.612, 325.88, -59.44, 0.007, 268.72, 3.82);
insert into SHOT values (1637, 1636, 1643, 110, 9.260, 31.27, -6.60, 9.271, 31.41, -6.57, 0.026, 95.88, 9.47);
insert into SHOT values (1638, 1643, 1644, 110, 3.950, 23.77, -5.80, 3.943, 23.75, -5.82, 0.008, 209.83, -6.29);
insert into SHOT values (1639, 1643, 1645, 110, 6.190, 335.27, 17.60, 6.191, 335.26, 17.58, 0.002, 307.29, -44.76);
insert into SHOT values (1640, 1643, 1646, 110, 8.830, 295.27, 16.60, 8.835, 295.23, 16.57, 0.008, 256.48, -18.71);
insert into SHOT values (1641, 1643, 1647, 110, 4.790, 120.27, -3.30, 4.790, 120.27, -3.35, 0.004, 319.84, -85.43);
insert into SHOT values (1642, 1643, 1648, 110, 3.600, 162.27, -7.50, 3.598, 162.38, -7.51, 0.007, 266.83, -0.85);
insert into SHOT values (1643, 1643, 1649, 110, 3.790, 192.67, -3.50, 3.789, 192.68, -3.48, 0.002, 330.04, 53.95);
insert into SHOT values (1644, 1643, 1650, 110, 1.610, 145.87, 67.90, 1.608, 145.78, 67.91, 0.002, 4.80, -51.13);
insert into SHOT values (1645, 1643, 1651, 110, 3.210, 187.77, -38.50, 3.212, 187.78, -38.51, 0.002, 210.70, -59.61);
insert into SHOT values (1646, 1643, 1652, 110, 11.820, 109.37, -10.20, 11.837, 109.24, -10.17, 0.031, 54.81, 5.85);
insert into SHOT values (1647, 1652, 1653, 110, 0.710, 103.87, 14.90, 0.705, 103.63, 15.63, 0.011, 305.89, 44.49);
insert into SHOT values (1648, 1652, 1654, 110, 1.840, 19.87, 6.30, 1.839, 19.82, 6.24, 0.002, 268.24, -51.70);
insert into SHOT values (1649, 1652, 1655, 110, 4.460, 319.17, -2.60, 4.471, 319.18, -2.56, 0.011, 323.01, 11.65);
insert into SHOT values (1650, 1652, 1656, 110, 3.150, 256.87, -2.10, 3.153, 256.98, -2.00, 0.009, 319.78, 38.19);
insert into SHOT values (1651, 1652, 1657, 110, 0.990, 217.47, -4.30, 0.987, 217.57, -4.07, 0.006, 8.28, 49.61);
insert into SHOT values (1652, 1652, 1658, 110, 1.620, 336.07, -60.60, 1.622, 335.67, -60.40, 0.008, 292.89, 9.68);
insert into SHOT values (1653, 1652, 1659, 110, 1.420, 23.67, 73.10, 1.421, 22.83, 73.13, 0.006, 288.61, 12.42);
insert into SHOT values (1654, 1652, 1660, 110, 5.000, 24.67, -12.40, 5.015, 24.73, -12.32, 0.018, 44.46, 12.11);
insert into SHOT values (1655, 1660, 1661, 110, 3.830, 297.87, 1.40, 3.835, 297.84, 1.34, 0.006, 273.86, -34.77);
insert into SHOT values (1656, 1660, 1662, 110, 4.460, 79.57, 3.50, 4.451, 79.63, 3.48, 0.010, 232.58, -12.62);
insert into SHOT values (1657, 1660, 1663, 110, 8.190, 25.57, 5.00, 8.189, 25.56, 4.97, 0.004, 271.90, -75.20);
insert into SHOT values (1658, 1660, 1664, 110, 9.570, 2.67, 3.40, 9.567, 2.64, 3.42, 0.006, 237.56, 24.94);
insert into SHOT values (1659, 1660, 1665, 110, 1.830, 15.67, 17.50, 1.829, 15.63, 17.50, 0.001, 250.28, -11.97);
insert into SHOT values (1660, 1660, 1666, 110, 1.870, 12.17, -24.80, 1.871, 11.91, -24.97, 0.010, 274.30, -35.86);
insert into SHOT values (1661, 1660, 1667, 110, 8.600, 16.37, 3.80, 8.603, 16.51, 3.80, 0.022, 98.72, 0.11);
insert into SHOT values (1662, 1667, 1668, 110, 2.190, 136.87, 15.50, 2.187, 136.92, 15.38, 0.006, 271.07, -61.51);
insert into SHOT values (1663, 1667, 1669, 110, 2.060, 326.67, 13.20, 2.062, 326.78, 13.17, 0.005, 25.51, -4.75);
insert into SHOT values (1664, 1667, 1670, 110, 3.600, 272.57, -3.40, 3.600, 272.55, -3.34, 0.004, 176.32, 75.32);
insert into SHOT values (1665, 1667, 1671, 110, 4.860, 182.87, 3.70, 4.856, 182.84, 3.66, 0.006, 33.66, -38.45);
insert into SHOT values (1666, 1667, 1672, 110, 5.260, 131.87, 22.60, 5.261, 131.83, 22.58, 0.004, 75.68, -20.25);
insert into SHOT values (1667, 1667, 1673, 110, 1.340, 84.47, 64.90, 1.339, 83.99, 64.65, 0.008, 39.14, -27.37);
insert into SHOT values (1668, 1667, 1674, 110, 0.360, 18.17, -39.50, 0.366, 18.43, -38.94, 0.007, 29.24, -8.29);
insert into SHOT values (1669, 1667, 1675, 110, 5.460, 24.57, 0.20, 5.472, 24.74, 0.21, 0.021, 77.96, 2.63);
insert into SHOT values (1670, 1675, 1676, 110, 5.330, 280.27, -9.10, 5.333, 280.29, -9.17, 0.007, 326.24, -70.96);
insert into SHOT values (1671, 1675, 1677, 110, 5.280, 58.27, 13.20, 5.280, 58.20, 13.14, 0.009, 342.19, -40.92);
insert into SHOT values (1672, 1675, 1678, 110, 8.760, 312.37, -9.60, 8.766, 312.33, -9.59, 0.008, 267.03, 6.13);
insert into SHOT values (1673, 1675, 1679, 110, 7.480, 327.97, -8.60, 7.484, 327.92, -8.61, 0.007, 271.78, -11.74);
insert into SHOT values (1674, 1675, 1680, 110, 0.960, 323.77, 35.00, 0.966, 323.71, 34.71, 0.008, 317.66, -4.70);
insert into SHOT values (1675, 1675, 1681, 110, 0.960, 41.77, -36.00, 0.960, 41.33, -36.43, 0.009, 275.60, -37.87);
insert into SHOT values (1676, 1675, 1682, 110, 2.980, 348.57, -1.60, 2.990, 348.61, -1.72, 0.012, 2.79, -33.44);
insert into SHOT values (1677, 1682, 1683, 110, 5.990, 299.77, -14.20, 5.986, 299.74, -14.12, 0.010, 165.17, 71.92);
insert into SHOT values (1678, 1682, 1684, 110, 5.400, 86.07, 25.00, 5.410, 86.14, 25.04, 0.012, 127.51, 39.87);
insert into SHOT values (1679, 1682, 1685, 110, 1.130, 72.57, 59.10, 1.133, 73.11, 58.90, 0.007, 121.26, 2.98);
insert into SHOT values (1680, 1682, 1686, 110, 1.770, 356.47, -24.40, 1.762, 356.42, -24.48, 0.009, 184.22, 7.67);
insert into SHOT values (1681, 1682, 1687, 110, 8.240, 356.57, -7.40, 8.233, 356.56, -7.40, 0.007, 185.17, 10.73);
insert into SHOT values (1682, 1682, 1688, 110, 12.000, 50.37, 13.10, 11.996, 50.38, 13.11, 0.005, 192.44, 1.94);
insert into SHOT values (1683, 1682, 1689, 110, 14.880, 22.27, 1.50, 14.890, 22.52, 1.50, 0.066, 103.85, 0.43);
insert into SHOT values (1684, 1689, 1690, 110, 3.530, 305.67, -13.40, 3.527, 305.63, -13.28, 0.008, 185.58, 74.77);
insert into SHOT values (1685, 1689, 1691, 110, 6.910, 100.07, 31.10, 6.915, 100.11, 31.08, 0.007, 143.59, 5.98);
insert into SHOT values (1686, 1689, 1692, 110, 12.140, 11.37, 0.00, 12.140, 11.40, 0.00, 0.008, 104.35, 0.00);
insert into SHOT values (1687, 1689, 1693, 110, 1.640, 61.37, 36.20, 1.645, 61.70, 36.13, 0.010, 116.41, 8.49);
insert into SHOT values (1688, 1689, 1694, 110, 1.860, 345.27, -41.80, 1.859, 345.36, -41.84, 0.003, 110.59, -5.05);
insert into SHOT values (1689, 1689, 1695, 110, 7.840, 217.37, 2.00, 7.839, 217.32, 2.05, 0.009, 117.91, 46.92);
insert into SHOT values (1690, 1689, 1696, 110, 21.070, 40.67, 4.60, 21.087, 40.93, 4.60, 0.098, 121.03, 0.12);
insert into SHOT values (1691, 1696, 1697, 110, 6.390, 312.37, -20.40, 6.397, 312.36, -20.40, 0.007, 309.76, -22.57);
insert into SHOT values (1692, 1696, 1698, 110, 9.160, 126.07, 4.10, 9.156, 126.09, 4.07, 0.007, 258.49, -41.74);
insert into SHOT values (1693, 1696, 1699, 110, 5.170, 13.57, -5.10, 5.172, 13.47, -5.10, 0.009, 297.58, -2.66);
insert into SHOT values (1694, 1696, 1700, 110, 3.030, 282.27, -10.60, 3.030, 282.22, -10.65, 0.004, 173.79, -43.40);
insert into SHOT values (1695, 1696, 1701, 110, 0.920, 353.27, 54.30, 0.913, 352.48, 54.15, 0.011, 245.90, -42.65);
insert into SHOT values (1696, 1696, 1702, 110, 1.830, 4.07, -25.80, 1.828, 3.84, -25.95, 0.008, 243.31, -24.75);
insert into SHOT values (1697, 1696, 1703, 110, 22.220, 30.27, 4.00, 22.227, 30.58, 3.97, 0.121, 116.78, -4.72);
insert into SHOT values (1698, 1703, 1704, 110, 4.730, 283.27, -7.30, 4.724, 283.32, -7.30, 0.007, 62.51, 7.94);
insert into SHOT values (1699, 1703, 1705, 110, 17.000, 107.97, 21.80, 17.004, 107.96, 21.78, 0.006, 102.40, -30.37);
insert into SHOT values (1700, 1703, 1706, 110, 14.850, 345.57, 6.00, 14.847, 345.57, 5.99, 0.004, 154.57, -38.95);
insert into SHOT values (1701, 1703, 1707, 110, 5.130, 249.17, -10.60, 5.126, 249.19, -10.57, 0.006, 39.39, 40.06);
insert into SHOT values (1702, 1703, 1708, 110, 6.620, 158.87, 5.10, 6.621, 158.84, 5.11, 0.003, 83.34, 29.65);
insert into SHOT values (1703, 1703, 1709, 110, 1.890, 287.87, 58.20, 1.895, 288.07, 58.17, 0.006, 334.88, 37.03);
insert into SHOT values (1704, 1703, 1710, 110, 2.150, 307.77, -24.40, 2.153, 307.75, -24.42, 0.003, 291.22, -37.75);
insert into SHOT values (1705, 1703, 1711, 110, 30.480, 348.47, 6.60, 30.488, 349.11, 6.61, 0.342, 77.60, 1.13);
insert into SHOT values (1706, 1711, 1712, 110, 39.690, 348.37, 6.60, 39.683, 348.37, 6.60, 0.007, 175.78, -14.75);
insert into SHOT values (1707, 1711, 1713, 110, 30.480, 348.47, 6.60, 30.474, 348.45, 6.60, 0.010, 222.91, -19.97);
insert into SHOT values (1708, 1711, 1714, 110, 4.800, 248.07, -22.80, 4.807, 248.01, -22.76, 0.009, 216.80, 0.48);
insert into SHOT values (1709, 1711, 1715, 110, 8.140, 55.97, 10.60, 8.139, 55.95, 10.55, 0.008, 343.38, -74.48);
insert into SHOT values (1710, 1711, 1716, 110, 2.670, 4.07, 3.00, 2.670, 4.09, 2.79, 0.010, 68.04, -84.17);
insert into SHOT values (1711, 1711, 1717, 110, 0.610, 334.47, -0.40, 0.608, 334.70, -0.94, 0.006, 97.96, -62.75);
insert into SHOT values (1712, 1711, 1718, 110, 9.770, 11.17, 5.00, 9.770, 11.14, 4.99, 0.005, 286.44, -16.63);
insert into SHOT values (1713, 1711, 1719, 110, 5.880, 193.77, -13.00, 5.888, 193.82, -13.05, 0.011, 231.45, -40.68);
insert into SHOT values (1714, 1711, 1720, 110, 12.020, 83.67, 14.30, 12.011, 83.69, 14.27, 0.012, 232.78, -47.66);
insert into SHOT values (1715, 1711, 1721, 110, 0.610, 342.57, -61.60, 0.610, 341.57, -62.21, 0.008, 204.33, -24.57);
insert into SHOT values (1716, 1711, 1722, 110, 0.650, 275.67, -63.10, 0.649, 275.91, -63.31, 0.003, 69.99, -6.72);
insert into SHOT values (1717, 1711, 1723, 110, 2.780, 355.67, 80.00, 2.772, 355.24, 79.99, 0.009, 248.86, -64.06);
insert into SHOT values (1718, 1711, 1724, 110, 22.840, 322.27, -1.70, 22.837, 322.71, -1.71, 0.176, 53.57, -0.79);
insert into SHOT values (1719, 1724, 1725, 110, 10.050, 214.77, -11.10, 10.048, 214.75, -11.13, 0.006, 68.04, -52.81);
insert into SHOT values (1720, 1724, 1726, 110, 3.160, 36.87, 3.40, 3.162, 37.02, 3.45, 0.009, 116.07, 17.27);
insert into SHOT values (1721, 1724, 1727, 110, 9.830, 341.97, 6.60, 9.824, 341.97, 6.60, 0.006, 150.27, 1.62);
insert into SHOT values (1722, 1724, 1728, 110, 16.170, 263.07, -2.30, 16.171, 263.07, -2.30, 0.002, 290.57, -40.16);
insert into SHOT values (1723, 1724, 1729, 110, 10.140, 186.87, -3.80, 10.145, 186.87, -3.79, 0.005, 184.42, 22.48);
insert into SHOT values (1724, 1724, 1730, 110, 4.250, 103.57, -3.50, 4.257, 103.61, -3.50, 0.008, 128.08, -3.89);
insert into SHOT values (1725, 1724, 1731, 110, 2.690, 331.17, 76.80, 2.691, 331.76, 76.83, 0.007, 73.15, 9.34);
insert into SHOT values (1726, 1724, 1732, 110, 4.300, 252.17, -29.30, 4.303, 252.14, -29.36, 0.006, 190.19, -74.13);
insert into SHOT values (1727, 1724, 1733, 110, 19.770, 310.97, 11.00, 19.760, 311.34, 11.06, 0.129, 47.33, 7.89);
insert into SHOT values (1728, 1607, 1734, 110, 12.060, 160.07, 7.80, 12.060, 160.03, 7.82, 0.008, 68.17, 25.30);
insert into SHOT values (1729, 1734, 1735, 110, 7.990, 176.37, 19.90, 7.992, 176.41, 19.90, 0.007, 250.26, 3.23);
insert into SHOT values (1730, 1734, 1736, 110, 6.990, 143.37, 3.40, 6.988, 143.39, 3.36, 0.006, 260.09, -51.57);
insert into SHOT values (1731, 1734, 1737, 110, 14.530, 89.47, 2.70, 14.527, 89.45, 2.68, 0.007, 326.20, -37.42);
insert into SHOT values (1732, 1734, 1738, 110, 11.780, 67.77, 8.30, 11.780, 67.77, 8.30, 0.001, 174.30, -37.61);
insert into SHOT values (1733, 1734, 1739, 110, 14.610, 29.07, 7.90, 14.610, 29.06, 7.87, 0.008, 337.07, -80.67);
insert into SHOT values (1734, 1734, 1740, 110, 7.120, 55.07, 60.50, 7.113, 54.99, 60.49, 0.008, 298.43, -54.66);
insert into SHOT values (1735, 1734, 1741, 110, 2.690, 61.47, -35.70, 2.693, 61.33, -35.66, 0.007, 7.26, -2.39);
insert into SHOT values (1736, 1734, 1742, 110, 26.870, 113.87, -2.90, 26.870, 113.87, -2.90, 0.002, 202.80, -13.60);
insert into SHOT values (1737, 1742, 1743, 110, 16.560, 207.07, 4.30, 16.558, 207.09, 4.29, 0.008, 308.73, -12.04);
insert into SHOT values (1738, 1742, 1744, 110, 16.220, 252.77, -0.70, 16.218, 252.78, -0.71, 0.005, 7.21, -19.68);
insert into SHOT values (1739, 1742, 1745, 110, 26.210, 173.27, -0.80, 26.203, 173.27, -0.81, 0.008, 336.56, -29.13);
insert into SHOT values (1740, 1742, 1746, 110, 25.660, 82.87, 7.40, 25.660, 82.87, 7.39, 0.005, 89.34, -81.99);
insert into SHOT values (1741, 1742, 1747, 110, 12.580, 41.67, 11.50, 12.578, 41.65, 11.51, 0.006, 281.41, 20.19);
insert into SHOT values (1742, 1742, 1748, 110, 10.510, 333.57, 18.30, 10.513, 333.59, 18.29, 0.005, 22.84, -0.67);
insert into SHOT values (1743, 1742, 1749, 110, 0.650, 46.77, -59.50, 0.651, 46.22, -59.31, 0.004, 354.97, 0.84);
insert into SHOT values (1744, 1742, 1750, 110, 5.540, 92.67, 74.90, 5.541, 92.39, 74.92, 0.007, 347.12, 9.93);
insert into SHOT values (1745, 1742, 1751, 110, 26.900, 121.07, 6.20, 26.893, 121.07, 6.19, 0.009, 270.47, -36.71);
insert into SHOT values (1746, 1751, 1752, 110, 17.810, 103.07, 4.00, 17.812, 103.04, 3.99, 0.008, 26.86, -17.49);
insert into SHOT values (1747, 1751, 1753, 110, 13.280, 59.67, 9.70, 13.287, 59.64, 9.71, 0.010, 11.87, 14.92);
insert into SHOT values (1748, 1751, 1754, 110, 15.550, 17.57, 8.90, 15.555, 17.57, 8.91, 0.007, 42.64, 40.79);
insert into SHOT values (1749, 1751, 1755, 110, 29.580, 187.87, -4.70, 29.576, 187.86, -4.69, 0.007, 57.16, 33.06);
insert into SHOT values (1750, 1751, 1756, 110, 29.180, 227.17, -5.00, 29.172, 227.16, -4.99, 0.008, 66.37, 22.21);
insert into SHOT values (1751, 1751, 1757, 110, 26.390, 259.87, -4.30, 26.385, 259.86, -4.30, 0.005, 89.12, -14.16);
insert into SHOT values (1752, 1751, 1758, 110, 3.680, 188.87, 71.10, 3.676, 188.75, 71.21, 0.009, 25.62, -10.48);
insert into SHOT values (1753, 1751, 1759, 110, 2.630, 139.67, -32.90, 2.629, 139.60, -32.95, 0.004, 13.22, -23.26);
insert into SHOT values (1754, 1751, 1760, 110, 22.360, 161.07, -1.50, 22.359, 161.05, -1.49, 0.010, 67.83, 34.00);
insert into SHOT values (1755, 1760, 1761, 110, 7.930, 251.97, -8.30, 7.930, 251.96, -8.34, 0.006, 118.41, -72.46);
insert into SHOT values (1756, 1760, 1762, 110, 10.440, 90.87, 3.00, 10.435, 90.88, 2.97, 0.008, 242.45, -51.53);
insert into SHOT values (1757, 1760, 1763, 110, 20.580, 26.87, 6.50, 20.579, 26.87, 6.50, 0.001, 221.87, 18.09);
insert into SHOT values (1758, 1760, 1764, 110, 29.780, 281.17, -3.90, 29.783, 281.18, -3.91, 0.008, 346.97, -35.41);
insert into SHOT values (1759, 1760, 1765, 110, 2.490, 236.97, 61.00, 2.483, 236.84, 60.93, 0.008, 133.47, -70.21);
insert into SHOT values (1760, 1760, 1766, 110, 2.290, 181.27, -42.70, 2.293, 181.36, -42.87, 0.008, 312.21, -61.64);
insert into SHOT values (1761, 1760, 1767, 110, 28.970, 163.27, -8.40, 28.964, 163.27, -8.40, 0.006, 344.00, 19.12);
insert into SHOT values (1762, 1767, 1768, 110, 23.180, 229.07, -16.90, 23.189, 229.06, -16.90, 0.010, 207.20, -8.83);
insert into SHOT values (1763, 1767, 1769, 110, 24.050, 267.87, -11.40, 24.052, 267.86, -11.41, 0.007, 199.65, -68.92);
insert into SHOT values (1764, 1767, 1770, 110, 26.580, 293.37, -5.00, 26.582, 293.36, -5.01, 0.005, 237.07, -46.05);
insert into SHOT values (1765, 1767, 1771, 110, 12.020, 121.47, -0.80, 12.022, 121.50, -0.81, 0.007, 192.87, -18.92);
insert into SHOT values (1766, 1767, 1772, 110, 0.430, 79.17, 4.70, 0.429, 79.22, 4.01, 0.005, 239.04, -78.46);
insert into SHOT values (1767, 1767, 1773, 110, 20.070, 18.07, 9.80, 20.066, 18.06, 9.78, 0.007, 237.63, -57.58);
insert into SHOT values (1768, 1767, 1774, 110, 1.770, 274.17, 84.40, 1.768, 273.37, 84.47, 0.004, 138.37, -24.48);
insert into SHOT values (1769, 1767, 1775, 110, 9.460, 240.07, -23.00, 9.467, 240.05, -23.01, 0.007, 217.33, -31.61);
insert into SHOT values (1770, 1767, 1776, 110, 18.170, 155.87, -7.00, 18.171, 155.88, -7.02, 0.007, 244.70, -53.96);
insert into SHOT values (1771, 1776, 1777, 110, 12.910, 97.67, -4.80, 12.911, 97.68, -4.80, 0.004, 175.94, 4.25);
insert into SHOT values (1772, 1776, 1778, 110, 4.340, 67.77, 14.90, 4.336, 67.84, 14.97, 0.008, 197.82, 28.93);
insert into SHOT values (1773, 1776, 1779, 110, 32.120, 299.77, -3.10, 32.118, 299.76, -3.11, 0.004, 159.48, -41.75);
insert into SHOT values (1774, 1776, 1780, 110, 23.810, 277.27, -7.90, 23.805, 277.26, -7.90, 0.006, 122.90, 24.90);
insert into SHOT values (1775, 1776, 1781, 110, 2.890, 283.87, 50.10, 2.892, 283.74, 50.15, 0.005, 183.15, 34.03);
insert into SHOT values (1776, 1776, 1782, 110, 1.240, 337.27, -68.80, 1.242, 337.48, -69.06, 0.006, 137.42, -38.88);
insert into SHOT values (1777, 1776, 1783, 110, 10.360, 151.77, -20.50, 10.361, 151.77, -20.51, 0.002, 225.96, -65.50);
insert into SHOT values (1778, 1783, 1784, 110, 3.650, 113.87, 14.30, 3.654, 113.81, 14.26, 0.006, 79.21, -15.36);
insert into SHOT values (1779, 1783, 1785, 110, 3.650, 258.17, -12.50, 3.642, 258.15, -12.53, 0.008, 84.39, 0.03);
insert into SHOT values (1780, 1783, 1786, 110, 7.200, 259.97, -9.30, 7.193, 259.94, -9.28, 0.008, 107.17, 26.87);
insert into SHOT values (1781, 1783, 1787, 110, 1.110, 172.27, 79.90, 1.117, 171.03, 80.08, 0.009, 52.82, 56.44);
insert into SHOT values (1782, 1783, 1788, 110, 1.170, 188.17, -61.60, 1.170, 188.28, -61.65, 0.002, 311.32, -32.60);
insert into SHOT values (1783, 1783, 1789, 110, 5.200, 198.17, -23.30, 5.199, 198.17, -23.22, 0.007, 204.47, 71.06);
insert into SHOT values (1784, 1789, 1790, 110, 2.800, 202.67, -8.30, 2.801, 202.49, -8.42, 0.010, 113.29, -34.62);
insert into SHOT values (1785, 1789, 1791, 110, 5.870, 70.67, 15.00, 5.871, 70.64, 15.01, 0.003, 355.23, 14.34);
insert into SHOT values (1786, 1789, 1792, 110, 4.730, 48.57, 17.80, 4.731, 48.60, 17.72, 0.007, 93.92, -58.96);
insert into SHOT values (1787, 1789, 1793, 110, 7.740, 133.47, 5.40, 7.744, 133.42, 5.33, 0.011, 82.75, -48.34);
insert into SHOT values (1788, 1789, 1794, 110, 4.890, 239.47, -11.20, 4.890, 239.43, -11.20, 0.003, 150.37, -3.24);
insert into SHOT values (1789, 1789, 1795, 110, 0.940, 193.27, 70.40, 0.936, 192.72, 70.14, 0.007, 142.63, -54.90);
insert into SHOT values (1790, 1789, 1796, 110, 0.670, 166.17, -32.90, 0.677, 165.72, -33.10, 0.009, 124.47, -42.34);
insert into SHOT values (1791, 1789, 1797, 110, 15.070, 112.77, 5.80, 15.074, 112.75, 5.79, 0.006, 70.41, -27.68);
insert into SHOT values (1792, 1797, 1798, 110, 9.860, 211.37, -3.30, 9.862, 211.33, -3.31, 0.007, 143.08, -21.37);
insert into SHOT values (1793, 1797, 1799, 110, 4.310, 245.77, -7.30, 4.314, 245.71, -7.32, 0.006, 197.44, -23.07);
insert into SHOT values (1794, 1797, 1800, 110, 0.520, 39.47, -9.20, 0.517, 40.24, -8.90, 0.008, 149.30, 23.27);
insert into SHOT values (1795, 1797, 1801, 110, 1.850, 188.77, 28.40, 1.852, 188.83, 28.37, 0.003, 230.02, 2.11);
insert into SHOT values (1796, 1797, 1802, 110, 0.710, 212.27, -41.80, 0.708, 211.89, -41.57, 0.005, 133.67, 42.41);
insert into SHOT values (1797, 1797, 1803, 110, 21.540, 143.67, 7.00, 21.539, 143.66, 6.99, 0.007, 46.11, -50.64);
insert into SHOT values (1798, 1803, 1804, 110, 3.150, 208.67, -24.00, 3.153, 208.61, -23.95, 0.005, 174.97, 13.52);
insert into SHOT values (1799, 1803, 1805, 110, 6.010, 36.07, -16.10, 6.003, 36.12, -16.05, 0.010, 175.85, 41.33);
insert into SHOT values (1800, 1803, 1806, 110, 11.980, 85.07, -10.80, 11.975, 85.07, -10.78, 0.007, 244.12, 45.95);
insert into SHOT values (1801, 1803, 1807, 110, 9.150, 144.27, -18.80, 9.149, 144.35, -18.74, 0.015, 224.47, 35.23);
insert into SHOT values (1802, 1803, 1808, 110, 8.900, 270.87, -14.70, 8.900, 270.87, -14.64, 0.009, 265.62, 74.72);
insert into SHOT values (1803, 1803, 1809, 110, 8.280, 328.57, -12.50, 8.276, 328.51, -12.49, 0.009, 209.89, 13.94);
insert into SHOT values (1804, 1803, 1810, 110, 1.540, 329.07, 50.10, 1.543, 328.74, 50.45, 0.011, 196.79, 48.22);
insert into SHOT values (1805, 1803, 1811, 110, 2.270, 283.47, -82.80, 2.268, 282.09, -82.75, 0.007, 207.93, 16.53);
insert into SHOT values (1806, 1803, 1812, 110, 17.480, 118.07, -17.50, 17.481, 118.09, -17.48, 0.009, 184.57, 44.67);
insert into SHOT values (1807, 1812, 1813, 110, 0.780, 31.07, 16.60, 0.776, 30.70, 16.47, 0.006, 267.22, -26.32);
insert into SHOT values (1808, 1812, 1814, 110, 2.530, 183.97, -4.90, 2.526, 184.10, -5.00, 0.008, 309.93, -27.93);
insert into SHOT values (1809, 1812, 1815, 110, 0.630, 186.57, 28.50, 0.630, 187.25, 28.42, 0.007, 270.20, -5.21);
insert into SHOT values (1810, 1812, 1816, 110, 0.720, 146.07, 82.40, 0.716, 147.99, 82.43, 0.005, 252.53, -47.99);
insert into SHOT values (1811, 1812, 1817, 110, 0.270, 33.27, -29.00, 0.272, 33.02, -28.59, 0.003, 10.34, 19.12);
insert into SHOT values (1812, 1812, 1818, 110, 12.080, 117.77, 1.20, 12.071, 117.75, 1.19, 0.010, 313.96, -17.79);
insert into SHOT values (1813, 1818, 1819, 110, 1.600, 212.37, -7.00, 1.607, 212.20, -6.79, 0.010, 179.03, 29.99);
insert into SHOT values (1814, 1818, 1820, 110, 3.540, 167.67, -14.70, 3.545, 167.71, -14.71, 0.005, 195.98, -18.42);
insert into SHOT values (1815, 1818, 1821, 110, 4.680, 129.77, -10.20, 4.682, 129.81, -10.21, 0.004, 187.20, -18.41);
insert into SHOT values (1816, 1818, 1822, 110, 0.610, 9.77, 12.80, 0.605, 9.78, 13.38, 0.008, 188.27, 37.68);
insert into SHOT values (1817, 1818, 1823, 110, 2.720, 322.47, 10.40, 2.719, 322.44, 10.38, 0.002, 184.85, -33.65);
insert into SHOT values (1818, 1818, 1824, 110, 0.950, 194.77, 52.50, 0.946, 194.04, 52.42, 0.008, 95.99, -26.34);
insert into SHOT values (1819, 1818, 1825, 110, 1.330, 191.37, -46.40, 1.328, 191.31, -46.29, 0.003, 136.17, 70.71);
insert into SHOT values (1820, 1818, 1826, 110, 11.470, 147.27, -11.90, 11.477, 147.29, -11.87, 0.010, 173.04, 30.04);
insert into SHOT values (1821, 1826, 1827, 110, 4.600, 57.87, 28.30, 4.602, 57.80, 28.27, 0.006, 2.52, -8.01);
insert into SHOT values (1822, 1826, 1828, 110, 1.410, 210.77, -4.60, 1.405, 210.96, -4.90, 0.010, 352.17, -41.85);
insert into SHOT values (1823, 1826, 1829, 110, 3.480, 1.77, 26.30, 3.481, 1.84, 26.26, 0.005, 65.96, -24.22);
insert into SHOT values (1824, 1826, 1830, 110, 1.820, 160.97, 74.20, 1.817, 160.82, 74.45, 0.009, 349.22, -8.18);
insert into SHOT values (1825, 1826, 1831, 110, 1.880, 196.17, -24.80, 1.871, 196.08, -24.97, 0.011, 29.51, -7.76);
insert into SHOT values (1826, 1826, 1832, 110, 6.580, 158.47, -8.50, 6.578, 158.44, -8.57, 0.008, 21.28, -63.12);
insert into SHOT values (1827, 1832, 1833, 110, 0.480, 228.17, -5.70, 0.484, 228.37, -5.93, 0.005, 250.79, -28.03);
insert into SHOT values (1828, 1832, 1834, 110, 0.530, 45.27, 2.50, 0.531, 45.76, 3.24, 0.008, 124.67, 55.75);
insert into SHOT values (1829, 1832, 1835, 110, 0.310, 319.37, 77.20, 0.307, 321.34, 77.95, 0.006, 114.17, -23.91);
insert into SHOT values (1830, 1832, 1836, 110, 0.350, 357.27, -83.20, 0.342, 0.00, -83.29, 0.008, 125.20, 72.21);
insert into MAPS values (116, 0, '', NULL, 1, 4064.875, -192.820);
 insert into MAPITEMS values (116, 4, 0);
 insert into SCRAPS values (0, 0, '', 1, 0.00000, 0.00000);
 insert into STATION values (1, '00', 56, 271312.42, 4169207.31, 745.00);
insert into STATION_FLAG values(1, 'ent');
insert into STATION_FLAG values(1, 'fix');
insert into STATION values (2, '1', 56, 271334.09, 4169207.15, 744.62);
insert into STATION values (3, '.', 56, 271312.50, 4169209.00, 745.20);
insert into STATION values (4, '.', 56, 271312.46, 4169205.70, 745.10);
insert into STATION values (5, '.', 56, 271312.43, 4169207.31, 744.81);
insert into STATION values (6, '.', 56, 271312.68, 4169207.90, 747.88);
insert into STATION values (7, '.', 56, 271334.51, 4169208.37, 744.62);
insert into STATION values (8, '.', 56, 271333.51, 4169205.82, 744.62);
insert into STATION values (9, '.', 56, 271334.08, 4169207.18, 744.24);
insert into STATION values (10, '.', 56, 271334.23, 4169207.30, 746.57);
insert into STATION values (11, '2', 56, 271354.03, 4169206.73, 746.59);
insert into STATION values (12, '.', 56, 271354.34, 4169204.98, 746.47);
insert into STATION values (13, '.', 56, 271354.02, 4169207.01, 746.59);
insert into STATION values (14, '.', 56, 271354.19, 4169206.76, 744.87);
insert into STATION values (15, '.', 56, 271354.24, 4169206.21, 747.08);
insert into STATION values (16, '3', 56, 271373.63, 4169206.49, 746.80);
insert into STATION values (17, '.', 56, 271373.75, 4169202.39, 746.42);
insert into STATION values (18, '.', 56, 271373.61, 4169206.86, 746.67);
insert into STATION values (19, '.', 56, 271373.67, 4169206.37, 745.21);
insert into STATION values (20, '.', 56, 271373.94, 4169205.68, 747.45);
insert into STATION values (21, '4', 56, 271395.20, 4169205.51, 747.33);
insert into STATION values (22, '.', 56, 271395.32, 4169207.49, 747.25);
insert into STATION values (23, '.', 56, 271395.18, 4169205.29, 747.35);
insert into STATION values (24, '.', 56, 271395.14, 4169205.46, 745.70);
insert into STATION values (25, '.', 56, 271395.22, 4169206.23, 747.83);
insert into STATION values (26, '5', 56, 271414.78, 4169206.91, 747.51);
insert into STATION values (27, '.', 56, 271414.80, 4169204.83, 747.38);
insert into STATION values (28, '.', 56, 271414.74, 4169207.31, 747.00);
insert into STATION values (29, '.', 56, 271414.90, 4169206.44, 745.92);
insert into STATION values (30, '.', 56, 271415.07, 4169206.17, 748.09);
insert into STATION values (31, '6', 56, 271437.32, 4169204.53, 747.83);
insert into STATION values (32, '.', 56, 271437.15, 4169206.96, 747.74);
insert into STATION values (33, '.', 56, 271437.68, 4169204.61, 748.30);
insert into STATION values (34, '.', 56, 271438.04, 4169205.65, 748.65);
insert into STATION values (35, '.', 56, 271437.47, 4169206.04, 746.22);
insert into STATION values (36, '7', 56, 271461.27, 4169206.92, 747.74);
insert into STATION values (37, '.', 56, 271461.14, 4169204.50, 747.54);
insert into STATION values (38, '.', 56, 271461.66, 4169206.94, 746.41);
insert into STATION values (39, '.', 56, 271461.54, 4169205.93, 746.26);
insert into STATION values (40, '.', 56, 271461.76, 4169205.63, 748.54);
insert into STATION values (41, '8', 56, 271484.82, 4169202.25, 748.08);
insert into STATION values (42, '.', 56, 271485.18, 4169203.93, 747.87);
insert into STATION values (43, '.', 56, 271484.79, 4169202.05, 748.09);
insert into STATION values (44, '.', 56, 271485.27, 4169203.04, 746.38);
insert into STATION values (45, '.', 56, 271485.14, 4169202.94, 748.39);
insert into STATION values (46, '9', 56, 271513.73, 4169203.80, 748.12);
insert into STATION values (47, '.', 56, 271513.48, 4169201.64, 748.13);
insert into STATION values (48, '.', 56, 271514.85, 4169204.14, 747.35);
insert into STATION values (49, '.', 56, 271514.07, 4169202.93, 746.65);
insert into STATION values (50, '.', 56, 271514.09, 4169202.30, 749.03);
insert into STATION values (51, '10', 56, 271533.95, 4169201.53, 748.19);
insert into STATION values (52, '.', 56, 271534.11, 4169203.54, 748.08);
insert into STATION values (53, '.', 56, 271534.13, 4169201.60, 747.12);
insert into STATION values (54, '.', 56, 271534.04, 4169202.52, 746.96);
insert into STATION values (55, '.', 56, 271534.39, 4169202.67, 749.09);
insert into STATION values (56, '11', 56, 271549.72, 4169203.80, 748.78);
insert into STATION values (57, '.', 56, 271549.54, 4169200.87, 748.59);
insert into STATION values (58, '.', 56, 271549.79, 4169203.99, 747.61);
insert into STATION values (59, '.', 56, 271549.71, 4169202.94, 747.34);
insert into STATION values (60, '.', 56, 271549.64, 4169202.34, 749.66);
insert into STATION values (61, 'PTR_FR24_A21_12', 56, 271570.73, 4169202.40, 746.72);
insert into STATION values (62, '.', 56, 271578.67, 4169203.04, 747.81);
insert into STATION values (63, '.', 56, 271577.86, 4169203.57, 751.61);
insert into STATION values (64, '.', 56, 271571.76, 4169204.37, 755.49);
insert into STATION values (65, '.', 56, 271549.90, 4169202.72, 749.21);
insert into STATION values (66, '.', 56, 271556.45, 4169203.67, 755.27);
insert into STATION values (67, '.', 56, 271556.16, 4169225.16, 745.26);
insert into STATION values (68, '.', 56, 271580.69, 4169219.46, 747.58);
insert into STATION values (69, '.', 56, 271551.91, 4169184.83, 755.39);
insert into STATION values (70, '.', 56, 271577.48, 4169186.76, 747.47);
insert into STATION values (71, '13', 56, 271567.08, 4169220.60, 742.37);
insert into STATION values (72, '.', 56, 271576.90, 4169224.40, 747.55);
insert into STATION values (73, '.', 56, 271575.13, 4169234.16, 744.36);
insert into STATION values (74, '.', 56, 271556.49, 4169236.53, 739.37);
insert into STATION values (75, '.', 56, 271555.10, 4169227.02, 741.49);
insert into STATION values (76, '.', 56, 271580.90, 4169213.24, 747.58);
insert into STATION values (77, '.', 56, 271550.13, 4169214.56, 746.72);
insert into STATION values (78, '.', 56, 271563.02, 4169222.58, 753.01);
insert into STATION values (79, '.', 56, 271566.40, 4169221.05, 741.74);
insert into STATION values (80, '14', 56, 271558.02, 4169239.33, 734.26);
insert into STATION values (81, '.', 56, 271552.14, 4169238.61, 734.15);
insert into STATION values (82, '.', 56, 271555.14, 4169248.98, 732.77);
insert into STATION values (83, '.', 56, 271567.87, 4169252.05, 732.71);
insert into STATION values (84, '.', 56, 271569.36, 4169240.09, 735.51);
insert into STATION values (85, '.', 56, 271572.68, 4169230.43, 740.23);
insert into STATION values (86, '.', 56, 271553.40, 4169231.23, 734.50);
insert into STATION values (87, '.', 56, 271563.97, 4169241.36, 744.35);
insert into STATION values (88, '.', 56, 271562.28, 4169240.21, 732.19);
insert into STATION values (89, '.', 56, 271562.24, 4169252.42, 724.16);
insert into STATION values (90, '.', 56, 271566.10, 4169234.71, 736.18);
insert into STATION values (91, '.', 56, 271553.10, 4169250.90, 722.45);
insert into STATION values (92, '.', 56, 271553.29, 4169250.19, 723.17);
insert into STATION values (93, '15', 56, 271553.06, 4169250.83, 722.53);
insert into STATION values (94, '.', 56, 271545.88, 4169253.19, 722.31);
insert into STATION values (95, '.', 56, 271551.52, 4169269.43, 718.05);
insert into STATION values (96, '.', 56, 271564.13, 4169269.37, 723.59);
insert into STATION values (97, '.', 56, 271565.86, 4169257.26, 725.08);
insert into STATION values (98, '.', 56, 271568.66, 4169247.18, 731.75);
insert into STATION values (99, '.', 56, 271548.29, 4169245.09, 723.94);
insert into STATION values (100, '.', 56, 271551.69, 4169239.93, 728.70);
insert into STATION values (101, '.', 56, 271556.47, 4169255.95, 720.13);
insert into STATION values (102, '.', 56, 271556.98, 4169249.00, 733.99);
insert into STATION values (103, '16', 56, 271556.18, 4169276.03, 718.37);
insert into STATION values (104, '.', 56, 271546.45, 4169271.47, 716.05);
insert into STATION values (105, '.', 56, 271548.23, 4169264.80, 717.46);
insert into STATION values (106, '.', 56, 271550.35, 4169257.85, 720.38);
insert into STATION values (107, '.', 56, 271569.14, 4169251.89, 730.63);
insert into STATION values (108, '.', 56, 271568.77, 4169265.18, 729.75);
insert into STATION values (109, '.', 56, 271559.44, 4169282.63, 722.30);
insert into STATION values (110, '.', 56, 271554.56, 4169288.48, 721.32);
insert into STATION values (111, '.', 56, 271549.85, 4169280.18, 716.52);
insert into STATION values (112, '.', 56, 271554.80, 4169276.65, 724.73);
insert into STATION values (113, '.', 56, 271545.71, 4169277.42, 710.21);
insert into STATION values (114, '.', 56, 271551.49, 4169271.94, 715.29);
insert into STATION values (115, '17', 56, 271543.87, 4169279.44, 710.73);
insert into STATION values (116, '.', 56, 271542.80, 4169276.17, 711.30);
insert into STATION values (117, '.', 56, 271534.84, 4169277.87, 713.43);
insert into STATION values (118, '.', 56, 271539.05, 4169283.61, 712.78);
insert into STATION values (119, '.', 56, 271544.11, 4169281.96, 711.56);
insert into STATION values (120, '.', 56, 271549.23, 4169280.96, 714.33);
insert into STATION values (121, '.', 56, 271546.80, 4169274.33, 713.82);
insert into STATION values (122, '.', 56, 271544.03, 4169277.11, 717.52);
insert into STATION values (123, '.', 56, 271544.33, 4169279.43, 710.32);
insert into STATION values (124, '.', 56, 271541.75, 4169277.48, 709.31);
insert into STATION values (125, '18', 56, 271528.78, 4169288.93, 712.29);
insert into STATION values (126, '.', 56, 271535.36, 4169292.66, 712.49);
insert into STATION values (127, '.', 56, 271532.52, 4169290.69, 715.03);
insert into STATION values (128, '.', 56, 271533.39, 4169299.36, 711.89);
insert into STATION values (129, '.', 56, 271527.48, 4169304.93, 712.38);
insert into STATION values (130, '.', 56, 271526.91, 4169296.03, 713.32);
insert into STATION values (131, '.', 56, 271529.65, 4169283.31, 713.27);
insert into STATION values (132, '.', 56, 271533.03, 4169280.26, 713.27);
insert into STATION values (133, '.', 56, 271539.01, 4169283.79, 712.73);
insert into STATION values (134, '.', 56, 271532.67, 4169287.53, 711.01);
insert into STATION values (135, '.', 56, 271533.42, 4169286.11, 715.47);
insert into STATION values (136, '19', 56, 271534.57, 4169310.90, 709.38);
insert into STATION values (137, '.', 56, 271534.39, 4169299.05, 710.82);
insert into STATION values (138, '.', 56, 271539.30, 4169304.46, 710.03);
insert into STATION values (139, '.', 56, 271536.20, 4169310.87, 709.63);
insert into STATION values (140, '.', 56, 271538.45, 4169316.45, 709.64);
insert into STATION values (141, '.', 56, 271526.53, 4169298.65, 712.28);
insert into STATION values (142, '.', 56, 271528.06, 4169308.28, 711.00);
insert into STATION values (143, '.', 56, 271524.33, 4169315.26, 711.28);
insert into STATION values (144, '.', 56, 271519.99, 4169325.56, 712.33);
insert into STATION values (145, '.', 56, 271528.56, 4169315.50, 713.88);
insert into STATION values (146, '.', 56, 271532.24, 4169312.56, 708.30);
insert into STATION values (147, '20', 56, 271532.68, 4169333.75, 710.14);
insert into STATION values (148, '.', 56, 271537.29, 4169325.73, 712.83);
insert into STATION values (149, '.', 56, 271532.18, 4169324.55, 715.14);
insert into STATION values (150, '.', 56, 271525.63, 4169324.22, 713.14);
insert into STATION values (151, '.', 56, 271529.96, 4169313.31, 711.58);
insert into STATION values (152, '.', 56, 271521.19, 4169330.98, 711.74);
insert into STATION values (153, '.', 56, 271533.20, 4169337.72, 713.55);
insert into STATION values (154, '.', 56, 271529.22, 4169346.45, 712.23);
insert into STATION values (155, '.', 56, 271506.29, 4169343.96, 713.97);
insert into STATION values (156, '.', 56, 271517.32, 4169335.57, 712.90);
insert into STATION values (157, '.', 56, 271530.81, 4169336.81, 708.72);
insert into STATION values (158, '.', 56, 271524.32, 4169342.00, 715.08);
insert into STATION values (159, '21', 56, 271514.37, 4169347.67, 712.84);
insert into STATION values (160, '.', 56, 271510.69, 4169339.69, 713.37);
insert into STATION values (161, '.', 56, 271515.30, 4169339.57, 712.79);
insert into STATION values (162, '.', 56, 271523.80, 4169330.25, 712.57);
insert into STATION values (163, '.', 56, 271531.87, 4169343.64, 712.97);
insert into STATION values (164, '.', 56, 271527.17, 4169350.61, 713.07);
insert into STATION values (165, '.', 56, 271510.26, 4169352.66, 714.24);
insert into STATION values (166, '.', 56, 271514.96, 4169354.37, 713.71);
insert into STATION values (167, '.', 56, 271513.27, 4169343.36, 711.85);
insert into STATION values (168, '.', 56, 271513.91, 4169345.34, 715.16);
insert into STATION values (169, '22', 56, 271537.21, 4169366.93, 710.76);
insert into STATION values (170, '.', 56, 271532.51, 4169373.95, 710.93);
insert into STATION values (171, '.', 56, 271523.03, 4169370.12, 714.57);
insert into STATION values (172, '.', 56, 271525.05, 4169364.29, 713.56);
insert into STATION values (173, '.', 56, 271531.62, 4169356.03, 712.26);
insert into STATION values (174, '.', 56, 271539.22, 4169360.21, 710.24);
insert into STATION values (175, '.', 56, 271541.13, 4169361.20, 710.11);
insert into STATION values (176, '.', 56, 271539.17, 4169365.73, 710.42);
insert into STATION values (177, '.', 56, 271533.83, 4169361.49, 714.81);
insert into STATION values (178, '.', 56, 271535.00, 4169363.80, 709.67);
insert into STATION values (179, '23', 56, 271527.59, 4169376.08, 710.27);
insert into STATION values (180, '.', 56, 271520.04, 4169374.63, 713.50);
insert into STATION values (181, '.', 56, 271523.23, 4169370.54, 714.80);
insert into STATION values (182, '.', 56, 271527.24, 4169377.34, 710.38);
insert into STATION values (183, '.', 56, 271530.22, 4169380.72, 710.93);
insert into STATION values (184, '.', 56, 271531.71, 4169375.03, 710.94);
insert into STATION values (185, '.', 56, 271537.37, 4169367.41, 710.95);
insert into STATION values (186, '.', 56, 271530.37, 4169377.55, 717.17);
insert into STATION values (187, '.', 56, 271527.63, 4169377.46, 709.37);
insert into STATION values (188, '24', 56, 271505.69, 4169400.38, 710.61);
insert into STATION values (189, '.', 56, 271511.01, 4169418.40, 711.66);
insert into STATION values (190, '.', 56, 271516.18, 4169407.49, 714.34);
insert into STATION values (191, '.', 56, 271525.97, 4169391.02, 714.55);
insert into STATION values (192, '.', 56, 271516.67, 4169377.89, 712.14);
insert into STATION values (193, '.', 56, 271508.72, 4169388.92, 710.80);
insert into STATION values (194, '.', 56, 271503.23, 4169391.50, 712.62);
insert into STATION values (195, '.', 56, 271488.98, 4169410.85, 718.90);
insert into STATION values (196, '.', 56, 271497.56, 4169408.90, 711.95);
insert into STATION values (197, '.', 56, 271504.27, 4169405.40, 718.61);
insert into STATION values (198, '.', 56, 271506.79, 4169402.96, 708.68);
insert into STATION values (199, '25', 56, 271496.01, 4169438.55, 715.94);
insert into STATION values (200, '.', 56, 271505.76, 4169441.54, 717.22);
insert into STATION values (201, '.', 56, 271510.31, 4169426.94, 715.29);
insert into STATION values (202, '.', 56, 271491.99, 4169425.47, 717.33);
insert into STATION values (203, '.', 56, 271489.06, 4169429.12, 718.06);
insert into STATION values (204, '.', 56, 271479.10, 4169441.67, 724.21);
insert into STATION values (205, '.', 56, 271495.69, 4169434.51, 712.30);
insert into STATION values (206, '.', 56, 271499.96, 4169427.66, 709.51);
insert into STATION values (207, '.', 56, 271494.84, 4169434.11, 724.08);
insert into STATION values (208, '.', 56, 271475.28, 4169437.67, 722.96);
insert into STATION values (209, '26', 56, 271477.80, 4169437.11, 721.80);
insert into STATION values (210, '.', 56, 271505.66, 4169445.54, 719.66);
insert into STATION values (211, '.', 56, 271491.12, 4169427.44, 720.10);
insert into STATION values (212, '.', 56, 271478.26, 4169433.62, 722.42);
insert into STATION values (213, '.', 56, 271487.03, 4169471.16, 720.51);
insert into STATION values (214, '.', 56, 271483.22, 4169454.02, 728.80);
insert into STATION values (215, '.', 56, 271482.11, 4169442.44, 720.64);
insert into STATION values (216, '.', 56, 271474.74, 4169452.24, 718.85);
insert into STATION values (217, '.', 56, 271508.15, 4169436.75, 712.58);
insert into STATION values (218, '27', 56, 271469.01, 4169467.68, 720.30);
insert into STATION values (219, '.', 56, 271484.74, 4169487.70, 722.57);
insert into STATION values (220, '.', 56, 271490.83, 4169476.29, 721.24);
insert into STATION values (221, '.', 56, 271488.55, 4169466.50, 719.24);
insert into STATION values (222, '.', 56, 271458.21, 4169470.63, 721.18);
insert into STATION values (223, '.', 56, 271462.19, 4169462.67, 722.10);
insert into STATION values (224, '.', 56, 271469.09, 4169449.86, 720.77);
insert into STATION values (225, '.', 56, 271473.26, 4169464.99, 727.75);
insert into STATION values (226, '.', 56, 271467.33, 4169470.77, 718.91);
insert into STATION values (227, '.', 56, 271485.34, 4169467.52, 714.35);
insert into STATION values (228, '28', 56, 271468.42, 4169486.08, 720.78);
insert into STATION values (229, '.', 56, 271480.23, 4169497.33, 719.15);
insert into STATION values (230, '.', 56, 271488.78, 4169488.12, 719.89);
insert into STATION values (231, '.', 56, 271493.88, 4169471.40, 723.51);
insert into STATION values (232, '.', 56, 271468.56, 4169485.90, 720.81);
insert into STATION values (233, '.', 56, 271468.29, 4169456.36, 723.22);
insert into STATION values (234, '.', 56, 271462.21, 4169463.78, 722.44);
insert into STATION values (235, '.', 56, 271492.84, 4169473.06, 722.86);
insert into STATION values (236, '.', 56, 271457.27, 4169489.78, 722.66);
insert into STATION values (237, '.', 56, 271455.36, 4169482.25, 722.81);
insert into STATION values (238, '.', 56, 271463.77, 4169487.98, 726.15);
insert into STATION values (239, '.', 56, 271470.12, 4169489.55, 727.56);
insert into STATION values (240, '.', 56, 271468.48, 4169487.95, 719.81);
insert into STATION values (241, '.', 56, 271471.44, 4169492.17, 718.39);
insert into STATION values (242, '.', 56, 271471.99, 4169499.88, 717.93);
insert into STATION values (243, '.', 56, 271465.89, 4169513.73, 715.73);
insert into STATION values (244, '29', 56, 271468.17, 4169529.53, 721.69);
insert into STATION values (245, '.', 56, 271446.42, 4169524.89, 720.21);
insert into STATION values (246, '.', 56, 271451.48, 4169513.89, 722.73);
insert into STATION values (247, '.', 56, 271458.30, 4169506.89, 720.57);
insert into STATION values (248, '.', 56, 271449.89, 4169540.11, 722.10);
insert into STATION values (249, '.', 56, 271469.00, 4169531.38, 722.92);
insert into STATION values (250, '.', 56, 271470.48, 4169528.40, 722.30);
insert into STATION values (251, '.', 56, 271465.85, 4169531.08, 728.56);
insert into STATION values (252, '.', 56, 271460.81, 4169530.38, 719.25);
insert into STATION values (253, '.', 56, 271466.73, 4169525.83, 718.13);
insert into STATION values (254, '30', 56, 271457.87, 4169548.48, 725.07);
insert into STATION values (255, '.', 56, 271444.96, 4169545.79, 728.97);
insert into STATION values (256, '.', 56, 271449.53, 4169537.95, 727.10);
insert into STATION values (257, '.', 56, 271445.65, 4169519.78, 723.92);
insert into STATION values (258, '.', 56, 271457.69, 4169509.42, 720.00);
insert into STATION values (259, '.', 56, 271450.26, 4169514.61, 723.49);
insert into STATION values (260, '.', 56, 271469.88, 4169538.23, 726.90);
insert into STATION values (261, '.', 56, 271478.41, 4169547.99, 730.57);
insert into STATION values (262, '.', 56, 271472.10, 4169553.67, 729.33);
insert into STATION values (263, '.', 56, 271465.14, 4169560.88, 728.39);
insert into STATION values (264, '.', 56, 271458.80, 4169563.39, 727.30);
insert into STATION values (265, '.', 56, 271454.99, 4169569.70, 725.93);
insert into STATION values (266, '.', 56, 271448.48, 4169579.70, 724.73);
insert into STATION values (267, '.', 56, 271459.68, 4169551.20, 731.30);
insert into STATION values (268, '.', 56, 271440.84, 4169563.36, 723.53);
insert into STATION values (269, '31', 56, 271451.17, 4169573.58, 724.66);
insert into STATION values (270, '.', 56, 271457.77, 4169565.06, 725.53);
insert into STATION values (271, '.', 56, 271441.44, 4169572.54, 724.34);
insert into STATION values (272, '.', 56, 271443.85, 4169567.67, 723.77);
insert into STATION values (273, '.', 56, 271430.92, 4169584.75, 722.72);
insert into STATION values (274, '.', 56, 271440.63, 4169557.82, 725.32);
insert into STATION values (275, '.', 56, 271444.58, 4169552.63, 725.04);
insert into STATION values (276, '.', 56, 271446.11, 4169560.91, 732.64);
insert into STATION values (277, '.', 56, 271447.17, 4169569.66, 722.00);
insert into STATION values (278, '32', 56, 271436.26, 4169593.14, 722.94);
insert into STATION values (279, '.', 56, 271433.50, 4169595.40, 724.68);
insert into STATION values (280, '.', 56, 271431.75, 4169609.03, 724.74);
insert into STATION values (281, '.', 56, 271431.15, 4169591.58, 726.15);
insert into STATION values (282, '.', 56, 271429.54, 4169582.32, 726.86);
insert into STATION values (283, '.', 56, 271432.84, 4169578.30, 726.57);
insert into STATION values (284, '.', 56, 271452.87, 4169583.48, 728.05);
insert into STATION values (285, '.', 56, 271443.40, 4169592.11, 724.40);
insert into STATION values (286, '.', 56, 271442.28, 4169599.16, 725.11);
insert into STATION values (287, '.', 56, 271454.15, 4169617.17, 733.73);
insert into STATION values (288, '.', 56, 271447.67, 4169618.09, 729.28);
insert into STATION values (289, '.', 56, 271442.08, 4169597.76, 734.35);
insert into STATION values (290, '.', 56, 271440.04, 4169594.05, 722.13);
insert into STATION values (291, '33', 56, 271436.75, 4169625.76, 725.22);
insert into STATION values (292, '.', 56, 271428.15, 4169621.91, 725.37);
insert into STATION values (293, '.', 56, 271427.45, 4169630.80, 725.43);
insert into STATION values (294, '.', 56, 271424.51, 4169639.15, 726.87);
insert into STATION values (295, '.', 56, 271438.47, 4169637.76, 729.02);
insert into STATION values (296, '.', 56, 271443.72, 4169630.33, 729.73);
insert into STATION values (297, '.', 56, 271447.23, 4169621.85, 729.40);
insert into STATION values (298, '.', 56, 271450.82, 4169609.07, 730.58);
insert into STATION values (299, '.', 56, 271453.42, 4169597.28, 731.46);
insert into STATION values (300, '.', 56, 271438.48, 4169614.75, 735.58);
insert into STATION values (301, '.', 56, 271434.70, 4169623.12, 723.93);
insert into STATION values (302, '34', 56, 271425.08, 4169643.44, 727.37);
insert into STATION values (303, '.', 56, 271439.42, 4169658.73, 738.71);
insert into STATION values (304, '.', 56, 271439.80, 4169647.31, 735.71);
insert into STATION values (305, '.', 56, 271440.63, 4169641.98, 735.20);
insert into STATION values (306, '.', 56, 271445.58, 4169626.74, 731.51);
insert into STATION values (307, '.', 56, 271455.06, 4169609.83, 732.43);
insert into STATION values (308, '.', 56, 271432.67, 4169609.04, 728.85);
insert into STATION values (309, '.', 56, 271425.48, 4169624.85, 729.92);
insert into STATION values (310, '.', 56, 271428.31, 4169640.97, 725.79);
insert into STATION values (311, '.', 56, 271434.71, 4169636.06, 737.10);
insert into STATION values (312, '35', 56, 271427.79, 4169656.13, 728.94);
insert into STATION values (313, '.', 56, 271423.70, 4169660.84, 730.53);
insert into STATION values (314, '.', 56, 271423.20, 4169655.00, 729.48);
insert into STATION values (315, '.', 56, 271423.98, 4169646.37, 728.58);
insert into STATION values (316, '.', 56, 271440.65, 4169662.46, 736.66);
insert into STATION values (317, '.', 56, 271442.08, 4169653.64, 735.99);
insert into STATION values (318, '.', 56, 271438.72, 4169645.29, 736.61);
insert into STATION values (319, '.', 56, 271428.82, 4169663.94, 727.57);
insert into STATION values (320, '.', 56, 271428.49, 4169657.49, 741.99);
insert into STATION values (321, '36', 56, 271427.76, 4169670.17, 731.80);
insert into STATION values (322, '.', 56, 271414.89, 4169675.47, 735.53);
insert into STATION values (323, '.', 56, 271421.18, 4169668.50, 733.01);
insert into STATION values (324, '.', 56, 271422.84, 4169661.17, 729.34);
insert into STATION values (325, '.', 56, 271439.21, 4169660.58, 737.90);
insert into STATION values (326, '.', 56, 271438.80, 4169670.81, 739.66);
insert into STATION values (327, '.', 56, 271438.87, 4169681.37, 736.62);
insert into STATION values (328, '.', 56, 271438.97, 4169687.86, 734.82);
insert into STATION values (329, '.', 56, 271430.49, 4169670.91, 742.73);
insert into STATION values (330, '.', 56, 271429.26, 4169670.48, 731.05);
insert into STATION values (331, '37', 56, 271431.04, 4169697.81, 734.09);
insert into STATION values (332, '.', 56, 271435.44, 4169701.44, 735.80);
insert into STATION values (333, '.', 56, 271435.74, 4169711.11, 737.32);
insert into STATION values (334, '.', 56, 271433.39, 4169727.94, 739.20);
insert into STATION values (335, '.', 56, 271421.46, 4169719.71, 739.83);
insert into STATION values (336, '.', 56, 271426.57, 4169702.26, 734.88);
insert into STATION values (337, '.', 56, 271425.92, 4169696.88, 735.45);
insert into STATION values (338, '.', 56, 271425.23, 4169690.07, 737.40);
insert into STATION values (339, '.', 56, 271429.83, 4169700.02, 739.06);
insert into STATION values (340, '.', 56, 271429.47, 4169704.12, 732.03);
insert into STATION values (341, '38', 56, 271424.43, 4169711.70, 734.87);
insert into STATION values (342, '.', 56, 271438.78, 4169720.36, 745.42);
insert into STATION values (343, '.', 56, 271436.40, 4169731.33, 745.69);
insert into STATION values (344, '.', 56, 271420.19, 4169723.73, 737.93);
insert into STATION values (345, '.', 56, 271435.59, 4169701.98, 735.85);
insert into STATION values (346, '.', 56, 271424.03, 4169705.02, 735.68);
insert into STATION values (347, '.', 56, 271408.89, 4169705.94, 735.16);
insert into STATION values (348, '.', 56, 271406.26, 4169710.61, 733.79);
insert into STATION values (349, '.', 56, 271403.60, 4169716.73, 732.31);
insert into STATION values (350, '.', 56, 271417.27, 4169718.68, 736.47);
insert into STATION values (351, '.', 56, 271423.09, 4169712.30, 745.35);
insert into STATION values (352, '.', 56, 271423.16, 4169712.60, 733.07);
insert into STATION values (353, '39', 56, 271421.12, 4169732.16, 738.30);
insert into STATION values (354, '.', 56, 271434.99, 4169733.35, 744.21);
insert into STATION values (355, '.', 56, 271432.31, 4169741.93, 742.53);
insert into STATION values (356, '.', 56, 271433.07, 4169724.11, 741.60);
insert into STATION values (357, '.', 56, 271417.65, 4169741.90, 740.26);
insert into STATION values (358, '.', 56, 271416.82, 4169734.40, 739.49);
insert into STATION values (359, '.', 56, 271414.38, 4169728.77, 740.70);
insert into STATION values (360, '.', 56, 271420.48, 4169726.21, 739.10);
insert into STATION values (361, '.', 56, 271423.53, 4169731.12, 744.33);
insert into STATION values (362, '.', 56, 271422.98, 4169731.92, 736.98);
insert into STATION values (363, '40', 56, 271435.17, 4169758.40, 744.15);
insert into STATION values (364, '.', 56, 271439.76, 4169764.66, 747.10);
insert into STATION values (365, '.', 56, 271433.95, 4169765.97, 747.14);
insert into STATION values (366, '.', 56, 271426.07, 4169763.71, 747.57);
insert into STATION values (367, '.', 56, 271442.75, 4169751.32, 746.20);
insert into STATION values (368, '.', 56, 271437.08, 4169746.65, 745.63);
insert into STATION values (369, '.', 56, 271433.39, 4169746.60, 744.44);
insert into STATION values (370, '.', 56, 271435.47, 4169754.71, 748.51);
insert into STATION values (371, '.', 56, 271437.68, 4169755.97, 742.69);
insert into STATION values (372, '.', 56, 271451.14, 4169764.90, 750.05);
insert into STATION values (373, '41', 56, 271450.27, 4169764.62, 749.60);
insert into STATION values (374, '.', 56, 271452.23, 4169777.46, 749.64);
insert into STATION values (375, '.', 56, 271447.02, 4169772.20, 751.35);
insert into STATION values (376, '.', 56, 271433.91, 4169771.42, 757.79);
insert into STATION values (377, '.', 56, 271430.62, 4169757.45, 749.27);
insert into STATION values (378, '.', 56, 271431.69, 4169760.96, 750.43);
insert into STATION values (379, '.', 56, 271440.75, 4169752.63, 748.64);
insert into STATION values (380, '.', 56, 271451.89, 4169754.53, 751.04);
insert into STATION values (381, '.', 56, 271447.48, 4169761.03, 747.39);
insert into STATION values (382, '.', 56, 271443.51, 4169761.18, 757.76);
insert into STATION values (383, '42', 56, 271451.30, 4169769.19, 746.98);
insert into STATION values (384, '.', 56, 271463.01, 4169775.19, 749.26);
insert into STATION values (385, '.', 56, 271453.72, 4169776.02, 748.86);
insert into STATION values (386, '.', 56, 271447.57, 4169778.02, 749.61);
insert into STATION values (387, '.', 56, 271445.98, 4169772.20, 750.71);
insert into STATION values (388, '.', 56, 271450.46, 4169764.75, 749.51);
insert into STATION values (389, '.', 56, 271452.95, 4169765.91, 748.41);
insert into STATION values (390, '.', 56, 271462.60, 4169762.09, 748.60);
insert into STATION values (391, '.', 56, 271470.15, 4169764.43, 747.93);
insert into STATION values (392, '.', 56, 271457.18, 4169766.30, 744.76);
insert into STATION values (393, '.', 56, 271450.09, 4169768.65, 752.97);
insert into STATION values (394, '43', 56, 271470.30, 4169773.61, 746.67);
insert into STATION values (395, '.', 56, 271482.58, 4169779.96, 746.89);
insert into STATION values (396, '.', 56, 271478.70, 4169774.26, 747.02);
insert into STATION values (397, '.', 56, 271473.03, 4169771.09, 747.43);
insert into STATION values (398, '.', 56, 271470.60, 4169766.05, 748.17);
insert into STATION values (399, '.', 56, 271464.13, 4169761.58, 748.83);
insert into STATION values (400, '.', 56, 271479.63, 4169787.41, 747.19);
insert into STATION values (401, '.', 56, 271472.39, 4169783.73, 747.32);
insert into STATION values (402, '.', 56, 271466.23, 4169779.14, 746.93);
insert into STATION values (403, '.', 56, 271464.80, 4169773.83, 746.91);
insert into STATION values (404, '.', 56, 271469.22, 4169774.84, 748.81);
insert into STATION values (405, '.', 56, 271470.10, 4169774.32, 746.37);
insert into STATION values (406, 'PTR_FR24_A16_44', 56, 271483.27, 4169784.03, 745.96);
insert into STATION values (407, '.', 56, 271485.25, 4169780.17, 746.05);
insert into STATION values (408, '.', 56, 271486.48, 4169784.63, 746.40);
insert into STATION values (409, '.', 56, 271478.77, 4169773.79, 747.39);
insert into STATION values (410, '.', 56, 271472.70, 4169783.49, 747.58);
insert into STATION values (411, '.', 56, 271480.79, 4169787.35, 746.80);
insert into STATION values (412, '.', 56, 271483.39, 4169784.91, 746.06);
insert into STATION values (413, '.', 56, 271483.36, 4169784.00, 746.93);
insert into STATION values (414, '.', 56, 271483.13, 4169783.84, 745.11);
insert into STATION values (415, '45', 56, 271487.77, 4169782.96, 746.48);
insert into STATION values (416, '.', 56, 271487.15, 4169784.13, 746.64);
insert into STATION values (417, '.', 56, 271487.82, 4169783.45, 747.06);
insert into STATION values (418, '.', 56, 271489.67, 4169783.30, 745.66);
insert into STATION values (419, '.', 56, 271488.67, 4169780.27, 746.68);
insert into STATION values (420, '46', 56, 271490.81, 4169787.82, 747.13);
insert into STATION values (421, '.', 56, 271492.56, 4169786.21, 747.70);
insert into STATION values (422, '.', 56, 271491.20, 4169787.78, 747.80);
insert into STATION values (423, '.', 56, 271488.35, 4169790.01, 746.89);
insert into STATION values (424, '.', 56, 271491.09, 4169788.07, 746.52);
insert into STATION values (425, '.', 56, 271491.64, 4169796.19, 747.49);
insert into STATION values (426, '.', 56, 271494.71, 4169788.27, 747.40);
insert into STATION values (427, '47', 56, 271496.47, 4169795.30, 747.96);
insert into STATION values (428, '.', 56, 271499.90, 4169790.07, 748.93);
insert into STATION values (429, '.', 56, 271495.54, 4169798.53, 750.02);
insert into STATION values (430, '.', 56, 271499.69, 4169800.10, 748.65);
insert into STATION values (431, '.', 56, 271512.48, 4169797.73, 749.09);
insert into STATION values (432, '.', 56, 271496.97, 4169795.08, 750.03);
insert into STATION values (433, '.', 56, 271498.04, 4169794.11, 747.02);
insert into STATION values (434, '.', 56, 271491.99, 4169796.89, 748.74);
insert into STATION values (435, '.', 56, 271494.56, 4169788.64, 747.83);
insert into STATION values (436, '48', 56, 271509.08, 4169804.89, 747.79);
insert into STATION values (437, '.', 56, 271506.04, 4169811.19, 748.92);
insert into STATION values (438, '.', 56, 271502.98, 4169805.34, 748.63);
insert into STATION values (439, '.', 56, 271499.51, 4169800.84, 748.17);
insert into STATION values (440, '.', 56, 271516.58, 4169804.89, 749.73);
insert into STATION values (441, '.', 56, 271514.58, 4169799.97, 749.85);
insert into STATION values (442, '.', 56, 271511.15, 4169795.25, 749.51);
insert into STATION values (443, '.', 56, 271509.45, 4169803.97, 750.08);
insert into STATION values (444, '.', 56, 271507.85, 4169804.68, 747.35);
insert into STATION values (445, '49', 56, 271516.36, 4169815.97, 749.24);
insert into STATION values (446, '.', 56, 271505.08, 4169822.25, 749.26);
insert into STATION values (447, '.', 56, 271514.60, 4169815.67, 749.29);
insert into STATION values (448, '.', 56, 271503.28, 4169805.85, 748.75);
insert into STATION values (449, '.', 56, 271519.86, 4169819.89, 749.64);
insert into STATION values (450, '.', 56, 271529.88, 4169813.82, 749.36);
insert into STATION values (451, '.', 56, 271523.03, 4169809.40, 749.93);
insert into STATION values (452, '.', 56, 271512.69, 4169797.18, 749.51);
insert into STATION values (453, '.', 56, 271515.90, 4169813.40, 751.24);
insert into STATION values (454, '.', 56, 271515.35, 4169814.82, 748.76);
insert into STATION values (455, '50', 56, 271508.19, 4169829.71, 749.01);
insert into STATION values (456, '.', 56, 271504.43, 4169829.72, 747.50);
insert into STATION values (457, '.', 56, 271506.73, 4169837.42, 748.05);
insert into STATION values (458, '.', 56, 271513.55, 4169840.93, 748.34);
insert into STATION values (459, '.', 56, 271517.90, 4169833.18, 748.13);
insert into STATION values (460, '.', 56, 271519.50, 4169826.32, 748.29);
insert into STATION values (461, '.', 56, 271509.46, 4169830.63, 747.40);
insert into STATION values (462, '.', 56, 271510.89, 4169831.41, 750.14);
insert into STATION values (463, '51', 56, 271524.40, 4169847.14, 747.83);
insert into STATION values (464, '.', 56, 271520.18, 4169850.48, 748.19);
insert into STATION values (465, '.', 56, 271519.17, 4169846.07, 747.83);
insert into STATION values (466, '.', 56, 271514.43, 4169841.24, 747.26);
insert into STATION values (467, '.', 56, 271519.93, 4169837.18, 747.41);
insert into STATION values (468, '.', 56, 271527.04, 4169849.44, 747.94);
insert into STATION values (469, '.', 56, 271528.42, 4169846.75, 747.85);
insert into STATION values (470, '.', 56, 271528.43, 4169840.45, 747.72);
insert into STATION values (471, '.', 56, 271525.06, 4169846.42, 749.42);
insert into STATION values (472, '.', 56, 271524.35, 4169847.44, 747.51);
insert into STATION values (473, '52', 56, 271516.83, 4169856.58, 748.40);
insert into STATION values (474, '53', 56, 271503.40, 4169848.79, 748.70);
insert into STATION values (475, '54', 56, 271539.31, 4169859.55, 748.44);
insert into STATION values (476, '.', 56, 271535.17, 4169856.62, 749.01);
insert into STATION values (477, '.', 56, 271536.15, 4169852.74, 749.20);
insert into STATION values (478, '.', 56, 271543.00, 4169852.89, 749.85);
insert into STATION values (479, '.', 56, 271541.08, 4169860.10, 749.60);
insert into STATION values (480, '.', 56, 271534.73, 4169863.19, 749.29);
insert into STATION values (481, '.', 56, 271533.08, 4169861.89, 748.73);
insert into STATION values (482, '55', 56, 271542.15, 4169835.54, 749.49);
insert into STATION values (483, '.', 56, 271540.55, 4169834.76, 749.79);
insert into STATION values (484, '.', 56, 271544.30, 4169830.08, 750.30);
insert into STATION values (485, '.', 56, 271547.21, 4169828.56, 751.06);
insert into STATION values (486, '.', 56, 271554.35, 4169831.52, 751.55);
insert into STATION values (487, '.', 56, 271538.34, 4169841.18, 750.26);
insert into STATION values (488, '.', 56, 271544.50, 4169843.08, 749.78);
insert into STATION values (489, '.', 56, 271543.23, 4169850.78, 750.32);
insert into STATION values (490, '.', 56, 271543.41, 4169838.56, 751.54);
insert into STATION values (491, '.', 56, 271543.41, 4169837.27, 749.01);
insert into STATION values (492, '56', 56, 271549.10, 4169829.96, 750.32);
insert into STATION values (493, '.', 56, 271554.31, 4169832.03, 751.31);
insert into STATION values (494, '.', 56, 271550.03, 4169835.03, 751.74);
insert into STATION values (495, '.', 56, 271544.84, 4169841.92, 750.99);
insert into STATION values (496, '.', 56, 271548.38, 4169827.42, 751.62);
insert into STATION values (497, '.', 56, 271545.44, 4169829.53, 750.57);
insert into STATION values (498, '.', 56, 271540.27, 4169834.75, 749.88);
insert into STATION values (499, '.', 56, 271548.04, 4169830.30, 752.82);
insert into STATION values (500, '.', 56, 271550.17, 4169830.26, 749.75);
insert into STATION values (501, '57', 56, 271571.06, 4169813.32, 750.56);
insert into STATION values (502, '.', 56, 271501.65, 4169845.59, 749.16);
insert into STATION values (503, '.', 56, 271510.73, 4169850.77, 748.87);
insert into STATION values (504, '.', 56, 271504.13, 4169848.85, 751.37);
insert into STATION values (505, '.', 56, 271504.47, 4169849.38, 748.06);
insert into STATION values (506, '58', 56, 271478.68, 4169860.64, 747.85);
insert into STATION values (507, '.', 56, 271474.53, 4169856.73, 746.87);
insert into STATION values (508, '.', 56, 271478.86, 4169853.66, 749.86);
insert into STATION values (509, '.', 56, 271484.59, 4169848.99, 747.99);
insert into STATION values (510, '.', 56, 271488.86, 4169856.74, 749.07);
insert into STATION values (511, '.', 56, 271483.64, 4169862.44, 748.51);
insert into STATION values (512, '.', 56, 271480.01, 4169863.85, 747.89);
insert into STATION values (513, '.', 56, 271472.02, 4169863.29, 746.52);
insert into STATION values (514, '.', 56, 271476.42, 4169858.10, 752.77);
insert into STATION values (515, '.', 56, 271477.59, 4169860.08, 746.74);
insert into STATION values (516, '59', 56, 271462.51, 4169856.37, 745.40);
insert into STATION values (517, '.', 56, 271454.55, 4169856.11, 746.19);
insert into STATION values (518, '.', 56, 271461.61, 4169854.22, 745.90);
insert into STATION values (519, '.', 56, 271465.81, 4169852.72, 745.90);
insert into STATION values (520, '.', 56, 271450.18, 4169862.64, 745.18);
insert into STATION values (521, '.', 56, 271453.33, 4169868.62, 745.45);
insert into STATION values (522, '.', 56, 271461.71, 4169863.21, 745.88);
insert into STATION values (523, '.', 56, 271464.09, 4169860.88, 745.04);
insert into STATION values (524, '.', 56, 271470.72, 4169860.20, 745.81);
insert into STATION values (525, '.', 56, 271461.72, 4169858.13, 747.66);
insert into STATION values (526, '.', 56, 271462.22, 4169858.10, 744.54);
insert into STATION values (527, '60', 56, 271445.20, 4169862.03, 746.10);
insert into STATION values (528, '.', 56, 271436.49, 4169867.77, 745.72);
insert into STATION values (529, '.', 56, 271441.19, 4169861.72, 745.05);
insert into STATION values (530, '.', 56, 271441.09, 4169857.54, 743.63);
insert into STATION values (531, '.', 56, 271444.75, 4169852.90, 743.43);
insert into STATION values (532, '.', 56, 271450.06, 4169852.99, 744.38);
insert into STATION values (533, '.', 56, 271453.65, 4169855.35, 745.31);
insert into STATION values (534, '.', 56, 271449.28, 4169862.73, 744.45);
insert into STATION values (535, '.', 56, 271449.13, 4169865.79, 744.45);
insert into STATION values (536, '.', 56, 271446.57, 4169869.82, 744.29);
insert into STATION values (537, '.', 56, 271442.70, 4169873.10, 744.39);
insert into STATION values (538, '.', 56, 271439.71, 4169875.48, 744.55);
insert into STATION values (539, '.', 56, 271447.23, 4169863.46, 747.21);
insert into STATION values (540, '.', 56, 271446.36, 4169863.65, 744.33);
insert into STATION values (541, '.', 56, 271448.30, 4169863.09, 743.40);
insert into STATION values (542, '61', 56, 271433.25, 4169879.43, 744.23);
insert into STATION values (543, '.', 56, 271416.09, 4169877.07, 743.08);
insert into STATION values (544, '.', 56, 271424.32, 4169872.27, 743.75);
insert into STATION values (545, '.', 56, 271432.64, 4169871.31, 745.00);
insert into STATION values (546, '.', 56, 271437.41, 4169866.57, 745.94);
insert into STATION values (547, '.', 56, 271441.58, 4169873.91, 745.35);
insert into STATION values (548, '.', 56, 271440.02, 4169880.32, 744.58);
insert into STATION values (549, '.', 56, 271435.43, 4169889.58, 741.68);
insert into STATION values (550, '.', 56, 271429.97, 4169892.63, 743.35);
insert into STATION values (551, '.', 56, 271420.65, 4169892.23, 743.13);
insert into STATION values (552, '.', 56, 271419.53, 4169888.56, 744.81);
insert into STATION values (553, '.', 56, 271425.41, 4169887.67, 741.79);
insert into STATION values (554, '.', 56, 271432.87, 4169880.05, 746.11);
insert into STATION values (555, '.', 56, 271428.67, 4169878.04, 750.71);
insert into STATION values (556, '62', 56, 271421.24, 4169905.59, 742.37);
insert into STATION values (557, '.', 56, 271423.27, 4169906.52, 742.14);
insert into STATION values (558, '.', 56, 271423.06, 4169912.68, 743.31);
insert into STATION values (559, '.', 56, 271418.81, 4169914.48, 744.19);
insert into STATION values (560, '.', 56, 271416.95, 4169910.01, 743.19);
insert into STATION values (561, '.', 56, 271426.11, 4169899.74, 743.54);
insert into STATION values (562, '.', 56, 271425.73, 4169906.70, 749.52);
insert into STATION values (563, '.', 56, 271422.17, 4169904.91, 740.80);
insert into STATION values (564, '63', 56, 271420.06, 4169917.40, 747.02);
insert into STATION values (565, '64', 56, 271414.20, 4169890.80, 742.49);
insert into STATION values (566, '.', 56, 271404.84, 4169891.93, 741.13);
insert into STATION values (567, '.', 56, 271406.59, 4169886.60, 738.74);
insert into STATION values (568, '.', 56, 271411.71, 4169883.28, 740.25);
insert into STATION values (569, '.', 56, 271416.04, 4169879.18, 741.91);
insert into STATION values (570, '.', 56, 271414.16, 4169892.62, 742.29);
insert into STATION values (571, '.', 56, 271418.37, 4169889.30, 743.13);
insert into STATION values (572, '.', 56, 271412.65, 4169891.02, 739.70);
insert into STATION values (573, '.', 56, 271406.09, 4169888.22, 737.27);
insert into STATION values (574, '.', 56, 271412.02, 4169890.12, 743.81);
insert into STATION values (575, '65', 56, 271406.06, 4169902.98, 740.46);
insert into STATION values (576, '.', 56, 271413.86, 4169896.08, 742.98);
insert into STATION values (577, '.', 56, 271413.16, 4169901.30, 742.95);
insert into STATION values (578, '.', 56, 271413.94, 4169908.01, 740.38);
insert into STATION values (579, '.', 56, 271411.16, 4169914.19, 739.30);
insert into STATION values (580, '.', 56, 271400.45, 4169915.50, 739.67);
insert into STATION values (581, '.', 56, 271399.54, 4169909.16, 740.12);
insert into STATION values (582, '.', 56, 271401.52, 4169898.05, 742.38);
insert into STATION values (583, '.', 56, 271404.33, 4169894.01, 742.74);
insert into STATION values (584, '.', 56, 271408.60, 4169899.92, 750.17);
insert into STATION values (585, '.', 56, 271409.69, 4169908.70, 737.74);
insert into STATION values (586, '66', 56, 271403.20, 4169928.84, 738.23);
insert into STATION values (587, '.', 56, 271390.77, 4169940.50, 736.17);
insert into STATION values (588, '.', 56, 271396.02, 4169927.56, 737.18);
insert into STATION values (589, '.', 56, 271410.42, 4169916.99, 739.15);
insert into STATION values (590, '.', 56, 271409.99, 4169926.23, 738.40);
insert into STATION values (591, '.', 56, 271410.06, 4169933.35, 739.12);
insert into STATION values (592, '.', 56, 271402.18, 4169944.14, 736.65);
insert into STATION values (593, '.', 56, 271396.52, 4169954.27, 735.51);
insert into STATION values (594, '.', 56, 271406.86, 4169935.84, 746.29);
insert into STATION values (595, '.', 56, 271403.70, 4169931.27, 736.93);
insert into STATION values (596, '.', 56, 271398.07, 4169941.04, 737.40);
insert into STATION values (597, '67', 56, 271395.34, 4169948.27, 734.90);
insert into STATION values (598, '.', 56, 271386.90, 4169947.89, 736.22);
insert into STATION values (599, '.', 56, 271391.56, 4169944.55, 736.24);
insert into STATION values (600, '.', 56, 271390.36, 4169960.33, 735.78);
insert into STATION values (601, '.', 56, 271395.52, 4169949.16, 734.98);
insert into STATION values (602, '.', 56, 271396.86, 4169954.32, 735.84);
insert into STATION values (603, '.', 56, 271401.42, 4169948.13, 736.11);
insert into STATION values (604, '.', 56, 271401.69, 4169944.71, 736.17);
insert into STATION values (605, '.', 56, 271395.59, 4169948.82, 736.83);
insert into STATION values (606, '.', 56, 271395.17, 4169948.23, 734.60);
insert into STATION values (607, '68', 56, 271388.67, 4169961.90, 735.69);
insert into STATION values (608, '.', 56, 271379.61, 4169964.82, 735.04);
insert into STATION values (609, '.', 56, 271379.35, 4169957.44, 734.91);
insert into STATION values (610, '.', 56, 271382.89, 4169948.51, 735.51);
insert into STATION values (611, '.', 56, 271391.42, 4169958.29, 735.71);
insert into STATION values (612, '.', 56, 271387.77, 4169965.56, 735.13);
insert into STATION values (613, '.', 56, 271386.81, 4169963.12, 736.73);
insert into STATION values (614, '.', 56, 271385.56, 4169963.31, 734.64);
insert into STATION values (615, '69', 56, 271379.03, 4169970.12, 734.71);
insert into STATION values (616, '.', 56, 271377.99, 4169964.87, 734.99);
insert into STATION values (617, '.', 56, 271386.14, 4169966.02, 735.20);
insert into STATION values (618, '.', 56, 271375.11, 4169967.85, 734.60);
insert into STATION values (619, '.', 56, 271370.77, 4169965.85, 734.40);
insert into STATION values (620, '.', 56, 271372.52, 4169974.13, 734.87);
insert into STATION values (621, '.', 56, 271376.87, 4169974.72, 734.60);
insert into STATION values (622, '.', 56, 271385.26, 4169982.01, 734.90);
insert into STATION values (623, '.', 56, 271378.33, 4169969.97, 737.08);
insert into STATION values (624, '.', 56, 271376.30, 4169968.27, 732.94);
insert into STATION values (625, '70', 56, 271379.16, 4169990.01, 732.87);
insert into STATION values (626, '71', 56, 271343.63, 4169985.78, 735.66);
insert into STATION values (627, '72', 56, 271372.58, 4169965.90, 733.69);
insert into STATION values (628, '.', 56, 271369.56, 4169962.59, 736.38);
insert into STATION values (629, '.', 56, 271378.67, 4169956.65, 735.82);
insert into STATION values (630, '.', 56, 271377.89, 4169963.96, 735.49);
insert into STATION values (631, '.', 56, 271366.98, 4169967.00, 735.87);
insert into STATION values (632, '.', 56, 271370.21, 4169974.09, 734.45);
insert into STATION values (633, '.', 56, 271364.72, 4169981.72, 735.70);
insert into STATION values (634, '.', 56, 271371.72, 4169966.98, 738.57);
insert into STATION values (635, '.', 56, 271373.46, 4169965.48, 732.82);
insert into STATION values (636, '73', 56, 271376.46, 4169948.11, 734.01);
insert into STATION values (637, '.', 56, 271369.33, 4169939.42, 736.65);
insert into STATION values (638, '.', 56, 271376.98, 4169946.95, 734.75);
insert into STATION values (639, '.', 56, 271378.74, 4169949.64, 735.06);
insert into STATION values (640, '.', 56, 271378.03, 4169955.02, 735.15);
insert into STATION values (641, '.', 56, 271371.39, 4169958.67, 735.51);
insert into STATION values (642, '.', 56, 271363.39, 4169947.03, 735.09);
insert into STATION values (643, '.', 56, 271373.75, 4169947.77, 736.84);
insert into STATION values (644, '.', 56, 271373.89, 4169948.34, 732.62);
insert into STATION values (645, '74', 56, 271358.08, 4169941.61, 732.95);
insert into STATION values (646, '.', 56, 271354.82, 4169930.22, 734.87);
insert into STATION values (647, '.', 56, 271359.06, 4169926.57, 736.73);
insert into STATION values (648, '.', 56, 271376.48, 4169948.14, 734.38);
insert into STATION values (649, '.', 56, 271361.60, 4169944.82, 733.38);
insert into STATION values (650, '.', 56, 271359.07, 4169945.09, 734.21);
insert into STATION values (651, '.', 56, 271354.88, 4169953.36, 735.91);
insert into STATION values (652, '.', 56, 271351.82, 4169950.64, 736.24);
insert into STATION values (653, '.', 56, 271347.89, 4169944.19, 733.28);
insert into STATION values (654, '.', 56, 271346.57, 4169940.05, 733.80);
insert into STATION values (655, '.', 56, 271356.35, 4169941.33, 737.94);
insert into STATION values (656, '.', 56, 271357.09, 4169941.64, 732.10);
insert into STATION values (657, '75', 56, 271352.33, 4169930.57, 734.43);
insert into STATION values (658, '.', 56, 271353.57, 4169929.88, 734.64);
insert into STATION values (659, '.', 56, 271359.96, 4169935.88, 735.18);
insert into STATION values (660, '.', 56, 271352.59, 4169923.79, 734.48);
insert into STATION values (661, '.', 56, 271344.97, 4169912.13, 733.56);
insert into STATION values (662, '.', 56, 271343.33, 4169925.20, 735.40);
insert into STATION values (663, '.', 56, 271341.22, 4169928.66, 734.25);
insert into STATION values (664, '.', 56, 271347.06, 4169940.85, 733.32);
insert into STATION values (665, '.', 56, 271352.94, 4169932.69, 739.76);
insert into STATION values (666, '.', 56, 271351.70, 4169931.40, 733.74);
insert into STATION values (667, '76', 56, 271349.56, 4169915.30, 733.56);
insert into STATION values (668, '.', 56, 271352.93, 4169917.32, 733.92);
insert into STATION values (669, '.', 56, 271352.52, 4169922.76, 734.35);
insert into STATION values (670, '.', 56, 271344.30, 4169924.50, 733.67);
insert into STATION values (671, '.', 56, 271342.58, 4169917.52, 733.53);
insert into STATION values (672, '.', 56, 271344.99, 4169911.63, 732.78);
insert into STATION values (673, '.', 56, 271345.71, 4169916.00, 736.29);
insert into STATION values (674, '.', 56, 271347.82, 4169916.99, 732.64);
insert into STATION values (675, '77', 56, 271340.27, 4169889.43, 730.48);
insert into STATION values (676, '.', 56, 271331.79, 4169883.03, 731.73);
insert into STATION values (677, '.', 56, 271335.65, 4169871.12, 730.94);
insert into STATION values (678, '.', 56, 271337.78, 4169864.72, 731.30);
insert into STATION values (679, '.', 56, 271352.62, 4169878.13, 733.28);
insert into STATION values (680, '.', 56, 271349.23, 4169891.35, 732.11);
insert into STATION values (681, '.', 56, 271332.01, 4169889.87, 731.31);
insert into STATION values (682, '.', 56, 271351.53, 4169909.77, 733.29);
insert into STATION values (683, '.', 56, 271340.68, 4169909.39, 732.02);
insert into STATION values (684, '.', 56, 271342.76, 4169887.69, 736.83);
insert into STATION values (685, '.', 56, 271341.30, 4169889.06, 729.75);
insert into STATION values (686, '78', 56, 271340.92, 4169873.66, 730.78);
insert into STATION values (687, '.', 56, 271358.51, 4169859.18, 735.17);
insert into STATION values (688, '.', 56, 271347.82, 4169875.14, 733.14);
insert into STATION values (689, '.', 56, 271351.84, 4169879.72, 734.27);
insert into STATION values (690, '.', 56, 271352.38, 4169887.14, 732.64);
insert into STATION values (691, '.', 56, 271349.75, 4169891.64, 731.97);
insert into STATION values (692, '.', 56, 271335.52, 4169897.36, 731.59);
insert into STATION values (693, '.', 56, 271331.11, 4169882.67, 731.32);
insert into STATION values (694, '.', 56, 271337.99, 4169869.81, 730.70);
insert into STATION values (695, '.', 56, 271336.86, 4169865.57, 730.29);
insert into STATION values (696, '.', 56, 271339.99, 4169860.56, 730.28);
insert into STATION values (697, '.', 56, 271340.69, 4169872.08, 733.92);
insert into STATION values (698, '.', 56, 271340.57, 4169872.48, 729.71);
insert into STATION values (699, '79', 56, 271343.24, 4169856.41, 731.22);
insert into STATION values (700, '.', 56, 271362.66, 4169860.19, 731.50);
insert into STATION values (701, '.', 56, 271361.59, 4169870.15, 733.47);
insert into STATION values (702, '.', 56, 271348.26, 4169874.07, 733.34);
insert into STATION values (703, '.', 56, 271337.03, 4169870.74, 731.06);
insert into STATION values (704, '.', 56, 271341.47, 4169858.72, 730.91);
insert into STATION values (705, '.', 56, 271344.30, 4169852.99, 730.56);
insert into STATION values (706, '.', 56, 271357.85, 4169859.92, 736.75);
insert into STATION values (707, '.', 56, 271349.77, 4169857.22, 729.31);
insert into STATION values (708, '80', 56, 271356.86, 4169842.96, 731.05);
insert into STATION values (709, '.', 56, 271357.88, 4169832.17, 731.12);
insert into STATION values (710, '.', 56, 271352.56, 4169837.36, 731.67);
insert into STATION values (711, '.', 56, 271351.79, 4169844.97, 730.92);
insert into STATION values (712, '.', 56, 271361.02, 4169856.87, 733.82);
insert into STATION values (713, '.', 56, 271369.36, 4169838.15, 733.19);
insert into STATION values (714, '.', 56, 271370.61, 4169830.73, 732.01);
insert into STATION values (715, '.', 56, 271370.65, 4169817.81, 731.35);
insert into STATION values (716, '81', 56, 271364.14, 4169819.00, 729.78);
insert into STATION values (717, '.', 56, 271359.88, 4169823.45, 730.10);
insert into STATION values (718, '.', 56, 271360.26, 4169816.40, 730.60);
insert into STATION values (719, '.', 56, 271360.17, 4169816.06, 730.52);
insert into STATION values (720, '.', 56, 271363.32, 4169812.34, 730.41);
insert into STATION values (721, '.', 56, 271369.77, 4169805.23, 730.66);
insert into STATION values (722, '.', 56, 271371.07, 4169816.40, 731.02);
insert into STATION values (723, '.', 56, 271371.56, 4169820.83, 732.07);
insert into STATION values (724, '.', 56, 271370.66, 4169827.70, 733.12);
insert into STATION values (725, '.', 56, 271367.91, 4169819.12, 732.94);
insert into STATION values (726, '.', 56, 271366.16, 4169819.05, 729.02);
insert into STATION values (727, '82', 56, 271376.41, 4169804.62, 729.61);
insert into STATION values (728, '.', 56, 271386.33, 4169810.90, 731.28);
insert into STATION values (729, '.', 56, 271377.61, 4169812.04, 733.23);
insert into STATION values (730, '.', 56, 271372.67, 4169816.38, 733.57);
insert into STATION values (731, '.', 56, 271362.64, 4169808.69, 732.02);
insert into STATION values (732, '.', 56, 271369.75, 4169804.37, 731.69);
insert into STATION values (733, '.', 56, 271374.23, 4169799.86, 732.11);
insert into STATION values (734, '.', 56, 271380.13, 4169793.38, 733.01);
insert into STATION values (735, '.', 56, 271374.98, 4169804.13, 734.24);
insert into STATION values (736, '.', 56, 271375.71, 4169805.23, 729.02);
insert into STATION values (737, '83', 56, 271394.10, 4169793.86, 733.47);
insert into STATION values (738, '.', 56, 271402.33, 4169796.92, 740.35);
insert into STATION values (739, '.', 56, 271394.21, 4169802.58, 736.72);
insert into STATION values (740, '.', 56, 271374.85, 4169801.62, 737.62);
insert into STATION values (741, '.', 56, 271384.21, 4169789.17, 741.20);
insert into STATION values (742, '.', 56, 271386.61, 4169777.32, 735.19);
insert into STATION values (743, '.', 56, 271393.03, 4169784.49, 738.03);
insert into STATION values (744, '.', 56, 271392.96, 4169792.67, 732.26);
insert into STATION values (745, '84', 56, 271392.87, 4169779.10, 732.62);
insert into STATION values (746, '.', 56, 271400.56, 4169770.78, 731.29);
insert into STATION values (747, '.', 56, 271401.08, 4169782.08, 732.45);
insert into STATION values (748, '.', 56, 271390.47, 4169765.55, 729.14);
insert into STATION values (749, '.', 56, 271381.80, 4169775.02, 731.07);
insert into STATION values (750, '.', 56, 271377.95, 4169787.63, 732.50);
insert into STATION values (751, '.', 56, 271379.59, 4169795.02, 732.62);
insert into STATION values (752, '.', 56, 271388.29, 4169773.46, 744.72);
insert into STATION values (753, '.', 56, 271383.67, 4169768.87, 722.98);
insert into STATION values (754, '.', 56, 271390.41, 4169777.93, 729.11);
insert into STATION values (755, '85', 56, 271384.21, 4169767.28, 723.62);
insert into STATION values (756, '.', 56, 271387.42, 4169764.32, 723.74);
insert into STATION values (757, '.', 56, 271397.93, 4169768.46, 730.31);
insert into STATION values (758, '.', 56, 271384.38, 4169775.64, 727.40);
insert into STATION values (759, '.', 56, 271377.89, 4169774.33, 725.02);
insert into STATION values (760, '.', 56, 271371.79, 4169769.89, 725.20);
insert into STATION values (761, '.', 56, 271383.86, 4169767.18, 723.61);
insert into STATION values (762, '.', 56, 271376.51, 4169760.69, 724.69);
insert into STATION values (763, '.', 56, 271379.55, 4169766.97, 727.55);
insert into STATION values (764, '.', 56, 271379.71, 4169767.99, 722.07);
insert into STATION values (765, '86', 56, 271392.33, 4169740.07, 724.03);
insert into STATION values (766, '.', 56, 271398.61, 4169734.63, 725.49);
insert into STATION values (767, '.', 56, 271396.88, 4169741.48, 725.55);
insert into STATION values (768, '.', 56, 271395.06, 4169746.11, 724.80);
insert into STATION values (769, '.', 56, 271393.73, 4169751.86, 725.19);
insert into STATION values (770, '.', 56, 271386.46, 4169748.73, 724.25);
insert into STATION values (771, '.', 56, 271388.68, 4169740.72, 724.35);
insert into STATION values (772, '.', 56, 271389.75, 4169733.68, 723.93);
insert into STATION values (773, '.', 56, 271392.04, 4169729.55, 724.14);
insert into STATION values (774, '.', 56, 271391.86, 4169737.97, 725.23);
insert into STATION values (775, '.', 56, 271391.06, 4169737.19, 722.82);
insert into STATION values (776, '87', 56, 271395.00, 4169720.48, 722.98);
insert into STATION values (777, '.', 56, 271396.37, 4169716.30, 724.18);
insert into STATION values (778, '.', 56, 271400.78, 4169716.91, 724.48);
insert into STATION values (779, '.', 56, 271405.12, 4169723.02, 728.02);
insert into STATION values (780, '.', 56, 271400.38, 4169726.50, 725.25);
insert into STATION values (781, '.', 56, 271398.41, 4169732.30, 725.26);
insert into STATION values (782, '.', 56, 271392.29, 4169727.39, 724.05);
insert into STATION values (783, '.', 56, 271395.62, 4169720.74, 724.79);
insert into STATION values (784, '.', 56, 271397.33, 4169719.81, 722.75);
insert into STATION values (785, 'PTR_FR24_A21_00', 63, 271570.73, 4169202.40, 746.72);
insert into STATION values (786, '1', 63, 271577.07, 4169182.88, 746.19);
insert into STATION values (787, '2', 63, 271573.23, 4169162.19, 742.60);
insert into STATION values (788, '.', 63, 271573.50, 4169162.16, 742.52);
insert into STATION values (789, '3', 63, 271564.65, 4169151.70, 740.42);
insert into STATION values (790, '4', 63, 271573.89, 4169117.98, 732.71);
insert into STATION values (791, '5', 63, 271571.93, 4169105.82, 733.77);
insert into STATION values (792, '6', 63, 271572.19, 4169089.16, 733.87);
insert into STATION values (793, '.', 63, 271572.23, 4169089.17, 733.89);
insert into STATION values (794, '7', 63, 271564.95, 4169067.03, 730.31);
insert into STATION values (795, '8', 63, 271562.03, 4169051.41, 726.24);
insert into STATION values (796, '9', 63, 271552.54, 4169024.34, 726.18);
insert into STATION values (797, '10', 63, 271546.92, 4169003.21, 729.18);
insert into STATION values (798, '11', 63, 271546.75, 4168965.55, 731.18);
insert into STATION values (799, '12', 63, 271548.09, 4168956.91, 731.64);
insert into STATION values (800, '13', 63, 271553.57, 4168922.12, 744.97);
insert into STATION values (801, '14', 63, 271548.71, 4168898.26, 750.23);
insert into STATION values (802, '15', 63, 271542.62, 4168863.82, 759.95);
insert into STATION values (803, '.', 63, 271542.61, 4168863.89, 760.04);
insert into STATION values (804, '16', 63, 271542.32, 4168848.58, 765.27);
insert into STATION values (805, '17', 63, 271538.21, 4168832.42, 770.85);
insert into STATION values (806, '18', 63, 271541.39, 4168829.24, 774.00);
insert into STATION_FLAG values(806, 'ent');
insert into STATION_FLAG values(806, 'fix');
insert into STATION values (807, 'Promeszutochnaya_Tunnel_00', 73, 270740.40, 4169404.40, 645.00);
insert into STATION_FLAG values(807, 'ent');
insert into STATION_FLAG values(807, 'fix');
insert into STATION_FLAG values(807, 'air');
insert into STATION values (808, '.', 73, 270740.08, 4169403.70, 644.55);
insert into STATION values (809, '.', 73, 270742.33, 4169405.74, 644.60);
insert into STATION values (810, '.', 73, 270740.47, 4169403.94, 647.22);
insert into STATION values (811, '.', 73, 270740.47, 4169404.32, 644.48);
insert into STATION values (812, '.', 73, 270740.53, 4169404.32, 644.99);
insert into STATION values (813, '1', 73, 270747.73, 4169399.67, 644.39);
insert into STATION values (814, '.', 73, 270748.01, 4169399.96, 644.34);
insert into STATION values (815, '.', 73, 270746.84, 4169398.43, 644.31);
insert into STATION values (816, '.', 73, 270747.97, 4169399.83, 645.99);
insert into STATION values (817, '.', 73, 270747.73, 4169399.56, 643.96);
insert into STATION values (818, '2', 73, 270758.26, 4169387.86, 643.25);
insert into STATION values (819, '.', 73, 270759.81, 4169389.04, 642.94);
insert into STATION values (820, '.', 73, 270758.55, 4169387.78, 644.29);
insert into STATION values (821, '.', 73, 270758.43, 4169387.77, 641.90);
insert into STATION values (822, '.', 73, 270758.08, 4169387.65, 643.28);
insert into STATION values (823, '3', 73, 270772.35, 4169376.94, 638.52);
insert into STATION values (824, '.', 73, 270773.08, 4169378.88, 638.58);
insert into STATION values (825, '.', 73, 270772.36, 4169376.81, 640.99);
insert into STATION values (826, '.', 73, 270772.35, 4169376.91, 637.05);
insert into STATION values (827, '.', 73, 270772.21, 4169376.55, 638.53);
insert into STATION values (828, '4', 73, 270799.06, 4169376.41, 637.24);
insert into STATION values (829, '.', 73, 270807.18, 4169376.44, 636.19);
insert into STATION values (830, '.', 73, 270799.82, 4169380.79, 637.12);
insert into STATION values (831, '.', 73, 270817.89, 4169363.19, 635.72);
insert into STATION values (832, '.', 73, 270819.98, 4169355.95, 633.96);
insert into STATION values (833, '.', 73, 270807.72, 4169358.21, 635.09);
insert into STATION values (834, '.', 73, 270796.58, 4169366.36, 636.83);
insert into STATION values (835, '.', 73, 270792.96, 4169370.25, 637.12);
insert into STATION values (836, '.', 73, 270779.94, 4169380.53, 636.25);
insert into STATION values (837, '.', 73, 270786.11, 4169389.08, 635.24);
insert into STATION values (838, '.', 73, 270798.82, 4169375.70, 640.44);
insert into STATION values (839, '.', 73, 270799.12, 4169378.68, 632.44);
insert into STATION values (840, '5', 73, 270816.39, 4169354.84, 632.29);
insert into STATION values (841, '.', 73, 270809.23, 4169354.02, 633.00);
insert into STATION values (842, '.', 73, 270805.32, 4169359.88, 634.59);
insert into STATION values (843, '.', 73, 270813.17, 4169369.57, 634.38);
insert into STATION values (844, '.', 73, 270820.86, 4169363.51, 632.84);
insert into STATION values (845, '.', 73, 270823.54, 4169359.42, 632.81);
insert into STATION values (846, '.', 73, 270819.97, 4169352.33, 632.34);
insert into STATION values (847, '.', 73, 270817.15, 4169343.81, 632.93);
insert into STATION values (848, '.', 73, 270815.28, 4169353.47, 635.11);
insert into STATION values (849, '.', 73, 270812.48, 4169356.98, 645.16);
insert into STATION values (850, '.', 73, 270813.55, 4169358.74, 640.99);
insert into STATION values (851, '.', 73, 270811.24, 4169365.73, 638.38);
insert into STATION values (852, '6', 73, 270818.50, 4169326.40, 625.77);
insert into STATION values (853, '.', 73, 270810.89, 4169329.76, 627.18);
insert into STATION values (854, '.', 73, 270809.73, 4169318.71, 625.22);
insert into STATION values (855, '.', 73, 270812.36, 4169310.45, 626.34);
insert into STATION values (856, '.', 73, 270825.50, 4169308.94, 626.62);
insert into STATION values (857, '.', 73, 270826.66, 4169324.07, 626.11);
insert into STATION values (858, '.', 73, 270832.52, 4169324.62, 627.46);
insert into STATION values (859, '.', 73, 270830.72, 4169331.52, 626.72);
insert into STATION values (860, '.', 73, 270825.74, 4169340.21, 627.80);
insert into STATION values (861, '.', 73, 270819.44, 4169326.09, 628.97);
insert into STATION values (862, '.', 73, 270818.53, 4169326.21, 624.60);
insert into STATION values (863, '.', 73, 270819.56, 4169320.03, 627.71);
insert into STATION values (864, '.', 73, 270819.22, 4169336.18, 631.55);
insert into STATION values (865, '7', 73, 270822.08, 4169307.12, 629.58);
insert into STATION values (866, '.', 73, 270827.81, 4169308.58, 630.09);
insert into STATION values (867, '.', 73, 270811.96, 4169295.86, 629.84);
insert into STATION values (868, '.', 73, 270831.10, 4169281.83, 631.60);
insert into STATION values (869, '.', 73, 270846.61, 4169301.47, 631.82);
insert into STATION values (870, '.', 73, 270849.14, 4169289.37, 632.12);
insert into STATION values (871, '.', 73, 270821.84, 4169310.45, 629.46);
insert into STATION values (872, '.', 73, 270814.11, 4169310.22, 630.16);
insert into STATION values (873, '.', 73, 270822.47, 4169307.10, 631.93);
insert into STATION values (874, '.', 73, 270826.29, 4169299.25, 632.17);
insert into STATION values (875, '.', 73, 270822.15, 4169307.13, 628.25);
insert into STATION values (876, '8', 73, 270833.66, 4169282.93, 632.35);
insert into STATION values (877, '.', 73, 270845.25, 4169301.28, 632.27);
insert into STATION values (878, '.', 73, 270849.56, 4169289.69, 633.44);
insert into STATION values (879, '.', 73, 270829.61, 4169272.15, 631.20);
insert into STATION values (880, '.', 73, 270825.27, 4169278.55, 631.31);
insert into STATION values (881, '.', 73, 270813.64, 4169285.20, 630.62);
insert into STATION values (882, '.', 73, 270836.21, 4169282.39, 629.63);
insert into STATION values (883, '.', 73, 270833.67, 4169282.92, 632.66);
insert into STATION values (884, 'PTR_FR24_A98_9', 73, 270840.18, 4169281.23, 630.55);
insert into STATION values (885, '.', 73, 270848.98, 4169295.96, 632.35);
insert into STATION values (886, '.', 73, 270831.01, 4169268.30, 628.63);
insert into STATION values (887, '.', 73, 270828.68, 4169274.69, 630.20);
insert into STATION values (888, '.', 73, 270861.40, 4169266.67, 630.01);
insert into STATION values (889, '.', 73, 270841.30, 4169280.22, 633.55);
insert into STATION values (890, '.', 73, 270840.59, 4169281.72, 628.75);
insert into STATION values (891, '10', 73, 270845.94, 4169279.40, 630.79);
insert into STATION values (892, '.', 73, 270836.59, 4169306.05, 633.07);
insert into STATION values (893, '.', 73, 270846.19, 4169295.90, 632.38);
insert into STATION values (894, '.', 73, 270859.19, 4169290.03, 633.12);
insert into STATION values (895, '.', 73, 270859.40, 4169260.89, 628.31);
insert into STATION values (896, '.', 73, 270845.91, 4169279.23, 630.76);
insert into STATION values (897, '.', 73, 270829.24, 4169276.02, 628.91);
insert into STATION values (898, '.', 73, 270846.07, 4169279.48, 632.68);
insert into STATION values (899, '.', 73, 270845.97, 4169279.75, 629.19);
insert into STATION values (900, '11', 73, 270862.52, 4169270.39, 630.42);
insert into STATION values (901, '.', 73, 270879.36, 4169267.00, 631.86);
insert into STATION values (902, '.', 73, 270868.65, 4169280.69, 633.47);
insert into STATION values (903, '.', 73, 270851.90, 4169260.51, 628.25);
insert into STATION values (904, '.', 73, 270827.17, 4169270.74, 628.94);
insert into STATION values (905, '.', 73, 270862.50, 4169269.76, 631.55);
insert into STATION values (906, '.', 73, 270862.68, 4169269.45, 629.21);
insert into STATION values (907, '12', 73, 270869.63, 4169259.53, 626.27);
insert into STATION values (908, '.', 73, 270879.68, 4169267.06, 628.90);
insert into STATION values (909, '.', 73, 270862.31, 4169253.71, 626.39);
insert into STATION values (910, '.', 73, 270851.54, 4169264.16, 628.43);
insert into STATION values (911, '.', 73, 270870.30, 4169268.52, 629.29);
insert into STATION values (912, '.', 73, 270887.07, 4169250.19, 622.43);
insert into STATION values (913, '.', 73, 270870.07, 4169259.95, 627.72);
insert into STATION values (914, '.', 73, 270869.81, 4169259.46, 625.06);
insert into STATION values (915, '13', 73, 270883.90, 4169244.56, 620.85);
insert into STATION values (916, '.', 73, 270877.41, 4169243.98, 620.97);
insert into STATION values (917, '.', 73, 270891.47, 4169243.15, 624.55);
insert into STATION values (918, '.', 73, 270891.10, 4169239.22, 624.52);
insert into STATION values (919, '.', 73, 270885.35, 4169238.08, 621.89);
insert into STATION values (920, '.', 73, 270890.44, 4169245.90, 623.29);
insert into STATION values (921, '.', 73, 270883.86, 4169244.32, 621.98);
insert into STATION values (922, '.', 73, 270883.69, 4169244.54, 620.32);
insert into STATION values (923, '14', 73, 270880.66, 4169240.99, 620.37);
insert into STATION values (924, '.', 73, 270874.63, 4169238.91, 620.12);
insert into STATION values (925, '.', 73, 270886.09, 4169237.32, 621.62);
insert into STATION values (926, '.', 73, 270880.36, 4169240.69, 621.85);
insert into STATION values (927, '.', 73, 270879.94, 4169240.86, 619.47);
insert into STATION values (928, '15', 73, 270883.98, 4169231.47, 620.49);
insert into STATION values (929, '.', 73, 270904.37, 4169227.82, 624.14);
insert into STATION values (930, '.', 73, 270874.97, 4169230.43, 619.16);
insert into STATION values (931, '.', 73, 270883.99, 4169231.41, 621.22);
insert into STATION values (932, '.', 73, 270883.87, 4169231.60, 619.96);
insert into STATION values (933, '16', 73, 270896.18, 4169219.81, 621.14);
insert into STATION values (934, '.', 73, 270903.65, 4169213.66, 623.41);
insert into STATION values (935, '.', 73, 270879.82, 4169224.18, 619.12);
insert into STATION values (936, '.', 73, 270886.19, 4169212.24, 619.36);
insert into STATION values (937, '.', 73, 270895.99, 4169219.77, 622.18);
insert into STATION values (938, '.', 73, 270896.06, 4169219.73, 620.48);
insert into STATION values (939, '17', 73, 270895.13, 4169210.28, 620.34);
insert into STATION values (940, '.', 73, 270891.99, 4169207.82, 620.20);
insert into STATION values (941, '.', 73, 270900.84, 4169211.65, 621.22);
insert into STATION values (942, '.', 73, 270898.57, 4169207.13, 620.54);
insert into STATION values (943, '.', 73, 270894.44, 4169206.07, 620.59);
insert into STATION values (944, '.', 73, 270895.11, 4169210.13, 621.19);
insert into STATION values (945, '.', 73, 270895.33, 4169210.28, 619.95);
insert into STATION values (946, '18', 73, 270897.09, 4169207.58, 620.56);
insert into STATION values (947, '.', 73, 270895.19, 4169206.91, 620.37);
insert into STATION values (948, '.', 73, 270899.90, 4169208.68, 620.86);
insert into STATION values (949, '.', 73, 270897.20, 4169207.54, 621.31);
insert into STATION values (950, '.', 73, 270897.06, 4169207.57, 620.19);
insert into STATION values (951, '19', 73, 270898.81, 4169204.33, 620.10);
insert into STATION values (952, '.', 73, 270903.27, 4169203.86, 621.15);
insert into STATION values (953, '.', 73, 270892.49, 4169205.04, 620.52);
insert into STATION values (954, '.', 73, 270900.93, 4169196.61, 620.73);
insert into STATION values (955, '.', 73, 270900.32, 4169205.89, 620.45);
insert into STATION values (956, '.', 73, 270898.82, 4169204.26, 621.20);
insert into STATION values (957, '.', 73, 270898.67, 4169204.29, 619.48);
insert into STATION values (958, '20', 73, 270895.71, 4169195.23, 619.97);
insert into STATION values (959, '.', 73, 270902.81, 4169198.39, 621.37);
insert into STATION values (960, '.', 73, 270892.52, 4169190.52, 620.39);
insert into STATION values (961, '.', 73, 270895.82, 4169195.20, 620.57);
insert into STATION values (962, '.', 73, 270895.67, 4169195.09, 619.50);
insert into STATION values (963, '21', 73, 270898.10, 4169184.05, 621.73);
insert into STATION values (964, '.', 73, 270894.77, 4169178.45, 621.77);
insert into STATION values (965, '.', 73, 270886.11, 4169184.44, 622.09);
insert into STATION values (966, '.', 73, 270889.94, 4169188.45, 621.44);
insert into STATION values (967, '.', 73, 270905.71, 4169185.04, 622.28);
insert into STATION values (968, '.', 73, 270897.94, 4169184.17, 622.81);
insert into STATION values (969, '.', 73, 270898.04, 4169183.92, 620.81);
insert into STATION values (970, '22', 73, 270898.36, 4169178.05, 621.12);
insert into STATION values (971, '.', 73, 270892.02, 4169179.60, 621.78);
insert into STATION values (972, '.', 73, 270898.04, 4169177.67, 621.35);
insert into STATION values (973, '.', 73, 270891.38, 4169181.98, 622.30);
insert into STATION values (974, '.', 73, 270897.07, 4169186.30, 621.96);
insert into STATION values (975, '.', 73, 270904.01, 4169185.81, 622.46);
insert into STATION values (976, '.', 73, 270898.10, 4169178.28, 621.86);
insert into STATION values (977, '.', 73, 270898.21, 4169178.11, 620.32);
insert into STATION values (978, '23', 73, 270892.05, 4169179.66, 621.73);
insert into STATION values (979, '.', 73, 270890.22, 4169181.74, 621.95);
insert into STATION values (980, '.', 73, 270891.57, 4169178.72, 621.85);
insert into STATION values (981, '.', 73, 270893.64, 4169180.63, 621.66);
insert into STATION values (982, '.', 73, 270892.59, 4169178.86, 621.82);
insert into STATION values (983, '.', 73, 270891.95, 4169179.74, 622.20);
insert into STATION values (984, '.', 73, 270892.14, 4169179.92, 620.68);
insert into STATION values (985, '24', 73, 270886.35, 4169180.30, 621.13);
insert into STATION values (986, '.', 73, 270886.38, 4169180.87, 621.23);
insert into STATION values (987, '.', 73, 270886.84, 4169179.04, 621.40);
insert into STATION values (988, '.', 73, 270886.20, 4169180.29, 621.69);
insert into STATION values (989, '.', 73, 270885.76, 4169181.22, 619.24);
insert into STATION values (990, '25', 73, 270881.54, 4169181.28, 617.88);
insert into STATION values (991, '.', 73, 270873.68, 4169183.09, 615.96);
insert into STATION values (992, '.', 73, 270883.87, 4169179.77, 618.27);
insert into STATION values (993, '.', 73, 270883.35, 4169184.60, 618.69);
insert into STATION values (994, '.', 73, 270883.78, 4169181.52, 618.40);
insert into STATION values (995, '.', 73, 270881.59, 4169181.43, 618.83);
insert into STATION values (996, '.', 73, 270881.32, 4169180.99, 616.79);
insert into STATION values (997, '26', 73, 270875.22, 4169171.72, 615.44);
insert into STATION values (998, '.', 73, 270865.82, 4169177.08, 613.20);
insert into STATION values (999, '.', 73, 270877.09, 4169170.09, 615.23);
insert into STATION values (1000, '.', 73, 270872.81, 4169165.84, 615.14);
insert into STATION values (1001, '.', 73, 270868.77, 4169170.84, 614.52);
insert into STATION values (1002, '.', 73, 270875.06, 4169171.77, 616.66);
insert into STATION values (1003, '.', 73, 270875.04, 4169171.90, 613.67);
insert into STATION values (1004, '27', 73, 270862.75, 4169164.95, 612.86);
insert into STATION values (1005, '.', 73, 270863.08, 4169169.48, 612.65);
insert into STATION values (1006, '.', 73, 270862.14, 4169159.88, 613.83);
insert into STATION values (1007, '.', 73, 270856.62, 4169162.67, 612.78);
insert into STATION values (1008, '.', 73, 270868.56, 4169168.06, 613.21);
insert into STATION values (1009, '.', 73, 270862.49, 4169164.82, 613.77);
insert into STATION values (1010, '.', 73, 270863.01, 4169165.30, 611.83);
insert into STATION values (1011, '28', 73, 270855.80, 4169164.81, 612.20);
insert into STATION values (1012, '.', 73, 270854.82, 4169169.16, 611.10);
insert into STATION values (1013, '.', 73, 270854.85, 4169153.42, 612.28);
insert into STATION values (1014, '.', 73, 270860.39, 4169172.45, 611.42);
insert into STATION values (1015, '.', 73, 270848.69, 4169163.02, 610.30);
insert into STATION values (1016, '.', 73, 270855.69, 4169164.91, 613.18);
insert into STATION values (1017, '.', 73, 270855.57, 4169165.39, 609.84);
insert into STATION values (1018, '.', 73, 270855.77, 4169164.63, 611.52);
insert into STATION values (1019, '.', 73, 270855.98, 4169165.43, 609.58);
insert into STATION values (1020, 'PTR_FR24_B35_29', 73, 270847.26, 4169161.22, 608.83);
insert into STATION values (1021, '.', 73, 270848.53, 4169159.05, 609.92);
insert into STATION values (1022, '.', 73, 270846.85, 4169161.86, 609.01);
insert into STATION values (1023, 'PTR_FR24_A98_0', 80, 270840.18, 4169281.23, 630.55);
insert into STATION values (1024, '.', 80, 270873.38, 4169280.21, 633.05);
insert into STATION values (1025, '.', 80, 270859.83, 4169288.59, 632.39);
insert into STATION values (1026, '.', 80, 270828.95, 4169272.29, 630.40);
insert into STATION values (1027, '.', 80, 270827.40, 4169276.11, 630.09);
insert into STATION values (1028, '.', 80, 270823.92, 4169288.53, 631.83);
insert into STATION values (1029, '.', 80, 270839.76, 4169280.54, 633.35);
insert into STATION values (1030, '.', 80, 270839.92, 4169281.21, 629.96);
insert into STATION values (1031, '1', 80, 270838.10, 4169271.12, 627.47);
insert into STATION values (1032, '.', 80, 270857.49, 4169253.25, 623.52);
insert into STATION values (1033, '.', 80, 270853.04, 4169258.59, 624.86);
insert into STATION values (1034, '.', 80, 270838.71, 4169269.45, 626.95);
insert into STATION values (1035, '.', 80, 270834.16, 4169264.37, 625.08);
insert into STATION values (1036, '.', 80, 270829.50, 4169266.38, 625.66);
insert into STATION values (1037, '.', 80, 270829.58, 4169272.92, 629.38);
insert into STATION values (1038, '.', 80, 270823.41, 4169281.35, 630.17);
insert into STATION values (1039, '.', 80, 270837.77, 4169270.91, 629.55);
insert into STATION values (1040, '.', 80, 270837.44, 4169270.51, 626.44);
insert into STATION values (1041, '2', 80, 270829.20, 4169268.99, 627.22);
insert into STATION values (1042, '.', 80, 270828.06, 4169266.67, 626.17);
insert into STATION values (1043, '.', 80, 270833.28, 4169264.43, 625.46);
insert into STATION values (1044, '.', 80, 270826.15, 4169271.53, 627.62);
insert into STATION values (1045, '.', 80, 270830.05, 4169272.60, 627.92);
insert into STATION values (1046, '.', 80, 270830.24, 4169270.22, 629.28);
insert into STATION values (1047, '.', 80, 270828.62, 4169268.52, 624.97);
insert into STATION values (1048, '3', 80, 270818.63, 4169268.77, 624.15);
insert into STATION values (1049, '.', 80, 270819.41, 4169266.05, 624.91);
insert into STATION values (1050, '.', 80, 270817.39, 4169273.14, 624.41);
insert into STATION values (1051, '.', 80, 270823.86, 4169266.54, 625.38);
insert into STATION values (1052, '.', 80, 270810.72, 4169270.91, 624.31);
insert into STATION values (1053, '.', 80, 270818.43, 4169268.29, 625.39);
insert into STATION values (1054, '.', 80, 270819.78, 4169267.67, 623.04);
insert into STATION values (1055, '4', 80, 270810.64, 4169269.18, 623.92);
insert into STATION values (1056, '.', 80, 270813.01, 4169276.65, 625.25);
insert into STATION values (1057, '.', 80, 270817.54, 4169274.93, 625.70);
insert into STATION values (1058, '.', 80, 270807.05, 4169277.64, 623.42);
insert into STATION values (1059, '.', 80, 270806.22, 4169245.23, 621.23);
insert into STATION values (1060, '.', 80, 270815.02, 4169251.40, 622.29);
insert into STATION values (1061, '.', 80, 270818.33, 4169264.32, 624.29);
insert into STATION values (1062, '.', 80, 270810.17, 4169268.64, 624.48);
insert into STATION values (1063, '.', 80, 270808.86, 4169269.76, 621.27);
insert into STATION values (1064, '5', 80, 270787.89, 4169254.32, 618.43);
insert into STATION values (1065, '.', 80, 270787.77, 4169235.69, 620.48);
insert into STATION values (1066, '.', 80, 270797.22, 4169239.58, 622.33);
insert into STATION values (1067, '.', 80, 270807.30, 4169245.57, 620.96);
insert into STATION values (1068, '.', 80, 270785.26, 4169255.45, 618.87);
insert into STATION values (1069, '.', 80, 270787.58, 4169261.03, 618.56);
insert into STATION values (1070, '.', 80, 270792.31, 4169261.51, 619.03);
insert into STATION values (1071, '.', 80, 270787.67, 4169254.20, 620.46);
insert into STATION values (1072, '.', 80, 270787.78, 4169252.20, 615.95);
insert into STATION values (1073, '.', 80, 270770.44, 4169234.01, 612.98);
insert into STATION values (1074, 'A99', 80, 270770.12, 4169234.21, 613.55);
insert into STATION values (1075, '.', 80, 270770.45, 4169234.02, 613.08);
insert into STATION values (1076, '.', 80, 270788.31, 4169221.81, 614.40);
insert into STATION values (1077, '.', 80, 270796.29, 4169230.59, 616.47);
insert into STATION values (1078, '.', 80, 270775.46, 4169250.29, 616.54);
insert into STATION values (1079, '.', 80, 270768.95, 4169242.11, 614.20);
insert into STATION values (1080, '.', 80, 270759.85, 4169241.23, 610.29);
insert into STATION values (1081, '.', 80, 270771.03, 4169232.72, 616.11);
insert into STATION values (1082, '.', 80, 270770.30, 4169233.00, 612.29);
insert into STATION values (1083, 'A97', 80, 270744.11, 4169222.82, 611.77);
insert into STATION values (1084, '.', 80, 270743.49, 4169223.49, 611.91);
insert into STATION values (1085, '.', 80, 270744.88, 4169221.94, 612.26);
insert into STATION values (1086, '.', 80, 270743.48, 4169222.66, 613.78);
insert into STATION values (1087, '.', 80, 270744.13, 4169222.77, 611.35);
insert into STATION values (1088, 'A98', 80, 270739.09, 4169220.82, 608.22);
insert into STATION values (1089, '.', 80, 270738.64, 4169222.27, 608.03);
insert into STATION values (1090, '.', 80, 270739.36, 4169220.50, 608.22);
insert into STATION values (1091, '.', 80, 270738.63, 4169221.09, 611.13);
insert into STATION values (1092, '.', 80, 270738.91, 4169221.71, 606.78);
insert into STATION values (1093, '8', 80, 270735.15, 4169222.37, 604.98);
insert into STATION values (1094, '.', 80, 270736.05, 4169218.28, 604.21);
insert into STATION values (1095, '.', 80, 270738.28, 4169214.36, 600.32);
insert into STATION values (1096, '.', 80, 270738.57, 4169216.98, 602.35);
insert into STATION values (1097, '.', 80, 270737.36, 4169220.14, 604.58);
insert into STATION values (1098, '.', 80, 270736.85, 4169222.38, 604.96);
insert into STATION values (1099, '.', 80, 270736.90, 4169222.37, 608.83);
insert into STATION values (1100, '.', 80, 270735.71, 4169222.82, 603.87);
insert into STATION values (1101, '9', 80, 270736.29, 4169226.39, 604.93);
insert into STATION values (1102, '.', 80, 270734.58, 4169225.92, 604.50);
insert into STATION values (1103, '.', 80, 270737.31, 4169226.59, 604.95);
insert into STATION values (1104, '.', 80, 270735.95, 4169226.36, 605.44);
insert into STATION values (1105, '.', 80, 270735.05, 4169226.47, 603.43);
insert into STATION values (1106, '10', 80, 270730.27, 4169229.22, 604.31);
insert into STATION values (1107, '.', 80, 270730.45, 4169228.02, 603.88);
insert into STATION values (1108, '.', 80, 270730.42, 4169229.80, 604.27);
insert into STATION values (1109, '.', 80, 270730.47, 4169229.06, 604.93);
insert into STATION values (1110, '.', 80, 270730.21, 4169228.93, 603.41);
insert into STATION values (1111, '.', 80, 270730.43, 4169229.01, 603.00);
insert into STATION values (1112, '11', 80, 270726.36, 4169227.15, 603.15);
insert into STATION values (1113, '.', 80, 270726.36, 4169227.14, 603.15);
insert into STATION values (1114, '.', 80, 270724.65, 4169230.09, 602.98);
insert into STATION values (1115, '.', 80, 270728.11, 4169228.52, 602.73);
insert into STATION values (1116, '.', 80, 270727.27, 4169226.44, 603.25);
insert into STATION values (1117, '.', 80, 270726.64, 4169228.32, 604.59);
insert into STATION values (1118, '.', 80, 270727.08, 4169227.55, 601.66);
insert into STATION values (1119, '.', 80, 270728.99, 4169232.98, 600.20);
insert into STATION values (1120, 'A91', 80, 270730.48, 4169235.75, 598.64);
insert into STATION values (1121, '.', 80, 270730.20, 4169238.31, 598.27);
insert into STATION values (1122, '.', 80, 270733.20, 4169232.88, 599.09);
insert into STATION values (1123, '.', 80, 270726.70, 4169236.65, 599.21);
insert into STATION values (1124, '.', 80, 270727.26, 4169232.91, 599.48);
insert into STATION values (1125, '.', 80, 270730.00, 4169236.15, 599.46);
insert into STATION values (1126, '.', 80, 270729.75, 4169236.51, 597.76);
insert into STATION values (1127, '12', 80, 270715.75, 4169234.40, 599.47);
insert into STATION values (1128, '.', 80, 270715.74, 4169229.67, 599.15);
insert into STATION values (1129, '.', 80, 270709.95, 4169235.90, 601.30);
insert into STATION values (1130, '.', 80, 270719.12, 4169236.62, 598.80);
insert into STATION values (1131, '.', 80, 270718.27, 4169233.25, 598.04);
insert into STATION values (1132, '.', 80, 270715.31, 4169233.70, 601.59);
insert into STATION values (1133, '13', 80, 270709.25, 4169233.09, 601.22);
insert into STATION values (1134, '.', 80, 270715.57, 4169235.15, 601.67);
insert into STATION values (1135, '.', 80, 270709.91, 4169237.46, 601.57);
insert into STATION values (1136, '.', 80, 270706.72, 4169237.99, 601.25);
insert into STATION values (1137, '.', 80, 270702.36, 4169233.65, 601.42);
insert into STATION values (1138, '.', 80, 270703.31, 4169230.81, 601.54);
insert into STATION values (1139, '.', 80, 270706.22, 4169227.92, 601.25);
insert into STATION values (1140, '.', 80, 270710.02, 4169227.51, 601.63);
insert into STATION values (1141, '.', 80, 270708.76, 4169234.48, 603.18);
insert into STATION values (1142, '.', 80, 270709.41, 4169233.53, 600.54);
insert into STATION values (1143, '14', 80, 270694.89, 4169234.91, 602.63);
insert into STATION values (1144, '.', 80, 270693.88, 4169239.94, 602.80);
insert into STATION values (1145, '.', 80, 270693.20, 4169230.97, 601.82);
insert into STATION values (1146, '.', 80, 270699.33, 4169233.67, 602.98);
insert into STATION values (1147, '.', 80, 270694.41, 4169237.71, 605.97);
insert into STATION values (1148, '.', 80, 270695.13, 4169235.24, 602.24);
insert into STATION values (1149, '15', 80, 270685.21, 4169240.44, 599.73);
insert into STATION values (1150, '.', 80, 270687.00, 4169244.61, 599.42);
insert into STATION values (1151, '.', 80, 270680.46, 4169232.68, 596.66);
insert into STATION values (1152, '.', 80, 270686.53, 4169230.18, 598.89);
insert into STATION values (1153, '.', 80, 270693.72, 4169244.94, 599.94);
insert into STATION values (1154, '.', 80, 270685.54, 4169241.03, 602.05);
insert into STATION values (1155, '.', 80, 270680.04, 4169241.55, 595.45);
insert into STATION values (1156, '16', 80, 270670.90, 4169251.74, 595.28);
insert into STATION values (1157, '.', 80, 270676.25, 4169255.09, 596.58);
insert into STATION values (1158, '.', 80, 270667.79, 4169250.17, 595.56);
insert into STATION values (1159, '.', 80, 270671.42, 4169252.16, 598.17);
insert into STATION values (1160, '.', 80, 270671.64, 4169253.44, 594.38);
insert into STATION values (1161, '.', 80, 270675.30, 4169251.58, 593.64);
insert into STATION values (1162, '.', 80, 270680.89, 4169251.56, 597.42);
insert into STATION values (1163, '.', 80, 270665.79, 4169253.43, 595.42);
insert into STATION values (1164, '17', 80, 270668.05, 4169267.70, 597.64);
insert into STATION values (1165, '.', 80, 270668.28, 4169267.75, 597.68);
insert into STATION values (1166, '.', 80, 270664.28, 4169266.30, 597.26);
insert into STATION values (1167, '.', 80, 270667.97, 4169267.71, 598.48);
insert into STATION values (1168, '.', 80, 270666.99, 4169267.63, 596.32);
insert into STATION values (1169, '18', 80, 270664.69, 4169271.34, 599.57);
insert into STATION values (1170, '.', 80, 270667.98, 4169272.49, 599.52);
insert into STATION values (1171, '.', 80, 270664.10, 4169271.54, 599.98);
insert into STATION values (1172, '.', 80, 270664.29, 4169272.42, 603.06);
insert into STATION values (1173, '.', 80, 270665.25, 4169272.88, 598.51);
insert into STATION values (1174, '19', 80, 270664.10, 4169282.52, 597.84);
insert into STATION values (1175, '.', 80, 270659.68, 4169281.21, 598.31);
insert into STATION values (1176, '.', 80, 270664.29, 4169282.63, 598.03);
insert into STATION values (1177, '.', 80, 270665.69, 4169283.28, 598.99);
insert into STATION values (1178, '.', 80, 270663.83, 4169282.68, 598.61);
insert into STATION values (1179, '.', 80, 270663.34, 4169282.31, 596.92);
insert into STATION values (1180, '20', 80, 270664.62, 4169290.36, 602.02);
insert into STATION values (1181, '.', 80, 270662.07, 4169291.68, 601.91);
insert into STATION values (1182, '.', 80, 270665.12, 4169290.02, 602.12);
insert into STATION values (1183, '.', 80, 270664.07, 4169291.05, 600.73);
insert into STATION values (1184, '.', 80, 270663.95, 4169291.40, 603.18);
insert into STATION values (1185, '21', 80, 270667.90, 4169296.01, 601.91);
insert into STATION values (1186, '.', 80, 270669.02, 4169295.46, 601.82);
insert into STATION values (1187, '.', 80, 270666.64, 4169296.51, 602.05);
insert into STATION values (1188, '.', 80, 270667.51, 4169295.93, 603.45);
insert into STATION values (1189, '.', 80, 270667.74, 4169295.97, 600.22);
insert into STATION values (1190, '22', 80, 270671.07, 4169299.59, 597.93);
insert into STATION values (1191, '.', 80, 270670.15, 4169300.44, 599.12);
insert into STATION values (1192, '.', 80, 270672.52, 4169298.90, 597.61);
insert into STATION values (1193, '.', 80, 270671.20, 4169299.74, 598.77);
insert into STATION values (1194, '.', 80, 270671.41, 4169299.47, 597.48);
insert into STATION values (1195, '23', 80, 270673.36, 4169302.18, 597.18);
insert into STATION values (1196, '.', 80, 270671.80, 4169301.39, 598.08);
insert into STATION values (1197, '.', 80, 270674.22, 4169302.70, 597.58);
insert into STATION values (1198, '.', 80, 270673.64, 4169302.96, 598.91);
insert into STATION values (1199, '.', 80, 270673.43, 4169300.43, 595.08);
insert into STATION values (1200, '24', 80, 270671.11, 4169301.89, 600.83);
insert into STATION values (1201, '.', 80, 270669.88, 4169302.02, 600.99);
insert into STATION values (1202, '.', 80, 270671.78, 4169301.65, 600.89);
insert into STATION values (1203, '.', 80, 270670.79, 4169301.79, 601.31);
insert into STATION values (1204, '.', 80, 270671.12, 4169302.11, 599.70);
insert into STATION values (1205, '25', 80, 270672.55, 4169303.35, 600.41);
insert into STATION values (1206, '.', 80, 270671.34, 4169305.05, 602.57);
insert into STATION values (1207, '.', 80, 270674.22, 4169303.50, 600.96);
insert into STATION values (1208, '.', 80, 270672.54, 4169304.31, 602.64);
insert into STATION values (1209, '.', 80, 270672.89, 4169303.59, 599.98);
insert into STATION values (1210, '26', 80, 270673.78, 4169309.64, 601.94);
insert into STATION values (1211, '.', 80, 270672.88, 4169307.93, 602.31);
insert into STATION values (1212, '.', 80, 270675.69, 4169312.88, 602.31);
insert into STATION values (1213, '.', 80, 270673.75, 4169309.52, 602.83);
insert into STATION values (1214, '.', 80, 270675.81, 4169306.45, 599.57);
insert into STATION values (1215, '27', 80, 270671.62, 4169309.82, 604.41);
insert into STATION values (1216, '.', 80, 270670.68, 4169306.69, 606.29);
insert into STATION values (1217, '.', 80, 270672.19, 4169311.35, 605.90);
insert into STATION values (1218, '.', 80, 270673.51, 4169309.80, 605.05);
insert into STATION values (1219, '.', 80, 270672.12, 4169309.62, 606.42);
insert into STATION values (1220, '.', 80, 270674.71, 4169310.72, 601.41);
insert into STATION values (1221, '28', 80, 270675.66, 4169312.99, 604.89);
insert into STATION values (1222, '.', 80, 270674.86, 4169313.39, 605.04);
insert into STATION values (1223, '.', 80, 270675.57, 4169313.19, 605.53);
insert into STATION values (1224, '.', 80, 270676.00, 4169312.78, 605.04);
insert into STATION values (1225, '.', 80, 270674.85, 4169313.07, 604.39);
insert into STATION values (1226, '29', 80, 270677.46, 4169319.40, 604.90);
insert into STATION values (1227, 'A92', 80, 270679.57, 4169324.23, 603.73);
insert into STATION values (1228, '30', 80, 270685.57, 4169318.24, 603.86);
insert into STATION values (1229, 'A93', 80, 270690.59, 4169316.79, 604.56);
insert into STATION values (1230, '.', 80, 270687.66, 4169322.67, 603.66);
insert into STATION values (1231, '.', 80, 270690.30, 4169323.28, 604.22);
insert into STATION values (1232, '.', 80, 270693.46, 4169321.56, 604.78);
insert into STATION values (1233, '.', 80, 270696.15, 4169318.63, 604.27);
insert into STATION values (1234, '.', 80, 270698.89, 4169313.44, 604.23);
insert into STATION values (1235, '.', 80, 270684.67, 4169317.60, 606.34);
insert into STATION values (1236, '.', 80, 270689.37, 4169310.43, 604.89);
insert into STATION values (1237, '.', 80, 270691.19, 4169305.11, 604.37);
insert into STATION values (1238, '.', 80, 270687.33, 4169313.90, 605.33);
insert into STATION values (1239, '.', 80, 270690.75, 4169315.46, 608.30);
insert into STATION values (1240, '.', 80, 270690.39, 4169315.88, 603.46);
insert into STATION values (1241, '32', 80, 270694.76, 4169299.46, 605.69);
insert into STATION values (1242, '.', 80, 270696.32, 4169299.82, 605.35);
insert into STATION values (1243, '.', 80, 270695.53, 4169299.62, 606.21);
insert into STATION values (1244, '.', 80, 270696.14, 4169299.50, 604.45);
insert into STATION values (1245, '.', 80, 270694.56, 4169299.32, 605.76);
insert into STATION values (1246, '.', 80, 270697.32, 4169295.06, 604.60);
insert into STATION values (1247, '33', 80, 270701.43, 4169288.89, 603.35);
insert into STATION values (1248, '.', 80, 270703.52, 4169289.60, 603.54);
insert into STATION values (1249, '.', 80, 270696.58, 4169287.16, 603.67);
insert into STATION values (1250, '.', 80, 270701.64, 4169288.77, 603.97);
insert into STATION values (1251, '.', 80, 270704.39, 4169288.37, 601.19);
insert into STATION values (1252, '34', 80, 270702.44, 4169268.61, 602.85);
insert into STATION values (1253, '.', 80, 270703.78, 4169268.61, 603.28);
insert into STATION values (1254, '.', 80, 270704.88, 4169265.42, 603.19);
insert into STATION values (1255, '.', 80, 270700.16, 4169269.04, 602.67);
insert into STATION values (1256, '.', 80, 270702.13, 4169268.63, 602.02);
insert into STATION values (1257, '.', 80, 270702.99, 4169268.45, 603.46);
insert into STATION values (1258, '35', 80, 270704.48, 4169266.07, 603.20);
insert into STATION values (1259, '.', 80, 270705.50, 4169266.39, 603.42);
insert into STATION values (1260, '.', 80, 270703.89, 4169265.62, 603.57);
insert into STATION values (1261, '.', 80, 270704.47, 4169266.03, 604.19);
insert into STATION values (1262, '.', 80, 270704.50, 4169266.54, 602.52);
insert into STATION values (1263, '36', 80, 270704.92, 4169263.55, 605.30);
insert into STATION values (1264, '.', 80, 270706.96, 4169263.36, 605.47);
insert into STATION values (1265, '.', 80, 270703.75, 4169262.92, 605.71);
insert into STATION values (1266, '.', 80, 270704.87, 4169263.08, 606.70);
insert into STATION values (1267, '.', 80, 270706.96, 4169263.53, 603.44);
insert into STATION values (1268, '37', 80, 270705.15, 4169260.13, 605.50);
insert into STATION values (1269, '.', 80, 270706.52, 4169259.80, 605.53);
insert into STATION values (1270, '.', 80, 270702.31, 4169259.08, 606.18);
insert into STATION values (1271, '.', 80, 270706.24, 4169257.73, 609.23);
insert into STATION values (1272, '.', 80, 270705.68, 4169259.48, 603.64);
insert into STATION values (1273, '38', 80, 270706.01, 4169252.70, 602.07);
insert into STATION values (1274, '.', 80, 270701.94, 4169251.98, 601.78);
insert into STATION values (1275, '.', 80, 270704.82, 4169251.50, 605.88);
insert into STATION values (1276, '.', 80, 270705.53, 4169251.88, 600.53);
insert into STATION values (1277, '.', 80, 270706.60, 4169252.24, 602.09);
insert into STATION values (1278, '39', 80, 270701.55, 4169238.35, 600.47);
insert into STATION values (1279, '.', 80, 270706.91, 4169238.53, 600.34);
insert into STATION values (1280, '.', 80, 270706.75, 4169243.46, 600.05);
insert into STATION values (1281, '.', 80, 270702.29, 4169248.76, 600.57);
insert into STATION values (1282, '.', 80, 270700.91, 4169233.15, 601.21);
insert into STATION values (1283, '.', 80, 270694.16, 4169232.15, 603.42);
insert into STATION values (1284, '.', 80, 270692.07, 4169235.32, 603.41);
insert into STATION values (1285, '.', 80, 270701.72, 4169237.48, 604.38);
insert into STATION values (1286, '.', 80, 270704.81, 4169236.70, 598.68);
insert into STATION values (1287, '40', 80, 270708.74, 4169233.23, 601.38);
insert into STATION values (1288, '.', 80, 270707.29, 4169227.52, 602.08);
insert into STATION values (1289, '.', 80, 270703.09, 4169230.64, 601.79);
insert into STATION values (1290, '.', 80, 270712.90, 4169230.72, 600.84);
insert into STATION values (1291, '.', 80, 270714.99, 4169236.24, 600.33);
insert into STATION values (1292, '.', 80, 270710.37, 4169238.03, 600.81);
insert into STATION values (1293, '.', 80, 270708.23, 4169237.29, 601.47);
insert into STATION values (1294, '.', 80, 270707.01, 4169238.01, 601.34);
insert into STATION values (1295, '.', 80, 270709.13, 4169233.18, 603.94);
insert into STATION values (1296, '.', 80, 270715.49, 4169228.97, 596.92);
insert into STATION values (1297, '.', 80, 270711.12, 4169234.32, 599.39);
insert into STATION values (1298, '41', 80, 270718.41, 4169234.39, 598.19);
insert into STATION values (1299, '0', 87, 270770.12, 4169234.21, 613.55);
insert into STATION values (1300, '1', 87, 270773.54, 4169220.14, 613.27);
insert into STATION values (1301, '2', 87, 270777.76, 4169213.92, 612.17);
insert into STATION values (1302, '3', 87, 270786.04, 4169184.94, 605.07);
insert into STATION values (1303, '4', 87, 270783.54, 4169174.84, 605.76);
insert into STATION values (1304, '5', 87, 270791.70, 4169164.83, 602.38);
insert into STATION values (1305, '6', 87, 270806.99, 4169150.18, 602.36);
insert into STATION values (1306, '7', 87, 270831.71, 4169151.86, 604.21);
insert into STATION values (1307, '8', 87, 270846.09, 4169159.69, 608.57);
insert into STATION values (1308, 'PTR_FR24_B35_9', 87, 270847.26, 4169161.22, 608.83);
insert into STATION values (1309, '-', 87, 270763.25, 4169222.95, 613.47);
insert into STATION values (1310, '-', 87, 270786.44, 4169224.10, 615.75);
insert into STATION values (1311, '-', 87, 270778.20, 4169251.11, 616.54);
insert into STATION values (1312, '-', 87, 270767.61, 4169243.81, 612.21);
insert into STATION values (1313, '-', 87, 270770.89, 4169233.63, 616.22);
insert into STATION values (1314, '-', 87, 270770.68, 4169234.01, 612.54);
insert into STATION values (1315, '-', 87, 270777.01, 4169206.06, 612.85);
insert into STATION values (1316, '-', 87, 270753.63, 4169205.99, 612.86);
insert into STATION values (1317, '-', 87, 270797.28, 4169233.33, 614.96);
insert into STATION values (1318, '-', 87, 270781.91, 4169198.66, 608.01);
insert into STATION values (1319, '-', 87, 270766.23, 4169242.52, 611.48);
insert into STATION values (1320, '-', 87, 270771.37, 4169220.59, 616.44);
insert into STATION values (1321, '-', 87, 270782.93, 4169208.34, 611.69);
insert into STATION values (1322, '-', 87, 270792.49, 4169217.27, 609.69);
insert into STATION values (1323, '-', 87, 270770.68, 4169211.29, 612.52);
insert into STATION values (1324, '-', 87, 270758.94, 4169180.54, 610.00);
insert into STATION values (1325, '-', 87, 270785.09, 4169195.89, 606.98);
insert into STATION values (1326, '-', 87, 270795.81, 4169228.38, 613.00);
insert into STATION values (1327, '-', 87, 270778.48, 4169214.00, 613.92);
insert into STATION values (1328, '-', 87, 270777.60, 4169213.57, 611.05);
insert into STATION values (1329, '-', 87, 270786.20, 4169185.09, 604.60);
insert into STATION values (1330, '-', 87, 270786.20, 4169185.09, 604.57);
insert into STATION values (1331, '-', 87, 270760.16, 4169179.39, 609.36);
insert into STATION values (1332, '-', 87, 270772.68, 4169165.58, 604.45);
insert into STATION values (1333, '-', 87, 270789.62, 4169185.46, 604.26);
insert into STATION values (1334, '-', 87, 270789.00, 4169192.88, 605.72);
insert into STATION values (1335, '-', 87, 270785.60, 4169184.22, 606.14);
insert into STATION values (1336, '-', 87, 270786.01, 4169184.92, 604.13);
insert into STATION values (1337, '-', 87, 270781.21, 4169164.70, 606.38);
insert into STATION values (1338, '-', 87, 270769.22, 4169158.69, 601.42);
insert into STATION values (1339, '-', 87, 270749.21, 4169183.00, 613.05);
insert into STATION values (1340, '-', 87, 270789.34, 4169186.33, 605.30);
insert into STATION values (1341, '-', 87, 270794.55, 4169172.41, 603.30);
insert into STATION values (1342, '-', 87, 270783.26, 4169174.73, 607.43);
insert into STATION values (1343, '-', 87, 270783.77, 4169174.72, 604.15);
insert into STATION values (1344, '-', 87, 270797.77, 4169167.68, 602.89);
insert into STATION values (1345, '-', 87, 270801.81, 4169158.63, 602.28);
insert into STATION values (1346, '-', 87, 270785.92, 4169159.30, 601.86);
insert into STATION values (1347, '-', 87, 270777.67, 4169161.14, 601.75);
insert into STATION values (1348, '-', 87, 270790.41, 4169163.71, 604.32);
insert into STATION values (1349, '-', 87, 270791.24, 4169164.64, 601.27);
insert into STATION values (1350, '-', 87, 270821.79, 4169135.03, 602.21);
insert into STATION values (1351, '-', 87, 270804.84, 4169146.60, 602.41);
insert into STATION values (1352, '-', 87, 270810.86, 4169153.98, 602.67);
insert into STATION values (1353, '-', 87, 270818.73, 4169152.02, 602.78);
insert into STATION values (1354, '-', 87, 270822.98, 4169132.82, 604.82);
insert into STATION values (1355, '-', 87, 270807.34, 4169148.87, 605.59);
insert into STATION values (1356, '-', 87, 270808.11, 4169150.64, 600.76);
insert into STATION values (1357, '-', 87, 270831.23, 4169149.38, 604.47);
insert into STATION values (1358, '-', 87, 270832.36, 4169153.56, 604.27);
insert into STATION values (1359, '-', 87, 270836.65, 4169151.59, 605.81);
insert into STATION values (1360, '-', 87, 270825.50, 4169146.91, 606.36);
insert into STATION values (1361, '-', 87, 270825.83, 4169151.12, 604.09);
insert into STATION values (1362, '-', 87, 270832.24, 4169151.23, 605.86);
insert into STATION values (1363, '-', 87, 270831.72, 4169151.99, 603.20);
insert into STATION values (1364, '-', 87, 270850.11, 4169151.39, 609.97);
insert into STATION values (1365, '-', 87, 270845.99, 4169160.56, 609.15);
insert into STATION values (1366, '-', 87, 270846.89, 4169158.70, 608.66);
insert into STATION values (1367, '-', 87, 270847.68, 4169160.46, 606.82);
insert into STATION values (1368, 'Promeszutochnaya_Tunnel_01', 94, 270586.61, 4168955.97, 640.00);
insert into STATION_FLAG values(1368, 'ent');
insert into STATION_FLAG values(1368, 'fix');
insert into STATION_FLAG values(1368, 'air');
insert into STATION values (1369, '1', 94, 270592.30, 4168954.62, 640.04);
insert into STATION values (1370, '2', 94, 270598.07, 4168956.52, 641.53);
insert into STATION values (1371, '3', 94, 270615.38, 4168958.56, 640.41);
insert into STATION values (1372, '4', 94, 270634.61, 4168962.08, 640.74);
insert into STATION values (1373, '5', 94, 270654.94, 4168965.96, 641.39);
insert into STATION values (1374, '6', 94, 270672.01, 4168968.69, 643.06);
insert into STATION values (1375, '7', 94, 270686.73, 4168971.05, 645.31);
insert into STATION values (1376, '8', 94, 270698.47, 4168973.36, 647.11);
insert into STATION values (1377, '9', 94, 270697.78, 4168975.31, 647.94);
insert into STATION values (1378, '-', 94, 270592.47, 4168954.21, 642.86);
insert into STATION values (1379, '-', 94, 270592.65, 4168953.79, 640.05);
insert into STATION values (1380, '-', 94, 270592.33, 4168956.55, 640.26);
insert into STATION values (1381, '-', 94, 270592.34, 4168956.74, 642.13);
insert into STATION values (1382, '-', 94, 270598.02, 4168956.97, 641.65);
insert into STATION values (1383, '-', 94, 270598.03, 4168956.93, 642.05);
insert into STATION values (1384, '-', 94, 270598.32, 4168956.95, 640.32);
insert into STATION values (1385, '-', 94, 270598.07, 4168955.06, 641.63);
insert into STATION values (1386, '-', 94, 270615.06, 4168960.05, 640.97);
insert into STATION values (1387, '-', 94, 270615.12, 4168959.56, 642.22);
insert into STATION values (1388, '-', 94, 270615.28, 4168958.10, 642.21);
insert into STATION values (1389, '-', 94, 270615.62, 4168957.87, 640.57);
insert into STATION values (1390, '-', 94, 270634.80, 4168961.12, 640.86);
insert into STATION values (1391, '-', 94, 270634.47, 4168961.31, 642.63);
insert into STATION values (1392, '-', 94, 270633.92, 4168962.74, 642.70);
insert into STATION values (1393, '-', 94, 270634.43, 4168963.26, 640.98);
insert into STATION values (1394, '-', 94, 270655.10, 4168965.01, 641.50);
insert into STATION values (1395, '-', 94, 270654.83, 4168965.13, 642.93);
insert into STATION values (1396, '-', 94, 270654.12, 4168966.84, 642.95);
insert into STATION values (1397, '-', 94, 270654.54, 4168966.99, 641.63);
insert into STATION values (1398, '-', 94, 270671.84, 4168969.59, 643.39);
insert into STATION values (1399, '-', 94, 270671.60, 4168969.15, 644.94);
insert into STATION values (1400, '-', 94, 270671.58, 4168968.72, 644.85);
insert into STATION values (1401, '-', 94, 270671.92, 4168967.48, 643.28);
insert into STATION values (1402, '-', 94, 270671.86, 4168967.57, 644.71);
insert into STATION values (1403, '-', 94, 270686.40, 4168972.14, 645.27);
insert into STATION values (1404, '-', 94, 270686.37, 4168971.65, 647.10);
insert into STATION values (1405, '-', 94, 270686.91, 4168970.01, 646.74);
insert into STATION values (1406, '-', 94, 270686.87, 4168970.23, 645.55);
insert into STATION values (1407, '-', 94, 270697.27, 4168975.25, 646.83);
insert into STATION values (1408, '-', 94, 270697.12, 4168974.75, 649.21);
insert into STATION values (1409, '-', 94, 270698.05, 4168973.07, 649.14);
insert into STATION values (1410, '-', 94, 270700.02, 4168976.78, 647.73);
insert into STATION values (1411, '-', 94, 270701.56, 4168977.28, 639.61);
insert into STATION values (1412, '-', 94, 270698.31, 4168975.83, 645.93);
insert into STATION values (1413, '-', 94, 270700.47, 4168977.23, 648.92);
insert into STATION values (1414, '-', 94, 270700.13, 4168976.42, 651.04);
insert into STATION values (1415, '-', 94, 270697.84, 4168976.38, 647.43);
insert into STATION values (1416, '-', 94, 270704.32, 4168971.84, 644.45);
insert into STATION values (1417, '1', 101, 270584.80, 4169064.89, 605.30);
insert into STATION values (1418, 'Promeszutochnaya_Entree_Nat', 101, 270578.60, 4169063.90, 605.00);
insert into STATION_FLAG values(1418, 'ent');
insert into STATION_FLAG values(1418, 'fix');
insert into STATION_FLAG values(1418, 'air');
insert into STATION values (1419, '2', 101, 270594.24, 4169059.33, 606.97);
insert into STATION values (1420, '3', 101, 270606.54, 4169056.84, 607.73);
insert into STATION values (1421, '4', 101, 270612.23, 4169052.29, 607.30);
insert into STATION values (1422, '5', 101, 270625.16, 4169046.71, 608.01);
insert into STATION values (1423, '6', 101, 270634.12, 4169049.49, 611.12);
insert into STATION values (1424, '7', 101, 270642.12, 4169038.94, 612.64);
insert into STATION values (1425, '8', 101, 270650.37, 4169029.98, 613.40);
insert into STATION values (1426, '9', 101, 270656.87, 4169025.83, 613.31);
insert into STATION values (1427, '10', 101, 270665.15, 4169021.03, 614.18);
insert into STATION values (1428, '11', 101, 270673.91, 4169015.98, 615.64);
insert into STATION values (1429, '12', 101, 270678.03, 4169016.92, 617.97);
insert into STATION values (1430, '13', 101, 270681.39, 4169012.82, 619.08);
insert into STATION values (1431, '-', 101, 270585.49, 4169067.28, 605.74);
insert into STATION values (1432, '-', 101, 270586.13, 4169066.41, 609.11);
insert into STATION values (1433, '-', 101, 270583.50, 4169060.75, 609.44);
insert into STATION values (1434, '-', 101, 270582.72, 4169058.85, 607.12);
insert into STATION values (1435, '-', 101, 270583.13, 4169058.80, 604.44);
insert into STATION values (1436, '-', 101, 270587.84, 4169058.26, 606.33);
insert into STATION values (1437, '-', 101, 270591.54, 4169062.27, 606.42);
insert into STATION values (1438, '-', 101, 270593.65, 4169057.79, 607.11);
insert into STATION values (1439, '-', 101, 270593.69, 4169059.03, 608.32);
insert into STATION values (1440, '-', 101, 270594.27, 4169060.67, 608.11);
insert into STATION values (1441, '-', 101, 270595.43, 4169061.36, 607.23);
insert into STATION values (1442, '-', 101, 270600.09, 4169059.52, 607.76);
insert into STATION values (1443, '-', 101, 270605.27, 4169056.63, 608.07);
insert into STATION values (1444, '-', 101, 270602.95, 4169054.50, 607.99);
insert into STATION values (1445, '-', 101, 270604.70, 4169054.02, 607.57);
insert into STATION values (1446, '-', 101, 270604.33, 4169054.75, 609.04);
insert into STATION values (1447, '-', 101, 270605.76, 4169056.89, 609.05);
insert into STATION values (1448, '-', 101, 270606.19, 4169056.58, 607.03);
insert into STATION values (1449, '-', 101, 270609.76, 4169054.26, 608.36);
insert into STATION values (1450, '-', 101, 270608.46, 4169052.45, 608.33);
insert into STATION values (1451, '-', 101, 270612.51, 4169052.61, 607.36);
insert into STATION values (1452, '-', 101, 270612.66, 4169052.86, 609.09);
insert into STATION values (1453, '-', 101, 270611.28, 4169051.86, 609.33);
insert into STATION values (1454, '-', 101, 270611.29, 4169051.52, 609.29);
insert into STATION values (1455, '-', 101, 270610.94, 4169050.73, 608.26);
insert into STATION values (1456, '-', 101, 270611.07, 4169050.78, 607.39);
insert into STATION values (1457, '-', 101, 270625.31, 4169048.99, 608.39);
insert into STATION values (1458, '-', 101, 270624.85, 4169048.47, 610.52);
insert into STATION values (1459, '-', 101, 270624.52, 4169046.34, 610.63);
insert into STATION values (1460, '-', 101, 270624.37, 4169044.88, 609.82);
insert into STATION values (1461, '-', 101, 270624.88, 4169045.21, 608.40);
insert into STATION values (1462, '-', 101, 270633.71, 4169050.33, 611.20);
insert into STATION values (1463, '-', 101, 270633.90, 4169048.66, 612.80);
insert into STATION values (1464, '-', 101, 270634.51, 4169045.82, 612.09);
insert into STATION values (1465, '-', 101, 270633.54, 4169045.49, 610.23);
insert into STATION values (1466, '-', 101, 270631.57, 4169044.74, 610.06);
insert into STATION values (1467, '-', 101, 270634.97, 4169045.42, 610.98);
insert into STATION values (1468, '-', 101, 270637.02, 4169044.38, 611.62);
insert into STATION values (1469, '-', 101, 270636.48, 4169050.19, 611.36);
insert into STATION values (1470, '-', 101, 270638.02, 4169049.45, 610.88);
insert into STATION values (1471, '-', 101, 270638.69, 4169047.31, 610.56);
insert into STATION values (1472, '-', 101, 270637.97, 4169044.88, 611.57);
insert into STATION values (1473, '-', 101, 270638.27, 4169046.91, 610.91);
insert into STATION values (1474, '-', 101, 270630.01, 4169055.40, 610.34);
insert into STATION values (1475, '-', 101, 270643.33, 4169040.13, 612.63);
insert into STATION values (1476, '-', 101, 270642.27, 4169040.22, 614.34);
insert into STATION values (1477, '-', 101, 270641.46, 4169038.44, 613.64);
insert into STATION values (1478, '-', 101, 270641.50, 4169038.19, 613.18);
insert into STATION values (1479, '-', 101, 270641.80, 4169038.62, 612.70);
insert into STATION values (1480, '-', 101, 270651.42, 4169031.11, 613.36);
insert into STATION values (1481, '-', 101, 270651.51, 4169031.58, 614.57);
insert into STATION values (1482, '-', 101, 270650.35, 4169030.81, 615.78);
insert into STATION values (1483, '-', 101, 270650.05, 4169030.19, 614.90);
insert into STATION values (1484, '-', 101, 270649.33, 4169029.23, 614.33);
insert into STATION values (1485, '-', 101, 270648.87, 4169029.13, 613.84);
insert into STATION values (1486, '-', 101, 270657.48, 4169027.00, 613.69);
insert into STATION values (1487, '-', 101, 270657.40, 4169027.55, 615.86);
insert into STATION values (1488, '-', 101, 270657.10, 4169026.73, 615.49);
insert into STATION values (1489, '-', 101, 270656.34, 4169025.32, 615.10);
insert into STATION values (1490, '-', 101, 270656.41, 4169025.01, 614.51);
insert into STATION values (1491, '-', 101, 270656.63, 4169025.23, 613.42);
insert into STATION values (1492, '-', 101, 270665.52, 4169021.54, 614.25);
insert into STATION values (1493, '-', 101, 270665.01, 4169021.53, 616.00);
insert into STATION values (1494, '-', 101, 270664.13, 4169020.39, 615.28);
insert into STATION values (1495, '-', 101, 270662.94, 4169019.03, 615.05);
insert into STATION values (1496, '-', 101, 270662.84, 4169018.85, 614.13);
insert into STATION values (1497, '-', 101, 270674.40, 4169017.74, 615.90);
insert into STATION values (1498, '-', 101, 270674.94, 4169019.58, 618.97);
insert into STATION values (1499, '-', 101, 270675.07, 4169016.57, 618.70);
insert into STATION values (1500, '-', 101, 270674.27, 4169015.03, 617.03);
insert into STATION values (1501, '-', 101, 270673.77, 4169015.52, 615.71);
insert into STATION values (1502, '-', 101, 270677.81, 4169015.25, 618.10);
insert into STATION values (1503, '-', 101, 270677.89, 4169016.66, 619.56);
insert into STATION values (1504, '-', 101, 270678.08, 4169016.51, 623.37);
insert into STATION values (1505, '-', 101, 270678.47, 4169017.84, 618.77);
insert into STATION values (1506, '-', 101, 270678.80, 4169017.38, 618.24);
insert into STATION values (1507, '-', 101, 270681.66, 4169012.97, 619.16);
insert into STATION values (1508, '-', 101, 270680.73, 4169012.26, 619.29);
insert into STATION values (1509, '-', 101, 270676.98, 4169007.65, 635.38);
insert into STATION values (1510, '-', 101, 270680.59, 4169012.55, 620.29);
insert into STATION values (1511, '-', 101, 270681.17, 4169007.71, 610.42);
insert into STATION values (1512, '-', 101, 270667.41, 4169025.88, 631.10);
insert into STATION values (1513, '00', 108, 270697.78, 4168975.31, 647.94);
insert into STATION values (1514, '.', 108, 270699.75, 4168977.66, 647.76);
insert into STATION values (1515, '.', 108, 270701.70, 4168975.06, 648.01);
insert into STATION values (1516, '.', 108, 270704.86, 4168971.12, 647.81);
insert into STATION values (1517, '.', 108, 270697.89, 4168979.66, 648.00);
insert into STATION values (1518, '.', 108, 270699.15, 4168973.46, 647.89);
insert into STATION values (1519, '.', 108, 270697.10, 4168972.23, 647.97);
insert into STATION values (1520, '.', 108, 270695.55, 4168972.38, 647.88);
insert into STATION values (1521, '.', 108, 270694.54, 4168974.04, 647.77);
insert into STATION values (1522, '.', 108, 270697.94, 4168975.49, 649.71);
insert into STATION values (1523, '.', 108, 270697.34, 4168975.52, 646.53);
insert into STATION values (1524, '.', 108, 270699.78, 4168977.77, 637.76);
insert into STATION values (1525, '1', 108, 270705.60, 4168970.18, 647.31);
insert into STATION values (1526, '.', 108, 270703.04, 4168969.68, 647.14);
insert into STATION values (1527, '.', 108, 270697.87, 4168975.35, 646.56);
insert into STATION values (1528, '.', 108, 270693.67, 4168983.69, 646.68);
insert into STATION values (1529, '.', 108, 270700.50, 4168976.83, 647.06);
insert into STATION values (1530, '.', 108, 270706.97, 4168967.49, 648.77);
insert into STATION values (1531, '.', 108, 270705.37, 4168966.13, 649.07);
insert into STATION values (1532, '.', 108, 270704.65, 4168970.38, 650.66);
insert into STATION values (1533, '.', 108, 270705.56, 4168970.17, 645.66);
insert into STATION values (1534, '2', 108, 270700.97, 4168974.94, 641.33);
insert into STATION values (1535, '.', 108, 270702.14, 4168976.11, 641.15);
insert into STATION values (1536, '.', 108, 270700.60, 4168976.65, 649.31);
insert into STATION values (1537, '.', 108, 270701.16, 4168975.10, 639.93);
insert into STATION values (1538, '3', 108, 270695.14, 4168985.33, 630.67);
insert into STATION values (1539, '.', 108, 270696.52, 4168986.17, 630.60);
insert into STATION values (1540, '.', 108, 270692.57, 4168984.28, 630.68);
insert into STATION values (1541, '.', 108, 270694.31, 4168985.32, 641.71);
insert into STATION values (1542, '.', 108, 270695.52, 4168985.73, 629.96);
insert into STATION values (1543, '4', 108, 270686.06, 4169001.40, 622.43);
insert into STATION values (1544, '.', 108, 270688.28, 4169002.45, 622.21);
insert into STATION values (1545, '.', 108, 270686.76, 4169001.85, 624.59);
insert into STATION values (1546, '.', 108, 270686.73, 4169001.57, 621.46);
insert into STATION values (1547, '5', 108, 270687.03, 4169003.39, 621.72);
insert into STATION values (1548, '.', 108, 270685.76, 4169002.85, 622.16);
insert into STATION values (1549, '.', 108, 270687.40, 4169003.57, 621.88);
insert into STATION values (1550, '.', 108, 270685.75, 4169003.36, 625.82);
insert into STATION values (1551, '.', 108, 270686.58, 4169003.58, 620.67);
insert into STATION values (1552, '6', 108, 270681.39, 4169012.82, 619.08);
insert into STATION values (1553, '7', 108, 270686.26, 4169005.20, 621.56);
insert into STATION values (1554, '.', 108, 270685.23, 4169004.85, 621.35);
insert into STATION values (1555, '.', 108, 270684.59, 4169005.07, 626.34);
insert into STATION values (1556, '.', 108, 270686.48, 4169005.33, 621.56);
insert into STATION values (1557, '.', 108, 270686.15, 4169004.85, 620.14);
insert into STATION values (1558, '.', 108, 270686.06, 4169005.31, 619.18);
insert into STATION values (1559, '8', 108, 270680.09, 4169009.14, 612.35);
insert into STATION values (1560, '.', 108, 270681.90, 4169010.46, 612.33);
insert into STATION values (1561, '.', 108, 270679.92, 4169008.88, 612.39);
insert into STATION values (1562, '.', 108, 270680.98, 4169009.01, 610.93);
insert into STATION values (1563, '.', 108, 270683.46, 4169009.27, 622.00);
insert into STATION values (1564, '.', 108, 270684.40, 4169007.83, 611.22);
insert into STATION values (1565, '.', 108, 270682.29, 4169006.66, 610.89);
insert into STATION values (1566, '.', 108, 270679.42, 4169011.70, 612.21);
insert into STATION values (1567, '.', 108, 270676.93, 4169014.30, 611.81);
insert into STATION values (1568, '.', 108, 270678.02, 4169011.55, 611.74);
insert into STATION values (1569, '9', 108, 270688.05, 4169001.20, 608.11);
insert into STATION values (1570, '.', 108, 270690.15, 4169005.31, 608.50);
insert into STATION values (1571, '.', 108, 270686.80, 4169000.07, 608.06);
insert into STATION values (1572, '.', 108, 270687.70, 4169001.02, 607.34);
insert into STATION values (1573, '.', 108, 270688.04, 4169000.73, 610.00);
insert into STATION values (1574, '.', 108, 270689.05, 4169007.18, 608.25);
insert into STATION values (1575, '.', 108, 270683.09, 4169004.12, 608.71);
insert into STATION values (1576, '10', 108, 270688.96, 4168998.89, 608.75);
insert into STATION values (1577, '.', 108, 270689.89, 4168999.50, 608.67);
insert into STATION values (1578, '.', 108, 270690.24, 4168998.53, 607.05);
insert into STATION values (1579, '.', 108, 270689.53, 4168998.86, 611.34);
insert into STATION values (1580, '.', 108, 270688.81, 4168998.73, 608.75);
insert into STATION values (1581, '11', 108, 270694.35, 4168995.46, 604.95);
insert into STATION values (1582, '.', 108, 270695.70, 4168994.73, 604.94);
insert into STATION values (1583, '.', 108, 270692.73, 4168997.64, 605.35);
insert into STATION values (1584, '.', 108, 270694.34, 4168994.59, 619.17);
insert into STATION values (1585, '.', 108, 270694.74, 4168995.46, 603.71);
insert into STATION values (1586, '12', 108, 270713.04, 4169004.88, 588.69);
insert into STATION values (1587, '.', 108, 270713.47, 4169006.56, 588.86);
insert into STATION values (1588, '.', 108, 270712.65, 4169002.40, 588.99);
insert into STATION values (1589, '.', 108, 270713.74, 4169004.16, 587.81);
insert into STATION values (1590, '.', 108, 270713.45, 4169000.98, 603.86);
insert into STATION values (1591, '13', 108, 270725.52, 4168997.67, 596.29);
insert into STATION values (1592, '.', 108, 270727.53, 4169000.57, 596.20);
insert into STATION values (1593, '.', 108, 270722.47, 4168993.01, 600.32);
insert into STATION values (1594, '.', 108, 270724.54, 4168995.45, 597.73);
insert into STATION values (1595, '.', 108, 270726.07, 4168995.15, 604.88);
insert into STATION values (1596, '.', 108, 270726.00, 4168997.71, 594.95);
insert into STATION values (1597, '.', 108, 270719.32, 4169004.26, 589.54);
insert into STATION values (1598, '.', 108, 270719.10, 4169003.99, 594.33);
insert into STATION values (1599, '.', 108, 270714.90, 4168997.21, 597.80);
insert into STATION values (1600, '14', 108, 270746.47, 4169001.32, 599.18);
insert into STATION values (1601, '.', 108, 270746.47, 4169002.82, 600.46);
insert into STATION values (1602, '.', 108, 270749.12, 4168988.99, 599.25);
insert into STATION values (1603, '.', 108, 270742.89, 4169001.58, 599.68);
insert into STATION values (1604, '.', 108, 270742.25, 4168998.67, 598.96);
insert into STATION values (1605, '.', 108, 270748.49, 4169001.01, 597.71);
insert into STATION values (1606, '.', 108, 270746.60, 4169001.30, 601.16);
insert into STATION values (1607, '15', 108, 270758.29, 4168994.93, 594.91);
insert into STATION values (1608, '.', 108, 270769.50, 4168999.27, 598.93);
insert into STATION values (1609, '.', 108, 270770.62, 4168994.62, 599.13);
insert into STATION values (1610, '.', 108, 270773.85, 4168987.76, 599.34);
insert into STATION values (1611, '.', 108, 270761.02, 4169006.06, 597.22);
insert into STATION values (1612, '.', 108, 270755.07, 4169003.60, 595.73);
insert into STATION values (1613, '.', 108, 270751.90, 4169000.37, 596.60);
insert into STATION values (1614, '.', 108, 270746.01, 4168990.38, 600.96);
insert into STATION values (1615, '.', 108, 270752.85, 4168989.52, 598.59);
insert into STATION values (1616, '.', 108, 270758.78, 4168995.87, 602.31);
insert into STATION values (1617, '.', 108, 270760.15, 4168996.94, 592.97);
insert into STATION values (1618, '16', 108, 270753.11, 4169015.61, 593.83);
insert into STATION values (1619, '.', 108, 270749.21, 4169016.37, 593.75);
insert into STATION values (1620, '.', 108, 270760.87, 4169017.78, 597.37);
insert into STATION values (1621, '.', 108, 270753.85, 4169016.25, 596.78);
insert into STATION values (1622, '.', 108, 270749.32, 4169021.97, 594.56);
insert into STATION values (1623, '.', 108, 270744.94, 4169030.21, 595.80);
insert into STATION values (1624, '.', 108, 270760.86, 4169029.33, 598.59);
insert into STATION values (1625, '.', 108, 270759.90, 4169009.08, 595.96);
insert into STATION values (1626, '.', 108, 270754.31, 4169004.28, 595.25);
insert into STATION values (1627, '.', 108, 270751.50, 4169018.58, 590.36);
insert into STATION values (1628, '17', 108, 270752.69, 4169042.40, 598.41);
insert into STATION values (1629, '.', 108, 270754.25, 4169053.81, 597.92);
insert into STATION values (1630, '.', 108, 270746.11, 4169047.51, 597.50);
insert into STATION values (1631, '.', 108, 270745.04, 4169040.10, 596.65);
insert into STATION values (1632, '.', 108, 270763.67, 4169039.82, 599.19);
insert into STATION values (1633, '.', 108, 270760.30, 4169032.36, 598.27);
insert into STATION values (1634, '.', 108, 270753.14, 4169042.19, 599.66);
insert into STATION values (1635, '.', 108, 270751.88, 4169042.58, 596.74);
insert into STATION values (1636, '18', 108, 270764.91, 4169040.81, 599.24);
insert into STATION values (1637, '.', 108, 270766.35, 4169039.35, 599.33);
insert into STATION values (1638, '.', 108, 270770.58, 4169048.13, 599.08);
insert into STATION values (1639, '.', 108, 270757.93, 4169053.38, 598.87);
insert into STATION values (1640, '.', 108, 270750.28, 4169042.34, 598.50);
insert into STATION values (1641, '.', 108, 270765.05, 4169041.20, 601.19);
insert into STATION values (1642, '.', 108, 270763.88, 4169042.33, 596.13);
insert into STATION values (1643, '19', 108, 270769.71, 4169048.67, 598.18);
insert into STATION values (1644, '.', 108, 270771.29, 4169052.26, 597.78);
insert into STATION values (1645, '.', 108, 270767.24, 4169054.03, 600.05);
insert into STATION values (1646, '.', 108, 270762.05, 4169052.28, 600.70);
insert into STATION values (1647, '.', 108, 270773.84, 4169046.26, 597.90);
insert into STATION values (1648, '.', 108, 270770.79, 4169045.27, 597.71);
insert into STATION values (1649, '.', 108, 270768.88, 4169044.98, 597.95);
insert into STATION values (1650, '.', 108, 270770.05, 4169048.17, 599.67);
insert into STATION values (1651, '.', 108, 270769.37, 4169046.18, 596.18);
insert into STATION values (1652, '20', 108, 270780.71, 4169044.83, 596.09);
insert into STATION values (1653, '.', 108, 270781.37, 4169044.67, 596.28);
insert into STATION values (1654, '.', 108, 270781.33, 4169046.55, 596.29);
insert into STATION values (1655, '.', 108, 270777.79, 4169048.21, 595.89);
insert into STATION values (1656, '.', 108, 270777.64, 4169044.12, 595.98);
insert into STATION values (1657, '.', 108, 270780.11, 4169044.05, 596.02);
insert into STATION values (1658, '.', 108, 270780.38, 4169045.56, 594.68);
insert into STATION values (1659, '.', 108, 270780.87, 4169045.21, 597.45);
insert into STATION values (1660, '21', 108, 270782.76, 4169049.28, 595.02);
insert into STATION values (1661, '.', 108, 270779.37, 4169051.07, 595.11);
insert into STATION values (1662, '.', 108, 270787.13, 4169050.08, 595.29);
insert into STATION values (1663, '.', 108, 270786.28, 4169056.64, 595.73);
insert into STATION values (1664, '.', 108, 270783.20, 4169058.82, 595.59);
insert into STATION values (1665, '.', 108, 270783.23, 4169050.96, 595.57);
insert into STATION values (1666, '.', 108, 270783.11, 4169050.94, 594.23);
insert into STATION values (1667, '22', 108, 270785.20, 4169057.51, 595.59);
insert into STATION values (1668, '.', 108, 270786.64, 4169055.97, 596.17);
insert into STATION values (1669, '.', 108, 270784.10, 4169059.19, 596.06);
insert into STATION values (1670, '.', 108, 270781.61, 4169057.67, 595.38);
insert into STATION values (1671, '.', 108, 270784.96, 4169052.67, 595.90);
insert into STATION values (1672, '.', 108, 270788.82, 4169054.27, 597.61);
insert into STATION values (1673, '.', 108, 270785.77, 4169057.57, 596.80);
insert into STATION values (1674, '.', 108, 270785.29, 4169057.78, 595.36);
insert into STATION values (1675, '23', 108, 270787.49, 4169062.48, 595.61);
insert into STATION values (1676, '.', 108, 270782.31, 4169063.42, 594.76);
insert into STATION values (1677, '.', 108, 270791.86, 4169065.19, 596.81);
insert into STATION values (1678, '.', 108, 270781.10, 4169068.30, 594.15);
insert into STATION values (1679, '.', 108, 270783.56, 4169068.75, 594.49);
insert into STATION values (1680, '.', 108, 270787.02, 4169063.12, 596.16);
insert into STATION values (1681, '.', 108, 270788.00, 4169063.06, 595.04);
insert into STATION values (1682, '24', 108, 270786.90, 4169065.41, 595.52);
insert into STATION values (1683, '.', 108, 270781.86, 4169068.29, 594.06);
insert into STATION values (1684, '.', 108, 270791.79, 4169065.74, 597.81);
insert into STATION values (1685, '.', 108, 270787.46, 4169065.58, 596.49);
insert into STATION values (1686, '.', 108, 270786.80, 4169067.01, 594.79);
insert into STATION values (1687, '.', 108, 270786.41, 4169073.56, 594.46);
insert into STATION values (1688, '.', 108, 270795.90, 4169072.86, 598.24);
insert into STATION values (1689, '25', 108, 270792.60, 4169079.16, 595.91);
insert into STATION values (1690, '.', 108, 270789.81, 4169081.16, 595.10);
insert into STATION values (1691, '.', 108, 270798.43, 4169078.12, 599.48);
insert into STATION values (1692, '.', 108, 270795.00, 4169091.06, 595.91);
insert into STATION values (1693, '.', 108, 270793.77, 4169079.79, 596.88);
insert into STATION values (1694, '.', 108, 270792.25, 4169080.50, 594.67);
insert into STATION values (1695, '.', 108, 270787.85, 4169072.93, 596.19);
insert into STATION values (1696, '26', 108, 270806.37, 4169095.04, 597.60);
insert into STATION values (1697, '.', 108, 270801.94, 4169099.08, 595.37);
insert into STATION values (1698, '.', 108, 270813.75, 4169089.66, 598.25);
insert into STATION values (1699, '.', 108, 270807.57, 4169100.05, 597.14);
insert into STATION values (1700, '.', 108, 270803.46, 4169095.67, 597.04);
insert into STATION values (1701, '.', 108, 270806.30, 4169095.57, 598.34);
insert into STATION values (1702, '.', 108, 270806.48, 4169096.68, 596.80);
insert into STATION values (1703, '27', 108, 270817.65, 4169114.13, 599.14);
insert into STATION values (1704, '.', 108, 270813.09, 4169115.21, 598.54);
insert into STATION values (1705, '.', 108, 270832.67, 4169109.26, 605.45);
insert into STATION values (1706, '.', 108, 270813.97, 4169128.43, 600.69);
insert into STATION values (1707, '.', 108, 270812.94, 4169112.34, 598.20);
insert into STATION values (1708, '.', 108, 270820.03, 4169107.98, 599.73);
insert into STATION values (1709, '.', 108, 270816.70, 4169114.44, 600.75);
insert into STATION values (1710, '.', 108, 270816.10, 4169115.33, 598.25);
insert into STATION values (1711, '28', 108, 270811.93, 4169143.87, 602.65);
insert into STATION values (1712, '.', 108, 270803.98, 4169182.48, 607.21);
insert into STATION values (1713, '.', 108, 270805.87, 4169173.53, 606.15);
insert into STATION values (1714, '.', 108, 270807.82, 4169142.21, 600.79);
insert into STATION values (1715, '.', 108, 270818.56, 4169148.35, 604.14);
insert into STATION values (1716, '.', 108, 270812.12, 4169146.53, 602.78);
insert into STATION values (1717, '.', 108, 270811.67, 4169144.42, 602.64);
insert into STATION values (1718, '.', 108, 270813.81, 4169153.42, 603.50);
insert into STATION values (1719, '.', 108, 270810.56, 4169138.30, 601.32);
insert into STATION values (1720, '.', 108, 270823.50, 4169145.15, 605.61);
insert into STATION values (1721, '.', 108, 270811.84, 4169144.14, 602.11);
insert into STATION values (1722, '.', 108, 270811.64, 4169143.90, 602.07);
insert into STATION values (1723, '.', 108, 270811.89, 4169144.35, 605.38);
insert into STATION values (1724, '29', 108, 270798.10, 4169162.03, 601.97);
insert into STATION values (1725, '.', 108, 270792.48, 4169153.93, 600.03);
insert into STATION values (1726, '.', 108, 270800.00, 4169164.55, 602.16);
insert into STATION values (1727, '.', 108, 270795.08, 4169171.31, 603.10);
insert into STATION values (1728, '.', 108, 270782.06, 4169160.08, 601.32);
insert into STATION values (1729, '.', 108, 270796.89, 4169151.98, 601.30);
insert into STATION values (1730, '.', 108, 270802.23, 4169161.03, 601.71);
insert into STATION values (1731, '.', 108, 270797.81, 4169162.57, 604.59);
insert into STATION values (1732, '.', 108, 270794.53, 4169160.88, 599.86);
insert into STATION values (1733, '30', 108, 270783.54, 4169174.84, 605.76);
insert into STATION values (1734, '31', 108, 270762.37, 4168983.70, 596.55);
insert into STATION values (1735, '.', 108, 270762.84, 4168976.20, 599.27);
insert into STATION values (1736, '.', 108, 270766.53, 4168978.10, 596.96);
insert into STATION values (1737, '.', 108, 270776.88, 4168983.84, 597.23);
insert into STATION values (1738, '.', 108, 270773.16, 4168988.11, 598.25);
insert into STATION values (1739, '.', 108, 270769.40, 4168996.35, 598.55);
insert into STATION values (1740, '.', 108, 270765.24, 4168985.71, 602.74);
insert into STATION values (1741, '.', 108, 270764.29, 4168984.75, 594.98);
insert into STATION values (1742, '32', 108, 270786.91, 4168972.84, 595.19);
insert into STATION values (1743, '.', 108, 270779.39, 4168958.14, 596.43);
insert into STATION values (1744, '.', 108, 270771.42, 4168968.04, 594.99);
insert into STATION values (1745, '.', 108, 270789.98, 4168946.82, 594.82);
insert into STATION values (1746, '.', 108, 270812.16, 4168976.00, 598.49);
insert into STATION values (1747, '.', 108, 270795.10, 4168982.05, 597.70);
insert into STATION values (1748, '.', 108, 270782.47, 4168981.78, 598.49);
insert into STATION values (1749, '.', 108, 270787.15, 4168973.07, 594.63);
insert into STATION values (1750, '.', 108, 270788.35, 4168972.78, 600.54);
insert into STATION values (1751, '33', 108, 270809.81, 4168959.04, 598.09);
insert into STATION values (1752, '.', 108, 270827.12, 4168955.03, 599.33);
insert into STATION values (1753, '.', 108, 270821.11, 4168965.66, 600.33);
insert into STATION values (1754, '.', 108, 270814.45, 4168973.69, 600.50);
insert into STATION values (1755, '.', 108, 270805.78, 4168929.84, 595.67);
insert into STATION values (1756, '.', 108, 270788.50, 4168939.28, 595.55);
insert into STATION values (1757, '.', 108, 270783.91, 4168954.41, 596.11);
insert into STATION values (1758, '.', 108, 270809.63, 4168957.87, 601.57);
insert into STATION values (1759, '.', 108, 270811.24, 4168957.36, 596.66);
insert into STATION values (1760, '34', 108, 270817.07, 4168937.90, 597.51);
insert into STATION values (1761, '.', 108, 270809.61, 4168935.47, 596.36);
insert into STATION values (1762, '.', 108, 270827.49, 4168937.74, 598.05);
insert into STATION values (1763, '.', 108, 270826.31, 4168956.14, 599.84);
insert into STATION values (1764, '.', 108, 270787.92, 4168943.66, 595.48);
insert into STATION values (1765, '.', 108, 270816.06, 4168937.24, 599.68);
insert into STATION values (1766, '.', 108, 270817.03, 4168936.22, 595.95);
insert into STATION values (1767, '35', 108, 270825.32, 4168910.46, 593.28);
insert into STATION values (1768, '.', 108, 270808.56, 4168895.92, 586.54);
insert into STATION values (1769, '.', 108, 270801.76, 4168909.58, 588.52);
insert into STATION values (1770, '.', 108, 270801.01, 4168920.96, 590.96);
insert into STATION values (1771, '.', 108, 270835.57, 4168904.18, 593.11);
insert into STATION values (1772, '.', 108, 270825.74, 4168910.54, 593.31);
insert into STATION values (1773, '.', 108, 270831.45, 4168929.26, 596.69);
insert into STATION values (1774, '.', 108, 270825.15, 4168910.47, 595.04);
insert into STATION values (1775, '.', 108, 270817.77, 4168906.11, 589.58);
insert into STATION values (1776, '36', 108, 270832.69, 4168894.00, 591.06);
insert into STATION values (1777, '.', 108, 270845.44, 4168892.28, 589.98);
insert into STATION values (1778, '.', 108, 270836.57, 4168895.58, 592.18);
insert into STATION values (1779, '.', 108, 270804.85, 4168909.92, 589.32);
insert into STATION values (1780, '.', 108, 270809.30, 4168896.98, 587.79);
insert into STATION values (1781, '.', 108, 270830.89, 4168894.44, 593.28);
insert into STATION values (1782, '.', 108, 270832.52, 4168894.41, 589.90);
insert into STATION values (1783, '37', 108, 270837.28, 4168885.45, 587.43);
insert into STATION values (1784, '.', 108, 270840.52, 4168884.02, 588.33);
insert into STATION values (1785, '.', 108, 270833.80, 4168884.72, 586.64);
insert into STATION values (1786, '.', 108, 270830.29, 4168884.21, 586.27);
insert into STATION values (1787, '.', 108, 270837.31, 4168885.26, 588.53);
insert into STATION values (1788, '.', 108, 270837.20, 4168884.90, 586.40);
insert into STATION values (1789, '38', 108, 270835.79, 4168880.91, 585.38);
insert into STATION values (1790, '.', 108, 270834.73, 4168878.35, 584.97);
insert into STATION values (1791, '.', 108, 270841.14, 4168882.79, 586.90);
insert into STATION values (1792, '.', 108, 270839.17, 4168883.89, 586.82);
insert into STATION values (1793, '.', 108, 270841.39, 4168875.61, 586.10);
insert into STATION values (1794, '.', 108, 270831.66, 4168878.47, 584.43);
insert into STATION values (1795, '.', 108, 270835.72, 4168880.60, 586.26);
insert into STATION values (1796, '.', 108, 270835.93, 4168880.36, 585.01);
insert into STATION values (1797, '39', 108, 270849.62, 4168875.11, 586.90);
insert into STATION values (1798, '.', 108, 270844.50, 4168866.70, 586.33);
insert into STATION values (1799, '.', 108, 270845.72, 4168873.35, 586.35);
insert into STATION values (1800, '.', 108, 270849.95, 4168875.50, 586.82);
insert into STATION values (1801, '.', 108, 270849.37, 4168873.50, 587.78);
insert into STATION values (1802, '.', 108, 270849.34, 4168874.66, 586.43);
insert into STATION values (1803, '40', 108, 270862.29, 4168857.89, 589.52);
insert into STATION values (1804, '.', 108, 270860.91, 4168855.36, 588.24);
insert into STATION values (1805, '.', 108, 270865.69, 4168862.55, 587.86);
insert into STATION values (1806, '.', 108, 270874.01, 4168858.90, 587.28);
insert into STATION values (1807, '.', 108, 270867.34, 4168850.85, 586.58);
insert into STATION values (1808, '.', 108, 270853.68, 4168858.02, 587.27);
insert into STATION values (1809, '.', 108, 270858.07, 4168864.78, 587.73);
insert into STATION values (1810, '.', 108, 270861.78, 4168858.73, 590.71);
insert into STATION values (1811, '.', 108, 270862.01, 4168857.95, 587.27);
insert into STATION values (1812, '41', 108, 270877.00, 4168850.04, 584.27);
insert into STATION values (1813, '.', 108, 270877.38, 4168850.68, 584.49);
insert into STATION values (1814, '.', 108, 270876.82, 4168847.53, 584.05);
insert into STATION values (1815, '.', 108, 270876.93, 4168849.49, 584.57);
insert into STATION values (1816, '.', 108, 270877.05, 4168849.96, 584.98);
insert into STATION values (1817, '.', 108, 270877.13, 4168850.24, 584.14);
insert into STATION values (1818, '42', 108, 270887.68, 4168844.42, 584.52);
insert into STATION values (1819, '.', 108, 270886.83, 4168843.07, 584.33);
insert into STATION values (1820, '.', 108, 270888.41, 4168841.07, 583.62);
insert into STATION values (1821, '.', 108, 270891.22, 4168841.47, 583.69);
insert into STATION values (1822, '.', 108, 270887.78, 4168845.00, 584.66);
insert into STATION values (1823, '.', 108, 270886.05, 4168846.54, 585.01);
insert into STATION values (1824, '.', 108, 270887.54, 4168843.86, 585.27);
insert into STATION values (1825, '.', 108, 270887.50, 4168843.52, 583.56);
insert into STATION values (1826, '43', 108, 270893.75, 4168834.97, 582.16);
insert into STATION values (1827, '.', 108, 270897.18, 4168837.13, 584.34);
insert into STATION values (1828, '.', 108, 270893.03, 4168833.77, 582.04);
insert into STATION values (1829, '.', 108, 270893.85, 4168838.09, 583.70);
insert into STATION values (1830, '.', 108, 270893.91, 4168834.51, 583.91);
insert into STATION values (1831, '.', 108, 270893.28, 4168833.34, 581.37);
insert into STATION values (1832, '44', 108, 270896.14, 4168828.92, 581.18);
insert into STATION values (1833, '.', 108, 270895.78, 4168828.60, 581.13);
insert into STATION values (1834, '.', 108, 270896.52, 4168829.29, 581.21);
insert into STATION values (1835, '.', 108, 270896.10, 4168828.97, 581.48);
insert into STATION values (1836, '.', 108, 270896.14, 4168828.96, 580.84);
