create table SURVEY (ID integer, PARENT_ID integer, NAME varchar(29), FULL_NAME varchar(56), TITLE varchar(30));
create table CENTRELINE (ID integer, SURVEY_ID integer, TITLE varchar(4), TOPO_DATE date, EXPLO_DATE date, LENGTH real, SURFACE_LENGTH real, DUPLICATE_LENGTH real);
create table PERSON (ID integer, NAME varchar(15), SURNAME varchar(12));
create table EXPLO (PERSON_ID integer, CENTRELINE_ID integer);
create table TOPO (PERSON_ID integer, CENTRELINE_ID integer);
create table STATION (ID integer, NAME varchar(31), SURVEY_ID integer, X real, Y real, Z real);
create table STATION_FLAG (STATION_ID integer, FLAG char(3));
create table SHOT (ID integer, FROM_ID integer, TO_ID integer, CENTRELINE_ID integer, LENGTH real, BEARING real, GRADIENT real, ADJ_LENGTH real, ADJ_BEARING real, ADJ_GRADIENT real, ERR_LENGTH real, ERR_BEARING real, ERR_GRADIENT real);
create table SHOT_FLAG (SHOT_ID integer, FLAG char(3));
create table MAPS (ID integer, SURVEY_ID integer, NAME varchar(29), TITLE varchar(30), PROJID integer, LENGTH real, DEPTH real);
create table SCRAPS (ID integer, SURVEY_ID integer, NAME varchar(29), PROJID integer, MAX_DISTORTION real, AVG_DISTORTION real);
create table MAPITEMS (ID integer, TYPE integer, ITEMID integer);
insert into SURVEY values (1, 0, '', '', NULL);
 insert into CENTRELINE values (2, 1, NULL, NULL, NULL, 0.00, 0.00, 0.00);
 insert into SURVEY values (51, 1, 'Geophysicheskaya', 'Geophysicheskaya', 'Gulshirin (Geophysicheskaya)');
 insert into CENTRELINE values (52, 51, NULL, NULL, NULL, 0.00, 0.00, 0.00);
 insert into SURVEY values (53, 51, 'Entree', 'Entree.Geophysicheskaya', 'Entree');
 insert into CENTRELINE values (54, 53, NULL, NULL, NULL, 0.00, 0.00, 0.00);
 insert into SURVEY values (55, 53, 'Geophysicaya_01_entree', 'Geophysicaya_01_entree.Entree.Geophysicheskaya', 'Geophysicalskaya 01 entree');
 insert into CENTRELINE values (56, 55, NULL, NULL, NULL, 0.00, 0.00, 0.00);
 insert into CENTRELINE values (57, 55, NULL, '2024-04-12', NULL, 860.04, 0.00, 0.00);
 insert into PERSON values (1, 'Gael', 'Cazes');
insert into TOPO values (1, 57);
 insert into PERSON values (2, 'Jean-Philippe', 'Grandcolas');
insert into TOPO values (2, 57);
 insert into PERSON values (3, 'Alexandre', 'Pont');
insert into TOPO values (3, 57);
 insert into SHOT values (1, 1, 2, 57, 0.770, 178.08, -42.10, 0.772, 177.99, -42.36, 0.004, 41.56, -70.46);
insert into SHOT values (2, 1, 3, 57, 0.590, 351.88, -42.10, 0.590, 352.06, -42.65, 0.006, 151.82, -49.24);
insert into SHOT values (3, 1, 4, 57, 1.070, 286.48, -83.50, 1.067, 284.04, -83.34, 0.007, 221.40, 28.20);
insert into SHOT values (4, 1, 5, 57, 0.170, 84.08, 54.40, 0.172, 84.29, 54.33, 0.002, 97.34, 48.31);
insert into SHOT values (5, 1, 6, 57, 1.160, 161.68, -59.60, 1.160, 162.18, -59.54, 0.005, 238.52, 5.61);
insert into SHOT values (6, 6, 7, 57, 0.870, 7.38, 3.50, 0.870, 7.94, 3.30, 0.009, 97.97, -20.12);
insert into SHOT values (7, 6, 8, 57, 1.070, 30.08, 2.80, 1.077, 30.14, 2.66, 0.007, 39.40, -18.52);
insert into SHOT values (8, 6, 9, 57, 0.310, 25.98, -43.10, 0.313, 25.46, -42.08, 0.007, 7.29, 15.42);
insert into SHOT values (9, 6, 10, 57, 1.250, 57.68, -14.60, 1.259, 57.75, -14.72, 0.010, 66.74, -30.27);
insert into SHOT values (10, 6, 11, 57, 0.680, 117.28, 0.10, 0.684, 116.94, 0.00, 0.006, 73.23, -11.37);
insert into SHOT values (11, 6, 12, 57, 1.600, 85.38, -1.70, 1.606, 85.35, -1.78, 0.007, 77.89, -22.80);
insert into SHOT values (12, 6, 13, 57, 1.280, 36.78, 0.90, 1.286, 36.78, 0.89, 0.006, 36.33, -0.98);
insert into SHOT values (13, 6, 14, 57, 2.940, 76.08, 5.40, 2.950, 76.01, 5.45, 0.011, 56.13, 17.09);
insert into SHOT values (14, 14, 15, 57, 1.150, 257.88, -12.00, 1.151, 257.69, -12.03, 0.004, 182.82, -13.07);
insert into SHOT values (15, 14, 16, 57, 0.940, 238.68, -35.40, 0.948, 238.78, -35.48, 0.008, 252.19, -43.91);
insert into SHOT values (16, 14, 17, 57, 0.660, 221.68, -45.50, 0.663, 221.53, -45.15, 0.005, 207.67, 8.32);
insert into SHOT values (17, 14, 18, 57, 1.120, 270.58, 3.90, 1.122, 270.51, 3.58, 0.007, 242.69, -64.22);
insert into SHOT values (18, 14, 19, 57, 0.620, 282.28, 24.20, 0.625, 282.09, 23.58, 0.009, 267.63, -29.18);
insert into SHOT values (19, 14, 20, 57, 0.540, 243.38, 50.10, 0.538, 242.70, 49.61, 0.006, 183.88, -41.51);
insert into SHOT values (20, 14, 21, 57, 1.700, 319.48, -1.90, 1.703, 319.29, -2.02, 0.007, 255.00, -29.68);
insert into SHOT values (21, 14, 22, 57, 1.240, 338.78, 0.80, 1.235, 338.63, 0.46, 0.009, 192.43, -50.75);
insert into SHOT values (22, 14, 23, 57, 0.510, 230.68, 60.70, 0.509, 231.34, 59.80, 0.009, 254.93, -33.61);
insert into SHOT values (23, 14, 24, 57, 0.840, 267.18, -49.50, 0.844, 266.88, -49.28, 0.006, 238.10, -11.79);
insert into SHOT values (24, 14, 25, 57, 1.550, 177.38, -80.30, 1.552, 177.80, -80.35, 0.003, 294.72, -45.55);
insert into SHOT values (25, 14, 26, 57, 1.500, 185.18, -57.30, 1.508, 185.64, -57.34, 0.011, 246.51, -46.23);
insert into SHOT values (26, 26, 27, 57, 2.590, 68.28, 15.40, 2.589, 68.37, 15.45, 0.005, 176.76, 29.19);
insert into SHOT values (27, 26, 28, 57, 2.720, 91.58, 4.20, 2.719, 91.69, 4.22, 0.005, 198.15, 8.46);
insert into SHOT values (28, 26, 29, 57, 1.290, 130.38, -6.90, 1.293, 130.26, -6.66, 0.007, 93.45, 47.93);
insert into SHOT values (29, 26, 30, 57, 0.990, 153.68, -9.40, 0.997, 153.43, -9.24, 0.008, 122.92, 11.49);
insert into SHOT values (30, 26, 31, 57, 1.760, 185.28, -6.30, 1.758, 185.25, -6.21, 0.004, 28.94, 54.71);
insert into SHOT values (31, 26, 32, 57, 1.800, 214.08, -0.50, 1.800, 214.13, -0.32, 0.006, 299.45, 75.01);
insert into SHOT values (32, 26, 33, 57, 0.970, 243.48, 1.00, 0.971, 243.70, 1.18, 0.005, 324.10, 39.63);
insert into SHOT values (33, 26, 34, 57, 0.900, 280.38, 16.60, 0.903, 280.66, 16.73, 0.006, 340.28, 30.76);
insert into SHOT values (34, 26, 35, 57, 0.560, 345.58, 68.30, 0.559, 345.96, 68.37, 0.002, 109.10, -10.83);
insert into SHOT values (35, 26, 36, 57, 0.800, 205.48, 73.40, 0.804, 205.46, 73.19, 0.005, 204.35, 39.57);
insert into SHOT values (36, 26, 37, 57, 0.700, 179.08, 25.60, 0.702, 179.09, 26.20, 0.008, 355.09, 80.91);
insert into SHOT values (37, 26, 38, 57, 0.750, 165.18, -44.10, 0.749, 164.93, -44.00, 0.003, 73.16, 39.28);
insert into SHOT values (38, 26, 39, 57, 1.760, 196.08, -14.90, 1.755, 196.08, -14.86, 0.005, 15.47, 30.05);
insert into SHOT values (39, 39, 40, 57, 1.050, 50.68, -4.30, 1.048, 50.83, -4.38, 0.004, 180.80, -20.41);
insert into SHOT values (40, 39, 41, 57, 0.970, 83.08, -5.00, 0.970, 83.46, -4.73, 0.008, 173.52, 35.29);
insert into SHOT values (41, 39, 42, 57, 0.730, 48.98, 42.70, 0.735, 49.51, 42.85, 0.007, 111.83, 41.36);
insert into SHOT values (42, 39, 43, 57, 1.000, 72.28, -61.50, 1.003, 73.07, -61.35, 0.008, 133.58, -8.90);
insert into SHOT values (43, 39, 44, 57, 1.440, 80.68, -48.20, 1.439, 81.03, -48.05, 0.007, 152.09, 29.74);
insert into SHOT values (44, 39, 45, 57, 1.400, 91.68, -40.90, 1.404, 92.16, -40.94, 0.010, 165.78, -20.07);
insert into SHOT values (45, 45, 46, 57, 0.810, 13.08, 0.70, 0.810, 12.84, 0.71, 0.004, 287.98, 1.70);
insert into SHOT values (46, 45, 47, 57, 0.710, 33.58, -2.10, 0.716, 33.02, -1.60, 0.011, 344.51, 33.07);
insert into SHOT values (47, 45, 48, 57, 0.530, 173.78, 23.10, 0.526, 174.05, 23.52, 0.006, 328.93, 20.84);
insert into SHOT values (48, 45, 49, 57, 0.650, 138.28, 31.30, 0.649, 137.94, 31.62, 0.005, 5.11, 26.74);
insert into SHOT values (49, 45, 50, 57, 0.440, 68.18, 64.90, 0.440, 67.62, 65.32, 0.004, 280.93, 24.89);
insert into SHOT values (50, 45, 51, 57, 1.010, 70.88, 5.20, 1.011, 70.84, 5.68, 0.008, 327.62, 85.30);
insert into SHOT values (51, 45, 52, 57, 0.440, 174.18, -6.40, 0.434, 174.69, -5.29, 0.011, 319.23, 53.84);
insert into SHOT values (52, 45, 53, 57, 2.380, 94.08, -41.50, 2.376, 93.86, -41.35, 0.010, 16.20, 44.33);
insert into SHOT values (53, 53, 54, 57, 1.440, 21.18, 35.40, 1.433, 21.07, 35.40, 0.007, 222.81, -34.34);
insert into SHOT values (54, 53, 55, 57, 2.170, 43.78, 29.20, 2.172, 43.72, 29.21, 0.003, 344.33, 28.12);
insert into SHOT values (55, 53, 56, 57, 1.520, 164.28, 9.70, 1.515, 164.48, 9.50, 0.009, 291.01, -44.19);
insert into SHOT values (56, 53, 57, 57, 1.900, 223.18, 16.60, 1.903, 223.22, 16.48, 0.005, 239.71, -31.46);
insert into SHOT values (57, 53, 58, 57, 0.350, 206.98, -51.10, 0.351, 206.57, -50.37, 0.005, 183.83, 29.90);
insert into SHOT values (58, 53, 59, 57, 0.920, 213.78, 56.80, 0.921, 213.69, 56.75, 0.001, 174.99, 7.71);
insert into SHOT values (59, 53, 60, 57, 1.740, 120.98, 30.90, 1.739, 121.03, 30.79, 0.004, 180.30, -68.38);
insert into SHOT values (60, 53, 61, 57, 3.320, 106.18, 3.80, 3.320, 106.30, 3.80, 0.007, 192.08, -0.24);
insert into SHOT values (61, 53, 62, 57, 7.070, 97.88, -15.00, 7.066, 97.92, -15.01, 0.006, 233.40, -1.51);
insert into SHOT values (62, 62, 63, 57, 6.160, 340.28, 28.80, 6.160, 340.29, 28.83, 0.003, 143.26, 50.86);
insert into SHOT values (63, 62, 64, 57, 7.140, 7.38, 22.10, 7.137, 7.38, 22.06, 0.006, 188.67, -84.73);
insert into SHOT values (64, 62, 65, 57, 8.140, 43.48, 7.90, 8.141, 43.49, 7.91, 0.002, 95.32, 34.98);
insert into SHOT values (65, 62, 66, 57, 9.310, 103.28, -2.50, 9.309, 103.30, -2.52, 0.005, 217.89, -46.09);
insert into SHOT values (66, 62, 67, 57, 13.250, 127.58, -3.40, 13.251, 127.60, -3.42, 0.005, 211.03, -50.87);
insert into SHOT values (67, 62, 68, 57, 1.630, 139.98, 62.70, 1.630, 139.90, 62.80, 0.003, 344.29, 30.39);
insert into SHOT values (68, 62, 69, 57, 0.890, 126.18, -58.00, 0.895, 126.38, -58.16, 0.006, 203.09, -71.98);
insert into SHOT values (69, 62, 70, 57, 10.930, 246.68, 4.60, 10.924, 246.68, 4.57, 0.009, 64.74, -49.93);
insert into SHOT values (70, 62, 71, 57, 11.740, 225.88, -1.80, 11.738, 225.86, -1.81, 0.005, 109.72, -15.45);
insert into SHOT values (71, 62, 72, 57, 2.040, 207.78, 42.70, 2.040, 207.76, 42.56, 0.005, 198.05, -42.26);
insert into SHOT values (72, 62, 73, 57, 4.650, 177.38, 18.70, 4.650, 177.40, 18.69, 0.001, 266.60, -37.41);
insert into SHOT values (73, 62, 74, 57, 12.100, 171.28, 1.70, 12.095, 171.29, 1.71, 0.006, 328.84, 10.14);
insert into SHOT values (74, 62, 75, 57, 7.110, 166.48, -24.20, 7.108, 166.44, -24.25, 0.009, 37.13, -38.11);
insert into SHOT values (75, 62, 76, 57, 8.550, 35.38, 8.00, 8.546, 35.38, 8.00, 0.004, 221.18, 1.01);
insert into SHOT values (76, 62, 77, 57, 9.730, 177.08, -20.00, 9.730, 177.05, -20.01, 0.005, 73.85, -23.64);
insert into SHOT values (77, 77, 78, 57, 10.710, 97.98, 8.00, 10.707, 97.97, 8.00, 0.004, 314.25, -7.41);
insert into SHOT values (78, 77, 79, 57, 15.710, 261.28, -5.70, 15.718, 261.28, -5.70, 0.008, 264.12, 2.16);
insert into SHOT values (79, 77, 80, 57, 15.410, 246.18, -11.60, 15.412, 246.17, -11.60, 0.005, 183.50, -17.96);
insert into SHOT values (80, 77, 81, 57, 16.440, 215.18, -19.00, 16.445, 215.18, -18.99, 0.007, 213.26, 20.02);
insert into SHOT values (81, 77, 82, 57, 1.280, 165.48, -40.30, 1.284, 165.82, -40.27, 0.007, 223.54, -17.16);
insert into SHOT values (82, 77, 83, 57, 5.370, 168.58, -26.30, 5.371, 168.62, -26.30, 0.003, 249.08, -12.63);
insert into SHOT values (83, 77, 84, 57, 4.720, 175.08, 4.00, 4.719, 175.13, 4.01, 0.004, 288.16, 11.25);
insert into SHOT values (84, 77, 85, 57, 11.770, 170.98, -4.80, 11.765, 171.02, -4.78, 0.010, 294.67, 28.39);
insert into SHOT values (85, 77, 86, 57, 12.210, 156.88, -17.30, 12.206, 156.91, -17.30, 0.007, 282.87, 7.61);
insert into SHOT values (86, 86, 87, 57, 10.350, 50.38, 19.00, 10.351, 50.39, 19.00, 0.002, 95.50, 13.60);
insert into SHOT values (87, 86, 88, 57, 12.190, 73.98, 12.00, 12.188, 73.98, 11.98, 0.005, 269.94, -80.53);
insert into SHOT values (88, 86, 89, 57, 15.370, 93.98, 8.00, 15.377, 93.99, 8.00, 0.007, 113.74, 7.48);
insert into SHOT values (89, 86, 90, 57, 16.740, 180.18, -15.40, 16.742, 180.18, -15.41, 0.005, 126.16, -67.44);
insert into SHOT values (90, 86, 91, 57, 19.620, 155.18, -12.40, 19.620, 155.16, -12.39, 0.008, 69.17, 22.08);
insert into SHOT values (91, 86, 92, 57, 13.940, 249.38, -9.90, 13.939, 249.36, -9.91, 0.006, 147.17, -31.47);
insert into SHOT values (92, 86, 93, 57, 3.130, 149.48, -33.10, 3.135, 149.34, -33.06, 0.009, 97.69, -4.65);
insert into SHOT values (93, 86, 94, 57, 3.510, 158.68, 71.20, 3.509, 158.85, 71.10, 0.007, 190.94, -23.32);
insert into SHOT values (94, 86, 95, 57, 3.970, 133.98, 42.10, 3.971, 134.04, 42.05, 0.005, 173.88, -19.75);
insert into SHOT values (95, 86, 96, 57, 13.500, 134.18, 13.80, 13.508, 134.17, 13.79, 0.009, 108.15, -1.31);
insert into SHOT values (96, 86, 97, 57, 12.270, 152.38, -10.70, 12.277, 152.39, -10.70, 0.007, 171.69, -14.80);
insert into SHOT values (97, 97, 98, 57, 7.080, 168.48, -17.00, 7.076, 168.49, -17.01, 0.005, 337.13, -0.10);
insert into SHOT values (98, 97, 99, 57, 9.800, 136.68, -7.60, 9.799, 136.63, -7.62, 0.010, 38.14, -22.07);
insert into SHOT values (99, 97, 100, 57, 3.620, 107.08, 40.20, 3.627, 107.00, 40.18, 0.008, 72.52, 24.99);
insert into SHOT values (100, 97, 101, 57, 10.670, 108.78, 20.20, 10.670, 108.76, 20.23, 0.007, 354.11, 52.92);
insert into SHOT values (101, 97, 102, 57, 2.070, 136.88, -41.80, 2.069, 136.58, -41.83, 0.008, 39.42, -1.91);
insert into SHOT values (102, 97, 103, 57, 6.760, 115.88, -20.50, 6.762, 115.84, -20.52, 0.006, 38.57, -26.39);
insert into SHOT values (103, 97, 104, 57, 12.240, 120.48, -8.30, 12.240, 120.46, -8.31, 0.006, 29.27, -33.24);
insert into SHOT values (104, 104, 105, 57, 8.540, 43.88, 5.20, 8.544, 43.90, 5.24, 0.008, 89.16, 52.87);
insert into SHOT values (105, 104, 106, 57, 1.680, 164.58, -1.00, 1.682, 164.48, -1.02, 0.004, 101.45, -10.93);
insert into SHOT values (106, 104, 107, 57, 4.090, 141.48, -19.60, 4.086, 141.43, -19.59, 0.005, 6.64, 22.93);
insert into SHOT values (107, 104, 108, 57, 4.710, 94.68, 30.30, 4.709, 94.66, 30.36, 0.005, 303.62, 45.40);
insert into SHOT values (108, 104, 109, 57, 6.410, 120.98, -33.40, 6.405, 120.93, -33.34, 0.010, 24.21, 58.49);
insert into SHOT values (109, 104, 110, 57, 2.420, 83.58, -31.40, 2.417, 83.60, -31.42, 0.003, 252.04, 16.83);
insert into SHOT values (110, 104, 111, 57, 6.780, 120.18, -18.50, 6.780, 120.15, -18.49, 0.004, 38.69, 21.83);
insert into SHOT values (111, 111, 112, 57, 3.870, 40.88, 9.80, 3.864, 40.85, 9.83, 0.007, 241.91, 10.71);
insert into SHOT values (112, 111, 113, 57, 1.370, 330.58, -82.30, 1.372, 330.64, -82.31, 0.002, 56.24, -85.37);
insert into SHOT values (113, 111, 114, 57, 3.240, 94.68, -60.60, 3.235, 94.70, -60.66, 0.006, 268.40, 27.63);
insert into SHOT values (114, 111, 115, 57, 4.880, 95.68, -28.40, 4.879, 95.75, -28.40, 0.005, 197.87, 11.44);
insert into SHOT values (115, 115, 116, 57, 1.900, 235.18, 13.30, 1.899, 235.36, 13.40, 0.007, 340.95, 25.63);
insert into SHOT values (116, 115, 117, 57, 1.160, 212.18, 9.90, 1.155, 212.43, 9.97, 0.007, 349.26, 4.42);
insert into SHOT values (117, 115, 118, 57, 1.710, 144.08, -8.00, 1.707, 144.15, -8.08, 0.004, 292.64, -29.05);
insert into SHOT values (118, 115, 119, 57, 0.960, 70.28, -6.70, 0.962, 70.43, -6.57, 0.004, 124.18, 34.02);
insert into SHOT values (119, 115, 120, 57, 1.000, 180.48, 71.30, 1.002, 180.00, 71.38, 0.004, 77.45, 45.22);
insert into SHOT values (120, 115, 121, 57, 1.330, 7.28, 42.90, 1.335, 7.05, 42.95, 0.007, 315.56, 42.80);
insert into SHOT values (121, 115, 122, 57, 1.880, 321.38, -2.00, 1.880, 321.48, -1.83, 0.007, 52.80, 59.67);
insert into SHOT values (122, 115, 123, 57, 3.960, 342.78, -12.00, 3.960, 342.73, -11.95, 0.005, 271.70, 43.68);
insert into SHOT values (123, 115, 124, 57, 4.250, 15.58, -26.40, 4.252, 15.53, -26.39, 0.004, 320.19, -4.19);
insert into SHOT values (124, 124, 125, 57, 1.960, 171.68, -35.40, 1.956, 171.72, -35.29, 0.006, 307.61, 75.55);
insert into SHOT values (125, 124, 126, 57, 1.560, 226.88, -35.00, 1.554, 226.91, -34.95, 0.007, 39.31, 47.26);
insert into SHOT values (126, 124, 127, 57, 1.720, 236.38, -62.60, 1.723, 236.31, -62.60, 0.004, 205.29, -56.49);
insert into SHOT values (127, 124, 128, 57, 2.420, 335.48, 1.00, 2.417, 335.56, 0.95, 0.005, 109.94, -27.36);
insert into SHOT values (128, 124, 129, 57, 1.980, 114.08, -85.50, 1.976, 113.20, -85.58, 0.005, 331.69, 45.33);
insert into SHOT values (129, 129, 130, 57, 2.240, 60.68, -56.70, 2.241, 60.95, -56.55, 0.008, 105.72, 15.44);
insert into SHOT values (130, 129, 131, 57, 1.390, 86.38, 22.80, 1.392, 86.42, 22.83, 0.002, 125.82, 43.34);
insert into SHOT values (131, 129, 132, 57, 1.110, 87.78, 57.50, 1.107, 88.09, 57.16, 0.008, 127.22, -50.52);
insert into SHOT values (132, 129, 133, 57, 9.210, 111.18, -24.30, 9.215, 111.22, -24.29, 0.008, 155.28, 0.36);
insert into SHOT values (133, 133, 134, 57, 5.240, 207.28, 0.50, 5.233, 207.30, 0.44, 0.009, 15.02, -38.75);
insert into SHOT values (134, 133, 135, 57, 10.150, 148.38, 2.40, 10.147, 148.35, 2.37, 0.009, 31.83, -36.12);
insert into SHOT values (135, 133, 136, 57, 3.500, 287.88, 51.80, 3.501, 288.02, 51.77, 0.005, 358.47, -5.32);
insert into SHOT values (136, 133, 137, 57, 2.970, 152.98, 71.60, 2.971, 152.61, 71.66, 0.007, 38.71, 15.50);
insert into SHOT values (137, 133, 138, 57, 4.220, 81.08, 41.00, 4.224, 80.98, 40.97, 0.007, 29.75, 11.10);
insert into SHOT values (138, 133, 139, 57, 5.820, 82.28, 12.20, 5.824, 82.23, 12.19, 0.007, 25.74, 0.75);
insert into SHOT values (139, 133, 140, 57, 11.160, 31.88, 0.70, 11.167, 31.90, 0.67, 0.010, 53.02, -40.73);
insert into SHOT values (140, 133, 141, 57, 6.690, 15.08, 11.30, 6.696, 15.09, 11.28, 0.006, 26.94, -7.85);
insert into SHOT values (141, 133, 142, 57, 19.900, 47.48, -3.30, 19.900, 47.47, -3.31, 0.007, 316.55, -41.32);
insert into SHOT values (142, 133, 143, 57, 5.720, 82.78, -23.90, 5.723, 82.75, -23.91, 0.004, 32.13, -35.96);
insert into SHOT values (143, 133, 144, 57, 9.740, 76.28, -23.90, 9.740, 76.29, -23.92, 0.004, 208.52, -65.43);
insert into SHOT values (144, 133, 145, 57, 8.450, 82.08, -21.00, 8.448, 82.05, -21.02, 0.005, 313.75, -19.95);
insert into SHOT values (145, 145, 146, 57, 10.520, 16.58, 10.70, 10.522, 16.58, 10.68, 0.004, 355.17, -48.23);
insert into SHOT values (146, 145, 147, 57, 14.540, 48.18, 7.90, 14.543, 48.21, 7.90, 0.007, 111.76, 12.53);
insert into SHOT values (147, 145, 148, 57, 10.860, 169.08, 15.00, 10.860, 169.06, 15.00, 0.003, 88.07, -13.07);
insert into SHOT values (148, 145, 149, 57, 19.170, 150.18, 9.30, 19.169, 150.17, 9.31, 0.005, 42.89, 22.62);
insert into SHOT values (149, 145, 150, 57, 4.550, 93.78, -27.30, 4.557, 93.82, -27.30, 0.007, 120.04, -25.92);
insert into SHOT values (150, 145, 151, 57, 8.610, 93.88, -19.40, 8.617, 93.88, -19.38, 0.007, 90.35, -0.71);
insert into SHOT values (151, 145, 152, 57, 4.400, 121.58, 64.50, 4.401, 121.43, 64.44, 0.007, 71.79, -11.67);
insert into SHOT values (152, 145, 153, 57, 11.460, 103.48, 30.40, 11.466, 103.45, 30.39, 0.009, 60.08, 5.27);
insert into SHOT values (153, 145, 154, 57, 19.590, 106.78, -1.20, 19.600, 106.79, -1.20, 0.010, 118.72, 1.54);
insert into SHOT values (154, 154, 155, 57, 14.690, 220.98, 8.80, 14.683, 221.00, 8.81, 0.009, 5.09, 16.27);
insert into SHOT values (155, 154, 156, 57, 10.740, 24.28, -12.80, 10.740, 24.24, -12.80, 0.008, 296.57, -4.16);
insert into SHOT values (156, 154, 157, 57, 15.310, 5.18, -19.20, 15.312, 5.16, -19.22, 0.008, 276.65, -39.33);
insert into SHOT values (157, 154, 158, 57, 15.060, 21.18, -27.20, 15.059, 21.18, -27.19, 0.004, 346.29, 83.26);
insert into SHOT values (158, 154, 159, 57, 6.510, 21.58, -41.70, 6.508, 21.49, -41.71, 0.008, 271.32, 4.66);
insert into SHOT values (159, 154, 160, 57, 12.680, 65.58, -17.00, 12.683, 65.55, -17.01, 0.008, 349.26, -19.81);
insert into SHOT values (160, 154, 161, 57, 14.740, 85.78, -5.30, 14.733, 85.78, -5.30, 0.007, 275.79, 11.96);
insert into SHOT values (161, 154, 162, 57, 6.130, 61.68, 71.40, 6.130, 61.60, 71.40, 0.003, 333.78, 3.63);
insert into SHOT values (162, 154, 163, 57, 27.160, 166.78, 16.80, 27.157, 166.79, 16.80, 0.005, 293.14, -1.13);
insert into SHOT values (163, 154, 164, 57, 9.640, 126.68, -5.50, 9.634, 126.69, -5.48, 0.007, 293.68, 34.65);
insert into SHOT values (164, 154, 165, 57, 18.680, 126.28, 1.90, 18.675, 126.26, 1.90, 0.008, 1.75, 4.58);
insert into SHOT values (165, 154, 166, 57, 11.540, 140.08, 6.10, 11.538, 140.09, 6.12, 0.005, 284.28, 49.88);
insert into SHOT values (166, 154, 167, 57, 21.340, 137.48, 7.90, 21.336, 137.49, 7.89, 0.006, 269.24, -32.04);
insert into SHOT values (167, 167, 168, 57, 11.720, 66.28, -2.30, 11.719, 66.28, -2.30, 0.002, 261.80, 12.64);
insert into SHOT values (168, 167, 169, 57, 24.250, 89.48, -1.40, 24.248, 89.48, -1.39, 0.003, 304.97, 48.88);
insert into SHOT values (169, 167, 170, 57, 8.410, 151.48, 64.60, 8.409, 151.44, 64.67, 0.010, 347.10, 16.54);
insert into SHOT values (170, 167, 171, 57, 15.970, 136.08, 40.00, 15.974, 136.06, 40.01, 0.007, 60.83, 42.32);
insert into SHOT values (171, 167, 172, 57, 12.640, 238.08, 15.90, 12.640, 238.11, 15.93, 0.010, 348.17, 45.10);
insert into SHOT values (172, 167, 173, 57, 14.120, 206.58, 21.20, 14.119, 206.58, 21.22, 0.005, 19.64, 52.74);
insert into SHOT values (173, 167, 174, 57, 1.810, 62.08, -34.20, 1.807, 61.73, -33.97, 0.012, 342.90, 37.72);
insert into SHOT values (174, 167, 175, 57, 8.240, 97.78, -16.30, 8.243, 97.77, -16.27, 0.005, 75.92, 32.77);
insert into SHOT values (175, 167, 176, 57, 13.250, 126.38, 6.10, 13.250, 126.36, 6.11, 0.006, 32.11, 18.29);
insert into SHOT values (176, 176, 177, 57, 21.200, 85.28, 3.50, 21.201, 85.28, 3.49, 0.004, 95.81, -73.92);
insert into SHOT values (177, 176, 178, 57, 27.030, 105.78, 3.00, 27.025, 105.78, 3.01, 0.008, 290.04, 43.58);
insert into SHOT values (178, 176, 179, 57, 13.820, 222.48, 7.00, 13.826, 222.49, 6.98, 0.008, 235.91, -30.54);
insert into SHOT values (179, 176, 180, 57, 19.890, 190.98, 5.70, 19.891, 190.98, 5.71, 0.005, 142.56, 76.68);
insert into SHOT values (180, 176, 181, 57, 9.160, 139.38, 57.80, 9.162, 139.40, 57.77, 0.005, 153.82, -11.85);
insert into SHOT values (181, 176, 182, 57, 18.700, 145.48, 28.90, 18.699, 145.50, 28.91, 0.007, 262.97, 21.06);
insert into SHOT values (182, 176, 183, 57, 6.140, 152.88, -11.80, 6.141, 152.88, -11.84, 0.004, 131.32, -81.84);
insert into SHOT values (183, 176, 184, 57, 14.140, 147.48, -4.80, 14.136, 147.49, -4.79, 0.006, 288.98, 35.16);
insert into SHOT values (184, 176, 185, 57, 24.070, 143.78, 0.70, 24.071, 143.79, 0.69, 0.005, 195.38, -61.36);
insert into SHOT values (185, 185, 186, 57, 12.500, 94.68, 1.20, 12.495, 94.68, 1.24, 0.010, 273.16, 55.99);
insert into SHOT values (186, 185, 187, 57, 17.530, 122.88, -3.70, 17.531, 122.89, -3.70, 0.003, 196.05, 26.96);
insert into SHOT values (187, 185, 188, 57, 19.990, 133.88, -5.00, 19.985, 133.88, -4.99, 0.006, 322.78, 23.58);
insert into SHOT values (188, 185, 189, 57, 16.460, 250.68, 7.00, 16.461, 250.70, 7.01, 0.006, 330.45, 39.21);
insert into SHOT values (189, 185, 190, 57, 19.330, 221.28, 2.60, 19.329, 221.28, 2.61, 0.003, 26.61, 74.57);
insert into SHOT values (190, 185, 191, 57, 7.320, 202.38, 44.90, 7.321, 202.46, 44.93, 0.008, 308.39, 23.08);
insert into SHOT values (191, 185, 192, 57, 20.670, 166.88, 10.90, 20.671, 166.90, 10.90, 0.007, 248.21, 11.75);
insert into SHOT values (192, 185, 193, 57, 10.380, 198.08, -19.20, 10.379, 198.07, -19.18, 0.005, 119.99, 49.64);
insert into SHOT values (193, 185, 194, 57, 14.930, 158.98, -17.50, 14.927, 158.97, -17.47, 0.010, 61.99, 68.89);
insert into SHOT values (194, 185, 195, 57, 7.970, 150.58, 70.70, 7.976, 150.61, 70.76, 0.010, 320.08, 53.02);
insert into SHOT values (195, 185, 196, 57, 21.010, 161.28, -13.10, 21.007, 161.30, -13.10, 0.007, 279.00, 16.36);
insert into SHOT values (196, 196, 197, 57, 17.290, 244.08, 6.00, 17.283, 244.09, 6.01, 0.009, 46.96, 18.46);
insert into SHOT values (197, 196, 198, 57, 23.420, 207.48, 0.90, 23.413, 207.47, 0.91, 0.008, 56.23, 14.95);
insert into SHOT values (198, 196, 199, 57, 35.040, 182.28, -0.80, 35.041, 182.27, -0.80, 0.006, 102.17, -7.51);
insert into SHOT values (199, 196, 200, 57, 8.900, 207.68, 63.00, 8.899, 207.58, 63.01, 0.007, 105.62, 0.32);
insert into SHOT values (200, 196, 201, 57, 13.840, 164.68, 49.60, 13.839, 164.68, 49.60, 0.001, 19.98, 12.12);
insert into SHOT values (201, 196, 202, 57, 11.950, 53.88, 8.80, 11.950, 53.89, 8.81, 0.002, 163.61, 64.06);
insert into SHOT values (202, 196, 203, 57, 11.290, 81.48, 6.20, 11.299, 81.50, 6.20, 0.010, 103.22, 3.90);
insert into SHOT values (203, 196, 204, 57, 2.260, 28.48, -23.80, 2.263, 28.54, -23.71, 0.005, 57.32, 23.65);
insert into SHOT values (204, 196, 205, 57, 4.760, 146.28, -33.20, 4.759, 146.15, -33.12, 0.012, 71.62, 33.81);
insert into SHOT values (205, 196, 206, 57, 12.100, 148.48, -15.00, 12.097, 148.47, -15.00, 0.004, 3.68, 25.43);
insert into SHOT values (206, 196, 207, 57, 24.180, 168.98, -5.10, 24.181, 168.97, -5.10, 0.008, 86.86, -4.09);
insert into SHOT values (207, 207, 208, 57, 25.810, 55.18, 1.50, 25.808, 55.18, 1.51, 0.005, 238.44, 59.19);
insert into SHOT values (208, 207, 209, 57, 10.690, 70.58, 48.50, 10.694, 70.54, 48.51, 0.006, 354.14, 35.12);
insert into SHOT values (209, 207, 210, 57, 12.910, 88.38, 35.50, 12.907, 88.36, 35.53, 0.008, 299.46, 24.23);
insert into SHOT values (210, 207, 211, 57, 13.660, 136.58, -8.20, 13.658, 136.59, -8.21, 0.003, 286.79, -32.09);
insert into SHOT values (211, 207, 212, 57, 20.980, 115.48, -6.00, 20.976, 115.50, -5.99, 0.007, 240.28, 26.79);
insert into SHOT values (212, 207, 213, 57, 3.750, 98.58, -27.60, 3.742, 98.67, -27.54, 0.010, 236.30, 45.37);
insert into SHOT values (213, 207, 214, 57, 14.870, 102.58, -16.90, 14.864, 102.59, -16.90, 0.007, 266.02, 24.19);
insert into SHOT values (214, 207, 215, 57, 17.480, 220.98, 1.90, 17.483, 220.99, 1.90, 0.003, 236.61, 9.18);
insert into SHOT values (215, 207, 216, 57, 11.900, 205.68, 48.40, 11.902, 205.72, 48.40, 0.006, 271.72, 11.52);
insert into SHOT values (216, 207, 217, 57, 12.580, 203.28, -14.80, 12.596, 203.15, -15.14, 0.082, 105.88, -69.47);
insert into SHOT values (217, 217, 218, 57, 12.470, 21.58, 15.80, 12.469, 21.56, 15.78, 0.007, 302.90, -50.00);
insert into SHOT values (218, 217, 219, 57, 7.940, 109.38, 2.40, 7.936, 109.37, 2.38, 0.005, 309.68, -29.42);
insert into SHOT values (219, 217, 220, 57, 4.980, 158.48, -2.10, 4.982, 158.43, -2.07, 0.005, 92.14, 27.99);
insert into SHOT values (220, 217, 221, 57, 9.920, 268.88, 3.90, 9.914, 268.90, 3.87, 0.008, 60.28, -38.48);
insert into SHOT values (221, 217, 222, 57, 10.090, 245.38, -10.30, 10.084, 245.40, -10.34, 0.009, 44.19, -38.70);
insert into SHOT values (222, 217, 223, 57, 4.680, 249.28, 57.10, 4.682, 249.29, 57.08, 0.002, 252.27, 13.40);
insert into SHOT values (223, 217, 224, 57, 5.950, 213.28, 21.90, 5.947, 213.32, 21.92, 0.005, 355.25, 8.07);
insert into SHOT values (224, 217, 225, 57, 8.390, 207.48, -11.50, 8.384, 207.47, -11.49, 0.006, 47.78, 25.81);
insert into SHOT values (225, 217, 226, 57, 2.380, 284.98, -19.90, 2.379, 285.03, -19.91, 0.002, 51.50, 2.57);
insert into SHOT values (226, 217, 227, 57, 6.270, 234.48, -31.60, 6.273, 234.52, -31.63, 0.006, 306.62, -48.45);
insert into SHOT values (227, 217, 228, 57, 8.730, 201.48, -32.90, 8.746, 201.38, -33.13, 0.041, 87.42, -69.29);
insert into SHOT values (228, 228, 229, 57, 1.390, 87.58, -17.50, 1.386, 87.83, -17.64, 0.008, 217.22, -15.23);
insert into SHOT values (229, 228, 230, 57, 1.950, 109.78, -26.90, 1.944, 109.90, -26.91, 0.007, 257.44, 19.00);
insert into SHOT values (230, 228, 231, 57, 3.440, 241.98, -6.60, 3.446, 241.94, -6.67, 0.007, 214.10, -38.39);
insert into SHOT values (231, 228, 232, 57, 1.220, 171.68, 51.80, 1.223, 171.66, 51.71, 0.004, 165.99, 19.30);
insert into SHOT values (232, 228, 233, 57, 1.110, 165.88, 1.30, 1.114, 165.96, 1.54, 0.006, 189.90, 51.32);
insert into SHOT values (233, 228, 234, 57, 3.320, 180.98, -51.60, 3.317, 181.11, -51.60, 0.005, 292.42, 20.43);
insert into SHOT values (234, 228, 235, 57, 4.140, 163.18, -49.30, 4.144, 163.24, -49.26, 0.006, 190.45, -12.72);
insert into SHOT values (235, 228, 236, 57, 7.920, 170.98, -40.90, 7.942, 170.98, -41.00, 0.026, 166.92, -72.26);
insert into SHOT values (236, 236, 237, 57, 4.690, 259.18, 5.10, 4.692, 259.15, 5.01, 0.008, 205.49, -62.15);
insert into SHOT values (237, 236, 238, 57, 10.440, 238.68, -8.40, 10.439, 238.67, -8.43, 0.006, 118.68, -52.80);
insert into SHOT values (238, 236, 239, 57, 1.050, 291.98, 56.50, 1.047, 292.17, 56.17, 0.007, 319.66, -54.24);
insert into SHOT values (239, 236, 240, 57, 1.550, 171.48, 20.10, 1.550, 171.31, 19.99, 0.005, 95.89, -31.02);
insert into SHOT values (240, 236, 241, 57, 1.740, 170.08, -30.90, 1.743, 169.97, -31.09, 0.007, 75.82, -65.33);
insert into SHOT values (241, 236, 242, 57, 4.380, 42.58, 10.50, 4.375, 42.55, 10.40, 0.009, 256.61, -62.60);
insert into SHOT values (242, 236, 243, 57, 9.300, 101.48, -14.00, 9.298, 101.51, -14.00, 0.005, 221.15, -1.52);
insert into SHOT values (243, 236, 244, 57, 10.560, 112.78, -17.10, 10.566, 112.78, -17.12, 0.007, 109.21, -47.21);
insert into SHOT values (244, 236, 245, 57, 8.660, 151.58, -24.00, 8.663, 151.62, -24.05, 0.009, 248.18, -55.57);
insert into SHOT values (245, 236, 246, 57, 11.400, 162.48, -21.10, 11.421, 162.49, -21.41, 0.066, 333.66, -87.61);
insert into SHOT values (246, 246, 247, 57, 9.430, 65.18, -5.60, 9.432, 65.18, -5.60, 0.002, 61.53, 6.16);
insert into SHOT values (247, 246, 248, 57, 7.540, 109.78, -3.70, 7.538, 109.74, -3.73, 0.007, 358.18, -27.23);
insert into SHOT values (248, 246, 249, 57, 6.010, 350.68, 46.60, 6.015, 350.81, 46.60, 0.010, 59.24, 18.30);
insert into SHOT values (249, 246, 250, 57, 3.380, 171.28, 64.70, 3.381, 171.19, 64.85, 0.009, 7.93, 28.13);
insert into SHOT values (250, 246, 251, 57, 1.330, 172.88, -35.50, 1.326, 172.55, -35.51, 0.008, 52.85, 17.65);
insert into SHOT values (251, 246, 252, 57, 15.040, 282.68, 4.60, 15.034, 282.68, 4.62, 0.007, 104.51, 32.63);
insert into SHOT values (252, 246, 253, 57, 18.010, 254.48, 1.60, 18.002, 254.50, 1.59, 0.010, 47.40, -17.28);
insert into SHOT values (253, 246, 254, 57, 25.170, 222.88, 2.30, 25.168, 222.87, 2.30, 0.005, 110.42, -1.41);
insert into SHOT values (254, 246, 255, 57, 6.820, 211.38, -16.50, 6.816, 211.35, -16.54, 0.007, 64.67, -27.21);
insert into SHOT values (255, 246, 256, 57, 12.450, 187.28, -11.10, 12.451, 187.24, -11.11, 0.009, 99.54, -19.25);
insert into SHOT values (256, 246, 257, 57, 7.150, 179.98, 20.10, 7.147, 179.91, 20.13, 0.010, 60.53, 17.13);
insert into SHOT values (257, 246, 258, 57, 30.020, 162.68, -2.90, 30.034, 162.62, -3.82, 0.482, 48.76, -85.93);
insert into SHOT values (258, 258, 259, 57, 15.480, 53.98, 6.90, 15.482, 53.97, 6.90, 0.003, 356.62, 4.89);
insert into SHOT values (259, 258, 260, 57, 19.970, 82.88, 8.90, 19.973, 82.87, 8.90, 0.006, 23.75, 4.07);
insert into SHOT values (260, 258, 261, 57, 15.770, 248.68, 12.90, 15.772, 248.68, 12.93, 0.010, 171.32, 78.66);
insert into SHOT values (261, 258, 262, 57, 17.790, 200.78, 8.30, 17.790, 200.76, 8.31, 0.007, 105.85, 16.22);
insert into SHOT values (262, 258, 263, 57, 8.310, 329.28, 36.70, 8.312, 329.32, 36.72, 0.005, 58.65, 43.81);
insert into SHOT values (263, 258, 264, 57, 5.530, 42.88, 69.30, 5.536, 42.92, 69.34, 0.007, 184.71, 71.68);
insert into SHOT values (264, 258, 265, 57, 11.260, 110.38, 29.50, 11.264, 110.36, 29.52, 0.007, 45.69, 47.94);
insert into SHOT values (265, 258, 266, 57, 2.370, 136.38, -36.20, 2.368, 136.27, -36.25, 0.005, 8.61, -3.27);
insert into SHOT values (266, 258, 267, 57, 6.880, 126.88, -16.10, 6.881, 126.89, -16.03, 0.009, 134.16, 63.97);
insert into SHOT values (267, 258, 268, 57, 4.330, 341.28, -31.80, 4.333, 341.32, -31.75, 0.005, 11.14, 20.20);
insert into SHOT values (268, 258, 269, 57, 10.900, 333.68, -7.40, 10.900, 333.70, -7.38, 0.005, 62.52, 58.18);
insert into SHOT values (269, 258, 270, 57, 14.820, 121.08, -3.80, 14.829, 121.20, -4.25, 0.121, 209.13, -76.05);
insert into SHOT values (270, 270, 271, 57, 14.790, 15.98, 13.20, 14.790, 16.01, 13.21, 0.006, 116.88, 25.00);
insert into SHOT values (271, 270, 272, 57, 13.040, 44.38, 11.40, 13.036, 44.40, 11.41, 0.006, 189.15, 24.30);
insert into SHOT values (272, 270, 273, 57, 9.910, 120.98, 5.80, 9.919, 120.98, 5.79, 0.009, 121.77, -9.51);
insert into SHOT values (273, 270, 274, 57, 11.980, 127.68, 5.20, 11.983, 127.71, 5.22, 0.008, 196.36, 30.55);
insert into SHOT values (274, 270, 275, 57, 12.150, 108.78, 5.50, 12.152, 108.81, 5.52, 0.008, 179.94, 42.85);
insert into SHOT values (275, 270, 276, 57, 19.220, 147.68, 4.70, 19.222, 147.69, 4.71, 0.005, 196.90, 70.53);
insert into SHOT values (276, 270, 277, 57, 17.680, 220.68, 7.30, 17.680, 220.68, 7.31, 0.004, 130.14, 57.57);
insert into SHOT values (277, 270, 278, 57, 22.980, 249.18, 9.90, 22.982, 249.17, 9.90, 0.005, 179.78, -10.83);
insert into SHOT values (278, 270, 279, 57, 7.730, 235.88, 50.40, 7.736, 235.83, 50.39, 0.008, 186.55, 31.57);
insert into SHOT values (279, 270, 280, 57, 6.250, 176.68, 71.20, 6.253, 176.58, 71.22, 0.005, 77.20, 44.14);
insert into SHOT values (280, 270, 281, 57, 8.190, 93.58, 56.20, 8.195, 93.65, 56.20, 0.007, 151.66, 35.27);
insert into SHOT values (281, 270, 282, 57, 3.640, 83.68, -8.70, 3.643, 83.78, -8.68, 0.007, 147.71, 4.83);
insert into SHOT values (282, 270, 283, 57, 9.720, 91.68, 35.90, 9.720, 91.67, 35.90, 0.001, 350.47, 20.10);
insert into SHOT values (283, 270, 284, 57, 13.970, 88.28, 5.20, 13.973, 88.48, 4.76, 0.117, 163.66, -65.29);
insert into SHOT values (284, 284, 285, 57, 1.660, 54.38, 24.60, 1.662, 54.42, 24.52, 0.003, 71.38, -17.84);
insert into SHOT values (285, 284, 286, 57, 3.630, 206.48, 3.00, 3.632, 206.35, 3.00, 0.008, 129.45, 0.14);
insert into SHOT values (286, 284, 287, 57, 5.220, 169.08, 1.80, 5.227, 169.08, 1.75, 0.008, 164.91, -28.68);
insert into SHOT values (287, 284, 288, 57, 3.620, 179.18, -21.90, 3.621, 179.15, -21.89, 0.003, 126.77, 4.69);
insert into SHOT values (288, 284, 289, 57, 6.840, 130.18, 24.90, 6.844, 130.23, 24.89, 0.007, 179.32, 0.96);
insert into SHOT values (289, 270, 290, 57, 19.550, 193.08, -3.70, 19.555, 193.06, -3.69, 0.010, 139.28, 9.67);
insert into SHOT values (290, 290, 291, 57, 12.520, 99.28, 14.60, 12.514, 99.27, 14.63, 0.009, 301.94, 26.23);
insert into SHOT values (291, 290, 292, 57, 6.090, 272.48, 6.00, 6.090, 272.56, 6.03, 0.008, 7.13, 24.04);
insert into SHOT values (292, 290, 293, 57, 5.850, 167.38, 88.60, 5.852, 167.91, 88.60, 0.002, 246.79, 52.75);
insert into SHOT values (293, 290, 294, 57, 1.430, 243.48, -81.90, 1.434, 243.43, -81.93, 0.004, 98.28, -86.04);
insert into SHOT values (294, 290, 295, 57, 9.730, 192.68, 5.20, 9.727, 192.70, 5.19, 0.005, 324.51, -23.23);
insert into SHOT values (295, 290, 296, 57, 16.590, 57.58, 9.30, 16.591, 57.57, 9.30, 0.004, 348.67, -16.33);
insert into SHOT values (296, 290, 297, 57, 10.560, 306.98, 12.60, 10.565, 306.96, 12.57, 0.008, 272.48, -25.06);
insert into SHOT values (297, 290, 298, 57, 16.050, 165.58, -13.40, 16.047, 165.61, -13.40, 0.007, 280.74, -3.44);
insert into SHOT values (298, 298, 299, 57, 6.780, 85.28, 18.50, 6.782, 85.27, 18.48, 0.003, 59.52, -28.06);
insert into SHOT values (299, 298, 300, 57, 7.280, 267.78, 22.00, 7.277, 267.79, 22.04, 0.006, 77.01, 29.94);
insert into SHOT values (300, 298, 301, 57, 3.680, 159.08, 86.40, 3.677, 156.80, 86.44, 0.010, 52.10, -16.06);
insert into SHOT values (301, 298, 302, 57, 1.560, 282.58, -79.50, 1.555, 282.53, -79.75, 0.009, 104.53, 26.71);
insert into SHOT values (302, 298, 303, 57, 11.850, 159.18, 14.70, 11.849, 159.15, 14.72, 0.008, 59.33, 21.34);
insert into SHOT values (303, 298, 304, 57, 9.070, 55.58, 27.80, 9.074, 55.56, 27.79, 0.005, 14.39, -1.35);
insert into SHOT values (304, 298, 305, 57, 9.200, 321.98, 34.40, 9.198, 322.01, 34.42, 0.006, 94.70, 23.46);
insert into SHOT values (305, 298, 306, 57, 9.920, 224.88, 11.60, 9.912, 224.87, 11.64, 0.010, 53.83, 30.82);
insert into SHOT values (306, 298, 307, 57, 11.850, 205.98, 1.50, 11.851, 205.98, 1.50, 0.001, 189.99, -7.90);
insert into SHOT values (307, 307, 308, 57, 3.220, 311.18, 10.70, 3.224, 311.29, 10.73, 0.007, 10.88, 17.75);
insert into SHOT values (308, 307, 309, 57, 8.370, 109.88, 9.00, 8.375, 109.86, 9.00, 0.006, 74.78, 6.06);
insert into SHOT values (309, 307, 310, 57, 3.090, 357.88, 86.20, 3.087, 0.00, 86.10, 0.010, 54.71, -19.09);
insert into SHOT values (310, 307, 311, 57, 1.530, 52.08, -65.00, 1.534, 51.89, -65.00, 0.004, 357.66, -51.65);
insert into SHOT values (311, 307, 312, 57, 13.940, 61.38, 5.80, 13.949, 61.37, 5.80, 0.009, 36.20, 7.73);
insert into SHOT values (312, 307, 313, 57, 6.440, 347.18, 12.60, 6.442, 347.22, 12.64, 0.007, 68.19, 48.53);
insert into SHOT values (313, 307, 314, 57, 6.040, 272.58, 12.20, 6.034, 272.62, 12.25, 0.009, 62.53, 22.80);
insert into SHOT values (314, 307, 315, 57, 9.820, 143.58, 23.00, 9.820, 143.55, 23.02, 0.006, 41.96, 28.55);
insert into SHOT values (315, 307, 316, 57, 8.670, 213.88, 10.20, 8.664, 213.86, 10.24, 0.009, 61.36, 29.95);
insert into SHOT values (316, 316, 317, 57, 10.920, 84.78, 10.60, 10.920, 84.76, 10.55, 0.010, 11.45, -64.97);
insert into SHOT values (317, 316, 318, 57, 2.430, 152.08, 89.00, 2.430, 153.43, 88.95, 0.003, 176.73, 8.32);
insert into SHOT values (318, 316, 319, 57, 8.630, 244.88, 12.70, 8.633, 244.93, 12.65, 0.011, 296.19, -42.18);
insert into SHOT values (319, 316, 320, 57, 1.650, 189.58, -85.50, 1.655, 188.75, -85.44, 0.006, 146.55, -61.04);
insert into SHOT values (320, 316, 321, 57, 14.950, 118.48, 14.20, 14.948, 118.47, 14.17, 0.008, 30.98, -74.25);
insert into SHOT values (321, 316, 322, 57, 13.100, 175.58, 8.30, 13.096, 175.57, 8.30, 0.005, 21.25, -13.05);
insert into SHOT values (322, 316, 323, 57, 5.740, 341.68, 2.90, 5.737, 341.69, 2.90, 0.003, 143.38, -8.42);
insert into SHOT values (323, 316, 324, 57, 8.780, 253.98, 10.00, 8.779, 253.95, 9.97, 0.006, 167.28, -47.08);
insert into SHOT values (324, 324, 325, 57, 8.670, 179.08, 5.40, 8.670, 179.14, 5.43, 0.009, 272.93, 26.59);
insert into SHOT values (325, 324, 326, 57, 11.410, 178.88, 5.70, 11.408, 178.89, 5.68, 0.004, 316.94, -58.91);
insert into SHOT values (326, 316, 327, 57, 8.690, 179.08, 5.30, 8.688, 179.07, 5.28, 0.004, 41.07, -49.49);
insert into SHOT values (327, 327, 328, 57, 3.240, 250.98, 23.00, 3.237, 251.02, 22.90, 0.006, 349.43, -72.73);
insert into SHOT values (328, 327, 329, 57, 12.430, 59.98, 9.20, 12.428, 59.97, 9.21, 0.005, 292.15, 29.41);
insert into SHOT values (329, 327, 330, 57, 1.840, 137.28, 88.30, 1.841, 143.13, 88.44, 0.007, 270.86, 6.57);
insert into SHOT values (330, 327, 331, 57, 1.570, 37.08, -68.20, 1.570, 37.27, -68.40, 0.006, 196.91, -23.00);
insert into SHOT values (331, 327, 332, 57, 5.170, 150.58, 13.60, 5.167, 150.68, 13.54, 0.010, 250.64, -33.47);
insert into SHOT values (332, 327, 333, 57, 9.930, 323.88, 7.30, 9.927, 323.84, 7.29, 0.008, 213.40, -12.53);
insert into SHOT values (333, 327, 334, 57, 14.470, 46.18, 8.20, 14.462, 46.19, 8.19, 0.008, 214.71, -27.80);
insert into SHOT values (334, 327, 335, 57, 6.070, 99.98, 4.60, 6.077, 99.88, 4.25, 0.039, 51.50, -68.82);
insert into SHOT values (335, 335, 336, 57, 6.910, 80.78, 13.80, 6.917, 80.75, 13.80, 0.008, 49.88, 12.26);
insert into SHOT values (336, 335, 337, 57, 5.240, 233.98, 9.00, 5.233, 233.97, 9.01, 0.007, 61.66, 2.32);
insert into SHOT values (337, 335, 338, 57, 1.880, 180.88, 84.50, 1.879, 180.00, 84.50, 0.003, 86.52, -25.80);
insert into SHOT values (338, 335, 339, 57, 1.450, 290.98, -79.00, 1.447, 291.04, -78.90, 0.004, 298.95, 60.34);
insert into SHOT values (339, 335, 340, 57, 8.850, 173.18, -12.80, 8.842, 172.92, -13.27, 0.083, 50.79, -56.44);
insert into SHOT values (340, 340, 341, 57, 4.910, 281.18, 13.40, 4.904, 281.12, 13.44, 0.009, 138.32, 14.02);
insert into SHOT values (341, 340, 342, 57, 9.050, 56.18, 15.80, 9.052, 56.24, 15.83, 0.010, 141.14, 35.45);
insert into SHOT values (342, 340, 343, 57, 2.460, 182.88, 80.60, 2.463, 182.86, 80.64, 0.003, 9.28, 66.95);
insert into SHOT values (343, 340, 344, 57, 1.530, 276.98, -79.10, 1.528, 275.91, -79.00, 0.006, 208.68, 22.12);
insert into SHOT values (344, 340, 345, 57, 11.080, 168.28, 6.60, 11.084, 168.26, 6.63, 0.009, 120.05, 49.49);
insert into SHOT values (345, 340, 346, 57, 7.840, 207.58, 2.00, 7.822, 207.42, 1.69, 0.052, 80.50, -56.97);
insert into SHOT values (346, 346, 347, 57, 5.540, 167.78, 7.00, 5.535, 167.81, 6.95, 0.008, 319.16, -43.04);
insert into SHOT values (347, 346, 348, 57, 4.780, 336.48, 14.90, 4.784, 336.43, 14.77, 0.012, 302.83, -48.30);
insert into SHOT values (348, 346, 349, 57, 1.810, 231.48, 82.60, 1.805, 233.62, 82.49, 0.010, 304.25, -28.17);
insert into SHOT values (349, 346, 350, 57, 1.410, 340.88, -75.20, 1.417, 340.56, -75.26, 0.007, 261.22, -73.05);
insert into SHOT values (350, 346, 351, 57, 6.940, 110.18, 8.20, 6.933, 110.20, 8.21, 0.007, 269.63, 1.23);
insert into SHOT values (351, 346, 352, 57, 6.830, 304.78, 8.60, 6.837, 304.82, 8.58, 0.008, 335.21, -9.12);
insert into SHOT values (352, 346, 353, 57, 10.610, 254.88, 3.20, 10.590, 255.04, 2.71, 0.098, 11.87, -70.10);
insert into SHOT values (353, 353, 354, 57, 7.600, 131.58, -2.90, 7.603, 131.58, -2.86, 0.006, 132.56, 52.84);
insert into SHOT values (354, 353, 355, 57, 9.910, 183.58, 0.90, 9.911, 183.59, 0.93, 0.004, 232.19, 77.48);
insert into SHOT values (355, 353, 356, 57, 5.060, 355.58, 3.70, 5.056, 355.57, 3.74, 0.006, 194.05, 37.04);
insert into SHOT values (356, 353, 357, 57, 1.170, 219.08, 87.70, 1.171, 216.87, 87.55, 0.004, 186.39, 14.77);
insert into SHOT values (357, 353, 358, 57, 1.910, 217.58, -84.20, 1.910, 216.87, -83.99, 0.007, 197.92, 1.72);
insert into SHOT values (358, 353, 359, 57, 13.830, 272.28, -4.40, 13.817, 272.54, -5.02, 0.163, 24.99, -65.79);
insert into SHOT values (359, 359, 360, 57, 5.930, 355.98, 22.70, 5.924, 356.01, 22.74, 0.008, 155.84, 11.29);
insert into SHOT values (360, 359, 361, 57, 5.170, 182.48, 0.70, 5.175, 182.44, 0.66, 0.007, 142.91, -25.71);
insert into SHOT values (361, 359, 362, 57, 1.620, 177.08, 82.30, 1.615, 177.40, 82.16, 0.006, 197.98, -57.85);
insert into SHOT values (362, 359, 363, 57, 0.870, 99.58, -86.00, 0.872, 99.46, -86.00, 0.002, 57.00, -84.90);
insert into SHOT values (363, 359, 364, 57, 6.300, 29.48, 14.70, 6.297, 29.51, 14.72, 0.005, 169.62, 15.65);
insert into SHOT values (364, 359, 365, 57, 8.510, 267.38, 5.30, 8.505, 267.36, 5.26, 0.008, 122.93, -46.84);
insert into SHOT values (365, 359, 366, 57, 6.060, 262.38, -1.40, 6.045, 262.49, -1.80, 0.046, 48.54, -64.88);
insert into SHOT values (366, 366, 367, 57, 1.380, 212.08, 5.40, 1.385, 211.96, 5.39, 0.006, 182.61, 1.26);
insert into SHOT values (367, 366, 368, 57, 3.940, 32.78, 26.90, 3.944, 32.92, 26.99, 0.011, 118.41, 41.03);
insert into SHOT values (368, 366, 369, 57, 1.680, 338.88, 83.50, 1.681, 341.57, 83.52, 0.009, 73.09, 5.13);
insert into SHOT values (369, 366, 370, 57, 1.200, 242.88, -54.70, 1.198, 242.32, -54.90, 0.008, 118.60, -4.42);
insert into SHOT values (370, 366, 371, 57, 4.520, 316.38, 2.90, 4.511, 316.53, 2.67, 0.023, 82.46, -52.79);
insert into SHOT values (371, 371, 372, 57, 2.950, 232.48, -24.40, 2.947, 232.57, -24.46, 0.006, 8.15, -12.32);
insert into SHOT values (372, 371, 373, 57, 13.100, 54.38, 38.40, 13.105, 54.39, 38.40, 0.005, 73.68, 34.29);
insert into SHOT values (373, 371, 374, 57, 9.240, 299.38, 1.20, 9.244, 299.42, 1.18, 0.008, 356.90, -25.22);
insert into SHOT values (374, 371, 375, 57, 2.880, 162.88, 26.10, 2.879, 162.90, 26.17, 0.004, 325.34, 54.28);
insert into SHOT values (375, 371, 376, 57, 1.300, 77.08, -78.20, 1.298, 77.01, -78.13, 0.003, 57.00, 67.40);
insert into SHOT values (376, 371, 377, 57, 1.090, 331.58, 88.00, 1.091, 333.43, 87.65, 0.007, 343.83, 5.57);
insert into SHOT values (377, 371, 378, 57, 7.070, 317.28, -8.80, 7.077, 317.61, -9.19, 0.063, 47.99, -50.47);
insert into SHOT values (378, 378, 379, 57, 3.710, 174.98, 4.80, 3.717, 175.04, 4.78, 0.008, 204.75, -3.22);
insert into SHOT values (379, 378, 380, 57, 4.460, 317.38, 4.70, 4.460, 317.37, 4.76, 0.005, 196.42, 76.37);
insert into SHOT values (380, 378, 381, 57, 4.810, 297.88, 80.50, 4.816, 297.86, 80.54, 0.006, 126.57, 70.32);
insert into SHOT values (381, 378, 382, 57, 1.260, 255.28, -77.80, 1.259, 254.93, -77.65, 0.004, 226.32, 24.36);
insert into SHOT values (382, 378, 383, 57, 12.620, 281.98, -24.30, 12.616, 281.95, -24.29, 0.009, 170.99, 22.14);
insert into SHOT values (383, 383, 384, 57, 2.610, 358.78, 3.10, 2.614, 358.68, 3.07, 0.007, 313.49, -10.14);
insert into SHOT values (384, 383, 385, 57, 6.040, 176.48, 10.90, 6.040, 176.52, 10.88, 0.004, 267.91, -29.07);
insert into SHOT values (385, 383, 386, 57, 2.450, 342.08, 82.80, 2.450, 341.57, 82.59, 0.010, 324.73, -4.06);
insert into SHOT values (386, 383, 387, 57, 1.460, 125.78, -84.40, 1.456, 126.03, -84.64, 0.007, 300.65, 25.06);
insert into SHOT values (387, 383, 388, 57, 5.220, 225.18, 5.20, 5.218, 225.23, 5.17, 0.006, 330.23, -32.98);
insert into SHOT values (388, 383, 389, 57, 4.030, 90.78, 8.50, 4.025, 90.72, 8.57, 0.008, 309.79, 31.81);
insert into SHOT values (389, 383, 390, 57, 12.850, 248.28, -2.50, 12.853, 248.29, -2.50, 0.003, 274.48, 8.44);
insert into SHOT values (390, 390, 391, 57, 1.220, 156.38, -0.60, 1.213, 156.18, -0.47, 0.008, 9.29, 19.45);
insert into SHOT values (391, 390, 392, 57, 2.170, 310.58, 8.30, 2.171, 310.66, 8.21, 0.005, 14.08, -45.54);
insert into SHOT values (392, 390, 393, 57, 1.520, 4.18, 88.30, 1.521, 0.00, 88.12, 0.006, 326.81, 6.35);
insert into SHOT values (393, 390, 394, 57, 0.860, 339.78, -89.50, 0.860, 0.00, -89.33, 0.004, 41.25, -0.48);
insert into SHOT values (394, 390, 395, 57, 1.960, 112.78, 4.60, 1.957, 112.62, 4.69, 0.007, 349.14, 22.85);
insert into SHOT values (395, 390, 396, 57, 2.830, 17.98, 0.80, 2.827, 17.92, 0.81, 0.004, 247.74, 7.07);
insert into SHOT values (396, 390, 397, 57, 4.130, 255.08, 9.40, 4.132, 255.08, 9.33, 0.005, 247.79, -56.59);
insert into SHOT values (397, 390, 398, 57, 4.780, 251.48, 2.30, 4.779, 251.57, 2.28, 0.007, 350.74, -14.79);
insert into SHOT values (398, 398, 399, 57, 1.190, 113.88, 2.80, 1.197, 114.21, 2.87, 0.010, 160.01, 11.31);
insert into SHOT values (399, 398, 400, 57, 1.310, 307.38, 0.80, 1.306, 307.22, 0.88, 0.006, 171.19, 17.76);
insert into SHOT values (400, 398, 401, 57, 0.960, 11.78, 85.70, 0.963, 15.95, 85.66, 0.006, 94.99, 26.92);
insert into SHOT values (401, 398, 402, 57, 1.390, 250.98, -84.80, 1.386, 251.57, -84.76, 0.004, 319.52, 72.12);
insert into SHOT values (402, 398, 403, 57, 2.320, 188.18, -33.10, 2.327, 188.25, -33.07, 0.008, 208.23, -23.12);
insert into SHOT values (403, 403, 404, 57, 1.220, 163.18, 13.60, 1.218, 162.79, 13.77, 0.009, 53.76, 19.99);
insert into SHOT values (404, 403, 405, 57, 1.470, 331.88, 18.80, 1.472, 332.15, 19.04, 0.009, 65.50, 44.46);
insert into SHOT values (405, 403, 406, 57, 0.430, 248.08, 78.50, 0.437, 246.80, 79.96, 0.013, 78.15, 41.55);
insert into SHOT values (406, 403, 407, 57, 0.380, 140.28, -76.30, 0.372, 139.40, -75.64, 0.010, 107.22, 74.15);
insert into SHOT values (407, 403, 408, 57, 5.870, 240.18, -3.00, 5.862, 240.19, -2.93, 0.010, 51.33, 43.49);
insert into SHOT values (408, 378, 409, 57, 10.310, 355.58, 22.50, 10.306, 355.80, 22.00, 0.098, 45.42, -61.12);
insert into SHOT values (409, 409, 410, 57, 0.610, 290.78, 2.30, 0.612, 291.10, 2.81, 0.007, 357.67, 55.94);
insert into SHOT values (410, 409, 411, 57, 18.470, 140.38, 8.00, 18.476, 140.37, 8.03, 0.012, 94.66, 52.80);
insert into SHOT values (411, 409, 412, 57, 0.850, 155.78, 80.70, 0.852, 155.22, 80.33, 0.006, 142.28, 11.11);
insert into SHOT values (412, 409, 413, 57, 1.190, 110.88, -70.10, 1.183, 111.54, -69.79, 0.011, 164.51, 56.91);
insert into SHOT values (413, 409, 414, 57, 9.880, 89.18, 6.30, 9.903, 89.01, 5.85, 0.086, 45.66, -59.97);
insert into SHOT values (414, 414, 415, 57, 12.110, 152.88, 25.20, 12.103, 152.90, 25.18, 0.008, 303.48, -48.84);
insert into SHOT values (415, 414, 416, 57, 10.120, 200.38, 12.50, 10.118, 200.38, 12.50, 0.002, 38.61, -11.04);
insert into SHOT values (416, 414, 417, 57, 2.640, 357.98, -7.10, 2.643, 357.81, -7.17, 0.009, 283.47, -24.74);
insert into SHOT values (417, 414, 418, 57, 1.090, 241.38, 85.30, 1.084, 243.43, 85.27, 0.007, 330.09, -63.17);
insert into SHOT values (418, 414, 419, 57, 1.830, 2.28, -84.60, 1.828, 0.00, -84.66, 0.007, 253.12, 14.68);
insert into SHOT values (419, 414, 420, 57, 14.630, 100.08, 15.20, 14.630, 99.75, 14.49, 0.199, 39.85, -62.02);
insert into SHOT values (420, 420, 421, 57, 7.840, 188.48, 4.10, 7.845, 188.45, 4.09, 0.007, 147.62, -4.64);
insert into SHOT values (421, 420, 422, 57, 6.100, 17.48, 3.40, 6.092, 17.51, 3.39, 0.008, 175.35, -12.46);
insert into SHOT values (422, 420, 423, 57, 2.690, 213.48, 80.80, 2.694, 212.57, 80.88, 0.009, 100.07, 31.94);
insert into SHOT values (423, 420, 424, 57, 3.040, 247.18, -64.20, 3.035, 246.91, -64.09, 0.010, 183.58, 45.17);
insert into SHOT values (424, 420, 425, 57, 15.740, 225.28, -1.30, 15.744, 225.26, -1.27, 0.011, 167.37, 40.56);
insert into SHOT values (425, 420, 426, 57, 19.020, 251.88, -1.80, 19.024, 251.86, -1.81, 0.009, 192.42, -16.47);
insert into SHOT values (426, 420, 427, 57, 10.010, 273.08, -0.90, 10.005, 273.04, -0.92, 0.010, 152.70, -16.53);
insert into SHOT values (427, 420, 428, 57, 5.300, 333.08, -1.30, 5.296, 333.05, -1.30, 0.005, 195.89, 2.91);
insert into SHOT values (428, 420, 429, 57, 10.980, 134.38, -0.30, 10.982, 134.37, -0.31, 0.004, 92.62, -40.69);
insert into SHOT values (429, 420, 430, 57, 6.920, 82.88, 2.30, 6.918, 82.94, 2.32, 0.007, 189.79, 18.67);
insert into SHOT values (430, 420, 431, 57, 12.490, 93.78, 1.90, 12.495, 93.81, 1.93, 0.010, 147.55, 37.86);
insert into SHOT values (431, 420, 432, 57, 10.800, 93.88, -12.50, 10.826, 93.69, -12.92, 0.090, 16.70, -66.69);
insert into SHOT values (432, 432, 433, 57, 2.390, 107.58, 12.50, 2.385, 107.50, 12.59, 0.007, 318.35, 22.56);
insert into SHOT values (433, 432, 434, 57, 4.680, 309.78, 7.30, 4.682, 309.76, 7.36, 0.006, 262.15, 63.00);
insert into SHOT values (434, 432, 435, 57, 1.730, 64.98, 10.00, 1.726, 64.94, 10.01, 0.004, 262.93, -6.01);
insert into SHOT values (435, 432, 436, 57, 1.360, 179.08, -79.40, 1.363, 180.00, -79.43, 0.005, 272.03, -38.68);
insert into SHOT values (436, 432, 437, 57, 3.950, 211.48, 85.00, 3.955, 211.83, 85.05, 0.006, 356.66, 54.46);
insert into SHOT values (437, 432, 327, 57, 5.290, 8.88, -33.40, 5.321, 9.08, -33.54, 0.037, 47.34, -48.73);
insert into SHOT values (438, 284, 438, 57, 4.930, 152.78, -17.10, 4.955, 152.84, -17.26, 0.029, 166.05, -45.18);
insert into SHOT values (439, 438, 439, 57, 2.420, 11.18, 7.40, 2.426, 11.26, 7.34, 0.008, 38.60, -12.96);
insert into SHOT values (440, 438, 440, 57, 1.270, 196.28, 19.00, 1.265, 196.01, 18.92, 0.008, 68.43, -25.78);
insert into SHOT values (441, 438, 441, 57, 3.780, 86.38, 84.20, 3.779, 85.49, 84.21, 0.006, 348.21, -6.15);
insert into SHOT values (442, 438, 442, 57, 3.440, 31.08, 46.10, 3.445, 30.96, 46.05, 0.007, 348.34, 10.09);
insert into SHOT values (443, 438, 443, 57, 0.880, 81.18, -80.70, 0.882, 77.91, -80.65, 0.008, 356.30, -10.79);
insert into SHOT values (444, 438, 444, 57, 7.000, 79.58, -4.90, 7.002, 79.51, -4.92, 0.009, 3.43, -13.08);
insert into SHOT values (445, 438, 445, 57, 4.330, 116.78, 1.00, 4.334, 116.74, 0.93, 0.008, 80.52, -47.06);
insert into SHOT values (446, 438, 446, 57, 10.180, 100.08, -13.60, 10.195, 100.19, -13.91, 0.059, 185.62, -72.44);
insert into SHOT values (447, 446, 447, 57, 4.070, 207.38, 12.00, 4.064, 207.40, 11.93, 0.008, 11.69, -50.58);
insert into SHOT values (448, 446, 448, 57, 3.090, 357.78, 12.80, 3.088, 357.72, 12.72, 0.006, 254.45, -52.13);
insert into SHOT values (449, 446, 449, 57, 4.810, 150.68, 84.50, 4.802, 151.19, 84.54, 0.010, 288.99, -52.34);
insert into SHOT values (450, 446, 450, 57, 1.120, 227.88, -86.50, 1.122, 225.00, -86.39, 0.005, 170.17, -26.41);
insert into SHOT values (451, 446, 451, 57, 6.050, 161.28, 7.60, 6.049, 161.32, 7.60, 0.004, 266.19, -1.98);
insert into SHOT values (452, 446, 452, 57, 8.480, 64.28, 11.50, 8.485, 64.27, 11.49, 0.005, 38.65, -6.83);
insert into SHOT values (453, 446, 453, 57, 3.870, 324.68, 7.10, 3.866, 324.65, 6.98, 0.009, 178.52, -66.79);
insert into SHOT values (454, 446, 454, 57, 10.940, 110.68, 6.30, 10.949, 110.81, 5.92, 0.077, 166.77, -66.84);
insert into SHOT values (455, 454, 455, 57, 6.100, 206.88, 2.40, 6.096, 206.94, 2.35, 0.009, 325.16, -36.61);
insert into SHOT values (456, 454, 456, 57, 7.670, 30.48, 3.60, 7.671, 30.45, 3.59, 0.005, 315.12, -19.60);
insert into SHOT values (457, 454, 457, 57, 8.370, 332.58, 2.40, 8.376, 332.61, 2.39, 0.007, 6.01, -4.27);
insert into SHOT values (458, 454, 458, 57, 14.020, 88.78, 9.00, 14.015, 88.76, 8.99, 0.008, 324.07, -23.83);
insert into SHOT values (459, 454, 459, 57, 10.300, 157.08, 9.90, 10.294, 157.08, 9.90, 0.006, 349.43, -8.46);
insert into SHOT values (460, 454, 460, 57, 2.110, 130.38, 86.80, 2.103, 127.87, 86.89, 0.009, 2.55, -46.73);
insert into SHOT values (461, 454, 461, 57, 2.770, 217.38, -74.80, 2.775, 217.67, -74.96, 0.010, 7.59, -44.00);
insert into SHOT values (462, 454, 462, 57, 17.080, 128.08, 12.10, 17.075, 128.09, 12.10, 0.005, 279.90, -3.03);
insert into SHOT values (463, 462, 463, 57, 5.520, 46.08, 6.20, 5.520, 46.03, 6.14, 0.008, 320.03, -52.39);
insert into SHOT values (464, 462, 464, 57, 2.320, 220.38, -6.60, 2.314, 220.41, -6.70, 0.007, 29.80, -27.81);
insert into SHOT values (465, 462, 465, 57, 1.300, 117.08, 85.10, 1.295, 116.57, 85.05, 0.005, 63.91, -76.47);
insert into SHOT values (466, 462, 466, 57, 1.680, 220.58, -86.90, 1.683, 220.60, -86.86, 0.003, 221.84, -61.35);
insert into SHOT values (467, 462, 467, 57, 9.810, 100.08, 5.80, 9.811, 100.09, 5.79, 0.002, 143.93, -39.95);
insert into SHOT values (468, 462, 468, 57, 12.740, 128.48, 2.70, 12.739, 128.49, 2.70, 0.002, 241.56, -4.00);
insert into SHOT values (469, 468, 469, 57, 10.930, 56.38, -2.30, 10.936, 56.38, -2.31, 0.007, 55.82, -11.98);
insert into SHOT values (470, 468, 470, 57, 5.960, 220.78, -0.50, 5.956, 220.78, -0.58, 0.009, 47.28, -63.73);
insert into SHOT values (471, 468, 471, 57, 1.840, 274.28, 85.40, 1.835, 274.09, 85.61, 0.008, 98.12, -29.41);
insert into SHOT values (472, 468, 472, 57, 2.490, 262.08, -78.70, 2.497, 262.87, -78.83, 0.011, 24.32, -46.29);
insert into SHOT values (473, 468, 473, 57, 7.940, 152.68, -0.10, 7.939, 152.63, -0.14, 0.010, 54.00, -38.57);
insert into SHOT values (474, 468, 474, 57, 14.860, 4.88, 0.90, 14.866, 4.90, 0.89, 0.009, 42.41, -23.62);
insert into SHOT values (475, 468, 475, 57, 12.570, 126.78, -0.20, 12.568, 126.75, -0.23, 0.009, 21.47, -40.42);
insert into SHOT values (476, 468, 476, 57, 14.290, 126.88, -0.20, 14.286, 126.86, -0.20, 0.007, 0.23, -1.04);
insert into SHOT values (477, 468, 477, 57, 12.550, 126.88, -0.20, 12.550, 126.87, -0.23, 0.007, 38.41, -65.17);
insert into SHOT values (478, 477, 478, 57, 2.520, 64.78, 13.30, 2.523, 64.69, 13.29, 0.005, 14.18, 2.96);
insert into SHOT values (479, 477, 479, 57, 2.350, 229.98, -4.80, 2.343, 230.04, -4.65, 0.009, 30.76, 44.61);
insert into SHOT values (480, 477, 480, 57, 0.990, 131.98, 85.30, 0.993, 129.81, 85.49, 0.005, 355.98, 37.93);
insert into SHOT values (481, 477, 481, 57, 1.700, 225.08, -78.50, 1.694, 225.00, -78.44, 0.006, 179.72, 83.29);
insert into SHOT values (482, 477, 482, 57, 4.830, 256.58, -37.70, 4.830, 256.55, -37.64, 0.006, 219.69, 41.07);
insert into SHOT values (483, 482, 483, 57, 3.450, 260.18, 2.60, 3.443, 260.29, 2.50, 0.012, 38.11, -33.85);
insert into SHOT values (484, 482, 484, 57, 1.180, 110.48, 12.30, 1.179, 110.32, 12.25, 0.004, 359.63, -21.81);
insert into SHOT values (485, 482, 485, 57, 0.780, 265.48, 85.40, 0.782, 270.00, 85.60, 0.006, 25.60, 24.70);
insert into SHOT values (486, 482, 486, 57, 1.530, 155.28, -78.00, 1.532, 153.43, -78.21, 0.012, 37.95, -16.81);
insert into SHOT values (487, 482, 487, 57, 5.210, 141.78, 6.70, 5.212, 141.67, 6.72, 0.011, 58.71, 11.66);
insert into SHOT values (488, 454, 488, 57, 6.360, 21.68, -2.80, 6.360, 21.72, -3.06, 0.030, 134.55, -81.90);
insert into SHOT values (489, 488, 489, 57, 9.550, 282.58, 5.70, 9.555, 282.57, 5.71, 0.006, 267.78, 15.31);
insert into SHOT values (490, 488, 490, 57, 4.160, 99.48, 12.70, 4.157, 99.51, 12.65, 0.006, 243.33, -55.83);
insert into SHOT values (491, 488, 491, 57, 2.460, 272.28, 86.30, 2.455, 270.00, 86.26, 0.008, 192.28, -36.97);
insert into SHOT values (492, 488, 492, 57, 1.050, 100.48, -84.50, 1.055, 101.31, -84.45, 0.005, 148.34, -67.68);
insert into SHOT values (493, 488, 493, 57, 19.590, 11.88, -6.90, 19.589, 11.87, -6.92, 0.008, 253.77, -53.52);
insert into SHOT values (494, 488, 494, 57, 13.220, 191.78, 10.50, 13.226, 191.80, 10.50, 0.008, 226.77, 6.27);
insert into SHOT values (495, 488, 495, 57, 8.380, 292.38, -8.90, 8.384, 292.35, -8.92, 0.006, 240.36, -33.39);
insert into SHOT values (496, 488, 496, 57, 9.580, 36.88, -8.40, 9.572, 37.05, -8.77, 0.069, 158.62, -61.59);
insert into SHOT values (497, 496, 497, 57, 8.810, 41.68, -2.20, 8.811, 41.64, -2.21, 0.007, 319.87, -14.78);
insert into SHOT values (498, 496, 498, 57, 9.830, 122.88, 4.00, 9.824, 122.88, 4.03, 0.008, 308.65, 34.17);
insert into SHOT values (499, 496, 499, 57, 8.260, 205.08, 5.00, 8.258, 205.10, 5.00, 0.003, 327.15, 1.75);
insert into SHOT values (500, 496, 500, 57, 15.670, 265.28, -3.30, 15.668, 265.31, -3.29, 0.007, 9.03, 17.18);
insert into SHOT values (501, 496, 501, 57, 19.650, 286.48, -2.10, 19.653, 286.51, -2.10, 0.008, 358.72, 0.33);
insert into SHOT values (502, 496, 502, 57, 1.560, 331.48, 84.60, 1.567, 331.70, 84.59, 0.007, 5.10, 81.73);
insert into SHOT values (503, 496, 503, 57, 1.120, 166.98, -84.00, 1.116, 164.74, -84.14, 0.007, 41.78, 35.34);
insert into SHOT values (504, 496, 504, 57, 9.670, 330.28, -4.70, 9.663, 330.29, -5.05, 0.059, 143.28, -77.79);
insert into SHOT values (505, 504, 505, 57, 9.730, 8.48, 4.80, 9.731, 8.48, 4.83, 0.006, 304.39, 86.52);
insert into SHOT values (506, 504, 506, 57, 15.440, 224.28, 2.20, 15.442, 224.32, 2.23, 0.012, 304.81, 37.87);
insert into SHOT values (507, 504, 507, 57, 13.760, 117.58, 5.60, 13.753, 117.59, 5.63, 0.011, 276.70, 42.57);
insert into SHOT values (508, 504, 508, 57, 10.170, 340.38, 4.70, 10.175, 340.35, 4.74, 0.010, 289.44, 41.64);
insert into SHOT values (509, 504, 509, 57, 17.780, 287.68, 0.30, 17.780, 287.68, 0.32, 0.007, 206.98, 84.43);
insert into SHOT values (510, 504, 510, 57, 1.560, 225.58, 87.60, 1.561, 231.34, 87.65, 0.007, 329.72, 11.67);
insert into SHOT values (511, 504, 511, 57, 1.540, 358.58, -88.90, 1.540, 0.00, -88.88, 0.001, 58.67, -18.35);
insert into SHOT values (512, 504, 512, 57, 21.630, 303.58, -0.10, 21.633, 303.59, -0.11, 0.006, 356.01, -22.14);
insert into SHOT values (513, 512, 513, 57, 3.710, 31.38, 7.00, 3.704, 31.31, 7.13, 0.012, 244.42, 43.01);
insert into SHOT values (514, 512, 514, 57, 1.930, 212.18, 1.00, 1.937, 212.13, 1.18, 0.010, 197.88, 41.52);
insert into SHOT values (515, 512, 515, 57, 0.570, 277.68, 77.60, 0.573, 274.76, 77.86, 0.007, 168.45, 26.91);
insert into SHOT values (516, 512, 516, 57, 1.040, 191.48, -87.30, 1.031, 191.31, -87.17, 0.009, 187.08, 77.23);
insert into SHOT values (517, 512, 517, 57, 10.910, 313.78, -0.90, 10.908, 313.74, -0.89, 0.009, 208.36, 8.54);
insert into SHOT values (518, 517, 518, 57, 0.490, 196.38, -3.80, 0.491, 196.59, -3.50, 0.003, 246.11, 47.18);
insert into SHOT values (519, 517, 519, 57, 0.640, 16.18, 1.80, 0.646, 16.19, 1.77, 0.006, 16.86, -1.00);
insert into SHOT values (520, 517, 520, 57, 0.540, 14.48, -74.50, 0.540, 15.95, -74.36, 0.004, 85.95, 5.25);
insert into SHOT values (521, 517, 521, 57, 0.270, 301.38, 68.00, 0.269, 306.87, 68.20, 0.010, 40.89, -2.01);
insert into SHOT values (522, 504, 522, 57, 10.620, 22.58, 5.90, 10.606, 22.68, 5.57, 0.065, 135.98, -72.75);
insert into SHOT values (523, 522, 523, 57, 2.690, 85.78, -3.10, 2.692, 85.73, -3.19, 0.005, 25.96, -58.64);
insert into SHOT values (524, 522, 524, 57, 0.440, 272.48, 1.30, 0.441, 272.60, 1.30, 0.001, 330.84, 0.93);
insert into SHOT values (525, 522, 525, 57, 0.690, 358.28, 84.20, 0.694, 0.00, 84.21, 0.004, 81.76, 59.14);
insert into SHOT values (526, 522, 526, 57, 1.010, 10.28, -82.30, 1.010, 12.09, -81.85, 0.009, 40.47, 5.67);
insert into SHOT values (527, 522, 527, 57, 3.070, 10.18, 18.70, 3.055, 10.34, 18.51, 0.020, 154.06, -46.64);
insert into SHOT values (528, 527, 528, 57, 6.430, 90.28, 10.20, 6.432, 90.27, 10.21, 0.003, 53.56, 32.49);
insert into SHOT values (529, 527, 529, 57, 8.880, 256.68, 8.40, 8.881, 256.71, 8.42, 0.005, 336.90, 36.44);
insert into SHOT values (530, 527, 530, 57, 3.560, 346.78, 73.80, 3.562, 346.66, 73.75, 0.004, 316.79, 17.66);
insert into SHOT values (531, 527, 531, 57, 1.390, 253.98, -75.60, 1.393, 254.74, -75.78, 0.007, 22.78, -32.16);
insert into SHOT values (532, 527, 532, 57, 21.080, 6.98, 12.50, 21.081, 6.98, 12.49, 0.004, 318.90, -39.38);
insert into SHOT values (533, 527, 533, 57, 25.840, 55.68, 4.30, 25.840, 55.67, 4.31, 0.005, 327.90, 34.43);
insert into SHOT values (534, 527, 534, 57, 22.310, 284.78, 1.00, 22.311, 284.78, 1.00, 0.003, 225.75, 14.51);
insert into SHOT values (535, 527, 535, 57, 22.910, 292.48, 2.60, 22.912, 292.48, 2.60, 0.004, 237.65, 11.28);
insert into SHOT values (536, 527, 536, 57, 4.160, 108.08, -0.20, 4.155, 108.09, -0.14, 0.007, 285.28, 44.07);
insert into SHOT values (537, 527, 537, 57, 2.160, 164.58, 0.40, 2.157, 164.67, 0.53, 0.007, 297.88, 45.96);
insert into SHOT values (538, 527, 538, 57, 10.370, 327.08, 12.90, 10.357, 327.03, 12.60, 0.056, 231.66, -80.90);
insert into SHOT values (539, 538, 539, 57, 19.220, 348.78, 26.80, 19.218, 348.81, 26.78, 0.010, 72.87, -37.95);
insert into SHOT values (540, 538, 540, 57, 10.190, 211.58, 5.10, 10.181, 211.57, 5.07, 0.010, 42.10, -34.41);
insert into SHOT values (541, 538, 541, 57, 21.670, 53.08, 12.30, 21.672, 53.08, 12.28, 0.007, 43.46, -61.35);
insert into SHOT values (542, 538, 542, 57, 15.460, 92.58, 7.80, 15.459, 92.58, 7.81, 0.002, 281.16, 52.17);
insert into SHOT values (543, 538, 543, 57, 13.800, 115.28, 0.80, 13.801, 115.27, 0.79, 0.005, 43.82, -30.68);
insert into SHOT values (544, 538, 544, 57, 1.950, 203.38, -79.60, 1.952, 203.63, -79.69, 0.004, 354.57, -33.15);
insert into SHOT values (545, 538, 545, 57, 1.700, 219.98, 81.60, 1.698, 220.10, 81.59, 0.002, 304.05, -73.74);
insert into SHOT values (546, 538, 546, 57, 6.200, 336.78, 75.30, 6.194, 336.85, 75.25, 0.008, 3.04, -59.76);
insert into SHOT values (547, 538, 547, 57, 17.680, 267.18, -3.70, 17.667, 267.53, -4.74, 0.338, 16.55, -70.70);
insert into SHOT values (548, 547, 548, 57, 1.080, 194.78, -1.80, 1.087, 194.93, -2.11, 0.010, 216.08, -38.09);
insert into SHOT values (549, 547, 549, 57, 1.200, 36.68, 4.70, 1.197, 36.49, 4.31, 0.009, 281.33, -61.39);
insert into SHOT values (550, 547, 550, 57, 0.890, 276.98, 80.40, 0.883, 277.59, 80.13, 0.008, 306.15, -66.26);
insert into SHOT values (551, 547, 551, 57, 1.300, 319.08, -83.80, 1.307, 318.01, -84.09, 0.010, 162.20, -49.91);
insert into SHOT values (552, 547, 552, 57, 10.980, 338.68, 16.70, 10.969, 338.94, 15.98, 0.146, 37.89, -68.22);
insert into SHOT values (553, 552, 553, 57, 16.220, 356.48, 22.60, 16.226, 356.48, 22.62, 0.008, 339.59, 59.38);
insert into SHOT values (554, 552, 554, 57, 9.660, 134.28, 12.80, 9.653, 134.27, 12.81, 0.008, 331.98, -1.14);
insert into SHOT values (555, 552, 555, 57, 25.590, 69.28, 11.20, 25.590, 69.28, 11.20, 0.001, 104.05, -40.41);
insert into SHOT values (556, 552, 556, 57, 3.550, 212.28, -2.00, 3.545, 212.43, -1.94, 0.011, 331.57, 19.98);
insert into SHOT values (557, 552, 557, 57, 5.550, 192.78, 89.60, 5.550, 198.43, 89.67, 0.008, 349.61, 0.98);
insert into SHOT values (558, 552, 558, 57, 1.240, 117.38, -69.50, 1.237, 117.76, -69.69, 0.006, 267.24, 14.73);
insert into SHOT values (559, 552, 559, 57, 15.820, 75.08, 10.20, 15.830, 74.83, 9.23, 0.276, 22.97, -71.20);
insert into SHOT values (560, 559, 560, 57, 15.770, 69.88, 12.60, 15.768, 69.89, 12.60, 0.004, 201.31, -1.93);
insert into SHOT values (561, 559, 561, 57, 16.280, 236.18, -4.70, 16.279, 236.18, -4.69, 0.004, 79.83, 86.28);
insert into SHOT values (562, 559, 562, 57, 11.770, 185.88, -1.80, 11.777, 185.85, -1.80, 0.010, 143.28, -1.75);
insert into SHOT values (563, 559, 563, 57, 25.500, 121.88, -3.10, 25.500, 121.89, -3.10, 0.002, 228.63, -34.13);
insert into SHOT values (564, 559, 564, 57, 0.160, 329.88, 4.20, 0.153, 328.39, 3.75, 0.008, 179.52, -12.08);
insert into SHOT values (565, 559, 565, 57, 5.180, 222.08, 80.50, 5.181, 221.69, 80.48, 0.006, 151.38, 9.46);
insert into SHOT values (566, 559, 566, 57, 2.370, 133.78, -86.70, 2.364, 135.00, -86.57, 0.008, 164.97, 46.30);
insert into SHOT values (567, 559, 567, 57, 7.120, 134.28, -2.50, 7.116, 134.03, -2.74, 0.043, 33.68, -42.77);
insert into SHOT values (568, 567, 568, 57, 8.440, 219.88, 2.60, 8.443, 219.90, 2.65, 0.008, 267.11, 62.81);
insert into SHOT values (569, 567, 569, 57, 7.510, 33.68, 14.80, 7.505, 33.65, 14.82, 0.007, 254.59, 12.72);
insert into SHOT values (570, 567, 570, 57, 4.810, 172.28, 80.90, 4.810, 172.41, 80.95, 0.004, 330.79, 6.97);
insert into SHOT values (571, 567, 571, 57, 2.130, 61.78, -83.30, 2.125, 61.39, -83.23, 0.006, 22.25, 63.63);
insert into SHOT values (572, 567, 572, 57, 7.310, 185.28, -0.30, 7.312, 185.34, -0.24, 0.011, 260.58, 49.62);
insert into SHOT values (573, 567, 573, 57, 16.990, 109.68, 0.80, 16.984, 109.68, 0.81, 0.007, 288.69, 24.72);
insert into SHOT values (574, 567, 574, 57, 18.710, 73.48, -0.20, 18.712, 73.48, -0.18, 0.006, 70.38, 66.53);
insert into SHOT values (575, 567, 538, 57, 9.140, 171.88, -24.00, 9.126, 171.77, -24.33, 0.057, 16.99, -48.30);
insert into SHOT values (576, 538, 575, 57, 16.580, 76.48, -0.50, 16.581, 76.47, -0.52, 0.007, 358.48, -47.71);
insert into SHOT values (577, 575, 576, 57, 10.000, 13.58, 14.20, 9.999, 13.61, 14.24, 0.008, 135.72, 56.29);
insert into SHOT values (578, 575, 577, 57, 0.340, 165.68, -1.00, 0.342, 164.74, 0.00, 0.008, 95.87, 44.84);
insert into SHOT values (579, 575, 578, 57, 3.820, 56.88, 78.90, 3.822, 57.17, 78.87, 0.005, 114.11, 18.31);
insert into SHOT values (580, 575, 579, 57, 1.360, 63.08, -81.40, 1.355, 63.43, -81.46, 0.005, 212.90, 62.42);
insert into SHOT values (581, 575, 580, 57, 10.890, 74.28, 6.40, 10.893, 74.29, 6.43, 0.007, 122.20, 64.23);
insert into SHOT values (582, 575, 581, 57, 13.260, 314.98, 16.60, 13.253, 315.00, 16.62, 0.009, 108.93, 11.65);
insert into SHOT values (583, 575, 582, 57, 10.720, 94.88, -11.30, 10.726, 94.91, -11.29, 0.008, 131.05, 3.93);
insert into SHOT values (584, 582, 583, 57, 9.390, 36.38, 1.70, 9.389, 36.33, 1.71, 0.008, 296.36, 9.71);
insert into SHOT values (585, 582, 584, 57, 5.900, 184.08, -6.00, 5.897, 184.11, -5.94, 0.008, 321.52, 62.08);
insert into SHOT values (586, 582, 585, 57, 1.180, 18.58, 83.80, 1.187, 18.43, 83.88, 0.007, 217.59, 81.73);
insert into SHOT values (587, 582, 586, 57, 1.440, 100.18, -88.20, 1.441, 90.00, -88.41, 0.009, 330.53, -4.42);
insert into SHOT values (588, 582, 587, 57, 3.710, 3.98, 31.70, 3.711, 4.00, 31.70, 0.001, 33.89, 20.43);
insert into SHOT values (589, 582, 588, 57, 9.770, 349.98, 26.00, 9.776, 349.97, 26.03, 0.008, 315.60, 62.53);
insert into SHOT values (590, 582, 589, 57, 2.340, 221.98, 10.00, 2.337, 222.01, 10.10, 0.005, 26.10, 47.65);
insert into SHOT values (591, 582, 590, 57, 22.340, 94.38, 5.60, 22.342, 94.38, 5.60, 0.002, 117.77, -0.06);
insert into SHOT values (592, 590, 591, 57, 0.710, 0.88, 5.30, 0.714, 0.81, 5.63, 0.005, 344.00, 53.70);
insert into SHOT values (593, 590, 592, 57, 0.950, 180.78, 1.20, 0.950, 181.21, 1.21, 0.007, 267.58, 0.85);
insert into SHOT values (594, 590, 593, 57, 1.000, 11.88, 81.40, 1.002, 11.31, 81.22, 0.004, 347.83, 18.33);
insert into SHOT values (595, 590, 594, 57, 0.520, 179.48, -79.40, 0.518, 180.00, -79.99, 0.006, 351.32, 11.15);
insert into SHOT values (596, 590, 595, 57, 5.380, 95.78, 13.80, 5.373, 95.72, 13.89, 0.012, 308.46, 32.85);
insert into SHOT values (597, 559, 596, 57, 19.380, 320.98, 9.80, 19.360, 320.90, 9.24, 0.191, 254.18, -81.44);
insert into SHOT values (598, 596, 597, 57, 4.590, 220.78, 2.40, 4.591, 220.85, 2.37, 0.006, 298.77, -23.46);
insert into SHOT values (599, 596, 598, 57, 4.980, 41.68, 8.80, 4.981, 41.62, 8.78, 0.006, 328.72, -19.39);
insert into SHOT values (600, 596, 599, 57, 4.730, 296.48, 67.00, 4.739, 296.57, 66.94, 0.010, 315.36, 36.19);
insert into SHOT values (601, 596, 600, 57, 0.970, 212.18, -81.00, 0.972, 211.61, -80.97, 0.003, 152.44, -47.58);
insert into SHOT values (602, 596, 601, 57, 4.800, 313.68, 39.30, 4.781, 313.69, 39.17, 0.022, 131.37, -67.86);
insert into SCRAPS values (59, 53, 'SP-Geophysicalskaya_01_entree', 1, 9.20413, 0.08035);
 insert into SCRAPS values (146, 53, 'SP-Geophysicalskaya_01', 1, 100.00000, 0.44227);
 insert into SCRAPS values (280, 53, 'SP-Geophysicalskaya_02', 1, 33.27026, 0.24649);
 insert into MAPS values (420, 53, 'MP-Entree', 'Entree', 1, 860.040, -68.790);
 insert into MAPITEMS values (420, 4, 59);
 insert into MAPITEMS values (420, 4, 146);
 insert into MAPITEMS values (420, 4, 280);
 insert into SURVEY values (422, 51, 'Philippe2', 'Philippe2.Geophysicheskaya', 'Philippe2');
 insert into CENTRELINE values (423, 422, NULL, NULL, NULL, 0.00, 0.00, 0.00);
 insert into SURVEY values (424, 422, 'Geophysicaya_02', 'Geophysicaya_02.Philippe2.Geophysicheskaya', 'geophysiskaya');
 insert into CENTRELINE values (425, 424, NULL, NULL, NULL, 0.00, 0.00, 0.00);
 insert into CENTRELINE values (426, 424, NULL, '2024-04-12', NULL, 211.83, 0.00, 0.00);
 insert into PERSON values (4, 'Philippe', 'Audra');
insert into TOPO values (4, 426);
 insert into PERSON values (5, 'Jean-Marie', 'Briffon');
insert into TOPO values (5, 426);
 insert into SHOT values (603, 602, 603, 426, 32.560, 101.18, -8.50, 32.553, 100.81, -7.54, 0.587, 29.17, 67.59);
insert into SHOT values (604, 603, 604, 426, 18.010, 359.68, 8.10, 18.010, 359.68, 8.11, 0.003, 267.73, 60.44);
insert into SHOT values (605, 603, 605, 426, 5.010, 219.48, 2.40, 5.006, 219.48, 2.40, 0.004, 39.61, 2.64);
insert into SHOT values (606, 603, 606, 426, 1.140, 140.08, 78.70, 1.141, 140.53, 78.88, 0.004, 291.67, 30.31);
insert into SHOT values (607, 603, 607, 426, 1.400, 294.88, -74.60, 1.401, 295.20, -74.45, 0.005, 322.54, -3.39);
insert into SHOT values (608, 603, 608, 426, 7.260, 94.38, -57.10, 7.237, 94.22, -57.01, 0.028, 350.44, 65.79);
insert into SHOT values (609, 608, 609, 426, 3.870, 3.78, 18.10, 3.869, 3.74, 18.07, 0.004, 259.89, -40.23);
insert into SHOT values (610, 608, 610, 426, 4.810, 178.48, 2.00, 4.815, 178.45, 2.02, 0.006, 149.32, 21.68);
insert into SHOT values (611, 608, 611, 426, 1.740, 108.78, 68.40, 1.744, 109.00, 68.29, 0.006, 136.42, 22.88);
insert into SHOT values (612, 608, 612, 426, 2.230, 105.08, -72.60, 2.231, 105.71, -72.67, 0.008, 211.00, -15.15);
insert into SHOT values (613, 608, 613, 426, 15.550, 23.98, -9.10, 15.551, 23.98, -9.10, 0.002, 323.11, -21.44);
insert into SHOT values (614, 608, 614, 426, 6.450, 320.88, -14.10, 6.449, 320.84, -14.09, 0.005, 222.75, 15.36);
insert into SHOT values (615, 613, 615, 426, 2.910, 256.58, 3.20, 2.915, 256.49, 3.15, 0.007, 213.37, -19.29);
insert into SHOT values (616, 613, 616, 426, 0.520, 76.48, -6.40, 0.518, 76.50, -6.66, 0.003, 252.22, -38.41);
insert into SHOT values (617, 613, 617, 426, 1.950, 265.98, 73.60, 1.950, 265.84, 73.57, 0.002, 208.80, -22.07);
insert into SHOT values (618, 613, 618, 426, 1.160, 217.88, -84.70, 1.156, 217.87, -84.34, 0.009, 217.75, 36.28);
insert into SHOT values (619, 613, 619, 426, 6.510, 320.88, -13.70, 6.504, 320.84, -13.70, 0.007, 177.22, 14.25);
insert into SHOT values (620, 619, 620, 426, 1.270, 237.98, 8.70, 1.263, 238.09, 8.65, 0.007, 38.50, -16.45);
insert into SHOT values (621, 619, 621, 426, 1.240, 62.28, -9.70, 1.239, 62.18, -9.76, 0.003, 306.82, -23.01);
insert into SHOT values (622, 619, 622, 426, 0.830, 294.88, 84.80, 0.834, 299.74, 84.45, 0.009, 348.11, 21.82);
insert into SHOT values (623, 619, 623, 426, 0.490, 57.48, -76.30, 0.495, 55.01, -75.73, 0.009, 15.71, -26.48);
insert into SHOT values (624, 619, 624, 426, 8.000, 350.88, -25.20, 8.005, 350.86, -25.21, 0.006, 313.05, -42.24);
insert into SHOT values (625, 624, 625, 426, 4.270, 303.08, 2.00, 4.266, 303.13, 2.02, 0.006, 83.57, 9.90);
insert into SHOT values (626, 624, 626, 426, 3.410, 139.68, 67.20, 3.418, 139.59, 67.16, 0.009, 115.97, 49.13);
insert into SHOT values (627, 624, 627, 426, 0.900, 6.58, -75.60, 0.898, 7.77, -75.68, 0.005, 118.38, 19.27);
insert into SHOT values (628, 624, 628, 426, 26.180, 60.18, -16.00, 26.181, 60.20, -15.98, 0.009, 119.80, 43.39);
insert into SHOT values (629, 628, 629, 426, 3.130, 9.08, 4.50, 3.138, 9.01, 4.39, 0.011, 343.54, -31.36);
insert into SHOT values (630, 628, 630, 426, 9.510, 178.58, 7.30, 9.510, 178.60, 7.31, 0.004, 270.55, 26.30);
insert into SHOT values (631, 628, 631, 426, 3.360, 182.68, 83.50, 3.362, 183.01, 83.50, 0.003, 268.59, 36.05);
insert into SHOT values (632, 628, 632, 426, 0.860, 170.68, -83.30, 0.865, 173.66, -83.99, 0.012, 325.29, -28.18);
insert into SHOT values (633, 628, 633, 426, 17.140, 92.38, -2.70, 17.134, 92.38, -2.71, 0.007, 286.86, -21.94);
insert into SHOT values (634, 633, 634, 426, 1.770, 274.78, 5.60, 1.765, 274.90, 5.53, 0.007, 60.08, -23.53);
insert into SHOT values (635, 633, 635, 426, 10.810, 165.98, 4.20, 10.812, 165.94, 4.19, 0.009, 90.31, -11.04);
insert into SHOT values (636, 633, 636, 426, 2.970, 153.78, 70.40, 2.971, 153.69, 70.48, 0.004, 357.98, 28.79);
insert into SHOT values (637, 633, 637, 426, 0.690, 174.78, -78.00, 0.685, 171.87, -78.08, 0.009, 67.61, 33.20);
insert into SHOT values (638, 633, 638, 426, 7.060, 66.68, -5.20, 7.066, 66.64, -5.20, 0.008, 25.05, -0.99);
insert into SHOT values (639, 638, 639, 426, 3.890, 287.48, 3.50, 3.885, 287.41, 3.54, 0.008, 152.35, 19.06);
insert into SHOT values (640, 638, 640, 426, 7.260, 101.08, 4.00, 7.264, 101.14, 4.03, 0.009, 160.56, 23.31);
insert into SHOT values (641, 638, 641, 426, 2.480, 356.78, 83.90, 2.484, 357.80, 83.99, 0.007, 123.08, 35.27);
insert into SHOT values (642, 638, 642, 426, 0.360, 59.78, -84.20, 0.361, 71.57, -84.98, 0.009, 189.81, -12.33);
insert into SHOT values (643, 638, 643, 426, 15.680, 9.38, 3.70, 15.672, 9.38, 3.70, 0.008, 187.34, -13.08);
insert into SHOT values (644, 643, 644, 426, 7.530, 249.68, 3.10, 7.529, 249.68, 3.12, 0.003, 59.68, 63.61);
insert into SHOT values (645, 643, 645, 426, 22.660, 277.28, 1.30, 22.660, 277.30, 1.31, 0.010, 9.75, 35.58);
insert into SHOT values (646, 643, 646, 426, 15.730, 10.38, 5.90, 15.730, 10.38, 5.91, 0.003, 173.95, 81.40);
insert into SHOT values (647, 643, 647, 426, 4.070, 134.58, 4.50, 4.064, 134.50, 4.52, 0.008, 1.00, 4.74);
insert into SHOT values (648, 643, 648, 426, 6.940, 319.28, 87.10, 6.939, 319.57, 87.07, 0.004, 346.10, -15.57);
insert into SHOT values (649, 643, 649, 426, 0.430, 46.68, -86.20, 0.431, 45.00, -86.24, 0.001, 301.48, -47.68);
insert into SHOT values (650, 643, 650, 426, 14.510, 86.98, 12.10, 14.512, 86.97, 12.09, 0.004, 31.86, -22.15);
insert into SHOT values (651, 650, 651, 426, 8.920, 18.58, 13.90, 8.924, 18.58, 13.94, 0.008, 13.51, 69.17);
insert into SHOT values (652, 650, 652, 426, 4.430, 180.28, 18.30, 4.434, 180.27, 18.27, 0.004, 169.32, -13.32);
insert into SHOT values (653, 650, 653, 426, 6.550, 16.58, 73.70, 6.552, 16.46, 73.73, 0.006, 247.84, 32.97);
insert into SHOT values (654, 650, 654, 426, 0.450, 125.18, -79.20, 0.448, 125.54, -78.94, 0.003, 142.58, 48.72);
insert into SHOT values (655, 650, 655, 426, 17.740, 62.78, 10.60, 17.746, 62.77, 10.62, 0.009, 34.82, 48.61);
insert into SHOT values (656, 655, 656, 426, 3.950, 0.78, -0.60, 3.941, 0.73, -0.58, 0.010, 202.88, 7.60);
insert into SHOT values (657, 655, 657, 426, 13.240, 177.58, -3.10, 13.241, 177.62, -3.12, 0.009, 261.44, -27.64);
insert into SHOT values (658, 655, 658, 426, 9.820, 113.78, 77.40, 9.817, 113.94, 77.38, 0.007, 182.37, -29.76);
insert into SHOT values (659, 655, 659, 426, 0.900, 319.78, -88.70, 0.900, 296.57, -88.58, 0.009, 230.64, -1.51);
insert into SHOT values (660, 655, 660, 426, 13.730, 91.38, 6.80, 13.730, 91.39, 6.78, 0.006, 149.87, -79.00);
insert into SHOT values (661, 660, 661, 426, 3.880, 47.98, 17.50, 3.870, 47.97, 17.60, 0.012, 233.24, 15.83);
insert into SHOT values (662, 660, 662, 426, 8.420, 185.48, 8.40, 8.429, 185.51, 8.39, 0.009, 205.92, -0.12);
insert into SHOT values (663, 660, 663, 426, 14.960, 166.88, 79.30, 14.961, 166.91, 79.28, 0.005, 184.02, 1.31);
insert into SHOT values (664, 660, 664, 426, 0.510, 106.58, -80.60, 0.507, 110.56, -80.30, 0.007, 178.45, 26.84);
insert into SHOT values (665, 660, 665, 426, 7.680, 330.78, 9.70, 7.677, 330.72, 9.75, 0.010, 214.28, 34.93);
insert into SHOT values (666, 665, 666, 426, 4.570, 254.98, 12.90, 4.566, 255.03, 12.91, 0.005, 30.86, -2.94);
insert into SHOT values (667, 665, 667, 426, 6.490, 89.38, 8.30, 6.487, 89.38, 8.24, 0.007, 297.03, -74.91);
insert into SHOT values (668, 665, 668, 426, 3.360, 347.48, 81.90, 3.355, 347.99, 81.76, 0.010, 18.42, -38.16);
insert into SHOT values (669, 665, 669, 426, 0.250, 5.68, -80.80, 0.253, 0.00, -80.91, 0.005, 273.27, -39.05);
insert into SHOT values (670, 665, 670, 426, 8.140, 37.58, -34.20, 8.148, 37.58, -34.20, 0.008, 38.88, -37.32);
insert into SHOT values (671, 670, 671, 426, 3.820, 7.98, 5.20, 3.823, 8.00, 5.25, 0.005, 32.78, 50.88);
insert into SHOT values (672, 670, 672, 426, 4.640, 171.88, 3.10, 4.643, 171.94, 3.09, 0.005, 232.56, -9.95);
insert into SHOT values (673, 670, 673, 426, 7.970, 155.78, 79.00, 7.967, 155.96, 78.99, 0.006, 230.98, -36.10);
insert into SHOT values (674, 670, 674, 426, 0.420, 225.98, -78.60, 0.419, 225.00, -78.31, 0.003, 187.39, 36.29);
insert into SHOT values (675, 670, 675, 426, 9.320, 119.48, -19.10, 9.317, 119.54, -19.11, 0.009, 229.31, -2.22);
insert into SHOT values (676, 660, 676, 426, 4.770, 103.68, 6.80, 4.769, 103.68, 6.87, 0.006, 281.28, 68.41);
insert into SHOT values (677, 676, 677, 426, 3.170, 16.78, 4.40, 3.163, 16.77, 4.35, 0.007, 203.57, -25.93);
insert into SHOT values (678, 676, 678, 426, 7.600, 194.78, 1.10, 7.603, 194.79, 1.06, 0.007, 201.55, -61.98);
insert into SHOT values (679, 676, 679, 426, 2.760, 248.28, 87.30, 2.753, 247.38, 87.29, 0.007, 157.45, -73.55);
insert into SHOT values (680, 676, 680, 426, 0.670, 181.58, -84.70, 0.674, 180.00, -84.04, 0.009, 168.13, -19.01);
insert into SCRAPS values (428, 422, 'SP-Geophysicalskaya_03', 1, 22.31736, 0.20206);
 insert into MAPS values (546, 422, 'MP-Philippe2', 'Philippe2', 1, 211.830, -26.410);
 insert into MAPITEMS values (546, 4, 428);
 insert into SURVEY values (549, 51, 'GeophysicalskayaXR4', 'GeophysicalskayaXR4.Geophysicheskaya', 'GeophysicalskayaXR4');
 insert into CENTRELINE values (550, 549, NULL, NULL, NULL, 0.00, 0.00, 0.00);
 insert into SURVEY values (551, 549, 'GeophysicalskayaXR4', 'GeophysicalskayaXR4.GeophysicalskayaXR4.Geophysicheskaya', 'GeophysicalskayaXR4');
 insert into CENTRELINE values (552, 551, NULL, NULL, NULL, 0.00, 0.00, 0.00);
 insert into CENTRELINE values (553, 551, NULL, '2024-04-15', NULL, 1019.65, 0.00, 145.44);
 insert into TOPO values (5, 553);
 insert into PERSON values (6, 'Claire', 'Falgayrac');
insert into TOPO values (6, 553);
 insert into PERSON values (7, 'Xavier', 'Robert');
insert into TOPO values (7, 553);
 insert into SHOT values (681, 681, 682, 553, 7.390, 181.88, 1.70, 7.397, 181.86, 1.70, 0.008, 159.23, 5.65);
insert into SHOT values (682, 681, 683, 553, 1.710, 169.68, -23.10, 1.712, 169.76, -23.04, 0.003, 213.69, 16.40);
insert into SHOT values (683, 681, 684, 553, 3.380, 25.48, 1.40, 3.378, 25.43, 1.36, 0.005, 266.19, -34.12);
insert into SHOT values (684, 681, 685, 553, 2.920, 80.88, 73.20, 2.914, 81.10, 73.24, 0.007, 221.63, -47.15);
insert into SHOT values (685, 681, 686, 553, 8.680, 137.58, 67.40, 8.679, 137.67, 67.36, 0.008, 179.85, -25.07);
insert into SHOT values (686, 681, 687, 553, 8.150, 172.18, 47.90, 8.149, 172.23, 47.83, 0.010, 204.75, -43.52);
insert into SHOT values (687, 681, 688, 553, 3.630, 130.88, -15.20, 3.635, 130.96, -15.15, 0.008, 167.75, 13.32);
insert into SHOT values (688, 681, 689, 553, 16.690, 122.68, -7.70, 16.695, 122.71, -7.71, 0.010, 185.16, -23.19);
insert into SHOT values (689, 681, 690, 553, 22.820, 123.58, -5.00, 22.824, 123.59, -5.00, 0.005, 165.12, -11.61);
insert into SHOT values (690, 681, 691, 553, 12.410, 93.38, 4.50, 12.410, 93.38, 4.48, 0.004, 300.51, -86.71);
insert into SHOT values (691, 681, 692, 553, 11.590, 134.48, 3.00, 11.591, 134.48, 2.97, 0.007, 90.29, -70.09);
insert into SHOT values (692, 681, 693, 553, 13.750, 120.78, 6.20, 13.748, 120.81, 6.18, 0.007, 222.30, -42.50);
insert into SHOT values (693, 681, 694, 553, 11.340, 116.28, 22.40, 11.342, 116.32, 22.39, 0.008, 183.38, -10.18);
insert into SHOT values (694, 681, 695, 553, 22.860, 117.28, -1.60, 22.863, 117.29, -1.60, 0.006, 168.68, -17.55);
insert into SHOT values (695, 695, 696, 553, 7.410, 215.38, 4.80, 7.412, 215.41, 4.80, 0.004, 272.18, -0.70);
insert into SHOT values (696, 695, 697, 553, 1.860, 204.38, -38.30, 1.861, 204.64, -38.17, 0.008, 266.03, 20.64);
insert into SHOT values (697, 695, 698, 553, 7.700, 180.78, 50.80, 7.705, 180.82, 50.79, 0.006, 222.23, 29.51);
insert into SHOT values (698, 695, 699, 553, 0.630, 39.38, 54.60, 0.626, 39.40, 54.61, 0.004, 216.95, -53.67);
insert into SHOT values (699, 695, 700, 553, 2.900, 341.08, 9.80, 2.897, 340.99, 9.74, 0.006, 226.78, -36.48);
insert into SHOT values (700, 695, 701, 553, 6.490, 291.68, 20.90, 6.493, 291.66, 20.84, 0.008, 268.86, -40.95);
insert into SHOT values (701, 695, 702, 553, 10.340, 270.98, 3.10, 10.347, 271.00, 3.10, 0.007, 293.04, 6.51);
insert into SHOT values (702, 695, 703, 553, 2.530, 270.48, -26.90, 2.536, 270.51, -26.97, 0.007, 284.22, -53.49);
insert into SHOT values (703, 695, 704, 553, 13.660, 110.68, 0.10, 13.659, 110.66, 0.08, 0.006, 5.34, -39.03);
insert into SHOT values (704, 695, 705, 553, 20.020, 128.08, 2.80, 20.018, 128.07, 2.81, 0.004, 11.56, 28.21);
insert into SHOT values (705, 695, 706, 553, 15.540, 145.28, 2.90, 15.543, 145.29, 2.91, 0.005, 160.72, 51.62);
insert into SHOT values (706, 695, 707, 553, 9.710, 173.68, 3.70, 9.709, 173.72, 3.72, 0.007, 278.66, 28.72);
insert into SHOT values (707, 695, 708, 553, 15.460, 150.78, -9.90, 15.457, 150.79, -9.91, 0.005, 299.96, -23.74);
insert into SHOT values (708, 695, 709, 553, 29.710, 145.98, -10.40, 29.704, 145.99, -10.40, 0.009, 279.31, 22.25);
insert into SHOT values (709, 695, 710, 553, 25.900, 134.78, -13.20, 25.894, 134.79, -13.22, 0.010, 289.08, -35.68);
insert into SHOT values (710, 695, 711, 553, 23.960, 128.18, -11.40, 23.960, 128.19, -11.41, 0.005, 250.82, -63.95);
insert into SHOT values (711, 695, 712, 553, 18.730, 128.48, -14.20, 18.729, 128.49, -14.22, 0.007, 258.93, -55.17);
insert into SHOT values (712, 695, 713, 553, 4.930, 129.98, -20.20, 4.924, 130.00, -20.20, 0.006, 300.01, 21.19);
insert into SHOT values (713, 695, 714, 553, 8.560, 148.08, 42.80, 8.562, 148.08, 42.83, 0.004, 335.62, 71.87);
insert into SHOT values (714, 695, 715, 553, 10.470, 131.38, 22.20, 10.470, 131.40, 22.22, 0.005, 246.45, 47.62);
insert into SHOT values (715, 695, 716, 553, 14.630, 126.38, 9.30, 14.624, 126.38, 9.29, 0.007, 321.66, -38.53);
insert into SHOT values (716, 695, 717, 553, 26.150, 139.08, -8.60, 26.148, 139.09, -8.60, 0.005, 250.87, 4.03);
insert into SHOT values (717, 695, 718, 553, 25.830, 136.18, -9.30, 25.830, 136.18, -9.31, 0.007, 28.54, -60.66);
insert into SHOT values (718, 718, 719, 553, 1.740, 95.78, -87.70, 1.731, 99.46, -87.99, 0.013, 252.63, 40.90);
insert into SHOT values (719, 718, 720, 553, 3.800, 68.88, -25.00, 3.795, 68.88, -24.94, 0.007, 254.31, 64.76);
insert into SHOT values (720, 718, 721, 553, 2.840, 330.48, -30.00, 2.843, 330.31, -29.96, 0.008, 267.95, 0.00);
insert into SHOT values (721, 718, 722, 553, 8.350, 326.68, -3.10, 8.352, 326.69, -3.09, 0.003, 352.71, 31.10);
insert into SHOT values (722, 718, 723, 553, 8.970, 298.78, -3.60, 8.973, 298.77, -3.58, 0.005, 262.37, 40.29);
insert into SHOT values (723, 718, 724, 553, 7.190, 273.38, -1.10, 7.193, 273.35, -1.04, 0.010, 222.31, 54.51);
insert into SHOT values (724, 718, 725, 553, 3.600, 298.28, 20.80, 3.604, 298.16, 20.80, 0.008, 234.20, 11.57);
insert into SHOT values (725, 718, 726, 553, 4.390, 210.58, -1.70, 4.396, 210.65, -1.69, 0.008, 252.36, 1.73);
insert into SHOT values (726, 718, 727, 553, 7.160, 179.28, -3.00, 7.160, 179.36, -2.96, 0.011, 267.74, 26.56);
insert into SHOT values (727, 718, 728, 553, 5.840, 145.08, -17.60, 5.839, 145.17, -17.54, 0.010, 228.98, 35.13);
insert into SHOT values (728, 718, 729, 553, 6.700, 116.58, -6.20, 6.693, 116.60, -6.18, 0.008, 275.95, 28.21);
insert into SHOT values (729, 718, 730, 553, 1.740, 147.48, 2.70, 1.742, 147.68, 2.96, 0.010, 224.28, 52.58);
insert into SHOT values (730, 718, 731, 553, 7.450, 167.48, -2.10, 7.451, 167.51, -2.08, 0.005, 241.00, 36.66);
insert into SHOT values (731, 718, 732, 553, 12.780, 160.98, -0.90, 12.778, 161.00, -0.90, 0.004, 285.05, 10.68);
insert into SHOT values (732, 732, 733, 553, 0.350, 9.98, -74.30, 0.343, 12.53, -74.39, 0.008, 132.45, 55.04);
insert into SHOT values (733, 732, 734, 553, 18.310, 229.28, 79.70, 18.315, 229.21, 79.70, 0.007, 162.23, 47.70);
insert into SHOT values (734, 732, 735, 553, 11.830, 306.18, 74.70, 11.829, 306.14, 74.71, 0.003, 188.57, -13.65);
insert into SHOT values (735, 732, 736, 553, 5.750, 358.18, 53.70, 5.753, 358.15, 53.75, 0.007, 221.32, 61.96);
insert into SHOT values (736, 732, 737, 553, 5.560, 6.68, 5.90, 5.558, 6.65, 5.99, 0.010, 230.86, 60.99);
insert into SHOT values (737, 732, 738, 553, 2.280, 9.88, -12.20, 2.274, 9.84, -12.19, 0.006, 204.72, 16.92);
insert into SHOT values (738, 732, 739, 553, 7.010, 29.28, -0.40, 7.007, 29.31, -0.33, 0.010, 162.21, 64.49);
insert into SHOT values (739, 732, 740, 553, 5.310, 326.38, -3.40, 5.309, 326.31, -3.35, 0.008, 232.19, 35.88);
insert into SHOT values (740, 732, 741, 553, 6.790, 275.58, 17.50, 6.797, 275.58, 17.55, 0.010, 269.61, 58.74);
insert into SHOT values (741, 732, 742, 553, 15.430, 274.68, 25.20, 15.435, 274.68, 25.19, 0.005, 271.02, 2.52);
insert into SHOT values (742, 732, 743, 553, 19.390, 275.28, 35.10, 19.393, 275.28, 35.10, 0.004, 258.05, 10.35);
insert into SHOT values (743, 732, 744, 553, 14.840, 244.38, 37.20, 14.845, 244.39, 37.22, 0.008, 293.22, 79.03);
insert into SHOT values (744, 732, 745, 553, 8.750, 210.58, 29.60, 8.754, 210.58, 29.65, 0.008, 106.61, 83.23);
insert into SHOT values (745, 732, 746, 553, 7.170, 323.28, 43.90, 7.176, 323.26, 43.95, 0.009, 222.69, 77.53);
insert into SHOT values (746, 732, 747, 553, 18.760, 180.18, 68.30, 18.761, 180.17, 68.29, 0.004, 148.69, -7.16);
insert into SHOT values (747, 732, 748, 553, 13.930, 134.58, 25.70, 13.929, 134.58, 25.70, 0.001, 4.72, -46.98);
insert into SHOT values (748, 732, 749, 553, 34.080, 118.38, 18.60, 34.085, 118.39, 18.60, 0.006, 152.96, -1.20);
insert into SHOT values (749, 732, 750, 553, 25.590, 92.58, 19.50, 25.595, 92.59, 19.51, 0.009, 140.40, 65.24);
insert into SHOT values (750, 732, 751, 553, 10.860, 75.08, 30.50, 10.863, 75.07, 30.54, 0.008, 303.28, 73.93);
insert into SHOT values (751, 732, 752, 553, 11.490, 92.58, 9.00, 11.493, 92.58, 9.01, 0.004, 63.62, 37.55);
insert into SHOT values (752, 732, 753, 553, 36.860, 108.48, 24.30, 36.859, 108.48, 24.30, 0.002, 282.27, 47.56);
insert into SHOT values (753, 732, 754, 553, 26.860, 112.08, 40.90, 26.862, 112.11, 40.91, 0.009, 201.12, 25.02);
insert into SHOT values (754, 732, 755, 553, 17.800, 90.08, 44.50, 17.799, 90.09, 44.52, 0.007, 255.07, 32.24);
insert into SHOT values (755, 732, 756, 553, 23.600, 96.68, 39.20, 23.599, 96.69, 39.21, 0.006, 250.50, 41.26);
insert into SHOT values (756, 732, 757, 553, 11.370, 101.18, 8.10, 11.370, 101.22, 8.14, 0.011, 202.53, 47.12);
insert into SHOT values (757, 732, 758, 553, 27.340, 277.28, 40.60, 27.344, 277.28, 40.61, 0.008, 148.87, 76.26);
insert into SHOT values (758, 758, 759, 553, 32.090, 103.08, 12.90, 32.091, 103.08, 12.89, 0.005, 68.12, -63.77);
insert into SHOT values (759, 758, 760, 553, 28.110, 103.08, 12.80, 28.109, 103.09, 12.78, 0.009, 178.96, -57.22);
insert into SHOT values (760, 758, 761, 553, 33.940, 103.08, 12.90, 33.934, 103.09, 12.89, 0.009, 257.33, -56.30);
insert into SHOT values (761, 732, 762, 553, 32.090, 103.18, 12.90, 32.087, 103.20, 12.91, 0.010, 223.26, 35.26);
insert into SHOT values (762, 762, 763, 553, 9.220, 186.68, 26.40, 9.218, 186.68, 26.41, 0.003, 25.52, 10.12);
insert into SHOT values (763, 762, 764, 553, 2.090, 172.88, -64.50, 2.093, 172.32, -64.58, 0.010, 71.60, -21.82);
insert into SHOT values (764, 762, 765, 553, 4.180, 115.28, -21.50, 4.182, 115.25, -21.46, 0.004, 73.21, 29.05);
insert into SHOT values (765, 762, 766, 553, 16.960, 127.18, 3.80, 16.961, 127.15, 3.79, 0.011, 45.18, -20.60);
insert into SHOT values (766, 762, 767, 553, 14.080, 134.28, 27.20, 14.078, 134.26, 27.18, 0.008, 53.18, -44.53);
insert into SHOT values (767, 762, 768, 553, 10.710, 161.78, 27.10, 10.708, 161.72, 27.11, 0.011, 56.29, 5.58);
insert into SHOT values (768, 762, 769, 553, 7.780, 143.18, 69.00, 7.778, 143.01, 68.96, 0.010, 77.55, -19.05);
insert into SHOT values (769, 762, 770, 553, 3.730, 29.28, 64.90, 3.733, 29.48, 64.87, 0.006, 90.66, 20.15);
insert into SHOT values (770, 762, 771, 553, 5.150, 258.88, -15.20, 5.144, 258.85, -15.21, 0.007, 105.05, 2.30);
insert into SHOT values (771, 762, 772, 553, 14.650, 255.58, 4.30, 14.640, 255.60, 4.31, 0.011, 50.53, 7.86);
insert into SHOT values (772, 762, 773, 553, 23.220, 294.18, 2.10, 23.214, 294.20, 2.10, 0.009, 62.40, -5.49);
insert into SHOT values (773, 762, 774, 553, 8.350, 111.98, 30.90, 8.355, 111.95, 30.89, 0.007, 71.38, 16.72);
insert into SHOT values (774, 762, 775, 553, 6.040, 88.28, 29.10, 6.045, 88.26, 29.10, 0.006, 68.45, 26.23);
insert into SHOT values (775, 762, 776, 553, 8.650, 120.78, 0.40, 8.654, 120.71, 0.40, 0.011, 52.21, -1.98);
insert into SHOT values (776, 776, 777, 553, 2.670, 96.28, -53.80, 2.671, 96.58, -53.98, 0.012, 225.11, -27.27);
insert into SHOT values (777, 776, 778, 553, 7.360, 183.28, 0.60, 7.363, 183.35, 0.62, 0.009, 253.72, 18.29);
insert into SHOT values (778, 776, 779, 553, 8.580, 184.98, 55.00, 8.586, 185.00, 54.97, 0.008, 198.99, 12.22);
insert into SHOT values (779, 776, 780, 553, 5.970, 21.38, 61.10, 5.970, 21.39, 61.17, 0.008, 196.53, 26.84);
insert into SHOT values (780, 776, 781, 553, 6.520, 2.18, 23.00, 6.514, 2.10, 23.05, 0.012, 229.66, 12.12);
insert into SHOT values (781, 776, 782, 553, 10.980, 7.48, 15.80, 10.974, 7.45, 15.81, 0.008, 229.07, 2.63);
insert into SHOT values (782, 776, 783, 553, 4.720, 4.98, -6.60, 4.718, 4.90, -6.57, 0.008, 262.20, 18.81);
insert into SHOT values (783, 776, 784, 553, 9.950, 61.68, -1.70, 9.942, 61.71, -1.73, 0.011, 215.72, -27.05);
insert into SHOT values (784, 776, 785, 553, 14.240, 104.78, -1.00, 14.236, 104.82, -1.01, 0.010, 222.87, -8.75);
insert into SHOT values (785, 776, 786, 553, 19.870, 98.08, -0.10, 19.868, 98.10, -0.12, 0.008, 202.90, -38.98);
insert into SHOT values (786, 776, 787, 553, 13.480, 88.88, -13.20, 13.479, 88.91, -13.21, 0.006, 193.14, -17.12);
insert into SHOT values (787, 776, 788, 553, 21.330, 82.48, -5.20, 21.330, 82.48, -5.19, 0.003, 15.71, 69.19);
insert into SHOT values (788, 776, 789, 553, 6.550, 89.68, 6.80, 6.546, 89.74, 6.76, 0.009, 212.70, -38.07);
insert into SHOT values (789, 776, 790, 553, 6.310, 93.88, 48.50, 6.305, 93.98, 48.47, 0.009, 192.63, -40.14);
insert into SHOT values (790, 776, 791, 553, 8.050, 229.38, 12.50, 8.055, 229.38, 12.48, 0.006, 228.93, -22.55);
insert into SHOT values (791, 762, 792, 553, 6.440, 247.68, -6.30, 6.439, 247.68, -6.33, 0.004, 67.86, -61.63);
insert into SHOT values (792, 792, 793, 553, 8.350, 230.48, -2.50, 8.347, 230.45, -2.47, 0.007, 109.62, 36.48);
insert into SHOT values (793, 792, 794, 553, 9.510, 283.88, -22.30, 9.509, 283.88, -22.31, 0.002, 125.24, -33.32);
insert into SHOT values (794, 792, 795, 553, 19.480, 310.18, -2.80, 19.480, 310.21, -2.80, 0.008, 38.55, 12.03);
insert into SHOT values (795, 792, 796, 553, 7.830, 196.18, -4.70, 7.824, 196.16, -4.69, 0.007, 48.09, 13.32);
insert into SHOT values (796, 796, 797, 553, 7.030, 111.48, -43.40, 7.028, 111.49, -43.42, 0.003, 282.06, 4.26);
insert into SHOT values (797, 796, 798, 553, 2.060, 102.18, -41.70, 2.058, 102.41, -41.73, 0.006, 212.42, 3.35);
insert into SHOT values (798, 796, 799, 553, 2.700, 121.18, -40.20, 2.696, 121.30, -40.19, 0.006, 242.67, 29.55);
insert into SHOT values (799, 796, 800, 553, 4.740, 113.28, -47.00, 4.743, 113.31, -47.02, 0.004, 165.00, -56.05);
insert into SHOT values (800, 796, 801, 553, 5.690, 106.78, -34.00, 5.683, 106.78, -34.02, 0.007, 288.51, 15.25);
insert into SHOT values (801, 796, 802, 553, 1.960, 187.78, -76.70, 1.963, 187.59, -76.63, 0.004, 161.92, -36.87);
insert into SHOT values (802, 796, 803, 553, 6.210, 275.78, -42.60, 6.209, 275.77, -42.56, 0.004, 253.74, 57.20);
insert into SHOT values (803, 796, 804, 553, 6.890, 111.68, -42.90, 6.891, 111.74, -42.89, 0.005, 180.92, 1.84);
insert into SHOT values (804, 804, 805, 553, 2.600, 190.58, -15.10, 2.593, 190.59, -15.20, 0.008, 7.85, -19.48);
insert into SHOT values (805, 804, 806, 553, 5.510, 118.38, -12.80, 5.510, 118.33, -12.79, 0.005, 34.16, 8.25);
insert into SHOT values (806, 804, 807, 553, 10.810, 104.38, -8.90, 10.804, 104.37, -8.89, 0.006, 299.99, 22.35);
insert into SHOT values (807, 804, 808, 553, 4.550, 95.58, -9.30, 4.551, 95.49, -9.36, 0.008, 9.18, -34.10);
insert into SHOT values (808, 804, 809, 553, 8.950, 100.38, -17.20, 8.951, 100.38, -17.22, 0.004, 16.01, -74.18);
insert into SHOT values (809, 804, 810, 553, 2.100, 134.18, 6.40, 2.092, 134.22, 6.31, 0.009, 304.37, -27.22);
insert into SHOT values (810, 804, 811, 553, 2.220, 183.88, 50.50, 2.219, 184.06, 50.42, 0.005, 255.27, -33.65);
insert into SHOT values (811, 804, 812, 553, 3.750, 246.08, 12.40, 3.751, 246.16, 12.47, 0.007, 337.87, 42.35);
insert into SHOT values (812, 804, 813, 553, 7.210, 258.18, -11.10, 7.215, 258.18, -11.11, 0.005, 256.71, -21.16);
insert into SHOT values (813, 804, 814, 553, 12.940, 259.88, -12.70, 12.943, 259.92, -12.72, 0.009, 338.82, -33.30);
insert into SHOT values (814, 804, 815, 553, 4.820, 280.78, -9.30, 4.818, 280.79, -9.32, 0.003, 88.67, -21.96);
insert into SHOT values (815, 804, 816, 553, 1.860, 287.98, -6.70, 1.863, 287.95, -6.78, 0.004, 263.58, -45.24);
insert into SHOT values (816, 804, 817, 553, 1.460, 291.18, 6.10, 1.467, 291.29, 5.87, 0.010, 310.40, -31.63);
insert into SHOT values (817, 804, 818, 553, 0.660, 118.48, -80.70, 0.658, 119.05, -81.00, 0.004, 283.00, 19.00);
insert into SHOT values (818, 804, 819, 553, 1.390, 174.88, -46.30, 1.389, 175.19, -46.65, 0.010, 319.01, -30.52);
insert into SHOT values (819, 804, 820, 553, 11.480, 102.18, -3.80, 11.472, 102.15, -3.80, 0.010, 317.52, 4.70);
insert into SHOT values (820, 804, 821, 553, 9.410, 260.58, -11.10, 9.410, 260.59, -11.09, 0.002, 329.97, 60.07);
insert into SHOT values (821, 821, 822, 553, 1.020, 197.28, -6.30, 1.021, 197.19, -6.18, 0.003, 148.07, 40.20);
insert into SHOT values (822, 821, 823, 553, 0.950, 283.08, -75.40, 0.950, 284.62, -75.51, 0.007, 29.29, -5.81);
insert into SHOT values (823, 821, 824, 553, 3.410, 277.28, -26.20, 3.417, 277.31, -26.23, 0.007, 292.79, -39.27);
insert into SHOT values (824, 821, 825, 553, 6.050, 279.78, -17.80, 6.054, 279.79, -17.79, 0.004, 289.36, -8.61);
insert into SHOT values (825, 821, 826, 553, 6.080, 283.88, 14.90, 6.085, 283.87, 14.85, 0.007, 271.83, -28.98);
insert into SHOT values (826, 821, 827, 553, 1.690, 232.28, 1.60, 1.691, 232.45, 1.69, 0.006, 313.50, 29.16);
insert into SHOT values (827, 821, 828, 553, 3.450, 302.28, -10.90, 3.455, 302.24, -10.84, 0.006, 275.61, 21.77);
insert into SHOT values (828, 821, 829, 553, 4.610, 151.38, -12.10, 4.605, 151.33, -12.16, 0.008, 8.99, -27.48);
insert into SHOT values (829, 821, 830, 553, 2.620, 126.08, -2.80, 2.615, 126.12, -2.85, 0.005, 284.24, -21.89);
insert into SHOT values (830, 821, 831, 553, 1.630, 137.28, -20.20, 1.628, 137.12, -20.12, 0.005, 29.92, 32.04);
insert into SHOT values (831, 821, 832, 553, 2.030, 131.98, 0.70, 2.032, 132.01, 0.56, 0.005, 152.88, -62.67);
insert into SHOT values (832, 821, 833, 553, 6.960, 280.78, -8.40, 6.967, 280.79, -8.42, 0.007, 286.05, -26.65);
insert into SHOT values (833, 833, 834, 553, 1.860, 190.78, 2.80, 1.854, 190.58, 2.78, 0.009, 56.72, -5.42);
insert into SHOT values (834, 833, 835, 553, 0.980, 225.48, -62.80, 0.974, 225.00, -63.26, 0.010, 66.62, 9.02);
insert into SHOT values (835, 833, 836, 553, 1.630, 333.38, -20.60, 1.624, 333.43, -20.55, 0.006, 138.73, 32.83);
insert into SHOT values (836, 833, 837, 553, 2.310, 297.28, 4.60, 2.307, 297.46, 4.72, 0.009, 54.71, 31.15);
insert into SHOT values (837, 833, 838, 553, 2.320, 263.08, 15.30, 2.318, 263.07, 15.26, 0.003, 108.95, -54.27);
insert into SHOT values (838, 833, 839, 553, 4.230, 246.98, -6.80, 4.224, 246.98, -6.80, 0.006, 68.60, 7.67);
insert into SHOT values (839, 833, 840, 553, 5.350, 276.38, -7.10, 5.344, 276.39, -7.09, 0.006, 92.28, 11.80);
insert into SHOT values (840, 833, 841, 553, 9.300, 267.58, -0.50, 9.299, 267.60, -0.49, 0.003, 32.59, 24.39);
insert into SHOT values (841, 833, 842, 553, 10.760, 285.78, -1.80, 10.752, 285.82, -1.81, 0.011, 62.78, -11.03);
insert into SHOT values (842, 833, 843, 553, 5.220, 292.68, -3.40, 5.213, 292.72, -3.41, 0.008, 86.14, -3.10);
insert into SHOT values (843, 833, 844, 553, 4.560, 116.18, 24.20, 4.564, 116.07, 24.19, 0.009, 55.11, 4.68);
insert into SHOT values (844, 833, 845, 553, 7.920, 273.58, 2.40, 7.913, 273.63, 2.39, 0.009, 54.31, -10.05);
insert into SHOT values (845, 845, 846, 553, 0.940, 284.28, -74.80, 0.933, 284.04, -74.63, 0.007, 235.26, 78.77);
insert into SHOT values (846, 845, 847, 553, 2.350, 210.08, -13.00, 2.359, 210.02, -12.99, 0.009, 194.47, -8.67);
insert into SHOT values (847, 845, 848, 553, 2.370, 261.68, -15.10, 2.375, 261.48, -14.88, 0.013, 213.14, 34.45);
insert into SHOT values (848, 845, 849, 553, 3.850, 300.28, -14.20, 3.854, 300.20, -14.12, 0.009, 252.89, 31.40);
insert into SHOT values (849, 845, 850, 553, 6.210, 319.88, -11.70, 6.211, 319.87, -11.70, 0.002, 259.58, -21.34);
insert into SHOT values (850, 845, 851, 553, 5.610, 350.78, -11.10, 5.606, 350.79, -11.11, 0.004, 156.31, 0.64);
insert into SHOT values (851, 845, 852, 553, 5.850, 24.28, -15.20, 5.843, 24.29, -15.18, 0.007, 195.57, 32.01);
insert into SHOT values (852, 845, 853, 553, 3.110, 54.78, -17.30, 3.103, 54.75, -17.25, 0.008, 248.42, 37.54);
insert into SHOT values (853, 845, 854, 553, 1.020, 25.38, 33.30, 1.018, 25.06, 33.38, 0.005, 267.67, -0.03);
insert into SHOT values (854, 845, 855, 553, 4.370, 72.28, -13.40, 4.369, 72.33, -13.37, 0.005, 170.86, 36.61);
insert into SHOT values (855, 845, 856, 553, 2.130, 140.28, -7.50, 2.134, 140.37, -7.27, 0.010, 173.99, 54.96);
insert into SHOT values (856, 845, 857, 553, 7.800, 325.18, -9.30, 7.795, 325.11, -9.30, 0.011, 208.24, 2.71);
insert into SHOT values (857, 845, 858, 553, 8.040, 326.28, -10.30, 8.030, 326.25, -10.26, 0.012, 174.26, 37.45);
insert into SHOT values (858, 821, 859, 553, 4.400, 144.88, -2.80, 4.397, 144.83, -2.87, 0.007, 21.97, -44.23);
insert into SHOT values (859, 859, 860, 553, 3.690, 91.68, -39.00, 3.684, 91.80, -39.03, 0.009, 228.12, 14.24);
insert into SHOT values (860, 859, 861, 553, 11.650, 108.88, -28.00, 11.648, 108.89, -28.01, 0.003, 251.28, -12.83);
insert into SHOT values (861, 859, 862, 553, 1.950, 39.58, -29.60, 1.944, 39.72, -29.60, 0.007, 183.23, 25.29);
insert into SHOT values (862, 859, 863, 553, 1.510, 31.08, -63.70, 1.504, 30.82, -63.82, 0.007, 241.20, 30.89);
insert into SHOT values (863, 859, 864, 553, 1.320, 188.68, -62.30, 1.323, 189.31, -62.15, 0.008, 244.96, -8.95);
insert into SHOT values (864, 859, 865, 553, 7.080, 90.98, 35.50, 7.077, 90.99, 35.51, 0.004, 250.52, -22.79);
insert into SHOT values (865, 859, 866, 553, 9.620, 98.68, 23.10, 9.616, 98.72, 23.15, 0.010, 240.53, 34.43);
insert into SHOT values (866, 859, 867, 553, 16.180, 101.88, -3.20, 16.182, 101.89, -3.19, 0.005, 157.38, 40.52);
insert into SHOT values (867, 859, 868, 553, 13.330, 102.78, -12.90, 13.328, 102.81, -12.88, 0.008, 196.79, 48.57);
insert into SHOT values (868, 859, 869, 553, 7.610, 109.88, -10.40, 7.612, 109.91, -10.37, 0.006, 164.28, 39.84);
insert into SHOT values (869, 859, 870, 553, 11.330, 109.98, -28.10, 11.326, 110.01, -28.07, 0.008, 211.88, 51.52);
insert into SHOT values (870, 859, 871, 553, 3.680, 285.88, -22.00, 3.687, 285.78, -21.98, 0.009, 245.23, -9.07);
insert into SHOT values (871, 859, 872, 553, 1.840, 333.88, -4.20, 1.843, 333.85, -4.05, 0.006, 316.27, 56.18);
insert into SHOT values (872, 859, 873, 553, 2.280, 336.48, -20.90, 2.276, 336.45, -20.85, 0.005, 181.83, 47.53);
insert into SHOT values (873, 859, 874, 553, 3.990, 340.98, -7.40, 3.989, 340.97, -7.35, 0.004, 220.76, 74.46);
insert into SHOT values (874, 859, 875, 553, 1.630, 5.28, -8.70, 1.625, 5.36, -8.49, 0.008, 159.58, 54.39);
insert into SHOT values (875, 859, 876, 553, 2.900, 285.18, -19.40, 2.897, 285.05, -19.35, 0.007, 181.22, 27.02);
insert into SHOT values (876, 859, 877, 553, 11.670, 108.78, -27.40, 11.672, 108.80, -27.39, 0.004, 166.11, 7.46);
insert into SHOT values (877, 776, 878, 553, 32.100, 82.28, -0.40, 32.092, 82.28, -0.41, 0.010, 268.89, -34.69);
insert into SHOT values (878, 878, 879, 553, 11.920, 83.88, 8.10, 11.925, 83.92, 8.10, 0.010, 140.73, 2.71);
insert into SHOT values (879, 878, 880, 553, 5.530, 80.58, 72.40, 5.538, 80.71, 72.43, 0.010, 173.20, 67.84);
insert into SHOT values (880, 878, 881, 553, 5.990, 221.08, 54.20, 5.990, 221.06, 54.23, 0.003, 67.41, 31.51);
insert into SHOT values (881, 878, 882, 553, 9.710, 206.68, 11.20, 9.707, 206.65, 11.23, 0.008, 84.67, 28.50);
insert into SHOT values (882, 878, 883, 553, 0.990, 209.78, -32.50, 0.991, 209.32, -32.33, 0.007, 138.36, 15.11);
insert into SHOT values (883, 878, 884, 553, 26.610, 182.68, 6.90, 26.612, 182.67, 6.91, 0.008, 104.16, 24.57);
insert into SHOT values (884, 878, 885, 553, 14.650, 154.68, 21.20, 14.657, 154.65, 21.20, 0.010, 109.31, 12.59);
insert into SHOT values (885, 878, 886, 553, 17.010, 104.78, 19.20, 17.019, 104.78, 19.21, 0.010, 97.98, 36.85);
insert into SHOT values (886, 878, 887, 553, 39.600, 138.38, 9.50, 39.602, 138.38, 9.51, 0.004, 149.19, 75.54);
insert into SHOT values (887, 878, 888, 553, 18.430, 145.38, 5.30, 18.440, 145.38, 5.32, 0.012, 146.55, 40.23);
insert into SHOT values (888, 878, 889, 553, 6.400, 166.08, 0.90, 6.399, 166.07, 0.98, 0.010, 33.66, 80.15);
insert into SHOT values (889, 878, 890, 553, 14.020, 37.88, 6.60, 14.024, 37.91, 6.63, 0.012, 104.99, 45.96);
insert into SHOT values (890, 878, 891, 553, 26.900, 30.18, -4.30, 26.895, 30.20, -4.29, 0.011, 154.10, 39.73);
insert into SHOT values (891, 878, 892, 553, 31.760, 9.78, 0.90, 31.756, 9.79, 0.90, 0.006, 137.08, 11.01);
insert into SHOT values (892, 878, 893, 553, 6.950, 322.88, 9.40, 6.940, 322.90, 9.45, 0.012, 134.85, 24.49);
insert into SHOT values (893, 878, 894, 553, 6.550, 299.18, 10.00, 6.546, 299.15, 10.03, 0.006, 162.20, 25.13);
insert into SHOT values (894, 878, 895, 553, 1.360, 356.78, -33.50, 1.358, 356.96, -33.54, 0.004, 122.28, 8.39);
insert into SHOT values (895, 878, 896, 553, 8.250, 352.18, -4.60, 8.242, 352.23, -4.59, 0.011, 129.75, 8.51);
insert into SHOT values (896, 878, 897, 553, 6.430, 7.48, 38.50, 6.436, 7.53, 38.54, 0.009, 81.54, 57.08);
insert into SHOT values (897, 878, 898, 553, 14.730, 235.58, 5.60, 14.730, 235.56, 5.61, 0.006, 140.35, 25.45);
insert into SHOT values (898, 878, 899, 553, 23.600, 246.88, 0.10, 23.597, 246.87, 0.12, 0.011, 131.76, 52.50);
insert into SHOT values (899, 878, 900, 553, 23.130, 270.38, 0.10, 23.131, 270.37, 0.10, 0.005, 186.70, -4.46);
insert into SHOT values (900, 878, 901, 553, 11.410, 281.38, 1.20, 11.407, 281.38, 1.21, 0.004, 115.84, 16.90);
insert into SHOT values (901, 878, 902, 553, 10.960, 261.28, 16.50, 10.956, 261.24, 16.55, 0.013, 135.49, 34.69);
insert into SHOT values (902, 878, 903, 553, 17.930, 260.38, 4.00, 17.926, 260.37, 4.03, 0.011, 111.49, 60.04);
insert into SHOT values (903, 878, 904, 553, 25.700, 259.98, -5.80, 25.691, 259.97, -5.79, 0.012, 107.35, 38.13);
insert into SHOT values (904, 878, 905, 553, 6.150, 263.48, -9.90, 6.140, 263.45, -9.85, 0.012, 104.53, 37.54);
insert into SHOT values (905, 878, 906, 553, 5.970, 301.78, -1.60, 5.966, 301.77, -1.54, 0.008, 138.92, 57.50);
insert into SHOT values (906, 878, 907, 553, 5.640, 300.88, 25.30, 5.632, 300.85, 25.34, 0.009, 140.21, -1.80);
insert into SHOT values (907, 878, 908, 553, 40.530, 137.58, 8.30, 40.538, 137.58, 8.31, 0.012, 102.61, 48.05);
insert into SHOT_FLAG values(907, 'dpl');
insert into SHOT values (908, 878, 909, 553, 24.290, 340.78, -3.60, 24.285, 340.80, -3.59, 0.011, 98.13, 29.38);
insert into SHOT values (909, 909, 910, 553, 2.400, 234.98, 9.60, 2.403, 234.97, 9.58, 0.003, 222.72, -4.84);
insert into SHOT values (910, 909, 911, 553, 5.290, 135.78, 64.70, 5.286, 135.90, 64.73, 0.007, 272.39, -21.54);
insert into SHOT values (911, 909, 912, 553, 15.360, 85.78, 22.80, 15.358, 85.79, 22.79, 0.003, 231.71, -49.76);
insert into SHOT values (912, 909, 913, 553, 18.550, 86.18, 1.60, 18.548, 86.20, 1.61, 0.005, 200.80, 23.97);
insert into SHOT values (913, 909, 914, 553, 2.160, 93.88, -9.90, 2.157, 94.05, -9.88, 0.007, 206.59, 11.71);
insert into SHOT values (914, 909, 915, 553, 8.120, 125.58, -7.80, 8.117, 125.59, -7.79, 0.004, 294.07, 34.58);
insert into SHOT values (915, 909, 916, 553, 15.880, 146.08, -0.90, 15.878, 146.12, -0.90, 0.010, 249.62, -3.12);
insert into SHOT values (916, 909, 917, 553, 22.730, 128.08, 5.20, 22.723, 128.09, 5.20, 0.008, 286.94, -0.57);
insert into SHOT values (917, 909, 918, 553, 12.850, 166.18, 2.80, 12.855, 166.21, 2.81, 0.009, 217.44, 15.08);
insert into SHOT values (918, 909, 919, 553, 15.030, 279.38, -14.00, 15.033, 279.39, -14.01, 0.005, 325.92, -54.16);
insert into SHOT values (919, 909, 920, 553, 18.200, 307.08, -13.30, 18.201, 307.08, -13.31, 0.003, 318.40, -84.96);
insert into SHOT values (920, 909, 921, 553, 22.340, 322.38, -11.60, 22.338, 322.37, -11.60, 0.006, 211.80, 22.23);
insert into SHOT values (921, 909, 922, 553, 13.550, 346.08, -4.60, 13.551, 346.08, -4.61, 0.004, 274.05, -64.72);
insert into SHOT values (922, 909, 923, 553, 10.320, 322.58, 19.20, 10.323, 322.54, 19.17, 0.009, 265.83, -25.21);
insert into SHOT values (923, 909, 924, 553, 20.740, 309.48, -3.90, 20.743, 309.45, -3.90, 0.012, 234.08, 3.04);
insert into SHOT values (924, 909, 925, 553, 21.880, 306.18, -5.90, 21.884, 306.18, -5.90, 0.004, 288.22, -13.81);
insert into SHOT values (925, 909, 926, 553, 22.800, 68.18, 8.10, 22.795, 68.18, 8.10, 0.006, 281.15, -23.22);
insert into SHOT_FLAG values(925, 'dpl');
insert into SHOT values (926, 909, 927, 553, 32.690, 305.58, -8.30, 32.691, 305.58, -8.30, 0.004, 225.58, -15.13);
insert into SHOT values (927, 927, 928, 553, 4.160, 244.78, -13.60, 4.161, 244.83, -13.62, 0.004, 323.44, -28.74);
insert into SHOT values (928, 927, 929, 553, 1.740, 222.98, -46.80, 1.740, 222.95, -46.89, 0.003, 56.80, -32.66);
insert into SHOT values (929, 927, 930, 553, 4.780, 228.98, 57.70, 4.782, 228.96, 57.65, 0.005, 217.00, -4.31);
insert into SHOT values (930, 927, 931, 553, 1.150, 8.88, -65.10, 1.148, 8.30, -64.99, 0.006, 288.72, 31.62);
insert into SHOT values (931, 927, 932, 553, 8.460, 42.18, -0.90, 8.461, 42.17, -0.88, 0.003, 353.40, 56.41);
insert into SHOT values (932, 927, 933, 553, 13.100, 354.58, 19.20, 13.104, 354.58, 19.20, 0.005, 331.24, 22.47);
insert into SHOT values (933, 927, 934, 553, 10.590, 309.98, 8.00, 10.594, 309.97, 7.98, 0.006, 287.94, -38.69);
insert into SHOT values (934, 927, 935, 553, 3.920, 334.68, -5.90, 3.926, 334.68, -5.85, 0.007, 333.69, 26.68);
insert into SHOT values (935, 927, 936, 553, 22.610, 352.68, 5.10, 22.613, 352.68, 5.10, 0.003, 326.65, 1.65);
insert into SHOT values (936, 927, 937, 553, 4.430, 220.58, -19.20, 4.432, 220.54, -19.23, 0.004, 148.95, -44.45);
insert into SHOT values (937, 927, 938, 553, 8.310, 186.68, -21.20, 8.303, 186.68, -21.18, 0.007, 18.56, 44.25);
insert into SHOT values (938, 927, 939, 553, 10.440, 194.78, -11.70, 10.437, 194.80, -11.72, 0.006, 342.79, -30.61);
insert into SHOT values (939, 927, 940, 553, 10.860, 148.98, -2.50, 10.861, 148.99, -2.48, 0.004, 203.24, 64.02);
insert into SHOT values (940, 927, 941, 553, 17.070, 136.88, 2.50, 17.067, 136.90, 2.49, 0.008, 256.88, -36.52);
insert into SHOT values (941, 927, 942, 553, 10.720, 103.18, 2.50, 10.722, 103.17, 2.51, 0.004, 44.01, 34.22);
insert into SHOT values (942, 927, 943, 553, 6.740, 122.38, -9.80, 6.743, 122.40, -9.82, 0.004, 156.82, -41.78);
insert into SHOT values (943, 927, 944, 553, 7.990, 124.48, 16.30, 7.987, 124.48, 16.29, 0.003, 323.25, -47.88);
insert into SHOT values (944, 927, 945, 553, 16.440, 176.18, -9.80, 16.436, 176.18, -9.81, 0.005, 21.25, -21.41);
insert into SHOT values (945, 927, 946, 553, 18.220, 175.88, -9.90, 18.217, 175.88, -9.89, 0.004, 31.74, 42.31);
insert into SHOT values (946, 927, 947, 553, 23.290, 333.28, -0.20, 23.287, 333.28, -0.20, 0.004, 168.98, 20.38);
insert into SHOT values (947, 947, 948, 553, 2.420, 28.38, 44.70, 2.420, 28.05, 44.63, 0.010, 310.82, -12.29);
insert into SHOT values (948, 947, 949, 553, 4.090, 186.78, 73.80, 4.092, 187.06, 73.84, 0.007, 300.57, 21.57);
insert into SHOT values (949, 947, 950, 553, 6.110, 215.48, -27.40, 6.105, 215.54, -27.41, 0.007, 350.14, 14.11);
insert into SHOT values (950, 947, 951, 553, 12.390, 205.68, 4.00, 12.383, 205.71, 3.98, 0.010, 339.19, -24.67);
insert into SHOT values (951, 947, 952, 553, 10.400, 202.88, 39.00, 10.395, 202.95, 38.99, 0.011, 311.06, -27.46);
insert into SHOT values (952, 947, 953, 553, 29.920, 159.18, 5.20, 29.918, 159.18, 5.20, 0.003, 23.54, -41.78);
insert into SHOT values (953, 947, 954, 553, 15.300, 144.18, 25.10, 15.297, 144.16, 25.10, 0.005, 21.52, -2.63);
insert into SHOT values (954, 947, 955, 553, 14.930, 147.58, 44.00, 14.923, 147.60, 44.02, 0.010, 310.26, -7.44);
insert into SHOT values (955, 947, 956, 553, 18.800, 131.08, 6.00, 18.793, 131.07, 5.99, 0.009, 336.41, -34.58);
insert into SHOT values (956, 947, 957, 553, 6.370, 151.18, -19.80, 6.370, 151.17, -19.82, 0.003, 42.42, -53.57);
insert into SHOT values (957, 947, 958, 553, 14.660, 144.98, -4.90, 14.657, 144.98, -4.89, 0.004, 329.98, 38.28);
insert into SHOT values (958, 947, 959, 553, 18.800, 251.38, 0.40, 18.803, 251.39, 0.40, 0.005, 289.96, -15.80);
insert into SHOT values (959, 947, 960, 553, 5.630, 224.98, -31.80, 5.634, 225.08, -31.82, 0.009, 300.33, -20.30);
insert into SHOT values (960, 947, 961, 553, 10.240, 246.08, -32.50, 10.243, 246.10, -32.48, 0.006, 283.42, 19.92);
insert into SHOT values (961, 947, 962, 553, 16.530, 264.58, -13.60, 16.535, 264.61, -13.61, 0.009, 321.91, -20.08);
insert into SHOT values (962, 947, 963, 553, 44.900, 284.78, -2.40, 44.905, 284.79, -2.40, 0.005, 306.70, 2.29);
insert into SHOT values (963, 947, 964, 553, 41.610, 286.98, 2.90, 41.616, 286.98, 2.89, 0.008, 286.33, -41.74);
insert into SHOT values (964, 947, 965, 553, 36.330, 298.38, -1.40, 36.339, 298.39, -1.40, 0.009, 306.59, -15.58);
insert into SHOT values (965, 947, 966, 553, 26.800, 260.08, 1.90, 26.804, 260.09, 1.90, 0.006, 300.38, 14.14);
insert into SHOT values (966, 947, 967, 553, 17.610, 268.48, -6.60, 17.613, 268.49, -6.62, 0.007, 317.01, -55.09);
insert into SHOT values (967, 967, 968, 553, 5.930, 222.58, 6.90, 5.925, 222.59, 6.98, 0.010, 37.49, 52.58);
insert into SHOT values (968, 967, 969, 553, 15.130, 265.78, 6.30, 15.133, 265.77, 6.34, 0.011, 206.32, 64.23);
insert into SHOT values (969, 967, 970, 553, 18.150, 300.48, 12.50, 18.150, 300.49, 12.50, 0.002, 26.66, 55.21);
insert into SHOT values (970, 967, 971, 553, 23.510, 319.08, 2.60, 23.511, 319.09, 2.61, 0.005, 40.72, 44.83);
insert into SHOT values (971, 967, 972, 553, 5.760, 1.78, -10.50, 5.758, 1.82, -10.41, 0.010, 102.09, 68.32);
insert into SHOT values (972, 967, 973, 553, 16.550, 354.58, -4.50, 16.554, 354.58, -4.47, 0.010, 331.98, 57.95);
insert into SHOT values (973, 967, 974, 553, 12.090, 7.68, 1.00, 12.091, 7.70, 1.04, 0.010, 84.61, 66.69);
insert into SHOT values (974, 967, 975, 553, 10.560, 30.58, -2.20, 10.557, 30.60, -2.17, 0.007, 165.12, 50.33);
insert into SHOT values (975, 967, 976, 553, 6.810, 14.68, -14.80, 6.809, 14.69, -14.72, 0.010, 49.17, 81.33);
insert into SHOT values (976, 967, 977, 553, 24.160, 11.78, -4.30, 24.156, 11.79, -4.30, 0.005, 177.50, 19.02);
insert into SHOT values (977, 967, 978, 553, 26.340, 27.58, -7.10, 26.340, 27.57, -7.09, 0.007, 314.86, 54.53);
insert into SHOT values (978, 967, 979, 553, 29.940, 0.28, -5.60, 29.943, 0.29, -5.60, 0.005, 39.75, 21.08);
insert into SHOT values (979, 967, 980, 553, 3.270, 256.98, -50.00, 3.267, 257.09, -49.93, 0.006, 328.57, 51.02);
insert into SHOT values (980, 967, 981, 553, 7.180, 268.28, -39.30, 7.172, 268.25, -39.27, 0.009, 133.92, 56.36);
insert into SHOT values (981, 967, 982, 553, 18.540, 275.18, -29.50, 18.535, 275.19, -29.47, 0.010, 10.48, 76.66);
insert into SHOT values (982, 967, 983, 553, 20.520, 274.58, -20.00, 20.516, 274.58, -19.98, 0.008, 134.10, 82.00);
insert into SHOT values (983, 967, 984, 553, 23.130, 272.78, -15.50, 23.127, 272.78, -15.50, 0.004, 132.63, 19.95);
insert into SHOT values (984, 967, 985, 553, 22.110, 269.38, -13.70, 22.109, 269.39, -13.68, 0.007, 346.61, 78.95);
insert into SHOT values (985, 967, 986, 553, 13.060, 262.48, -17.70, 13.056, 262.47, -17.70, 0.005, 116.49, 7.08);
insert into SHOT values (986, 967, 987, 553, 17.720, 279.48, -15.10, 17.714, 279.49, -15.08, 0.008, 73.72, 53.43);
insert into SHOT values (987, 967, 988, 553, 8.390, 285.48, -14.60, 8.385, 285.51, -14.57, 0.007, 59.95, 43.55);
insert into SHOT values (988, 967, 989, 553, 24.480, 272.28, -12.00, 24.482, 272.27, -11.98, 0.011, 225.03, 59.98);
insert into SHOT values (989, 989, 990, 553, 1.320, 3.98, -6.80, 1.323, 3.93, -6.95, 0.005, 336.86, -54.27);
insert into SHOT values (990, 989, 991, 553, 1.260, 341.18, -60.30, 1.269, 341.57, -60.10, 0.011, 8.49, -31.02);
insert into SHOT values (991, 989, 992, 553, 1.400, 8.28, 2.10, 1.407, 8.59, 2.04, 0.010, 56.75, -7.34);
insert into SHOT values (992, 989, 993, 553, 4.410, 306.08, -16.50, 4.406, 306.14, -16.62, 0.010, 92.81, -45.99);
insert into SHOT values (993, 989, 994, 553, 6.610, 284.18, 0.50, 6.602, 284.20, 0.43, 0.011, 86.84, -42.87);
insert into SHOT values (994, 989, 995, 553, 9.800, 290.38, 8.70, 9.801, 290.42, 8.69, 0.006, 6.36, -21.46);
insert into SHOT values (995, 989, 996, 553, 15.670, 296.88, -9.10, 15.671, 296.90, -9.11, 0.004, 9.89, -24.35);
insert into SHOT values (996, 989, 997, 553, 8.170, 289.08, -11.30, 8.171, 289.09, -11.36, 0.009, 63.42, -80.67);
insert into SHOT values (997, 989, 998, 553, 11.790, 297.98, -21.40, 11.794, 298.04, -21.43, 0.013, 21.82, -38.73);
insert into SHOT values (998, 989, 999, 553, 11.890, 293.28, -18.60, 11.893, 293.31, -18.63, 0.010, 12.45, -52.66);
insert into SHOT values (999, 989, 1000, 553, 2.470, 301.38, -28.90, 2.470, 301.56, -29.06, 0.010, 57.10, -41.15);
insert into SHOT values (1000, 989, 1001, 553, 3.760, 82.58, -27.30, 3.769, 82.45, -27.32, 0.012, 37.83, -26.45);
insert into SHOT values (1001, 989, 1002, 553, 9.350, 83.48, -23.60, 9.360, 83.44, -23.62, 0.013, 44.18, -32.50);
insert into SHOT values (1002, 989, 1003, 553, 5.820, 101.08, -4.30, 5.824, 101.02, -4.33, 0.008, 39.28, -26.38);
insert into SHOT values (1003, 989, 1004, 553, 2.490, 73.38, 3.10, 2.499, 73.23, 2.98, 0.013, 39.78, -21.73);
insert into SHOT values (1004, 989, 1005, 553, 5.420, 301.68, -26.10, 5.423, 301.73, -26.15, 0.007, 28.08, -53.73);
insert into SHOT values (1005, 1005, 1006, 553, 1.400, 226.78, 9.10, 1.404, 226.75, 9.02, 0.004, 217.03, -18.45);
insert into SHOT values (1006, 1005, 1007, 553, 3.170, 274.78, -1.00, 3.172, 274.88, -0.90, 0.008, 345.07, 42.04);
insert into SHOT values (1007, 1005, 1008, 553, 5.910, 285.28, -3.10, 5.909, 285.33, -3.10, 0.005, 30.71, -4.35);
insert into SHOT values (1008, 1005, 1009, 553, 11.180, 294.08, -4.20, 11.181, 294.08, -4.21, 0.001, 280.17, -63.46);
insert into SHOT values (1009, 1005, 1010, 553, 1.350, 302.68, -6.50, 1.354, 302.86, -6.36, 0.006, 349.54, 26.00);
insert into SHOT values (1010, 1005, 1011, 553, 4.520, 301.38, -56.00, 4.524, 301.43, -55.98, 0.005, 329.39, -32.24);
insert into SHOT values (1011, 1005, 1012, 553, 8.060, 284.98, 44.50, 8.059, 285.03, 44.51, 0.005, 41.93, 7.63);
insert into SHOT values (1012, 1005, 1013, 553, 8.770, 239.48, 75.40, 8.772, 239.48, 75.44, 0.006, 60.11, 31.98);
insert into SHOT values (1013, 1005, 1014, 553, 9.150, 293.08, 14.80, 9.153, 293.09, 14.81, 0.004, 310.92, 47.59);
insert into SHOT values (1014, 1005, 1015, 553, 11.430, 288.88, 1.60, 11.430, 288.89, 1.60, 0.002, 15.58, 20.26);
insert into SHOT values (1015, 1005, 1016, 553, 15.710, 292.28, -11.00, 15.712, 292.29, -11.01, 0.003, 353.19, -44.13);
insert into SHOT values (1016, 1005, 1017, 553, 17.360, 294.08, -20.70, 17.358, 294.10, -20.72, 0.008, 59.82, -28.99);
insert into SHOT values (1017, 1005, 1018, 553, 11.400, 292.98, -26.10, 11.395, 293.01, -26.08, 0.008, 61.42, 43.84);
insert into SHOT values (1018, 1018, 1019, 553, 0.640, 24.18, -7.70, 0.642, 24.15, -8.06, 0.004, 7.34, -71.25);
insert into SHOT values (1019, 1018, 1020, 553, 1.460, 356.48, -73.70, 1.469, 355.82, -73.75, 0.010, 281.60, -60.24);
insert into SHOT values (1020, 1018, 1021, 553, 7.850, 249.28, 68.60, 7.842, 249.35, 68.58, 0.009, 344.13, -69.05);
insert into SHOT values (1021, 1018, 1022, 553, 4.190, 134.88, 53.90, 4.185, 134.84, 53.87, 0.006, 20.60, -67.76);
insert into SHOT values (1022, 1018, 1023, 553, 8.860, 125.18, 61.20, 8.857, 125.18, 61.18, 0.004, 113.23, -69.12);
insert into SHOT values (1023, 1018, 1024, 553, 1.890, 98.08, 21.60, 1.888, 98.18, 21.43, 0.006, 176.43, -63.16);
insert into SHOT values (1024, 1018, 1025, 553, 3.070, 105.78, -22.10, 3.067, 105.95, -22.22, 0.011, 228.75, -27.53);
insert into SHOT values (1025, 1018, 1026, 553, 4.490, 106.58, -1.90, 4.489, 106.58, -1.91, 0.002, 311.49, -44.04);
insert into SHOT values (1026, 1018, 1027, 553, 6.230, 110.08, 16.70, 6.226, 110.11, 16.71, 0.005, 257.89, -3.26);
insert into SHOT values (1027, 1018, 1028, 553, 2.720, 289.28, -23.90, 2.725, 289.24, -24.04, 0.009, 245.91, -69.45);
insert into SHOT values (1028, 1018, 1029, 553, 4.780, 293.08, -1.60, 4.783, 293.03, -1.68, 0.009, 232.81, -49.67);
insert into SHOT values (1029, 1018, 1030, 553, 6.600, 276.98, 9.50, 6.597, 276.97, 9.42, 0.009, 139.79, -78.75);
insert into SHOT values (1030, 1018, 1031, 553, 7.070, 279.28, 17.70, 7.072, 279.22, 17.70, 0.007, 203.99, 3.91);
insert into SHOT values (1031, 1018, 1032, 553, 10.310, 285.98, -2.80, 10.309, 285.95, -2.84, 0.008, 184.07, -48.92);
insert into SHOT values (1032, 1018, 1033, 553, 8.330, 291.98, -7.70, 8.335, 291.97, -7.72, 0.007, 268.97, -36.34);
insert into SHOT values (1033, 1018, 1034, 553, 12.160, 287.08, -0.40, 12.166, 287.06, -0.42, 0.009, 253.29, -35.76);
insert into SHOT values (1034, 878, 1035, 553, 20.190, 27.68, -5.40, 20.187, 27.84, -5.09, 0.123, 110.66, 63.34);
insert into SHOT values (1035, 1035, 1036, 553, 6.690, 93.58, -12.40, 6.689, 93.51, -12.43, 0.009, 352.07, -22.06);
insert into SHOT values (1036, 1035, 1037, 553, 1.990, 90.58, -39.50, 1.988, 90.37, -39.69, 0.009, 315.91, -28.21);
insert into SHOT values (1037, 1035, 1038, 553, 3.430, 12.58, 46.70, 3.428, 12.50, 46.59, 0.008, 329.12, -52.35);
insert into SHOT values (1038, 1035, 1039, 553, 10.210, 1.78, -1.40, 10.218, 1.80, -1.40, 0.008, 16.58, -3.76);
insert into SHOT values (1039, 1035, 1040, 553, 6.420, 131.88, 12.40, 6.418, 131.83, 12.42, 0.007, 16.14, 12.42);
insert into SHOT values (1040, 1035, 1041, 553, 5.740, 44.68, -25.80, 5.742, 44.61, -25.81, 0.007, 325.03, -14.44);
insert into SHOT values (1041, 1035, 1042, 553, 19.690, 54.58, -20.50, 19.692, 54.58, -20.51, 0.005, 349.87, -66.70);
insert into SHOT values (1042, 1035, 1043, 553, 11.490, 33.28, -10.00, 11.492, 33.28, -10.02, 0.005, 27.11, -81.29);
insert into SHOT values (1043, 1035, 1044, 553, 12.160, 26.88, -17.80, 12.161, 26.85, -17.81, 0.007, 302.55, -23.92);
insert into SHOT values (1044, 1035, 1045, 553, 13.940, 22.28, -11.20, 13.946, 22.37, -11.00, 0.054, 74.92, 61.64);
insert into SHOT values (1045, 1045, 1046, 553, 8.980, 136.78, -19.30, 8.981, 136.82, -19.31, 0.005, 226.03, -21.75);
insert into SHOT values (1046, 1045, 1047, 553, 5.340, 100.48, -10.90, 5.335, 100.56, -10.91, 0.009, 225.97, -1.55);
insert into SHOT values (1047, 1045, 1048, 553, 14.200, 77.98, -12.30, 14.201, 77.98, -12.32, 0.005, 359.18, -73.73);
insert into SHOT values (1048, 1045, 1049, 553, 11.940, 59.88, -8.90, 11.938, 59.87, -8.92, 0.005, 285.73, -34.93);
insert into SHOT values (1049, 1045, 1050, 553, 21.440, 46.38, -1.70, 21.434, 46.38, -1.71, 0.007, 235.61, -32.71);
insert into SHOT values (1050, 1045, 1051, 553, 37.240, 32.88, -0.30, 37.238, 32.89, -0.31, 0.006, 151.17, -56.23);
insert into SHOT values (1051, 1045, 1052, 553, 1.990, 28.98, 7.30, 1.981, 28.91, 7.25, 0.010, 224.04, -17.13);
insert into SHOT values (1052, 1045, 1053, 553, 11.230, 29.38, -10.70, 11.224, 29.38, -10.73, 0.008, 218.77, -36.63);
insert into SHOT values (1053, 1045, 1054, 553, 14.600, 6.48, -15.30, 14.597, 6.48, -15.29, 0.004, 182.12, 45.74);
insert into SHOT values (1054, 1045, 1055, 553, 22.940, 345.38, -16.70, 22.939, 345.37, -16.70, 0.006, 255.77, 20.94);
insert into SHOT values (1055, 1045, 1056, 553, 6.700, 337.88, -19.60, 6.704, 337.86, -19.61, 0.005, 306.01, -28.80);
insert into SHOT values (1056, 1045, 1057, 553, 2.330, 337.68, 46.00, 2.329, 337.54, 45.82, 0.009, 296.41, -45.20);
insert into SHOT values (1057, 1045, 1058, 553, 10.540, 313.38, -3.60, 10.540, 313.34, -3.59, 0.007, 222.35, 13.99);
insert into SHOT values (1058, 1045, 1059, 553, 8.990, 284.08, 9.80, 8.996, 284.04, 9.79, 0.009, 232.94, -1.13);
insert into SHOT values (1059, 1045, 1060, 553, 2.110, 298.78, 48.10, 2.113, 298.74, 47.99, 0.005, 286.88, -5.47);
insert into SHOT values (1060, 1045, 1061, 553, 0.890, 106.28, -83.90, 0.895, 108.43, -83.92, 0.006, 192.65, -54.69);
insert into SHOT values (1061, 1045, 1062, 553, 5.770, 127.48, -32.60, 5.767, 127.55, -32.64, 0.008, 254.93, -9.68);
insert into SHOT values (1062, 1045, 1063, 553, 14.700, 98.08, -16.90, 14.694, 98.10, -16.89, 0.007, 247.20, 29.47);
insert into SHOT values (1063, 1045, 1064, 553, 21.040, 31.28, 1.00, 21.037, 31.41, 1.31, 0.122, 127.96, 67.83);
insert into SHOT values (1064, 1064, 1065, 553, 3.860, 222.28, -79.30, 3.867, 222.17, -79.34, 0.007, 84.36, -72.92);
insert into SHOT values (1065, 1064, 1066, 553, 11.390, 133.98, 4.50, 11.386, 133.96, 4.48, 0.007, 356.46, -34.11);
insert into SHOT values (1066, 1064, 1067, 553, 13.090, 175.28, 0.00, 13.085, 175.27, 0.00, 0.007, 32.46, 0.00);
insert into SHOT values (1067, 1064, 1068, 553, 7.930, 179.28, -11.50, 7.932, 179.26, -11.56, 0.009, 86.00, -72.76);
insert into SHOT values (1068, 1064, 1069, 553, 10.220, 87.48, -4.00, 10.225, 87.47, -4.04, 0.009, 63.93, -53.40);
insert into SHOT values (1069, 1064, 1070, 553, 11.080, 94.08, -20.00, 11.084, 94.07, -19.99, 0.005, 73.46, -4.93);
insert into SHOT values (1070, 1064, 1071, 553, 3.850, 58.08, -18.70, 3.856, 58.09, -18.76, 0.008, 66.29, -48.50);
insert into SHOT values (1071, 1064, 1072, 553, 13.920, 50.98, -3.50, 13.926, 50.99, -3.50, 0.006, 58.02, -2.04);
insert into SHOT values (1072, 1064, 1073, 553, 17.520, 35.18, -4.60, 17.525, 35.16, -4.61, 0.009, 340.64, -34.33);
insert into SHOT values (1073, 1064, 1074, 553, 4.550, 31.58, -15.40, 4.554, 31.59, -15.41, 0.004, 39.43, -23.11);
insert into SHOT values (1074, 1064, 1075, 553, 2.230, 32.08, 11.20, 2.234, 31.95, 11.10, 0.008, 343.77, -24.72);
insert into SHOT values (1075, 1064, 1076, 553, 19.090, 256.78, -17.50, 19.088, 256.79, -17.53, 0.011, 57.78, -62.45);
insert into SHOT values (1076, 1064, 1077, 553, 17.470, 245.58, -7.50, 17.470, 245.58, -7.53, 0.010, 97.50, -81.50);
insert into SHOT values (1077, 1064, 1078, 553, 18.340, 226.08, -8.00, 18.334, 226.09, -8.03, 0.011, 20.31, -45.14);
insert into SHOT values (1078, 1064, 1079, 553, 20.080, 234.88, -5.00, 20.074, 234.90, -5.00, 0.007, 20.21, 0.67);
insert into SHOT values (1079, 1064, 1080, 553, 16.130, 220.18, -11.70, 16.126, 220.20, -11.74, 0.012, 11.12, -51.57);
insert into SHOT values (1080, 1064, 1081, 553, 10.890, 236.28, -26.00, 10.890, 236.29, -26.04, 0.007, 25.11, -60.63);
insert into SHOT values (1081, 1064, 1082, 553, 10.050, 289.68, -32.40, 10.053, 289.69, -32.42, 0.005, 350.57, -68.51);
insert into SHOT values (1082, 1064, 1083, 553, 31.910, 284.58, -14.00, 31.907, 284.59, -14.00, 0.006, 48.00, -2.50);
insert into SHOT values (1083, 1064, 1084, 553, 21.030, 305.88, -19.60, 21.029, 305.88, -19.62, 0.006, 145.42, -63.92);
insert into SHOT values (1084, 1064, 1085, 553, 23.570, 316.98, -15.40, 23.572, 317.00, -15.40, 0.006, 23.84, -8.04);
insert into SHOT values (1085, 1064, 1086, 553, 13.460, 331.78, -18.10, 13.468, 331.79, -18.13, 0.011, 351.92, -51.96);
insert into SHOT values (1086, 1064, 1087, 553, 16.920, 297.88, -8.00, 16.923, 297.90, -8.02, 0.007, 1.21, -52.28);
insert into SHOT values (1087, 1064, 1088, 553, 6.830, 291.18, -2.00, 6.827, 291.22, -2.01, 0.006, 53.04, -15.82);
insert into SHOT values (1088, 1064, 1089, 553, 38.120, 295.18, -13.40, 38.124, 295.18, -13.41, 0.006, 292.43, -65.90);
insert into SHOT values (1089, 1064, 1090, 553, 16.480, 33.48, -7.80, 16.489, 33.57, -7.53, 0.083, 86.32, 67.14);
insert into SHOT values (1090, 1090, 1091, 553, 15.020, 349.98, -21.70, 15.020, 349.97, -21.73, 0.007, 222.61, -58.89);
insert into SHOT values (1091, 1090, 1092, 553, 16.270, 315.58, -16.70, 16.273, 315.57, -16.71, 0.006, 253.58, -53.09);
insert into SHOT values (1092, 1090, 1093, 553, 13.970, 293.78, -10.40, 13.977, 293.77, -10.43, 0.010, 259.09, -51.43);
insert into SHOT values (1093, 1090, 1094, 553, 6.220, 92.38, 9.20, 6.215, 92.43, 9.17, 0.008, 224.98, -33.99);
insert into SHOT values (1094, 1090, 1095, 553, 3.610, 104.48, 36.50, 3.607, 104.56, 36.39, 0.008, 175.99, -59.83);
insert into SHOT values (1095, 1090, 1096, 553, 10.240, 122.78, -9.20, 10.245, 122.81, -9.21, 0.008, 165.72, -22.01);
insert into SHOT values (1096, 1090, 1097, 553, 5.330, 94.38, -23.90, 5.331, 94.35, -23.90, 0.003, 27.79, -12.24);
insert into SHOT values (1097, 1090, 1098, 553, 8.040, 53.78, -22.40, 8.043, 53.81, -22.44, 0.007, 124.01, -60.82);
insert into SHOT values (1098, 1090, 1099, 553, 1.390, 150.98, -51.00, 1.391, 151.39, -50.92, 0.007, 220.53, 2.01);
insert into SHOT values (1099, 1090, 1100, 553, 19.840, 95.28, -13.60, 19.840, 95.30, -13.61, 0.007, 202.18, -45.34);
insert into SHOT values (1100, 1090, 1101, 553, 28.500, 95.48, -7.40, 28.498, 95.48, -7.42, 0.010, 280.55, -70.18);
insert into SHOT values (1101, 1090, 1102, 553, 22.400, 97.28, -2.00, 22.395, 97.29, -2.02, 0.010, 250.87, -53.67);
insert into SHOT values (1102, 1090, 1103, 553, 21.980, 79.08, -12.10, 21.978, 79.08, -12.11, 0.004, 266.73, -43.20);
insert into SHOT values (1103, 1090, 1104, 553, 20.840, 108.68, -11.30, 20.843, 108.69, -11.32, 0.007, 166.27, -60.12);
insert into SHOT values (1104, 1090, 1105, 553, 38.500, 96.08, -6.30, 38.508, 95.98, -5.69, 0.414, 41.60, 77.82);
insert into SHOT values (1105, 1105, 1106, 553, 0.630, 197.18, -41.40, 0.625, 197.28, -41.02, 0.007, 345.23, 77.02);
insert into SHOT values (1106, 1105, 1107, 553, 13.190, 187.18, 5.90, 13.193, 187.18, 5.92, 0.005, 168.53, 55.13);
insert into SHOT values (1107, 1105, 1108, 553, 5.330, 216.08, 10.50, 5.335, 216.08, 10.47, 0.006, 216.41, -12.89);
insert into SHOT values (1108, 1105, 1109, 553, 11.040, 251.08, 10.10, 11.041, 251.05, 10.12, 0.008, 163.44, 30.78);
insert into SHOT values (1109, 1105, 1110, 553, 3.510, 288.78, -1.50, 3.508, 288.80, -1.47, 0.003, 83.86, 44.08);
insert into SHOT values (1110, 1105, 1111, 553, 15.110, 174.08, 0.40, 15.110, 174.11, 0.42, 0.009, 263.49, 30.68);
insert into SHOT values (1111, 1105, 1112, 553, 19.540, 154.58, 4.60, 19.539, 154.58, 4.61, 0.003, 13.65, 56.58);
insert into SHOT values (1112, 1105, 1113, 553, 19.440, 135.88, 3.10, 19.441, 135.90, 3.10, 0.005, 215.21, -14.75);
insert into SHOT values (1113, 1105, 1114, 553, 18.770, 119.88, 2.60, 18.762, 119.89, 2.60, 0.008, 286.23, -10.42);
insert into SHOT values (1114, 1105, 1115, 553, 25.440, 103.08, 3.60, 25.440, 103.09, 3.61, 0.004, 195.81, 43.89);
insert into SHOT values (1115, 1105, 1116, 553, 21.560, 94.58, 3.00, 21.558, 94.58, 3.00, 0.002, 285.18, 44.54);
insert into SHOT values (1116, 1105, 1117, 553, 20.150, 88.48, 2.50, 20.146, 88.49, 2.50, 0.005, 232.84, 12.74);
insert into SHOT values (1117, 1105, 1118, 553, 18.580, 74.78, -1.00, 18.573, 74.80, -0.99, 0.009, 224.36, 27.02);
insert into SHOT values (1118, 1105, 1119, 553, 12.400, 60.78, -1.90, 12.395, 60.77, -1.90, 0.007, 276.13, 9.74);
insert into SHOT values (1119, 1105, 1120, 553, 10.850, 30.88, -3.00, 10.850, 30.87, -3.01, 0.003, 305.75, -48.19);
insert into SHOT values (1120, 1105, 1121, 553, 8.170, 318.28, 8.50, 8.171, 318.26, 8.52, 0.004, 244.11, 35.71);
insert into SHOT values (1121, 1105, 1122, 553, 2.890, 303.58, -4.10, 2.886, 303.52, -3.97, 0.008, 162.17, 54.47);
insert into SHOT values (1122, 1105, 1123, 553, 16.520, 289.98, 5.20, 16.518, 289.98, 5.21, 0.004, 148.26, 44.35);
insert into SHOT values (1123, 1105, 1124, 553, 8.620, 284.78, 33.60, 8.618, 284.77, 33.61, 0.003, 133.54, -4.60);
insert into SHOT values (1124, 1105, 1125, 553, 2.580, 312.28, 82.40, 2.583, 311.50, 82.28, 0.008, 273.24, 19.39);
insert into SHOT values (1125, 1105, 1126, 553, 8.140, 145.58, 23.70, 8.139, 145.61, 23.69, 0.004, 245.69, -31.32);
insert into SHOT values (1126, 1105, 1127, 553, 15.660, 150.98, 13.20, 15.656, 151.00, 13.22, 0.007, 294.74, 33.95);
insert into SHOT values (1127, 1105, 1128, 553, 27.220, 157.58, 9.30, 27.217, 157.59, 9.30, 0.005, 302.71, 14.72);
insert into SHOT values (1128, 1105, 1129, 553, 31.340, 139.58, 9.40, 31.336, 139.59, 9.40, 0.006, 272.44, 12.35);
insert into SHOT values (1129, 1105, 1130, 553, 11.810, 95.38, 13.80, 11.813, 95.40, 13.81, 0.005, 159.61, 34.34);
insert into SHOT values (1130, 1105, 1131, 553, 8.910, 80.18, 41.90, 8.906, 80.18, 41.92, 0.005, 261.42, -4.65);
insert into SHOT values (1131, 1105, 1132, 553, 6.750, 44.38, 61.20, 6.751, 44.38, 61.26, 0.008, 228.33, 39.23);
insert into SHOT values (1132, 1105, 1133, 553, 9.810, 67.18, 10.70, 9.806, 67.16, 10.70, 0.006, 290.94, -14.16);
insert into SHOT values (1133, 1105, 1134, 553, 22.920, 99.58, 9.90, 22.917, 99.59, 9.90, 0.004, 253.14, -9.24);
insert into SHOT values (1134, 1105, 1135, 553, 34.180, 146.78, 11.60, 34.180, 146.78, 11.61, 0.007, 303.09, 74.62);
insert into SHOT values (1135, 1105, 1136, 553, 22.900, 93.68, 6.00, 22.870, 93.60, 6.00, 0.043, 320.22, -4.92);
insert into SHOT values (1136, 1136, 1137, 553, 29.240, 351.08, -4.60, 29.235, 351.10, -4.59, 0.010, 115.21, 30.88);
insert into SHOT values (1137, 1136, 1138, 553, 18.430, 9.78, 1.30, 18.433, 9.78, 1.31, 0.003, 342.70, 33.61);
insert into SHOT values (1138, 1136, 1139, 553, 16.880, 31.08, 2.30, 16.877, 31.10, 2.31, 0.006, 155.19, 26.47);
insert into SHOT values (1139, 1136, 1140, 553, 15.850, 55.78, 1.20, 15.855, 55.80, 1.23, 0.010, 98.23, 51.90);
insert into SHOT values (1140, 1136, 1141, 553, 2.670, 333.48, -8.50, 2.667, 333.43, -8.41, 0.006, 199.94, 56.60);
insert into SHOT values (1141, 1136, 1142, 553, 0.970, 355.28, -50.10, 0.967, 355.39, -49.95, 0.004, 94.86, 74.28);
insert into SHOT values (1142, 1136, 1143, 553, 6.910, 188.58, -11.50, 6.913, 188.57, -11.43, 0.009, 172.68, 58.95);
insert into SHOT values (1143, 1136, 1144, 553, 4.660, 152.38, -0.30, 4.661, 152.39, -0.25, 0.005, 188.07, 77.32);
insert into SHOT values (1144, 1136, 1145, 553, 12.030, 113.98, 9.10, 12.038, 113.98, 9.13, 0.010, 103.89, 45.76);
insert into SHOT values (1145, 1136, 1146, 553, 4.910, 107.38, 16.60, 4.913, 107.43, 16.68, 0.008, 186.22, 59.73);
insert into SHOT values (1146, 1136, 1147, 553, 2.150, 65.48, -11.20, 2.147, 65.62, -11.01, 0.009, 168.00, 55.19);
insert into SHOT values (1147, 1136, 1148, 553, 14.360, 58.88, 4.50, 14.365, 58.89, 4.51, 0.006, 65.49, 36.61);
insert into SHOT values (1148, 1136, 1149, 553, 4.480, 54.68, 48.20, 4.484, 54.66, 48.15, 0.005, 42.62, 2.99);
insert into SHOT values (1149, 1136, 1150, 553, 4.580, 26.18, -5.10, 4.579, 26.28, -5.01, 0.011, 117.91, 41.58);
insert into SHOT values (1150, 1136, 1151, 553, 4.870, 356.58, -12.70, 4.867, 356.62, -12.70, 0.004, 127.45, 9.33);
insert into SHOT values (1151, 1136, 1152, 553, 10.830, 342.58, -12.60, 10.824, 342.59, -12.59, 0.006, 142.26, 23.14);
insert into SHOT values (1152, 1136, 1153, 553, 11.720, 73.78, 4.40, 11.698, 73.62, 4.41, 0.040, 311.05, 1.21);
insert into SHOT values (1153, 1153, 1154, 553, 4.770, 21.98, -9.90, 4.773, 21.98, -9.89, 0.003, 20.69, 2.04);
insert into SHOT values (1154, 1153, 1155, 553, 1.780, 294.78, -29.20, 1.780, 294.75, -29.26, 0.002, 152.40, -46.96);
insert into SHOT values (1155, 1153, 1156, 553, 16.170, 274.28, -5.60, 16.162, 274.28, -5.61, 0.008, 103.70, -14.41);
insert into SHOT values (1156, 1153, 1157, 553, 24.550, 295.98, -6.70, 24.542, 295.99, -6.69, 0.009, 104.99, 27.76);
insert into SHOT values (1157, 1153, 1158, 553, 36.650, 304.48, -5.60, 36.645, 304.49, -5.61, 0.007, 98.48, -30.10);
insert into SHOT values (1158, 1153, 1159, 553, 61.480, 315.38, -3.50, 61.479, 315.38, -3.50, 0.004, 149.53, 68.76);
insert into SHOT values (1159, 1153, 1160, 553, 40.860, 317.78, -0.60, 40.858, 317.79, -0.60, 0.004, 83.78, -28.67);
insert into SHOT values (1160, 1153, 1161, 553, 29.750, 326.58, -4.20, 29.754, 326.59, -4.20, 0.005, 0.89, -13.74);
insert into SHOT values (1161, 1153, 1162, 553, 8.860, 223.28, -2.00, 8.855, 223.31, -2.01, 0.006, 7.34, -7.55);
insert into SHOT values (1162, 1153, 1163, 553, 4.040, 192.98, 14.00, 4.041, 192.97, 14.04, 0.003, 107.45, 74.68);
insert into SHOT values (1163, 1153, 1164, 553, 4.810, 219.28, 55.10, 4.805, 219.25, 55.08, 0.006, 86.84, -63.50);
insert into SHOT values (1164, 1153, 1165, 553, 48.350, 319.98, -4.70, 48.351, 319.99, -4.70, 0.008, 43.44, 13.15);
insert into SHOT_FLAG values(1164, 'dpl');
insert into SHOT values (1165, 1153, 1166, 553, 10.470, 201.38, 7.00, 10.474, 201.38, 7.02, 0.005, 197.16, 48.57);
insert into SHOT values (1166, 1153, 1167, 553, 17.890, 115.18, -4.20, 17.892, 115.13, -3.94, 0.082, 49.16, 77.11);
insert into SHOT values (1167, 1167, 1168, 553, 0.690, 235.28, -65.90, 0.689, 235.18, -66.02, 0.002, 73.83, -4.98);
insert into SHOT values (1168, 1167, 1169, 553, 2.780, 134.78, -11.60, 2.786, 134.70, -11.59, 0.007, 103.37, -7.81);
insert into SHOT values (1169, 1167, 1170, 553, 8.780, 116.48, -3.90, 8.790, 116.48, -3.91, 0.011, 111.49, -15.43);
insert into SHOT values (1170, 1167, 1171, 553, 3.430, 70.88, -19.00, 3.432, 70.95, -18.87, 0.009, 110.22, 47.70);
insert into SHOT values (1171, 1167, 1172, 553, 8.240, 47.08, -8.60, 8.244, 47.09, -8.58, 0.005, 56.86, 28.57);
insert into SHOT values (1172, 1167, 1173, 553, 10.400, 87.08, -7.40, 10.400, 87.11, -7.40, 0.005, 180.23, -6.25);
insert into SHOT values (1173, 1167, 1174, 553, 17.050, 81.28, 6.40, 17.052, 81.28, 6.40, 0.003, 42.14, -10.55);
insert into SHOT values (1174, 1167, 1175, 553, 22.410, 87.38, 12.80, 22.421, 87.38, 12.81, 0.011, 76.72, 27.11);
insert into SHOT values (1175, 1167, 1176, 553, 22.970, 95.98, 1.70, 22.975, 95.97, 1.70, 0.006, 57.71, -13.16);
insert into SHOT values (1176, 1167, 1177, 553, 35.100, 92.88, -1.20, 35.102, 92.89, -1.19, 0.007, 156.34, 43.87);
insert into SHOT values (1177, 1167, 1178, 553, 11.460, 103.28, 3.90, 11.463, 103.30, 3.90, 0.004, 140.96, 8.05);
insert into SHOT values (1178, 1167, 1179, 553, 8.180, 13.98, -2.30, 8.180, 14.02, -2.31, 0.005, 103.55, -18.53);
insert into SHOT values (1179, 1167, 1180, 553, 3.270, 337.28, -17.70, 3.265, 337.31, -17.65, 0.006, 139.57, 41.99);
insert into SHOT values (1180, 1167, 1181, 553, 14.780, 330.28, 1.00, 14.774, 330.29, 1.01, 0.007, 127.74, 16.39);
insert into SHOT values (1181, 1167, 1182, 553, 7.010, 235.28, 10.40, 7.007, 235.23, 10.44, 0.009, 113.72, 29.44);
insert into SHOT values (1182, 1167, 1183, 553, 13.020, 192.48, 8.60, 13.021, 192.47, 8.61, 0.004, 105.29, 47.68);
insert into SHOT values (1183, 1167, 1184, 553, 25.410, 170.28, 8.60, 25.408, 170.26, 8.60, 0.010, 67.99, 1.70);
insert into SHOT values (1184, 1167, 1185, 553, 13.100, 164.68, 15.30, 13.104, 164.68, 15.31, 0.005, 144.65, 40.50);
insert into SHOT values (1185, 1167, 1186, 553, 7.390, 152.28, 29.00, 7.389, 152.25, 28.98, 0.005, 64.82, -32.84);
insert into SHOT values (1186, 1167, 1187, 553, 27.510, 152.48, 5.10, 27.509, 152.48, 5.11, 0.005, 19.05, 72.36);
insert into SHOT values (1187, 1167, 1188, 553, 4.910, 162.28, -4.00, 4.917, 162.19, -3.97, 0.011, 114.24, 13.56);
insert into SHOT values (1188, 1167, 1189, 553, 33.760, 158.28, 5.50, 33.763, 158.27, 5.51, 0.007, 95.37, 36.69);
insert into SHOT_FLAG values(1188, 'dpl');
insert into SHOT values (1189, 1167, 1190, 553, 45.860, 89.68, 1.20, 45.861, 89.69, 1.20, 0.004, 167.75, -6.69);
insert into SHOT values (1190, 1190, 1191, 553, 5.990, 160.48, 1.60, 5.987, 160.47, 1.63, 0.005, 354.10, 36.95);
insert into SHOT values (1191, 1190, 1192, 553, 7.680, 126.38, 13.50, 7.688, 126.35, 13.54, 0.011, 91.64, 42.04);
insert into SHOT values (1192, 1190, 1193, 553, 9.020, 102.28, 16.60, 9.025, 102.28, 16.61, 0.005, 105.03, 38.07);
insert into SHOT values (1193, 1190, 1194, 553, 1.140, 40.08, 11.20, 1.143, 39.94, 11.10, 0.005, 359.14, -18.02);
insert into SHOT values (1194, 1190, 1195, 553, 2.420, 55.58, -23.40, 2.428, 55.60, -23.29, 0.009, 59.04, 6.87);
insert into SHOT values (1195, 1190, 1196, 553, 1.290, 18.48, -62.20, 1.289, 18.43, -62.21, 0.001, 230.61, 49.37);
insert into SHOT values (1196, 1190, 1197, 553, 5.500, 211.48, 5.30, 5.500, 211.48, 5.32, 0.002, 15.99, 80.68);
insert into SHOT values (1197, 1190, 1198, 553, 7.730, 239.78, -13.50, 7.723, 239.78, -13.48, 0.007, 61.35, 37.71);
insert into SHOT values (1198, 1190, 1199, 553, 5.650, 279.68, -5.70, 5.649, 279.73, -5.69, 0.005, 24.24, 13.58);
insert into SHOT values (1199, 1190, 1200, 553, 13.350, 262.48, 5.80, 13.342, 262.51, 5.81, 0.011, 45.24, 4.85);
insert into SHOT values (1200, 1190, 1201, 553, 14.380, 260.28, -0.90, 14.377, 260.31, -0.88, 0.009, 16.22, 39.96);
insert into SHOT values (1201, 1190, 1202, 553, 21.990, 265.88, -7.30, 21.984, 265.90, -7.29, 0.009, 43.11, 27.37);
insert into SHOT values (1202, 1190, 1203, 553, 6.990, 144.48, 4.20, 6.987, 144.46, 4.19, 0.005, 1.71, -24.73);
insert into SHOT values (1203, 1190, 1204, 553, 7.320, 123.88, 13.70, 7.324, 123.82, 13.74, 0.010, 51.32, 39.50);
insert into SHOT values (1204, 1190, 1205, 553, 8.870, 102.68, 17.70, 8.876, 102.64, 17.71, 0.009, 48.89, 21.78);
insert into SHOT values (1205, 1190, 1206, 553, 3.410, 163.18, 33.30, 3.412, 163.09, 33.24, 0.006, 108.17, -20.77);
insert into SHOT values (1206, 1190, 1207, 553, 3.380, 141.78, -7.50, 3.382, 141.66, -7.48, 0.008, 67.42, 8.97);
insert into SHOT values (1207, 1190, 1208, 553, 7.210, 115.48, 11.20, 7.213, 115.44, 11.19, 0.006, 60.96, -3.98);
insert into SHOT values (1208, 1190, 1209, 553, 1.320, 93.78, -6.40, 1.320, 93.49, -6.09, 0.010, 9.40, 47.06);
insert into SHOT values (1209, 1190, 1210, 553, 7.920, 82.78, -31.00, 7.926, 82.73, -30.98, 0.009, 34.97, -5.86);
insert into SHOT values (1210, 1190, 1211, 553, 7.500, 79.58, -11.30, 7.506, 79.59, -11.29, 0.007, 87.97, -3.50);
insert into SHOT values (1211, 1190, 1212, 553, 5.110, 86.68, -10.00, 5.116, 86.70, -10.02, 0.007, 100.78, -23.30);
insert into SHOT values (1212, 1190, 1213, 553, 4.910, 82.18, -1.60, 4.918, 82.17, -1.51, 0.011, 71.80, 41.87);
insert into SHOT values (1213, 1190, 1214, 553, 18.300, 84.18, -1.00, 18.308, 84.17, -1.00, 0.009, 51.23, -3.96);
insert into SHOT values (1214, 1214, 1215, 553, 1.000, 84.18, 0.00, 0.995, 84.23, 0.00, 0.005, 254.48, 0.00);
insert into SHOT values (1215, 1167, 1216, 553, 13.640, 263.08, 16.60, 13.634, 263.10, 16.62, 0.008, 56.86, 22.83);
insert into SHOT values (1216, 1216, 1217, 553, 1.360, 357.68, -7.50, 1.353, 357.44, -7.64, 0.009, 217.10, -15.26);
insert into SHOT values (1217, 1216, 1218, 553, 1.300, 319.28, -56.10, 1.296, 318.96, -56.46, 0.010, 162.70, -5.61);
insert into SHOT values (1218, 1216, 1219, 553, 11.040, 311.28, 72.10, 11.033, 311.17, 72.12, 0.010, 180.93, -32.53);
insert into SHOT values (1219, 1216, 1220, 553, 6.410, 290.48, 23.20, 6.408, 290.46, 23.16, 0.006, 206.60, -69.95);
insert into SHOT values (1220, 1216, 1221, 553, 10.800, 282.38, 38.10, 10.796, 282.37, 38.09, 0.005, 155.59, -54.57);
insert into SHOT values (1221, 1216, 1222, 553, 6.390, 274.58, -21.00, 6.393, 274.52, -20.99, 0.008, 207.59, -0.22);
insert into SHOT values (1222, 1216, 1223, 553, 6.450, 287.98, -16.50, 6.445, 287.91, -16.50, 0.010, 166.42, 11.16);
insert into SHOT values (1223, 1167, 1224, 553, 19.150, 157.98, 5.80, 19.153, 157.85, 6.08, 0.105, 59.17, 65.06);
insert into SHOT values (1224, 1224, 1225, 553, 7.040, 62.48, 2.80, 7.044, 62.49, 2.77, 0.006, 70.75, -43.74);
insert into SHOT values (1225, 1224, 1226, 553, 4.760, 38.18, 1.00, 4.764, 38.27, 0.96, 0.009, 96.99, -21.07);
insert into SHOT values (1226, 1224, 1227, 553, 6.350, 83.58, -2.60, 6.356, 83.58, -2.61, 0.007, 80.46, -16.99);
insert into SHOT values (1227, 1224, 1228, 553, 7.030, 118.38, -1.30, 7.035, 118.35, -1.30, 0.007, 81.77, -4.30);
insert into SHOT values (1228, 1224, 1229, 553, 9.600, 138.38, -0.20, 9.605, 138.38, -0.24, 0.008, 125.68, -51.15);
insert into SHOT values (1229, 1224, 1230, 553, 11.970, 151.48, 0.90, 11.976, 151.47, 0.86, 0.011, 120.32, -48.91);
insert into SHOT values (1230, 1224, 1231, 553, 14.780, 163.78, 2.70, 14.785, 163.76, 2.67, 0.010, 118.85, -38.20);
insert into SHOT values (1231, 1224, 1232, 553, 7.680, 186.68, 8.40, 7.683, 186.65, 8.38, 0.006, 133.65, -18.24);
insert into SHOT values (1232, 1224, 1233, 553, 3.430, 151.78, -6.90, 3.431, 151.78, -7.03, 0.008, 1.31, -86.35);
insert into SHOT values (1233, 1224, 1234, 553, 14.470, 161.28, 5.50, 14.467, 161.29, 5.47, 0.007, 311.39, -69.75);
insert into SHOT values (1234, 1224, 1235, 553, 5.090, 154.08, 13.90, 5.095, 154.11, 13.85, 0.007, 175.36, -24.76);
insert into SHOT values (1235, 1224, 1236, 553, 1.380, 151.28, 46.60, 1.379, 151.00, 46.50, 0.005, 70.55, -29.71);
insert into SHOT values (1236, 1224, 1237, 553, 2.710, 250.58, 73.00, 2.707, 249.95, 73.08, 0.010, 132.26, -9.18);
insert into SHOT values (1237, 1224, 1238, 553, 6.910, 227.28, 14.50, 6.907, 227.24, 14.50, 0.005, 108.58, -1.32);
insert into SHOT values (1238, 1224, 1239, 553, 7.510, 256.08, 13.50, 7.512, 256.06, 13.47, 0.005, 206.92, -37.72);
insert into SHOT values (1239, 1224, 1240, 553, 8.380, 282.08, 6.60, 8.379, 282.07, 6.58, 0.004, 179.30, -50.90);
insert into SHOT values (1240, 1224, 1241, 553, 9.220, 13.78, -4.20, 9.220, 13.78, -4.23, 0.005, 239.06, -79.45);
insert into SHOT values (1241, 1224, 1242, 553, 4.020, 346.48, -13.60, 4.021, 346.53, -13.66, 0.006, 73.82, -54.42);
insert into SHOT values (1242, 1224, 1243, 553, 7.800, 210.08, 16.00, 7.803, 210.09, 15.99, 0.003, 217.77, 0.61);
insert into SHOT values (1243, 1243, 1244, 553, 7.880, 209.88, 16.20, 7.877, 209.89, 16.14, 0.009, 10.80, -83.06);
insert into SHOT values (1244, 1243, 1245, 553, 0.920, 344.28, 12.80, 0.915, 344.41, 12.63, 0.006, 139.99, -39.17);
insert into SHOT values (1245, 1243, 1246, 553, 0.750, 140.28, 12.70, 0.748, 139.99, 12.34, 0.006, 41.58, -52.58);
insert into SHOT values (1246, 1243, 1247, 553, 1.520, 277.38, 44.80, 1.513, 277.52, 45.02, 0.010, 81.70, -6.14);
insert into SHOT values (1247, 1243, 1248, 553, 4.670, 292.28, 60.30, 4.664, 292.35, 60.26, 0.007, 20.71, -66.52);
insert into SHOT values (1248, 1243, 1249, 553, 7.250, 307.78, 65.60, 7.244, 307.79, 65.65, 0.009, 125.14, -15.89);
insert into SHOT values (1249, 1243, 1250, 553, 7.610, 0.38, 71.10, 7.609, 0.47, 71.14, 0.006, 144.67, 2.74);
insert into SHOT values (1250, 1243, 1251, 553, 2.750, 48.18, 61.60, 2.743, 48.40, 61.46, 0.011, 111.88, -58.20);
insert into SHOT values (1251, 1243, 1252, 553, 3.270, 319.98, 78.00, 3.261, 320.41, 78.06, 0.011, 95.45, -49.88);
insert into SHOT values (1252, 1243, 1253, 553, 0.990, 139.28, 76.00, 0.990, 138.37, 75.92, 0.004, 67.90, -8.29);
insert into SHOT values (1253, 1243, 1254, 553, 15.050, 348.18, 73.00, 15.049, 348.21, 72.99, 0.004, 19.51, -36.35);
insert into SHOT values (1254, 1254, 1255, 553, 14.400, 348.28, 73.10, 14.402, 348.29, 73.10, 0.002, 4.65, 59.35);
insert into SHOT values (1255, 1224, 1256, 553, 11.110, 158.98, 0.90, 11.117, 158.91, 1.03, 0.030, 91.32, 57.90);
insert into SHOT values (1256, 1256, 1257, 553, 2.750, 105.18, -2.40, 2.748, 105.20, -2.29, 0.005, 256.96, 71.53);
insert into SHOT values (1257, 1256, 1258, 553, 0.540, 119.68, -62.50, 0.541, 118.61, -62.43, 0.005, 44.16, -11.82);
insert into SHOT values (1258, 1256, 1259, 553, 2.070, 186.48, 44.90, 2.071, 186.25, 44.83, 0.006, 119.25, -10.27);
insert into SHOT values (1259, 1256, 1260, 553, 2.730, 219.58, 11.10, 2.729, 219.70, 11.20, 0.007, 327.25, 38.61);
insert into SHOT values (1260, 1256, 1261, 553, 4.350, 224.48, 4.70, 4.350, 224.53, 4.75, 0.005, 324.57, 43.20);
insert into SHOT values (1261, 1256, 1262, 553, 5.220, 247.18, -3.40, 5.217, 247.18, -3.41, 0.003, 77.54, -7.64);
insert into SHOT values (1262, 1256, 1263, 553, 5.370, 276.88, 2.60, 5.364, 276.86, 2.67, 0.009, 116.63, 44.58);
insert into SHOT values (1263, 1256, 1264, 553, 1.860, 225.58, -17.90, 1.857, 225.46, -17.87, 0.005, 106.46, 20.89);
insert into SHOT values (1264, 1256, 1265, 553, 5.370, 221.38, -7.20, 5.370, 221.35, -7.17, 0.005, 141.82, 42.20);
insert into SHOT values (1265, 1256, 1266, 553, 8.290, 201.78, -0.80, 8.290, 201.74, -0.76, 0.009, 113.94, 40.80);
insert into SHOT values (1266, 1256, 1267, 553, 12.950, 213.98, -0.70, 12.953, 213.98, -0.71, 0.004, 218.92, -27.77);
insert into SHOT values (1267, 1256, 1268, 553, 8.670, 224.48, -3.90, 8.668, 224.48, -3.90, 0.002, 36.93, -10.42);
insert into SHOT values (1268, 1256, 1269, 553, 5.280, 43.58, 5.90, 5.284, 43.54, 5.97, 0.009, 351.93, 52.23);
insert into SHOT values (1269, 1256, 1270, 553, 6.070, 15.28, -0.80, 6.075, 15.27, -0.75, 0.007, 1.76, 42.19);
insert into SHOT values (1270, 1256, 1271, 553, 2.050, 332.48, 48.00, 2.056, 332.69, 48.09, 0.008, 47.29, 52.13);
insert into SHOT values (1271, 1256, 1272, 553, 5.890, 336.28, 12.70, 5.890, 336.29, 12.75, 0.005, 119.91, 76.15);
insert into SHOT values (1272, 1256, 1273, 553, 5.800, 289.98, 4.20, 5.796, 290.03, 4.25, 0.009, 62.53, 36.93);
insert into SHOT values (1273, 1256, 1274, 553, 2.880, 338.58, -10.50, 2.881, 338.69, -10.40, 0.007, 46.90, 41.30);
insert into SHOT values (1274, 1256, 1275, 553, 27.210, 224.08, -2.40, 27.210, 223.94, -2.02, 0.192, 139.78, 69.44);
insert into SHOT values (1275, 1275, 1276, 553, 17.940, 243.38, -6.80, 17.934, 243.38, -6.79, 0.007, 80.88, 34.67);
insert into SHOT values (1276, 1275, 1277, 553, 3.700, 205.98, 79.80, 3.698, 205.39, 79.83, 0.007, 98.18, -12.07);
insert into SHOT values (1277, 1275, 1278, 553, 6.230, 239.08, 30.50, 6.222, 239.13, 30.52, 0.010, 33.19, -11.59);
insert into SHOT values (1278, 1275, 1279, 553, 12.330, 76.28, 14.10, 12.335, 76.27, 14.12, 0.008, 30.18, 50.97);
insert into SHOT values (1279, 1275, 1280, 553, 23.870, 96.88, 4.20, 23.875, 96.87, 4.20, 0.007, 61.82, 15.63);
insert into SHOT values (1280, 1275, 1281, 553, 41.960, 115.78, -1.00, 41.959, 115.77, -1.00, 0.009, 19.74, 14.38);
insert into SHOT values (1281, 1275, 1282, 553, 43.640, 122.98, -0.30, 43.640, 122.97, -0.30, 0.008, 29.49, -10.58);
insert into SHOT values (1282, 1275, 1283, 553, 41.100, 130.78, 0.00, 41.095, 130.78, 0.00, 0.006, 356.83, 0.00);
insert into SHOT values (1283, 1275, 1284, 553, 40.580, 146.68, 0.20, 40.580, 146.68, 0.20, 0.002, 68.93, -60.82);
insert into SHOT values (1284, 1275, 1285, 553, 46.720, 160.68, -1.50, 46.716, 160.68, -1.50, 0.006, 9.02, 31.85);
insert into SHOT values (1285, 1275, 1286, 553, 28.570, 175.18, 0.30, 28.561, 175.18, 0.30, 0.009, 6.69, 2.67);
insert into SHOT values (1286, 1275, 1287, 553, 24.980, 207.58, 2.60, 24.971, 207.58, 2.62, 0.012, 30.80, 36.40);
insert into SHOT values (1287, 1275, 1288, 553, 18.020, 227.18, 1.10, 18.012, 227.18, 1.11, 0.009, 48.37, 27.67);
insert into SHOT values (1288, 1275, 1289, 553, 4.970, 192.08, -12.40, 4.961, 192.03, -12.34, 0.011, 43.16, 39.00);
insert into SHOT values (1289, 1275, 1290, 553, 10.200, 166.38, -6.10, 10.193, 166.36, -6.08, 0.008, 17.38, 27.40);
insert into SHOT values (1290, 1275, 1291, 553, 19.320, 183.28, -5.10, 19.317, 183.28, -5.08, 0.008, 47.57, 68.99);
insert into SHOT values (1291, 1275, 1292, 553, 14.860, 142.28, -4.20, 14.860, 142.26, -4.21, 0.005, 47.66, -18.65);
insert into SHOT values (1292, 1275, 1293, 553, 21.340, 153.58, 3.70, 21.341, 153.57, 3.71, 0.007, 71.74, 25.72);
insert into SHOT values (1293, 1275, 1294, 553, 10.070, 170.88, 16.40, 10.064, 170.88, 16.45, 0.011, 355.53, 39.47);
insert into SHOT values (1294, 1275, 1295, 553, 11.210, 311.48, 14.80, 11.213, 311.48, 14.83, 0.007, 322.39, 80.66);
insert into SHOT values (1295, 1275, 1296, 553, 27.290, 305.38, 8.20, 27.288, 305.38, 8.20, 0.003, 104.43, -48.73);
insert into SHOT values (1296, 1275, 1297, 553, 35.640, 301.78, 5.10, 35.637, 301.79, 5.10, 0.007, 66.60, 16.13);
insert into SHOT values (1297, 1275, 1298, 553, 23.770, 320.28, 8.30, 23.776, 320.29, 8.29, 0.007, 358.23, -10.41);
insert into SHOT values (1298, 1275, 1299, 553, 23.600, 311.58, 3.00, 23.599, 311.61, 3.01, 0.013, 46.59, 22.77);
insert into SHOT values (1299, 1275, 1300, 553, 13.270, 305.18, -5.10, 13.270, 305.21, -5.10, 0.005, 33.90, -4.22);
insert into SHOT values (1300, 1275, 1301, 553, 21.770, 272.68, -3.50, 21.765, 272.69, -3.50, 0.006, 63.64, -8.90);
insert into SHOT values (1301, 1275, 1302, 553, 9.110, 355.98, 8.20, 9.115, 356.00, 8.20, 0.006, 17.01, 6.71);
insert into SHOT values (1302, 1275, 1303, 553, 16.160, 18.68, 3.90, 16.168, 18.69, 3.90, 0.009, 37.40, 5.65);
insert into SHOT values (1303, 1275, 1304, 553, 20.500, 32.88, 3.40, 20.504, 32.87, 3.41, 0.006, 354.74, 40.99);
insert into SHOT values (1304, 1275, 1305, 553, 9.570, 38.08, -1.20, 9.574, 38.13, -1.20, 0.009, 97.03, 2.81);
insert into SHOT values (1305, 1275, 1306, 553, 2.610, 33.28, -10.20, 2.612, 33.26, -10.14, 0.003, 7.13, 39.83);
insert into SHOT values (1306, 1275, 1307, 553, 11.700, 56.88, 4.70, 11.703, 56.90, 4.71, 0.004, 102.32, 20.14);
insert into SHOT values (1307, 1275, 1308, 553, 13.740, 50.38, 3.70, 13.751, 50.38, 3.71, 0.011, 48.18, 17.68);
insert into SHOT values (1308, 1275, 1309, 553, 14.130, 39.68, 8.40, 14.135, 39.69, 8.42, 0.008, 60.20, 50.48);
insert into SHOT values (1309, 1275, 1310, 553, 7.280, 37.78, 16.30, 7.287, 37.74, 16.34, 0.010, 352.54, 41.24);
insert into SHOT values (1310, 1275, 1311, 553, 6.880, 29.08, 56.70, 6.880, 29.14, 56.69, 0.004, 104.47, -4.98);
insert into SHOT values (1311, 1275, 1312, 553, 29.490, 308.38, 6.80, 29.492, 308.40, 6.80, 0.009, 26.02, -11.11);
insert into SHOT values (1312, 1275, 1313, 553, 13.460, 212.28, -8.90, 13.456, 212.28, -8.89, 0.004, 47.06, 35.18);
insert into SHOT values (1313, 1313, 1314, 553, 6.810, 261.58, -21.60, 6.808, 261.55, -21.63, 0.006, 131.79, -32.60);
insert into SHOT values (1314, 1313, 1315, 553, 7.820, 229.38, -19.80, 7.817, 229.36, -19.82, 0.005, 91.93, -11.88);
insert into SHOT values (1315, 1313, 1316, 553, 5.940, 241.88, -24.40, 5.938, 241.87, -24.37, 0.004, 122.18, 71.55);
insert into SHOT values (1316, 1313, 1317, 553, 5.720, 247.68, -24.90, 5.721, 247.69, -24.91, 0.002, 292.91, -78.33);
insert into SHOT values (1317, 1313, 1318, 553, 5.800, 265.68, -17.80, 5.802, 265.74, -17.76, 0.007, 329.69, 24.78);
insert into SHOT values (1318, 1313, 1319, 553, 11.170, 297.08, 2.30, 11.172, 297.07, 2.31, 0.004, 243.35, 28.49);
insert into SHOT values (1319, 1313, 1320, 553, 5.210, 314.08, 55.80, 5.210, 314.17, 55.81, 0.005, 53.44, 11.49);
insert into SHOT values (1320, 1313, 1321, 553, 8.210, 177.38, 34.80, 8.209, 177.36, 34.84, 0.007, 25.61, 41.01);
insert into SHOT values (1321, 1313, 1322, 553, 16.090, 202.88, 16.10, 16.087, 202.88, 16.10, 0.003, 28.88, -37.10);
insert into SHOT values (1322, 1313, 1323, 553, 1.530, 245.78, -36.50, 1.527, 245.94, -36.57, 0.005, 20.39, 0.94);
insert into SHOT values (1323, 1313, 1324, 553, 2.680, 244.68, -29.60, 2.679, 244.86, -29.53, 0.008, 331.19, 27.03);
insert into SHOT values (1324, 1313, 1325, 553, 10.760, 246.68, -22.90, 10.758, 246.70, -22.92, 0.005, 36.65, -36.39);
insert into SHOT values (1325, 1325, 1326, 553, 2.870, 255.38, -21.80, 2.869, 255.44, -21.69, 0.006, 328.78, 63.74);
insert into SHOT values (1326, 1325, 1327, 553, 6.620, 288.38, -16.80, 6.625, 288.38, -16.76, 0.007, 282.76, 29.04);
insert into SHOT values (1327, 1325, 1328, 553, 7.320, 311.98, -10.00, 7.319, 311.96, -9.99, 0.003, 214.47, 23.90);
insert into SHOT values (1328, 1325, 1329, 553, 3.410, 335.68, -2.10, 3.404, 335.70, -2.02, 0.008, 149.05, 38.27);
insert into SHOT values (1329, 1325, 1330, 553, 2.070, 298.98, 2.30, 2.070, 298.92, 2.49, 0.007, 197.57, 71.44);
insert into SHOT values (1330, 1325, 1331, 553, 6.740, 295.48, -12.10, 6.738, 295.44, -12.08, 0.006, 189.38, 27.17);
insert into SHOT values (1331, 1325, 1332, 553, 5.160, 305.18, -18.90, 5.158, 305.16, -18.89, 0.003, 180.76, 26.31);
insert into SHOT values (1332, 1325, 1333, 553, 2.460, 305.78, -25.70, 2.455, 305.63, -25.58, 0.009, 196.19, 46.87);
insert into SHOT values (1333, 1325, 1334, 553, 1.490, 215.48, -23.50, 1.485, 215.44, -23.42, 0.006, 49.94, 45.07);
insert into SHOT values (1334, 1325, 1335, 553, 0.380, 297.78, 55.50, 0.385, 297.76, 56.14, 0.007, 127.77, 85.54);
insert into SHOT values (1335, 1325, 1336, 553, 0.290, 235.68, -72.70, 0.283, 234.46, -72.33, 0.007, 138.38, 74.97);
insert into SHOT values (1336, 1325, 1337, 553, 7.680, 294.88, -19.00, 7.680, 294.84, -19.00, 0.006, 204.87, 3.46);
insert into SHOT values (1337, 1325, 1338, 553, 8.070, 294.08, -20.30, 8.071, 294.09, -20.30, 0.001, 357.30, -8.88);
insert into SHOT values (1338, 1325, 1339, 553, 7.660, 293.98, -20.40, 7.661, 293.99, -20.40, 0.002, 351.01, 2.03);
insert into SHOT values (1339, 1325, 1340, 553, 7.950, 293.98, -20.30, 7.945, 293.99, -20.25, 0.009, 106.23, 72.39);
insert into SHOT values (1340, 1275, 1341, 553, 21.610, 142.58, -0.50, 21.616, 142.46, -0.19, 0.127, 60.36, 68.75);
insert into SHOT values (1341, 1341, 1342, 553, 18.860, 48.28, -1.40, 18.867, 48.29, -1.40, 0.007, 61.72, 6.33);
insert into SHOT values (1342, 1341, 1343, 553, 13.780, 21.58, -0.60, 13.787, 21.58, -0.58, 0.008, 10.46, 31.52);
insert into SHOT values (1343, 1341, 1344, 553, 21.850, 67.28, -1.50, 21.854, 67.27, -1.49, 0.006, 21.22, 20.35);
insert into SHOT values (1344, 1341, 1345, 553, 6.660, 72.78, 5.70, 6.662, 72.71, 5.69, 0.009, 359.17, -9.84);
insert into SHOT values (1345, 1341, 1346, 553, 2.520, 89.58, 29.40, 2.525, 89.48, 29.41, 0.007, 48.77, 25.54);
insert into SHOT values (1346, 1341, 1347, 553, 21.890, 85.88, -0.50, 21.888, 85.86, -0.50, 0.009, 342.62, 6.49);
insert into SHOT values (1347, 1341, 1348, 553, 25.990, 98.58, -1.60, 25.990, 98.57, -1.61, 0.009, 8.50, -30.03);
insert into SHOT values (1348, 1341, 1349, 553, 22.280, 114.38, -1.60, 22.283, 114.37, -1.59, 0.007, 49.44, 17.05);
insert into SHOT values (1349, 1341, 1350, 553, 2.400, 129.08, -3.90, 2.395, 128.88, -3.83, 0.010, 8.08, 18.51);
insert into SHOT values (1350, 1341, 1351, 553, 20.550, 157.78, -0.50, 20.547, 157.78, -0.50, 0.004, 1.53, -10.42);
insert into SHOT values (1351, 1341, 1352, 553, 21.770, 172.48, -2.80, 21.763, 172.47, -2.79, 0.010, 37.68, 20.94);
insert into SHOT values (1352, 1341, 1353, 553, 19.580, 181.48, -0.70, 19.578, 181.49, -0.70, 0.004, 301.54, -11.81);
insert into SHOT values (1353, 1341, 1354, 553, 19.380, 197.38, -3.90, 19.376, 197.37, -3.91, 0.007, 72.76, -15.12);
insert into SHOT values (1354, 1341, 1355, 553, 5.730, 184.18, -10.00, 5.721, 184.17, -9.96, 0.010, 11.65, 31.77);
insert into SHOT values (1355, 1341, 1356, 553, 15.500, 183.58, -7.00, 15.496, 183.58, -7.01, 0.005, 18.90, -12.46);
insert into SHOT values (1356, 1341, 1357, 553, 5.090, 156.98, -7.30, 5.087, 156.89, -7.34, 0.010, 41.07, -19.73);
insert into SHOT values (1357, 1341, 1358, 553, 5.570, 180.78, 13.90, 5.564, 180.74, 13.94, 0.008, 31.47, 14.45);
insert into SHOT values (1358, 1341, 1359, 553, 1.930, 144.88, 48.50, 1.932, 144.57, 48.64, 0.009, 35.54, 31.14);
insert into SHOT values (1359, 1341, 1360, 553, 20.730, 358.38, 3.00, 20.736, 358.40, 2.99, 0.009, 31.53, -32.25);
insert into SHOT values (1360, 1341, 1361, 553, 18.540, 235.98, 0.80, 18.535, 235.98, 0.80, 0.006, 80.97, 10.96);
insert into SHOT values (1361, 1341, 1362, 553, 22.460, 262.08, 4.40, 22.459, 262.09, 4.39, 0.005, 4.85, -35.15);
insert into SHOT values (1362, 1341, 1363, 553, 3.070, 272.28, -12.10, 3.070, 272.29, -12.03, 0.004, 304.91, 78.50);
insert into SHOT values (1363, 1341, 1364, 553, 5.580, 274.08, 17.80, 5.582, 274.10, 17.84, 0.005, 340.38, 66.92);
insert into SHOT values (1364, 1341, 1365, 553, 26.730, 177.38, -3.20, 26.725, 177.19, -2.83, 0.195, 89.69, 61.99);
insert into SHOT values (1365, 1365, 1366, 553, 3.390, 104.68, 70.90, 3.395, 104.66, 70.99, 0.007, 291.06, 63.79);
insert into SHOT values (1366, 1365, 1367, 553, 3.570, 74.88, 2.30, 3.567, 74.87, 2.41, 0.008, 265.96, 61.21);
insert into SHOT values (1367, 1365, 1368, 553, 0.560, 180.78, -28.20, 0.555, 181.17, -27.95, 0.007, 316.96, 44.16);
insert into SHOT values (1368, 1365, 1369, 553, 8.120, 235.88, 5.70, 8.120, 235.90, 5.73, 0.004, 338.55, 60.73);
insert into SHOT values (1369, 1365, 1370, 553, 4.450, 230.88, 40.50, 4.455, 230.87, 40.44, 0.007, 222.00, -0.36);
insert into SHOT values (1370, 1365, 1371, 553, 13.320, 181.48, 9.50, 13.317, 181.48, 9.51, 0.003, 0.98, 28.18);
insert into SHOT values (1371, 1365, 1372, 553, 19.880, 163.58, 7.80, 19.876, 163.60, 7.81, 0.008, 295.21, 15.26);
insert into SHOT values (1372, 1365, 1373, 553, 26.690, 135.58, 3.60, 26.691, 135.59, 3.61, 0.006, 215.69, 41.29);
insert into SHOT values (1373, 1365, 1374, 553, 9.580, 125.68, 4.40, 9.581, 125.67, 4.43, 0.005, 44.26, 66.36);
insert into SHOT values (1374, 1365, 1375, 553, 8.890, 145.68, 1.30, 8.889, 145.68, 1.35, 0.008, 317.27, 83.86);
insert into SHOT values (1375, 1365, 1376, 553, 12.170, 155.58, 5.00, 12.170, 155.59, 5.00, 0.002, 248.57, -21.96);
insert into SHOT values (1376, 1365, 1377, 553, 7.840, 143.58, 33.80, 7.834, 143.62, 33.82, 0.008, 289.43, -9.55);
insert into SHOT values (1377, 1365, 1378, 553, 16.740, 147.88, 14.00, 16.740, 147.90, 14.00, 0.006, 241.46, 2.12);
insert into SHOT values (1378, 1365, 1379, 553, 3.650, 140.78, 65.00, 3.652, 141.05, 65.01, 0.007, 227.26, 15.34);
insert into SHOT values (1379, 1365, 1380, 553, 5.140, 23.38, -1.70, 5.135, 23.42, -1.67, 0.006, 170.77, 22.99);
insert into SHOT values (1380, 1365, 1381, 553, 5.460, 356.98, 10.60, 5.462, 356.90, 10.66, 0.009, 274.62, 36.59);
insert into SHOT values (1381, 1365, 1382, 553, 5.320, 328.18, 7.80, 5.323, 328.18, 7.88, 0.008, 314.91, 77.83);
insert into SHOT values (1382, 1365, 1383, 553, 0.340, 309.58, -4.80, 0.336, 308.93, -5.13, 0.006, 169.24, -14.50);
insert into SHOT values (1383, 1365, 1384, 553, 1.490, 318.68, -21.20, 1.490, 318.50, -21.25, 0.005, 220.26, -15.00);
insert into SHOT values (1384, 1365, 1385, 553, 3.940, 340.18, -15.30, 3.936, 340.13, -15.32, 0.006, 197.06, -3.51);
insert into SHOT values (1385, 1365, 1386, 553, 8.770, 345.78, -5.40, 8.767, 345.74, -5.37, 0.009, 237.29, 38.08);
insert into SHOT values (1386, 1365, 1387, 553, 5.570, 349.48, 12.40, 5.573, 349.41, 12.43, 0.008, 280.59, 28.65);
insert into SHOT values (1387, 1365, 1388, 553, 3.210, 356.38, 38.70, 3.212, 356.34, 38.74, 0.004, 264.42, 56.38);
insert into SHOT values (1388, 1365, 1389, 553, 26.290, 149.28, 8.90, 26.295, 149.15, 9.26, 0.175, 40.93, 68.08);
insert into SHOT values (1389, 1389, 1390, 553, 1.860, 110.78, -81.40, 1.861, 111.04, -81.39, 0.002, 181.63, -34.90);
insert into SHOT values (1390, 1389, 1391, 553, 7.380, 72.38, -21.90, 7.382, 72.41, -21.87, 0.005, 122.63, 31.11);
insert into SHOT values (1391, 1389, 1392, 553, 3.560, 340.08, -35.40, 3.558, 340.25, -35.38, 0.009, 78.67, 14.44);
insert into SHOT values (1392, 1389, 1393, 553, 8.260, 334.58, -16.80, 8.257, 334.60, -16.82, 0.005, 118.36, -30.51);
insert into SHOT values (1393, 1389, 1394, 553, 4.470, 342.18, 2.00, 4.475, 342.29, 2.05, 0.011, 44.57, 22.22);
insert into SHOT values (1394, 1389, 1395, 553, 13.000, 15.18, -11.20, 13.002, 15.18, -11.18, 0.006, 1.21, 61.59);
insert into SHOT values (1395, 1389, 1396, 553, 14.350, 358.78, -9.20, 14.347, 358.79, -9.18, 0.005, 160.01, 61.28);
insert into SHOT values (1396, 1389, 1397, 553, 7.360, 288.58, -8.30, 7.356, 288.58, -8.28, 0.004, 106.26, 36.52);
insert into SHOT values (1397, 1389, 1398, 553, 6.050, 262.28, -4.30, 6.041, 262.27, -4.27, 0.009, 89.42, 23.48);
insert into SHOT values (1398, 1389, 1399, 553, 11.670, 215.48, 2.60, 11.664, 215.46, 2.60, 0.008, 67.43, 4.60);
insert into SHOT values (1399, 1389, 1400, 553, 17.190, 200.18, -0.10, 17.186, 200.19, -0.10, 0.005, 12.08, 0.03);
insert into SHOT values (1400, 1389, 1401, 553, 4.440, 182.28, -15.70, 4.439, 182.28, -15.69, 0.002, 16.67, 55.70);
insert into SHOT values (1401, 1389, 1402, 553, 16.630, 182.88, 10.60, 16.625, 182.88, 10.61, 0.006, 21.93, 8.49);
insert into SHOT values (1402, 1389, 1403, 553, 5.130, 141.78, -13.00, 5.136, 141.73, -12.94, 0.009, 109.83, 25.97);
insert into SHOT values (1403, 1389, 1404, 553, 9.320, 99.88, -7.90, 9.324, 99.85, -7.89, 0.007, 50.41, 7.91);
insert into SHOT values (1404, 1389, 1405, 553, 23.050, 114.38, -3.70, 23.047, 114.37, -3.71, 0.007, 357.31, -22.59);
insert into SHOT values (1405, 1389, 1406, 553, 30.300, 125.28, 0.90, 30.299, 125.28, 0.91, 0.004, 253.23, 75.01);
insert into SHOT values (1406, 1389, 1407, 553, 31.670, 188.38, 0.20, 31.668, 188.37, 0.20, 0.007, 78.94, -4.25);
insert into SHOT values (1407, 1389, 1408, 553, 36.160, 197.08, 0.30, 36.155, 197.08, 0.30, 0.005, 28.49, 8.12);
insert into SHOT values (1408, 1389, 1409, 553, 29.910, 176.28, -0.10, 29.911, 176.07, 0.33, 0.249, 86.37, 63.39);
insert into SHOT values (1409, 1341, 1410, 553, 25.560, 97.18, -4.20, 25.558, 97.17, -4.20, 0.008, 350.29, 14.49);
insert into SHOT values (1410, 1410, 1411, 553, 4.890, 33.58, -5.00, 4.895, 33.62, -5.04, 0.007, 72.29, -33.89);
insert into SHOT values (1411, 1410, 1412, 553, 0.570, 14.88, -55.90, 0.570, 16.19, -55.52, 0.008, 81.69, 13.99);
insert into SHOT values (1412, 1410, 1413, 553, 4.500, 187.28, -4.70, 4.502, 187.30, -4.71, 0.002, 227.44, -33.24);
insert into SHOT values (1413, 1410, 1414, 553, 2.020, 178.98, 81.80, 2.021, 178.03, 81.74, 0.005, 111.60, 7.07);
insert into SHOT values (1414, 1410, 1415, 553, 11.610, 340.18, 10.40, 11.606, 340.18, 10.37, 0.007, 157.06, -60.52);
insert into SHOT values (1415, 1410, 1416, 553, 3.620, 305.28, 38.00, 3.618, 305.14, 38.05, 0.008, 190.32, 9.45);
insert into SHOT values (1416, 1410, 1417, 553, 7.540, 296.18, 16.40, 7.539, 296.18, 16.41, 0.002, 147.96, 31.07);
insert into SHOT values (1417, 1410, 1418, 553, 0.660, 298.38, 3.00, 0.658, 298.12, 2.61, 0.006, 182.35, -53.88);
insert into SHOT values (1418, 1410, 1419, 553, 12.320, 244.48, 7.40, 12.317, 244.44, 7.37, 0.011, 141.07, -36.73);
insert into SHOT values (1419, 1410, 1420, 553, 10.410, 82.98, -5.80, 10.410, 83.01, -5.79, 0.006, 170.57, 20.83);
insert into SHOT values (1420, 1410, 1421, 553, 12.900, 107.28, -8.10, 12.907, 107.30, -8.11, 0.008, 136.86, -16.89);
insert into SHOT values (1421, 1410, 1422, 553, 14.020, 131.68, -8.00, 14.026, 131.70, -7.99, 0.007, 169.85, 9.28);
insert into SHOT values (1422, 1410, 1423, 553, 8.490, 148.08, -6.10, 8.497, 148.06, -6.08, 0.008, 122.35, 15.03);
insert into SHOT values (1423, 1410, 1424, 553, 5.430, 120.18, -6.10, 5.435, 120.22, -6.13, 0.007, 153.03, -26.10);
insert into SHOT values (1424, 1410, 1425, 553, 10.290, 98.48, -7.00, 10.290, 98.50, -7.03, 0.007, 205.02, -58.32);
insert into SHOT values (1425, 1410, 1426, 553, 4.930, 102.98, -1.10, 4.937, 102.99, -1.16, 0.009, 110.62, -35.94);
insert into SHOT values (1426, 1410, 1427, 553, 14.020, 120.98, -9.90, 14.019, 120.99, -9.90, 0.001, 255.88, 34.93);
insert into SHOT values (1427, 1427, 1428, 553, 1.160, 122.48, 5.30, 1.164, 122.32, 4.93, 0.009, 86.79, -51.56);
insert into SHOT values (1428, 1365, 1429, 553, 1.140, 122.28, 4.50, 1.141, 122.43, 4.52, 0.003, 195.05, 10.17);
insert into SHOT values (1429, 1427, 1430, 553, 1.140, 121.48, 4.40, 1.144, 121.74, 4.51, 0.007, 173.92, 21.57);
insert into SHOT values (1430, 1429, 1431, 553, 3.210, 131.98, -2.20, 3.203, 131.96, -2.15, 0.008, 322.20, 24.36);
insert into SHOT values (1431, 1431, 1432, 553, 9.690, 65.28, -31.70, 9.687, 65.33, -31.70, 0.008, 172.60, 14.00);
insert into SCRAPS values (555, 549, 'SP-Xav4-1', 1, 54.10888, 0.35534);
 insert into SCRAPS values (790, 549, 'SP-Xav4-2', 1, 42.21396, 0.29257);
 insert into SCRAPS values (992, 549, 'SP-Xav4-3', 1, 0.22270, 0.03705);
 insert into MAPS values (1003, 549, 'MP-GeophysicalskayaXR4', 'GeophysicalskayaXR4', 1, 1019.650, -31.720);
 insert into MAPITEMS values (1003, 4, 555);
 insert into MAPITEMS values (1003, 4, 992);
 insert into MAPITEMS values (1003, 4, 790);
 insert into SURVEY values (1006, 51, 'Escalade', 'Escalade.Geophysicheskaya', 'Escalade');
 insert into CENTRELINE values (1007, 1006, NULL, NULL, NULL, 0.00, 0.00, 0.00);
 insert into SURVEY values (1008, 1006, 'Escalade', 'Escalade.Escalade.Geophysicheskaya', 'Geophysicalskaya, escalade ');
 insert into CENTRELINE values (1009, 1008, NULL, NULL, NULL, 0.00, 0.00, 0.00);
 insert into CENTRELINE values (1010, 1008, NULL, '2024-04-18', NULL, 31.78, 0.00, 43.67);
 insert into TOPO values (5, 1010);
 insert into TOPO values (1, 1010);
 insert into PERSON values (8, 'Jean-Paul', 'Hereil');
insert into TOPO values (8, 1010);
 insert into SHOT values (1432, 1433, 1434, 1010, 8.244, 326.87, 6.35, 8.244, 326.85, 6.34, 0.003, 231.82, -28.94);
insert into SHOT_FLAG values(1432, 'dpl');
insert into SHOT values (1433, 1435, 1433, 1010, 14.061, 312.51, -13.51, 14.062, 312.51, -13.49, 0.005, 294.99, 63.72);
insert into SHOT_FLAG values(1433, 'dpl');
insert into SHOT values (1434, 1436, 1435, 1010, 11.485, 265.99, -10.80, 11.491, 265.99, -10.78, 0.007, 253.69, 18.35);
insert into SHOT_FLAG values(1434, 'dpl');
insert into SHOT values (1435, 1437, 1436, 1010, 9.880, 293.04, -13.79, 9.874, 293.09, -13.83, 0.012, 66.62, -25.40);
insert into SHOT_FLAG values(1435, 'dpl');
insert into SHOT values (1436, 1436, 1438, 1010, 17.991, 242.19, 23.43, 18.000, 242.21, 23.44, 0.012, 282.42, 41.29);
insert into SHOT values (1437, 1438, 1439, 1010, 7.393, 197.76, -10.14, 7.394, 197.76, -10.21, 0.008, 320.07, -82.47);
insert into SHOT values (1438, 1439, 1440, 1010, 6.394, 122.64, 1.09, 6.401, 122.62, 1.16, 0.011, 105.83, 50.32);
insert into SHOT values (1439, 1435, 1441, 1010, 6.259, 355.78, 4.07, 6.262, 355.78, 4.03, 0.005, 351.88, -44.81);
insert into SHOT values (1440, 1435, 1442, 1010, 10.314, 325.33, 69.57, 10.319, 325.29, 69.58, 0.005, 248.00, 63.91);
insert into SHOT values (1441, 1435, 1443, 1010, 14.439, 225.14, 66.61, 14.435, 225.14, 66.62, 0.005, 45.15, -28.54);
insert into SHOT values (1442, 1435, 1444, 1010, 6.429, 195.75, 17.92, 6.432, 195.74, 17.93, 0.003, 175.77, 38.82);
insert into SHOT values (1443, 1435, 1445, 1010, 1.435, 185.63, -73.78, 1.437, 185.71, -73.76, 0.002, 212.49, -59.04);
insert into SHOT values (1444, 1438, 1446, 1010, 17.777, 242.16, 23.48, 17.772, 242.13, 23.48, 0.010, 122.40, -13.92);
insert into SHOT values (1445, 1438, 1447, 1010, 3.413, 101.00, -25.47, 3.419, 101.02, -25.46, 0.006, 110.32, -20.71);
insert into SHOT values (1446, 1438, 1448, 1010, 5.511, 146.52, -21.01, 5.513, 146.50, -21.05, 0.005, 59.84, -66.03);
insert into SHOT values (1447, 1438, 1449, 1010, 8.133, 154.52, -15.06, 8.136, 154.51, -15.10, 0.007, 93.64, -79.03);
insert into SHOT values (1448, 1438, 1450, 1010, 2.413, 319.69, -71.99, 2.418, 319.90, -72.05, 0.006, 69.51, -61.72);
insert into SHOT values (1449, 1438, 1451, 1010, 2.391, 201.74, -65.98, 2.399, 201.58, -65.92, 0.009, 175.82, -44.38);
insert into SHOT values (1450, 1438, 1452, 1010, 4.010, 188.64, -37.57, 4.018, 188.49, -37.57, 0.012, 136.71, -24.14);
insert into SHOT values (1451, 1438, 1453, 1010, 6.879, 183.66, -19.35, 6.882, 183.62, -19.35, 0.005, 126.25, -5.88);
insert into SHOT values (1452, 1438, 1454, 1010, 3.821, 276.69, -21.54, 3.823, 276.63, -21.64, 0.008, 180.26, -61.13);
insert into SHOT values (1453, 1438, 1455, 1010, 5.984, 219.43, -13.51, 5.985, 219.35, -13.53, 0.009, 137.04, -11.76);
insert into SHOT values (1454, 1438, 1456, 1010, 9.568, 201.00, -8.03, 9.571, 200.96, -8.05, 0.008, 134.22, -30.18);
insert into SHOT values (1455, 1439, 1457, 1010, 3.303, 42.22, -17.04, 3.307, 42.31, -16.88, 0.011, 81.25, 44.51);
insert into SHOT values (1456, 1439, 1458, 1010, 2.064, 80.36, -25.71, 2.067, 80.44, -25.50, 0.009, 101.31, 38.63);
insert into SHOT values (1457, 1439, 1459, 1010, 3.229, 121.51, -25.74, 3.228, 121.50, -25.70, 0.002, 88.18, 85.07);
insert into SHOT values (1458, 1439, 1460, 1010, 6.037, 125.63, -1.57, 6.044, 125.64, -1.52, 0.008, 135.01, 36.45);
insert into SHOT values (1459, 1439, 1461, 1010, 1.494, 227.45, 4.56, 1.491, 227.18, 4.62, 0.008, 112.45, 9.12);
insert into SHOT values (1460, 1439, 1462, 1010, 2.864, 208.18, 1.49, 2.869, 208.08, 1.60, 0.008, 162.57, 38.92);
insert into SHOT values (1461, 1439, 1463, 1010, 3.324, 44.70, 26.80, 3.327, 44.73, 26.80, 0.004, 74.11, 24.70);
insert into SHOT values (1462, 1439, 1464, 1010, 2.189, 116.45, 33.60, 2.197, 116.57, 33.42, 0.011, 135.71, -6.57);
insert into SHOT values (1463, 1439, 1465, 1010, 3.776, 160.33, 17.71, 3.782, 160.21, 17.70, 0.010, 107.74, 8.02);
insert into SHOT values (1464, 1439, 1466, 1010, 6.934, 130.79, 1.17, 6.936, 130.79, 1.16, 0.002, 126.71, -30.60);
insert into SHOT values (1465, 1439, 1467, 1010, 13.092, 133.30, 0.88, 13.096, 133.30, 0.88, 0.004, 141.90, -12.16);
insert into SHOT values (1466, 1439, 1468, 1010, 12.064, 145.83, -0.80, 12.066, 145.81, -0.81, 0.004, 90.89, -15.43);
insert into SHOT values (1467, 1439, 1469, 1010, 12.949, 154.12, -1.95, 12.955, 154.13, -1.95, 0.007, 170.44, 5.42);
insert into SHOT values (1468, 1439, 1470, 1010, 25.059, 167.59, -0.89, 25.060, 167.58, -0.89, 0.007, 82.45, -5.97);
insert into SHOT values (1469, 1439, 1471, 1010, 25.390, 172.23, -1.18, 25.399, 172.21, -1.17, 0.012, 135.47, 15.64);
insert into SHOT values (1470, 1439, 1472, 1010, 9.949, 190.97, -2.77, 9.953, 190.96, -2.76, 0.004, 169.43, 8.48);
insert into SHOT values (1471, 1439, 1473, 1010, 9.215, 199.37, -4.80, 9.220, 199.32, -4.79, 0.009, 143.23, 8.19);
insert into SHOT values (1472, 1439, 1474, 1010, 10.470, 174.72, 3.80, 10.479, 174.68, 3.83, 0.013, 130.77, 27.73);
insert into SHOT values (1473, 1440, 1475, 1010, 7.082, 280.70, -6.39, 7.085, 280.64, -6.40, 0.008, 213.45, -13.82);
insert into SHOT values (1474, 1440, 1476, 1010, 13.325, 271.53, -4.00, 13.328, 271.51, -4.04, 0.011, 204.43, -59.41);
insert into SHOT values (1475, 1440, 1477, 1010, 12.426, 257.75, -4.72, 12.425, 257.74, -4.76, 0.008, 147.98, -60.63);
insert into SHOT values (1476, 1440, 1478, 1010, 9.187, 237.05, -5.66, 9.185, 237.06, -5.69, 0.005, 34.20, -49.70);
insert into SHOT values (1477, 1440, 1479, 1010, 3.626, 279.46, -31.91, 3.630, 279.34, -31.93, 0.008, 214.63, -23.79);
insert into SHOT values (1478, 1440, 1480, 1010, 12.991, 258.55, -56.78, 12.995, 258.58, -56.77, 0.005, 306.80, -26.79);
insert into SHOT values (1479, 1440, 1481, 1010, 14.373, 237.31, -56.83, 14.382, 237.30, -56.84, 0.010, 208.48, -66.09);
insert into SHOT values (1480, 1440, 1482, 1010, 11.151, 224.59, -43.07, 11.154, 224.60, -43.09, 0.006, 327.09, -68.03);
insert into SHOT values (1481, 1440, 1483, 1010, 8.493, 220.92, -29.00, 8.502, 220.91, -28.99, 0.009, 215.51, -18.61);
insert into SHOT values (1482, 1440, 1484, 1010, 11.747, 215.24, -8.19, 11.751, 215.23, -8.22, 0.008, 207.38, -65.65);
insert into SHOT values (1483, 1440, 1485, 1010, 3.184, 251.68, 13.57, 3.183, 251.74, 13.44, 0.008, 326.82, -66.33);
insert into SHOT values (1484, 1440, 1486, 1010, 5.608, 226.11, 16.25, 5.604, 226.13, 16.16, 0.009, 7.64, -75.51);
insert into SHOT values (1485, 1440, 1487, 1010, 8.433, 206.45, 2.31, 8.441, 206.47, 2.24, 0.013, 231.59, -45.92);
insert into SHOT values (1486, 1440, 1488, 1010, 17.022, 196.26, -1.33, 17.027, 196.27, -1.35, 0.006, 229.51, -31.77);
insert into SCRAPS values (1012, 1006, 'SP-Escalade-1', 1, 5.52042, 0.37055);
 insert into MAPS values (1035, 1006, 'MP-Escalade', 'Escalade', 1, 31.778, -12.590);
 insert into MAPITEMS values (1035, 4, 1012);
 insert into SURVEY values (1038, 51, 'GeophysicayaXR6', 'GeophysicayaXR6.Geophysicheskaya', 'GeophysicayaXR6');
 insert into CENTRELINE values (1039, 1038, NULL, NULL, NULL, 0.00, 0.00, 0.00);
 insert into SURVEY values (1040, 1038, 'GeophysicayaXR6', 'GeophysicayaXR6.GeophysicayaXR6.Geophysicheskaya', 'geophysicayaXR6');
 insert into CENTRELINE values (1041, 1040, NULL, NULL, NULL, 0.00, 0.00, 0.00);
 insert into CENTRELINE values (1042, 1040, NULL, '2024-04-16', NULL, 492.47, 0.00, 0.00);
 insert into PERSON values (9, 'Bernard', 'Lips');
insert into TOPO values (9, 1042);
 insert into TOPO values (7, 1042);
 insert into SHOT values (1487, 1489, 1490, 1042, 18.440, 285.88, -18.90, 18.442, 285.84, -18.95, 0.022, 180.98, -49.37);
insert into SHOT values (1488, 1490, 1491, 1042, 8.250, 225.38, 1.90, 8.250, 225.39, 1.95, 0.007, 331.42, 77.23);
insert into SHOT values (1489, 1490, 1492, 1042, 4.890, 315.38, 54.20, 4.895, 315.42, 54.19, 0.006, 346.39, 44.35);
insert into SHOT values (1490, 1490, 1493, 1042, 5.370, 19.08, 20.70, 5.372, 19.05, 20.71, 0.004, 319.34, 27.11);
insert into SHOT values (1491, 1490, 1494, 1042, 11.650, 6.18, 2.20, 11.656, 6.16, 2.21, 0.008, 328.33, 20.56);
insert into SHOT values (1492, 1490, 1495, 1042, 14.720, 23.78, 4.20, 14.726, 23.77, 4.21, 0.007, 357.06, 17.20);
insert into SHOT values (1493, 1490, 1496, 1042, 15.230, 48.18, 11.30, 15.232, 48.18, 11.32, 0.006, 344.96, 67.88);
insert into SHOT values (1494, 1490, 1497, 1042, 9.390, 72.48, 33.20, 9.394, 72.44, 33.25, 0.010, 330.64, 55.05);
insert into SHOT values (1495, 1490, 1498, 1042, 12.660, 317.88, 19.80, 12.665, 317.89, 19.80, 0.005, 339.29, 19.18);
insert into SHOT values (1496, 1490, 1499, 1042, 16.260, 345.28, 5.70, 16.262, 345.29, 5.72, 0.005, 12.45, 76.48);
insert into SHOT values (1497, 1490, 1500, 1042, 16.490, 358.28, 4.00, 16.498, 358.29, 4.03, 0.013, 20.31, 50.35);
insert into SHOT values (1498, 1490, 1501, 1042, 1.560, 323.58, -39.20, 1.562, 323.70, -38.86, 0.010, 342.02, 38.39);
insert into SHOT values (1499, 1490, 1502, 1042, 8.680, 332.18, -12.40, 8.683, 332.17, -12.37, 0.006, 297.65, 40.73);
insert into SHOT values (1500, 1490, 1503, 1042, 23.000, 326.68, -6.50, 23.002, 326.69, -6.49, 0.006, 27.66, 41.65);
insert into SHOT values (1501, 1490, 1504, 1042, 18.390, 344.78, -7.60, 18.389, 344.80, -7.59, 0.005, 81.84, 26.14);
insert into SHOT values (1502, 1490, 1505, 1042, 18.220, 301.78, -9.00, 18.223, 301.78, -9.00, 0.003, 298.28, 4.19);
insert into SHOT values (1503, 1505, 1506, 1042, 1.430, 348.58, 10.50, 1.432, 348.93, 10.87, 0.013, 78.01, 47.87);
insert into SHOT values (1504, 1505, 1507, 1042, 2.260, 299.78, 15.00, 2.260, 299.97, 15.13, 0.009, 39.34, 34.70);
insert into SHOT values (1505, 1505, 1508, 1042, 2.830, 340.58, 72.70, 2.839, 340.71, 72.63, 0.010, 357.89, 51.89);
insert into SHOT values (1506, 1505, 1509, 1042, 5.470, 97.88, 49.30, 5.477, 97.88, 49.27, 0.007, 96.51, 23.92);
insert into SHOT values (1507, 1505, 1510, 1042, 10.860, 62.28, 41.80, 10.865, 62.26, 41.79, 0.006, 33.62, 14.75);
insert into SHOT values (1508, 1505, 1511, 1042, 16.720, 80.68, 12.40, 16.726, 80.66, 12.39, 0.008, 40.79, -2.57);
insert into SHOT values (1509, 1505, 1512, 1042, 18.570, 57.88, 7.10, 18.574, 57.88, 7.11, 0.006, 38.50, 50.46);
insert into SHOT values (1510, 1505, 1513, 1042, 3.540, 64.98, -0.60, 3.543, 64.95, -0.49, 0.008, 36.55, 61.54);
insert into SHOT values (1511, 1505, 1514, 1042, 1.630, 60.38, -26.40, 1.628, 60.45, -26.25, 0.005, 154.23, 70.34);
insert into SHOT values (1512, 1505, 1515, 1042, 5.930, 113.68, 7.90, 5.932, 113.69, 7.95, 0.005, 123.45, 76.85);
insert into SHOT values (1513, 1505, 1516, 1042, 15.070, 123.58, 23.50, 15.073, 123.55, 23.50, 0.008, 55.79, 5.98);
insert into SHOT values (1514, 1505, 1517, 1042, 2.130, 343.48, -60.70, 2.123, 343.83, -60.63, 0.010, 84.35, 49.66);
insert into SHOT values (1515, 1505, 1518, 1042, 2.110, 329.78, -13.70, 2.108, 329.80, -13.72, 0.002, 130.33, -6.98);
insert into SHOT values (1516, 1505, 1519, 1042, 4.200, 328.08, -24.60, 4.196, 328.06, -24.50, 0.009, 216.01, 77.86);
insert into SHOT values (1517, 1505, 1520, 1042, 3.000, 306.38, -27.40, 2.997, 306.44, -27.42, 0.004, 88.85, 8.02);
insert into SHOT values (1518, 1505, 1521, 1042, 2.700, 281.88, -28.90, 2.696, 281.98, -28.83, 0.007, 43.55, 47.25);
insert into SHOT values (1519, 1505, 1522, 1042, 2.290, 331.48, -63.70, 2.286, 331.66, -63.74, 0.006, 109.24, 32.36);
insert into SHOT values (1520, 1505, 1523, 1042, 1.590, 346.18, -25.00, 1.589, 346.35, -24.94, 0.005, 80.85, 25.08);
insert into SHOT values (1521, 1505, 1524, 1042, 1.540, 342.88, 20.30, 1.540, 343.07, 20.52, 0.008, 94.20, 48.20);
insert into SHOT values (1522, 1505, 1525, 1042, 4.790, 323.18, -30.70, 4.785, 323.30, -30.66, 0.010, 71.35, 32.58);
insert into SHOT values (1523, 1525, 1526, 1042, 2.330, 118.78, 8.40, 2.330, 118.79, 8.39, 0.000, 236.08, -55.34);
insert into SHOT values (1524, 1525, 1527, 1042, 1.650, 131.58, -15.70, 1.642, 131.66, -15.90, 0.010, 297.63, -20.90);
insert into SHOT values (1525, 1525, 1528, 1042, 1.120, 143.08, -49.60, 1.115, 143.45, -49.65, 0.007, 273.42, 25.89);
insert into SHOT values (1526, 1525, 1529, 1042, 1.900, 115.18, 48.10, 1.892, 115.35, 48.18, 0.009, 269.51, -26.86);
insert into SHOT values (1527, 1525, 1530, 1042, 3.600, 135.78, 15.50, 3.596, 135.94, 15.48, 0.010, 248.22, -11.69);
insert into SHOT values (1528, 1525, 1531, 1042, 2.220, 150.48, -2.80, 2.219, 150.54, -2.84, 0.003, 259.87, -32.11);
insert into SHOT values (1529, 1525, 1532, 1042, 4.430, 154.88, 6.30, 4.429, 155.01, 6.35, 0.010, 251.02, 22.13);
insert into SHOT values (1530, 1525, 1533, 1042, 4.800, 162.28, 9.20, 4.797, 162.29, 9.24, 0.005, 331.71, 32.65);
insert into SHOT values (1531, 1525, 1534, 1042, 4.080, 168.38, 5.40, 4.079, 168.50, 5.35, 0.009, 260.61, -26.28);
insert into SHOT values (1532, 1525, 1535, 1042, 4.050, 162.08, 1.00, 4.045, 162.15, 0.99, 0.007, 297.71, -6.02);
insert into SHOT values (1533, 1525, 1536, 1042, 7.150, 159.68, 3.20, 7.143, 159.74, 3.21, 0.010, 298.60, 5.07);
insert into SHOT values (1534, 1525, 1537, 1042, 1.130, 58.98, -6.30, 1.128, 58.86, -6.11, 0.005, 295.68, 54.40);
insert into SHOT values (1535, 1525, 1538, 1042, 4.520, 56.18, -21.20, 4.524, 56.12, -21.26, 0.007, 345.98, -48.45);
insert into SHOT values (1536, 1525, 1539, 1042, 3.110, 27.28, -19.30, 3.109, 27.18, -19.34, 0.006, 283.55, -20.44);
insert into SHOT values (1537, 1525, 1540, 1042, 2.200, 31.68, -7.20, 2.199, 31.50, -7.31, 0.008, 292.48, -31.71);
insert into SHOT values (1538, 1525, 1541, 1042, 2.280, 39.48, -49.50, 2.275, 39.51, -49.50, 0.005, 208.29, 49.01);
insert into SHOT values (1539, 1525, 1542, 1042, 2.030, 359.18, -19.90, 2.031, 359.10, -19.86, 0.003, 296.77, 17.23);
insert into SHOT values (1540, 1525, 1543, 1042, 9.830, 165.98, 5.90, 9.831, 166.03, 5.90, 0.009, 248.78, -2.91);
insert into SHOT values (1541, 1525, 1544, 1042, 4.430, 19.98, -21.00, 4.433, 19.92, -21.02, 0.005, 313.81, -27.41);
insert into SHOT values (1542, 1544, 1545, 1042, 0.990, 114.88, -82.90, 0.987, 114.44, -82.97, 0.003, 325.94, 53.29);
insert into SHOT values (1543, 1544, 1546, 1042, 1.460, 290.28, 3.70, 1.462, 290.05, 3.92, 0.008, 213.75, 43.47);
insert into SHOT values (1544, 1544, 1547, 1042, 2.360, 355.98, -4.90, 2.355, 355.84, -4.87, 0.008, 223.39, 11.62);
insert into SHOT values (1545, 1544, 1548, 1042, 3.580, 53.38, -10.90, 3.575, 53.46, -10.96, 0.008, 193.43, -23.49);
insert into SHOT values (1546, 1544, 1549, 1042, 5.060, 77.18, -7.30, 5.055, 77.21, -7.27, 0.006, 229.40, 29.61);
insert into SHOT values (1547, 1544, 1550, 1042, 5.380, 112.78, -11.80, 5.375, 112.81, -11.81, 0.005, 263.27, 1.99);
insert into SHOT values (1548, 1544, 1551, 1042, 3.840, 136.48, -1.50, 3.842, 136.58, -1.49, 0.007, 206.88, 4.22);
insert into SHOT values (1549, 1544, 1552, 1042, 3.600, 152.88, 10.10, 3.602, 153.00, 10.07, 0.008, 225.52, -9.78);
insert into SHOT values (1550, 1544, 1553, 1042, 1.950, 137.38, -15.10, 1.951, 137.58, -15.16, 0.007, 226.21, -17.07);
insert into SHOT values (1551, 1544, 1554, 1042, 2.380, 106.38, -21.20, 2.382, 106.48, -21.17, 0.004, 164.21, 8.84);
insert into SHOT values (1552, 1544, 1555, 1042, 2.290, 69.78, -19.90, 2.288, 69.88, -19.93, 0.004, 188.35, -7.29);
insert into SHOT values (1553, 1544, 1556, 1042, 1.380, 105.98, -52.30, 1.379, 106.50, -52.22, 0.008, 189.56, 13.73);
insert into SHOT values (1554, 1544, 1557, 1042, 5.560, 113.58, -11.80, 5.563, 113.60, -11.82, 0.004, 141.11, -42.47);
insert into SHOT values (1555, 1505, 1558, 1042, 18.780, 29.68, 1.90, 18.786, 29.69, 1.92, 0.010, 56.89, 50.06);
insert into SHOT values (1556, 1490, 1559, 1042, 18.990, 42.58, 4.40, 18.994, 42.60, 4.38, 0.011, 97.20, -40.28);
insert into SHOT values (1557, 1559, 1560, 1042, 15.610, 133.48, 22.30, 15.614, 133.49, 22.32, 0.007, 149.54, 75.65);
insert into SHOT values (1558, 1559, 1561, 1042, 3.460, 131.18, 4.40, 3.455, 131.23, 4.48, 0.008, 284.09, 34.83);
insert into SHOT values (1559, 1559, 1562, 1042, 4.960, 63.58, -3.20, 4.954, 63.59, -3.12, 0.009, 237.85, 48.43);
insert into SHOT values (1560, 1559, 1563, 1042, 6.690, 46.58, -19.70, 6.686, 46.54, -19.67, 0.007, 282.23, 45.15);
insert into SHOT values (1561, 1559, 1564, 1042, 12.610, 40.58, -10.00, 12.610, 40.59, -10.00, 0.002, 138.54, -9.64);
insert into SHOT values (1562, 1559, 1565, 1042, 2.430, 58.98, 7.00, 2.423, 58.95, 7.11, 0.008, 248.17, 27.00);
insert into SHOT values (1563, 1559, 1566, 1042, 7.970, 17.28, -16.90, 7.965, 17.25, -16.86, 0.009, 255.21, 49.97);
insert into SHOT values (1564, 1559, 1567, 1042, 1.790, 354.28, -61.10, 1.784, 354.03, -61.00, 0.008, 258.59, 61.11);
insert into SHOT values (1565, 1559, 1568, 1042, 4.560, 272.88, -10.00, 4.565, 272.93, -9.97, 0.007, 309.62, 15.91);
insert into SHOT values (1566, 1559, 1569, 1042, 8.750, 256.68, -5.20, 8.751, 256.67, -5.18, 0.004, 186.24, 46.34);
insert into SHOT values (1567, 1559, 1570, 1042, 4.230, 248.38, -15.30, 4.233, 248.46, -15.20, 0.010, 294.14, 39.37);
insert into SHOT values (1568, 1559, 1571, 1042, 2.890, 190.08, -4.60, 2.895, 190.18, -4.56, 0.007, 236.05, 14.61);
insert into SHOT values (1569, 1559, 1572, 1042, 2.900, 215.18, 15.60, 2.898, 215.23, 15.61, 0.003, 348.47, 2.57);
insert into SHOT values (1570, 1559, 1573, 1042, 0.970, 209.78, 32.40, 0.971, 210.00, 32.38, 0.003, 284.38, 4.31);
insert into SHOT values (1571, 1559, 1574, 1042, 21.950, 66.98, -8.70, 21.946, 67.02, -8.73, 0.017, 180.54, -35.68);
insert into SHOT values (1572, 1574, 1575, 1042, 4.570, 181.88, 17.70, 4.569, 181.84, 17.71, 0.003, 66.93, 9.65);
insert into SHOT values (1573, 1574, 1576, 1042, 26.140, 146.98, 6.60, 26.147, 146.99, 6.61, 0.009, 170.12, 39.77);
insert into SHOT values (1574, 1574, 1577, 1042, 16.540, 122.38, 6.40, 16.543, 122.40, 6.39, 0.008, 186.11, -28.74);
insert into SHOT values (1575, 1574, 1578, 1042, 32.870, 98.08, 1.90, 32.875, 98.08, 1.90, 0.005, 97.63, 2.41);
insert into SHOT values (1576, 1574, 1579, 1042, 23.050, 108.38, 3.10, 23.049, 108.39, 3.11, 0.004, 232.65, 58.42);
insert into SHOT values (1577, 1574, 1580, 1042, 34.390, 93.88, 0.60, 34.391, 93.89, 0.60, 0.001, 142.10, -5.21);
insert into SHOT values (1578, 1574, 1581, 1042, 18.970, 79.38, 3.40, 18.968, 79.38, 3.42, 0.006, 295.41, 61.35);
insert into SHOT values (1579, 1574, 1582, 1042, 10.630, 62.88, 4.90, 10.634, 62.88, 4.91, 0.004, 50.36, 27.17);
insert into SHOT values (1580, 1574, 1583, 1042, 11.280, 50.78, 1.70, 11.285, 50.79, 1.73, 0.007, 74.03, 48.58);
insert into SHOT values (1581, 1574, 1584, 1042, 8.740, 59.68, 33.70, 8.742, 59.70, 33.69, 0.003, 97.22, 12.00);
insert into SHOT values (1582, 1574, 1585, 1042, 5.080, 39.08, 62.70, 5.086, 39.08, 62.71, 0.006, 37.31, 72.84);
insert into SHOT values (1583, 1574, 1586, 1042, 3.660, 266.88, 47.00, 3.661, 266.78, 47.06, 0.006, 150.54, 33.39);
insert into SHOT values (1584, 1574, 1587, 1042, 8.300, 256.08, 22.30, 8.297, 256.05, 22.31, 0.005, 128.63, 5.99);
insert into SHOT values (1585, 1574, 1588, 1042, 16.580, 257.08, 9.00, 16.578, 257.08, 8.99, 0.004, 69.33, -66.49);
insert into SHOT values (1586, 1574, 1589, 1042, 21.280, 256.18, 4.20, 21.282, 256.18, 4.20, 0.003, 217.09, 36.03);
insert into SHOT values (1587, 1574, 1590, 1042, 15.400, 269.08, 3.80, 15.396, 269.07, 3.80, 0.006, 134.91, -5.98);
insert into SHOT values (1588, 1574, 1591, 1042, 5.670, 289.48, 3.30, 5.674, 289.49, 3.33, 0.005, 299.60, 41.62);
insert into SHOT values (1589, 1574, 1592, 1042, 5.290, 308.98, 8.90, 5.290, 309.02, 8.92, 0.004, 49.85, 25.27);
insert into SHOT values (1590, 1574, 1593, 1042, 2.890, 283.48, -5.90, 2.885, 283.50, -5.97, 0.006, 92.82, -28.19);
insert into SHOT values (1591, 1574, 1594, 1042, 9.150, 260.38, -1.30, 9.151, 260.37, -1.31, 0.003, 206.26, -49.74);
insert into SHOT values (1592, 1574, 1595, 1042, 13.430, 254.78, 2.60, 13.434, 254.79, 2.60, 0.004, 287.81, 9.98);
insert into SHOT values (1593, 1574, 1596, 1042, 13.630, 238.78, 8.10, 13.633, 238.76, 8.10, 0.006, 177.59, -4.34);
insert into SHOT values (1594, 1574, 1597, 1042, 8.960, 214.08, 15.20, 8.956, 214.06, 15.21, 0.006, 76.96, 7.91);
insert into SHOT values (1595, 1574, 1598, 1042, 2.190, 203.58, -11.70, 2.194, 203.58, -11.57, 0.006, 203.70, 39.17);
insert into SHOT values (1596, 1574, 1599, 1042, 12.950, 134.08, 0.10, 12.949, 134.09, 0.09, 0.004, 254.45, -46.89);
insert into SHOT values (1597, 1574, 1600, 1042, 4.670, 122.58, -9.50, 4.669, 122.59, -9.49, 0.001, 292.52, 34.98);
insert into SHOT values (1598, 1574, 1601, 1042, 12.000, 98.58, -3.40, 12.005, 98.59, -3.39, 0.006, 112.46, 16.33);
insert into SHOT values (1599, 1574, 1602, 1042, 6.680, 61.28, -16.40, 6.682, 61.28, -16.43, 0.004, 357.30, -76.00);
insert into SHOT values (1600, 1574, 1603, 1042, 5.060, 2.98, -18.90, 5.060, 2.99, -18.91, 0.001, 129.62, -41.53);
insert into SHOT values (1601, 1574, 1604, 1042, 17.340, 10.38, -1.90, 17.333, 10.38, -1.88, 0.009, 207.81, 33.10);
insert into SHOT values (1602, 1574, 1605, 1042, 25.070, 39.58, 2.00, 25.074, 39.59, 2.01, 0.007, 86.12, 44.54);
insert into SHOT values (1603, 1574, 1606, 1042, 14.660, 335.38, 5.10, 14.654, 335.38, 5.09, 0.006, 153.87, -30.52);
insert into SHOT values (1604, 1574, 1607, 1042, 21.110, 344.78, 3.90, 21.108, 344.78, 3.91, 0.005, 217.50, 50.82);
insert into SHOT values (1605, 1574, 1608, 1042, 16.810, 8.88, 7.70, 16.811, 8.87, 7.69, 0.004, 299.74, -39.43);
insert into SHOT values (1606, 1574, 1609, 1042, 7.090, 10.78, 16.50, 7.091, 10.76, 16.47, 0.005, 316.92, -53.14);
insert into SHOT values (1607, 1574, 1610, 1042, 22.520, 12.18, 0.60, 22.517, 12.62, 0.84, 0.197, 103.93, 28.60);
insert into SHOT values (1608, 1610, 1611, 1042, 3.360, 206.08, 34.80, 3.362, 206.01, 34.83, 0.004, 121.97, 33.34);
insert into SHOT values (1609, 1610, 1612, 1042, 9.020, 193.38, 14.10, 9.019, 193.35, 14.12, 0.006, 82.20, 27.62);
insert into SHOT values (1610, 1610, 1613, 1042, 12.270, 241.78, 7.70, 12.267, 241.77, 7.73, 0.008, 102.29, 52.97);
insert into SHOT values (1611, 1610, 1614, 1042, 10.530, 282.68, 8.40, 10.526, 282.65, 8.41, 0.008, 158.39, 12.73);
insert into SHOT values (1612, 1610, 1615, 1042, 12.990, 318.98, 8.20, 12.985, 319.01, 8.24, 0.011, 97.13, 42.31);
insert into SHOT values (1613, 1610, 1616, 1042, 17.090, 339.98, 5.60, 17.089, 339.99, 5.61, 0.003, 118.12, 47.22);
insert into SHOT values (1614, 1610, 1617, 1042, 5.790, 1.28, 24.70, 5.782, 1.31, 24.74, 0.009, 166.24, 3.42);
insert into SHOT values (1615, 1610, 1618, 1042, 4.170, 358.68, -16.80, 4.168, 358.71, -16.73, 0.006, 119.22, 69.35);
insert into SHOT values (1616, 1610, 1619, 1042, 3.840, 246.98, -7.70, 3.838, 246.94, -7.64, 0.006, 130.81, 54.50);
insert into SHOT values (1617, 1610, 1620, 1042, 4.000, 153.98, -14.70, 4.003, 153.96, -14.62, 0.007, 135.96, 50.36);
insert into SHOT values (1618, 1610, 1621, 1042, 7.160, 114.58, -21.90, 7.170, 114.60, -21.86, 0.011, 125.32, 3.12);
insert into SHOT values (1619, 1610, 1622, 1042, 15.640, 118.98, 0.30, 15.649, 118.97, 0.33, 0.012, 100.58, 41.77);
insert into SHOT values (1620, 1610, 1623, 1042, 20.120, 126.98, 2.70, 20.124, 126.97, 2.71, 0.006, 86.04, 20.99);
insert into SHOT values (1621, 1610, 1624, 1042, 21.670, 139.68, 2.00, 21.681, 139.68, 2.01, 0.011, 132.45, 19.44);
insert into SHOT values (1622, 1610, 1625, 1042, 12.950, 150.88, 1.30, 12.950, 150.88, 1.33, 0.006, 25.10, 83.87);
insert into SHOT values (1623, 1610, 1626, 1042, 11.970, 159.28, 4.80, 11.974, 159.29, 4.84, 0.009, 171.30, 68.66);
insert into SHOT values (1624, 1610, 1627, 1042, 3.170, 139.08, 34.00, 3.181, 139.00, 34.02, 0.012, 115.06, 37.36);
insert into SHOT values (1625, 1610, 1628, 1042, 5.770, 96.38, 19.30, 5.779, 96.42, 19.30, 0.010, 119.52, 17.63);
insert into SHOT values (1626, 1610, 1629, 1042, 0.650, 76.68, 7.60, 0.652, 77.47, 7.94, 0.010, 160.15, 24.30);
insert into SHOT values (1627, 1610, 1630, 1042, 10.830, 64.48, -1.80, 10.830, 64.50, -1.80, 0.003, 158.36, 3.19);
insert into SHOT values (1628, 1610, 1631, 1042, 28.860, 45.08, 3.70, 28.861, 45.10, 3.71, 0.011, 130.16, 44.80);
insert into SHOT values (1629, 1610, 1632, 1042, 10.280, 31.78, 14.20, 10.281, 31.79, 14.25, 0.008, 149.16, 78.23);
insert into SHOT values (1630, 1610, 1633, 1042, 21.450, 4.08, 6.30, 21.445, 4.09, 6.32, 0.009, 163.85, 43.19);
insert into SHOT values (1631, 1610, 1634, 1042, 13.180, 14.68, -6.70, 13.177, 14.69, -6.67, 0.008, 141.24, 67.52);
insert into SHOT values (1632, 1610, 1635, 1042, 14.230, 348.28, 1.10, 14.227, 348.32, 1.13, 0.011, 95.79, 36.44);
insert into SHOT values (1633, 1610, 1636, 1042, 22.220, 143.88, 1.30, 22.208, 143.78, 1.37, 0.051, 36.74, 30.59);
insert into SHOT values (1634, 1610, 1637, 1042, 18.350, 29.28, -0.80, 18.342, 29.96, -0.62, 0.225, 121.48, 14.50);
insert into SHOT values (1635, 1637, 1638, 1042, 1.540, 114.68, -26.50, 1.541, 114.89, -26.60, 0.006, 207.00, -29.70);
insert into SHOT values (1636, 1637, 1639, 1042, 6.740, 116.88, -11.00, 6.739, 116.87, -11.04, 0.004, 325.28, -62.84);
insert into SHOT values (1637, 1637, 1640, 1042, 18.970, 135.98, -1.40, 18.973, 135.98, -1.39, 0.005, 131.63, 48.62);
insert into SHOT values (1638, 1637, 1641, 1042, 21.990, 136.08, 8.50, 21.996, 136.08, 8.50, 0.006, 125.05, -3.07);
insert into SHOT values (1639, 1637, 1642, 1042, 14.250, 117.88, 14.50, 14.254, 117.86, 14.50, 0.006, 69.83, 19.27);
insert into SHOT values (1640, 1637, 1643, 1042, 5.520, 120.38, 36.50, 5.522, 120.43, 36.44, 0.007, 159.56, -29.37);
insert into SHOT values (1641, 1637, 1644, 1042, 2.490, 125.18, 83.10, 2.488, 124.22, 83.02, 0.006, 66.78, -18.16);
insert into SHOT values (1642, 1637, 1645, 1042, 6.890, 72.98, 26.50, 6.890, 73.03, 26.46, 0.007, 139.47, -35.94);
insert into SHOT values (1643, 1637, 1646, 1042, 12.890, 72.08, 7.80, 12.889, 72.08, 7.80, 0.002, 312.21, 18.09);
insert into SHOT values (1644, 1637, 1647, 1042, 19.980, 103.58, 5.60, 19.981, 103.58, 5.60, 0.002, 86.80, 10.78);
insert into SHOT values (1645, 1637, 1648, 1042, 32.540, 116.58, 2.60, 32.541, 116.59, 2.59, 0.007, 181.12, -61.00);
insert into SHOT values (1646, 1637, 1649, 1042, 40.320, 125.68, 2.20, 40.323, 125.68, 2.20, 0.005, 69.73, 26.88);
insert into SHOT values (1647, 1637, 1650, 1042, 55.960, 132.28, 2.30, 55.962, 132.28, 2.29, 0.006, 103.09, -64.97);
insert into SHOT values (1648, 1637, 1651, 1042, 11.670, 143.08, 4.00, 11.670, 143.10, 3.98, 0.005, 226.12, -48.95);
insert into SHOT values (1649, 1637, 1652, 1042, 10.900, 153.98, 1.80, 10.900, 153.98, 1.79, 0.003, 63.46, -59.36);
insert into SHOT values (1650, 1637, 1653, 1042, 8.720, 174.78, 6.70, 8.726, 174.77, 6.71, 0.007, 154.66, 23.67);
insert into SHOT values (1651, 1637, 1654, 1042, 10.710, 192.88, 11.60, 10.712, 192.88, 11.58, 0.005, 195.78, -50.08);
insert into SHOT values (1652, 1637, 1655, 1042, 12.580, 227.18, 7.30, 12.577, 227.18, 7.31, 0.003, 75.99, 26.03);
insert into SHOT values (1653, 1637, 1656, 1042, 23.660, 234.08, 4.10, 23.662, 234.07, 4.10, 0.007, 158.53, -13.40);
insert into SHOT values (1654, 1637, 1657, 1042, 16.890, 304.88, 5.40, 16.883, 304.87, 5.40, 0.008, 150.93, 3.85);
insert into SHOT values (1655, 1637, 1658, 1042, 18.570, 323.68, 5.30, 18.570, 323.69, 5.28, 0.006, 43.33, -74.33);
insert into SHOT values (1656, 1637, 1659, 1042, 18.580, 339.98, 7.50, 18.579, 340.00, 7.48, 0.008, 72.41, -42.36);
insert into SHOT values (1657, 1637, 1660, 1042, 15.640, 3.68, 6.40, 15.639, 3.69, 6.39, 0.004, 105.60, -64.89);
insert into SHOT values (1658, 1637, 1661, 1042, 3.270, 341.98, -17.30, 3.269, 342.09, -17.26, 0.006, 79.76, 22.87);
insert into SHOT values (1659, 1637, 1662, 1042, 12.590, 340.08, -15.60, 12.590, 340.09, -15.62, 0.004, 138.12, -73.73);
insert into SHOT values (1660, 1637, 1663, 1042, 27.390, 349.48, -14.10, 27.391, 349.48, -14.09, 0.003, 317.17, 52.97);
insert into SHOT values (1661, 1637, 1664, 1042, 11.350, 336.48, -14.40, 11.350, 336.47, -14.39, 0.004, 264.24, 37.20);
insert into SHOT values (1662, 1637, 1665, 1042, 34.390, 343.98, -7.50, 34.389, 343.98, -7.50, 0.003, 226.77, -20.25);
insert into SHOT values (1663, 1637, 1666, 1042, 6.190, 338.08, 23.60, 6.190, 338.05, 23.62, 0.004, 229.90, 26.90);
insert into SHOT values (1664, 1637, 1667, 1042, 32.780, 351.08, -10.10, 32.778, 351.09, -10.10, 0.003, 133.53, -27.00);
insert into SHOT values (1665, 1667, 1668, 1042, 6.850, 116.58, 3.00, 6.852, 116.57, 3.01, 0.003, 65.42, 28.17);
insert into SHOT values (1666, 1667, 1669, 1042, 2.850, 114.08, -20.30, 2.850, 114.07, -20.33, 0.001, 337.63, -56.68);
insert into SHOT values (1667, 1667, 1670, 1042, 5.900, 125.68, 57.20, 5.897, 125.68, 57.26, 0.007, 305.43, 5.08);
insert into SHOT values (1668, 1667, 1671, 1042, 5.890, 254.68, 76.20, 5.891, 254.78, 76.16, 0.005, 282.84, 0.22);
insert into SHOT values (1669, 1667, 1672, 1042, 5.020, 261.28, 41.60, 5.018, 261.27, 41.58, 0.003, 151.76, -66.89);
insert into SHOT values (1670, 1667, 1673, 1042, 6.380, 259.08, 1.80, 6.379, 259.06, 1.80, 0.003, 148.17, -8.27);
insert into SHOT values (1671, 1667, 1674, 1042, 11.600, 261.38, -17.40, 11.606, 261.38, -17.40, 0.006, 254.67, -10.70);
insert into SHOT values (1672, 1667, 1675, 1042, 11.810, 229.18, -6.70, 11.815, 229.18, -6.71, 0.005, 224.63, -25.11);
insert into SHOT values (1673, 1667, 1676, 1042, 14.230, 208.48, 0.80, 14.235, 208.49, 0.81, 0.006, 229.72, 13.06);
insert into SHOT values (1674, 1667, 1677, 1042, 15.190, 217.88, 18.00, 15.187, 217.89, 17.99, 0.005, 24.73, -59.46);
insert into SHOT values (1675, 1667, 1678, 1042, 6.260, 182.88, -10.60, 6.264, 182.89, -10.58, 0.005, 185.98, 18.31);
insert into SHOT values (1676, 1667, 1679, 1042, 12.820, 182.78, -2.20, 12.824, 182.77, -2.19, 0.005, 155.65, 23.06);
insert into SHOT values (1677, 1667, 1680, 1042, 20.370, 180.28, 5.80, 20.375, 180.28, 5.80, 0.005, 177.39, 18.12);
insert into SHOT values (1678, 1667, 1681, 1042, 17.160, 162.88, 13.30, 17.159, 162.90, 13.31, 0.006, 270.82, 24.92);
insert into SHOT values (1679, 1667, 1682, 1042, 11.210, 148.28, 10.10, 11.211, 148.30, 10.12, 0.005, 226.30, 56.40);
insert into SHOT values (1680, 1667, 1683, 1042, 9.930, 191.78, 48.80, 9.928, 191.83, 48.80, 0.005, 304.47, -15.84);
insert into SHOT values (1681, 1667, 1684, 1042, 6.480, 82.38, -17.90, 6.478, 82.36, -17.89, 0.004, 324.32, 26.84);
insert into SHOT values (1682, 1667, 1685, 1042, 8.800, 90.48, -10.30, 8.801, 90.46, -10.28, 0.005, 34.94, 43.07);
insert into SHOT values (1683, 1667, 1686, 1042, 8.600, 78.78, -4.20, 8.597, 78.77, -4.20, 0.003, 297.79, -2.50);
insert into SHOT values (1684, 1667, 1687, 1042, 8.600, 67.88, -11.60, 8.595, 67.88, -11.61, 0.005, 249.00, -8.66);
insert into SHOT values (1685, 1667, 1688, 1042, 11.130, 75.18, -11.20, 11.124, 75.19, -11.20, 0.006, 247.78, 18.72);
insert into SHOT values (1686, 1667, 1689, 1042, 13.420, 78.98, -11.50, 13.422, 79.00, -11.52, 0.006, 149.76, -52.13);
insert into SHOT values (1687, 1667, 1690, 1042, 11.540, 81.58, -7.60, 11.535, 81.60, -7.62, 0.008, 231.72, -28.53);
insert into SHOT values (1688, 1667, 1691, 1042, 14.960, 84.58, -17.00, 14.957, 84.58, -16.99, 0.005, 258.55, 57.38);
insert into SHOT values (1689, 1667, 1692, 1042, 12.000, 88.68, -13.30, 11.995, 88.67, -13.30, 0.005, 288.08, 6.39);
insert into SHOT values (1690, 1667, 1693, 1042, 19.040, 82.48, -12.80, 19.043, 82.48, -12.80, 0.003, 66.47, -30.19);
insert into SHOT values (1691, 1667, 1694, 1042, 11.150, 51.78, -6.60, 11.147, 51.78, -6.59, 0.003, 226.93, 26.82);
insert into SHOT values (1692, 1667, 1695, 1042, 9.730, 30.68, -3.00, 9.734, 30.68, -3.00, 0.004, 24.40, -10.87);
insert into SHOT values (1693, 1667, 1696, 1042, 7.390, 7.78, -4.00, 7.387, 7.80, -4.04, 0.006, 158.20, -45.66);
insert into SHOT values (1694, 1667, 1697, 1042, 5.550, 348.68, -13.00, 5.548, 348.69, -13.02, 0.003, 155.82, -27.97);
insert into SHOT values (1695, 1667, 1698, 1042, 13.870, 22.78, -15.60, 13.872, 22.77, -15.60, 0.005, 315.04, -1.02);
insert into SHOT values (1696, 1667, 1699, 1042, 5.860, 30.28, -23.50, 5.861, 30.29, -23.53, 0.003, 176.97, -78.89);
insert into SHOT values (1697, 1667, 1700, 1042, 26.840, 40.88, -8.50, 26.838, 40.88, -8.51, 0.005, 278.67, -32.31);
insert into SHOT values (1698, 1667, 1701, 1042, 20.270, 86.88, -11.00, 20.272, 86.89, -11.01, 0.003, 134.66, -41.54);
insert into SHOT values (1699, 1667, 1702, 1042, 23.990, 40.18, -7.60, 23.990, 40.17, -7.59, 0.005, 313.25, 32.68);
insert into SHOT values (1700, 1702, 1703, 1042, 3.990, 160.28, -11.90, 3.997, 160.27, -11.99, 0.009, 148.70, -53.11);
insert into SHOT values (1701, 1702, 1704, 1042, 9.980, 205.78, -3.80, 9.982, 205.77, -3.79, 0.004, 156.42, 21.37);
insert into SHOT values (1702, 1702, 1705, 1042, 12.540, 215.48, 4.10, 12.543, 215.47, 4.07, 0.008, 175.29, -52.65);
insert into SHOT values (1703, 1702, 1706, 1042, 22.230, 232.28, 2.90, 22.233, 232.26, 2.89, 0.010, 163.27, -29.13);
insert into SHOT values (1704, 1702, 1707, 1042, 21.630, 263.58, -1.90, 21.628, 263.57, -1.91, 0.006, 146.14, -30.68);
insert into SHOT values (1705, 1702, 1708, 1042, 15.410, 281.18, -2.70, 15.409, 281.16, -2.72, 0.007, 173.61, -36.82);
insert into SHOT values (1706, 1702, 1709, 1042, 15.500, 318.58, -2.10, 15.491, 318.59, -2.11, 0.009, 130.94, -12.60);
insert into SHOT values (1707, 1702, 1710, 1042, 14.530, 334.68, -3.60, 14.522, 334.67, -3.59, 0.009, 172.86, 15.16);
insert into SHOT values (1708, 1702, 1711, 1042, 13.320, 346.88, -1.90, 13.314, 346.88, -1.89, 0.006, 168.24, 16.59);
insert into SHOT values (1709, 1702, 1712, 1042, 9.860, 2.68, -0.60, 9.861, 2.67, -0.64, 0.007, 310.62, -72.91);
insert into SHOT values (1710, 1702, 1713, 1042, 5.600, 333.78, -8.50, 5.599, 333.85, -8.53, 0.007, 79.41, -18.34);
insert into SHOT values (1711, 1702, 1714, 1042, 9.600, 316.18, -4.40, 9.598, 316.14, -4.42, 0.008, 204.59, -25.91);
insert into SHOT values (1712, 1702, 1715, 1042, 4.290, 314.98, -11.00, 4.286, 314.90, -11.03, 0.007, 191.32, -11.50);
insert into SHOT values (1713, 1702, 1716, 1042, 9.680, 281.98, -4.20, 9.676, 281.96, -4.21, 0.006, 140.70, -10.44);
insert into SHOT values (1714, 1702, 1717, 1042, 9.220, 263.78, -3.40, 9.221, 263.76, -3.42, 0.005, 186.03, -43.63);
insert into SHOT values (1715, 1702, 1718, 1042, 11.550, 246.58, -1.60, 11.547, 246.57, -1.64, 0.009, 109.67, -56.96);
insert into SHOT values (1716, 1702, 1719, 1042, 6.240, 243.18, -7.70, 6.242, 243.19, -7.73, 0.004, 257.63, -71.30);
insert into SHOT values (1717, 1702, 1720, 1042, 5.470, 214.08, -9.70, 5.472, 214.04, -9.68, 0.005, 160.52, 19.39);
insert into SHOT values (1718, 1702, 1721, 1042, 1.090, 301.78, -49.10, 1.089, 301.66, -49.66, 0.011, 131.55, -34.55);
insert into SHOT values (1719, 1702, 1722, 1042, 1.800, 2.68, -25.10, 1.795, 2.83, -25.40, 0.011, 155.87, -35.51);
insert into SHOT values (1720, 1702, 1723, 1042, 3.830, 237.98, 25.30, 3.825, 237.87, 25.23, 0.010, 125.40, -42.90);
insert into SHOT values (1721, 1702, 1724, 1042, 9.910, 243.68, 8.50, 9.907, 243.64, 8.47, 0.009, 132.21, -33.66);
insert into SHOT values (1722, 1702, 1725, 1042, 5.560, 281.48, 12.10, 5.561, 281.45, 12.04, 0.006, 225.51, -59.00);
insert into SHOT values (1723, 1702, 1726, 1042, 4.520, 357.78, 15.80, 4.514, 357.76, 15.81, 0.006, 196.57, -6.47);
insert into SHOT values (1724, 1702, 1727, 1042, 0.870, 65.08, 79.80, 0.864, 66.80, 79.84, 0.008, 176.78, -51.82);
insert into SHOT values (1725, 1702, 1728, 1042, 0.880, 51.88, -77.80, 0.880, 53.75, -77.80, 0.006, 142.39, 1.19);
insert into SHOT values (1726, 1702, 1729, 1042, 7.270, 42.58, -7.10, 7.268, 42.58, -7.11, 0.003, 221.56, -30.32);
insert into SHOT values (1727, 1702, 1730, 1042, 9.430, 62.98, -7.00, 9.431, 63.00, -7.00, 0.002, 134.54, -18.18);
insert into SHOT values (1728, 1702, 1731, 1042, 11.040, 82.28, -5.00, 11.040, 82.32, -4.99, 0.007, 166.62, 17.58);
insert into SHOT values (1729, 1702, 1732, 1042, 12.720, 94.48, -5.50, 12.717, 94.49, -5.50, 0.003, 264.24, -17.25);
insert into SHOT values (1730, 1702, 1733, 1042, 5.710, 112.48, -9.90, 5.712, 112.46, -9.88, 0.003, 67.43, 31.60);
insert into SHOT values (1731, 1702, 1734, 1042, 3.750, 88.08, -16.20, 3.752, 88.09, -16.25, 0.004, 115.91, -74.98);
insert into SHOT values (1732, 1702, 1735, 1042, 4.120, 137.08, -14.40, 4.128, 137.13, -14.45, 0.010, 160.35, -34.01);
insert into SHOT values (1733, 1702, 1736, 1042, 5.380, 105.58, -5.60, 5.383, 105.59, -5.65, 0.006, 122.96, -59.26);
insert into SHOT values (1734, 1702, 1737, 1042, 9.010, 105.48, -5.50, 9.009, 105.52, -5.54, 0.009, 207.69, -44.54);
insert into SHOT values (1735, 1737, 1738, 1042, 0.960, 153.98, 74.70, 0.966, 152.45, 74.41, 0.010, 104.82, 23.65);
insert into SHOT values (1736, 1737, 1739, 1042, 0.340, 210.58, -56.20, 0.335, 209.36, -56.75, 0.007, 65.59, 20.32);
insert into SHOT values (1737, 1737, 1740, 1042, 1.570, 102.18, -10.80, 1.571, 101.97, -10.64, 0.007, 24.96, 34.80);
insert into SHOT values (1738, 1737, 1741, 1042, 4.070, 96.78, -4.10, 4.079, 96.78, -4.08, 0.009, 93.26, 6.41);
insert into SHOT values (1739, 1737, 1742, 1042, 6.430, 40.38, -2.10, 6.438, 40.40, -2.05, 0.010, 51.68, 32.90);
insert into SHOT values (1740, 1737, 1743, 1042, 8.190, 9.48, -1.00, 8.193, 9.49, -0.98, 0.004, 14.54, 41.98);
insert into SHOT values (1741, 1737, 1744, 1042, 8.870, 349.68, -2.70, 8.871, 349.73, -2.65, 0.011, 65.42, 46.53);
insert into SHOT values (1742, 1737, 1745, 1042, 1.840, 8.48, 18.00, 1.840, 8.55, 18.05, 0.002, 113.37, 35.01);
insert into SHOT values (1743, 1737, 1746, 1042, 1.190, 9.58, -17.80, 1.192, 9.63, -17.58, 0.005, 26.26, 50.65);
insert into SHOT values (1744, 1737, 1747, 1042, 1.800, 183.88, 41.20, 1.802, 183.81, 41.33, 0.005, 54.31, 64.05);
insert into SHOT values (1745, 1737, 1748, 1042, 5.950, 197.38, 11.40, 5.944, 197.38, 11.45, 0.008, 22.42, 30.33);
insert into SHOT values (1746, 1737, 1749, 1042, 9.470, 224.88, 1.80, 9.459, 224.87, 1.82, 0.012, 54.73, 12.50);
insert into SHOT values (1747, 1737, 1750, 1042, 9.770, 246.78, -0.60, 9.762, 246.77, -0.59, 0.009, 81.69, 15.33);
insert into SHOT values (1748, 1737, 1751, 1042, 13.730, 186.58, 0.20, 13.730, 186.57, 0.21, 0.005, 98.53, 26.55);
insert into SHOT values (1749, 1737, 1752, 1042, 13.120, 163.68, 0.20, 13.120, 163.66, 0.22, 0.006, 69.53, 44.50);
insert into SHOT values (1750, 1737, 1753, 1042, 6.380, 143.08, 1.50, 6.386, 143.02, 1.53, 0.010, 95.47, 18.03);
insert into SHOT values (1751, 1737, 1754, 1042, 4.790, 123.08, -0.20, 4.793, 122.99, -0.12, 0.010, 54.83, 39.82);
insert into SHOT values (1752, 1737, 1755, 1042, 3.820, 152.98, -6.10, 3.818, 152.90, -6.01, 0.008, 49.86, 44.64);
insert into SHOT values (1753, 1737, 1756, 1042, 3.480, 186.18, -6.60, 3.473, 186.16, -6.61, 0.007, 18.96, -0.15);
insert into SHOT values (1754, 1737, 1757, 1042, 9.210, 194.18, 5.80, 9.205, 194.16, 5.80, 0.006, 55.39, -6.67);
insert into SHOT values (1755, 1737, 1758, 1042, 4.910, 192.08, 12.50, 4.913, 192.04, 12.58, 0.008, 126.81, 59.28);
insert into SHOT values (1756, 1737, 1759, 1042, 16.860, 204.08, 0.90, 16.856, 204.06, 0.92, 0.010, 86.92, 29.54);
insert into SHOT values (1757, 1637, 1760, 1042, 25.150, 121.08, 2.60, 25.181, 121.39, 2.78, 0.158, 199.94, 30.00);
insert into SHOT values (1758, 1760, 1761, 1042, 13.090, 228.98, 0.40, 13.092, 229.00, 0.39, 0.004, 277.62, -20.90);
insert into SHOT values (1759, 1760, 1762, 1042, 14.200, 265.88, 1.50, 14.202, 265.88, 1.49, 0.002, 237.24, -44.01);
insert into SHOT values (1760, 1760, 1763, 1042, 14.530, 283.78, -2.40, 14.531, 283.79, -2.41, 0.002, 327.91, -46.20);
insert into SHOT values (1761, 1760, 1764, 1042, 8.060, 295.78, 17.90, 8.066, 295.80, 17.91, 0.006, 316.04, 26.81);
insert into SHOT values (1762, 1760, 1765, 1042, 4.280, 253.18, 37.40, 4.276, 253.22, 37.45, 0.006, 51.85, 4.14);
insert into SHOT values (1763, 1760, 1766, 1042, 6.400, 175.28, 28.60, 6.398, 175.30, 28.57, 0.004, 271.73, -60.50);
insert into SHOT values (1764, 1760, 1767, 1042, 14.150, 162.98, 13.40, 14.149, 162.97, 13.40, 0.003, 38.87, 15.52);
insert into SHOT values (1765, 1760, 1768, 1042, 25.670, 171.18, -1.40, 25.670, 171.19, -1.41, 0.004, 255.10, -39.08);
insert into SHOT values (1766, 1760, 1769, 1042, 18.080, 196.38, -3.40, 18.075, 196.39, -3.39, 0.006, 7.49, 22.71);
insert into SHOT values (1767, 1760, 1770, 1042, 14.320, 210.28, -0.00, 14.314, 210.29, 0.00, 0.006, 11.75, 0.00);
insert into SHOT values (1768, 1760, 1771, 1042, 3.030, 188.68, -8.40, 3.026, 188.64, -8.36, 0.005, 38.99, 33.10);
insert into SHOT values (1769, 1760, 1772, 1042, 3.240, 130.78, -6.80, 3.242, 130.72, -6.73, 0.006, 69.58, 40.54);
insert into SHOT values (1770, 1760, 1773, 1042, 4.170, 71.78, 2.80, 4.173, 71.83, 2.75, 0.006, 118.64, -41.11);
insert into SHOT values (1771, 1760, 1774, 1042, 8.450, 108.08, 2.80, 8.447, 108.09, 2.78, 0.004, 265.18, -42.42);
insert into SHOT values (1772, 1760, 1775, 1042, 14.510, 131.78, 1.40, 14.509, 131.76, 1.38, 0.008, 33.62, -35.08);
insert into SHOT values (1773, 1760, 1776, 1042, 28.860, 140.88, 0.70, 28.862, 140.88, 0.69, 0.004, 94.46, -36.10);
insert into SHOT values (1774, 1760, 1777, 1042, 12.850, 335.08, 4.40, 12.851, 335.07, 4.37, 0.006, 280.28, -68.62);
insert into SHOT values (1775, 1760, 1778, 1042, 6.860, 2.38, 4.40, 6.867, 2.43, 4.43, 0.009, 42.24, 24.10);
insert into SHOT values (1776, 1760, 1779, 1042, 4.500, 324.28, 26.90, 4.502, 324.33, 26.95, 0.005, 58.01, 51.26);
insert into SHOT values (1777, 1760, 1780, 1042, 23.710, 158.58, -2.00, 23.736, 158.28, -1.76, 0.162, 81.37, 37.06);
insert into SHOT values (1778, 1780, 1781, 1042, 7.430, 69.58, 2.30, 7.432, 69.59, 2.31, 0.003, 85.90, 37.59);
insert into SHOT values (1779, 1780, 1782, 1042, 6.270, 62.78, 44.50, 6.270, 62.75, 44.44, 0.007, 33.23, -40.14);
insert into SHOT values (1780, 1780, 1783, 1042, 4.760, 154.38, 83.10, 4.755, 154.32, 83.03, 0.008, 147.64, -46.96);
insert into SHOT values (1781, 1780, 1784, 1042, 5.180, 337.68, -7.60, 5.181, 337.68, -7.65, 0.005, 285.26, -86.38);
insert into SHOT values (1782, 1780, 1785, 1042, 21.160, 355.28, 3.80, 21.158, 355.27, 3.79, 0.005, 242.89, -28.50);
insert into SHOT values (1783, 1780, 1786, 1042, 11.810, 13.88, 5.90, 11.806, 13.89, 5.88, 0.006, 163.53, -41.89);
insert into SHOT values (1784, 1780, 1787, 1042, 10.780, 332.78, 20.80, 10.780, 332.77, 20.81, 0.003, 211.27, 44.72);
insert into SHOT values (1785, 1780, 1788, 1042, 13.570, 288.48, -0.70, 13.570, 288.48, -0.72, 0.005, 208.56, -64.65);
insert into SHOT values (1786, 1780, 1789, 1042, 22.330, 305.28, 2.10, 22.334, 305.28, 2.10, 0.005, 275.69, 22.81);
insert into SHOT values (1787, 1780, 1790, 1042, 5.250, 217.08, -3.30, 5.249, 217.09, -3.28, 0.003, 16.08, 58.67);
insert into SHOT values (1788, 1780, 1791, 1042, 6.420, 186.78, 3.80, 6.419, 186.81, 3.75, 0.007, 287.21, -57.21);
insert into SHOT values (1789, 1780, 1792, 1042, 19.960, 162.88, 8.10, 19.962, 162.90, 8.09, 0.008, 233.79, -17.82);
insert into SHOT values (1790, 1780, 1793, 1042, 21.230, 142.48, 13.10, 21.227, 142.49, 13.10, 0.003, 290.25, -34.70);
insert into SHOT values (1791, 1780, 1794, 1042, 18.830, 121.68, 14.10, 18.829, 121.68, 14.11, 0.003, 335.88, 51.26);
insert into SHOT values (1792, 1780, 1795, 1042, 9.410, 137.48, 29.50, 9.407, 137.52, 29.48, 0.007, 236.10, -32.25);
insert into SHOT values (1793, 1780, 1796, 1042, 10.640, 135.38, 8.30, 10.633, 135.39, 8.27, 0.009, 312.60, -42.14);
insert into SHOT values (1794, 1780, 1797, 1042, 2.320, 143.18, -1.30, 2.323, 143.23, -1.23, 0.004, 178.53, 39.58);
insert into SHOT values (1795, 1780, 1798, 1042, 0.510, 258.98, -52.10, 0.510, 259.05, -51.71, 0.003, 266.95, 44.32);
insert into SHOT values (1796, 1780, 1799, 1042, 3.240, 260.88, -13.40, 3.238, 260.87, -13.39, 0.002, 107.17, 22.62);
insert into SHOT values (1797, 1780, 1800, 1042, 12.020, 259.18, -7.00, 12.022, 259.18, -7.02, 0.005, 236.16, -69.81);
insert into SHOT values (1798, 1780, 1801, 1042, 11.800, 272.68, -0.60, 11.803, 272.67, -0.58, 0.006, 236.28, 39.62);
insert into SHOT values (1799, 1780, 1802, 1042, 6.860, 258.08, 8.50, 6.861, 258.09, 8.47, 0.004, 301.40, -65.18);
insert into SHOT values (1800, 1780, 1803, 1042, 5.570, 235.58, 0.50, 5.575, 235.60, 0.51, 0.006, 249.82, 14.09);
insert into SHOT values (1801, 1780, 1804, 1042, 10.390, 241.58, -1.50, 10.393, 241.61, -1.49, 0.006, 298.29, 19.13);
insert into SHOT values (1802, 1780, 1805, 1042, 21.310, 256.38, -0.70, 21.329, 255.97, -0.89, 0.170, 172.76, -24.24);
insert into SHOT values (1803, 1805, 1806, 1042, 4.070, 182.18, 23.30, 4.065, 182.15, 23.33, 0.006, 24.18, 1.26);
insert into SHOT values (1804, 1805, 1807, 1042, 9.170, 111.08, 6.90, 9.173, 111.04, 6.89, 0.008, 50.58, -12.38);
insert into SHOT values (1805, 1805, 1808, 1042, 10.320, 89.78, 1.50, 10.324, 89.78, 1.50, 0.004, 74.76, -2.24);
insert into SHOT values (1806, 1805, 1809, 1042, 9.680, 53.08, 0.20, 9.684, 53.06, 0.24, 0.008, 7.91, 47.12);
insert into SHOT values (1807, 1805, 1810, 1042, 9.100, 18.78, 0.80, 9.105, 18.77, 0.82, 0.006, 1.86, 28.25);
insert into SHOT values (1808, 1805, 1811, 1042, 7.180, 342.58, 11.10, 7.187, 342.59, 11.07, 0.008, 351.51, -17.27);
insert into SHOT values (1809, 1805, 1812, 1042, 7.110, 320.88, 4.20, 7.106, 320.90, 4.20, 0.004, 113.17, -10.29);
insert into SHOT values (1810, 1805, 1813, 1042, 15.220, 303.48, 4.20, 15.223, 303.50, 4.22, 0.008, 0.98, 42.66);
insert into SHOT values (1811, 1805, 1814, 1042, 3.970, 351.58, 60.70, 3.967, 351.70, 60.72, 0.005, 113.72, -23.86);
insert into SHOT values (1812, 1805, 1815, 1042, 6.160, 19.78, 83.50, 6.160, 19.98, 83.45, 0.006, 46.13, -4.17);
insert into SHOT values (1813, 1805, 1816, 1042, 7.110, 214.28, 6.20, 7.109, 214.27, 6.22, 0.003, 76.63, 53.43);
insert into SHOT values (1814, 1805, 1817, 1042, 2.710, 242.48, 43.10, 2.704, 242.53, 43.17, 0.007, 49.44, -14.54);
insert into SHOT values (1815, 1805, 1818, 1042, 8.490, 270.28, 22.20, 8.490, 270.29, 22.21, 0.002, 25.71, 59.48);
insert into SHOT values (1816, 1805, 1819, 1042, 12.850, 285.78, 34.50, 12.850, 285.78, 34.51, 0.002, 122.92, 62.03);
insert into SHOT values (1817, 1805, 1820, 1042, 8.920, 305.18, 24.00, 8.923, 305.21, 24.00, 0.005, 1.70, 22.12);
insert into SHOT values (1818, 1805, 1821, 1042, 6.890, 272.68, -2.90, 6.886, 272.67, -2.91, 0.004, 120.57, -18.54);
insert into SHOT values (1819, 1805, 1822, 1042, 7.210, 305.88, -1.60, 7.214, 305.92, -1.59, 0.006, 353.43, 13.12);
insert into SHOT values (1820, 1805, 1823, 1042, 15.640, 303.38, 3.90, 15.643, 303.39, 3.92, 0.008, 350.38, 55.59);
insert into SHOT values (1821, 1805, 1824, 1042, 15.690, 311.88, 4.50, 15.691, 311.92, 4.50, 0.009, 35.56, -6.42);
insert into SHOT values (1822, 1805, 1825, 1042, 23.190, 262.98, 2.60, 23.187, 262.98, 2.60, 0.003, 91.32, -36.82);
insert into SHOT values (1823, 1805, 1826, 1042, 24.250, 249.78, 4.40, 24.249, 249.80, 4.40, 0.006, 349.00, -4.53);
insert into SHOT values (1824, 1805, 1827, 1042, 31.310, 276.48, -0.50, 31.312, 276.49, -0.49, 0.006, 343.55, 32.79);
insert into SHOT values (1825, 1805, 1574, 1042, 23.760, 276.48, -0.50, 23.768, 275.92, -0.70, 0.249, 188.03, -19.38);
insert into SHOT values (1826, 1574, 1636, 1042, 18.510, 76.98, 2.70, 18.511, 77.32, 2.66, 0.108, 166.21, -6.33);
insert into SHOT values (1827, 1574, 1828, 1042, 14.680, 134.28, 9.80, 14.658, 134.66, 9.58, 0.113, 231.76, -31.23);
insert into SHOT values (1828, 1828, 1829, 1042, 1.730, 139.78, -70.90, 1.726, 139.29, -70.81, 0.007, 63.19, 43.43);
insert into SHOT values (1829, 1828, 1830, 1042, 4.380, 74.18, -8.70, 4.384, 74.20, -8.66, 0.005, 91.05, 30.27);
insert into SHOT values (1830, 1828, 1831, 1042, 7.420, 273.48, -11.70, 7.417, 273.47, -11.67, 0.005, 121.13, 58.98);
insert into SHOT values (1831, 1828, 1832, 1042, 22.160, 109.28, -1.00, 22.134, 109.48, -1.42, 0.183, 220.37, -63.13);
insert into SHOT values (1832, 1780, 1833, 1042, 27.550, 175.08, 5.40, 27.553, 175.09, 5.39, 0.004, 193.29, -39.30);
insert into SHOT values (1833, 1780, 1834, 1042, 17.970, 141.48, 9.10, 17.993, 141.01, 9.34, 0.166, 55.29, 28.05);
insert into SHOT values (1834, 1834, 1835, 1042, 3.640, 168.08, 61.30, 3.637, 168.11, 61.29, 0.003, 289.87, -70.32);
insert into SHOT values (1835, 1834, 1836, 1042, 8.910, 59.68, 10.20, 8.910, 59.66, 10.15, 0.009, 0.26, -65.91);
insert into SHOT values (1836, 1834, 1837, 1042, 6.370, 216.68, -0.90, 6.369, 216.64, -0.90, 0.005, 114.22, 0.59);
insert into SHOT values (1837, 1834, 1838, 1042, 11.350, 167.28, 20.40, 11.350, 167.30, 20.37, 0.007, 212.46, -62.21);
insert into SHOT values (1838, 1834, 1839, 1042, 13.370, 133.28, 8.30, 13.369, 133.28, 8.30, 0.001, 297.44, -2.06);
insert into SHOT values (1839, 1834, 1840, 1042, 10.510, 18.08, -0.60, 10.509, 18.07, -0.60, 0.002, 261.33, 1.56);
insert into SHOT values (1840, 1834, 1841, 1042, 1.540, 6.18, -19.40, 1.539, 6.34, -19.74, 0.010, 139.24, -57.35);
insert into SHOT values (1841, 1834, 1842, 1042, 7.090, 252.68, -8.40, 7.086, 252.65, -8.44, 0.008, 110.71, -33.54);
insert into SHOT values (1842, 1834, 1843, 1042, 10.680, 115.88, 8.70, 10.708, 115.77, 8.81, 0.041, 74.92, 36.58);
insert into SCRAPS values (1044, 1038, 'SP-Xav6-1', 1, 43.75542, 0.23193);
 insert into SCRAPS values (1147, 1038, 'SP-Xav6-2', 1, 0.35045, 0.06032);
 insert into MAPS values (1176, 1038, 'MP-GeophysicayaXR6', 'GeophysicayaXR6', 1, 492.470, -17.530);
 insert into MAPITEMS values (1176, 4, 1044);
 insert into MAPITEMS values (1176, 4, 1147);
 insert into SURVEY values (1179, 51, 'Alex3', 'Alex3.Geophysicheskaya', 'Alex3');
 insert into CENTRELINE values (1180, 1179, NULL, NULL, NULL, 0.00, 0.00, 0.00);
 insert into SURVEY values (1181, 1179, 'Geophyscaya_03', 'Geophyscaya_03.Alex3.Geophysicheskaya', 'Geophyscaya 03');
 insert into CENTRELINE values (1182, 1181, NULL, NULL, NULL, 0.00, 0.00, 0.00);
 insert into CENTRELINE values (1183, 1181, NULL, '2024-04-15', NULL, 534.54, 0.00, 0.00);
 insert into PERSON values (10, 'Lionnel', 'Barriquand');
insert into TOPO values (10, 1183);
 insert into PERSON values (11, 'Jo', 'De-Waele');
insert into TOPO values (11, 1183);
 insert into TOPO values (3, 1183);
 insert into SHOT values (1843, 1844, 1845, 1183, 10.150, 96.58, 11.40, 10.156, 96.58, 11.41, 0.007, 83.16, 32.66);
insert into SHOT values (1844, 1844, 1846, 1183, 14.980, 58.88, 10.80, 14.981, 58.90, 10.81, 0.006, 149.40, 31.21);
insert into SHOT values (1845, 1844, 1847, 1183, 9.800, 204.88, 7.40, 9.801, 204.82, 7.45, 0.013, 112.47, 38.08);
insert into SHOT values (1846, 1844, 1848, 1183, 16.410, 244.78, 3.50, 16.404, 244.77, 3.53, 0.012, 101.05, 43.50);
insert into SHOT values (1847, 1844, 1849, 1183, 5.910, 301.38, 4.30, 5.910, 301.40, 4.37, 0.007, 50.58, 77.43);
insert into SHOT values (1848, 1844, 1850, 1183, 0.660, 192.58, -81.10, 0.658, 191.31, -81.08, 0.003, 98.70, 42.12);
insert into SHOT values (1849, 1844, 1851, 1183, 5.490, 229.68, 85.60, 5.496, 228.81, 85.56, 0.010, 171.29, 39.22);
insert into SHOT values (1850, 1844, 1852, 1183, 25.430, 174.68, 4.80, 25.430, 174.84, 4.47, 0.164, 255.03, -64.51);
insert into SHOT values (1851, 1852, 1853, 1183, 3.810, 219.58, 6.70, 3.818, 219.65, 6.62, 0.011, 247.39, -25.21);
insert into SHOT values (1852, 1852, 1854, 1183, 13.090, 144.98, 9.30, 13.088, 144.99, 9.28, 0.006, 260.74, -64.63);
insert into SHOT values (1853, 1852, 1855, 1183, 24.380, 36.28, 7.50, 24.374, 36.28, 7.50, 0.007, 221.55, -19.83);
insert into SHOT values (1854, 1852, 1856, 1183, 19.640, 37.08, 6.10, 19.637, 37.07, 6.08, 0.009, 277.40, -52.40);
insert into SHOT values (1855, 1852, 1857, 1183, 19.860, 50.18, 7.40, 19.853, 50.17, 7.38, 0.011, 261.26, -46.71);
insert into SHOT values (1856, 1852, 1858, 1183, 4.300, 55.98, -24.50, 4.296, 56.07, -24.63, 0.012, 199.87, -35.54);
insert into SHOT values (1857, 1852, 1859, 1183, 3.880, 86.18, 76.90, 3.869, 86.71, 76.98, 0.014, 221.13, -38.53);
insert into SHOT values (1858, 1852, 1860, 1183, 19.420, 109.18, -4.40, 19.417, 109.25, -4.70, 0.103, 225.02, -76.04);
insert into SHOT values (1859, 1860, 1861, 1183, 0.610, 356.18, 17.00, 0.618, 356.12, 16.93, 0.008, 351.63, 11.63);
insert into SHOT values (1860, 1860, 1862, 1183, 14.030, 45.78, 10.60, 14.029, 45.76, 10.60, 0.005, 306.31, -10.07);
insert into SHOT values (1861, 1860, 1863, 1183, 9.840, 159.18, 6.00, 9.834, 159.16, 6.01, 0.008, 16.90, 10.72);
insert into SHOT values (1862, 1860, 1864, 1183, 4.650, 220.98, 45.20, 4.649, 221.04, 45.22, 0.004, 342.20, 7.75);
insert into SHOT values (1863, 1860, 1865, 1183, 8.460, 254.08, 17.20, 8.456, 254.12, 17.20, 0.007, 16.01, -14.42);
insert into SHOT values (1864, 1860, 1866, 1183, 2.830, 91.18, -56.70, 2.832, 91.11, -56.81, 0.006, 301.48, -49.46);
insert into SHOT values (1865, 1860, 1867, 1183, 4.460, 175.88, 84.20, 4.463, 176.19, 84.20, 0.004, 259.14, 49.73);
insert into SHOT values (1866, 1860, 1868, 1183, 24.870, 90.68, 2.90, 24.866, 90.67, 2.56, 0.148, 30.35, -87.24);
insert into SHOT values (1867, 1868, 1869, 1183, 1.960, 11.58, 9.80, 1.956, 11.37, 9.71, 0.009, 255.19, -24.09);
insert into SHOT values (1868, 1868, 1870, 1183, 12.980, 178.08, 9.90, 12.980, 178.12, 9.89, 0.008, 266.76, -12.02);
insert into SHOT values (1869, 1868, 1871, 1183, 16.420, 157.28, 6.10, 16.417, 157.30, 6.08, 0.007, 275.15, -43.43);
insert into SHOT values (1870, 1868, 1872, 1183, 20.160, 215.88, 4.70, 20.163, 215.89, 4.69, 0.004, 252.50, -28.89);
insert into SHOT values (1871, 1868, 1873, 1183, 19.720, 240.18, 1.20, 19.722, 240.20, 1.19, 0.006, 306.61, -29.19);
insert into SHOT values (1872, 1868, 1874, 1183, 4.380, 299.48, -1.50, 4.385, 299.37, -1.57, 0.011, 239.78, -28.47);
insert into SHOT values (1873, 1868, 1875, 1183, 4.990, 170.98, -15.00, 4.988, 171.05, -14.99, 0.006, 274.31, 15.54);
insert into SHOT values (1874, 1868, 1876, 1183, 2.270, 153.38, 84.10, 2.272, 154.54, 84.12, 0.005, 252.99, 23.09);
insert into SHOT values (1875, 1868, 1877, 1183, 16.230, 149.78, 1.30, 16.223, 149.88, 1.06, 0.074, 251.27, -68.06);
insert into SHOT values (1876, 1877, 1878, 1183, 10.020, 79.58, 8.20, 10.016, 79.60, 8.21, 0.005, 232.35, 9.40);
insert into SHOT values (1877, 1877, 1879, 1183, 0.530, 40.88, 7.90, 0.522, 41.08, 7.70, 0.008, 207.57, -20.08);
insert into SHOT values (1878, 1877, 1880, 1183, 2.720, 212.38, 10.10, 2.731, 212.39, 10.12, 0.011, 214.00, 16.15);
insert into SHOT values (1879, 1877, 1881, 1183, 5.830, 278.38, 13.00, 5.829, 278.30, 12.99, 0.008, 180.83, -10.14);
insert into SHOT values (1880, 1877, 1882, 1183, 4.060, 79.48, -18.10, 4.055, 79.54, -18.10, 0.006, 224.28, 12.42);
insert into SHOT values (1881, 1877, 1883, 1183, 4.670, 92.28, 57.50, 4.667, 92.29, 57.58, 0.007, 269.71, 10.72);
insert into SHOT values (1882, 1877, 1884, 1183, 29.590, 167.98, 1.80, 29.594, 168.20, 1.39, 0.238, 253.09, -61.78);
insert into SHOT values (1883, 1884, 1885, 1183, 10.560, 49.78, 0.20, 10.566, 49.80, 0.16, 0.009, 75.48, -46.25);
insert into SHOT values (1884, 1884, 1886, 1183, 13.490, 80.98, -1.20, 13.491, 80.96, -1.23, 0.010, 356.57, -50.04);
insert into SHOT values (1885, 1884, 1887, 1183, 9.620, 61.58, -2.10, 9.627, 61.57, -2.14, 0.010, 43.33, -46.93);
insert into SHOT values (1886, 1884, 1888, 1183, 8.580, 305.98, 1.80, 8.581, 305.99, 1.80, 0.002, 336.19, 18.92);
insert into SHOT values (1887, 1884, 1889, 1183, 12.890, 320.08, -0.20, 12.892, 320.10, -0.22, 0.006, 16.89, -52.14);
insert into SHOT values (1888, 1884, 1890, 1183, 8.230, 89.88, -16.40, 8.236, 89.85, -16.43, 0.009, 51.21, -45.42);
insert into SHOT values (1889, 1884, 1891, 1183, 3.600, 212.88, 79.70, 3.598, 212.95, 79.70, 0.002, 316.71, -68.98);
insert into SHOT values (1890, 1884, 1892, 1183, 9.090, 238.58, 14.00, 9.089, 238.32, 13.55, 0.081, 170.70, -58.06);
insert into SHOT values (1891, 1892, 1893, 1183, 7.810, 344.88, -8.40, 7.810, 344.92, -8.39, 0.005, 76.91, 10.24);
insert into SHOT values (1892, 1892, 1894, 1183, 10.710, 306.28, -5.70, 10.711, 306.30, -5.68, 0.005, 10.99, 46.97);
insert into SHOT values (1893, 1892, 1895, 1183, 17.980, 152.48, 0.70, 17.977, 152.47, 0.70, 0.006, 37.51, 3.18);
insert into SHOT values (1894, 1892, 1896, 1183, 10.710, 202.48, -0.80, 10.703, 202.47, -0.80, 0.007, 46.45, -3.68);
insert into SHOT values (1895, 1892, 1897, 1183, 4.420, 45.58, -38.90, 4.420, 45.59, -38.81, 0.007, 49.93, 54.66);
insert into SHOT values (1896, 1892, 1898, 1183, 0.880, 86.18, 85.30, 0.884, 82.87, 84.77, 0.010, 57.15, 17.15);
insert into SHOT values (1897, 1892, 1899, 1183, 9.370, 268.98, -10.30, 9.363, 268.75, -10.65, 0.068, 154.26, -53.50);
insert into SHOT values (1898, 1899, 1900, 1183, 8.780, 8.18, -5.20, 8.775, 8.16, -5.23, 0.008, 223.54, -32.48);
insert into SHOT values (1899, 1899, 1901, 1183, 11.630, 325.08, -19.80, 11.632, 325.05, -19.80, 0.007, 248.55, -3.80);
insert into SHOT values (1900, 1899, 1902, 1183, 2.670, 215.48, -53.50, 2.679, 215.58, -53.37, 0.011, 230.18, -19.30);
insert into SHOT values (1901, 1899, 1903, 1183, 0.660, 31.18, 86.50, 0.651, 33.69, 86.83, 0.010, 190.92, -62.56);
insert into SHOT values (1902, 1899, 1904, 1183, 12.720, 287.48, -17.20, 12.727, 287.18, -17.75, 0.138, 172.07, -59.02);
insert into SHOT values (1903, 1904, 1905, 1183, 4.900, 3.78, 5.40, 4.892, 3.77, 5.40, 0.008, 193.82, -8.20);
insert into SHOT values (1904, 1904, 1906, 1183, 17.010, 219.88, -6.20, 17.011, 219.87, -6.21, 0.006, 136.87, -30.22);
insert into SHOT values (1905, 1904, 1907, 1183, 17.430, 144.98, 11.40, 17.434, 145.01, 11.41, 0.009, 212.54, 31.17);
insert into SHOT values (1906, 1904, 1908, 1183, 4.800, 255.28, -40.70, 4.801, 255.20, -40.69, 0.006, 183.51, 0.75);
insert into SHOT values (1907, 1904, 1909, 1183, 3.940, 295.18, 81.10, 3.937, 295.30, 81.11, 0.003, 68.95, -55.86);
insert into SHOT values (1908, 1904, 1910, 1183, 18.910, 305.28, -17.90, 18.908, 305.27, -17.90, 0.005, 191.81, 27.09);
insert into SHOT values (1909, 1910, 1911, 1183, 12.950, 0.08, -15.10, 12.946, 0.09, -15.09, 0.005, 147.23, 46.12);
insert into SHOT values (1910, 1910, 1912, 1183, 13.260, 85.68, 3.00, 13.266, 85.67, 2.98, 0.008, 60.26, -31.03);
insert into SHOT values (1911, 1910, 1913, 1183, 9.570, 56.58, -15.80, 9.574, 56.60, -15.82, 0.006, 108.82, -46.45);
insert into SHOT values (1912, 1910, 1914, 1183, 8.860, 23.08, -20.60, 8.861, 23.07, -20.62, 0.003, 287.89, -57.78);
insert into SHOT values (1913, 1910, 1915, 1183, 10.710, 345.88, -15.50, 10.711, 345.87, -15.49, 0.004, 292.69, 34.55);
insert into SHOT values (1914, 1910, 1916, 1183, 0.960, 287.78, 3.10, 0.956, 287.68, 3.00, 0.004, 134.78, -25.96);
insert into SHOT values (1915, 1910, 1917, 1183, 3.040, 350.48, -76.20, 3.039, 350.54, -76.10, 0.005, 358.72, 24.92);
insert into SHOT values (1916, 1910, 1918, 1183, 1.560, 144.18, 87.80, 1.561, 141.34, 87.65, 0.005, 106.20, 12.56);
insert into SHOT values (1917, 1904, 1919, 1183, 19.930, 271.98, -10.20, 19.927, 271.99, -10.20, 0.004, 70.07, -11.40);
insert into SHOT values (1918, 1919, 1920, 1183, 7.460, 235.38, -8.10, 7.464, 235.36, -8.09, 0.005, 203.42, 13.28);
insert into SHOT values (1919, 1919, 1921, 1183, 13.700, 274.08, -21.80, 13.702, 274.06, -21.81, 0.007, 199.46, -20.34);
insert into SHOT values (1920, 1919, 1922, 1183, 11.800, 303.08, -23.80, 11.801, 303.06, -23.79, 0.005, 228.74, 19.83);
insert into SHOT values (1921, 1919, 1923, 1183, 7.050, 355.58, -10.60, 7.052, 355.53, -10.62, 0.007, 277.95, -26.16);
insert into SHOT values (1922, 1919, 1924, 1183, 18.000, 31.88, -9.30, 17.996, 31.88, -9.31, 0.004, 215.95, -15.18);
insert into SHOT values (1923, 1919, 1925, 1183, 4.180, 331.38, -51.00, 4.182, 331.39, -51.01, 0.002, 352.97, -62.73);
insert into SHOT values (1924, 1919, 1926, 1183, 1.430, 320.18, 81.40, 1.436, 318.81, 81.48, 0.008, 215.90, 49.23);
insert into SHOT values (1925, 1919, 1927, 1183, 14.210, 278.38, -25.10, 14.210, 278.36, -25.11, 0.006, 174.02, -19.15);
insert into SHOT values (1926, 1919, 1928, 1183, 8.150, 323.88, -20.30, 8.150, 323.83, -20.32, 0.007, 223.19, -20.64);
insert into SHOT values (1927, 1928, 1929, 1183, 4.680, 261.28, -13.20, 4.674, 261.28, -13.11, 0.009, 82.11, 66.60);
insert into SHOT values (1928, 1928, 1930, 1183, 10.400, 237.68, -16.80, 10.394, 237.68, -16.78, 0.008, 57.39, 51.51);
insert into SHOT values (1929, 1928, 1931, 1183, 8.390, 3.08, 20.80, 8.388, 3.07, 20.81, 0.003, 225.36, 14.04);
insert into SHOT values (1930, 1928, 1932, 1183, 8.130, 50.78, 34.50, 8.134, 50.75, 34.52, 0.006, 345.21, 52.54);
insert into SHOT values (1931, 1928, 1933, 1183, 3.480, 215.38, -35.40, 3.474, 215.37, -35.36, 0.007, 43.13, 57.82);
insert into SHOT values (1932, 1928, 1934, 1183, 1.240, 6.88, 84.90, 1.245, 10.30, 84.85, 0.008, 85.24, 35.77);
insert into SHOT values (1933, 1928, 1935, 1183, 5.110, 340.88, 3.40, 5.111, 340.89, 3.48, 0.007, 61.51, 84.84);
insert into SHOT values (1934, 1935, 1936, 1183, 3.850, 236.38, -15.20, 3.849, 236.31, -15.21, 0.005, 127.78, -6.51);
insert into SHOT values (1935, 1935, 1937, 1183, 3.910, 286.48, -18.70, 3.911, 286.48, -18.80, 0.007, 121.15, -75.81);
insert into SHOT values (1936, 1935, 1938, 1183, 2.530, 7.98, 14.60, 2.526, 8.00, 14.68, 0.005, 180.35, 26.32);
insert into SHOT values (1937, 1935, 1939, 1183, 6.030, 50.18, 35.30, 6.027, 50.19, 35.27, 0.005, 181.72, -73.99);
insert into SHOT values (1938, 1935, 1940, 1183, 1.050, 352.08, -63.80, 1.048, 352.57, -63.73, 0.004, 77.74, 28.29);
insert into SHOT values (1939, 1935, 1941, 1183, 1.730, 345.18, 80.40, 1.724, 345.96, 80.36, 0.007, 74.01, -55.74);
insert into SHOT values (1940, 1935, 1942, 1183, 11.140, 341.28, -16.10, 11.141, 341.31, -16.10, 0.005, 56.95, -7.56);
insert into SHOT values (1941, 1942, 1943, 1183, 5.120, 214.18, 23.00, 5.122, 214.20, 22.99, 0.002, 239.54, -12.86);
insert into SHOT values (1942, 1942, 1944, 1183, 0.340, 31.08, -6.70, 0.339, 30.38, -6.79, 0.004, 280.53, -4.30);
insert into SHOT values (1943, 1942, 1945, 1183, 2.670, 21.78, -84.60, 2.671, 21.37, -84.70, 0.005, 224.28, -21.70);
insert into SHOT values (1944, 1942, 1946, 1183, 2.350, 82.48, 89.00, 2.350, 90.00, 89.02, 0.005, 187.02, 3.79);
insert into SHOT values (1945, 1942, 1947, 1183, 4.890, 280.78, -28.50, 4.891, 280.73, -28.58, 0.008, 159.13, -57.27);
insert into SHOT values (1946, 1947, 1948, 1183, 6.720, 253.38, -2.00, 6.724, 253.40, -1.96, 0.006, 276.77, 44.59);
insert into SHOT values (1947, 1947, 1949, 1183, 7.930, 289.18, -4.10, 7.939, 289.17, -4.04, 0.012, 275.70, 36.15);
insert into SHOT values (1948, 1947, 1950, 1183, 3.570, 82.98, 3.90, 3.566, 82.89, 4.02, 0.010, 314.09, 45.58);
insert into SHOT values (1949, 1947, 1951, 1183, 5.180, 25.48, -1.30, 5.181, 25.38, -1.22, 0.012, 302.48, 38.05);
insert into SHOT values (1950, 1947, 1952, 1183, 1.780, 57.28, -80.60, 1.774, 56.31, -80.64, 0.008, 301.97, 48.37);
insert into SHOT values (1951, 1947, 1953, 1183, 3.920, 130.58, 78.30, 3.921, 130.91, 78.32, 0.005, 232.42, 17.15);
insert into SHOT values (1952, 1947, 1954, 1183, 9.300, 343.38, -15.00, 9.300, 343.38, -14.95, 0.007, 331.40, 71.72);
insert into SHOT values (1953, 1954, 1955, 1183, 0.960, 56.78, 1.40, 0.960, 56.48, 1.19, 0.006, 325.76, -33.83);
insert into SHOT values (1954, 1954, 1956, 1183, 6.480, 235.28, -0.80, 6.483, 235.30, -0.80, 0.004, 271.83, 6.59);
insert into SHOT values (1955, 1954, 1957, 1183, 9.300, 204.48, 19.90, 9.302, 204.51, 19.86, 0.008, 254.83, -41.79);
insert into SHOT values (1956, 1954, 1958, 1183, 1.620, 315.18, -78.50, 1.623, 315.00, -78.44, 0.004, 290.77, -45.06);
insert into SHOT values (1957, 1954, 1959, 1183, 3.640, 214.68, 81.60, 3.640, 215.17, 81.50, 0.008, 249.71, -6.86);
insert into SHOT values (1958, 1954, 1960, 1183, 10.330, 306.58, -21.00, 10.335, 306.57, -20.98, 0.007, 291.21, 16.69);
insert into SHOT values (1959, 1960, 1961, 1183, 2.030, 225.38, 2.20, 2.031, 225.20, 1.98, 0.010, 143.22, -50.37);
insert into SHOT values (1960, 1960, 1962, 1183, 1.140, 50.98, -0.80, 1.139, 51.42, -1.01, 0.010, 150.26, -24.97);
insert into SHOT values (1961, 1960, 1963, 1183, 2.190, 323.98, 2.50, 2.186, 324.13, 2.36, 0.009, 87.24, -40.15);
insert into SHOT values (1962, 1960, 1964, 1183, 1.120, 57.98, -33.30, 1.124, 58.51, -33.46, 0.010, 135.04, -29.81);
insert into SHOT values (1963, 1960, 1965, 1183, 1.980, 11.98, 77.80, 1.975, 12.38, 77.73, 0.006, 77.46, -58.79);
insert into SHOT values (1964, 1904, 1966, 1183, 8.960, 149.38, 9.10, 8.975, 149.45, 8.72, 0.063, 170.95, -65.13);
insert into SHOT values (1965, 1966, 1967, 1183, 25.420, 225.28, -9.00, 25.423, 225.27, -9.01, 0.006, 169.00, -36.14);
insert into SHOT values (1966, 1966, 1968, 1183, 22.710, 271.38, -11.90, 22.716, 271.37, -11.92, 0.011, 215.22, -42.08);
insert into SHOT values (1967, 1966, 1969, 1183, 15.570, 329.08, -6.80, 15.571, 329.06, -6.82, 0.010, 240.02, -40.57);
insert into SHOT values (1968, 1966, 1970, 1183, 2.120, 316.98, -59.80, 2.124, 316.53, -60.03, 0.013, 194.37, -37.68);
insert into SHOT values (1969, 1966, 1971, 1183, 2.530, 207.88, 76.30, 2.522, 207.85, 76.25, 0.008, 147.94, -86.92);
insert into SHOT values (1970, 1966, 1972, 1183, 13.750, 212.58, -11.10, 13.775, 212.35, -11.60, 0.135, 123.74, -65.67);
insert into SHOT values (1971, 1972, 1973, 1183, 12.540, 236.68, -8.10, 12.536, 236.67, -8.07, 0.008, 101.40, 56.57);
insert into SHOT values (1972, 1972, 1974, 1183, 8.390, 193.08, -4.70, 8.395, 193.06, -4.71, 0.006, 151.78, -23.00);
insert into SHOT values (1973, 1972, 1975, 1183, 15.140, 94.88, 16.50, 15.137, 94.90, 16.50, 0.006, 221.91, 0.08);
insert into SHOT values (1974, 1972, 1976, 1183, 14.000, 69.48, 17.80, 13.996, 69.48, 17.81, 0.005, 246.66, 3.25);
insert into SHOT values (1975, 1972, 1977, 1183, 2.870, 195.18, -57.90, 2.873, 195.12, -57.75, 0.008, 183.96, 8.66);
insert into SHOT values (1976, 1972, 1978, 1183, 1.690, 158.58, 82.40, 1.695, 159.15, 82.38, 0.005, 220.07, 62.62);
insert into SHOT values (1977, 1972, 1979, 1183, 16.080, 151.08, 8.30, 16.102, 151.23, 7.64, 0.192, 192.56, -70.62);
insert into SHOT values (1978, 1979, 1980, 1183, 7.460, 68.28, 14.00, 7.455, 68.26, 13.97, 0.007, 289.56, -43.80);
insert into SHOT values (1979, 1979, 1981, 1183, 6.950, 243.68, -13.10, 6.953, 243.70, -13.14, 0.005, 291.95, -61.11);
insert into SHOT values (1980, 1979, 1982, 1183, 9.730, 274.98, -15.30, 9.731, 275.01, -15.31, 0.005, 356.03, -27.75);
insert into SHOT values (1981, 1979, 1983, 1183, 2.690, 240.58, -37.10, 2.694, 240.69, -37.24, 0.008, 343.52, -61.85);
insert into SHOT values (1982, 1979, 1984, 1183, 1.370, 198.88, 80.70, 1.368, 198.43, 80.69, 0.003, 107.41, -48.99);
insert into SHOT values (1983, 1979, 1985, 1183, 6.790, 132.28, 19.90, 6.796, 132.41, 19.51, 0.048, 165.08, -58.38);
insert into SHOT values (1984, 1985, 1986, 1183, 2.400, 60.18, 7.70, 2.400, 59.99, 7.66, 0.008, 334.65, -10.81);
insert into SHOT values (1985, 1985, 1987, 1183, 5.520, 208.48, -4.10, 5.522, 208.52, -4.05, 0.006, 262.27, 47.47);
insert into SHOT values (1986, 1985, 1988, 1183, 1.060, 154.88, -75.30, 1.054, 155.38, -75.49, 0.008, 310.38, 44.07);
insert into SHOT values (1987, 1985, 1989, 1183, 0.580, 186.38, 84.50, 0.582, 191.31, 84.98, 0.007, 323.94, 22.37);
insert into SHOT values (1988, 1985, 1990, 1183, 5.080, 100.98, 21.70, 5.068, 101.12, 21.41, 0.030, 198.23, -68.23);
insert into SHOT values (1989, 1990, 1991, 1183, 2.160, 314.18, 1.80, 2.151, 314.25, 1.86, 0.010, 119.71, 12.84);
insert into SHOT values (1990, 1990, 1992, 1183, 3.660, 137.88, 9.30, 3.667, 137.80, 9.42, 0.012, 95.72, 47.76);
insert into SHOT values (1991, 1990, 1993, 1183, 1.010, 181.18, -35.00, 1.007, 180.69, -34.48, 0.012, 111.80, 50.67);
insert into SHOT values (1992, 1990, 1994, 1183, 0.640, 137.98, 83.40, 0.644, 135.00, 83.70, 0.006, 9.31, 41.98);
insert into SHOT values (1993, 1990, 1995, 1183, 13.550, 79.38, 14.80, 13.551, 79.73, 14.31, 0.140, 149.25, -52.41);
insert into SHOT values (1994, 1995, 1996, 1183, 12.100, 22.88, 1.90, 12.098, 22.88, 1.89, 0.003, 238.00, -21.39);
insert into SHOT values (1995, 1995, 1997, 1183, 8.950, 205.08, 3.10, 8.956, 205.07, 3.07, 0.007, 192.78, -33.46);
insert into SHOT values (1996, 1995, 1998, 1183, 2.030, 149.08, -44.30, 2.031, 149.37, -44.35, 0.008, 241.07, -16.70);
insert into SHOT values (1997, 1995, 1999, 1183, 1.030, 218.38, 82.30, 1.030, 219.29, 82.07, 0.005, 247.10, -8.66);
insert into SHOT values (1998, 1995, 2000, 1183, 10.600, 123.68, 6.40, 10.613, 123.92, 5.95, 0.095, 186.51, -59.43);
insert into SHOT values (1999, 2000, 2001, 1183, 12.600, 336.88, -5.50, 12.607, 336.87, -5.51, 0.008, 310.39, -16.74);
insert into SHOT values (2000, 2000, 2002, 1183, 20.870, 164.18, 6.30, 20.870, 164.19, 6.30, 0.004, 250.30, -2.08);
insert into SHOT values (2001, 2000, 2003, 1183, 20.780, 184.88, 0.50, 20.776, 184.89, 0.50, 0.004, 342.88, -18.66);
insert into SHOT values (2002, 2000, 2004, 1183, 17.700, 319.18, -6.10, 17.705, 319.17, -6.13, 0.011, 273.98, -56.44);
insert into SHOT values (2003, 2000, 2005, 1183, 1.500, 33.48, -52.30, 1.503, 33.00, -52.35, 0.008, 309.15, -22.04);
insert into SHOT values (2004, 2000, 2006, 1183, 1.840, 89.88, 86.80, 1.833, 90.00, 86.87, 0.008, 265.59, -69.13);
insert into SHOT values (2005, 2000, 2007, 1183, 16.630, 14.68, -5.00, 16.616, 14.96, -5.46, 0.155, 122.85, -57.18);
insert into SHOT values (2006, 2007, 2008, 1183, 17.970, 257.58, 3.40, 17.962, 257.57, 3.42, 0.010, 108.09, 24.78);
insert into SHOT values (2007, 2007, 2009, 1183, 22.180, 32.78, -11.30, 22.178, 32.80, -11.31, 0.008, 151.25, -30.61);
insert into SHOT values (2008, 2007, 2010, 1183, 31.430, 69.88, -16.30, 31.431, 69.90, -16.30, 0.007, 145.56, 11.76);
insert into SHOT values (2009, 2007, 2011, 1183, 7.310, 12.48, -41.30, 7.306, 12.52, -41.28, 0.006, 123.05, 52.75);
insert into SHOT values (2010, 2007, 2012, 1183, 1.910, 264.28, 82.80, 1.914, 262.57, 83.04, 0.011, 126.90, 26.28);
insert into SHOT values (2011, 2007, 2013, 1183, 12.540, 357.88, -18.80, 12.524, 358.01, -19.21, 0.094, 146.42, -56.84);
insert into SHOT values (2012, 2013, 2014, 1183, 13.690, 201.18, 19.20, 13.684, 201.18, 19.20, 0.006, 19.43, -22.68);
insert into SHOT values (2013, 2013, 2015, 1183, 20.580, 254.78, 7.60, 20.575, 254.79, 7.60, 0.006, 43.58, -17.51);
insert into SHOT values (2014, 2013, 2016, 1183, 20.840, 349.68, -1.60, 20.845, 349.69, -1.59, 0.005, 9.08, 20.74);
insert into SHOT values (2015, 2013, 2017, 1183, 14.280, 22.18, -0.70, 14.281, 22.22, -0.72, 0.011, 103.09, -31.79);
insert into SHOT values (2016, 2013, 2018, 1183, 15.190, 72.48, -3.10, 15.197, 72.47, -3.09, 0.007, 49.70, 11.27);
insert into SHOT values (2017, 2013, 2019, 1183, 1.960, 294.38, -64.60, 1.958, 294.73, -64.70, 0.006, 62.96, 4.78);
insert into SHOT values (2018, 2013, 2020, 1183, 5.120, 358.48, 81.70, 5.114, 358.45, 81.68, 0.006, 339.31, -79.03);
insert into SHOT values (2019, 2013, 1884, 1183, 19.180, 322.98, 0.10, 19.159, 322.85, -0.36, 0.161, 207.09, -71.99);
insert into SHOT values (2020, 2000, 2021, 1183, 23.230, 51.38, -10.80, 23.232, 51.27, -11.17, 0.156, 290.96, -70.38);
insert into SHOT values (2021, 2021, 2022, 1183, 19.190, 344.78, -11.90, 19.190, 344.78, -11.88, 0.007, 298.27, 77.18);
insert into SHOT values (2022, 2021, 2023, 1183, 18.040, 11.68, -15.00, 18.034, 11.69, -14.98, 0.010, 162.32, 63.68);
insert into SHOT values (2023, 2021, 2024, 1183, 23.000, 26.18, -12.70, 22.994, 26.19, -12.69, 0.008, 183.49, 52.50);
insert into SHOT values (2024, 2021, 2025, 1183, 11.770, 69.98, -14.00, 11.768, 69.98, -13.97, 0.007, 329.59, 82.37);
insert into SHOT values (2025, 2021, 2026, 1183, 15.610, 97.58, -9.40, 15.604, 97.61, -9.37, 0.013, 216.63, 44.88);
insert into SHOT values (2026, 2021, 2027, 1183, 24.050, 134.48, -2.70, 24.055, 134.49, -2.69, 0.007, 176.33, 22.94);
insert into SHOT values (2027, 2021, 2028, 1183, 34.350, 143.98, 1.10, 34.348, 143.99, 1.10, 0.005, 254.96, 6.47);
insert into SHOT values (2028, 2021, 2029, 1183, 2.970, 97.58, -49.70, 2.964, 97.79, -49.68, 0.009, 212.66, 33.59);
insert into SHOT values (2029, 2021, 2030, 1183, 4.820, 51.58, 80.60, 4.825, 51.68, 80.57, 0.006, 75.40, 55.04);
insert into SHOT values (2030, 2021, 2031, 1183, 18.010, 38.48, -19.20, 18.007, 38.38, -19.46, 0.089, 264.97, -60.21);
insert into SHOT values (2031, 2031, 2032, 1183, 6.410, 343.38, 10.60, 6.403, 343.38, 10.62, 0.008, 166.64, 6.46);
insert into SHOT values (2032, 2031, 2033, 1183, 11.990, 300.08, 14.30, 11.985, 300.08, 14.30, 0.005, 138.07, -16.31);
insert into SHOT values (2033, 2031, 2034, 1183, 20.230, 18.08, -3.10, 20.227, 18.09, -3.09, 0.005, 183.59, 56.70);
insert into SHOT values (2034, 2031, 2035, 1183, 13.330, 85.48, -0.40, 13.332, 85.48, -0.39, 0.004, 80.93, 60.32);
insert into SHOT values (2035, 2031, 2036, 1183, 7.300, 116.18, 5.70, 7.304, 116.21, 5.74, 0.007, 163.24, 44.42);
insert into SHOT values (2036, 2031, 2037, 1183, 8.600, 170.68, 16.30, 8.607, 170.66, 16.33, 0.009, 141.08, 46.90);
insert into SHOT values (2037, 2031, 2038, 1183, 0.460, 135.88, -83.50, 0.463, 135.00, -82.99, 0.005, 124.89, -32.89);
insert into SHOT values (2038, 2031, 2039, 1183, 4.740, 19.58, 79.40, 4.741, 20.10, 79.39, 0.008, 100.90, 6.41);
insert into SHOT values (2039, 2031, 2040, 1183, 13.920, 60.78, -1.80, 13.915, 60.73, -2.02, 0.055, 303.87, -73.36);
insert into SHOT values (2040, 2040, 2041, 1183, 10.310, 346.28, -4.40, 10.302, 346.32, -4.40, 0.010, 130.53, 5.61);
insert into SHOT values (2041, 2040, 2042, 1183, 11.760, 310.78, -2.10, 11.749, 310.79, -2.10, 0.011, 127.14, 4.97);
insert into SHOT values (2042, 2040, 2043, 1183, 11.540, 25.48, -3.80, 11.538, 25.52, -3.78, 0.009, 126.78, 33.24);
insert into SHOT values (2043, 2040, 2044, 1183, 11.400, 83.98, -5.30, 11.401, 83.98, -5.28, 0.003, 82.61, 67.06);
insert into SHOT values (2044, 2040, 2045, 1183, 2.870, 149.78, -1.80, 2.874, 149.69, -1.79, 0.006, 100.56, 1.33);
insert into SHOT values (2045, 2040, 2046, 1183, 7.610, 198.88, 4.40, 7.609, 198.84, 4.45, 0.008, 97.97, 47.26);
insert into SHOT values (2046, 2040, 2047, 1183, 0.290, 85.88, -74.60, 0.291, 90.00, -74.05, 0.006, 150.04, -3.70);
insert into SHOT values (2047, 2040, 2048, 1183, 2.550, 87.28, 80.80, 2.553, 87.21, 80.75, 0.004, 76.25, 44.59);
insert into SHOT values (2048, 2040, 2049, 1183, 25.850, 97.88, -3.50, 25.854, 97.91, -3.86, 0.162, 215.44, -85.16);
insert into SHOT values (2049, 2049, 2050, 1183, 8.650, 316.98, 4.30, 8.656, 316.97, 4.31, 0.007, 301.25, 12.63);
insert into SHOT values (2050, 2049, 2051, 1183, 11.010, 341.08, 4.40, 11.015, 341.09, 4.37, 0.007, 347.96, -40.57);
insert into SHOT values (2051, 2049, 2052, 1183, 8.570, 18.98, 7.40, 8.571, 18.95, 7.37, 0.007, 308.37, -33.19);
insert into SHOT values (2052, 2049, 2053, 1183, 8.130, 145.38, 1.70, 8.128, 145.43, 1.69, 0.007, 251.30, -9.82);
insert into SHOT values (2053, 2049, 2054, 1183, 9.130, 197.28, 2.00, 9.127, 197.28, 2.01, 0.003, 18.67, 27.87);
insert into SHOT values (2054, 2049, 2055, 1183, 0.430, 156.08, -70.10, 0.434, 155.22, -70.75, 0.007, 9.91, -55.83);
insert into SHOT values (2055, 2049, 2056, 1183, 3.090, 133.88, 86.30, 3.086, 135.00, 86.32, 0.005, 244.51, -40.80);
insert into SHOT values (2056, 2049, 2057, 1183, 12.340, 109.18, 3.80, 12.330, 109.22, 3.63, 0.039, 245.84, -75.12);
insert into SHOT values (2057, 2057, 2058, 1183, 11.520, 34.88, 3.10, 11.524, 34.88, 3.08, 0.005, 18.95, -37.01);
insert into SHOT values (2058, 2057, 2059, 1183, 12.490, 156.08, 1.70, 12.487, 156.08, 1.70, 0.003, 332.17, -10.54);
insert into SHOT values (2059, 2057, 2060, 1183, 10.750, 210.58, -1.90, 10.752, 210.60, -1.92, 0.005, 261.77, -45.19);
insert into SHOT values (2060, 2057, 2061, 1183, 14.840, 327.88, 0.60, 14.842, 327.88, 0.58, 0.006, 335.00, -70.75);
insert into SHOT values (2061, 2057, 2062, 1183, 0.440, 1.38, -80.30, 0.447, 0.00, -79.70, 0.009, 343.09, -45.64);
insert into SHOT values (2062, 2057, 2063, 1183, 3.040, 24.38, 79.40, 3.042, 24.27, 79.40, 0.002, 307.67, 59.82);
insert into SHOT values (2063, 2057, 2064, 1183, 22.200, 123.68, 6.60, 22.199, 123.68, 6.60, 0.002, 313.97, -64.03);
insert into SHOT values (2064, 2064, 2065, 1183, 3.700, 14.08, 1.10, 3.702, 14.07, 1.08, 0.002, 355.15, -28.76);
insert into SHOT values (2065, 2064, 2066, 1183, 20.700, 13.08, 1.90, 20.698, 13.08, 1.91, 0.005, 243.59, 45.88);
insert into SHOT values (2066, 2064, 2067, 1183, 9.070, 214.68, -3.70, 9.068, 214.69, -3.73, 0.005, 8.57, -58.78);
insert into SHOT values (2067, 2064, 2068, 1183, 11.190, 192.98, -2.70, 11.188, 192.98, -2.72, 0.004, 33.63, -52.60);
insert into SHOT values (2068, 2064, 2069, 1183, 11.390, 271.08, -0.70, 11.393, 271.11, -0.70, 0.006, 328.41, -8.76);
insert into SHOT values (2069, 2064, 2070, 1183, 0.740, 155.28, -69.50, 0.736, 154.44, -69.72, 0.006, 16.85, 29.03);
insert into SHOT values (2070, 2064, 2071, 1183, 3.540, 293.18, 78.20, 3.534, 293.72, 78.23, 0.009, 47.44, -35.00);
insert into SHOT values (2071, 2064, 2072, 1183, 12.930, 130.88, -0.00, 12.931, 130.86, 0.00, 0.005, 55.89, 0.00);
insert into SHOT values (2072, 2072, 2073, 1183, 24.300, 38.78, 1.60, 24.293, 38.78, 1.60, 0.007, 225.05, 12.04);
insert into SHOT values (2073, 2072, 2074, 1183, 10.550, 148.98, -1.50, 10.549, 149.01, -1.52, 0.006, 250.46, -39.15);
insert into SHOT values (2074, 2072, 2075, 1183, 13.430, 203.28, -2.80, 13.428, 203.28, -2.82, 0.005, 54.95, -55.43);
insert into SHOT values (2075, 2072, 2076, 1183, 0.390, 145.08, -72.70, 0.388, 149.04, -72.51, 0.008, 232.48, 16.32);
insert into SHOT values (2076, 2072, 2077, 1183, 2.110, 132.48, 76.60, 2.107, 132.51, 76.60, 0.003, 292.07, -75.42);
insert into SHOT values (2077, 2072, 2078, 1183, 21.260, 103.98, 3.10, 21.260, 103.98, 3.10, 0.000, 146.63, 38.55);
insert into SHOT values (2078, 2078, 2079, 1183, 20.200, 353.28, 0.50, 20.200, 353.26, 0.48, 0.010, 265.46, -39.96);
insert into SHOT values (2079, 2078, 2080, 1183, 8.910, 202.88, 3.60, 8.908, 202.90, 3.60, 0.003, 320.24, 9.09);
insert into SHOT values (2080, 2078, 2081, 1183, 15.030, 254.88, -0.80, 15.032, 254.88, -0.80, 0.002, 243.53, -5.04);
insert into SHOT values (2081, 2078, 2082, 1183, 0.810, 2.98, -76.50, 0.813, 3.01, -76.46, 0.003, 7.77, -63.70);
insert into SHOT values (2082, 2078, 2083, 1183, 2.200, 121.38, 82.00, 2.201, 121.61, 82.03, 0.002, 248.26, 43.35);
insert into SCRAPS values (1185, 1179, 'SP-Alex3-1', 1, 43.95948, 0.53926);
 insert into MAPS values (1297, 1179, 'MP-Alex3', 'Alex3', 1, 534.540, -26.880);
 insert into MAPITEMS values (1297, 4, 1185);
 insert into SURVEY values (1301, 51, 'Alex5', 'Alex5.Geophysicheskaya', 'Alex5');
 insert into CENTRELINE values (1302, 1301, NULL, NULL, NULL, 0.00, 0.00, 0.00);
 insert into SURVEY values (1303, 1301, 'Geophyscaya_05', 'Geophyscaya_05.Alex5.Geophysicheskaya', 'Geophyscaya 03');
 insert into CENTRELINE values (1304, 1303, NULL, NULL, NULL, 0.00, 0.00, 0.00);
 insert into CENTRELINE values (1305, 1303, NULL, '2024-04-15', NULL, 161.44, 0.00, 0.00);
 insert into TOPO values (10, 1305);
 insert into TOPO values (11, 1305);
 insert into TOPO values (3, 1305);
 insert into SHOT values (2083, 2084, 2085, 1305, 3.910, 47.68, -12.20, 3.912, 47.76, -12.25, 0.006, 125.00, -36.57);
insert into SHOT values (2084, 2084, 2086, 1305, 3.110, 225.38, -10.40, 3.113, 225.40, -10.36, 0.003, 239.41, 25.03);
insert into SHOT values (2085, 2084, 2087, 1305, 1.130, 334.68, -79.50, 1.130, 334.65, -79.28, 0.004, 333.25, 14.03);
insert into SHOT values (2086, 2084, 2088, 1305, 3.310, 281.18, -7.60, 3.312, 281.24, -7.63, 0.005, 339.49, -29.63);
insert into SHOT values (2087, 2084, 2089, 1305, 3.930, 2.88, -9.20, 3.926, 2.81, -9.24, 0.007, 228.57, -13.67);
insert into SHOT values (2088, 2084, 2090, 1305, 8.870, 98.98, -1.80, 8.872, 98.95, -1.81, 0.006, 35.82, -14.57);
insert into SHOT values (2089, 2084, 2091, 1305, 12.220, 120.98, -0.90, 12.216, 121.00, -0.89, 0.005, 269.13, 20.73);
insert into SHOT values (2090, 2084, 2092, 1305, 11.000, 156.38, -2.20, 10.997, 156.40, -2.19, 0.004, 289.74, 31.05);
insert into SHOT values (2091, 2084, 2093, 1305, 5.630, 330.18, -13.90, 5.629, 330.15, -13.88, 0.004, 237.28, 38.98);
insert into SHOT values (2092, 2084, 2094, 1305, 11.970, 120.38, -4.90, 11.970, 120.37, -4.89, 0.004, 38.95, 42.45);
insert into SHOT values (2093, 2094, 2095, 1305, 1.130, 49.38, 13.10, 1.120, 49.46, 12.89, 0.010, 220.00, -35.86);
insert into SHOT values (2094, 2094, 2096, 1305, 6.540, 236.68, 0.00, 6.543, 236.72, 0.00, 0.005, 294.40, 0.00);
insert into SHOT values (2095, 2094, 2097, 1305, 9.790, 201.18, -0.80, 9.793, 201.19, -0.82, 0.005, 228.46, -42.41);
insert into SHOT values (2096, 2094, 2098, 1305, 2.030, 127.08, 5.70, 2.030, 127.15, 5.65, 0.003, 215.69, -33.14);
insert into SHOT values (2097, 2094, 2099, 1305, 0.320, 67.78, -79.10, 0.324, 68.20, -80.45, 0.009, 244.43, -40.87);
insert into SHOT values (2098, 2094, 2100, 1305, 1.250, 220.08, 80.70, 1.247, 219.09, 80.49, 0.007, 179.25, -33.25);
insert into SHOT values (2099, 2094, 2101, 1305, 10.500, 178.78, 1.70, 10.507, 178.80, 1.69, 0.008, 202.33, -11.20);
insert into SHOT values (2100, 2094, 2102, 1305, 15.780, 176.68, -1.40, 15.781, 176.69, -1.42, 0.005, 247.20, -56.70);
insert into SHOT values (2101, 2102, 2103, 1305, 7.400, 65.78, 7.30, 7.396, 65.78, 7.30, 0.004, 258.91, -3.81);
insert into SHOT values (2102, 2102, 2104, 1305, 3.040, 279.08, 18.50, 3.044, 278.97, 18.58, 0.008, 212.38, 41.65);
insert into SHOT values (2103, 2102, 2105, 1305, 11.750, 209.38, 26.30, 11.754, 209.39, 26.31, 0.004, 230.29, 61.32);
insert into SHOT values (2104, 2102, 2106, 1305, 11.280, 250.98, 32.60, 11.279, 250.95, 32.62, 0.006, 129.94, 25.80);
insert into SHOT values (2105, 2102, 2107, 1305, 11.880, 103.58, 19.50, 11.886, 103.58, 19.51, 0.006, 89.13, 43.28);
insert into SHOT values (2106, 2102, 2108, 1305, 0.240, 19.08, -86.90, 0.240, 45.00, -86.63, 0.006, 111.48, -3.25);
insert into SHOT values (2107, 2102, 2109, 1305, 4.410, 159.78, 85.50, 4.414, 160.02, 85.44, 0.006, 175.37, 34.00);
insert into SHOT values (2108, 2102, 2110, 1305, 15.040, 131.58, 13.80, 15.042, 131.56, 13.81, 0.007, 50.83, 21.13);
insert into SHOT values (2109, 2110, 2111, 1305, 25.000, 282.58, 5.40, 25.008, 282.57, 5.39, 0.009, 255.52, -16.64);
insert into SHOT values (2110, 2110, 2112, 1305, 9.500, 230.18, 6.00, 9.502, 230.19, 5.98, 0.004, 267.28, -44.59);
insert into SHOT values (2111, 2110, 2113, 1305, 7.950, 57.88, 3.30, 7.943, 57.93, 3.32, 0.010, 193.03, 13.53);
insert into SHOT values (2112, 2110, 2114, 1305, 6.280, 18.98, 8.60, 6.279, 18.99, 8.61, 0.002, 175.27, 28.50);
insert into SHOT values (2113, 2110, 2115, 1305, 11.710, 253.28, 1.00, 11.717, 253.28, 0.98, 0.008, 251.25, -32.10);
insert into SHOT values (2114, 2110, 2116, 1305, 20.030, 300.78, 1.30, 20.031, 300.75, 1.29, 0.012, 217.10, -22.46);
insert into SHOT values (2115, 2110, 2117, 1305, 5.890, 220.38, -37.20, 5.893, 220.34, -37.16, 0.006, 183.20, 9.78);
insert into SHOT values (2116, 2110, 2118, 1305, 5.750, 285.48, 82.20, 5.754, 284.74, 82.15, 0.012, 223.71, 15.53);
insert into SHOT values (2117, 2110, 2119, 1305, 21.410, 278.68, 2.40, 21.413, 278.66, 2.41, 0.011, 202.73, 18.55);
insert into SHOT values (2118, 2110, 2120, 1305, 19.060, 144.88, 4.30, 19.061, 144.90, 4.30, 0.005, 226.25, 11.20);
insert into SHOT values (2119, 2120, 2121, 1305, 8.160, 37.08, 10.20, 8.160, 37.06, 10.16, 0.006, 321.51, -51.18);
insert into SHOT values (2120, 2120, 2122, 1305, 8.240, 10.28, 6.90, 8.241, 10.28, 6.90, 0.001, 344.30, 3.70);
insert into SHOT values (2121, 2120, 2123, 1305, 2.490, 234.58, 11.20, 2.491, 234.49, 11.11, 0.006, 172.38, -38.89);
insert into SHOT values (2122, 2120, 2124, 1305, 6.640, 280.28, 1.60, 6.638, 280.24, 1.55, 0.007, 170.71, -47.57);
insert into SHOT values (2123, 2120, 2125, 1305, 12.920, 298.58, -0.10, 12.923, 298.57, -0.09, 0.005, 253.66, 27.67);
insert into SHOT values (2124, 2120, 2126, 1305, 11.410, 357.48, 5.50, 11.403, 357.48, 5.49, 0.008, 191.05, -28.47);
insert into SHOT values (2125, 2120, 2127, 1305, 0.600, 204.48, -83.50, 0.604, 206.57, -83.62, 0.005, 314.43, -56.09);
insert into SHOT values (2126, 2120, 2128, 1305, 2.440, 24.18, 80.50, 2.443, 23.39, 80.50, 0.007, 297.83, 31.62);
insert into SHOT values (2127, 2120, 2129, 1305, 14.540, 132.58, 10.50, 14.547, 132.59, 10.50, 0.007, 149.93, 2.40);
insert into SHOT values (2128, 2129, 2130, 1305, 6.410, 11.58, -4.80, 6.412, 11.56, -4.83, 0.005, 315.13, -45.01);
insert into SHOT values (2129, 2129, 2131, 1305, 2.990, 185.88, -11.20, 2.983, 186.08, -11.21, 0.012, 309.11, 3.61);
insert into SHOT values (2130, 2129, 2132, 1305, 9.520, 339.98, -6.10, 9.525, 340.00, -6.09, 0.006, 2.00, 15.92);
insert into SHOT values (2131, 2129, 2133, 1305, 5.720, 286.48, -4.10, 5.729, 286.47, -4.10, 0.009, 277.45, -6.42);
insert into SHOT values (2132, 2129, 2134, 1305, 2.610, 3.38, -70.50, 2.610, 3.29, -70.49, 0.001, 281.29, 11.53);
insert into SHOT values (2133, 2129, 2135, 1305, 1.530, 6.48, 77.00, 1.531, 4.90, 76.73, 0.012, 312.17, -3.76);
insert into SHOT values (2134, 2129, 2136, 1305, 15.860, 86.38, -1.90, 15.860, 86.38, -1.91, 0.004, 78.73, -85.93);
insert into SHOT values (2135, 2136, 2137, 1305, 2.930, 16.08, -8.30, 2.933, 16.00, -8.23, 0.006, 322.43, 29.41);
insert into SHOT values (2136, 2136, 2138, 1305, 5.410, 187.18, -4.30, 5.408, 187.24, -4.24, 0.008, 294.14, 43.48);
insert into SHOT values (2137, 2136, 2139, 1305, 9.460, 240.38, -4.50, 9.461, 240.39, -4.49, 0.003, 297.86, 56.55);
insert into SHOT values (2138, 2136, 2140, 1305, 6.150, 312.08, -4.40, 6.157, 312.03, -4.38, 0.009, 272.27, 11.32);
insert into SHOT values (2139, 2136, 2141, 1305, 10.490, 297.38, -3.20, 10.491, 297.40, -3.17, 0.006, 1.51, 63.67);
insert into SHOT values (2140, 2136, 2142, 1305, 9.710, 331.48, -0.80, 9.720, 331.48, -0.77, 0.012, 331.88, 28.98);
insert into SHOT values (2141, 2136, 2143, 1305, 7.060, 99.38, 0.60, 7.055, 99.38, 0.65, 0.008, 280.75, 49.16);
insert into SHOT values (2142, 2136, 2144, 1305, 6.540, 166.38, -4.60, 6.533, 166.41, -4.57, 0.009, 320.31, 31.28);
insert into SHOT values (2143, 2136, 2145, 1305, 1.680, 192.08, -83.60, 1.680, 192.53, -83.70, 0.003, 345.63, -8.30);
insert into SHOT values (2144, 2136, 2146, 1305, 2.040, 129.68, 79.80, 2.041, 130.43, 79.99, 0.008, 274.82, 15.57);
insert into SHOT values (2145, 2136, 2147, 1305, 16.620, 129.88, 2.20, 16.617, 129.89, 2.21, 0.005, 260.14, 26.13);
insert into SHOT values (2146, 2147, 2148, 1305, 2.740, 85.38, -9.20, 2.744, 85.34, -9.23, 0.005, 60.32, -22.58);
insert into SHOT values (2147, 2147, 2149, 1305, 8.150, 272.28, -0.50, 8.147, 272.32, -0.49, 0.006, 31.17, 10.22);
insert into SHOT values (2148, 2147, 2150, 1305, 11.730, 297.38, -1.10, 11.729, 297.42, -1.07, 0.009, 32.34, 36.60);
insert into SHOT values (2149, 2147, 2151, 1305, 8.890, 16.58, -17.80, 8.899, 16.60, -17.80, 0.009, 28.73, -15.21);
insert into SHOT values (2150, 2147, 2152, 1305, 5.900, 175.58, -4.50, 5.895, 175.61, -4.48, 0.006, 325.70, 28.94);
insert into SHOT values (2151, 2147, 2153, 1305, 9.450, 255.88, -3.10, 9.448, 255.89, -3.09, 0.002, 39.30, 28.77);
insert into SHOT values (2152, 2147, 2154, 1305, 1.960, 178.58, -82.30, 1.957, 177.80, -82.36, 0.005, 54.16, 28.28);
insert into SHOT values (2153, 2147, 2155, 1305, 1.370, 259.48, 85.40, 1.375, 259.70, 85.33, 0.005, 271.58, 65.90);
insert into SHOT values (2154, 2147, 2156, 1305, 12.590, 243.48, -4.00, 12.589, 243.52, -4.01, 0.008, 345.56, -13.30);
insert into SHOT values (2155, 2156, 2157, 1305, 3.460, 30.58, -0.00, 3.461, 30.57, 0.00, 0.001, 342.66, 0.00);
insert into SHOT values (2156, 2156, 2158, 1305, 4.920, 313.68, -4.40, 4.923, 313.68, -4.43, 0.004, 307.53, -38.96);
insert into SHOT values (2157, 2156, 2159, 1305, 11.920, 297.88, 4.40, 11.917, 297.90, 4.43, 0.008, 70.53, 45.71);
insert into SHOT values (2158, 2156, 2160, 1305, 10.540, 107.18, 8.20, 10.544, 107.17, 8.23, 0.008, 59.81, 59.53);
insert into SHOT values (2159, 2156, 2161, 1305, 12.470, 77.18, 4.10, 12.472, 77.18, 4.09, 0.003, 65.97, -38.36);
insert into SHOT values (2160, 2156, 2162, 1305, 20.200, 115.48, 14.20, 20.205, 115.49, 14.21, 0.007, 152.38, 42.92);
insert into SHOT values (2161, 2156, 2163, 1305, 0.470, 341.18, -84.70, 0.472, 345.96, -84.99, 0.005, 105.28, -25.84);
insert into SHOT values (2162, 2156, 2164, 1305, 7.930, 130.68, 87.80, 7.936, 131.01, 87.80, 0.006, 208.48, 73.12);
insert into SHOT values (2163, 2156, 2165, 1305, 12.940, 160.38, 10.70, 12.943, 160.38, 10.69, 0.004, 157.68, -38.10);
insert into SHOT values (2164, 2165, 2166, 1305, 10.760, 32.18, -0.00, 10.762, 32.17, 0.00, 0.003, 341.75, 0.00);
insert into SHOT values (2165, 2165, 2167, 1305, 11.360, 59.08, 1.50, 11.361, 59.05, 1.51, 0.006, 334.21, 24.00);
insert into SHOT values (2166, 2165, 2168, 1305, 10.770, 31.48, -0.10, 10.772, 31.45, -0.05, 0.011, 319.67, 50.99);
insert into SHOT values (2167, 2165, 2169, 1305, 6.790, 180.48, 30.00, 6.792, 180.49, 30.04, 0.005, 284.25, 85.20);
insert into SHOT values (2168, 2165, 2170, 1305, 11.860, 149.48, 18.00, 11.865, 149.48, 18.02, 0.006, 140.90, 53.50);
insert into SHOT values (2169, 2165, 2171, 1305, 9.250, 235.08, 20.30, 9.250, 235.05, 20.31, 0.006, 138.77, 8.45);
insert into SHOT values (2170, 2165, 2172, 1305, 13.250, 285.48, 8.70, 13.250, 285.50, 8.73, 0.007, 32.13, 54.27);
insert into SHOT values (2171, 2165, 2173, 1305, 3.830, 34.28, -20.70, 3.829, 34.31, -20.64, 0.004, 98.86, 63.29);
insert into SHOT values (2172, 2165, 2174, 1305, 6.360, 76.18, 75.60, 6.371, 76.14, 75.58, 0.011, 61.03, 64.47);
insert into SHOT values (2173, 2165, 2175, 1305, 13.850, 162.58, 73.80, 13.861, 162.55, 73.80, 0.011, 132.46, 64.99);
insert into SCRAPS values (1307, 1301, 'SP-Alex5-1', 1, 6.48016, 0.06921);
 insert into MAPS values (1337, 1301, 'MP-Alex5', 'Alex5', 1, 161.440, -9.300);
 insert into MAPITEMS values (1337, 4, 1307);
 insert into SURVEY values (1340, 51, 'Alex7', 'Alex7.Geophysicheskaya', 'Alex7');
 insert into CENTRELINE values (1341, 1340, NULL, NULL, NULL, 0.00, 0.00, 0.00);
 insert into SURVEY values (1342, 1340, 'Geophysicalskaya_07', 'Geophysicalskaya_07.Alex7.Geophysicheskaya', 'Geophysicaya 07');
 insert into CENTRELINE values (1343, 1342, NULL, NULL, NULL, 0.00, 0.00, 0.00);
 insert into CENTRELINE values (1344, 1342, NULL, '2024-04-16', NULL, 567.23, 0.00, 0.00);
 insert into TOPO values (11, 1344);
 insert into TOPO values (9, 1344);
 insert into TOPO values (3, 1344);
 insert into TOPO values (7, 1344);
 insert into SHOT values (2174, 2176, 2177, 1344, 26.030, 74.58, 1.10, 26.019, 74.16, 0.51, 0.330, 342.06, -54.72);
insert into SHOT values (2175, 2177, 2178, 1344, 4.970, 7.58, 5.90, 4.970, 7.67, 5.89, 0.008, 93.28, -6.59);
insert into SHOT values (2176, 2177, 2179, 1344, 4.560, 113.68, 9.90, 4.567, 113.72, 9.83, 0.009, 132.01, -25.49);
insert into SHOT values (2177, 2177, 2180, 1344, 3.980, 177.38, 3.40, 3.982, 177.26, 3.46, 0.010, 97.59, 24.49);
insert into SHOT values (2178, 2177, 2181, 1344, 9.630, 214.38, 3.60, 9.624, 214.35, 3.57, 0.009, 77.04, -30.98);
insert into SHOT values (2179, 2177, 2182, 1344, 7.570, 328.58, 4.60, 7.569, 328.61, 4.62, 0.004, 79.79, 41.54);
insert into SHOT values (2180, 2177, 2183, 1344, 1.280, 281.98, 81.80, 1.282, 280.01, 82.26, 0.012, 132.63, 14.81);
insert into SHOT values (2181, 2177, 2184, 1344, 0.870, 158.28, -80.80, 0.872, 155.22, -80.55, 0.009, 95.20, -7.92);
insert into SHOT values (2182, 2177, 2185, 1344, 12.480, 86.58, 6.60, 12.469, 86.44, 6.31, 0.072, 350.42, -63.87);
insert into SHOT values (2183, 2185, 2186, 1344, 0.590, 353.68, 1.90, 0.593, 354.19, 1.93, 0.006, 51.33, 4.01);
insert into SHOT values (2184, 2185, 2187, 1344, 7.500, 180.38, 35.00, 7.496, 180.37, 35.00, 0.004, 17.44, -26.41);
insert into SHOT values (2185, 2185, 2188, 1344, 6.620, 124.58, 14.20, 6.625, 124.53, 14.24, 0.009, 66.50, 41.56);
insert into SHOT values (2186, 2185, 2189, 1344, 5.260, 92.38, 5.20, 5.266, 92.29, 5.23, 0.011, 38.26, 18.16);
insert into SHOT values (2187, 2185, 2190, 1344, 5.770, 238.18, 21.40, 5.767, 238.18, 21.46, 0.007, 65.72, 40.57);
insert into SHOT values (2188, 2185, 2191, 1344, 2.770, 271.78, 10.00, 2.763, 271.90, 10.00, 0.008, 52.24, -6.87);
insert into SHOT values (2189, 2185, 2192, 1344, 1.180, 106.28, -89.30, 1.180, 90.00, -89.03, 0.007, 56.74, -0.68);
insert into SHOT values (2190, 2185, 2193, 1344, 2.490, 186.08, 67.90, 2.492, 186.14, 67.96, 0.003, 334.60, 60.20);
insert into SHOT values (2191, 2185, 2194, 1344, 5.700, 100.98, 16.50, 5.688, 100.88, 16.34, 0.023, 335.36, -56.74);
insert into SHOT values (2192, 2194, 2195, 1344, 0.450, 358.48, 1.60, 0.451, 358.73, 2.54, 0.008, 80.09, 75.41);
insert into SHOT values (2193, 2194, 2196, 1344, 3.210, 157.88, -0.50, 3.207, 157.83, -0.36, 0.009, 22.11, 63.56);
insert into SHOT values (2194, 2194, 2197, 1344, 2.030, 75.38, -4.70, 2.032, 75.41, -4.52, 0.007, 103.43, 69.49);
insert into SHOT values (2195, 2194, 2198, 1344, 2.940, 127.18, -3.90, 2.941, 127.10, -3.90, 0.004, 48.77, -0.49);
insert into SHOT values (2196, 2194, 2199, 1344, 4.510, 115.48, 1.40, 4.510, 115.49, 1.40, 0.000, 183.51, -49.68);
insert into SHOT values (2197, 2194, 2200, 1344, 0.540, 221.68, 13.60, 0.540, 221.91, 13.93, 0.004, 334.10, 53.92);
insert into SHOT values (2198, 2194, 2201, 1344, 1.080, 159.08, 62.10, 1.084, 159.04, 62.33, 0.006, 348.48, 69.19);
insert into SHOT values (2199, 2194, 2202, 1344, 1.840, 114.58, -74.90, 1.832, 114.94, -75.00, 0.009, 264.25, 47.59);
insert into SHOT values (2200, 2194, 2203, 1344, 7.380, 95.68, -7.60, 7.373, 95.58, -7.80, 0.029, 327.43, -54.45);
insert into SHOT values (2201, 2203, 2204, 1344, 2.200, 131.78, 3.50, 2.193, 131.85, 3.66, 0.010, 293.08, 35.24);
insert into SHOT values (2202, 2203, 2205, 1344, 1.860, 215.58, 5.80, 1.858, 215.75, 5.87, 0.006, 326.79, 19.02);
insert into SHOT values (2203, 2203, 2206, 1344, 0.510, 319.18, 8.10, 0.508, 319.03, 7.92, 0.003, 179.15, -41.26);
insert into SHOT values (2204, 2203, 2207, 1344, 1.970, 354.18, 3.10, 1.973, 354.17, 3.20, 0.005, 348.00, 48.38);
insert into SHOT values (2205, 2203, 2208, 1344, 4.980, 41.48, 1.20, 4.981, 41.50, 1.27, 0.006, 88.32, 71.02);
insert into SHOT values (2206, 2203, 2209, 1344, 5.890, 66.98, 0.60, 5.888, 67.01, 0.58, 0.003, 195.73, -29.47);
insert into SHOT values (2207, 2203, 2210, 1344, 3.590, 161.78, -0.70, 3.589, 161.82, -0.64, 0.004, 265.26, 60.32);
insert into SHOT values (2208, 2203, 2211, 1344, 1.520, 202.28, 86.30, 1.523, 203.96, 86.29, 0.004, 285.23, 47.45);
insert into SHOT values (2209, 2203, 2212, 1344, 0.650, 99.58, -83.90, 0.654, 98.13, -83.79, 0.004, 51.61, -56.74);
insert into SHOT values (2210, 2203, 2213, 1344, 11.360, 192.18, -8.40, 11.353, 192.40, -8.71, 0.076, 303.15, -52.90);
insert into SHOT values (2211, 2213, 2214, 1344, 2.680, 83.18, 9.40, 2.685, 83.28, 9.43, 0.006, 129.29, 20.72);
insert into SHOT values (2212, 2213, 2215, 1344, 5.000, 150.28, 4.80, 5.003, 150.30, 4.82, 0.003, 177.25, 29.94);
insert into SHOT values (2213, 2213, 2216, 1344, 12.050, 186.28, 2.10, 12.051, 186.29, 2.14, 0.009, 258.30, 75.90);
insert into SHOT values (2214, 2213, 2217, 1344, 3.510, 251.78, 12.80, 3.509, 251.78, 12.84, 0.003, 90.04, 62.55);
insert into SHOT values (2215, 2213, 2218, 1344, 2.290, 325.68, 8.90, 2.289, 325.82, 9.05, 0.008, 75.83, 45.30);
insert into SHOT values (2216, 2213, 2219, 1344, 1.080, 140.08, 81.50, 1.083, 139.76, 80.96, 0.011, 134.99, 9.88);
insert into SHOT values (2217, 2213, 2220, 1344, 0.500, 144.18, -86.80, 0.491, 146.31, -85.79, 0.012, 153.54, 48.25);
insert into SHOT values (2218, 2213, 2221, 1344, 20.010, 191.58, 1.80, 20.005, 191.89, 1.35, 0.191, 282.35, -56.08);
insert into SHOT values (2219, 2221, 2222, 1344, 5.460, 44.78, -2.20, 5.463, 44.85, -2.20, 0.007, 110.73, -3.24);
insert into SHOT values (2220, 2221, 2223, 1344, 6.820, 18.88, -1.60, 6.821, 18.91, -1.60, 0.004, 96.76, 6.65);
insert into SHOT values (2221, 2221, 2224, 1344, 7.840, 104.28, -1.10, 7.843, 104.25, -1.10, 0.005, 43.88, 5.36);
insert into SHOT values (2222, 2221, 2225, 1344, 16.730, 132.38, -0.40, 16.734, 132.38, -0.38, 0.008, 136.45, 60.43);
insert into SHOT values (2223, 2221, 2226, 1344, 31.170, 188.98, -1.30, 31.169, 188.97, -1.29, 0.009, 92.55, 50.79);
insert into SHOT values (2224, 2221, 2227, 1344, 20.230, 218.68, 1.00, 20.229, 218.68, 1.02, 0.007, 106.05, 72.26);
insert into SHOT values (2225, 2221, 2228, 1344, 12.530, 242.78, 6.10, 12.531, 242.78, 6.09, 0.002, 191.93, -39.55);
insert into SHOT values (2226, 2221, 2229, 1344, 12.690, 262.78, 9.50, 12.684, 262.79, 9.53, 0.009, 71.47, 37.66);
insert into SHOT values (2227, 2221, 2230, 1344, 31.500, 279.58, 7.80, 31.497, 279.57, 7.81, 0.008, 151.79, 37.74);
insert into SHOT values (2228, 2221, 2231, 1344, 33.030, 295.78, 10.60, 33.026, 295.78, 10.61, 0.006, 113.86, 41.77);
insert into SHOT values (2229, 2221, 2232, 1344, 22.240, 317.18, 10.90, 22.239, 317.19, 10.91, 0.005, 78.55, 57.46);
insert into SHOT values (2230, 2221, 2233, 1344, 13.470, 331.68, 8.80, 13.469, 331.70, 8.80, 0.005, 71.35, -9.20);
insert into SHOT values (2231, 2221, 2234, 1344, 1.670, 206.98, 86.50, 1.673, 203.96, 86.62, 0.007, 82.24, 26.25);
insert into SHOT values (2232, 2221, 2235, 1344, 1.160, 175.68, -84.40, 1.155, 174.81, -84.51, 0.006, 27.24, 54.08);
insert into SHOT values (2233, 2221, 2236, 1344, 27.630, 170.48, -2.10, 27.618, 170.78, -2.74, 0.340, 270.57, -64.73);
insert into SHOT values (2234, 2236, 2237, 1344, 10.280, 223.18, 4.70, 10.278, 223.18, 4.69, 0.003, 63.81, -58.01);
insert into SHOT values (2235, 2236, 2238, 1344, 14.860, 81.18, 9.30, 14.867, 81.22, 9.29, 0.012, 131.86, -7.07);
insert into SHOT values (2236, 2236, 2239, 1344, 26.770, 138.68, 6.80, 26.774, 138.69, 6.80, 0.005, 177.54, 3.55);
insert into SHOT values (2237, 2236, 2240, 1344, 34.890, 172.88, 4.30, 34.898, 172.87, 4.31, 0.012, 123.00, 19.18);
insert into SHOT values (2238, 2236, 2241, 1344, 15.920, 295.58, 5.90, 15.914, 295.56, 5.92, 0.009, 159.22, 21.98);
insert into SHOT values (2239, 2236, 2242, 1344, 26.670, 0.68, 3.70, 26.667, 0.69, 3.70, 0.004, 134.02, -16.55);
insert into SHOT values (2240, 2236, 2243, 1344, 3.670, 224.68, 82.60, 3.671, 224.14, 82.58, 0.005, 148.73, 7.04);
insert into SHOT values (2241, 2236, 2244, 1344, 0.430, 25.08, -85.00, 0.432, 33.69, -85.21, 0.006, 133.79, -16.03);
insert into SHOT values (2242, 2236, 2245, 1344, 33.670, 157.58, 1.20, 33.672, 157.58, 1.19, 0.006, 109.50, -57.28);
insert into SHOT values (2243, 2245, 2246, 1344, 9.550, 260.58, 8.10, 9.554, 260.57, 8.12, 0.006, 221.03, 47.09);
insert into SHOT values (2244, 2245, 2247, 1344, 10.510, 193.48, 18.70, 10.509, 193.48, 18.70, 0.001, 55.84, 14.18);
insert into SHOT values (2245, 2245, 2248, 1344, 7.340, 98.98, 20.10, 7.345, 99.01, 20.15, 0.009, 156.57, 61.93);
insert into SHOT values (2246, 2245, 2249, 1344, 9.390, 37.38, 12.10, 9.389, 37.43, 12.11, 0.008, 134.36, 12.17);
insert into SHOT values (2247, 2245, 2250, 1344, 20.030, 7.58, 7.00, 20.025, 7.60, 7.03, 0.013, 136.87, 43.77);
insert into SHOT values (2248, 2245, 2251, 1344, 12.960, 289.68, 5.50, 12.953, 289.67, 5.54, 0.011, 127.92, 43.35);
insert into SHOT values (2249, 2245, 2252, 1344, 3.860, 164.98, 85.50, 3.862, 165.07, 85.39, 0.008, 168.45, 13.95);
insert into SHOT values (2250, 2245, 2253, 1344, 0.820, 307.68, -76.90, 0.812, 306.25, -76.75, 0.010, 218.90, 61.81);
insert into SHOT values (2251, 2245, 2254, 1344, 13.810, 149.38, 17.60, 13.815, 149.36, 17.61, 0.007, 104.45, 35.03);
insert into SHOT values (2252, 2254, 2255, 1344, 7.950, 26.68, -8.50, 7.946, 26.70, -8.54, 0.007, 188.59, -42.42);
insert into SHOT values (2253, 2254, 2256, 1344, 14.510, 212.58, -6.40, 14.513, 212.60, -6.41, 0.005, 270.81, -28.84);
insert into SHOT values (2254, 2254, 2257, 1344, 11.300, 281.18, -4.20, 11.303, 281.15, -4.21, 0.008, 217.11, -18.52);
insert into SHOT values (2255, 2254, 2258, 1344, 13.650, 355.08, -3.60, 13.647, 355.07, -3.61, 0.005, 219.32, -37.47);
insert into SHOT values (2256, 2254, 2259, 1344, 8.770, 87.58, -6.30, 8.771, 87.57, -6.28, 0.003, 16.40, 43.08);
insert into SHOT values (2257, 2254, 2260, 1344, 0.470, 286.68, 84.50, 0.473, 281.31, 83.81, 0.008, 246.82, 16.20);
insert into SHOT values (2258, 2254, 2261, 1344, 2.140, 118.48, -84.00, 2.141, 120.07, -84.12, 0.008, 243.34, -13.11);
insert into SHOT values (2259, 2254, 2262, 1344, 11.590, 143.78, -11.30, 11.587, 143.81, -11.30, 0.005, 263.39, 11.20);
insert into SHOT values (2260, 2262, 2263, 1344, 16.030, 348.58, -2.30, 16.030, 348.58, -2.29, 0.003, 109.37, 81.47);
insert into SHOT values (2261, 2262, 2264, 1344, 12.340, 25.28, -2.20, 12.342, 25.30, -2.18, 0.005, 85.00, 46.21);
insert into SHOT values (2262, 2262, 2265, 1344, 14.770, 59.08, -2.70, 14.772, 59.09, -2.72, 0.005, 95.84, -57.76);
insert into SHOT values (2263, 2262, 2266, 1344, 11.050, 113.78, -0.00, 11.050, 113.80, 0.00, 0.004, 203.03, 0.00);
insert into SHOT values (2264, 2262, 2267, 1344, 34.210, 146.58, -1.20, 34.214, 146.58, -1.21, 0.005, 112.54, -40.38);
insert into SHOT values (2265, 2262, 2268, 1344, 9.320, 132.88, -0.10, 9.319, 132.87, -0.12, 0.004, 20.40, -56.46);
insert into SHOT values (2266, 2262, 2269, 1344, 24.050, 177.58, 2.00, 24.046, 177.59, 2.00, 0.005, 318.68, 7.19);
insert into SHOT values (2267, 2262, 2270, 1344, 18.800, 193.98, 2.90, 18.801, 193.99, 2.90, 0.003, 260.94, -20.68);
insert into SHOT values (2268, 2262, 2271, 1344, 17.290, 213.68, 2.60, 17.288, 213.69, 2.59, 0.005, 342.01, -59.02);
insert into SHOT values (2269, 2262, 2272, 1344, 12.990, 244.98, 2.40, 12.990, 244.98, 2.38, 0.004, 147.30, -64.69);
insert into SHOT values (2270, 2262, 2273, 1344, 15.080, 265.98, 4.40, 15.081, 266.00, 4.41, 0.005, 336.70, 41.48);
insert into SHOT values (2271, 2262, 2274, 1344, 23.690, 295.08, 1.90, 23.687, 295.09, 1.89, 0.007, 58.48, -48.86);
insert into SHOT values (2272, 2262, 2275, 1344, 30.070, 312.28, 0.50, 30.066, 312.29, 0.50, 0.006, 92.34, -22.68);
insert into SHOT values (2273, 2262, 2276, 1344, 1.790, 40.78, 80.90, 1.793, 42.14, 80.91, 0.007, 130.66, 20.70);
insert into SHOT values (2274, 2262, 2277, 1344, 1.140, 62.18, -80.10, 1.136, 62.10, -80.25, 0.005, 246.43, 39.60);
insert into SHOT values (2275, 2262, 2278, 1344, 25.850, 77.88, -4.70, 25.851, 77.88, -4.70, 0.003, 21.21, -38.15);
insert into SHOT values (2276, 2278, 2279, 1344, 5.280, 316.68, 16.20, 5.281, 316.68, 16.16, 0.004, 300.93, -58.97);
insert into SHOT values (2277, 2278, 2280, 1344, 4.160, 278.78, 11.50, 4.161, 278.75, 11.51, 0.003, 208.08, 12.66);
insert into SHOT values (2278, 2278, 2281, 1344, 7.540, 39.18, 8.70, 7.535, 39.22, 8.70, 0.007, 172.01, -3.97);
insert into SHOT values (2279, 2278, 2282, 1344, 6.080, 74.78, 9.40, 6.080, 74.83, 9.37, 0.006, 156.13, -32.18);
insert into SHOT values (2280, 2278, 2283, 1344, 7.160, 123.48, 12.50, 7.162, 123.51, 12.50, 0.004, 183.57, 4.76);
insert into SHOT values (2281, 2278, 2284, 1344, 2.320, 172.08, 19.70, 2.325, 172.13, 19.60, 0.007, 187.23, -17.20);
insert into SHOT values (2282, 2278, 2285, 1344, 2.850, 19.18, 79.30, 2.849, 18.78, 79.32, 0.004, 273.44, -6.56);
insert into SHOT values (2283, 2278, 2286, 1344, 0.420, 120.08, -69.60, 0.419, 121.61, -68.62, 0.008, 153.35, 26.30);
insert into SHOT values (2284, 2278, 2287, 1344, 15.650, 52.58, 4.30, 15.645, 52.58, 4.29, 0.006, 244.67, -32.59);
insert into SHOT values (2285, 2287, 2288, 1344, 1.260, 138.88, 5.00, 1.266, 138.86, 4.98, 0.006, 133.59, 1.66);
insert into SHOT values (2286, 2287, 2289, 1344, 3.230, 67.58, -3.30, 3.238, 67.64, -3.19, 0.011, 88.00, 33.30);
insert into SHOT values (2287, 2287, 2290, 1344, 1.590, 309.28, 38.70, 1.591, 309.09, 38.95, 0.008, 175.21, 45.85);
insert into SHOT values (2288, 2287, 2291, 1344, 2.770, 200.68, 2.90, 2.769, 200.53, 2.90, 0.007, 104.60, -1.11);
insert into SHOT values (2289, 2287, 2292, 1344, 1.090, 329.28, 83.00, 1.097, 331.39, 83.44, 0.012, 118.15, 42.37);
insert into SHOT values (2290, 2287, 2293, 1344, 0.970, 95.88, -82.50, 0.969, 94.40, -82.27, 0.005, 53.72, 18.68);
insert into SHOT values (2291, 2287, 2294, 1344, 2.000, 153.88, -15.50, 1.999, 153.83, -15.37, 0.005, 73.27, 69.32);
insert into SHOT values (2292, 2294, 2295, 1344, 0.790, 46.08, -16.50, 0.788, 46.61, -16.21, 0.008, 141.03, 32.24);
insert into SHOT values (2293, 2294, 2296, 1344, 0.270, 216.38, 0.70, 0.272, 216.03, 0.00, 0.004, 176.81, -51.20);
insert into SHOT values (2294, 2294, 2297, 1344, 2.010, 107.78, 1.80, 2.015, 107.63, 1.71, 0.008, 62.82, -21.77);
insert into SHOT values (2295, 2294, 2298, 1344, 4.040, 128.08, 2.50, 4.043, 128.06, 2.55, 0.005, 98.72, 50.45);
insert into SHOT values (2296, 2294, 2299, 1344, 0.870, 342.68, -1.90, 0.870, 342.61, -1.98, 0.002, 264.70, -44.16);
insert into SHOT values (2297, 2294, 2300, 1344, 1.470, 345.58, 2.90, 1.467, 345.77, 2.74, 0.007, 108.88, -36.85);
insert into SHOT values (2298, 2294, 2301, 1344, 0.360, 205.28, 73.60, 0.364, 203.96, 74.28, 0.006, 60.80, 49.94);
insert into SHOT values (2299, 2294, 2302, 1344, 0.410, 102.28, -80.60, 0.407, 105.95, -79.68, 0.009, 141.55, 31.46);
insert into SHOT values (2300, 2294, 2303, 1344, 11.420, 138.78, 0.60, 11.424, 138.76, 0.60, 0.006, 90.85, 4.15);
insert into SHOT values (2301, 2262, 2304, 1344, 8.920, 166.18, 0.50, 8.918, 166.18, 0.51, 0.003, 354.14, 53.88);
insert into SHOT values (2302, 2304, 2305, 1344, 5.610, 67.78, 3.00, 5.614, 67.78, 2.96, 0.005, 64.64, -42.13);
insert into SHOT values (2303, 2304, 2306, 1344, 13.940, 35.08, 4.50, 13.939, 35.10, 4.48, 0.005, 131.63, -48.63);
insert into SHOT values (2304, 2304, 2307, 1344, 19.590, 11.58, 4.10, 19.587, 11.57, 4.10, 0.004, 241.07, -9.13);
insert into SHOT values (2305, 2304, 2308, 1344, 17.620, 200.88, 1.50, 17.623, 200.88, 1.50, 0.004, 201.38, -20.23);
insert into SHOT values (2306, 2304, 2309, 1344, 13.350, 237.78, 6.30, 13.356, 237.77, 6.28, 0.008, 211.88, -35.98);
insert into SHOT values (2307, 2304, 2310, 1344, 26.180, 145.98, -2.20, 26.188, 145.98, -2.21, 0.009, 141.59, -32.93);
insert into SHOT values (2308, 2304, 2311, 1344, 14.310, 287.88, 4.50, 14.313, 287.88, 4.49, 0.004, 257.35, -38.40);
insert into SHOT values (2309, 2304, 2312, 1344, 2.210, 182.98, 79.10, 2.210, 182.73, 79.03, 0.003, 146.72, -2.31);
insert into SHOT values (2310, 2304, 2313, 1344, 0.550, 10.58, -82.70, 0.555, 8.13, -82.67, 0.005, 294.68, -55.01);
insert into SHOT values (2311, 2304, 2314, 1344, 21.620, 186.18, -1.40, 21.622, 186.19, -1.40, 0.003, 222.52, -30.84);
insert into SHOT values (2312, 2304, 2315, 1344, 23.810, 159.88, -3.80, 23.811, 159.89, -3.80, 0.003, 211.57, -45.26);
insert into SHOT values (2313, 2315, 2316, 1344, 3.300, 112.38, 10.40, 3.299, 112.46, 10.30, 0.007, 197.20, -53.75);
insert into SHOT values (2314, 2315, 2317, 1344, 3.510, 249.68, 9.70, 3.505, 249.68, 9.69, 0.005, 74.37, -16.39);
insert into SHOT values (2315, 2315, 2318, 1344, 5.230, 204.18, 5.80, 5.233, 204.15, 5.81, 0.004, 155.71, 21.52);
insert into SHOT values (2316, 2315, 2319, 1344, 6.510, 188.48, 5.20, 6.507, 188.43, 5.20, 0.007, 70.47, -0.15);
insert into SHOT values (2317, 2315, 2320, 1344, 9.700, 159.48, -5.70, 9.702, 159.44, -5.68, 0.008, 91.51, 25.43);
insert into SHOT values (2318, 2315, 2321, 1344, 23.360, 302.18, 6.70, 23.356, 302.20, 6.69, 0.008, 64.22, -40.73);
insert into SHOT values (2319, 2315, 2322, 1344, 17.910, 1.38, 7.10, 17.912, 1.39, 7.09, 0.005, 20.72, -54.01);
insert into SHOT values (2320, 2315, 2323, 1344, 7.270, 95.68, 12.70, 7.273, 95.66, 12.71, 0.004, 49.43, 25.59);
insert into SHOT values (2321, 2315, 2324, 1344, 4.440, 250.38, 79.70, 4.442, 250.20, 79.66, 0.004, 212.30, 20.67);
insert into SHOT values (2322, 2315, 2325, 1344, 1.760, 253.48, -79.10, 1.762, 252.65, -79.03, 0.006, 189.74, -17.79);
insert into SHOT values (2323, 2315, 2326, 1344, 16.870, 140.88, -7.50, 16.871, 140.90, -7.49, 0.004, 215.45, 26.90);
insert into SHOT values (2324, 2326, 2327, 1344, 3.980, 242.48, 31.60, 3.970, 242.53, 31.60, 0.010, 46.16, -31.63);
insert into SHOT values (2325, 2326, 2328, 1344, 1.710, 171.28, 14.30, 1.713, 170.99, 14.19, 0.009, 103.44, -14.54);
insert into SHOT values (2326, 2326, 2329, 1344, 7.990, 305.68, 7.60, 7.987, 305.70, 7.55, 0.007, 83.36, -66.58);
insert into SHOT values (2327, 2326, 2330, 1344, 0.830, 254.88, 78.80, 0.825, 255.07, 79.15, 0.007, 70.08, -34.97);
insert into SHOT values (2328, 2326, 2331, 1344, 0.540, 275.18, -81.60, 0.545, 278.13, -82.54, 0.011, 71.45, -32.68);
insert into SHOT values (2329, 2236, 2332, 1344, 22.880, 326.68, 3.50, 22.884, 326.60, 2.96, 0.220, 263.78, -80.46);
insert into SHOT values (2330, 2332, 2333, 1344, 10.890, 204.78, -0.80, 10.887, 204.82, -0.84, 0.011, 317.83, -44.19);
insert into SHOT values (2331, 2332, 2334, 1344, 19.270, 176.08, -0.40, 19.265, 176.10, -0.42, 0.009, 306.02, -35.41);
insert into SHOT values (2332, 2332, 2335, 1344, 16.000, 80.48, 2.80, 16.000, 80.46, 2.79, 0.008, 352.98, -11.48);
insert into SHOT values (2333, 2332, 2336, 1344, 33.060, 124.78, 1.20, 33.059, 124.77, 1.20, 0.007, 29.62, -19.63);
insert into SHOT values (2334, 2332, 2337, 1344, 12.930, 314.18, 3.20, 12.933, 314.18, 3.19, 0.004, 317.87, -28.63);
insert into SHOT values (2335, 2332, 2338, 1344, 21.930, 313.08, 8.50, 21.933, 313.09, 8.50, 0.005, 10.10, -16.02);
insert into SHOT values (2336, 2332, 2339, 1344, 22.010, 350.38, 12.10, 22.011, 350.37, 12.09, 0.006, 286.49, -36.58);
insert into SHOT values (2337, 2332, 2340, 1344, 14.520, 256.88, -4.40, 14.520, 256.90, -4.42, 0.008, 354.63, -48.15);
insert into SHOT values (2338, 2332, 2341, 1344, 2.850, 7.88, 62.00, 2.846, 7.71, 61.87, 0.009, 322.93, -47.68);
insert into SHOT values (2339, 2332, 2342, 1344, 1.380, 182.98, -87.70, 1.381, 180.00, -87.92, 0.006, 28.51, -10.43);
insert into SHOT values (2340, 2332, 2343, 1344, 24.010, 285.88, -2.40, 24.024, 286.12, -2.93, 0.245, 13.69, -66.53);
insert into SHOT values (2341, 2343, 2344, 1344, 4.360, 217.68, 5.40, 4.368, 217.71, 5.39, 0.008, 233.86, -2.20);
insert into SHOT values (2342, 2343, 2345, 1344, 10.980, 298.48, 2.80, 10.980, 298.48, 2.77, 0.006, 256.50, -84.61);
insert into SHOT values (2343, 2343, 2346, 1344, 11.000, 322.28, 3.70, 11.000, 322.25, 3.70, 0.006, 234.39, 1.43);
insert into SHOT values (2344, 2343, 2347, 1344, 8.080, 23.78, 19.30, 8.071, 23.77, 19.32, 0.010, 212.90, -3.22);
insert into SHOT values (2345, 2343, 2348, 1344, 22.110, 60.08, 18.50, 22.102, 60.10, 18.49, 0.010, 205.96, -34.61);
insert into SHOT values (2346, 2343, 2349, 1344, 14.050, 120.78, 3.40, 14.051, 120.79, 3.39, 0.004, 158.81, -57.00);
insert into SHOT values (2347, 2343, 2350, 1344, 1.570, 259.58, 82.20, 1.565, 259.22, 82.15, 0.006, 196.55, -74.30);
insert into SHOT values (2348, 2343, 2351, 1344, 0.520, 244.98, -77.50, 0.522, 243.43, -77.64, 0.004, 140.40, -36.69);
insert into SHOT values (2349, 2343, 2352, 1344, 10.610, 335.08, 8.20, 10.619, 334.97, 7.90, 0.059, 283.02, -63.66);
insert into SHOT values (2350, 2352, 2353, 1344, 3.070, 251.78, -0.20, 3.064, 251.74, -0.19, 0.006, 92.70, 6.67);
insert into SHOT values (2351, 2352, 2354, 1344, 10.170, 40.98, 36.40, 10.168, 40.99, 36.37, 0.005, 69.02, -72.95);
insert into SHOT values (2352, 2352, 2355, 1344, 15.720, 103.68, 23.70, 15.725, 103.70, 23.70, 0.007, 139.03, 11.84);
insert into SHOT values (2353, 2352, 2356, 1344, 24.370, 127.38, 0.70, 24.379, 127.38, 0.71, 0.009, 124.57, 14.47);
insert into SHOT values (2354, 2352, 2357, 1344, 10.440, 184.98, -4.90, 10.437, 184.96, -4.89, 0.005, 54.65, 21.87);
insert into SHOT values (2355, 2352, 2358, 1344, 1.950, 55.88, 79.30, 1.944, 56.31, 79.31, 0.007, 175.15, -63.21);
insert into SHOT values (2356, 2352, 2359, 1344, 1.520, 90.18, -79.30, 1.518, 90.00, -78.99, 0.009, 83.39, 24.49);
insert into SHOT values (2357, 2352, 2360, 1344, 6.620, 308.28, 22.20, 6.626, 308.32, 21.98, 0.026, 325.12, -54.18);
insert into SHOT values (2358, 2360, 2361, 1344, 2.130, 198.58, -6.30, 2.132, 198.43, -6.46, 0.008, 124.67, -47.66);
insert into SHOT values (2359, 2360, 2362, 1344, 2.760, 315.98, -1.80, 2.760, 315.88, -1.87, 0.006, 219.01, -33.78);
insert into SHOT values (2360, 2360, 2363, 1344, 5.930, 5.18, 9.00, 5.927, 5.19, 9.03, 0.004, 164.12, 36.55);
insert into SHOT values (2361, 2360, 2364, 1344, 6.790, 71.18, 37.10, 6.790, 71.16, 37.04, 0.008, 49.79, -48.99);
insert into SHOT values (2362, 2360, 2365, 1344, 2.540, 120.28, 3.30, 2.540, 120.31, 3.16, 0.006, 169.28, -78.31);
insert into SHOT values (2363, 2360, 2366, 1344, 1.080, 74.78, 82.30, 1.080, 74.05, 82.25, 0.002, 10.34, -7.27);
insert into SHOT values (2364, 2360, 2367, 1344, 2.610, 270.08, -87.80, 2.612, 270.00, -87.81, 0.002, 127.18, -82.86);
insert into SHOT values (2365, 2360, 2368, 1344, 5.810, 341.98, -7.90, 5.823, 341.91, -8.10, 0.025, 306.06, -59.89);
insert into SHOT values (2366, 2368, 2369, 1344, 3.820, 67.98, 13.40, 3.824, 68.06, 13.46, 0.008, 121.39, 38.95);
insert into SHOT values (2367, 2368, 2370, 1344, 5.220, 197.68, -3.20, 5.214, 197.67, -3.19, 0.007, 29.21, 12.21);
insert into SHOT values (2368, 2368, 2371, 1344, 5.930, 254.58, -25.50, 5.928, 254.61, -25.48, 0.004, 354.85, 45.71);
insert into SHOT values (2369, 2368, 2372, 1344, 9.410, 132.78, 26.20, 9.412, 132.74, 26.23, 0.008, 34.21, 42.77);
insert into SHOT values (2370, 2368, 2373, 1344, 5.900, 175.48, 11.10, 5.899, 175.44, 11.14, 0.006, 67.97, 43.18);
insert into SHOT values (2371, 2368, 2374, 1344, 1.640, 156.08, 82.40, 1.645, 155.77, 82.34, 0.005, 129.82, 58.59);
insert into SHOT values (2372, 2368, 2375, 1344, 0.710, 160.78, -83.50, 0.705, 159.44, -83.04, 0.008, 139.18, 45.07);
insert into SHOT values (2373, 2368, 2176, 1344, 7.650, 350.18, -20.50, 7.667, 350.13, -20.62, 0.024, 318.48, -59.09);
insert into SHOT values (2374, 2176, 2376, 1344, 28.730, 330.08, -1.60, 28.732, 330.07, -1.60, 0.007, 253.09, 17.17);
insert into SHOT values (2375, 2376, 2377, 1344, 27.170, 296.98, 1.80, 27.169, 296.98, 1.79, 0.004, 170.69, -62.19);
insert into SHOT values (2376, 2376, 2378, 1344, 15.220, 350.38, -2.50, 15.218, 350.38, -2.52, 0.006, 174.64, -73.20);
insert into SHOT values (2377, 2376, 2379, 1344, 12.470, 40.28, 1.70, 12.472, 40.28, 1.70, 0.002, 31.98, 2.21);
insert into SHOT values (2378, 2376, 2380, 1344, 21.170, 74.28, 0.70, 21.172, 74.30, 0.70, 0.005, 143.89, 14.99);
insert into SHOT values (2379, 2376, 2381, 1344, 11.240, 110.58, 6.40, 11.244, 110.59, 6.38, 0.005, 133.84, -33.97);
insert into SHOT values (2380, 2376, 2382, 1344, 30.580, 166.78, 3.20, 30.576, 166.78, 3.19, 0.008, 348.33, -62.44);
insert into SHOT values (2381, 2376, 2383, 1344, 1.560, 56.98, 85.60, 1.555, 55.01, 85.50, 0.007, 355.76, -48.38);
insert into SHOT values (2382, 2376, 2384, 1344, 0.560, 114.88, -84.80, 0.563, 111.80, -84.51, 0.005, 71.09, -28.85);
insert into SHOT values (2383, 2376, 2385, 1344, 27.580, 17.48, -3.10, 27.585, 17.49, -3.12, 0.011, 67.91, -51.27);
insert into SHOT values (2384, 2385, 2386, 1344, 6.970, 267.88, 4.50, 6.977, 267.86, 4.52, 0.008, 241.67, 23.93);
insert into SHOT values (2385, 2385, 2387, 1344, 5.870, 343.28, 0.60, 5.869, 343.26, 0.68, 0.009, 225.53, 74.85);
insert into SHOT values (2386, 2385, 2388, 1344, 5.790, 48.88, -2.20, 5.788, 48.93, -2.18, 0.005, 165.67, 25.19);
insert into SHOT values (2387, 2385, 2389, 1344, 4.990, 118.98, 4.00, 4.985, 118.99, 4.03, 0.005, 294.74, 21.46);
insert into SHOT values (2388, 2385, 2390, 1344, 7.530, 152.58, 1.90, 7.527, 152.62, 1.90, 0.005, 276.03, 3.64);
insert into SHOT values (2389, 2385, 2391, 1344, 9.190, 224.68, 5.50, 9.200, 224.69, 5.55, 0.013, 231.41, 43.89);
insert into SHOT values (2390, 2385, 2392, 1344, 1.390, 324.88, 83.00, 1.391, 324.46, 82.89, 0.003, 299.33, 7.02);
insert into SHOT values (2391, 2385, 2393, 1344, 0.580, 72.48, -87.10, 0.571, 71.57, -86.82, 0.010, 59.92, 75.87);
insert into SHOT values (2392, 2385, 2394, 1344, 14.270, 8.68, -4.00, 14.268, 8.69, -3.98, 0.006, 157.34, 67.50);
insert into SHOT values (2393, 2394, 2395, 1344, 3.690, 274.08, 7.30, 3.689, 274.07, 7.32, 0.002, 127.95, 48.14);
insert into SHOT values (2394, 2394, 2396, 1344, 5.300, 342.58, 4.70, 5.299, 342.59, 4.65, 0.004, 90.38, -76.13);
insert into SHOT values (2395, 2394, 2397, 1344, 3.400, 71.08, -0.40, 3.393, 71.08, -0.34, 0.008, 250.49, 29.24);
insert into SHOT values (2396, 2394, 2398, 1344, 5.410, 123.18, 8.00, 5.405, 123.19, 7.98, 0.005, 300.57, -34.30);
insert into SHOT values (2397, 2394, 2399, 1344, 5.090, 156.88, 5.80, 5.089, 156.98, 5.75, 0.010, 251.91, -27.10);
insert into SHOT values (2398, 2394, 2400, 1344, 8.440, 209.08, 4.80, 8.441, 209.09, 4.82, 0.004, 268.93, 63.59);
insert into SHOT values (2399, 2394, 2401, 1344, 1.130, 82.28, 82.20, 1.130, 82.41, 82.31, 0.002, 253.27, 12.47);
insert into SHOT values (2400, 2394, 2402, 1344, 0.610, 163.28, -78.40, 0.613, 165.96, -78.35, 0.006, 244.44, -22.79);
insert into SHOT values (2401, 2394, 2403, 1344, 8.750, 23.88, -14.20, 8.752, 23.85, -14.22, 0.007, 310.02, -31.71);
insert into SHOT values (2402, 2403, 2404, 1344, 0.460, 304.48, 5.70, 0.463, 304.38, 6.20, 0.005, 287.49, 56.71);
insert into SHOT values (2403, 2403, 2405, 1344, 2.250, 354.08, -3.00, 2.245, 354.11, -2.81, 0.009, 161.89, 56.14);
insert into SHOT values (2404, 2403, 2406, 1344, 2.100, 115.78, 21.50, 2.101, 115.78, 21.50, 0.001, 101.01, 28.04);
insert into SHOT values (2405, 2403, 2407, 1344, 2.490, 180.98, 4.20, 2.498, 180.92, 4.36, 0.011, 159.65, 45.43);
insert into SHOT values (2406, 2403, 2408, 1344, 2.040, 81.48, 86.20, 2.044, 81.25, 86.31, 0.006, 269.65, 50.42);
insert into SHOT values (2407, 2403, 2409, 1344, 1.300, 70.88, -87.10, 1.302, 71.57, -87.21, 0.003, 234.32, -32.24);
insert into SHOT values (2408, 2403, 2410, 1344, 5.240, 16.68, 2.30, 5.234, 16.67, 2.30, 0.006, 209.89, -2.68);
insert into SHOT values (2409, 2410, 2411, 1344, 2.120, 275.98, 9.70, 2.113, 276.07, 9.81, 0.009, 75.34, 18.08);
insert into SHOT values (2410, 2410, 2412, 1344, 5.720, 306.48, 13.40, 5.719, 306.52, 13.45, 0.006, 68.13, 46.72);
insert into SHOT values (2411, 2410, 2413, 1344, 4.870, 334.18, 12.50, 4.871, 334.19, 12.57, 0.006, 91.77, 84.42);
insert into SHOT values (2412, 2410, 2414, 1344, 5.130, 4.78, 9.60, 5.131, 4.88, 9.65, 0.009, 93.78, 28.54);
insert into SHOT values (2413, 2410, 2415, 1344, 3.840, 33.78, 7.90, 3.842, 33.86, 7.93, 0.006, 104.66, 23.10);
insert into SHOT values (2414, 2410, 2416, 1344, 1.310, 78.38, 8.10, 1.310, 78.43, 8.34, 0.006, 197.57, 77.41);
insert into SHOT values (2415, 2410, 2417, 1344, 2.100, 131.48, 5.40, 2.100, 131.31, 5.47, 0.007, 37.74, 21.07);
insert into SHOT values (2416, 2410, 2418, 1344, 1.770, 205.58, 1.60, 1.763, 205.55, 1.63, 0.007, 34.58, 4.66);
insert into SHOT values (2417, 2410, 2419, 1344, 3.580, 135.48, 88.80, 3.581, 129.81, 88.75, 0.008, 65.04, 5.47);
insert into SHOT values (2418, 2410, 2420, 1344, 1.110, 145.98, -86.80, 1.102, 141.34, -86.67, 0.010, 75.72, 56.34);
insert into SHOT values (2419, 2410, 2421, 1344, 2.340, 12.18, -3.10, 2.347, 12.32, -2.93, 0.011, 48.71, 35.52);
insert into SHOT values (2420, 2421, 2422, 1344, 4.040, 327.98, 13.90, 4.036, 327.93, 13.91, 0.005, 189.32, -5.67);
insert into SHOT values (2421, 2421, 2423, 1344, 4.060, 228.78, 14.10, 4.062, 228.70, 14.11, 0.006, 159.65, 9.06);
insert into SHOT values (2422, 2421, 2424, 1344, 1.840, 73.68, 5.60, 1.832, 73.75, 5.64, 0.009, 239.06, 2.94);
insert into SHOT values (2423, 2421, 2425, 1344, 1.660, 133.78, -1.10, 1.663, 133.78, -1.38, 0.008, 132.26, -73.66);
insert into SHOT values (2424, 2421, 2426, 1344, 1.840, 144.78, 2.00, 1.846, 144.93, 1.86, 0.009, 183.18, -28.73);
insert into SHOT values (2425, 2421, 2427, 1344, 8.850, 279.18, 22.30, 8.856, 279.13, 22.30, 0.010, 225.31, 10.67);
insert into SHOT values (2426, 2421, 2428, 1344, 3.810, 49.98, -38.40, 3.808, 49.90, -38.49, 0.008, 270.44, -26.91);
insert into SHOT values (2427, 2428, 2429, 1344, 1.350, 316.78, 18.50, 1.344, 316.91, 18.66, 0.007, 114.25, 12.66);
insert into SHOT values (2428, 2428, 2430, 1344, 3.330, 36.98, 5.20, 3.326, 37.15, 5.18, 0.011, 151.31, -9.89);
insert into SHOT values (2429, 2428, 2431, 1344, 2.480, 74.98, 4.80, 2.483, 75.01, 4.85, 0.004, 95.83, 38.58);
insert into SHOT values (2430, 2428, 2432, 1344, 1.290, 143.28, 7.90, 1.299, 143.22, 7.97, 0.009, 133.38, 17.86);
insert into SHOT values (2431, 2428, 2433, 1344, 1.530, 200.78, 12.80, 1.535, 200.74, 12.80, 0.005, 186.64, 11.34);
insert into SHOT values (2432, 2428, 2434, 1344, 1.000, 355.18, 86.70, 1.001, 0.00, 87.14, 0.009, 146.71, 10.66);
insert into SHOT values (2433, 2428, 2435, 1344, 0.540, 299.78, -86.90, 0.540, 296.57, -87.63, 0.007, 130.13, -6.45);
insert into SHOT values (2434, 2428, 2436, 1344, 5.780, 44.08, 0.40, 5.785, 44.16, 0.40, 0.009, 101.64, -2.21);
insert into SHOT values (2435, 2436, 2437, 1344, 1.030, 317.68, 1.00, 1.033, 317.35, 1.11, 0.007, 257.33, 16.47);
insert into SHOT values (2436, 2436, 2438, 1344, 3.440, 118.68, -0.40, 3.433, 118.73, -0.33, 0.009, 277.67, 27.06);
insert into SHOT values (2437, 2436, 2439, 1344, 1.990, 172.68, 3.40, 1.989, 172.77, 3.46, 0.004, 276.15, 33.39);
insert into SHOT values (2438, 2436, 2440, 1344, 3.300, 203.58, 4.60, 3.307, 203.61, 4.68, 0.009, 216.61, 38.67);
insert into SHOT values (2439, 2436, 2441, 1344, 8.010, 224.98, 9.40, 8.013, 225.00, 9.41, 0.004, 262.40, 24.89);
insert into SHOT values (2440, 2436, 2442, 1344, 1.800, 242.98, 6.50, 1.809, 242.86, 6.35, 0.011, 221.52, -20.34);
insert into SHOT values (2441, 2436, 2443, 1344, 1.270, 150.98, 78.40, 1.267, 152.45, 78.18, 0.009, 210.07, -27.73);
insert into SHOT values (2442, 2436, 2444, 1344, 0.660, 205.88, -81.90, 0.658, 209.05, -81.00, 0.012, 236.04, 16.76);
insert into SHOT values (2443, 2436, 2445, 1344, 3.490, 118.78, -2.00, 3.484, 118.85, -1.97, 0.007, 265.10, 14.49);
insert into SHOT values (2444, 2445, 2446, 1344, 0.530, 209.68, 5.10, 0.531, 209.48, 5.41, 0.003, 134.01, 55.62);
insert into SHOT values (2445, 2445, 2447, 1344, 0.550, 359.88, -1.10, 0.550, 0.00, -1.04, 0.001, 84.77, 26.41);
insert into SHOT values (2446, 2445, 2448, 1344, 0.640, 194.68, 84.20, 0.643, 189.46, 84.57, 0.008, 68.15, 25.44);
insert into SHOT values (2447, 2445, 2449, 1344, 0.350, 219.08, -84.30, 0.352, 213.69, -84.12, 0.004, 147.58, -25.84);
insert into SHOT values (2448, 2176, 2450, 1344, 21.240, 283.08, -1.70, 21.239, 283.07, -1.70, 0.006, 184.38, 1.07);
insert into SHOT values (2449, 2450, 2451, 1344, 10.680, 166.78, 0.60, 10.673, 166.78, 0.59, 0.007, 345.58, -15.23);
insert into SHOT values (2450, 2450, 2452, 1344, 11.850, 243.68, 1.40, 11.850, 243.69, 1.40, 0.002, 325.16, 11.56);
insert into SHOT values (2451, 2450, 2453, 1344, 30.720, 328.38, 2.40, 30.722, 328.39, 2.39, 0.007, 7.55, -67.88);
insert into SHOT values (2452, 2450, 2454, 1344, 23.400, 52.68, 2.20, 23.398, 52.66, 2.20, 0.008, 308.21, 12.27);
insert into SHOT values (2453, 2450, 2455, 1344, 2.120, 189.68, 84.50, 2.120, 191.31, 84.48, 0.006, 272.93, -2.36);
insert into SHOT values (2454, 2450, 2456, 1344, 0.530, 80.08, -84.20, 0.532, 78.69, -84.50, 0.004, 285.71, -43.42);
insert into SHOT values (2455, 2450, 2457, 1344, 14.010, 242.98, -4.50, 14.015, 243.01, -4.50, 0.009, 301.13, -5.26);
insert into SHOT values (2456, 2457, 2458, 1344, 4.380, 187.78, -6.80, 4.380, 187.66, -6.82, 0.009, 95.58, -8.75);
insert into SHOT values (2457, 2457, 2459, 1344, 8.680, 329.08, -2.20, 8.676, 329.12, -2.18, 0.007, 100.72, 26.13);
insert into SHOT values (2458, 2457, 2460, 1344, 4.600, 260.58, -2.30, 4.596, 260.60, -2.37, 0.007, 65.18, -48.33);
insert into SHOT values (2459, 2457, 2461, 1344, 3.970, 148.48, 1.50, 3.970, 148.39, 1.44, 0.007, 59.24, -31.95);
insert into SHOT values (2460, 2457, 2462, 1344, 1.900, 246.58, 83.10, 1.903, 245.77, 83.38, 0.010, 85.68, 21.63);
insert into SHOT values (2461, 2457, 2463, 1344, 0.720, 34.08, -78.10, 0.726, 36.87, -78.07, 0.009, 113.55, -36.43);
insert into SHOT values (2462, 2457, 2464, 1344, 9.590, 284.58, -12.70, 9.588, 284.62, -12.71, 0.006, 41.84, -15.72);
insert into SHOT values (2463, 2464, 2465, 1344, 6.460, 311.08, -1.70, 6.460, 311.04, -1.69, 0.005, 220.69, 20.37);
insert into SHOT values (2464, 2464, 2466, 1344, 3.480, 191.38, 1.90, 3.481, 191.44, 1.98, 0.006, 264.62, 52.54);
insert into SHOT values (2465, 2464, 2467, 1344, 5.210, 132.68, 12.60, 5.214, 132.69, 12.63, 0.005, 142.19, 42.76);
insert into SHOT values (2466, 2464, 2468, 1344, 4.290, 0.88, 19.80, 4.283, 0.85, 19.79, 0.007, 200.67, -26.81);
insert into SHOT values (2467, 2464, 2469, 1344, 3.640, 220.98, 86.40, 3.638, 219.81, 86.31, 0.008, 180.79, -20.68);
insert into SHOT values (2468, 2464, 2470, 1344, 0.890, 273.48, -85.10, 0.893, 270.00, -85.50, 0.008, 128.15, -23.51);
insert into SHOT values (2469, 2464, 2471, 1344, 8.320, 210.28, -17.90, 8.322, 210.26, -17.92, 0.005, 141.30, -35.07);
insert into SHOT values (2470, 2471, 2472, 1344, 2.410, 122.18, 4.10, 2.407, 122.23, 4.29, 0.009, 274.50, 59.71);
insert into SHOT values (2471, 2471, 2473, 1344, 4.470, 183.28, 0.80, 4.468, 183.34, 0.90, 0.009, 299.03, 58.83);
insert into SHOT values (2472, 2471, 2474, 1344, 8.930, 243.18, -4.70, 8.930, 243.15, -4.69, 0.006, 150.03, 16.87);
insert into SHOT values (2473, 2471, 2475, 1344, 5.910, 293.58, 4.20, 5.910, 293.61, 4.27, 0.008, 44.72, 69.87);
insert into SHOT values (2474, 2471, 2476, 1344, 6.680, 314.38, 6.00, 6.684, 314.39, 6.01, 0.004, 326.84, 24.36);
insert into SHOT values (2475, 2471, 2477, 1344, 3.670, 343.98, 8.60, 3.672, 344.01, 8.61, 0.003, 30.07, 26.13);
insert into SHOT values (2476, 2471, 2478, 1344, 1.300, 274.38, 84.10, 1.307, 274.40, 84.27, 0.008, 93.76, 64.76);
insert into SHOT values (2477, 2471, 2479, 1344, 0.740, 352.88, -73.50, 0.741, 351.87, -73.37, 0.004, 290.07, -6.40);
insert into SHOT values (2478, 2471, 2480, 1344, 12.210, 334.08, 6.80, 12.207, 334.07, 6.82, 0.007, 191.67, 41.22);
insert into SHOT values (2479, 2471, 2481, 1344, 6.480, 193.78, -11.10, 6.484, 193.82, -11.03, 0.010, 229.19, 48.68);
insert into SHOT values (2480, 2481, 2482, 1344, 3.620, 80.88, 3.20, 3.622, 80.77, 3.17, 0.008, 10.09, -15.58);
insert into SHOT values (2481, 2481, 2483, 1344, 16.750, 116.88, 1.50, 16.754, 116.87, 1.47, 0.010, 75.88, -57.13);
insert into SHOT values (2482, 2481, 2484, 1344, 14.810, 144.78, 0.90, 14.812, 144.79, 0.89, 0.003, 164.68, -50.81);
insert into SHOT values (2483, 2481, 2485, 1344, 11.330, 175.98, 0.50, 11.329, 175.95, 0.51, 0.007, 74.79, 9.66);
insert into SHOT values (2484, 2481, 2486, 1344, 6.230, 218.68, 1.90, 6.228, 218.67, 1.84, 0.007, 72.35, -74.74);
insert into SHOT values (2485, 2481, 2487, 1344, 5.800, 273.58, 1.90, 5.794, 273.56, 1.88, 0.006, 112.77, -21.16);
insert into SHOT values (2486, 2481, 2488, 1344, 6.660, 328.18, 6.00, 6.660, 328.21, 5.95, 0.007, 48.12, -67.07);
insert into SHOT values (2487, 2481, 2489, 1344, 0.860, 130.78, 73.50, 0.857, 130.10, 73.15, 0.007, 95.13, -42.09);
insert into SHOT values (2488, 2481, 2490, 1344, 0.410, 218.78, -76.50, 0.410, 220.60, -77.02, 0.005, 359.41, -16.07);
insert into SHOT values (2489, 2481, 2491, 1344, 12.020, 157.38, 0.50, 12.018, 157.34, 0.48, 0.011, 55.92, -27.72);
insert into SHOT values (2490, 2491, 2492, 1344, 4.880, 67.28, 1.30, 4.878, 67.33, 1.29, 0.004, 183.93, -9.98);
insert into SHOT values (2491, 2491, 2493, 1344, 7.160, 127.38, 1.10, 7.156, 127.45, 1.12, 0.009, 246.09, 15.80);
insert into SHOT values (2492, 2491, 2494, 1344, 10.400, 200.38, -1.60, 10.408, 200.42, -1.60, 0.010, 241.16, 2.12);
insert into SHOT values (2493, 2491, 2495, 1344, 3.630, 240.68, -6.60, 3.638, 240.67, -6.63, 0.008, 233.21, -20.72);
insert into SHOT values (2494, 2491, 2496, 1344, 6.610, 300.18, 1.80, 6.617, 300.13, 1.82, 0.009, 259.56, 14.56);
insert into SHOT values (2495, 2491, 2497, 1344, 0.710, 71.88, 82.90, 0.715, 75.96, 83.38, 0.010, 205.05, 34.09);
insert into SHOT values (2496, 2491, 2498, 1344, 0.710, 301.88, -71.00, 0.709, 300.96, -70.81, 0.004, 240.65, 17.16);
insert into SHOT values (2497, 2491, 2499, 1344, 9.490, 155.08, -0.70, 9.490, 155.14, -0.66, 0.011, 243.20, 34.07);
insert into SHOT values (2498, 2499, 2500, 1344, 2.700, 46.88, 2.70, 2.698, 46.95, 2.55, 0.008, 159.06, -63.38);
insert into SHOT values (2499, 2499, 2501, 1344, 5.320, 222.18, -1.60, 5.319, 222.18, -1.62, 0.002, 60.00, -51.26);
insert into SHOT values (2500, 2499, 2502, 1344, 7.230, 149.48, -0.70, 7.231, 149.50, -0.71, 0.003, 208.08, -37.02);
insert into SHOT values (2501, 2499, 2503, 1344, 4.490, 109.28, 1.80, 4.493, 109.24, 1.79, 0.005, 62.90, -12.99);
insert into SHOT values (2502, 2499, 2504, 1344, 0.920, 120.48, 81.60, 0.921, 120.26, 81.32, 0.005, 113.56, -1.64);
insert into SHOT values (2503, 2499, 2505, 1344, 0.650, 23.28, -74.30, 0.654, 23.63, -74.51, 0.005, 163.15, -68.94);
insert into SHOT values (2504, 2499, 2506, 1344, 13.270, 130.58, -4.20, 13.270, 130.59, -4.24, 0.008, 250.59, -82.71);
insert into SCRAPS values (1346, 1340, 'SP-Alex7-1', 1, 11.75890, 0.16148);
 insert into MAPS values (1484, 1340, 'MP-Alex7', 'Alex7', 1, 567.230, -13.140);
 insert into MAPITEMS values (1484, 4, 1346);
 insert into MAPS values (1487, 51, 'MP-Geophysicheskaya', 'Gulshirin (Geophysicheskaya)', 1, 3878.978, -72.030);
 insert into MAPITEMS values (1487, 4, 420);
 insert into MAPITEMS values (1487, 4, 546);
 insert into MAPITEMS values (1487, 4, 1035);
 insert into MAPITEMS values (1487, 4, 1003);
 insert into MAPITEMS values (1487, 4, 1176);
 insert into MAPITEMS values (1487, 4, 1297);
 insert into MAPITEMS values (1487, 4, 1337);
 insert into MAPITEMS values (1487, 4, 1484);
 insert into STATION values (1, 'PTR_FR24_A00_Geophysicalskaya', 55, 270251.00, 4172755.00, 870.00);
insert into STATION_FLAG values(1, 'ent');
insert into STATION_FLAG values(1, 'fix');
insert into STATION_FLAG values(1, 'air');
insert into STATION values (2, '.', 55, 270251.02, 4172754.43, 869.48);
insert into STATION values (3, '.', 55, 270250.94, 4172755.43, 869.60);
insert into STATION values (4, '.', 55, 270250.88, 4172755.03, 868.94);
insert into STATION values (5, '.', 55, 270251.10, 4172755.01, 870.14);
insert into STATION values (6, '1', 55, 270251.18, 4172754.44, 869.00);
insert into STATION values (7, '.', 55, 270251.30, 4172755.30, 869.05);
insert into STATION values (8, '.', 55, 270251.72, 4172755.37, 869.05);
insert into STATION values (9, '.', 55, 270251.28, 4172754.65, 868.79);
insert into STATION values (10, '.', 55, 270252.21, 4172755.09, 868.68);
insert into STATION values (11, '.', 55, 270251.79, 4172754.13, 869.00);
insert into STATION values (12, '.', 55, 270252.78, 4172754.57, 868.95);
insert into STATION values (13, '.', 55, 270251.95, 4172755.47, 869.02);
insert into STATION values (14, '2', 55, 270254.03, 4172755.15, 869.28);
insert into STATION values (15, '.', 55, 270252.93, 4172754.91, 869.04);
insert into STATION values (16, '.', 55, 270253.37, 4172754.75, 868.73);
insert into STATION values (17, '.', 55, 270253.72, 4172754.80, 868.81);
insert into STATION values (18, '.', 55, 270252.91, 4172755.16, 869.35);
insert into STATION values (19, '.', 55, 270253.47, 4172755.27, 869.53);
insert into STATION values (20, '.', 55, 270253.72, 4172754.99, 869.69);
insert into STATION values (21, '.', 55, 270252.92, 4172756.44, 869.22);
insert into STATION values (22, '.', 55, 270253.58, 4172756.30, 869.29);
insert into STATION values (23, '.', 55, 270253.83, 4172754.99, 869.72);
insert into STATION values (24, '.', 55, 270253.48, 4172755.12, 868.64);
insert into STATION values (25, '.', 55, 270254.04, 4172754.89, 867.75);
insert into STATION values (26, '3', 55, 270253.95, 4172754.34, 868.01);
insert into STATION values (27, '.', 55, 270256.27, 4172755.26, 868.70);
insert into STATION values (28, '.', 55, 270256.66, 4172754.26, 868.21);
insert into STATION values (29, '.', 55, 270254.93, 4172753.51, 867.86);
insert into STATION values (30, '.', 55, 270254.39, 4172753.46, 867.85);
insert into STATION values (31, '.', 55, 270253.79, 4172752.60, 867.82);
insert into STATION values (32, '.', 55, 270252.94, 4172752.85, 868.00);
insert into STATION values (33, '.', 55, 270253.08, 4172753.91, 868.03);
insert into STATION values (34, '.', 55, 270253.10, 4172754.50, 868.27);
insert into STATION values (35, '.', 55, 270253.90, 4172754.54, 868.53);
insert into STATION values (36, '.', 55, 270253.85, 4172754.13, 868.78);
insert into STATION values (37, '.', 55, 270253.96, 4172753.71, 868.32);
insert into STATION values (38, '.', 55, 270254.09, 4172753.82, 867.49);
insert into STATION values (39, '4', 55, 270253.48, 4172752.71, 867.56);
insert into STATION values (40, '.', 55, 270254.29, 4172753.37, 867.48);
insert into STATION values (41, '.', 55, 270254.44, 4172752.82, 867.48);
insert into STATION values (42, '.', 55, 270253.89, 4172753.06, 868.06);
insert into STATION values (43, '.', 55, 270253.94, 4172752.85, 866.68);
insert into STATION values (44, '.', 55, 270254.43, 4172752.86, 866.49);
insert into STATION values (45, '5', 55, 270254.54, 4172752.67, 866.64);
insert into STATION values (46, '.', 55, 270254.72, 4172753.46, 866.65);
insert into STATION values (47, '.', 55, 270254.93, 4172753.27, 866.62);
insert into STATION values (48, '.', 55, 270254.59, 4172752.19, 866.85);
insert into STATION values (49, '.', 55, 270254.91, 4172752.26, 866.98);
insert into STATION values (50, '.', 55, 270254.71, 4172752.74, 867.04);
insert into STATION values (51, '.', 55, 270255.49, 4172753.00, 866.74);
insert into STATION values (52, '.', 55, 270254.58, 4172752.24, 866.60);
insert into STATION values (53, '6', 55, 270256.32, 4172752.55, 865.07);
insert into STATION values (54, '.', 55, 270256.74, 4172753.64, 865.90);
insert into STATION values (55, '.', 55, 270257.63, 4172753.92, 866.13);
insert into STATION values (56, '.', 55, 270256.72, 4172751.11, 865.32);
insert into STATION values (57, '.', 55, 270255.07, 4172751.22, 865.61);
insert into STATION values (58, '.', 55, 270256.22, 4172752.35, 864.80);
insert into STATION values (59, '.', 55, 270256.04, 4172752.13, 865.84);
insert into STATION values (60, '.', 55, 270257.60, 4172751.78, 865.96);
insert into STATION values (61, '.', 55, 270259.50, 4172751.62, 865.29);
insert into STATION values (62, '7', 55, 270263.08, 4172751.61, 863.24);
insert into STATION values (63, '.', 55, 270261.26, 4172756.69, 866.21);
insert into STATION values (64, '.', 55, 270263.93, 4172758.17, 865.92);
insert into STATION values (65, '.', 55, 270268.63, 4172757.46, 864.36);
insert into STATION values (66, '.', 55, 270272.13, 4172749.47, 862.83);
insert into STATION values (67, '.', 55, 270273.56, 4172743.54, 862.45);
insert into STATION values (68, '.', 55, 270263.56, 4172751.04, 864.69);
insert into STATION values (69, '.', 55, 270263.46, 4172751.33, 862.48);
insert into STATION values (70, '.', 55, 270253.08, 4172747.30, 864.11);
insert into STATION values (71, '.', 55, 270254.66, 4172743.44, 862.87);
insert into STATION values (72, '.', 55, 270262.38, 4172750.28, 864.62);
insert into STATION values (73, '.', 55, 270263.28, 4172747.21, 864.73);
insert into STATION values (74, '.', 55, 270264.91, 4172739.66, 863.60);
insert into STATION values (75, '.', 55, 270264.60, 4172745.31, 860.32);
insert into STATION values (76, '8', 55, 270267.98, 4172758.51, 864.43);
insert into STATION values (77, '9', 55, 270263.55, 4172742.48, 859.91);
insert into STATION values (78, '.', 55, 270274.05, 4172741.01, 861.40);
insert into STATION values (79, '.', 55, 270248.09, 4172740.11, 858.35);
insert into STATION values (80, '.', 55, 270249.74, 4172736.38, 856.81);
insert into STATION values (81, '.', 55, 270254.59, 4172729.77, 854.56);
insert into STATION values (82, '.', 55, 270263.79, 4172741.53, 859.08);
insert into STATION values (83, '.', 55, 270264.50, 4172737.76, 857.53);
insert into STATION values (84, '.', 55, 270263.95, 4172737.79, 860.24);
insert into STATION values (85, '.', 55, 270265.38, 4172730.90, 858.93);
insert into STATION values (86, '10', 55, 270268.12, 4172731.76, 856.28);
insert into STATION values (87, '.', 55, 270275.66, 4172738.00, 859.65);
insert into STATION values (88, '.', 55, 270279.58, 4172735.05, 858.81);
insert into STATION values (89, '.', 55, 270283.31, 4172730.70, 858.42);
insert into STATION values (90, '.', 55, 270268.07, 4172715.62, 851.83);
insert into STATION values (91, '.', 55, 270276.17, 4172714.37, 852.07);
insert into STATION values (92, '.', 55, 270255.27, 4172726.92, 853.88);
insert into STATION values (93, '.', 55, 270269.46, 4172729.50, 854.57);
insert into STATION values (94, '.', 55, 270268.53, 4172730.70, 859.60);
insert into STATION values (95, '.', 55, 270270.24, 4172729.71, 858.94);
insert into STATION values (96, '.', 55, 270277.53, 4172722.62, 859.50);
insert into STATION values (97, '11', 55, 270273.71, 4172721.07, 854.00);
insert into STATION values (98, '.', 55, 270275.06, 4172714.44, 851.93);
insert into STATION values (99, '.', 55, 270280.38, 4172714.01, 852.70);
insert into STATION values (100, '.', 55, 270276.36, 4172720.26, 856.34);
insert into STATION values (101, '.', 55, 270283.19, 4172717.85, 857.69);
insert into STATION values (102, '.', 55, 270274.77, 4172719.95, 852.62);
insert into STATION values (103, '.', 55, 270279.41, 4172718.31, 851.63);
insert into STATION values (104, '12', 55, 270284.15, 4172714.93, 852.23);
insert into STATION values (105, '.', 55, 270290.05, 4172721.06, 853.01);
insert into STATION values (106, '.', 55, 270284.60, 4172713.31, 852.20);
insert into STATION values (107, '.', 55, 270286.55, 4172711.92, 850.86);
insert into STATION values (108, '.', 55, 270288.20, 4172714.60, 854.61);
insert into STATION values (109, '.', 55, 270288.74, 4172712.18, 848.71);
insert into STATION values (110, '.', 55, 270286.20, 4172715.16, 850.97);
insert into STATION values (111, '13', 55, 270289.71, 4172711.70, 850.08);
insert into STATION values (112, '.', 55, 270292.20, 4172714.58, 850.74);
insert into STATION values (113, '.', 55, 270289.62, 4172711.86, 848.72);
insert into STATION values (114, '.', 55, 270291.29, 4172711.57, 847.26);
insert into STATION values (115, '14', 55, 270293.98, 4172711.27, 847.76);
insert into STATION values (116, '.', 55, 270292.46, 4172710.22, 848.20);
insert into STATION values (117, '.', 55, 270293.37, 4172710.31, 847.96);
insert into STATION values (118, '.', 55, 270294.97, 4172709.90, 847.52);
insert into STATION values (119, '.', 55, 270294.88, 4172711.59, 847.65);
insert into STATION values (120, '.', 55, 270293.98, 4172710.95, 848.71);
insert into STATION values (121, '.', 55, 270294.10, 4172712.24, 848.67);
insert into STATION values (122, '.', 55, 270292.81, 4172712.74, 847.70);
insert into STATION values (123, '.', 55, 270292.83, 4172714.97, 846.94);
insert into STATION values (124, '15', 55, 270295.00, 4172714.94, 845.87);
insert into STATION values (125, '.', 55, 270295.23, 4172713.36, 844.74);
insert into STATION values (126, '.', 55, 270294.07, 4172714.07, 844.98);
insert into STATION values (127, '.', 55, 270294.34, 4172714.50, 844.34);
insert into STATION values (128, '.', 55, 270294.00, 4172717.14, 845.91);
insert into STATION values (129, '16', 55, 270295.14, 4172714.88, 843.90);
insert into STATION values (130, '.', 55, 270296.22, 4172715.48, 842.03);
insert into STATION values (131, '.', 55, 270296.42, 4172714.96, 844.44);
insert into STATION values (132, '.', 55, 270295.74, 4172714.90, 844.83);
insert into STATION values (133, '17', 55, 270302.97, 4172711.84, 840.11);
insert into STATION values (134, '.', 55, 270300.57, 4172707.19, 840.15);
insert into STATION values (135, '.', 55, 270308.29, 4172703.21, 840.53);
insert into STATION values (136, '.', 55, 270300.91, 4172712.51, 842.86);
insert into STATION values (137, '.', 55, 270303.40, 4172711.01, 842.93);
insert into STATION values (138, '.', 55, 270306.12, 4172712.34, 842.88);
insert into STATION values (139, '.', 55, 270308.61, 4172712.61, 841.34);
insert into STATION values (140, '.', 55, 270308.87, 4172721.32, 840.24);
insert into STATION values (141, '.', 55, 270304.68, 4172718.18, 841.42);
insert into STATION values (142, '.', 55, 270317.61, 4172725.27, 838.96);
insert into STATION values (143, '.', 55, 270308.16, 4172712.50, 837.79);
insert into STATION values (144, '.', 55, 270311.62, 4172713.95, 836.16);
insert into STATION values (145, '18', 55, 270310.78, 4172712.93, 837.08);
insert into STATION values (146, '.', 55, 270313.73, 4172722.84, 839.03);
insert into STATION values (147, '.', 55, 270321.52, 4172722.53, 839.08);
insert into STATION values (148, '.', 55, 270312.77, 4172702.63, 839.89);
insert into STATION values (149, '.', 55, 270320.19, 4172696.52, 840.18);
insert into STATION values (150, '.', 55, 270314.82, 4172712.66, 834.99);
insert into STATION values (151, '.', 55, 270318.89, 4172712.38, 834.22);
insert into STATION values (152, '.', 55, 270312.40, 4172711.94, 841.05);
insert into STATION values (153, '.', 55, 270320.40, 4172710.63, 842.88);
insert into STATION values (154, 'PTR_FR24_A01_19', 55, 270329.54, 4172707.27, 836.67);
insert into STATION values (155, '.', 55, 270320.02, 4172696.32, 838.92);
insert into STATION values (156, '.', 55, 270333.84, 4172716.82, 834.29);
insert into STATION values (157, '.', 55, 270330.84, 4172721.67, 831.63);
insert into STATION values (158, '.', 55, 270334.38, 4172719.76, 829.79);
insert into STATION values (159, '.', 55, 270331.32, 4172711.79, 832.34);
insert into STATION values (160, '.', 55, 270340.58, 4172712.29, 832.96);
insert into STATION values (161, '.', 55, 270344.17, 4172708.35, 835.31);
insert into STATION values (162, '.', 55, 270331.26, 4172708.20, 842.48);
insert into STATION values (163, '.', 55, 270335.48, 4172681.96, 844.52);
insert into STATION values (164, '.', 55, 270337.23, 4172701.54, 835.75);
insert into STATION values (165, '.', 55, 270344.59, 4172696.23, 837.29);
insert into STATION values (166, '.', 55, 270336.90, 4172698.47, 837.90);
insert into STATION values (167, '20', 55, 270343.82, 4172691.69, 839.60);
insert into STATION values (168, '.', 55, 270354.54, 4172696.40, 839.13);
insert into STATION values (169, '.', 55, 270368.06, 4172691.91, 839.01);
insert into STATION values (170, '.', 55, 270345.54, 4172688.53, 847.20);
insert into STATION values (171, '.', 55, 270352.31, 4172682.88, 849.87);
insert into STATION values (172, '.', 55, 270333.50, 4172685.27, 843.07);
insert into STATION values (173, '.', 55, 270337.93, 4172679.92, 844.71);
insert into STATION values (174, '.', 55, 270345.14, 4172692.40, 838.59);
insert into STATION values (175, '.', 55, 270351.66, 4172690.62, 837.29);
insert into STATION values (176, '21', 55, 270354.43, 4172683.88, 841.01);
insert into STATION values (177, '.', 55, 270375.52, 4172685.62, 842.30);
insert into STATION values (178, '.', 55, 270380.40, 4172676.54, 842.43);
insert into STATION values (179, '.', 55, 270345.16, 4172673.76, 842.69);
insert into STATION values (180, '.', 55, 270350.66, 4172664.45, 842.99);
insert into STATION values (181, '.', 55, 270357.61, 4172680.17, 848.76);
insert into STATION values (182, '.', 55, 270363.70, 4172670.39, 850.05);
insert into STATION values (183, '.', 55, 270357.17, 4172678.53, 839.75);
insert into STATION values (184, '.', 55, 270362.00, 4172672.00, 839.83);
insert into STATION values (185, '22', 55, 270368.65, 4172664.46, 841.30);
insert into STATION values (186, '.', 55, 270381.10, 4172663.44, 841.57);
insert into STATION values (187, '.', 55, 270383.34, 4172654.96, 840.17);
insert into STATION values (188, '.', 55, 270383.00, 4172650.66, 839.56);
insert into STATION values (189, '.', 55, 270353.23, 4172659.06, 843.31);
insert into STATION values (190, '.', 55, 270355.91, 4172649.95, 842.18);
insert into STATION values (191, '.', 55, 270366.67, 4172659.67, 846.47);
insert into STATION values (192, '.', 55, 270373.25, 4172644.69, 845.21);
insert into STATION values (193, '.', 55, 270365.61, 4172655.14, 837.89);
insert into STATION values (194, '.', 55, 270373.76, 4172651.17, 836.82);
insert into STATION values (195, '.', 55, 270369.94, 4172662.17, 848.83);
insert into STATION values (196, '23', 55, 270375.21, 4172645.08, 836.54);
insert into STATION values (197, '.', 55, 270359.75, 4172637.57, 838.35);
insert into STATION values (198, '.', 55, 270364.41, 4172624.31, 836.91);
insert into STATION values (199, '.', 55, 270373.82, 4172610.07, 836.05);
insert into STATION values (200, '.', 55, 270373.34, 4172641.50, 844.47);
insert into STATION values (201, '.', 55, 270377.58, 4172636.43, 847.08);
insert into STATION values (202, '.', 55, 270384.75, 4172652.04, 838.37);
insert into STATION values (203, '.', 55, 270386.32, 4172646.74, 837.76);
insert into STATION values (204, '.', 55, 270376.20, 4172646.90, 835.63);
insert into STATION values (205, '.', 55, 270377.43, 4172641.77, 833.94);
insert into STATION values (206, '.', 55, 270381.32, 4172635.12, 833.41);
insert into STATION values (207, 'PTR_FR24_A02_24', 55, 270379.82, 4172621.44, 834.39);
insert into STATION values (208, '.', 55, 270401.00, 4172636.17, 835.07);
insert into STATION values (209, '.', 55, 270386.50, 4172623.80, 842.40);
insert into STATION values (210, '.', 55, 270390.32, 4172621.74, 841.89);
insert into STATION values (211, '.', 55, 270389.11, 4172611.62, 832.44);
insert into STATION values (212, '.', 55, 270398.65, 4172612.46, 832.20);
insert into STATION values (213, '.', 55, 270383.10, 4172620.94, 832.66);
insert into STATION values (214, '.', 55, 270393.70, 4172618.34, 830.07);
insert into STATION values (215, '.', 55, 270368.36, 4172608.25, 834.97);
insert into STATION values (216, '.', 55, 270376.39, 4172614.32, 843.29);
insert into STATION values (217, '25', 55, 270375.04, 4172610.26, 831.10);
insert into STATION values (218, '.', 55, 270379.45, 4172621.42, 834.49);
insert into STATION values (219, '.', 55, 270382.52, 4172607.63, 831.43);
insert into STATION values (220, '.', 55, 270376.87, 4172605.63, 830.92);
insert into STATION values (221, '.', 55, 270365.15, 4172610.07, 831.77);
insert into STATION values (222, '.', 55, 270366.02, 4172606.13, 829.29);
insert into STATION values (223, '.', 55, 270372.66, 4172609.36, 835.03);
insert into STATION values (224, '.', 55, 270372.01, 4172605.65, 833.32);
insert into STATION values (225, '.', 55, 270371.25, 4172602.97, 829.43);
insert into STATION values (226, '.', 55, 270372.88, 4172610.84, 830.29);
insert into STATION values (227, '.', 55, 270370.69, 4172607.16, 827.81);
insert into STATION values (228, '26', 55, 270372.37, 4172603.44, 826.32);
insert into STATION values (229, '.', 55, 270373.69, 4172603.49, 825.90);
insert into STATION values (230, '.', 55, 270374.00, 4172602.85, 825.44);
insert into STATION values (231, '.', 55, 270369.35, 4172601.83, 825.92);
insert into STATION values (232, '.', 55, 270372.48, 4172602.69, 827.28);
insert into STATION values (233, '.', 55, 270372.64, 4172602.36, 826.35);
insert into STATION values (234, '.', 55, 270372.33, 4172601.38, 823.72);
insert into STATION values (235, '.', 55, 270373.15, 4172600.85, 823.18);
insert into STATION values (236, '27', 55, 270373.31, 4172597.52, 821.11);
insert into STATION values (237, '.', 55, 270368.72, 4172596.64, 821.52);
insert into STATION values (238, '.', 55, 270364.49, 4172592.15, 819.58);
insert into STATION values (239, '.', 55, 270372.77, 4172597.74, 821.98);
insert into STATION values (240, '.', 55, 270373.53, 4172596.08, 821.64);
insert into STATION values (241, '.', 55, 270373.57, 4172596.05, 820.21);
insert into STATION values (242, '.', 55, 270376.22, 4172600.69, 821.90);
insert into STATION values (243, '.', 55, 270382.15, 4172595.72, 818.86);
insert into STATION values (244, '.', 55, 270382.62, 4172593.61, 818.00);
insert into STATION values (245, '.', 55, 270377.07, 4172590.56, 817.58);
insert into STATION values (246, '28', 55, 270376.51, 4172587.38, 816.94);
insert into STATION values (247, '.', 55, 270385.03, 4172591.32, 816.02);
insert into STATION values (248, '.', 55, 270383.59, 4172584.84, 816.45);
insert into STATION values (249, '.', 55, 270375.85, 4172591.46, 821.31);
insert into STATION values (250, '.', 55, 270376.73, 4172585.96, 820.00);
insert into STATION values (251, '.', 55, 270376.65, 4172586.31, 816.17);
insert into STATION values (252, '.', 55, 270361.89, 4172590.67, 818.15);
insert into STATION values (253, '.', 55, 270359.17, 4172582.57, 817.44);
insert into STATION values (254, '.', 55, 270359.40, 4172568.95, 817.95);
insert into STATION values (255, '.', 55, 270373.11, 4172581.80, 815.00);
insert into STATION values (256, '.', 55, 270374.97, 4172575.26, 814.54);
insert into STATION values (257, '.', 55, 270376.52, 4172580.67, 819.40);
insert into STATION values (258, '29', 55, 270385.46, 4172558.78, 814.94);
insert into STATION values (259, '.', 55, 270397.89, 4172567.82, 816.80);
insert into STATION values (260, '.', 55, 270405.04, 4172561.23, 818.03);
insert into STATION values (261, '.', 55, 270371.14, 4172553.19, 818.47);
insert into STATION values (262, '.', 55, 270379.22, 4172542.32, 817.51);
insert into STATION values (263, '.', 55, 270382.06, 4172564.51, 819.91);
insert into STATION values (264, '.', 55, 270386.79, 4172560.21, 820.12);
insert into STATION values (265, '.', 55, 270394.65, 4172555.37, 820.49);
insert into STATION values (266, '.', 55, 270386.78, 4172557.40, 813.54);
insert into STATION values (267, '.', 55, 270390.75, 4172554.81, 813.04);
insert into STATION values (268, '.', 55, 270384.28, 4172562.27, 812.66);
insert into STATION values (269, '.', 55, 270380.67, 4172568.47, 813.54);
insert into STATION values (270, 'PTR_FR24_A03_30', 55, 270398.11, 4172551.12, 813.84);
insert into STATION values (271, '.', 55, 270402.08, 4172564.96, 817.22);
insert into STATION values (272, '.', 55, 270407.05, 4172560.25, 816.42);
insert into STATION values (273, '.', 55, 270406.57, 4172546.04, 814.84);
insert into STATION values (274, '.', 55, 270407.55, 4172543.82, 814.93);
insert into STATION values (275, '.', 55, 270409.56, 4172547.22, 815.01);
insert into STATION values (276, '.', 55, 270408.35, 4172534.93, 815.42);
insert into STATION values (277, '.', 55, 270386.68, 4172537.82, 816.09);
insert into STATION values (278, '.', 55, 270376.95, 4172543.07, 817.79);
insert into STATION values (279, '.', 55, 270394.03, 4172548.35, 819.80);
insert into STATION values (280, '.', 55, 270398.23, 4172549.11, 819.76);
insert into STATION values (281, '.', 55, 270402.66, 4172550.83, 820.65);
insert into STATION values (282, '.', 55, 270401.69, 4172551.51, 813.29);
insert into STATION values (283, '.', 55, 270405.98, 4172550.89, 819.54);
insert into STATION values (284, '31', 55, 270412.03, 4172551.49, 815.00);
insert into STATION values (285, '.', 55, 270413.26, 4172552.37, 815.69);
insert into STATION values (286, '.', 55, 270410.42, 4172548.24, 815.19);
insert into STATION values (287, '.', 55, 270413.02, 4172546.36, 815.16);
insert into STATION values (288, '.', 55, 270412.08, 4172548.13, 813.65);
insert into STATION values (289, '.', 55, 270416.77, 4172547.48, 817.88);
insert into STATION values (290, '32', 55, 270393.70, 4172532.11, 812.58);
insert into STATION values (291, '.', 55, 270405.65, 4172530.16, 815.74);
insert into STATION values (292, '.', 55, 270387.65, 4172532.38, 813.22);
insert into STATION values (293, '.', 55, 270393.73, 4172531.97, 818.43);
insert into STATION values (294, '.', 55, 270393.52, 4172532.02, 811.16);
insert into STATION values (295, '.', 55, 270391.57, 4172522.66, 813.46);
insert into STATION values (296, '.', 55, 270407.52, 4172540.89, 815.26);
insert into STATION values (297, '.', 55, 270385.46, 4172538.31, 814.88);
insert into STATION values (298, '33', 55, 270397.58, 4172516.99, 808.86);
insert into STATION values (299, '.', 55, 270403.99, 4172517.52, 811.01);
insert into STATION values (300, '.', 55, 270390.84, 4172516.73, 811.59);
insert into STATION values (301, '.', 55, 270397.67, 4172516.78, 812.53);
insert into STATION values (302, '.', 55, 270397.31, 4172517.05, 807.33);
insert into STATION values (303, '.', 55, 270401.66, 4172506.28, 811.87);
insert into STATION values (304, '.', 55, 270404.20, 4172521.53, 813.09);
insert into STATION values (305, '.', 55, 270392.91, 4172522.97, 814.06);
insert into STATION values (306, '.', 55, 270390.73, 4172510.11, 810.86);
insert into STATION values (307, '34', 55, 270392.39, 4172506.34, 809.17);
insert into STATION values (308, '.', 55, 270390.01, 4172508.43, 809.77);
insert into STATION values (309, '.', 55, 270400.17, 4172503.53, 810.48);
insert into STATION values (310, '.', 55, 270392.39, 4172506.55, 812.25);
insert into STATION values (311, '.', 55, 270392.90, 4172506.74, 807.78);
insert into STATION values (312, '.', 55, 270404.57, 4172512.99, 810.58);
insert into STATION values (313, '.', 55, 270391.00, 4172512.47, 810.58);
insert into STATION values (314, '.', 55, 270386.50, 4172506.61, 810.45);
insert into STATION values (315, '.', 55, 270397.76, 4172499.07, 813.01);
insert into STATION values (316, '35', 55, 270387.64, 4172499.26, 810.71);
insert into STATION values (317, '.', 55, 270398.33, 4172500.24, 812.71);
insert into STATION values (318, '.', 55, 270387.66, 4172499.22, 813.14);
insert into STATION values (319, '.', 55, 270380.01, 4172495.69, 812.60);
insert into STATION values (320, '.', 55, 270387.62, 4172499.13, 809.06);
insert into STATION values (321, '.', 55, 270400.38, 4172492.35, 814.37);
insert into STATION values (322, '.', 55, 270388.64, 4172486.34, 812.60);
insert into STATION values (323, '.', 55, 270385.84, 4172504.70, 811.00);
insert into STATION values (324, '36', 55, 270379.33, 4172496.87, 812.23);
insert into STATION values (325, '.', 55, 270379.46, 4172488.24, 813.05);
insert into STATION values (326, '.', 55, 270379.55, 4172485.52, 813.36);
insert into STATION values (327, 'PTR_FR24_A05_37', 55, 270387.78, 4172490.61, 811.51);
insert into STATION values (328, '.', 55, 270384.96, 4172489.64, 812.77);
insert into STATION values (329, '.', 55, 270398.40, 4172496.75, 813.50);
insert into STATION values (330, '.', 55, 270387.81, 4172490.57, 813.35);
insert into STATION values (331, '.', 55, 270388.13, 4172491.07, 810.05);
insert into STATION values (332, '.', 55, 270390.24, 4172486.23, 812.72);
insert into STATION values (333, '.', 55, 270381.97, 4172498.56, 812.77);
insert into STATION values (334, '.', 55, 270398.11, 4172500.52, 813.57);
insert into STATION values (335, '38', 55, 270393.75, 4172489.57, 811.96);
insert into STATION values (336, '.', 55, 270400.38, 4172490.65, 813.61);
insert into STATION values (337, '.', 55, 270389.57, 4172486.53, 812.78);
insert into STATION values (338, '.', 55, 270393.75, 4172489.39, 813.83);
insert into STATION values (339, '.', 55, 270393.49, 4172489.67, 810.54);
insert into STATION values (340, '39', 55, 270394.81, 4172481.03, 809.93);
insert into STATION values (341, '.', 55, 270390.13, 4172481.95, 811.07);
insert into STATION values (342, '.', 55, 270402.05, 4172485.87, 812.40);
insert into STATION values (343, '.', 55, 270394.79, 4172480.63, 812.36);
insert into STATION values (344, '.', 55, 270394.52, 4172481.06, 808.43);
insert into STATION values (345, '.', 55, 270397.05, 4172470.25, 811.21);
insert into STATION values (346, '40', 55, 270391.21, 4172474.09, 810.16);
insert into STATION values (347, '.', 55, 270392.37, 4172468.72, 810.83);
insert into STATION values (348, '.', 55, 270389.36, 4172478.33, 811.38);
insert into STATION values (349, '.', 55, 270391.02, 4172473.95, 811.95);
insert into STATION values (350, '.', 55, 270391.09, 4172474.43, 808.79);
insert into STATION values (351, '.', 55, 270397.65, 4172471.72, 811.15);
insert into STATION values (352, '.', 55, 270385.66, 4172477.95, 811.18);
insert into STATION values (353, '41', 55, 270380.99, 4172471.36, 810.66);
insert into STATION values (354, '.', 55, 270386.67, 4172466.32, 810.28);
insert into STATION values (355, '.', 55, 270380.37, 4172461.47, 810.82);
insert into STATION values (356, '.', 55, 270380.60, 4172476.39, 810.99);
insert into STATION values (357, '.', 55, 270380.96, 4172471.32, 811.83);
insert into STATION values (358, '.', 55, 270380.87, 4172471.20, 808.76);
insert into STATION values (359, '42', 55, 270367.24, 4172471.97, 809.45);
insert into STATION values (360, '.', 55, 270366.86, 4172477.42, 811.74);
insert into STATION values (361, '.', 55, 270367.02, 4172466.80, 809.51);
insert into STATION values (362, '.', 55, 270367.25, 4172471.75, 811.05);
insert into STATION values (363, '.', 55, 270367.30, 4172471.96, 808.58);
insert into STATION values (364, '.', 55, 270370.24, 4172477.27, 811.05);
insert into STATION values (365, '.', 55, 270358.78, 4172471.58, 810.23);
insert into STATION values (366, '43', 55, 270361.25, 4172471.18, 809.26);
insert into STATION values (367, '.', 55, 270360.52, 4172470.01, 809.39);
insert into STATION values (368, '.', 55, 270363.16, 4172474.13, 811.05);
insert into STATION values (369, '.', 55, 270361.19, 4172471.36, 810.93);
insert into STATION values (370, '.', 55, 270360.64, 4172470.86, 808.28);
insert into STATION values (371, '44', 55, 270358.15, 4172474.45, 809.47);
insert into STATION values (372, '.', 55, 270356.02, 4172472.82, 808.25);
insert into STATION values (373, '.', 55, 270366.50, 4172480.43, 817.61);
insert into STATION values (374, '.', 55, 270350.10, 4172478.99, 809.66);
insert into STATION values (375, '.', 55, 270358.91, 4172471.98, 810.74);
insert into STATION values (376, '.', 55, 270358.41, 4172474.51, 808.20);
insert into STATION values (377, '.', 55, 270358.13, 4172474.49, 810.56);
insert into STATION values (378, '45', 55, 270353.44, 4172479.61, 808.34);
insert into STATION values (379, '.', 55, 270353.76, 4172475.92, 808.65);
insert into STATION values (380, '.', 55, 270350.43, 4172482.88, 808.71);
insert into STATION values (381, '.', 55, 270352.74, 4172479.98, 813.09);
insert into STATION values (382, '.', 55, 270353.18, 4172479.54, 807.11);
insert into STATION values (383, '46', 55, 270342.19, 4172481.99, 803.15);
insert into STATION values (384, '.', 55, 270342.13, 4172484.60, 803.29);
insert into STATION values (385, '.', 55, 270342.55, 4172476.07, 804.29);
insert into STATION values (386, '.', 55, 270342.09, 4172482.29, 805.58);
insert into STATION values (387, '.', 55, 270342.30, 4172481.91, 801.70);
insert into STATION values (388, '.', 55, 270338.50, 4172478.33, 803.62);
insert into STATION values (389, '.', 55, 270346.17, 4172481.94, 803.75);
insert into STATION values (390, '47', 55, 270330.26, 4172477.24, 802.59);
insert into STATION values (391, '.', 55, 270330.75, 4172476.13, 802.58);
insert into STATION values (392, '.', 55, 270328.63, 4172478.64, 802.90);
insert into STATION values (393, '.', 55, 270330.26, 4172477.29, 804.11);
insert into STATION values (394, '.', 55, 270330.26, 4172477.25, 801.73);
insert into STATION values (395, '.', 55, 270332.06, 4172476.49, 802.75);
insert into STATION values (396, '.', 55, 270331.13, 4172479.93, 802.63);
insert into STATION values (397, '.', 55, 270326.32, 4172476.19, 803.26);
insert into STATION values (398, 'PTR_FR24_A06_48', 55, 270325.73, 4172475.73, 802.78);
insert into STATION values (399, '.', 55, 270326.82, 4172475.24, 802.84);
insert into STATION values (400, '.', 55, 270324.69, 4172476.52, 802.80);
insert into STATION values (401, '.', 55, 270325.75, 4172475.80, 803.74);
insert into STATION values (402, '.', 55, 270325.61, 4172475.69, 801.40);
insert into STATION values (403, '49', 55, 270325.45, 4172473.80, 801.51);
insert into STATION values (404, '.', 55, 270325.80, 4172472.67, 801.80);
insert into STATION values (405, '.', 55, 270324.80, 4172475.03, 801.99);
insert into STATION values (406, '.', 55, 270325.38, 4172473.77, 801.94);
insert into STATION values (407, '.', 55, 270325.51, 4172473.73, 801.15);
insert into STATION values (408, '50', 55, 270320.37, 4172470.89, 801.21);
insert into STATION values (409, '51', 55, 270352.74, 4172489.14, 812.20);
insert into STATION values (410, '.', 55, 270352.17, 4172489.36, 812.23);
insert into STATION values (411, '.', 55, 270364.41, 4172475.05, 814.78);
insert into STATION values (412, '.', 55, 270352.80, 4172489.01, 813.04);
insert into STATION values (413, '.', 55, 270353.12, 4172488.99, 811.09);
insert into STATION values (414, '52', 55, 270362.59, 4172489.31, 813.21);
insert into STATION values (415, '.', 55, 270367.58, 4172479.56, 818.36);
insert into STATION values (416, '.', 55, 270359.15, 4172480.05, 815.40);
insert into STATION values (417, '.', 55, 270362.49, 4172491.93, 812.88);
insert into STATION values (418, '.', 55, 270362.51, 4172489.27, 814.29);
insert into STATION values (419, '.', 55, 270362.59, 4172489.48, 811.39);
insert into STATION values (420, '53', 55, 270376.55, 4172486.91, 816.87);
insert into STATION values (421, '.', 55, 270375.40, 4172479.17, 817.43);
insert into STATION values (422, '.', 55, 270378.38, 4172492.71, 817.23);
insert into STATION values (423, '.', 55, 270376.32, 4172486.55, 819.53);
insert into STATION values (424, '.', 55, 270375.33, 4172486.39, 814.14);
insert into STATION values (425, '.', 55, 270365.37, 4172475.83, 816.52);
insert into STATION values (426, '.', 55, 270358.48, 4172480.99, 816.27);
insert into STATION values (427, '.', 55, 270366.56, 4172487.44, 816.71);
insert into STATION values (428, '.', 55, 270374.15, 4172491.63, 816.75);
insert into STATION values (429, '.', 55, 270384.40, 4172479.23, 816.81);
insert into STATION values (430, '.', 55, 270383.41, 4172487.76, 817.15);
insert into STATION values (431, '.', 55, 270389.01, 4172486.08, 817.29);
insert into STATION values (432, '54', 55, 270387.08, 4172486.23, 814.45);
insert into STATION values (433, '.', 55, 270389.30, 4172485.53, 814.97);
insert into STATION values (434, '.', 55, 270383.51, 4172489.20, 815.05);
insert into STATION values (435, '.', 55, 270388.62, 4172486.95, 814.75);
insert into STATION values (436, '.', 55, 270387.08, 4172485.98, 813.11);
insert into STATION values (437, '.', 55, 270386.90, 4172485.94, 818.39);
insert into STATION values (438, '55', 55, 270414.19, 4172547.28, 813.53);
insert into STATION values (439, '.', 55, 270414.66, 4172549.64, 813.84);
insert into STATION values (440, '.', 55, 270413.86, 4172546.13, 813.94);
insert into STATION values (441, '.', 55, 270414.57, 4172547.31, 817.29);
insert into STATION values (442, '.', 55, 270415.42, 4172549.33, 816.01);
insert into STATION values (443, '.', 55, 270414.33, 4172547.31, 812.66);
insert into STATION values (444, '.', 55, 270421.05, 4172548.55, 812.93);
insert into STATION values (445, '.', 55, 270418.06, 4172545.33, 813.60);
insert into STATION values (446, '56', 55, 270423.93, 4172545.53, 811.08);
insert into STATION values (447, '.', 55, 270422.10, 4172542.00, 811.92);
insert into STATION values (448, '.', 55, 270423.81, 4172548.54, 811.76);
insert into STATION values (449, '.', 55, 270424.15, 4172545.13, 815.86);
insert into STATION values (450, '.', 55, 270423.88, 4172545.48, 809.96);
insert into STATION values (451, '.', 55, 270425.85, 4172539.85, 811.88);
insert into STATION values (452, '.', 55, 270431.42, 4172549.14, 812.77);
insert into STATION values (453, '.', 55, 270421.71, 4172548.66, 811.55);
insert into STATION values (454, '57', 55, 270434.11, 4172541.66, 812.21);
insert into STATION values (455, '.', 55, 270431.35, 4172536.23, 812.46);
insert into STATION values (456, '.', 55, 270437.99, 4172548.26, 812.69);
insert into STATION values (457, '.', 55, 270430.26, 4172549.09, 812.56);
insert into STATION values (458, '.', 55, 270447.95, 4172541.96, 814.40);
insert into STATION values (459, '.', 55, 270438.06, 4172532.32, 813.98);
insert into STATION values (460, '.', 55, 270434.20, 4172541.59, 814.31);
insert into STATION values (461, '.', 55, 270433.67, 4172541.09, 809.53);
insert into STATION values (462, '58', 55, 270447.25, 4172531.36, 815.79);
insert into STATION values (463, '.', 55, 270451.20, 4172535.17, 816.38);
insert into STATION values (464, '.', 55, 270445.76, 4172529.61, 815.52);
insert into STATION values (465, '.', 55, 270447.35, 4172531.31, 817.08);
insert into STATION values (466, '.', 55, 270447.19, 4172531.29, 814.11);
insert into STATION values (467, '.', 55, 270456.86, 4172529.65, 816.78);
insert into STATION values (468, '59', 55, 270457.21, 4172523.44, 816.39);
insert into STATION values (469, '.', 55, 270466.31, 4172529.49, 815.95);
insert into STATION values (470, '.', 55, 270453.32, 4172518.93, 816.33);
insert into STATION values (471, '.', 55, 270457.07, 4172523.45, 818.22);
insert into STATION values (472, '.', 55, 270456.73, 4172523.38, 813.94);
insert into STATION values (473, '.', 55, 270460.86, 4172516.39, 816.37);
insert into STATION values (474, '.', 55, 270458.48, 4172538.25, 816.62);
insert into STATION values (475, '.', 55, 270467.28, 4172515.92, 816.34);
insert into STATION values (476, '.', 55, 270468.64, 4172514.87, 816.34);
insert into STATION values (477, 'PTR_FR24_A07_60', 55, 270467.25, 4172515.91, 816.34);
insert into STATION values (478, '.', 55, 270469.47, 4172516.96, 816.92);
insert into STATION values (479, '.', 55, 270465.46, 4172514.41, 816.15);
insert into STATION values (480, '.', 55, 270467.31, 4172515.86, 817.33);
insert into STATION values (481, '.', 55, 270467.01, 4172515.67, 814.68);
insert into STATION values (482, '61', 55, 270463.53, 4172515.02, 813.39);
insert into STATION values (483, '.', 55, 270460.14, 4172514.44, 813.54);
insert into STATION values (484, '.', 55, 270464.61, 4172514.62, 813.64);
insert into STATION values (485, '.', 55, 270463.47, 4172515.02, 814.17);
insert into STATION values (486, '.', 55, 270463.67, 4172514.74, 811.89);
insert into STATION values (487, '62', 55, 270466.74, 4172510.96, 814.00);
insert into STATION values (488, '63', 55, 270436.46, 4172547.56, 811.87);
insert into STATION values (489, '.', 55, 270427.18, 4172549.63, 812.82);
insert into STATION values (490, '.', 55, 270440.46, 4172546.89, 812.78);
insert into STATION values (491, '.', 55, 270436.30, 4172547.56, 814.32);
insert into STATION values (492, '.', 55, 270436.56, 4172547.54, 810.82);
insert into STATION values (493, '.', 55, 270440.46, 4172566.59, 809.51);
insert into STATION values (494, '.', 55, 270433.80, 4172534.83, 814.28);
insert into STATION values (495, '.', 55, 270428.80, 4172550.71, 810.57);
insert into STATION values (496, '64', 55, 270442.16, 4172555.11, 810.41);
insert into STATION values (497, '.', 55, 270448.01, 4172561.69, 810.07);
insert into STATION values (498, '.', 55, 270450.39, 4172549.79, 811.10);
insert into STATION values (499, '.', 55, 270438.67, 4172547.66, 811.13);
insert into STATION values (500, '.', 55, 270426.57, 4172553.83, 809.51);
insert into STATION values (501, '.', 55, 270423.33, 4172560.69, 809.69);
insert into STATION values (502, '.', 55, 270442.09, 4172555.24, 811.97);
insert into STATION values (503, '.', 55, 270442.19, 4172555.00, 809.30);
insert into STATION values (504, '65', 55, 270437.39, 4172563.47, 809.56);
insert into STATION values (505, '.', 55, 270438.82, 4172573.06, 810.38);
insert into STATION values (506, '.', 55, 270426.61, 4172552.43, 810.16);
insert into STATION values (507, '.', 55, 270449.52, 4172557.13, 810.91);
insert into STATION values (508, '.', 55, 270433.98, 4172573.02, 810.40);
insert into STATION values (509, '.', 55, 270420.45, 4172568.87, 809.66);
insert into STATION values (510, '.', 55, 270437.34, 4172563.43, 811.12);
insert into STATION values (511, '.', 55, 270437.39, 4172563.50, 808.02);
insert into STATION values (512, '66', 55, 270419.37, 4172575.44, 809.52);
insert into STATION values (513, '.', 55, 270421.28, 4172578.58, 809.98);
insert into STATION values (514, '.', 55, 270418.34, 4172573.80, 809.56);
insert into STATION values (515, '.', 55, 270419.25, 4172575.45, 810.08);
insert into STATION values (516, '.', 55, 270419.36, 4172575.39, 808.49);
insert into STATION values (517, '67', 55, 270411.49, 4172582.98, 809.35);
insert into STATION values (518, '.', 55, 270411.35, 4172582.51, 809.32);
insert into STATION values (519, '.', 55, 270411.67, 4172583.60, 809.37);
insert into STATION values (520, '.', 55, 270411.53, 4172583.12, 808.83);
insert into STATION values (521, '.', 55, 270411.41, 4172583.04, 809.60);
insert into STATION values (522, '68', 55, 270441.46, 4172573.21, 810.59);
insert into STATION values (523, '.', 55, 270444.14, 4172573.41, 810.44);
insert into STATION values (524, '.', 55, 270441.02, 4172573.23, 810.60);
insert into STATION values (525, '.', 55, 270441.46, 4172573.28, 811.28);
insert into STATION values (526, '.', 55, 270441.49, 4172573.35, 809.59);
insert into STATION values (527, '69', 55, 270441.98, 4172576.06, 811.56);
insert into STATION values (528, '.', 55, 270448.31, 4172576.03, 812.70);
insert into STATION values (529, '.', 55, 270433.43, 4172574.04, 812.86);
insert into STATION values (530, '.', 55, 270441.75, 4172577.03, 814.98);
insert into STATION values (531, '.', 55, 270441.65, 4172575.97, 810.21);
insert into STATION values (532, '.', 55, 270444.48, 4172596.49, 816.12);
insert into STATION values (533, '.', 55, 270463.26, 4172590.59, 813.50);
insert into STATION values (534, '.', 55, 270420.41, 4172581.75, 811.95);
insert into STATION values (535, '.', 55, 270420.83, 4172584.81, 812.60);
insert into STATION values (536, '.', 55, 270445.93, 4172574.77, 811.55);
insert into STATION values (537, '.', 55, 270442.55, 4172573.98, 811.58);
insert into STATION values (538, '70', 55, 270436.48, 4172584.54, 813.82);
insert into STATION values (539, '.', 55, 270433.15, 4172601.37, 822.48);
insert into STATION values (540, '.', 55, 270431.17, 4172575.90, 814.72);
insert into STATION values (541, '.', 55, 270453.41, 4172597.26, 818.43);
insert into STATION values (542, '.', 55, 270451.78, 4172583.85, 815.92);
insert into STATION values (543, '.', 55, 270448.96, 4172578.65, 814.01);
insert into STATION values (544, '.', 55, 270436.34, 4172584.22, 811.90);
insert into STATION values (545, '.', 55, 270436.32, 4172584.35, 815.50);
insert into STATION values (546, '.', 55, 270435.86, 4172585.99, 819.81);
insert into STATION values (547, '71', 55, 270418.89, 4172583.78, 812.36);
insert into STATION values (548, '.', 55, 270418.61, 4172582.73, 812.32);
insert into STATION values (549, '.', 55, 270419.60, 4172584.74, 812.45);
insert into STATION values (550, '.', 55, 270418.74, 4172583.80, 813.23);
insert into STATION values (551, '.', 55, 270418.80, 4172583.88, 811.06);
insert into STATION values (552, '72', 55, 270415.10, 4172593.62, 815.38);
insert into STATION values (553, '.', 55, 270414.18, 4172608.57, 821.62);
insert into STATION values (554, '.', 55, 270421.84, 4172587.05, 817.52);
insert into STATION values (555, '.', 55, 270438.58, 4172602.50, 820.35);
insert into STATION values (556, '.', 55, 270413.20, 4172590.63, 815.26);
insert into STATION values (557, '.', 55, 270415.09, 4172593.59, 820.93);
insert into STATION values (558, '.', 55, 270415.48, 4172593.42, 814.22);
insert into STATION values (559, 'PTR_FR24_A04_73', 55, 270430.18, 4172597.71, 817.92);
insert into STATION values (560, '.', 55, 270444.63, 4172603.00, 821.36);
insert into STATION values (561, '.', 55, 270416.70, 4172588.68, 816.59);
insert into STATION values (562, '.', 55, 270428.98, 4172586.00, 817.55);
insert into STATION values (563, '.', 55, 270451.80, 4172584.26, 816.54);
insert into STATION values (564, '.', 55, 270430.10, 4172597.84, 817.93);
insert into STATION values (565, '.', 55, 270429.61, 4172597.07, 823.03);
insert into STATION values (566, '.', 55, 270430.28, 4172597.61, 815.56);
insert into STATION values (567, '74', 55, 270435.29, 4172592.77, 817.58);
insert into STATION values (568, '.', 55, 270429.88, 4172586.30, 817.97);
insert into STATION values (569, '.', 55, 270439.31, 4172598.81, 819.50);
insert into STATION values (570, '.', 55, 270435.39, 4172592.02, 822.33);
insert into STATION values (571, '.', 55, 270435.51, 4172592.89, 815.47);
insert into STATION values (572, '.', 55, 270434.61, 4172585.49, 817.55);
insert into STATION values (573, '.', 55, 270451.28, 4172587.05, 817.82);
insert into STATION values (574, '.', 55, 270453.23, 4172598.09, 817.52);
insert into STATION values (575, '75', 55, 270452.60, 4172588.42, 813.67);
insert into STATION values (576, '.', 55, 270454.88, 4172597.84, 816.13);
insert into STATION values (577, '.', 55, 270452.69, 4172588.09, 813.67);
insert into STATION values (578, '.', 55, 270453.22, 4172588.82, 817.42);
insert into STATION values (579, '.', 55, 270452.78, 4172588.51, 812.33);
insert into STATION values (580, '.', 55, 270463.02, 4172591.35, 814.89);
insert into STATION values (581, '.', 55, 270443.62, 4172597.40, 817.46);
insert into STATION values (582, '76', 55, 270463.08, 4172587.52, 811.57);
insert into STATION values (583, '.', 55, 270468.64, 4172595.08, 811.85);
insert into STATION values (584, '.', 55, 270462.66, 4172581.67, 810.96);
insert into STATION values (585, '.', 55, 270463.12, 4172587.64, 812.75);
insert into STATION values (586, '.', 55, 270463.12, 4172587.52, 810.13);
insert into STATION values (587, '.', 55, 270463.30, 4172590.67, 813.52);
insert into STATION values (588, '.', 55, 270461.55, 4172596.17, 815.86);
insert into STATION values (589, '.', 55, 270461.54, 4172585.81, 811.98);
insert into STATION values (590, 'PTR_FR24_A08_77', 55, 270485.25, 4172585.82, 813.75);
insert into STATION values (591, '.', 55, 270485.26, 4172586.53, 813.82);
insert into STATION values (592, '.', 55, 270485.23, 4172584.87, 813.77);
insert into STATION values (593, '.', 55, 270485.28, 4172585.97, 814.74);
insert into STATION values (594, '.', 55, 270485.25, 4172585.73, 813.24);
insert into STATION values (595, '78', 55, 270490.44, 4172585.30, 815.04);
insert into STATION values (596, '79', 55, 270418.13, 4172612.54, 821.03);
insert into STATION values (597, '.', 55, 270415.13, 4172609.07, 821.22);
insert into STATION values (598, '.', 55, 270421.40, 4172616.22, 821.79);
insert into STATION values (599, '.', 55, 270416.47, 4172613.37, 825.39);
insert into STATION values (600, '.', 55, 270418.05, 4172612.41, 820.07);
insert into STATION values (601, 'PTR_FR24_A09_80', 55, 270415.45, 4172615.10, 824.05);
insert into STATION values (602, 'PTR_FR24_A02_24', 424, 270379.82, 4172621.44, 834.39);
insert into STATION values (603, '1', 424, 270411.52, 4172615.39, 830.12);
insert into STATION values (604, '.', 424, 270411.42, 4172633.22, 832.66);
insert into STATION values (605, '.', 424, 270408.34, 4172611.53, 830.33);
insert into STATION values (606, '.', 424, 270411.66, 4172615.22, 831.24);
insert into STATION values (607, '.', 424, 270411.18, 4172615.55, 828.77);
insert into STATION values (608, 'PTR_FR24_A09_2', 424, 270415.45, 4172615.10, 824.05);
insert into STATION values (609, '.', 424, 270415.69, 4172618.77, 825.25);
insert into STATION values (610, '.', 424, 270415.58, 4172610.29, 824.22);
insert into STATION values (611, '.', 424, 270416.06, 4172614.89, 825.67);
insert into STATION values (612, '.', 424, 270416.09, 4172614.92, 821.92);
insert into STATION values (613, '3', 424, 270421.69, 4172629.13, 821.59);
insert into STATION values (614, '.', 424, 270411.50, 4172619.95, 822.48);
insert into STATION values (615, '.', 424, 270418.86, 4172628.45, 821.75);
insert into STATION values (616, '.', 424, 270422.19, 4172629.25, 821.53);
insert into STATION values (617, '.', 424, 270421.14, 4172629.09, 823.46);
insert into STATION values (618, '.', 424, 270421.62, 4172629.04, 820.44);
insert into STATION values (619, '4', 424, 270417.70, 4172634.03, 820.05);
insert into STATION values (620, '.', 424, 270416.64, 4172633.37, 820.24);
insert into STATION values (621, '.', 424, 270418.78, 4172634.60, 819.84);
insert into STATION values (622, '.', 424, 270417.63, 4172634.07, 820.88);
insert into STATION values (623, '.', 424, 270417.80, 4172634.10, 819.57);
insert into STATION values (624, '5', 424, 270416.55, 4172641.18, 816.64);
insert into STATION values (625, '.', 424, 270412.98, 4172643.51, 816.79);
insert into STATION values (626, '.', 424, 270417.41, 4172640.17, 819.79);
insert into STATION values (627, '.', 424, 270416.58, 4172641.40, 815.77);
insert into STATION values (628, '6', 424, 270438.39, 4172653.69, 809.43);
insert into STATION values (629, '.', 424, 270438.88, 4172656.78, 809.67);
insert into STATION values (630, '.', 424, 270438.62, 4172644.26, 810.64);
insert into STATION values (631, '.', 424, 270438.37, 4172653.31, 812.77);
insert into STATION values (632, '.', 424, 270438.40, 4172653.60, 808.57);
insert into STATION values (633, '7', 424, 270455.49, 4172652.98, 808.62);
insert into STATION values (634, '.', 424, 270453.74, 4172653.13, 808.79);
insert into STATION values (635, '.', 424, 270458.11, 4172642.52, 809.41);
insert into STATION values (636, '.', 424, 270455.93, 4172652.09, 811.42);
insert into STATION values (637, '.', 424, 270455.51, 4172652.84, 807.95);
insert into STATION values (638, '8', 424, 270461.95, 4172655.77, 807.98);
insert into STATION values (639, '.', 424, 270458.25, 4172656.93, 808.22);
insert into STATION values (640, '.', 424, 270469.06, 4172654.37, 808.49);
insert into STATION values (641, '.', 424, 270461.94, 4172656.03, 810.45);
insert into STATION values (642, '.', 424, 270461.98, 4172655.78, 807.62);
insert into STATION values (643, '9', 424, 270464.50, 4172671.20, 808.99);
insert into STATION values (644, '.', 424, 270457.45, 4172668.59, 809.40);
insert into STATION values (645, '.', 424, 270442.03, 4172674.08, 809.51);
insert into STATION values (646, '.', 424, 270467.32, 4172686.59, 810.61);
insert into STATION values (647, '.', 424, 270467.39, 4172668.36, 809.31);
insert into STATION values (648, '.', 424, 270464.27, 4172671.47, 815.92);
insert into STATION values (649, '.', 424, 270464.52, 4172671.22, 808.56);
insert into STATION values (650, '10', 424, 270478.67, 4172671.95, 812.03);
insert into STATION values (651, '.', 424, 270481.43, 4172680.16, 814.18);
insert into STATION values (652, '.', 424, 270478.65, 4172667.74, 813.42);
insert into STATION values (653, '.', 424, 270479.19, 4172673.71, 818.32);
insert into STATION values (654, '.', 424, 270478.74, 4172671.90, 811.59);
insert into STATION values (655, '11', 424, 270494.18, 4172679.93, 815.30);
insert into STATION values (656, '.', 424, 270494.23, 4172683.87, 815.26);
insert into STATION values (657, '.', 424, 270494.73, 4172666.72, 814.58);
insert into STATION values (658, '.', 424, 270496.14, 4172679.06, 824.88);
insert into STATION values (659, '.', 424, 270494.16, 4172679.94, 814.40);
insert into STATION values (660, '12', 424, 270507.81, 4172679.60, 816.92);
insert into STATION values (661, '.', 424, 270510.55, 4172682.07, 818.09);
insert into STATION values (662, '.', 424, 270507.01, 4172671.30, 818.15);
insert into STATION values (663, '.', 424, 270508.44, 4172676.89, 831.62);
insert into STATION values (664, '.', 424, 270507.89, 4172679.57, 816.42);
insert into STATION values (665, '13', 424, 270504.11, 4172686.20, 818.22);
insert into STATION values (666, '.', 424, 270499.81, 4172685.05, 819.24);
insert into STATION values (667, '.', 424, 270510.53, 4172686.27, 819.15);
insert into STATION values (668, '.', 424, 270504.01, 4172686.67, 821.54);
insert into STATION values (669, '.', 424, 270504.11, 4172686.24, 817.97);
insert into STATION values (670, '14', 424, 270508.22, 4172691.54, 813.64);
insert into STATION values (671, '.', 424, 270508.75, 4172695.31, 813.99);
insert into STATION values (672, '.', 424, 270508.87, 4172686.95, 813.89);
insert into STATION values (673, '.', 424, 270508.84, 4172690.15, 821.46);
insert into STATION values (674, '.', 424, 270508.16, 4172691.48, 813.23);
insert into STATION values (675, '15', 424, 270515.88, 4172687.20, 810.59);
insert into STATION values (676, 'PTR_FR24_A20_16', 424, 270512.41, 4172678.48, 817.49);
insert into STATION values (677, '.', 424, 270513.32, 4172681.50, 817.73);
insert into STATION values (678, '.', 424, 270510.47, 4172671.13, 817.63);
insert into STATION values (679, '.', 424, 270512.29, 4172678.43, 820.24);
insert into STATION values (680, '.', 424, 270512.41, 4172678.41, 816.82);
insert into STATION values (681, 'A20', 551, 270512.41, 4172678.48, 817.49);
insert into STATION values (682, '.', 551, 270512.17, 4172671.09, 817.71);
insert into STATION values (683, '.', 551, 270512.69, 4172676.93, 816.82);
insert into STATION values (684, '.', 551, 270513.86, 4172681.53, 817.57);
insert into STATION values (685, '.', 551, 270513.24, 4172678.61, 820.28);
insert into STATION values (686, '.', 551, 270514.66, 4172676.01, 825.50);
insert into STATION values (687, '.', 551, 270513.15, 4172673.06, 823.53);
insert into STATION values (688, '.', 551, 270515.06, 4172676.18, 816.54);
insert into STATION values (689, '.', 551, 270526.33, 4172669.54, 815.25);
insert into STATION values (690, '.', 551, 270531.35, 4172665.90, 815.50);
insert into STATION values (691, '.', 551, 270524.76, 4172677.75, 818.46);
insert into STATION values (692, '.', 551, 270520.67, 4172670.37, 818.09);
insert into STATION values (693, '.', 551, 270524.15, 4172671.48, 818.97);
insert into STATION values (694, '.', 551, 270521.81, 4172673.83, 821.81);
insert into STATION values (695, '1', 551, 270532.72, 4172668.00, 816.85);
insert into STATION values (696, '.', 551, 270528.44, 4172661.98, 817.47);
insert into STATION values (697, '.', 551, 270532.11, 4172666.67, 815.70);
insert into STATION values (698, '.', 551, 270532.65, 4172663.13, 822.82);
insert into STATION values (699, '.', 551, 270532.95, 4172668.28, 817.36);
insert into STATION values (700, '.', 551, 270531.79, 4172670.70, 817.34);
insert into STATION values (701, '.', 551, 270527.08, 4172670.24, 819.16);
insert into STATION values (702, '.', 551, 270522.39, 4172668.18, 817.41);
insert into STATION values (703, '.', 551, 270530.46, 4172668.02, 815.70);
insert into STATION values (704, '.', 551, 270545.50, 4172663.18, 816.87);
insert into STATION values (705, '.', 551, 270548.46, 4172655.67, 817.83);
insert into STATION values (706, '.', 551, 270541.56, 4172655.24, 817.64);
insert into STATION values (707, '.', 551, 270533.78, 4172658.37, 817.48);
insert into STATION values (708, '.', 551, 270540.15, 4172654.71, 814.19);
insert into STATION values (709, '.', 551, 270549.06, 4172643.78, 811.49);
insert into STATION values (710, '.', 551, 270550.61, 4172650.24, 810.93);
insert into STATION values (711, '.', 551, 270551.18, 4172653.48, 812.11);
insert into STATION values (712, '.', 551, 270546.93, 4172656.70, 812.25);
insert into STATION values (713, '.', 551, 270536.26, 4172665.03, 815.15);
insert into STATION values (714, '.', 551, 270536.04, 4172662.67, 822.67);
insert into STATION values (715, '.', 551, 270539.99, 4172661.59, 820.81);
insert into STATION values (716, '.', 551, 270544.34, 4172659.44, 819.21);
insert into STATION values (717, '.', 551, 270549.65, 4172648.46, 812.94);
insert into STATION values (718, '2', 551, 270550.37, 4172649.61, 812.67);
insert into STATION values (719, '.', 551, 270550.43, 4172649.60, 810.94);
insert into STATION values (720, '.', 551, 270553.58, 4172650.85, 811.07);
insert into STATION values (721, '.', 551, 270549.15, 4172651.75, 811.25);
insert into STATION values (722, '.', 551, 270545.79, 4172656.58, 812.22);
insert into STATION values (723, '.', 551, 270542.52, 4172653.92, 812.11);
insert into STATION values (724, '.', 551, 270543.19, 4172650.03, 812.54);
insert into STATION values (725, '.', 551, 270547.40, 4172651.20, 813.95);
insert into STATION values (726, '.', 551, 270548.13, 4172645.83, 812.54);
insert into STATION values (727, '.', 551, 270550.45, 4172642.46, 812.30);
insert into STATION values (728, '.', 551, 270553.55, 4172645.04, 810.91);
insert into STATION values (729, '.', 551, 270556.32, 4172646.63, 811.95);
insert into STATION values (730, '.', 551, 270551.30, 4172648.14, 812.76);
insert into STATION values (731, '.', 551, 270551.98, 4172642.34, 812.40);
insert into STATION values (732, '3', 551, 270554.53, 4172637.53, 812.47);
insert into STATION values (733, '.', 551, 270554.55, 4172637.62, 812.14);
insert into STATION values (734, '.', 551, 270552.05, 4172635.39, 830.49);
insert into STATION values (735, '.', 551, 270552.01, 4172639.37, 823.88);
insert into STATION values (736, '.', 551, 270554.42, 4172640.93, 817.11);
insert into STATION values (737, '.', 551, 270555.17, 4172643.02, 813.05);
insert into STATION values (738, '.', 551, 270554.91, 4172639.72, 811.99);
insert into STATION values (739, '.', 551, 270557.96, 4172643.64, 812.43);
insert into STATION values (740, '.', 551, 270551.59, 4172641.94, 812.16);
insert into STATION values (741, '.', 551, 270548.08, 4172638.16, 814.52);
insert into STATION values (742, '.', 551, 270540.61, 4172638.67, 819.04);
insert into STATION values (743, '.', 551, 270538.73, 4172638.99, 823.62);
insert into STATION values (744, '.', 551, 270543.87, 4172632.42, 821.45);
insert into STATION values (745, '.', 551, 270550.66, 4172630.98, 816.80);
insert into STATION values (746, '.', 551, 270551.44, 4172641.67, 817.45);
insert into STATION values (747, '.', 551, 270554.51, 4172630.59, 829.90);
insert into STATION values (748, '.', 551, 270563.47, 4172628.72, 818.51);
insert into STATION values (749, '.', 551, 270582.95, 4172622.17, 823.34);
insert into STATION values (750, '.', 551, 270578.63, 4172636.44, 821.02);
insert into STATION values (751, '.', 551, 270563.57, 4172639.94, 817.99);
insert into STATION values (752, '.', 551, 270565.87, 4172637.02, 814.27);
insert into STATION values (753, '.', 551, 270586.39, 4172626.88, 827.64);
insert into STATION values (754, '.', 551, 270573.34, 4172629.89, 830.06);
insert into STATION values (755, '.', 551, 270567.22, 4172637.51, 824.95);
insert into STATION values (756, '.', 551, 270572.69, 4172635.40, 827.39);
insert into STATION values (757, '.', 551, 270565.57, 4172635.34, 814.08);
insert into STATION values (758, '4', 551, 270533.94, 4172640.16, 830.27);
insert into STATION values (759, '.', 551, 270564.41, 4172633.08, 837.43);
insert into STATION values (760, '.', 551, 270560.64, 4172633.95, 836.49);
insert into STATION values (761, '.', 551, 270566.16, 4172632.67, 837.84);
insert into STATION values (762, '5', 551, 270584.98, 4172630.39, 819.64);
insert into STATION values (763, '.', 551, 270584.02, 4172622.19, 823.74);
insert into STATION values (764, '.', 551, 270585.10, 4172629.50, 817.75);
insert into STATION values (765, '.', 551, 270588.50, 4172628.73, 818.11);
insert into STATION values (766, '.', 551, 270598.47, 4172620.17, 820.76);
insert into STATION values (767, '.', 551, 270593.95, 4172621.65, 826.07);
insert into STATION values (768, '.', 551, 270587.97, 4172621.34, 824.52);
insert into STATION values (769, '.', 551, 270586.66, 4172628.16, 826.90);
insert into STATION values (770, '.', 551, 270585.76, 4172631.77, 823.02);
insert into STATION values (771, '.', 551, 270580.11, 4172629.43, 818.29);
insert into STATION values (772, '.', 551, 270570.84, 4172626.76, 820.74);
insert into STATION values (773, '.', 551, 270563.82, 4172639.90, 820.49);
insert into STATION values (774, '.', 551, 270591.63, 4172627.71, 823.93);
insert into STATION values (775, '.', 551, 270590.26, 4172630.55, 822.58);
insert into STATION values (776, '6', 551, 270592.42, 4172625.97, 819.70);
insert into STATION values (777, '.', 551, 270593.98, 4172625.79, 817.54);
insert into STATION values (778, '.', 551, 270591.99, 4172618.62, 819.78);
insert into STATION values (779, '.', 551, 270591.99, 4172621.06, 826.73);
insert into STATION values (780, '.', 551, 270593.47, 4172628.65, 824.93);
insert into STATION values (781, '.', 551, 270592.64, 4172631.96, 822.25);
insert into STATION values (782, '.', 551, 270593.79, 4172636.44, 822.69);
insert into STATION values (783, '.', 551, 270592.82, 4172630.64, 819.16);
insert into STATION values (784, '.', 551, 270601.17, 4172630.68, 819.40);
insert into STATION values (785, '.', 551, 270606.18, 4172622.33, 819.45);
insert into STATION values (786, '.', 551, 270612.09, 4172623.17, 819.66);
insert into STATION values (787, '.', 551, 270605.54, 4172626.22, 816.62);
insert into STATION values (788, '.', 551, 270613.48, 4172628.75, 817.77);
insert into STATION values (789, '.', 551, 270598.92, 4172626.00, 820.47);
insert into STATION values (790, '.', 551, 270596.59, 4172625.68, 824.42);
insert into STATION values (791, '.', 551, 270586.45, 4172620.85, 821.44);
insert into STATION values (792, '7', 551, 270579.06, 4172627.96, 818.93);
insert into STATION values (793, '.', 551, 270572.63, 4172622.65, 818.57);
insert into STATION values (794, '.', 551, 270570.52, 4172630.07, 815.32);
insert into STATION values (795, '.', 551, 270564.20, 4172640.52, 817.98);
insert into STATION values (796, '8', 551, 270576.89, 4172620.47, 818.29);
insert into STATION values (797, '.', 551, 270581.64, 4172618.60, 813.46);
insert into STATION values (798, '.', 551, 270578.39, 4172620.14, 816.92);
insert into STATION values (799, '.', 551, 270578.65, 4172619.40, 816.55);
insert into STATION values (800, '.', 551, 270579.86, 4172619.19, 814.82);
insert into STATION values (801, '.', 551, 270581.40, 4172619.11, 815.11);
insert into STATION values (802, '.', 551, 270576.83, 4172620.02, 816.38);
insert into STATION values (803, '.', 551, 270572.34, 4172620.93, 814.09);
insert into STATION values (804, '9', 551, 270581.58, 4172618.60, 813.60);
insert into STATION values (805, '.', 551, 270581.12, 4172616.14, 812.92);
insert into STATION values (806, '.', 551, 270586.31, 4172616.05, 812.38);
insert into STATION values (807, '.', 551, 270591.92, 4172615.95, 811.93);
insert into STATION values (808, '.', 551, 270586.05, 4172618.17, 812.86);
insert into STATION values (809, '.', 551, 270589.99, 4172617.06, 810.95);
insert into STATION values (810, '.', 551, 270583.07, 4172617.15, 813.83);
insert into STATION values (811, '.', 551, 270581.48, 4172617.19, 815.31);
insert into STATION values (812, '.', 551, 270578.23, 4172617.12, 814.41);
insert into STATION values (813, '.', 551, 270574.65, 4172617.15, 812.21);
insert into STATION values (814, '.', 551, 270569.15, 4172616.39, 810.75);
insert into STATION values (815, '.', 551, 270576.91, 4172619.49, 812.82);
insert into STATION values (816, '.', 551, 270579.82, 4172619.17, 813.38);
insert into STATION values (817, '.', 551, 270580.22, 4172619.13, 813.75);
insert into STATION values (818, '.', 551, 270581.67, 4172618.55, 812.95);
insert into STATION values (819, '.', 551, 270581.66, 4172617.65, 812.59);
insert into STATION values (820, '10', 551, 270592.77, 4172616.19, 812.84);
insert into STATION values (821, '11', 551, 270572.47, 4172617.09, 811.79);
insert into STATION values (822, '.', 551, 270572.17, 4172616.12, 811.68);
insert into STATION values (823, '.', 551, 270572.24, 4172617.15, 810.87);
insert into STATION values (824, '.', 551, 270569.43, 4172617.48, 810.28);
insert into STATION values (825, '.', 551, 270566.79, 4172618.07, 809.94);
insert into STATION values (826, '.', 551, 270566.76, 4172618.50, 813.35);
insert into STATION values (827, '.', 551, 270571.13, 4172616.06, 811.84);
insert into STATION values (828, '.', 551, 270569.60, 4172618.90, 811.14);
insert into STATION values (829, '.', 551, 270574.63, 4172613.14, 810.82);
insert into STATION values (830, '.', 551, 270574.58, 4172615.55, 811.66);
insert into STATION values (831, '.', 551, 270573.51, 4172615.97, 811.23);
insert into STATION values (832, '.', 551, 270573.98, 4172615.73, 811.81);
insert into STATION values (833, '12', 551, 270565.70, 4172618.38, 810.77);
insert into STATION values (834, '.', 551, 270565.36, 4172616.56, 810.86);
insert into STATION values (835, '.', 551, 270565.39, 4172618.07, 809.90);
insert into STATION values (836, '.', 551, 270565.02, 4172619.74, 810.20);
insert into STATION values (837, '.', 551, 270563.66, 4172619.44, 810.96);
insert into STATION values (838, '.', 551, 270563.48, 4172618.11, 811.38);
insert into STATION values (839, '.', 551, 270561.84, 4172616.74, 810.27);
insert into STATION values (840, '.', 551, 270560.43, 4172618.97, 810.11);
insert into STATION values (841, '.', 551, 270556.41, 4172617.99, 810.69);
insert into STATION values (842, '.', 551, 270555.36, 4172621.31, 810.43);
insert into STATION values (843, '.', 551, 270560.90, 4172620.39, 810.46);
insert into STATION values (844, '.', 551, 270569.44, 4172616.55, 812.64);
insert into STATION values (845, '13', 551, 270557.81, 4172618.88, 811.10);
insert into STATION values (846, '.', 551, 270557.57, 4172618.94, 810.20);
insert into STATION values (847, '.', 551, 270556.66, 4172616.89, 810.57);
insert into STATION values (848, '.', 551, 270555.54, 4172618.54, 810.49);
insert into STATION values (849, '.', 551, 270554.58, 4172620.76, 810.16);
insert into STATION values (850, '.', 551, 270553.89, 4172623.53, 809.84);
insert into STATION values (851, '.', 551, 270556.93, 4172624.31, 810.02);
insert into STATION values (852, '.', 551, 270560.13, 4172624.02, 809.57);
insert into STATION values (853, '.', 551, 270560.23, 4172620.59, 810.18);
insert into STATION values (854, '.', 551, 270558.17, 4172619.65, 811.66);
insert into STATION values (855, '.', 551, 270561.86, 4172620.17, 810.09);
insert into STATION values (856, '.', 551, 270559.16, 4172617.25, 810.83);
insert into STATION values (857, '.', 551, 270553.41, 4172625.19, 809.84);
insert into STATION values (858, '14', 551, 270553.42, 4172625.45, 809.67);
insert into STATION values (859, '15', 551, 270575.00, 4172613.50, 811.57);
insert into STATION values (860, '.', 551, 270577.86, 4172613.41, 809.25);
insert into STATION values (861, '.', 551, 270584.73, 4172610.17, 806.10);
insert into STATION values (862, '.', 551, 270576.08, 4172614.80, 810.61);
insert into STATION values (863, '.', 551, 270575.34, 4172614.07, 810.22);
insert into STATION values (864, '.', 551, 270574.90, 4172612.89, 810.40);
insert into STATION values (865, '.', 551, 270580.76, 4172613.40, 815.68);
insert into STATION values (866, '.', 551, 270583.74, 4172612.16, 815.35);
insert into STATION values (867, '.', 551, 270590.81, 4172610.17, 810.67);
insert into STATION values (868, '.', 551, 270587.67, 4172610.62, 808.60);
insert into STATION values (869, '.', 551, 270582.04, 4172610.95, 810.20);
insert into STATION values (870, '.', 551, 270584.39, 4172610.08, 806.24);
insert into STATION values (871, '.', 551, 270571.71, 4172614.43, 810.19);
insert into STATION values (872, '.', 551, 270574.19, 4172615.15, 811.44);
insert into STATION values (873, '.', 551, 270574.15, 4172615.45, 810.76);
insert into STATION values (874, '.', 551, 270573.71, 4172617.24, 811.06);
insert into STATION values (875, '.', 551, 270575.15, 4172615.10, 811.33);
insert into STATION values (876, '.', 551, 270572.36, 4172614.21, 810.61);
insert into STATION values (877, '16', 551, 270584.81, 4172610.16, 806.20);
insert into STATION values (878, 'B59', 551, 270624.22, 4172630.28, 819.47);
insert into STATION values (879, '.', 551, 270635.96, 4172631.53, 821.15);
insert into STATION values (880, '.', 551, 270625.87, 4172630.55, 824.75);
insert into STATION values (881, '.', 551, 270621.92, 4172627.64, 824.33);
insert into STATION values (882, '.', 551, 270619.95, 4172621.77, 821.36);
insert into STATION values (883, '.', 551, 270623.81, 4172629.55, 818.94);
insert into STATION values (884, '.', 551, 270622.99, 4172603.89, 822.67);
insert into STATION values (885, '.', 551, 270630.07, 4172617.93, 824.77);
insert into STATION values (886, '.', 551, 270639.76, 4172626.18, 825.07);
insert into STATION values (887, '.', 551, 270650.16, 4172601.08, 826.01);
insert into STATION values (888, '.', 551, 270634.65, 4172615.17, 821.18);
insert into STATION values (889, '.', 551, 270625.76, 4172624.07, 819.58);
insert into STATION values (890, '.', 551, 270632.78, 4172641.27, 821.09);
insert into STATION values (891, '.', 551, 270637.71, 4172653.46, 817.46);
insert into STATION values (892, '.', 551, 270629.62, 4172661.57, 819.97);
insert into STATION values (893, '.', 551, 270620.09, 4172635.74, 820.61);
insert into STATION values (894, '.', 551, 270618.59, 4172633.42, 820.61);
insert into STATION values (895, '.', 551, 270624.16, 4172631.41, 818.72);
insert into STATION values (896, '.', 551, 270623.11, 4172638.42, 818.81);
insert into STATION values (897, '.', 551, 270624.88, 4172635.27, 823.48);
insert into STATION values (898, '.', 551, 270612.13, 4172621.99, 820.91);
insert into STATION values (899, '.', 551, 270602.52, 4172621.01, 819.52);
insert into STATION values (900, '.', 551, 270601.09, 4172630.43, 819.51);
insert into STATION values (901, '.', 551, 270613.04, 4172632.53, 819.71);
insert into STATION values (902, '.', 551, 270613.84, 4172628.68, 822.59);
insert into STATION values (903, '.', 551, 270606.59, 4172627.29, 820.73);
insert into STATION values (904, '.', 551, 270599.05, 4172625.83, 816.88);
insert into STATION values (905, '.', 551, 270618.21, 4172629.59, 818.42);
insert into STATION values (906, '.', 551, 270619.15, 4172633.42, 819.31);
insert into STATION values (907, '.', 551, 270619.85, 4172632.89, 821.88);
insert into STATION values (908, '18', 551, 270651.28, 4172600.67, 825.33);
insert into STATION values (909, '19', 551, 270616.25, 4172653.17, 817.95);
insert into STATION values (910, '.', 551, 270614.31, 4172651.81, 818.35);
insert into STATION values (911, '.', 551, 270617.82, 4172651.55, 822.73);
insert into STATION values (912, '.', 551, 270630.37, 4172654.21, 823.90);
insert into STATION values (913, '.', 551, 270634.75, 4172654.40, 818.47);
insert into STATION values (914, '.', 551, 270618.37, 4172653.02, 817.58);
insert into STATION values (915, '.', 551, 270622.79, 4172648.49, 816.85);
insert into STATION values (916, '.', 551, 270625.10, 4172639.99, 817.70);
insert into STATION values (917, '.', 551, 270634.06, 4172639.21, 820.01);
insert into STATION values (918, '.', 551, 270619.31, 4172640.70, 818.58);
insert into STATION values (919, '.', 551, 270601.86, 4172655.55, 814.31);
insert into STATION values (920, '.', 551, 270602.12, 4172663.85, 813.76);
insert into STATION values (921, '.', 551, 270602.89, 4172670.50, 813.46);
insert into STATION values (922, '.', 551, 270613.00, 4172666.28, 816.86);
insert into STATION values (923, '.', 551, 270610.32, 4172660.91, 821.34);
insert into STATION values (924, '.', 551, 270600.27, 4172666.32, 816.54);
insert into STATION values (925, '.', 551, 270598.68, 4172666.02, 815.70);
insert into STATION values (926, '20', 551, 270637.20, 4172661.56, 821.16);
insert into STATION values (927, '21', 551, 270589.94, 4172671.99, 813.23);
insert into STATION values (928, '.', 551, 270586.28, 4172670.27, 812.25);
insert into STATION values (929, '.', 551, 270589.13, 4172671.12, 811.96);
insert into STATION values (930, '.', 551, 270588.01, 4172670.31, 817.27);
insert into STATION values (931, '.', 551, 270590.01, 4172672.47, 812.19);
insert into STATION values (932, '.', 551, 270595.62, 4172678.26, 813.10);
insert into STATION values (933, '.', 551, 270588.77, 4172684.31, 817.54);
insert into STATION values (934, '.', 551, 270581.90, 4172678.73, 814.70);
insert into STATION values (935, '.', 551, 270588.27, 4172675.52, 812.83);
insert into STATION values (936, '.', 551, 270587.07, 4172694.33, 815.24);
insert into STATION values (937, '.', 551, 270587.22, 4172668.81, 811.77);
insert into STATION values (938, '.', 551, 270589.04, 4172664.30, 810.23);
insert into STATION values (939, '.', 551, 270587.33, 4172662.11, 811.11);
insert into STATION values (940, '.', 551, 270595.53, 4172662.69, 812.76);
insert into STATION values (941, '.', 551, 270601.59, 4172659.54, 813.97);
insert into STATION values (942, '.', 551, 270600.37, 4172669.55, 813.70);
insert into STATION values (943, '.', 551, 270595.55, 4172668.43, 812.08);
insert into STATION values (944, '.', 551, 270596.26, 4172667.65, 815.47);
insert into STATION values (945, '.', 551, 270591.02, 4172655.83, 810.43);
insert into STATION values (946, '22', 551, 270591.23, 4172654.09, 810.10);
insert into STATION values (947, '23', 551, 270579.47, 4172692.79, 813.15);
insert into STATION values (948, '.', 551, 270580.28, 4172694.31, 814.85);
insert into STATION values (949, '.', 551, 270579.33, 4172691.66, 817.08);
insert into STATION values (950, '.', 551, 270576.32, 4172688.38, 810.34);
insert into STATION values (951, '.', 551, 270574.11, 4172681.66, 814.01);
insert into STATION values (952, '.', 551, 270576.32, 4172685.35, 819.69);
insert into STATION values (953, '.', 551, 270590.06, 4172664.94, 815.86);
insert into STATION values (954, '.', 551, 270587.58, 4172681.56, 819.64);
insert into STATION values (955, '.', 551, 270585.22, 4172683.73, 823.52);
insert into STATION values (956, '.', 551, 270593.56, 4172680.51, 815.11);
insert into STATION values (957, '.', 551, 270582.36, 4172687.54, 810.99);
insert into STATION values (958, '.', 551, 270587.85, 4172680.83, 811.90);
insert into STATION values (959, '.', 551, 270561.65, 4172686.79, 813.28);
insert into STATION values (960, '.', 551, 270576.08, 4172689.41, 810.18);
insert into STATION values (961, '.', 551, 270571.57, 4172689.29, 807.65);
insert into STATION values (962, '.', 551, 270563.47, 4172691.28, 809.26);
insert into STATION values (963, '.', 551, 270536.09, 4172704.24, 811.27);
insert into STATION values (964, '.', 551, 270539.72, 4172704.93, 815.25);
insert into STATION values (965, '.', 551, 270547.51, 4172710.06, 812.26);
insert into STATION values (966, '.', 551, 270553.08, 4172688.18, 814.04);
insert into STATION values (967, 'B58', 551, 270561.98, 4172692.33, 811.12);
insert into STATION values (968, '.', 551, 270558.00, 4172688.00, 811.84);
insert into STATION values (969, '.', 551, 270546.98, 4172691.22, 812.79);
insert into STATION values (970, '.', 551, 270546.71, 4172701.32, 815.05);
insert into STATION values (971, '.', 551, 270546.60, 4172710.08, 812.19);
insert into STATION values (972, '.', 551, 270562.16, 4172697.99, 810.08);
insert into STATION values (973, '.', 551, 270560.42, 4172708.76, 809.83);
insert into STATION values (974, '.', 551, 270563.60, 4172704.31, 811.34);
insert into STATION values (975, '.', 551, 270567.35, 4172701.41, 810.72);
insert into STATION values (976, '.', 551, 270563.65, 4172698.70, 809.39);
insert into STATION values (977, '.', 551, 270566.90, 4172715.91, 809.31);
insert into STATION values (978, '.', 551, 270574.08, 4172715.50, 807.87);
insert into STATION values (979, '.', 551, 270562.13, 4172722.13, 808.20);
insert into STATION values (980, '.', 551, 270559.93, 4172691.86, 808.62);
insert into STATION values (981, '.', 551, 270556.43, 4172692.16, 806.58);
insert into STATION values (982, '.', 551, 270545.91, 4172693.79, 802.00);
insert into STATION values (983, '.', 551, 270542.76, 4172693.87, 804.11);
insert into STATION values (984, '.', 551, 270539.72, 4172693.41, 804.94);
insert into STATION values (985, '.', 551, 270540.50, 4172692.10, 805.89);
insert into STATION values (986, '.', 551, 270549.65, 4172690.70, 807.15);
insert into STATION values (987, '.', 551, 270545.11, 4172695.15, 806.51);
insert into STATION values (988, '.', 551, 270554.16, 4172694.50, 809.01);
insert into STATION values (989, '25', 551, 270538.05, 4172693.28, 806.04);
insert into STATION values (990, '.', 551, 270538.14, 4172694.59, 805.88);
insert into STATION values (991, '.', 551, 270537.85, 4172693.88, 804.94);
insert into STATION values (992, '.', 551, 270538.26, 4172694.67, 806.09);
insert into STATION values (993, '.', 551, 270534.64, 4172695.77, 804.78);
insert into STATION values (994, '.', 551, 270531.65, 4172694.90, 806.09);
insert into STATION values (995, '.', 551, 270528.97, 4172696.66, 807.52);
insert into STATION values (996, '.', 551, 270524.25, 4172700.28, 803.56);
insert into STATION values (997, '.', 551, 270530.48, 4172695.90, 804.43);
insert into STATION values (998, '.', 551, 270528.36, 4172698.44, 801.73);
insert into STATION values (999, '.', 551, 270527.70, 4172697.74, 802.24);
insert into STATION values (1000, '.', 551, 270536.21, 4172694.41, 804.84);
insert into STATION values (1001, '.', 551, 270541.37, 4172693.72, 804.31);
insert into STATION values (1002, '.', 551, 270546.57, 4172694.26, 802.29);
insert into STATION values (1003, '.', 551, 270543.75, 4172692.17, 805.60);
insert into STATION values (1004, '.', 551, 270540.44, 4172694.00, 806.17);
insert into STATION values (1005, '26', 551, 270533.91, 4172695.84, 803.65);
insert into STATION values (1006, '.', 551, 270532.90, 4172694.89, 803.87);
insert into STATION values (1007, '.', 551, 270530.75, 4172696.11, 803.60);
insert into STATION values (1008, '.', 551, 270528.22, 4172697.40, 803.33);
insert into STATION values (1009, '.', 551, 270523.73, 4172700.39, 802.83);
insert into STATION values (1010, '.', 551, 270532.78, 4172696.57, 803.50);
insert into STATION values (1011, '.', 551, 270531.75, 4172697.16, 799.90);
insert into STATION values (1012, '.', 551, 270528.36, 4172697.33, 809.30);
insert into STATION values (1013, '.', 551, 270532.01, 4172694.72, 812.14);
insert into STATION values (1014, '.', 551, 270525.77, 4172699.31, 805.99);
insert into STATION values (1015, '.', 551, 270523.10, 4172699.54, 803.97);
insert into STATION values (1016, '.', 551, 270519.64, 4172701.69, 800.65);
insert into STATION values (1017, '.', 551, 270519.09, 4172702.47, 797.51);
insert into STATION values (1018, '27', 551, 270524.49, 4172699.84, 798.64);
insert into STATION values (1019, '.', 551, 270524.75, 4172700.42, 798.55);
insert into STATION values (1020, '.', 551, 270524.46, 4172700.25, 797.23);
insert into STATION values (1021, '.', 551, 270521.81, 4172698.83, 805.94);
insert into STATION values (1022, '.', 551, 270526.24, 4172698.10, 802.02);
insert into STATION values (1023, '.', 551, 270527.98, 4172697.38, 806.40);
insert into STATION values (1024, '.', 551, 270526.23, 4172699.59, 799.33);
insert into STATION values (1025, '.', 551, 270527.22, 4172699.06, 797.48);
insert into STATION values (1026, '.', 551, 270528.79, 4172698.56, 798.49);
insert into STATION values (1027, '.', 551, 270530.09, 4172697.79, 800.43);
insert into STATION values (1028, '.', 551, 270522.14, 4172700.66, 797.53);
insert into STATION values (1029, '.', 551, 270520.09, 4172701.71, 798.50);
insert into STATION values (1030, '.', 551, 270518.03, 4172700.63, 799.72);
insert into STATION values (1031, '.', 551, 270517.84, 4172700.92, 800.79);
insert into STATION values (1032, '.', 551, 270514.59, 4172702.67, 798.13);
insert into STATION values (1033, '.', 551, 270516.83, 4172702.93, 797.52);
insert into STATION values (1034, '28', 551, 270512.86, 4172703.41, 798.55);
insert into STATION values (1035, '29', 551, 270633.61, 4172648.06, 817.68);
insert into STATION values (1036, '.', 551, 270640.13, 4172647.66, 816.24);
insert into STATION values (1037, '.', 551, 270635.14, 4172648.05, 816.41);
insert into STATION values (1038, '.', 551, 270634.12, 4172650.36, 820.17);
insert into STATION values (1039, '.', 551, 270633.93, 4172658.27, 817.43);
insert into STATION values (1040, '.', 551, 270638.28, 4172643.88, 819.06);
insert into STATION values (1041, '.', 551, 270637.24, 4172651.74, 815.18);
insert into STATION values (1042, '.', 551, 270648.64, 4172658.75, 810.78);
insert into STATION values (1043, '.', 551, 270639.82, 4172657.52, 815.68);
insert into STATION values (1044, '.', 551, 270638.84, 4172658.39, 813.96);
insert into STATION values (1045, 'B57', 551, 270638.82, 4172660.72, 815.02);
insert into STATION values (1046, '.', 551, 270644.62, 4172654.54, 812.05);
insert into STATION values (1047, '.', 551, 270643.97, 4172659.76, 814.01);
insert into STATION values (1048, '.', 551, 270652.39, 4172663.61, 811.99);
insert into STATION values (1049, '.', 551, 270649.02, 4172666.64, 813.17);
insert into STATION values (1050, '.', 551, 270654.33, 4172675.50, 814.38);
insert into STATION values (1051, '.', 551, 270659.04, 4172691.99, 814.82);
insert into STATION values (1052, '.', 551, 270639.77, 4172662.44, 815.27);
insert into STATION values (1053, '.', 551, 270644.23, 4172670.33, 812.93);
insert into STATION values (1054, '.', 551, 270640.41, 4172674.71, 811.17);
insert into STATION values (1055, '.', 551, 270633.27, 4172681.98, 808.43);
insert into STATION values (1056, '.', 551, 270636.44, 4172666.57, 812.77);
insert into STATION values (1057, '.', 551, 270638.20, 4172662.22, 816.69);
insert into STATION values (1058, '.', 551, 270631.17, 4172667.94, 814.36);
insert into STATION values (1059, '.', 551, 270630.22, 4172662.87, 816.55);
insert into STATION values (1060, '.', 551, 270637.58, 4172661.40, 816.59);
insert into STATION values (1061, '.', 551, 270638.91, 4172660.69, 814.13);
insert into STATION values (1062, '.', 551, 270642.67, 4172657.76, 811.91);
insert into STATION values (1063, '31', 551, 270652.74, 4172658.74, 810.75);
insert into STATION values (1064, 'B56', 551, 270649.78, 4172678.67, 815.50);
insert into STATION values (1065, '.', 551, 270649.30, 4172678.14, 811.70);
insert into STATION values (1066, '.', 551, 270657.95, 4172670.79, 816.39);
insert into STATION values (1067, '.', 551, 270650.86, 4172665.63, 815.50);
insert into STATION values (1068, '.', 551, 270649.88, 4172670.90, 813.91);
insert into STATION values (1069, '.', 551, 270659.97, 4172679.12, 814.78);
insert into STATION values (1070, '.', 551, 270660.17, 4172677.93, 811.71);
insert into STATION values (1071, '.', 551, 270652.88, 4172680.60, 814.26);
insert into STATION values (1072, '.', 551, 270660.58, 4172687.42, 814.65);
insert into STATION values (1073, '.', 551, 270659.84, 4172692.95, 814.09);
insert into STATION values (1074, '.', 551, 270652.08, 4172682.41, 814.29);
insert into STATION values (1075, '.', 551, 270650.94, 4172680.53, 815.93);
insert into STATION values (1076, '.', 551, 270632.06, 4172674.51, 809.75);
insert into STATION values (1077, '.', 551, 270634.01, 4172671.51, 813.21);
insert into STATION values (1078, '.', 551, 270636.70, 4172666.08, 812.94);
insert into STATION values (1079, '.', 551, 270633.42, 4172667.17, 813.75);
insert into STATION values (1080, '.', 551, 270639.59, 4172666.61, 812.22);
insert into STATION values (1081, '.', 551, 270641.64, 4172673.24, 810.72);
insert into STATION values (1082, '.', 551, 270641.79, 4172681.53, 810.11);
insert into STATION values (1083, '.', 551, 270619.82, 4172686.47, 807.78);
insert into STATION values (1084, '.', 551, 270633.73, 4172690.28, 808.44);
insert into STATION values (1085, '.', 551, 270634.28, 4172695.29, 809.24);
insert into STATION values (1086, '.', 551, 270643.73, 4172689.95, 811.31);
insert into STATION values (1087, '.', 551, 270634.97, 4172686.51, 813.14);
insert into STATION values (1088, '.', 551, 270643.42, 4172681.14, 815.26);
insert into STATION values (1089, '.', 551, 270616.22, 4172694.45, 806.66);
insert into STATION values (1090, '33', 551, 270658.82, 4172692.29, 813.34);
insert into STATION values (1091, '.', 551, 270656.39, 4172706.03, 807.78);
insert into STATION values (1092, '.', 551, 270647.91, 4172703.42, 808.66);
insert into STATION values (1093, '.', 551, 270646.24, 4172697.83, 810.81);
insert into STATION values (1094, '.', 551, 270664.95, 4172692.03, 814.33);
insert into STATION values (1095, '.', 551, 270661.63, 4172691.56, 815.48);
insert into STATION values (1096, '.', 551, 270667.32, 4172686.81, 811.70);
insert into STATION values (1097, '.', 551, 270663.68, 4172691.92, 811.18);
insert into STATION values (1098, '.', 551, 270664.82, 4172696.68, 810.27);
insert into STATION values (1099, '.', 551, 270659.24, 4172691.52, 812.26);
insert into STATION values (1100, '.', 551, 270678.02, 4172690.51, 808.67);
insert into STATION values (1101, '.', 551, 270686.95, 4172689.59, 809.66);
insert into STATION values (1102, '.', 551, 270681.02, 4172689.45, 812.55);
insert into STATION values (1103, '.', 551, 270679.92, 4172696.36, 808.73);
insert into STATION values (1104, '.', 551, 270678.18, 4172685.74, 809.25);
insert into STATION values (1105, 'B55', 551, 270696.93, 4172688.30, 809.52);
insert into STATION values (1106, '.', 551, 270696.79, 4172687.85, 809.11);
insert into STATION values (1107, '.', 551, 270695.29, 4172675.28, 810.88);
insert into STATION values (1108, '.', 551, 270693.84, 4172684.06, 810.49);
insert into STATION values (1109, '.', 551, 270686.65, 4172684.77, 811.46);
insert into STATION values (1110, '.', 551, 270693.61, 4172689.43, 809.43);
insert into STATION values (1111, '.', 551, 270698.48, 4172673.27, 809.63);
insert into STATION values (1112, '.', 551, 270705.29, 4172670.71, 811.09);
insert into STATION values (1113, '.', 551, 270710.44, 4172674.36, 810.57);
insert into STATION values (1114, '.', 551, 270713.18, 4172678.96, 810.37);
insert into STATION values (1115, '.', 551, 270721.66, 4172682.55, 811.12);
insert into STATION values (1116, '.', 551, 270718.39, 4172686.58, 810.65);
insert into STATION values (1117, '.', 551, 270717.05, 4172688.83, 810.40);
insert into STATION values (1118, '.', 551, 270714.85, 4172693.17, 809.20);
insert into STATION values (1119, '.', 551, 270707.74, 4172694.35, 809.11);
insert into STATION values (1120, '.', 551, 270702.49, 4172697.60, 808.95);
insert into STATION values (1121, '.', 551, 270691.55, 4172694.33, 810.73);
insert into STATION values (1122, '.', 551, 270694.53, 4172689.89, 809.32);
insert into STATION values (1123, '.', 551, 270681.47, 4172693.92, 811.02);
insert into STATION values (1124, '.', 551, 270689.99, 4172690.13, 814.29);
insert into STATION values (1125, '.', 551, 270696.67, 4172688.53, 812.08);
insert into STATION values (1126, '.', 551, 270701.14, 4172682.15, 812.79);
insert into STATION values (1127, '.', 551, 270704.32, 4172674.97, 813.10);
insert into STATION values (1128, '.', 551, 270707.17, 4172663.47, 813.92);
insert into STATION values (1129, '.', 551, 270716.97, 4172664.76, 814.64);
insert into STATION values (1130, '.', 551, 270708.35, 4172687.22, 812.34);
insert into STATION values (1131, '.', 551, 270703.46, 4172689.43, 815.47);
insert into STATION values (1132, '.', 551, 270699.20, 4172690.62, 815.44);
insert into STATION values (1133, '.', 551, 270705.81, 4172692.04, 811.34);
insert into STATION values (1134, '.', 551, 270719.19, 4172684.54, 813.46);
insert into STATION values (1135, '35', 551, 270715.27, 4172660.29, 816.40);
insert into STATION values (1136, '36', 551, 270719.63, 4172686.87, 811.91);
insert into STATION values (1137, '.', 551, 270715.12, 4172715.66, 809.57);
insert into STATION values (1138, '.', 551, 270722.76, 4172705.03, 812.33);
insert into STATION values (1139, '.', 551, 270728.34, 4172701.31, 812.59);
insert into STATION values (1140, '.', 551, 270732.74, 4172695.78, 812.25);
insert into STATION values (1141, '.', 551, 270718.45, 4172689.23, 811.52);
insert into STATION values (1142, '.', 551, 270719.58, 4172687.49, 811.17);
insert into STATION values (1143, '.', 551, 270718.62, 4172680.17, 810.54);
insert into STATION values (1144, '.', 551, 270721.79, 4172682.74, 811.89);
insert into STATION values (1145, '.', 551, 270730.49, 4172682.04, 813.82);
insert into STATION values (1146, '.', 551, 270724.12, 4172685.46, 813.32);
insert into STATION values (1147, '.', 551, 270721.55, 4172687.74, 811.50);
insert into STATION values (1148, '.', 551, 270731.89, 4172694.27, 813.04);
insert into STATION values (1149, '.', 551, 270722.07, 4172688.60, 815.25);
insert into STATION values (1150, '.', 551, 270721.65, 4172690.96, 811.51);
insert into STATION values (1151, '.', 551, 270719.35, 4172691.61, 810.84);
insert into STATION values (1152, '.', 551, 270716.47, 4172696.95, 809.55);
insert into STATION values (1153, 'B54', 551, 270730.82, 4172690.16, 812.81);
insert into STATION values (1154, '.', 551, 270732.58, 4172694.52, 811.99);
insert into STATION values (1155, '.', 551, 270729.41, 4172690.81, 811.94);
insert into STATION values (1156, '.', 551, 270714.78, 4172691.36, 811.23);
insert into STATION values (1157, '.', 551, 270708.91, 4172700.84, 809.95);
insert into STATION values (1158, '.', 551, 270700.76, 4172710.81, 809.23);
insert into STATION values (1159, '.', 551, 270687.72, 4172733.84, 809.06);
insert into STATION values (1160, '.', 551, 270703.37, 4172720.42, 812.38);
insert into STATION values (1161, '.', 551, 270714.48, 4172714.93, 810.63);
insert into STATION values (1162, '.', 551, 270724.75, 4172683.72, 812.50);
insert into STATION values (1163, '.', 551, 270729.94, 4172686.34, 813.79);
insert into STATION values (1164, '.', 551, 270729.08, 4172688.03, 816.75);
insert into STATION values (1165, '38', 551, 270699.84, 4172727.07, 808.85);
insert into STATION values (1166, '39', 551, 270727.03, 4172680.48, 814.09);
insert into STATION values (1167, 'B53', 551, 270746.98, 4172682.58, 811.58);
insert into STATION values (1168, '.', 551, 270746.75, 4172682.42, 810.95);
insert into STATION values (1169, '.', 551, 270748.92, 4172680.66, 811.02);
insert into STATION values (1170, '.', 551, 270754.83, 4172678.67, 810.98);
insert into STATION values (1171, '.', 551, 270750.05, 4172683.64, 810.47);
insert into STATION values (1172, '.', 551, 270752.95, 4172688.13, 810.35);
insert into STATION values (1173, '.', 551, 270757.28, 4172683.10, 810.24);
insert into STATION values (1174, '.', 551, 270763.73, 4172685.15, 813.48);
insert into STATION values (1175, '.', 551, 270768.82, 4172683.58, 816.55);
insert into STATION values (1176, '.', 551, 270769.82, 4172680.19, 812.26);
insert into STATION values (1177, '.', 551, 270782.03, 4172680.81, 810.85);
insert into STATION values (1178, '.', 551, 270758.11, 4172679.95, 812.36);
insert into STATION values (1179, '.', 551, 270748.96, 4172690.51, 811.25);
insert into STATION values (1180, '.', 551, 270745.78, 4172685.45, 810.59);
insert into STATION values (1181, '.', 551, 270739.66, 4172695.41, 811.84);
insert into STATION values (1182, '.', 551, 270741.32, 4172678.65, 812.85);
insert into STATION values (1183, '.', 551, 270744.20, 4172670.01, 813.53);
insert into STATION values (1184, '.', 551, 270751.23, 4172657.82, 815.38);
insert into STATION values (1185, '.', 551, 270750.32, 4172670.39, 815.04);
insert into STATION values (1186, '.', 551, 270749.99, 4172676.86, 815.16);
insert into STATION values (1187, '.', 551, 270759.64, 4172658.28, 814.03);
insert into STATION values (1188, '.', 551, 270748.48, 4172677.91, 811.24);
insert into STATION values (1189, '41', 551, 270759.42, 4172651.36, 814.82);
insert into STATION values (1190, '42', 551, 270792.83, 4172682.83, 812.54);
insert into STATION values (1191, '.', 551, 270794.83, 4172677.19, 812.71);
insert into STATION values (1192, '.', 551, 270798.85, 4172678.40, 814.34);
insert into STATION values (1193, '.', 551, 270801.28, 4172680.99, 815.12);
insert into STATION values (1194, '.', 551, 270793.55, 4172683.69, 812.76);
insert into STATION values (1195, '.', 551, 270794.67, 4172684.09, 811.58);
insert into STATION values (1196, '.', 551, 270793.02, 4172683.40, 811.40);
insert into STATION values (1197, '.', 551, 270789.97, 4172678.16, 813.05);
insert into STATION values (1198, '.', 551, 270786.34, 4172679.05, 810.74);
insert into STATION values (1199, '.', 551, 270787.29, 4172683.78, 811.98);
insert into STATION values (1200, '.', 551, 270779.67, 4172681.10, 813.89);
insert into STATION values (1201, '.', 551, 270778.66, 4172680.41, 812.32);
insert into STATION values (1202, '.', 551, 270771.08, 4172681.27, 809.75);
insert into STATION values (1203, '.', 551, 270796.88, 4172677.16, 813.05);
insert into STATION values (1204, '.', 551, 270798.74, 4172678.87, 814.28);
insert into STATION values (1205, '.', 551, 270801.08, 4172680.98, 815.24);
insert into STATION values (1206, '.', 551, 270793.66, 4172680.10, 814.41);
insert into STATION values (1207, '.', 551, 270794.91, 4172680.20, 812.10);
insert into STATION values (1208, '.', 551, 270799.22, 4172679.79, 813.94);
insert into STATION values (1209, '.', 551, 270794.14, 4172682.75, 812.40);
insert into STATION values (1210, '.', 551, 270799.57, 4172683.69, 808.46);
insert into STATION values (1211, '.', 551, 270800.07, 4172684.16, 811.07);
insert into STATION values (1212, '.', 551, 270797.86, 4172683.12, 811.65);
insert into STATION values (1213, '.', 551, 270797.70, 4172683.50, 812.41);
insert into STATION values (1214, '43', 551, 270811.04, 4172684.69, 812.22);
insert into STATION values (1215, '43b', 551, 270812.03, 4172684.79, 812.22);
insert into STATION values (1216, '44', 551, 270734.01, 4172681.01, 815.48);
insert into STATION values (1217, '.', 551, 270733.95, 4172682.35, 815.30);
insert into STATION values (1218, '.', 551, 270733.54, 4172681.55, 814.40);
insert into STATION values (1219, '.', 551, 270731.46, 4172683.24, 825.98);
insert into STATION values (1220, '.', 551, 270728.49, 4172683.07, 818.00);
insert into STATION values (1221, '.', 551, 270725.71, 4172682.83, 822.14);
insert into STATION values (1222, '.', 551, 270728.06, 4172681.48, 813.19);
insert into STATION values (1223, '45', 551, 270728.13, 4172682.91, 813.65);
insert into STATION values (1224, '46', 551, 270754.16, 4172664.94, 813.61);
insert into STATION values (1225, '.', 551, 270760.40, 4172668.19, 813.95);
insert into STATION values (1226, '.', 551, 270757.11, 4172668.68, 813.69);
insert into STATION values (1227, '.', 551, 270760.47, 4172665.65, 813.32);
insert into STATION values (1228, '.', 551, 270760.35, 4172661.60, 813.45);
insert into STATION values (1229, '.', 551, 270760.54, 4172657.76, 813.57);
insert into STATION values (1230, '.', 551, 270759.88, 4172654.42, 813.79);
insert into STATION values (1231, '.', 551, 270758.29, 4172650.76, 814.30);
insert into STATION values (1232, '.', 551, 270753.28, 4172657.39, 814.73);
insert into STATION values (1233, '.', 551, 270755.77, 4172661.94, 813.19);
insert into STATION values (1234, '.', 551, 270758.78, 4172651.30, 814.99);
insert into STATION values (1235, '.', 551, 270756.32, 4172660.49, 814.83);
insert into STATION values (1236, '.', 551, 270754.62, 4172664.11, 814.61);
insert into STATION values (1237, '.', 551, 270753.42, 4172664.67, 816.20);
insert into STATION values (1238, '.', 551, 270749.25, 4172660.40, 815.34);
insert into STATION values (1239, '.', 551, 270747.07, 4172663.18, 815.36);
insert into STATION values (1240, '.', 551, 270746.02, 4172666.68, 814.57);
insert into STATION values (1241, '.', 551, 270756.35, 4172673.87, 812.93);
insert into STATION values (1242, '.', 551, 270753.25, 4172668.74, 812.66);
insert into STATION values (1243, '47', 551, 270750.40, 4172658.45, 815.76);
insert into STATION values (1244, '.', 551, 270746.63, 4172651.89, 817.95);
insert into STATION values (1245, '.', 551, 270750.16, 4172659.31, 815.96);
insert into STATION values (1246, '.', 551, 270750.87, 4172657.89, 815.92);
insert into STATION values (1247, '.', 551, 270749.34, 4172658.59, 816.83);
insert into STATION values (1248, '.', 551, 270748.26, 4172659.33, 819.81);
insert into STATION values (1249, '.', 551, 270748.04, 4172660.28, 822.36);
insert into STATION values (1250, '.', 551, 270750.42, 4172660.91, 822.96);
insert into STATION values (1251, '.', 551, 270751.38, 4172659.32, 818.17);
insert into STATION values (1252, '.', 551, 270749.97, 4172658.97, 818.95);
insert into STATION values (1253, '.', 551, 270750.56, 4172658.27, 816.72);
insert into STATION values (1254, '48', 551, 270749.50, 4172662.76, 830.15);
insert into STATION values (1255, '.', 551, 270748.65, 4172666.86, 843.93);
insert into STATION values (1256, '49', 551, 270758.16, 4172654.57, 813.81);
insert into STATION values (1257, '.', 551, 270760.81, 4172653.85, 813.70);
insert into STATION values (1258, '.', 551, 270758.38, 4172654.45, 813.33);
insert into STATION values (1259, '.', 551, 270758.00, 4172653.11, 815.27);
insert into STATION values (1260, '.', 551, 270756.45, 4172652.51, 814.34);
insert into STATION values (1261, '.', 551, 270755.12, 4172651.48, 814.17);
insert into STATION values (1262, '.', 551, 270753.36, 4172652.55, 813.50);
insert into STATION values (1263, '.', 551, 270752.84, 4172655.21, 814.06);
insert into STATION values (1264, '.', 551, 270756.90, 4172653.33, 813.24);
insert into STATION values (1265, '.', 551, 270754.64, 4172650.57, 813.14);
insert into STATION values (1266, '.', 551, 270755.09, 4172646.87, 813.70);
insert into STATION values (1267, '.', 551, 270750.92, 4172643.83, 813.65);
insert into STATION values (1268, '.', 551, 270752.10, 4172648.40, 813.22);
insert into STATION values (1269, '.', 551, 270761.78, 4172658.38, 814.36);
insert into STATION values (1270, '.', 551, 270759.76, 4172660.43, 813.73);
insert into STATION values (1271, '.', 551, 270757.53, 4172655.79, 815.34);
insert into STATION values (1272, '.', 551, 270755.85, 4172659.83, 815.11);
insert into STATION values (1273, '.', 551, 270752.73, 4172656.55, 814.24);
insert into STATION values (1274, '.', 551, 270757.13, 4172657.21, 813.29);
insert into STATION values (1275, 'B52', 551, 270739.29, 4172634.99, 812.85);
insert into STATION values (1276, '.', 551, 270723.37, 4172627.01, 810.73);
insert into STATION values (1277, '.', 551, 270739.01, 4172634.40, 816.49);
insert into STATION values (1278, '.', 551, 270734.69, 4172632.24, 816.01);
insert into STATION values (1279, '.', 551, 270750.91, 4172637.83, 815.86);
insert into STATION values (1280, '.', 551, 270762.93, 4172632.14, 814.60);
insert into STATION values (1281, '.', 551, 270777.07, 4172616.75, 812.12);
insert into STATION values (1282, '.', 551, 270775.90, 4172611.24, 812.62);
insert into STATION values (1283, '.', 551, 270770.41, 4172608.15, 812.85);
insert into STATION values (1284, '.', 551, 270761.58, 4172601.08, 812.99);
insert into STATION values (1285, '.', 551, 270754.74, 4172590.92, 811.63);
insert into STATION values (1286, '.', 551, 270741.69, 4172606.53, 813.00);
insert into STATION values (1287, '.', 551, 270727.74, 4172612.88, 813.99);
insert into STATION values (1288, '.', 551, 270726.08, 4172622.75, 813.20);
insert into STATION values (1289, '.', 551, 270738.28, 4172630.25, 811.79);
insert into STATION values (1290, '.', 551, 270741.68, 4172625.14, 811.77);
insert into STATION values (1291, '.', 551, 270738.19, 4172615.78, 811.14);
insert into STATION values (1292, '.', 551, 270748.36, 4172623.27, 811.76);
insert into STATION values (1293, '.', 551, 270748.77, 4172615.92, 814.23);
insert into STATION values (1294, '.', 551, 270740.82, 4172625.46, 815.70);
insert into STATION values (1295, '.', 551, 270731.17, 4172642.17, 815.72);
insert into STATION values (1296, '.', 551, 270717.27, 4172650.63, 816.74);
insert into STATION values (1297, '.', 551, 270709.12, 4172653.69, 816.02);
insert into STATION values (1298, '.', 551, 270724.26, 4172653.09, 816.28);
insert into STATION values (1299, '.', 551, 270721.67, 4172650.64, 814.09);
insert into STATION values (1300, '.', 551, 270728.49, 4172642.61, 811.67);
insert into STATION values (1301, '.', 551, 270717.59, 4172636.01, 811.52);
insert into STATION values (1302, '.', 551, 270738.66, 4172643.99, 814.15);
insert into STATION values (1303, '.', 551, 270744.46, 4172650.27, 813.95);
insert into STATION values (1304, '.', 551, 270750.40, 4172652.18, 814.07);
insert into STATION values (1305, '.', 551, 270745.20, 4172642.52, 812.65);
insert into STATION values (1306, '.', 551, 270740.70, 4172637.14, 812.39);
insert into STATION values (1307, '.', 551, 270749.06, 4172641.36, 813.81);
insert into STATION values (1308, '.', 551, 270749.86, 4172643.74, 813.74);
insert into STATION values (1309, '.', 551, 270748.22, 4172645.75, 814.92);
insert into STATION values (1310, '.', 551, 270743.57, 4172640.52, 814.90);
insert into STATION values (1311, '.', 551, 270741.13, 4172638.29, 818.60);
insert into STATION values (1312, '51', 551, 270716.34, 4172653.18, 816.34);
insert into STATION values (1313, '52', 551, 270732.19, 4172623.75, 810.77);
insert into STATION values (1314, '.', 551, 270725.93, 4172622.82, 808.26);
insert into STATION values (1315, '.', 551, 270726.61, 4172618.96, 808.12);
insert into STATION values (1316, '.', 551, 270727.42, 4172621.20, 808.32);
insert into STATION values (1317, '.', 551, 270727.39, 4172621.78, 808.36);
insert into STATION values (1318, '.', 551, 270726.68, 4172623.34, 809.00);
insert into STATION values (1319, '.', 551, 270722.25, 4172628.83, 811.22);
insert into STATION values (1320, '.', 551, 270730.09, 4172625.79, 815.08);
insert into STATION values (1321, '.', 551, 270732.50, 4172617.02, 815.46);
insert into STATION values (1322, '.', 551, 270726.18, 4172609.51, 815.23);
insert into STATION values (1323, '.', 551, 270731.07, 4172623.25, 809.86);
insert into STATION values (1324, '.', 551, 270730.08, 4172622.76, 809.45);
insert into STATION values (1325, '53', 551, 270723.09, 4172619.83, 806.58);
insert into STATION values (1326, '.', 551, 270720.51, 4172619.16, 805.52);
insert into STATION values (1327, '.', 551, 270717.07, 4172621.83, 804.67);
insert into STATION values (1328, '.', 551, 270717.73, 4172624.65, 805.31);
insert into STATION values (1329, '.', 551, 270721.69, 4172622.93, 806.46);
insert into STATION values (1330, '.', 551, 270721.28, 4172620.83, 806.67);
insert into STATION values (1331, '.', 551, 270717.14, 4172622.66, 805.17);
insert into STATION values (1332, '.', 551, 270719.10, 4172622.64, 804.91);
insert into STATION values (1333, '.', 551, 270721.29, 4172621.12, 805.52);
insert into STATION values (1334, '.', 551, 270722.30, 4172618.72, 805.99);
insert into STATION values (1335, '.', 551, 270722.90, 4172619.93, 806.90);
insert into STATION values (1336, '.', 551, 270723.02, 4172619.78, 806.31);
insert into STATION values (1337, '.', 551, 270716.50, 4172622.88, 804.08);
insert into STATION values (1338, '.', 551, 270716.18, 4172622.92, 803.78);
insert into STATION values (1339, '.', 551, 270716.53, 4172622.75, 803.91);
insert into STATION values (1340, '54', 551, 270716.28, 4172622.86, 803.83);
insert into STATION values (1341, 'B51', 551, 270752.46, 4172617.85, 812.78);
insert into STATION values (1342, '.', 551, 270766.54, 4172630.40, 812.32);
insert into STATION values (1343, '.', 551, 270757.53, 4172630.67, 812.64);
insert into STATION values (1344, '.', 551, 270772.61, 4172626.29, 812.21);
insert into STATION values (1345, '.', 551, 270758.79, 4172619.82, 813.44);
insert into STATION values (1346, '.', 551, 270754.66, 4172617.87, 814.02);
insert into STATION values (1347, '.', 551, 270774.29, 4172619.43, 812.59);
insert into STATION values (1348, '.', 551, 270778.15, 4172613.98, 812.05);
insert into STATION values (1349, '.', 551, 270772.75, 4172608.66, 812.16);
insert into STATION values (1350, '.', 551, 270754.32, 4172616.35, 812.62);
insert into STATION values (1351, '.', 551, 270760.23, 4172598.83, 812.60);
insert into STATION values (1352, '.', 551, 270755.31, 4172596.30, 811.72);
insert into STATION values (1353, '.', 551, 270751.95, 4172598.28, 812.54);
insert into STATION values (1354, '.', 551, 270746.69, 4172599.40, 811.46);
insert into STATION values (1355, '.', 551, 270752.05, 4172612.23, 811.79);
insert into STATION values (1356, '.', 551, 270751.50, 4172602.50, 810.89);
insert into STATION values (1357, '.', 551, 270754.44, 4172613.21, 812.13);
insert into STATION values (1358, '.', 551, 270752.39, 4172612.45, 814.12);
insert into STATION values (1359, '.', 551, 270753.20, 4172616.81, 814.23);
insert into STATION values (1360, '.', 551, 270751.88, 4172638.55, 813.86);
insert into STATION values (1361, '.', 551, 270737.10, 4172607.48, 813.04);
insert into STATION values (1362, '.', 551, 270730.28, 4172614.77, 814.50);
insert into STATION values (1363, '.', 551, 270749.46, 4172617.97, 812.14);
insert into STATION values (1364, '.', 551, 270747.16, 4172618.23, 814.49);
insert into STATION values (1365, '56', 551, 270753.77, 4172591.19, 811.46);
insert into STATION values (1366, '.', 551, 270754.84, 4172590.91, 814.67);
insert into STATION values (1367, '.', 551, 270757.21, 4172592.12, 811.61);
insert into STATION values (1368, '.', 551, 270753.76, 4172590.70, 811.20);
insert into STATION values (1369, '.', 551, 270747.08, 4172586.66, 812.27);
insert into STATION values (1370, '.', 551, 270751.14, 4172589.05, 814.35);
insert into STATION values (1371, '.', 551, 270753.43, 4172578.06, 813.66);
insert into STATION values (1372, '.', 551, 270759.33, 4172572.30, 814.16);
insert into STATION values (1373, '.', 551, 270772.41, 4172572.16, 813.14);
insert into STATION values (1374, '.', 551, 270761.53, 4172585.62, 812.20);
insert into STATION values (1375, '.', 551, 270758.78, 4172583.85, 811.67);
insert into STATION values (1376, '.', 551, 270758.78, 4172580.15, 812.52);
insert into STATION values (1377, '.', 551, 270757.63, 4172585.95, 815.82);
insert into STATION values (1378, '.', 551, 270762.40, 4172577.43, 815.51);
insert into STATION values (1379, '.', 551, 270754.74, 4172589.99, 814.77);
insert into STATION values (1380, '.', 551, 270755.81, 4172595.90, 811.31);
insert into STATION values (1381, '.', 551, 270753.48, 4172596.55, 812.47);
insert into STATION values (1382, '.', 551, 270750.99, 4172595.67, 812.19);
insert into STATION values (1383, '.', 551, 270753.51, 4172591.40, 811.43);
insert into STATION values (1384, '.', 551, 270752.85, 4172592.23, 810.92);
insert into STATION values (1385, '.', 551, 270752.48, 4172594.76, 810.42);
insert into STATION values (1386, '.', 551, 270751.62, 4172599.65, 810.64);
insert into STATION values (1387, '.', 551, 270752.77, 4172596.54, 812.66);
insert into STATION values (1388, '.', 551, 270753.61, 4172593.69, 813.47);
insert into STATION values (1389, '57', 551, 270767.08, 4172568.91, 815.69);
insert into STATION values (1390, '.', 551, 270767.34, 4172568.81, 813.85);
insert into STATION values (1391, '.', 551, 270773.61, 4172570.98, 812.94);
insert into STATION values (1392, '.', 551, 270766.10, 4172571.64, 813.63);
insert into STATION values (1393, '.', 551, 270763.69, 4172576.05, 813.30);
insert into STATION values (1394, '.', 551, 270765.72, 4172573.17, 815.85);
insert into STATION values (1395, '.', 551, 270770.42, 4172581.22, 813.17);
insert into STATION values (1396, '.', 551, 270766.78, 4172583.07, 813.40);
insert into STATION values (1397, '.', 551, 270760.18, 4172571.23, 814.63);
insert into STATION values (1398, '.', 551, 270761.11, 4172568.10, 815.24);
insert into STATION values (1399, '.', 551, 270760.32, 4172559.42, 816.22);
insert into STATION values (1400, '.', 551, 270761.15, 4172552.78, 815.66);
insert into STATION values (1401, '.', 551, 270766.91, 4172564.64, 814.49);
insert into STATION values (1402, '.', 551, 270766.26, 4172552.59, 818.75);
insert into STATION values (1403, '.', 551, 270770.18, 4172564.98, 814.54);
insert into STATION values (1404, '.', 551, 270776.18, 4172567.33, 814.41);
insert into STATION values (1405, '.', 551, 270788.03, 4172559.42, 814.20);
insert into STATION values (1406, '.', 551, 270791.81, 4172551.41, 816.17);
insert into STATION values (1407, '.', 551, 270762.47, 4172537.58, 815.80);
insert into STATION values (1408, '.', 551, 270756.46, 4172534.35, 815.88);
insert into STATION values (1409, 'B50', 551, 270769.13, 4172539.07, 815.86);
insert into STATION values (1410, '59', 551, 270777.75, 4172614.67, 810.91);
insert into STATION values (1411, '.', 551, 270780.45, 4172618.73, 810.48);
insert into STATION values (1412, '.', 551, 270777.84, 4172614.98, 810.44);
insert into STATION values (1413, '.', 551, 270777.18, 4172610.22, 810.54);
insert into STATION values (1414, '.', 551, 270777.76, 4172614.38, 812.91);
insert into STATION values (1415, '.', 551, 270773.88, 4172625.41, 813.00);
insert into STATION values (1416, '.', 551, 270775.42, 4172616.31, 813.14);
insert into STATION values (1417, '.', 551, 270771.26, 4172617.86, 813.04);
insert into STATION values (1418, '.', 551, 270777.17, 4172614.98, 810.94);
insert into STATION values (1419, '.', 551, 270766.73, 4172609.40, 812.49);
insert into STATION values (1420, '.', 551, 270788.03, 4172615.93, 809.86);
insert into STATION values (1421, '.', 551, 270789.95, 4172610.87, 809.09);
insert into STATION values (1422, '.', 551, 270788.12, 4172605.43, 808.96);
insert into STATION values (1423, '.', 551, 270782.22, 4172607.50, 810.01);
insert into STATION values (1424, '.', 551, 270782.42, 4172611.95, 810.33);
insert into STATION values (1425, '.', 551, 270787.85, 4172613.16, 809.65);
insert into STATION values (1426, '.', 551, 270782.56, 4172613.56, 810.81);
insert into STATION values (1427, '60', 551, 270789.59, 4172607.56, 808.50);
insert into STATION values (1428, '.', 551, 270790.57, 4172606.94, 808.60);
insert into STATION values (1429, '61', 551, 270754.73, 4172590.58, 811.55);
insert into STATION values (1430, '.', 551, 270790.56, 4172606.96, 808.59);
insert into STATION values (1431, '62', 551, 270757.11, 4172588.44, 811.43);
insert into STATION values (1432, '63', 551, 270764.60, 4172591.88, 806.34);
insert into STATION values (1433, '1', 1008, 270554.82, 4172642.60, 811.85);
insert into STATION values (1434, '0', 1008, 270550.34, 4172649.46, 812.76);
insert into STATION values (1435, '2', 1008, 270564.90, 4172633.36, 815.13);
insert into STATION values (1436, '2.1', 1008, 270576.16, 4172634.15, 817.28);
insert into STATION values (1437, '2.2', 1008, 270584.98, 4172630.39, 819.64);
insert into STATION values (1438, '2.1.1', 1008, 270561.55, 4172626.45, 824.44);
insert into STATION values (1439, '2.1.1.1', 1008, 270559.33, 4172619.52, 823.13);
insert into STATION values (1440, '2.1.1.2', 1008, 270564.72, 4172616.07, 823.26);
insert into STATION values (1441, '-', 1008, 270564.44, 4172639.59, 815.57);
insert into STATION values (1442, '-', 1008, 270562.85, 4172636.32, 824.80);
insert into STATION values (1443, '-', 1008, 270560.84, 4172629.32, 828.38);
insert into STATION values (1444, '-', 1008, 270563.24, 4172627.47, 817.11);
insert into STATION values (1445, '-', 1008, 270564.86, 4172632.96, 813.75);
insert into STATION values (1446, '-', 1008, 270547.14, 4172618.83, 831.52);
insert into STATION values (1447, '-', 1008, 270564.58, 4172625.86, 822.97);
insert into STATION values (1448, '-', 1008, 270564.39, 4172622.16, 822.46);
insert into STATION values (1449, '-', 1008, 270564.93, 4172619.36, 822.32);
insert into STATION values (1450, '-', 1008, 270561.07, 4172627.02, 822.14);
insert into STATION values (1451, '-', 1008, 270561.19, 4172625.54, 822.25);
insert into STATION values (1452, '-', 1008, 270561.08, 4172623.30, 821.99);
insert into STATION values (1453, '-', 1008, 270561.14, 4172619.97, 822.16);
insert into STATION values (1454, '-', 1008, 270558.02, 4172626.86, 823.03);
insert into STATION values (1455, '-', 1008, 270557.86, 4172621.95, 823.04);
insert into STATION values (1456, '-', 1008, 270558.16, 4172617.60, 823.10);
insert into STATION values (1457, '-', 1008, 270561.46, 4172621.86, 822.17);
insert into STATION values (1458, '-', 1008, 270561.17, 4172619.83, 822.24);
insert into STATION values (1459, '-', 1008, 270561.81, 4172618.00, 821.73);
insert into STATION values (1460, '-', 1008, 270564.24, 4172616.00, 822.97);
insert into STATION values (1461, '-', 1008, 270558.24, 4172618.51, 823.25);
insert into STATION values (1462, '-', 1008, 270557.98, 4172616.99, 823.21);
insert into STATION values (1463, '-', 1008, 270561.42, 4172621.63, 824.63);
insert into STATION values (1464, '-', 1008, 270560.97, 4172618.70, 824.34);
insert into STATION values (1465, '-', 1008, 270560.55, 4172616.13, 824.28);
insert into STATION values (1466, '-', 1008, 270564.58, 4172614.99, 823.27);
insert into STATION values (1467, '-', 1008, 270568.86, 4172610.54, 823.33);
insert into STATION values (1468, '-', 1008, 270566.11, 4172609.54, 822.96);
insert into STATION values (1469, '-', 1008, 270564.98, 4172607.87, 822.69);
insert into STATION values (1470, '-', 1008, 270564.72, 4172595.05, 822.74);
insert into STATION values (1471, '-', 1008, 270562.77, 4172594.36, 822.61);
insert into STATION values (1472, '-', 1008, 270557.44, 4172609.76, 822.65);
insert into STATION values (1473, '-', 1008, 270556.29, 4172610.85, 822.36);
insert into STATION values (1474, '-', 1008, 270560.30, 4172609.11, 823.83);
insert into STATION values (1475, '-', 1008, 270557.80, 4172617.37, 822.47);
insert into STATION values (1476, '-', 1008, 270551.43, 4172616.42, 822.32);
insert into STATION values (1477, '-', 1008, 270552.62, 4172613.44, 822.23);
insert into STATION values (1478, '-', 1008, 270557.05, 4172611.10, 822.35);
insert into STATION values (1479, '-', 1008, 270561.68, 4172616.57, 821.34);
insert into STATION values (1480, '-', 1008, 270557.74, 4172614.66, 812.39);
insert into STATION values (1481, '-', 1008, 270558.10, 4172611.82, 811.22);
insert into STATION values (1482, '-', 1008, 270559.00, 4172610.27, 815.64);
insert into STATION values (1483, '-', 1008, 270559.85, 4172610.45, 819.14);
insert into STATION values (1484, '-', 1008, 270558.01, 4172606.57, 821.58);
insert into STATION values (1485, '-', 1008, 270561.78, 4172615.10, 824.00);
insert into STATION values (1486, '-', 1008, 270560.84, 4172612.34, 824.82);
insert into STATION values (1487, '-', 1008, 270560.96, 4172608.52, 823.59);
insert into STATION values (1488, '-', 1008, 270559.95, 4172599.73, 822.86);
insert into STATION values (1489, 'B56', 1040, 270649.78, 4172678.67, 815.50);
insert into STATION values (1490, '1', 1040, 270633.00, 4172683.43, 809.51);
insert into STATION values (1491, '.', 1040, 270627.13, 4172677.64, 809.79);
insert into STATION values (1492, '.', 1040, 270630.99, 4172685.47, 813.48);
insert into STATION values (1493, '.', 1040, 270634.64, 4172688.18, 811.41);
insert into STATION values (1494, '.', 1040, 270634.25, 4172695.01, 809.96);
insert into STATION values (1495, '.', 1040, 270638.92, 4172696.87, 810.59);
insert into STATION values (1496, '.', 1040, 270644.13, 4172693.39, 812.50);
insert into STATION values (1497, '.', 1040, 270640.49, 4172685.80, 814.66);
insert into STATION values (1498, '.', 1040, 270625.01, 4172692.27, 813.80);
insert into STATION values (1499, '.', 1040, 270628.89, 4172699.08, 811.13);
insert into STATION values (1500, '.', 1040, 270632.51, 4172699.88, 810.67);
insert into STATION values (1501, '.', 1040, 270632.28, 4172684.41, 808.53);
insert into STATION values (1502, '.', 1040, 270629.04, 4172690.93, 807.65);
insert into STATION values (1503, '.', 1040, 270620.45, 4172702.53, 806.91);
insert into STATION values (1504, '.', 1040, 270628.22, 4172701.02, 807.08);
insert into STATION values (1505, '2', 1040, 270617.70, 4172692.91, 806.66);
insert into STATION values (1506, '.', 1040, 270617.43, 4172694.29, 806.93);
insert into STATION values (1507, '.', 1040, 270615.81, 4172694.00, 807.25);
insert into STATION values (1508, '.', 1040, 270617.42, 4172693.71, 809.37);
insert into STATION values (1509, '.', 1040, 270621.24, 4172692.42, 810.81);
insert into STATION values (1510, '.', 1040, 270624.87, 4172696.68, 813.90);
insert into STATION values (1511, '.', 1040, 270633.82, 4172695.56, 810.25);
insert into STATION values (1512, '.', 1040, 270633.31, 4172702.71, 808.96);
insert into STATION values (1513, '.', 1040, 270620.91, 4172694.41, 806.63);
insert into STATION values (1514, '.', 1040, 270618.97, 4172693.63, 805.94);
insert into STATION values (1515, '.', 1040, 270623.08, 4172690.55, 807.48);
insert into STATION values (1516, '.', 1040, 270629.22, 4172685.27, 812.67);
insert into STATION values (1517, '.', 1040, 270617.41, 4172693.91, 804.81);
insert into STATION values (1518, '.', 1040, 270616.67, 4172694.68, 806.16);
insert into STATION values (1519, '.', 1040, 270615.68, 4172696.15, 804.92);
insert into STATION values (1520, '.', 1040, 270615.56, 4172694.49, 805.28);
insert into STATION values (1521, '.', 1040, 270615.39, 4172693.40, 805.36);
insert into STATION values (1522, '.', 1040, 270617.22, 4172693.80, 804.61);
insert into STATION values (1523, '.', 1040, 270617.36, 4172694.31, 805.99);
insert into STATION values (1524, '.', 1040, 270617.28, 4172694.29, 807.20);
insert into STATION values (1525, '3', 1040, 270615.24, 4172696.21, 804.22);
insert into STATION values (1526, '.', 1040, 270617.26, 4172695.10, 804.56);
insert into STATION values (1527, '.', 1040, 270616.42, 4172695.16, 803.77);
insert into STATION values (1528, '.', 1040, 270615.67, 4172695.63, 803.37);
insert into STATION values (1529, '.', 1040, 270616.38, 4172695.67, 805.63);
insert into STATION values (1530, '.', 1040, 270617.65, 4172693.72, 805.18);
insert into STATION values (1531, '.', 1040, 270616.33, 4172694.28, 804.11);
insert into STATION values (1532, '.', 1040, 270617.10, 4172692.22, 804.71);
insert into STATION values (1533, '.', 1040, 270616.68, 4172691.70, 804.99);
insert into STATION values (1534, '.', 1040, 270616.05, 4172692.23, 804.60);
insert into STATION values (1535, '.', 1040, 270616.48, 4172692.36, 804.29);
insert into STATION values (1536, '.', 1040, 270617.71, 4172689.52, 804.62);
insert into STATION values (1537, '.', 1040, 270616.20, 4172696.79, 804.10);
insert into STATION values (1538, '.', 1040, 270618.74, 4172698.56, 802.58);
insert into STATION values (1539, '.', 1040, 270616.58, 4172698.82, 803.19);
insert into STATION values (1540, '.', 1040, 270616.38, 4172698.07, 803.94);
insert into STATION values (1541, '.', 1040, 270616.18, 4172697.35, 802.49);
insert into STATION values (1542, '.', 1040, 270615.21, 4172698.12, 803.53);
insert into STATION values (1543, '4', 1040, 270617.60, 4172686.72, 805.23);
insert into STATION values (1544, '5', 1040, 270616.65, 4172700.10, 802.63);
insert into STATION values (1545, '.', 1040, 270616.76, 4172700.05, 801.65);
insert into STATION values (1546, '.', 1040, 270615.28, 4172700.60, 802.73);
insert into STATION values (1547, '.', 1040, 270616.48, 4172702.44, 802.43);
insert into STATION values (1548, '.', 1040, 270619.47, 4172702.19, 801.95);
insert into STATION values (1549, '.', 1040, 270621.54, 4172701.21, 801.99);
insert into STATION values (1550, '.', 1040, 270621.50, 4172698.06, 801.53);
insert into STATION values (1551, '.', 1040, 270619.29, 4172697.31, 802.53);
insert into STATION values (1552, '.', 1040, 270618.26, 4172696.94, 803.26);
insert into STATION values (1553, '.', 1040, 270617.92, 4172698.71, 802.12);
insert into STATION values (1554, '.', 1040, 270618.78, 4172699.47, 801.77);
insert into STATION values (1555, '.', 1040, 270618.67, 4172700.84, 801.85);
insert into STATION values (1556, '.', 1040, 270617.46, 4172699.86, 801.54);
insert into STATION values (1557, '6', 1040, 270621.64, 4172697.92, 801.49);
insert into STATION values (1558, '7', 1040, 270627.00, 4172709.22, 807.29);
insert into STATION values (1559, '8', 1040, 270645.82, 4172697.37, 810.96);
insert into STATION values (1560, '.', 1040, 270656.30, 4172687.43, 816.89);
insert into STATION values (1561, '.', 1040, 270648.41, 4172695.10, 811.23);
insert into STATION values (1562, '.', 1040, 270650.25, 4172699.57, 810.69);
insert into STATION values (1563, '.', 1040, 270650.39, 4172701.70, 808.71);
insert into STATION values (1564, '.', 1040, 270653.90, 4172706.80, 808.77);
insert into STATION values (1565, '.', 1040, 270647.88, 4172698.61, 811.26);
insert into STATION values (1566, '.', 1040, 270648.08, 4172704.65, 808.65);
insert into STATION values (1567, '.', 1040, 270645.73, 4172698.23, 809.40);
insert into STATION values (1568, '.', 1040, 270641.33, 4172697.60, 810.17);
insert into STATION values (1569, '.', 1040, 270637.34, 4172695.36, 810.17);
insert into STATION values (1570, '.', 1040, 270642.02, 4172695.87, 809.85);
insert into STATION values (1571, '.', 1040, 270645.31, 4172694.53, 810.73);
insert into STATION values (1572, '.', 1040, 270644.21, 4172695.09, 811.74);
insert into STATION values (1573, '.', 1040, 270645.41, 4172696.66, 811.48);
insert into STATION values (1574, 'B49', 1040, 270665.79, 4172705.84, 807.63);
insert into STATION values (1575, '.', 1040, 270665.65, 4172701.49, 809.02);
insert into STATION values (1576, '.', 1040, 270679.94, 4172684.06, 810.64);
insert into STATION values (1577, '.', 1040, 270679.67, 4172697.03, 809.47);
insert into STATION values (1578, '.', 1040, 270698.32, 4172701.22, 808.72);
insert into STATION values (1579, '.', 1040, 270687.63, 4172698.58, 808.88);
insert into STATION values (1580, '.', 1040, 270700.10, 4172703.51, 807.99);
insert into STATION values (1581, '.', 1040, 270684.40, 4172709.33, 808.76);
insert into STATION values (1582, '.', 1040, 270675.22, 4172710.67, 808.54);
insert into STATION values (1583, '.', 1040, 270674.53, 4172712.97, 807.97);
insert into STATION values (1584, '.', 1040, 270672.07, 4172709.51, 812.48);
insert into STATION values (1585, '.', 1040, 270667.26, 4172707.65, 812.15);
insert into STATION values (1586, '.', 1040, 270663.30, 4172705.70, 810.31);
insert into STATION values (1587, '.', 1040, 270658.34, 4172703.99, 810.78);
insert into STATION values (1588, '.', 1040, 270649.83, 4172702.18, 810.22);
insert into STATION values (1589, '.', 1040, 270645.18, 4172700.77, 809.19);
insert into STATION values (1590, '.', 1040, 270650.43, 4172705.59, 808.65);
insert into STATION values (1591, '.', 1040, 270660.45, 4172707.73, 807.96);
insert into STATION values (1592, '.', 1040, 270661.73, 4172709.13, 808.45);
insert into STATION values (1593, '.', 1040, 270663.00, 4172706.51, 807.33);
insert into STATION values (1594, '.', 1040, 270656.77, 4172704.31, 807.42);
insert into STATION values (1595, '.', 1040, 270652.84, 4172702.32, 808.24);
insert into STATION values (1596, '.', 1040, 270654.25, 4172698.84, 809.55);
insert into STATION values (1597, '.', 1040, 270660.95, 4172698.68, 809.98);
insert into STATION values (1598, '.', 1040, 270664.93, 4172703.87, 807.19);
insert into STATION values (1599, '.', 1040, 270675.09, 4172696.83, 807.65);
insert into STATION values (1600, '.', 1040, 270669.67, 4172703.36, 806.86);
insert into STATION values (1601, '.', 1040, 270677.64, 4172704.05, 806.92);
insert into STATION values (1602, '.', 1040, 270671.41, 4172708.92, 805.74);
insert into STATION values (1603, '.', 1040, 270666.04, 4172710.62, 805.99);
insert into STATION values (1604, '.', 1040, 270668.91, 4172722.88, 807.06);
insert into STATION values (1605, '.', 1040, 270681.76, 4172725.15, 808.51);
insert into STATION values (1606, '.', 1040, 270659.71, 4172719.11, 808.93);
insert into STATION values (1607, '.', 1040, 270660.26, 4172726.16, 809.07);
insert into STATION values (1608, '.', 1040, 270668.36, 4172722.30, 809.88);
insert into STATION values (1609, '.', 1040, 270667.06, 4172712.52, 809.64);
insert into STATION values (1610, '10', 1040, 270670.71, 4172727.81, 807.96);
insert into STATION values (1611, '.', 1040, 270669.50, 4172725.33, 809.88);
insert into STATION values (1612, '.', 1040, 270668.69, 4172719.30, 810.16);
insert into STATION values (1613, '.', 1040, 270660.00, 4172722.06, 809.61);
insert into STATION values (1614, '.', 1040, 270660.55, 4172730.09, 809.50);
insert into STATION values (1615, '.', 1040, 270662.28, 4172737.51, 809.82);
insert into STATION values (1616, '.', 1040, 270664.89, 4172743.79, 809.63);
insert into STATION values (1617, '.', 1040, 270670.83, 4172733.06, 810.38);
insert into STATION values (1618, '.', 1040, 270670.62, 4172731.80, 806.76);
insert into STATION values (1619, '.', 1040, 270667.21, 4172726.32, 807.45);
insert into STATION values (1620, '.', 1040, 270672.41, 4172724.33, 806.95);
insert into STATION values (1621, '.', 1040, 270676.76, 4172725.04, 805.29);
insert into STATION values (1622, '.', 1040, 270684.40, 4172720.23, 808.05);
insert into STATION values (1623, '.', 1040, 270686.77, 4172715.72, 808.91);
insert into STATION values (1624, '.', 1040, 270684.73, 4172711.29, 808.72);
insert into STATION values (1625, '.', 1040, 270677.01, 4172716.50, 808.26);
insert into STATION values (1626, '.', 1040, 270674.93, 4172716.65, 808.97);
insert into STATION values (1627, '.', 1040, 270672.44, 4172725.82, 809.74);
insert into STATION values (1628, '.', 1040, 270676.13, 4172727.20, 809.87);
insert into STATION values (1629, '.', 1040, 270671.34, 4172727.95, 808.05);
insert into STATION values (1630, '.', 1040, 270680.48, 4172732.47, 807.62);
insert into STATION values (1631, '.', 1040, 270691.11, 4172748.14, 809.83);
insert into STATION values (1632, '.', 1040, 270675.96, 4172736.28, 810.49);
insert into STATION values (1633, '.', 1040, 270672.23, 4172749.07, 810.32);
insert into STATION values (1634, '.', 1040, 270674.03, 4172740.47, 806.43);
insert into STATION values (1635, '.', 1040, 270667.83, 4172741.74, 808.24);
insert into STATION values (1636, '11', 1040, 270683.83, 4172709.90, 808.49);
insert into STATION values (1637, 'B48', 1040, 270679.87, 4172743.70, 807.76);
insert into STATION values (1638, '.', 1040, 270681.12, 4172743.12, 807.07);
insert into STATION values (1639, '.', 1040, 270685.77, 4172740.71, 806.47);
insert into STATION values (1640, '.', 1040, 270693.05, 4172730.06, 807.30);
insert into STATION values (1641, '.', 1040, 270694.96, 4172728.03, 811.01);
insert into STATION values (1642, '.', 1040, 270692.07, 4172737.25, 811.33);
insert into STATION values (1643, '.', 1040, 270683.70, 4172741.45, 811.04);
insert into STATION values (1644, '.', 1040, 270680.12, 4172743.53, 810.23);
insert into STATION values (1645, '.', 1040, 270685.77, 4172745.50, 810.83);
insert into STATION values (1646, '.', 1040, 270692.02, 4172747.63, 809.51);
insert into STATION values (1647, '.', 1040, 270699.20, 4172739.03, 809.71);
insert into STATION values (1648, '.', 1040, 270708.94, 4172729.15, 809.23);
insert into STATION values (1649, '.', 1040, 270712.60, 4172720.20, 809.31);
insert into STATION values (1650, '.', 1040, 270721.24, 4172706.08, 810.00);
insert into STATION values (1651, '.', 1040, 270686.86, 4172734.39, 808.57);
insert into STATION values (1652, '.', 1040, 270684.65, 4172733.91, 808.10);
insert into STATION values (1653, '.', 1040, 270680.66, 4172735.07, 808.78);
insert into STATION values (1654, '.', 1040, 270677.53, 4172733.47, 809.91);
insert into STATION values (1655, '.', 1040, 270670.72, 4172735.22, 809.36);
insert into STATION values (1656, '.', 1040, 270660.76, 4172729.85, 809.45);
insert into STATION values (1657, '.', 1040, 270666.08, 4172753.31, 809.35);
insert into STATION values (1658, '.', 1040, 270668.92, 4172758.60, 809.47);
insert into STATION values (1659, '.', 1040, 270673.57, 4172761.01, 810.18);
insert into STATION values (1660, '.', 1040, 270680.87, 4172759.21, 809.50);
insert into STATION values (1661, '.', 1040, 270678.91, 4172746.67, 806.79);
insert into STATION values (1662, '.', 1040, 270675.74, 4172755.10, 804.37);
insert into STATION values (1663, '.', 1040, 270675.02, 4172769.82, 801.09);
insert into STATION values (1664, '.', 1040, 270675.48, 4172753.78, 804.94);
insert into STATION values (1665, '.', 1040, 270670.46, 4172776.47, 803.27);
insert into STATION values (1666, '.', 1040, 270677.75, 4172748.96, 810.24);
insert into STATION values (1667, '13', 1040, 270674.87, 4172775.58, 802.01);
insert into STATION values (1668, '.', 1040, 270680.99, 4172772.52, 802.37);
insert into STATION values (1669, '.', 1040, 270677.31, 4172774.49, 801.02);
insert into STATION values (1670, '.', 1040, 270677.46, 4172773.72, 806.97);
insert into STATION values (1671, '.', 1040, 270673.51, 4172775.21, 807.73);
insert into STATION values (1672, '.', 1040, 270671.16, 4172775.01, 805.34);
insert into STATION values (1673, '.', 1040, 270668.61, 4172774.37, 802.21);
insert into STATION values (1674, '.', 1040, 270663.92, 4172773.92, 798.54);
insert into STATION values (1675, '.', 1040, 270665.99, 4172767.91, 800.63);
insert into STATION values (1676, '.', 1040, 270668.08, 4172763.07, 802.21);
insert into STATION values (1677, '.', 1040, 270666.00, 4172764.18, 806.70);
insert into STATION values (1678, '.', 1040, 270674.56, 4172769.43, 800.86);
insert into STATION values (1679, '.', 1040, 270674.25, 4172762.78, 801.52);
insert into STATION values (1680, '.', 1040, 270674.77, 4172755.31, 804.07);
insert into STATION values (1681, '.', 1040, 270679.78, 4172759.62, 805.96);
insert into STATION values (1682, '.', 1040, 270680.67, 4172766.19, 803.98);
insert into STATION values (1683, '.', 1040, 270673.53, 4172769.18, 809.48);
insert into STATION values (1684, '.', 1040, 270680.98, 4172776.40, 800.02);
insert into STATION values (1685, '.', 1040, 270683.53, 4172775.51, 800.44);
insert into STATION values (1686, '.', 1040, 270683.28, 4172777.25, 801.38);
insert into STATION values (1687, '.', 1040, 270682.67, 4172778.75, 800.28);
insert into STATION values (1688, '.', 1040, 270685.42, 4172778.37, 799.85);
insert into STATION values (1689, '.', 1040, 270687.78, 4172778.09, 799.33);
insert into STATION values (1690, '.', 1040, 270686.18, 4172777.25, 800.48);
insert into STATION values (1691, '.', 1040, 270689.11, 4172776.93, 797.64);
insert into STATION values (1692, '.', 1040, 270686.54, 4172775.85, 799.25);
insert into STATION values (1693, '.', 1040, 270693.28, 4172778.01, 797.79);
insert into STATION values (1694, '.', 1040, 270683.57, 4172782.43, 800.73);
insert into STATION values (1695, '.', 1040, 270679.83, 4172783.94, 801.50);
insert into STATION values (1696, '.', 1040, 270675.87, 4172782.88, 801.49);
insert into STATION values (1697, '.', 1040, 270673.81, 4172780.88, 800.76);
insert into STATION values (1698, '.', 1040, 270680.04, 4172787.90, 798.28);
insert into STATION values (1699, '.', 1040, 270677.58, 4172780.22, 799.67);
insert into STATION values (1700, '.', 1040, 270692.24, 4172795.65, 798.04);
insert into STATION values (1701, '14', 1040, 270694.74, 4172776.66, 798.14);
insert into STATION values (1702, '15', 1040, 270690.21, 4172793.75, 798.84);
insert into STATION values (1703, '.', 1040, 270691.53, 4172790.07, 798.01);
insert into STATION values (1704, '.', 1040, 270685.88, 4172784.78, 798.18);
insert into STATION values (1705, '.', 1040, 270682.95, 4172783.56, 799.73);
insert into STATION values (1706, '.', 1040, 270672.65, 4172780.16, 799.96);
insert into STATION values (1707, '.', 1040, 270668.73, 4172791.33, 798.12);
insert into STATION values (1708, '.', 1040, 270675.11, 4172796.73, 798.11);
insert into STATION values (1709, '.', 1040, 270679.97, 4172805.36, 798.27);
insert into STATION values (1710, '.', 1040, 270684.01, 4172806.85, 797.93);
insert into STATION values (1711, '.', 1040, 270687.19, 4172806.71, 798.40);
insert into STATION values (1712, '.', 1040, 270690.67, 4172803.60, 798.73);
insert into STATION values (1713, '.', 1040, 270687.77, 4172798.72, 798.01);
insert into STATION values (1714, '.', 1040, 270683.58, 4172800.65, 798.10);
insert into STATION values (1715, '.', 1040, 270687.23, 4172796.72, 798.02);
insert into STATION values (1716, '.', 1040, 270680.77, 4172795.75, 798.13);
insert into STATION values (1717, '.', 1040, 270681.06, 4172792.75, 798.29);
insert into STATION values (1718, '.', 1040, 270679.62, 4172789.16, 798.51);
insert into STATION values (1719, '.', 1040, 270684.69, 4172790.96, 798.00);
insert into STATION values (1720, '.', 1040, 270687.19, 4172789.28, 797.92);
insert into STATION values (1721, '.', 1040, 270689.61, 4172794.12, 798.01);
insert into STATION values (1722, '.', 1040, 270690.29, 4172795.37, 798.07);
insert into STATION values (1723, '.', 1040, 270687.28, 4172791.91, 800.47);
insert into STATION values (1724, '.', 1040, 270681.43, 4172789.40, 800.30);
insert into STATION values (1725, '.', 1040, 270684.88, 4172794.83, 800.00);
insert into STATION values (1726, '.', 1040, 270690.04, 4172798.09, 800.07);
insert into STATION values (1727, '.', 1040, 270690.35, 4172793.81, 799.69);
insert into STATION values (1728, '.', 1040, 270690.36, 4172793.86, 797.98);
insert into STATION values (1729, '.', 1040, 270695.09, 4172799.06, 797.94);
insert into STATION values (1730, '.', 1040, 270698.55, 4172798.00, 797.69);
insert into STATION values (1731, '.', 1040, 270701.11, 4172795.22, 797.88);
insert into STATION values (1732, '.', 1040, 270702.83, 4172792.76, 797.62);
insert into STATION values (1733, '.', 1040, 270695.41, 4172791.60, 797.86);
insert into STATION values (1734, '.', 1040, 270693.81, 4172793.87, 797.79);
insert into STATION values (1735, '.', 1040, 270692.93, 4172790.82, 797.81);
insert into STATION values (1736, '.', 1040, 270695.37, 4172792.31, 798.31);
insert into STATION values (1737, '16', 1040, 270698.85, 4172791.35, 797.97);
insert into STATION values (1738, '.', 1040, 270698.97, 4172791.12, 798.90);
insert into STATION values (1739, '.', 1040, 270698.76, 4172791.19, 797.69);
insert into STATION values (1740, '.', 1040, 270700.36, 4172791.03, 797.68);
insert into STATION values (1741, '.', 1040, 270702.89, 4172790.87, 797.68);
insert into STATION values (1742, '.', 1040, 270703.02, 4172796.25, 797.74);
insert into STATION values (1743, '.', 1040, 270700.20, 4172799.43, 797.83);
insert into STATION values (1744, '.', 1040, 270697.27, 4172800.07, 797.56);
insert into STATION values (1745, '.', 1040, 270699.11, 4172793.08, 798.54);
insert into STATION values (1746, '.', 1040, 270699.04, 4172792.47, 797.61);
insert into STATION values (1747, '.', 1040, 270698.76, 4172790.00, 799.16);
insert into STATION values (1748, '.', 1040, 270697.11, 4172785.79, 799.15);
insert into STATION values (1749, '.', 1040, 270692.18, 4172784.65, 798.27);
insert into STATION values (1750, '.', 1040, 270689.88, 4172787.50, 797.87);
insert into STATION values (1751, '.', 1040, 270697.28, 4172777.71, 798.02);
insert into STATION values (1752, '.', 1040, 270702.54, 4172778.76, 798.02);
insert into STATION values (1753, '.', 1040, 270702.69, 4172786.25, 798.14);
insert into STATION values (1754, '.', 1040, 270702.87, 4172788.74, 797.96);
insert into STATION values (1755, '.', 1040, 270700.58, 4172787.97, 797.57);
insert into STATION values (1756, '.', 1040, 270698.48, 4172787.92, 797.57);
insert into STATION values (1757, '.', 1040, 270696.61, 4172782.47, 798.90);
insert into STATION values (1758, '.', 1040, 270697.85, 4172786.66, 799.04);
insert into STATION values (1759, '17', 1040, 270691.98, 4172775.96, 798.24);
insert into STATION values (1760, '18', 1040, 270701.34, 4172730.60, 808.98);
insert into STATION values (1761, '.', 1040, 270691.46, 4172722.01, 809.07);
insert into STATION values (1762, '.', 1040, 270687.18, 4172729.58, 809.35);
insert into STATION values (1763, '.', 1040, 270687.24, 4172734.06, 808.37);
insert into STATION values (1764, '.', 1040, 270694.43, 4172733.94, 811.46);
insert into STATION values (1765, '.', 1040, 270698.09, 4172729.62, 811.58);
insert into STATION values (1766, '.', 1040, 270701.80, 4172725.00, 812.04);
insert into STATION values (1767, '.', 1040, 270705.37, 4172717.44, 812.26);
insert into STATION values (1768, '.', 1040, 270705.27, 4172705.24, 808.35);
insert into STATION values (1769, '.', 1040, 270696.25, 4172713.29, 807.91);
insert into STATION values (1770, '.', 1040, 270694.12, 4172718.24, 808.98);
insert into STATION values (1771, '.', 1040, 270700.89, 4172727.64, 808.54);
insert into STATION values (1772, '.', 1040, 270703.78, 4172728.50, 808.60);
insert into STATION values (1773, '.', 1040, 270705.30, 4172731.90, 809.18);
insert into STATION values (1774, '.', 1040, 270709.36, 4172727.98, 809.39);
insert into STATION values (1775, '.', 1040, 270712.16, 4172720.94, 809.33);
insert into STATION values (1776, '.', 1040, 270719.55, 4172708.21, 809.33);
insert into STATION values (1777, '.', 1040, 270695.94, 4172742.22, 809.96);
insert into STATION values (1778, '.', 1040, 270701.63, 4172737.44, 809.51);
insert into STATION values (1779, '.', 1040, 270699.00, 4172733.86, 811.02);
insert into STATION values (1780, '19', 1040, 270710.12, 4172708.56, 808.25);
insert into STATION values (1781, '.', 1040, 270717.08, 4172711.15, 808.55);
insert into STATION values (1782, '.', 1040, 270714.10, 4172710.61, 812.64);
insert into STATION values (1783, '.', 1040, 270710.37, 4172708.04, 812.97);
insert into STATION values (1784, '.', 1040, 270708.17, 4172713.31, 807.56);
insert into STATION values (1785, '.', 1040, 270708.38, 4172729.60, 809.65);
insert into STATION values (1786, '.', 1040, 270712.94, 4172719.96, 809.46);
insert into STATION values (1787, '.', 1040, 270705.51, 4172717.52, 812.08);
insert into STATION values (1788, '.', 1040, 270697.25, 4172712.86, 808.08);
insert into STATION values (1789, '.', 1040, 270691.90, 4172721.45, 809.07);
insert into STATION values (1790, '.', 1040, 270706.96, 4172704.38, 807.95);
insert into STATION values (1791, '.', 1040, 270709.36, 4172702.20, 808.67);
insert into STATION values (1792, '.', 1040, 270715.93, 4172689.67, 811.06);
insert into STATION values (1793, '.', 1040, 270722.71, 4172692.16, 813.06);
insert into STATION values (1794, '.', 1040, 270725.66, 4172698.97, 812.84);
insert into STATION values (1795, '.', 1040, 270715.65, 4172702.52, 812.88);
insert into STATION values (1796, '.', 1040, 270717.51, 4172701.07, 809.78);
insert into STATION values (1797, '.', 1040, 270711.51, 4172706.70, 808.20);
insert into STATION values (1798, '.', 1040, 270709.81, 4172708.50, 807.85);
insert into STATION values (1799, '.', 1040, 270707.01, 4172708.06, 807.50);
insert into STATION values (1800, '.', 1040, 270698.40, 4172706.32, 806.78);
insert into STATION values (1801, '.', 1040, 270698.33, 4172709.11, 808.13);
insert into STATION values (1802, '.', 1040, 270703.48, 4172707.16, 809.26);
insert into STATION values (1803, '.', 1040, 270705.52, 4172705.41, 808.30);
insert into STATION values (1804, '.', 1040, 270700.98, 4172703.62, 807.98);
insert into STATION values (1805, '20', 1040, 270689.43, 4172703.39, 807.92);
insert into STATION values (1806, '.', 1040, 270689.29, 4172699.66, 809.53);
insert into STATION values (1807, '.', 1040, 270697.93, 4172700.12, 809.02);
insert into STATION values (1808, '.', 1040, 270699.75, 4172703.43, 808.19);
insert into STATION values (1809, '.', 1040, 270697.17, 4172709.21, 807.96);
insert into STATION values (1810, '.', 1040, 270692.36, 4172712.01, 808.05);
insert into STATION values (1811, '.', 1040, 270687.32, 4172710.12, 809.30);
insert into STATION values (1812, '.', 1040, 270684.96, 4172708.89, 808.44);
insert into STATION values (1813, '.', 1040, 270676.77, 4172711.77, 809.04);
insert into STATION values (1814, '.', 1040, 270689.15, 4172705.31, 811.38);
insert into STATION values (1815, '.', 1040, 270689.67, 4172704.05, 814.04);
insert into STATION values (1816, '.', 1040, 270685.45, 4172697.55, 808.69);
insert into STATION values (1817, '.', 1040, 270687.68, 4172702.48, 809.77);
insert into STATION values (1818, '.', 1040, 270681.57, 4172703.43, 811.13);
insert into STATION values (1819, '.', 1040, 270679.24, 4172706.27, 815.20);
insert into STATION values (1820, '.', 1040, 270682.77, 4172708.09, 811.55);
insert into STATION values (1821, '.', 1040, 270682.56, 4172703.71, 807.57);
insert into STATION values (1822, '.', 1040, 270683.59, 4172707.62, 807.72);
insert into STATION values (1823, '.', 1040, 270676.40, 4172711.98, 808.99);
insert into STATION values (1824, '.', 1040, 270677.79, 4172713.84, 809.15);
insert into STATION values (1825, '.', 1040, 270666.44, 4172700.56, 808.97);
insert into STATION values (1826, '.', 1040, 270666.74, 4172695.04, 809.78);
insert into STATION values (1827, '.', 1040, 270658.32, 4172706.93, 807.65);
insert into STATION values (1828, '22', 1040, 270676.07, 4172695.68, 810.07);
insert into STATION values (1829, '.', 1040, 270676.44, 4172695.25, 808.44);
insert into STATION values (1830, '.', 1040, 270680.24, 4172696.86, 809.41);
insert into STATION values (1831, '.', 1040, 270668.82, 4172696.12, 808.57);
insert into STATION values (1832, 'B55', 1040, 270696.93, 4172688.30, 809.52);
insert into STATION values (1833, '25', 1040, 270712.47, 4172681.23, 810.84);
insert into STATION values (1834, '26', 1040, 270721.29, 4172694.76, 811.17);
insert into STATION values (1835, '.', 1040, 270721.65, 4172693.05, 814.36);
insert into STATION values (1836, '.', 1040, 270728.86, 4172699.19, 812.74);
insert into STATION values (1837, '.', 1040, 270717.49, 4172689.65, 811.07);
insert into STATION values (1838, '.', 1040, 270723.63, 4172684.38, 815.12);
insert into STATION values (1839, '.', 1040, 270730.92, 4172685.69, 813.10);
insert into STATION values (1840, '.', 1040, 270724.55, 4172704.75, 811.06);
insert into STATION values (1841, '.', 1040, 270721.45, 4172696.20, 810.65);
insert into STATION values (1842, '.', 1040, 270714.60, 4172692.67, 810.13);
insert into STATION values (1843, 'B54', 1040, 270730.82, 4172690.16, 812.81);
insert into STATION values (1844, 'PTR_FR24_B59_00', 1181, 270624.22, 4172630.28, 819.47);
insert into STATION values (1845, '.', 1181, 270634.11, 4172629.14, 821.48);
insert into STATION values (1846, '.', 1181, 270636.82, 4172637.88, 822.28);
insert into STATION values (1847, '.', 1181, 270620.14, 4172621.46, 820.74);
insert into STATION values (1848, '.', 1181, 270609.41, 4172623.30, 820.48);
insert into STATION values (1849, '.', 1181, 270619.19, 4172633.35, 819.92);
insert into STATION values (1850, '.', 1181, 270624.20, 4172630.18, 818.82);
insert into STATION values (1851, '.', 1181, 270623.90, 4172630.00, 824.95);
insert into STATION values (1852, '12', 1181, 270626.50, 4172605.03, 821.45);
insert into STATION values (1853, '.', 1181, 270624.08, 4172602.11, 821.89);
insert into STATION values (1854, '.', 1181, 270633.91, 4172594.45, 823.56);
insert into STATION values (1855, '.', 1181, 270640.80, 4172624.51, 824.63);
insert into STATION values (1856, '.', 1181, 270638.27, 4172620.61, 823.53);
insert into STATION values (1857, '.', 1181, 270641.62, 4172617.64, 824.00);
insert into STATION values (1858, '.', 1181, 270629.74, 4172607.21, 819.66);
insert into STATION values (1859, '.', 1181, 270627.37, 4172605.08, 825.22);
insert into STATION values (1860, '13', 1181, 270644.77, 4172598.65, 819.86);
insert into STATION values (1861, '.', 1181, 270644.73, 4172599.24, 820.04);
insert into STATION values (1862, '.', 1181, 270654.65, 4172608.27, 822.44);
insert into STATION values (1863, '.', 1181, 270648.25, 4172589.51, 820.89);
insert into STATION values (1864, '.', 1181, 270642.62, 4172596.18, 823.16);
insert into STATION values (1865, '.', 1181, 270637.00, 4172596.44, 822.36);
insert into STATION values (1866, '.', 1181, 270646.32, 4172598.62, 817.49);
insert into STATION values (1867, '.', 1181, 270644.80, 4172598.20, 824.30);
insert into STATION values (1868, '14', 1181, 270669.61, 4172598.36, 820.97);
insert into STATION values (1869, '.', 1181, 270669.99, 4172600.25, 821.30);
insert into STATION values (1870, '.', 1181, 270670.03, 4172585.58, 823.20);
insert into STATION values (1871, '.', 1181, 270675.91, 4172583.30, 822.71);
insert into STATION values (1872, '.', 1181, 270657.83, 4172582.08, 822.62);
insert into STATION values (1873, '.', 1181, 270652.50, 4172588.56, 821.38);
insert into STATION values (1874, '.', 1181, 270665.79, 4172600.51, 820.85);
insert into STATION values (1875, '.', 1181, 270670.36, 4172593.60, 819.68);
insert into STATION values (1876, '.', 1181, 270669.71, 4172598.15, 823.23);
insert into STATION values (1877, '15', 1181, 270677.75, 4172584.33, 821.27);
insert into STATION values (1878, '.', 1181, 270687.50, 4172586.12, 822.70);
insert into STATION values (1879, '.', 1181, 270678.09, 4172584.72, 821.34);
insert into STATION values (1880, '.', 1181, 270676.31, 4172582.06, 821.75);
insert into STATION values (1881, '.', 1181, 270672.13, 4172585.15, 822.58);
insert into STATION values (1882, '.', 1181, 270681.54, 4172585.03, 820.01);
insert into STATION values (1883, '.', 1181, 270680.25, 4172584.23, 825.21);
insert into STATION values (1884, '16', 1181, 270683.80, 4172555.37, 821.99);
insert into STATION values (1885, '.', 1181, 270691.87, 4172562.19, 822.02);
insert into STATION values (1886, '.', 1181, 270697.12, 4172557.49, 821.70);
insert into STATION values (1887, '.', 1181, 270692.26, 4172559.95, 821.63);
insert into STATION values (1888, '.', 1181, 270676.86, 4172560.41, 822.26);
insert into STATION values (1889, '.', 1181, 270675.53, 4172565.26, 821.94);
insert into STATION values (1890, '.', 1181, 270691.70, 4172555.39, 819.66);
insert into STATION values (1891, '.', 1181, 270683.45, 4172554.83, 825.53);
insert into STATION values (1892, '17', 1181, 270676.28, 4172550.73, 824.12);
insert into STATION values (1893, '.', 1181, 270674.27, 4172558.19, 822.98);
insert into STATION values (1894, '.', 1181, 270667.69, 4172557.04, 823.06);
insert into STATION values (1895, '.', 1181, 270684.59, 4172534.79, 824.34);
insert into STATION values (1896, '.', 1181, 270672.19, 4172540.84, 823.97);
insert into STATION values (1897, '.', 1181, 270678.74, 4172553.14, 821.35);
insert into STATION values (1898, '.', 1181, 270676.36, 4172550.74, 825.00);
insert into STATION values (1899, '18', 1181, 270667.08, 4172550.53, 822.39);
insert into STATION values (1900, '.', 1181, 270668.32, 4172559.18, 821.59);
insert into STATION values (1901, '.', 1181, 270660.81, 4172559.50, 818.45);
insert into STATION values (1902, '.', 1181, 270666.15, 4172549.23, 820.24);
insert into STATION values (1903, '.', 1181, 270667.10, 4172550.56, 823.04);
insert into STATION values (1904, 'PTR_FR24_A19_19', 1181, 270655.50, 4172554.11, 818.51);
insert into STATION values (1905, '.', 1181, 270655.82, 4172558.97, 818.97);
insert into STATION values (1906, '.', 1181, 270644.66, 4172541.13, 816.67);
insert into STATION values (1907, '.', 1181, 270665.30, 4172540.11, 821.96);
insert into STATION values (1908, '.', 1181, 270651.98, 4172553.18, 815.38);
insert into STATION values (1909, '.', 1181, 270654.95, 4172554.37, 822.40);
insert into STATION values (1910, '20', 1181, 270640.81, 4172564.50, 812.70);
insert into STATION values (1911, '21', 1181, 270640.83, 4172577.00, 809.33);
insert into STATION values (1912, '.', 1181, 270654.02, 4172565.50, 813.39);
insert into STATION values (1913, '.', 1181, 270648.50, 4172569.57, 810.09);
insert into STATION values (1914, '.', 1181, 270644.06, 4172572.13, 809.58);
insert into STATION values (1915, '.', 1181, 270638.29, 4172574.51, 809.84);
insert into STATION values (1916, '.', 1181, 270639.90, 4172564.79, 812.75);
insert into STATION values (1917, '.', 1181, 270640.69, 4172565.22, 809.75);
insert into STATION values (1918, '.', 1181, 270640.85, 4172564.45, 814.26);
insert into STATION values (1919, '22', 1181, 270635.90, 4172554.79, 814.98);
insert into STATION values (1920, '.', 1181, 270629.82, 4172550.59, 813.93);
insert into STATION values (1921, '.', 1181, 270623.21, 4172555.69, 809.89);
insert into STATION values (1922, '.', 1181, 270626.85, 4172560.68, 810.22);
insert into STATION values (1923, '.', 1181, 270635.36, 4172561.70, 813.68);
insert into STATION values (1924, '.', 1181, 270645.28, 4172569.87, 812.07);
insert into STATION values (1925, '.', 1181, 270634.64, 4172557.10, 811.73);
insert into STATION values (1926, '.', 1181, 270635.76, 4172554.95, 816.40);
insert into STATION values (1927, '23', 1181, 270623.17, 4172556.66, 808.95);
insert into STATION values (1928, '24', 1181, 270631.39, 4172560.96, 812.15);
insert into STATION values (1929, '.', 1181, 270626.89, 4172560.27, 811.09);
insert into STATION values (1930, '.', 1181, 270622.98, 4172555.64, 809.15);
insert into STATION values (1931, '.', 1181, 270631.81, 4172568.79, 815.13);
insert into STATION values (1932, '.', 1181, 270636.58, 4172565.20, 816.76);
insert into STATION values (1933, '.', 1181, 270629.75, 4172558.65, 810.14);
insert into STATION values (1934, '.', 1181, 270631.41, 4172561.07, 813.39);
insert into STATION values (1935, '25', 1181, 270629.72, 4172565.78, 812.46);
insert into STATION values (1936, '.', 1181, 270626.63, 4172563.72, 811.45);
insert into STATION values (1937, '.', 1181, 270626.17, 4172566.83, 811.20);
insert into STATION values (1938, '.', 1181, 270630.06, 4172568.20, 813.10);
insert into STATION values (1939, '.', 1181, 270633.50, 4172568.93, 815.94);
insert into STATION values (1940, '.', 1181, 270629.66, 4172566.24, 811.52);
insert into STATION values (1941, '.', 1181, 270629.65, 4172566.06, 814.16);
insert into STATION values (1942, '26', 1181, 270626.29, 4172575.92, 809.37);
insert into STATION values (1943, '.', 1181, 270623.64, 4172572.02, 811.37);
insert into STATION values (1944, '.', 1181, 270626.46, 4172576.21, 809.33);
insert into STATION values (1945, '.', 1181, 270626.38, 4172576.15, 806.71);
insert into STATION values (1946, '.', 1181, 270626.33, 4172575.92, 811.72);
insert into STATION values (1947, '27', 1181, 270622.07, 4172576.72, 807.03);
insert into STATION values (1948, '.', 1181, 270615.63, 4172574.80, 806.80);
insert into STATION values (1949, '.', 1181, 270614.59, 4172579.32, 806.47);
insert into STATION values (1950, '.', 1181, 270625.60, 4172577.16, 807.28);
insert into STATION values (1951, '.', 1181, 270624.29, 4172581.40, 806.92);
insert into STATION values (1952, '.', 1181, 270622.31, 4172576.88, 805.28);
insert into STATION values (1953, '.', 1181, 270622.67, 4172576.20, 810.87);
insert into STATION values (1954, '28', 1181, 270619.50, 4172585.33, 804.63);
insert into STATION values (1955, '.', 1181, 270620.30, 4172585.86, 804.65);
insert into STATION values (1956, '.', 1181, 270614.17, 4172581.64, 804.54);
insert into STATION values (1957, '.', 1181, 270615.87, 4172577.37, 807.79);
insert into STATION values (1958, '.', 1181, 270619.27, 4172585.56, 803.04);
insert into STATION values (1959, '.', 1181, 270619.19, 4172584.89, 808.23);
insert into STATION values (1960, 'PTR_FR24_A11_29', 1181, 270611.75, 4172591.08, 800.93);
insert into STATION values (1961, '.', 1181, 270610.31, 4172589.65, 801.00);
insert into STATION values (1962, '.', 1181, 270612.64, 4172591.79, 800.91);
insert into STATION values (1963, '.', 1181, 270610.47, 4172592.85, 801.02);
insert into STATION values (1964, '.', 1181, 270612.55, 4172591.57, 800.31);
insert into STATION values (1965, '.', 1181, 270611.84, 4172591.49, 802.86);
insert into STATION values (1966, '30', 1181, 270660.01, 4172546.47, 819.87);
insert into STATION values (1967, '.', 1181, 270642.17, 4172528.80, 815.89);
insert into STATION values (1968, '.', 1181, 270637.79, 4172547.00, 815.18);
insert into STATION values (1969, '.', 1181, 270652.06, 4172559.73, 818.02);
insert into STATION values (1970, '.', 1181, 270659.28, 4172547.24, 818.03);
insert into STATION values (1971, '.', 1181, 270659.73, 4172545.94, 822.32);
insert into STATION values (1972, '31', 1181, 270652.79, 4172535.07, 817.10);
insert into STATION values (1973, '.', 1181, 270642.42, 4172528.25, 815.34);
insert into STATION values (1974, '.', 1181, 270650.90, 4172526.92, 816.41);
insert into STATION values (1975, '.', 1181, 270667.25, 4172533.83, 821.40);
insert into STATION values (1976, '.', 1181, 270665.27, 4172539.74, 821.38);
insert into STATION values (1977, '.', 1181, 270652.39, 4172533.59, 814.67);
insert into STATION values (1978, '.', 1181, 270652.87, 4172534.86, 818.78);
insert into STATION values (1979, '32', 1181, 270660.47, 4172521.08, 819.24);
insert into STATION values (1980, '.', 1181, 270667.19, 4172523.76, 821.04);
insert into STATION values (1981, '.', 1181, 270654.40, 4172518.08, 817.66);
insert into STATION values (1982, '.', 1181, 270651.12, 4172521.90, 816.67);
insert into STATION values (1983, '.', 1181, 270658.60, 4172520.03, 817.61);
insert into STATION values (1984, '.', 1181, 270660.40, 4172520.87, 820.59);
insert into STATION values (1985, '33', 1181, 270665.20, 4172516.76, 821.51);
insert into STATION values (1986, '.', 1181, 270667.26, 4172517.95, 821.83);
insert into STATION values (1987, '.', 1181, 270662.57, 4172511.92, 821.12);
insert into STATION values (1988, '.', 1181, 270665.31, 4172516.52, 820.49);
insert into STATION values (1989, '.', 1181, 270665.19, 4172516.71, 822.09);
insert into STATION values (1990, '34', 1181, 270669.83, 4172515.85, 823.36);
insert into STATION values (1991, '.', 1181, 270668.29, 4172517.35, 823.43);
insert into STATION values (1992, '.', 1181, 270672.26, 4172513.17, 823.96);
insert into STATION values (1993, '.', 1181, 270669.82, 4172515.02, 822.79);
insert into STATION values (1994, '.', 1181, 270669.88, 4172515.80, 824.00);
insert into STATION values (1995, '35', 1181, 270682.75, 4172518.19, 826.71);
insert into STATION values (1996, '.', 1181, 270687.45, 4172529.33, 827.11);
insert into STATION values (1997, '.', 1181, 270678.96, 4172510.09, 827.19);
insert into STATION values (1998, '.', 1181, 270683.49, 4172516.94, 825.29);
insert into STATION values (1999, '.', 1181, 270682.66, 4172518.08, 827.73);
insert into STATION values (2000, 'PTR_FR24_A12_36', 1181, 270691.51, 4172512.30, 827.81);
insert into STATION values (2001, '.', 1181, 270686.58, 4172523.84, 826.60);
insert into STATION values (2002, '.', 1181, 270697.16, 4172492.34, 830.10);
insert into STATION values (2003, '.', 1181, 270689.74, 4172491.60, 827.99);
insert into STATION values (2004, '.', 1181, 270680.00, 4172525.62, 825.92);
insert into STATION values (2005, '.', 1181, 270692.01, 4172513.07, 826.62);
insert into STATION values (2006, '.', 1181, 270691.61, 4172512.30, 829.64);
insert into STATION values (2007, '37', 1181, 270695.78, 4172528.28, 826.23);
insert into STATION values (2008, '.', 1181, 270678.27, 4172524.42, 827.30);
insert into STATION values (2009, '.', 1181, 270707.56, 4172546.56, 821.88);
insert into STATION values (2010, '.', 1181, 270724.11, 4172538.65, 817.41);
insert into STATION values (2011, '.', 1181, 270696.97, 4172533.64, 821.41);
insert into STATION values (2012, '.', 1181, 270695.55, 4172528.25, 828.13);
insert into STATION values (2013, '38', 1181, 270695.37, 4172540.10, 822.11);
insert into STATION values (2014, '.', 1181, 270690.70, 4172528.05, 826.61);
insert into STATION values (2015, '.', 1181, 270675.69, 4172534.75, 824.83);
insert into STATION values (2016, '.', 1181, 270691.64, 4172560.60, 821.53);
insert into STATION values (2017, '.', 1181, 270700.77, 4172553.32, 821.93);
insert into STATION values (2018, '.', 1181, 270709.84, 4172544.67, 821.29);
insert into STATION values (2019, '.', 1181, 270694.61, 4172540.45, 820.34);
insert into STATION values (2020, '.', 1181, 270695.35, 4172540.84, 827.17);
insert into STATION values (2021, '39', 1181, 270709.29, 4172526.56, 823.31);
insert into STATION values (2022, '.', 1181, 270704.36, 4172544.68, 819.36);
insert into STATION values (2023, '.', 1181, 270712.82, 4172543.62, 818.65);
insert into STATION values (2024, '.', 1181, 270719.19, 4172546.69, 818.26);
insert into STATION values (2025, '.', 1181, 270720.02, 4172530.47, 820.47);
insert into STATION values (2026, '.', 1181, 270724.55, 4172524.52, 820.77);
insert into STATION values (2027, '.', 1181, 270726.43, 4172509.72, 822.18);
insert into STATION values (2028, '.', 1181, 270729.48, 4172498.78, 823.97);
insert into STATION values (2029, '.', 1181, 270711.19, 4172526.30, 821.05);
insert into STATION values (2030, '.', 1181, 270709.91, 4172527.05, 828.07);
insert into STATION values (2031, '40', 1181, 270719.83, 4172539.87, 817.31);
insert into STATION values (2032, '.', 1181, 270718.03, 4172545.90, 818.49);
insert into STATION values (2033, '.', 1181, 270709.78, 4172545.69, 820.27);
insert into STATION values (2034, '.', 1181, 270726.10, 4172559.07, 816.22);
insert into STATION values (2035, '.', 1181, 270733.12, 4172540.92, 817.22);
insert into STATION values (2036, '.', 1181, 270726.35, 4172536.66, 818.04);
insert into STATION values (2037, '.', 1181, 270721.17, 4172531.72, 819.73);
insert into STATION values (2038, '.', 1181, 270719.87, 4172539.83, 816.85);
insert into STATION values (2039, '.', 1181, 270720.13, 4172540.69, 821.97);
insert into STATION values (2040, '41', 1181, 270731.96, 4172546.67, 816.82);
insert into STATION values (2041, '.', 1181, 270729.53, 4172556.65, 816.03);
insert into STATION values (2042, '.', 1181, 270723.07, 4172554.34, 816.39);
insert into STATION values (2043, '.', 1181, 270736.92, 4172557.06, 816.06);
insert into STATION values (2044, '.', 1181, 270743.25, 4172547.86, 815.77);
insert into STATION values (2045, '.', 1181, 270733.41, 4172544.19, 816.73);
insert into STATION values (2046, '.', 1181, 270729.51, 4172539.49, 817.41);
insert into STATION values (2047, '.', 1181, 270732.04, 4172546.67, 816.54);
insert into STATION values (2048, '.', 1181, 270732.37, 4172546.69, 819.34);
insert into STATION values (2049, '42', 1181, 270757.51, 4172543.12, 815.08);
insert into STATION values (2050, '.', 1181, 270751.62, 4172549.43, 815.73);
insert into STATION values (2051, '.', 1181, 270753.95, 4172553.51, 815.92);
insert into STATION values (2052, '.', 1181, 270760.27, 4172551.16, 816.18);
insert into STATION values (2053, '.', 1181, 270762.12, 4172536.43, 815.32);
insert into STATION values (2054, '.', 1181, 270754.80, 4172534.41, 815.40);
insert into STATION values (2055, '.', 1181, 270757.57, 4172542.99, 814.67);
insert into STATION values (2056, '.', 1181, 270757.65, 4172542.98, 818.16);
insert into STATION values (2057, 'PTR_FR24_B50_43', 1181, 270769.13, 4172539.07, 815.86);
insert into STATION values (2058, '.', 1181, 270775.71, 4172548.51, 816.48);
insert into STATION values (2059, '.', 1181, 270774.19, 4172527.66, 816.23);
insert into STATION values (2060, '.', 1181, 270763.66, 4172529.82, 815.50);
insert into STATION values (2061, '.', 1181, 270761.24, 4172551.64, 816.01);
insert into STATION values (2062, '.', 1181, 270769.13, 4172539.15, 815.42);
insert into STATION values (2063, '.', 1181, 270769.36, 4172539.58, 818.85);
insert into STATION values (2064, '44', 1181, 270787.48, 4172526.84, 818.41);
insert into STATION values (2065, '.', 1181, 270788.38, 4172530.43, 818.48);
insert into STATION values (2066, '.', 1181, 270792.16, 4172546.99, 819.10);
insert into STATION values (2067, '.', 1181, 270782.33, 4172519.40, 817.82);
insert into STATION values (2068, '.', 1181, 270784.97, 4172515.95, 817.88);
insert into STATION values (2069, '.', 1181, 270776.09, 4172527.06, 818.27);
insert into STATION values (2070, '.', 1181, 270787.59, 4172526.61, 817.72);
insert into STATION values (2071, '.', 1181, 270786.82, 4172527.13, 821.87);
insert into STATION values (2072, '45', 1181, 270797.26, 4172518.38, 818.41);
insert into STATION values (2073, '.', 1181, 270812.47, 4172537.31, 819.09);
insert into STATION values (2074, '.', 1181, 270802.69, 4172509.34, 818.13);
insert into STATION values (2075, '.', 1181, 270791.96, 4172506.06, 817.75);
insert into STATION values (2076, '.', 1181, 270797.32, 4172518.28, 818.04);
insert into STATION values (2077, '.', 1181, 270797.62, 4172518.05, 820.46);
insert into STATION values (2078, 'PTR_FR24_A13_46', 1181, 270817.86, 4172513.25, 819.56);
insert into STATION values (2079, '.', 1181, 270815.49, 4172533.31, 819.73);
insert into STATION values (2080, '.', 1181, 270814.40, 4172505.06, 820.12);
insert into STATION values (2081, '.', 1181, 270803.35, 4172509.33, 819.35);
insert into STATION values (2082, '.', 1181, 270817.87, 4172513.44, 818.77);
insert into STATION values (2083, '.', 1181, 270818.12, 4172513.09, 821.74);
insert into STATION values (2084, 'PTR_FR24_A10_00', 1303, 270496.80, 4172776.26, 803.23);
insert into STATION values (2085, '.', 1303, 270499.63, 4172778.83, 802.40);
insert into STATION values (2086, '.', 1303, 270494.62, 4172774.11, 802.67);
insert into STATION values (2087, '.', 1303, 270496.71, 4172776.45, 802.12);
insert into STATION values (2088, '.', 1303, 270493.58, 4172776.90, 802.79);
insert into STATION values (2089, '.', 1303, 270496.99, 4172780.13, 802.60);
insert into STATION values (2090, '.', 1303, 270505.56, 4172774.88, 802.95);
insert into STATION values (2091, '.', 1303, 270507.27, 4172769.97, 803.04);
insert into STATION values (2092, '.', 1303, 270501.20, 4172766.19, 802.81);
insert into STATION values (2093, '1', 1303, 270494.08, 4172781.00, 801.88);
insert into STATION values (2094, '2', 1303, 270507.09, 4172770.23, 802.21);
insert into STATION values (2095, '.', 1303, 270507.92, 4172770.94, 802.46);
insert into STATION values (2096, '.', 1303, 270501.62, 4172766.64, 802.21);
insert into STATION values (2097, '.', 1303, 270503.55, 4172761.10, 802.07);
insert into STATION values (2098, '.', 1303, 270508.70, 4172769.01, 802.41);
insert into STATION values (2099, '.', 1303, 270507.14, 4172770.25, 801.89);
insert into STATION values (2100, '.', 1303, 270506.96, 4172770.07, 803.44);
insert into STATION values (2101, '.', 1303, 270507.31, 4172759.73, 802.52);
insert into STATION values (2102, '3', 1303, 270508.00, 4172754.48, 801.82);
insert into STATION values (2103, '.', 1303, 270514.69, 4172757.49, 802.76);
insert into STATION values (2104, '.', 1303, 270505.15, 4172754.93, 802.79);
insert into STATION values (2105, '.', 1303, 270502.83, 4172745.30, 807.03);
insert into STATION values (2106, '.', 1303, 270499.02, 4172751.38, 807.90);
insert into STATION values (2107, '.', 1303, 270518.89, 4172751.85, 805.79);
insert into STATION values (2108, '.', 1303, 270508.01, 4172754.49, 801.58);
insert into STATION values (2109, '.', 1303, 270508.12, 4172754.15, 806.22);
insert into STATION values (2110, '4', 1303, 270518.93, 4172744.79, 805.41);
insert into STATION values (2111, '.', 1303, 270494.63, 4172750.21, 807.76);
insert into STATION values (2112, '.', 1303, 270511.67, 4172738.74, 806.40);
insert into STATION values (2113, '.', 1303, 270525.65, 4172749.00, 805.87);
insert into STATION values (2114, '.', 1303, 270520.95, 4172750.66, 806.35);
insert into STATION values (2115, '.', 1303, 270507.71, 4172741.42, 805.61);
insert into STATION values (2116, '.', 1303, 270501.72, 4172755.03, 805.86);
insert into STATION values (2117, '.', 1303, 270515.89, 4172741.21, 801.85);
insert into STATION values (2118, '.', 1303, 270518.17, 4172744.99, 811.11);
insert into STATION values (2119, '5', 1303, 270497.78, 4172748.01, 806.31);
insert into STATION values (2120, '6', 1303, 270529.86, 4172729.24, 806.84);
insert into STATION values (2121, '.', 1303, 270534.70, 4172735.65, 808.28);
insert into STATION values (2122, '.', 1303, 270531.32, 4172737.29, 807.83);
insert into STATION values (2123, '.', 1303, 270527.87, 4172727.82, 807.32);
insert into STATION values (2124, '.', 1303, 270523.33, 4172730.42, 807.02);
insert into STATION values (2125, '.', 1303, 270518.51, 4172735.42, 806.82);
insert into STATION values (2126, '.', 1303, 270529.36, 4172740.58, 807.93);
insert into STATION values (2127, '.', 1303, 270529.83, 4172729.18, 806.24);
insert into STATION values (2128, '.', 1303, 270530.02, 4172729.61, 809.25);
insert into STATION values (2129, '7', 1303, 270540.39, 4172719.56, 809.49);
insert into STATION values (2130, '.', 1303, 270541.67, 4172725.82, 808.95);
insert into STATION values (2131, '.', 1303, 270540.08, 4172716.65, 808.91);
insert into STATION values (2132, '.', 1303, 270537.15, 4172728.46, 808.48);
insert into STATION values (2133, '.', 1303, 270534.91, 4172721.18, 809.08);
insert into STATION values (2134, '.', 1303, 270540.44, 4172720.43, 807.03);
insert into STATION values (2135, '.', 1303, 270540.42, 4172719.91, 810.98);
insert into STATION values (2136, '8', 1303, 270556.21, 4172720.56, 808.96);
insert into STATION values (2137, '.', 1303, 270557.01, 4172723.35, 808.54);
insert into STATION values (2138, '.', 1303, 270555.53, 4172715.21, 808.56);
insert into STATION values (2139, '.', 1303, 270548.01, 4172715.90, 808.22);
insert into STATION values (2140, '.', 1303, 270551.65, 4172724.67, 808.49);
insert into STATION values (2141, '.', 1303, 270546.91, 4172725.38, 808.38);
insert into STATION values (2142, '.', 1303, 270551.57, 4172729.10, 808.83);
insert into STATION values (2143, '.', 1303, 270563.17, 4172719.41, 809.04);
insert into STATION values (2144, '.', 1303, 270557.74, 4172714.23, 808.44);
insert into STATION values (2145, '.', 1303, 270556.17, 4172720.38, 807.29);
insert into STATION values (2146, '.', 1303, 270556.48, 4172720.33, 810.97);
insert into STATION values (2147, '9', 1303, 270568.95, 4172709.91, 809.60);
insert into STATION values (2148, '.', 1303, 270571.65, 4172710.13, 809.16);
insert into STATION values (2149, '.', 1303, 270560.81, 4172710.24, 809.53);
insert into STATION values (2150, '.', 1303, 270558.54, 4172715.31, 809.38);
insert into STATION values (2151, '.', 1303, 270571.37, 4172718.03, 806.88);
insert into STATION values (2152, '.', 1303, 270569.40, 4172704.05, 809.14);
insert into STATION values (2153, '.', 1303, 270559.80, 4172707.61, 809.09);
insert into STATION values (2154, '.', 1303, 270568.96, 4172709.65, 807.66);
insert into STATION values (2155, '.', 1303, 270568.84, 4172709.89, 810.97);
insert into STATION values (2156, '10', 1303, 270557.71, 4172704.31, 808.72);
insert into STATION values (2157, '.', 1303, 270559.47, 4172707.29, 808.72);
insert into STATION values (2158, '.', 1303, 270554.16, 4172707.70, 808.34);
insert into STATION values (2159, '.', 1303, 270547.21, 4172709.87, 809.64);
insert into STATION values (2160, '.', 1303, 270567.68, 4172701.23, 810.23);
insert into STATION values (2161, '.', 1303, 270569.84, 4172707.07, 809.61);
insert into STATION values (2162, '.', 1303, 270575.39, 4172695.88, 813.68);
insert into STATION values (2163, '.', 1303, 270557.70, 4172704.35, 808.25);
insert into STATION values (2164, '.', 1303, 270557.94, 4172704.11, 816.65);
insert into STATION values (2165, 'PTR_FR24_B58_11', 1303, 270561.98, 4172692.33, 811.12);
insert into STATION values (2166, '.', 1303, 270567.71, 4172701.44, 811.12);
insert into STATION values (2167, '.', 1303, 270571.72, 4172698.17, 811.42);
insert into STATION values (2168, '.', 1303, 270567.60, 4172701.52, 811.11);
insert into STATION values (2169, '.', 1303, 270561.93, 4172686.45, 814.52);
insert into STATION values (2170, '.', 1303, 270567.71, 4172682.61, 814.79);
insert into STATION values (2171, '.', 1303, 270554.87, 4172687.36, 814.33);
insert into STATION values (2172, '.', 1303, 270549.36, 4172695.83, 813.13);
insert into STATION values (2173, '.', 1303, 270564.00, 4172695.29, 809.77);
insert into STATION values (2174, '.', 1303, 270563.52, 4172692.71, 817.29);
insert into STATION values (2175, '.', 1303, 270563.14, 4172688.64, 824.43);
insert into STATION values (2176, 'PTR_FR24_A13_46', 1342, 270817.86, 4172513.25, 819.56);
insert into STATION values (2177, '1', 1342, 270842.89, 4172520.35, 819.79);
insert into STATION values (2178, '.', 1342, 270843.55, 4172525.25, 820.30);
insert into STATION values (2179, '.', 1342, 270847.01, 4172518.54, 820.57);
insert into STATION values (2180, '.', 1342, 270843.08, 4172516.38, 820.03);
insert into STATION values (2181, '.', 1342, 270837.47, 4172512.42, 820.39);
insert into STATION values (2182, '.', 1342, 270838.96, 4172526.79, 820.40);
insert into STATION values (2183, '.', 1342, 270842.72, 4172520.38, 821.06);
insert into STATION values (2184, '.', 1342, 270842.95, 4172520.22, 818.93);
insert into STATION values (2185, '2', 1342, 270855.26, 4172521.12, 821.16);
insert into STATION values (2186, '.', 1342, 270855.20, 4172521.71, 821.18);
insert into STATION values (2187, '.', 1342, 270855.22, 4172514.98, 825.46);
insert into STATION values (2188, '.', 1342, 270860.55, 4172517.48, 822.79);
insert into STATION values (2189, '.', 1342, 270860.50, 4172520.91, 821.64);
insert into STATION values (2190, '.', 1342, 270850.70, 4172518.29, 823.27);
insert into STATION values (2191, '.', 1342, 270852.54, 4172521.21, 821.64);
insert into STATION values (2192, '.', 1342, 270855.28, 4172521.12, 819.98);
insert into STATION values (2193, '.', 1342, 270855.16, 4172520.19, 823.47);
insert into STATION values (2194, '3', 1342, 270860.62, 4172520.09, 822.76);
insert into STATION values (2195, '.', 1342, 270860.61, 4172520.54, 822.78);
insert into STATION values (2196, '.', 1342, 270861.83, 4172517.12, 822.74);
insert into STATION values (2197, '.', 1342, 270862.58, 4172520.60, 822.60);
insert into STATION values (2198, '.', 1342, 270862.96, 4172518.32, 822.56);
insert into STATION values (2199, '.', 1342, 270864.69, 4172518.15, 822.87);
insert into STATION values (2200, '.', 1342, 270860.27, 4172519.70, 822.89);
insert into STATION values (2201, '.', 1342, 270860.80, 4172519.62, 823.72);
insert into STATION values (2202, '.', 1342, 270861.05, 4172519.89, 820.99);
insert into STATION values (2203, '4', 1342, 270867.89, 4172519.38, 821.76);
insert into STATION values (2204, '.', 1342, 270869.52, 4172517.92, 821.90);
insert into STATION values (2205, '.', 1342, 270866.81, 4172517.88, 821.95);
insert into STATION values (2206, '.', 1342, 270867.56, 4172519.76, 821.83);
insert into STATION values (2207, '.', 1342, 270867.69, 4172521.34, 821.87);
insert into STATION values (2208, '.', 1342, 270871.19, 4172523.11, 821.87);
insert into STATION values (2209, '.', 1342, 270873.31, 4172521.68, 821.82);
insert into STATION values (2210, '.', 1342, 270869.01, 4172515.97, 821.72);
insert into STATION values (2211, '.', 1342, 270867.85, 4172519.29, 823.28);
insert into STATION values (2212, '.', 1342, 270867.96, 4172519.37, 821.11);
insert into STATION values (2213, '5', 1342, 270865.48, 4172508.42, 820.04);
insert into STATION values (2214, '.', 1342, 270868.11, 4172508.73, 820.48);
insert into STATION values (2215, '.', 1342, 270867.95, 4172504.09, 820.46);
insert into STATION values (2216, '.', 1342, 270864.16, 4172496.45, 820.49);
insert into STATION values (2217, '.', 1342, 270862.23, 4172507.35, 820.82);
insert into STATION values (2218, '.', 1342, 270864.21, 4172510.29, 820.40);
insert into STATION values (2219, '.', 1342, 270865.59, 4172508.29, 821.11);
insert into STATION values (2220, '.', 1342, 270865.50, 4172508.39, 819.55);
insert into STATION values (2221, '6', 1342, 270861.36, 4172488.85, 820.51);
insert into STATION values (2222, '.', 1342, 270865.21, 4172492.72, 820.30);
insert into STATION values (2223, '.', 1342, 270863.57, 4172495.30, 820.32);
insert into STATION values (2224, '.', 1342, 270868.96, 4172486.92, 820.36);
insert into STATION values (2225, '.', 1342, 270873.72, 4172477.57, 820.40);
insert into STATION values (2226, '.', 1342, 270856.50, 4172458.07, 819.81);
insert into STATION values (2227, '.', 1342, 270848.72, 4172473.06, 820.87);
insert into STATION values (2228, '.', 1342, 270850.28, 4172483.15, 821.84);
insert into STATION values (2229, '.', 1342, 270848.95, 4172487.28, 822.61);
insert into STATION values (2230, '.', 1342, 270830.59, 4172494.04, 824.79);
insert into STATION values (2231, '.', 1342, 270832.13, 4172502.97, 826.59);
insert into STATION values (2232, '.', 1342, 270846.52, 4172504.87, 824.72);
insert into STATION values (2233, '.', 1342, 270855.05, 4172500.57, 822.57);
insert into STATION values (2234, '.', 1342, 270861.32, 4172488.76, 822.18);
insert into STATION values (2235, '.', 1342, 270861.37, 4172488.74, 819.36);
insert into STATION values (2236, 'PTR_FR24_A14_7', 1342, 270865.78, 4172461.62, 819.19);
insert into STATION values (2237, '.', 1342, 270858.77, 4172454.15, 820.03);
insert into STATION values (2238, '.', 1342, 270880.28, 4172463.86, 821.59);
insert into STATION values (2239, '.', 1342, 270883.33, 4172441.65, 822.36);
insert into STATION values (2240, '.', 1342, 270870.10, 4172427.09, 821.81);
insert into STATION values (2241, '.', 1342, 270851.50, 4172468.45, 820.83);
insert into STATION values (2242, '.', 1342, 270866.10, 4172488.23, 820.91);
insert into STATION values (2243, '.', 1342, 270865.45, 4172461.28, 822.83);
insert into STATION values (2244, '.', 1342, 270865.80, 4172461.65, 818.76);
insert into STATION values (2245, '8', 1342, 270878.62, 4172430.50, 819.89);
insert into STATION values (2246, '.', 1342, 270869.29, 4172428.95, 821.24);
insert into STATION values (2247, '.', 1342, 270876.30, 4172420.82, 823.26);
insert into STATION values (2248, '.', 1342, 270885.43, 4172429.42, 822.42);
insert into STATION values (2249, '.', 1342, 270884.20, 4172437.79, 821.86);
insert into STATION values (2250, '.', 1342, 270881.25, 4172450.20, 822.34);
insert into STATION values (2251, '.', 1342, 270866.48, 4172434.84, 821.14);
insert into STATION values (2252, '.', 1342, 270878.70, 4172430.20, 823.74);
insert into STATION values (2253, '.', 1342, 270878.47, 4172430.61, 819.10);
insert into STATION values (2254, '9', 1342, 270885.33, 4172419.17, 824.07);
insert into STATION values (2255, '.', 1342, 270888.86, 4172426.19, 822.89);
insert into STATION values (2256, '.', 1342, 270877.56, 4172407.02, 822.45);
insert into STATION values (2257, '.', 1342, 270874.27, 4172421.35, 823.24);
insert into STATION values (2258, '.', 1342, 270884.16, 4172432.74, 823.21);
insert into STATION values (2259, '.', 1342, 270894.04, 4172419.54, 823.11);
insert into STATION values (2260, '.', 1342, 270885.28, 4172419.18, 824.54);
insert into STATION values (2261, '.', 1342, 270885.52, 4172419.06, 821.94);
insert into STATION values (2262, '10', 1342, 270892.04, 4172410.00, 821.80);
insert into STATION values (2263, '.', 1342, 270888.87, 4172425.70, 821.16);
insert into STATION values (2264, '.', 1342, 270897.31, 4172421.15, 821.33);
insert into STATION values (2265, '.', 1342, 270904.70, 4172417.58, 821.10);
insert into STATION values (2266, '.', 1342, 270902.15, 4172405.54, 821.80);
insert into STATION values (2267, '.', 1342, 270910.88, 4172381.45, 821.08);
insert into STATION values (2268, '.', 1342, 270898.87, 4172403.66, 821.78);
insert into STATION values (2269, '.', 1342, 270893.05, 4172385.99, 822.64);
insert into STATION values (2270, '.', 1342, 270887.50, 4172391.78, 822.75);
insert into STATION values (2271, '.', 1342, 270882.46, 4172395.63, 822.58);
insert into STATION values (2272, '.', 1342, 270880.28, 4172404.51, 822.34);
insert into STATION values (2273, '.', 1342, 270877.04, 4172408.95, 822.96);
insert into STATION values (2274, '.', 1342, 270870.60, 4172420.04, 822.58);
insert into STATION values (2275, '.', 1342, 270869.80, 4172430.23, 822.06);
insert into STATION values (2276, '.', 1342, 270892.23, 4172410.21, 823.57);
insert into STATION values (2277, '.', 1342, 270892.21, 4172410.09, 820.68);
insert into STATION values (2278, '11', 1342, 270917.23, 4172415.41, 819.68);
insert into STATION values (2279, '.', 1342, 270913.75, 4172419.10, 821.15);
insert into STATION values (2280, '.', 1342, 270913.20, 4172416.03, 820.51);
insert into STATION values (2281, '.', 1342, 270921.94, 4172421.18, 820.82);
insert into STATION values (2282, '.', 1342, 270923.02, 4172416.98, 820.67);
insert into STATION values (2283, '.', 1342, 270923.06, 4172411.55, 821.23);
insert into STATION values (2284, '.', 1342, 270917.53, 4172413.24, 820.46);
insert into STATION values (2285, '.', 1342, 270917.40, 4172415.91, 822.48);
insert into STATION values (2286, '.', 1342, 270917.36, 4172415.33, 819.29);
insert into STATION values (2287, '12', 1342, 270929.62, 4172424.89, 820.85);
insert into STATION values (2288, '.', 1342, 270930.45, 4172423.94, 820.96);
insert into STATION values (2289, '.', 1342, 270932.61, 4172426.12, 820.67);
insert into STATION values (2290, '.', 1342, 270928.66, 4172425.67, 821.85);
insert into STATION values (2291, '.', 1342, 270928.65, 4172422.30, 820.99);
insert into STATION values (2292, '.', 1342, 270929.56, 4172425.00, 821.94);
insert into STATION values (2293, '.', 1342, 270929.75, 4172424.88, 819.89);
insert into STATION values (2294, '13', 1342, 270930.47, 4172423.16, 820.32);
insert into STATION values (2295, '.', 1342, 270931.02, 4172423.68, 820.10);
insert into STATION values (2296, '.', 1342, 270930.31, 4172422.94, 820.32);
insert into STATION values (2297, '.', 1342, 270932.39, 4172422.55, 820.38);
insert into STATION values (2298, '.', 1342, 270933.65, 4172420.67, 820.50);
insert into STATION values (2299, '.', 1342, 270930.21, 4172423.99, 820.29);
insert into STATION values (2300, '.', 1342, 270930.11, 4172424.58, 820.39);
insert into STATION values (2301, '.', 1342, 270930.43, 4172423.07, 820.67);
insert into STATION values (2302, '.', 1342, 270930.54, 4172423.14, 819.92);
insert into STATION values (2303, '14', 1342, 270938.00, 4172414.57, 820.44);
insert into STATION values (2304, '15', 1342, 270894.17, 4172401.34, 821.88);
insert into STATION values (2305, '.', 1342, 270899.36, 4172403.46, 822.17);
insert into STATION values (2306, '.', 1342, 270902.16, 4172412.71, 822.97);
insert into STATION values (2307, '.', 1342, 270898.09, 4172420.48, 823.28);
insert into STATION values (2308, '.', 1342, 270887.89, 4172384.88, 822.34);
insert into STATION values (2309, '.', 1342, 270882.94, 4172394.26, 823.34);
insert into STATION values (2310, '.', 1342, 270908.81, 4172379.65, 820.87);
insert into STATION values (2311, '.', 1342, 270880.59, 4172405.72, 823.00);
insert into STATION values (2312, '.', 1342, 270894.15, 4172400.92, 824.05);
insert into STATION values (2313, '.', 1342, 270894.18, 4172401.41, 821.33);
insert into STATION values (2314, '.', 1342, 270891.84, 4172379.85, 821.35);
insert into STATION values (2315, '16', 1342, 270902.34, 4172379.03, 820.30);
insert into STATION values (2316, '.', 1342, 270905.34, 4172377.79, 820.89);
insert into STATION values (2317, '.', 1342, 270899.10, 4172377.83, 820.89);
insert into STATION values (2318, '.', 1342, 270900.21, 4172374.28, 820.83);
insert into STATION values (2319, '.', 1342, 270901.39, 4172372.62, 820.89);
insert into STATION values (2320, '.', 1342, 270905.73, 4172369.99, 819.34);
insert into STATION values (2321, '.', 1342, 270882.71, 4172391.39, 823.02);
insert into STATION values (2322, '.', 1342, 270902.77, 4172396.80, 822.51);
insert into STATION values (2323, '.', 1342, 270909.40, 4172378.33, 821.90);
insert into STATION values (2324, '.', 1342, 270901.59, 4172378.76, 824.67);
insert into STATION values (2325, '.', 1342, 270902.02, 4172378.93, 818.57);
insert into STATION values (2326, 'PTR_FR24_A15_17', 1342, 270912.89, 4172366.05, 818.10);
insert into STATION values (2327, '.', 1342, 270909.89, 4172364.49, 820.18);
insert into STATION values (2328, '.', 1342, 270913.15, 4172364.41, 818.52);
insert into STATION values (2329, '.', 1342, 270906.46, 4172370.67, 819.15);
insert into STATION values (2330, '.', 1342, 270912.74, 4172366.01, 818.91);
insert into STATION values (2331, '.', 1342, 270912.82, 4172366.06, 817.56);
insert into STATION values (2332, '18', 1342, 270853.20, 4172480.70, 820.37);
insert into STATION values (2333, '.', 1342, 270848.63, 4172470.82, 820.21);
insert into STATION values (2334, '.', 1342, 270854.51, 4172461.48, 820.23);
insert into STATION values (2335, '.', 1342, 270868.96, 4172483.35, 821.15);
insert into STATION values (2336, '.', 1342, 270880.35, 4172461.85, 821.06);
insert into STATION values (2337, '.', 1342, 270843.94, 4172489.70, 821.09);
insert into STATION values (2338, '.', 1342, 270837.36, 4172495.52, 823.61);
insert into STATION values (2339, '.', 1342, 270849.60, 4172501.92, 824.98);
insert into STATION values (2340, '.', 1342, 270839.10, 4172477.42, 819.25);
insert into STATION values (2341, '.', 1342, 270853.38, 4172482.03, 822.88);
insert into STATION values (2342, '.', 1342, 270853.20, 4172480.65, 818.99);
insert into STATION values (2343, '19', 1342, 270830.15, 4172487.36, 819.14);
insert into STATION values (2344, '.', 1342, 270827.49, 4172483.92, 819.55);
insert into STATION values (2345, '.', 1342, 270820.51, 4172492.59, 819.67);
insert into STATION values (2346, '.', 1342, 270823.43, 4172496.04, 819.85);
insert into STATION values (2347, '.', 1342, 270833.22, 4172494.33, 821.81);
insert into STATION values (2348, '.', 1342, 270848.32, 4172497.81, 826.15);
insert into STATION values (2349, '.', 1342, 270842.20, 4172480.18, 819.97);
insert into STATION values (2350, '.', 1342, 270829.94, 4172487.32, 820.69);
insert into STATION values (2351, '.', 1342, 270830.05, 4172487.31, 818.63);
insert into STATION values (2352, '20', 1342, 270825.70, 4172496.89, 820.60);
insert into STATION values (2353, '.', 1342, 270822.79, 4172495.93, 820.59);
insert into STATION values (2354, '.', 1342, 270831.07, 4172503.07, 826.63);
insert into STATION values (2355, '.', 1342, 270839.69, 4172493.48, 826.92);
insert into STATION values (2356, '.', 1342, 270845.07, 4172482.09, 820.90);
insert into STATION values (2357, '.', 1342, 270824.80, 4172486.53, 819.71);
insert into STATION values (2358, '.', 1342, 270826.00, 4172497.09, 822.51);
insert into STATION values (2359, '.', 1342, 270825.99, 4172496.89, 819.11);
insert into STATION values (2360, '21', 1342, 270820.88, 4172500.70, 823.08);
insert into STATION values (2361, '.', 1342, 270820.21, 4172498.69, 822.84);
insert into STATION values (2362, '.', 1342, 270818.96, 4172502.68, 822.99);
insert into STATION values (2363, '.', 1342, 270821.41, 4172506.53, 824.01);
insert into STATION values (2364, '.', 1342, 270826.01, 4172502.45, 827.17);
insert into STATION values (2365, '.', 1342, 270823.07, 4172499.42, 823.22);
insert into STATION values (2366, '.', 1342, 270821.02, 4172500.74, 824.15);
insert into STATION values (2367, '.', 1342, 270820.78, 4172500.70, 820.47);
insert into STATION values (2368, '22', 1342, 270819.09, 4172506.18, 822.26);
insert into STATION values (2369, '.', 1342, 270822.54, 4172507.57, 823.15);
insert into STATION values (2370, '.', 1342, 270817.51, 4172501.22, 821.97);
insert into STATION values (2371, '.', 1342, 270813.93, 4172504.76, 819.71);
insert into STATION values (2372, '.', 1342, 270825.29, 4172500.45, 826.42);
insert into STATION values (2373, '.', 1342, 270819.55, 4172500.41, 823.40);
insert into STATION values (2374, '.', 1342, 270819.18, 4172505.98, 823.89);
insert into STATION values (2375, '.', 1342, 270819.12, 4172506.10, 821.56);
insert into STATION values (2376, '23', 1342, 270803.53, 4172538.14, 818.76);
insert into STATION values (2377, '.', 1342, 270779.33, 4172550.46, 819.61);
insert into STATION values (2378, '.', 1342, 270800.99, 4172553.13, 818.09);
insert into STATION values (2379, '.', 1342, 270811.59, 4172547.65, 819.13);
insert into STATION values (2380, '.', 1342, 270823.91, 4172543.87, 819.02);
insert into STATION values (2381, '.', 1342, 270813.99, 4172534.21, 820.01);
insert into STATION values (2382, '.', 1342, 270810.51, 4172508.42, 820.46);
insert into STATION values (2383, '.', 1342, 270803.63, 4172538.21, 820.31);
insert into STATION values (2384, '.', 1342, 270803.58, 4172538.12, 818.20);
insert into STATION values (2385, '24', 1342, 270811.81, 4172564.41, 817.26);
insert into STATION values (2386, '.', 1342, 270804.86, 4172564.15, 817.81);
insert into STATION values (2387, '.', 1342, 270810.12, 4172570.03, 817.33);
insert into STATION values (2388, '.', 1342, 270816.17, 4172568.21, 817.04);
insert into STATION values (2389, '.', 1342, 270816.16, 4172562.00, 817.61);
insert into STATION values (2390, '.', 1342, 270815.27, 4172557.73, 817.51);
insert into STATION values (2391, '.', 1342, 270805.37, 4172557.90, 818.15);
insert into STATION values (2392, '.', 1342, 270811.71, 4172564.55, 818.64);
insert into STATION values (2393, '.', 1342, 270811.84, 4172564.42, 816.69);
insert into STATION values (2394, '25', 1342, 270813.96, 4172578.48, 816.27);
insert into STATION values (2395, '.', 1342, 270810.31, 4172578.74, 816.74);
insert into STATION values (2396, '.', 1342, 270812.38, 4172583.52, 816.70);
insert into STATION values (2397, '.', 1342, 270817.17, 4172579.58, 816.25);
insert into STATION values (2398, '.', 1342, 270818.44, 4172575.55, 817.02);
insert into STATION values (2399, '.', 1342, 270815.94, 4172573.82, 816.78);
insert into STATION values (2400, '.', 1342, 270809.87, 4172571.13, 816.98);
insert into STATION values (2401, '.', 1342, 270814.11, 4172578.50, 817.39);
insert into STATION values (2402, '.', 1342, 270813.99, 4172578.36, 815.67);
insert into STATION values (2403, '26', 1342, 270817.39, 4172586.24, 814.12);
insert into STATION values (2404, '.', 1342, 270817.01, 4172586.50, 814.17);
insert into STATION values (2405, '.', 1342, 270817.16, 4172588.47, 814.01);
insert into STATION values (2406, '.', 1342, 270819.15, 4172585.39, 814.89);
insert into STATION values (2407, '.', 1342, 270817.35, 4172583.75, 814.31);
insert into STATION values (2408, '.', 1342, 270817.52, 4172586.26, 816.16);
insert into STATION values (2409, '.', 1342, 270817.45, 4172586.26, 812.82);
insert into STATION values (2410, '27', 1342, 270818.89, 4172591.25, 814.33);
insert into STATION values (2411, '.', 1342, 270816.82, 4172591.47, 814.69);
insert into STATION values (2412, '.', 1342, 270814.42, 4172594.56, 815.66);
insert into STATION values (2413, '.', 1342, 270816.82, 4172595.53, 815.39);
insert into STATION values (2414, '.', 1342, 270819.32, 4172596.29, 815.19);
insert into STATION values (2415, '.', 1342, 270821.01, 4172594.41, 814.86);
insert into STATION values (2416, '.', 1342, 270820.16, 4172591.51, 814.52);
insert into STATION values (2417, '.', 1342, 270820.46, 4172589.87, 814.53);
insert into STATION values (2418, '.', 1342, 270818.13, 4172589.66, 814.38);
insert into STATION values (2419, '.', 1342, 270818.95, 4172591.20, 817.91);
insert into STATION values (2420, '.', 1342, 270818.93, 4172591.20, 813.23);
insert into STATION values (2421, '28', 1342, 270819.39, 4172593.54, 814.21);
insert into STATION values (2422, '.', 1342, 270817.31, 4172596.86, 815.18);
insert into STATION values (2423, '.', 1342, 270816.43, 4172590.94, 815.20);
insert into STATION values (2424, '.', 1342, 270821.14, 4172594.05, 814.39);
insert into STATION values (2425, '.', 1342, 270820.59, 4172592.39, 814.17);
insert into STATION values (2426, '.', 1342, 270820.45, 4172592.03, 814.27);
insert into STATION values (2427, '29', 1342, 270811.30, 4172594.84, 817.57);
insert into STATION values (2428, '30', 1342, 270821.67, 4172595.46, 811.84);
insert into STATION values (2429, '.', 1342, 270820.80, 4172596.39, 812.27);
insert into STATION values (2430, '.', 1342, 270823.67, 4172598.10, 812.14);
insert into STATION values (2431, '.', 1342, 270824.06, 4172596.10, 812.05);
insert into STATION values (2432, '.', 1342, 270822.44, 4172594.43, 812.02);
insert into STATION values (2433, '.', 1342, 270821.14, 4172594.06, 812.18);
insert into STATION values (2434, '.', 1342, 270821.67, 4172595.51, 812.84);
insert into STATION values (2435, '.', 1342, 270821.65, 4172595.47, 811.30);
insert into STATION values (2436, 'PTR_FR24_B70_31', 1342, 270825.70, 4172599.61, 811.88);
insert into STATION values (2437, '.', 1342, 270825.00, 4172600.37, 811.90);
insert into STATION values (2438, '.', 1342, 270828.71, 4172597.96, 811.86);
insert into STATION values (2439, '.', 1342, 270825.95, 4172597.64, 812.00);
insert into STATION values (2440, '.', 1342, 270824.38, 4172596.59, 812.15);
insert into STATION values (2441, '.', 1342, 270820.11, 4172594.02, 813.19);
insert into STATION values (2442, '.', 1342, 270824.10, 4172598.79, 812.08);
insert into STATION values (2443, '.', 1342, 270825.82, 4172599.38, 813.12);
insert into STATION values (2444, '.', 1342, 270825.65, 4172599.52, 811.23);
insert into STATION values (2445, '32', 1342, 270828.75, 4172597.93, 811.76);
insert into STATION values (2446, '.', 1342, 270828.49, 4172597.47, 811.81);
insert into STATION values (2447, '.', 1342, 270828.75, 4172598.48, 811.75);
insert into STATION values (2448, '.', 1342, 270828.74, 4172597.87, 812.40);
insert into STATION values (2449, '.', 1342, 270828.73, 4172597.90, 811.41);
insert into STATION values (2450, '33', 1342, 270797.18, 4172518.05, 818.93);
insert into STATION values (2451, '.', 1342, 270799.62, 4172507.66, 819.04);
insert into STATION values (2452, '.', 1342, 270786.56, 4172512.80, 819.22);
insert into STATION values (2453, '.', 1342, 270781.09, 4172544.19, 820.21);
insert into STATION values (2454, '.', 1342, 270815.77, 4172532.23, 819.83);
insert into STATION values (2455, '.', 1342, 270797.14, 4172517.85, 821.04);
insert into STATION values (2456, '.', 1342, 270797.23, 4172518.06, 818.40);
insert into STATION values (2457, '34', 1342, 270784.73, 4172511.71, 817.83);
insert into STATION values (2458, '.', 1342, 270784.15, 4172507.40, 817.31);
insert into STATION values (2459, '.', 1342, 270780.28, 4172519.15, 817.50);
insert into STATION values (2460, '.', 1342, 270780.20, 4172510.96, 817.64);
insert into STATION values (2461, '.', 1342, 270786.81, 4172508.33, 817.93);
insert into STATION values (2462, '.', 1342, 270784.53, 4172511.62, 819.72);
insert into STATION values (2463, '.', 1342, 270784.82, 4172511.83, 817.12);
insert into STATION values (2464, '35', 1342, 270775.68, 4172514.07, 815.72);
insert into STATION values (2465, '.', 1342, 270770.81, 4172518.31, 815.53);
insert into STATION values (2466, '.', 1342, 270774.99, 4172510.66, 815.84);
insert into STATION values (2467, '.', 1342, 270779.42, 4172510.62, 816.86);
insert into STATION values (2468, '.', 1342, 270775.74, 4172518.10, 817.17);
insert into STATION values (2469, '.', 1342, 270775.53, 4172513.89, 819.35);
insert into STATION values (2470, '.', 1342, 270775.61, 4172514.07, 814.83);
insert into STATION values (2471, '36', 1342, 270771.69, 4172507.23, 813.16);
insert into STATION values (2472, '.', 1342, 270773.72, 4172505.95, 813.34);
insert into STATION values (2473, '.', 1342, 270771.43, 4172502.77, 813.23);
insert into STATION values (2474, '.', 1342, 270763.75, 4172503.21, 812.43);
insert into STATION values (2475, '.', 1342, 270766.29, 4172509.59, 813.60);
insert into STATION values (2476, '.', 1342, 270766.94, 4172511.88, 813.86);
insert into STATION values (2477, '.', 1342, 270770.69, 4172510.72, 813.71);
insert into STATION values (2478, '.', 1342, 270771.56, 4172507.24, 814.46);
insert into STATION values (2479, '.', 1342, 270771.66, 4172507.44, 812.45);
insert into STATION values (2480, '37', 1342, 270766.39, 4172518.13, 814.61);
insert into STATION values (2481, '38', 1342, 270770.17, 4172501.05, 811.92);
insert into STATION values (2482, '.', 1342, 270773.74, 4172501.63, 812.12);
insert into STATION values (2483, '.', 1342, 270785.11, 4172493.48, 812.35);
insert into STATION values (2484, '.', 1342, 270778.71, 4172488.95, 812.15);
insert into STATION values (2485, '.', 1342, 270770.97, 4172489.75, 812.02);
insert into STATION values (2486, '.', 1342, 270766.28, 4172496.19, 812.12);
insert into STATION values (2487, '.', 1342, 270764.39, 4172501.41, 812.11);
insert into STATION values (2488, '.', 1342, 270766.68, 4172506.68, 812.61);
insert into STATION values (2489, '.', 1342, 270770.36, 4172500.89, 812.74);
insert into STATION values (2490, '.', 1342, 270770.11, 4172500.98, 811.52);
insert into STATION values (2491, '39', 1342, 270774.80, 4172489.96, 812.02);
insert into STATION values (2492, '.', 1342, 270779.30, 4172491.84, 812.13);
insert into STATION values (2493, '.', 1342, 270780.48, 4172485.61, 812.16);
insert into STATION values (2494, '.', 1342, 270771.17, 4172480.21, 811.73);
insert into STATION values (2495, '.', 1342, 270771.65, 4172488.19, 811.60);
insert into STATION values (2496, '.', 1342, 270769.08, 4172493.28, 812.23);
insert into STATION values (2497, '.', 1342, 270774.88, 4172489.98, 812.73);
insert into STATION values (2498, '.', 1342, 270774.60, 4172490.08, 811.35);
insert into STATION values (2499, 'PTR_FR24_B69_40', 1342, 270778.79, 4172481.35, 811.91);
insert into STATION values (2500, '.', 1342, 270780.76, 4172483.19, 812.03);
insert into STATION values (2501, '.', 1342, 270775.22, 4172477.41, 811.76);
insert into STATION values (2502, '.', 1342, 270782.46, 4172475.12, 811.82);
insert into STATION values (2503, '.', 1342, 270783.03, 4172479.87, 812.05);
insert into STATION values (2504, '.', 1342, 270778.91, 4172481.28, 812.82);
insert into STATION values (2505, '.', 1342, 270778.86, 4172481.51, 811.28);
insert into STATION values (2506, '41', 1342, 270788.84, 4172472.74, 810.93);
