create table SURVEY (ID integer, PARENT_ID integer, NAME varchar(22), FULL_NAME varchar(29), TITLE varchar(30));
create table CENTRELINE (ID integer, SURVEY_ID integer, TITLE varchar(4), TOPO_DATE date, EXPLO_DATE date, LENGTH real, SURFACE_LENGTH real, DUPLICATE_LENGTH real);
create table PERSON (ID integer, NAME varchar(10), SURNAME varchar(7));
create table EXPLO (PERSON_ID integer, CENTRELINE_ID integer);
create table TOPO (PERSON_ID integer, CENTRELINE_ID integer);
create table STATION (ID integer, NAME varchar(4), SURVEY_ID integer, X real, Y real, Z real);
create table STATION_FLAG (STATION_ID integer, FLAG char(3));
create table SHOT (ID integer, FROM_ID integer, TO_ID integer, CENTRELINE_ID integer, LENGTH real, BEARING real, GRADIENT real, ADJ_LENGTH real, ADJ_BEARING real, ADJ_GRADIENT real, ERR_LENGTH real, ERR_BEARING real, ERR_GRADIENT real);
create table SHOT_FLAG (SHOT_ID integer, FLAG char(3));
create table MAPS (ID integer, SURVEY_ID integer, NAME varchar(22), TITLE varchar(30), PROJID integer, LENGTH real, DEPTH real);
create table SCRAPS (ID integer, SURVEY_ID integer, NAME varchar(22), PROJID integer, MAX_DISTORTION real, AVG_DISTORTION real);
create table MAPITEMS (ID integer, TYPE integer, ITEMID integer);
insert into SURVEY values (1, 0, '', '', NULL);
 insert into CENTRELINE values (2, 1, NULL, NULL, NULL, 0.00, 0.00, 0.00);
 insert into SURVEY values (51, 1, 'Cenotes_check-point', 'Cenotes_check-point', 'Karabulak Gypsum Collapses');
 insert into CENTRELINE values (52, 51, NULL, NULL, NULL, 0.00, 0.00, 0.00);
 insert into SURVEY values (53, 51, 'SINKHOLE1', 'SINKHOLE1.Cenotes_check-point', 'Karabulak Gypsum Collapses 1');
 insert into CENTRELINE values (54, 53, NULL, NULL, NULL, 0.00, 0.00, 0.00);
 insert into CENTRELINE values (55, 53, NULL, '2024-04-11', NULL, 31.64, 0.00, 0.00);
 insert into PERSON values (1, 'Philippe', 'Audra');
insert into TOPO values (1, 55);
 insert into SHOT values (1, 1, 2, 55, 19.550, 4.04, -0.69, 19.550, 4.05, -0.70, 0.005, 88.51, -66.95);
insert into SHOT values (2, 1, 3, 55, 12.930, 1.45, 0.08, 12.934, 1.46, 0.09, 0.005, 28.69, 22.28);
insert into SHOT values (3, 1, 4, 55, 21.630, 8.97, -6.48, 21.631, 8.97, -6.48, 0.002, 302.70, 26.63);
insert into SHOT values (4, 1, 5, 55, 17.530, 12.57, -5.90, 17.532, 12.59, -5.89, 0.005, 77.62, 23.36);
insert into SHOT values (5, 1, 6, 55, 22.040, 11.61, -17.48, 22.038, 11.61, -17.48, 0.002, 218.48, 5.01);
insert into SHOT values (6, 1, 7, 55, 24.090, 5.23, -21.91, 24.093, 5.24, -21.91, 0.004, 29.83, -12.88);
insert into SHOT values (7, 1, 8, 55, 27.250, 3.94, -24.40, 27.254, 3.95, -24.40, 0.005, 55.85, -32.17);
insert into SHOT values (8, 1, 9, 55, 28.540, 6.28, -28.46, 28.540, 6.29, -28.46, 0.004, 93.46, 7.82);
insert into SHOT values (9, 1, 10, 55, 28.600, 5.29, -33.26, 28.600, 5.30, -33.27, 0.007, 126.87, -41.95);
insert into SHOT values (10, 1, 11, 55, 28.540, 5.45, -32.36, 28.543, 5.45, -32.37, 0.005, 332.31, -71.47);
insert into SHOT values (11, 1, 12, 55, 25.610, 8.98, -30.89, 25.613, 8.98, -30.89, 0.003, 328.67, -38.66);
insert into SHOT values (12, 1, 13, 55, 31.640, 1.33, -39.94, 31.637, 1.32, -39.94, 0.005, 239.75, 27.08);
insert into SHOT values (13, 1, 14, 55, 28.060, 4.42, -31.01, 28.064, 4.44, -31.01, 0.007, 70.20, -32.87);
insert into SHOT values (14, 1, 15, 55, 23.320, 341.67, -36.21, 23.322, 341.66, -36.22, 0.005, 246.43, -46.24);
insert into SURVEY values (57, 51, 'SINKHOLE2', 'SINKHOLE2.Cenotes_check-point', 'Karabulak Gypsum Collapses 2');
 insert into CENTRELINE values (58, 57, NULL, NULL, NULL, 0.00, 0.00, 0.00);
 insert into CENTRELINE values (59, 57, NULL, '2024-04-11', NULL, 31.04, 0.00, 0.00);
 insert into TOPO values (1, 59);
 insert into SHOT values (15, 16, 17, 59, 4.640, 3.31, -15.22, 4.641, 3.33, -15.24, 0.002, 80.10, -54.77);
insert into SHOT values (16, 16, 18, 59, 15.000, 8.93, -9.74, 15.006, 8.95, -9.74, 0.008, 39.54, -18.12);
insert into SHOT values (17, 16, 19, 59, 26.400, 7.39, -7.05, 26.407, 7.39, -7.05, 0.007, 352.04, 1.66);
insert into SHOT values (18, 16, 20, 59, 17.300, 8.27, -6.51, 17.301, 8.30, -6.50, 0.007, 86.79, 11.50);
insert into SHOT values (19, 16, 21, 59, 5.240, 0.52, -22.04, 5.244, 0.59, -22.06, 0.007, 61.31, -29.38);
insert into SHOT values (20, 16, 22, 59, 18.690, 359.98, -26.48, 18.689, 0.00, -26.47, 0.006, 81.53, 34.64);
insert into SHOT values (21, 16, 23, 59, 14.310, 15.15, -42.16, 14.307, 15.14, -42.14, 0.006, 293.34, 59.21);
insert into SHOT values (22, 16, 24, 59, 20.350, 12.59, -35.26, 20.353, 12.58, -35.26, 0.005, 319.55, -28.37);
insert into SHOT values (23, 16, 25, 59, 26.110, 9.49, -31.92, 26.115, 9.50, -31.93, 0.007, 72.61, -41.24);
insert into SHOT values (24, 16, 26, 59, 32.640, 7.11, -32.74, 32.644, 7.11, -32.73, 0.007, 5.97, 21.33);
insert into SHOT values (25, 16, 27, 59, 29.000, 14.78, -27.98, 29.010, 14.79, -27.98, 0.010, 37.06, -24.64);
insert into SHOT values (26, 16, 28, 59, 22.120, 22.86, -32.99, 22.121, 22.86, -32.97, 0.006, 21.81, 43.75);
insert into SHOT values (27, 16, 29, 59, 27.720, 8.32, -29.49, 27.726, 8.31, -29.49, 0.007, 335.91, -35.33);
insert into SHOT values (28, 16, 30, 59, 25.280, 9.84, -38.10, 25.288, 9.84, -38.09, 0.009, 356.28, -8.33);
insert into SHOT values (29, 16, 31, 59, 27.040, 8.71, -38.75, 27.042, 8.73, -38.73, 0.009, 47.36, 32.66);
insert into SHOT values (30, 16, 32, 59, 21.810, 5.84, -43.62, 21.815, 5.85, -43.62, 0.006, 42.49, -42.98);
insert into SHOT values (31, 16, 33, 59, 26.610, 9.18, -33.37, 26.614, 9.19, -33.37, 0.005, 64.07, -38.93);
insert into SHOT values (32, 16, 34, 59, 21.810, 3.18, -38.96, 21.813, 3.18, -38.94, 0.008, 348.17, 26.91);
insert into SHOT values (33, 16, 35, 59, 29.930, 5.94, -33.27, 29.931, 5.94, -33.27, 0.001, 282.02, -49.27);
insert into SHOT values (34, 16, 36, 59, 29.600, 5.07, -35.82, 29.600, 5.07, -35.81, 0.005, 321.11, 43.66);
insert into SHOT values (35, 16, 37, 59, 31.040, 4.38, -37.11, 31.048, 4.38, -37.10, 0.009, 350.26, -13.50);
insert into SCRAPS values (61, 51, 'SP-SINKHOLE1', 1, 0.00086, 0.00001);
 insert into SCRAPS values (68, 51, 'SP-SINKHOLE2', 1, 0.00065, 0.00000);
 insert into MAPS values (77, 51, 'MP-Cenotes_check-point', 'Cenotes Check-point', 1, 62.680, -20.310);
 insert into MAPITEMS values (77, 4, 61);
 insert into MAPITEMS values (77, 4, 68);
 insert into STATION values (1, '0', 53, 266339.24, 4166732.82, 351.00);
insert into STATION_FLAG values(1, 'ent');
insert into STATION_FLAG values(1, 'fix');
insert into STATION values (2, '.', 53, 266340.62, 4166752.32, 350.76);
insert into STATION values (3, '.', 53, 266339.57, 4166745.75, 351.02);
insert into STATION values (4, '.', 53, 266342.59, 4166754.05, 348.56);
insert into STATION values (5, '.', 53, 266343.04, 4166749.84, 349.20);
insert into STATION values (6, '.', 53, 266343.47, 4166753.41, 344.38);
insert into STATION values (7, '.', 53, 266341.28, 4166755.08, 342.01);
insert into STATION values (8, '.', 53, 266340.95, 4166757.58, 339.74);
insert into STATION values (9, '.', 53, 266341.99, 4166757.76, 337.40);
insert into STATION values (10, '.', 53, 266341.45, 4166756.63, 335.31);
insert into STATION values (11, '.', 53, 266341.53, 4166756.82, 335.72);
insert into STATION values (12, '.', 53, 266342.67, 4166754.53, 337.85);
insert into STATION values (13, '12', 53, 266339.80, 4166757.07, 330.69);
insert into STATION values (14, '.', 53, 266341.10, 4166756.80, 336.54);
insert into STATION values (15, '.', 53, 266333.32, 4166750.68, 337.22);
insert into STATION values (16, '0', 57, 266316.53, 4166629.39, 350.00);
insert into STATION_FLAG values(16, 'ent');
insert into STATION_FLAG values(16, 'fix');
insert into STATION values (17, '.', 57, 266316.79, 4166633.86, 348.78);
insert into STATION values (18, '.', 57, 266318.83, 4166644.00, 347.46);
insert into STATION values (19, '.', 57, 266319.90, 4166655.38, 346.76);
insert into STATION values (20, '.', 57, 266319.01, 4166646.40, 348.04);
insert into STATION values (21, '.', 57, 266316.58, 4166634.25, 348.03);
insert into STATION values (22, '.', 57, 266316.53, 4166646.12, 341.67);
insert into STATION values (23, '.', 57, 266319.30, 4166639.63, 340.40);
insert into STATION values (24, '.', 57, 266320.15, 4166645.61, 338.25);
insert into STATION values (25, '.', 57, 266320.19, 4166651.25, 336.19);
insert into STATION values (26, '.', 57, 266319.93, 4166656.64, 332.35);
insert into STATION values (27, '.', 57, 266323.07, 4166654.16, 336.39);
insert into STATION values (28, '.', 57, 266323.74, 4166646.49, 337.96);
insert into STATION values (29, '.', 57, 266320.02, 4166653.27, 336.35);
insert into STATION values (30, '.', 57, 266319.93, 4166649.00, 334.40);
insert into STATION values (31, '.', 57, 266319.73, 4166650.24, 333.08);
insert into STATION values (32, '.', 57, 266318.14, 4166645.10, 334.95);
insert into STATION values (33, '.', 57, 266320.08, 4166651.33, 335.36);
insert into STATION values (34, '.', 57, 266317.47, 4166646.33, 336.29);
insert into STATION values (35, '.', 57, 266319.12, 4166654.28, 333.58);
insert into STATION values (36, '.', 57, 266318.65, 4166653.30, 332.68);
insert into STATION values (37, '36', 57, 266318.42, 4166654.08, 331.27);
