create table SURVEY (ID integer, PARENT_ID integer, NAME varchar(17), FULL_NAME varchar(9), TITLE varchar(14));
create table CENTRELINE (ID integer, SURVEY_ID integer, TITLE varchar(4), TOPO_DATE date, EXPLO_DATE date, LENGTH real, SURFACE_LENGTH real, DUPLICATE_LENGTH real);
create table PERSON (ID integer, NAME varchar(11), SURNAME varchar(22));
create table EXPLO (PERSON_ID integer, CENTRELINE_ID integer);
create table TOPO (PERSON_ID integer, CENTRELINE_ID integer);
create table STATION (ID integer, NAME varchar(9), SURVEY_ID integer, X real, Y real, Z real);
create table STATION_FLAG (STATION_ID integer, FLAG char(3));
create table SHOT (ID integer, FROM_ID integer, TO_ID integer, CENTRELINE_ID integer, LENGTH real, BEARING real, GRADIENT real, ADJ_LENGTH real, ADJ_BEARING real, ADJ_GRADIENT real, ERR_LENGTH real, ERR_BEARING real, ERR_GRADIENT real);
create table SHOT_FLAG (SHOT_ID integer, FLAG char(3));
create table MAPS (ID integer, SURVEY_ID integer, NAME varchar(17), TITLE varchar(14), PROJID integer, LENGTH real, DEPTH real);
create table SCRAPS (ID integer, SURVEY_ID integer, NAME varchar(17), PROJID integer, MAX_DISTORTION real, AVG_DISTORTION real);
create table MAPITEMS (ID integer, TYPE integer, ITEMID integer);
insert into SURVEY values (1, 0, '', '', NULL);
 insert into CENTRELINE values (2, 1, NULL, NULL, NULL, 0.00, 0.00, 0.00);
 insert into SURVEY values (58, 1, 'Z510', 'Z510', 'Z510');
 insert into CENTRELINE values (59, 58, NULL, NULL, NULL, 0.00, 0.00, 0.00);
 insert into SURVEY values (60, 58, 'Z510', 'Z510.Z510', 'Gouffre Z510');
 insert into CENTRELINE values (61, 60, NULL, NULL, NULL, 0.00, 0.00, 0.00);
 insert into CENTRELINE values (62, 60, NULL, '2020-09-06', '2020-01-01', 196.83, 0.00, 0.00);
 insert into PERSON values (1, 'Bastien', 'Courtier');
insert into TOPO values (1, 62);
 insert into PERSON values (2, 'Philippe', 'Monteil');
insert into TOPO values (2, 62);
 insert into PERSON values (3, 'Interclub', 'Gouffre des Partages');
insert into EXPLO values (3, 62);
 insert into SHOT values (1, 1, 2, 62, 0.000, 359.01, 0.00, 0.000, 90.00, 0.00, 0.000, 90.00, 0.00);
insert into SHOT values (2, 1, 3, 62, 0.000, 359.01, 0.00, 0.000, 90.00, 0.00, 0.000, 90.00, 0.00);
insert into SHOT values (3, 3, 4, 62, 5.000, 256.31, -60.30, 5.003, 256.19, -60.40, 0.010, 118.40, -41.00);
insert into SHOT values (4, 3, 5, 62, 0.000, 359.01, 0.00, 0.000, 90.00, 0.00, 0.000, 90.00, 0.00);
insert into SHOT values (5, 5, 6, 62, 14.920, 191.11, 79.80, 14.917, 190.89, 79.78, 0.013, 129.01, -19.60);
insert into SHOT values (6, 3, 7, 62, 0.000, 359.01, 0.00, 0.000, 90.00, 0.00, 0.000, 90.00, 0.00);
insert into SHOT values (7, 7, 8, 62, 3.940, 102.61, -31.70, 3.947, 102.55, -31.63, 0.009, 77.73, 2.31);
insert into SHOT values (8, 8, 9, 62, 6.280, 29.51, -50.90, 6.281, 29.55, -50.98, 0.009, 188.18, -43.12);
insert into SHOT values (9, 9, 10, 62, 0.000, 359.01, 0.00, 0.000, 90.00, 0.00, 0.000, 90.00, 0.00);
insert into SHOT values (10, 10, 11, 62, 0.000, 359.01, 0.00, 0.000, 90.00, 0.00, 0.000, 90.00, 0.00);
insert into SHOT values (11, 11, 12, 62, 5.130, 277.91, -48.00, 5.128, 277.87, -47.99, 0.003, 180.66, 43.58);
insert into SHOT values (12, 10, 13, 62, 10.430, 82.81, 68.30, 10.427, 82.69, 68.32, 0.010, 320.28, -5.07);
insert into SHOT values (13, 13, 14, 62, 0.000, 359.01, 0.00, 0.000, 90.00, 0.00, 0.000, 90.00, 0.00);
insert into SHOT values (14, 14, 15, 62, 2.380, 22.41, -24.30, 2.377, 22.54, -24.35, 0.006, 150.38, -5.57);
insert into SHOT values (15, 15, 16, 62, 6.140, 84.21, -30.10, 6.136, 84.16, -30.13, 0.007, 310.39, -6.37);
insert into SHOT values (16, 16, 17, 62, 1.850, 142.11, -19.90, 1.856, 142.21, -19.84, 0.007, 166.68, -2.32);
insert into SHOT values (17, 17, 18, 62, 1.790, 173.11, -55.60, 1.782, 173.16, -55.58, 0.008, 341.95, 58.89);
insert into SHOT values (18, 18, 19, 62, 2.860, 240.61, -24.10, 2.857, 240.58, -24.18, 0.005, 76.13, -24.06);
insert into SHOT values (19, 13, 20, 62, 17.800, 72.81, 76.00, 17.800, 72.87, 75.98, 0.007, 112.92, -10.76);
insert into SHOT values (20, 20, 21, 62, 1.000, 30.21, 0.00, 0.995, 30.17, 0.00, 0.005, 217.33, 0.00);
insert into SHOT values (21, 21, 22, 62, 4.500, 141.41, 83.10, 4.503, 141.01, 83.11, 0.005, 47.51, 34.30);
insert into SHOT values (22, 21, 23, 62, 0.000, 359.01, 0.00, 0.000, 90.00, 0.00, 0.000, 90.00, 0.00);
insert into SHOT values (23, 23, 24, 62, 15.300, 311.91, -83.30, 15.294, 311.82, -83.30, 0.006, 213.71, 62.58);
insert into SHOT values (24, 22, 25, 62, 4.500, 92.21, 3.80, 4.493, 92.17, 3.83, 0.008, 295.51, 13.27);
insert into SHOT values (25, 25, 26, 62, 5.720, 179.01, 64.60, 5.726, 178.84, 64.55, 0.011, 131.86, 15.88);
insert into SHOT values (26, 26, 27, 62, 2.990, 168.71, 59.30, 2.985, 168.99, 59.43, 0.011, 308.36, -4.86);
insert into SHOT values (27, 27, 28, 62, 7.200, 221.81, 82.20, 7.197, 221.68, 82.19, 0.004, 139.36, -56.78);
insert into SHOT values (28, 28, 29, 62, 12.800, 337.71, 81.70, 12.804, 337.74, 81.70, 0.004, 69.77, 77.95);
insert into SHOT values (29, 29, 30, 62, 2.000, 340.91, -4.80, 1.996, 340.93, -4.88, 0.005, 152.35, -34.60);
insert into SHOT values (30, 30, 31, 62, 20.290, 274.11, 82.60, 20.289, 274.16, 82.59, 0.004, 307.52, -13.01);
insert into SHOT values (31, 31, 32, 62, 4.560, 12.51, 34.40, 4.560, 12.59, 34.45, 0.007, 122.74, 32.58);
insert into SHOT values (32, 32, 33, 62, 11.900, 29.01, 10.30, 11.900, 29.02, 10.26, 0.008, 64.57, -75.81);
insert into SHOT values (33, 33, 34, 62, 1.940, 295.41, 71.10, 1.945, 295.35, 71.08, 0.005, 278.27, 62.21);
insert into SHOT values (34, 32, 35, 62, 0.000, 359.01, 0.00, 0.000, 90.00, 0.00, 0.000, 90.00, 0.00);
insert into SHOT values (35, 35, 36, 62, 3.800, 29.01, 10.00, 3.795, 28.97, 10.01, 0.006, 241.11, 1.40);
insert into SHOT values (36, 36, 37, 62, 5.600, 38.71, -81.20, 5.606, 38.87, -81.17, 0.007, 70.50, -52.95);
insert into SHOT values (37, 36, 38, 62, 0.000, 359.01, 0.00, 0.000, 90.00, 0.00, 0.000, 90.00, 0.00);
insert into SHOT values (38, 38, 39, 62, 4.600, 29.01, 10.00, 4.609, 28.99, 10.00, 0.009, 19.85, 7.87);
insert into SHOT values (39, 39, 40, 62, 9.610, 36.41, -65.40, 9.614, 36.47, -65.39, 0.006, 84.62, -22.32);
insert into CENTRELINE values (63, 60, NULL, '2020-09-04', '2020-01-01', 117.31, 0.00, 13.46);
 insert into PERSON values (4, 'Guy', 'Lamure');
insert into TOPO values (4, 63);
 insert into PERSON values (5, 'Alexandre', 'Pont');
insert into TOPO values (5, 63);
 insert into PERSON values (6, 'Olivier', 'Venaut');
insert into TOPO values (6, 63);
 insert into EXPLO values (3, 63);
 insert into SHOT values (40, 19, 41, 63, 0.000, 47.61, -90.00, 0.000, 90.00, 0.00, 0.000, 90.00, 0.00);
insert into SHOT_FLAG values(40, 'dpl');
insert into SHOT values (41, 41, 42, 63, 0.800, 47.61, -90.00, 0.800, 90.00, -90.00, 0.000, 47.61, 86.49);
insert into SHOT_FLAG values(41, 'dpl');
insert into SHOT values (42, 42, 43, 63, 3.560, 47.61, 44.00, 3.554, 47.70, 44.03, 0.007, 192.05, -24.33);
insert into SHOT_FLAG values(42, 'dpl');
insert into SHOT values (43, 43, 44, 63, 3.140, 289.71, 39.00, 3.146, 289.84, 39.00, 0.008, 338.68, 27.63);
insert into SHOT_FLAG values(43, 'dpl');
insert into SHOT values (44, 44, 45, 63, 5.960, 287.91, 28.00, 5.955, 287.95, 28.05, 0.008, 77.03, 14.48);
insert into SHOT_FLAG values(44, 'dpl');
insert into SHOT values (45, 45, 46, 63, 3.460, 269.01, 10.00, 3.463, 268.99, 9.98, 0.003, 249.77, -14.10);
insert into SHOT values (46, 46, 47, 63, 11.660, 41.31, 52.00, 11.661, 41.33, 52.01, 0.003, 152.34, 35.86);
insert into SHOT values (47, 19, 48, 63, 5.050, 219.51, -52.00, 5.052, 219.52, -51.98, 0.002, 236.38, -13.10);
insert into SHOT values (48, 48, 49, 63, 15.050, 174.51, -78.00, 15.050, 174.51, -77.98, 0.005, 173.08, 11.90);
insert into SHOT values (49, 49, 50, 63, 5.120, 72.81, -24.00, 5.122, 72.73, -23.96, 0.008, 11.68, 17.68);
insert into SHOT values (50, 50, 51, 63, 14.920, 35.01, -82.00, 14.925, 34.99, -82.01, 0.005, 240.92, -73.92);
insert into SHOT values (51, 51, 52, 63, 5.700, 266.31, -66.00, 5.701, 266.28, -66.04, 0.005, 102.50, -37.18);
insert into SHOT values (52, 52, 53, 63, 6.420, 251.91, -60.00, 6.420, 251.85, -60.00, 0.004, 157.83, -1.90);
insert into SHOT values (53, 53, 54, 63, 2.860, 285.21, -50.00, 2.863, 285.09, -49.91, 0.007, 248.99, 7.83);
insert into SHOT values (54, 54, 55, 63, 4.120, 249.21, -68.00, 4.118, 249.44, -68.07, 0.008, 20.29, -0.02);
insert into SHOT values (55, 55, 56, 63, 8.580, 157.41, -62.00, 8.576, 157.38, -61.97, 0.006, 109.94, 63.31);
insert into SHOT values (56, 56, 57, 63, 3.160, 225.81, -43.00, 3.164, 225.88, -43.05, 0.006, 287.55, -58.27);
insert into SHOT values (57, 57, 58, 63, 6.010, 215.01, -60.00, 6.007, 215.12, -59.96, 0.008, 281.81, 38.28);
insert into SHOT values (58, 58, 59, 63, 7.690, 243.81, -82.00, 7.695, 243.43, -81.98, 0.009, 177.26, -32.28);
insert into SHOT values (59, 59, 60, 63, 1.600, 184.41, -57.00, 1.599, 183.95, -56.94, 0.007, 99.38, 14.77);
insert into SHOT values (60, 60, 61, 63, 5.800, 104.31, -57.00, 5.796, 104.30, -56.99, 0.004, 311.40, 74.50);
insert into SHOT values (61, 61, 62, 63, 8.000, 161.91, -65.00, 7.998, 161.89, -65.02, 0.004, 2.79, 6.88);
insert into SHOT values (62, 62, 63, 63, 2.110, 80.91, -42.00, 2.117, 80.84, -42.13, 0.009, 36.05, -70.91);
insert into CENTRELINE values (64, 60, NULL, '2021-08-13', '2021-01-01', 80.93, 0.00, 0.00);
 insert into TOPO values (5, 64);
 insert into PERSON values (7, 'Emma', 'Pont');
insert into TOPO values (7, 64);
 insert into TOPO values (6, 64);
 insert into EXPLO values (3, 64);
 insert into SHOT values (63, 52, 64, 64, 0.000, 359.17, 0.00, 0.000, 90.00, 0.00, 0.000, 90.00, 0.00);
insert into SHOT values (64, 52, 65, 64, 1.320, 151.97, 3.20, 1.318, 151.88, 3.48, 0.007, 9.77, 62.04);
insert into SHOT values (65, 52, 66, 64, 0.850, 318.77, 6.60, 0.849, 318.37, 6.77, 0.006, 214.66, 20.82);
insert into SHOT values (66, 52, 67, 64, 4.670, 269.67, 83.60, 4.679, 270.00, 83.62, 0.010, 10.29, 71.27);
insert into SHOT values (67, 52, 68, 64, 4.410, 284.67, -71.30, 4.404, 284.72, -71.24, 0.008, 313.15, 67.61);
insert into SHOT values (68, 64, 69, 64, 3.120, 249.77, -3.70, 3.120, 249.70, -3.68, 0.004, 156.90, 21.26);
insert into SHOT values (69, 69, 70, 64, 0.410, 173.27, 3.80, 0.403, 174.29, 4.27, 0.011, 308.21, 15.57);
insert into SHOT values (70, 69, 71, 64, 0.210, 322.67, -0.70, 0.214, 322.59, 0.00, 0.005, 318.89, 32.46);
insert into SHOT values (71, 69, 72, 64, 1.400, 330.87, 87.50, 1.402, 333.43, 87.26, 0.007, 357.69, 11.31);
insert into SHOT values (72, 69, 73, 64, 2.060, 162.77, -80.20, 2.059, 163.14, -80.36, 0.006, 321.53, -0.55);
insert into SHOT values (73, 69, 74, 64, 1.940, 241.57, -38.50, 1.938, 241.75, -38.27, 0.010, 300.80, 53.41);
insert into SHOT values (74, 74, 75, 64, 0.300, 147.87, -1.30, 0.305, 148.39, -1.88, 0.007, 175.54, -27.86);
insert into SHOT values (75, 74, 76, 64, 0.250, 335.87, -9.40, 0.247, 335.56, -11.69, 0.011, 170.55, -60.66);
insert into SHOT values (76, 74, 77, 64, 0.980, 283.17, 79.40, 0.978, 282.53, 79.13, 0.006, 256.64, -35.52);
insert into SHOT values (77, 74, 78, 64, 2.200, 69.87, -85.70, 2.207, 69.44, -85.56, 0.009, 57.87, -45.65);
insert into SHOT values (78, 74, 79, 64, 2.040, 266.87, -34.70, 2.041, 266.92, -34.98, 0.010, 69.98, -60.20);
insert into SHOT values (79, 79, 80, 64, 0.390, 146.37, -2.90, 0.392, 147.53, -2.93, 0.008, 225.17, -1.90);
insert into SHOT values (80, 79, 81, 64, 0.340, 327.17, -7.00, 0.341, 325.84, -6.74, 0.008, 243.16, 10.34);
insert into SHOT values (81, 79, 82, 64, 1.710, 235.17, 86.90, 1.713, 233.13, 86.65, 0.009, 209.71, 16.85);
insert into SHOT values (82, 79, 83, 64, 1.220, 99.37, -87.40, 1.211, 101.31, -87.59, 0.010, 257.82, 61.69);
insert into SHOT values (83, 79, 84, 64, 3.150, 210.87, -54.40, 3.152, 210.75, -54.32, 0.006, 173.04, 11.81);
insert into SHOT values (84, 84, 85, 64, 0.330, 160.47, 12.90, 0.326, 161.57, 14.20, 0.010, 292.67, 37.69);
insert into SHOT values (85, 84, 86, 64, 1.020, 339.37, 3.50, 1.028, 339.44, 3.91, 0.011, 350.39, 46.57);
insert into SHOT values (86, 84, 87, 64, 3.410, 302.17, 81.70, 3.417, 302.74, 81.60, 0.010, 337.42, 33.62);
insert into SHOT values (87, 84, 88, 64, 1.500, 133.07, -76.60, 1.499, 132.61, -76.90, 0.008, 331.73, -5.71);
insert into SHOT values (88, 84, 89, 64, 13.900, 229.27, -55.70, 13.899, 229.30, -55.68, 0.006, 287.48, 29.96);
insert into SHOT values (89, 89, 90, 64, 0.410, 158.47, 4.50, 0.410, 158.46, 4.20, 0.002, 351.86, -84.53);
insert into SHOT values (90, 89, 91, 64, 0.370, 347.87, -6.70, 0.371, 347.47, -6.19, 0.004, 284.97, 48.00);
insert into SHOT values (91, 89, 92, 64, 1.490, 341.57, 74.40, 1.495, 341.11, 74.42, 0.006, 267.74, 55.99);
insert into SHOT values (92, 89, 93, 64, 1.290, 219.67, -89.90, 1.290, 90.00, -90.00, 0.002, 39.67, -0.05);
insert into SHOT values (93, 89, 94, 64, 5.800, 246.07, -52.90, 5.805, 246.07, -52.91, 0.005, 253.56, -59.89);
insert into SHOT values (94, 94, 95, 64, 0.730, 295.47, 3.10, 0.735, 295.87, 3.12, 0.007, 343.98, 4.36);
insert into SHOT values (95, 94, 96, 64, 1.900, 77.47, 2.60, 1.897, 77.50, 2.72, 0.005, 235.65, 48.26);
insert into SHOT values (96, 94, 97, 64, 3.470, 23.57, 62.30, 3.478, 23.71, 62.31, 0.009, 73.47, 55.20);
insert into SHOT values (97, 94, 98, 64, 1.340, 106.07, -88.50, 1.341, 104.04, -88.24, 0.006, 92.66, -4.17);
insert into SHOT values (98, 94, 99, 64, 8.000, 102.17, -56.20, 7.993, 102.19, -56.17, 0.008, 191.13, 74.62);
insert into SHOT values (99, 99, 100, 64, 0.880, 26.77, 13.90, 0.888, 26.86, 13.67, 0.009, 36.01, -8.83);
insert into SHOT values (100, 99, 101, 64, 0.340, 181.47, 1.30, 0.340, 181.68, 0.00, 0.008, 261.34, -80.29);
insert into SHOT values (101, 99, 102, 64, 1.470, 26.97, 85.10, 1.466, 26.57, 84.75, 0.010, 20.74, -28.15);
insert into SHOT values (102, 99, 103, 64, 1.380, 34.17, -79.80, 1.383, 33.69, -79.49, 0.008, 19.49, -12.34);
insert into SHOT values (103, 99, 104, 64, 3.760, 152.67, -73.20, 3.759, 152.49, -73.27, 0.006, 10.27, -4.97);
insert into SHOT values (104, 104, 105, 64, 0.900, 168.37, -1.70, 0.899, 168.44, -1.91, 0.004, 308.36, -61.30);
insert into SHOT values (105, 104, 106, 64, 0.610, 341.27, 1.50, 0.610, 341.86, 0.94, 0.009, 66.73, -43.13);
insert into SHOT values (106, 104, 107, 64, 3.250, 306.37, 81.40, 3.247, 306.63, 81.39, 0.004, 36.14, -56.65);
insert into SHOT values (107, 104, 108, 64, 0.360, 169.77, -86.20, 0.361, 153.43, -86.45, 0.007, 58.87, -6.71);
insert into SHOT values (108, 104, 109, 64, 1.630, 99.47, 47.20, 1.624, 99.38, 47.13, 0.007, 311.55, -61.70);
insert into SHOT values (109, 109, 110, 64, 0.560, 60.67, 5.60, 0.563, 61.14, 6.12, 0.007, 126.29, 46.22);
insert into SHOT values (110, 109, 111, 64, 2.990, 266.37, -9.50, 2.987, 266.30, -9.44, 0.006, 135.09, 38.83);
insert into SHOT values (111, 109, 112, 64, 3.980, 312.07, 68.00, 3.978, 312.27, 68.06, 0.007, 80.86, -1.59);
insert into SHOT values (112, 109, 113, 64, 1.410, 182.17, -82.10, 1.404, 180.00, -81.81, 0.012, 130.89, 34.34);
insert into SHOT values (113, 109, 114, 64, 5.350, 269.97, -24.30, 5.344, 269.88, -24.31, 0.009, 139.72, 9.78);
insert into SHOT values (114, 114, 115, 64, 0.360, 138.57, -1.60, 0.361, 138.37, -1.59, 0.002, 96.37, 1.59);
insert into SHOT values (115, 114, 116, 64, 0.720, 330.77, -1.80, 0.721, 330.95, -1.59, 0.004, 35.93, 46.41);
insert into SHOT values (116, 114, 117, 64, 0.880, 228.97, 83.80, 0.885, 229.40, 84.02, 0.006, 35.21, 60.34);
insert into SHOT values (117, 114, 118, 64, 0.540, 199.87, -82.70, 0.534, 206.57, -82.79, 0.010, 304.14, 34.85);
insert into SHOT values (118, 114, 119, 64, 4.280, 118.77, -72.40, 4.279, 118.75, -72.47, 0.005, 302.07, -3.76);
insert into SHOT values (119, 119, 120, 64, 2.580, 271.37, 3.90, 2.577, 271.34, 4.01, 0.006, 112.31, 51.77);
insert into SHOT values (120, 119, 121, 64, 0.720, 74.47, 5.80, 0.719, 74.60, 5.59, 0.003, 184.59, -56.25);
insert into SHOT values (121, 119, 122, 64, 1.180, 285.97, 79.60, 1.179, 286.70, 79.80, 0.005, 73.64, -7.01);
insert into SHOT values (122, 119, 123, 64, 1.260, 160.97, -86.90, 1.262, 161.57, -87.13, 0.005, 333.27, -20.46);
insert into SHOT values (123, 119, 124, 64, 3.200, 70.47, -49.10, 3.204, 70.53, -49.05, 0.006, 95.92, -13.10);
insert into SHOT values (124, 124, 125, 64, 0.360, 175.87, 1.30, 0.361, 176.82, 1.59, 0.006, 260.18, 16.89);
insert into SHOT values (125, 124, 126, 64, 0.530, 13.67, 1.90, 0.534, 12.99, 2.15, 0.008, 315.77, 18.21);
insert into SHOT values (126, 124, 127, 64, 1.950, 323.57, 71.60, 1.952, 323.50, 71.42, 0.007, 317.16, -2.70);
insert into SHOT values (127, 124, 128, 64, 1.230, 300.17, -80.80, 1.226, 300.47, -80.74, 0.004, 1.07, 74.22);
insert into SHOT values (128, 124, 129, 64, 5.330, 105.37, -64.00, 5.328, 105.41, -64.02, 0.003, 253.83, 10.39);
insert into SHOT values (129, 129, 130, 64, 0.730, 152.27, -0.00, 0.725, 152.02, 0.00, 0.006, 2.61, 0.00);
insert into SHOT values (130, 129, 131, 64, 0.770, 23.27, -4.00, 0.772, 22.91, -3.71, 0.007, 321.85, 33.94);
insert into SHOT values (131, 129, 132, 64, 3.710, 313.37, 78.00, 3.711, 313.42, 78.01, 0.001, 65.42, 52.01);
insert into SHOT values (132, 129, 133, 64, 0.880, 91.17, -78.40, 0.879, 90.00, -78.18, 0.005, 40.62, 23.13);
insert into SHOT values (133, 129, 134, 64, 1.980, 125.17, -16.60, 1.976, 125.12, -16.46, 0.006, 337.65, 61.52);
insert into SHOT values (134, 134, 135, 64, 0.300, 146.47, 20.80, 0.297, 145.18, 19.64, 0.009, 53.38, -45.95);
insert into SHOT values (135, 134, 136, 64, 1.010, 301.47, 5.70, 1.010, 301.16, 5.68, 0.005, 211.11, -3.33);
insert into SHOT values (136, 134, 137, 64, 0.890, 333.87, 77.60, 0.890, 334.80, 77.81, 0.005, 110.65, 9.67);
insert into SHOT values (137, 134, 138, 64, 0.620, 352.27, -86.40, 0.621, 0.00, -86.31, 0.006, 74.79, -12.70);
insert into SHOT values (138, 134, 139, 64, 3.950, 235.37, -19.80, 3.951, 235.41, -19.82, 0.004, 316.52, -33.14);
insert into SHOT values (139, 139, 140, 64, 0.310, 119.07, 1.30, 0.309, 119.05, 1.85, 0.003, 302.34, 70.46);
insert into SHOT values (140, 139, 141, 64, 0.370, 316.87, -2.30, 0.369, 317.20, -3.11, 0.006, 85.69, -61.67);
insert into SHOT values (141, 139, 142, 64, 1.450, 263.57, 75.20, 1.449, 263.83, 75.11, 0.003, 307.90, -37.66);
insert into SHOT values (142, 139, 143, 64, 1.680, 146.27, -78.80, 1.682, 146.31, -78.87, 0.003, 318.42, -47.45);
insert into SHOT values (143, 139, 144, 64, 1.640, 207.97, -61.30, 1.643, 207.86, -61.20, 0.005, 188.73, -18.40);
insert into SHOT values (144, 144, 145, 64, 0.290, 342.67, -0.30, 0.291, 344.05, 0.00, 0.007, 63.63, 11.99);
insert into SHOT values (145, 144, 146, 64, 0.250, 143.67, -1.10, 0.250, 143.13, 0.00, 0.005, 54.53, 64.03);
insert into SHOT values (146, 144, 147, 64, 1.890, 321.07, 76.20, 1.894, 321.34, 76.31, 0.006, 101.68, 53.41);
insert into SHOT values (147, 144, 148, 64, 1.300, 69.97, -87.90, 1.301, 68.20, -87.63, 0.006, 54.95, -7.76);
insert into SHOT values (148, 63, 149, 64, 0.000, 359.17, 0.00, 0.000, 90.00, 0.00, 0.000, 90.00, 0.00);
insert into SHOT values (149, 149, 150, 64, 0.260, 141.67, 12.50, 0.257, 143.13, 13.50, 0.008, 263.19, 26.43);
insert into SHOT values (150, 149, 151, 64, 0.520, 218.67, 2.40, 0.527, 218.83, 3.26, 0.011, 231.23, 49.89);
insert into SHOT values (151, 149, 152, 64, 1.660, 16.17, 58.10, 1.659, 15.95, 58.22, 0.005, 239.19, 8.17);
insert into SHOT values (152, 149, 153, 64, 1.050, 190.17, -67.90, 1.048, 190.18, -67.78, 0.003, 193.39, 67.23);
insert into SHOT values (153, 149, 154, 64, 1.490, 245.97, 16.70, 1.496, 246.12, 16.71, 0.007, 280.81, 15.31);
insert into SHOT values (154, 154, 155, 64, 0.260, 149.87, 2.50, 0.264, 150.52, 2.17, 0.006, 184.30, -14.03);
insert into SHOT values (155, 154, 156, 64, 0.460, 305.97, -2.60, 0.458, 306.12, -2.50, 0.002, 86.46, 24.19);
insert into SHOT values (156, 154, 157, 64, 0.930, 318.47, 81.40, 0.930, 318.01, 81.68, 0.005, 151.66, 5.60);
insert into SHOT values (157, 154, 158, 64, 0.780, 71.67, -83.30, 0.775, 77.47, -83.17, 0.010, 157.25, 26.55);
insert into SHOT values (158, 154, 159, 64, 1.500, 235.77, -48.60, 1.497, 235.67, -48.44, 0.006, 176.93, 69.38);
insert into SHOT values (159, 159, 160, 64, 0.400, 137.37, 1.80, 0.404, 138.01, 1.42, 0.006, 187.69, -23.42);
insert into SHOT values (160, 159, 161, 64, 0.240, 317.27, 5.70, 0.234, 316.74, 4.90, 0.007, 159.17, -33.54);
insert into SHOT values (161, 159, 162, 64, 0.930, 295.47, 76.60, 0.924, 295.35, 76.85, 0.007, 120.21, -41.42);
insert into SHOT values (162, 159, 163, 64, 0.690, 60.17, -84.00, 0.694, 66.80, -83.70, 0.010, 128.35, -21.74);
insert into SHOT values (163, 159, 164, 64, 2.830, 237.87, -24.30, 2.828, 237.85, -24.44, 0.007, 65.04, -49.87);
insert into SHOT values (164, 164, 165, 64, 0.240, 137.07, -0.70, 0.241, 138.37, 0.00, 0.006, 218.87, 27.96);
insert into SHOT values (165, 164, 166, 64, 0.320, 324.37, -2.50, 0.322, 323.84, -1.78, 0.005, 272.55, 46.57);
insert into SHOT values (166, 164, 167, 64, 0.830, 285.87, 72.70, 0.837, 284.04, 72.82, 0.011, 199.05, 43.66);
insert into SHOT values (167, 164, 168, 64, 0.840, 301.67, -82.30, 0.837, 296.57, -82.33, 0.010, 204.85, 13.62);
insert into SHOT values (168, 164, 169, 64, 2.850, 230.87, -23.50, 2.850, 230.90, -23.36, 0.007, 260.70, 67.01);
insert into SHOT values (169, 169, 170, 64, 0.250, 137.57, 5.20, 0.256, 138.18, 4.49, 0.007, 162.18, -22.05);
insert into SHOT values (170, 169, 171, 64, 0.200, 309.77, 9.20, 0.194, 308.66, 8.88, 0.007, 164.39, -16.85);
insert into SHOT values (171, 169, 172, 64, 0.370, 94.17, 80.30, 0.365, 99.46, 80.41, 0.008, 201.69, -38.66);
insert into SHOT values (172, 169, 173, 64, 3.190, 219.27, -34.00, 3.193, 219.17, -34.10, 0.008, 122.88, -53.51);
insert into SHOT values (173, 173, 174, 64, 0.230, 139.47, 2.00, 0.235, 140.19, 2.44, 0.006, 173.40, 20.29);
insert into SHOT values (174, 173, 175, 64, 0.260, 330.67, -6.70, 0.257, 329.42, -6.70, 0.006, 214.35, 3.09);
insert into SHOT values (175, 173, 176, 64, 0.560, 244.07, 85.00, 0.563, 248.20, 84.51, 0.007, 282.42, 18.82);
insert into SHOT values (176, 173, 177, 64, 0.570, 134.17, -85.00, 0.572, 143.13, -84.99, 0.008, 226.29, -15.55);
insert into SHOT values (177, 52, 178, 64, 1.110, 153.17, 6.10, 1.116, 153.20, 6.18, 0.006, 160.98, 20.64);
insert into SHOT values (178, 52, 179, 64, 1.120, 59.97, 9.80, 1.116, 59.93, 10.33, 0.011, 246.30, 57.49);
insert into SHOT values (179, 52, 180, 64, 2.470, 251.17, 2.70, 2.476, 251.13, 2.78, 0.007, 234.23, 31.40);
insert into SHOT values (180, 52, 181, 64, 0.160, 96.37, 87.30, 0.160, 90.00, 90.00, 0.008, 276.37, 1.35);
insert into SHOT values (181, 52, 182, 64, 1.060, 218.67, -78.10, 1.053, 219.47, -77.93, 0.008, 280.95, 64.12);
insert into CENTRELINE values (65, 60, NULL, '2022-08-12', '2022-01-01', 98.86, 0.00, 0.00);
 insert into PERSON values (8, 'Anouk', 'Darne');
insert into TOPO values (8, 65);
 insert into TOPO values (2, 65);
 insert into EXPLO values (3, 65);
 insert into SHOT values (182, 183, 144, 65, 0.720, 295.63, 20.20, 0.720, 295.43, 20.31, 0.003, 198.67, 29.76);
insert into SHOT values (183, 183, 184, 65, 5.290, 235.83, -7.50, 5.293, 235.80, -7.49, 0.004, 187.67, 6.28);
insert into SHOT values (184, 184, 185, 65, 2.560, 201.33, -85.30, 2.558, 200.22, -85.46, 0.008, 49.44, 9.52);
insert into SHOT values (185, 185, 186, 65, 4.460, 232.93, -1.00, 4.463, 232.92, -1.03, 0.003, 222.78, -38.17);
insert into SHOT values (186, 186, 187, 65, 2.970, 221.83, -28.00, 2.966, 221.91, -27.95, 0.006, 344.98, 46.57);
insert into SHOT values (187, 187, 188, 65, 2.920, 235.33, -20.90, 2.916, 235.32, -20.90, 0.004, 64.17, 23.04);
insert into SHOT values (188, 188, 189, 65, 1.150, 241.13, -16.20, 1.158, 240.90, -16.55, 0.012, 203.08, -51.04);
insert into SHOT values (189, 189, 190, 65, 1.280, 212.13, -28.80, 1.279, 212.28, -28.50, 0.007, 267.87, 62.66);
insert into SHOT values (190, 190, 191, 65, 5.120, 235.03, -42.00, 5.124, 235.06, -42.02, 0.005, 289.56, -61.98);
insert into SHOT values (191, 191, 192, 65, 3.740, 230.03, -21.90, 3.732, 229.92, -21.87, 0.011, 95.38, 27.64);
insert into SHOT values (192, 192, 193, 65, 4.080, 209.23, -59.00, 4.082, 209.37, -59.04, 0.006, 314.41, -27.12);
insert into SHOT values (193, 193, 194, 65, 5.080, 207.03, -43.20, 5.082, 206.98, -43.22, 0.004, 114.65, -37.36);
insert into SHOT values (194, 194, 195, 65, 2.800, 195.13, -61.30, 2.796, 195.07, -61.21, 0.006, 153.76, 69.74);
insert into SHOT values (195, 195, 196, 65, 1.930, 264.03, -18.10, 1.935, 264.07, -18.06, 0.006, 278.08, -4.10);
insert into SHOT values (196, 196, 197, 65, 2.630, 288.43, -17.50, 2.629, 288.36, -17.49, 0.003, 187.26, 15.72);
insert into SHOT values (197, 197, 198, 65, 4.850, 257.03, -86.40, 4.850, 258.69, -86.38, 0.009, 338.82, 2.75);
insert into SHOT values (198, 198, 199, 65, 3.850, 234.93, 25.50, 3.846, 234.85, 25.41, 0.009, 129.74, -54.42);
insert into SHOT values (199, 199, 200, 65, 3.730, 235.83, -18.20, 3.727, 235.82, -18.13, 0.005, 86.58, 70.75);
insert into SHOT values (200, 200, 201, 65, 3.570, 217.63, -20.80, 3.570, 217.69, -20.84, 0.004, 322.57, -30.71);
insert into SHOT values (201, 201, 202, 65, 1.490, 228.83, -23.90, 1.487, 228.58, -23.80, 0.007, 120.88, 29.96);
insert into SHOT values (202, 202, 203, 65, 0.740, 301.53, 18.90, 0.745, 301.66, 18.80, 0.005, 319.92, 3.40);
insert into SHOT values (203, 203, 204, 65, 1.160, 225.03, 17.20, 1.168, 225.00, 16.93, 0.010, 221.25, -18.32);
insert into SHOT values (204, 204, 205, 65, 5.720, 236.03, -80.30, 5.721, 235.65, -80.37, 0.010, 99.20, -10.70);
insert into SHOT values (205, 205, 206, 65, 2.770, 288.43, 55.10, 2.772, 288.32, 54.98, 0.007, 260.62, -15.56);
insert into SHOT values (206, 206, 207, 65, 1.580, 22.23, 17.50, 1.586, 22.15, 17.62, 0.007, 358.78, 43.55);
insert into SHOT values (207, 191, 208, 65, 0.000, 359.33, 0.00, 0.000, 90.00, 0.00, 0.000, 90.00, 0.00);
insert into SHOT values (208, 208, 209, 65, 3.230, 96.53, -84.60, 3.225, 95.53, -84.46, 0.011, 60.25, 31.58);
insert into SHOT values (209, 209, 210, 65, 8.060, 208.33, -68.10, 8.063, 208.35, -68.07, 0.005, 221.20, -17.96);
insert into SHOT values (210, 210, 211, 65, 0.000, 359.33, 0.00, 0.000, 90.00, 0.00, 0.000, 90.00, 0.00);
insert into SHOT values (211, 195, 212, 65, 0.000, 359.33, 0.00, 0.000, 90.00, 0.00, 0.000, 90.00, 0.00);
insert into SHOT values (212, 212, 213, 65, 5.680, 66.93, -5.00, 5.676, 66.88, -5.05, 0.008, 295.47, -37.17);
insert into SHOT values (213, 213, 214, 65, 0.000, 359.33, 0.00, 0.000, 90.00, 0.00, 0.000, 90.00, 0.00);
insert into SHOT values (214, 198, 215, 65, 0.000, 359.33, 0.00, 0.000, 90.00, 0.00, 0.000, 90.00, 0.00);
insert into SHOT values (215, 215, 216, 65, 5.700, 59.73, 1.60, 5.707, 59.79, 1.51, 0.013, 102.72, -44.72);
insert into SHOT values (216, 216, 217, 65, 0.000, 359.33, 0.00, 0.000, 90.00, 0.00, 0.000, 90.00, 0.00);
insert into CENTRELINE values (66, 60, NULL, '2023-08-18', '2023-01-01', 99.40, 0.00, 0.00);
 insert into PERSON values (9, 'Severine', 'Andriot');
insert into TOPO values (9, 66);
 insert into TOPO values (5, 66);
 insert into PERSON values (10, 'Janet', 'Saumet');
insert into TOPO values (10, 66);
 insert into EXPLO values (3, 66);
 insert into SHOT values (217, 218, 219, 66, 3.500, 359.50, 90.00, 3.500, 90.00, 90.00, 0.000, 359.50, 0.00);
insert into SHOT values (218, 218, 220, 66, 1.280, 138.60, 2.30, 1.283, 138.48, 2.23, 0.004, 98.80, -17.92);
insert into SHOT values (219, 218, 221, 66, 0.450, 332.70, -2.00, 0.439, 332.85, -2.61, 0.012, 146.91, -20.49);
insert into SHOT values (220, 218, 222, 66, 5.550, 158.10, 87.80, 5.544, 158.20, 87.77, 0.006, 167.15, -68.03);
insert into SHOT values (221, 218, 223, 66, 1.180, 223.00, -88.10, 1.181, 225.00, -87.94, 0.004, 247.32, -10.22);
insert into SHOT values (222, 219, 224, 66, 3.240, 80.10, 8.70, 3.245, 80.13, 8.69, 0.005, 98.03, -0.97);
insert into SHOT values (223, 224, 225, 66, 1.740, 318.60, -0.50, 1.736, 318.50, -0.66, 0.007, 172.61, -43.00);
insert into SHOT values (224, 224, 226, 66, 0.940, 186.20, 1.90, 0.947, 186.67, 1.82, 0.011, 234.91, -6.36);
insert into SHOT values (225, 224, 227, 66, 7.180, 308.10, 77.50, 7.180, 307.68, 77.50, 0.011, 218.49, 0.98);
insert into SHOT values (226, 224, 228, 66, 1.130, 58.00, -87.70, 1.131, 56.31, -88.17, 0.009, 244.51, -5.55);
insert into SHOT values (227, 224, 229, 66, 5.270, 7.20, 73.90, 5.267, 7.08, 73.89, 0.005, 271.32, -46.47);
insert into SHOT values (228, 229, 230, 66, 0.400, 83.30, 3.80, 0.403, 84.29, 4.27, 0.008, 151.25, 24.96);
insert into SHOT values (229, 229, 231, 66, 0.370, 273.90, 5.30, 0.373, 273.09, 6.16, 0.008, 205.73, 46.08);
insert into SHOT values (230, 229, 232, 66, 2.850, 283.40, 84.90, 2.851, 281.31, 84.87, 0.009, 202.16, 7.77);
insert into SHOT values (231, 229, 233, 66, 6.090, 164.40, -86.40, 6.092, 164.88, -86.39, 0.004, 239.19, -31.38);
insert into SHOT values (232, 229, 234, 66, 2.680, 51.90, 1.00, 2.679, 51.97, 1.07, 0.005, 158.35, 41.04);
insert into SHOT values (233, 234, 235, 66, 0.930, 331.40, 4.10, 0.929, 330.95, 4.32, 0.008, 233.31, 25.34);
insert into SHOT values (234, 234, 236, 66, 0.830, 124.40, 11.80, 0.830, 124.47, 11.81, 0.001, 200.84, 14.07);
insert into SHOT values (235, 234, 237, 66, 4.950, 311.10, 72.00, 4.950, 311.01, 72.07, 0.007, 153.97, 20.28);
insert into SHOT values (236, 234, 238, 66, 1.210, 322.60, -79.10, 1.212, 322.13, -79.15, 0.003, 210.18, -41.89);
insert into SHOT values (237, 234, 239, 66, 5.010, 276.20, 73.40, 5.008, 276.03, 73.43, 0.006, 147.23, -12.46);
insert into SHOT values (238, 240, 241, 66, 0.990, 235.80, 7.60, 0.988, 235.82, 7.56, 0.002, 45.28, -22.45);
insert into SHOT values (239, 240, 242, 66, 1.010, 112.50, -0.80, 1.014, 112.01, -0.57, 0.010, 47.18, 23.36);
insert into SHOT values (240, 240, 243, 66, 0.160, 11.80, 76.20, 0.165, 14.04, 75.55, 0.006, 39.74, 53.36);
insert into SHOT values (241, 240, 244, 66, 8.180, 337.20, 75.90, 8.177, 337.29, 75.88, 0.005, 37.50, -43.67);
insert into SHOT values (242, 240, 245, 66, 6.880, 158.10, -80.50, 6.884, 157.73, -80.51, 0.009, 60.97, -30.59);
insert into SHOT values (243, 239, 246, 66, 10.810, 20.00, 77.20, 10.808, 19.80, 77.22, 0.009, 266.70, -8.54);
insert into SHOT values (244, 246, 247, 66, 0.440, 300.10, 4.20, 0.440, 300.07, 3.91, 0.002, 259.57, -80.88);
insert into SHOT values (245, 246, 248, 66, 0.190, 125.20, 8.80, 0.191, 122.01, 9.03, 0.011, 38.59, 5.06);
insert into SHOT values (246, 246, 249, 66, 1.030, 342.70, 74.60, 1.029, 343.50, 74.12, 0.009, 8.63, -18.63);
insert into SHOT values (247, 246, 250, 66, 1.090, 175.10, -84.90, 1.084, 173.66, -85.21, 0.009, 14.75, 40.05);
insert into SHOT values (248, 246, 251, 66, 4.650, 53.70, 40.10, 4.657, 53.68, 40.10, 0.007, 39.24, 41.52);
insert into SHOT values (249, 251, 252, 66, 0.510, 127.50, 5.90, 0.509, 127.78, 5.64, 0.004, 244.41, -41.48);
insert into SHOT values (250, 251, 253, 66, 0.230, 321.10, -7.10, 0.230, 322.13, -7.49, 0.004, 54.43, -21.02);
insert into SHOT values (251, 251, 254, 66, 7.110, 276.00, 79.20, 7.105, 276.05, 79.23, 0.006, 81.28, -38.85);
insert into SHOT values (252, 251, 255, 66, 1.080, 134.10, -85.60, 1.083, 135.00, -85.51, 0.004, 168.00, -53.07);
insert into SHOT values (253, 251, 256, 66, 10.360, 356.10, 71.80, 10.359, 356.10, 71.79, 0.002, 4.91, -44.94);
insert into SHOT values (254, 256, 257, 66, 0.690, 0.80, 2.80, 0.691, 0.83, 2.49, 0.004, 23.71, -75.29);
insert into SHOT values (255, 256, 258, 66, 0.180, 143.70, 4.10, 0.186, 143.75, 3.08, 0.007, 145.06, -23.91);
insert into SHOT values (256, 256, 259, 66, 10.880, 23.50, 73.30, 10.880, 23.54, 73.28, 0.005, 50.28, -14.18);
insert into SHOT values (257, 256, 260, 66, 10.760, 182.70, -78.30, 10.764, 182.63, -78.30, 0.005, 98.89, -52.07);
insert into SHOT values (258, 256, 261, 66, 0.160, 26.10, 74.90, 0.157, 26.57, 73.40, 0.005, 32.93, -55.63);
insert into SHOT values (259, 262, 263, 66, 0.980, 137.80, 4.00, 0.973, 137.92, 4.13, 0.008, 302.14, 11.71);
insert into SHOT values (260, 262, 264, 66, 0.190, 343.80, -4.50, 0.190, 341.57, -3.02, 0.009, 255.18, 33.56);
insert into SHOT values (261, 262, 265, 66, 0.730, 140.60, -3.50, 0.726, 140.60, -3.16, 0.006, 320.51, 49.27);
insert into SHOT values (262, 262, 266, 66, 1.550, 181.50, -64.20, 1.543, 181.71, -64.26, 0.007, 331.73, 47.87);
insert into SHOT values (263, 262, 267, 66, 7.390, 160.60, -76.20, 7.392, 160.74, -76.24, 0.007, 295.64, -28.30);
insert into SHOT values (264, 239, 268, 66, 0.560, 333.40, 3.10, 0.564, 332.53, 3.05, 0.010, 270.07, -1.69);
insert into SHOT values (265, 239, 269, 66, 0.950, 157.70, 2.80, 0.943, 157.52, 3.04, 0.009, 359.49, 24.47);
insert into SHOT values (266, 239, 270, 66, 6.130, 125.10, -85.70, 6.127, 125.10, -85.77, 0.008, 305.29, 20.34);
insert into SHOT values (267, 239, 271, 66, 7.670, 354.00, 74.40, 7.675, 353.90, 74.34, 0.010, 333.36, 14.66);
insert into SHOT values (268, 239, 240, 66, 5.110, 221.40, 19.20, 5.115, 221.48, 19.17, 0.009, 269.48, -3.33);
insert into SHOT values (269, 240, 272, 66, 0.260, 120.10, -30.40, 0.263, 118.81, -29.66, 0.007, 67.64, 13.63);
insert into SHOT values (270, 240, 273, 66, 1.740, 7.60, -1.80, 1.746, 7.57, -1.64, 0.008, 0.20, 37.20);
insert into SHOT values (271, 240, 274, 66, 12.310, 331.70, 77.90, 12.315, 331.85, 77.88, 0.009, 22.84, 21.80);
insert into SHOT values (272, 240, 275, 66, 1.510, 294.10, -35.00, 1.515, 294.29, -35.06, 0.006, 349.83, -37.79);
insert into SHOT values (273, 240, 276, 66, 12.370, 329.90, 77.90, 12.376, 329.98, 77.88, 0.008, 3.86, 35.66);
insert into SHOT values (274, 276, 277, 66, 0.460, 124.60, 4.00, 0.461, 124.38, 3.73, 0.003, 76.06, -41.70);
insert into SHOT values (275, 276, 278, 66, 0.920, 319.10, 1.00, 0.914, 318.99, 0.63, 0.008, 156.56, -46.53);
insert into SHOT values (276, 276, 279, 66, 4.070, 270.30, 78.50, 4.062, 270.00, 78.50, 0.009, 161.50, -61.71);
insert into SHOT values (277, 276, 280, 66, 10.570, 213.90, -82.40, 10.573, 213.92, -82.40, 0.003, 315.70, -80.79);
insert into SHOT values (278, 276, 281, 66, 4.360, 206.00, 35.60, 4.357, 205.91, 35.50, 0.010, 132.17, -56.08);
insert into SHOT values (279, 281, 282, 66, 0.230, 132.40, 6.50, 0.229, 131.42, 7.54, 0.006, 16.92, 42.84);
insert into SHOT values (280, 281, 283, 66, 0.640, 296.30, -4.70, 0.637, 296.16, -4.50, 0.004, 144.90, 37.52);
insert into SHOT values (281, 281, 284, 66, 3.550, 305.70, 78.50, 3.552, 305.26, 78.46, 0.006, 240.24, 11.87);
insert into SHOT values (282, 281, 285, 66, 1.310, 169.30, -81.70, 1.303, 170.54, -81.95, 0.010, 318.68, 39.03);
insert into SHOT values (283, 281, 286, 66, 3.610, 244.80, 9.80, 3.610, 244.88, 9.89, 0.007, 344.89, 48.73);
insert into SHOT values (284, 286, 287, 66, 0.360, 153.50, 6.00, 0.360, 153.43, 6.38, 0.002, 30.70, 78.67);
insert into SHOT values (285, 286, 288, 66, 0.210, 306.70, 2.50, 0.208, 305.22, 2.75, 0.006, 198.36, 8.43);
insert into SHOT values (286, 286, 289, 66, 2.150, 350.50, 74.80, 2.144, 350.71, 74.93, 0.008, 152.96, -35.51);
insert into SHOT values (287, 286, 290, 66, 5.270, 194.60, -81.20, 5.272, 194.38, -81.21, 0.004, 86.34, -32.32);
insert into SHOT values (288, 290, 291, 66, 0.400, 68.60, -2.30, 0.396, 69.27, -2.89, 0.007, 199.95, -32.43);
insert into SHOT values (289, 290, 292, 66, 1.090, 68.60, 0.50, 1.083, 68.89, 0.53, 0.009, 211.89, 3.07);
insert into SHOT values (290, 290, 293, 66, 0.610, 192.10, -77.60, 0.615, 192.99, -77.46, 0.005, 232.95, -52.99);
insert into SHOT values (291, 290, 294, 66, 0.200, 63.10, -36.00, 0.197, 63.43, -37.48, 0.006, 233.24, -24.50);
insert into SHOT values (292, 276, 295, 66, 0.630, 132.30, -0.40, 0.637, 132.46, -0.90, 0.009, 146.17, -37.70);
insert into SHOT values (293, 276, 296, 66, 0.660, 358.70, 1.70, 0.660, 359.13, 1.74, 0.005, 84.72, 4.80);
insert into SHOT values (294, 276, 297, 66, 2.940, 229.40, 9.20, 2.938, 229.33, 9.20, 0.004, 110.24, -0.78);
insert into SHOT values (295, 276, 298, 66, 7.340, 0.20, 73.00, 7.329, 0.27, 73.02, 0.011, 156.95, -54.92);
insert into SHOT values (296, 298, 299, 66, 0.240, 322.20, -1.10, 0.242, 321.71, 0.00, 0.005, 277.80, 57.34);
insert into SHOT values (297, 298, 300, 66, 0.390, 133.10, 2.40, 0.390, 131.88, 2.94, 0.009, 41.31, 23.84);
insert into SHOT values (298, 298, 301, 66, 1.970, 44.70, 75.30, 1.975, 44.19, 75.27, 0.007, 340.81, 42.24);
insert into SHOT values (299, 298, 302, 66, 0.630, 102.00, -79.50, 0.620, 100.30, -79.61, 0.010, 329.26, 64.54);
insert into SHOT values (300, 298, 207, 66, 0.660, 123.90, 9.00, 0.658, 123.69, 9.62, 0.008, 343.30, 61.11);
insert into SHOT values (301, 261, 262, 66, 15.000, 27.10, 75.00, 15.000, 27.16, 75.02, 0.006, 166.06, 10.05);
insert into CENTRELINE values (67, 60, NULL, '2024-08-15', '2024-01-01', 148.89, 0.00, 0.00);
 insert into PERSON values (11, 'Bertrand', 'Hamm');
insert into TOPO values (11, 67);
 insert into TOPO values (7, 67);
 insert into EXPLO values (3, 67);
 insert into SHOT values (302, 303, 304, 67, 0.000, 359.66, 0.00, 0.000, 90.00, 0.00, 0.000, 90.00, 0.00);
insert into SHOT values (303, 303, 305, 67, 1.170, 162.46, -4.10, 1.167, 162.50, -3.93, 0.005, 329.17, 48.60);
insert into SHOT values (304, 303, 306, 67, 1.970, 127.66, -2.20, 1.970, 127.57, -2.33, 0.005, 30.53, -53.33);
insert into SHOT values (305, 303, 307, 67, 3.750, 92.26, -0.90, 3.753, 92.14, -0.92, 0.009, 22.85, -7.17);
insert into SHOT values (306, 303, 308, 67, 3.840, 77.36, -1.30, 3.844, 77.37, -1.34, 0.005, 88.47, -35.82);
insert into SHOT values (307, 303, 309, 67, 1.210, 61.46, -0.50, 1.208, 61.31, -0.47, 0.004, 303.69, 8.96);
insert into SHOT values (308, 303, 310, 67, 2.820, 304.76, 8.60, 2.819, 304.77, 8.57, 0.002, 74.76, -68.56);
insert into SHOT values (309, 303, 311, 67, 2.670, 335.76, 7.60, 2.677, 335.75, 7.51, 0.008, 332.23, -22.30);
insert into SHOT values (310, 303, 312, 67, 0.290, 259.36, 6.90, 0.286, 259.88, 6.02, 0.006, 43.20, -48.30);
insert into SHOT values (311, 303, 313, 67, 2.770, 3.46, 3.50, 2.770, 3.52, 3.52, 0.003, 85.93, 16.54);
insert into SHOT values (312, 303, 314, 67, 1.000, 38.16, 6.70, 0.997, 38.03, 6.91, 0.005, 256.40, 41.35);
insert into SHOT values (313, 303, 315, 67, 0.800, 54.06, 7.10, 0.800, 53.71, 7.18, 0.005, 325.92, 12.79);
insert into SHOT values (314, 303, 316, 67, 2.900, 130.66, -72.10, 2.901, 130.46, -72.06, 0.004, 78.36, -5.44);
insert into SHOT values (315, 303, 317, 67, 5.950, 103.76, 63.90, 5.946, 103.72, 63.91, 0.005, 317.80, -41.44);
insert into SHOT values (316, 303, 318, 67, 6.580, 151.86, -80.50, 6.579, 151.77, -80.57, 0.008, 344.35, -1.73);
insert into SHOT values (317, 303, 319, 67, 3.010, 124.66, -72.50, 3.007, 124.57, -72.61, 0.007, 316.89, 5.99);
insert into SHOT values (318, 303, 52, 67, 2.910, 129.36, -72.50, 2.914, 128.97, -72.54, 0.008, 34.74, -37.68);
insert into SHOT values (319, 303, 320, 67, 7.570, 347.66, -51.90, 7.577, 347.66, -51.87, 0.008, 344.06, -22.00);
insert into SHOT values (320, 320, 321, 67, 1.290, 250.16, -1.60, 1.288, 250.02, -1.33, 0.007, 128.96, 57.53);
insert into SHOT values (321, 320, 322, 67, 1.880, 236.76, -7.70, 1.881, 236.82, -7.64, 0.003, 303.62, 42.32);
insert into SHOT values (322, 320, 323, 67, 1.890, 215.36, -0.80, 1.887, 215.29, -0.61, 0.007, 72.82, 58.56);
insert into SHOT values (323, 320, 324, 67, 1.770, 198.36, 3.10, 1.771, 198.13, 3.24, 0.008, 110.84, 30.51);
insert into SHOT values (324, 320, 325, 67, 2.380, 179.86, 11.50, 2.389, 179.76, 11.59, 0.011, 150.47, 31.60);
insert into SHOT values (325, 320, 326, 67, 2.850, 170.56, 12.50, 2.856, 170.50, 12.54, 0.007, 144.15, 26.07);
insert into SHOT values (326, 320, 327, 67, 3.270, 179.26, 9.40, 3.275, 179.29, 9.49, 0.007, 199.92, 53.14);
insert into SHOT values (327, 320, 328, 67, 1.710, 124.16, 6.80, 1.719, 124.25, 7.02, 0.011, 142.38, 42.48);
insert into SHOT values (328, 320, 329, 67, 2.270, 96.56, 3.40, 2.269, 96.59, 3.54, 0.006, 228.65, 74.01);
insert into SHOT values (329, 320, 330, 67, 3.090, 81.76, 5.50, 3.096, 81.79, 5.56, 0.007, 96.48, 32.61);
insert into SHOT values (330, 320, 331, 67, 2.790, 51.06, 1.10, 2.788, 51.12, 1.23, 0.007, 175.53, 64.17);
insert into SHOT values (331, 320, 332, 67, 0.200, 36.56, -10.00, 0.194, 38.66, -8.88, 0.010, 161.97, 28.74);
insert into SHOT values (332, 320, 333, 67, 0.770, 112.56, -75.00, 0.768, 112.83, -74.43, 0.008, 120.65, 28.50);
insert into SHOT values (333, 320, 334, 67, 8.920, 142.56, 67.60, 8.924, 142.52, 67.59, 0.005, 105.37, 38.61);
insert into SHOT values (334, 320, 335, 67, 4.680, 247.16, -9.30, 4.676, 247.05, -9.23, 0.012, 139.30, 32.54);
insert into SHOT values (335, 335, 336, 67, 0.790, 274.86, 85.30, 0.783, 278.13, 84.82, 0.010, 309.36, -45.90);
insert into SHOT values (336, 335, 337, 67, 0.800, 326.76, 83.70, 0.796, 327.99, 83.19, 0.009, 344.02, -37.08);
insert into SHOT values (337, 335, 338, 67, 0.410, 222.16, 78.00, 0.409, 225.00, 78.02, 0.004, 318.88, -13.82);
insert into SHOT values (338, 335, 339, 67, 0.420, 339.86, -8.20, 0.422, 338.96, -8.17, 0.007, 267.55, -0.80);
insert into SHOT values (339, 335, 340, 67, 0.500, 351.06, -70.90, 0.510, 349.99, -70.22, 0.012, 331.32, -38.24);
insert into SHOT values (340, 335, 341, 67, 0.270, 191.66, 29.00, 0.269, 192.26, 28.91, 0.003, 299.34, -19.09);
insert into SHOT values (341, 335, 342, 67, 4.080, 266.96, 4.70, 4.079, 267.04, 4.64, 0.007, 5.95, -38.15);
insert into SHOT values (342, 335, 343, 67, 4.550, 266.86, 4.30, 4.549, 266.97, 4.29, 0.008, 2.70, -7.89);
insert into SHOT values (343, 335, 344, 67, 4.380, 266.66, 3.80, 4.387, 266.73, 3.79, 0.008, 302.10, -1.93);
insert into SHOT values (344, 335, 345, 67, 4.060, 267.06, 4.70, 4.068, 267.17, 4.65, 0.012, 309.33, -12.97);
insert into SHOT values (345, 345, 346, 67, 0.230, 182.26, -5.20, 0.231, 180.00, -4.97, 0.009, 97.09, 5.30);
insert into SHOT values (346, 345, 347, 67, 0.340, 176.86, -48.50, 0.348, 175.03, -48.40, 0.011, 123.34, -30.25);
insert into SHOT values (347, 345, 348, 67, 1.110, 276.46, -77.70, 1.114, 274.97, -78.04, 0.010, 143.13, -33.53);
insert into SHOT values (348, 345, 349, 67, 0.220, 342.06, 6.70, 0.210, 343.30, 5.47, 0.012, 137.21, -27.83);
insert into SHOT values (349, 345, 350, 67, 0.640, 290.76, 87.70, 0.640, 296.57, 88.00, 0.004, 77.44, 7.14);
insert into SHOT values (350, 345, 351, 67, 1.250, 294.36, -71.80, 1.251, 294.57, -72.08, 0.006, 100.54, -23.79);
insert into SHOT values (351, 345, 352, 67, 0.340, 157.26, -71.50, 0.339, 153.43, -70.74, 0.009, 93.45, 16.29);
insert into SHOT values (352, 345, 353, 67, 0.420, 185.16, 23.40, 0.426, 184.40, 23.49, 0.008, 142.51, 22.56);
insert into SHOT values (353, 345, 354, 67, 0.710, 282.56, -24.70, 0.703, 282.72, -25.27, 0.010, 91.80, -19.04);
insert into SHOT values (354, 354, 355, 67, 0.630, 228.56, -14.70, 0.637, 228.29, -14.56, 0.007, 205.21, -1.02);
insert into SHOT values (355, 354, 356, 67, 1.070, 204.66, -7.20, 1.077, 204.89, -6.93, 0.010, 233.15, 25.04);
insert into SHOT values (356, 354, 357, 67, 1.040, 191.76, -5.50, 1.048, 192.17, -5.47, 0.011, 233.94, -1.66);
insert into SHOT values (357, 354, 358, 67, 1.600, 273.76, -16.60, 1.598, 273.74, -16.36, 0.007, 179.00, 84.99);
insert into SHOT values (358, 354, 359, 67, 0.210, 357.26, 9.10, 0.204, 357.14, 11.30, 0.010, 180.78, 43.62);
insert into SHOT values (359, 354, 360, 67, 0.650, 89.96, 12.80, 0.648, 90.00, 13.39, 0.007, 263.88, 57.16);
insert into SHOT values (360, 354, 361, 67, 0.470, 152.76, 8.10, 0.475, 153.43, 8.48, 0.008, 205.24, 28.53);
insert into SHOT values (361, 354, 362, 67, 0.640, 183.16, 71.70, 0.642, 185.71, 71.76, 0.009, 274.17, 14.84);
insert into SHOT values (362, 354, 363, 67, 1.490, 165.26, -81.10, 1.489, 167.74, -80.90, 0.011, 230.73, 10.46);
insert into SHOT values (363, 354, 364, 67, 0.350, 167.46, -27.70, 0.354, 169.05, -26.87, 0.011, 224.10, 14.47);
insert into SHOT values (364, 354, 365, 67, 3.260, 206.86, 61.20, 3.262, 206.89, 61.24, 0.003, 341.21, 71.18);
insert into SHOT values (365, 354, 366, 67, 1.500, 269.86, -10.90, 1.506, 269.61, -10.71, 0.010, 227.52, 20.82);
insert into SHOT values (366, 366, 367, 67, 0.500, 172.36, 3.70, 0.496, 171.87, 3.47, 0.006, 39.14, -21.20);
insert into SHOT values (367, 366, 368, 67, 0.520, 215.96, 4.20, 0.518, 215.54, 4.43, 0.005, 93.05, 22.79);
insert into SHOT values (368, 366, 369, 67, 0.680, 245.96, 5.60, 0.680, 246.47, 5.91, 0.007, 341.15, 31.34);
insert into SHOT values (369, 366, 370, 67, 0.610, 83.36, -0.30, 0.614, 83.45, 0.00, 0.005, 97.03, 37.73);
insert into SHOT values (370, 366, 371, 67, 1.490, 106.26, -3.60, 1.490, 106.00, -3.46, 0.008, 20.76, 27.32);
insert into SHOT values (371, 366, 372, 67, 0.890, 111.46, -3.70, 0.892, 111.08, -3.86, 0.007, 34.72, -23.00);
insert into SHOT values (372, 366, 373, 67, 0.550, 134.76, 3.70, 0.545, 134.26, 3.15, 0.009, 2.63, -40.22);
insert into SHOT values (373, 366, 374, 67, 0.580, 79.46, 4.00, 0.582, 79.08, 3.94, 0.004, 15.60, -6.02);
insert into SHOT values (374, 366, 375, 67, 1.790, 59.26, 4.00, 1.798, 59.15, 3.83, 0.010, 35.30, -28.36);
insert into SHOT values (375, 366, 376, 67, 1.440, 43.86, 3.60, 1.446, 43.88, 3.57, 0.006, 47.45, -4.25);
insert into SHOT values (376, 366, 377, 67, 1.220, 205.46, 81.40, 1.213, 206.57, 81.52, 0.008, 341.60, -51.67);
insert into SHOT values (377, 366, 378, 67, 1.370, 53.86, -85.40, 1.375, 52.13, -85.24, 0.007, 13.67, -39.48);
insert into SHOT values (378, 366, 379, 67, 1.510, 56.46, -9.90, 1.515, 56.20, -9.88, 0.008, 0.82, -2.71);
insert into SHOT values (379, 379, 380, 67, 0.350, 53.06, 10.50, 0.349, 54.46, 9.89, 0.009, 144.08, -24.23);
insert into SHOT values (380, 379, 381, 67, 0.580, 344.26, -3.60, 0.571, 344.74, -4.01, 0.011, 135.63, -19.68);
insert into SHOT values (381, 379, 382, 67, 0.920, 311.76, -6.20, 0.912, 311.42, -6.29, 0.009, 166.39, -3.88);
insert into SHOT values (382, 379, 383, 67, 1.040, 298.56, -6.40, 1.040, 298.30, -6.62, 0.006, 208.66, -40.76);
insert into SHOT values (383, 379, 384, 67, 1.210, 285.46, -2.50, 1.204, 285.42, -2.38, 0.006, 114.23, 26.46);
insert into SHOT values (384, 379, 385, 67, 0.630, 197.86, 3.20, 0.630, 197.57, 2.73, 0.006, 113.91, -58.08);
insert into SHOT values (385, 379, 386, 67, 0.510, 161.86, 6.90, 0.519, 161.92, 6.64, 0.009, 164.89, -7.89);
insert into SHOT values (386, 379, 387, 67, 1.300, 247.46, -7.50, 1.302, 247.21, -7.50, 0.006, 175.73, -3.01);
insert into SHOT values (387, 379, 388, 67, 0.920, 260.76, -4.10, 0.915, 260.54, -4.39, 0.008, 115.14, -33.64);
insert into SHOT values (388, 379, 389, 67, 1.190, 189.86, 71.90, 1.191, 189.21, 71.65, 0.007, 149.99, -9.51);
insert into SHOT values (389, 379, 390, 67, 1.490, 339.96, -78.40, 1.490, 340.35, -78.49, 0.003, 118.99, -8.12);
insert into SHOT values (390, 379, 391, 67, 1.610, 300.66, -75.60, 1.609, 300.47, -75.81, 0.006, 133.55, -5.46);
insert into SHOT values (391, 379, 392, 67, 2.050, 276.76, -17.80, 2.053, 276.76, -17.87, 0.004, 275.11, -62.62);
insert into SHOT values (392, 392, 393, 67, 0.130, 147.66, 14.50, 0.134, 147.53, 12.96, 0.005, 143.81, -29.34);
insert into SHOT values (393, 392, 394, 67, 0.140, 79.76, 10.70, 0.145, 81.87, 11.98, 0.008, 133.89, 31.98);
insert into SHOT values (394, 392, 395, 67, 0.140, 67.96, 2.30, 0.140, 68.96, 4.11, 0.005, 172.37, 60.20);
insert into SHOT values (395, 392, 396, 67, 0.150, 58.26, 12.20, 0.151, 61.70, 11.49, 0.009, 143.29, -10.82);
insert into SHOT values (396, 392, 397, 67, 0.190, 334.16, -7.00, 0.189, 334.80, -6.08, 0.004, 83.02, 55.06);
insert into SHOT values (397, 392, 398, 67, 0.620, 257.96, -6.50, 0.618, 257.77, -6.50, 0.003, 121.80, 3.66);
insert into SHOT values (398, 392, 399, 67, 2.320, 247.46, 10.10, 2.323, 247.36, 10.17, 0.006, 184.83, 34.54);
insert into SHOT values (399, 392, 400, 67, 0.990, 223.16, 8.20, 0.993, 222.94, 8.10, 0.005, 176.65, -12.85);
insert into SHOT values (400, 392, 401, 67, 0.440, 184.56, 5.70, 0.444, 183.90, 6.47, 0.009, 126.42, 46.39);
insert into SHOT values (401, 392, 402, 67, 1.130, 196.66, 57.80, 1.134, 196.34, 57.81, 0.006, 139.70, 42.77);
insert into SHOT values (402, 392, 403, 67, 0.160, 358.26, -71.20, 0.158, 0.00, -71.57, 0.003, 134.55, 33.72);
insert into SHOT values (403, 392, 404, 67, 1.910, 0.46, -72.40, 1.907, 1.01, -72.61, 0.009, 144.60, 3.69);
insert into SHOT values (404, 392, 405, 67, 1.950, 245.76, -7.20, 1.948, 245.56, -7.08, 0.008, 144.81, 31.78);
insert into SHOT values (405, 405, 406, 67, 0.340, 345.56, 3.20, 0.340, 346.37, 3.37, 0.005, 74.91, 12.00);
insert into SHOT values (406, 405, 407, 67, 0.560, 320.76, 8.30, 0.560, 320.86, 8.21, 0.001, 32.30, -41.41);
insert into SHOT values (407, 405, 408, 67, 0.700, 303.26, 9.70, 0.704, 303.23, 9.82, 0.004, 296.98, 30.99);
insert into SHOT values (408, 405, 409, 67, 0.560, 0.06, 70.10, 0.554, 0.00, 69.93, 0.007, 198.81, -84.37);
insert into SHOT values (409, 405, 410, 67, 0.160, 194.76, 8.90, 0.157, 194.93, 7.34, 0.006, 5.59, -58.89);
insert into SHOT values (410, 405, 411, 67, 0.400, 53.06, -4.30, 0.401, 53.13, -4.29, 0.001, 75.75, -0.40);
insert into SHOT values (411, 405, 412, 67, 0.340, 103.26, 0.60, 0.340, 103.63, 0.00, 0.004, 204.52, -58.27);
insert into SHOT values (412, 405, 413, 67, 0.890, 94.16, -31.60, 0.895, 93.76, -31.68, 0.007, 38.26, -29.72);
insert into SHOT values (413, 405, 414, 67, 3.080, 280.06, -74.30, 3.085, 280.37, -74.32, 0.007, 8.18, -48.00);
insert into SHOT values (414, 405, 415, 67, 3.020, 279.46, -74.20, 3.024, 279.81, -74.23, 0.006, 12.85, -39.73);
insert into SHOT values (415, 415, 416, 67, 0.150, 148.06, -5.30, 0.153, 148.39, -3.75, 0.005, 163.05, 48.61);
insert into SHOT values (416, 415, 417, 67, 0.120, 204.96, -5.60, 0.121, 204.44, -4.73, 0.002, 166.92, 43.93);
insert into SHOT values (417, 415, 418, 67, 0.140, 220.26, 1.60, 0.142, 219.29, 4.02, 0.007, 172.09, 61.99);
insert into SHOT values (418, 415, 419, 67, 1.490, 237.96, 15.90, 1.495, 238.08, 15.92, 0.006, 271.77, 18.94);
insert into SHOT values (419, 415, 420, 67, 2.900, 274.36, 81.70, 2.901, 274.09, 81.65, 0.003, 234.43, 6.75);
insert into SHOT values (420, 415, 421, 67, 1.760, 56.96, 19.60, 1.758, 57.08, 19.61, 0.004, 179.20, -5.74);
insert into SHOT values (421, 415, 422, 67, 1.570, 166.56, -78.40, 1.572, 167.28, -78.34, 0.005, 228.73, -24.81);
insert into SHOT values (422, 415, 423, 67, 4.770, 231.56, -29.30, 4.771, 231.53, -29.23, 0.006, 202.77, 44.78);
insert into SHOT values (423, 423, 424, 67, 0.200, 150.56, 7.50, 0.198, 149.53, 5.79, 0.007, 43.45, -58.76);
insert into SHOT values (424, 423, 425, 67, 0.400, 195.26, -61.10, 0.401, 194.74, -60.69, 0.004, 165.77, 2.94);
insert into SHOT values (425, 423, 426, 67, 0.370, 296.96, 44.10, 0.374, 296.57, 44.10, 0.004, 261.51, 38.05);
insert into SHOT values (426, 423, 427, 67, 0.700, 282.36, 70.90, 0.697, 282.80, 71.13, 0.004, 75.61, -20.76);
insert into SHOT values (427, 423, 428, 67, 1.280, 223.66, 4.90, 1.278, 223.73, 4.94, 0.003, 10.87, 14.18);
insert into SHOT values (428, 423, 429, 67, 1.690, 231.26, 0.80, 1.693, 231.23, 0.68, 0.005, 216.17, -48.32);
insert into SHOT values (429, 423, 430, 67, 1.240, 246.36, -2.70, 1.237, 246.13, -2.78, 0.006, 125.69, -15.33);
insert into SHOT values (430, 423, 431, 67, 0.370, 265.56, 5.80, 0.373, 265.36, 6.15, 0.004, 243.11, 37.82);
insert into SHOT values (431, 423, 432, 67, 0.280, 89.96, 10.60, 0.284, 90.00, 10.12, 0.005, 92.15, -17.49);
insert into SHOT values (432, 423, 433, 67, 0.920, 76.06, 7.80, 0.925, 76.12, 7.46, 0.007, 85.09, -42.16);
insert into SHOT values (433, 423, 434, 67, 0.330, 352.96, 14.80, 0.332, 352.87, 13.93, 0.006, 344.79, -51.05);
insert into SHOT values (434, 423, 435, 67, 1.190, 217.26, 77.40, 1.190, 217.30, 77.18, 0.005, 219.73, -16.87);
insert into SHOT values (435, 423, 436, 67, 0.420, 179.16, -73.20, 0.418, 180.00, -73.30, 0.003, 307.89, 42.70);
insert into SHOT values (436, 423, 437, 67, 2.840, 242.06, 1.60, 2.842, 242.08, 1.61, 0.002, 271.05, 19.81);
insert into SHOT values (437, 437, 438, 67, 3.170, 252.76, 4.30, 3.171, 252.71, 4.16, 0.008, 195.37, -66.13);
insert into SHOT values (438, 437, 439, 67, 2.550, 276.76, 6.90, 2.546, 276.82, 6.77, 0.008, 64.21, -55.57);
insert into SHOT values (439, 437, 440, 67, 3.440, 251.56, 3.90, 3.436, 251.46, 3.84, 0.008, 127.86, -28.12);
insert into SHOT values (440, 437, 441, 67, 3.180, 262.86, 3.50, 3.180, 262.94, 3.43, 0.006, 353.13, -43.21);
insert into SHOT values (441, 437, 442, 67, 2.920, 273.16, 5.30, 2.917, 273.16, 5.31, 0.003, 97.60, 5.10);
insert into SHOT values (442, 437, 443, 67, 1.820, 298.46, 8.60, 1.819, 298.56, 8.54, 0.004, 40.53, -34.69);
insert into SHOT values (443, 437, 444, 67, 0.310, 327.56, 7.10, 0.308, 328.39, 7.46, 0.005, 85.74, 18.56);
insert into SHOT values (444, 437, 445, 67, 1.660, 187.46, -8.10, 1.661, 187.34, -8.31, 0.007, 97.94, -60.28);
insert into SHOT values (445, 437, 446, 67, 0.320, 151.86, 1.00, 0.318, 151.82, 0.00, 0.006, 337.54, -67.48);
insert into SHOT values (446, 437, 447, 67, 0.250, 131.86, 7.90, 0.250, 130.10, 6.89, 0.009, 46.73, -29.64);
insert into SHOT values (447, 437, 448, 67, 2.970, 303.36, 79.70, 2.967, 303.39, 79.77, 0.005, 120.02, -27.68);
insert into SHOT values (448, 437, 449, 67, 1.730, 76.56, -78.90, 1.734, 76.37, -78.70, 0.007, 66.74, -19.73);
insert into SHOT values (449, 437, 450, 67, 12.780, 177.46, -67.50, 12.784, 177.42, -67.49, 0.006, 139.60, -27.64);
insert into SHOT values (450, 437, 451, 67, 7.170, 265.36, 75.00, 7.165, 265.36, 74.99, 0.006, 275.34, -86.54);
insert into SHOT values (451, 450, 452, 67, 1.250, 192.36, -2.80, 1.251, 192.48, -2.75, 0.003, 260.67, 21.25);
insert into SHOT values (452, 450, 453, 67, 1.140, 171.46, -2.60, 1.134, 171.37, -2.53, 0.007, 8.59, 15.27);
insert into SHOT values (453, 450, 454, 67, 1.460, 122.06, -3.20, 1.453, 122.05, -3.16, 0.007, 305.47, 12.80);
insert into SHOT values (454, 450, 455, 67, 1.800, 97.36, -0.70, 1.795, 97.36, -0.64, 0.005, 277.40, 21.45);
insert into SHOT values (455, 450, 456, 67, 1.770, 60.06, 20.00, 1.770, 60.04, 20.15, 0.005, 267.79, 73.93);
insert into SHOT values (456, 450, 457, 67, 2.130, 5.66, 15.20, 2.135, 5.57, 15.21, 0.006, 328.20, 16.03);
insert into SHOT values (457, 450, 458, 67, 2.950, 348.46, 17.00, 2.956, 348.37, 16.91, 0.009, 315.68, -16.84);
insert into SHOT values (458, 450, 459, 67, 2.420, 326.86, 16.80, 2.422, 326.79, 16.80, 0.004, 271.12, 8.64);
insert into SHOT values (459, 450, 460, 67, 1.920, 310.46, 23.80, 1.920, 310.39, 23.64, 0.006, 269.50, -54.45);
insert into SHOT values (460, 450, 461, 67, 0.440, 270.96, 23.70, 0.439, 271.43, 24.22, 0.005, 41.26, 36.18);
insert into SHOT values (461, 450, 462, 67, 5.830, 342.96, 29.00, 5.837, 342.91, 29.00, 0.008, 308.26, 24.93);
insert into SHOT values (462, 450, 463, 67, 17.680, 351.16, 74.00, 17.676, 351.16, 73.98, 0.007, 343.89, -46.94);
insert into SHOT values (463, 450, 464, 67, 14.990, 328.66, 70.80, 14.993, 328.70, 70.81, 0.005, 98.44, 44.52);
insert into SHOT values (464, 450, 465, 67, 0.840, 331.16, -70.00, 0.843, 331.70, -69.50, 0.008, 350.26, -4.45);
insert into SHOT values (465, 450, 466, 67, 6.230, 138.76, -74.70, 6.229, 138.72, -74.76, 0.007, 329.60, -6.40);
insert into SHOT values (466, 450, 467, 67, 4.160, 113.86, -45.00, 4.159, 113.86, -44.99, 0.002, 269.41, 85.90);
insert into SHOT values (467, 450, 468, 67, 6.070, 145.06, -73.50, 6.070, 144.93, -73.51, 0.004, 39.64, 0.48);
insert into SHOT values (468, 450, 469, 67, 2.930, 346.26, -14.90, 2.928, 346.31, -14.84, 0.004, 101.49, 54.30);
insert into SHOT values (469, 468, 470, 67, 1.240, 232.76, -9.60, 1.246, 232.94, -9.70, 0.007, 268.60, -25.85);
insert into SHOT values (470, 468, 471, 67, 1.930, 244.56, -11.20, 1.930, 244.65, -11.36, 0.006, 354.71, -57.99);
insert into SHOT values (471, 468, 472, 67, 2.480, 252.06, -10.90, 2.483, 252.09, -10.91, 0.003, 270.02, -18.54);
insert into SHOT values (472, 468, 473, 67, 1.410, 263.46, -7.90, 1.412, 263.43, -7.73, 0.005, 248.00, 55.03);
insert into SHOT values (473, 468, 474, 67, 1.260, 311.36, 6.20, 1.262, 311.44, 6.37, 0.005, 3.87, 60.28);
insert into SHOT values (474, 468, 475, 67, 1.350, 341.56, 4.80, 1.355, 341.43, 4.66, 0.007, 309.85, -26.64);
insert into SHOT values (475, 468, 476, 67, 1.920, 24.86, 22.10, 1.921, 24.55, 22.01, 0.010, 306.79, -13.33);
insert into SHOT values (476, 468, 477, 67, 3.080, 44.56, 26.10, 3.077, 44.56, 26.02, 0.005, 230.56, -78.04);
insert into SHOT values (477, 468, 478, 67, 0.180, 147.76, 1.30, 0.175, 149.04, 0.00, 0.008, 290.27, -32.59);
insert into SHOT values (478, 468, 479, 67, 1.040, 293.66, 80.60, 1.045, 293.63, 80.38, 0.006, 292.45, 39.65);
insert into SHOT values (479, 468, 480, 67, 9.450, 340.46, 79.70, 9.452, 340.28, 79.71, 0.006, 244.11, 22.62);
insert into SHOT values (480, 468, 481, 67, 2.400, 237.66, -46.40, 2.400, 237.85, -46.46, 0.006, 343.29, -19.72);
insert into SHOT values (481, 481, 482, 67, 1.600, 258.26, -5.00, 1.601, 258.06, -5.02, 0.006, 174.21, -5.44);
insert into SHOT values (482, 481, 483, 67, 1.090, 240.76, -6.10, 1.093, 240.84, -5.77, 0.007, 261.59, 53.62);
insert into SHOT values (483, 481, 484, 67, 0.960, 290.16, -2.60, 0.959, 290.14, -2.39, 0.004, 156.66, 80.26);
insert into SHOT values (484, 481, 485, 67, 0.750, 323.06, 9.30, 0.752, 322.67, 9.19, 0.006, 253.05, -12.43);
insert into SHOT values (485, 481, 486, 67, 0.180, 176.76, -1.70, 0.180, 176.82, 0.00, 0.005, 203.65, 85.72);
insert into SHOT values (486, 481, 487, 67, 0.520, 89.86, 9.00, 0.516, 90.00, 8.91, 0.004, 251.11, -19.50);
insert into SHOT values (487, 481, 488, 67, 0.870, 5.56, 6.20, 0.869, 5.31, 6.60, 0.007, 257.69, 56.95);
insert into SHOT values (488, 481, 489, 67, 2.270, 334.66, 74.80, 2.268, 333.87, 74.91, 0.010, 213.80, -3.53);
insert into SHOT values (489, 481, 490, 67, 15.480, 152.06, -79.60, 15.475, 152.06, -79.59, 0.006, 147.11, 75.61);
insert into SHOT values (490, 481, 491, 67, 12.390, 8.06, -87.30, 12.383, 7.99, -87.34, 0.010, 193.29, 37.65);
insert into SHOT values (491, 491, 492, 67, 2.410, 179.56, 10.20, 2.407, 179.52, 10.05, 0.007, 45.84, -68.68);
insert into SHOT values (492, 491, 493, 67, 2.730, 142.56, 4.40, 2.726, 142.62, 4.42, 0.005, 285.41, 6.58);
insert into SHOT values (493, 491, 494, 67, 3.000, 115.86, 2.80, 3.000, 115.71, 2.67, 0.010, 27.55, -39.33);
insert into SHOT values (494, 491, 495, 67, 1.850, 242.96, 29.50, 1.846, 242.96, 29.54, 0.005, 65.24, -12.05);
insert into SHOT values (495, 491, 496, 67, 0.450, 319.46, 33.20, 0.452, 319.24, 32.08, 0.009, 306.04, -44.51);
insert into SHOT values (496, 491, 497, 67, 0.940, 68.06, 4.90, 0.941, 68.09, 4.88, 0.001, 85.10, -13.11);
insert into SHOT values (497, 491, 498, 67, 3.190, 101.66, 1.50, 3.186, 101.59, 1.44, 0.007, 326.48, -32.22);
insert into SHOT values (498, 491, 499, 67, 2.980, 119.66, 4.10, 2.977, 119.67, 4.05, 0.004, 289.42, -45.32);
insert into SHOT values (499, 491, 500, 67, 13.560, 218.76, 86.80, 13.551, 218.54, 86.81, 0.010, 86.78, -66.11);
insert into SHOT values (500, 491, 501, 67, 5.910, 143.66, -51.70, 5.911, 143.66, -51.72, 0.002, 326.87, -69.49);
insert into SHOT values (501, 491, 502, 67, 3.480, 170.66, -41.50, 3.481, 170.72, -41.58, 0.005, 302.53, -50.15);
insert into SHOT values (502, 502, 503, 67, 1.080, 195.36, -5.40, 1.072, 195.21, -5.35, 0.009, 35.56, 11.10);
insert into SHOT values (503, 502, 504, 67, 0.420, 238.86, -6.90, 0.411, 239.04, -6.98, 0.009, 50.86, 2.95);
insert into SHOT values (504, 502, 505, 67, 0.270, 291.36, 9.70, 0.274, 291.80, 10.52, 0.006, 324.90, 50.38);
insert into SHOT values (505, 502, 506, 67, 2.050, 22.36, -0.40, 2.054, 22.32, -0.28, 0.006, 0.80, 45.62);
insert into SHOT values (506, 502, 507, 67, 1.490, 3.26, 1.70, 1.493, 3.46, 1.53, 0.007, 59.61, -34.70);
insert into SHOT values (507, 502, 508, 67, 3.290, 50.76, 17.60, 3.293, 50.68, 17.49, 0.008, 9.50, -36.58);
insert into SHOT values (508, 502, 509, 67, 2.450, 71.76, 19.00, 2.452, 71.64, 19.04, 0.006, 358.20, 25.07);
insert into SHOT values (509, 502, 510, 67, 1.610, 95.16, 14.00, 1.614, 95.13, 13.98, 0.004, 82.18, 6.87);
insert into SHOT values (510, 502, 511, 67, 1.240, 113.36, 0.60, 1.241, 113.26, 0.46, 0.004, 45.52, -50.97);
insert into SHOT values (511, 502, 512, 67, 13.880, 29.26, 77.20, 13.875, 29.40, 77.19, 0.009, 111.32, -34.60);
insert into SHOT values (512, 502, 513, 67, 10.930, 149.56, -65.40, 10.932, 149.49, -65.40, 0.006, 60.03, -19.48);
insert into SHOT values (513, 502, 514, 67, 10.170, 143.86, -66.90, 10.167, 143.76, -66.88, 0.009, 70.97, 31.88);
insert into SHOT values (514, 502, 515, 67, 9.680, 143.56, -66.70, 9.681, 143.49, -66.68, 0.006, 86.47, 5.45);
insert into SHOT values (515, 502, 516, 67, 9.720, 143.46, -67.00, 9.722, 143.46, -67.02, 0.003, 324.57, -55.61);
insert into SHOT values (516, 516, 517, 67, 1.960, 80.56, 0.50, 1.966, 80.63, 0.58, 0.007, 101.69, 23.25);
insert into SHOT values (517, 516, 518, 67, 0.920, 113.86, 15.90, 0.921, 113.96, 15.75, 0.003, 157.95, -42.63);
insert into SHOT values (518, 516, 519, 67, 0.740, 148.96, 9.80, 0.739, 148.50, 10.14, 0.007, 39.97, 32.84);
insert into SHOT values (519, 516, 520, 67, 1.700, 208.96, 2.70, 1.703, 208.83, 2.69, 0.005, 151.70, -0.96);
insert into SHOT values (520, 516, 521, 67, 2.470, 229.46, 0.80, 2.461, 229.45, 0.93, 0.010, 53.28, 32.36);
insert into SHOT values (521, 516, 522, 67, 1.270, 242.16, 3.70, 1.268, 242.22, 3.62, 0.003, 20.94, -45.33);
insert into SHOT values (522, 516, 523, 67, 1.000, 286.26, 5.50, 0.995, 286.42, 5.77, 0.007, 77.37, 36.06);
insert into SHOT values (523, 516, 524, 67, 1.070, 346.66, 24.20, 1.070, 346.96, 24.29, 0.005, 86.06, 15.02);
insert into SHOT values (524, 516, 525, 67, 8.010, 35.16, 82.50, 8.010, 35.35, 82.44, 0.010, 56.25, -8.83);
insert into SHOT values (525, 516, 526, 67, 9.060, 305.36, 68.70, 9.059, 305.48, 68.70, 0.007, 36.15, -9.70);
insert into SHOT values (526, 516, 527, 67, 2.820, 133.66, -66.60, 2.821, 133.55, -66.66, 0.004, 356.53, -30.83);
insert into SHOT values (527, 516, 528, 67, 11.900, 165.56, -69.70, 11.900, 165.56, -69.69, 0.002, 159.94, 24.14);
insert into SHOT values (528, 502, 529, 67, 11.410, 176.96, -65.70, 11.411, 176.95, -65.70, 0.002, 135.16, -27.37);
insert into SHOT values (529, 502, 530, 67, 8.390, 42.96, 79.00, 8.394, 42.97, 79.02, 0.005, 214.29, 66.00);
insert into SHOT values (530, 529, 531, 67, 0.640, 294.46, 2.50, 0.640, 294.96, 2.68, 0.006, 20.87, 20.43);
insert into SHOT values (531, 529, 532, 67, 1.110, 257.66, -0.10, 1.104, 257.98, 0.00, 0.009, 31.33, 13.00);
insert into SHOT values (532, 529, 533, 67, 1.130, 359.16, 15.00, 1.128, 359.47, 14.90, 0.007, 103.05, -21.98);
insert into SHOT values (533, 529, 534, 67, 0.670, 77.06, 12.60, 0.674, 76.81, 12.85, 0.006, 37.14, 40.33);
insert into SHOT values (534, 529, 535, 67, 2.970, 51.56, 13.90, 2.975, 51.46, 13.81, 0.009, 12.78, -23.65);
insert into SHOT values (535, 529, 536, 67, 2.670, 31.16, 8.40, 2.671, 31.22, 8.39, 0.003, 93.83, -0.75);
insert into SHOT values (536, 529, 537, 67, 3.080, 11.36, 9.20, 3.079, 11.38, 9.16, 0.003, 128.57, -62.58);
insert into SHOT values (537, 529, 538, 67, 1.930, 9.36, 4.10, 1.930, 9.27, 4.16, 0.004, 280.43, 31.90);
insert into SHOT values (538, 529, 539, 67, 15.070, 356.66, 67.90, 15.067, 356.66, 67.90, 0.003, 146.57, -87.92);
insert into SHOT values (539, 529, 540, 67, 1.010, 341.06, -79.00, 1.010, 342.47, -78.62, 0.008, 18.25, 10.08);
insert into SHOT values (540, 529, 541, 67, 0.980, 268.66, 26.90, 0.975, 268.68, 26.82, 0.005, 83.92, -42.12);
insert into SHOT values (541, 541, 542, 67, 0.260, 150.16, -19.10, 0.255, 150.26, -18.30, 0.006, 324.33, 52.90);
insert into SHOT values (542, 541, 543, 67, 0.300, 178.26, -5.70, 0.302, 178.09, -5.71, 0.002, 149.62, -6.20);
insert into SHOT values (543, 541, 544, 67, 1.530, 220.46, -6.30, 1.526, 220.72, -6.02, 0.011, 336.24, 45.75);
insert into SHOT values (544, 541, 545, 67, 0.440, 215.36, 80.40, 0.446, 213.69, 80.69, 0.007, 93.70, 68.13);
insert into SHOT values (545, 541, 546, 67, 0.170, 331.76, 10.60, 0.175, 331.93, 13.24, 0.009, 341.33, 71.38);
insert into SHOT values (546, 541, 547, 67, 3.460, 231.96, -76.40, 3.457, 232.00, -76.41, 0.003, 31.10, 62.79);
insert into SHOT values (547, 541, 548, 67, 3.170, 59.36, 6.20, 3.172, 59.29, 6.34, 0.009, 338.90, 60.64);
insert into SHOT values (548, 541, 549, 67, 1.370, 19.26, 10.60, 1.369, 19.11, 10.95, 0.009, 253.83, 61.01);
insert into SHOT values (549, 541, 550, 67, 5.280, 208.36, -45.10, 5.280, 208.35, -45.10, 0.001, 127.33, 3.02);
insert into SHOT values (550, 491, 551, 67, 2.670, 50.76, 62.70, 2.670, 50.61, 62.59, 0.006, 15.63, -24.93);
insert into SHOT values (551, 551, 552, 67, 4.460, 51.06, 62.90, 4.460, 50.99, 62.88, 0.003, 353.61, -6.35);
insert into SHOT values (552, 551, 553, 67, 3.090, 250.46, -2.70, 3.091, 250.51, -2.78, 0.005, 332.68, -60.72);
insert into SHOT values (553, 551, 554, 67, 3.000, 215.16, -5.50, 2.999, 215.18, -5.55, 0.003, 348.71, -62.28);
insert into SHOT values (554, 551, 555, 67, 2.660, 179.16, -0.80, 2.661, 179.14, -0.86, 0.003, 115.62, -66.29);
insert into SHOT values (555, 551, 556, 67, 0.980, 318.76, 10.00, 0.978, 318.37, 10.01, 0.007, 213.59, -1.45);
insert into SHOT values (556, 551, 557, 67, 0.250, 113.86, -9.60, 0.245, 114.44, -9.40, 0.006, 267.05, 17.29);
insert into SHOT values (557, 551, 558, 67, 2.180, 131.06, -4.50, 2.183, 131.09, -4.47, 0.003, 150.41, 20.61);
insert into SHOT values (558, 551, 559, 67, 1.370, 64.66, -4.40, 1.364, 64.75, -4.62, 0.008, 225.02, -37.20);
insert into SHOT values (559, 551, 560, 67, 0.650, 323.96, 11.40, 0.649, 323.31, 11.55, 0.007, 224.44, 11.72);
insert into SHOT values (560, 551, 561, 67, 2.320, 279.56, 4.20, 2.318, 279.46, 4.21, 0.005, 159.72, 1.07);
insert into SHOT values (561, 551, 562, 67, 4.080, 262.76, 6.60, 4.079, 262.77, 6.62, 0.001, 48.73, 49.82);
insert into SHOT values (562, 562, 563, 67, 4.550, 263.26, 6.50, 4.550, 263.27, 6.44, 0.005, 307.87, -83.36);
insert into SHOT values (563, 562, 564, 67, 0.320, 35.96, 1.30, 0.322, 36.16, 0.00, 0.008, 63.52, -71.89);
insert into SHOT values (564, 562, 565, 67, 5.240, 282.46, 16.00, 5.239, 282.38, 15.95, 0.008, 193.46, -31.06);
insert into SHOT values (565, 562, 566, 67, 0.970, 291.66, 5.70, 0.970, 291.25, 5.32, 0.009, 205.22, -42.33);
insert into SHOT values (566, 562, 567, 67, 12.630, 255.06, -0.10, 12.638, 255.05, -0.09, 0.008, 236.69, 14.09);
insert into SHOT values (567, 562, 568, 67, 3.660, 249.46, 25.90, 3.668, 249.42, 25.86, 0.009, 234.08, 8.75);
insert into SHOT values (568, 562, 569, 67, 2.830, 243.06, 12.50, 2.835, 243.16, 12.43, 0.007, 283.49, -19.71);
insert into SHOT values (569, 562, 570, 67, 2.960, 243.26, 8.10, 2.962, 243.26, 7.96, 0.008, 241.08, -65.19);
insert into SHOT values (570, 562, 571, 67, 1.350, 35.46, -68.70, 1.351, 34.99, -68.82, 0.005, 277.34, -25.99);
insert into SHOT values (571, 562, 572, 67, 1.270, 9.56, -68.50, 1.268, 8.65, -68.48, 0.008, 277.86, 12.43);
insert into SHOT values (572, 562, 573, 67, 18.310, 264.26, -62.20, 18.315, 264.22, -62.19, 0.008, 207.11, -25.06);
insert into SHOT values (573, 550, 574, 67, 18.850, 262.26, -64.10, 18.845, 262.25, -64.09, 0.007, 220.06, 73.78);
insert into SCRAPS values (69, 58, 'SP-Z510_01', 1, 0.04027, 0.00215);
 insert into SCRAPS values (105, 58, 'SP-Z510_01B', 1, 0.06977, 0.00143);
 insert into SCRAPS values (164, 58, 'SP-Z510_03', 1, 0.02428, 0.00190);
 insert into SCRAPS values (201, 58, 'SP-Z510_04', 1, 14.84158, 0.26119);
 insert into SCRAPS values (275, 58, 'SP-Z510_02', 1, 9.19791, 0.16859);
 insert into SCRAPS values (352, 58, 'SP-Z510_02B', 1, 0.00902, 0.00117);
 insert into SCRAPS values (376, 58, 'SP-Z510_05', 1, 0.02195, 0.00157);
 insert into SCRAPS values (429, 58, 'SP-Z510_06', 1, 0.06087, 0.00135);
 insert into SCRAPS values (487, 58, 'SC-Z510_01', 2, 2.48845, 0.03078);
 insert into SCRAPS values (609, 58, 'SC-Z510_02', 2, 4.15253, 0.03872);
 insert into SCRAPS values (731, 58, 'SC-Z510_03', 2, 0.01137, 0.00053);
 insert into SCRAPS values (760, 58, 'SC-Z510_04', 2, 0.02213, 0.00102);
 insert into SCRAPS values (828, 58, 'SC-Z510_05', 2, 0.01189, 0.00066);
 insert into SCRAPS values (879, 58, 'SC-Z510_06', 2, 0.01624, 0.00064);
 insert into MAPS values (939, 58, 'MP-Z510-plan-tot', 'Z510', 1, 742.220, -237.200);
 insert into MAPITEMS values (939, 4, 69);
 insert into MAPITEMS values (939, 4, 105);
 insert into MAPITEMS values (939, 4, 275);
 insert into MAPITEMS values (939, 4, 352);
 insert into MAPITEMS values (939, 4, 164);
 insert into MAPITEMS values (939, 4, 201);
 insert into MAPITEMS values (939, 4, 376);
 insert into MAPITEMS values (939, 4, 429);
 insert into MAPS values (940, 58, 'MC-Z510-coupe-tot', 'Z510', 2, 742.220, -237.200);
 insert into MAPITEMS values (940, 4, 487);
 insert into MAPITEMS values (940, 4, 609);
 insert into MAPITEMS values (940, 4, 731);
 insert into MAPITEMS values (940, 4, 760);
 insert into MAPITEMS values (940, 4, 828);
 insert into MAPITEMS values (940, 4, 879);
 insert into STATION values (1, '0', 60, 679277.85, 4758074.98, 1565.19);
insert into STATION values (2, '0d', 60, 679277.85, 4758074.98, 1565.19);
insert into STATION values (3, '2.0', 60, 679277.85, 4758074.98, 1565.19);
insert into STATION values (4, '2.1', 60, 679275.45, 4758074.39, 1560.84);
insert into STATION values (5, '3.0', 60, 679277.85, 4758074.98, 1565.19);
insert into STATION values (6, '3.1', 60, 679277.35, 4758072.38, 1579.87);
insert into STATION values (7, '4.0', 60, 679277.85, 4758074.98, 1565.19);
insert into STATION values (8, '4.1', 60, 679281.13, 4758074.25, 1563.12);
insert into STATION values (9, '4.2', 60, 679283.08, 4758077.69, 1558.24);
insert into STATION values (10, '1.0', 60, 679283.08, 4758077.69, 1558.24);
insert into STATION values (11, 'M.0', 60, 679283.08, 4758077.69, 1558.24);
insert into STATION values (12, 'M.1', 60, 679279.68, 4758078.16, 1554.43);
insert into STATION values (13, '1.1', 60, 679286.90, 4758078.18, 1567.93);
insert into STATION values (14, '5.0', 60, 679286.90, 4758078.18, 1567.93);
insert into STATION values (15, '5.1', 60, 679287.73, 4758080.18, 1566.95);
insert into STATION values (16, '5.2', 60, 679293.01, 4758080.72, 1563.87);
insert into STATION values (17, '5.3', 60, 679294.08, 4758079.34, 1563.24);
insert into STATION values (18, '5.4', 60, 679294.20, 4758078.34, 1561.77);
insert into STATION values (19, '5.5', 60, 679291.93, 4758077.06, 1560.60);
insert into STATION values (20, '1.2', 60, 679291.02, 4758079.45, 1585.20);
insert into STATION values (21, '1.3', 60, 679291.52, 4758080.31, 1585.20);
insert into STATION values (22, '1.4', 60, 679291.86, 4758079.89, 1589.67);
insert into STATION values (23, '6.0', 60, 679291.52, 4758080.31, 1585.20);
insert into STATION values (24, '6.1', 60, 679290.19, 4758081.50, 1570.01);
insert into STATION values (25, '1.5', 60, 679296.34, 4758079.72, 1589.97);
insert into STATION values (26, '1.6', 60, 679296.39, 4758077.26, 1595.14);
insert into STATION values (27, '1.7', 60, 679296.68, 4758075.77, 1597.71);
insert into STATION values (28, '1.8', 60, 679296.03, 4758075.04, 1604.84);
insert into STATION values (29, '1.9', 60, 679295.33, 4758076.75, 1617.51);
insert into STATION values (30, '1.10', 60, 679294.68, 4758078.63, 1617.34);
insert into STATION values (31, '1.11', 60, 679292.07, 4758078.82, 1637.46);
insert into STATION values (32, '1.12', 60, 679292.89, 4758082.49, 1640.04);
insert into STATION values (33, '1.13', 60, 679298.57, 4758092.73, 1642.16);
insert into STATION values (34, 'Z_510', 60, 679298.00, 4758093.00, 1644.00);
insert into STATION_FLAG values(34, 'ent');
insert into STATION_FLAG values(34, 'fix');
insert into STATION values (35, '7.0', 60, 679292.89, 4758082.49, 1640.04);
insert into STATION values (36, '7.1', 60, 679294.70, 4758085.76, 1640.70);
insert into STATION values (37, '7.2', 60, 679295.24, 4758086.43, 1635.16);
insert into STATION values (38, '8.0', 60, 679294.70, 4758085.76, 1640.70);
insert into STATION values (39, '8.1', 60, 679296.90, 4758089.73, 1641.50);
insert into STATION values (40, '8.2', 60, 679299.28, 4758092.95, 1632.76);
insert into STATION values (41, '9.0', 60, 679291.93, 4758077.06, 1560.60);
insert into STATION values (42, '9.1', 60, 679291.93, 4758077.06, 1559.80);
insert into STATION values (43, '9.2', 60, 679293.82, 4758078.78, 1562.27);
insert into STATION values (44, '9.3', 60, 679291.52, 4758079.61, 1564.25);
insert into STATION values (45, '9.4', 60, 679286.52, 4758081.23, 1567.05);
insert into STATION values (46, '9.5', 60, 679283.11, 4758081.17, 1567.65);
insert into STATION values (47, '9.6', 60, 679287.85, 4758086.56, 1576.84);
insert into STATION values (48, '5.6', 60, 679289.95, 4758074.66, 1556.62);
insert into STATION values (49, '5.7', 60, 679290.25, 4758071.54, 1541.90);
insert into STATION values (50, '5.8', 60, 679294.72, 4758072.93, 1539.82);
insert into STATION values (51, '5.9', 60, 679295.91, 4758074.63, 1525.04);
insert into STATION values (52, '5.10', 60, 679293.60, 4758074.48, 1519.83);
insert into STATION values (53, '5.11', 60, 679290.55, 4758073.48, 1514.27);
insert into STATION values (54, '5.12', 60, 679288.77, 4758073.96, 1512.08);
insert into STATION values (55, '5.13', 60, 679287.33, 4758073.42, 1508.26);
insert into STATION values (56, '5.14', 60, 679288.88, 4758069.70, 1500.69);
insert into STATION values (57, '5.15', 60, 679287.22, 4758068.09, 1498.53);
insert into STATION values (58, '5.16', 60, 679285.49, 4758065.63, 1493.33);
insert into STATION values (59, '5.17', 60, 679284.53, 4758065.15, 1485.71);
insert into STATION values (60, '5.18', 60, 679284.47, 4758064.28, 1484.37);
insert into STATION values (61, '5.19', 60, 679287.53, 4758063.50, 1479.51);
insert into STATION values (62, '5.20', 60, 679288.58, 4758060.29, 1472.26);
insert into STATION values (63, '5.21', 60, 679290.13, 4758060.54, 1470.84);
insert into STATION values (64, '00', 60, 679293.60, 4758074.48, 1519.83);
insert into STATION values (65, '.', 60, 679294.22, 4758073.32, 1519.91);
insert into STATION values (66, '.', 60, 679293.04, 4758075.11, 1519.93);
insert into STATION values (67, '.', 60, 679293.08, 4758074.48, 1524.48);
insert into STATION values (68, '.', 60, 679292.23, 4758074.84, 1515.66);
insert into STATION values (69, '10.1', 60, 679290.68, 4758073.40, 1519.63);
insert into STATION values (70, '.', 60, 679290.72, 4758073.00, 1519.66);
insert into STATION values (71, '.', 60, 679290.55, 4758073.57, 1519.63);
insert into STATION values (72, '.', 60, 679290.65, 4758073.46, 1521.03);
insert into STATION values (73, '.', 60, 679290.78, 4758073.07, 1517.60);
insert into STATION values (74, '10.2', 60, 679289.34, 4758072.68, 1518.43);
insert into STATION values (75, '.', 60, 679289.50, 4758072.42, 1518.42);
insert into STATION values (76, '.', 60, 679289.24, 4758072.90, 1518.38);
insert into STATION values (77, '.', 60, 679289.16, 4758072.72, 1519.39);
insert into STATION values (78, '.', 60, 679289.50, 4758072.74, 1516.23);
insert into STATION values (79, '10.3', 60, 679287.67, 4758072.59, 1517.26);
insert into STATION values (80, '.', 60, 679287.88, 4758072.26, 1517.24);
insert into STATION values (81, '.', 60, 679287.48, 4758072.87, 1517.22);
insert into STATION values (82, '.', 60, 679287.59, 4758072.53, 1518.97);
insert into STATION values (83, '.', 60, 679287.72, 4758072.58, 1516.05);
insert into STATION values (84, '10.4', 60, 679286.73, 4758071.01, 1514.70);
insert into STATION values (85, '.', 60, 679286.83, 4758070.71, 1514.78);
insert into STATION values (86, '.', 60, 679286.37, 4758071.97, 1514.77);
insert into STATION values (87, '.', 60, 679286.31, 4758071.28, 1518.08);
insert into STATION values (88, '.', 60, 679286.98, 4758070.78, 1513.24);
insert into STATION values (89, '10.5', 60, 679280.79, 4758065.90, 1503.22);
insert into STATION values (90, '.', 60, 679280.94, 4758065.52, 1503.25);
insert into STATION values (91, '.', 60, 679280.71, 4758066.26, 1503.18);
insert into STATION values (92, '.', 60, 679280.66, 4758066.28, 1504.66);
insert into STATION values (93, '.', 60, 679280.79, 4758065.90, 1501.93);
insert into STATION values (94, '10.6', 60, 679277.59, 4758064.48, 1498.59);
insert into STATION values (95, '.', 60, 679276.93, 4758064.80, 1498.63);
insert into STATION values (96, '.', 60, 679279.44, 4758064.89, 1498.68);
insert into STATION values (97, '.', 60, 679278.24, 4758065.96, 1501.67);
insert into STATION values (98, '.', 60, 679277.63, 4758064.47, 1497.25);
insert into STATION values (99, '10.7', 60, 679281.94, 4758063.54, 1491.95);
insert into STATION values (100, '.', 60, 679282.33, 4758064.31, 1492.16);
insert into STATION values (101, '.', 60, 679281.93, 4758063.20, 1491.95);
insert into STATION values (102, '.', 60, 679282.00, 4758063.66, 1493.41);
insert into STATION values (103, '.', 60, 679282.08, 4758063.75, 1490.59);
insert into STATION values (104, '10.8', 60, 679282.44, 4758062.58, 1488.35);
insert into STATION values (105, '.', 60, 679282.62, 4758061.70, 1488.32);
insert into STATION values (106, '.', 60, 679282.25, 4758063.16, 1488.36);
insert into STATION values (107, '.', 60, 679282.05, 4758062.87, 1491.56);
insert into STATION values (108, '.', 60, 679282.45, 4758062.56, 1487.99);
insert into STATION values (109, '10.9', 60, 679283.53, 4758062.40, 1489.54);
insert into STATION values (110, '.', 60, 679284.02, 4758062.67, 1489.60);
insert into STATION values (111, '.', 60, 679280.59, 4758062.21, 1489.05);
insert into STATION values (112, '.', 60, 679282.43, 4758063.40, 1493.23);
insert into STATION values (113, '.', 60, 679283.53, 4758062.20, 1488.15);
insert into STATION values (114, '10.10', 60, 679278.66, 4758062.39, 1487.34);
insert into STATION values (115, '.', 60, 679278.90, 4758062.12, 1487.33);
insert into STATION values (116, '.', 60, 679278.31, 4758063.02, 1487.32);
insert into STATION values (117, '.', 60, 679278.59, 4758062.33, 1488.22);
insert into STATION values (118, '.', 60, 679278.63, 4758062.33, 1486.81);
insert into STATION values (119, '10.11', 60, 679279.79, 4758061.77, 1483.26);
insert into STATION values (120, '.', 60, 679277.22, 4758061.83, 1483.44);
insert into STATION values (121, '.', 60, 679280.48, 4758061.96, 1483.33);
insert into STATION values (122, '.', 60, 679279.59, 4758061.83, 1484.42);
insert into STATION values (123, '.', 60, 679279.81, 4758061.71, 1482.00);
insert into STATION values (124, '10.12', 60, 679281.77, 4758062.47, 1480.84);
insert into STATION values (125, '.', 60, 679281.79, 4758062.11, 1480.85);
insert into STATION values (126, '.', 60, 679281.89, 4758062.99, 1480.86);
insert into STATION values (127, '.', 60, 679281.40, 4758062.97, 1482.69);
insert into STATION values (128, '.', 60, 679281.60, 4758062.57, 1479.63);
insert into STATION values (129, '10.13', 60, 679284.02, 4758061.85, 1476.05);
insert into STATION values (130, '.', 60, 679284.36, 4758061.21, 1476.05);
insert into STATION values (131, '.', 60, 679284.32, 4758062.56, 1476.00);
insert into STATION values (132, '.', 60, 679283.46, 4758062.38, 1479.68);
insert into STATION values (133, '.', 60, 679284.20, 4758061.85, 1475.19);
insert into STATION values (134, '10.14', 60, 679285.57, 4758060.76, 1475.49);
insert into STATION values (135, '.', 60, 679285.73, 4758060.53, 1475.59);
insert into STATION values (136, '.', 60, 679284.71, 4758061.28, 1475.59);
insert into STATION values (137, '.', 60, 679285.49, 4758060.93, 1476.36);
insert into STATION values (138, '.', 60, 679285.57, 4758060.80, 1474.87);
insert into STATION values (139, '10.15', 60, 679282.51, 4758058.65, 1474.15);
insert into STATION values (140, '.', 60, 679282.78, 4758058.50, 1474.16);
insert into STATION values (141, '.', 60, 679282.26, 4758058.92, 1474.13);
insert into STATION values (142, '.', 60, 679282.14, 4758058.61, 1475.55);
insert into STATION values (143, '.', 60, 679282.69, 4758058.38, 1472.50);
insert into STATION values (144, '10.16', 60, 679282.14, 4758057.95, 1472.71);
insert into STATION values (145, '.', 60, 679282.06, 4758058.23, 1472.71);
insert into STATION values (146, '.', 60, 679282.29, 4758057.75, 1472.71);
insert into STATION values (147, '.', 60, 679281.86, 4758058.30, 1474.55);
insert into STATION values (148, '.', 60, 679282.19, 4758057.97, 1471.41);
insert into STATION values (149, '5.27', 60, 679290.13, 4758060.54, 1470.84);
insert into STATION values (150, '.', 60, 679290.28, 4758060.34, 1470.90);
insert into STATION values (151, '.', 60, 679289.80, 4758060.13, 1470.87);
insert into STATION values (152, '.', 60, 679290.37, 4758061.38, 1472.25);
insert into STATION values (153, '.', 60, 679290.06, 4758060.15, 1469.87);
insert into STATION values (154, '5.28', 60, 679288.82, 4758059.96, 1471.27);
insert into STATION values (155, '.', 60, 679288.95, 4758059.73, 1471.28);
insert into STATION values (156, '.', 60, 679288.45, 4758060.23, 1471.25);
insert into STATION values (157, '.', 60, 679288.73, 4758060.06, 1472.19);
insert into STATION values (158, '.', 60, 679288.91, 4758059.98, 1470.50);
insert into STATION values (159, '5.29', 60, 679288.00, 4758059.40, 1470.15);
insert into STATION values (160, '.', 60, 679288.27, 4758059.10, 1470.16);
insert into STATION values (161, '.', 60, 679287.84, 4758059.57, 1470.17);
insert into STATION values (162, '.', 60, 679287.81, 4758059.49, 1471.05);
insert into STATION values (163, '.', 60, 679288.07, 4758059.43, 1469.46);
insert into STATION values (164, '5.30', 60, 679285.82, 4758058.03, 1468.98);
insert into STATION values (165, '.', 60, 679285.98, 4758057.85, 1468.98);
insert into STATION values (166, '.', 60, 679285.63, 4758058.29, 1468.97);
insert into STATION values (167, '.', 60, 679285.58, 4758058.09, 1469.78);
insert into STATION values (168, '.', 60, 679285.72, 4758058.08, 1468.15);
insert into STATION values (169, '5.31', 60, 679283.79, 4758056.38, 1467.85);
insert into STATION values (170, '.', 60, 679283.96, 4758056.19, 1467.87);
insert into STATION values (171, '.', 60, 679283.64, 4758056.50, 1467.88);
insert into STATION values (172, '.', 60, 679283.85, 4758056.37, 1468.21);
insert into STATION values (173, '5.32', 60, 679282.12, 4758054.33, 1466.06);
insert into STATION values (174, '.', 60, 679282.27, 4758054.15, 1466.07);
insert into STATION values (175, '.', 60, 679281.99, 4758054.55, 1466.03);
insert into STATION values (176, '.', 60, 679282.07, 4758054.31, 1466.62);
insert into STATION values (177, '.', 60, 679282.15, 4758054.29, 1465.49);
insert into STATION values (178, '.', 60, 679294.10, 4758073.49, 1519.95);
insert into STATION values (179, '.', 60, 679294.55, 4758075.03, 1520.03);
insert into STATION values (180, '.', 60, 679291.26, 4758073.68, 1519.95);
insert into STATION values (181, '.', 60, 679293.60, 4758074.48, 1519.99);
insert into STATION values (182, '.', 60, 679293.46, 4758074.31, 1518.80);
insert into STATION values (183, 'A11.4', 60, 679282.75, 4758057.66, 1472.46);
insert into STATION values (184, 'A11.5', 60, 679278.41, 4758054.71, 1471.77);
insert into STATION values (185, 'A11.6', 60, 679278.34, 4758054.52, 1469.22);
insert into STATION values (186, 'A11.7', 60, 679274.78, 4758051.83, 1469.14);
insert into STATION values (187, 'A11.8', 60, 679273.03, 4758049.88, 1467.75);
insert into STATION values (188, 'A11.9', 60, 679270.79, 4758048.33, 1466.71);
insert into STATION values (189, 'A11.10', 60, 679269.82, 4758047.79, 1466.38);
insert into STATION values (190, 'A11.11', 60, 679269.22, 4758046.84, 1465.77);
insert into STATION values (191, 'A11.12', 60, 679266.10, 4758044.66, 1462.34);
insert into STATION values (192, 'A11.13', 60, 679263.45, 4758042.43, 1460.95);
insert into STATION values (193, 'A11.14', 60, 679262.42, 4758040.60, 1457.45);
insert into STATION values (194, 'A11.15', 60, 679260.74, 4758037.30, 1453.97);
insert into STATION values (195, 'A11.16', 60, 679260.39, 4758036.00, 1451.52);
insert into STATION values (196, 'A11.17', 60, 679258.56, 4758035.81, 1450.92);
insert into STATION values (197, 'A11.18', 60, 679256.18, 4758036.60, 1450.13);
insert into STATION values (198, 'A11.19', 60, 679255.88, 4758036.54, 1445.29);
insert into STATION values (199, 'A11.20', 60, 679253.04, 4758034.54, 1446.94);
insert into STATION values (200, 'A11.21', 60, 679250.11, 4758032.55, 1445.78);
insert into STATION values (201, 'A11.22', 60, 679248.07, 4758029.91, 1444.51);
insert into STATION values (202, 'A11.23', 60, 679247.05, 4758029.01, 1443.91);
insert into STATION values (203, 'A11.24', 60, 679246.45, 4758029.38, 1444.15);
insert into STATION values (204, 'A11.25', 60, 679245.66, 4758028.59, 1444.49);
insert into STATION values (205, 'A11.26', 60, 679244.87, 4758028.05, 1438.85);
insert into STATION values (206, 'A11.27', 60, 679243.36, 4758028.55, 1441.12);
insert into STATION values (207, 'A11.28', 60, 679243.93, 4758029.95, 1441.60);
insert into STATION values (208, 'A12.0', 60, 679266.10, 4758044.66, 1462.34);
insert into STATION values (209, 'A12.1', 60, 679266.41, 4758044.63, 1459.13);
insert into STATION values (210, 'A12.2', 60, 679264.98, 4758041.98, 1451.65);
insert into STATION values (211, 'A12.2B', 60, 679264.98, 4758041.98, 1451.65);
insert into STATION values (212, 'A13.0', 60, 679260.39, 4758036.00, 1451.52);
insert into STATION values (213, 'A13.1', 60, 679265.59, 4758038.22, 1451.02);
insert into STATION values (214, 'A13.1B', 60, 679265.59, 4758038.22, 1451.02);
insert into STATION values (215, 'A14.0', 60, 679255.88, 4758036.54, 1445.29);
insert into STATION values (216, 'A14.1', 60, 679260.81, 4758039.41, 1445.44);
insert into STATION values (217, 'A14.1B', 60, 679260.81, 4758039.41, 1445.44);
insert into STATION values (218, '2023.0', 60, 679243.85, 4758025.74, 1406.80);
insert into STATION values (219, '2023', 60, 679243.85, 4758025.74, 1410.30);
insert into STATION values (220, '.', 60, 679244.70, 4758024.78, 1406.85);
insert into STATION values (221, '.', 60, 679243.65, 4758026.13, 1406.78);
insert into STATION values (222, '.', 60, 679243.93, 4758025.54, 1412.34);
insert into STATION values (223, '.', 60, 679243.82, 4758025.71, 1405.62);
insert into STATION values (224, '2023.1', 60, 679247.01, 4758026.29, 1410.79);
insert into STATION values (225, '.', 60, 679245.86, 4758027.59, 1410.77);
insert into STATION values (226, '.', 60, 679246.90, 4758025.35, 1410.82);
insert into STATION values (227, '.', 60, 679245.78, 4758027.24, 1417.80);
insert into STATION values (228, '.', 60, 679247.04, 4758026.31, 1409.66);
insert into STATION values (229, '2023.2', 60, 679247.19, 4758027.74, 1415.85);
insert into STATION values (230, '.', 60, 679247.59, 4758027.78, 1415.88);
insert into STATION values (231, '.', 60, 679246.82, 4758027.76, 1415.89);
insert into STATION values (232, '.', 60, 679246.94, 4758027.79, 1418.69);
insert into STATION values (233, '.', 60, 679247.29, 4758027.37, 1409.77);
insert into STATION values (234, '2023.3', 60, 679249.30, 4758029.39, 1415.90);
insert into STATION values (235, '.', 60, 679248.85, 4758030.20, 1415.97);
insert into STATION values (236, '.', 60, 679249.97, 4758028.93, 1416.07);
insert into STATION values (237, '.', 60, 679248.15, 4758030.39, 1420.61);
insert into STATION values (238, '.', 60, 679249.16, 4758029.57, 1414.71);
insert into STATION values (239, '2023.4', 60, 679247.88, 4758029.54, 1420.70);
insert into STATION values (240, '2023.5', 60, 679244.68, 4758025.92, 1422.38);
insert into STATION values (241, '.', 60, 679243.87, 4758025.37, 1422.51);
insert into STATION values (242, '.', 60, 679245.62, 4758025.54, 1422.37);
insert into STATION values (243, '.', 60, 679244.69, 4758025.96, 1422.54);
insert into STATION values (244, '.', 60, 679243.91, 4758027.76, 1430.31);
insert into STATION values (245, '.', 60, 679245.11, 4758024.87, 1415.59);
insert into STATION values (246, '2023.A', 60, 679248.69, 4758031.79, 1431.24);
insert into STATION values (247, '.', 60, 679248.31, 4758032.01, 1431.27);
insert into STATION values (248, '.', 60, 679248.85, 4758031.69, 1431.27);
insert into STATION values (249, '.', 60, 679248.61, 4758032.06, 1432.23);
insert into STATION values (250, '.', 60, 679248.70, 4758031.70, 1430.16);
insert into STATION values (251, '2023.B', 60, 679251.56, 4758033.90, 1434.24);
insert into STATION values (252, '.', 60, 679251.96, 4758033.59, 1434.29);
insert into STATION values (253, '.', 60, 679251.42, 4758034.08, 1434.21);
insert into STATION values (254, '.', 60, 679250.24, 4758034.04, 1441.22);
insert into STATION values (255, '.', 60, 679251.62, 4758033.84, 1433.16);
insert into STATION values (256, '2023.C', 60, 679251.34, 4758037.13, 1444.08);
insert into STATION values (257, '.', 60, 679251.35, 4758037.82, 1444.11);
insert into STATION values (258, '.', 60, 679251.45, 4758036.98, 1444.09);
insert into STATION values (259, '.', 60, 679252.59, 4758040.00, 1454.50);
insert into STATION values (260, '.', 60, 679251.24, 4758034.95, 1433.54);
insert into STATION values (261, '2023.D', 60, 679251.36, 4758037.17, 1444.23);
insert into STATION values (262, '2023.E', 60, 679253.13, 4758040.62, 1458.72);
insert into STATION values (263, '.', 60, 679253.78, 4758039.90, 1458.79);
insert into STATION values (264, '.', 60, 679253.07, 4758040.80, 1458.71);
insert into STATION values (265, '.', 60, 679253.59, 4758040.06, 1458.68);
insert into STATION values (266, '.', 60, 679253.11, 4758039.95, 1457.33);
insert into STATION values (267, '.', 60, 679253.71, 4758038.96, 1451.54);
insert into STATION values (268, '.', 60, 679247.62, 4758030.04, 1420.73);
insert into STATION values (269, '.', 60, 679248.24, 4758028.67, 1420.75);
insert into STATION values (270, '.', 60, 679248.25, 4758029.28, 1414.59);
insert into STATION values (271, '.', 60, 679247.66, 4758031.60, 1428.09);
insert into STATION values (272, '.', 60, 679244.88, 4758025.81, 1422.25);
insert into STATION values (273, '.', 60, 679244.91, 4758027.65, 1422.33);
insert into STATION values (274, '.', 60, 679243.46, 4758028.20, 1434.42);
insert into STATION values (275, '.', 60, 679243.55, 4758026.43, 1421.51);
insert into STATION values (276, '2023.6', 60, 679243.38, 4758028.17, 1434.48);
insert into STATION values (277, '.', 60, 679243.76, 4758027.91, 1434.51);
insert into STATION values (278, '.', 60, 679242.78, 4758028.86, 1434.49);
insert into STATION values (279, '.', 60, 679242.57, 4758028.17, 1438.46);
insert into STATION values (280, '.', 60, 679242.60, 4758027.01, 1424.00);
insert into STATION values (281, '2023.AA', 60, 679241.83, 4758024.98, 1437.01);
insert into STATION values (282, '.', 60, 679242.00, 4758024.83, 1437.04);
insert into STATION values (283, '.', 60, 679241.26, 4758025.26, 1436.96);
insert into STATION values (284, '.', 60, 679241.25, 4758025.39, 1440.49);
insert into STATION values (285, '.', 60, 679241.86, 4758024.80, 1435.72);
insert into STATION values (286, '2023.AB', 60, 679238.61, 4758023.47, 1437.63);
insert into STATION values (287, '.', 60, 679238.77, 4758023.15, 1437.67);
insert into STATION values (288, '.', 60, 679238.44, 4758023.59, 1437.64);
insert into STATION values (289, '.', 60, 679238.52, 4758024.02, 1439.70);
insert into STATION values (290, '2023.AC', 60, 679238.41, 4758022.69, 1432.42);
insert into STATION values (291, '.', 60, 679238.78, 4758022.83, 1432.40);
insert into STATION values (292, '.', 60, 679239.42, 4758023.08, 1432.43);
insert into STATION values (293, '.', 60, 679238.38, 4758022.56, 1431.82);
insert into STATION values (294, '.', 60, 679238.55, 4758022.76, 1432.30);
insert into STATION values (295, '.', 60, 679243.85, 4758027.74, 1434.47);
insert into STATION values (296, '.', 60, 679243.37, 4758028.83, 1434.50);
insert into STATION values (297, '.', 60, 679241.18, 4758026.28, 1434.95);
insert into STATION values (298, '2023.7', 60, 679243.39, 4758030.31, 1441.49);
insert into STATION values (299, '.', 60, 679243.24, 4758030.50, 1441.49);
insert into STATION values (300, '.', 60, 679243.68, 4758030.05, 1441.51);
insert into STATION values (301, '.', 60, 679243.74, 4758030.67, 1443.40);
insert into STATION values (302, '.', 60, 679243.50, 4758030.29, 1440.88);
insert into STATION values (303, '2024.1', 60, 679292.92, 4758075.03, 1522.61);
insert into STATION values (304, '2024.1d', 60, 679292.92, 4758075.03, 1522.61);
insert into STATION values (305, '.', 60, 679293.27, 4758073.92, 1522.53);
insert into STATION values (306, '.', 60, 679294.48, 4758073.83, 1522.53);
insert into STATION values (307, '.', 60, 679296.67, 4758074.89, 1522.55);
insert into STATION values (308, '.', 60, 679296.67, 4758075.87, 1522.52);
insert into STATION values (309, '.', 60, 679293.98, 4758075.61, 1522.60);
insert into STATION values (310, '.', 60, 679290.63, 4758076.62, 1523.03);
insert into STATION values (311, '.', 60, 679291.83, 4758077.45, 1522.96);
insert into STATION values (312, '.', 60, 679292.64, 4758074.98, 1522.64);
insert into STATION values (313, '.', 60, 679293.09, 4758077.79, 1522.78);
insert into STATION values (314, '.', 60, 679293.53, 4758075.81, 1522.73);
insert into STATION values (315, '.', 60, 679293.56, 4758075.50, 1522.71);
insert into STATION values (316, '.', 60, 679293.60, 4758074.45, 1519.85);
insert into STATION values (317, '.', 60, 679295.46, 4758074.41, 1527.95);
insert into STATION values (318, '.', 60, 679293.43, 4758074.08, 1516.12);
insert into STATION values (319, '.', 60, 679293.66, 4758074.52, 1519.74);
insert into STATION values (320, '2024.2', 60, 679291.92, 4758079.60, 1516.65);
insert into STATION values (321, '.', 60, 679290.71, 4758079.16, 1516.62);
insert into STATION values (322, '.', 60, 679290.36, 4758078.58, 1516.40);
insert into STATION values (323, '.', 60, 679290.83, 4758078.06, 1516.63);
insert into STATION values (324, '.', 60, 679291.37, 4758077.92, 1516.75);
insert into STATION values (325, '.', 60, 679291.93, 4758077.26, 1517.13);
insert into STATION values (326, '.', 60, 679292.38, 4758076.85, 1517.27);
insert into STATION values (327, '.', 60, 679291.96, 4758076.37, 1517.19);
insert into STATION values (328, '.', 60, 679293.33, 4758078.64, 1516.86);
insert into STATION values (329, '.', 60, 679294.17, 4758079.34, 1516.79);
insert into STATION values (330, '.', 60, 679294.97, 4758080.04, 1516.95);
insert into STATION values (331, '.', 60, 679294.09, 4758081.35, 1516.71);
insert into STATION values (332, '.', 60, 679292.04, 4758079.75, 1516.62);
insert into STATION values (333, '.', 60, 679292.11, 4758079.52, 1515.91);
insert into STATION values (334, '.', 60, 679293.99, 4758076.90, 1524.90);
insert into STATION values (335, '2024.3', 60, 679287.67, 4758077.80, 1515.90);
insert into STATION values (336, '.', 60, 679287.60, 4758077.81, 1516.68);
insert into STATION values (337, '.', 60, 679287.62, 4758077.88, 1516.69);
insert into STATION values (338, '.', 60, 679287.61, 4758077.74, 1516.30);
insert into STATION values (339, '.', 60, 679287.52, 4758078.19, 1515.84);
insert into STATION values (340, '.', 60, 679287.64, 4758077.97, 1515.42);
insert into STATION values (341, '.', 60, 679287.62, 4758077.57, 1516.03);
insert into STATION values (342, '.', 60, 679283.61, 4758077.59, 1516.23);
insert into STATION values (343, '.', 60, 679283.14, 4758077.56, 1516.24);
insert into STATION values (344, '.', 60, 679283.30, 4758077.55, 1516.19);
insert into STATION values (345, '2024.4', 60, 679283.62, 4758077.60, 1516.23);
insert into STATION values (346, '.', 60, 679283.62, 4758077.37, 1516.21);
insert into STATION values (347, '.', 60, 679283.64, 4758077.37, 1515.97);
insert into STATION values (348, '.', 60, 679283.39, 4758077.62, 1515.14);
insert into STATION values (349, '.', 60, 679283.56, 4758077.80, 1516.25);
insert into STATION values (350, '.', 60, 679283.60, 4758077.61, 1516.87);
insert into STATION values (351, '.', 60, 679283.27, 4758077.76, 1515.04);
insert into STATION values (352, '.', 60, 679283.67, 4758077.50, 1515.91);
insert into STATION values (353, '.', 60, 679283.59, 4758077.21, 1516.40);
insert into STATION values (354, '2024.5', 60, 679283.00, 4758077.74, 1515.93);
insert into STATION values (355, '.', 60, 679282.54, 4758077.33, 1515.77);
insert into STATION values (356, '.', 60, 679282.55, 4758076.77, 1515.80);
insert into STATION values (357, '.', 60, 679282.78, 4758076.72, 1515.83);
insert into STATION values (358, '.', 60, 679281.47, 4758077.84, 1515.48);
insert into STATION values (359, '.', 60, 679282.99, 4758077.94, 1515.97);
insert into STATION values (360, '.', 60, 679283.63, 4758077.74, 1516.08);
insert into STATION values (361, '.', 60, 679283.21, 4758077.32, 1516.00);
insert into STATION values (362, '.', 60, 679282.98, 4758077.54, 1516.54);
insert into STATION values (363, '.', 60, 679283.05, 4758077.51, 1514.46);
insert into STATION values (364, '.', 60, 679283.06, 4758077.43, 1515.77);
insert into STATION values (365, '2024.a', 60, 679282.29, 4758076.34, 1518.79);
insert into STATION values (366, '2024.6', 60, 679281.52, 4758077.73, 1515.65);
insert into STATION values (367, '.', 60, 679281.59, 4758077.24, 1515.68);
insert into STATION values (368, '.', 60, 679281.22, 4758077.31, 1515.69);
insert into STATION values (369, '.', 60, 679280.90, 4758077.46, 1515.72);
insert into STATION values (370, '.', 60, 679282.13, 4758077.80, 1515.65);
insert into STATION values (371, '.', 60, 679282.95, 4758077.32, 1515.56);
insert into STATION values (372, '.', 60, 679282.35, 4758077.41, 1515.59);
insert into STATION values (373, '.', 60, 679281.91, 4758077.35, 1515.68);
insert into STATION values (374, '.', 60, 679282.09, 4758077.84, 1515.69);
insert into STATION values (375, '.', 60, 679283.06, 4758078.65, 1515.77);
insert into STATION values (376, '.', 60, 679282.52, 4758078.77, 1515.74);
insert into STATION values (377, '.', 60, 679281.44, 4758077.57, 1516.85);
insert into STATION values (378, '.', 60, 679281.61, 4758077.80, 1514.28);
insert into STATION values (379, '2024.7', 60, 679282.76, 4758078.56, 1515.39);
insert into STATION values (380, '.', 60, 679283.04, 4758078.76, 1515.45);
insert into STATION values (381, '.', 60, 679282.61, 4758079.11, 1515.35);
insert into STATION values (382, '.', 60, 679282.08, 4758079.16, 1515.29);
insert into STATION values (383, '.', 60, 679281.85, 4758079.05, 1515.27);
insert into STATION values (384, '.', 60, 679281.60, 4758078.88, 1515.34);
insert into STATION values (385, '.', 60, 679282.57, 4758077.96, 1515.42);
insert into STATION values (386, '.', 60, 679282.92, 4758078.07, 1515.45);
insert into STATION values (387, '.', 60, 679281.57, 4758078.06, 1515.22);
insert into STATION values (388, '.', 60, 679281.86, 4758078.41, 1515.32);
insert into STATION values (389, '.', 60, 679282.70, 4758078.19, 1516.52);
insert into STATION values (390, '.', 60, 679282.66, 4758078.84, 1513.93);
insert into STATION values (391, '.', 60, 679282.42, 4758078.76, 1513.83);
insert into STATION values (392, '2024.8', 60, 679280.82, 4758078.79, 1514.76);
insert into STATION values (393, '.', 60, 679280.89, 4758078.68, 1514.79);
insert into STATION values (394, '.', 60, 679280.96, 4758078.81, 1514.79);
insert into STATION values (395, '.', 60, 679280.95, 4758078.84, 1514.77);
insert into STATION values (396, '.', 60, 679280.95, 4758078.86, 1514.79);
insert into STATION values (397, '.', 60, 679280.74, 4758078.96, 1514.74);
insert into STATION values (398, '.', 60, 679280.22, 4758078.66, 1514.69);
insert into STATION values (399, '.', 60, 679278.71, 4758077.91, 1515.17);
insert into STATION values (400, '.', 60, 679280.15, 4758078.07, 1514.90);
insert into STATION values (401, '.', 60, 679280.79, 4758078.35, 1514.81);
insert into STATION values (402, '.', 60, 679280.65, 4758078.21, 1515.72);
insert into STATION values (403, '.', 60, 679280.82, 4758078.84, 1514.61);
insert into STATION values (404, '.', 60, 679280.83, 4758079.36, 1512.94);
insert into STATION values (405, '2024.9', 60, 679279.06, 4758077.99, 1514.52);
insert into STATION values (406, '.', 60, 679278.98, 4758078.32, 1514.54);
insert into STATION values (407, '.', 60, 679278.71, 4758078.42, 1514.60);
insert into STATION values (408, '.', 60, 679278.48, 4758078.37, 1514.64);
insert into STATION values (409, '.', 60, 679279.06, 4758078.18, 1515.04);
insert into STATION values (410, '.', 60, 679279.02, 4758077.84, 1514.54);
insert into STATION values (411, '.', 60, 679279.38, 4758078.23, 1514.49);
insert into STATION values (412, '.', 60, 679279.39, 4758077.91, 1514.52);
insert into STATION values (413, '.', 60, 679279.82, 4758077.94, 1514.05);
insert into STATION values (414, '.', 60, 679278.24, 4758078.14, 1511.55);
insert into STATION values (415, '2024.10', 60, 679278.25, 4758078.13, 1511.61);
insert into STATION values (416, '.', 60, 679278.33, 4758078.00, 1511.60);
insert into STATION values (417, '.', 60, 679278.20, 4758078.02, 1511.60);
insert into STATION values (418, '.', 60, 679278.16, 4758078.02, 1511.62);
insert into STATION values (419, '.', 60, 679277.03, 4758077.37, 1512.02);
insert into STATION values (420, '.', 60, 679277.83, 4758078.16, 1514.48);
insert into STATION values (421, '.', 60, 679279.64, 4758079.03, 1512.20);
insert into STATION values (422, '.', 60, 679278.32, 4758077.82, 1510.07);
insert into STATION values (423, '2024.11', 60, 679274.99, 4758075.54, 1509.28);
insert into STATION values (424, '.', 60, 679275.09, 4758075.37, 1509.30);
insert into STATION values (425, '.', 60, 679274.94, 4758075.35, 1508.93);
insert into STATION values (426, '.', 60, 679274.75, 4758075.66, 1509.54);
insert into STATION values (427, '.', 60, 679274.77, 4758075.59, 1509.94);
insert into STATION values (428, '.', 60, 679274.11, 4758074.62, 1509.39);
insert into STATION values (429, '.', 60, 679273.67, 4758074.48, 1509.30);
insert into STATION values (430, '.', 60, 679273.86, 4758075.04, 1509.22);
insert into STATION values (431, '.', 60, 679274.62, 4758075.51, 1509.32);
insert into STATION values (432, '.', 60, 679275.27, 4758075.54, 1509.33);
insert into STATION values (433, '.', 60, 679275.88, 4758075.76, 1509.40);
insert into STATION values (434, '.', 60, 679274.95, 4758075.86, 1509.36);
insert into STATION values (435, '.', 60, 679274.83, 4758075.33, 1510.44);
insert into STATION values (436, '.', 60, 679274.99, 4758075.42, 1508.88);
insert into STATION values (437, '2024.12', 60, 679272.48, 4758074.21, 1509.36);
insert into STATION values (438, '.', 60, 679269.46, 4758073.27, 1509.59);
insert into STATION values (439, '.', 60, 679269.97, 4758074.51, 1509.66);
insert into STATION values (440, '.', 60, 679269.23, 4758073.12, 1509.59);
insert into STATION values (441, '.', 60, 679269.33, 4758073.82, 1509.55);
insert into STATION values (442, '.', 60, 679269.58, 4758074.37, 1509.63);
insert into STATION values (443, '.', 60, 679270.90, 4758075.07, 1509.63);
insert into STATION values (444, '.', 60, 679272.32, 4758074.47, 1509.40);
insert into STATION values (445, '.', 60, 679272.27, 4758072.58, 1509.12);
insert into STATION values (446, '.', 60, 679272.63, 4758073.93, 1509.36);
insert into STATION values (447, '.', 60, 679272.67, 4758074.05, 1509.39);
insert into STATION values (448, '.', 60, 679272.04, 4758074.50, 1512.28);
insert into STATION values (449, '.', 60, 679272.81, 4758074.29, 1507.66);
insert into STATION values (450, '2024.13', 60, 679272.70, 4758069.32, 1497.55);
insert into STATION values (451, '2024.b', 60, 679270.63, 4758074.06, 1516.28);
insert into STATION values (452, '.', 60, 679272.43, 4758068.10, 1497.49);
insert into STATION values (453, '.', 60, 679272.87, 4758068.20, 1497.50);
insert into STATION values (454, '.', 60, 679273.93, 4758068.55, 1497.47);
insert into STATION values (455, '.', 60, 679274.48, 4758069.09, 1497.53);
insert into STATION values (456, '.', 60, 679274.14, 4758070.15, 1498.16);
insert into STATION values (457, '.', 60, 679272.90, 4758071.37, 1498.11);
insert into STATION values (458, '.', 60, 679272.13, 4758072.09, 1498.41);
insert into STATION values (459, '.', 60, 679271.43, 4758071.26, 1498.25);
insert into STATION values (460, '.', 60, 679271.36, 4758070.46, 1498.32);
insert into STATION values (461, '.', 60, 679272.30, 4758069.33, 1497.73);
insert into STATION values (462, '.', 60, 679271.20, 4758074.20, 1500.38);
insert into STATION values (463, '.', 60, 679271.95, 4758074.14, 1514.54);
insert into STATION values (464, '.', 60, 679270.14, 4758073.53, 1511.71);
insert into STATION values (465, '.', 60, 679272.56, 4758069.58, 1496.76);
insert into STATION values (466, '.', 60, 679273.78, 4758068.09, 1491.54);
insert into STATION values (467, '.', 60, 679275.39, 4758068.13, 1494.61);
insert into STATION values (468, '2024.14', 60, 679273.69, 4758067.91, 1491.73);
insert into STATION values (469, '2024.c', 60, 679272.03, 4758072.07, 1496.80);
insert into STATION values (470, '.', 60, 679272.71, 4758067.17, 1491.52);
insert into STATION values (471, '.', 60, 679271.98, 4758067.10, 1491.35);
insert into STATION values (472, '.', 60, 679271.37, 4758067.16, 1491.26);
insert into STATION values (473, '.', 60, 679272.30, 4758067.75, 1491.54);
insert into STATION values (474, '.', 60, 679272.75, 4758068.74, 1491.87);
insert into STATION values (475, '.', 60, 679273.26, 4758069.19, 1491.84);
insert into STATION values (476, '.', 60, 679274.43, 4758069.53, 1492.45);
insert into STATION values (477, '.', 60, 679275.63, 4758069.88, 1493.08);
insert into STATION values (478, '.', 60, 679273.78, 4758067.76, 1491.73);
insert into STATION values (479, '.', 60, 679273.53, 4758067.98, 1492.76);
insert into STATION values (480, '.', 60, 679273.12, 4758069.50, 1501.03);
insert into STATION values (481, '2024.15', 60, 679272.29, 4758067.03, 1489.99);
insert into STATION values (482, '.', 60, 679270.73, 4758066.70, 1489.85);
insert into STATION values (483, '.', 60, 679271.34, 4758066.50, 1489.88);
insert into STATION values (484, '.', 60, 679271.39, 4758067.36, 1489.95);
insert into STATION values (485, '.', 60, 679271.84, 4758067.62, 1490.11);
insert into STATION values (486, '.', 60, 679272.30, 4758066.85, 1489.99);
insert into STATION values (487, '.', 60, 679272.80, 4758067.03, 1490.07);
insert into STATION values (488, '.', 60, 679272.37, 4758067.89, 1490.09);
insert into STATION values (489, '.', 60, 679272.03, 4758067.56, 1492.18);
insert into STATION values (490, '.', 60, 679273.60, 4758064.56, 1474.77);
insert into STATION values (491, '2024.16', 60, 679272.37, 4758067.60, 1477.62);
insert into STATION values (492, '.', 60, 679272.39, 4758065.23, 1478.04);
insert into STATION values (493, '.', 60, 679274.02, 4758065.44, 1477.83);
insert into STATION values (494, '.', 60, 679275.07, 4758066.30, 1477.76);
insert into STATION values (495, '.', 60, 679270.94, 4758066.87, 1478.53);
insert into STATION values (496, '.', 60, 679272.12, 4758067.89, 1477.86);
insert into STATION values (497, '.', 60, 679273.24, 4758067.95, 1477.70);
insert into STATION values (498, '.', 60, 679275.49, 4758066.96, 1477.70);
insert into STATION values (499, '.', 60, 679274.95, 4758066.13, 1477.83);
insert into STATION values (500, '.', 60, 679271.90, 4758067.01, 1491.15);
insert into STATION values (501, '.', 60, 679274.54, 4758064.65, 1472.98);
insert into STATION values (502, '2024.17', 60, 679272.79, 4758065.03, 1475.31);
insert into STATION values (503, '.', 60, 679272.51, 4758064.00, 1475.21);
insert into STATION values (504, '.', 60, 679272.44, 4758064.82, 1475.26);
insert into STATION values (505, '.', 60, 679272.54, 4758065.13, 1475.36);
insert into STATION values (506, '.', 60, 679273.57, 4758066.93, 1475.30);
insert into STATION values (507, '.', 60, 679272.88, 4758066.52, 1475.35);
insert into STATION values (508, '.', 60, 679275.22, 4758067.02, 1476.30);
insert into STATION values (509, '.', 60, 679274.99, 4758065.76, 1476.11);
insert into STATION values (510, '.', 60, 679274.35, 4758064.89, 1475.70);
insert into STATION values (511, '.', 60, 679273.93, 4758064.54, 1475.32);
insert into STATION values (512, '.', 60, 679274.30, 4758067.71, 1488.84);
insert into STATION values (513, '.', 60, 679275.10, 4758061.11, 1465.37);
insert into STATION values (514, '.', 60, 679275.15, 4758061.81, 1465.96);
insert into STATION values (515, '.', 60, 679275.07, 4758061.95, 1466.42);
insert into STATION values (516, '2024.24', 60, 679275.05, 4758061.98, 1466.36);
insert into STATION values (517, '.', 60, 679276.99, 4758062.30, 1466.38);
insert into STATION values (518, '.', 60, 679275.86, 4758061.62, 1466.61);
insert into STATION values (519, '.', 60, 679275.43, 4758061.36, 1466.49);
insert into STATION values (520, '.', 60, 679274.23, 4758060.49, 1466.44);
insert into STATION values (521, '.', 60, 679273.18, 4758060.38, 1466.40);
insert into STATION values (522, '.', 60, 679273.93, 4758061.39, 1466.44);
insert into STATION values (523, '.', 60, 679274.10, 4758062.26, 1466.46);
insert into STATION values (524, '.', 60, 679274.83, 4758062.93, 1466.80);
insert into STATION values (525, '.', 60, 679275.66, 4758062.84, 1474.30);
insert into STATION values (526, '.', 60, 679272.37, 4758063.89, 1474.80);
insert into STATION values (527, '.', 60, 679275.86, 4758061.21, 1463.77);
insert into STATION values (528, '.', 60, 679276.08, 4758057.98, 1455.20);
insert into STATION values (529, '2024.18', 60, 679273.04, 4758060.34, 1464.91);
insert into STATION values (530, '2024.d', 60, 679273.88, 4758066.20, 1483.55);
insert into STATION values (531, '.', 60, 679272.46, 4758060.61, 1464.94);
insert into STATION values (532, '.', 60, 679271.96, 4758060.11, 1464.91);
insert into STATION values (533, '.', 60, 679273.03, 4758061.43, 1465.20);
insert into STATION values (534, '.', 60, 679273.68, 4758060.49, 1465.06);
insert into STATION values (535, '.', 60, 679275.30, 4758062.14, 1465.62);
insert into STATION values (536, '.', 60, 679274.41, 4758062.60, 1465.30);
insert into STATION values (537, '.', 60, 679273.64, 4758063.32, 1465.40);
insert into STATION values (538, '.', 60, 679273.35, 4758062.24, 1465.05);
insert into STATION values (539, '.', 60, 679272.71, 4758066.00, 1478.87);
insert into STATION values (540, '.', 60, 679272.98, 4758060.53, 1463.92);
insert into STATION values (541, '2024.19', 60, 679272.17, 4758060.32, 1465.35);
insert into STATION values (542, '.', 60, 679272.29, 4758060.11, 1465.27);
insert into STATION values (543, '.', 60, 679272.18, 4758060.02, 1465.32);
insert into STATION values (544, '.', 60, 679271.18, 4758059.17, 1465.19);
insert into STATION values (545, '.', 60, 679272.13, 4758060.26, 1465.79);
insert into STATION values (546, '.', 60, 679272.09, 4758060.47, 1465.39);
insert into STATION values (547, '.', 60, 679271.53, 4758059.82, 1461.99);
insert into STATION values (548, '.', 60, 679274.88, 4758061.93, 1465.70);
insert into STATION values (549, '.', 60, 679272.61, 4758061.59, 1465.61);
insert into STATION values (550, '2024.20', 60, 679270.40, 4758057.04, 1461.61);
insert into STATION values (551, '2024.21', 60, 679273.32, 4758068.38, 1479.99);
insert into STATION values (552, '.', 60, 679274.90, 4758069.66, 1483.96);
insert into STATION values (553, '.', 60, 679270.41, 4758067.35, 1479.84);
insert into STATION values (554, '.', 60, 679271.60, 4758065.94, 1479.70);
insert into STATION values (555, '.', 60, 679273.36, 4758065.72, 1479.95);
insert into STATION values (556, '.', 60, 679272.68, 4758069.10, 1480.16);
insert into STATION values (557, '.', 60, 679273.54, 4758068.28, 1479.95);
insert into STATION values (558, '.', 60, 679274.96, 4758066.95, 1479.82);
insert into STATION values (559, '.', 60, 679274.55, 4758068.96, 1479.88);
insert into STATION values (560, '.', 60, 679272.94, 4758068.89, 1480.12);
insert into STATION values (561, '.', 60, 679271.04, 4758068.76, 1480.16);
insert into STATION values (562, '2024.22', 60, 679269.30, 4758067.87, 1480.46);
insert into STATION values (563, '.', 60, 679264.81, 4758067.34, 1480.97);
insert into STATION values (564, '.', 60, 679269.49, 4758068.13, 1480.46);
insert into STATION values (565, '.', 60, 679264.38, 4758068.95, 1481.90);
insert into STATION values (566, '.', 60, 679268.40, 4758068.22, 1480.55);
insert into STATION values (567, '.', 60, 679257.09, 4758064.61, 1480.44);
insert into STATION values (568, '.', 60, 679266.21, 4758066.71, 1482.06);
insert into STATION values (569, '.', 60, 679266.83, 4758066.62, 1481.07);
insert into STATION values (570, '.', 60, 679266.68, 4758066.55, 1480.87);
insert into STATION values (571, '.', 60, 679269.58, 4758068.27, 1479.20);
insert into STATION values (572, '.', 60, 679269.37, 4758068.33, 1479.28);
insert into STATION values (573, '2024.23', 60, 679260.80, 4758067.01, 1464.26);
insert into STATION values (574, '.', 60, 679262.24, 4758055.93, 1444.66);
