create table SURVEY (ID integer, PARENT_ID integer, NAME varchar(25), FULL_NAME varchar(37), TITLE varchar(21));
create table CENTRELINE (ID integer, SURVEY_ID integer, TITLE varchar(4), TOPO_DATE date, EXPLO_DATE date, LENGTH real, SURFACE_LENGTH real, DUPLICATE_LENGTH real);
create table PERSON (ID integer, NAME varchar(13), SURNAME varchar(12));
create table EXPLO (PERSON_ID integer, CENTRELINE_ID integer);
create table TOPO (PERSON_ID integer, CENTRELINE_ID integer);
create table STATION (ID integer, NAME varchar(15), SURVEY_ID integer, X real, Y real, Z real);
create table STATION_FLAG (STATION_ID integer, FLAG char(3));
create table SHOT (ID integer, FROM_ID integer, TO_ID integer, CENTRELINE_ID integer, LENGTH real, BEARING real, GRADIENT real, ADJ_LENGTH real, ADJ_BEARING real, ADJ_GRADIENT real, ERR_LENGTH real, ERR_BEARING real, ERR_GRADIENT real);
create table SHOT_FLAG (SHOT_ID integer, FLAG char(3));
create table MAPS (ID integer, SURVEY_ID integer, NAME varchar(25), TITLE varchar(21), PROJID integer, LENGTH real, DEPTH real);
create table SCRAPS (ID integer, SURVEY_ID integer, NAME varchar(25), PROJID integer, MAX_DISTORTION real, AVG_DISTORTION real);
create table MAPITEMS (ID integer, TYPE integer, ITEMID integer);
insert into SURVEY values (1, 0, '', '', NULL);
 insert into CENTRELINE values (2, 1, NULL, NULL, NULL, 0.00, 0.00, 0.00);
 insert into SURVEY values (51, 1, 'Hashim-oyuk', 'Hashim-oyuk', 'Hashim-oyuk');
 insert into CENTRELINE values (52, 51, NULL, NULL, NULL, 0.00, 0.00, 0.00);
 insert into SURVEY values (53, 51, 'Entree', 'Entree.Hashim-oyuk', 'Ashimyuk Entree');
 insert into CENTRELINE values (54, 53, NULL, NULL, NULL, 0.00, 0.00, 0.00);
 insert into SURVEY values (55, 53, 'Entree', 'Entree.Entree.Hashim-oyuk', 'Entree Hochimoyouk ');
 insert into CENTRELINE values (56, 55, NULL, NULL, NULL, 0.00, 0.00, 0.00);
 insert into CENTRELINE values (57, 55, NULL, '2024-04-12', NULL, 0.00, 0.00, 20.91);
 insert into PERSON values (1, 'Jo', 'De-Waele');
insert into TOPO values (1, 57);
 insert into PERSON values (2, 'Jean-Pierre', 'Gruat');
insert into TOPO values (2, 57);
 insert into PERSON values (3, 'Jean-Paul', 'Hereil');
insert into TOPO values (3, 57);
 insert into SHOT values (1, 1, 2, 57, 3.584, 335.23, 16.79, 3.590, 335.22, 16.84, 0.007, 330.24, 40.92);
insert into SHOT_FLAG values(1, 'dpl');
insert into SHOT values (2, 2, 3, 57, 5.742, 236.34, 31.36, 5.743, 236.31, 31.37, 0.003, 157.08, 32.21);
insert into SHOT_FLAG values(2, 'dpl');
insert into SHOT values (3, 3, 4, 57, 5.648, 323.76, 33.96, 5.647, 323.77, 33.91, 0.005, 353.39, -70.07);
insert into SHOT_FLAG values(3, 'dpl');
insert into SHOT values (4, 4, 5, 57, 2.530, 252.29, 25.06, 2.527, 252.20, 25.05, 0.005, 130.61, -19.83);
insert into SHOT_FLAG values(4, 'dpl');
insert into SHOT values (5, 5, 6, 57, 3.404, 352.01, 33.26, 3.407, 351.93, 33.29, 0.005, 285.95, 35.49);
insert into SHOT_FLAG values(5, 'dpl');
insert into SHOT values (6, 6, 7, 57, 20.582, 124.71, 7.26, 20.581, 124.73, 7.26, 0.006, 221.15, -17.59);
insert into SHOT values (7, 6, 8, 57, 14.449, 99.93, 2.19, 14.447, 99.93, 2.18, 0.004, 240.41, -44.68);
insert into SHOT values (8, 6, 9, 57, 17.581, 70.64, 10.79, 17.576, 70.65, 10.79, 0.006, 218.72, -9.67);
insert into SHOT values (9, 6, 10, 57, 13.524, 169.51, 0.24, 13.526, 169.52, 0.25, 0.005, 231.32, 38.48);
insert into SHOT values (10, 6, 11, 57, 9.531, 56.01, 1.17, 9.532, 55.99, 1.14, 0.005, 340.42, -47.42);
insert into SURVEY values (59, 53, 'Entree2', 'Entree2.Entree.Hashim-oyuk', 'Hochimoyouk');
 insert into CENTRELINE values (60, 59, NULL, NULL, NULL, 0.00, 0.00, 0.00);
 insert into CENTRELINE values (61, 59, NULL, '2024-04-12', NULL, 823.60, 0.00, 0.00);
 insert into TOPO values (1, 61);
 insert into TOPO values (2, 61);
 insert into TOPO values (3, 61);
 insert into SHOT values (11, 12, 13, 61, 10.058, 110.34, -35.83, 10.048, 110.33, -35.82, 0.011, 307.97, 43.57);
insert into SHOT values (12, 13, 14, 61, 7.304, 105.61, -35.86, 7.303, 105.59, -35.88, 0.003, 332.37, -23.34);
insert into SHOT values (13, 14, 15, 61, 14.796, 72.08, -32.09, 14.796, 72.11, -32.09, 0.007, 152.81, 11.80);
insert into SHOT values (14, 15, 16, 61, 12.905, 73.50, -30.79, 12.908, 73.49, -30.80, 0.005, 1.47, -74.50);
insert into SHOT values (15, 16, 17, 61, 12.135, 72.33, -20.13, 12.140, 72.33, -20.14, 0.005, 71.71, -33.48);
insert into SHOT values (16, 17, 18, 61, 17.464, 55.15, -29.03, 17.458, 55.16, -29.02, 0.007, 205.50, 32.94);
insert into SHOT values (17, 18, 19, 61, 18.898, 42.31, -29.30, 18.898, 42.29, -29.31, 0.005, 293.14, -36.70);
insert into SHOT values (18, 19, 20, 61, 24.826, 103.95, -11.21, 24.830, 103.94, -11.19, 0.008, 80.86, 43.13);
insert into SHOT values (19, 20, 21, 61, 34.080, 138.42, -8.52, 34.074, 138.43, -8.52, 0.007, 291.83, 11.98);
insert into SHOT values (20, 21, 22, 61, 22.204, 93.69, -30.54, 22.213, 93.69, -30.55, 0.009, 84.67, -50.84);
insert into SHOT values (21, 22, 23, 61, 23.956, 106.31, -30.33, 23.954, 106.32, -30.34, 0.006, 233.98, -16.62);
insert into SHOT values (22, 23, 24, 61, 19.816, 110.07, -39.59, 19.815, 110.06, -39.56, 0.011, 87.84, 52.36);
insert into SHOT values (23, 24, 25, 61, 23.095, 85.06, -11.05, 23.093, 85.06, -11.06, 0.006, 223.04, -49.03);
insert into SHOT values (24, 25, 26, 61, 13.579, 95.33, -14.77, 13.575, 95.33, -14.77, 0.004, 258.98, 29.85);
insert into SHOT values (25, 26, 27, 61, 14.040, 112.39, -22.64, 14.039, 112.37, -22.67, 0.008, 340.91, -48.06);
insert into SHOT values (26, 27, 28, 61, 6.408, 174.80, -9.05, 6.405, 174.74, -8.98, 0.010, 71.16, 49.70);
insert into SHOT values (27, 28, 29, 61, 11.240, 257.18, 5.81, 11.273, 257.75, 5.80, 0.115, 330.68, 0.69);
insert into SHOT values (28, 29, 30, 61, 12.674, 275.31, -0.84, 12.716, 275.78, -0.77, 0.114, 343.66, 7.66);
insert into SHOT values (29, 30, 31, 61, 6.941, 140.81, -2.92, 6.904, 140.89, -2.91, 0.038, 306.35, 5.22);
insert into SHOT values (30, 31, 32, 61, 20.084, 163.65, -18.54, 20.043, 164.32, -18.77, 0.239, 270.44, -15.60);
insert into SHOT values (31, 32, 33, 61, 10.324, 294.33, -7.58, 10.326, 294.29, -7.57, 0.008, 219.52, 13.07);
insert into SHOT values (32, 32, 34, 61, 9.305, 153.83, -21.71, 9.275, 154.09, -21.90, 0.059, 289.52, -17.80);
insert into SHOT values (33, 34, 35, 61, 7.821, 262.00, 16.14, 7.822, 262.04, 16.18, 0.008, 356.08, 46.03);
insert into SHOT values (34, 34, 36, 61, 10.027, 134.51, -10.77, 9.971, 134.54, -10.81, 0.057, 308.38, 3.73);
insert into SHOT values (35, 36, 37, 61, 19.217, 34.07, 11.32, 19.229, 34.36, 11.40, 0.101, 120.30, 16.83);
insert into SHOT values (36, 37, 38, 61, 6.312, 33.64, 15.14, 6.321, 33.77, 15.23, 0.019, 100.22, 36.74);
insert into SHOT values (37, 38, 39, 61, 10.423, 351.32, 20.89, 10.468, 352.06, 20.99, 0.135, 65.84, 14.29);
insert into SHOT values (38, 39, 28, 61, 13.098, 313.07, 8.12, 13.095, 314.16, 8.56, 0.266, 47.84, 22.09);
insert into SHOT values (39, 36, 40, 61, 8.439, 206.49, 7.49, 8.443, 207.15, 7.42, 0.097, 293.65, -6.21);
insert into SHOT values (40, 40, 41, 61, 16.717, 223.43, 2.33, 16.727, 223.96, 2.43, 0.157, 310.51, 10.60);
insert into SHOT values (41, 41, 42, 61, 25.168, 173.82, 3.00, 25.157, 174.45, 3.19, 0.289, 267.39, 16.77);
insert into SHOT values (42, 42, 43, 61, 7.365, 164.67, -1.50, 7.345, 164.92, -1.40, 0.040, 286.01, 18.59);
insert into SHOT values (43, 43, 44, 61, 8.724, 288.19, 4.30, 8.717, 288.16, 4.28, 0.008, 139.81, -29.29);
insert into SHOT values (44, 43, 45, 61, 12.958, 235.10, 6.38, 12.957, 235.09, 6.34, 0.009, 134.93, -78.31);
insert into SHOT values (45, 45, 46, 61, 16.629, 214.61, -6.43, 16.625, 214.59, -6.42, 0.006, 88.38, 19.01);
insert into SHOT values (46, 46, 47, 61, 11.302, 110.22, -7.19, 11.301, 110.25, -7.17, 0.008, 203.51, 43.51);
insert into SHOT values (47, 47, 48, 61, 8.471, 89.21, 8.98, 8.474, 89.18, 8.96, 0.006, 38.62, -21.04);
insert into SHOT values (48, 47, 49, 61, 3.173, 168.03, -4.79, 3.169, 168.12, -4.89, 0.008, 298.51, -37.30);
insert into SHOT values (49, 49, 50, 61, 17.066, 128.60, 5.76, 17.065, 128.59, 5.78, 0.008, 356.28, 65.94);
insert into SHOT values (50, 43, 51, 61, 23.042, 59.98, -1.84, 23.070, 59.02, -1.74, 0.389, 333.87, 5.70);
insert into SHOT values (51, 51, 52, 61, 35.273, 84.49, -1.32, 35.304, 82.69, -1.17, 1.114, 355.30, 4.89);
insert into SHOT values (52, 52, 53, 61, 21.502, 293.53, -3.10, 21.469, 294.11, -2.94, 0.230, 31.46, 15.86);
insert into SHOT values (53, 53, 54, 61, 23.115, 303.80, 1.47, 23.089, 304.59, 1.71, 0.332, 39.46, 17.22);
insert into SHOT values (54, 54, 55, 61, 10.752, 302.97, -0.63, 10.729, 303.36, -0.53, 0.080, 50.46, 12.58);
insert into SHOT values (55, 55, 40, 61, 0.000, 6.18, 0.00, 0.010, 90.00, 0.00, 0.010, 90.00, 0.00);
insert into SHOT values (56, 16, 56, 61, 20.088, 144.22, -20.95, 20.088, 144.22, -20.94, 0.002, 84.79, 39.20);
insert into SHOT values (57, 56, 57, 61, 26.974, 207.88, -9.12, 26.971, 207.87, -9.13, 0.005, 40.32, -47.05);
insert into SHOT values (58, 57, 58, 61, 10.081, 147.74, -2.50, 10.081, 147.78, -2.50, 0.007, 240.26, -3.72);
insert into SHOT values (59, 12, 59, 61, 3.170, 185.62, 11.61, 3.171, 185.73, 11.64, 0.006, 272.29, 21.21);
insert into SHOT values (60, 12, 60, 61, 1.821, 125.52, 16.41, 1.818, 125.42, 16.62, 0.008, 339.60, 47.32);
insert into SHOT values (61, 12, 61, 61, 2.373, 74.27, 9.11, 2.370, 74.12, 9.23, 0.008, 311.63, 30.53);
insert into SHOT values (62, 12, 62, 61, 4.216, 49.65, 7.88, 4.218, 49.56, 7.90, 0.007, 336.06, 14.52);
insert into SHOT values (63, 12, 63, 61, 4.762, 16.91, 10.55, 4.762, 16.89, 10.53, 0.002, 298.13, -43.88);
insert into SHOT values (64, 12, 64, 61, 5.905, 357.02, 10.28, 5.904, 356.94, 10.34, 0.010, 253.26, 36.70);
insert into SHOT values (65, 12, 65, 61, 2.902, 95.89, -21.10, 2.898, 95.94, -21.03, 0.006, 235.03, 50.86);
insert into SHOT values (66, 12, 66, 61, 3.100, 116.09, -20.97, 3.099, 116.03, -20.99, 0.003, 4.96, -10.81);
insert into SHOT values (67, 13, 67, 61, 3.630, 62.79, 69.67, 3.628, 63.23, 69.58, 0.011, 128.31, -19.95);
insert into SHOT values (68, 13, 68, 61, 9.281, 16.46, 8.60, 9.279, 16.46, 8.55, 0.008, 230.90, -85.38);
insert into SHOT values (69, 13, 69, 61, 2.889, 190.08, 2.70, 2.887, 189.98, 2.58, 0.008, 76.11, -50.21);
insert into SHOT values (70, 13, 70, 61, 11.867, 349.01, 8.32, 11.858, 349.04, 8.29, 0.013, 131.20, -36.18);
insert into SHOT values (71, 13, 71, 61, 9.329, 65.92, -12.46, 9.331, 65.97, -12.50, 0.011, 153.42, -43.40);
insert into SHOT values (72, 14, 72, 61, 4.244, 179.90, -22.61, 4.249, 179.85, -22.70, 0.009, 124.46, -65.21);
insert into SHOT values (73, 14, 73, 61, 24.261, 27.82, -5.89, 24.261, 27.84, -5.89, 0.009, 116.73, -4.85);
insert into SHOT values (74, 14, 74, 61, 2.327, 62.96, -71.72, 2.327, 63.08, -71.74, 0.002, 178.27, -12.02);
insert into SHOT values (75, 15, 75, 61, 16.476, 19.13, -0.72, 16.481, 19.13, -0.73, 0.005, 23.17, -16.44);
insert into SHOT values (76, 15, 76, 61, 30.460, 172.33, -7.59, 30.458, 172.33, -7.60, 0.007, 318.88, -59.43);
insert into SHOT values (77, 15, 77, 61, 6.280, 96.31, 71.31, 6.272, 96.28, 71.29, 0.009, 358.20, -83.62);
insert into SHOT values (78, 16, 78, 61, 11.955, 14.49, -2.37, 11.950, 14.50, -2.35, 0.006, 165.90, 38.46);
insert into SHOT values (79, 16, 79, 61, 41.184, 192.11, 1.04, 41.181, 192.10, 1.04, 0.006, 76.91, -3.57);
insert into SHOT values (80, 16, 80, 61, 11.499, 103.97, 69.43, 11.503, 104.04, 69.44, 0.006, 178.58, 40.39);
insert into SHOT values (81, 16, 81, 61, 21.375, 102.19, -1.61, 21.380, 102.18, -1.61, 0.006, 75.03, 24.22);
insert into SHOT values (82, 16, 82, 61, 20.313, 148.10, -2.82, 20.309, 148.10, -2.82, 0.005, 323.02, -17.31);
insert into SHOT values (83, 16, 83, 61, 28.463, 156.53, -15.00, 28.465, 156.53, -15.01, 0.003, 128.86, -50.30);
insert into SHOT values (84, 17, 84, 61, 9.895, 345.83, 1.84, 9.896, 345.84, 1.85, 0.003, 52.87, 50.75);
insert into SHOT values (85, 17, 85, 61, 13.061, 178.49, 78.52, 13.062, 178.46, 78.51, 0.002, 125.30, 9.34);
insert into SHOT values (86, 17, 86, 61, 17.175, 166.43, 13.76, 17.179, 166.45, 13.77, 0.007, 227.14, 43.06);
insert into SHOT values (87, 17, 87, 61, 34.562, 256.31, 33.48, 34.565, 256.32, 33.48, 0.007, 2.11, 67.00);
insert into SHOT values (88, 17, 88, 61, 18.884, 246.26, 57.50, 18.889, 246.24, 57.50, 0.007, 208.73, 27.33);
insert into SHOT values (89, 17, 89, 61, 12.232, 34.06, -10.50, 12.226, 34.05, -10.51, 0.008, 239.70, -11.59);
insert into SHOT values (90, 17, 90, 61, 13.302, 57.24, -6.10, 13.301, 57.22, -6.09, 0.006, 313.21, 49.36);
insert into SHOT values (91, 17, 91, 61, 20.531, 84.66, -6.89, 20.527, 84.65, -6.88, 0.006, 306.07, 22.71);
insert into SHOT values (92, 17, 92, 61, 14.803, 104.25, -8.27, 14.806, 104.26, -8.27, 0.005, 159.67, 0.02);
insert into SHOT values (93, 18, 93, 61, 16.763, 358.42, 6.34, 16.769, 358.42, 6.33, 0.006, 344.60, -7.74);
insert into SHOT values (94, 18, 94, 61, 7.341, 99.28, 86.71, 7.342, 98.13, 86.69, 0.009, 27.92, 6.95);
insert into SHOT values (95, 18, 95, 61, 10.597, 160.74, 55.32, 10.592, 160.72, 55.31, 0.005, 33.42, -63.92);
insert into SHOT values (96, 18, 96, 61, 17.449, 167.09, 18.79, 17.447, 167.09, 18.79, 0.002, 339.87, 15.50);
insert into SHOT values (97, 18, 97, 61, 13.432, 208.72, 46.89, 13.435, 208.72, 46.90, 0.004, 93.19, 70.14);
insert into SHOT values (98, 18, 98, 61, 15.746, 250.05, 37.06, 15.743, 250.08, 37.07, 0.008, 6.88, 1.65);
insert into SHOT values (99, 18, 99, 61, 11.751, 222.61, 62.43, 11.752, 222.61, 62.45, 0.005, 36.77, 44.23);
insert into SHOT values (100, 19, 100, 61, 10.319, 351.60, 1.67, 10.324, 351.64, 1.67, 0.010, 51.06, -4.23);
insert into SHOT values (101, 19, 101, 61, 15.626, 345.40, 83.40, 15.624, 345.50, 83.39, 0.005, 42.62, -33.82);
insert into SHOT values (102, 19, 102, 61, 33.295, 103.23, 30.66, 33.294, 103.22, 30.66, 0.006, 6.43, -0.36);
insert into SHOT values (103, 20, 103, 61, 19.052, 36.07, 4.63, 19.052, 36.07, 4.64, 0.003, 307.83, 41.55);
insert into SHOT values (104, 20, 104, 61, 20.518, 155.56, 80.52, 20.511, 155.56, 80.51, 0.008, 156.23, -65.53);
insert into SHOT values (105, 20, 105, 61, 25.062, 195.31, 10.88, 25.064, 195.31, 10.88, 0.003, 175.32, -28.04);
insert into SHOT values (106, 20, 106, 61, 29.954, 168.23, 9.62, 29.950, 168.24, 9.61, 0.008, 307.04, -68.49);
insert into SHOT values (107, 20, 107, 61, 35.376, 95.72, 9.57, 35.376, 95.73, 9.57, 0.005, 150.31, -71.57);
insert into SHOT values (108, 21, 108, 61, 38.162, 27.38, 0.14, 38.165, 27.38, 0.14, 0.003, 29.11, -24.97);
insert into SHOT values (109, 21, 109, 61, 25.077, 40.85, 74.83, 25.075, 40.92, 74.82, 0.009, 107.91, -21.67);
insert into SHOT values (110, 21, 110, 61, 10.541, 185.58, 9.24, 10.545, 185.57, 9.22, 0.006, 171.11, -33.76);
insert into SHOT values (111, 21, 111, 61, 14.385, 173.75, 52.44, 14.385, 173.72, 52.42, 0.007, 126.08, -29.88);
insert into SHOT values (112, 22, 112, 61, 21.864, 27.78, 5.08, 21.866, 27.78, 5.09, 0.004, 9.27, 64.89);
insert into SHOT values (113, 22, 113, 61, 21.057, 350.41, 85.51, 21.064, 350.19, 85.52, 0.011, 230.03, 45.90);
insert into SHOT values (114, 22, 114, 61, 12.437, 197.11, 3.06, 12.437, 197.09, 3.09, 0.007, 91.83, 64.75);
insert into SHOT values (115, 22, 115, 61, 15.945, 135.01, -16.86, 15.943, 135.00, -16.84, 0.006, 46.30, 64.04);
insert into SHOT values (116, 22, 116, 61, 20.108, 96.56, -11.70, 20.107, 96.56, -11.71, 0.003, 310.58, -57.80);
insert into SHOT values (117, 22, 117, 61, 25.999, 58.64, -11.12, 25.992, 58.65, -11.11, 0.008, 212.06, 23.71);
insert into SHOT values (118, 23, 118, 61, 19.790, 19.29, 3.09, 19.789, 19.30, 3.10, 0.004, 125.02, 30.15);
insert into SHOT values (119, 23, 119, 61, 6.203, 63.42, 54.75, 6.205, 63.43, 54.79, 0.005, 226.10, 60.90);
insert into SHOT values (120, 23, 120, 61, 13.592, 43.64, -11.56, 13.594, 43.63, -11.54, 0.006, 356.82, 50.93);
insert into SHOT values (121, 23, 121, 61, 11.640, 72.83, -18.34, 11.642, 72.84, -18.32, 0.004, 120.48, 24.08);
insert into SHOT values (122, 23, 122, 61, 9.915, 121.86, -22.80, 9.917, 121.81, -22.78, 0.009, 56.30, 16.91);
insert into SHOT values (123, 23, 123, 61, 11.676, 176.98, -6.59, 11.672, 176.98, -6.54, 0.010, 351.89, 72.43);
insert into SHOT values (124, 24, 124, 61, 109.130, 18.17, 2.13, 109.128, 18.16, 2.13, 0.012, 274.27, -41.74);
insert into SHOT values (125, 24, 125, 61, 3.119, 63.48, 74.12, 3.118, 63.43, 74.19, 0.004, 255.42, -0.71);
insert into SHOT values (126, 24, 126, 61, 2.617, 172.71, 6.75, 2.618, 172.71, 6.58, 0.008, 173.57, -73.92);
insert into SHOT values (127, 24, 127, 61, 16.687, 117.21, -6.46, 16.681, 117.21, -6.47, 0.007, 279.22, -21.24);
insert into SHOT values (128, 24, 128, 61, 17.443, 98.49, -7.78, 17.441, 98.49, -7.81, 0.008, 308.29, -64.80);
insert into SHOT values (129, 24, 129, 61, 39.401, 50.27, -1.55, 39.404, 50.26, -1.56, 0.004, 5.80, -11.41);
insert into SHOT values (130, 25, 130, 61, 5.362, 11.12, 73.40, 5.365, 10.87, 73.35, 0.009, 321.36, 9.45);
insert into SHOT values (131, 25, 131, 61, 4.091, 191.83, 4.02, 4.088, 191.89, 4.07, 0.006, 319.87, 29.07);
insert into SHOT values (132, 25, 132, 61, 4.535, 101.03, -39.87, 4.539, 100.92, -39.88, 0.008, 31.59, -22.81);
insert into SHOT values (133, 25, 133, 61, 10.298, 103.97, -7.17, 10.292, 103.94, -7.20, 0.010, 325.91, -23.96);
insert into SHOT values (134, 25, 134, 61, 11.526, 79.83, -5.22, 11.529, 79.82, -5.23, 0.004, 42.14, -9.11);
insert into SHOT values (135, 25, 135, 61, 22.764, 55.66, -1.35, 22.764, 55.65, -1.36, 0.003, 345.38, -70.32);
insert into SHOT values (136, 25, 136, 61, 29.634, 45.19, -2.07, 29.633, 45.19, -2.07, 0.001, 218.58, 46.91);
insert into SHOT values (137, 25, 137, 61, 32.308, 30.57, -0.57, 32.311, 30.57, -0.57, 0.004, 353.44, -12.81);
insert into SHOT values (138, 25, 138, 61, 58.605, 12.69, 2.29, 58.608, 12.70, 2.29, 0.005, 29.87, -36.24);
insert into SHOT values (139, 25, 139, 61, 22.099, 59.19, -5.10, 22.097, 59.17, -5.09, 0.009, 318.99, 30.89);
insert into SHOT values (140, 26, 140, 61, 6.086, 52.05, 3.40, 6.088, 52.02, 3.39, 0.004, 348.35, -5.66);
insert into SHOT values (141, 26, 141, 61, 10.296, 84.79, 77.61, 10.290, 84.55, 77.60, 0.011, 359.81, -33.51);
insert into SHOT values (142, 27, 142, 61, 23.010, 212.82, 1.53, 23.006, 212.81, 1.54, 0.010, 90.57, 42.39);
insert into SHOT values (143, 27, 143, 61, 4.703, 180.96, 69.15, 4.706, 180.69, 69.21, 0.010, 66.87, 29.17);
insert into SHOT values (144, 27, 144, 61, 24.390, 163.15, 2.40, 24.389, 163.13, 2.40, 0.005, 67.29, 8.47);
insert into SHOT values (145, 27, 145, 61, 13.559, 76.13, 3.26, 13.566, 76.16, 3.30, 0.012, 118.80, 44.09);
insert into SHOT values (146, 27, 146, 61, 29.457, 12.59, 4.74, 29.457, 12.59, 4.75, 0.008, 120.94, 82.77);
insert into SHOT values (147, 27, 147, 61, 26.305, 40.87, 3.07, 26.304, 40.88, 3.07, 0.005, 143.18, 9.31);
insert into SHOT values (148, 28, 148, 61, 5.016, 198.67, 82.95, 5.009, 198.73, 82.86, 0.011, 203.67, -47.05);
insert into SHOT values (149, 28, 149, 61, 15.845, 295.75, 17.59, 15.847, 295.73, 17.56, 0.010, 258.22, -56.75);
insert into SHOT values (150, 29, 150, 61, 9.976, 349.52, 20.41, 9.973, 349.52, 20.42, 0.004, 180.31, 20.32);
insert into SHOT values (151, 29, 151, 61, 3.161, 319.54, 60.62, 3.155, 319.72, 60.64, 0.008, 88.71, -36.19);
insert into SHOT values (152, 29, 152, 61, 12.301, 213.94, -0.18, 12.298, 213.96, -0.19, 0.006, 339.68, -22.63);
insert into SHOT values (153, 29, 153, 61, 14.566, 245.97, -0.96, 14.564, 245.97, -0.94, 0.004, 48.91, 57.17);
insert into SHOT values (154, 30, 154, 61, 5.970, 344.09, 11.61, 5.965, 344.11, 11.61, 0.005, 143.28, -13.16);
insert into SHOT values (155, 30, 155, 61, 2.244, 339.56, 76.93, 2.246, 340.11, 77.14, 0.010, 127.83, 24.34);
insert into SHOT values (156, 30, 156, 61, 6.092, 209.18, 1.28, 6.090, 209.09, 1.32, 0.011, 105.19, 20.99);
insert into SHOT values (157, 30, 157, 61, 15.672, 272.10, -3.69, 15.663, 272.09, -3.70, 0.010, 114.07, -6.44);
insert into SHOT values (158, 30, 158, 61, 16.867, 275.11, -1.86, 16.866, 275.11, -1.87, 0.004, 131.25, -65.31);
insert into SHOT values (159, 31, 159, 61, 2.243, 204.69, 77.84, 2.241, 204.94, 77.78, 0.004, 252.22, -43.69);
insert into SHOT values (160, 31, 160, 61, 5.788, 237.92, -3.06, 5.791, 237.93, -3.07, 0.003, 263.84, -19.95);
insert into SHOT values (161, 31, 161, 61, 5.934, 196.44, -8.88, 5.932, 196.46, -8.92, 0.006, 340.58, -50.36);
insert into SHOT values (162, 31, 162, 61, 8.788, 165.85, -12.39, 8.787, 165.83, -12.42, 0.006, 36.29, -51.12);
insert into SHOT values (163, 31, 163, 61, 8.254, 189.07, -18.48, 8.256, 189.11, -18.50, 0.007, 275.35, -31.87);
insert into SHOT values (164, 31, 164, 61, 9.032, 214.19, -22.84, 9.031, 214.22, -22.87, 0.007, 333.55, -34.10);
insert into SHOT values (165, 32, 165, 61, 2.402, 232.36, 14.81, 2.403, 232.34, 14.71, 0.005, 211.83, -62.17);
insert into SHOT values (166, 32, 166, 61, 4.772, 267.02, 8.36, 4.777, 266.97, 8.31, 0.008, 227.02, -29.22);
insert into SHOT values (167, 32, 167, 61, 9.088, 279.78, 2.42, 9.089, 279.76, 2.40, 0.005, 216.44, -42.26);
insert into SHOT values (168, 32, 168, 61, 12.149, 287.65, 1.72, 12.146, 287.64, 1.70, 0.005, 133.01, -59.21);
insert into SHOT values (169, 33, 169, 61, 13.012, 179.32, 82.08, 13.004, 179.04, 82.09, 0.012, 72.16, -40.78);
insert into SHOT values (170, 33, 170, 61, 12.245, 145.46, 77.43, 12.244, 145.24, 77.42, 0.011, 62.61, -8.71);
insert into SHOT values (171, 34, 171, 61, 13.190, 271.80, 16.16, 13.190, 271.81, 16.20, 0.010, 39.57, 65.31);
insert into SHOT values (172, 34, 172, 61, 8.357, 235.91, 15.66, 8.363, 235.93, 15.68, 0.008, 273.36, 38.89);
insert into SHOT values (173, 34, 173, 61, 14.800, 93.60, 8.66, 14.797, 93.57, 8.67, 0.010, 345.57, 13.22);
insert into SHOT values (174, 34, 174, 61, 19.295, 87.46, 80.11, 19.297, 87.41, 80.11, 0.004, 345.56, 28.53);
insert into SHOT values (175, 35, 175, 61, 16.794, 258.70, 72.72, 16.788, 258.67, 72.72, 0.007, 143.83, -63.02);
insert into SHOT values (176, 36, 176, 61, 10.351, 90.21, 21.20, 10.349, 90.24, 21.18, 0.006, 186.40, -29.89);
insert into SHOT values (177, 36, 177, 61, 10.661, 253.40, 19.63, 10.658, 253.39, 19.63, 0.004, 125.18, -29.49);
insert into SHOT values (178, 36, 178, 61, 8.608, 205.77, 77.83, 8.605, 205.72, 77.79, 0.008, 190.42, -36.19);
insert into SHOT values (179, 36, 179, 61, 11.410, 66.45, 19.35, 11.410, 66.46, 19.35, 0.002, 144.81, -0.06);
insert into SHOT values (180, 36, 180, 61, 14.433, 44.98, 13.16, 14.435, 45.00, 13.13, 0.008, 94.93, -50.46);
insert into SHOT values (181, 36, 181, 61, 17.666, 39.22, 14.29, 17.667, 39.24, 14.29, 0.007, 120.72, 0.78);
insert into SHOT values (182, 36, 182, 61, 29.989, 220.29, 11.70, 29.989, 220.29, 11.70, 0.002, 150.18, -50.01);
insert into SHOT values (183, 36, 183, 61, 37.907, 211.39, 10.91, 37.907, 211.38, 10.90, 0.011, 134.51, -44.75);
insert into SHOT values (184, 37, 184, 61, 3.710, 120.57, 12.75, 3.705, 120.61, 12.79, 0.006, 273.17, 12.20);
insert into SHOT values (185, 37, 185, 61, 8.424, 93.57, 10.72, 8.424, 93.60, 10.74, 0.006, 192.39, 36.80);
insert into SHOT values (186, 37, 186, 61, 6.973, 68.20, 83.29, 6.977, 68.20, 83.35, 0.008, 248.05, 35.51);
insert into SHOT values (187, 37, 187, 61, 11.311, 75.58, 8.71, 11.313, 75.60, 8.75, 0.009, 159.63, 59.71);
insert into SHOT values (188, 37, 188, 61, 13.076, 57.37, 12.93, 13.073, 57.37, 12.95, 0.006, 238.01, 53.72);
insert into SHOT values (189, 38, 189, 61, 7.298, 65.09, 6.62, 7.305, 65.06, 6.60, 0.009, 34.84, -8.11);
insert into SHOT values (190, 38, 190, 61, 6.323, 80.45, 73.09, 6.323, 80.28, 73.12, 0.006, 319.96, 4.49);
insert into SHOT values (191, 40, 191, 61, 18.494, 65.07, 1.79, 18.495, 65.04, 1.80, 0.008, 343.97, 14.67);
insert into SHOT values (192, 40, 192, 61, 16.626, 112.25, 8.92, 16.625, 112.25, 8.93, 0.003, 236.37, 34.02);
insert into SHOT values (193, 40, 193, 61, 14.466, 143.75, 7.83, 14.458, 143.75, 7.83, 0.008, 331.02, -10.39);
insert into SHOT values (194, 40, 194, 61, 7.459, 131.23, 73.95, 7.461, 131.26, 73.95, 0.002, 205.84, 52.44);
insert into SHOT values (195, 40, 195, 61, 9.383, 278.25, 14.08, 9.386, 278.27, 14.06, 0.006, 321.16, -32.53);
insert into SHOT values (196, 40, 196, 61, 11.250, 259.22, 15.47, 11.257, 259.27, 15.46, 0.012, 309.56, -7.34);
insert into SHOT values (197, 40, 197, 61, 17.344, 246.15, 13.83, 17.351, 246.16, 13.84, 0.008, 258.70, 27.03);
insert into SHOT values (198, 40, 198, 61, 11.688, 175.65, 13.13, 11.689, 175.67, 13.15, 0.006, 264.90, 55.79);
insert into SHOT values (199, 40, 199, 61, 16.460, 181.45, 15.37, 16.453, 181.48, 15.37, 0.011, 305.98, -14.53);
insert into SHOT values (200, 40, 200, 61, 16.514, 194.42, 10.35, 16.512, 194.44, 10.36, 0.006, 314.91, 36.16);
insert into SHOT values (201, 41, 201, 61, 6.170, 278.17, 24.86, 6.172, 278.22, 24.91, 0.008, 20.71, 55.75);
insert into SHOT values (202, 41, 202, 61, 8.711, 230.65, 20.06, 8.715, 230.65, 20.07, 0.004, 228.27, 42.43);
insert into SHOT values (203, 41, 203, 61, 10.490, 209.87, 15.17, 10.491, 209.86, 15.20, 0.005, 98.52, 69.27);
insert into SHOT values (204, 41, 204, 61, 11.601, 128.66, 18.90, 11.604, 128.68, 18.91, 0.005, 189.94, 41.05);
insert into SHOT values (205, 41, 205, 61, 11.700, 149.78, 14.55, 11.704, 149.79, 14.55, 0.005, 189.26, 17.89);
insert into SHOT values (206, 41, 206, 61, 17.045, 167.69, 33.17, 17.047, 167.70, 33.18, 0.005, 264.02, 66.24);
insert into SHOT values (207, 41, 207, 61, 6.976, 173.63, 61.09, 6.978, 173.53, 61.11, 0.007, 73.19, 29.93);
insert into SHOT values (208, 42, 208, 61, 7.865, 250.17, 7.12, 7.874, 250.17, 7.15, 0.010, 249.44, 31.10);
insert into SHOT values (209, 42, 209, 61, 6.977, 266.55, 13.65, 6.980, 266.53, 13.67, 0.005, 231.08, 47.80);
insert into SHOT values (210, 42, 210, 61, 3.311, 86.98, 13.41, 3.305, 86.97, 13.47, 0.007, 274.59, 19.07);
insert into SHOT values (211, 42, 211, 61, 5.439, 38.80, 12.16, 5.436, 38.81, 12.21, 0.006, 200.75, 48.12);
insert into SHOT values (212, 42, 212, 61, 2.282, 135.12, 82.89, 2.287, 136.47, 83.07, 0.011, 270.55, 30.91);
insert into SHOT values (213, 43, 213, 61, 4.836, 140.48, 13.84, 4.834, 140.44, 13.76, 0.008, 42.17, -69.50);
insert into SHOT values (214, 43, 214, 61, 7.530, 163.48, 13.54, 7.533, 163.42, 13.51, 0.009, 98.61, -15.12);
insert into SHOT values (215, 43, 215, 61, 12.981, 175.54, 10.70, 12.985, 175.50, 10.70, 0.009, 113.00, -2.39);
insert into SHOT values (216, 43, 216, 61, 11.612, 283.95, 7.11, 11.609, 283.96, 7.08, 0.008, 58.82, -64.54);
insert into SHOT values (217, 43, 217, 61, 10.724, 268.88, 5.08, 10.724, 268.87, 5.08, 0.001, 189.58, 12.29);
insert into SHOT values (218, 43, 218, 61, 2.374, 256.34, 74.83, 2.372, 255.96, 74.89, 0.005, 131.02, -14.19);
insert into SHOT values (219, 44, 219, 61, 12.219, 96.95, 78.65, 12.220, 96.92, 78.64, 0.003, 72.09, -0.68);
insert into SHOT values (220, 45, 220, 61, 1.631, 42.30, -73.84, 1.624, 43.21, -73.82, 0.010, 140.96, 42.27);
insert into SHOT values (221, 45, 221, 61, 0.706, 309.23, 69.04, 0.705, 310.10, 69.38, 0.006, 86.71, 7.09);
insert into SHOT values (222, 45, 222, 61, 2.463, 301.29, 7.99, 2.462, 301.41, 8.17, 0.009, 52.95, 54.08);
insert into SHOT values (223, 45, 223, 61, 0.153, 263.33, 4.30, 0.153, 262.41, 7.53, 0.009, 146.00, 72.15);
insert into SHOT values (224, 45, 224, 61, 5.515, 355.45, 3.21, 5.516, 355.52, 3.22, 0.007, 81.34, 6.74);
insert into SHOT values (225, 45, 225, 61, 7.334, 248.53, 2.05, 7.333, 248.55, 2.11, 0.008, 19.54, 72.21);
insert into SHOT values (226, 45, 226, 61, 19.647, 125.55, 0.85, 19.651, 125.53, 0.85, 0.006, 85.30, -0.85);
insert into SHOT values (227, 45, 227, 61, 20.434, 138.13, 0.02, 20.438, 138.13, 0.03, 0.006, 155.97, 48.14);
insert into SHOT values (228, 45, 228, 61, 21.751, 147.02, 0.14, 21.754, 147.03, 0.16, 0.007, 156.56, 59.39);
insert into SHOT values (229, 45, 229, 61, 21.277, 156.29, 1.98, 21.277, 156.29, 1.99, 0.004, 188.84, 83.75);
insert into SHOT values (230, 46, 230, 61, 0.213, 43.29, -75.03, 0.206, 36.87, -75.96, 0.010, 269.66, 36.76);
insert into SHOT values (231, 46, 231, 61, 2.290, 133.79, 81.90, 2.292, 133.73, 82.02, 0.005, 317.94, 32.54);
insert into SHOT values (232, 46, 232, 61, 5.900, 292.30, 13.40, 5.901, 292.32, 13.42, 0.003, 0.30, 49.20);
insert into SHOT values (233, 46, 233, 61, 7.567, 272.16, 14.59, 7.570, 272.11, 14.61, 0.007, 200.86, 31.97);
insert into SHOT values (234, 46, 234, 61, 5.520, 230.17, 15.25, 5.519, 230.18, 15.23, 0.002, 5.71, -65.53);
insert into SHOT values (235, 46, 235, 61, 4.365, 186.13, 18.65, 4.365, 186.25, 18.71, 0.010, 284.57, 26.03);
insert into SHOT values (236, 46, 236, 61, 5.456, 145.95, 11.17, 5.457, 146.04, 11.20, 0.009, 233.91, 17.31);
insert into SHOT values (237, 46, 237, 61, 5.439, 298.70, 18.23, 5.437, 298.70, 18.22, 0.002, 125.78, -33.50);
insert into SHOT values (238, 46, 238, 61, 3.849, 339.15, 20.71, 3.844, 339.15, 20.72, 0.005, 165.21, -17.54);
insert into SHOT values (239, 46, 239, 61, 5.043, 2.13, 19.08, 5.041, 2.05, 19.11, 0.007, 247.97, 12.92);
insert into SHOT values (240, 46, 240, 61, 9.870, 255.00, 28.27, 9.875, 255.00, 28.29, 0.006, 272.70, 52.02);
insert into SHOT values (241, 46, 241, 61, 8.261, 265.43, 25.20, 8.262, 265.40, 25.22, 0.005, 169.33, 26.84);
insert into SHOT values (242, 46, 242, 61, 11.862, 260.82, 26.52, 11.865, 260.84, 26.53, 0.005, 328.47, 41.07);
insert into SHOT values (243, 47, 243, 61, 5.774, 83.02, 77.53, 5.777, 82.65, 77.50, 0.009, 16.96, 13.94);
insert into SHOT values (244, 47, 244, 61, 12.743, 92.74, 10.00, 12.738, 92.74, 9.99, 0.006, 257.40, -34.05);
insert into SHOT values (245, 47, 245, 61, 16.082, 74.83, 9.33, 16.086, 74.81, 9.30, 0.011, 22.46, -36.00);
insert into SHOT values (246, 47, 246, 61, 18.671, 57.98, 10.30, 18.667, 57.97, 10.31, 0.006, 269.75, 16.34);
insert into SHOT values (247, 47, 247, 61, 19.876, 36.96, 9.91, 19.878, 36.95, 9.91, 0.005, 340.54, -8.29);
insert into SHOT values (248, 47, 248, 61, 9.899, 358.57, 12.60, 9.901, 358.58, 12.60, 0.003, 19.39, 9.47);
insert into SHOT values (249, 47, 249, 61, 6.864, 341.69, 13.04, 6.865, 341.70, 13.05, 0.002, 24.81, 33.55);
insert into SHOT values (250, 47, 250, 61, 19.114, 27.04, 10.91, 19.116, 27.03, 10.92, 0.003, 333.31, 12.21);
insert into SHOT values (251, 48, 251, 61, 5.101, 223.08, -71.90, 5.105, 223.22, -71.83, 0.008, 251.93, -10.08);
insert into SHOT values (252, 48, 252, 61, 15.136, 218.38, 78.92, 15.133, 218.44, 78.91, 0.006, 274.00, -43.85);
insert into SHOT values (253, 49, 253, 61, 12.600, 243.59, -4.17, 12.595, 243.58, -4.14, 0.008, 91.51, 50.38);
insert into SHOT values (254, 49, 254, 61, 9.367, 219.59, -6.92, 9.367, 219.55, -6.93, 0.007, 124.58, -10.24);
insert into SHOT values (255, 49, 255, 61, 9.057, 204.93, -6.01, 9.056, 204.89, -6.02, 0.007, 107.32, -8.10);
insert into SHOT values (256, 49, 256, 61, 18.168, 196.66, -5.81, 18.171, 196.65, -5.81, 0.005, 154.86, -2.80);
insert into SHOT values (257, 49, 257, 61, 4.871, 135.53, 76.89, 4.878, 135.36, 76.84, 0.009, 103.39, 44.51);
insert into SHOT values (258, 49, 258, 61, 14.117, 252.75, 8.67, 14.110, 252.73, 8.68, 0.008, 103.61, 6.89);
insert into SHOT values (259, 49, 259, 61, 14.954, 255.73, 8.91, 14.947, 255.73, 8.93, 0.009, 75.48, 26.30);
insert into SHOT values (260, 49, 260, 61, 9.550, 270.74, 12.12, 9.545, 270.74, 12.16, 0.008, 97.37, 34.91);
insert into SHOT values (261, 49, 261, 61, 9.098, 97.62, 16.56, 9.104, 97.64, 16.53, 0.007, 115.10, -19.78);
insert into SHOT values (262, 49, 262, 61, 10.413, 88.88, 16.17, 10.414, 88.85, 16.17, 0.005, 12.26, -3.14);
insert into SHOT values (263, 49, 263, 61, 10.554, 79.80, 15.74, 10.558, 79.80, 15.77, 0.007, 70.84, 67.78);
insert into SHOT values (264, 51, 264, 61, 3.371, 342.70, 21.25, 3.373, 342.78, 21.39, 0.009, 85.51, 61.57);
insert into SHOT values (265, 51, 265, 61, 3.078, 327.42, 82.88, 3.083, 327.99, 82.97, 0.008, 106.93, 44.67);
insert into SHOT values (266, 51, 266, 61, 5.786, 154.44, 23.17, 5.790, 154.40, 23.19, 0.006, 104.83, 34.16);
insert into SHOT values (267, 51, 267, 61, 7.093, 123.00, 17.62, 7.098, 123.06, 17.63, 0.008, 175.63, 18.73);
insert into SHOT values (268, 51, 268, 61, 12.087, 113.65, 10.80, 12.095, 113.67, 10.82, 0.009, 144.60, 26.62);
insert into SHOT values (269, 51, 269, 61, 7.403, 191.79, 16.89, 7.407, 191.72, 16.87, 0.010, 126.20, -2.00);
insert into SHOT values (270, 51, 270, 61, 8.230, 274.05, 13.87, 8.231, 274.02, 13.92, 0.008, 178.68, 60.12);
insert into SHOT values (271, 52, 271, 61, 21.647, 70.49, 1.39, 21.650, 70.49, 1.40, 0.006, 52.76, 60.10);
insert into SHOT values (272, 52, 272, 61, 43.137, 7.64, 0.64, 43.135, 7.63, 0.65, 0.006, 212.09, 69.76);
insert into SHOT values (273, 52, 273, 61, 3.740, 128.39, 76.22, 3.739, 128.66, 76.13, 0.007, 166.00, -18.64);
insert into SHOT values (274, 52, 274, 61, 7.034, 180.29, 11.21, 7.035, 180.25, 11.23, 0.006, 92.23, 31.40);
insert into SHOT values (275, 52, 275, 61, 10.716, 232.94, 6.14, 10.714, 232.94, 6.16, 0.005, 76.17, 58.82);
insert into SHOT values (276, 52, 276, 61, 19.858, 251.52, 4.37, 19.860, 251.51, 4.39, 0.007, 191.14, 55.27);
insert into SHOT values (277, 52, 277, 61, 26.981, 308.76, -0.06, 26.981, 308.76, -0.06, 0.002, 205.65, -47.09);
insert into SHOT values (278, 52, 278, 61, 24.003, 304.59, 3.76, 24.001, 304.57, 3.75, 0.008, 198.30, -19.90);
insert into SHOT values (279, 53, 279, 61, 9.428, 351.88, 3.96, 9.427, 351.87, 3.95, 0.002, 232.65, -32.72);
insert into SHOT values (280, 53, 280, 61, 10.941, 4.93, 6.34, 10.937, 4.91, 6.35, 0.006, 225.59, 19.60);
insert into SHOT values (281, 53, 281, 61, 13.546, 16.98, 3.98, 13.550, 16.95, 3.98, 0.009, 312.70, -6.13);
insert into SHOT values (282, 53, 282, 61, 16.429, 27.94, 4.93, 16.429, 27.94, 4.92, 0.001, 292.23, -80.84);
insert into SHOT values (283, 53, 283, 61, 17.132, 38.11, 6.10, 17.135, 38.09, 6.10, 0.006, 335.32, 3.57);
insert into SHOT values (284, 53, 284, 61, 3.713, 135.64, 77.56, 3.717, 135.51, 77.59, 0.005, 18.85, 64.32);
insert into SHOT values (285, 53, 285, 61, 13.440, 233.44, 7.16, 13.436, 233.45, 7.14, 0.006, 29.63, -54.70);
insert into SHOT values (286, 53, 286, 61, 11.672, 260.77, 7.26, 11.675, 260.76, 7.28, 0.006, 205.61, 52.94);
insert into SHOT values (287, 53, 287, 61, 11.384, 285.84, 7.56, 11.388, 285.83, 7.57, 0.004, 277.20, 36.98);
insert into SHOT values (288, 54, 288, 61, 8.747, 212.11, 18.45, 8.741, 212.14, 18.48, 0.008, 0.55, 10.19);
insert into SHOT values (289, 54, 289, 61, 11.099, 76.16, 12.64, 11.094, 76.16, 12.65, 0.006, 267.68, 12.54);
insert into SHOT values (290, 54, 290, 61, 4.956, 277.94, 75.15, 4.956, 278.13, 75.12, 0.005, 334.93, -5.75);
insert into SHOT values (291, 56, 291, 61, 7.762, 81.89, 4.51, 7.761, 81.90, 4.51, 0.002, 200.98, -33.64);
insert into SHOT values (292, 56, 292, 61, 17.782, 212.85, 7.77, 17.782, 212.86, 7.76, 0.005, 287.16, -69.21);
insert into SHOT values (293, 56, 293, 61, 10.076, 291.81, 82.99, 10.075, 291.97, 82.99, 0.004, 25.36, -11.05);
insert into SHOT values (294, 56, 294, 61, 9.304, 167.89, -25.93, 9.303, 167.92, -25.95, 0.005, 281.51, -12.98);
insert into SHOT values (295, 56, 295, 61, 8.574, 199.57, -25.77, 8.580, 199.58, -25.77, 0.006, 216.57, -24.34);
insert into SHOT values (296, 57, 296, 61, 1.704, 76.51, 6.53, 1.698, 76.62, 6.77, 0.010, 232.41, 38.66);
insert into SHOT values (297, 57, 297, 61, 1.238, 85.62, 75.86, 1.237, 86.19, 75.93, 0.004, 206.13, -8.14);
insert into SHOT values (298, 57, 298, 61, 1.841, 228.07, 5.40, 1.850, 228.08, 5.58, 0.011, 230.69, 39.04);
insert into SHOT values (299, 57, 299, 61, 4.437, 137.15, -3.81, 4.439, 137.20, -3.75, 0.006, 189.38, 48.07);
insert into SHOT values (300, 57, 300, 61, 4.568, 158.38, -4.33, 4.573, 158.39, -4.26, 0.008, 159.08, 42.08);
insert into SHOT values (301, 57, 301, 61, 3.239, 136.56, 10.28, 3.243, 136.65, 10.30, 0.006, 192.94, 16.40);
insert into SHOT values (302, 57, 302, 61, 4.519, 160.09, 7.08, 4.520, 160.19, 7.12, 0.009, 244.14, 19.50);
insert into SHOT values (303, 57, 303, 61, 4.534, 329.09, 7.05, 4.533, 329.10, 7.10, 0.004, 112.80, 65.83);
insert into SHOT values (304, 57, 304, 61, 6.191, 293.43, 8.92, 6.189, 293.42, 8.92, 0.003, 143.57, -1.09);
insert into SHOT values (305, 57, 305, 61, 5.102, 277.43, 1.82, 5.105, 277.43, 1.80, 0.004, 284.88, -34.55);
insert into SHOT values (306, 57, 306, 61, 10.083, 147.70, -2.49, 10.086, 147.73, -2.50, 0.006, 208.54, -20.76);
insert into SHOT values (307, 57, 307, 61, 10.070, 147.77, -2.49, 10.067, 147.80, -2.51, 0.006, 268.59, -16.41);
insert into SHOT values (308, 57, 308, 61, 0.349, 61.61, -1.59, 0.340, 61.93, -1.68, 0.009, 229.44, -1.88);
insert into SHOT values (309, 57, 309, 61, 0.350, 62.13, -1.81, 0.349, 62.70, -1.64, 0.004, 168.05, 16.61);
insert into SHOT values (310, 58, 310, 61, 0.462, 231.45, 4.04, 0.463, 231.15, 3.71, 0.004, 171.65, -41.88);
insert into SHOT values (311, 58, 311, 61, 0.382, 125.08, 81.51, 0.384, 120.96, 81.28, 0.005, 57.76, 25.75);
insert into SHOT values (312, 58, 312, 61, 0.483, 239.47, 5.91, 0.478, 239.66, 6.01, 0.006, 43.21, 2.66);
insert into SHOT values (313, 58, 313, 61, 0.404, 57.08, 0.67, 0.405, 57.09, 1.41, 0.005, 63.32, 79.24);
insert into SHOT values (314, 58, 314, 61, 5.118, 147.22, -12.64, 5.122, 147.17, -12.63, 0.006, 102.21, -0.51);
insert into SCRAPS values (63, 53, 'SP-Hochimoyouk_01_entree', 1, 0.30793, 0.01176);
 insert into SCRAPS values (144, 53, 'SP-Hochimoyouk_02_entree', 1, 74.63193, 0.82897);
 insert into SCRAPS values (228, 53, 'SS-Hochimoyouk_01_entree', 2, 0.00000, 0.00000);
 insert into MAPS values (241, 53, 'MP-Entree', 'Entree', 1, 823.601, -127.990);
 insert into MAPITEMS values (241, 4, 63);
 insert into MAPITEMS values (241, 4, 144);
 insert into SURVEY values (243, 51, 'AshimyukFond', 'AshimyukFond.Hashim-oyuk', 'AshimyukFond');
 insert into CENTRELINE values (244, 243, NULL, NULL, NULL, 0.00, 0.00, 0.00);
 insert into SURVEY values (245, 243, 'AshimyukFond', 'AshimyukFond.AshimyukFond.Hashim-oyuk', 'AshimyukFond');
 insert into CENTRELINE values (246, 245, NULL, NULL, NULL, 0.00, 0.00, 0.00);
 insert into CENTRELINE values (247, 245, NULL, '2024-04-12', NULL, 1161.07, 0.00, 0.00);
 insert into PERSON values (4, 'Lionel', 'Barriquand');
insert into TOPO values (4, 247);
 insert into PERSON values (5, 'Bernard', 'Lips');
insert into TOPO values (5, 247);
 insert into PERSON values (6, 'Xavier', 'Robert');
insert into TOPO values (6, 247);
 insert into SHOT values (315, 315, 316, 247, 2.990, 18.38, -2.80, 2.985, 18.37, -2.69, 0.007, 201.87, 53.97);
insert into SHOT values (316, 315, 317, 247, 1.170, 321.58, 6.40, 1.168, 321.65, 6.39, 0.003, 110.42, -8.77);
insert into SHOT values (317, 315, 318, 247, 4.030, 275.38, 4.80, 4.031, 275.28, 4.84, 0.007, 195.68, 22.42);
insert into SHOT values (318, 315, 319, 247, 1.420, 217.28, 3.50, 1.423, 217.27, 3.63, 0.004, 214.13, 50.93);
insert into SHOT values (319, 315, 320, 247, 2.330, 90.38, 77.80, 2.332, 90.00, 77.87, 0.005, 323.91, 33.01);
insert into SHOT values (320, 315, 321, 247, 3.000, 349.88, -33.90, 2.997, 349.82, -33.86, 0.004, 242.17, 49.47);
insert into SHOT values (321, 315, 322, 247, 2.750, 328.48, -48.00, 2.747, 328.56, -47.95, 0.004, 55.36, 56.06);
insert into SHOT values (322, 315, 323, 247, 3.810, 337.78, -52.90, 3.805, 337.78, -52.79, 0.009, 340.48, 73.49);
insert into SHOT values (323, 315, 324, 247, 0.940, 358.08, -78.50, 0.939, 0.00, -78.33, 0.007, 66.74, 9.38);
insert into SHOT values (324, 315, 325, 247, 3.440, 87.28, -16.50, 3.443, 87.22, -16.36, 0.009, 57.40, 47.69);
insert into SHOT values (325, 315, 326, 247, 4.580, 61.98, 6.70, 4.586, 61.97, 6.76, 0.008, 55.74, 46.13);
insert into SHOT values (326, 315, 327, 247, 3.080, 87.98, 40.90, 3.085, 88.03, 40.91, 0.005, 121.39, 40.32);
insert into SHOT values (327, 315, 328, 247, 4.720, 127.98, 22.50, 4.721, 127.92, 22.54, 0.006, 38.24, 40.10);
insert into SHOT values (328, 315, 329, 247, 9.410, 112.08, 8.00, 9.414, 112.05, 8.00, 0.006, 61.36, 3.86);
insert into SHOT values (329, 315, 330, 247, 17.950, 96.88, 7.10, 17.957, 96.90, 7.10, 0.009, 137.67, 8.81);
insert into SHOT values (330, 315, 331, 247, 6.450, 101.08, 0.90, 6.451, 101.08, 0.98, 0.009, 123.86, 82.14);
insert into SHOT values (331, 315, 332, 247, 5.950, 68.18, 6.60, 5.955, 68.16, 6.65, 0.007, 43.90, 55.55);
insert into SHOT values (332, 315, 333, 247, 5.210, 349.88, -41.20, 5.210, 349.87, -41.18, 0.002, 308.35, 50.23);
insert into SHOT values (333, 315, 334, 247, 16.600, 73.78, 2.60, 16.607, 73.79, 2.62, 0.010, 107.17, 42.77);
insert into SHOT values (334, 334, 335, 247, 2.020, 183.98, -78.30, 2.022, 184.18, -78.27, 0.003, 229.21, -43.48);
insert into SHOT values (335, 334, 336, 247, 3.070, 190.98, 70.10, 3.065, 190.99, 69.98, 0.008, 193.26, -57.39);
insert into SHOT values (336, 334, 337, 247, 6.140, 224.98, 28.60, 6.144, 225.08, 28.59, 0.010, 288.93, 4.74);
insert into SHOT values (337, 334, 338, 247, 12.150, 234.88, 2.90, 12.153, 234.90, 2.88, 0.007, 281.31, -44.30);
insert into SHOT values (338, 334, 339, 247, 10.080, 192.98, 4.00, 10.082, 192.99, 3.98, 0.004, 226.71, -55.91);
insert into SHOT values (339, 334, 340, 247, 13.210, 168.88, 9.50, 13.205, 168.89, 9.50, 0.005, 324.91, -3.12);
insert into SHOT values (340, 334, 341, 247, 4.080, 155.18, 11.50, 4.077, 155.29, 11.46, 0.009, 261.61, -22.14);
insert into SHOT values (341, 334, 342, 247, 8.990, 157.68, -21.00, 8.983, 157.72, -21.00, 0.009, 298.16, 11.43);
insert into SHOT values (342, 334, 343, 247, 2.720, 191.58, -36.20, 2.723, 191.82, -36.24, 0.010, 271.58, -20.65);
insert into SHOT values (343, 334, 344, 247, 4.020, 311.88, -16.50, 4.018, 311.84, -16.48, 0.004, 182.89, 29.33);
insert into SHOT values (344, 334, 345, 247, 5.610, 279.68, -1.80, 5.612, 279.65, -1.84, 0.005, 223.14, -44.96);
insert into SHOT values (345, 334, 346, 247, 8.240, 262.18, 5.00, 8.248, 262.17, 5.01, 0.008, 248.55, 12.51);
insert into SHOT values (346, 334, 347, 247, 4.820, 280.78, 42.00, 4.817, 280.78, 41.94, 0.005, 273.52, -76.52);
insert into SHOT values (347, 334, 348, 247, 3.450, 296.88, -31.00, 3.455, 296.91, -31.02, 0.005, 322.88, -39.67);
insert into SHOT values (348, 334, 349, 247, 9.730, 162.88, -18.00, 9.726, 162.90, -18.03, 0.006, 311.69, -30.29);
insert into SHOT values (349, 349, 350, 247, 2.320, 310.08, -5.00, 2.322, 310.09, -4.94, 0.003, 320.76, 41.06);
insert into SHOT values (350, 349, 351, 247, 6.790, 319.58, 11.00, 6.787, 319.57, 11.04, 0.006, 158.24, 43.69);
insert into SHOT values (351, 349, 352, 247, 1.400, 252.18, 17.10, 1.396, 252.11, 17.08, 0.004, 97.10, -22.82);
insert into SHOT values (352, 349, 353, 247, 1.340, 198.08, 11.10, 1.341, 198.16, 11.18, 0.003, 270.32, 46.28);
insert into SHOT values (353, 349, 354, 247, 2.960, 219.08, -31.80, 2.967, 219.05, -31.72, 0.008, 210.00, -1.46);
insert into SHOT values (354, 349, 355, 247, 6.980, 241.78, -28.90, 6.975, 241.76, -28.89, 0.006, 95.51, 36.98);
insert into SHOT values (355, 349, 356, 247, 3.490, 250.38, -27.70, 3.489, 250.33, -27.66, 0.003, 165.81, 42.91);
insert into SHOT values (356, 349, 357, 247, 3.080, 244.18, -37.00, 3.074, 244.17, -37.00, 0.006, 71.89, 38.99);
insert into SHOT values (357, 349, 358, 247, 15.430, 17.68, -3.10, 15.430, 17.68, -3.08, 0.005, 74.58, 77.77);
insert into SHOT values (358, 349, 359, 247, 17.070, 28.58, -3.00, 17.068, 28.56, -2.99, 0.006, 275.24, 35.71);
insert into SHOT values (359, 349, 360, 247, 5.300, 0.78, 79.60, 5.296, 0.60, 79.67, 0.008, 204.34, -21.83);
insert into SHOT values (360, 349, 361, 247, 6.660, 186.88, 57.40, 6.663, 186.87, 57.34, 0.008, 181.56, -5.49);
insert into SHOT values (361, 349, 362, 247, 1.910, 75.98, 4.00, 1.911, 76.04, 3.90, 0.004, 138.70, -56.45);
insert into SHOT values (362, 349, 363, 247, 5.520, 120.88, 21.70, 5.522, 120.96, 21.68, 0.008, 193.13, -7.20);
insert into SHOT values (363, 349, 364, 247, 14.670, 84.08, 19.30, 14.669, 84.07, 19.31, 0.003, 316.81, 28.55);
insert into SHOT values (364, 349, 365, 247, 16.910, 101.18, 50.90, 16.907, 101.19, 50.90, 0.004, 225.62, -41.65);
insert into SHOT values (365, 349, 366, 247, 12.480, 63.38, 15.00, 12.482, 63.39, 15.00, 0.003, 115.73, -1.01);
insert into SHOT values (366, 349, 367, 247, 10.710, 71.18, 6.30, 10.713, 71.21, 6.32, 0.007, 137.85, 39.59);
insert into SHOT values (367, 349, 368, 247, 20.350, 105.68, 17.30, 20.353, 105.67, 17.29, 0.004, 76.63, -23.11);
insert into SHOT values (368, 349, 369, 247, 7.690, 239.68, -23.40, 7.690, 239.62, -23.37, 0.008, 163.05, 28.78);
insert into SHOT values (369, 349, 370, 247, 14.800, 82.08, 9.70, 14.800, 82.08, 9.69, 0.004, 111.89, -77.26);
insert into SHOT values (370, 370, 371, 247, 8.510, 160.48, 3.50, 8.514, 160.48, 3.50, 0.004, 157.33, 6.12);
insert into SHOT values (371, 370, 372, 247, 9.560, 137.88, 12.00, 9.562, 137.90, 12.01, 0.005, 203.41, 28.61);
insert into SHOT values (372, 370, 373, 247, 3.380, 28.98, 36.90, 3.377, 29.03, 36.95, 0.005, 174.38, 7.29);
insert into SHOT values (373, 370, 374, 247, 2.230, 329.68, -23.30, 2.234, 329.56, -23.20, 0.007, 288.56, 18.02);
insert into SHOT values (374, 370, 375, 247, 7.110, 322.38, -3.40, 7.107, 322.39, -3.39, 0.003, 124.00, 28.73);
insert into SHOT values (375, 370, 376, 247, 14.910, 335.28, -6.90, 14.905, 335.27, -6.90, 0.006, 178.74, 12.66);
insert into SHOT values (376, 370, 377, 247, 15.050, 351.68, -4.20, 15.048, 351.69, -4.19, 0.003, 127.33, 40.49);
insert into SHOT values (377, 370, 378, 247, 19.860, 10.18, -4.50, 19.853, 10.19, -4.48, 0.011, 172.30, 48.71);
insert into SHOT values (378, 370, 379, 247, 16.280, 16.68, -1.90, 16.274, 16.69, -1.90, 0.006, 180.34, -2.07);
insert into SHOT values (379, 370, 380, 247, 13.620, 22.98, 0.00, 13.622, 22.99, 0.00, 0.003, 73.73, 0.00);
insert into SHOT values (380, 370, 381, 247, 7.240, 34.38, -2.30, 7.237, 34.35, -2.30, 0.005, 264.39, 6.40);
insert into SHOT values (381, 370, 382, 247, 23.820, 36.68, 1.30, 23.818, 36.67, 1.30, 0.005, 286.97, -4.62);
insert into SHOT values (382, 370, 383, 247, 23.780, 28.18, 5.60, 23.777, 28.17, 5.62, 0.011, 257.04, 56.54);
insert into SHOT values (383, 370, 384, 247, 30.740, 52.48, 8.20, 30.739, 52.48, 8.21, 0.006, 247.03, 72.03);
insert into SHOT values (384, 370, 385, 247, 20.850, 40.18, 13.20, 20.855, 40.18, 13.22, 0.010, 75.20, 68.59);
insert into SHOT values (385, 370, 386, 247, 7.870, 31.18, 31.60, 7.870, 31.20, 31.66, 0.008, 183.72, 52.13);
insert into SHOT values (386, 370, 387, 247, 3.540, 22.78, 54.90, 3.540, 22.90, 55.01, 0.008, 164.43, 28.14);
insert into SHOT values (387, 370, 388, 247, 26.620, 40.98, 3.30, 26.619, 40.99, 3.32, 0.009, 150.37, 63.31);
insert into SHOT values (388, 388, 389, 247, 3.500, 251.88, 67.90, 3.497, 251.84, 67.90, 0.003, 107.11, -61.53);
insert into SHOT values (389, 388, 390, 247, 6.800, 316.48, 11.00, 6.801, 316.46, 10.93, 0.008, 265.61, -65.28);
insert into SHOT values (390, 388, 391, 247, 0.960, 286.58, -68.30, 0.967, 286.39, -68.51, 0.008, 171.16, -80.81);
insert into SHOT values (391, 388, 392, 247, 9.130, 260.38, 1.00, 9.129, 260.41, 1.00, 0.006, 2.28, 6.70);
insert into SHOT values (392, 388, 393, 247, 11.950, 238.68, 6.50, 11.955, 238.71, 6.48, 0.008, 285.80, -20.69);
insert into SHOT values (393, 388, 394, 247, 25.270, 233.88, -1.60, 25.274, 233.89, -1.61, 0.007, 275.73, -39.04);
insert into SHOT values (394, 388, 395, 247, 9.790, 223.08, -11.50, 9.797, 223.10, -11.48, 0.008, 249.34, 12.63);
insert into SHOT values (395, 388, 396, 247, 30.560, 204.48, 1.80, 30.562, 204.48, 1.80, 0.003, 257.17, 1.50);
insert into SHOT values (396, 388, 397, 247, 25.930, 195.38, 1.60, 25.930, 195.39, 1.59, 0.007, 286.52, -33.41);
insert into SHOT values (397, 388, 398, 247, 4.050, 189.68, 44.30, 4.053, 189.72, 44.28, 0.004, 224.43, 20.51);
insert into SHOT values (398, 388, 399, 247, 15.490, 160.38, 7.00, 15.486, 160.39, 6.97, 0.008, 304.92, -67.49);
insert into SHOT values (399, 388, 400, 247, 14.040, 157.98, -7.60, 14.036, 158.01, -7.61, 0.009, 280.21, -21.18);
insert into SHOT values (400, 388, 401, 247, 3.620, 154.18, -20.00, 3.618, 154.19, -20.04, 0.003, 321.87, -35.66);
insert into SHOT values (401, 388, 402, 247, 26.710, 134.38, 8.50, 26.711, 134.39, 8.48, 0.009, 188.54, -62.75);
insert into SHOT values (402, 388, 403, 247, 25.190, 132.28, 13.70, 25.181, 132.28, 13.69, 0.010, 301.11, -35.42);
insert into SHOT values (403, 388, 404, 247, 34.200, 118.88, 3.80, 34.198, 118.88, 3.79, 0.007, 318.79, -76.92);
insert into SHOT values (404, 388, 405, 247, 21.490, 114.08, 4.00, 21.489, 114.09, 4.00, 0.004, 212.54, 12.99);
insert into SHOT values (405, 388, 406, 247, 6.410, 89.88, 22.90, 6.404, 89.90, 22.88, 0.007, 243.03, -38.59);
insert into SHOT values (406, 388, 407, 247, 21.370, 46.68, 7.50, 21.370, 46.66, 7.50, 0.006, 312.71, 6.52);
insert into SHOT values (407, 388, 408, 247, 12.120, 20.38, 12.60, 12.122, 20.38, 12.58, 0.005, 25.09, -57.61);
insert into SHOT values (408, 388, 409, 247, 10.420, 57.88, 24.30, 10.415, 57.87, 24.27, 0.009, 279.07, -68.23);
insert into SHOT values (409, 388, 410, 247, 21.620, 64.18, 16.00, 21.613, 64.18, 16.01, 0.008, 255.77, 5.25);
insert into SHOT values (410, 388, 411, 247, 18.280, 68.48, 1.70, 18.271, 68.48, 1.69, 0.009, 250.86, -14.95);
insert into SHOT values (411, 388, 412, 247, 2.640, 73.58, -12.60, 2.640, 73.54, -12.69, 0.005, 321.54, -62.41);
insert into SHOT values (412, 388, 413, 247, 32.540, 174.88, -1.40, 32.539, 174.89, -1.41, 0.006, 277.56, -55.12);
insert into SHOT values (413, 388, 414, 247, 7.800, 259.38, -9.30, 7.804, 259.38, -9.29, 0.005, 253.37, 6.35);
insert into SHOT values (414, 414, 415, 247, 2.530, 359.98, 0.80, 2.530, 0.00, 0.68, 0.005, 74.86, -79.94);
insert into SHOT values (415, 414, 416, 247, 3.790, 319.78, -18.70, 3.792, 319.74, -18.77, 0.005, 238.65, -65.87);
insert into SHOT values (416, 414, 417, 247, 3.190, 312.68, 6.50, 3.191, 312.70, 6.48, 0.002, 3.33, -38.24);
insert into SHOT values (417, 414, 418, 247, 3.460, 299.18, -5.70, 3.456, 299.25, -5.81, 0.009, 76.51, -45.92);
insert into SHOT values (418, 414, 419, 247, 5.240, 314.18, -8.20, 5.245, 314.22, -8.22, 0.006, 354.93, -25.24);
insert into SHOT values (419, 414, 420, 247, 23.010, 311.98, -2.10, 23.007, 311.99, -2.12, 0.008, 92.89, -60.72);
insert into SHOT values (420, 388, 421, 247, 25.450, 125.98, 0.00, 25.434, 126.25, -0.25, 0.165, 223.87, -41.93);
insert into SHOT values (421, 421, 422, 247, 4.460, 190.28, 37.10, 4.460, 190.36, 37.09, 0.005, 271.41, -3.37);
insert into SHOT values (422, 421, 423, 247, 0.760, 188.78, 14.60, 0.762, 188.57, 14.43, 0.004, 144.50, -22.07);
insert into SHOT values (423, 421, 424, 247, 6.870, 250.88, 88.50, 6.862, 250.56, 88.49, 0.008, 184.48, -81.84);
insert into SHOT values (424, 421, 425, 247, 5.980, 5.78, 36.00, 5.975, 5.82, 35.98, 0.007, 139.62, -48.58);
insert into SHOT values (425, 421, 426, 247, 6.250, 18.68, 32.80, 6.241, 18.68, 32.79, 0.009, 200.58, -37.94);
insert into SHOT values (426, 421, 427, 247, 2.470, 3.48, -18.70, 2.467, 3.44, -18.92, 0.010, 200.57, -55.02);
insert into SHOT values (427, 421, 428, 247, 9.510, 306.38, -11.90, 9.509, 306.39, -11.90, 0.002, 74.29, 25.45);
insert into SHOT values (428, 421, 429, 247, 10.830, 294.08, 27.40, 10.828, 294.06, 27.38, 0.005, 209.19, -49.56);
insert into SHOT values (429, 421, 430, 247, 10.600, 298.08, 63.10, 10.595, 298.01, 63.11, 0.008, 169.79, -22.22);
insert into SHOT values (430, 421, 431, 247, 9.860, 111.48, 24.90, 9.859, 111.52, 24.89, 0.006, 204.06, -13.90);
insert into SHOT values (431, 421, 432, 247, 15.840, 84.98, 20.20, 15.841, 84.98, 20.20, 0.002, 126.66, 16.30);
insert into SHOT values (432, 421, 433, 247, 17.890, 67.98, 20.10, 17.883, 67.97, 20.08, 0.009, 280.01, -58.95);
insert into SHOT values (433, 421, 434, 247, 26.760, 88.88, 25.90, 26.758, 88.88, 25.88, 0.009, 108.19, -73.77);
insert into SHOT values (434, 421, 435, 247, 11.720, 83.88, 47.20, 11.721, 83.95, 47.20, 0.009, 165.48, 4.20);
insert into SHOT values (435, 421, 436, 247, 19.230, 59.18, 33.80, 19.220, 59.20, 33.79, 0.011, 202.88, -43.65);
insert into SHOT values (436, 421, 437, 247, 17.740, 62.78, 17.20, 17.738, 62.78, 17.18, 0.006, 174.10, -73.68);
insert into SHOT values (437, 421, 438, 247, 15.200, 58.78, 11.80, 15.194, 58.78, 11.77, 0.010, 241.19, -61.30);
insert into SHOT values (438, 421, 439, 247, 8.990, 61.98, 5.60, 8.989, 62.00, 5.55, 0.008, 152.42, -63.21);
insert into SHOT values (439, 421, 440, 247, 5.550, 66.38, -3.90, 5.544, 66.45, -3.93, 0.010, 200.58, -15.28);
insert into SHOT values (440, 421, 441, 247, 4.580, 33.08, 11.10, 4.573, 33.09, 11.09, 0.007, 207.10, -14.89);
insert into SHOT values (441, 421, 442, 247, 7.240, 35.68, 38.10, 7.229, 35.70, 38.09, 0.011, 200.66, -40.75);
insert into SHOT values (442, 421, 443, 247, 6.830, 44.68, 17.10, 6.826, 44.69, 17.04, 0.008, 184.25, -77.72);
insert into SHOT values (443, 421, 444, 247, 17.040, 58.08, 17.60, 17.017, 57.92, 17.51, 0.058, 311.41, -33.85);
insert into SHOT values (444, 444, 445, 247, 5.230, 331.78, 15.70, 5.234, 331.81, 15.74, 0.006, 13.05, 52.15);
insert into SHOT values (445, 444, 446, 247, 7.010, 105.08, 14.70, 7.012, 105.04, 14.71, 0.005, 36.21, 13.13);
insert into SHOT values (446, 444, 447, 247, 1.390, 114.88, -36.70, 1.389, 114.95, -36.69, 0.002, 222.56, 24.43);
insert into SHOT values (447, 444, 448, 247, 8.970, 53.88, 38.00, 8.970, 53.86, 37.98, 0.004, 4.61, -37.45);
insert into SHOT values (448, 444, 449, 247, 22.450, 53.78, 15.60, 22.457, 53.78, 15.60, 0.007, 61.91, 23.05);
insert into SHOT values (449, 444, 450, 247, 34.420, 57.78, 9.60, 34.430, 57.78, 9.60, 0.010, 59.83, -1.06);
insert into SHOT values (450, 444, 451, 247, 29.660, 50.78, 6.00, 29.665, 50.79, 6.00, 0.008, 101.17, -2.27);
insert into SHOT values (451, 444, 452, 247, 14.750, 38.38, 7.20, 14.752, 38.40, 7.20, 0.005, 109.83, 15.76);
insert into SHOT values (452, 444, 453, 247, 7.180, 19.08, 15.60, 7.184, 19.06, 15.58, 0.004, 353.21, -10.83);
insert into SHOT values (453, 444, 454, 247, 2.390, 60.48, -21.70, 2.397, 60.45, -21.53, 0.010, 52.80, 21.02);
insert into SHOT values (454, 444, 455, 247, 10.350, 50.38, -4.50, 10.352, 50.39, -4.49, 0.003, 86.44, 43.69);
insert into SHOT values (455, 444, 456, 247, 11.210, 64.88, 4.90, 11.216, 64.90, 4.91, 0.008, 101.80, 18.18);
insert into SHOT values (456, 444, 457, 247, 27.780, 56.48, 3.60, 27.769, 56.18, 3.37, 0.185, 324.77, -38.10);
insert into SHOT values (457, 457, 458, 247, 3.760, 16.28, 15.60, 3.764, 16.34, 15.56, 0.006, 52.44, -10.60);
insert into SHOT values (458, 457, 459, 247, 5.090, 74.68, 80.60, 5.088, 74.62, 80.62, 0.002, 280.95, -42.26);
insert into SHOT values (459, 457, 460, 247, 6.620, 147.38, 70.60, 6.616, 147.25, 70.58, 0.007, 66.13, -39.26);
insert into SHOT values (460, 457, 461, 247, 5.560, 164.58, 38.70, 5.555, 164.49, 38.66, 0.009, 64.30, -42.73);
insert into SHOT values (461, 457, 462, 247, 7.180, 165.38, 11.40, 7.181, 165.35, 11.41, 0.004, 82.73, 13.49);
insert into SHOT values (462, 457, 463, 247, 0.540, 126.78, -54.70, 0.537, 125.75, -55.00, 0.007, 0.59, 5.97);
insert into SHOT values (463, 457, 464, 247, 5.420, 302.98, 3.30, 5.423, 303.01, 3.28, 0.005, 349.13, -23.15);
insert into SHOT values (464, 457, 465, 247, 9.380, 274.58, -20.00, 9.375, 274.62, -20.02, 0.009, 44.59, -11.88);
insert into SHOT values (465, 457, 466, 247, 7.170, 274.08, 20.80, 7.163, 274.11, 20.77, 0.009, 60.89, -43.06);
insert into SHOT values (466, 457, 467, 247, 5.140, 255.58, 60.40, 5.141, 255.64, 60.40, 0.003, 333.60, 17.40);
insert into SHOT values (467, 457, 468, 247, 10.020, 215.08, 19.80, 10.016, 215.11, 19.78, 0.007, 340.31, -37.15);
insert into SHOT values (468, 457, 469, 247, 9.590, 233.78, -2.90, 9.579, 233.80, -2.93, 0.013, 35.76, -22.48);
insert into SHOT values (469, 457, 470, 247, 9.360, 51.78, 13.60, 9.363, 51.78, 13.59, 0.003, 61.87, -17.18);
insert into SHOT values (470, 457, 471, 247, 19.500, 63.78, 10.10, 19.501, 63.76, 10.10, 0.008, 343.39, 2.44);
insert into SHOT values (471, 457, 472, 247, 16.790, 85.28, 8.60, 16.795, 85.27, 8.59, 0.006, 53.61, -6.30);
insert into SHOT values (472, 457, 473, 247, 9.230, 104.28, 13.30, 9.233, 104.24, 13.27, 0.008, 42.61, -24.14);
insert into SHOT values (473, 457, 474, 247, 5.530, 79.08, -10.10, 5.536, 79.00, -10.09, 0.010, 26.57, -1.33);
insert into SHOT values (474, 457, 475, 247, 14.100, 74.78, 1.00, 14.109, 74.75, 0.97, 0.013, 37.20, -28.85);
insert into SHOT values (475, 457, 476, 247, 8.200, 78.38, 36.60, 8.203, 78.35, 36.59, 0.004, 24.84, 12.36);
insert into SHOT values (476, 457, 477, 247, 11.720, 74.88, 23.90, 11.727, 74.86, 23.89, 0.008, 50.07, 12.72);
insert into SHOT values (477, 457, 478, 247, 19.060, 74.18, 5.00, 19.047, 74.07, 4.85, 0.064, 331.46, -53.31);
insert into SHOT values (478, 478, 479, 247, 3.750, 178.48, 10.10, 3.748, 178.45, 9.99, 0.008, 73.86, -74.53);
insert into SHOT values (479, 478, 480, 247, 5.770, 106.88, 72.50, 5.767, 106.76, 72.50, 0.005, 355.14, -37.76);
insert into SHOT values (480, 478, 481, 247, 3.720, 11.88, 28.70, 3.723, 11.83, 28.57, 0.010, 346.24, -42.16);
insert into SHOT values (481, 478, 482, 247, 0.630, 80.88, -70.20, 0.637, 79.22, -70.39, 0.010, 353.47, -49.39);
insert into SHOT values (482, 478, 483, 247, 6.200, 80.28, -12.00, 6.204, 80.23, -12.00, 0.007, 22.94, -8.22);
insert into SHOT values (483, 478, 484, 247, 15.330, 79.18, -4.30, 15.335, 79.18, -4.30, 0.005, 88.65, -6.63);
insert into SHOT values (484, 478, 485, 247, 23.560, 79.88, -1.90, 23.560, 79.87, -1.92, 0.009, 343.99, -75.06);
insert into SHOT values (485, 478, 486, 247, 12.490, 68.68, 3.30, 12.496, 68.66, 3.26, 0.012, 32.98, -49.95);
insert into SHOT values (486, 478, 487, 247, 8.150, 57.68, 6.40, 8.154, 57.70, 6.34, 0.010, 93.05, -56.46);
insert into SHOT values (487, 478, 488, 247, 30.510, 81.28, 4.00, 30.506, 81.27, 3.98, 0.011, 324.85, -51.25);
insert into SHOT values (488, 478, 489, 247, 18.600, 85.28, 14.40, 18.604, 85.26, 14.38, 0.011, 36.63, -31.58);
insert into SHOT values (489, 478, 490, 247, 10.040, 100.38, 11.50, 10.042, 100.36, 11.49, 0.004, 45.10, -24.70);
insert into SHOT values (490, 478, 491, 247, 25.340, 74.88, 1.50, 25.330, 74.73, 1.24, 0.132, 338.67, -59.47);
insert into SHOT values (491, 491, 492, 247, 5.400, 156.18, 0.80, 5.400, 156.19, 0.85, 0.005, 235.77, 79.39);
insert into SHOT values (492, 491, 493, 247, 3.090, 133.38, -35.10, 3.090, 133.40, -34.95, 0.008, 145.23, 56.72);
insert into SHOT values (493, 491, 494, 247, 4.150, 67.48, 78.00, 4.151, 67.58, 77.97, 0.003, 99.19, 12.89);
insert into SHOT values (494, 491, 495, 247, 10.090, 319.38, 13.60, 10.092, 319.34, 13.64, 0.010, 232.42, 48.96);
insert into SHOT values (495, 491, 496, 247, 33.130, 329.48, 9.70, 33.133, 329.47, 9.71, 0.010, 252.92, 54.08);
insert into SHOT values (496, 491, 497, 247, 31.870, 342.78, 13.60, 31.873, 342.78, 13.61, 0.006, 16.02, 68.99);
insert into SHOT values (497, 491, 498, 247, 6.610, 356.28, 19.50, 6.614, 356.23, 19.52, 0.007, 291.85, 30.08);
insert into SHOT values (498, 491, 499, 247, 4.240, 1.78, 43.50, 4.238, 1.68, 43.55, 0.007, 233.26, 11.34);
insert into SHOT values (499, 491, 500, 247, 13.970, 338.48, 25.80, 13.971, 338.45, 25.80, 0.006, 264.22, -1.66);
insert into SHOT values (500, 491, 501, 247, 11.860, 337.48, 8.80, 11.855, 337.46, 8.83, 0.009, 187.74, 39.96);
insert into SHOT values (501, 491, 502, 247, 2.750, 328.98, 1.70, 2.747, 328.86, 1.88, 0.011, 211.13, 51.84);
insert into SHOT values (502, 491, 503, 247, 9.260, 296.38, 18.50, 9.262, 296.36, 18.51, 0.004, 239.54, 27.44);
insert into SHOT values (503, 491, 504, 247, 13.280, 286.38, 11.70, 13.283, 286.34, 11.73, 0.011, 207.44, 41.15);
insert into SHOT values (504, 491, 505, 247, 10.140, 273.08, 19.00, 10.149, 273.05, 19.04, 0.012, 231.32, 47.34);
insert into SHOT values (505, 491, 506, 247, 15.890, 270.08, 9.20, 15.894, 270.07, 9.20, 0.005, 248.72, -6.16);
insert into SHOT values (506, 491, 507, 247, 8.880, 282.88, 4.50, 8.880, 282.86, 4.52, 0.005, 181.62, 45.38);
insert into SHOT values (507, 491, 508, 247, 7.590, 270.78, -3.80, 7.587, 270.76, -3.78, 0.005, 139.04, 37.14);
insert into SHOT values (508, 491, 509, 247, 2.390, 299.28, -7.90, 2.394, 299.27, -7.68, 0.010, 293.46, 56.70);
insert into SHOT values (509, 491, 510, 247, 5.070, 164.08, -7.70, 5.068, 164.05, -7.60, 0.010, 49.12, 75.59);
insert into SHOT values (510, 491, 511, 247, 7.510, 206.18, 3.00, 7.511, 206.19, 3.05, 0.007, 286.30, 79.30);
insert into SHOT values (511, 491, 512, 247, 12.700, 231.68, -0.20, 12.708, 231.68, -0.18, 0.009, 229.86, 27.95);
insert into SHOT values (512, 491, 513, 247, 3.770, 227.68, -30.50, 3.769, 227.62, -30.45, 0.005, 148.88, 44.69);
insert into SHOT values (513, 491, 514, 247, 10.860, 260.18, -6.10, 10.859, 260.19, -6.08, 0.004, 8.44, 65.15);
insert into SHOT values (514, 491, 515, 247, 18.240, 246.38, 6.70, 18.243, 246.38, 6.71, 0.003, 236.65, 34.87);
insert into SHOT values (515, 491, 516, 247, 6.780, 50.08, 19.00, 6.774, 50.07, 19.04, 0.008, 239.37, 19.27);
insert into SHOT values (516, 491, 517, 247, 15.910, 56.38, 31.80, 15.910, 56.40, 31.83, 0.009, 179.09, 41.61);
insert into SHOT values (517, 491, 518, 247, 14.110, 73.98, 19.90, 14.110, 73.98, 19.93, 0.008, 233.69, 69.46);
insert into SHOT values (518, 491, 519, 247, 15.750, 58.28, 14.20, 15.754, 58.28, 14.22, 0.007, 45.64, 65.80);
insert into SHOT values (519, 491, 520, 247, 25.680, 49.18, 20.10, 25.679, 49.19, 20.11, 0.007, 179.55, 47.39);
insert into SHOT values (520, 491, 521, 247, 19.380, 60.78, 21.80, 19.386, 60.72, 21.71, 0.038, 12.60, -45.76);
insert into SHOT values (521, 491, 522, 247, 11.340, 278.08, 5.50, 11.368, 278.23, 5.45, 0.042, 324.16, -9.45);
insert into SHOT values (522, 522, 523, 247, 2.840, 196.78, 24.80, 2.840, 196.68, 24.77, 0.005, 111.50, -15.20);
insert into SHOT values (523, 522, 524, 247, 0.900, 195.98, 10.20, 0.898, 195.77, 10.27, 0.004, 68.04, 8.55);
insert into SHOT values (524, 522, 525, 247, 2.140, 307.88, 82.00, 2.140, 308.05, 82.16, 0.006, 119.45, 8.06);
insert into SHOT values (525, 522, 526, 247, 2.810, 348.68, 27.90, 2.811, 348.87, 27.78, 0.010, 56.61, -28.57);
insert into SHOT values (526, 522, 527, 247, 1.410, 355.38, -11.00, 1.410, 355.44, -11.04, 0.002, 74.92, -31.69);
insert into SHOT values (527, 522, 528, 247, 1.380, 276.38, -19.90, 1.380, 276.19, -19.91, 0.004, 185.97, -3.76);
insert into SHOT values (528, 522, 529, 247, 7.430, 275.28, -6.30, 7.427, 275.29, -6.34, 0.006, 82.77, -50.65);
insert into SHOT values (529, 522, 530, 247, 20.120, 274.88, 4.00, 20.122, 274.89, 3.99, 0.005, 328.10, -46.62);
insert into SHOT values (530, 522, 531, 247, 5.340, 272.68, 21.70, 5.333, 272.66, 21.68, 0.008, 107.48, -34.62);
insert into SHOT values (531, 522, 532, 247, 9.720, 260.58, 6.10, 9.715, 260.59, 6.09, 0.006, 66.81, -29.90);
insert into SHOT values (532, 522, 533, 247, 17.660, 266.08, 1.00, 17.654, 266.07, 0.97, 0.011, 114.13, -51.37);
insert into SHOT values (533, 522, 534, 247, 13.320, 283.38, 0.90, 13.313, 283.38, 0.90, 0.007, 104.88, 6.23);
insert into SHOT values (534, 522, 535, 247, 23.690, 279.98, 0.30, 23.690, 279.99, 0.29, 0.006, 14.85, -39.47);
insert into SHOT values (535, 522, 536, 247, 24.420, 276.68, -3.00, 24.439, 277.04, -3.07, 0.157, 0.38, -11.76);
insert into SHOT values (536, 536, 537, 247, 4.080, 198.08, 14.20, 4.081, 198.11, 14.19, 0.003, 271.20, -18.68);
insert into SHOT values (537, 536, 538, 247, 1.450, 201.08, -27.40, 1.449, 200.97, -27.53, 0.004, 68.41, -40.01);
insert into SHOT values (538, 536, 539, 247, 1.590, 357.28, 20.20, 1.590, 357.31, 20.24, 0.001, 122.17, 44.87);
insert into SHOT values (539, 536, 540, 247, 2.100, 306.68, 75.80, 2.104, 307.09, 75.86, 0.006, 53.97, 46.99);
insert into SHOT values (540, 536, 541, 247, 6.150, 260.48, 0.70, 6.156, 260.46, 0.74, 0.008, 241.13, 39.53);
insert into SHOT values (541, 536, 542, 247, 11.070, 318.58, -15.30, 11.076, 318.57, -15.29, 0.007, 298.07, 9.20);
insert into SHOT values (542, 536, 543, 247, 1.500, 245.28, -37.30, 1.505, 245.36, -37.19, 0.006, 260.69, -9.29);
insert into SHOT values (543, 536, 544, 247, 5.900, 278.58, -31.40, 5.898, 278.56, -31.37, 0.004, 197.71, 71.55);
insert into SHOT values (544, 536, 545, 247, 20.900, 300.28, -5.40, 20.929, 300.29, -5.43, 0.031, 311.16, -24.87);
insert into SHOT values (545, 545, 546, 247, 13.510, 141.48, -6.50, 13.509, 141.47, -6.50, 0.002, 2.84, -16.86);
insert into SHOT values (546, 545, 547, 247, 11.600, 23.58, 12.40, 11.607, 23.56, 12.44, 0.011, 343.20, 53.07);
insert into SHOT values (547, 545, 548, 247, 1.070, 15.38, -22.50, 1.076, 15.15, -22.40, 0.007, 342.40, -4.21);
insert into SHOT values (548, 545, 549, 247, 2.880, 82.68, 67.60, 2.887, 82.68, 67.63, 0.007, 83.90, 78.61);
insert into SHOT values (549, 545, 550, 247, 9.220, 90.48, 18.30, 9.228, 90.46, 18.32, 0.009, 63.91, 34.16);
insert into SHOT values (550, 545, 551, 247, 24.950, 102.18, 3.80, 24.955, 102.17, 3.81, 0.009, 67.15, 48.93);
insert into SHOT values (551, 545, 552, 247, 18.050, 319.58, 7.90, 18.047, 319.58, 7.90, 0.003, 114.85, -17.96);
insert into SHOT values (552, 545, 553, 247, 15.280, 189.28, -0.70, 15.280, 189.27, -0.67, 0.008, 106.34, 60.09);
insert into SHOT values (553, 545, 554, 247, 13.020, 161.48, 0.80, 13.017, 161.45, 0.84, 0.010, 46.04, 51.84);
insert into SHOT values (554, 545, 555, 247, 18.880, 223.28, 4.30, 18.871, 223.28, 4.32, 0.010, 47.32, 25.25);
insert into SHOT values (555, 545, 556, 247, 9.970, 200.38, 16.80, 9.965, 200.37, 16.86, 0.012, 27.72, 46.31);
insert into SHOT values (556, 545, 557, 247, 8.770, 210.18, -1.70, 8.775, 210.34, -1.76, 0.026, 288.91, -21.85);
insert into SHOT values (557, 557, 558, 247, 9.350, 282.58, 1.60, 9.349, 282.61, 1.59, 0.005, 24.21, -12.35);
insert into SHOT values (558, 557, 559, 247, 3.090, 61.18, 79.90, 3.087, 61.05, 79.98, 0.005, 255.57, -23.27);
insert into SHOT values (559, 557, 560, 247, 10.780, 104.88, 9.10, 10.781, 104.86, 9.07, 0.006, 38.24, -49.68);
insert into SHOT values (560, 557, 561, 247, 11.230, 251.08, -3.70, 11.228, 251.10, -3.73, 0.007, 15.79, -53.09);
insert into SHOT values (561, 557, 562, 247, 12.910, 228.98, -7.50, 12.912, 228.99, -7.52, 0.006, 283.58, -57.12);
insert into SHOT values (562, 557, 563, 247, 33.880, 213.78, -4.30, 33.877, 213.77, -4.30, 0.004, 72.75, 3.70);
insert into SHOT values (563, 557, 564, 247, 15.260, 215.78, 14.10, 15.253, 215.79, 14.12, 0.008, 24.30, 17.44);
insert into SHOT values (564, 557, 565, 247, 2.800, 200.98, 60.30, 2.796, 201.19, 60.35, 0.007, 328.12, -19.09);
insert into SHOT values (565, 557, 566, 247, 9.600, 134.88, -6.10, 9.593, 134.87, -6.10, 0.007, 324.35, 1.13);
insert into SHOT values (566, 557, 567, 247, 8.180, 188.18, -28.20, 8.178, 188.22, -28.24, 0.009, 322.78, -32.22);
insert into SHOT values (567, 557, 568, 247, 17.200, 192.68, -11.40, 17.200, 192.68, -11.40, 0.001, 121.51, -16.93);
insert into SHOT values (568, 557, 388, 247, 51.210, 235.41, -6.69, 51.222, 235.98, -7.09, 0.618, 329.15, -34.99);
insert into SHOT values (569, 545, 569, 247, 10.900, 346.18, 0.80, 10.913, 345.84, 0.79, 0.067, 267.08, -1.88);
insert into SHOT values (570, 569, 570, 247, 5.670, 82.28, 9.30, 5.676, 82.30, 9.33, 0.007, 108.08, 33.86);
insert into SHOT values (571, 569, 571, 247, 6.940, 47.38, 2.70, 6.944, 47.45, 2.72, 0.010, 115.09, 17.50);
insert into SHOT values (572, 569, 572, 247, 4.120, 11.88, -13.80, 4.116, 11.98, -13.78, 0.009, 130.19, 18.29);
insert into SHOT values (573, 569, 573, 247, 9.780, 21.18, -5.20, 9.778, 21.19, -5.16, 0.007, 148.59, 71.07);
insert into SHOT values (574, 569, 574, 247, 5.380, 9.98, 22.20, 5.379, 10.07, 22.29, 0.011, 130.58, 38.89);
insert into SHOT values (575, 569, 575, 247, 12.980, 12.88, 2.20, 12.978, 12.92, 2.21, 0.010, 114.81, 9.98);
insert into SHOT values (576, 569, 576, 247, 10.250, 349.28, -2.40, 10.247, 349.30, -2.41, 0.006, 114.15, -7.98);
insert into SHOT values (577, 569, 577, 247, 5.800, 333.68, 3.20, 5.796, 333.74, 3.26, 0.010, 94.38, 39.00);
insert into SHOT values (578, 569, 578, 247, 3.380, 337.68, 68.90, 3.384, 337.67, 69.04, 0.009, 159.29, 47.77);
insert into SHOT values (579, 569, 579, 247, 8.900, 292.48, 12.20, 8.890, 292.46, 12.21, 0.010, 127.07, -4.49);
insert into SHOT values (580, 569, 580, 247, 15.840, 33.78, 0.10, 15.831, 33.38, 0.07, 0.111, 299.14, -3.94);
insert into SHOT values (581, 580, 581, 247, 4.630, 315.98, 6.80, 4.630, 315.88, 6.82, 0.008, 220.90, 12.78);
insert into SHOT values (582, 580, 582, 247, 0.580, 10.78, -45.50, 0.577, 9.93, -45.28, 0.007, 276.11, 31.28);
insert into SHOT values (583, 580, 583, 247, 2.370, 68.88, 74.20, 2.369, 69.03, 74.26, 0.003, 217.76, -8.14);
insert into SHOT values (584, 580, 584, 247, 10.680, 3.38, 19.20, 10.684, 3.35, 19.24, 0.009, 289.43, 58.05);
insert into SHOT values (585, 580, 585, 247, 18.100, 20.38, 13.70, 18.096, 20.37, 13.71, 0.007, 220.47, 29.46);
insert into SHOT values (586, 580, 586, 247, 3.320, 28.98, 12.00, 3.318, 28.93, 12.00, 0.003, 255.83, -4.39);
insert into SHOT values (587, 580, 587, 247, 14.590, 32.58, 17.50, 14.585, 32.58, 17.52, 0.006, 206.77, 24.89);
insert into SHOT values (588, 580, 588, 247, 13.940, 41.48, 16.30, 13.938, 41.48, 16.33, 0.009, 207.03, 59.19);
insert into SHOT values (589, 580, 589, 247, 12.170, 81.08, 19.80, 12.170, 81.11, 19.84, 0.010, 199.80, 51.82);
insert into SHOT values (590, 580, 590, 247, 12.580, 90.68, 14.70, 12.585, 90.71, 14.73, 0.010, 155.36, 50.80);
insert into SHOT values (591, 580, 591, 247, 4.540, 137.58, 19.20, 4.544, 137.65, 19.27, 0.009, 203.93, 52.12);
insert into SHOT values (592, 580, 592, 247, 5.610, 100.18, 18.00, 5.591, 100.19, 18.13, 0.023, 277.78, 16.51);
insert into SHOT values (593, 592, 593, 247, 6.780, 106.18, 9.80, 6.773, 106.18, 9.78, 0.008, 284.29, -31.11);
insert into SHOT values (594, 592, 594, 247, 7.870, 80.88, 8.20, 7.868, 80.91, 8.18, 0.005, 192.50, -27.09);
insert into SHOT values (595, 592, 595, 247, 12.930, 51.38, 8.70, 12.920, 51.39, 8.68, 0.011, 218.08, -31.18);
insert into SHOT values (596, 592, 596, 247, 3.670, 26.08, 12.10, 3.666, 26.14, 11.96, 0.010, 141.69, -66.93);
insert into SHOT values (597, 592, 597, 247, 8.690, 125.08, 8.50, 8.687, 125.10, 8.47, 0.006, 259.60, -52.18);
insert into SHOT values (598, 592, 598, 247, 3.920, 140.78, 18.80, 3.919, 140.91, 18.75, 0.009, 231.33, -21.78);
insert into SHOT values (599, 592, 599, 247, 2.120, 179.08, 5.40, 2.120, 179.19, 5.41, 0.004, 274.66, 7.12);
insert into SHOT values (600, 592, 600, 247, 25.360, 148.28, 6.10, 25.361, 148.28, 6.09, 0.005, 102.10, -69.70);
insert into SHOT values (601, 592, 601, 247, 14.840, 139.78, -0.00, 14.837, 139.78, 0.00, 0.003, 295.53, 0.00);
insert into SHOT values (602, 592, 602, 247, 9.330, 68.18, 5.30, 9.325, 68.19, 5.29, 0.006, 234.89, -18.31);
insert into SHOT values (603, 592, 603, 247, 14.330, 68.38, 6.70, 14.328, 68.39, 6.69, 0.004, 191.60, -25.03);
insert into SHOT values (604, 592, 604, 247, 19.020, 71.28, 9.50, 19.001, 70.41, 9.21, 0.303, 340.24, -19.13);
insert into SHOT values (605, 604, 605, 247, 6.870, 70.18, 6.40, 6.879, 70.16, 6.43, 0.010, 55.16, 25.42);
insert into SHOT values (606, 604, 606, 247, 1.950, 90.58, 71.40, 1.954, 90.00, 71.19, 0.010, 52.04, 10.27);
insert into SHOT values (607, 604, 607, 247, 0.690, 335.38, -29.90, 0.693, 335.56, -29.37, 0.007, 352.66, 32.24);
insert into SHOT values (608, 604, 608, 247, 2.080, 155.78, 7.80, 2.084, 155.67, 8.00, 0.009, 98.07, 59.09);
insert into SHOT values (609, 604, 609, 247, 8.460, 132.58, 1.40, 8.460, 132.56, 1.42, 0.005, 44.97, 44.05);
insert into SHOT values (610, 604, 610, 247, 10.230, 101.68, 5.70, 10.232, 101.67, 5.72, 0.004, 63.64, 69.34);
insert into SHOT values (611, 604, 611, 247, 7.270, 10.78, 13.70, 7.271, 10.77, 13.68, 0.003, 325.68, -45.55);
insert into SHOT values (612, 604, 612, 247, 7.630, 294.58, -0.80, 7.625, 294.65, -0.75, 0.012, 50.31, 32.34);
insert into SHOT values (613, 604, 613, 247, 2.700, 317.48, -9.30, 2.703, 317.58, -9.15, 0.009, 7.62, 45.50);
insert into SHOT values (614, 604, 614, 247, 7.340, 325.58, 14.50, 7.335, 325.62, 14.53, 0.007, 106.02, 17.15);
insert into SHOT values (615, 604, 615, 247, 9.320, 112.98, -0.20, 9.320, 112.99, -0.18, 0.003, 193.68, 58.61);
insert into SHOT values (616, 604, 616, 247, 12.110, 332.08, 4.50, 12.135, 332.06, 4.30, 0.049, 323.10, -54.82);
insert into SHOT values (617, 616, 617, 247, 1.110, 349.58, -36.40, 1.112, 349.70, -36.42, 0.002, 50.80, -32.32);
insert into SHOT values (618, 616, 618, 247, 15.390, 336.48, 3.20, 15.390, 336.49, 3.20, 0.003, 73.68, 21.07);
insert into SHOT values (619, 616, 619, 247, 20.700, 22.88, 3.70, 20.698, 22.88, 3.71, 0.005, 215.74, 63.55);
insert into SHOT values (620, 616, 620, 247, 7.150, 71.88, 10.60, 7.150, 71.93, 10.64, 0.008, 174.38, 38.98);
insert into SHOT values (621, 616, 621, 247, 1.500, 352.28, 53.20, 1.499, 352.32, 53.19, 0.001, 118.70, -53.49);
insert into SHOT values (622, 616, 622, 247, 13.160, 76.98, 17.90, 13.160, 76.98, 17.92, 0.005, 214.53, 71.17);
insert into SHOT values (623, 616, 623, 247, 5.540, 128.68, 11.60, 5.549, 128.73, 11.64, 0.011, 157.45, 33.44);
insert into SHOT values (624, 616, 624, 247, 14.010, 100.88, 23.20, 14.014, 100.87, 23.20, 0.004, 84.24, 11.29);
insert into SHOT values (625, 616, 625, 247, 2.260, 120.98, -22.40, 2.261, 121.10, -22.36, 0.005, 197.52, 14.52);
insert into SHOT values (626, 616, 626, 247, 7.670, 247.18, -6.40, 7.666, 247.14, -6.37, 0.008, 123.97, 36.53);
insert into SHOT values (627, 616, 627, 247, 14.250, 264.18, -11.60, 14.252, 264.16, -11.58, 0.008, 214.77, 45.33);
insert into SHOT values (628, 616, 628, 247, 12.750, 252.18, -7.60, 12.748, 252.17, -7.57, 0.007, 144.74, 65.94);
insert into SHOT values (629, 616, 629, 247, 5.400, 250.28, -15.50, 5.402, 250.24, -15.46, 0.005, 201.12, 34.93);
insert into SHOT values (630, 616, 630, 247, 15.040, 243.78, -13.30, 15.042, 244.19, -13.45, 0.112, 337.81, -20.95);
insert into SHOT values (631, 630, 631, 247, 5.250, 144.48, 7.50, 5.242, 144.48, 7.45, 0.009, 327.33, -34.48);
insert into SHOT values (632, 630, 632, 247, 2.280, 197.48, 69.60, 2.271, 197.74, 69.71, 0.011, 350.90, -40.67);
insert into SHOT values (633, 630, 633, 247, 3.780, 299.68, 8.20, 3.791, 299.71, 8.04, 0.015, 308.31, -37.12);
insert into SHOT values (634, 630, 634, 247, 1.390, 333.38, -49.90, 1.397, 332.86, -49.97, 0.011, 267.27, -37.44);
insert into SHOT values (635, 630, 635, 247, 2.320, 232.98, 70.40, 2.315, 233.86, 70.31, 0.013, 314.84, -24.60);
insert into SHOT values (636, 630, 636, 247, 5.220, 68.88, 19.40, 5.218, 68.80, 19.36, 0.008, 333.88, -30.76);
insert into SHOT values (637, 630, 637, 247, 5.530, 40.18, 4.00, 5.528, 40.07, 3.94, 0.012, 299.63, -28.62);
insert into SHOT values (638, 630, 638, 247, 3.340, 226.68, 2.10, 3.341, 226.70, 2.06, 0.003, 269.01, -54.62);
insert into SHOT values (639, 630, 639, 247, 3.340, 226.68, 3.70, 3.332, 226.95, 3.61, 0.018, 342.96, -17.56);
insert into SHOT values (640, 639, 592, 247, 9.130, 156.58, -4.00, 9.108, 156.65, -4.16, 0.035, 310.80, -40.99);
insert into SHOT values (641, 592, 640, 247, 9.690, 131.38, 1.20, 9.685, 131.61, 1.18, 0.039, 228.50, -4.29);
insert into SHOT values (642, 640, 641, 247, 8.050, 220.78, -3.30, 8.054, 220.76, -3.27, 0.006, 191.31, 37.06);
insert into SHOT values (643, 640, 642, 247, 3.020, 77.08, 23.80, 3.016, 77.22, 23.86, 0.009, 202.28, 8.67);
insert into SHOT values (644, 640, 643, 247, 1.080, 146.88, -44.00, 1.078, 147.13, -44.10, 0.005, 278.35, 2.91);
insert into SHOT values (645, 640, 644, 247, 2.450, 203.08, 58.10, 2.450, 203.20, 58.10, 0.003, 292.98, 0.41);
insert into SHOT values (646, 640, 645, 247, 7.520, 169.38, 7.40, 7.520, 169.41, 7.41, 0.005, 265.04, 18.12);
insert into SHOT values (647, 640, 646, 247, 13.880, 104.08, 18.40, 13.877, 104.11, 18.40, 0.008, 217.96, -8.88);
insert into SHOT values (648, 640, 647, 247, 20.690, 136.98, 9.50, 20.690, 136.99, 9.51, 0.006, 250.92, 63.74);
insert into SHOT values (649, 640, 648, 247, 7.000, 202.38, -5.70, 7.015, 202.49, -5.64, 0.021, 242.90, 14.51);
insert into SHOT values (650, 648, 649, 247, 9.330, 99.18, 68.70, 9.325, 99.18, 68.73, 0.006, 276.49, -24.91);
insert into SHOT values (651, 648, 650, 247, 13.040, 86.68, 63.30, 13.041, 86.67, 63.30, 0.001, 49.34, 24.79);
insert into SHOT values (652, 648, 651, 247, 28.750, 88.38, 28.80, 28.746, 88.38, 28.80, 0.005, 235.89, -5.29);
insert into SHOT values (653, 648, 652, 247, 13.030, 56.38, 19.70, 13.024, 56.37, 19.70, 0.006, 246.19, -22.10);
insert into SHOT values (654, 648, 653, 247, 16.710, 79.68, 18.70, 16.708, 79.70, 18.71, 0.006, 197.57, 23.25);
insert into SHOT values (655, 648, 654, 247, 16.650, 121.38, 14.70, 16.654, 121.39, 14.71, 0.006, 172.58, 50.07);
insert into SHOT values (656, 648, 655, 247, 1.080, 143.98, -40.40, 1.081, 144.38, -40.34, 0.006, 217.47, -0.29);
insert into SHOT values (657, 648, 656, 247, 21.760, 199.18, 0.60, 21.760, 199.18, 0.61, 0.003, 303.04, 47.09);
insert into SHOT values (658, 648, 657, 247, 3.810, 269.38, 3.40, 3.807, 269.40, 3.46, 0.005, 68.68, 50.81);
insert into SHOT values (659, 648, 658, 247, 15.790, 224.48, -6.80, 15.812, 224.54, -6.87, 0.032, 262.94, -39.54);
insert into SHOT values (660, 658, 545, 247, 4.990, 284.28, 5.50, 5.001, 284.06, 5.39, 0.024, 227.39, -20.33);
insert into SHOT values (661, 648, 659, 247, 5.680, 77.28, 11.10, 5.685, 77.26, 11.16, 0.008, 48.89, 57.87);
insert into SHOT values (662, 659, 660, 247, 0.450, 168.88, 0.50, 0.457, 169.92, 0.00, 0.012, 218.73, -19.89);
insert into SHOT values (663, 659, 661, 247, 8.740, 114.48, 66.80, 8.736, 114.55, 66.80, 0.006, 227.00, -33.68);
insert into SHOT values (664, 659, 662, 247, 5.390, 9.88, 21.40, 5.387, 9.88, 21.45, 0.005, 194.46, 38.92);
insert into SHOT values (665, 659, 663, 247, 2.360, 107.28, -9.50, 2.360, 107.50, -9.51, 0.009, 196.68, -3.10);
insert into SHOT values (666, 659, 664, 247, 8.070, 100.58, 4.30, 8.070, 100.60, 4.33, 0.006, 190.97, 62.24);
insert into SHOT values (667, 659, 665, 247, 11.630, 84.18, 15.70, 11.632, 84.21, 15.71, 0.006, 163.46, 27.15);
insert into SHOT values (668, 659, 666, 247, 36.490, 122.98, 6.60, 36.496, 122.99, 6.59, 0.010, 163.47, -23.86);
insert into SHOT values (669, 659, 667, 247, 26.900, 101.18, 12.00, 26.902, 101.10, 12.23, 0.116, 342.70, 67.96);
insert into SHOT values (670, 667, 491, 247, 23.010, 163.58, -15.10, 22.991, 163.43, -15.15, 0.066, 51.73, -13.94);
insert into SHOT values (671, 667, 521, 247, 25.350, 119.18, 2.60, 25.345, 119.48, 2.62, 0.134, 211.76, 4.31);
insert into SHOT values (672, 521, 668, 247, 3.740, 162.68, -6.90, 3.747, 162.64, -6.90, 0.007, 139.89, -5.51);
insert into SHOT values (673, 521, 669, 247, 7.710, 153.88, -40.00, 7.711, 153.91, -39.94, 0.009, 182.31, 40.05);
insert into SHOT values (674, 521, 670, 247, 11.560, 101.68, -18.40, 11.558, 101.68, -18.41, 0.002, 284.79, -29.14);
insert into SHOT values (675, 521, 671, 247, 11.990, 73.98, 1.90, 11.990, 74.02, 1.91, 0.008, 164.53, 18.23);
insert into SHOT values (676, 521, 672, 247, 8.860, 20.78, 6.50, 8.859, 20.76, 6.55, 0.008, 261.80, 66.26);
insert into SHOT values (677, 521, 673, 247, 4.760, 37.88, 31.90, 4.762, 37.86, 31.95, 0.005, 285.03, 74.50);
insert into SHOT values (678, 521, 674, 247, 12.030, 60.08, 11.10, 12.030, 60.07, 11.12, 0.005, 317.41, 59.94);
insert into SHOT values (679, 521, 675, 247, 12.010, 41.88, 7.10, 12.011, 41.91, 7.13, 0.008, 130.99, 46.07);
insert into SHOT values (680, 521, 676, 247, 13.310, 71.88, 2.30, 13.309, 71.91, 2.33, 0.009, 177.12, 42.69);
insert into SHOT values (681, 521, 677, 247, 9.560, 56.98, 0.20, 9.564, 56.99, 0.24, 0.008, 84.71, 57.31);
insert into SHOT values (682, 521, 678, 247, 20.040, 350.68, 4.60, 20.038, 350.69, 4.61, 0.006, 108.26, 27.12);
insert into SHOT values (683, 521, 679, 247, 35.950, 309.68, -0.20, 35.949, 309.67, -0.19, 0.007, 208.85, 53.26);
insert into SHOT values (684, 521, 680, 247, 20.420, 307.38, -6.40, 20.415, 307.39, -6.38, 0.008, 84.68, 49.37);
insert into SHOT values (685, 521, 681, 247, 8.890, 289.88, -25.80, 8.892, 289.86, -25.80, 0.004, 242.36, -12.77);
insert into SHOT values (686, 521, 682, 247, 9.410, 250.58, -37.50, 9.410, 250.59, -37.51, 0.003, 16.93, -33.21);
insert into SHOT values (687, 521, 683, 247, 16.510, 58.18, 3.30, 16.514, 58.19, 3.30, 0.005, 98.09, -4.63);
insert into SHOT values (688, 683, 684, 247, 5.150, 171.18, 2.40, 5.156, 171.18, 2.45, 0.007, 169.65, 38.48);
insert into SHOT values (689, 683, 685, 247, 2.630, 172.48, -18.00, 2.628, 172.65, -17.95, 0.008, 268.15, 20.20);
insert into SHOT values (690, 683, 686, 247, 6.960, 134.68, 0.80, 6.966, 134.71, 0.82, 0.007, 166.82, 22.51);
insert into SHOT values (691, 683, 687, 247, 9.580, 106.98, 9.50, 9.574, 107.00, 9.50, 0.007, 263.66, -9.66);
insert into SHOT values (692, 683, 688, 247, 6.590, 104.38, 1.60, 6.590, 104.42, 1.65, 0.007, 194.65, 54.93);
insert into SHOT values (693, 683, 689, 247, 2.040, 94.18, 46.60, 2.040, 94.11, 46.91, 0.011, 285.17, 43.46);
insert into SHOT values (694, 683, 690, 247, 3.520, 59.08, 16.70, 3.516, 59.09, 16.69, 0.004, 223.89, -23.80);
insert into SHOT values (695, 683, 691, 247, 3.350, 19.88, -8.10, 3.348, 19.75, -8.07, 0.008, 277.72, 14.44);
insert into SHOT values (696, 683, 692, 247, 7.700, 30.98, -1.50, 7.699, 30.96, -1.49, 0.003, 287.41, 35.96);
insert into SHOT values (697, 683, 693, 247, 6.480, 29.18, 13.70, 6.476, 29.21, 13.76, 0.009, 174.94, 38.14);
insert into SHOT values (698, 683, 694, 247, 5.510, 4.68, 10.40, 5.509, 4.66, 10.46, 0.006, 236.24, 64.51);
insert into SHOT values (699, 683, 695, 247, 5.900, 328.38, 12.80, 5.903, 328.35, 12.82, 0.005, 282.38, 38.29);
insert into SHOT values (700, 683, 696, 247, 11.580, 42.68, 8.30, 11.572, 42.66, 8.30, 0.009, 243.00, -10.64);
insert into SHOT values (701, 683, 697, 247, 7.810, 91.68, 7.50, 7.810, 91.70, 7.50, 0.003, 177.37, 10.84);
insert into SHOT values (702, 697, 698, 247, 3.290, 168.18, 4.90, 3.291, 168.21, 4.88, 0.002, 224.09, -25.51);
insert into SHOT values (703, 697, 699, 247, 1.540, 348.78, 14.90, 1.541, 348.77, 15.04, 0.004, 299.06, 83.33);
insert into SHOT values (704, 697, 700, 247, 2.990, 38.48, 68.30, 2.991, 38.01, 68.34, 0.009, 299.90, 11.73);
insert into SHOT values (705, 697, 701, 247, 2.510, 114.38, 68.50, 2.512, 114.60, 68.69, 0.009, 267.97, 30.50);
insert into SHOT values (706, 697, 702, 247, 1.710, 160.18, -28.50, 1.704, 160.11, -28.38, 0.007, 6.73, 57.56);
insert into SHOT values (707, 697, 703, 247, 4.580, 112.58, -21.40, 4.574, 112.65, -21.41, 0.008, 249.94, 8.23);
insert into SHOT values (708, 697, 704, 247, 4.340, 98.08, -14.00, 4.340, 98.05, -14.00, 0.002, 21.17, -1.71);
insert into SHOT values (709, 697, 705, 247, 10.920, 105.48, 4.00, 10.922, 105.49, 3.99, 0.004, 146.72, -28.77);
insert into SHOT values (710, 697, 706, 247, 12.030, 87.48, 15.00, 12.033, 87.48, 15.03, 0.007, 132.17, 76.32);
insert into SHOT values (711, 697, 707, 247, 7.710, 76.38, 33.00, 7.706, 76.39, 33.02, 0.005, 237.57, 9.29);
insert into SHOT values (712, 697, 708, 247, 3.600, 89.38, 52.50, 3.602, 89.48, 52.56, 0.006, 200.69, 44.50);
insert into SHOT values (713, 697, 709, 247, 5.780, 62.98, 17.70, 5.776, 62.97, 17.74, 0.006, 253.12, 25.80);
insert into SHOT values (714, 697, 710, 247, 9.880, 74.98, 6.90, 9.877, 74.99, 6.92, 0.005, 238.53, 38.13);
insert into SHOT values (715, 710, 711, 247, 3.240, 195.18, 67.70, 3.240, 195.17, 67.83, 0.007, 16.33, 18.79);
insert into SHOT values (716, 710, 712, 247, 5.610, 139.88, 8.30, 5.608, 139.82, 8.30, 0.006, 29.25, 1.63);
insert into SHOT values (717, 710, 713, 247, 5.970, 189.68, 1.60, 5.967, 189.65, 1.63, 0.005, 51.11, 37.39);
insert into SHOT values (718, 710, 714, 247, 7.890, 228.68, 0.50, 7.894, 228.70, 0.51, 0.005, 262.03, 13.79);
insert into SHOT values (719, 710, 715, 247, 2.810, 272.98, 0.50, 2.814, 273.06, 0.41, 0.007, 315.35, -39.14);
insert into SHOT values (720, 710, 716, 247, 2.500, 342.98, -1.50, 2.500, 343.02, -1.60, 0.005, 78.23, -70.95);
insert into SHOT values (721, 710, 717, 247, 1.520, 337.58, -24.90, 1.526, 337.51, -24.80, 0.007, 322.98, -0.21);
insert into SHOT values (722, 710, 718, 247, 3.460, 18.38, 60.90, 3.459, 18.33, 60.83, 0.005, 349.57, -45.75);
insert into SHOT values (723, 710, 719, 247, 2.160, 45.58, 1.50, 2.158, 45.56, 1.59, 0.004, 239.06, 53.59);
insert into SHOT values (724, 710, 720, 247, 2.670, 50.38, 16.90, 2.673, 50.40, 16.96, 0.004, 68.13, 58.64);
insert into SHOT values (725, 710, 721, 247, 3.670, 62.38, 54.40, 3.665, 62.35, 54.40, 0.005, 260.97, -54.06);
insert into SHOT values (726, 710, 722, 247, 3.960, 113.28, 41.60, 3.960, 113.27, 41.61, 0.001, 329.64, 65.15);
insert into SHOT values (727, 710, 723, 247, 5.140, 52.68, 22.00, 5.138, 52.67, 21.94, 0.006, 2.92, -83.13);
insert into SHOT values (728, 723, 724, 247, 2.480, 350.28, 20.40, 2.481, 350.33, 20.53, 0.006, 113.72, 64.02);
insert into SHOT values (729, 723, 725, 247, 1.910, 10.48, 79.50, 1.911, 10.01, 79.59, 0.004, 235.60, 26.33);
insert into SHOT values (730, 723, 726, 247, 2.530, 148.28, 17.80, 2.535, 148.22, 17.92, 0.008, 105.33, 61.44);
insert into SHOT values (731, 723, 727, 247, 0.860, 121.58, -30.20, 0.857, 121.76, -30.13, 0.004, 256.64, 38.22);
insert into SHOT values (732, 723, 728, 247, 3.400, 57.58, -20.20, 3.395, 57.56, -20.16, 0.005, 258.34, 48.08);
insert into SHOT values (733, 723, 729, 247, 5.240, 63.68, 0.70, 5.246, 63.63, 0.76, 0.010, 27.94, 37.91);
insert into SHOT values (734, 723, 730, 247, 8.070, 64.58, 13.60, 8.068, 64.55, 13.62, 0.006, 304.87, 24.63);
insert into SHOT values (735, 723, 731, 247, 6.570, 57.68, 30.10, 6.571, 57.65, 30.15, 0.006, 286.11, 55.02);
insert into SHOT values (736, 723, 732, 247, 4.130, 275.18, 9.70, 4.127, 275.22, 9.77, 0.006, 60.02, 39.60);
insert into SHOT values (737, 723, 733, 247, 8.200, 66.58, 15.80, 8.203, 66.55, 15.85, 0.008, 358.11, 62.38);
insert into SHOT values (738, 733, 734, 247, 2.450, 156.68, 44.90, 2.449, 156.54, 44.95, 0.005, 39.22, 7.42);
insert into SHOT values (739, 733, 735, 247, 2.380, 323.38, 23.70, 2.378, 323.39, 23.55, 0.007, 358.10, -82.21);
insert into SHOT values (740, 733, 736, 247, 1.060, 337.58, -31.70, 1.057, 337.72, -31.98, 0.006, 132.86, -28.97);
insert into SHOT values (741, 733, 737, 247, 2.080, 208.08, 89.20, 2.080, 198.43, 89.13, 0.006, 140.02, 2.03);
insert into SHOT values (742, 733, 738, 247, 3.450, 45.78, 54.70, 3.446, 45.81, 54.64, 0.006, 107.16, -76.90);
insert into SHOT values (743, 733, 739, 247, 5.200, 32.38, 44.00, 5.198, 32.33, 43.99, 0.004, 287.78, -33.85);
insert into SHOT values (744, 521, 740, 247, 13.230, 349.68, -0.60, 13.225, 349.68, -0.61, 0.005, 178.73, -15.57);
insert into SHOT values (745, 740, 741, 247, 4.410, 104.78, 3.90, 4.415, 104.73, 3.90, 0.006, 67.67, 0.48);
insert into SHOT values (746, 740, 742, 247, 3.900, 62.88, -19.00, 3.898, 62.88, -19.01, 0.002, 243.91, -7.02);
insert into SHOT values (747, 740, 743, 247, 6.630, 6.88, 11.30, 6.636, 6.88, 11.30, 0.006, 13.30, 9.10);
insert into SHOT values (748, 740, 744, 247, 6.980, 34.78, 54.10, 6.986, 34.85, 54.12, 0.008, 107.69, 46.46);
insert into SHOT values (749, 740, 745, 247, 9.280, 50.08, 9.50, 9.286, 50.05, 9.55, 0.011, 4.09, 52.26);
insert into SHOT values (750, 740, 746, 247, 19.910, 61.78, -3.00, 19.910, 61.79, -2.99, 0.003, 160.28, 44.73);
insert into SHOT values (751, 740, 747, 247, 12.100, 52.48, -7.40, 12.102, 52.48, -7.36, 0.009, 57.68, 67.07);
insert into SHOT values (752, 740, 748, 247, 14.600, 149.98, 3.60, 14.595, 149.97, 3.61, 0.007, 358.71, 27.00);
insert into SHOT values (753, 740, 749, 247, 20.370, 196.98, -4.40, 20.365, 196.98, -4.39, 0.006, 12.78, 30.09);
insert into SHOT values (754, 740, 750, 247, 23.940, 250.98, -7.50, 23.938, 250.99, -7.49, 0.007, 352.51, 40.79);
insert into SHOT values (755, 740, 751, 247, 26.520, 297.68, 1.80, 26.520, 297.70, 1.82, 0.010, 26.74, 41.98);
insert into SHOT values (756, 740, 752, 247, 8.450, 277.98, -13.30, 8.445, 277.97, -13.28, 0.006, 112.29, 44.09);
insert into SHOT values (757, 740, 753, 247, 7.190, 273.28, 14.90, 7.193, 273.30, 14.90, 0.004, 308.94, 16.78);
insert into SHOT values (758, 740, 754, 247, 2.470, 158.98, -46.00, 2.465, 158.82, -45.89, 0.008, 70.32, 54.58);
insert into SHOT values (759, 740, 755, 247, 17.540, 39.08, -1.00, 17.548, 39.08, -0.98, 0.010, 36.06, 38.42);
insert into SHOT values (760, 740, 756, 247, 17.510, 39.18, -1.00, 17.509, 39.18, -0.98, 0.006, 192.02, 77.63);
insert into SHOT values (761, 740, 757, 247, 20.330, 39.08, -1.00, 20.334, 39.09, -0.99, 0.008, 82.80, 38.47);
insert into SHOT values (762, 740, 758, 247, 17.500, 39.08, -1.00, 17.505, 39.06, -0.98, 0.009, 358.04, 36.64);
insert into SHOT values (763, 756, 759, 247, 2.450, 63.18, 71.20, 2.453, 63.11, 71.06, 0.007, 55.12, 6.17);
insert into SHOT values (764, 756, 760, 247, 8.890, 90.18, 9.20, 8.894, 90.13, 9.19, 0.009, 30.51, -8.81);
insert into SHOT values (765, 756, 761, 247, 8.730, 49.38, 6.30, 8.733, 49.39, 6.31, 0.004, 79.45, 28.69);
insert into SHOT values (766, 756, 762, 247, 7.990, 0.18, 10.40, 7.991, 0.22, 10.38, 0.006, 76.44, -22.91);
insert into SHOT values (767, 756, 763, 247, 2.760, 326.48, -11.20, 2.760, 326.60, -11.28, 0.007, 61.06, -33.63);
insert into SHOT values (768, 756, 764, 247, 9.280, 259.48, 6.80, 9.280, 259.49, 6.81, 0.003, 355.74, 25.65);
insert into SHOT values (769, 756, 765, 247, 1.060, 242.48, -45.20, 1.055, 242.74, -45.29, 0.006, 25.05, 20.77);
insert into SHOT values (770, 756, 766, 247, 9.860, 232.98, 1.40, 9.857, 233.00, 1.40, 0.005, 0.65, -10.29);
insert into SHOT values (771, 756, 767, 247, 4.110, 210.88, -12.70, 4.112, 210.91, -12.79, 0.007, 296.48, -68.88);
insert into SHOT values (772, 756, 768, 247, 3.890, 207.28, 26.30, 3.890, 207.30, 26.25, 0.004, 252.55, -63.95);
insert into SHOT values (773, 756, 769, 247, 9.160, 146.58, -4.00, 9.153, 146.57, -4.01, 0.007, 337.00, -7.98);
insert into SHOT values (774, 756, 770, 247, 13.790, 34.88, 6.30, 13.795, 34.87, 6.28, 0.007, 17.97, -28.88);
insert into SHOT values (775, 756, 771, 247, 12.940, 290.28, 9.40, 12.937, 290.31, 9.39, 0.008, 43.10, -25.55);
insert into SHOT values (776, 667, 772, 247, 14.790, 3.38, 3.50, 14.777, 3.58, 3.57, 0.055, 108.58, 18.02);
insert into SHOT values (777, 772, 773, 247, 10.890, 248.98, -1.80, 10.888, 249.00, -1.79, 0.005, 3.50, 25.26);
insert into SHOT values (778, 772, 774, 247, 6.770, 324.08, 1.30, 6.769, 324.08, 1.35, 0.007, 148.59, 78.23);
insert into SHOT values (779, 772, 775, 247, 10.410, 344.48, 1.60, 10.415, 344.46, 1.60, 0.007, 302.54, -5.79);
insert into SHOT values (780, 772, 776, 247, 8.490, 93.18, 9.60, 8.492, 93.15, 9.63, 0.006, 22.59, 41.76);
insert into SHOT values (781, 772, 777, 247, 15.700, 76.48, 10.00, 15.699, 76.46, 10.01, 0.007, 330.06, 31.97);
insert into SHOT values (782, 772, 778, 247, 12.010, 35.28, 15.60, 12.007, 35.28, 15.61, 0.003, 197.81, 4.72);
insert into SHOT values (783, 772, 779, 247, 6.890, 35.08, 40.60, 6.890, 35.03, 40.66, 0.009, 260.13, 42.94);
insert into SHOT values (784, 772, 780, 247, 0.990, 58.18, 76.10, 0.989, 56.98, 76.05, 0.005, 335.67, -11.30);
insert into SHOT values (785, 772, 781, 247, 4.550, 93.38, -15.60, 4.545, 93.40, -15.57, 0.006, 250.66, 35.35);
insert into SHOT values (786, 772, 782, 247, 11.150, 351.08, -1.20, 11.134, 351.16, -1.13, 0.026, 124.34, 30.93);
insert into SHOT values (787, 782, 783, 247, 1.710, 276.58, 10.40, 1.708, 276.83, 10.11, 0.011, 6.50, -49.82);
insert into SHOT values (788, 782, 784, 247, 7.500, 348.18, -14.40, 7.501, 348.16, -14.44, 0.005, 260.37, -68.22);
insert into SHOT values (789, 782, 785, 247, 13.030, 19.38, 3.40, 13.031, 19.40, 3.39, 0.005, 91.66, -34.73);
insert into SHOT values (790, 782, 786, 247, 5.560, 20.18, 18.90, 5.564, 20.22, 18.88, 0.006, 63.97, -9.22);
insert into SHOT values (791, 782, 787, 247, 4.950, 18.58, 42.80, 4.954, 18.58, 42.71, 0.008, 20.88, -22.43);
insert into SHOT values (792, 782, 788, 247, 16.030, 352.48, -0.20, 16.038, 352.48, -0.21, 0.009, 346.30, -26.19);
insert into SHOT values (793, 782, 789, 247, 28.450, 342.18, 2.00, 28.451, 342.18, 1.99, 0.004, 43.83, -53.28);
insert into SHOT values (794, 782, 790, 247, 18.020, 337.08, -8.90, 18.021, 337.09, -8.91, 0.005, 53.38, -25.91);
insert into SHOT values (795, 782, 791, 247, 13.900, 313.08, 0.90, 13.904, 313.11, 0.87, 0.011, 11.02, -48.15);
insert into SHOT values (796, 782, 792, 247, 19.100, 299.88, 5.00, 19.102, 299.88, 4.99, 0.005, 299.73, -65.38);
insert into SHOT values (797, 782, 793, 247, 5.490, 303.88, 19.90, 5.484, 303.94, 19.83, 0.011, 67.52, -54.55);
insert into SHOT values (798, 782, 794, 247, 17.260, 119.48, 14.40, 17.262, 119.45, 14.39, 0.010, 43.67, -13.93);
insert into SHOT values (799, 782, 795, 247, 16.890, 94.08, 9.30, 16.894, 94.06, 9.30, 0.007, 36.50, 4.11);
insert into SHOT values (800, 782, 796, 247, 5.810, 82.48, 26.80, 5.809, 82.46, 26.81, 0.002, 313.54, 12.50);
insert into SHOT values (801, 782, 797, 247, 17.810, 65.68, 6.30, 17.808, 65.68, 6.29, 0.005, 246.46, -70.24);
insert into SHOT values (802, 782, 798, 247, 12.770, 80.68, -1.60, 12.774, 80.67, -1.61, 0.006, 53.66, -38.29);
insert into SHOT values (803, 782, 799, 247, 3.510, 88.58, -25.00, 3.513, 88.56, -25.10, 0.007, 351.83, -80.19);
insert into SHOT values (804, 782, 800, 247, 23.670, 82.68, 9.00, 23.672, 82.68, 8.99, 0.004, 62.15, -51.30);
insert into SHOT values (805, 800, 801, 247, 11.750, 200.98, 2.10, 11.745, 200.97, 2.10, 0.006, 47.39, -5.86);
insert into SHOT values (806, 800, 802, 247, 1.500, 197.78, -33.80, 1.497, 197.85, -34.12, 0.009, 5.05, -38.56);
insert into SHOT values (807, 800, 803, 247, 2.350, 255.48, 61.60, 2.352, 255.47, 61.68, 0.003, 83.09, 54.32);
insert into SHOT values (808, 800, 804, 247, 4.680, 32.08, 55.00, 4.681, 32.10, 54.90, 0.008, 38.32, -27.28);
insert into SHOT values (809, 800, 805, 247, 6.470, 69.18, 9.60, 6.468, 69.15, 9.61, 0.004, 311.52, 15.04);
insert into SHOT values (810, 800, 806, 247, 7.750, 91.28, -7.60, 7.751, 91.27, -7.64, 0.005, 359.79, -73.20);
insert into SHOT values (811, 800, 807, 247, 7.210, 96.58, 10.10, 7.207, 96.55, 10.07, 0.006, 335.35, -50.33);
insert into SHOT values (812, 800, 808, 247, 12.490, 88.28, 14.30, 12.491, 88.25, 14.27, 0.009, 20.41, -35.52);
insert into SHOT values (813, 800, 809, 247, 5.350, 66.28, 45.50, 5.344, 66.24, 45.47, 0.007, 296.25, -59.86);
insert into SHOT values (814, 800, 810, 247, 13.050, 92.78, 9.50, 13.053, 92.76, 9.48, 0.007, 45.01, -33.65);
insert into SHOT values (815, 810, 811, 247, 1.210, 184.08, 4.80, 1.208, 184.29, 4.75, 0.005, 302.60, -14.00);
insert into SHOT values (816, 810, 812, 247, 1.720, 153.28, 7.60, 1.715, 153.43, 7.71, 0.008, 293.20, 19.36);
insert into SHOT values (817, 810, 813, 247, 2.470, 89.98, 69.70, 2.471, 90.00, 69.88, 0.008, 267.45, 26.20);
insert into SHOT values (818, 810, 814, 247, 2.090, 31.98, 10.00, 2.086, 32.06, 10.22, 0.009, 180.74, 50.24);
insert into SHOT values (819, 810, 815, 247, 0.740, 165.88, -65.10, 0.737, 166.87, -65.31, 0.006, 289.70, 10.75);
insert into SHOT values (820, 810, 816, 247, 2.110, 129.28, 66.20, 2.110, 129.29, 66.16, 0.001, 135.96, -23.68);
insert into SHOT values (821, 810, 817, 247, 2.050, 127.48, 8.50, 2.050, 127.38, 8.70, 0.008, 15.88, 61.35);
insert into SHOT values (822, 810, 818, 247, 2.650, 125.68, -16.90, 2.651, 125.70, -16.89, 0.001, 161.43, 16.69);
insert into SHOT values (823, 810, 819, 247, 2.910, 308.08, -16.40, 2.910, 308.02, -16.36, 0.003, 236.08, 27.53);
insert into SHOT values (824, 810, 820, 247, 2.960, 261.18, -11.10, 2.960, 261.09, -11.10, 0.005, 176.59, -1.68);
insert into SHOT values (825, 810, 821, 247, 2.500, 279.08, 16.50, 2.503, 279.11, 16.48, 0.003, 300.26, -0.64);
insert into SHOT values (826, 810, 822, 247, 10.010, 129.88, -11.90, 10.004, 129.90, -11.88, 0.008, 271.83, 32.05);
insert into SHOT values (827, 782, 823, 247, 18.790, 338.18, -4.60, 18.776, 338.30, -4.58, 0.042, 86.64, 9.41);
insert into SHOT values (828, 823, 824, 247, 6.200, 101.08, 11.50, 6.197, 101.01, 11.54, 0.009, 343.02, 26.48);
insert into SHOT values (829, 823, 825, 247, 9.960, 243.08, 9.70, 9.964, 243.12, 9.71, 0.008, 308.41, 12.96);
insert into SHOT values (830, 823, 826, 247, 6.000, 205.78, 3.30, 5.999, 205.84, 3.34, 0.008, 308.55, 36.45);
insert into SHOT values (831, 823, 827, 247, 4.890, 167.48, -17.00, 4.885, 167.51, -17.02, 0.006, 323.48, -2.72);
insert into SHOT values (832, 823, 828, 247, 3.850, 151.68, 61.00, 3.850, 151.78, 61.09, 0.007, 299.52, 23.29);
insert into SHOT values (833, 823, 829, 247, 7.860, 42.68, 11.80, 7.860, 42.63, 11.82, 0.007, 303.64, 21.40);
insert into SHOT values (834, 823, 830, 247, 12.390, 4.18, 30.30, 12.390, 4.18, 30.29, 0.002, 21.43, -46.31);
insert into SHOT values (835, 823, 831, 247, 13.600, 357.18, 54.40, 13.603, 357.18, 54.40, 0.003, 351.39, 33.63);
insert into SHOT values (836, 823, 832, 247, 3.960, 2.58, 79.50, 3.966, 2.39, 79.53, 0.007, 249.59, 67.28);
insert into SHOT values (837, 823, 833, 247, 13.550, 324.58, 21.00, 13.552, 324.59, 21.02, 0.005, 52.25, 63.35);
insert into SHOT values (838, 823, 834, 247, 24.910, 310.08, 7.10, 24.918, 310.08, 7.10, 0.008, 307.46, 7.95);
insert into SHOT values (839, 823, 835, 247, 29.400, 295.58, 3.70, 29.407, 295.58, 3.70, 0.008, 291.58, 20.55);
insert into SHOT values (840, 823, 836, 247, 17.290, 295.18, 22.60, 17.295, 295.17, 22.61, 0.007, 254.70, 50.34);
insert into SHOT values (841, 823, 837, 247, 12.790, 296.18, -7.40, 12.789, 296.20, -7.37, 0.009, 29.02, 56.17);
insert into SHOT values (842, 823, 838, 247, 27.160, 242.78, -3.80, 27.158, 242.79, -3.80, 0.006, 350.55, -0.01);
insert into SHOT values (843, 823, 839, 247, 15.140, 76.38, 3.90, 15.141, 76.37, 3.90, 0.003, 357.41, 4.89);
insert into SHOT values (844, 839, 840, 247, 1.530, 56.78, -82.10, 1.524, 54.78, -82.15, 0.009, 308.97, 35.73);
insert into SHOT values (845, 839, 841, 247, 1.190, 171.38, 52.10, 1.189, 171.31, 52.23, 0.003, 8.90, 19.64);
insert into SHOT values (846, 839, 842, 247, 5.710, 199.88, -1.70, 5.712, 199.86, -1.71, 0.003, 163.47, -12.51);
insert into SHOT values (847, 839, 843, 247, 10.000, 154.18, 11.80, 9.998, 154.19, 11.83, 0.006, 291.59, 53.15);
insert into SHOT values (848, 839, 844, 247, 12.560, 133.18, 16.60, 12.558, 133.22, 16.61, 0.008, 243.57, 12.27);
insert into SHOT values (849, 839, 845, 247, 10.150, 112.38, 11.70, 10.148, 112.36, 11.71, 0.005, 352.77, 22.04);
insert into SHOT values (850, 839, 846, 247, 4.050, 189.58, -18.40, 4.048, 189.58, -18.28, 0.008, 217.11, 84.55);
insert into SHOT values (851, 839, 847, 247, 5.510, 222.68, -10.70, 5.509, 222.68, -10.67, 0.003, 40.78, 82.64);
insert into SHOT values (852, 839, 848, 247, 6.910, 134.48, 8.30, 6.911, 134.47, 8.32, 0.003, 59.22, 58.13);
insert into SHOT values (853, 848, 849, 247, 4.960, 197.48, 16.70, 4.961, 197.52, 16.75, 0.006, 295.23, 54.38);
insert into SHOT values (854, 848, 850, 247, 5.490, 104.68, 14.50, 5.491, 104.72, 14.56, 0.006, 207.91, 57.08);
insert into SHOT values (855, 848, 851, 247, 6.060, 21.48, -4.70, 6.060, 21.47, -4.73, 0.004, 263.60, -66.34);
insert into SHOT values (856, 848, 852, 247, 6.720, 320.58, -11.50, 6.728, 320.54, -11.49, 0.009, 289.55, -1.59);
insert into SHOT values (857, 848, 853, 247, 6.880, 270.08, -8.70, 6.879, 270.08, -8.70, 0.001, 55.00, 33.60);
insert into SHOT values (858, 848, 854, 247, 5.840, 295.28, -27.20, 5.844, 295.28, -27.19, 0.004, 300.72, -8.32);
insert into SHOT values (859, 848, 855, 247, 5.690, 291.28, 49.70, 5.689, 291.19, 49.71, 0.006, 186.87, 4.22);
insert into SHOT values (860, 848, 856, 247, 5.590, 77.68, 78.20, 5.587, 77.80, 78.27, 0.008, 240.03, -13.38);
insert into SHOT values (861, 848, 857, 247, 15.930, 88.38, 37.40, 15.933, 88.37, 37.41, 0.005, 1.02, 65.10);
insert into SHOT values (862, 848, 858, 247, 11.610, 201.78, 35.50, 11.612, 201.79, 35.48, 0.005, 227.38, -25.40);
insert into SHOT values (863, 823, 859, 247, 21.590, 266.28, -5.00, 21.584, 265.95, -4.94, 0.127, 174.25, 9.85);
insert into SHOT values (864, 859, 860, 247, 6.150, 304.98, 10.80, 6.150, 304.95, 10.87, 0.008, 183.53, 66.95);
insert into SHOT values (865, 859, 861, 247, 2.540, 283.88, -43.50, 2.535, 283.81, -43.35, 0.009, 214.37, 74.22);
insert into SHOT values (866, 859, 862, 247, 2.210, 214.98, 76.90, 2.218, 215.27, 76.91, 0.008, 278.33, 69.07);
insert into SHOT values (867, 859, 863, 247, 11.790, 183.08, 0.80, 11.788, 183.06, 0.83, 0.007, 60.88, 55.09);
insert into SHOT values (868, 859, 864, 247, 15.350, 138.18, 5.70, 15.345, 138.19, 5.72, 0.008, 300.36, 44.43);
insert into SHOT values (869, 859, 865, 247, 11.530, 115.28, 5.80, 11.529, 115.29, 5.82, 0.006, 238.30, 58.90);
insert into SHOT values (870, 859, 866, 247, 5.890, 97.78, 3.90, 5.888, 97.73, 3.99, 0.011, 337.18, 57.97);
insert into SHOT values (871, 859, 867, 247, 7.110, 317.08, 12.00, 7.111, 317.04, 12.01, 0.005, 234.48, 19.57);
insert into SHOT values (872, 859, 868, 247, 10.430, 297.48, 10.00, 10.429, 297.49, 10.05, 0.009, 81.23, 72.96);
insert into SHOT values (873, 859, 869, 247, 9.040, 254.38, 1.60, 9.037, 254.39, 1.65, 0.009, 40.12, 60.93);
insert into SHOT values (874, 859, 870, 247, 6.950, 265.28, -9.40, 6.945, 265.31, -9.36, 0.007, 38.54, 43.01);
insert into SHOT values (875, 859, 871, 247, 40.630, 202.98, -8.10, 40.625, 202.98, -8.09, 0.007, 54.11, 46.71);
insert into SHOT values (876, 859, 872, 247, 11.500, 282.48, 4.50, 11.492, 282.35, 4.59, 0.033, 172.32, 32.71);
insert into SHOT values (877, 872, 873, 247, 2.860, 31.28, 17.40, 2.858, 31.36, 17.30, 0.007, 129.03, -53.63);
insert into SHOT values (878, 872, 874, 247, 2.980, 12.38, 82.60, 2.974, 12.20, 82.69, 0.007, 205.04, -43.84);
insert into SHOT values (879, 872, 875, 247, 7.870, 223.48, 22.40, 7.873, 223.50, 22.40, 0.003, 265.82, 16.37);
insert into SHOT values (880, 872, 876, 247, 2.900, 225.58, -27.10, 2.899, 225.47, -27.09, 0.005, 128.64, 12.38);
insert into SHOT values (881, 872, 877, 247, 5.230, 259.38, -20.10, 5.234, 259.33, -20.11, 0.006, 209.19, -25.87);
insert into SHOT values (882, 872, 878, 247, 11.090, 268.18, -8.50, 11.088, 268.17, -8.51, 0.003, 119.99, -14.55);
insert into SHOT values (883, 872, 879, 247, 9.640, 267.98, 12.00, 9.636, 267.99, 11.98, 0.006, 54.56, -44.98);
insert into SHOT values (884, 872, 880, 247, 7.120, 249.08, 7.40, 7.115, 249.07, 7.43, 0.006, 77.10, 29.02);
insert into SHOT values (885, 872, 881, 247, 4.920, 301.68, 11.20, 4.919, 301.62, 11.14, 0.008, 211.47, -46.23);
insert into SHOT values (886, 872, 882, 247, 6.990, 288.98, 8.30, 6.990, 288.99, 8.31, 0.001, 58.12, 46.70);
insert into SHOT values (887, 872, 883, 247, 7.070, 325.38, 13.00, 7.069, 325.41, 13.00, 0.004, 75.39, -5.87);
insert into SHOT values (888, 872, 884, 247, 11.720, 344.08, 14.00, 11.714, 344.07, 13.98, 0.008, 186.34, -43.03);
insert into SHOT values (889, 872, 885, 247, 3.280, 335.48, 2.30, 3.278, 335.47, 2.27, 0.002, 174.44, -42.41);
insert into SHOT values (890, 872, 886, 247, 4.840, 348.08, 38.10, 4.831, 348.01, 38.08, 0.010, 206.28, -41.12);
insert into SHOT values (891, 872, 887, 247, 7.740, 359.98, 24.70, 7.737, 0.00, 24.68, 0.005, 126.16, -53.80);
insert into SHOT values (892, 872, 888, 247, 5.640, 15.28, 22.30, 5.638, 15.34, 22.31, 0.006, 127.43, -1.24);
insert into SHOT values (893, 872, 889, 247, 2.990, 27.78, 31.40, 2.993, 27.77, 31.42, 0.003, 15.01, 46.25);
insert into SHOT values (894, 872, 890, 247, 9.530, 344.88, 11.40, 9.519, 344.97, 11.45, 0.020, 116.87, 18.48);
insert into SHOT values (895, 890, 891, 247, 1.390, 304.48, 20.00, 1.394, 304.42, 20.13, 0.006, 279.75, 54.05);
insert into SHOT values (896, 890, 892, 247, 4.320, 78.68, 54.30, 4.320, 78.78, 54.34, 0.005, 200.89, 19.11);
insert into SHOT values (897, 890, 893, 247, 4.590, 118.08, 10.70, 4.593, 118.15, 10.66, 0.007, 174.58, -17.26);
insert into SHOT values (898, 890, 894, 247, 5.560, 135.98, 4.60, 5.563, 136.02, 4.64, 0.006, 195.29, 39.79);
insert into SHOT values (899, 890, 895, 247, 3.050, 86.48, -20.60, 3.049, 86.59, -20.54, 0.006, 175.63, 30.29);
insert into SHOT values (900, 890, 896, 247, 8.140, 51.58, 2.60, 8.137, 51.59, 2.61, 0.003, 195.16, 12.54);
insert into SHOT values (901, 890, 897, 247, 9.320, 22.28, 6.50, 9.312, 22.30, 6.54, 0.010, 184.61, 29.28);
insert into SHOT values (902, 890, 898, 247, 8.150, 5.88, 6.20, 8.150, 5.88, 6.20, 0.000, 9.16, -33.60);
insert into SHOT values (903, 890, 899, 247, 6.070, 60.38, 1.20, 6.074, 60.40, 1.23, 0.005, 83.16, 32.99);
insert into SHOT values (904, 890, 900, 247, 8.380, 71.08, 0.90, 8.381, 71.13, 0.89, 0.008, 151.58, -11.63);
insert into SHOT values (905, 890, 901, 247, 10.750, 96.78, 1.20, 10.748, 96.79, 1.23, 0.006, 242.78, 60.03);
insert into SHOT values (906, 890, 902, 247, 4.340, 78.78, -9.00, 4.335, 78.82, -9.03, 0.006, 228.37, -9.84);
insert into SHOT values (907, 890, 903, 247, 12.980, 79.38, -2.70, 12.987, 79.61, -2.65, 0.054, 161.59, 12.34);
insert into SHOT values (908, 903, 904, 247, 2.860, 6.18, 30.10, 2.863, 6.26, 30.19, 0.007, 89.32, 57.19);
insert into SHOT values (909, 903, 905, 247, 4.800, 126.18, 29.30, 4.801, 126.16, 29.31, 0.002, 50.34, 31.16);
insert into SHOT values (910, 903, 906, 247, 7.330, 158.78, 2.30, 7.332, 158.79, 2.34, 0.006, 202.26, 64.92);
insert into SHOT values (911, 903, 907, 247, 8.670, 77.08, 16.00, 8.666, 77.10, 16.01, 0.005, 221.54, 2.72);
insert into SHOT values (912, 903, 908, 247, 12.990, 96.98, 16.80, 12.988, 96.98, 16.83, 0.007, 287.25, 56.72);
insert into SHOT values (913, 903, 909, 247, 16.080, 153.78, -5.30, 16.083, 153.80, -5.28, 0.009, 213.87, 34.95);
insert into SHOT values (914, 903, 910, 247, 14.130, 175.68, -9.60, 14.146, 175.52, -9.48, 0.051, 113.40, 31.01);
insert into SHOT values (915, 910, 911, 247, 17.820, 146.08, 1.80, 17.826, 146.05, 1.83, 0.015, 90.34, 44.18);
insert into SHOT values (916, 911, 604, 247, 3.920, 167.38, -15.70, 3.937, 167.36, -15.62, 0.018, 162.62, 2.36);
insert into SHOT values (917, 823, 912, 247, 15.480, 347.98, 23.70, 15.488, 347.99, 23.72, 0.010, 17.75, 49.64);
insert into SHOT values (918, 912, 913, 247, 2.520, 286.78, 25.70, 2.522, 286.60, 25.60, 0.009, 227.19, -19.13);
insert into SHOT values (919, 912, 914, 247, 8.080, 326.28, 76.20, 8.073, 326.23, 76.21, 0.007, 180.79, -65.51);
insert into SHOT values (920, 912, 915, 247, 13.590, 313.18, 10.10, 13.588, 313.15, 10.09, 0.007, 213.66, -26.87);
insert into SHOT values (921, 912, 916, 247, 19.960, 345.08, 22.80, 19.959, 345.07, 22.79, 0.005, 270.30, -64.97);
insert into SHOT values (922, 912, 917, 247, 23.100, 330.58, 7.20, 23.099, 330.57, 7.19, 0.006, 225.67, -57.77);
insert into SHOT values (923, 912, 918, 247, 6.120, 66.48, 8.90, 6.114, 66.49, 8.84, 0.008, 233.24, -54.07);
insert into SHOT values (924, 912, 919, 247, 1.860, 53.88, -16.10, 1.856, 53.90, -16.27, 0.006, 225.78, -40.35);
insert into SHOT values (925, 912, 920, 247, 13.040, 10.18, 11.60, 13.036, 10.15, 11.59, 0.008, 250.88, -14.54);
insert into SHOT values (926, 912, 921, 247, 16.900, 46.88, 19.60, 16.898, 46.88, 19.61, 0.003, 198.68, 18.66);
insert into SHOT values (927, 912, 922, 247, 14.530, 10.48, 30.10, 14.525, 10.45, 30.08, 0.009, 261.26, -47.20);
insert into SHOT values (928, 912, 923, 247, 13.580, 40.08, 21.60, 13.574, 40.05, 21.61, 0.010, 263.32, 5.21);
insert into SHOT values (929, 923, 924, 247, 9.490, 17.18, 6.70, 9.487, 17.22, 6.66, 0.011, 127.33, -43.01);
insert into SHOT values (930, 923, 925, 247, 5.040, 297.58, 67.00, 5.029, 297.61, 67.02, 0.011, 107.44, -58.25);
insert into SHOT values (931, 923, 926, 247, 3.340, 295.28, -30.20, 3.344, 295.23, -30.36, 0.010, 174.93, -74.69);
insert into SHOT values (932, 923, 927, 247, 6.860, 270.18, -32.60, 6.854, 270.20, -32.67, 0.010, 78.26, -23.24);
insert into SHOT values (933, 923, 928, 247, 18.320, 273.68, -11.40, 18.320, 273.67, -11.43, 0.009, 147.61, -72.00);
insert into SHOT values (934, 923, 929, 247, 27.660, 256.58, -8.20, 27.653, 256.56, -8.21, 0.012, 121.08, -23.54);
insert into SHOT values (935, 923, 930, 247, 26.920, 283.08, -1.10, 26.913, 283.08, -1.11, 0.008, 97.35, -25.06);
insert into SHOT values (936, 923, 931, 247, 16.090, 313.08, 10.30, 16.085, 313.08, 10.28, 0.008, 131.36, -60.96);
insert into SHOT values (937, 923, 932, 247, 24.790, 322.18, 4.20, 24.790, 322.18, 4.19, 0.006, 58.41, -87.54);
insert into SHOT values (938, 923, 933, 247, 8.440, 103.78, 30.30, 8.439, 103.81, 30.24, 0.010, 148.51, -58.19);
insert into SHOT values (939, 923, 934, 247, 5.300, 101.18, 14.80, 5.303, 101.24, 14.75, 0.008, 154.82, -28.18);
insert into SHOT values (940, 923, 935, 247, 12.860, 94.68, 20.10, 12.860, 94.70, 20.05, 0.011, 143.83, -57.92);
insert into SHOT values (941, 923, 936, 247, 18.010, 95.18, 25.20, 18.007, 95.18, 25.18, 0.008, 28.84, -81.45);
insert into SHOT values (942, 923, 937, 247, 23.950, 94.88, 34.70, 23.949, 94.89, 34.69, 0.007, 169.00, -38.79);
insert into SHOT values (943, 923, 938, 247, 22.280, 100.18, 57.60, 22.284, 100.17, 57.58, 0.010, 90.94, -9.52);
insert into SHOT values (944, 923, 939, 247, 3.600, 71.88, 83.60, 3.593, 72.90, 83.48, 0.012, 119.17, -37.48);
insert into SHOT values (945, 923, 940, 247, 9.130, 107.58, 44.90, 9.131, 107.62, 44.85, 0.010, 144.17, -28.95);
insert into SHOT values (946, 923, 941, 247, 6.130, 88.68, 43.70, 6.133, 88.71, 43.61, 0.011, 102.86, -27.95);
insert into SHOT values (947, 923, 942, 247, 25.240, 95.78, 59.70, 25.238, 95.77, 59.70, 0.003, 11.02, -41.78);
insert into SHOT values (948, 923, 943, 247, 27.610, 95.28, 35.20, 27.611, 95.29, 35.19, 0.008, 133.34, -41.61);
insert into SHOT values (949, 943, 944, 247, 25.000, 6.18, 90.00, 25.000, 90.00, 90.00, 0.000, 6.18, 0.00);
insert into SHOT values (950, 923, 945, 247, 8.830, 315.58, -3.60, 8.822, 315.60, -3.64, 0.011, 116.95, -31.44);
insert into SHOT values (951, 945, 946, 247, 21.110, 23.98, 7.40, 21.109, 23.96, 7.40, 0.008, 288.48, 7.79);
insert into SHOT values (952, 945, 947, 247, 17.810, 3.38, 11.00, 17.808, 3.38, 11.01, 0.003, 192.97, 34.71);
insert into SHOT values (953, 945, 948, 247, 3.870, 359.78, 48.00, 3.873, 359.78, 48.03, 0.004, 356.78, 83.14);
insert into SHOT values (954, 945, 949, 247, 16.250, 323.38, 9.30, 16.252, 323.37, 9.31, 0.006, 258.05, 43.53);
insert into SHOT values (955, 945, 950, 247, 22.030, 276.68, 1.80, 22.030, 276.68, 1.79, 0.002, 196.27, -59.85);
insert into SHOT values (956, 945, 951, 247, 1.240, 107.48, -83.70, 1.237, 107.10, -83.69, 0.003, 13.72, 70.37);
insert into SHOT values (957, 945, 952, 247, 17.550, 172.98, -12.60, 17.551, 172.99, -12.60, 0.004, 252.52, -23.82);
insert into SHOT values (958, 945, 953, 247, 8.540, 157.68, 22.80, 8.538, 157.67, 22.81, 0.003, 0.51, 12.29);
insert into SHOT values (959, 945, 954, 247, 19.600, 225.58, -10.30, 19.606, 225.59, -10.28, 0.009, 249.10, 31.60);
insert into SHOT values (960, 945, 955, 247, 18.350, 225.98, -26.10, 18.348, 225.98, -26.09, 0.003, 349.31, 63.49);
insert into SHOT values (961, 945, 956, 247, 16.510, 269.78, -17.90, 16.508, 269.78, -17.89, 0.005, 54.45, 78.97);
insert into SHOT values (962, 945, 957, 247, 9.120, 74.18, -7.30, 9.118, 74.15, -7.31, 0.005, 318.05, -12.93);
insert into SHOT values (963, 945, 958, 247, 11.510, 74.18, -7.40, 11.508, 74.19, -7.39, 0.004, 224.39, 44.01);
insert into SHOT values (964, 945, 959, 247, 9.090, 74.18, -7.40, 9.088, 74.16, -7.40, 0.004, 311.02, 11.35);
insert into SHOT values (965, 959, 960, 247, 1.350, 123.68, 74.50, 1.349, 123.69, 74.50, 0.001, 286.38, -75.86);
insert into SHOT values (966, 959, 961, 247, 4.050, 68.28, -6.70, 4.053, 68.28, -6.66, 0.004, 66.61, 35.41);
insert into SHOT values (967, 959, 962, 247, 4.010, 92.98, -13.00, 4.007, 92.94, -12.98, 0.004, 327.77, 29.41);
insert into SHOT values (968, 959, 963, 247, 8.290, 144.78, 20.30, 8.288, 144.80, 20.33, 0.006, 293.26, 41.11);
insert into SHOT values (969, 959, 964, 247, 4.400, 179.38, 10.30, 4.402, 179.34, 10.34, 0.005, 110.48, 44.61);
insert into SHOT values (970, 959, 965, 247, 2.510, 329.08, 2.00, 2.509, 329.04, 2.06, 0.003, 207.43, 47.32);
insert into SHOT values (971, 959, 966, 247, 16.450, 203.18, 4.50, 16.456, 203.19, 4.50, 0.007, 228.36, -5.49);
insert into SHOT values (972, 959, 967, 247, 5.660, 80.18, -12.50, 5.656, 80.20, -12.56, 0.007, 242.67, -42.14);
insert into SHOT values (973, 967, 968, 247, 5.220, 65.78, -28.60, 5.216, 65.78, -28.51, 0.009, 120.23, 87.23);
insert into SHOT values (974, 967, 969, 247, 2.060, 359.98, -22.30, 2.063, 0.00, -22.21, 0.004, 9.59, 22.15);
insert into SHOT values (975, 967, 970, 247, 0.370, 112.48, 67.40, 0.380, 109.65, 66.99, 0.013, 63.12, 41.06);
insert into SHOT values (976, 967, 971, 247, 1.180, 167.28, -2.80, 1.180, 167.26, -2.43, 0.008, 125.26, 85.63);
insert into SHOT values (977, 967, 972, 247, 1.560, 170.58, -49.50, 1.556, 170.35, -49.32, 0.008, 97.18, 56.02);
insert into SHOT values (978, 967, 973, 247, 3.070, 92.88, -38.80, 3.068, 92.87, -38.74, 0.004, 67.73, 82.41);
insert into SHOT values (979, 967, 974, 247, 4.100, 80.38, -11.80, 4.101, 80.40, -11.68, 0.009, 103.28, 69.38);
insert into SHOT values (980, 967, 975, 247, 1.250, 232.88, 6.40, 1.250, 232.85, 6.43, 0.001, 123.77, 48.03);
insert into SHOT values (981, 967, 976, 247, 1.220, 300.58, 11.10, 1.221, 300.64, 11.34, 0.005, 35.35, 77.08);
insert into SHOT values (982, 967, 977, 247, 5.240, 65.58, -28.10, 5.237, 65.60, -28.02, 0.008, 130.73, 78.99);
insert into SHOT values (983, 977, 978, 247, 0.700, 117.58, 27.30, 0.699, 117.80, 27.23, 0.003, 213.85, -23.51);
insert into SHOT values (984, 977, 979, 247, 1.230, 301.28, 28.40, 1.223, 301.33, 28.30, 0.007, 110.63, -44.98);
insert into SHOT values (985, 977, 980, 247, 3.690, 41.88, 39.60, 3.691, 41.87, 39.54, 0.004, 32.70, -29.67);
insert into SHOT values (986, 977, 981, 247, 1.160, 18.38, 5.60, 1.166, 18.59, 5.41, 0.008, 53.54, -23.23);
insert into SHOT values (987, 977, 982, 247, 3.460, 3.28, 23.60, 3.462, 3.25, 23.49, 0.007, 343.31, -47.46);
insert into SHOT values (988, 982, 983, 247, 2.400, 206.18, -3.40, 2.397, 206.03, -3.35, 0.007, 89.91, 18.51);
insert into SHOT values (989, 982, 984, 247, 0.700, 10.58, 22.30, 0.696, 10.78, 22.83, 0.008, 170.64, 33.07);
insert into SHOT values (990, 982, 985, 247, 1.080, 189.48, -51.40, 1.080, 189.32, -51.05, 0.007, 169.86, 36.33);
insert into SHOT values (991, 982, 986, 247, 3.070, 166.58, -17.60, 3.074, 166.58, -17.61, 0.004, 167.36, -24.96);
insert into SHOT values (992, 982, 987, 247, 3.080, 246.18, -4.70, 3.072, 246.11, -4.67, 0.008, 91.74, 16.21);
insert into SHOT values (993, 982, 988, 247, 6.020, 258.78, 7.60, 6.017, 258.78, 7.64, 0.005, 69.72, 49.51);
insert into SHOT values (994, 982, 989, 247, 6.070, 249.58, 22.90, 6.069, 249.59, 22.88, 0.002, 11.65, -63.61);
insert into SHOT values (995, 982, 990, 247, 2.650, 261.38, 41.90, 2.651, 261.25, 41.90, 0.004, 178.13, 3.21);
insert into SHOT values (996, 982, 991, 247, 2.500, 270.88, 24.30, 2.493, 270.76, 24.40, 0.010, 121.09, 7.19);
insert into SHOT values (997, 982, 992, 247, 4.550, 238.48, 19.30, 4.554, 238.42, 19.36, 0.008, 172.14, 51.13);
insert into SHOT values (998, 982, 993, 247, 2.260, 99.48, -1.00, 2.261, 99.42, -1.01, 0.003, 29.19, -12.77);
insert into SHOT values (999, 982, 994, 247, 2.680, 120.18, -20.70, 2.683, 120.14, -20.74, 0.004, 84.23, -43.50);
insert into SHOT values (1000, 982, 995, 247, 4.740, 118.58, 6.70, 4.744, 118.52, 6.66, 0.007, 71.36, -25.61);
insert into SHOT values (1001, 982, 996, 247, 8.300, 256.48, 20.40, 8.299, 256.46, 20.45, 0.008, 107.34, 59.59);
insert into SHOT values (1002, 982, 997, 247, 5.230, 104.68, -21.00, 5.235, 104.69, -20.93, 0.008, 111.79, 30.41);
insert into SCRAPS values (249, 243, 'SP-Ashi-1', 1, 0.44916, 0.00981);
 insert into SCRAPS values (684, 243, 'SP-Ashi-2', 1, 0.09436, 0.02431);
 insert into SCRAPS values (713, 243, 'SP-Ashi-3', 1, 0.11659, 0.03141);
 insert into SCRAPS values (748, 243, 'SP-Ashi-4', 1, 5.55493, 0.29519);
 insert into MAPS values (816, 243, 'MP-AshimyukFond', 'AshimyukFond', 1, 1161.070, -73.230);
 insert into MAPITEMS values (816, 4, 748);
 insert into MAPITEMS values (816, 4, 713);
 insert into MAPITEMS values (816, 4, 684);
 insert into MAPITEMS values (816, 4, 249);
 insert into SURVEY values (819, 51, 'Boucle1', 'Boucle1.Hashim-oyuk', 'Boucle1');
 insert into CENTRELINE values (820, 819, NULL, NULL, NULL, 0.00, 0.00, 0.00);
 insert into SURVEY values (821, 819, 'ochy_muyuk', 'ochy_muyuk.Boucle1.Hashim-oyuk', 'ochy muyuk');
 insert into CENTRELINE values (822, 821, NULL, NULL, NULL, 0.00, 0.00, 0.00);
 insert into CENTRELINE values (823, 821, NULL, '2024-04-15', NULL, 1433.15, 0.00, 0.00);
 insert into PERSON values (7, 'Philippe', 'Audra');
insert into TOPO values (7, 823);
 insert into SHOT values (1003, 998, 999, 823, 27.490, 37.48, 4.00, 27.484, 37.47, 3.98, 0.010, 251.65, -48.72);
insert into SHOT values (1004, 998, 1000, 823, 5.150, 348.28, 77.20, 5.146, 348.29, 77.28, 0.008, 166.14, -15.26);
insert into SHOT values (1005, 998, 1001, 823, 0.870, 63.38, -77.50, 0.871, 64.80, -77.54, 0.005, 159.23, -7.58);
insert into SHOT values (1006, 998, 1002, 823, 11.370, 319.28, 10.00, 11.330, 320.35, 10.42, 0.229, 64.34, 19.29);
insert into SHOT values (1007, 1002, 1003, 823, 3.450, 207.28, 22.80, 3.451, 207.29, 22.67, 0.008, 214.95, -59.86);
insert into SHOT values (1008, 1002, 1004, 823, 2.880, 13.48, 3.50, 2.884, 13.46, 3.38, 0.007, 359.08, -51.92);
insert into SHOT values (1009, 1002, 1005, 823, 3.850, 332.18, 86.20, 3.849, 332.45, 86.14, 0.005, 348.04, -19.10);
insert into SHOT values (1010, 1002, 1006, 823, 0.560, 3.88, -76.90, 0.565, 4.40, -76.66, 0.006, 22.76, -51.40);
insert into SHOT values (1011, 1002, 1007, 823, 5.170, 313.48, 25.80, 5.129, 314.03, 26.15, 0.068, 92.41, 8.30);
insert into SHOT values (1012, 1007, 1008, 823, 3.590, 214.38, 5.50, 3.591, 214.40, 5.43, 0.005, 250.56, -60.77);
insert into SHOT values (1013, 1007, 1009, 823, 3.380, 67.88, 11.50, 3.382, 67.85, 11.43, 0.005, 30.48, -49.96);
insert into SHOT values (1014, 1007, 1010, 823, 1.800, 242.58, 83.10, 1.803, 242.24, 83.16, 0.004, 102.01, 56.70);
insert into SHOT values (1015, 1007, 1011, 823, 1.060, 23.78, -69.50, 1.057, 23.81, -69.43, 0.003, 47.01, 81.42);
insert into SHOT values (1016, 1007, 1012, 823, 7.160, 291.18, 19.70, 7.097, 291.67, 20.19, 0.105, 75.60, 20.24);
insert into SHOT values (1017, 1012, 1013, 823, 8.640, 207.78, 8.20, 8.645, 207.79, 8.18, 0.006, 227.59, -21.62);
insert into SHOT values (1018, 1012, 1014, 823, 7.220, 61.18, 14.60, 7.215, 61.23, 14.61, 0.008, 190.00, 0.41);
insert into SHOT values (1019, 1012, 1015, 823, 10.200, 256.68, 77.30, 10.199, 256.58, 77.31, 0.004, 147.90, -6.52);
insert into SHOT values (1020, 1012, 1016, 823, 1.000, 279.98, -77.30, 1.005, 277.77, -77.23, 0.010, 203.25, -26.87);
insert into SHOT values (1021, 1012, 1017, 823, 28.630, 2.18, 2.80, 28.682, 5.25, 3.46, 1.569, 92.43, 12.19);
insert into SHOT values (1022, 1017, 1018, 823, 36.790, 248.38, 10.60, 36.785, 248.37, 10.61, 0.010, 126.07, 13.77);
insert into SHOT values (1023, 1017, 1019, 823, 13.720, 99.08, -9.30, 13.721, 99.09, -9.31, 0.004, 180.16, -39.80);
insert into SHOT values (1024, 1017, 1020, 823, 3.450, 335.08, 71.50, 3.447, 335.08, 71.54, 0.004, 155.57, -29.36);
insert into SHOT values (1025, 1017, 1021, 823, 0.840, 331.38, -86.10, 0.842, 338.20, -86.33, 0.008, 91.18, -14.79);
insert into SHOT values (1026, 1017, 1022, 823, 15.860, 3.18, 0.40, 15.881, 4.95, 0.79, 0.503, 91.78, 12.56);
insert into SHOT values (1027, 1022, 1023, 823, 42.780, 273.08, 11.40, 42.775, 273.08, 11.41, 0.007, 118.35, 34.32);
insert into SHOT values (1028, 1022, 1024, 823, 9.030, 82.88, -15.50, 9.035, 82.87, -15.47, 0.007, 75.82, 29.03);
insert into SHOT values (1029, 1022, 1025, 823, 3.450, 340.98, 84.50, 3.456, 340.46, 84.54, 0.007, 220.51, 59.69);
insert into SHOT values (1030, 1022, 1026, 823, 1.440, 38.18, -83.10, 1.441, 38.16, -82.90, 0.005, 37.39, -4.86);
insert into SHOT values (1031, 1022, 1027, 823, 26.660, 358.68, -4.90, 26.703, 1.57, -4.23, 1.378, 87.25, 12.88);
insert into SHOT values (1032, 1027, 1028, 823, 34.600, 296.08, 15.10, 34.600, 296.09, 15.11, 0.009, 43.65, 47.35);
insert into SHOT values (1033, 1027, 1029, 823, 7.990, 113.78, 0.80, 7.989, 113.77, 0.86, 0.009, 325.65, 78.57);
insert into SHOT values (1034, 1027, 1030, 823, 12.780, 285.88, 73.10, 12.781, 285.95, 73.11, 0.005, 44.43, 21.60);
insert into SHOT values (1035, 1027, 1031, 823, 0.910, 179.18, -79.50, 0.906, 180.00, -79.19, 0.007, 209.58, 44.71);
insert into SHOT values (1036, 1027, 1032, 823, 28.540, 37.68, -7.20, 28.616, 39.88, -6.22, 1.197, 121.86, 23.48);
insert into SHOT values (1037, 1032, 1033, 823, 16.220, 154.38, -2.50, 16.220, 154.37, -2.51, 0.004, 66.71, -37.04);
insert into SHOT values (1038, 1032, 1034, 823, 9.260, 12.28, 86.40, 9.258, 12.85, 86.38, 0.007, 73.63, -14.66);
insert into SHOT values (1039, 1032, 1035, 823, 0.490, 160.18, -73.70, 0.500, 158.96, -73.82, 0.010, 100.44, -70.54);
insert into SHOT values (1040, 1032, 1036, 823, 26.360, 49.88, 2.20, 26.439, 51.47, 2.73, 0.777, 135.34, 18.62);
insert into SHOT values (1041, 1036, 1037, 823, 29.110, 21.38, 8.10, 29.115, 21.38, 8.10, 0.006, 47.63, -16.97);
insert into SHOT values (1042, 1036, 1038, 823, 20.430, 79.98, 5.30, 20.428, 79.98, 5.31, 0.004, 279.68, 50.33);
insert into SHOT values (1043, 1036, 1039, 823, 18.920, 153.08, 6.90, 18.917, 153.05, 6.92, 0.012, 38.22, 36.01);
insert into SHOT values (1044, 1036, 1040, 823, 10.070, 335.98, 82.20, 10.073, 336.25, 82.21, 0.007, 74.97, 25.86);
insert into SHOT values (1045, 1036, 1041, 823, 3.620, 293.38, -79.10, 3.616, 293.96, -79.01, 0.010, 348.67, 28.80);
insert into SHOT values (1046, 1036, 1042, 823, 48.520, 359.48, 14.10, 48.524, 359.48, 14.10, 0.005, 325.42, -2.52);
insert into SHOT values (1047, 1036, 1043, 823, 28.430, 24.68, 7.90, 28.433, 24.68, 7.90, 0.004, 42.77, 41.24);
insert into SHOT values (1048, 1036, 1044, 823, 24.560, 71.28, 5.10, 24.565, 71.26, 5.11, 0.011, 9.23, 37.58);
insert into SHOT values (1049, 1036, 1045, 823, 22.970, 145.58, 3.10, 22.972, 145.57, 3.09, 0.005, 84.17, -23.72);
insert into SHOT values (1050, 1036, 1046, 823, 22.400, 109.28, -10.90, 22.477, 108.21, -9.94, 0.562, 38.00, 39.29);
insert into SHOT values (1051, 1046, 1047, 823, 10.000, 6.18, 90.00, 10.000, 90.00, 90.00, 0.000, 6.18, 58.44);
insert into SHOT values (1052, 1046, 1048, 823, 8.320, 31.38, 13.50, 8.321, 31.35, 13.48, 0.005, 321.00, -29.02);
insert into SHOT values (1053, 1046, 1049, 823, 11.280, 195.88, 14.30, 11.278, 195.88, 14.32, 0.005, 12.79, 48.04);
insert into SHOT values (1054, 1046, 1050, 823, 9.960, 91.28, 79.60, 9.964, 91.27, 79.59, 0.004, 86.51, 55.62);
insert into SHOT values (1055, 1046, 1051, 823, 0.270, 151.38, -80.40, 0.274, 153.43, -80.60, 0.004, 253.18, -66.57);
insert into SHOT values (1056, 1046, 1052, 823, 9.420, 18.88, 22.40, 9.420, 18.89, 22.40, 0.002, 109.84, 9.08);
insert into SHOT values (1057, 1046, 1053, 823, 11.170, 184.98, 18.30, 11.175, 184.97, 18.31, 0.006, 173.87, 28.54);
insert into SHOT values (1058, 1046, 1054, 823, 9.190, 141.98, 85.00, 9.195, 142.13, 85.02, 0.006, 286.49, 54.93);
insert into SHOT values (1059, 1046, 1055, 823, 0.370, 238.68, -66.10, 0.373, 238.39, -65.82, 0.003, 223.08, -31.26);
insert into SHOT values (1060, 1046, 1056, 823, 32.030, 104.98, 6.30, 32.120, 103.71, 6.72, 0.750, 19.38, 19.07);
insert into SHOT values (1061, 1056, 1057, 823, 23.630, 345.88, 9.20, 23.627, 345.88, 9.18, 0.008, 153.10, -80.14);
insert into SHOT values (1062, 1056, 1058, 823, 12.640, 210.98, 14.20, 12.636, 211.00, 14.20, 0.006, 336.05, -6.17);
insert into SHOT values (1063, 1056, 1059, 823, 7.220, 110.18, 86.20, 7.216, 109.57, 86.20, 0.007, 9.80, -38.76);
insert into SHOT values (1064, 1056, 1060, 823, 1.300, 234.98, -73.30, 1.305, 235.89, -73.32, 0.008, 317.12, -38.95);
insert into SHOT values (1065, 1056, 1061, 823, 15.850, 29.08, 11.60, 16.508, 37.17, 11.04, 2.339, 106.37, -0.66);
insert into SHOT values (1066, 1061, 1062, 823, 10.080, 335.68, 2.40, 10.083, 335.67, 2.39, 0.004, 318.33, -31.28);
insert into SHOT values (1067, 1061, 1063, 823, 9.660, 124.98, 6.30, 9.660, 124.95, 6.30, 0.005, 32.13, -0.36);
insert into SHOT values (1068, 1061, 1064, 823, 1.920, 315.38, 78.00, 1.923, 316.01, 77.90, 0.006, 3.84, 18.41);
insert into SHOT values (1069, 1061, 1065, 823, 0.660, 107.08, -84.30, 0.663, 99.46, -84.73, 0.010, 343.96, -18.73);
insert into SHOT values (1070, 1061, 1066, 823, 8.790, 61.48, 0.70, 9.433, 62.32, 1.58, 0.671, 73.71, 13.14);
insert into SHOT values (1071, 1066, 1067, 823, 3.470, 344.88, 8.10, 3.475, 344.83, 8.11, 0.005, 312.42, 11.52);
insert into SHOT values (1072, 1066, 1068, 823, 1.440, 163.28, 4.40, 1.434, 163.34, 4.40, 0.006, 328.72, -4.60);
insert into SHOT values (1073, 1066, 1069, 823, 1.830, 324.58, 66.80, 1.839, 324.55, 66.80, 0.009, 319.06, 67.38);
insert into SHOT values (1074, 1066, 1070, 823, 1.060, 54.28, -80.60, 1.054, 54.46, -80.61, 0.006, 207.34, 78.14);
insert into SHOT values (1075, 1066, 1071, 823, 20.320, 48.98, -0.20, 21.026, 54.37, 1.99, 2.214, 122.08, 21.20);
insert into SHOT values (1076, 1071, 1072, 823, 18.150, 276.78, -1.70, 18.155, 276.77, -1.70, 0.005, 250.98, -16.91);
insert into SHOT values (1077, 1071, 1073, 823, 11.070, 58.98, 10.40, 11.069, 58.98, 10.41, 0.002, 220.29, 48.18);
insert into SHOT values (1078, 1071, 1074, 823, 4.040, 85.48, 87.00, 4.046, 84.56, 87.01, 0.007, 346.85, 58.25);
insert into SHOT values (1079, 1071, 1075, 823, 1.960, 195.98, -71.70, 1.959, 196.07, -71.73, 0.002, 340.69, 26.63);
insert into SHOT values (1080, 1071, 1076, 823, 19.590, 339.78, -5.80, 19.593, 339.77, -5.80, 0.004, 291.12, -4.40);
insert into SHOT values (1081, 1076, 1077, 823, 11.170, 270.38, 8.50, 11.163, 270.36, 8.50, 0.008, 114.30, -7.58);
insert into SHOT values (1082, 1076, 1078, 823, 12.090, 88.68, 10.80, 12.098, 88.70, 10.81, 0.009, 116.63, 29.18);
insert into SHOT values (1083, 1076, 1079, 823, 7.350, 290.98, 84.30, 7.356, 290.92, 84.32, 0.007, 130.36, 71.60);
insert into SHOT values (1084, 1076, 1080, 823, 1.270, 260.58, -85.20, 1.264, 258.69, -85.37, 0.008, 118.31, 45.26);
insert into SHOT values (1085, 1076, 1081, 823, 27.800, 359.88, 18.70, 27.797, 359.89, 18.70, 0.007, 114.10, -27.48);
insert into SHOT values (1086, 1076, 1082, 823, 19.740, 315.98, 11.20, 19.741, 316.00, 11.22, 0.010, 49.39, 34.75);
insert into SHOT values (1087, 1076, 1083, 823, 29.330, 334.48, 19.50, 29.329, 334.48, 19.50, 0.002, 95.41, -20.01);
insert into SHOT values (1088, 1076, 1084, 823, 35.040, 351.08, 20.60, 35.037, 351.09, 20.60, 0.007, 115.18, 12.55);
insert into SHOT values (1089, 1076, 1085, 823, 34.720, 359.28, 19.90, 34.726, 359.28, 19.90, 0.006, 4.68, 19.23);
insert into SHOT values (1090, 1076, 1086, 823, 32.130, 13.98, 17.20, 32.136, 13.99, 17.19, 0.008, 41.42, -7.85);
insert into SHOT values (1091, 1076, 1087, 823, 22.680, 39.68, 14.20, 22.681, 39.69, 14.22, 0.007, 141.71, 70.32);
insert into SHOT values (1092, 1071, 1088, 823, 10.480, 132.28, 8.10, 10.873, 123.93, 8.62, 1.591, 51.76, 5.53);
insert into SHOT values (1093, 1088, 1089, 823, 8.300, 63.48, 3.40, 8.297, 63.47, 3.39, 0.004, 276.98, -31.99);
insert into SHOT values (1094, 1088, 1090, 823, 7.440, 243.98, 10.80, 7.443, 243.96, 10.76, 0.006, 212.95, -41.18);
insert into SHOT values (1095, 1088, 1091, 823, 3.610, 105.88, 78.00, 3.609, 106.26, 78.01, 0.005, 202.49, -12.51);
insert into SHOT values (1096, 1088, 1092, 823, 0.860, 105.58, -85.30, 0.862, 108.43, -85.79, 0.008, 262.24, -19.99);
insert into SHOT values (1097, 1088, 1093, 823, 23.070, 196.08, 9.30, 23.555, 180.85, 13.30, 6.288, 99.93, 15.61);
insert into SHOT values (1098, 1093, 1094, 823, 9.250, 29.88, -2.60, 9.260, 29.89, -2.60, 0.010, 40.12, -2.20);
insert into SHOT values (1099, 1093, 1095, 823, 24.320, 271.08, 4.30, 24.313, 271.09, 4.32, 0.010, 67.03, 39.66);
insert into SHOT values (1100, 1093, 1096, 823, 4.410, 263.48, 88.00, 4.413, 266.19, 88.05, 0.008, 21.27, 18.51);
insert into SHOT values (1101, 1093, 1097, 823, 1.350, 26.38, -76.70, 1.347, 26.57, -76.56, 0.005, 48.60, 54.75);
insert into SHOT values (1102, 1093, 1098, 823, 17.350, 161.88, -3.90, 17.877, 147.27, -1.99, 4.541, 71.61, 7.08);
insert into SHOT values (1103, 1098, 1099, 823, 24.390, 266.38, 1.40, 24.396, 266.38, 1.39, 0.008, 266.83, -44.76);
insert into SHOT values (1104, 1098, 1100, 823, 17.210, 177.58, 0.50, 17.216, 177.57, 0.50, 0.007, 151.79, -1.54);
insert into SHOT values (1105, 1098, 1101, 823, 5.490, 321.98, 83.10, 5.490, 321.75, 83.07, 0.004, 276.25, -3.60);
insert into SHOT values (1106, 1098, 1102, 823, 1.030, 25.58, -87.30, 1.031, 26.57, -87.51, 0.004, 194.15, -16.41);
insert into SHOT values (1107, 1098, 1103, 823, 21.150, 266.48, -1.40, 20.746, 272.27, 0.03, 2.215, 10.01, 13.76);
insert into SHOT values (1108, 1103, 1104, 823, 14.470, 174.08, -4.20, 14.476, 174.08, -4.20, 0.006, 165.82, -2.32);
insert into SHOT values (1109, 1103, 1105, 823, 19.280, 325.08, 2.20, 19.283, 325.08, 2.20, 0.003, 333.37, -1.96);
insert into SHOT values (1110, 1103, 1106, 823, 3.210, 321.98, 86.00, 3.207, 322.59, 86.17, 0.010, 128.94, -12.09);
insert into SHOT values (1111, 1103, 1107, 823, 1.630, 339.78, -67.70, 1.631, 340.10, -67.78, 0.004, 95.96, -26.67);
insert into SHOT values (1112, 1103, 1108, 823, 30.100, 257.78, -10.70, 29.662, 262.55, -12.26, 2.605, 3.81, -15.85);
insert into SHOT values (1113, 1108, 1109, 823, 14.370, 322.38, -14.10, 14.463, 332.82, -13.31, 2.557, 54.52, 3.83);
insert into SHOT values (1114, 1109, 1110, 823, 6.430, 238.08, 9.10, 6.433, 238.06, 9.12, 0.004, 198.74, 43.97);
insert into SHOT values (1115, 1109, 1111, 823, 13.450, 47.88, 12.60, 13.445, 47.87, 12.63, 0.009, 239.86, 40.26);
insert into SHOT values (1116, 1109, 1112, 823, 3.570, 325.88, 83.10, 3.575, 325.56, 83.18, 0.008, 173.48, 48.99);
insert into SHOT values (1117, 1109, 1113, 823, 1.960, 64.28, -60.90, 1.957, 64.51, -60.88, 0.005, 161.58, 33.79);
insert into SHOT values (1118, 1109, 1056, 823, 5.110, 23.48, -11.40, 5.505, 26.75, -10.04, 0.510, 61.07, 5.63);
insert into SHOT values (1119, 1109, 1114, 823, 5.550, 23.48, -11.30, 5.548, 23.50, -11.23, 0.008, 137.84, 72.15);
insert into SHOT values (1120, 1098, 1115, 823, 16.850, 121.28, -11.10, 16.913, 120.17, -10.42, 0.383, 47.85, 28.75);
insert into SHOT values (1121, 1115, 1116, 823, 30.720, 340.28, 13.80, 30.715, 340.29, 13.81, 0.008, 118.02, 16.65);
insert into SHOT values (1122, 1115, 1117, 823, 6.780, 186.48, 16.30, 6.785, 186.44, 16.35, 0.009, 133.13, 49.81);
insert into SHOT values (1123, 1115, 1118, 823, 6.730, 50.08, 79.40, 6.734, 50.25, 79.43, 0.007, 173.10, 47.24);
insert into SHOT values (1124, 1115, 1119, 823, 1.740, 207.48, -71.00, 1.734, 207.47, -71.04, 0.006, 28.47, 60.62);
insert into SHOT values (1125, 1115, 1120, 823, 28.980, 89.68, 2.30, 29.069, 89.33, 2.88, 0.354, 22.51, 57.01);
insert into SHOT values (1126, 1120, 1121, 823, 35.260, 22.58, 2.20, 35.257, 22.58, 2.19, 0.005, 157.69, -45.61);
insert into SHOT values (1127, 1120, 1122, 823, 23.290, 191.88, 5.80, 23.295, 191.88, 5.79, 0.007, 181.72, -33.24);
insert into SHOT values (1128, 1120, 1123, 823, 7.330, 36.18, 79.10, 7.333, 36.21, 79.09, 0.003, 55.86, 46.24);
insert into SHOT values (1129, 1120, 1124, 823, 1.050, 146.38, -75.80, 1.053, 147.53, -75.66, 0.006, 205.38, -18.84);
insert into SHOT values (1130, 1120, 1125, 823, 27.570, 101.18, -8.90, 27.655, 100.28, -7.79, 0.690, 31.41, 48.36);
insert into SHOT values (1131, 1125, 1126, 823, 30.390, 326.78, 13.50, 30.389, 326.78, 13.49, 0.005, 210.52, -76.79);
insert into SHOT values (1132, 1125, 1127, 823, 10.660, 175.88, 29.20, 10.659, 175.87, 29.20, 0.002, 46.88, -17.10);
insert into SHOT values (1133, 1125, 1128, 823, 8.900, 9.38, 71.70, 8.901, 9.26, 71.69, 0.006, 297.49, 1.06);
insert into SHOT values (1134, 1125, 1129, 823, 2.300, 189.78, -69.30, 2.298, 189.93, -69.31, 0.003, 301.72, 34.17);
insert into SHOT values (1135, 1125, 1130, 823, 10.810, 118.48, -1.30, 10.871, 117.74, -1.00, 0.162, 52.25, 19.91);
insert into SHOT values (1136, 1130, 1131, 823, 14.710, 94.58, 12.40, 14.719, 94.59, 12.40, 0.010, 107.79, 7.48);
insert into SHOT values (1137, 1130, 1132, 823, 10.430, 238.08, 28.90, 10.430, 238.07, 28.89, 0.002, 170.93, -17.26);
insert into SHOT values (1138, 1130, 1133, 823, 8.120, 36.28, 79.00, 8.120, 36.35, 78.98, 0.003, 72.75, -13.64);
insert into SHOT values (1139, 1130, 1134, 823, 0.460, 133.78, -80.80, 0.457, 129.81, -80.15, 0.008, 82.69, 30.41);
insert into SHOT values (1140, 1130, 1135, 823, 31.520, 17.28, 5.20, 31.519, 17.29, 5.21, 0.008, 120.47, 25.12);
insert into SHOT values (1141, 1135, 1136, 823, 13.340, 315.78, 11.40, 13.337, 315.77, 11.37, 0.007, 178.65, -76.17);
insert into SHOT values (1142, 1135, 1137, 823, 24.240, 113.58, 4.60, 24.233, 113.57, 4.59, 0.008, 319.58, -29.95);
insert into SHOT values (1143, 1135, 1138, 823, 22.640, 123.68, 1.50, 22.637, 123.68, 1.49, 0.004, 280.91, -36.92);
insert into SHOT values (1144, 1135, 1139, 823, 15.490, 140.58, 1.30, 15.485, 140.58, 1.30, 0.005, 309.55, -16.53);
insert into SHOT values (1145, 1135, 1140, 823, 4.950, 199.48, 74.90, 4.949, 199.56, 74.96, 0.006, 0.10, 9.10);
insert into SHOT values (1146, 1135, 1141, 823, 9.050, 199.78, 68.90, 9.045, 199.77, 68.93, 0.007, 23.53, -27.22);
insert into SHOT values (1147, 1135, 1142, 823, 1.630, 294.38, -73.70, 1.636, 294.34, -73.64, 0.007, 289.31, -57.58);
insert into SHOT values (1148, 1135, 1143, 823, 19.000, 196.48, -8.10, 19.004, 196.49, -8.11, 0.005, 240.24, -32.19);
insert into SHOT values (1149, 1143, 1144, 823, 26.940, 113.28, 4.50, 26.938, 113.27, 4.49, 0.006, 354.07, -40.07);
insert into SHOT values (1150, 1143, 1145, 823, 19.370, 113.18, 4.20, 19.370, 113.17, 4.20, 0.004, 20.71, 18.54);
insert into SHOT values (1151, 1145, 1146, 823, 8.970, 13.98, 3.50, 8.971, 13.96, 3.51, 0.004, 303.40, 34.60);
insert into SHOT values (1152, 1145, 1147, 823, 3.410, 191.78, -2.60, 3.404, 191.71, -2.69, 0.009, 48.80, -36.38);
insert into SHOT values (1153, 1145, 1148, 823, 2.290, 348.08, 76.60, 2.292, 348.06, 76.59, 0.002, 332.75, 70.40);
insert into SHOT values (1154, 1145, 1149, 823, 1.870, 70.38, -82.50, 1.866, 70.82, -82.50, 0.004, 177.43, 63.88);
insert into SHOT values (1155, 1145, 1150, 823, 24.130, 112.48, 0.90, 24.125, 112.47, 0.90, 0.006, 323.53, 8.85);
insert into SHOT values (1156, 1145, 1151, 823, 10.940, 76.98, 0.30, 10.943, 76.95, 0.31, 0.006, 15.02, 26.47);
insert into SHOT values (1157, 1145, 1152, 823, 19.870, 85.98, 3.10, 19.868, 85.98, 3.09, 0.005, 242.72, -62.56);
insert into SHOT values (1158, 1145, 1153, 823, 22.360, 97.58, 0.20, 22.366, 97.58, 0.20, 0.006, 96.83, 19.37);
insert into SHOT values (1159, 1145, 1154, 823, 25.900, 98.88, 0.80, 25.903, 98.88, 0.80, 0.004, 130.73, -22.89);
insert into SHOT values (1160, 1145, 1155, 823, 25.750, 97.58, 0.50, 25.746, 97.59, 0.49, 0.007, 228.15, -40.97);
insert into SHOT values (1161, 1145, 1156, 823, 16.270, 94.28, -1.20, 16.269, 94.27, -1.20, 0.004, 344.40, 10.37);
insert into SHOT values (1162, 1145, 1157, 823, 3.350, 181.68, 4.10, 3.350, 181.71, 4.11, 0.002, 269.75, 13.20);
insert into SHOT values (1163, 1135, 1158, 823, 14.410, 43.68, -3.50, 14.406, 43.68, -3.50, 0.004, 238.31, -4.23);
insert into SHOT values (1164, 1158, 1159, 823, 14.150, 265.58, 11.70, 14.145, 265.61, 11.71, 0.009, 31.08, 3.46);
insert into SHOT values (1165, 1158, 1160, 823, 7.570, 143.58, 17.60, 7.569, 143.51, 17.61, 0.009, 43.69, 6.93);
insert into SHOT values (1166, 1158, 1161, 823, 12.100, 334.78, 74.30, 12.103, 334.92, 74.28, 0.010, 33.36, 8.65);
insert into SHOT values (1167, 1158, 1162, 823, 0.550, 27.88, -86.00, 0.552, 26.57, -85.35, 0.007, 18.69, -11.78);
insert into SHOT values (1168, 1158, 1163, 823, 15.390, 308.68, 4.00, 15.440, 316.34, 5.46, 2.091, 42.03, 10.93);
insert into SHOT values (1169, 1163, 1164, 823, 7.670, 198.98, 23.00, 7.664, 198.95, 23.04, 0.009, 44.03, 19.06);
insert into SHOT values (1170, 1163, 1165, 823, 19.040, 28.18, 20.70, 19.044, 28.20, 20.69, 0.009, 88.51, -1.02);
insert into SHOT values (1171, 1163, 1166, 823, 6.170, 278.68, 74.50, 6.174, 278.72, 74.51, 0.005, 358.90, 75.08);
insert into SHOT values (1172, 1163, 1167, 823, 0.570, 281.18, -85.50, 0.562, 284.04, -85.79, 0.009, 71.06, 63.58);
insert into SHOT values (1173, 1163, 1168, 823, 16.580, 250.58, 3.90, 16.580, 250.58, 3.91, 0.002, 85.65, 78.71);
insert into SHOT values (1174, 1163, 1169, 823, 16.570, 252.38, 3.80, 16.561, 252.39, 3.81, 0.009, 58.25, 11.26);
insert into SHOT values (1175, 1163, 1170, 823, 18.420, 196.58, 79.50, 18.428, 196.44, 79.50, 0.012, 109.52, 45.41);
insert into SHOT values (1176, 1163, 1171, 823, 21.220, 328.68, 86.30, 21.224, 328.75, 86.30, 0.005, 84.44, 66.47);
insert into SHOT values (1177, 1168, 1172, 823, 4.610, 11.88, 4.80, 4.616, 11.92, 4.85, 0.008, 43.56, 34.02);
insert into SHOT values (1178, 1168, 1173, 823, 3.080, 345.18, 46.30, 3.084, 345.31, 46.32, 0.006, 56.25, 32.23);
insert into SHOT values (1179, 1168, 1174, 823, 3.000, 337.08, -35.00, 3.002, 337.29, -34.95, 0.010, 47.07, 4.32);
insert into SHOT values (1180, 1175, 1176, 823, 4.290, 225.88, 6.00, 4.288, 225.86, 6.02, 0.003, 85.91, 29.03);
insert into SHOT values (1181, 1175, 1177, 823, 3.380, 25.98, 21.90, 3.387, 26.08, 22.02, 0.011, 82.56, 55.94);
insert into SHOT values (1182, 1175, 1178, 823, 3.200, 310.18, 81.80, 3.202, 309.64, 81.84, 0.005, 196.08, 30.27);
insert into SHOT values (1183, 1175, 1179, 823, 0.650, 42.68, -76.00, 0.649, 45.00, -76.13, 0.007, 148.74, 6.03);
insert into SHOT values (1184, 1168, 1180, 823, 20.400, 300.18, -6.40, 20.395, 300.18, -6.39, 0.007, 105.93, 37.57);
insert into SHOT values (1185, 1168, 1175, 823, 9.130, 300.08, -6.40, 9.130, 300.10, -6.41, 0.004, 25.79, -39.07);
insert into SHOT values (1186, 1175, 1181, 823, 4.900, 313.08, 8.50, 4.901, 313.08, 8.57, 0.006, 269.00, 86.76);
insert into SHOT values (1187, 1181, 1182, 823, 1.980, 218.78, 9.00, 1.981, 218.57, 9.00, 0.007, 138.40, 2.03);
insert into SHOT values (1188, 1181, 1183, 823, 1.250, 48.68, -11.50, 1.251, 48.64, -11.53, 0.001, 2.79, -32.63);
insert into SHOT values (1189, 1181, 1184, 823, 0.690, 278.88, 64.00, 0.691, 279.46, 63.87, 0.004, 340.86, -2.74);
insert into SHOT values (1190, 1181, 1185, 823, 0.820, 294.58, -73.10, 0.824, 295.46, -73.59, 0.009, 82.88, -38.41);
insert into SHOT values (1191, 1181, 1186, 823, 11.470, 322.18, -12.40, 11.470, 322.18, -12.38, 0.003, 314.64, 69.57);
insert into SHOT values (1192, 1163, 1187, 823, 11.640, 264.48, 8.40, 11.342, 267.69, 10.31, 0.799, 25.36, 24.36);
insert into SHOT values (1193, 1186, 1188, 823, 11.610, 267.08, 8.30, 11.606, 267.06, 8.27, 0.008, 143.42, -45.71);
insert into SHOT values (1194, 1187, 1189, 823, 3.920, 239.78, 13.30, 3.923, 239.81, 13.26, 0.004, 272.00, -26.52);
insert into SHOT values (1195, 1187, 1190, 823, 13.650, 64.28, 7.80, 13.647, 64.27, 7.79, 0.005, 284.43, -32.60);
insert into SHOT values (1196, 1187, 1191, 823, 3.430, 342.58, 80.10, 3.431, 342.18, 80.13, 0.004, 232.28, 13.84);
insert into SHOT values (1197, 1187, 1192, 823, 1.270, 8.08, -78.60, 1.265, 6.84, -78.52, 0.007, 285.52, 42.05);
insert into SHOT values (1198, 1187, 1193, 823, 13.420, 2.88, -6.30, 13.714, 8.20, -4.60, 1.349, 80.77, 16.03);
insert into SHOT values (1199, 1193, 1194, 823, 16.700, 231.68, 3.70, 16.702, 231.70, 3.71, 0.007, 302.97, 20.33);
insert into SHOT values (1200, 1193, 1195, 823, 25.460, 253.28, 2.50, 25.460, 253.27, 2.50, 0.002, 170.60, -14.56);
insert into SHOT values (1201, 1193, 1196, 823, 30.650, 264.78, 0.30, 30.658, 264.78, 0.30, 0.008, 260.39, -3.60);
insert into SHOT values (1202, 1193, 1197, 823, 25.050, 274.98, 1.40, 25.052, 274.97, 1.40, 0.005, 208.26, -25.66);
insert into SHOT values (1203, 1193, 1198, 823, 15.740, 288.98, 4.30, 15.746, 288.95, 4.30, 0.009, 238.13, -1.06);
insert into SHOT values (1204, 1193, 1199, 823, 14.930, 119.08, 12.00, 14.928, 119.09, 11.99, 0.005, 232.22, -48.58);
insert into SHOT values (1205, 1193, 1200, 823, 15.740, 74.58, 14.20, 15.741, 74.57, 14.20, 0.003, 5.34, -23.38);
insert into SHOT values (1206, 1193, 1201, 823, 19.810, 102.58, 20.20, 19.805, 102.59, 20.20, 0.005, 260.88, -3.85);
insert into SHOT values (1207, 1193, 1202, 823, 20.570, 100.58, 44.20, 20.566, 100.59, 44.21, 0.007, 248.26, -5.90);
insert into SHOT values (1208, 1193, 1203, 823, 6.890, 167.78, 87.20, 6.888, 168.02, 87.19, 0.002, 229.78, -47.45);
insert into SHOT values (1209, 1193, 1204, 823, 10.040, 294.08, 36.70, 10.039, 294.05, 36.70, 0.004, 188.74, -2.03);
insert into SHOT values (1210, 1193, 1205, 823, 1.390, 258.28, -73.20, 1.391, 258.69, -72.95, 0.007, 283.67, 5.65);
insert into SHOT values (1211, 1193, 1206, 823, 26.120, 19.88, 5.40, 26.652, 27.10, 6.59, 3.391, 105.37, 10.23);
insert into SHOT values (1212, 1206, 1207, 823, 11.590, 270.98, 6.70, 11.590, 270.95, 6.69, 0.007, 187.00, -17.93);
insert into SHOT values (1213, 1206, 1208, 823, 8.180, 133.38, 2.80, 8.180, 133.36, 2.80, 0.002, 47.88, 10.02);
insert into SHOT values (1214, 1206, 1209, 823, 18.180, 122.28, -8.50, 18.183, 122.30, -8.51, 0.008, 191.10, -20.06);
insert into SHOT values (1215, 1206, 1210, 823, 22.840, 42.18, 65.00, 22.839, 42.19, 65.01, 0.003, 203.49, -1.22);
insert into SHOT values (1216, 1206, 1211, 823, 6.780, 26.08, -34.30, 6.778, 26.06, -34.30, 0.002, 253.38, 16.51);
insert into SHOT values (1217, 1206, 1212, 823, 19.160, 44.58, 4.00, 19.545, 46.19, 4.99, 0.743, 101.92, 29.27);
insert into SHOT values (1218, 1212, 1213, 823, 31.490, 254.08, 2.40, 31.494, 254.08, 2.40, 0.005, 272.40, 16.86);
insert into SHOT values (1219, 1212, 1214, 823, 6.050, 48.18, 10.20, 6.044, 48.13, 10.20, 0.008, 267.15, -10.37);
insert into SHOT values (1220, 1212, 1215, 823, 3.080, 271.48, -58.50, 3.076, 271.78, -58.42, 0.011, 351.64, 35.69);
insert into SHOT values (1221, 1212, 1216, 823, 3.540, 26.28, -1.10, 3.543, 26.13, -1.13, 0.010, 312.51, -12.04);
insert into SHOT values (1222, 1212, 1217, 823, 27.030, 302.18, 5.90, 27.033, 302.18, 5.90, 0.004, 282.35, 23.21);
insert into SHOT values (1223, 1217, 1218, 823, 8.550, 263.98, -45.00, 8.551, 264.02, -45.03, 0.006, 30.56, -41.70);
insert into SHOT values (1224, 1217, 1219, 823, 25.770, 260.78, -12.00, 25.769, 260.78, -12.01, 0.003, 131.43, -53.53);
insert into SHOT values (1225, 1217, 1220, 823, 9.040, 253.18, 40.40, 9.040, 253.20, 40.41, 0.002, 353.88, 24.93);
insert into SHOT values (1226, 1217, 1221, 823, 15.890, 280.18, 37.10, 15.890, 280.18, 37.12, 0.006, 88.05, 50.71);
insert into SHOT values (1227, 1217, 1222, 823, 17.880, 210.08, 46.90, 17.881, 210.07, 46.92, 0.006, 61.99, 52.71);
insert into SHOT values (1228, 1217, 1223, 823, 8.160, 274.78, 88.60, 8.162, 275.71, 88.59, 0.004, 338.62, 33.80);
insert into SHOT values (1229, 1217, 1224, 823, 8.680, 24.98, -5.60, 8.681, 24.99, -5.62, 0.004, 104.42, -55.69);
insert into SHOT values (1230, 1217, 1225, 823, 10.470, 24.08, 40.10, 10.474, 24.07, 40.05, 0.009, 16.30, -24.96);
insert into SHOT values (1231, 1217, 1226, 823, 1.050, 57.38, -76.80, 1.048, 56.98, -76.84, 0.003, 291.01, 47.26);
insert into SHOT values (1232, 1217, 1227, 823, 64.350, 299.98, 20.30, 64.354, 299.98, 20.30, 0.005, 317.17, 59.32);
insert into SHOT values (1233, 1227, 1228, 823, 8.880, 175.88, -7.90, 8.877, 175.89, -7.90, 0.004, 326.26, 8.04);
insert into SHOT values (1234, 1227, 1229, 823, 44.240, 83.48, -9.40, 44.247, 83.48, -9.40, 0.009, 59.91, -31.19);
insert into SHOT values (1235, 1227, 1230, 823, 34.650, 59.88, -9.00, 34.651, 59.87, -9.00, 0.006, 339.12, 4.01);
insert into SHOT values (1236, 1227, 1231, 823, 33.020, 68.48, -8.60, 33.028, 68.48, -8.60, 0.008, 65.17, -16.23);
insert into SHOT values (1237, 1227, 1232, 823, 37.360, 72.78, -8.20, 37.361, 72.78, -8.20, 0.003, 351.11, -26.71);
insert into SHOT values (1238, 1227, 1233, 823, 36.420, 56.58, -8.40, 36.422, 56.57, -8.40, 0.006, 341.87, 3.20);
insert into SHOT values (1239, 1227, 1234, 823, 35.900, 53.78, -8.80, 35.904, 53.77, -8.81, 0.010, 348.21, -48.97);
insert into SHOT values (1240, 1227, 1235, 823, 20.650, 44.48, -7.00, 20.654, 44.47, -7.01, 0.007, 353.55, -29.18);
insert into SHOT values (1241, 1227, 1236, 823, 13.930, 20.58, 67.00, 13.930, 20.63, 66.97, 0.009, 56.70, -17.98);
insert into SHOT values (1242, 1227, 1237, 823, 2.630, 174.78, -79.00, 2.638, 174.29, -79.02, 0.009, 93.35, -62.41);
insert into SHOT values (1243, 1227, 1238, 823, 34.210, 285.18, 28.20, 34.211, 285.19, 28.19, 0.009, 335.40, -44.49);
insert into SHOT values (1244, 1238, 1239, 823, 18.360, 169.38, -31.80, 18.361, 169.37, -31.78, 0.007, 128.21, 42.87);
insert into SHOT values (1245, 1238, 1240, 823, 8.670, 169.08, -4.90, 8.679, 169.07, -4.89, 0.009, 156.59, 3.65);
insert into SHOT values (1246, 1238, 1241, 823, 5.990, 291.78, 84.80, 5.994, 291.80, 84.85, 0.006, 109.09, 46.74);
insert into SHOT values (1247, 1238, 1242, 823, 10.430, 332.88, 21.40, 10.426, 332.91, 21.43, 0.009, 115.10, 29.87);
insert into SHOT values (1248, 1238, 1243, 823, 11.910, 14.28, -22.80, 11.908, 14.29, -22.78, 0.006, 95.05, 70.33);
insert into SHOT values (1249, 1238, 1244, 823, 12.800, 276.68, 27.50, 12.794, 276.68, 27.51, 0.007, 95.42, -3.26);
insert into SHOT values (1250, 1212, 1245, 823, 21.140, 96.58, 5.70, 21.588, 89.49, 6.70, 2.689, 11.80, 8.99);
insert into SHOT values (1251, 1245, 1246, 823, 4.390, 352.18, -43.30, 4.386, 352.07, -43.33, 0.007, 225.35, 5.72);
insert into SHOT values (1252, 1245, 1247, 823, 7.310, 347.98, 9.20, 7.312, 348.01, 9.21, 0.004, 51.13, 19.45);
insert into SHOT values (1253, 1245, 1248, 823, 6.780, 347.98, 49.50, 6.786, 347.95, 49.50, 0.006, 317.86, 45.07);
insert into SHOT values (1254, 1245, 1249, 823, 5.010, 98.28, 71.50, 5.008, 98.33, 71.53, 0.003, 250.98, -18.42);
insert into SHOT values (1255, 1245, 1250, 823, 4.010, 158.18, 8.60, 4.008, 158.23, 8.61, 0.004, 282.63, 5.40);
insert into SHOT values (1256, 1245, 1251, 823, 1.800, 167.58, -41.60, 1.801, 167.61, -41.36, 0.007, 174.88, 42.72);
insert into SHOT values (1257, 1245, 1252, 823, 10.510, 50.88, -9.10, 10.870, 51.17, -7.29, 0.496, 58.69, 34.66);
insert into SHOT values (1258, 1252, 1253, 823, 16.460, 40.28, -2.90, 16.460, 40.29, -2.89, 0.004, 122.38, 50.23);
insert into SHOT values (1259, 1252, 1254, 823, 3.840, 334.38, 9.60, 3.842, 334.52, 9.59, 0.009, 49.96, -2.39);
insert into SHOT values (1260, 1252, 1255, 823, 5.830, 1.78, 70.90, 5.832, 1.80, 70.87, 0.003, 13.16, 15.90);
insert into SHOT values (1261, 1252, 1256, 823, 10.190, 133.98, 58.20, 10.192, 133.94, 58.17, 0.006, 101.98, -3.76);
insert into SHOT values (1262, 1252, 1257, 823, 10.790, 127.08, 6.20, 10.794, 127.08, 6.22, 0.006, 139.97, 55.11);
insert into SHOT values (1263, 1252, 1258, 823, 6.500, 126.68, -18.40, 6.500, 126.63, -18.38, 0.006, 40.40, 17.28);
insert into SHOT values (1264, 1253, 1259, 823, 12.270, 306.68, -9.00, 12.271, 306.68, -9.00, 0.001, 319.44, -25.36);
insert into SHOT values (1265, 1253, 1260, 823, 6.720, 61.68, 81.40, 6.726, 61.66, 81.35, 0.008, 58.68, 41.33);
insert into SHOT values (1266, 1253, 1261, 823, 10.260, 126.08, 8.20, 10.261, 126.07, 8.18, 0.004, 80.83, -51.51);
insert into SHOT values (1267, 1253, 1262, 823, 0.740, 159.58, -78.90, 0.733, 158.96, -79.05, 0.007, 4.76, 60.20);
insert into SHOT values (1268, 1253, 1263, 823, 29.520, 79.38, 26.30, 29.520, 79.37, 26.30, 0.003, 340.09, 11.04);
insert into SHOT values (1269, 1263, 1264, 823, 17.350, 305.28, -5.60, 17.343, 305.28, -5.59, 0.007, 116.42, 24.72);
insert into SHOT values (1270, 1263, 1265, 823, 5.720, 338.68, 87.80, 5.724, 339.15, 87.75, 0.007, 358.26, 37.72);
insert into SHOT values (1271, 1263, 1266, 823, 11.660, 115.78, -4.70, 11.663, 115.75, -4.67, 0.009, 55.30, 37.53);
insert into SHOT values (1272, 1263, 1267, 823, 11.210, 122.68, 37.50, 11.216, 122.65, 37.52, 0.007, 65.64, 50.65);
insert into SHOT values (1273, 1263, 1268, 823, 12.570, 10.98, 25.10, 12.574, 10.98, 25.08, 0.006, 20.45, -20.90);
insert into SHOT values (1274, 1268, 1269, 823, 9.690, 312.48, -1.10, 9.684, 312.49, -1.07, 0.008, 117.46, 45.61);
insert into SHOT values (1275, 1268, 1270, 823, 1.840, 307.38, 27.10, 1.837, 307.29, 27.21, 0.005, 160.09, 20.95);
insert into SHOT values (1276, 1268, 1271, 823, 1.320, 137.78, 74.90, 1.326, 138.50, 74.83, 0.008, 191.35, 45.65);
insert into SHOT values (1277, 1268, 1272, 823, 6.360, 129.78, 4.30, 6.366, 129.76, 4.32, 0.007, 109.19, 26.17);
insert into SHOT values (1278, 1268, 1273, 823, 3.790, 10.98, 21.90, 3.790, 10.99, 22.00, 0.007, 173.31, 71.41);
insert into SHOT values (1279, 1273, 1274, 823, 4.070, 302.58, 3.10, 4.067, 302.63, 3.10, 0.005, 70.25, -1.20);
insert into SHOT values (1280, 1273, 1275, 823, 3.000, 308.98, 77.70, 2.999, 308.66, 77.67, 0.004, 237.70, -16.76);
insert into SHOT values (1281, 1273, 1276, 823, 7.630, 53.28, 66.30, 7.624, 53.35, 66.29, 0.008, 155.15, -57.86);
insert into SHOT values (1282, 1273, 1277, 823, 8.350, 123.38, 21.70, 8.349, 123.38, 21.65, 0.008, 135.39, -73.72);
insert into SHOT values (1283, 1273, 1278, 823, 0.870, 126.18, -48.20, 0.871, 125.88, -48.25, 0.003, 39.89, -25.44);
insert into SHOT values (1284, 1263, 1279, 823, 1.230, 174.08, -87.10, 1.232, 170.54, -87.17, 0.004, 62.08, -21.24);
insert into SHOT values (1285, 1279, 1280, 823, 10.530, 119.18, -19.50, 10.532, 119.17, -19.47, 0.006, 99.12, 53.54);
insert into SHOT values (1286, 1280, 1281, 823, 10.290, 50.88, 18.10, 10.281, 50.85, 18.08, 0.011, 261.49, -39.73);
insert into SHOT values (1287, 1280, 1282, 823, 2.730, 71.68, 1.10, 2.730, 71.63, 1.05, 0.003, 330.57, -45.87);
insert into SHOT values (1288, 1280, 1283, 823, 4.200, 31.18, 66.50, 4.196, 31.02, 66.57, 0.008, 248.16, -12.27);
insert into SHOT values (1289, 1280, 1284, 823, 8.830, 214.78, 85.00, 8.824, 214.93, 85.00, 0.007, 334.27, -69.98);
insert into SHOT values (1290, 1280, 1285, 823, 5.900, 225.28, 13.00, 5.905, 225.28, 12.92, 0.010, 226.86, -45.29);
insert into SHOT values (1291, 1280, 1286, 823, 10.000, 222.38, -28.40, 10.004, 222.37, -28.41, 0.004, 201.62, -59.28);
insert into SHOT values (1292, 1280, 1287, 823, 3.620, 210.38, -49.70, 3.621, 210.50, -49.65, 0.006, 268.96, 8.28);
insert into SHOT values (1293, 1280, 1288, 823, 16.430, 147.98, -28.50, 16.426, 147.99, -28.51, 0.006, 290.72, -2.58);
insert into SHOT values (1294, 1252, 1289, 823, 10.050, 204.08, -4.60, 9.730, 201.20, -3.95, 0.601, 80.57, 13.08);
insert into SHOT values (1295, 1289, 1290, 823, 2.360, 77.58, 26.50, 2.357, 77.41, 26.45, 0.007, 335.49, -25.65);
insert into SHOT values (1296, 1289, 1291, 823, 4.350, 151.38, 75.80, 4.342, 151.26, 75.86, 0.010, 350.35, -46.19);
insert into SHOT values (1297, 1289, 1292, 823, 8.840, 231.78, 40.50, 8.835, 231.83, 40.52, 0.009, 6.73, -7.20);
insert into SHOT values (1298, 1289, 1293, 823, 8.330, 235.08, 16.70, 8.323, 235.11, 16.69, 0.008, 15.98, -26.09);
insert into SHOT values (1299, 1289, 1294, 823, 1.500, 231.98, -43.10, 1.506, 232.40, -43.17, 0.010, 302.70, -30.83);
insert into SHOT values (1300, 1289, 1295, 823, 22.250, 194.78, -3.30, 22.128, 187.64, -1.84, 2.821, 99.20, 11.68);
insert into SHOT values (1301, 1295, 1296, 823, 8.220, 66.48, 6.00, 8.223, 66.51, 6.00, 0.005, 119.93, 9.05);
insert into SHOT values (1302, 1295, 1297, 823, 15.070, 82.98, 4.70, 15.073, 83.00, 4.72, 0.008, 150.11, 38.25);
insert into SHOT values (1303, 1295, 1298, 823, 19.790, 94.28, 4.10, 19.797, 94.30, 4.11, 0.010, 140.84, 29.37);
insert into SHOT values (1304, 1295, 1299, 823, 21.550, 101.38, 1.40, 21.550, 101.38, 1.41, 0.004, 355.80, 78.26);
insert into SHOT values (1305, 1295, 1300, 823, 10.410, 119.18, 1.90, 10.419, 119.20, 1.93, 0.011, 140.67, 26.88);
insert into SHOT values (1306, 1295, 1301, 823, 5.240, 281.88, 14.40, 5.234, 281.84, 14.49, 0.011, 125.70, 39.88);
insert into SHOT values (1307, 1295, 1302, 823, 3.670, 125.68, 87.20, 3.675, 126.25, 87.10, 0.008, 141.18, 32.13);
insert into SHOT values (1308, 1295, 1303, 823, 1.290, 181.88, -88.10, 1.281, 180.00, -87.76, 0.012, 169.05, 51.51);
insert into SHOT values (1309, 1295, 1304, 823, 6.360, 156.18, 6.50, 6.309, 152.29, 7.29, 0.439, 56.06, 10.51);
insert into SHOT values (1310, 1304, 1305, 823, 9.170, 97.78, -0.00, 9.174, 97.77, 0.00, 0.005, 73.83, 0.00);
insert into SHOT values (1311, 1304, 1306, 823, 14.290, 111.08, 8.70, 14.291, 111.08, 8.73, 0.009, 325.86, 86.18);
insert into SHOT values (1312, 1304, 1307, 823, 15.480, 118.28, 8.40, 15.481, 118.26, 8.39, 0.007, 35.66, -11.71);
insert into SHOT values (1313, 1304, 1308, 823, 12.260, 129.08, 5.10, 12.262, 129.08, 5.10, 0.002, 162.61, 4.48);
insert into SHOT values (1314, 1304, 1309, 823, 10.660, 149.68, 3.30, 10.658, 149.63, 3.33, 0.012, 48.10, 32.70);
insert into SHOT values (1315, 1304, 1310, 823, 10.370, 304.38, -1.50, 10.369, 304.43, -1.49, 0.009, 41.32, 9.77);
insert into SHOT values (1316, 1304, 1311, 823, 8.350, 285.78, 11.40, 8.345, 285.82, 11.40, 0.008, 58.80, -3.16);
insert into SHOT values (1317, 1304, 1312, 823, 3.520, 290.18, 71.60, 3.520, 290.56, 71.61, 0.007, 23.22, -0.34);
insert into SHOT values (1318, 1304, 1313, 823, 1.350, 268.88, -61.20, 1.347, 269.12, -61.15, 0.004, 5.11, 47.85);
insert into SHOT values (1319, 1304, 1314, 823, 12.810, 254.98, -0.90, 12.809, 254.98, -0.89, 0.002, 123.51, 51.54);
insert into SHOT values (1320, 1304, 1315, 823, 8.620, 255.18, -0.70, 8.272, 257.01, 0.14, 0.457, 38.34, 15.91);
insert into SHOT values (1321, 1315, 1316, 823, 8.580, 254.18, 0.40, 8.576, 254.16, 0.40, 0.005, 101.23, 1.18);
insert into SHOT values (1322, 1315, 1317, 823, 12.260, 129.58, 20.80, 12.266, 129.55, 20.82, 0.009, 70.36, 42.46);
insert into SHOT values (1323, 1315, 1318, 823, 6.110, 140.98, 44.60, 6.110, 140.97, 44.59, 0.001, 91.09, -9.27);
insert into SHOT values (1324, 1315, 1319, 823, 1.690, 304.58, 7.40, 1.690, 304.54, 7.48, 0.003, 187.15, 63.18);
insert into SHOT values (1325, 1315, 1320, 823, 2.500, 218.18, 81.90, 2.503, 217.87, 82.15, 0.011, 48.28, 25.48);
insert into SHOT values (1326, 1315, 1321, 823, 0.380, 273.18, -88.50, 0.380, 270.00, -88.49, 0.001, 187.03, -13.18);
insert into SHOT values (1327, 1315, 1322, 823, 7.420, 178.08, 14.10, 7.246, 174.33, 15.45, 0.525, 61.63, 13.49);
insert into SHOT values (1328, 1322, 1323, 823, 25.000, 6.18, 90.00, 25.000, 90.00, 90.00, 0.000, 6.18, 0.00);
insert into SHOT values (1329, 1315, 1324, 823, 7.260, 201.48, 13.90, 7.254, 201.50, 13.96, 0.010, 3.93, 36.74);
insert into SHOT values (1330, 1322, 1325, 823, 7.560, 92.58, 5.50, 7.553, 92.59, 5.55, 0.009, 260.17, 35.13);
insert into SHOT values (1331, 1322, 1326, 823, 7.640, 142.28, 4.00, 7.640, 142.30, 4.05, 0.008, 243.09, 65.77);
insert into SHOT values (1332, 1322, 1327, 823, 10.140, 305.38, -2.90, 10.140, 305.35, -2.88, 0.006, 221.96, 33.01);
insert into SHOT values (1333, 1322, 1328, 823, 6.770, 311.88, -32.10, 6.772, 311.89, -32.11, 0.003, 0.08, -58.49);
insert into SHOT values (1334, 1322, 1329, 823, 1.860, 49.18, -84.10, 1.860, 47.12, -84.10, 0.007, 316.95, 1.23);
insert into SHOT values (1335, 1322, 1330, 823, 5.920, 279.28, 56.50, 5.926, 279.32, 56.47, 0.007, 300.46, 28.94);
insert into SHOT values (1336, 1322, 1331, 823, 9.810, 101.28, 34.10, 9.805, 101.30, 34.12, 0.006, 260.08, 1.17);
insert into SHOT values (1337, 1322, 1332, 823, 13.590, 75.68, 61.30, 13.589, 75.62, 61.31, 0.007, 329.12, -3.54);
insert into SHOT values (1338, 1322, 1333, 823, 9.880, 347.58, 75.30, 9.884, 347.57, 75.30, 0.004, 333.90, 63.06);
insert into SHOT values (1339, 1322, 1334, 823, 21.590, 18.08, 70.80, 21.591, 18.05, 70.80, 0.004, 275.49, 14.69);
insert into SHOT values (1340, 1322, 1335, 823, 25.560, 66.88, 58.70, 25.560, 66.85, 58.70, 0.006, 337.92, 0.29);
insert into SHOT values (1341, 1322, 1336, 823, 21.250, 44.08, 71.60, 21.255, 44.03, 71.61, 0.009, 283.49, 45.28);
insert into SHOT values (1342, 1322, 1337, 823, 10.920, 269.58, -24.90, 10.633, 272.88, -25.93, 0.659, 32.69, -4.55);
insert into SHOT values (1343, 1337, 1338, 823, 12.430, 132.68, 21.40, 12.432, 132.69, 21.37, 0.007, 156.60, -46.79);
insert into SHOT values (1344, 1337, 1339, 823, 4.100, 274.18, -1.10, 4.102, 274.20, -1.12, 0.002, 306.69, -31.98);
insert into SHOT values (1345, 1337, 1340, 823, 3.410, 276.68, 85.00, 3.403, 275.91, 85.08, 0.010, 131.40, -45.47);
insert into SHOT values (1346, 1337, 1341, 823, 0.770, 117.48, -47.20, 0.777, 117.05, -47.21, 0.008, 76.49, -39.85);
insert into SHOT values (1347, 1337, 1342, 823, 21.010, 165.98, -1.90, 21.190, 156.14, -0.19, 3.675, 74.09, 9.82);
insert into SHOT values (1348, 1342, 1343, 823, 4.590, 121.68, 22.00, 4.591, 121.75, 22.00, 0.005, 198.32, 6.02);
insert into SHOT values (1349, 1342, 1344, 823, 3.700, 304.78, 73.20, 3.708, 304.73, 73.22, 0.008, 269.36, 78.36);
insert into SHOT values (1350, 1342, 1345, 823, 7.210, 310.88, -8.50, 7.204, 310.85, -8.46, 0.009, 167.70, 38.90);
insert into SHOT values (1351, 1342, 1346, 823, 4.620, 316.68, -29.30, 4.622, 316.61, -29.27, 0.006, 258.51, 9.06);
insert into SHOT values (1352, 1342, 1347, 823, 22.770, 58.68, 70.80, 22.777, 58.71, 70.80, 0.008, 131.31, 59.08);
insert into SHOT values (1353, 1342, 1348, 823, 21.060, 156.28, 68.40, 21.069, 156.28, 68.40, 0.009, 150.17, 73.76);
insert into SHOT values (1354, 1342, 1158, 823, 25.340, 255.98, -11.30, 25.068, 260.68, -11.39, 2.045, 356.03, 0.43);
insert into SHOT values (1355, 1158, 1349, 823, 4.220, 6.48, -7.10, 4.219, 6.45, -7.08, 0.003, 250.90, 30.42);
insert into SHOT values (1356, 1158, 1350, 823, 8.450, 100.08, -3.40, 8.454, 100.03, -3.39, 0.008, 38.87, 8.03);
insert into SHOT values (1357, 1158, 1351, 823, 13.470, 69.38, -2.70, 13.468, 69.37, -2.72, 0.006, 295.80, -58.36);
insert into SHOT values (1358, 1158, 1352, 823, 8.090, 190.08, -6.80, 8.090, 190.04, -6.81, 0.006, 98.60, -19.43);
insert into SHOT values (1359, 1158, 1353, 823, 7.440, 257.68, -1.80, 7.434, 257.72, -1.85, 0.011, 36.89, -36.75);
insert into SHOT values (1360, 1158, 1354, 823, 15.720, 293.08, -1.10, 15.724, 293.11, -1.09, 0.009, 354.28, 11.47);
insert into SHOT values (1361, 998, 1355, 823, 15.750, 294.38, 17.50, 15.747, 294.38, 17.48, 0.006, 103.37, -74.71);
insert into SHOT values (1362, 998, 1356, 823, 5.080, 307.48, 80.80, 5.076, 307.01, 80.77, 0.008, 232.43, -34.01);
insert into SHOT values (1363, 998, 1357, 823, 15.940, 57.48, 5.00, 15.937, 57.50, 5.00, 0.007, 175.44, 6.23);
insert into SHOT values (1364, 998, 1358, 823, 3.810, 57.08, -25.90, 3.806, 57.05, -26.03, 0.009, 249.17, -37.77);
insert into SHOT values (1365, 998, 1359, 823, 21.760, 1.48, 5.60, 21.952, 357.05, 6.99, 1.769, 273.78, 17.99);
insert into SHOT values (1366, 1359, 1360, 823, 7.780, 286.18, 30.00, 7.778, 286.12, 30.01, 0.007, 173.73, 0.00);
insert into SHOT values (1367, 1359, 1361, 823, 2.700, 57.78, 78.00, 2.698, 57.45, 78.07, 0.005, 278.05, -11.38);
insert into SHOT values (1368, 1359, 1362, 823, 21.120, 102.48, -8.30, 21.116, 102.49, -8.30, 0.006, 231.80, -10.63);
insert into SHOT values (1369, 1359, 1363, 823, 15.880, 104.38, 5.40, 15.876, 104.40, 5.39, 0.007, 228.23, -38.00);
insert into SHOT values (1370, 1359, 1364, 823, 2.510, 103.18, -37.30, 2.507, 103.34, -37.32, 0.006, 220.38, 9.37);
insert into SHOT values (1371, 1359, 1365, 823, 16.250, 23.68, 0.40, 16.341, 19.57, 1.72, 1.231, 295.71, 17.81);
insert into SHOT values (1372, 1365, 1366, 823, 7.220, 273.68, 13.60, 7.215, 273.68, 13.55, 0.008, 96.73, -68.05);
insert into SHOT values (1373, 1365, 1367, 823, 7.440, 345.38, 3.40, 7.442, 345.42, 3.39, 0.006, 52.41, -11.91);
insert into SHOT values (1374, 1365, 1368, 823, 11.860, 16.38, -19.60, 11.864, 16.42, -19.60, 0.009, 85.97, -9.43);
insert into SHOT values (1375, 1365, 1369, 823, 12.550, 66.68, -34.00, 12.556, 66.69, -33.99, 0.006, 78.08, -20.53);
insert into SHOT values (1376, 1365, 1370, 823, 2.050, 93.28, -1.60, 2.054, 93.35, -1.67, 0.006, 123.67, -28.94);
insert into SHOT values (1377, 1365, 1371, 823, 1.870, 10.38, -81.90, 1.879, 10.89, -81.90, 0.009, 71.90, -72.92);
insert into SHOT values (1378, 1365, 1372, 823, 26.240, 157.48, -6.00, 26.122, 160.72, -4.52, 1.624, 251.24, 24.86);
insert into SHOT values (1379, 1372, 1373, 823, 6.460, 83.78, -17.80, 6.464, 83.75, -17.74, 0.008, 57.00, 36.37);
insert into SHOT values (1380, 1372, 1374, 823, 22.580, 269.38, 12.00, 22.576, 269.38, 12.02, 0.008, 99.13, 45.04);
insert into SHOT values (1381, 1372, 1375, 823, 4.530, 284.38, 56.90, 4.537, 284.48, 56.88, 0.008, 327.00, 37.39);
insert into SHOT values (1382, 1372, 1376, 823, 1.650, 180.58, -75.20, 1.645, 180.00, -75.20, 0.007, 71.05, 49.40);
insert into SHOT values (1383, 1372, 1377, 823, 8.720, 126.68, -11.40, 8.516, 126.58, -11.10, 0.210, 310.93, 23.48);
insert into SHOT values (1384, 1377, 1378, 823, 3.470, 53.38, 2.00, 3.476, 53.43, 1.98, 0.007, 78.38, -9.20);
insert into SHOT values (1385, 1377, 1379, 823, 2.770, 181.48, 66.30, 2.763, 181.55, 66.30, 0.007, 337.52, -62.86);
insert into SHOT values (1386, 1377, 1380, 823, 30.990, 218.68, 7.00, 30.986, 218.68, 6.99, 0.008, 57.32, -59.85);
insert into SHOT values (1387, 1377, 1381, 823, 2.400, 219.88, -42.40, 2.398, 219.72, -42.50, 0.007, 89.58, -14.77);
insert into SHOT values (1388, 1377, 1382, 823, 12.790, 174.48, -3.50, 12.671, 176.97, -2.58, 0.600, 276.84, 20.56);
insert into SHOT values (1389, 1382, 1383, 823, 14.560, 51.68, 9.90, 14.563, 51.65, 9.92, 0.010, 334.59, 43.53);
insert into SHOT values (1390, 1382, 1384, 823, 4.230, 60.48, 55.00, 4.235, 60.37, 55.03, 0.007, 344.46, 46.77);
insert into SHOT values (1391, 1382, 1385, 823, 20.630, 119.48, 61.70, 20.637, 119.45, 61.70, 0.009, 62.07, 41.11);
insert into SHOT values (1392, 1382, 1386, 823, 6.190, 286.08, 59.40, 6.192, 286.02, 59.40, 0.004, 220.18, 29.31);
insert into SHOT values (1393, 1382, 1387, 823, 45.190, 269.78, 4.80, 45.189, 269.78, 4.80, 0.004, 20.07, -22.19);
insert into SHOT values (1394, 1382, 1388, 823, 3.450, 266.98, -44.00, 3.447, 267.00, -43.90, 0.007, 293.94, 73.97);
insert into SHOT values (1395, 1382, 1389, 823, 12.560, 64.28, 6.60, 12.504, 61.24, 7.81, 0.713, 325.09, 21.08);
insert into SHOT values (1396, 1389, 1390, 823, 10.630, 9.68, -2.60, 10.633, 9.70, -2.59, 0.005, 64.90, 23.82);
insert into SHOT values (1397, 1389, 1391, 823, 2.910, 9.78, 12.70, 2.912, 9.73, 12.70, 0.003, 318.10, 4.31);
insert into SHOT values (1398, 1389, 1392, 823, 1.340, 164.78, 64.40, 1.342, 165.00, 64.40, 0.003, 236.75, 32.79);
insert into SHOT values (1399, 1389, 1393, 823, 6.680, 202.78, 7.00, 6.679, 202.81, 7.05, 0.007, 316.85, 54.65);
insert into SHOT values (1400, 1389, 1394, 823, 35.620, 228.48, 2.70, 35.616, 228.49, 2.70, 0.006, 357.92, 19.57);
insert into SHOT values (1401, 1389, 1395, 823, 11.900, 176.28, 6.30, 11.897, 176.27, 6.32, 0.006, 37.92, 45.66);
insert into SHOT values (1402, 1389, 1396, 823, 1.860, 187.68, -46.70, 1.854, 187.68, -46.72, 0.006, 6.35, 41.00);
insert into SHOT values (1403, 1389, 1397, 823, 12.210, 89.28, -1.00, 12.075, 87.15, 0.00, 0.516, 341.76, 24.38);
insert into SHOT values (1404, 1397, 1398, 823, 11.550, 328.58, -2.70, 11.548, 328.54, -2.68, 0.009, 225.45, 27.81);
insert into SHOT values (1405, 1397, 1399, 823, 15.410, 344.28, 8.70, 15.408, 344.27, 8.70, 0.004, 223.88, -12.93);
insert into SHOT values (1406, 1397, 1400, 823, 10.710, 356.88, 8.40, 10.712, 356.86, 8.43, 0.006, 280.46, 58.68);
insert into SHOT values (1407, 1397, 1401, 823, 3.820, 34.58, 12.60, 3.817, 34.50, 12.56, 0.007, 275.80, -29.44);
insert into SHOT values (1408, 1397, 1402, 823, 1.430, 324.18, -87.60, 1.431, 321.34, -87.44, 0.005, 286.25, -13.66);
insert into SHOT values (1409, 1397, 1403, 823, 0.980, 238.28, 72.50, 0.986, 237.38, 72.48, 0.007, 172.44, 46.39);
insert into SHOT values (1410, 1397, 1404, 823, 3.500, 217.08, 4.20, 3.508, 217.10, 4.25, 0.008, 226.24, 25.98);
insert into SHOT values (1411, 1397, 1405, 823, 2.060, 214.48, -43.20, 2.061, 214.43, -43.16, 0.002, 176.84, 4.48);
insert into SHOT values (1412, 1397, 1406, 823, 15.290, 170.28, -2.70, 15.169, 172.99, -1.55, 0.792, 270.30, 23.06);
insert into SHOT values (1413, 1406, 1407, 823, 10.430, 63.28, 2.80, 10.428, 63.24, 2.80, 0.008, 319.24, 3.66);
insert into SHOT values (1414, 1406, 1408, 823, 9.970, 112.18, 8.20, 9.970, 112.15, 8.19, 0.006, 21.76, -19.39);
insert into SHOT values (1415, 1406, 1409, 823, 10.240, 92.48, 10.20, 10.240, 92.45, 10.18, 0.007, 11.95, -28.56);
insert into SHOT values (1416, 1406, 1410, 823, 14.190, 270.08, 86.90, 14.181, 270.00, 86.89, 0.010, 247.88, -72.96);
insert into SHOT values (1417, 1406, 1411, 823, 12.710, 237.28, -15.60, 12.707, 237.31, -15.61, 0.007, 354.02, -15.70);
insert into SHOT values (1418, 1406, 1412, 823, 10.280, 238.58, 1.50, 10.276, 238.62, 1.45, 0.012, 356.75, -51.34);
insert into SHOT values (1419, 1406, 1413, 823, 4.740, 240.78, -38.90, 4.742, 240.79, -38.93, 0.004, 325.80, -74.38);
insert into SHOT values (1420, 1406, 1414, 823, 6.360, 341.48, -14.30, 6.510, 340.45, -13.32, 0.218, 307.86, 19.02);
insert into SHOT values (1421, 1414, 1415, 823, 7.850, 257.68, 8.30, 7.988, 259.42, 8.79, 0.283, 320.49, 17.89);
insert into SHOT values (1422, 1415, 1416, 823, 7.390, 219.98, 5.20, 7.391, 219.98, 5.20, 0.001, 248.10, 8.75);
insert into SHOT values (1423, 1415, 1417, 823, 11.670, 244.28, 39.60, 11.669, 244.29, 39.61, 0.003, 23.41, 26.73);
insert into SHOT values (1424, 1415, 1418, 823, 2.070, 301.38, 46.90, 2.066, 301.66, 46.97, 0.008, 64.83, -9.82);
insert into SHOT values (1425, 1415, 1419, 823, 2.020, 24.18, 23.60, 2.022, 24.21, 23.61, 0.003, 53.37, 29.83);
insert into SHOT values (1426, 1415, 1420, 823, 15.730, 15.18, 0.30, 15.729, 15.18, 0.29, 0.003, 128.30, -56.49);
insert into SHOT values (1427, 1415, 1421, 823, 11.340, 306.28, -2.20, 11.531, 306.39, -1.14, 0.285, 312.88, 46.03);
insert into SHOT values (1428, 1421, 1422, 823, 7.780, 179.48, 6.60, 7.783, 179.48, 6.64, 0.006, 185.92, 71.93);
insert into SHOT values (1429, 1421, 1423, 823, 8.300, 181.68, -9.00, 8.294, 181.68, -8.95, 0.009, 3.73, 62.91);
insert into SHOT values (1430, 1421, 1424, 823, 7.780, 187.78, 27.70, 7.777, 187.77, 27.74, 0.007, 26.06, 32.57);
insert into SHOT values (1431, 1421, 1425, 823, 1.640, 351.58, 83.80, 1.640, 353.66, 83.66, 0.008, 51.10, -3.06);
insert into SHOT values (1432, 1421, 1426, 823, 16.850, 14.38, -1.60, 16.856, 14.40, -1.60, 0.008, 58.83, 3.35);
insert into SHOT values (1433, 1421, 1427, 823, 5.180, 228.08, -23.60, 5.185, 229.84, -22.93, 0.159, 307.72, 19.83);
insert into SHOT values (1434, 1427, 1428, 823, 11.660, 338.38, 6.60, 11.833, 336.82, 7.28, 0.387, 273.60, 24.36);
insert into SHOT values (1435, 1428, 1429, 823, 19.190, 241.28, 2.40, 19.335, 245.83, 3.86, 1.609, 329.11, 17.97);
insert into SHOT values (1436, 1429, 998, 823, 2.300, 359.48, -11.50, 2.413, 358.31, -10.75, 0.127, 336.93, 3.87);
insert into SCRAPS values (825, 819, 'SP-Hochimoyouk_01_boucle1', 1, 49.76326, 1.45769);
 insert into SCRAPS values (874, 819, 'SP-Hochimoyouk_02_boucle1', 1, 17.93980, 0.20814);
 insert into SCRAPS values (958, 819, 'SS-Hochimoyouk_03_boucle1', 2, 0.00000, 0.00000);
 insert into SCRAPS values (967, 819, 'SP-Hochimoyouk_04_boucle1', 1, 3.31248, 0.15975);
 insert into MAPS values (985, 819, 'MP-Boucle1', 'Boucle1', 1, 1433.150, -68.490);
 insert into MAPITEMS values (985, 4, 825);
 insert into MAPITEMS values (985, 4, 874);
 insert into MAPITEMS values (985, 4, 967);
 insert into SURVEY values (988, 51, 'Hashimoyuk4', 'Hashimoyuk4.Hashim-oyuk', 'Hashimoyuk4');
 insert into CENTRELINE values (989, 988, NULL, NULL, NULL, 0.00, 0.00, 0.00);
 insert into SURVEY values (990, 988, 'Hashimoyuk4', 'Hashimoyuk4.Hashimoyuk4.Hashim-oyuk', 'Hochimoyouk');
 insert into CENTRELINE values (991, 990, NULL, NULL, NULL, 0.00, 0.00, 0.00);
 insert into CENTRELINE values (992, 990, NULL, '2024-04-22', NULL, 1996.38, 0.00, 0.00);
 insert into PERSON values (8, 'Jo', 'De Welde');
insert into TOPO values (8, 992);
 insert into TOPO values (2, 992);
 insert into TOPO values (3, 992);
 insert into SHOT values (1437, 1430, 1431, 992, 21.431, 286.50, 6.24, 21.422, 287.68, 6.73, 0.474, 20.95, 22.40);
insert into SHOT values (1438, 1432, 1430, 992, 7.837, 194.53, -21.43, 7.783, 194.55, -21.48, 0.055, 11.22, 14.18);
insert into SHOT values (1439, 1433, 1432, 992, 9.979, 248.64, -14.93, 9.948, 249.30, -14.73, 0.122, 349.69, 19.69);
insert into SHOT values (1440, 1434, 1433, 992, 9.503, 301.62, -8.08, 9.518, 302.31, -7.79, 0.123, 21.28, 21.77);
insert into SHOT values (1441, 1435, 1434, 992, 10.967, 328.20, 5.26, 11.007, 328.78, 5.47, 0.124, 40.17, 20.73);
insert into SHOT values (1442, 1436, 1435, 992, 18.761, 256.23, 1.88, 18.751, 257.48, 2.38, 0.443, 349.04, 21.63);
insert into SHOT values (1443, 1437, 1436, 992, 24.761, 255.41, 0.65, 24.747, 257.04, 1.27, 0.753, 347.76, 21.00);
insert into SHOT values (1444, 1438, 1437, 992, 11.610, 281.96, -9.53, 11.617, 282.85, -9.21, 0.189, 6.83, 19.21);
insert into SHOT values (1445, 1439, 1438, 992, 12.117, 271.78, -8.31, 12.102, 272.68, -8.03, 0.198, 4.29, 17.83);
insert into SHOT values (1446, 1440, 1439, 992, 20.944, 233.67, -2.99, 20.918, 234.72, -2.49, 0.427, 326.78, 25.42);
insert into SHOT values (1447, 1441, 1440, 992, 26.089, 227.15, -17.25, 26.039, 228.44, -17.43, 0.572, 325.19, -6.60);
insert into SHOT values (1448, 1442, 1441, 992, 14.130, 140.79, -23.04, 13.980, 139.82, -23.84, 0.329, 5.63, -21.36);
insert into SHOT values (1449, 1443, 1442, 992, 6.767, 69.47, 2.07, 6.764, 69.47, 2.12, 0.007, 242.58, 58.00);
insert into SHOT values (1450, 1444, 1443, 992, 7.662, 133.81, 1.45, 7.662, 133.78, 1.42, 0.004, 46.34, -47.78);
insert into SHOT values (1451, 1445, 1444, 992, 12.201, 91.44, 9.03, 12.206, 91.43, 9.05, 0.007, 63.14, 49.70);
insert into SHOT values (1452, 1446, 1445, 992, 16.568, 134.31, 8.56, 16.568, 134.33, 8.54, 0.010, 212.02, -45.52);
insert into SHOT values (1453, 1447, 1446, 992, 12.714, 95.45, -16.55, 12.711, 95.42, -16.55, 0.008, 343.88, 11.56);
insert into SHOT values (1454, 1448, 1442, 992, 10.232, 162.37, -13.22, 10.056, 162.51, -13.40, 0.181, 334.61, 3.00);
insert into SHOT values (1455, 1449, 1448, 992, 10.344, 121.00, -26.29, 10.222, 119.57, -26.87, 0.279, 355.98, -7.85);
insert into SHOT values (1456, 1450, 1449, 992, 12.861, 120.99, 16.07, 12.751, 119.13, 17.20, 0.483, 6.06, 25.61);
insert into SHOT values (1457, 1451, 1450, 992, 16.531, 136.22, 8.29, 16.382, 134.75, 9.34, 0.537, 20.60, 30.98);
insert into SHOT values (1458, 1452, 1451, 992, 16.493, 182.45, 20.12, 16.374, 183.92, 21.87, 0.650, 309.57, 41.03);
insert into SHOT values (1459, 1453, 1452, 992, 15.678, 263.06, -5.76, 15.741, 266.56, -5.14, 0.974, 350.07, 9.64);
insert into SHOT values (1460, 1454, 1453, 992, 15.670, 234.97, 1.06, 15.663, 238.50, 1.61, 0.977, 327.36, 8.81);
insert into SHOT values (1461, 1455, 1454, 992, 18.291, 265.99, -19.75, 18.373, 269.77, -18.73, 1.190, 348.66, 13.68);
insert into SHOT values (1462, 1456, 1455, 992, 16.368, 246.27, 6.29, 16.396, 250.03, 6.87, 1.080, 337.64, 8.88);
insert into SHOT values (1463, 1457, 1456, 992, 19.552, 258.77, 11.11, 19.640, 263.07, 11.57, 1.455, 348.76, 6.85);
insert into SHOT values (1464, 1458, 1457, 992, 17.031, 245.48, 0.42, 17.063, 249.41, 1.01, 1.183, 336.00, 8.57);
insert into SHOT values (1465, 1458, 1459, 992, 8.304, 185.59, 5.53, 8.451, 184.63, 5.09, 0.213, 142.52, -13.59);
insert into SHOT values (1466, 1459, 1460, 992, 0.000, 6.18, 0.00, 0.042, 165.96, -13.63, 0.042, 165.96, -13.63);
insert into SHOT values (1467, 1461, 1452, 992, 10.987, 38.95, -5.24, 10.982, 38.58, -5.22, 0.071, 305.41, 3.37);
insert into SHOT values (1468, 1462, 1461, 992, 7.868, 100.75, 23.75, 7.855, 100.59, 23.88, 0.030, 326.75, 21.87);
insert into SHOT values (1469, 1463, 1462, 992, 15.264, 200.41, 2.04, 15.263, 200.89, 2.07, 0.129, 291.23, 3.43);
insert into SHOT values (1470, 1464, 1463, 992, 12.565, 265.61, -13.10, 12.574, 265.93, -13.01, 0.072, 344.90, 14.95);
insert into SHOT values (1471, 1452, 1465, 992, 8.749, 25.95, 0.58, 8.754, 25.66, 0.65, 0.046, 301.57, 14.28);
insert into SHOT values (1472, 1465, 1464, 992, 0.000, 6.18, 0.00, 0.010, 270.00, 0.00, 0.010, 270.00, 0.00);
insert into SHOT values (1473, 1466, 1462, 992, 10.638, 1.95, 11.22, 10.640, 1.98, 11.22, 0.005, 71.49, -7.56);
insert into SHOT values (1474, 1467, 1466, 992, 22.074, 86.50, 16.96, 22.067, 86.50, 16.94, 0.009, 285.76, -55.30);
insert into SHOT values (1475, 1468, 1467, 992, 12.839, 336.99, -0.74, 12.834, 336.97, -0.71, 0.009, 199.57, 36.71);
insert into SHOT values (1476, 1469, 1468, 992, 5.650, 1.29, 2.44, 5.657, 1.32, 2.43, 0.007, 21.67, -3.57);
insert into SHOT values (1477, 1470, 1469, 992, 22.763, 323.31, 13.80, 22.759, 323.30, 13.80, 0.007, 199.59, -4.43);
insert into SHOT values (1478, 1471, 1470, 992, 9.686, 356.94, -0.19, 9.693, 356.98, -0.18, 0.011, 41.77, 11.37);
insert into SHOT values (1479, 1472, 1441, 992, 13.468, 341.66, -6.72, 13.357, 342.39, -7.23, 0.234, 108.38, -26.50);
insert into SHOT values (1480, 1473, 1472, 992, 6.629, 33.03, 17.82, 6.583, 34.27, 17.78, 0.144, 140.95, -7.68);
insert into SHOT values (1481, 1474, 1473, 992, 10.388, 335.64, 12.89, 10.278, 336.07, 13.10, 0.139, 122.37, 5.13);
insert into SHOT values (1482, 1475, 1474, 992, 10.867, 293.99, -8.27, 10.767, 293.07, -8.76, 0.218, 170.04, -20.56);
insert into SHOT values (1483, 1476, 1475, 992, 9.878, 279.29, -9.71, 9.798, 278.10, -10.11, 0.226, 164.44, -14.01);
insert into SHOT values (1484, 1477, 1476, 992, 4.439, 306.58, 4.56, 4.320, 306.31, 4.51, 0.121, 136.24, -6.12);
insert into SHOT values (1485, 1478, 1477, 992, 8.517, 101.06, -19.52, 8.520, 101.06, -19.54, 0.004, 90.29, -68.79);
insert into SHOT values (1486, 1479, 1477, 992, 5.052, 319.52, 17.99, 5.056, 319.55, 17.97, 0.005, 354.38, -5.14);
insert into SHOT values (1487, 1480, 1479, 992, 4.706, 306.77, 15.95, 4.704, 306.64, 15.92, 0.010, 211.91, -16.92);
insert into SHOT values (1488, 1481, 1477, 992, 4.851, 14.09, 19.61, 4.881, 12.19, 19.76, 0.155, 292.10, 8.12);
insert into SHOT values (1489, 1482, 1481, 992, 14.591, 66.79, 15.39, 14.471, 64.04, 16.58, 0.745, 318.88, 20.25);
insert into SHOT values (1490, 1483, 1482, 992, 14.140, 75.98, 9.33, 13.994, 73.76, 10.29, 0.605, 325.97, 20.18);
insert into SHOT values (1491, 1484, 1483, 992, 7.834, 322.24, -1.25, 7.997, 320.84, -0.79, 0.261, 271.81, 13.45);
insert into SHOT values (1492, 1485, 1484, 992, 10.977, 290.58, -4.71, 11.178, 290.42, -4.00, 0.245, 282.04, 29.68);
insert into SHOT values (1493, 1483, 1486, 992, 11.197, 320.40, 3.81, 11.196, 320.27, 3.94, 0.036, 225.31, 44.40);
insert into SHOT values (1494, 1486, 1487, 992, 4.373, 24.39, 21.57, 4.362, 24.48, 21.66, 0.014, 178.08, 10.64);
insert into SHOT values (1495, 1487, 1488, 992, 3.107, 1.53, 6.42, 3.101, 1.49, 6.48, 0.007, 199.68, 18.87);
insert into SHOT values (1496, 1488, 1489, 992, 8.198, 35.70, -0.72, 8.190, 35.71, -0.63, 0.015, 201.79, 58.74);
insert into SHOT values (1497, 1489, 1490, 992, 21.815, 300.69, -6.86, 21.804, 300.40, -6.64, 0.137, 209.93, 37.77);
insert into SHOT values (1498, 1490, 1440, 992, 0.000, 6.18, 0.00, 0.000, 90.00, 0.00, 0.000, 90.00, 0.00);
insert into SHOT values (1499, 1430, 1491, 992, 12.740, 136.28, -4.38, 12.711, 136.34, -4.33, 0.034, 291.42, 24.25);
insert into SHOT values (1500, 1491, 1492, 992, 23.574, 156.80, -1.86, 23.586, 156.93, -1.63, 0.109, 231.04, 60.63);
insert into SHOT values (1501, 1492, 1493, 992, 20.414, 205.09, 0.61, 20.417, 204.88, 0.79, 0.096, 116.79, 39.36);
insert into SHOT values (1502, 1491, 1494, 992, 11.266, 279.79, -0.77, 11.266, 279.81, -0.76, 0.006, 11.50, 4.27);
insert into SHOT values (1503, 1494, 1495, 992, 20.502, 263.70, -1.72, 20.503, 263.70, -1.73, 0.006, 209.20, -70.44);
insert into SHOT values (1504, 1495, 1496, 992, 12.339, 248.43, -6.33, 12.344, 248.43, -6.33, 0.006, 265.28, 15.08);
insert into SHOT values (1505, 1491, 1497, 992, 19.128, 109.62, -2.07, 19.092, 109.54, -2.19, 0.060, 325.09, -40.82);
insert into SHOT values (1506, 1497, 1498, 992, 26.332, 109.43, 8.97, 26.325, 109.50, 9.29, 0.149, 246.75, 73.90);
insert into SHOT values (1507, 1498, 1499, 992, 22.820, 154.47, 1.70, 22.813, 154.74, 1.93, 0.142, 249.67, 40.35);
insert into SHOT values (1508, 1499, 1500, 992, 18.610, 129.47, -5.46, 18.603, 129.61, -5.31, 0.068, 222.50, 47.97);
insert into SHOT values (1509, 1500, 1501, 992, 0.000, 6.18, 0.00, 0.014, 315.00, 0.00, 0.014, 315.00, 0.00);
insert into SHOT values (1510, 1493, 1502, 992, 37.657, 88.12, 1.43, 37.631, 86.65, 1.69, 0.984, 355.56, 9.81);
insert into SHOT values (1511, 1502, 1500, 992, 29.924, 109.04, 3.28, 29.871, 108.52, 3.55, 0.310, 6.09, 26.40);
insert into SHOT values (1512, 1500, 1503, 992, 14.722, 129.61, 4.98, 14.722, 129.61, 4.99, 0.003, 91.51, 84.21);
insert into SHOT values (1513, 1503, 1504, 992, 20.872, 111.47, -1.30, 20.874, 111.48, -1.32, 0.009, 168.40, -63.89);
insert into SHOT values (1514, 1504, 1505, 992, 15.688, 91.21, -0.15, 15.670, 89.78, 0.07, 0.396, 357.88, 8.88);
insert into SHOT values (1515, 1505, 1506, 992, 15.388, 88.47, 4.22, 15.376, 87.05, 4.40, 0.385, 355.37, 7.12);
insert into SHOT values (1516, 1506, 1507, 992, 9.024, 129.77, 4.53, 8.970, 129.28, 4.73, 0.099, 3.43, 16.04);
insert into SHOT values (1517, 1507, 1508, 992, 5.575, 209.35, 4.70, 5.530, 209.82, 4.88, 0.067, 344.93, 11.38);
insert into SHOT values (1518, 1508, 1509, 992, 9.452, 192.90, -9.33, 9.386, 193.36, -9.38, 0.100, 324.80, 1.64);
insert into SHOT values (1519, 1509, 1510, 992, 4.705, 227.08, 1.68, 4.674, 227.60, 1.84, 0.054, 353.53, 13.09);
insert into SHOT values (1520, 1510, 1511, 992, 8.023, 262.65, -8.62, 8.040, 263.50, -8.51, 0.120, 344.03, 6.11);
insert into SHOT values (1521, 1511, 1512, 992, 10.726, 282.71, 0.78, 10.756, 283.66, 0.91, 0.182, 3.86, 7.80);
insert into SHOT values (1522, 1512, 1513, 992, 6.447, 264.36, -1.64, 6.467, 265.03, -1.51, 0.079, 339.81, 10.75);
insert into SHOT values (1523, 1513, 1514, 992, 6.486, 301.80, -0.04, 6.536, 302.38, 0.00, 0.082, 354.52, 2.92);
insert into SHOT values (1524, 1514, 1515, 992, 14.500, 339.51, 2.33, 14.565, 339.61, 2.48, 0.079, 0.36, 29.89);
insert into SHOT values (1525, 1515, 1516, 992, 6.799, 59.59, -4.04, 6.818, 58.83, -3.95, 0.092, 341.58, 5.35);
insert into SHOT values (1526, 1516, 1504, 992, 0.000, 6.18, 0.00, 0.014, 315.00, 0.00, 0.014, 315.00, 0.00);
insert into SHOT values (1527, 1506, 1517, 992, 9.431, 31.36, 10.92, 9.426, 31.39, 10.95, 0.008, 173.66, 24.52);
insert into SHOT values (1528, 1501, 1518, 992, 13.011, 69.49, 3.78, 12.977, 68.57, 4.02, 0.219, 328.80, 14.06);
insert into SHOT values (1529, 1518, 1519, 992, 16.382, 66.47, 6.05, 16.349, 65.30, 6.39, 0.349, 328.39, 15.53);
insert into SHOT values (1530, 1519, 1520, 992, 13.298, 65.85, 18.63, 13.255, 64.64, 18.93, 0.277, 321.86, 10.82);
insert into SHOT values (1531, 1520, 1521, 992, 7.833, 94.59, -5.73, 7.759, 94.09, -5.77, 0.101, 316.77, 1.01);
insert into SHOT values (1532, 1521, 1522, 992, 18.932, 43.96, -0.90, 18.925, 41.83, -0.91, 0.702, 312.34, -0.19);
insert into SHOT values (1533, 1522, 1485, 992, 8.809, 105.85, 12.73, 8.727, 105.62, 12.98, 0.097, 306.85, 11.27);
insert into SHOT values (1534, 1485, 1523, 992, 13.423, 97.64, 2.81, 13.548, 97.60, 2.16, 0.198, 93.36, -48.08);
insert into SHOT values (1535, 1523, 1524, 992, 5.490, 212.11, 1.43, 5.492, 212.13, 1.36, 0.008, 244.89, -66.91);
insert into SHOT values (1536, 1524, 1525, 992, 9.649, 137.30, -1.18, 9.648, 137.31, -1.13, 0.009, 262.26, 75.99);
insert into SHOT values (1537, 1525, 1526, 992, 9.138, 142.08, -12.58, 9.147, 142.05, -12.57, 0.010, 114.95, 0.71);
insert into SHOT values (1538, 1523, 1527, 992, 15.229, 99.06, 9.93, 15.350, 98.99, 8.88, 0.306, 92.68, -56.98);
insert into SHOT values (1539, 1527, 1528, 992, 13.987, 36.30, 16.21, 14.049, 38.26, 15.31, 0.515, 112.80, -22.26);
insert into SHOT values (1540, 1528, 1529, 992, 7.553, 126.42, -12.62, 7.666, 125.75, -12.66, 0.142, 87.49, -12.07);
insert into SHOT values (1541, 1529, 1530, 992, 16.889, 78.23, 1.20, 17.004, 79.15, 0.44, 0.373, 145.27, -36.98);
insert into SHOT values (1542, 1530, 1531, 992, 19.617, 60.53, 4.96, 19.723, 62.42, 3.95, 0.741, 139.88, -27.05);
insert into SHOT values (1543, 1531, 1532, 992, 22.152, 10.45, 3.48, 22.207, 14.06, 2.58, 1.440, 99.24, -13.90);
insert into SHOT values (1544, 1532, 1533, 992, 12.076, 55.64, 4.48, 12.165, 57.00, 3.86, 0.328, 127.40, -22.06);
insert into SHOT values (1545, 1533, 1534, 992, 11.035, 61.79, 2.56, 10.926, 61.06, 2.83, 0.185, 292.86, 14.47);
insert into SHOT values (1546, 1534, 1535, 992, 29.802, 69.39, 6.49, 29.697, 68.17, 7.51, 0.828, 323.77, 38.03);
insert into SHOT values (1547, 1535, 1536, 992, 19.880, 13.20, 1.61, 19.869, 10.09, 1.96, 1.083, 280.86, 6.35);
insert into SHOT values (1548, 1536, 1537, 992, 12.332, 339.45, 2.88, 12.368, 337.38, 3.06, 0.449, 252.73, 5.06);
insert into SHOT values (1549, 1537, 1538, 992, 10.672, 327.58, -3.36, 10.724, 325.92, -3.10, 0.317, 246.88, 8.33);
insert into SHOT values (1550, 1538, 1539, 992, 8.172, 309.06, -10.24, 8.259, 308.01, -9.90, 0.178, 250.92, 10.43);
insert into SHOT values (1551, 1539, 1540, 992, 15.900, 275.29, -1.29, 16.028, 274.76, -0.97, 0.215, 226.27, 24.15);
insert into SHOT values (1552, 1540, 1541, 992, 15.469, 49.00, -1.66, 15.473, 48.98, -1.67, 0.006, 2.66, -18.25);
insert into SHOT values (1553, 1541, 1542, 992, 6.281, 17.12, -0.47, 6.346, 16.95, -0.54, 0.068, 0.56, -6.96);
insert into SHOT values (1554, 1542, 1543, 992, 5.064, 101.27, 22.98, 5.041, 100.68, 23.00, 0.053, 346.56, -7.62);
insert into SHOT values (1555, 1543, 1544, 992, 7.808, 87.63, -3.77, 7.809, 86.84, -3.82, 0.109, 357.65, -3.35);
insert into SHOT values (1556, 1544, 1545, 992, 6.071, 119.34, -2.20, 6.038, 118.73, -2.28, 0.073, 1.14, -5.58);
insert into SHOT values (1557, 1545, 1546, 992, 5.576, 215.77, -10.40, 5.523, 216.24, -10.54, 0.070, 356.82, -2.81);
insert into SHOT values (1558, 1546, 1547, 992, 5.871, 294.77, 2.17, 5.904, 295.39, 2.04, 0.073, 357.48, -9.75);
insert into SHOT values (1559, 1547, 1548, 992, 10.985, 264.19, -1.73, 10.983, 265.25, -1.83, 0.203, 355.34, -5.19);
insert into SHOT values (1560, 1548, 1541, 992, 0.000, 6.18, 0.00, 0.020, 0.00, 0.00, 0.020, 0.00, 0.00);
insert into SHOT values (1561, 1540, 1549, 992, 12.451, 272.88, -1.00, 12.574, 272.55, -0.77, 0.150, 242.64, 18.35);
insert into SHOT values (1562, 1549, 1550, 992, 16.140, 271.60, -1.74, 16.258, 271.23, -1.37, 0.188, 230.83, 31.80);
insert into SHOT values (1563, 1550, 1551, 992, 8.253, 295.82, -11.30, 8.355, 295.10, -10.90, 0.156, 252.79, 13.75);
insert into SHOT values (1564, 1551, 1552, 992, 6.255, 314.15, 12.23, 6.454, 314.17, 11.89, 0.202, 314.52, 1.53);
insert into SHOT values (1565, 1552, 1460, 992, 25.314, 309.77, -6.34, 25.532, 310.53, -5.37, 0.588, 2.39, 43.59);
insert into SHOT values (1566, 1551, 1553, 992, 19.342, 220.75, -0.89, 19.489, 217.60, -0.71, 1.078, 137.07, 3.21);
insert into SHOT values (1567, 1553, 1554, 992, 17.566, 179.49, -2.00, 17.731, 179.03, -1.75, 0.231, 139.00, 18.43);
insert into SHOT values (1568, 1554, 1555, 992, 20.457, 186.71, 24.40, 20.864, 184.58, 20.42, 1.651, 148.02, -45.16);
insert into SHOT values (1569, 1555, 1556, 992, 3.754, 134.55, 23.47, 4.031, 136.52, 22.62, 0.308, 159.54, 10.25);
insert into SHOT values (1570, 1556, 1557, 992, 4.749, 191.53, -27.54, 5.068, 190.50, -25.98, 0.355, 178.11, -3.91);
insert into SHOT values (1571, 1557, 1558, 992, 3.310, 138.27, 37.82, 3.567, 140.22, 36.27, 0.289, 158.91, 16.13);
insert into SHOT values (1572, 1558, 1559, 992, 11.463, 205.00, 11.44, 11.803, 201.86, 10.54, 0.736, 143.91, -8.88);
insert into SHOT values (1573, 1559, 1560, 992, 3.113, 229.59, 15.04, 3.018, 226.95, 14.98, 0.167, 104.51, -9.50);
insert into SHOT values (1574, 1560, 1561, 992, 8.912, 243.36, -20.26, 8.781, 239.89, -21.44, 0.549, 131.04, -13.10);
insert into SHOT values (1575, 1561, 1562, 992, 7.883, 257.05, 3.97, 7.671, 254.31, 3.66, 0.429, 136.27, -7.53);
insert into SHOT values (1576, 1562, 1563, 992, 10.953, 276.85, -3.13, 10.682, 274.74, -3.97, 0.507, 150.63, -16.34);
insert into SHOT values (1577, 1563, 1564, 992, 5.962, 278.55, 5.46, 5.680, 277.21, 5.35, 0.313, 123.65, -6.83);
insert into SHOT values (1578, 1564, 1565, 992, 1.152, 179.17, 4.93, 1.317, 176.07, 4.36, 0.178, 155.69, 0.34);
insert into SHOT values (1579, 1565, 1566, 992, 6.481, 269.10, -27.42, 6.268, 267.28, -29.12, 0.336, 121.04, -11.30);
insert into SHOT values (1580, 1566, 1567, 992, 3.303, 143.00, -23.99, 3.574, 142.05, -23.23, 0.280, 131.45, -13.85);
insert into SHOT values (1581, 1567, 1568, 992, 6.403, 245.06, -63.01, 6.364, 242.49, -64.84, 0.243, 95.99, -12.98);
insert into SHOT values (1582, 1568, 1477, 992, 0.000, 6.18, 0.00, 0.073, 123.69, -7.90, 0.073, 123.69, -7.90);
insert into SHOT values (1583, 1559, 1569, 992, 8.929, 45.79, -12.04, 8.614, 45.87, -12.33, 0.318, 223.73, 4.20);
insert into SHOT values (1584, 1569, 1570, 992, 10.899, 92.48, 0.17, 10.712, 96.11, 0.96, 0.724, 199.67, 11.73);
insert into SHOT values (1585, 1570, 1571, 992, 28.166, 80.55, -19.06, 28.081, 87.04, -20.43, 3.070, 179.62, -11.28);
insert into SHOT values (1586, 1571, 1533, 992, 0.000, 6.18, 0.00, 0.079, 230.19, 7.30, 0.079, 230.19, 7.30);
insert into SHOT values (1587, 1572, 1554, 992, 0.000, 6.18, 0.00, 0.060, 180.00, 0.00, 0.060, 180.00, 0.00);
insert into SHOT values (1588, 1572, 1573, 992, 15.548, 117.53, 5.04, 15.456, 113.55, 5.20, 1.076, 20.42, 1.83);
insert into SHOT values (1589, 1573, 1574, 992, 21.851, 125.74, -3.83, 21.783, 120.85, -4.24, 1.863, 30.88, -4.62);
insert into SHOT values (1590, 1574, 1575, 992, 2.984, 167.73, 15.20, 2.767, 167.42, 15.72, 0.219, 351.50, -8.46);
insert into SHOT values (1591, 1575, 1576, 992, 11.878, 160.73, -2.84, 11.659, 159.85, -3.10, 0.288, 19.35, -8.21);
insert into SHOT values (1592, 1576, 1533, 992, 4.521, 132.74, -6.08, 4.356, 131.35, -6.33, 0.198, 344.85, -0.33);
insert into SHOT values (1593, 1519, 1577, 992, 19.260, 339.00, 9.09, 19.243, 339.33, 9.45, 0.164, 87.64, 45.57);
insert into SHOT values (1594, 1577, 1578, 992, 21.589, 297.65, -3.02, 21.571, 297.62, -2.74, 0.107, 151.72, 81.48);
insert into SHOT values (1595, 1578, 1579, 992, 10.885, 251.55, -3.30, 10.879, 251.31, -3.11, 0.057, 155.72, 38.62);
insert into SHOT values (1596, 1579, 1580, 992, 12.980, 266.13, -7.08, 12.956, 265.94, -6.92, 0.062, 152.33, 40.65);
insert into SHOT values (1597, 1580, 1497, 992, 27.773, 283.46, -12.74, 27.759, 283.25, -12.50, 0.154, 200.33, 49.15);
insert into SHOT values (1598, 1430, 1581, 992, 3.676, 203.29, 26.37, 3.673, 203.45, 26.34, 0.010, 302.84, -17.56);
insert into SHOT values (1599, 1430, 1582, 992, 3.887, 326.51, 59.85, 3.888, 326.47, 59.80, 0.003, 300.39, -18.36);
insert into SHOT values (1600, 1430, 1583, 992, 7.970, 58.01, 26.49, 7.973, 58.00, 26.52, 0.005, 346.33, 76.03);
insert into SHOT values (1601, 1430, 1584, 992, 8.727, 10.84, 20.95, 8.731, 10.81, 20.94, 0.006, 328.82, -4.51);
insert into SHOT values (1602, 1430, 1585, 992, 7.686, 273.65, 5.27, 7.689, 273.67, 5.30, 0.005, 325.95, 45.09);
insert into SHOT values (1603, 1430, 1586, 992, 4.775, 174.72, 16.20, 4.769, 174.74, 16.20, 0.007, 339.10, -18.29);
insert into SHOT values (1604, 1430, 1587, 992, 3.407, 218.19, 21.74, 3.410, 218.21, 21.68, 0.005, 228.75, -22.36);
insert into SHOT values (1605, 1430, 1588, 992, 4.903, 219.96, 21.74, 4.907, 220.01, 21.77, 0.007, 279.91, 35.59);
insert into SHOT values (1606, 1430, 1589, 992, 10.138, 126.86, -1.04, 10.138, 126.86, -1.02, 0.004, 324.01, 84.50);
insert into SHOT values (1607, 1430, 1590, 992, 7.660, 100.22, 8.00, 7.655, 100.18, 8.04, 0.008, 317.16, 24.44);
insert into SHOT values (1608, 1430, 1591, 992, 6.314, 64.37, 23.34, 6.309, 64.32, 23.35, 0.007, 286.94, -7.83);
insert into SHOT values (1609, 1430, 1592, 992, 3.841, 135.81, 32.93, 3.837, 135.88, 33.00, 0.008, 281.82, 14.23);
insert into SHOT values (1610, 1430, 1593, 992, 0.696, 96.83, -30.68, 0.690, 96.77, -30.50, 0.007, 285.12, 49.28);
insert into SHOT values (1611, 1432, 1594, 992, 5.453, 135.78, 7.44, 5.455, 135.82, 7.37, 0.008, 190.91, -51.80);
insert into SHOT values (1612, 1432, 1595, 992, 0.862, 309.32, 88.32, 0.860, 315.00, 88.12, 0.004, 353.74, -22.15);
insert into SHOT values (1613, 1432, 1596, 992, 1.099, 336.00, 16.55, 1.097, 335.87, 16.42, 0.004, 211.41, -48.09);
insert into SHOT values (1614, 1432, 1597, 992, 0.840, 322.61, 85.62, 0.832, 321.34, 85.59, 0.008, 224.79, -79.26);
insert into SHOT values (1615, 1433, 1598, 992, 7.557, 27.27, 11.72, 7.560, 27.26, 11.75, 0.006, 353.58, 59.03);
insert into SHOT values (1616, 1433, 1599, 992, 2.515, 97.79, 15.98, 2.512, 97.86, 16.18, 0.010, 247.53, 51.99);
insert into SHOT values (1617, 1434, 1600, 992, 8.928, 45.29, 21.58, 8.930, 45.29, 21.62, 0.007, 209.13, 82.75);
insert into SHOT values (1618, 1434, 1601, 992, 2.113, 345.66, 65.01, 2.115, 345.65, 65.19, 0.007, 167.84, 43.72);
insert into SHOT values (1619, 1434, 1602, 992, 6.691, 208.28, 0.65, 6.689, 208.29, 0.69, 0.005, 353.88, 64.53);
insert into SHOT values (1620, 1435, 1603, 992, 2.240, 204.13, 1.78, 2.235, 204.04, 1.79, 0.006, 58.82, 3.84);
insert into SHOT values (1621, 1435, 1604, 992, 12.818, 30.22, 13.90, 12.820, 30.25, 13.90, 0.008, 104.47, 8.59);
insert into SHOT values (1622, 1435, 1605, 992, 2.052, 31.56, 63.55, 2.046, 31.61, 63.41, 0.007, 54.48, -74.30);
insert into SHOT values (1623, 1435, 1606, 992, 0.907, 32.39, -67.76, 0.909, 33.23, -67.57, 0.006, 88.47, -4.19);
insert into SHOT values (1624, 1435, 1607, 992, 3.732, 134.35, 4.11, 3.736, 134.24, 3.99, 0.011, 75.03, -40.89);
insert into SHOT values (1625, 1435, 1608, 992, 8.885, 109.61, 4.48, 8.889, 109.58, 4.45, 0.007, 69.49, -35.48);
insert into SHOT values (1626, 1435, 1609, 992, 11.748, 99.32, 5.68, 11.751, 99.30, 5.67, 0.005, 55.77, -29.99);
insert into SHOT values (1627, 1435, 1610, 992, 17.227, 50.36, 11.68, 17.225, 50.36, 11.69, 0.004, 186.30, 21.23);
insert into SHOT values (1628, 1436, 1611, 992, 10.053, 348.05, 19.21, 10.048, 348.01, 19.23, 0.009, 213.88, 9.12);
insert into SHOT values (1629, 1436, 1612, 992, 3.720, 327.57, 75.59, 3.717, 327.34, 75.57, 0.005, 244.99, -37.73);
insert into SHOT values (1630, 1436, 1613, 992, 4.817, 178.45, 5.10, 4.821, 178.45, 5.12, 0.004, 181.48, 21.82);
insert into SHOT values (1631, 1436, 1614, 992, 1.746, 43.37, -81.94, 1.748, 43.36, -81.86, 0.003, 42.87, -23.55);
insert into SHOT values (1632, 1436, 1615, 992, 11.252, 310.61, 21.94, 11.253, 310.57, 21.92, 0.008, 243.74, -31.13);
insert into SHOT values (1633, 1436, 1616, 992, 11.049, 10.99, 11.82, 11.042, 10.99, 11.81, 0.007, 190.22, -27.73);
insert into SHOT values (1634, 1436, 1617, 992, 19.617, 33.05, 5.07, 19.620, 33.06, 5.06, 0.005, 49.59, -48.72);
insert into SHOT values (1635, 1436, 1618, 992, 14.075, 90.59, 3.87, 14.073, 90.61, 3.87, 0.005, 205.51, 8.59);
insert into SHOT values (1636, 1436, 1619, 992, 18.624, 87.06, 2.73, 18.626, 87.07, 2.74, 0.006, 162.61, 27.60);
insert into SHOT values (1637, 1437, 1620, 992, 7.120, 218.68, 20.44, 7.123, 218.67, 20.46, 0.004, 198.72, 64.24);
insert into SHOT values (1638, 1437, 1621, 992, 5.227, 164.63, 24.95, 5.226, 164.59, 24.90, 0.007, 97.03, -53.22);
insert into SHOT values (1639, 1437, 1622, 992, 5.637, 134.08, 19.32, 5.634, 134.09, 19.28, 0.005, 304.73, -73.03);
insert into SHOT values (1640, 1437, 1623, 992, 15.311, 326.70, 0.51, 15.311, 326.73, 0.49, 0.008, 59.20, -37.70);
insert into SHOT values (1641, 1437, 1624, 992, 13.491, 359.28, 1.34, 13.495, 359.28, 1.32, 0.007, 9.30, -55.18);
insert into SHOT values (1642, 1437, 1625, 992, 9.772, 23.31, 2.53, 9.766, 23.31, 2.52, 0.006, 205.78, -7.54);
insert into SHOT values (1643, 1438, 1626, 992, 4.567, 125.27, 76.81, 4.570, 125.22, 76.84, 0.004, 328.47, 57.93);
insert into SHOT values (1644, 1438, 1627, 992, 0.654, 65.23, -71.35, 0.655, 64.65, -71.27, 0.002, 2.83, -8.12);
insert into SHOT values (1645, 1438, 1628, 992, 7.948, 62.52, 8.33, 7.942, 62.49, 8.33, 0.007, 277.86, -9.84);
insert into SHOT values (1646, 1438, 1629, 992, 8.082, 30.61, -1.54, 8.086, 30.56, -1.56, 0.009, 328.40, -20.52);
insert into SHOT values (1647, 1438, 1630, 992, 17.145, 28.53, -6.44, 17.143, 28.51, -6.43, 0.007, 282.98, 21.14);
insert into SHOT values (1648, 1438, 1631, 992, 19.432, 16.99, -4.32, 19.431, 16.99, -4.34, 0.005, 195.18, -73.36);
insert into SHOT values (1649, 1438, 1632, 992, 18.217, 10.52, -3.88, 18.216, 10.49, -3.87, 0.009, 271.52, 13.63);
insert into SHOT values (1650, 1438, 1633, 992, 13.607, 3.91, -4.82, 13.609, 3.89, -4.81, 0.005, 305.07, 32.55);
insert into SHOT values (1651, 1438, 1634, 992, 10.768, 345.84, -7.09, 10.769, 345.81, -7.09, 0.007, 259.23, -13.77);
insert into SHOT values (1652, 1438, 1635, 992, 13.689, 333.13, -5.77, 13.692, 333.12, -5.78, 0.006, 276.00, -30.97);
insert into SHOT values (1653, 1438, 1636, 992, 7.501, 257.14, 11.96, 7.505, 257.17, 11.92, 0.008, 298.09, -33.01);
insert into SHOT values (1654, 1438, 1637, 992, 7.741, 200.79, 20.14, 7.735, 200.81, 20.11, 0.007, 358.78, -48.88);
insert into SHOT values (1655, 1438, 1638, 992, 6.839, 162.19, 26.21, 6.835, 162.24, 26.22, 0.007, 286.08, -2.62);
insert into SHOT values (1656, 1438, 1639, 992, 6.274, 136.02, 28.02, 6.268, 136.03, 28.08, 0.008, 313.65, 17.23);
insert into SHOT values (1657, 1439, 1640, 992, 7.448, 237.27, 7.17, 7.440, 237.28, 7.18, 0.008, 51.47, -0.88);
insert into SHOT values (1658, 1439, 1641, 992, 3.966, 168.02, 14.10, 3.962, 167.99, 14.02, 0.007, 29.14, -61.06);
insert into SHOT values (1659, 1439, 1642, 992, 4.135, 133.33, 10.11, 4.138, 133.21, 10.02, 0.011, 70.26, -33.45);
insert into SHOT values (1660, 1439, 1643, 992, 5.500, 111.45, 6.64, 5.505, 111.45, 6.57, 0.008, 111.49, -46.60);
insert into SHOT values (1661, 1439, 1644, 992, 6.366, 308.95, 4.51, 6.362, 308.98, 4.51, 0.006, 82.97, -5.78);
insert into SHOT values (1662, 1439, 1645, 992, 6.339, 15.26, 3.07, 6.343, 15.29, 2.98, 0.011, 54.96, -60.28);
insert into SHOT values (1663, 1439, 1646, 992, 15.667, 30.79, 2.89, 15.665, 30.79, 2.85, 0.010, 162.14, -79.29);
insert into SHOT values (1664, 1439, 1647, 992, 0.979, 344.87, -57.21, 0.983, 345.70, -57.62, 0.011, 102.16, -39.23);
insert into SHOT values (1665, 1439, 1648, 992, 1.717, 309.96, 76.78, 1.715, 309.81, 76.84, 0.003, 155.02, -31.32);
insert into SHOT values (1666, 1440, 1649, 992, 10.329, 318.03, 5.44, 10.328, 318.00, 5.44, 0.006, 216.17, 0.59);
insert into SHOT values (1667, 1440, 1650, 992, 0.846, 304.68, -56.10, 0.842, 303.69, -56.19, 0.009, 192.80, 13.90);
insert into SHOT values (1668, 1440, 1651, 992, 17.460, 76.17, 85.13, 17.462, 76.25, 85.16, 0.010, 244.63, 17.56);
insert into SHOT values (1669, 1440, 1652, 992, 18.473, 99.89, 84.17, 18.475, 100.17, 84.19, 0.012, 227.98, 12.49);
insert into SHOT values (1670, 1440, 1653, 992, 12.433, 107.16, 11.77, 12.434, 107.15, 11.79, 0.003, 9.04, 88.09);
insert into SHOT values (1671, 1440, 1654, 992, 10.352, 83.44, 18.06, 10.345, 83.46, 18.08, 0.009, 235.68, 2.60);
insert into SHOT values (1672, 1440, 1655, 992, 15.772, 74.19, 18.44, 15.765, 74.21, 18.45, 0.010, 217.09, 5.24);
insert into SHOT values (1673, 1440, 1656, 992, 16.792, 36.09, 17.62, 16.788, 36.07, 17.65, 0.010, 249.64, 39.69);
insert into SHOT values (1674, 1440, 1657, 992, 11.362, 5.36, 16.79, 11.364, 5.33, 16.83, 0.010, 266.69, 57.45);
insert into SHOT values (1675, 1440, 1658, 992, 9.293, 331.88, 7.79, 9.293, 331.88, 7.79, 0.001, 227.72, 34.65);
insert into SHOT values (1676, 1440, 1659, 992, 7.230, 301.87, 2.56, 7.234, 301.82, 2.61, 0.010, 238.60, 41.41);
insert into SHOT values (1677, 1441, 1660, 992, 11.773, 131.49, 25.00, 11.768, 131.46, 25.04, 0.010, 338.36, 28.29);
insert into SHOT values (1678, 1441, 1661, 992, 6.666, 116.69, 27.00, 6.659, 116.65, 27.07, 0.011, 320.21, 20.27);
insert into SHOT values (1679, 1441, 1662, 992, 4.721, 94.86, 29.26, 4.719, 94.88, 29.31, 0.005, 257.22, 33.84);
insert into SHOT values (1680, 1441, 1663, 992, 3.332, 70.02, 30.26, 3.331, 69.86, 30.29, 0.008, 324.69, 5.69);
insert into SHOT values (1681, 1441, 1664, 992, 4.212, 31.00, 22.36, 4.209, 30.91, 22.34, 0.007, 280.05, -22.46);
insert into SHOT values (1682, 1441, 1665, 992, 5.873, 10.71, 25.80, 5.878, 10.67, 25.82, 0.006, 333.22, 36.90);
insert into SHOT values (1683, 1441, 1666, 992, 11.842, 178.00, 0.47, 11.838, 178.02, 0.48, 0.006, 325.52, 33.10);
insert into SHOT values (1684, 1441, 1667, 992, 12.344, 194.82, -10.13, 12.337, 194.84, -10.13, 0.008, 339.80, 6.15);
insert into SHOT values (1685, 1441, 1668, 992, 16.968, 214.10, -11.32, 16.963, 214.12, -11.32, 0.007, 346.35, 7.44);
insert into SHOT values (1686, 1441, 1669, 992, 6.507, 254.72, -18.80, 6.514, 254.77, -18.81, 0.009, 294.24, -20.49);
insert into SHOT values (1687, 1441, 1670, 992, 5.630, 284.06, 4.42, 5.636, 284.11, 4.38, 0.009, 323.83, -23.76);
insert into SHOT values (1688, 1441, 1671, 992, 8.257, 295.23, 15.12, 8.256, 295.25, 15.09, 0.005, 15.27, -60.37);
insert into SHOT values (1689, 1441, 1672, 992, 0.572, 170.49, -87.91, 0.570, 180.00, -87.99, 0.004, 278.99, 24.95);
insert into SHOT values (1690, 1441, 1673, 992, 7.718, 251.48, 69.50, 7.720, 251.70, 69.47, 0.011, 317.06, 2.70);
insert into SHOT values (1691, 1442, 1674, 992, 5.168, 238.95, -2.53, 5.164, 238.96, -2.55, 0.005, 50.75, -26.29);
insert into SHOT values (1692, 1442, 1675, 992, 5.460, 187.14, -7.75, 5.462, 187.11, -7.79, 0.005, 124.68, -53.30);
insert into SHOT values (1693, 1442, 1676, 992, 8.762, 161.75, -23.15, 8.762, 161.77, -23.19, 0.006, 292.57, -59.05);
insert into SHOT values (1694, 1442, 1677, 992, 10.057, 119.27, -6.29, 10.059, 119.28, -6.34, 0.009, 186.62, -71.22);
insert into SHOT values (1695, 1442, 1678, 992, 8.524, 105.78, 5.16, 8.524, 105.79, 5.12, 0.007, 149.07, -80.43);
insert into SHOT values (1696, 1442, 1679, 992, 6.943, 81.45, 11.93, 6.944, 81.45, 11.88, 0.005, 79.65, -63.81);
insert into SHOT values (1697, 1442, 1680, 992, 14.174, 72.50, 42.33, 14.168, 72.50, 42.33, 0.006, 264.05, -39.92);
insert into SHOT values (1698, 1442, 1681, 992, 10.271, 81.56, 46.78, 10.269, 81.58, 46.75, 0.006, 127.89, -56.27);
insert into SHOT values (1699, 1442, 1682, 992, 8.606, 69.69, 24.06, 8.608, 69.67, 24.07, 0.002, 13.15, 35.57);
insert into SHOT values (1700, 1442, 1683, 992, 7.348, 78.31, 30.38, 7.346, 78.35, 30.33, 0.008, 148.42, -52.45);
insert into SHOT values (1701, 1442, 1684, 992, 15.819, 74.47, 50.89, 15.812, 74.47, 50.89, 0.007, 241.46, -40.36);
insert into SHOT values (1702, 1442, 1685, 992, 5.362, 43.38, 19.00, 5.355, 43.40, 18.96, 0.008, 204.02, -47.62);
insert into SHOT values (1703, 1442, 1686, 992, 6.074, 13.63, 21.77, 6.071, 13.64, 21.75, 0.003, 158.02, -50.68);
insert into SHOT values (1704, 1442, 1687, 992, 9.161, 347.58, 20.31, 9.161, 347.57, 20.31, 0.002, 257.02, 19.31);
insert into SHOT values (1705, 1442, 1688, 992, 11.038, 313.36, 26.14, 11.038, 313.32, 26.12, 0.007, 241.39, -27.87);
insert into SHOT values (1706, 1442, 1689, 992, 10.835, 348.37, 28.38, 10.837, 348.38, 28.37, 0.003, 30.10, 4.97);
insert into SHOT values (1707, 1442, 1690, 992, 10.963, 296.34, 30.94, 10.961, 296.32, 30.91, 0.008, 240.33, -60.14);
insert into SHOT values (1708, 1442, 1691, 992, 12.663, 276.92, 30.38, 12.666, 276.94, 30.35, 0.008, 312.45, -27.87);
insert into SHOT values (1709, 1442, 1692, 992, 5.447, 249.76, 10.49, 5.450, 249.81, 10.47, 0.006, 303.09, -13.18);
insert into SHOT values (1710, 1442, 1693, 992, 4.509, 214.37, 12.91, 4.509, 214.34, 12.81, 0.008, 157.86, -72.92);
insert into SHOT values (1711, 1442, 1694, 992, 3.437, 186.99, 12.26, 3.434, 187.02, 12.27, 0.004, 343.75, 6.70);
insert into SHOT values (1712, 1442, 1695, 992, 11.173, 163.54, -3.72, 11.171, 163.53, -3.75, 0.006, 7.56, -65.51);
insert into SHOT values (1713, 1442, 1696, 992, 10.247, 127.22, -3.16, 10.250, 127.22, -3.19, 0.006, 130.28, -62.55);
insert into SHOT values (1714, 1442, 1697, 992, 12.867, 73.97, 70.31, 12.861, 73.91, 70.33, 0.008, 294.49, -36.39);
insert into SHOT values (1715, 1443, 1698, 992, 6.202, 63.10, 68.29, 6.198, 62.99, 68.32, 0.007, 289.63, -18.84);
insert into SHOT values (1716, 1443, 1699, 992, 1.909, 289.07, -66.25, 1.913, 288.90, -66.21, 0.004, 249.32, -37.38);
insert into SHOT values (1717, 1443, 1700, 992, 5.460, 5.77, 10.46, 5.458, 5.77, 10.45, 0.003, 169.41, -38.60);
insert into SHOT values (1718, 1443, 1701, 992, 12.866, 33.07, 67.80, 12.862, 33.07, 67.82, 0.006, 213.81, -20.87);
insert into SHOT values (1719, 1444, 1702, 992, 4.604, 187.15, 2.77, 4.601, 187.13, 2.74, 0.004, 36.68, -33.82);
insert into SHOT values (1720, 1444, 1703, 992, 4.902, 224.75, 66.53, 4.908, 224.79, 66.48, 0.008, 237.83, 26.89);
insert into SHOT values (1721, 1444, 1704, 992, 1.745, 348.49, 14.12, 1.746, 348.42, 13.92, 0.006, 305.80, -62.36);
insert into SHOT values (1722, 1444, 1705, 992, 1.630, 306.22, -52.06, 1.633, 306.07, -52.16, 0.005, 213.77, -60.16);
insert into SHOT values (1723, 1444, 1706, 992, 4.928, 243.34, 56.77, 4.929, 243.43, 56.71, 0.007, 283.28, -18.29);
insert into SHOT values (1724, 1445, 1707, 992, 3.061, 195.72, 5.83, 3.059, 195.63, 6.00, 0.011, 76.40, 59.95);
insert into SHOT values (1725, 1445, 1708, 992, 3.791, 34.31, 0.63, 3.792, 34.36, 0.76, 0.009, 111.06, 65.26);
insert into SHOT values (1726, 1445, 1709, 992, 1.076, 341.15, -62.25, 1.076, 341.57, -61.96, 0.007, 17.88, 19.98);
insert into SHOT values (1727, 1445, 1710, 992, 4.915, 163.54, 5.33, 4.913, 163.49, 5.37, 0.006, 47.88, 36.38);
insert into SHOT values (1728, 1445, 1711, 992, 2.758, 243.48, 14.11, 2.755, 243.53, 14.29, 0.010, 37.59, 54.80);
insert into SHOT values (1729, 1445, 1712, 992, 4.187, 60.41, 8.60, 4.190, 60.34, 8.65, 0.007, 0.02, 35.91);
insert into SHOT values (1730, 1445, 1713, 992, 5.295, 4.56, 1.47, 5.299, 4.55, 1.51, 0.006, 346.37, 51.03);
insert into SHOT values (1731, 1445, 1714, 992, 9.633, 109.78, 77.36, 9.635, 109.64, 77.33, 0.007, 62.29, 3.64);
insert into SHOT values (1732, 1445, 1715, 992, 16.592, 134.32, 8.55, 16.591, 134.31, 8.56, 0.004, 19.59, 35.20);
insert into SHOT values (1733, 1445, 1716, 992, 3.122, 191.60, 17.44, 3.126, 191.61, 17.50, 0.005, 209.02, 58.05);
insert into SHOT values (1734, 1445, 1717, 992, 14.433, 240.34, 74.56, 14.441, 240.37, 74.57, 0.008, 301.01, 73.74);
insert into SHOT values (1735, 1445, 1718, 992, 1.122, 29.91, 3.33, 1.122, 30.00, 3.58, 0.005, 121.72, 68.94);
insert into SHOT values (1736, 1445, 1719, 992, 3.615, 95.50, 11.60, 3.621, 95.50, 11.63, 0.006, 93.72, 33.18);
insert into SHOT values (1737, 1445, 1720, 992, 6.222, 104.67, 11.47, 6.222, 104.63, 11.49, 0.005, 13.80, 30.54);
insert into SHOT values (1738, 1445, 1721, 992, 15.263, 120.03, 10.17, 15.268, 120.03, 10.19, 0.007, 129.90, 55.84);
insert into SHOT values (1739, 1445, 1722, 992, 21.943, 136.36, 8.34, 21.947, 136.34, 8.36, 0.010, 77.59, 51.46);
insert into SHOT values (1740, 1445, 1723, 992, 16.735, 121.25, 10.85, 16.733, 121.23, 10.89, 0.011, 352.91, 52.35);
insert into SHOT values (1741, 1446, 1724, 992, 1.125, 27.97, 9.53, 1.124, 27.95, 9.22, 0.006, 287.11, -87.27);
insert into SHOT values (1742, 1446, 1725, 992, 2.753, 95.36, 13.30, 2.755, 95.35, 13.22, 0.004, 81.71, -51.83);
insert into SHOT values (1743, 1446, 1726, 992, 6.011, 101.33, 12.86, 6.005, 101.43, 12.80, 0.013, 215.51, -37.02);
insert into SHOT values (1744, 1446, 1727, 992, 15.290, 118.69, 11.53, 15.286, 118.69, 11.51, 0.006, 291.25, -56.41);
insert into SHOT values (1745, 1446, 1728, 992, 6.513, 155.86, 5.99, 6.513, 155.85, 5.99, 0.002, 47.52, 18.30);
insert into SHOT values (1746, 1446, 1729, 992, 3.235, 216.01, 11.51, 3.242, 216.04, 11.39, 0.010, 226.33, -32.41);
insert into SHOT values (1747, 1446, 1730, 992, 5.600, 237.41, 15.51, 5.603, 237.40, 15.42, 0.009, 225.78, -55.55);
insert into SHOT values (1748, 1446, 1731, 992, 14.321, 238.26, 74.29, 14.316, 238.28, 74.28, 0.006, 265.95, -69.81);
insert into SHOT values (1749, 1446, 1732, 992, 7.115, 252.97, 17.69, 7.114, 252.93, 17.67, 0.005, 163.47, -21.63);
insert into SHOT values (1750, 1446, 1733, 992, 7.762, 286.74, 13.05, 7.758, 286.68, 13.04, 0.008, 171.87, -20.68);
insert into SHOT values (1751, 1446, 1734, 992, 2.070, 298.82, 8.99, 2.066, 298.70, 8.91, 0.007, 166.08, -31.90);
insert into SHOT values (1752, 1447, 1735, 992, 9.155, 327.37, -77.68, 9.162, 327.28, -77.64, 0.010, 308.62, -32.83);
insert into SHOT values (1753, 1447, 1736, 992, 9.125, 326.64, -77.61, 9.124, 326.63, -77.57, 0.006, 324.41, 23.23);
insert into SHOT values (1754, 1447, 1737, 992, 1.100, 65.14, -6.19, 1.098, 65.08, -6.27, 0.003, 276.49, -31.53);
insert into SHOT values (1755, 1447, 1738, 992, 7.197, 116.60, 10.87, 7.196, 116.57, 10.89, 0.006, 5.40, 27.18);
insert into SHOT values (1756, 1447, 1739, 992, 0.853, 198.95, 18.01, 0.847, 199.56, 17.87, 0.010, 317.95, -20.73);
insert into SHOT values (1757, 1447, 1740, 992, 2.424, 150.23, 31.86, 2.418, 150.19, 31.96, 0.008, 343.17, 5.15);
insert into SHOT values (1758, 1447, 1741, 992, 3.052, 61.58, 6.24, 3.047, 61.40, 6.22, 0.010, 305.97, -8.16);
insert into SHOT values (1759, 1447, 1742, 992, 3.028, 14.79, 5.71, 3.035, 14.77, 5.67, 0.007, 7.93, -11.65);
insert into SHOT values (1760, 1447, 1743, 992, 5.155, 297.18, 3.71, 5.158, 297.16, 3.67, 0.005, 279.12, -45.91);
insert into SHOT values (1761, 1447, 1744, 992, 4.989, 277.47, -1.39, 4.994, 277.48, -1.38, 0.005, 287.14, 11.47);
insert into SHOT values (1762, 1447, 1745, 992, 5.792, 272.54, 17.45, 5.793, 272.59, 17.48, 0.006, 1.59, 33.57);
insert into SHOT values (1763, 1447, 1746, 992, 3.019, 6.58, 60.86, 3.021, 6.25, 60.91, 0.009, 266.99, 20.22);
insert into SHOT values (1764, 1448, 1747, 992, 0.506, 60.71, 11.67, 0.509, 59.83, 12.47, 0.011, 343.89, 44.02);
insert into SHOT values (1765, 1448, 1748, 992, 5.177, 248.85, 15.78, 5.178, 248.95, 15.80, 0.009, 334.70, 15.98);
insert into SHOT values (1766, 1448, 1749, 992, 6.083, 215.06, 49.86, 6.082, 215.03, 49.87, 0.003, 89.07, -0.13);
insert into SHOT values (1767, 1448, 1750, 992, 1.256, 352.35, 29.67, 1.268, 352.16, 29.79, 0.013, 330.79, 40.82);
insert into SHOT values (1768, 1448, 1751, 992, 2.255, 310.97, 28.91, 2.258, 311.10, 28.86, 0.006, 5.74, 0.26);
insert into SHOT values (1769, 1448, 1752, 992, 8.692, 290.49, 24.24, 8.691, 290.54, 24.25, 0.007, 36.27, 10.29);
insert into SHOT values (1770, 1448, 1753, 992, 10.352, 277.61, 18.75, 10.357, 277.62, 18.76, 0.005, 286.87, 35.95);
insert into SHOT values (1771, 1448, 1754, 992, 9.304, 269.30, 17.34, 9.306, 269.35, 17.38, 0.010, 2.91, 39.94);
insert into SHOT values (1772, 1448, 1755, 992, 24.288, 273.02, 16.83, 24.295, 273.03, 16.84, 0.010, 314.99, 47.92);
insert into SHOT values (1773, 1449, 1756, 992, 2.152, 183.07, 9.74, 2.153, 182.97, 9.62, 0.006, 120.00, -45.41);
insert into SHOT values (1774, 1449, 1757, 992, 2.106, 238.52, 15.44, 2.105, 238.50, 15.43, 0.001, 91.76, -21.89);
insert into SHOT values (1775, 1449, 1758, 992, 5.848, 279.08, 10.39, 5.847, 279.10, 10.34, 0.006, 1.09, -61.26);
insert into SHOT values (1776, 1449, 1759, 992, 10.896, 319.66, 88.93, 10.892, 319.09, 88.96, 0.007, 160.83, -36.42);
insert into SHOT values (1777, 1449, 1760, 992, 1.631, 72.59, -1.78, 1.636, 72.56, -1.75, 0.005, 64.42, 7.57);
insert into SHOT values (1778, 1449, 1761, 992, 1.581, 16.17, -3.38, 1.576, 16.25, -3.64, 0.009, 175.85, -48.99);
insert into SHOT values (1779, 1449, 1762, 992, 1.989, 352.61, -4.44, 1.994, 352.48, -4.60, 0.009, 304.36, -45.09);
insert into SHOT values (1780, 1449, 1763, 992, 0.775, 317.04, -67.36, 0.779, 317.73, -67.56, 0.006, 62.55, -51.77);
insert into SHOT values (1781, 1449, 1764, 992, 11.065, 121.02, 15.97, 11.066, 121.00, 15.95, 0.006, 68.07, -56.55);
insert into SHOT values (1782, 1450, 1765, 992, 2.852, 188.01, 41.86, 2.853, 187.86, 42.02, 0.010, 61.04, 44.67);
insert into SHOT values (1783, 1450, 1766, 992, 2.308, 68.62, 54.32, 2.316, 68.75, 54.28, 0.008, 97.15, 38.06);
insert into SHOT values (1784, 1450, 1767, 992, 2.392, 23.78, 1.66, 2.396, 23.89, 1.67, 0.006, 71.18, 4.97);
insert into SHOT values (1785, 1450, 1768, 992, 0.479, 325.09, -79.32, 0.478, 324.46, -79.63, 0.003, 163.68, 13.33);
insert into SHOT values (1786, 1451, 1769, 992, 9.611, 125.74, 12.77, 9.609, 125.71, 12.75, 0.007, 21.60, -42.14);
insert into SHOT values (1787, 1451, 1770, 992, 5.668, 112.48, 21.59, 5.664, 112.43, 21.54, 0.008, 2.26, -44.31);
insert into SHOT values (1788, 1451, 1771, 992, 5.558, 70.43, 19.59, 5.555, 70.35, 19.56, 0.008, 328.34, -24.50);
insert into SHOT values (1789, 1451, 1772, 992, 7.223, 26.94, 11.60, 7.227, 26.96, 11.57, 0.006, 62.56, -27.34);
insert into SHOT values (1790, 1451, 1773, 992, 12.413, 156.40, -1.17, 12.412, 156.39, -1.20, 0.008, 19.09, -73.54);
insert into SHOT values (1791, 1451, 1774, 992, 3.410, 177.57, -13.55, 3.408, 177.58, -13.58, 0.002, 348.37, -23.91);
insert into SHOT values (1792, 1451, 1775, 992, 5.235, 287.71, 16.93, 5.235, 287.78, 16.88, 0.008, 6.77, -34.13);
insert into SHOT values (1793, 1451, 1776, 992, 7.678, 292.36, 14.18, 7.677, 292.43, 14.18, 0.009, 28.97, -3.98);
insert into SHOT values (1794, 1452, 1777, 992, 8.179, 233.33, 9.95, 8.178, 233.33, 10.00, 0.006, 69.94, 72.86);
insert into SHOT values (1795, 1452, 1778, 992, 4.662, 276.46, 13.51, 4.668, 276.45, 13.50, 0.006, 269.76, 10.30);
insert into SHOT values (1796, 1452, 1779, 992, 4.611, 322.18, 11.44, 4.611, 322.19, 11.51, 0.006, 94.66, 77.73);
insert into SHOT values (1797, 1452, 1780, 992, 5.310, 359.63, 9.48, 5.314, 359.56, 9.53, 0.009, 293.45, 41.91);
insert into SHOT values (1798, 1452, 1781, 992, 10.693, 26.54, 9.67, 10.693, 26.54, 9.69, 0.003, 278.08, 81.88);
insert into SHOT values (1799, 1452, 1782, 992, 6.033, 24.55, 80.95, 6.034, 24.39, 81.00, 0.006, 231.75, 21.00);
insert into SHOT values (1800, 1452, 1783, 992, 2.129, 285.44, -67.01, 2.128, 285.38, -67.06, 0.002, 131.28, -2.46);
insert into SHOT values (1801, 1452, 1784, 992, 15.529, 224.33, 12.31, 15.525, 224.33, 12.31, 0.004, 16.14, -11.37);
insert into SHOT values (1802, 1452, 1785, 992, 14.861, 208.77, 15.48, 14.857, 208.77, 15.50, 0.005, 32.54, 26.62);
insert into SHOT values (1803, 1452, 1786, 992, 15.193, 189.72, 19.41, 15.190, 189.73, 19.42, 0.004, 341.70, 3.38);
insert into SHOT values (1804, 1452, 1787, 992, 11.190, 168.79, 22.84, 11.195, 168.82, 22.86, 0.009, 229.05, 53.30);
insert into SHOT values (1805, 1452, 1788, 992, 8.878, 117.10, 19.15, 8.875, 117.12, 19.21, 0.010, 272.92, 51.75);
insert into SHOT values (1806, 1452, 1789, 992, 10.923, 101.25, 19.53, 10.926, 101.26, 19.52, 0.004, 116.73, -18.98);
insert into SHOT values (1807, 1453, 1790, 992, 15.679, 262.93, -5.80, 15.678, 262.93, -5.78, 0.005, 140.19, 87.95);
insert into SHOT values (1808, 1453, 1791, 992, 4.695, 123.06, 27.46, 4.702, 122.97, 27.48, 0.010, 71.44, 28.80);
insert into SHOT values (1809, 1453, 1792, 992, 3.291, 189.11, 24.77, 3.291, 189.05, 24.80, 0.004, 80.98, 19.79);
insert into SHOT values (1810, 1453, 1793, 992, 9.179, 87.58, 18.96, 9.185, 87.56, 18.93, 0.008, 60.04, -18.48);
insert into SHOT values (1811, 1453, 1794, 992, 13.717, 33.64, 4.47, 13.723, 33.64, 4.47, 0.007, 40.90, 6.15);
insert into SHOT values (1812, 1453, 1795, 992, 13.383, 0.24, 2.98, 13.388, 0.26, 3.00, 0.008, 43.09, 26.31);
insert into SHOT values (1813, 1453, 1796, 992, 13.062, 344.36, 0.74, 13.064, 344.37, 0.75, 0.004, 33.86, 13.57);
insert into SHOT values (1814, 1453, 1797, 992, 12.939, 321.46, 10.01, 12.942, 321.47, 10.01, 0.004, 344.77, 17.97);
insert into SHOT values (1815, 1453, 1798, 992, 4.961, 227.59, 12.87, 4.960, 227.60, 12.93, 0.005, 33.38, 68.98);
insert into SHOT values (1816, 1453, 1799, 992, 3.876, 318.04, -36.26, 3.878, 318.11, -36.19, 0.006, 358.75, 20.51);
insert into SHOT values (1817, 1453, 1800, 992, 5.646, 292.30, 82.45, 5.648, 292.38, 82.52, 0.007, 103.32, 23.64);
insert into SHOT values (1818, 1454, 1801, 992, 9.593, 178.95, 17.78, 9.590, 178.93, 17.79, 0.004, 31.94, 7.45);
insert into SHOT values (1819, 1454, 1802, 992, 9.091, 201.72, 20.52, 9.092, 201.71, 20.54, 0.003, 134.44, 86.17);
insert into SHOT values (1820, 1454, 1803, 992, 15.232, 229.33, 12.55, 15.227, 229.31, 12.55, 0.008, 98.16, 8.88);
insert into SHOT values (1821, 1454, 1804, 992, 5.356, 299.12, 8.85, 5.350, 299.09, 8.82, 0.007, 147.91, -31.79);
insert into SHOT values (1822, 1454, 1805, 992, 5.045, 336.85, 19.85, 5.039, 336.90, 19.84, 0.007, 120.64, -27.49);
insert into SHOT values (1823, 1454, 1806, 992, 12.064, 21.68, 21.01, 12.061, 21.69, 21.04, 0.007, 176.83, 39.09);
insert into SHOT values (1824, 1455, 1807, 992, 6.739, 216.78, -5.57, 6.740, 216.82, -5.62, 0.008, 297.19, -50.16);
insert into SHOT values (1825, 1455, 1808, 992, 4.967, 167.70, 9.21, 4.965, 167.75, 9.16, 0.007, 275.44, -49.55);
insert into SHOT values (1826, 1455, 1809, 992, 6.907, 134.05, 6.65, 6.905, 134.06, 6.57, 0.010, 274.67, -84.53);
insert into SHOT values (1827, 1455, 1810, 992, 9.330, 94.00, 5.37, 9.333, 93.95, 5.35, 0.009, 24.66, -22.04);
insert into SHOT values (1828, 1455, 1811, 992, 12.909, 282.76, -4.93, 12.905, 282.76, -4.93, 0.004, 84.02, -18.18);
insert into SHOT values (1829, 1455, 1812, 992, 15.803, 309.62, -1.73, 15.810, 309.63, -1.74, 0.009, 344.47, -19.96);
insert into SHOT values (1830, 1455, 1813, 992, 50.068, 330.67, 1.15, 50.075, 330.68, 1.14, 0.012, 350.24, -45.86);
insert into SHOT values (1831, 1455, 1814, 992, 51.601, 337.66, 4.46, 51.609, 337.66, 4.46, 0.009, 323.07, -17.46);
insert into SHOT values (1832, 1455, 1815, 992, 36.227, 25.15, 5.60, 36.229, 25.14, 5.59, 0.008, 337.21, -61.14);
insert into SHOT values (1833, 1455, 1816, 992, 36.330, 25.30, 4.81, 36.329, 25.30, 4.80, 0.008, 293.13, -70.81);
insert into SHOT values (1834, 1455, 1817, 992, 63.188, 42.43, 2.83, 63.194, 42.43, 2.83, 0.008, 4.45, -29.90);
insert into SHOT values (1835, 1455, 1818, 992, 1.738, 32.23, -74.01, 1.747, 31.37, -74.05, 0.012, 312.90, -51.56);
insert into SHOT values (1836, 1455, 1819, 992, 5.991, 284.97, 79.66, 5.988, 285.07, 79.64, 0.005, 329.19, -54.44);
insert into SHOT values (1837, 1456, 1820, 992, 33.244, 351.67, 8.91, 33.247, 351.68, 8.91, 0.008, 58.35, -13.78);
insert into SHOT values (1838, 1456, 1821, 992, 46.449, 332.19, 7.82, 46.457, 332.19, 7.82, 0.009, 0.19, -9.79);
insert into SHOT values (1839, 1456, 1822, 992, 34.080, 20.10, 8.20, 34.082, 20.09, 8.20, 0.004, 323.00, -20.28);
insert into SHOT values (1840, 1456, 1823, 992, 5.686, 282.61, 73.34, 5.689, 282.76, 73.35, 0.005, 12.40, 32.36);
insert into SHOT values (1841, 1456, 1824, 992, 1.130, 49.53, -67.92, 1.136, 49.69, -67.60, 0.009, 57.72, -19.29);
insert into SHOT values (1842, 1456, 1825, 992, 9.135, 198.99, 15.46, 9.130, 198.97, 15.50, 0.008, 44.03, 31.89);
insert into SHOT values (1843, 1456, 1826, 992, 8.403, 163.36, 11.46, 8.403, 163.35, 11.46, 0.001, 74.93, -5.19);
insert into SHOT values (1844, 1457, 1827, 992, 17.812, 206.88, 14.75, 17.811, 206.89, 14.77, 0.006, 343.73, 55.98);
insert into SHOT values (1845, 1457, 1828, 992, 14.425, 179.37, 27.37, 14.425, 179.37, 27.36, 0.002, 260.10, -38.06);
insert into SHOT values (1846, 1457, 1829, 992, 12.154, 147.39, 36.26, 12.157, 147.41, 36.26, 0.005, 193.94, 18.58);
insert into SHOT values (1847, 1457, 1830, 992, 6.526, 103.66, 13.78, 6.529, 103.69, 13.82, 0.006, 157.52, 58.97);
insert into SHOT values (1848, 1457, 1831, 992, 31.372, 343.41, 15.73, 31.370, 343.41, 15.72, 0.004, 115.44, -65.47);
insert into SHOT values (1849, 1457, 1832, 992, 0.546, 113.72, -66.62, 0.546, 114.23, -66.32, 0.003, 149.97, 19.66);
insert into SHOT values (1850, 1457, 1833, 992, 12.235, 235.04, 78.00, 12.237, 234.93, 78.01, 0.005, 122.08, 24.41);
insert into SHOT values (1851, 1458, 1834, 992, 1.144, 268.89, -74.20, 1.143, 270.00, -74.26, 0.006, 14.03, 6.93);
insert into SHOT values (1852, 1458, 1835, 992, 13.820, 229.12, 63.76, 13.824, 229.11, 63.76, 0.004, 215.15, 82.78);
insert into SHOT values (1853, 1458, 1836, 992, 22.955, 220.17, 20.42, 22.956, 220.15, 20.45, 0.012, 109.56, 51.72);
insert into SHOT values (1854, 1458, 1837, 992, 18.738, 199.02, 15.94, 18.735, 199.02, 15.96, 0.006, 39.07, 39.54);
insert into SHOT values (1855, 1458, 1838, 992, 23.207, 169.73, 11.73, 23.209, 169.73, 11.73, 0.002, 173.88, 25.73);
insert into SHOT values (1856, 1458, 1839, 992, 16.935, 126.55, 14.12, 16.942, 126.54, 14.14, 0.010, 94.87, 52.12);
insert into SHOT values (1857, 1458, 1840, 992, 13.981, 117.93, 16.06, 13.980, 117.92, 16.07, 0.004, 340.38, 47.64);
insert into SHOT values (1858, 1458, 1841, 992, 16.179, 109.16, 15.84, 16.178, 109.17, 15.86, 0.004, 235.51, 50.45);
insert into SHOT values (1859, 1458, 1842, 992, 25.757, 356.28, 14.79, 25.757, 356.27, 14.80, 0.004, 255.04, 52.62);
insert into SHOT values (1860, 1458, 1843, 992, 25.442, 2.11, 16.12, 25.448, 2.11, 16.13, 0.009, 0.17, 58.23);
insert into SHOT values (1861, 1461, 1844, 992, 3.851, 186.73, 29.21, 3.854, 186.83, 29.20, 0.006, 253.94, 7.52);
insert into SHOT values (1862, 1461, 1845, 992, 13.529, 9.15, 82.52, 13.525, 9.14, 82.51, 0.004, 344.61, -78.43);
insert into SHOT values (1863, 1461, 1846, 992, 2.706, 339.19, 3.76, 2.703, 339.15, 3.82, 0.005, 191.27, 30.21);
insert into SHOT values (1864, 1461, 1847, 992, 3.619, 342.87, 42.70, 3.623, 342.72, 42.76, 0.009, 257.18, 38.48);
insert into SHOT values (1865, 1461, 1848, 992, 3.056, 315.58, 3.53, 3.054, 315.40, 3.57, 0.010, 210.69, 11.50);
insert into SHOT values (1866, 1462, 1849, 992, 1.637, 147.19, 4.83, 1.634, 147.29, 4.91, 0.005, 284.14, 29.14);
insert into SHOT values (1867, 1462, 1850, 992, 3.129, 130.25, 29.31, 3.130, 130.24, 29.48, 0.009, 323.21, 65.13);
insert into SHOT values (1868, 1462, 1851, 992, 8.992, 167.30, 85.12, 8.993, 167.23, 85.09, 0.004, 153.44, 9.69);
insert into SHOT values (1869, 1462, 1852, 992, 11.726, 41.58, 4.79, 11.729, 41.60, 4.79, 0.006, 101.53, 19.03);
insert into SHOT values (1870, 1462, 1853, 992, 10.807, 54.02, 6.79, 10.801, 54.03, 6.81, 0.006, 220.47, 12.76);
insert into SHOT values (1871, 1462, 1854, 992, 6.812, 63.70, 8.22, 6.810, 63.66, 8.27, 0.008, 306.46, 49.17);
insert into SHOT values (1872, 1462, 1855, 992, 6.465, 80.54, 18.49, 6.467, 80.52, 18.48, 0.003, 41.12, -5.47);
insert into SHOT values (1873, 1462, 1856, 992, 4.620, 332.38, 4.88, 4.620, 332.43, 4.97, 0.008, 71.99, 58.04);
insert into SHOT values (1874, 1462, 1857, 992, 1.602, 289.33, 5.55, 1.599, 289.46, 5.74, 0.007, 64.67, 45.17);
insert into SHOT values (1875, 1462, 1858, 992, 7.116, 274.27, 13.54, 7.118, 274.23, 13.57, 0.006, 191.49, 37.69);
insert into SHOT values (1876, 1462, 1859, 992, 7.395, 251.11, 6.29, 7.391, 251.10, 6.29, 0.005, 92.39, -10.61);
insert into SHOT values (1877, 1462, 1860, 992, 5.071, 232.61, 1.92, 5.075, 232.61, 1.92, 0.004, 227.99, 5.16);
insert into SHOT values (1878, 1462, 1861, 992, 5.829, 226.63, -5.07, 5.830, 226.60, -5.02, 0.006, 169.92, 63.06);
insert into SHOT values (1879, 1462, 1862, 992, 6.356, 218.77, -6.00, 6.358, 218.77, -5.96, 0.005, 239.41, 60.14);
insert into SHOT values (1880, 1462, 1863, 992, 2.005, 282.10, 5.29, 2.004, 282.15, 5.44, 0.006, 55.34, 63.11);
insert into SHOT values (1881, 1462, 1864, 992, 20.359, 263.03, 52.63, 20.362, 263.03, 52.62, 0.004, 263.12, 0.54);
insert into SHOT values (1882, 1463, 1865, 992, 1.865, 167.88, 9.27, 1.864, 168.08, 9.26, 0.007, 266.38, -4.29);
insert into SHOT values (1883, 1463, 1866, 992, 2.498, 128.11, 10.05, 2.494, 128.22, 9.93, 0.008, 248.88, -45.92);
insert into SHOT values (1884, 1463, 1867, 992, 6.814, 101.69, 8.86, 6.812, 101.74, 8.87, 0.007, 207.56, 4.38);
insert into SHOT values (1885, 1463, 1868, 992, 8.778, 91.23, 13.97, 8.772, 91.28, 13.99, 0.009, 221.71, 0.77);
insert into SHOT values (1886, 1463, 1869, 992, 1.801, 222.22, 73.08, 1.800, 222.71, 72.85, 0.008, 257.22, -20.84);
insert into SHOT values (1887, 1463, 1870, 992, 0.435, 130.46, -64.26, 0.434, 132.88, -63.90, 0.008, 206.80, 12.47);
insert into SHOT values (1888, 1463, 1871, 992, 17.973, 231.02, -2.05, 17.979, 231.03, -2.04, 0.009, 268.93, 17.47);
insert into SHOT values (1889, 1463, 1872, 992, 18.065, 238.88, -1.52, 18.069, 238.86, -1.52, 0.007, 180.12, -16.45);
insert into SHOT values (1890, 1463, 1873, 992, 11.908, 248.18, -0.18, 11.914, 248.17, -0.19, 0.007, 239.91, -28.37);
insert into SHOT values (1891, 1463, 1874, 992, 11.133, 260.35, -0.99, 11.140, 260.33, -0.98, 0.008, 237.76, 16.44);
insert into SHOT values (1892, 1463, 1875, 992, 10.097, 269.04, 1.90, 10.097, 269.03, 1.87, 0.005, 178.66, -71.43);
insert into SHOT values (1893, 1463, 1876, 992, 8.375, 283.49, 7.25, 8.373, 283.43, 7.20, 0.011, 188.50, -40.33);
insert into SHOT values (1894, 1463, 1877, 992, 5.346, 314.41, 10.34, 5.348, 314.38, 10.34, 0.003, 261.55, 11.05);
insert into SHOT values (1895, 1463, 1878, 992, 7.493, 346.78, 10.07, 7.492, 346.76, 10.07, 0.004, 236.57, -0.45);
insert into SHOT values (1896, 1463, 1879, 992, 7.363, 19.41, 11.29, 7.363, 19.41, 11.28, 0.001, 140.94, -86.95);
insert into SHOT values (1897, 1463, 1880, 992, 9.762, 46.67, 10.39, 9.753, 46.69, 10.40, 0.010, 202.89, -5.92);
insert into SHOT values (1898, 1463, 1881, 992, 10.137, 63.06, 10.56, 10.132, 63.07, 10.58, 0.006, 221.63, 16.03);
insert into SHOT values (1899, 1464, 1882, 992, 1.807, 348.49, 8.44, 1.813, 348.75, 8.24, 0.012, 38.28, -26.01);
insert into SHOT values (1900, 1464, 1883, 992, 4.856, 34.59, 2.09, 4.863, 34.61, 2.00, 0.010, 48.50, -43.43);
insert into SHOT values (1901, 1464, 1884, 992, 7.366, 49.28, 8.02, 7.367, 49.28, 7.96, 0.007, 50.14, -71.03);
insert into SHOT values (1902, 1466, 1885, 992, 8.503, 14.51, 8.15, 8.505, 14.51, 8.18, 0.005, 48.03, 70.79);
insert into SHOT values (1903, 1466, 1886, 992, 10.212, 45.23, 18.32, 10.219, 45.25, 18.31, 0.008, 68.97, -5.05);
insert into SHOT values (1904, 1466, 1887, 992, 10.694, 77.19, 18.57, 10.701, 77.18, 18.58, 0.007, 73.64, 35.45);
insert into SHOT values (1905, 1466, 1888, 992, 11.553, 123.89, 10.23, 11.557, 123.89, 10.27, 0.008, 90.22, 70.12);
insert into SHOT values (1906, 1466, 1889, 992, 11.752, 135.12, 9.88, 11.750, 135.11, 9.90, 0.005, 10.20, 38.11);
insert into SHOT values (1907, 1466, 1890, 992, 7.690, 172.71, 1.88, 7.687, 172.67, 1.94, 0.009, 52.62, 49.42);
insert into SHOT values (1908, 1466, 1891, 992, 4.651, 230.20, 3.87, 4.647, 230.16, 3.95, 0.008, 83.76, 51.52);
insert into SHOT values (1909, 1466, 1892, 992, 9.461, 244.16, -1.57, 9.458, 244.17, -1.58, 0.003, 27.76, -10.96);
insert into SHOT values (1910, 1466, 1893, 992, 8.121, 320.33, 0.45, 8.118, 320.35, 0.49, 0.008, 100.33, 59.00);
insert into SHOT values (1911, 1466, 1894, 992, 9.089, 300.32, -2.86, 9.082, 300.32, -2.84, 0.007, 116.94, 23.50);
insert into SHOT values (1912, 1466, 1895, 992, 14.383, 286.70, -8.55, 14.381, 286.71, -8.56, 0.005, 46.41, -11.48);
insert into SHOT values (1913, 1466, 1896, 992, 0.964, 343.95, -69.53, 0.963, 344.74, -69.19, 0.007, 28.38, 24.63);
insert into SHOT values (1914, 1466, 1897, 992, 2.536, 325.95, 81.85, 2.536, 326.31, 81.83, 0.002, 33.43, -8.64);
insert into SHOT values (1915, 1467, 1898, 992, 9.342, 108.17, 20.81, 9.344, 108.14, 20.81, 0.005, 43.46, 5.60);
insert into SHOT values (1916, 1467, 1899, 992, 13.661, 98.19, 19.10, 13.664, 98.19, 19.10, 0.003, 129.63, -2.14);
insert into SHOT values (1917, 1467, 1900, 992, 8.468, 129.19, 14.45, 8.470, 129.16, 14.43, 0.006, 73.03, -37.34);
insert into SHOT values (1918, 1467, 1901, 992, 20.899, 143.25, 10.77, 20.901, 143.24, 10.75, 0.006, 95.66, -44.12);
insert into SHOT values (1919, 1467, 1902, 992, 16.801, 157.14, 6.84, 16.800, 157.14, 6.84, 0.002, 14.98, -21.72);
insert into SHOT values (1920, 1467, 1903, 992, 10.869, 182.15, 3.08, 10.863, 182.17, 3.06, 0.007, 340.23, -28.24);
insert into SHOT values (1921, 1467, 1904, 992, 8.289, 204.38, 5.48, 8.286, 204.42, 5.47, 0.006, 325.83, -10.53);
insert into SHOT values (1922, 1467, 1905, 992, 7.141, 227.63, 4.67, 7.138, 227.68, 4.66, 0.007, 343.22, -15.92);
insert into SHOT values (1923, 1467, 1906, 992, 8.740, 291.90, 16.07, 8.738, 291.95, 16.01, 0.012, 18.43, -49.68);
insert into SHOT values (1924, 1467, 1907, 992, 7.855, 341.76, 17.38, 7.854, 341.73, 17.33, 0.008, 272.23, -57.49);
insert into SHOT values (1925, 1467, 1908, 992, 6.629, 24.09, 17.65, 6.632, 24.09, 17.64, 0.004, 29.64, 1.22);
insert into SHOT values (1926, 1467, 1909, 992, 8.676, 45.91, 19.21, 8.671, 45.89, 19.19, 0.007, 266.38, -44.46);
insert into SHOT values (1927, 1467, 1910, 992, 3.984, 262.00, 78.65, 3.979, 261.97, 78.58, 0.007, 256.34, -60.56);
insert into SHOT values (1928, 1468, 1911, 992, 18.323, 87.86, 45.26, 18.328, 87.87, 45.27, 0.006, 150.16, 66.82);
insert into SHOT values (1929, 1468, 1912, 992, 12.291, 87.72, 22.23, 12.292, 87.73, 22.23, 0.003, 154.50, 20.41);
insert into SHOT values (1930, 1468, 1913, 992, 4.977, 54.66, 18.92, 4.974, 54.69, 18.89, 0.005, 185.58, -50.10);
insert into SHOT values (1931, 1468, 1914, 992, 7.054, 68.95, 25.76, 7.056, 68.97, 25.79, 0.005, 150.72, 56.21);
insert into SHOT values (1932, 1468, 1915, 992, 9.442, 79.04, 26.95, 9.440, 79.04, 26.96, 0.003, 255.53, 0.64);
insert into SHOT values (1933, 1468, 1916, 992, 14.911, 90.67, 25.55, 14.909, 90.68, 25.55, 0.004, 209.03, -33.81);
insert into SHOT values (1934, 1468, 1917, 992, 10.400, 99.75, 26.19, 10.402, 99.74, 26.18, 0.002, 73.42, 14.95);
insert into SHOT values (1935, 1468, 1918, 992, 8.201, 111.31, 25.05, 8.199, 111.31, 25.04, 0.003, 290.24, -54.86);
insert into SHOT values (1936, 1468, 1919, 992, 11.157, 137.74, 15.00, 11.156, 137.78, 15.01, 0.008, 240.87, 13.60);
insert into SHOT values (1937, 1468, 1920, 992, 11.650, 149.97, 8.22, 11.657, 149.99, 8.24, 0.009, 183.62, 26.08);
insert into SHOT values (1938, 1468, 1921, 992, 0.474, 25.03, -62.57, 0.470, 25.35, -63.41, 0.008, 196.96, 5.04);
insert into SHOT values (1939, 1468, 1922, 992, 4.042, 166.87, 80.52, 4.045, 167.01, 80.51, 0.004, 211.72, 53.93);
insert into SHOT values (1940, 1468, 1923, 992, 14.760, 51.83, 83.92, 14.763, 52.03, 83.93, 0.007, 173.10, 25.57);
insert into SHOT values (1941, 1468, 1924, 992, 6.352, 236.92, 3.01, 6.360, 236.89, 2.97, 0.010, 215.44, -21.44);
insert into SHOT values (1942, 1468, 1925, 992, 4.846, 259.91, 5.71, 4.849, 259.85, 5.68, 0.006, 206.89, -18.16);
insert into SHOT values (1943, 1468, 1926, 992, 5.849, 280.50, 7.49, 5.846, 280.44, 7.47, 0.007, 163.31, -21.64);
insert into SHOT values (1944, 1469, 1927, 992, 1.296, 322.51, -75.62, 1.292, 322.43, -75.30, 0.008, 318.36, 41.21);
insert into SHOT values (1945, 1469, 1928, 992, 2.812, 160.52, 66.06, 2.810, 160.45, 66.16, 0.006, 354.55, 0.13);
insert into SHOT values (1946, 1469, 1929, 992, 13.556, 124.98, -3.46, 13.554, 124.95, -3.47, 0.007, 21.02, -13.39);
insert into SHOT values (1947, 1469, 1930, 992, 6.251, 108.52, 3.91, 6.248, 108.52, 3.95, 0.006, 290.28, 49.09);
insert into SHOT values (1948, 1469, 1931, 992, 8.469, 190.92, -5.87, 8.468, 190.95, -5.90, 0.006, 297.93, -44.40);
insert into SHOT values (1949, 1469, 1932, 992, 8.003, 217.11, 8.22, 7.999, 217.14, 8.27, 0.009, 348.70, 37.54);
insert into SHOT values (1950, 1469, 1933, 992, 6.209, 241.83, 12.96, 6.202, 241.87, 12.95, 0.008, 29.88, -16.00);
insert into SHOT values (1951, 1470, 1934, 992, 3.321, 1.87, 1.85, 3.314, 1.90, 1.90, 0.008, 168.67, 19.66);
insert into SHOT values (1952, 1470, 1935, 992, 6.233, 344.51, 6.08, 6.232, 344.46, 6.08, 0.005, 238.35, 3.80);
insert into SHOT values (1953, 1470, 1936, 992, 20.832, 334.19, 12.55, 20.826, 334.19, 12.56, 0.007, 160.12, 22.35);
insert into SHOT values (1954, 1470, 1937, 992, 20.433, 324.98, 9.63, 20.427, 324.97, 9.64, 0.007, 168.20, 0.89);
insert into SHOT values (1955, 1470, 1938, 992, 17.389, 303.11, 12.63, 17.387, 303.12, 12.62, 0.003, 82.96, -36.48);
insert into SHOT values (1956, 1470, 1939, 992, 15.490, 292.08, 16.51, 15.487, 292.07, 16.51, 0.005, 153.05, -33.80);
insert into SHOT values (1957, 1470, 1940, 992, 9.792, 285.67, 12.41, 9.792, 285.65, 12.38, 0.005, 219.03, -51.99);
insert into SHOT values (1958, 1470, 1941, 992, 8.371, 276.09, 8.01, 8.369, 276.10, 8.04, 0.005, 69.36, 52.81);
insert into SHOT values (1959, 1470, 1942, 992, 8.352, 272.41, 5.47, 8.356, 272.41, 5.49, 0.006, 286.01, 52.16);
insert into SHOT values (1960, 1470, 1943, 992, 0.490, 183.35, -83.72, 0.494, 189.46, -82.92, 0.010, 226.57, -17.27);
insert into SHOT values (1961, 1470, 1944, 992, 1.369, 35.81, 80.21, 1.368, 35.84, 80.66, 0.011, 215.24, 4.97);
insert into SHOT values (1962, 1470, 1945, 992, 1.321, 55.24, 6.93, 1.319, 55.58, 6.97, 0.008, 160.73, 3.99);
insert into SHOT values (1963, 1470, 1946, 992, 1.379, 110.87, 8.84, 1.377, 111.10, 8.77, 0.006, 215.47, -19.03);
insert into SHOT values (1964, 1470, 1947, 992, 1.859, 144.09, 1.46, 1.863, 144.18, 1.54, 0.006, 179.35, 30.00);
insert into SHOT values (1965, 1470, 1948, 992, 3.024, 231.48, 0.25, 3.031, 231.43, 0.19, 0.009, 210.48, -23.03);
insert into SHOT values (1966, 1471, 1949, 992, 2.356, 253.60, -2.69, 2.347, 253.65, -2.69, 0.009, 59.29, 2.63);
insert into SHOT values (1967, 1471, 1950, 992, 2.128, 297.48, 5.39, 2.121, 297.66, 5.41, 0.010, 76.20, -0.24);
insert into SHOT values (1968, 1471, 1951, 992, 0.216, 321.48, 0.29, 0.214, 322.59, 0.00, 0.005, 77.50, -13.35);
insert into SHOT values (1969, 1471, 1952, 992, 5.683, 330.83, -1.23, 5.677, 330.91, -1.21, 0.010, 95.59, 11.66);
insert into SHOT values (1970, 1471, 1953, 992, 6.160, 342.19, 1.53, 6.166, 342.24, 1.58, 0.010, 24.48, 33.07);
insert into SHOT values (1971, 1471, 1954, 992, 4.527, 13.57, 2.16, 4.531, 13.67, 2.15, 0.009, 72.65, -3.61);
insert into SHOT values (1972, 1471, 1955, 992, 0.255, 42.18, 3.09, 0.262, 43.45, 4.37, 0.011, 81.70, 34.52);
insert into SHOT values (1973, 1471, 1956, 992, 1.266, 104.16, 3.19, 1.270, 104.15, 3.16, 0.004, 99.47, -4.66);
insert into SHOT values (1974, 1471, 1957, 992, 2.053, 147.96, 11.42, 2.050, 147.81, 11.54, 0.007, 23.33, 28.60);
insert into SHOT values (1975, 1471, 1958, 992, 0.950, 173.16, 0.42, 0.948, 172.72, 0.60, 0.008, 64.76, 21.67);
insert into SHOT values (1976, 1471, 1959, 992, 2.002, 216.30, 7.70, 1.992, 216.35, 7.79, 0.010, 26.73, 9.79);
insert into SHOT values (1977, 1471, 1960, 992, 0.890, 230.19, 72.69, 0.890, 229.64, 72.84, 0.004, 96.93, 5.35);
insert into SHOT values (1978, 1472, 1961, 992, 9.436, 6.55, 15.16, 9.437, 6.49, 15.17, 0.010, 280.24, 16.99);
insert into SHOT values (1979, 1472, 1962, 992, 9.978, 42.09, 26.84, 9.978, 42.04, 26.87, 0.010, 295.71, 25.26);
insert into SHOT values (1980, 1472, 1963, 992, 10.025, 71.74, 28.81, 10.022, 71.75, 28.81, 0.003, 218.91, -27.72);
insert into SHOT values (1981, 1472, 1964, 992, 7.895, 5.27, 74.11, 7.901, 5.05, 74.15, 0.011, 257.13, 37.06);
insert into SHOT values (1982, 1472, 1965, 992, 9.209, 83.66, 29.77, 9.208, 83.68, 29.83, 0.009, 240.83, 53.92);
insert into SHOT values (1983, 1472, 1966, 992, 11.485, 92.03, 36.03, 11.486, 92.04, 36.05, 0.005, 257.63, 63.25);
insert into SHOT values (1984, 1472, 1967, 992, 4.901, 273.71, -8.25, 4.901, 273.78, -8.21, 0.007, 1.04, 27.90);
insert into SHOT values (1985, 1472, 1968, 992, 5.722, 219.47, -9.40, 5.724, 219.47, -9.35, 0.005, 206.10, 58.81);
insert into SHOT values (1986, 1472, 1969, 992, 8.850, 213.56, -8.58, 8.849, 213.58, -8.58, 0.003, 314.81, 6.81);
insert into SHOT values (1987, 1472, 1970, 992, 10.053, 205.76, -11.50, 10.054, 205.81, -11.47, 0.010, 283.99, 27.23);
insert into SHOT values (1988, 1472, 1971, 992, 10.335, 125.87, 26.54, 10.335, 125.89, 26.55, 0.004, 230.42, 38.36);
insert into SHOT values (1989, 1472, 1972, 992, 7.345, 143.37, 8.22, 7.338, 143.40, 8.23, 0.009, 294.83, 0.72);
insert into SHOT values (1990, 1472, 1973, 992, 23.532, 108.65, 61.33, 23.531, 108.66, 61.35, 0.009, 274.32, 24.69);
insert into SHOT values (1991, 1472, 1974, 992, 22.585, 100.58, 48.17, 22.581, 100.56, 48.19, 0.007, 317.44, -0.04);
insert into SHOT values (1992, 1472, 1975, 992, 23.597, 115.23, 47.03, 23.598, 115.21, 47.04, 0.007, 347.54, 42.07);
insert into SHOT values (1993, 1473, 1976, 992, 8.757, 93.94, 6.81, 8.753, 93.96, 6.82, 0.005, 247.44, 14.83);
insert into SHOT values (1994, 1473, 1977, 992, 12.676, 111.35, 0.48, 12.673, 111.38, 0.45, 0.010, 225.23, -34.63);
insert into SHOT values (1995, 1473, 1978, 992, 2.095, 113.01, 79.15, 2.097, 113.96, 79.17, 0.007, 208.28, 20.68);
insert into SHOT values (1996, 1473, 1979, 992, 0.366, 133.61, -49.91, 0.369, 135.00, -49.35, 0.007, 185.14, 0.05);
insert into SHOT values (1997, 1473, 1980, 992, 3.086, 227.16, 5.67, 3.086, 227.11, 5.58, 0.006, 138.21, -63.33);
insert into SHOT values (1998, 1473, 1981, 992, 3.670, 201.54, -1.50, 3.678, 201.54, -1.56, 0.009, 202.36, -25.99);
insert into SHOT values (1999, 1474, 1982, 992, 3.721, 68.75, 77.46, 3.729, 68.20, 77.49, 0.011, 337.02, 45.16);
insert into SHOT values (2000, 1474, 1983, 992, 2.249, 299.44, -40.22, 2.253, 299.54, -40.06, 0.008, 323.29, 16.83);
insert into SHOT values (2001, 1474, 1984, 992, 9.295, 42.12, 12.88, 9.305, 42.10, 12.92, 0.012, 21.01, 40.58);
insert into SHOT values (2002, 1474, 1985, 992, 9.413, 60.23, 16.60, 9.414, 60.22, 16.60, 0.002, 343.56, 27.77);
insert into SHOT values (2003, 1474, 1986, 992, 12.300, 92.58, 14.13, 12.306, 92.55, 14.16, 0.010, 35.77, 40.56);
insert into SHOT values (2004, 1474, 1987, 992, 12.489, 137.27, 7.82, 12.486, 137.23, 7.83, 0.010, 26.59, 8.20);
insert into SHOT values (2005, 1474, 1988, 992, 9.464, 154.76, 3.75, 9.463, 154.74, 3.76, 0.004, 54.26, 24.88);
insert into SHOT values (2006, 1474, 1989, 992, 5.754, 198.52, 7.94, 5.751, 198.53, 8.00, 0.007, 359.87, 54.72);
insert into SHOT values (2007, 1474, 1990, 992, 2.234, 241.21, -8.81, 2.228, 241.22, -8.78, 0.006, 56.53, 19.18);
insert into SHOT values (2008, 1474, 1991, 992, 10.050, 238.36, -16.21, 10.050, 238.38, -16.18, 0.007, 301.42, 50.09);
insert into SHOT values (2009, 1474, 1992, 992, 7.431, 310.46, 0.72, 7.434, 310.53, 0.77, 0.010, 22.03, 34.79);
insert into SHOT values (2010, 1474, 1993, 992, 12.039, 302.57, -5.83, 12.037, 302.59, -5.82, 0.006, 49.40, 41.26);
insert into SHOT values (2011, 1475, 1994, 992, 4.436, 213.38, 4.86, 4.434, 213.37, 4.79, 0.006, 57.99, -70.05);
insert into SHOT values (2012, 1475, 1995, 992, 4.235, 175.47, 2.78, 4.238, 175.53, 2.71, 0.008, 232.79, -45.52);
insert into SHOT values (2013, 1475, 1996, 992, 1.178, 29.42, 70.14, 1.181, 29.74, 70.04, 0.004, 67.50, 28.63);
insert into SHOT values (2014, 1475, 1997, 992, 0.349, 86.50, -77.19, 0.349, 90.00, -76.76, 0.005, 149.38, 3.34);
insert into SHOT values (2015, 1475, 1998, 992, 5.737, 1.80, 11.47, 5.737, 1.83, 11.46, 0.004, 84.90, -12.37);
insert into SHOT values (2016, 1475, 1999, 992, 7.242, 42.89, 21.99, 7.241, 42.89, 21.98, 0.002, 163.00, -77.41);
insert into SHOT values (2017, 1475, 2000, 992, 5.675, 56.49, 18.41, 5.673, 56.52, 18.39, 0.004, 166.95, -39.70);
insert into SHOT values (2018, 1475, 2001, 992, 5.890, 113.71, 8.24, 5.890, 113.66, 8.20, 0.007, 34.62, -38.15);
insert into SHOT values (2019, 1475, 2002, 992, 2.626, 134.22, 9.28, 2.629, 134.22, 9.19, 0.005, 137.23, -42.52);
insert into SHOT values (2020, 1476, 2003, 992, 0.872, 344.25, 74.48, 0.871, 342.35, 74.63, 0.008, 235.76, -1.51);
insert into SHOT values (2021, 1476, 2004, 992, 1.552, 253.04, 10.83, 1.555, 252.87, 10.75, 0.006, 200.30, -15.29);
insert into SHOT values (2022, 1476, 2005, 992, 1.328, 230.77, 30.65, 1.332, 231.03, 30.71, 0.006, 296.76, 27.52);
insert into SHOT values (2023, 1476, 2006, 992, 3.442, 357.18, -5.33, 3.439, 357.15, -5.34, 0.003, 202.62, -0.48);
insert into SHOT values (2024, 1476, 2007, 992, 2.536, 28.95, -4.36, 2.532, 28.90, -4.30, 0.006, 235.70, 31.06);
insert into SHOT values (2025, 1476, 2008, 992, 2.835, 83.32, 2.47, 2.832, 83.30, 2.43, 0.004, 275.31, -32.30);
insert into SHOT values (2026, 1476, 2009, 992, 3.821, 104.65, 4.27, 3.813, 104.62, 4.21, 0.009, 299.73, -32.51);
insert into SHOT values (2027, 1476, 2010, 992, 6.331, 110.58, 1.52, 6.328, 110.64, 1.54, 0.007, 223.61, 19.91);
insert into SHOT values (2028, 1477, 2011, 992, 2.618, 354.68, 7.53, 2.613, 354.69, 7.48, 0.005, 173.31, -36.11);
insert into SHOT values (2029, 1477, 2012, 992, 2.027, 48.48, 12.48, 2.025, 48.49, 12.55, 0.003, 221.23, 36.71);
insert into SHOT values (2030, 1477, 2013, 992, 4.818, 101.75, -5.01, 4.819, 101.78, -5.00, 0.003, 158.55, 22.81);
insert into SHOT values (2031, 1477, 2014, 992, 5.964, 121.59, -7.68, 5.971, 121.59, -7.70, 0.007, 129.25, -20.15);
insert into SHOT values (2032, 1477, 2015, 992, 0.772, 290.34, -82.18, 0.768, 291.80, -81.93, 0.006, 336.24, 51.53);
insert into SHOT values (2033, 1477, 2016, 992, 6.326, 142.72, -16.20, 6.322, 142.70, -16.16, 0.006, 10.82, 50.11);
insert into SHOT values (2034, 1477, 2017, 992, 7.681, 134.69, -11.34, 7.688, 134.68, -11.33, 0.007, 124.06, 0.48);
insert into SHOT values (2035, 1477, 2018, 992, 1.512, 129.78, 87.60, 1.511, 128.66, 87.57, 0.002, 68.13, -25.27);
insert into SHOT values (2036, 1477, 2019, 992, 4.601, 168.10, -10.51, 4.604, 168.14, -10.51, 0.005, 221.67, -11.12);
insert into SHOT values (2037, 1477, 2020, 992, 5.269, 189.88, -13.40, 5.269, 189.88, -13.39, 0.001, 244.12, 46.41);
insert into SHOT values (2038, 1477, 2021, 992, 7.004, 199.19, -15.68, 7.006, 199.21, -15.65, 0.004, 245.76, 37.53);
insert into SHOT values (2039, 1477, 2022, 992, 3.230, 221.10, -13.21, 3.233, 221.13, -13.23, 0.004, 265.67, -30.62);
insert into SHOT values (2040, 1477, 2023, 992, 2.796, 246.98, -1.77, 2.793, 247.02, -1.85, 0.005, 39.49, -46.78);
insert into SHOT values (2041, 1477, 2024, 992, 3.655, 261.22, 11.03, 3.650, 261.17, 11.06, 0.006, 114.60, 9.60);
insert into SHOT values (2042, 1477, 2025, 992, 5.108, 268.58, 16.83, 5.110, 268.59, 16.83, 0.003, 292.27, 30.88);
insert into SHOT values (2043, 1477, 2026, 992, 4.775, 295.12, 18.99, 4.777, 295.15, 18.93, 0.006, 334.06, -43.47);
insert into SHOT values (2044, 1478, 2027, 992, 11.317, 336.52, 81.09, 11.317, 336.50, 81.08, 0.003, 323.65, -8.69);
insert into SHOT values (2045, 1478, 2028, 992, 2.463, 133.24, -7.61, 2.463, 133.17, -7.70, 0.005, 32.32, -52.82);
insert into SHOT values (2046, 1478, 2029, 992, 0.922, 186.70, 7.00, 0.922, 186.27, 6.85, 0.007, 99.37, -18.68);
insert into SHOT values (2047, 1478, 2030, 992, 0.881, 247.85, 27.63, 0.873, 248.06, 27.26, 0.010, 33.82, -58.73);
insert into SHOT values (2048, 1478, 2031, 992, 1.358, 276.11, 34.74, 1.356, 276.17, 34.59, 0.004, 339.73, -71.38);
insert into SHOT values (2049, 1478, 2032, 992, 1.143, 347.00, 22.20, 1.142, 346.88, 22.13, 0.003, 238.80, -39.49);
insert into SHOT values (2050, 1478, 2033, 992, 1.112, 61.98, 7.14, 1.117, 62.05, 6.68, 0.010, 74.45, -52.82);
insert into SHOT values (2051, 1478, 2034, 992, 2.296, 76.48, -8.55, 2.299, 76.51, -8.76, 0.009, 106.82, -74.05);
insert into SHOT values (2052, 1479, 2035, 992, 1.037, 178.41, -15.57, 1.029, 178.26, -15.79, 0.009, 14.60, -10.79);
insert into SHOT values (2053, 1479, 2036, 992, 1.721, 129.77, -16.85, 1.722, 129.58, -16.88, 0.005, 47.47, -12.75);
insert into SHOT values (2054, 1479, 2037, 992, 1.557, 115.90, -5.91, 1.551, 115.73, -5.92, 0.007, 333.16, 2.77);
insert into SHOT values (2055, 1480, 2038, 992, 0.834, 6.05, 80.04, 0.832, 4.09, 80.29, 0.006, 236.65, -12.93);
insert into SHOT values (2056, 1480, 2039, 992, 2.140, 338.02, 11.47, 2.136, 337.84, 11.34, 0.009, 226.74, -39.20);
insert into SHOT values (2057, 1480, 2040, 992, 1.673, 20.41, 16.15, 1.666, 20.47, 16.03, 0.008, 183.14, -41.11);
insert into SHOT values (2058, 1480, 2041, 992, 1.094, 28.49, 23.44, 1.086, 28.11, 23.32, 0.010, 255.95, -29.77);
insert into SHOT values (2059, 1480, 2042, 992, 2.040, 55.67, 21.80, 2.030, 55.80, 21.69, 0.012, 206.51, -39.76);
insert into SHOT values (2060, 1480, 2043, 992, 2.466, 80.00, 16.20, 2.462, 80.02, 16.04, 0.008, 237.64, -72.64);
insert into SHOT values (2061, 1480, 2044, 992, 1.101, 105.98, 17.25, 1.098, 106.02, 16.94, 0.007, 237.23, -81.52);
insert into SHOT values (2062, 1480, 2045, 992, 0.998, 153.89, 7.11, 0.996, 154.21, 6.92, 0.007, 262.65, -30.42);
insert into SHOT values (2063, 1480, 2046, 992, 1.477, 216.90, -7.63, 1.478, 216.95, -7.78, 0.004, 303.02, -73.50);
insert into SHOT values (2064, 1480, 2047, 992, 1.983, 238.17, -15.54, 1.989, 238.22, -15.45, 0.007, 249.84, 8.76);
insert into SHOT values (2065, 1480, 2048, 992, 2.468, 286.17, -8.28, 2.473, 286.14, -8.37, 0.006, 266.88, -46.92);
insert into SHOT values (2066, 1480, 2049, 992, 3.582, 266.27, -13.98, 3.585, 266.21, -14.05, 0.006, 200.60, -48.23);
insert into SHOT values (2067, 1480, 2050, 992, 4.012, 251.58, -21.91, 4.022, 251.57, -21.90, 0.010, 247.13, -16.63);
insert into SHOT values (2068, 1481, 2051, 992, 0.734, 168.45, 2.99, 0.735, 169.00, 3.12, 0.007, 254.79, 13.89);
insert into SHOT values (2069, 1481, 2052, 992, 2.759, 214.70, -8.73, 2.762, 214.85, -8.75, 0.008, 284.85, -9.44);
insert into SHOT values (2070, 1481, 2053, 992, 4.429, 231.91, -12.08, 4.428, 231.94, -11.99, 0.007, 322.07, 69.23);
insert into SHOT values (2071, 1481, 2054, 992, 1.333, 170.72, 86.12, 1.333, 173.66, 86.10, 0.005, 257.26, 0.64);
insert into SHOT values (2072, 1481, 2055, 992, 2.929, 293.94, -3.60, 2.938, 293.94, -3.51, 0.010, 295.06, 22.74);
insert into SHOT values (2073, 1481, 2056, 992, 4.381, 276.08, -11.84, 4.387, 276.02, -11.84, 0.007, 238.31, -9.70);
insert into SHOT values (2074, 1481, 2057, 992, 6.998, 271.07, -13.84, 7.003, 271.10, -13.80, 0.008, 299.67, 26.85);
insert into SHOT values (2075, 1482, 2058, 992, 1.123, 347.72, 82.78, 1.119, 347.91, 82.65, 0.005, 0.46, -62.54);
insert into SHOT values (2076, 1482, 2059, 992, 1.842, 6.96, 14.54, 1.841, 6.77, 14.47, 0.006, 271.12, -22.47);
insert into SHOT values (2077, 1482, 2060, 992, 1.997, 336.07, 8.22, 2.003, 335.89, 8.04, 0.011, 293.03, -32.31);
insert into SHOT values (2078, 1482, 2061, 992, 3.050, 323.28, 4.72, 3.054, 323.28, 4.70, 0.005, 325.02, -15.17);
insert into SHOT values (2079, 1482, 2062, 992, 5.401, 300.75, 1.26, 5.400, 300.75, 1.17, 0.009, 152.92, -83.50);
insert into SHOT values (2080, 1482, 2063, 992, 10.020, 293.95, -1.39, 10.027, 293.96, -1.43, 0.010, 311.29, -45.77);
insert into SHOT values (2081, 1482, 2064, 992, 3.514, 92.07, 18.20, 3.506, 92.06, 18.11, 0.010, 276.18, -52.45);
insert into SHOT values (2082, 1482, 2065, 992, 2.042, 203.04, 11.22, 2.040, 203.24, 11.02, 0.010, 297.86, -46.27);
insert into SHOT values (2083, 1482, 2066, 992, 4.619, 240.14, 0.54, 4.623, 240.16, 0.50, 0.006, 265.76, -41.07);
insert into SHOT values (2084, 1483, 2067, 992, 9.089, 33.07, 4.96, 9.090, 33.06, 4.92, 0.006, 334.99, -70.94);
insert into SHOT values (2085, 1483, 2068, 992, 8.109, 4.79, 10.00, 8.110, 4.81, 9.94, 0.009, 55.43, -65.95);
insert into SHOT values (2086, 1483, 2069, 992, 7.323, 355.00, 9.71, 7.322, 354.99, 9.67, 0.005, 240.59, -77.28);
insert into SHOT values (2087, 1483, 2070, 992, 5.789, 330.01, 4.37, 5.787, 330.06, 4.36, 0.006, 81.91, -14.56);
insert into SHOT values (2088, 1483, 2071, 992, 5.309, 339.11, 2.16, 5.312, 339.14, 2.16, 0.004, 25.73, -6.84);
insert into SHOT values (2089, 1483, 2072, 992, 1.107, 317.38, 81.24, 1.103, 319.76, 81.12, 0.008, 34.39, -29.46);
insert into SHOT values (2090, 1483, 2073, 992, 0.863, 29.75, -69.96, 0.864, 29.98, -69.67, 0.005, 45.24, 9.27);
insert into SHOT values (2091, 1483, 2074, 992, 5.702, 86.21, 11.45, 5.705, 86.21, 11.42, 0.004, 80.61, -30.14);
insert into SHOT values (2092, 1483, 2075, 992, 5.315, 99.11, 10.12, 5.318, 99.12, 10.07, 0.006, 108.75, -46.74);
insert into SHOT values (2093, 1483, 2076, 992, 8.964, 101.55, 10.26, 8.960, 101.51, 10.22, 0.010, 343.09, -45.28);
insert into SHOT values (2094, 1483, 2077, 992, 2.674, 251.15, 9.16, 2.674, 251.22, 9.04, 0.007, 330.74, -58.04);
insert into SHOT values (2095, 1483, 2078, 992, 5.920, 318.12, 5.96, 5.924, 318.16, 5.91, 0.008, 9.50, -32.77);
insert into SHOT values (2096, 1483, 2079, 992, 5.163, 346.27, 4.62, 5.163, 346.29, 4.55, 0.006, 56.79, -76.67);
insert into SHOT values (2097, 1483, 2080, 992, 8.438, 13.72, 5.60, 8.439, 13.71, 5.58, 0.005, 314.38, -53.27);
insert into SHOT values (2098, 1483, 2081, 992, 1.614, 357.16, 44.98, 1.613, 357.49, 44.97, 0.007, 91.57, -8.13);
insert into SHOT values (2099, 1483, 2082, 992, 2.828, 351.29, -20.23, 2.835, 351.35, -20.22, 0.008, 15.13, -15.68);
insert into SHOT values (2100, 1486, 2083, 992, 2.337, 50.90, 9.64, 2.336, 50.99, 9.61, 0.004, 147.03, -20.78);
insert into SHOT values (2101, 1486, 2084, 992, 2.932, 106.56, 3.57, 2.938, 106.64, 3.51, 0.008, 138.85, -18.67);
insert into SHOT values (2102, 1486, 2085, 992, 3.424, 128.16, -0.86, 3.433, 128.14, -0.83, 0.009, 121.60, 9.24);
insert into SHOT values (2103, 1486, 2086, 992, 2.673, 330.29, 16.27, 2.674, 330.34, 16.29, 0.003, 51.62, 25.41);
insert into SHOT values (2104, 1486, 2087, 992, 1.687, 275.90, 13.50, 1.685, 275.95, 13.39, 0.004, 50.74, -60.72);
insert into SHOT values (2105, 1486, 2088, 992, 6.007, 220.40, -2.07, 6.005, 220.40, -2.10, 0.003, 15.47, -57.91);
insert into SHOT values (2106, 1486, 2089, 992, 6.531, 197.43, -5.07, 6.532, 197.35, -5.09, 0.009, 110.86, -18.08);
insert into SHOT values (2107, 1486, 2090, 992, 0.951, 140.86, 50.81, 0.948, 141.04, 50.38, 0.008, 170.99, -60.70);
insert into SHOT values (2108, 1486, 2091, 992, 2.058, 145.70, -32.88, 2.064, 145.58, -32.86, 0.007, 110.21, -22.50);
insert into SHOT values (2109, 1487, 2092, 992, 2.005, 285.47, 5.88, 2.004, 285.71, 5.73, 0.010, 15.35, -32.61);
insert into SHOT values (2110, 1487, 2093, 992, 3.549, 278.87, 9.50, 3.550, 278.87, 9.40, 0.006, 288.43, -74.82);
insert into SHOT values (2111, 1487, 2094, 992, 4.555, 242.83, 11.77, 4.555, 242.92, 11.78, 0.007, 335.38, 5.92);
insert into SHOT values (2112, 1487, 2095, 992, 2.777, 198.73, 12.63, 2.772, 198.77, 12.71, 0.007, 359.61, 22.44);
insert into SHOT values (2113, 1487, 2096, 992, 3.210, 62.27, 18.05, 3.207, 62.26, 17.98, 0.005, 254.95, -70.84);
insert into SHOT values (2114, 1487, 2097, 992, 1.634, 342.22, 66.17, 1.630, 342.39, 66.08, 0.005, 48.39, -66.39);
insert into SHOT values (2115, 1487, 2098, 992, 0.668, 304.30, -35.68, 0.671, 304.56, -35.52, 0.005, 337.55, -5.04);
insert into SHOT values (2116, 1488, 2099, 992, 1.693, 116.68, 4.62, 1.696, 116.72, 4.73, 0.005, 136.49, 47.69);
insert into SHOT values (2117, 1488, 2100, 992, 5.376, 89.08, 7.85, 5.381, 89.03, 7.80, 0.008, 46.60, -31.42);
insert into SHOT values (2118, 1488, 2101, 992, 8.489, 58.35, 6.08, 8.493, 58.36, 6.08, 0.004, 73.43, 10.05);
insert into SHOT values (2119, 1488, 2102, 992, 11.939, 11.03, 3.67, 11.944, 11.03, 3.65, 0.007, 4.52, -35.62);
insert into SHOT values (2120, 1488, 2103, 992, 12.876, 1.87, 2.10, 12.875, 1.87, 2.09, 0.002, 135.38, -61.59);
insert into SHOT values (2121, 1488, 2104, 992, 11.109, 288.33, 4.44, 11.105, 288.32, 4.44, 0.005, 133.46, -9.00);
insert into SHOT values (2122, 1488, 2105, 992, 4.899, 20.04, 59.63, 4.903, 20.04, 59.62, 0.005, 22.46, 46.09);
insert into SHOT values (2123, 1488, 2106, 992, 1.902, 19.07, -26.50, 1.905, 19.18, -26.50, 0.004, 72.94, -18.29);
insert into SHOT values (2124, 1489, 2107, 992, 4.044, 2.15, 15.46, 4.040, 2.21, 15.51, 0.007, 141.35, 16.11);
insert into SHOT values (2125, 1489, 2108, 992, 8.010, 321.64, 5.46, 8.003, 321.68, 5.45, 0.009, 106.72, -9.50);
insert into SHOT values (2126, 1489, 2109, 992, 12.481, 310.44, 1.39, 12.474, 310.45, 1.38, 0.008, 120.57, -21.14);
insert into SHOT values (2127, 1489, 2110, 992, 14.976, 282.51, -2.39, 14.968, 282.51, -2.37, 0.009, 94.86, 29.90);
insert into SHOT values (2128, 1489, 2111, 992, 11.372, 228.43, 4.61, 11.371, 228.43, 4.64, 0.005, 43.75, 78.13);
insert into SHOT values (2129, 1489, 2112, 992, 15.570, 226.14, 5.24, 15.575, 226.12, 5.23, 0.007, 177.74, -4.93);
insert into SHOT values (2130, 1489, 2113, 992, 8.055, 227.98, 1.77, 8.055, 227.97, 1.78, 0.002, 121.16, 35.73);
insert into SHOT values (2131, 1489, 2114, 992, 28.209, 294.27, -3.34, 28.205, 294.26, -3.33, 0.008, 169.47, 25.69);
insert into SHOT values (2132, 1489, 2115, 992, 1.929, 281.68, 37.08, 1.921, 281.68, 37.14, 0.008, 103.27, -23.78);
insert into SHOT values (2133, 1489, 2116, 992, 2.876, 272.81, -33.59, 2.873, 272.64, -33.61, 0.008, 158.71, 8.51);
insert into SHOT values (2134, 1491, 2117, 992, 6.636, 225.06, 1.97, 6.636, 225.12, 1.90, 0.011, 310.76, -44.99);
insert into SHOT values (2135, 1491, 2118, 992, 9.485, 218.91, -4.55, 9.481, 218.94, -4.60, 0.011, 354.19, -48.60);
insert into SHOT values (2136, 1491, 2119, 992, 14.505, 184.13, 3.20, 14.500, 184.16, 3.16, 0.012, 305.67, -47.36);
insert into SHOT values (2137, 1491, 2120, 992, 14.595, 102.06, 2.47, 14.594, 102.03, 2.43, 0.010, 2.26, -52.37);
insert into SHOT values (2138, 1491, 2121, 992, 7.184, 74.56, 9.19, 7.178, 74.53, 9.14, 0.009, 291.81, -45.79);
insert into SHOT values (2139, 1491, 2122, 992, 4.325, 22.73, 12.26, 4.324, 22.68, 12.15, 0.009, 301.38, -68.35);
insert into SHOT values (2140, 1491, 2123, 992, 2.756, 1.24, 16.23, 2.760, 1.30, 16.20, 0.005, 30.82, -1.63);
insert into SHOT values (2141, 1491, 2124, 992, 1.782, 90.21, 45.35, 1.775, 90.00, 45.23, 0.009, 332.63, -55.43);
insert into SHOT values (2142, 1491, 2125, 992, 1.932, 134.82, -42.29, 1.926, 134.71, -42.45, 0.008, 333.87, 0.42);
insert into SHOT values (2143, 1491, 2126, 992, 10.757, 225.79, -5.09, 10.757, 225.79, -5.12, 0.006, 347.86, -74.15);
insert into SHOT values (2144, 1491, 2127, 992, 9.082, 206.36, -0.43, 9.074, 206.37, -0.44, 0.008, 20.27, -8.83);
insert into SHOT values (2145, 1491, 2128, 992, 13.169, 185.72, 0.53, 13.167, 185.75, 0.52, 0.008, 292.79, -19.32);
insert into SHOT values (2146, 1491, 2129, 992, 14.571, 179.73, 1.92, 14.568, 179.72, 1.89, 0.008, 31.94, -66.92);
insert into SHOT values (2147, 1491, 2130, 992, 4.326, 30.43, 10.59, 4.326, 30.36, 10.52, 0.007, 312.41, -43.78);
insert into SHOT values (2148, 1491, 2131, 992, 10.924, 283.84, 0.03, 10.929, 283.87, 0.00, 0.009, 332.25, -36.02);
insert into SHOT values (2149, 1491, 2132, 992, 9.632, 295.71, 9.70, 9.637, 295.70, 9.68, 0.006, 275.26, -19.49);
insert into SHOT values (2150, 1491, 2133, 992, 1.811, 296.66, 33.13, 1.814, 296.57, 33.07, 0.005, 264.13, 2.98);
insert into SHOT values (2151, 1491, 2134, 992, 1.417, 293.39, -30.62, 1.424, 293.63, -30.84, 0.010, 353.01, -53.91);
insert into SHOT values (2152, 1492, 2135, 992, 8.506, 115.73, 15.88, 8.512, 115.69, 15.82, 0.012, 82.31, -35.58);
insert into SHOT values (2153, 1492, 2136, 992, 13.946, 74.61, 6.61, 13.950, 74.60, 6.59, 0.007, 48.97, -46.08);
insert into SHOT values (2154, 1492, 2137, 992, 14.514, 81.60, 9.75, 14.523, 81.56, 9.71, 0.015, 44.38, -31.03);
insert into SHOT values (2155, 1492, 2138, 992, 9.442, 280.28, 6.86, 9.438, 280.33, 6.81, 0.011, 30.19, -46.39);
insert into SHOT values (2156, 1492, 2139, 992, 10.501, 310.61, 4.44, 10.498, 310.66, 4.43, 0.011, 55.35, -14.02);
insert into SHOT values (2157, 1492, 2140, 992, 20.263, 310.56, 4.61, 20.263, 310.58, 4.59, 0.013, 34.97, -41.12);
insert into SHOT values (2158, 1492, 2141, 992, 31.466, 216.99, 2.23, 31.458, 216.98, 2.22, 0.009, 49.31, -10.97);
insert into SHOT values (2159, 1492, 2142, 992, 26.882, 190.40, 2.41, 26.875, 190.41, 2.39, 0.011, 3.11, -51.73);
insert into SHOT values (2160, 1492, 2143, 992, 29.990, 167.54, 1.71, 29.990, 167.54, 1.70, 0.004, 59.62, -84.18);
insert into SHOT values (2161, 1492, 2144, 992, 3.291, 196.31, 47.06, 3.289, 196.09, 47.12, 0.010, 80.94, 3.38);
insert into SHOT values (2162, 1492, 2145, 992, 4.044, 177.52, -26.97, 4.046, 177.46, -27.05, 0.007, 78.66, -56.17);
insert into SHOT values (2163, 1494, 2146, 992, 9.223, 245.09, -1.83, 9.221, 245.10, -1.86, 0.005, 12.94, -58.38);
insert into SHOT values (2164, 1494, 2147, 992, 10.320, 225.32, -11.57, 10.321, 225.32, -11.57, 0.002, 234.69, -13.26);
insert into SHOT values (2165, 1494, 2148, 992, 9.557, 198.99, -10.30, 9.556, 198.99, -10.31, 0.002, 322.57, -12.16);
insert into SHOT values (2166, 1494, 2149, 992, 10.676, 174.88, -9.00, 10.673, 174.88, -9.00, 0.003, 322.30, -5.02);
insert into SHOT values (2167, 1494, 2150, 992, 10.326, 153.21, -4.07, 10.330, 153.24, -4.11, 0.010, 208.50, -49.90);
insert into SHOT values (2168, 1494, 2151, 992, 6.823, 304.50, 23.98, 6.823, 304.48, 23.95, 0.004, 248.18, -51.17);
insert into SHOT values (2169, 1494, 2152, 992, 14.245, 295.86, 12.96, 14.249, 295.83, 12.94, 0.010, 239.58, -25.79);
insert into SHOT values (2170, 1494, 2153, 992, 0.630, 27.36, 15.31, 0.629, 27.41, 14.74, 0.006, 64.73, -82.86);
insert into SHOT values (2171, 1494, 2154, 992, 2.214, 274.98, 78.75, 2.213, 275.31, 78.74, 0.003, 2.53, -30.45);
insert into SHOT values (2172, 1494, 2155, 992, 5.471, 219.79, -23.47, 5.473, 219.75, -23.47, 0.004, 159.79, -12.47);
insert into SHOT values (2173, 1495, 2156, 992, 7.057, 179.13, 3.19, 7.061, 179.19, 3.17, 0.009, 234.93, -15.07);
insert into SHOT values (2174, 1495, 2157, 992, 7.956, 151.63, -4.26, 7.955, 151.63, -4.25, 0.002, 350.46, 54.86);
insert into SHOT values (2175, 1495, 2158, 992, 1.136, 323.11, 6.89, 1.137, 322.93, 7.07, 0.005, 236.44, 44.61);
insert into SHOT values (2176, 1495, 2159, 992, 3.500, 32.57, 8.58, 3.501, 32.50, 8.54, 0.005, 318.45, -25.40);
insert into SHOT values (2177, 1495, 2160, 992, 0.827, 222.64, 80.10, 0.832, 225.00, 80.21, 0.008, 321.13, 42.03);
insert into SHOT values (2178, 1495, 2161, 992, 2.290, 209.18, -18.55, 2.295, 209.16, -18.55, 0.005, 198.30, -19.61);
insert into SHOT values (2179, 1497, 2162, 992, 9.031, 68.72, 9.17, 9.031, 68.76, 9.17, 0.006, 157.07, 1.48);
insert into SHOT values (2180, 1497, 2163, 992, 4.631, 4.61, 17.39, 4.625, 4.68, 17.36, 0.008, 137.99, -31.84);
insert into SHOT values (2181, 1497, 2164, 992, 4.910, 317.98, 13.90, 4.909, 317.98, 13.91, 0.001, 138.64, 32.90);
insert into SHOT values (2182, 1497, 2165, 992, 9.657, 300.93, 9.68, 9.650, 300.93, 9.66, 0.008, 120.05, -34.92);
insert into SHOT values (2183, 1497, 2166, 992, 15.261, 127.18, 10.06, 15.266, 127.16, 10.03, 0.009, 86.76, -34.93);
insert into SHOT values (2184, 1497, 2167, 992, 11.883, 142.25, 10.28, 11.888, 142.26, 10.27, 0.006, 168.23, -2.22);
insert into SHOT values (2185, 1497, 2168, 992, 6.690, 158.29, 12.35, 6.689, 158.26, 12.34, 0.003, 59.82, -22.83);
insert into SHOT values (2186, 1497, 2169, 992, 2.653, 263.39, 50.87, 2.653, 263.13, 50.94, 0.008, 155.72, 15.07);
insert into SHOT values (2187, 1497, 2170, 992, 2.362, 220.42, -25.64, 2.360, 220.43, -25.61, 0.003, 29.11, 58.67);
insert into SHOT values (2188, 1498, 2171, 992, 6.508, 100.60, 18.92, 6.506, 100.58, 18.92, 0.003, 333.43, 0.21);
insert into SHOT values (2189, 1498, 2172, 992, 13.014, 34.25, 16.42, 13.015, 34.26, 16.38, 0.010, 80.77, -58.26);
insert into SHOT values (2190, 1498, 2173, 992, 13.259, 57.08, 9.92, 13.265, 57.09, 9.90, 0.008, 73.05, -33.27);
insert into SHOT values (2191, 1498, 2174, 992, 6.344, 97.46, 9.90, 6.347, 97.44, 9.89, 0.004, 67.70, -17.24);
insert into SHOT values (2192, 1498, 2175, 992, 11.123, 338.94, 10.44, 11.123, 338.95, 10.41, 0.006, 25.58, -70.47);
insert into SHOT values (2193, 1498, 2176, 992, 12.674, 313.48, -2.04, 12.670, 313.46, -2.08, 0.010, 180.39, -53.18);
insert into SHOT values (2194, 1498, 2177, 992, 11.241, 272.69, -2.63, 11.234, 272.66, -2.65, 0.010, 132.58, -23.38);
insert into SHOT values (2195, 1498, 2178, 992, 5.890, 265.95, -1.41, 5.887, 265.91, -1.46, 0.007, 137.08, -43.57);
insert into SHOT values (2196, 1498, 2179, 992, 13.131, 193.05, 0.81, 13.129, 193.03, 0.79, 0.007, 84.61, -43.48);
insert into SHOT values (2197, 1498, 2180, 992, 3.332, 169.55, 22.29, 3.329, 169.53, 22.24, 0.004, 19.92, -63.21);
insert into SHOT values (2198, 1498, 2181, 992, 1.377, 202.02, -17.62, 1.380, 201.88, -17.72, 0.005, 148.09, -38.28);
insert into SHOT values (2199, 1499, 2182, 992, 16.918, 102.19, -0.67, 16.924, 102.21, -0.68, 0.009, 149.77, -13.38);
insert into SHOT values (2200, 1499, 2183, 992, 18.907, 158.99, 0.13, 18.907, 158.99, 0.12, 0.002, 96.58, -56.96);
insert into SHOT values (2201, 1499, 2184, 992, 11.913, 202.80, 0.43, 11.909, 202.78, 0.43, 0.007, 76.10, 8.25);
insert into SHOT values (2202, 1499, 2185, 992, 16.832, 226.11, -0.93, 16.835, 226.11, -0.95, 0.008, 207.12, -70.37);
insert into SHOT values (2203, 1499, 2186, 992, 14.119, 302.28, -4.69, 14.119, 302.26, -4.71, 0.009, 210.20, -49.87);
insert into SHOT values (2204, 1499, 2187, 992, 1.061, 249.24, 62.46, 1.062, 248.63, 62.28, 0.006, 192.36, -7.32);
insert into SHOT values (2205, 1499, 2188, 992, 6.677, 201.55, -31.31, 6.679, 201.48, -31.30, 0.007, 128.10, -0.63);
insert into SHOT values (2206, 1502, 2189, 992, 10.995, 176.60, 6.85, 10.988, 176.58, 6.85, 0.008, 19.70, -10.08);
insert into SHOT values (2207, 1502, 2190, 992, 14.733, 211.73, 3.64, 14.726, 211.73, 3.62, 0.008, 23.70, -34.22);
insert into SHOT values (2208, 1502, 2191, 992, 11.070, 149.74, 9.41, 11.066, 149.75, 9.41, 0.005, 307.70, 0.93);
insert into SHOT values (2209, 1502, 2192, 992, 3.918, 184.05, 80.34, 3.915, 184.40, 80.41, 0.007, 327.35, -20.44);
insert into SHOT values (2210, 1502, 2193, 992, 15.937, 289.70, 5.97, 15.937, 289.73, 5.98, 0.007, 22.78, 18.98);
insert into SHOT values (2211, 1502, 2194, 992, 11.404, 334.96, 13.55, 11.407, 334.98, 13.54, 0.006, 28.51, -10.11);
insert into SHOT values (2212, 1502, 2195, 992, 13.580, 32.57, 11.70, 13.583, 32.57, 11.68, 0.005, 24.67, -46.29);
insert into SHOT values (2213, 1501, 2196, 992, 8.959, 199.53, 7.58, 8.959, 199.54, 7.57, 0.002, 264.09, -53.13);
insert into SHOT values (2214, 1501, 2197, 992, 9.982, 172.49, 12.45, 9.978, 172.51, 12.44, 0.006, 313.63, -25.83);
insert into SHOT values (2215, 1501, 2198, 992, 9.820, 253.26, 4.82, 9.820, 253.25, 4.85, 0.005, 156.28, 77.16);
insert into SHOT values (2216, 1501, 2199, 992, 3.473, 204.84, 79.14, 3.474, 205.02, 79.01, 0.008, 220.13, -5.48);
insert into SHOT values (2217, 1501, 2200, 992, 7.427, 15.57, 12.76, 7.428, 15.53, 12.76, 0.005, 296.37, 3.10);
insert into SHOT values (2218, 1501, 2201, 992, 8.966, 39.70, 11.43, 8.963, 39.69, 11.45, 0.005, 244.30, 38.20);
insert into SHOT values (2219, 1501, 2202, 992, 22.690, 100.11, 9.62, 22.688, 100.12, 9.64, 0.008, 238.86, 61.52);
insert into SHOT values (2220, 1503, 2203, 992, 3.257, 201.17, 5.39, 3.253, 201.18, 5.29, 0.007, 11.16, -57.59);
insert into SHOT values (2221, 1503, 2204, 992, 6.970, 250.20, 8.58, 6.964, 250.22, 8.59, 0.007, 42.13, 1.25);
insert into SHOT values (2222, 1503, 2205, 992, 6.445, 158.32, 7.87, 6.443, 158.30, 7.85, 0.004, 34.51, -38.33);
insert into SHOT values (2223, 1503, 2206, 992, 2.472, 186.22, 73.82, 2.467, 185.88, 73.91, 0.008, 43.30, -30.99);
insert into SHOT values (2224, 1503, 2207, 992, 9.545, 99.32, 4.64, 9.547, 99.31, 4.63, 0.002, 80.97, -39.94);
insert into SHOT values (2225, 1503, 2208, 992, 8.605, 69.69, 8.76, 8.608, 69.71, 8.75, 0.004, 113.13, 1.18);
insert into SHOT values (2226, 1503, 2209, 992, 19.180, 2.78, 4.26, 19.175, 2.79, 4.25, 0.006, 153.74, -36.25);
insert into SHOT values (2227, 1504, 2210, 992, 2.445, 152.17, 17.16, 2.442, 152.12, 17.39, 0.011, 354.46, 55.46);
insert into SHOT values (2228, 1504, 2211, 992, 5.117, 107.73, 5.54, 5.116, 107.72, 5.61, 0.006, 301.65, 75.76);
insert into SHOT values (2229, 1504, 2212, 992, 3.635, 200.05, 6.53, 3.634, 200.09, 6.64, 0.007, 323.81, 64.41);
insert into SHOT values (2230, 1504, 2213, 992, 11.442, 233.61, 0.76, 11.438, 233.64, 0.80, 0.011, 358.17, 42.95);
insert into SHOT values (2231, 1504, 2214, 992, 16.309, 270.18, 0.56, 16.311, 270.18, 0.56, 0.002, 265.50, 17.89);
insert into SHOT values (2232, 1504, 2215, 992, 1.577, 192.22, 83.24, 1.581, 192.53, 83.30, 0.004, 334.49, 67.57);
insert into SHOT values (2233, 1504, 2216, 992, 3.395, 36.82, 11.42, 3.399, 36.70, 11.54, 0.011, 324.04, 46.07);
insert into SHOT values (2234, 1504, 2217, 992, 4.270, 337.56, 12.09, 4.271, 337.61, 12.17, 0.007, 76.32, 53.29);
insert into SHOT values (2235, 1504, 2218, 992, 6.430, 319.09, 7.62, 6.431, 319.14, 7.68, 0.008, 44.98, 55.32);
insert into SHOT values (2236, 1504, 2219, 992, 18.098, 170.83, -2.66, 18.090, 170.83, -2.66, 0.008, 352.28, -0.67);
insert into SHOT values (2237, 1505, 2220, 992, 2.746, 161.13, 17.71, 2.741, 161.01, 17.63, 0.009, 37.25, -38.74);
insert into SHOT values (2238, 1505, 2221, 992, 18.425, 214.78, -2.25, 18.423, 214.78, -2.27, 0.008, 68.62, -67.91);
insert into SHOT values (2239, 1505, 2222, 992, 14.689, 247.65, -0.40, 14.682, 247.66, -0.43, 0.010, 50.89, -44.86);
insert into SHOT values (2240, 1505, 2223, 992, 1.701, 199.73, 80.89, 1.701, 199.80, 81.01, 0.004, 14.76, 7.14);
insert into SHOT values (2241, 1505, 2224, 992, 12.811, 282.53, 1.09, 12.808, 282.54, 1.07, 0.006, 60.13, -44.70);
insert into SHOT values (2242, 1505, 2225, 992, 14.765, 298.83, 1.31, 14.764, 298.84, 1.28, 0.008, 44.09, -79.95);
insert into SHOT values (2243, 1505, 2226, 992, 9.615, 312.78, 2.15, 9.616, 312.81, 2.15, 0.006, 28.80, -12.43);
insert into SHOT values (2244, 1505, 2227, 992, 9.204, 341.65, 5.14, 9.201, 341.68, 5.11, 0.008, 96.76, -38.02);
insert into SHOT values (2245, 1505, 2228, 992, 8.308, 40.41, 8.58, 8.315, 40.41, 8.58, 0.007, 39.36, 4.51);
insert into SHOT values (2246, 1505, 2229, 992, 12.365, 61.46, 7.68, 12.372, 61.45, 7.66, 0.008, 45.92, -17.42);
insert into SHOT values (2247, 1506, 2230, 992, 8.298, 250.10, -1.98, 8.302, 250.06, -1.93, 0.011, 194.09, 41.62);
insert into SHOT values (2248, 1506, 2231, 992, 6.206, 224.50, 1.87, 6.212, 224.48, 1.94, 0.010, 202.48, 50.19);
insert into SHOT values (2249, 1506, 2232, 992, 4.572, 188.56, 4.07, 4.573, 188.57, 4.14, 0.006, 255.69, 76.69);
insert into SHOT values (2250, 1506, 2233, 992, 4.712, 152.28, 8.30, 4.716, 152.28, 8.41, 0.010, 151.12, 74.38);
insert into SHOT values (2251, 1506, 2234, 992, 1.532, 172.51, 73.88, 1.542, 172.06, 73.65, 0.013, 151.20, 40.78);
insert into SHOT values (2252, 1506, 2235, 992, 11.260, 303.05, 1.85, 11.253, 303.03, 1.88, 0.011, 160.94, 39.96);
insert into SHOT values (2253, 1506, 2236, 992, 5.572, 331.23, 6.69, 5.570, 331.26, 6.70, 0.004, 101.88, 11.51);
insert into SHOT values (2254, 1506, 2237, 992, 4.737, 12.98, 8.34, 4.730, 12.97, 8.39, 0.008, 197.95, 21.45);
insert into SHOT values (2255, 1506, 2238, 992, 9.259, 30.75, 7.64, 9.254, 30.76, 7.70, 0.011, 191.05, 51.27);
insert into SHOT values (2256, 1506, 2239, 992, 11.383, 54.08, 8.32, 11.378, 54.11, 8.34, 0.009, 185.14, 16.41);
insert into SHOT values (2257, 1506, 2240, 992, 9.029, 81.01, 7.36, 9.035, 81.01, 7.38, 0.007, 85.32, 37.68);
insert into SHOT values (2258, 1507, 2241, 992, 2.779, 251.79, 4.21, 2.775, 251.89, 4.34, 0.009, 23.97, 42.39);
insert into SHOT values (2259, 1507, 2242, 992, 8.397, 220.05, 1.14, 8.391, 220.07, 1.16, 0.007, 18.69, 20.37);
insert into SHOT values (2260, 1507, 2243, 992, 4.668, 283.02, -0.66, 4.660, 283.02, -0.61, 0.009, 104.16, 25.16);
insert into SHOT values (2261, 1507, 2244, 992, 1.072, 247.69, 73.99, 1.070, 247.83, 74.20, 0.004, 57.55, -5.47);
insert into SHOT values (2262, 1507, 2245, 992, 4.733, 156.82, 6.99, 4.735, 156.82, 7.04, 0.005, 151.68, 69.26);
insert into SHOT values (2263, 1507, 2246, 992, 3.781, 127.93, 8.56, 3.782, 127.94, 8.51, 0.003, 160.22, -51.97);
insert into SHOT values (2264, 1507, 2247, 992, 5.428, 71.67, 2.49, 5.432, 71.63, 2.53, 0.007, 26.32, 40.56);
insert into SHOT values (2265, 1507, 2248, 992, 4.759, 30.84, 5.08, 4.759, 30.84, 5.06, 0.001, 196.90, -87.31);
insert into SHOT values (2266, 1507, 2249, 992, 6.190, 357.03, 4.31, 6.196, 357.03, 4.35, 0.007, 353.74, 38.24);
insert into SHOT values (2267, 1508, 2250, 992, 1.724, 287.54, -3.53, 1.724, 287.59, -3.66, 0.004, 26.99, -67.24);
insert into SHOT values (2268, 1508, 2251, 992, 1.120, 224.72, 78.24, 1.113, 225.00, 78.27, 0.007, 16.01, -70.47);
insert into SHOT values (2269, 1508, 2252, 992, 2.581, 160.19, 3.80, 2.581, 160.02, 3.78, 0.008, 67.82, -6.54);
insert into SHOT values (2270, 1508, 2253, 992, 3.596, 126.49, 7.16, 3.596, 126.45, 7.19, 0.003, 40.26, 33.56);
insert into SHOT values (2271, 1509, 2254, 992, 2.278, 300.23, 13.34, 2.280, 300.03, 13.44, 0.009, 219.17, 30.46);
insert into SHOT values (2272, 1509, 2255, 992, 2.151, 251.87, 9.26, 2.154, 251.91, 9.35, 0.005, 286.43, 57.68);
insert into SHOT values (2273, 1509, 2256, 992, 5.681, 247.86, 1.58, 5.681, 247.86, 1.61, 0.004, 112.21, 85.92);
insert into SHOT values (2274, 1509, 2257, 992, 5.152, 338.03, 3.64, 5.152, 338.07, 3.67, 0.005, 63.10, 36.34);
insert into SHOT values (2275, 1509, 2258, 992, 1.210, 295.34, 76.12, 1.214, 294.78, 76.36, 0.007, 150.94, 47.73);
insert into SHOT values (2276, 1509, 2259, 992, 4.971, 197.49, 5.78, 4.975, 197.52, 5.77, 0.005, 235.23, -6.29);
insert into SHOT values (2277, 1509, 2260, 992, 3.032, 160.62, 12.35, 3.037, 160.71, 12.36, 0.007, 206.89, 12.93);
insert into SHOT values (2278, 1509, 2261, 992, 3.443, 128.04, 7.09, 3.446, 128.11, 7.17, 0.007, 190.90, 46.34);
insert into SHOT values (2279, 1509, 2262, 992, 4.371, 72.86, 6.48, 4.372, 72.86, 6.57, 0.007, 315.71, 87.24);
insert into SHOT values (2280, 1510, 2263, 992, 2.171, 313.79, 6.50, 2.171, 313.69, 6.35, 0.007, 226.99, -57.24);
insert into SHOT values (2281, 1510, 2264, 992, 2.864, 277.36, 4.28, 2.872, 277.42, 4.19, 0.009, 298.46, -23.34);
insert into SHOT values (2282, 1510, 2265, 992, 2.802, 2.64, 6.23, 2.799, 2.47, 6.15, 0.010, 253.46, -24.65);
insert into SHOT values (2283, 1510, 2266, 992, 1.043, 265.06, 73.80, 1.041, 266.05, 73.79, 0.005, 359.91, -17.07);
insert into SHOT values (2284, 1510, 2267, 992, 7.416, 239.21, -2.65, 7.420, 239.25, -2.70, 0.010, 291.84, -44.46);
insert into SHOT values (2285, 1510, 2268, 992, 4.317, 205.62, 5.43, 4.312, 205.67, 5.32, 0.010, 341.76, -57.04);
insert into SHOT values (2286, 1510, 2269, 992, 3.831, 155.68, 8.27, 3.826, 155.67, 8.26, 0.005, 345.97, -9.66);
insert into SHOT values (2287, 1510, 2270, 992, 4.758, 147.92, 7.98, 4.755, 147.93, 7.98, 0.004, 308.37, -3.30);
insert into SHOT values (2288, 1511, 2271, 992, 3.997, 62.20, 11.15, 3.998, 62.19, 11.10, 0.003, 48.00, -63.62);
insert into SHOT values (2289, 1511, 2272, 992, 3.627, 2.12, 6.68, 3.627, 2.23, 6.65, 0.007, 88.90, -18.43);
insert into SHOT values (2290, 1511, 2273, 992, 6.811, 321.12, 5.72, 6.804, 321.12, 5.74, 0.007, 145.73, 5.77);
insert into SHOT values (2291, 1511, 2274, 992, 1.700, 329.00, 82.28, 1.694, 329.93, 82.55, 0.011, 126.84, -25.86);
insert into SHOT values (2292, 1511, 2275, 992, 4.957, 240.93, 0.08, 4.956, 240.90, 0.12, 0.004, 115.97, 48.10);
insert into SHOT values (2293, 1511, 2276, 992, 3.507, 216.38, -0.12, 3.504, 216.41, -0.16, 0.005, 3.14, -40.68);
insert into SHOT values (2294, 1511, 2277, 992, 3.509, 171.28, 6.86, 3.506, 171.24, 6.88, 0.004, 24.84, 11.63);
insert into SHOT values (2295, 1511, 2278, 992, 3.877, 146.33, 15.81, 3.883, 146.35, 15.84, 0.007, 162.87, 33.15);
insert into SHOT values (2296, 1511, 2279, 992, 2.960, 306.63, 23.38, 2.957, 306.62, 23.31, 0.005, 170.63, -76.08);
insert into SHOT values (2297, 1512, 2280, 992, 0.770, 302.21, 66.06, 0.767, 300.65, 65.85, 0.009, 220.35, -23.42);
insert into SHOT values (2298, 1512, 2281, 992, 2.405, 255.17, 24.49, 2.410, 255.20, 24.52, 0.005, 272.94, 35.83);
insert into SHOT values (2299, 1512, 2282, 992, 0.928, 343.36, 23.44, 0.925, 342.85, 23.58, 0.008, 226.83, 5.89);
insert into SHOT values (2300, 1512, 2283, 992, 4.995, 241.38, 1.47, 5.005, 241.33, 1.49, 0.011, 219.00, 8.99);
insert into SHOT values (2301, 1512, 2284, 992, 3.027, 211.52, 2.36, 3.028, 211.48, 2.27, 0.005, 146.88, -64.43);
insert into SHOT values (2302, 1512, 2285, 992, 1.889, 155.25, 4.26, 1.889, 155.20, 4.25, 0.001, 60.47, -8.55);
insert into SHOT values (2303, 1512, 2286, 992, 5.582, 180.66, -1.67, 5.583, 180.72, -1.64, 0.006, 262.74, 24.56);
insert into SHOT values (2304, 1512, 2287, 992, 5.344, 194.05, -0.23, 5.350, 194.06, -0.21, 0.007, 207.26, 8.56);
insert into SHOT values (2305, 1512, 2288, 992, 5.106, 155.65, -1.17, 5.112, 155.74, -1.12, 0.011, 207.96, 20.11);
insert into SHOT values (2306, 1513, 2289, 992, 5.009, 340.34, -1.65, 5.012, 340.41, -1.71, 0.009, 43.92, -37.88);
insert into SHOT values (2307, 1513, 2290, 992, 2.888, 27.54, -0.26, 2.890, 27.63, -0.40, 0.009, 99.37, -55.06);
insert into SHOT values (2308, 1513, 2291, 992, 5.213, 70.87, -0.29, 5.218, 70.87, -0.33, 0.006, 73.28, -34.06);
insert into SHOT values (2309, 1513, 2292, 992, 1.541, 9.87, 60.96, 1.536, 9.96, 60.72, 0.008, 30.35, -64.39);
insert into SHOT values (2310, 1513, 2293, 992, 1.819, 279.04, 11.95, 1.810, 279.09, 11.79, 0.010, 86.13, -41.94);
insert into SHOT values (2311, 1513, 2294, 992, 1.473, 240.56, 9.94, 1.468, 240.60, 9.81, 0.006, 47.62, -42.57);
insert into SHOT values (2312, 1513, 2295, 992, 5.692, 239.07, -0.81, 5.687, 239.11, -0.81, 0.006, 19.91, 7.45);
insert into SHOT values (2313, 1513, 2296, 992, 7.917, 268.67, -1.85, 7.916, 268.70, -1.88, 0.006, 12.30, -54.19);
insert into SHOT values (2314, 1513, 2297, 992, 1.856, 49.93, 52.55, 1.858, 50.00, 52.31, 0.008, 60.65, -25.37);
insert into SHOT values (2315, 1514, 2298, 992, 2.891, 29.15, 2.75, 2.886, 29.05, 2.78, 0.007, 252.66, 12.07);
insert into SHOT values (2316, 1514, 2299, 992, 7.883, 37.35, 3.08, 7.874, 37.35, 3.13, 0.012, 220.13, 36.72);
insert into SHOT values (2317, 1514, 2300, 992, 3.807, 59.51, 4.96, 3.798, 59.50, 4.98, 0.009, 243.31, 7.13);
insert into SHOT values (2318, 1514, 2301, 992, 4.501, 98.65, 81.66, 4.507, 98.88, 81.74, 0.009, 252.53, 47.81);
insert into SHOT values (2319, 1514, 2302, 992, 2.639, 260.75, 66.58, 2.639, 260.72, 66.47, 0.005, 253.69, -18.03);
insert into SHOT values (2320, 1514, 2303, 992, 1.016, 330.49, 47.65, 1.013, 330.05, 47.76, 0.006, 206.41, -7.64);
insert into SHOT values (2321, 1514, 2304, 992, 1.686, 101.89, 37.14, 1.684, 102.06, 37.29, 0.006, 239.84, 19.11);
insert into SHOT values (2322, 1514, 2305, 992, 5.245, 186.08, 2.44, 5.255, 186.12, 2.51, 0.012, 210.00, 30.79);
insert into SHOT values (2323, 1514, 2306, 992, 4.115, 225.52, -0.67, 4.123, 225.49, -0.56, 0.011, 212.24, 45.13);
insert into SHOT values (2324, 1514, 2307, 992, 3.718, 258.42, 0.69, 3.727, 258.39, 0.77, 0.010, 244.43, 31.67);
insert into SHOT values (2325, 1514, 2308, 992, 5.470, 282.10, -0.37, 5.470, 282.03, -0.31, 0.009, 194.08, 41.60);
insert into SHOT values (2326, 1514, 2309, 992, 4.056, 295.58, 0.32, 4.057, 295.55, 0.42, 0.008, 236.45, 76.40);
insert into SHOT values (2327, 1514, 2310, 992, 5.131, 7.24, 3.18, 5.128, 7.18, 3.24, 0.008, 248.35, 40.93);
insert into SHOT values (2328, 1515, 2311, 992, 4.719, 125.89, 6.50, 4.712, 125.96, 6.46, 0.010, 259.93, -24.72);
insert into SHOT values (2329, 1515, 2312, 992, 7.873, 146.81, 2.09, 7.866, 146.84, 2.11, 0.008, 301.35, 16.92);
insert into SHOT values (2330, 1515, 2313, 992, 7.700, 173.32, -2.69, 7.700, 173.36, -2.68, 0.005, 261.32, 19.68);
insert into SHOT values (2331, 1515, 2314, 992, 4.471, 220.75, 7.14, 4.472, 220.80, 7.06, 0.007, 279.18, -54.05);
insert into SHOT values (2332, 1515, 2315, 992, 2.003, 175.94, 63.85, 2.004, 176.10, 63.89, 0.003, 280.00, 37.13);
insert into SHOT values (2333, 1517, 2316, 992, 2.583, 240.80, 3.22, 2.578, 240.95, 3.34, 0.009, 9.12, 30.34);
insert into SHOT values (2334, 1517, 2317, 992, 3.454, 270.32, 7.63, 3.451, 270.34, 7.66, 0.004, 74.57, 21.76);
insert into SHOT values (2335, 1517, 2318, 992, 4.338, 300.20, 13.89, 4.339, 300.22, 13.87, 0.002, 341.82, -42.32);
insert into SHOT values (2336, 1517, 2319, 992, 3.509, 342.87, 7.13, 3.510, 342.97, 7.20, 0.007, 64.70, 36.91);
insert into SHOT values (2337, 1517, 2320, 992, 1.982, 31.92, 23.98, 1.987, 31.94, 24.05, 0.006, 43.00, 49.85);
insert into SHOT values (2338, 1517, 2321, 992, 1.407, 6.19, 77.73, 1.413, 5.71, 77.68, 0.006, 319.98, 55.78);
insert into SHOT values (2339, 1517, 2322, 992, 15.647, 316.78, -2.29, 15.654, 316.79, -2.27, 0.008, 332.30, 27.31);
insert into SHOT values (2340, 1517, 2323, 992, 15.345, 309.57, -1.54, 15.341, 309.58, -1.53, 0.006, 101.10, 35.14);
insert into SHOT values (2341, 1517, 2324, 992, 15.972, 325.23, -1.90, 15.976, 325.25, -1.90, 0.007, 22.13, -1.39);
insert into SHOT values (2342, 1517, 2325, 992, 1.685, 95.42, 58.94, 1.684, 95.25, 58.75, 0.006, 64.99, -34.48);
insert into SHOT values (2343, 1517, 2326, 992, 5.027, 104.27, 7.53, 5.025, 104.18, 7.55, 0.008, 359.97, 11.04);
insert into SHOT values (2344, 1517, 2327, 992, 8.924, 118.91, 5.96, 8.924, 118.90, 5.98, 0.004, 337.83, 86.42);
insert into SHOT values (2345, 1517, 2328, 992, 8.863, 132.58, 4.95, 8.859, 132.57, 4.99, 0.007, 343.33, 46.67);
insert into SHOT values (2346, 1517, 2329, 992, 8.125, 157.03, -6.31, 8.119, 157.03, -6.29, 0.006, 341.40, 30.35);
insert into SHOT values (2347, 1518, 2330, 992, 3.444, 349.97, 4.89, 3.446, 349.93, 4.99, 0.007, 292.77, 67.37);
insert into SHOT values (2348, 1518, 2331, 992, 5.640, 348.00, 17.43, 5.637, 347.98, 17.45, 0.004, 197.18, 9.43);
insert into SHOT values (2349, 1518, 2332, 992, 8.101, 10.16, 14.78, 8.101, 10.15, 14.80, 0.004, 270.49, 55.46);
insert into SHOT values (2350, 1518, 2333, 992, 3.416, 313.06, 78.15, 3.422, 313.26, 78.19, 0.007, 65.78, 67.89);
insert into SHOT values (2351, 1518, 2334, 992, 6.568, 286.87, 13.78, 6.574, 286.85, 13.82, 0.008, 258.10, 42.81);
insert into SHOT values (2352, 1518, 2335, 992, 11.065, 274.28, 7.36, 11.072, 274.28, 7.37, 0.007, 279.82, 18.82);
insert into SHOT values (2353, 1518, 2336, 992, 5.779, 242.48, 26.69, 5.783, 242.44, 26.72, 0.006, 191.64, 47.78);
insert into SHOT values (2354, 1518, 2337, 992, 9.868, 319.52, 11.79, 9.862, 319.50, 11.82, 0.008, 168.90, 22.98);
insert into SHOT values (2355, 1518, 2338, 992, 16.405, 107.47, 7.92, 16.408, 107.48, 7.95, 0.009, 125.78, 79.83);
insert into SHOT values (2356, 1518, 2339, 992, 14.827, 128.62, 6.86, 14.828, 128.63, 6.89, 0.009, 216.46, 70.22);
insert into SHOT values (2357, 1518, 2340, 992, 13.686, 142.12, 8.46, 13.690, 142.14, 8.49, 0.009, 201.39, 49.96);
insert into SHOT values (2358, 1518, 2341, 992, 13.097, 152.91, 8.19, 13.095, 152.92, 8.21, 0.006, 285.54, 47.34);
insert into SHOT values (2359, 1518, 2342, 992, 31.307, 98.65, 4.26, 31.303, 98.66, 4.27, 0.009, 220.35, 18.00);
insert into SHOT values (2360, 1518, 2343, 992, 33.322, 97.80, 4.22, 33.318, 97.80, 4.23, 0.010, 239.58, 57.91);
insert into SHOT values (2361, 1519, 2344, 992, 8.575, 129.69, 1.08, 8.580, 129.70, 1.14, 0.010, 144.42, 59.64);
insert into SHOT values (2362, 1519, 2345, 992, 12.182, 149.50, -0.49, 12.184, 149.52, -0.47, 0.007, 215.78, 43.32);
insert into SHOT values (2363, 1519, 2346, 992, 11.370, 166.88, -1.13, 11.369, 166.88, -1.11, 0.004, 10.38, 70.27);
insert into SHOT values (2364, 1519, 2347, 992, 4.083, 27.73, 73.16, 4.086, 27.65, 73.14, 0.004, 354.75, 32.35);
insert into SHOT values (2365, 1519, 2348, 992, 10.246, 28.49, 14.84, 10.246, 28.53, 14.87, 0.009, 132.81, 42.35);
insert into SHOT values (2366, 1519, 2349, 992, 10.818, 5.52, 14.88, 10.822, 5.54, 14.89, 0.006, 53.07, 29.84);
insert into SHOT values (2367, 1519, 2350, 992, 23.334, 341.57, 10.78, 23.336, 341.59, 10.79, 0.010, 63.61, 42.22);
insert into SHOT values (2368, 1519, 2351, 992, 13.458, 283.11, 2.58, 13.454, 283.12, 2.60, 0.006, 73.83, 41.28);
insert into SHOT values (2369, 1519, 2352, 992, 5.222, 96.47, 21.49, 5.227, 96.50, 21.55, 0.008, 140.59, 66.50);
insert into SHOT values (2370, 1519, 2353, 992, 11.471, 74.53, 19.63, 11.470, 74.54, 19.67, 0.008, 227.72, 60.65);
insert into SHOT values (2371, 1520, 2354, 992, 2.081, 124.69, -1.13, 2.078, 124.61, -1.10, 0.004, 349.69, 11.97);
insert into SHOT values (2372, 1520, 2355, 992, 1.618, 172.44, 2.02, 1.615, 172.52, 2.13, 0.005, 315.78, 35.78);
insert into SHOT values (2373, 1520, 2356, 992, 1.326, 101.57, 72.31, 1.331, 101.59, 72.59, 0.008, 280.07, 54.53);
insert into SHOT values (2374, 1520, 2357, 992, 4.617, 46.45, 4.05, 4.624, 46.41, 4.09, 0.008, 19.62, 27.07);
insert into SHOT values (2375, 1521, 2358, 992, 3.271, 161.29, 8.16, 3.274, 161.29, 8.08, 0.006, 161.64, -51.69);
insert into SHOT values (2376, 1521, 2359, 992, 2.773, 216.92, 7.90, 2.776, 216.87, 7.87, 0.004, 180.82, -14.85);
insert into SHOT values (2377, 1521, 2360, 992, 5.230, 109.20, 7.60, 5.226, 109.27, 7.59, 0.008, 229.16, -15.07);
insert into SHOT values (2378, 1521, 2361, 992, 8.217, 289.80, 9.15, 8.223, 289.80, 9.10, 0.010, 282.14, -39.53);
insert into SHOT values (2379, 1521, 2362, 992, 5.962, 326.22, 11.18, 5.959, 326.23, 11.13, 0.006, 133.38, -67.86);
insert into SHOT values (2380, 1521, 2363, 992, 12.152, 335.21, 4.31, 12.150, 335.21, 4.30, 0.003, 141.89, -62.76);
insert into SHOT values (2381, 1521, 2364, 992, 2.717, 140.67, 75.50, 2.717, 140.95, 75.45, 0.004, 194.84, -7.05);
insert into SHOT values (2382, 1521, 2365, 992, 12.280, 86.77, 6.91, 12.278, 86.75, 6.88, 0.008, 326.64, -71.31);
insert into SHOT values (2383, 1521, 2366, 992, 17.902, 70.71, 8.93, 17.899, 70.71, 8.93, 0.003, 214.33, 8.54);
insert into SHOT values (2384, 1521, 2367, 992, 12.585, 106.00, 3.62, 12.581, 106.00, 3.60, 0.007, 288.17, -57.08);
insert into SHOT values (2385, 1521, 2368, 992, 5.438, 58.72, 25.42, 5.430, 58.68, 25.41, 0.009, 267.45, -30.95);
insert into SHOT values (2386, 1522, 2369, 992, 9.005, 141.71, 14.61, 9.005, 141.71, 14.60, 0.001, 171.93, -44.78);
insert into SHOT values (2387, 1522, 2370, 992, 6.913, 169.56, 8.12, 6.913, 169.56, 8.15, 0.003, 34.00, 81.13);
insert into SHOT values (2388, 1522, 2371, 992, 16.446, 193.44, 4.80, 16.447, 193.44, 4.81, 0.004, 262.50, 60.62);
insert into SHOT values (2389, 1522, 2372, 992, 15.660, 204.84, 4.10, 15.664, 204.83, 4.10, 0.006, 161.76, -4.85);
insert into SHOT values (2390, 1522, 2373, 992, 5.361, 153.18, 80.30, 5.367, 153.15, 80.26, 0.007, 147.05, 51.41);
insert into SHOT values (2391, 1522, 2374, 992, 12.604, 275.65, 2.86, 12.607, 275.65, 2.86, 0.004, 269.31, 34.69);
insert into SHOT values (2392, 1522, 2375, 992, 12.277, 286.18, 0.72, 12.277, 286.18, 0.75, 0.006, 193.83, 85.75);
insert into SHOT values (2393, 1522, 2376, 992, 11.709, 306.82, 3.35, 11.708, 306.79, 3.38, 0.008, 207.73, 42.26);
insert into SHOT values (2394, 1522, 2377, 992, 7.420, 349.45, 12.22, 7.421, 349.43, 12.21, 0.002, 291.87, -20.60);
insert into SHOT values (2395, 1485, 2378, 992, 9.959, 21.54, 1.90, 9.963, 21.57, 1.90, 0.006, 74.87, 6.56);
insert into SHOT values (2396, 1485, 2379, 992, 11.733, 348.52, 2.37, 11.734, 348.54, 2.39, 0.006, 64.69, 54.70);
insert into SHOT values (2397, 1485, 2380, 992, 13.219, 317.85, 1.08, 13.220, 317.85, 1.08, 0.002, 0.36, 39.19);
insert into SHOT values (2398, 1485, 2381, 992, 2.613, 195.80, 66.52, 2.615, 195.64, 66.60, 0.005, 62.52, 40.25);
insert into SHOT values (2399, 1485, 2382, 992, 4.092, 197.30, 11.10, 4.088, 197.26, 11.14, 0.006, 46.17, 20.55);
insert into SHOT values (2400, 1485, 2383, 992, 10.762, 165.68, 3.50, 10.755, 165.65, 3.52, 0.009, 21.05, 19.94);
insert into SHOT values (2401, 1485, 2384, 992, 6.212, 227.37, 2.78, 6.207, 227.35, 2.77, 0.006, 69.83, -12.89);
insert into SHOT values (2402, 1523, 2385, 992, 10.242, 339.00, 0.86, 10.241, 339.00, 0.84, 0.004, 183.52, -80.80);
insert into SHOT values (2403, 1523, 2386, 992, 6.470, 356.29, 3.71, 6.467, 356.27, 3.72, 0.004, 213.30, 24.37);
insert into SHOT values (2404, 1523, 2387, 992, 7.946, 40.44, 9.06, 7.944, 40.45, 9.05, 0.003, 167.12, -20.04);
insert into SHOT values (2405, 1523, 2388, 992, 11.007, 62.94, 14.23, 11.003, 62.95, 14.20, 0.007, 192.71, -47.62);
insert into SHOT values (2406, 1523, 2389, 992, 2.920, 42.47, 79.19, 2.921, 42.77, 79.25, 0.004, 173.93, 24.88);
insert into SHOT values (2407, 1523, 2390, 992, 10.079, 105.41, 8.34, 10.075, 105.42, 8.33, 0.005, 266.24, -34.34);
insert into SHOT values (2408, 1523, 2391, 992, 9.546, 121.43, 8.05, 9.550, 121.42, 8.01, 0.009, 109.50, -55.69);
insert into SHOT values (2409, 1523, 2392, 992, 7.021, 143.83, 6.54, 7.022, 143.80, 6.54, 0.004, 71.20, 10.43);
insert into SHOT values (2410, 1523, 2393, 992, 14.187, 240.15, -2.27, 14.193, 240.14, -2.26, 0.007, 228.35, 14.67);
insert into SHOT values (2411, 1523, 2394, 992, 13.946, 258.07, -1.85, 13.948, 258.08, -1.85, 0.003, 303.21, 9.21);
insert into SHOT values (2412, 1524, 2395, 992, 2.030, 218.12, 7.87, 2.028, 218.13, 7.94, 0.003, 36.44, 39.51);
insert into SHOT values (2413, 1524, 2396, 992, 6.141, 174.16, 6.58, 6.143, 174.17, 6.64, 0.007, 228.58, 76.26);
insert into SHOT values (2414, 1524, 2397, 992, 6.076, 163.95, 0.49, 6.077, 163.95, 0.57, 0.008, 174.18, 81.89);
insert into SHOT values (2415, 1524, 2398, 992, 10.986, 156.18, -2.97, 10.988, 156.19, -2.92, 0.010, 189.16, 71.62);
insert into SHOT values (2416, 1524, 2399, 992, 15.465, 127.78, -5.42, 15.465, 127.77, -5.42, 0.002, 35.95, -10.02);
insert into SHOT values (2417, 1524, 2400, 992, 9.412, 114.15, -5.61, 9.414, 114.13, -5.61, 0.004, 47.58, -1.05);
insert into SHOT values (2418, 1524, 2401, 992, 6.929, 98.89, 0.43, 6.933, 98.88, 0.50, 0.009, 82.92, 61.74);
insert into SHOT values (2419, 1524, 2402, 992, 2.077, 145.52, 72.93, 2.081, 145.01, 72.95, 0.007, 63.09, 39.06);
insert into SHOT values (2420, 1525, 2403, 992, 5.254, 229.11, -1.68, 5.255, 229.09, -1.74, 0.006, 177.40, -70.24);
insert into SHOT values (2421, 1525, 2404, 992, 5.873, 248.66, 1.02, 5.865, 248.60, 0.98, 0.011, 108.02, -25.61);
insert into SHOT values (2422, 1525, 2405, 992, 2.828, 56.76, 0.15, 2.832, 56.81, 0.00, 0.009, 93.71, -57.54);
insert into SHOT values (2423, 1525, 2406, 992, 5.740, 80.43, 2.64, 5.745, 80.47, 2.59, 0.008, 121.49, -33.27);
insert into SHOT values (2424, 1525, 2407, 992, 12.208, 111.04, -3.83, 12.208, 111.02, -3.85, 0.006, 23.32, -55.87);
insert into SHOT values (2425, 1525, 2408, 992, 12.339, 160.86, -7.75, 12.340, 160.85, -7.78, 0.007, 60.77, -83.99);
insert into SHOT values (2426, 1525, 2409, 992, 7.813, 170.46, -9.20, 7.817, 170.45, -9.20, 0.005, 158.23, -17.44);
insert into SHOT values (2427, 1525, 2410, 992, 1.465, 294.73, 84.48, 1.456, 296.57, 84.71, 0.011, 81.99, -45.89);
insert into SHOT values (2428, 1525, 2411, 992, 2.034, 162.96, 30.75, 2.035, 162.70, 30.74, 0.008, 79.86, 1.33);
insert into SHOT values (2429, 1526, 2412, 992, 6.558, 51.03, 12.61, 6.556, 50.96, 12.60, 0.007, 310.55, -10.71);
insert into SHOT values (2430, 1526, 2413, 992, 7.107, 92.59, 7.29, 7.104, 92.52, 7.28, 0.009, 345.30, -10.38);
insert into SHOT values (2431, 1526, 2414, 992, 7.950, 104.55, 3.91, 7.942, 104.54, 3.90, 0.008, 292.19, -11.47);
insert into SHOT values (2432, 1526, 2415, 992, 5.738, 133.19, 2.81, 5.730, 133.23, 2.80, 0.009, 288.21, -6.55);
insert into SHOT values (2433, 1526, 2416, 992, 6.537, 165.78, -0.90, 6.530, 165.81, -0.97, 0.011, 315.39, -41.16);
insert into SHOT values (2434, 1526, 2417, 992, 8.094, 188.43, -4.37, 8.092, 188.48, -4.39, 0.009, 294.89, -24.75);
insert into SHOT values (2435, 1526, 2418, 992, 9.548, 206.43, -5.97, 9.547, 206.46, -6.01, 0.009, 318.32, -55.79);
insert into SHOT values (2436, 1526, 2419, 992, 13.721, 217.77, -5.74, 13.725, 217.80, -5.77, 0.012, 284.55, -40.15);
insert into SHOT values (2437, 1526, 2420, 992, 6.535, 224.58, -5.89, 6.541, 224.63, -5.97, 0.011, 268.63, -51.72);
insert into SHOT values (2438, 1526, 2421, 992, 7.168, 250.19, -1.52, 7.173, 250.28, -1.52, 0.012, 315.45, -1.67);
insert into SHOT values (2439, 1526, 2422, 992, 4.424, 257.23, 8.52, 4.425, 257.33, 8.45, 0.009, 336.30, -36.33);
insert into SHOT values (2440, 1526, 2423, 992, 2.383, 81.43, 76.51, 2.376, 80.71, 76.44, 0.010, 2.24, -45.52);
insert into SHOT values (2441, 1527, 2424, 992, 1.836, 189.37, -4.77, 1.832, 189.46, -5.01, 0.009, 336.94, -52.30);
insert into SHOT values (2442, 1527, 2425, 992, 3.346, 247.89, -7.72, 3.354, 247.91, -7.71, 0.008, 255.94, -2.39);
insert into SHOT values (2443, 1527, 2426, 992, 4.822, 262.34, -6.42, 4.823, 262.33, -6.43, 0.002, 224.84, -23.84);
insert into SHOT values (2444, 1527, 2427, 992, 2.855, 130.10, -2.27, 2.855, 130.17, -2.41, 0.008, 220.68, -62.44);
insert into SHOT values (2445, 1527, 2428, 992, 7.353, 116.93, -2.60, 7.351, 116.88, -2.65, 0.009, 8.86, -41.88);
insert into SHOT values (2446, 1527, 2429, 992, 8.558, 97.61, -2.02, 8.550, 97.60, -2.01, 0.008, 294.06, 12.78);
insert into SHOT values (2447, 1527, 2430, 992, 7.342, 77.50, 0.90, 7.335, 77.48, 0.86, 0.009, 277.05, -37.59);
insert into SHOT values (2448, 1527, 2431, 992, 8.398, 59.98, 3.55, 8.395, 59.92, 3.55, 0.009, 309.70, 0.90);
insert into SHOT values (2449, 1527, 2432, 992, 5.252, 299.86, -0.02, 5.259, 299.88, 0.00, 0.008, 317.01, 15.21);
insert into SHOT values (2450, 1527, 2433, 992, 2.716, 347.45, 2.95, 2.718, 347.45, 2.95, 0.003, 341.06, 5.09);
insert into SHOT values (2451, 1527, 2434, 992, 1.972, 273.64, 66.13, 1.970, 273.58, 66.00, 0.005, 259.40, -41.87);
insert into SHOT values (2452, 1527, 2435, 992, 10.573, 9.38, 12.90, 10.575, 9.38, 12.90, 0.002, 350.11, -2.16);
insert into SHOT values (2453, 1527, 2436, 992, 15.383, 50.51, 10.71, 15.378, 50.51, 10.72, 0.005, 245.12, 7.86);
insert into SHOT values (2454, 1528, 2437, 992, 10.714, 31.76, 83.56, 10.717, 31.70, 83.58, 0.005, 239.04, 52.11);
insert into SHOT values (2455, 1528, 2438, 992, 6.110, 33.49, 71.61, 6.109, 33.52, 71.69, 0.009, 206.18, 13.65);
insert into SHOT values (2456, 1528, 2439, 992, 10.747, 29.74, 77.21, 10.746, 29.80, 77.24, 0.006, 185.20, -1.60);
insert into SHOT values (2457, 1528, 2440, 992, 6.974, 108.57, 75.13, 6.972, 108.64, 75.18, 0.007, 270.46, -3.91);
insert into SHOT values (2458, 1528, 2441, 992, 7.585, 78.55, 54.24, 7.587, 78.54, 54.29, 0.006, 269.46, 50.27);
insert into SHOT values (2459, 1528, 2442, 992, 6.753, 98.00, 37.49, 6.749, 98.05, 37.52, 0.008, 233.57, -0.95);
insert into SHOT values (2460, 1528, 2443, 992, 7.674, 95.18, 9.37, 7.674, 95.23, 9.37, 0.007, 185.87, 3.79);
insert into SHOT values (2461, 1528, 2444, 992, 2.844, 42.71, 16.09, 2.837, 42.77, 16.17, 0.009, 203.71, 10.29);
insert into SHOT values (2462, 1528, 2445, 992, 2.582, 347.65, 4.88, 2.579, 347.64, 4.89, 0.003, 177.26, 8.00);
insert into SHOT values (2463, 1528, 2446, 992, 2.641, 302.40, 10.88, 2.642, 302.40, 10.91, 0.001, 330.01, 73.64);
insert into SHOT values (2464, 1528, 2447, 992, 6.514, 292.19, 37.50, 6.520, 292.15, 37.51, 0.007, 249.53, 45.53);
insert into SHOT values (2465, 1528, 2448, 992, 7.658, 290.15, 52.59, 7.657, 290.11, 52.57, 0.005, 225.92, -39.64);
insert into SHOT values (2466, 1528, 2449, 992, 15.897, 301.37, 58.51, 15.900, 301.35, 58.52, 0.005, 180.84, 57.14);
insert into SHOT values (2467, 1528, 2450, 992, 15.785, 309.40, 78.07, 15.781, 309.40, 78.07, 0.005, 133.29, -62.15);
insert into SHOT values (2468, 1528, 2451, 992, 2.855, 240.63, -12.64, 2.858, 240.59, -12.53, 0.007, 212.63, 48.95);
insert into SHOT values (2469, 1528, 2452, 992, 4.834, 188.44, -17.72, 4.839, 188.48, -17.68, 0.007, 216.53, 11.89);
insert into SHOT values (2470, 1528, 2453, 992, 5.632, 156.42, -13.35, 5.638, 156.47, -13.33, 0.008, 196.23, 1.64);
insert into SHOT values (2471, 1529, 2454, 992, 5.888, 352.67, 17.98, 5.885, 352.61, 18.01, 0.008, 231.37, 15.13);
insert into SHOT values (2472, 1529, 2455, 992, 5.601, 28.69, 14.31, 5.597, 28.64, 14.28, 0.007, 257.32, -40.32);
insert into SHOT values (2473, 1529, 2456, 992, 9.008, 48.34, 8.16, 9.009, 48.32, 8.17, 0.004, 329.93, 15.48);
insert into SHOT values (2474, 1529, 2457, 992, 1.233, 187.63, 15.97, 1.238, 187.72, 15.94, 0.006, 207.14, 7.79);
insert into SHOT values (2475, 1529, 2458, 992, 2.081, 129.49, 25.84, 2.074, 129.57, 25.72, 0.009, 279.85, -51.49);
insert into SHOT values (2476, 1529, 2459, 992, 4.877, 114.61, 13.14, 4.871, 114.67, 13.17, 0.008, 254.07, 6.27);
insert into SHOT values (2477, 1529, 2460, 992, 9.123, 98.96, 7.06, 9.120, 98.96, 7.05, 0.004, 272.02, -18.68);
insert into SHOT values (2478, 1529, 2461, 992, 15.992, 88.41, 7.01, 15.985, 88.41, 7.01, 0.007, 259.33, -12.44);
insert into SHOT values (2479, 1529, 2462, 992, 2.919, 61.07, 69.60, 2.913, 61.16, 69.59, 0.006, 195.84, -68.83);
insert into SHOT values (2480, 1529, 2463, 992, 5.358, 92.67, 36.54, 5.358, 92.66, 36.54, 0.001, 348.64, -14.31);
insert into SHOT values (2481, 1530, 2464, 992, 3.692, 152.97, 6.52, 3.682, 153.01, 6.55, 0.010, 318.21, 4.36);
insert into SHOT values (2482, 1530, 2465, 992, 5.202, 100.86, 5.32, 5.195, 100.81, 5.41, 0.011, 308.38, 40.15);
insert into SHOT values (2483, 1530, 2466, 992, 7.369, 92.60, 5.10, 7.367, 92.58, 5.14, 0.007, 326.98, 51.28);
insert into SHOT values (2484, 1530, 2467, 992, 5.706, 208.84, 14.07, 5.700, 208.88, 14.12, 0.009, 357.93, 16.99);
insert into SHOT values (2485, 1530, 2468, 992, 1.883, 180.84, 83.45, 1.892, 182.73, 83.62, 0.012, 304.41, 48.11);
insert into SHOT values (2486, 1530, 2469, 992, 8.746, 305.67, 2.82, 8.752, 305.69, 2.82, 0.007, 327.51, 0.13);
insert into SHOT values (2487, 1530, 2470, 992, 9.239, 353.86, 1.21, 9.245, 353.85, 1.24, 0.008, 342.57, 39.45);
insert into SHOT values (2488, 1530, 2471, 992, 10.620, 5.94, 3.41, 10.625, 5.90, 3.45, 0.012, 310.18, 42.63);
insert into SHOT values (2489, 1530, 2472, 992, 18.970, 76.88, 5.33, 18.967, 76.87, 5.35, 0.009, 305.76, 46.29);
insert into SHOT values (2490, 1531, 2473, 992, 4.734, 145.03, 5.33, 4.737, 144.93, 5.33, 0.009, 73.15, 2.66);
insert into SHOT values (2491, 1531, 2474, 992, 10.650, 125.30, 3.99, 10.650, 125.31, 4.04, 0.008, 223.57, 81.51);
insert into SHOT values (2492, 1531, 2475, 992, 9.860, 105.92, 6.10, 9.862, 105.92, 6.11, 0.003, 116.03, 39.55);
insert into SHOT values (2493, 1531, 2476, 992, 8.851, 83.65, 7.68, 8.854, 83.65, 7.72, 0.008, 93.38, 73.31);
insert into SHOT values (2494, 1531, 2477, 992, 11.112, 68.12, 10.70, 11.121, 68.13, 10.73, 0.011, 89.15, 39.51);
insert into SHOT values (2495, 1531, 2478, 992, 2.969, 85.50, 67.42, 2.978, 85.49, 67.42, 0.009, 82.12, 68.26);
insert into SHOT values (2496, 1531, 2479, 992, 10.813, 288.67, -1.38, 10.812, 288.67, -1.38, 0.001, 123.39, 10.98);
insert into SHOT values (2497, 1531, 2480, 992, 13.338, 322.98, -0.85, 13.339, 322.98, -0.82, 0.008, 13.40, 73.64);
insert into SHOT values (2498, 1531, 2481, 992, 13.239, 345.60, 0.61, 13.236, 345.61, 0.65, 0.009, 127.33, 65.61);
insert into SHOT values (2499, 1531, 2482, 992, 18.510, 355.55, 2.81, 18.508, 355.56, 2.82, 0.006, 117.14, 37.67);
insert into SHOT values (2500, 1531, 2483, 992, 14.942, 59.43, 12.15, 14.946, 59.43, 12.17, 0.006, 92.59, 53.04);
insert into SHOT values (2501, 1531, 2484, 992, 14.928, 59.31, 12.35, 14.928, 59.32, 12.38, 0.007, 179.45, 66.42);
insert into SHOT values (2502, 1531, 2485, 992, 18.492, 59.48, 11.45, 18.498, 59.50, 11.48, 0.012, 119.72, 48.33);
insert into SHOT values (2503, 1532, 2486, 992, 3.592, 261.34, 15.46, 3.592, 261.19, 15.50, 0.010, 163.59, 15.75);
insert into SHOT values (2504, 1532, 2487, 992, 8.774, 222.39, -3.58, 8.773, 222.36, -3.53, 0.008, 120.95, 63.25);
insert into SHOT values (2505, 1532, 2488, 992, 8.083, 309.55, 17.67, 8.084, 309.52, 17.72, 0.008, 202.06, 54.75);
insert into SHOT values (2506, 1532, 2489, 992, 10.722, 329.13, 12.30, 10.724, 329.10, 12.33, 0.007, 252.34, 44.15);
insert into SHOT values (2507, 1532, 2490, 992, 17.658, 43.86, 8.52, 17.657, 43.86, 8.53, 0.004, 173.39, 63.64);
insert into SHOT values (2508, 1532, 2491, 992, 12.839, 101.56, 6.68, 12.838, 101.58, 6.71, 0.007, 216.39, 47.82);
insert into SHOT values (2509, 1532, 2492, 992, 12.179, 123.08, 3.41, 12.184, 123.09, 3.43, 0.008, 153.32, 42.61);
insert into SHOT values (2510, 1532, 2493, 992, 13.074, 143.27, 1.96, 13.078, 143.31, 1.97, 0.009, 206.73, 24.55);
insert into SHOT values (2511, 1532, 2494, 992, 17.806, 158.17, 4.47, 17.807, 158.17, 4.48, 0.004, 235.43, 32.93);
insert into SHOT values (2512, 1532, 2495, 992, 3.497, 107.31, 70.74, 3.506, 107.65, 70.77, 0.011, 190.07, 51.49);
insert into SHOT values (2513, 1532, 2496, 992, 17.200, 350.38, 6.94, 17.196, 350.39, 6.95, 0.006, 130.42, 21.81);
insert into SHOT values (2514, 1532, 2497, 992, 16.955, 336.57, 5.90, 16.953, 336.55, 5.92, 0.010, 222.94, 47.20);
insert into SHOT values (2515, 1533, 2498, 992, 16.468, 253.24, 5.32, 16.468, 253.23, 5.33, 0.003, 164.79, 46.99);
insert into SHOT values (2516, 1533, 2499, 992, 14.522, 260.84, 4.79, 14.516, 260.81, 4.78, 0.009, 131.19, -16.62);
insert into SHOT values (2517, 1533, 2500, 992, 21.091, 256.06, 15.46, 21.092, 256.05, 15.45, 0.003, 195.33, -28.10);
insert into SHOT values (2518, 1533, 2501, 992, 21.042, 254.51, 16.31, 21.042, 254.49, 16.31, 0.006, 164.87, 9.25);
insert into SHOT values (2519, 1533, 2502, 992, 15.402, 282.50, 2.69, 15.402, 282.50, 2.72, 0.007, 30.53, 81.85);
insert into SHOT values (2520, 1533, 2503, 992, 16.689, 308.29, 2.35, 16.681, 308.30, 2.37, 0.010, 113.74, 33.95);
insert into SHOT values (2521, 1533, 2504, 992, 16.818, 329.46, 2.64, 16.815, 329.48, 2.66, 0.007, 91.42, 39.64);
insert into SHOT values (2522, 1533, 2505, 992, 13.630, 340.07, 3.09, 13.626, 340.06, 3.11, 0.008, 190.06, 48.63);
insert into SHOT values (2523, 1533, 2506, 992, 13.425, 7.64, 3.25, 13.420, 7.63, 3.25, 0.005, 193.25, -2.00);
insert into SHOT values (2524, 1533, 2507, 992, 15.700, 16.99, 3.96, 15.702, 17.00, 3.98, 0.007, 81.41, 49.67);
insert into SHOT values (2525, 1533, 2508, 992, 19.256, 35.50, 3.36, 19.261, 35.52, 3.36, 0.007, 81.90, 23.46);
insert into SHOT values (2526, 1533, 2509, 992, 2.365, 4.21, 71.64, 2.369, 4.64, 71.74, 0.008, 120.14, 41.46);
insert into SHOT values (2527, 1533, 2510, 992, 11.052, 163.28, -0.86, 11.058, 163.29, -0.83, 0.008, 166.20, 39.69);
insert into SHOT values (2528, 1533, 2511, 992, 7.647, 140.08, 2.09, 7.650, 140.04, 2.10, 0.006, 84.12, 14.97);
insert into SHOT values (2529, 1533, 2512, 992, 8.897, 118.52, 3.08, 8.900, 118.50, 3.09, 0.004, 71.41, 23.52);
insert into SHOT values (2530, 1533, 2513, 992, 10.500, 107.59, 1.59, 10.504, 107.57, 1.58, 0.005, 69.66, -20.44);
insert into SHOT values (2531, 1533, 2514, 992, 12.566, 81.37, 2.62, 12.565, 81.39, 2.65, 0.008, 187.74, 54.94);
insert into SHOT values (2532, 1534, 2515, 992, 4.356, 149.22, 7.99, 4.361, 149.22, 8.04, 0.007, 145.57, 45.74);
insert into SHOT values (2533, 1534, 2516, 992, 5.597, 112.01, 6.99, 5.596, 111.99, 6.98, 0.002, 337.54, -25.14);
insert into SHOT values (2534, 1534, 2517, 992, 8.787, 96.22, 8.46, 8.789, 96.27, 8.51, 0.010, 180.31, 40.20);
insert into SHOT values (2535, 1534, 2518, 992, 2.037, 298.88, 65.77, 2.038, 298.72, 65.89, 0.005, 151.50, 29.93);
insert into SHOT values (2536, 1534, 2519, 992, 8.291, 328.40, 3.91, 8.285, 328.41, 3.95, 0.009, 138.73, 37.42);
insert into SHOT values (2537, 1534, 2520, 992, 10.589, 7.39, 3.92, 10.583, 7.40, 3.96, 0.009, 166.67, 40.64);
insert into SHOT values (2538, 1534, 2521, 992, 15.048, 43.31, 5.81, 15.047, 43.32, 5.84, 0.007, 160.93, 57.16);
insert into SHOT values (2539, 1535, 2522, 992, 11.716, 195.73, -8.87, 11.724, 195.73, -8.88, 0.009, 187.95, -28.89);
insert into SHOT values (2540, 1535, 2523, 992, 10.921, 179.96, -7.83, 10.922, 179.95, -7.84, 0.003, 107.49, -28.37);
insert into SHOT values (2541, 1535, 2524, 992, 9.968, 155.92, -4.87, 9.969, 155.94, -4.89, 0.006, 228.32, -50.00);
insert into SHOT values (2542, 1535, 2525, 992, 15.610, 135.65, -2.74, 15.618, 135.68, -2.75, 0.010, 172.29, -20.05);
insert into SHOT values (2543, 1535, 2526, 992, 20.771, 116.04, 0.69, 20.771, 116.05, 0.69, 0.002, 207.59, -32.58);
insert into SHOT values (2544, 1535, 2527, 992, 11.337, 90.36, 3.39, 11.340, 90.40, 3.39, 0.010, 162.13, -1.06);
insert into SHOT values (2545, 1535, 2528, 992, 9.925, 54.27, 5.74, 9.924, 54.31, 5.73, 0.008, 153.42, -20.39);
insert into SHOT values (2546, 1535, 2529, 992, 1.646, 143.13, 67.17, 1.651, 143.84, 67.04, 0.010, 199.99, 17.45);
insert into SHOT values (2547, 1535, 2530, 992, 9.024, 259.81, -2.96, 9.025, 259.77, -2.92, 0.008, 181.46, 42.44);
insert into SHOT values (2548, 1535, 2531, 992, 8.123, 278.54, 1.04, 8.121, 278.50, 1.06, 0.007, 163.53, 25.71);
insert into SHOT values (2549, 1535, 2532, 992, 5.027, 318.50, 5.07, 5.028, 318.48, 5.02, 0.005, 263.62, -64.80);
insert into SHOT values (2550, 1535, 2533, 992, 5.594, 350.16, 5.59, 5.589, 350.17, 5.65, 0.008, 167.33, 43.38);
insert into SHOT values (2551, 1536, 2534, 992, 5.476, 288.63, 0.61, 5.477, 288.63, 0.63, 0.002, 289.62, 50.37);
insert into SHOT values (2552, 1536, 2535, 992, 10.837, 256.80, -3.80, 10.840, 256.80, -3.81, 0.003, 271.69, -30.27);
insert into SHOT values (2553, 1536, 2536, 992, 10.409, 233.82, -3.47, 10.416, 233.80, -3.47, 0.007, 212.43, 2.94);
insert into SHOT values (2554, 1536, 2537, 992, 15.321, 215.99, -2.85, 15.327, 215.96, -2.84, 0.009, 164.67, 2.75);
insert into SHOT values (2555, 1536, 2538, 992, 14.798, 203.85, -2.44, 14.806, 203.84, -2.44, 0.008, 190.06, 7.06);
insert into SHOT values (2556, 1536, 2539, 992, 11.382, 157.87, 0.76, 11.390, 157.87, 0.75, 0.008, 154.18, -12.59);
insert into SHOT values (2557, 1536, 2540, 992, 7.199, 145.29, -3.00, 7.197, 145.31, -2.95, 0.008, 265.45, 63.19);
insert into SHOT values (2558, 1536, 2541, 992, 3.535, 126.20, 0.47, 3.534, 126.25, 0.49, 0.004, 227.81, 19.37);
insert into SHOT values (2559, 1536, 2542, 992, 3.912, 71.49, 0.87, 3.912, 71.52, 0.88, 0.002, 156.36, 19.40);
insert into SHOT values (2560, 1536, 2543, 992, 6.832, 69.20, 7.47, 6.828, 69.24, 7.49, 0.006, 207.21, 16.14);
insert into SHOT values (2561, 1536, 2544, 992, 2.112, 190.37, 66.05, 2.114, 190.01, 65.90, 0.008, 147.30, -1.14);
insert into SHOT values (2562, 1537, 2545, 992, 5.849, 60.16, 1.65, 5.848, 60.15, 1.67, 0.002, 293.39, 43.78);
insert into SHOT values (2563, 1537, 2546, 992, 7.420, 77.86, 3.56, 7.420, 77.84, 3.55, 0.003, 358.44, -15.80);
insert into SHOT values (2564, 1537, 2547, 992, 10.708, 93.24, 2.02, 10.714, 93.21, 2.03, 0.008, 48.88, 17.20);
insert into SHOT values (2565, 1537, 2548, 992, 10.837, 112.98, 2.23, 10.838, 112.99, 2.22, 0.003, 171.39, -15.39);
insert into SHOT values (2566, 1537, 2549, 992, 12.400, 124.66, 0.46, 12.400, 124.65, 0.46, 0.003, 27.07, 28.97);
insert into SHOT values (2567, 1537, 2550, 992, 4.582, 199.90, 2.74, 4.580, 199.94, 2.75, 0.004, 325.55, 11.51);
insert into SHOT values (2568, 1537, 2551, 992, 4.112, 239.83, 1.08, 4.110, 239.75, 1.12, 0.007, 131.67, 24.56);
insert into SHOT values (2569, 1537, 2552, 992, 4.107, 291.06, -1.65, 4.107, 291.13, -1.53, 0.010, 13.23, 58.24);
insert into SHOT values (2570, 1537, 2553, 992, 7.026, 304.20, -5.59, 7.023, 304.21, -5.56, 0.006, 89.25, 46.74);
insert into SHOT values (2571, 1537, 2554, 992, 1.533, 85.81, 70.30, 1.541, 85.60, 70.22, 0.008, 63.26, 53.24);
insert into SHOT values (2572, 1537, 2555, 992, 8.356, 174.33, 3.62, 8.358, 174.29, 3.64, 0.006, 105.44, 22.79);
insert into SHOT values (2573, 1537, 2556, 992, 6.110, 177.07, 4.05, 6.114, 177.09, 4.13, 0.009, 201.92, 66.51);
insert into SHOT values (2574, 1538, 2557, 992, 1.849, 216.89, 8.16, 1.846, 217.00, 8.09, 0.005, 340.18, -31.61);
insert into SHOT values (2575, 1538, 2558, 992, 3.367, 222.51, 1.60, 3.370, 222.59, 1.53, 0.007, 281.43, -35.15);
insert into SHOT values (2576, 1538, 2559, 992, 2.565, 173.38, 18.05, 2.561, 173.40, 17.97, 0.006, 331.29, -59.60);
insert into SHOT values (2577, 1538, 2560, 992, 1.683, 229.97, 60.35, 1.680, 230.37, 60.35, 0.007, 334.86, -23.78);
insert into SHOT values (2578, 1538, 2561, 992, 11.094, 117.59, 4.26, 11.087, 117.58, 4.24, 0.007, 301.66, -28.24);
insert into SHOT values (2579, 1538, 2562, 992, 6.485, 94.66, 3.36, 6.482, 94.61, 3.36, 0.007, 339.21, 3.08);
insert into SHOT values (2580, 1538, 2563, 992, 6.676, 78.94, 3.60, 6.668, 78.91, 3.61, 0.009, 279.43, 6.50);
insert into SHOT values (2581, 1538, 2564, 992, 9.795, 48.15, -1.48, 9.797, 48.10, -1.46, 0.009, 331.13, 22.11);
insert into SHOT values (2582, 1538, 2565, 992, 6.282, 65.79, 3.77, 6.275, 65.77, 3.75, 0.008, 262.31, -26.63);
insert into SHOT values (2583, 1538, 2566, 992, 15.145, 75.73, -0.31, 15.139, 75.70, -0.30, 0.010, 312.18, 15.26);
insert into SHOT values (2584, 1538, 2567, 992, 8.261, 322.16, -6.72, 8.266, 322.13, -6.74, 0.008, 274.50, -25.99);
insert into SHOT values (2585, 1538, 2568, 992, 7.478, 344.79, -6.60, 7.480, 344.79, -6.60, 0.002, 327.37, -23.50);
insert into SHOT values (2586, 1538, 2569, 992, 7.686, 269.11, -2.77, 7.690, 269.10, -2.76, 0.004, 268.41, 18.46);
insert into SHOT values (2587, 1538, 2570, 992, 5.432, 265.14, -3.48, 5.440, 265.14, -3.48, 0.008, 262.11, 0.05);
insert into SHOT values (2588, 1539, 2571, 992, 10.213, 226.89, 1.98, 10.215, 226.94, 1.96, 0.011, 302.26, -18.66);
insert into SHOT values (2589, 1539, 2572, 992, 14.226, 244.63, 0.82, 14.231, 244.66, 0.81, 0.009, 299.79, -21.18);
insert into SHOT values (2590, 1539, 2573, 992, 1.420, 345.66, 66.54, 1.418, 345.72, 66.42, 0.003, 359.74, -49.00);
insert into SHOT values (2591, 1539, 2574, 992, 6.617, 300.68, 0.02, 6.618, 300.71, 0.00, 0.005, 12.33, -33.81);
insert into SHOT values (2592, 1539, 2575, 992, 3.781, 333.85, -0.17, 3.779, 333.77, -0.15, 0.006, 223.22, 9.04);
insert into SHOT values (2593, 1539, 2576, 992, 5.149, 66.48, 2.77, 5.143, 66.48, 2.79, 0.006, 250.60, 11.42);
insert into SHOT values (2594, 1540, 2577, 992, 14.212, 132.08, 2.41, 14.209, 132.06, 2.42, 0.007, 13.51, 17.54);
insert into SHOT values (2595, 1540, 2578, 992, 9.703, 165.03, -0.05, 9.700, 165.00, -0.06, 0.005, 40.07, -20.30);
insert into SHOT values (2596, 1540, 2579, 992, 10.308, 202.20, -2.45, 10.303, 202.20, -2.45, 0.005, 9.89, 6.83);
insert into SHOT values (2597, 1540, 2580, 992, 12.178, 236.99, -2.45, 12.177, 236.98, -2.45, 0.003, 112.40, 12.61);
insert into SHOT values (2598, 1540, 2581, 992, 9.929, 282.32, -1.17, 9.931, 282.33, -1.15, 0.003, 314.51, 38.12);
insert into SHOT values (2599, 1540, 2582, 992, 8.737, 304.96, -2.86, 8.736, 304.97, -2.89, 0.005, 90.67, -71.02);
insert into SHOT values (2600, 1540, 2583, 992, 10.244, 348.23, -4.71, 10.249, 348.25, -4.70, 0.005, 19.81, 8.48);
insert into SHOT values (2601, 1540, 2584, 992, 11.056, 19.51, -3.86, 11.061, 19.54, -3.89, 0.008, 65.06, -40.83);
insert into SHOT values (2602, 1540, 2585, 992, 2.014, 336.19, 57.21, 2.012, 336.25, 57.12, 0.004, 6.85, -55.43);
insert into SHOT values (2603, 1540, 2586, 992, 6.086, 62.18, 3.53, 6.086, 62.13, 3.49, 0.007, 335.43, -42.94);
insert into SHOT values (2604, 1540, 2587, 992, 8.021, 78.56, 2.58, 8.027, 78.56, 2.57, 0.007, 85.82, -11.81);
insert into SHOT values (2605, 1541, 2588, 992, 2.753, 339.79, -2.86, 2.753, 339.79, -2.92, 0.003, 209.33, -82.70);
insert into SHOT values (2606, 1541, 2589, 992, 6.272, 41.47, 2.54, 6.269, 41.50, 2.56, 0.005, 176.89, 20.06);
insert into SHOT values (2607, 1541, 2590, 992, 7.022, 270.73, 2.27, 7.016, 270.74, 2.29, 0.006, 85.52, 13.11);
insert into SHOT values (2608, 1541, 2591, 992, 7.444, 209.38, 3.74, 7.448, 209.32, 3.77, 0.010, 148.24, 26.22);
insert into SHOT values (2609, 1541, 2592, 992, 6.903, 180.35, 5.14, 6.908, 180.33, 5.15, 0.006, 155.29, 13.75);
insert into SHOT values (2610, 1541, 2593, 992, 6.996, 141.35, 2.43, 7.000, 141.33, 2.46, 0.006, 104.73, 37.85);
insert into SHOT values (2611, 1541, 2594, 992, 6.045, 119.38, 3.12, 6.045, 119.37, 3.13, 0.001, 9.74, 41.18);
insert into SHOT values (2612, 1541, 2595, 992, 2.300, 79.46, 60.20, 2.307, 79.47, 60.12, 0.008, 81.83, 33.25);
insert into SHOT values (2613, 1541, 2596, 992, 10.024, 99.86, 1.77, 10.024, 99.89, 1.77, 0.004, 195.67, -4.06);
insert into SHOT values (2614, 1542, 2597, 992, 1.498, 359.48, 13.46, 1.492, 359.21, 13.57, 0.010, 225.32, 8.04);
insert into SHOT values (2615, 1542, 2598, 992, 3.716, 267.97, 6.27, 3.725, 267.99, 6.32, 0.009, 276.39, 24.70);
insert into SHOT values (2616, 1542, 2599, 992, 4.951, 236.69, -2.58, 4.958, 236.69, -2.54, 0.008, 239.76, 18.35);
insert into SHOT values (2617, 1542, 2600, 992, 2.063, 131.15, 10.32, 2.060, 131.40, 10.35, 0.009, 241.90, 3.42);
insert into SHOT values (2618, 1542, 2601, 992, 2.201, 69.73, 16.90, 2.196, 69.67, 16.94, 0.006, 274.12, 2.82);
insert into SHOT values (2619, 1542, 2602, 992, 3.909, 91.09, 21.91, 3.904, 91.11, 21.96, 0.006, 262.24, 11.59);
insert into SHOT values (2620, 1542, 2603, 992, 3.974, 110.10, 21.21, 3.969, 110.25, 21.27, 0.012, 233.52, 11.50);
insert into SHOT values (2621, 1542, 2604, 992, 1.793, 154.73, 64.08, 1.790, 155.07, 64.07, 0.005, 253.58, -29.25);
insert into SHOT values (2622, 1542, 2605, 992, 4.342, 76.88, 70.76, 4.341, 77.04, 70.82, 0.006, 217.76, 5.61);
insert into SHOT values (2623, 1543, 2606, 992, 0.920, 357.12, 23.79, 0.919, 357.27, 23.75, 0.003, 108.54, -25.31);
insert into SHOT values (2624, 1543, 2607, 992, 1.220, 315.14, 33.84, 1.219, 315.40, 33.92, 0.005, 70.71, 7.32);
insert into SHOT values (2625, 1543, 2608, 992, 0.365, 157.75, 17.43, 0.362, 157.89, 17.67, 0.003, 320.79, 12.14);
insert into SHOT values (2626, 1543, 2609, 992, 1.521, 82.72, 73.80, 1.520, 83.21, 73.84, 0.004, 195.60, -8.28);
insert into SHOT values (2627, 1543, 2610, 992, 2.373, 70.18, 24.51, 2.374, 70.22, 24.65, 0.006, 211.82, 66.44);
insert into SHOT values (2628, 1543, 2611, 992, 2.160, 95.78, 11.36, 2.164, 95.68, 11.46, 0.006, 42.15, 44.50);
insert into SHOT values (2629, 1544, 2612, 992, 1.037, 172.32, 4.89, 1.033, 172.18, 5.00, 0.005, 26.09, 20.18);
insert into SHOT values (2630, 1544, 2613, 992, 2.101, 193.91, 64.60, 2.101, 194.19, 64.72, 0.006, 325.27, 19.91);
insert into SHOT values (2631, 1544, 2614, 992, 0.340, 28.21, 15.63, 0.343, 28.89, 15.20, 0.006, 74.37, -16.66);
insert into SHOT values (2632, 1544, 2615, 992, 2.344, 130.35, 17.36, 2.349, 130.30, 17.34, 0.005, 107.97, 4.97);
insert into SHOT values (2633, 1544, 2616, 992, 2.814, 106.14, -1.72, 2.812, 106.11, -1.83, 0.006, 314.67, -64.66);
insert into SHOT values (2634, 1544, 2617, 992, 3.709, 131.25, -14.53, 3.711, 131.28, -14.51, 0.003, 169.25, 9.57);
insert into SHOT values (2635, 1544, 2618, 992, 1.429, 146.89, -22.83, 1.429, 146.79, -23.07, 0.006, 9.14, -60.04);
insert into SHOT values (2636, 1544, 2619, 992, 2.126, 133.84, -4.39, 2.128, 133.85, -4.31, 0.003, 152.51, 52.25);
insert into SHOT values (2637, 1545, 2620, 992, 1.257, 217.63, 13.69, 1.262, 217.71, 13.75, 0.006, 236.42, 26.34);
insert into SHOT values (2638, 1545, 2621, 992, 0.299, 67.19, 29.72, 0.300, 67.38, 29.98, 0.002, 135.36, 62.41);
insert into SHOT values (2639, 1545, 2622, 992, 1.560, 333.40, 71.78, 1.560, 333.43, 71.61, 0.005, 337.14, -22.97);
insert into SHOT values (2640, 1545, 2623, 992, 2.390, 143.71, 2.19, 2.384, 143.71, 2.16, 0.006, 323.63, -10.73);
insert into SHOT values (2641, 1545, 2624, 992, 4.581, 159.06, 1.55, 4.576, 158.99, 1.50, 0.009, 24.28, -30.27);
insert into SHOT values (2642, 1545, 2625, 992, 3.073, 176.35, -4.09, 3.074, 176.45, -4.10, 0.005, 258.65, -7.57);
insert into SHOT values (2643, 1545, 2626, 992, 3.576, 235.86, -10.51, 3.574, 235.90, -10.48, 0.004, 1.99, 33.69);
insert into SHOT values (2644, 1545, 2627, 992, 2.421, 285.32, 4.62, 2.424, 285.36, 4.50, 0.006, 315.66, -53.77);
insert into SHOT values (2645, 1545, 2628, 992, 4.162, 310.42, 3.66, 4.165, 310.51, 3.58, 0.009, 17.26, -37.23);
insert into SHOT values (2646, 1546, 2629, 992, 1.946, 179.04, 16.26, 1.947, 179.08, 16.11, 0.005, 209.02, -63.79);
insert into SHOT values (2647, 1546, 2630, 992, 1.528, 293.73, 68.83, 1.521, 293.75, 68.96, 0.007, 111.35, -41.08);
insert into SHOT values (2648, 1546, 2631, 992, 1.308, 279.23, 61.65, 1.306, 279.31, 61.74, 0.003, 82.88, -19.94);
insert into SHOT values (2649, 1546, 2632, 992, 2.024, 351.70, 4.99, 2.018, 351.71, 4.83, 0.008, 166.57, -49.16);
insert into SHOT values (2650, 1546, 2633, 992, 2.542, 313.00, 4.29, 2.540, 313.08, 4.29, 0.004, 71.41, 0.91);
insert into SHOT values (2651, 1546, 2634, 992, 4.665, 250.52, 8.63, 4.667, 250.50, 8.63, 0.003, 229.49, 0.06);
insert into SHOT values (2652, 1546, 2635, 992, 5.902, 263.14, 5.22, 5.896, 263.15, 5.16, 0.009, 68.74, -49.59);
insert into SHOT values (2653, 1547, 2636, 992, 1.327, 3.93, 7.22, 1.324, 3.93, 7.38, 0.005, 183.15, 42.82);
insert into SHOT values (2654, 1547, 2637, 992, 2.233, 307.50, 2.11, 2.234, 307.54, 2.05, 0.003, 11.62, -55.06);
insert into SHOT values (2655, 1547, 2638, 992, 3.226, 289.30, 1.58, 3.221, 289.22, 1.60, 0.007, 149.84, 9.96);
insert into SHOT values (2656, 1547, 2639, 992, 5.231, 281.28, 2.03, 5.224, 281.27, 2.08, 0.009, 113.07, 34.41);
insert into SHOT values (2657, 1547, 2640, 992, 10.032, 248.00, 0.91, 10.033, 247.99, 0.91, 0.002, 179.51, 11.15);
insert into SHOT values (2658, 1547, 2641, 992, 6.809, 232.22, 2.30, 6.805, 232.17, 2.36, 0.010, 104.06, 41.44);
insert into SHOT values (2659, 1547, 2642, 992, 3.981, 224.53, 1.90, 3.983, 224.49, 1.87, 0.004, 176.88, -25.28);
insert into SHOT values (2660, 1547, 2643, 992, 4.235, 181.54, 3.58, 4.240, 181.49, 3.65, 0.008, 144.05, 44.81);
insert into SHOT values (2661, 1547, 2644, 992, 2.799, 87.56, 1.92, 2.804, 87.55, 2.04, 0.008, 79.34, 49.44);
insert into SHOT values (2662, 1547, 2645, 992, 4.086, 107.08, 1.75, 4.092, 107.06, 1.82, 0.008, 95.69, 42.08);
insert into SHOT values (2663, 1547, 2646, 992, 0.831, 8.61, 69.67, 0.830, 10.12, 69.97, 0.009, 128.90, 5.03);
insert into SHOT values (2664, 1549, 2647, 992, 1.870, 358.91, 0.43, 1.870, 359.08, 0.61, 0.008, 86.02, 45.79);
insert into SHOT values (2665, 1549, 2648, 992, 3.663, 298.55, 1.31, 3.657, 298.60, 1.41, 0.009, 93.60, 42.49);
insert into SHOT values (2666, 1549, 2649, 992, 11.713, 295.88, -4.14, 11.712, 295.89, -4.11, 0.005, 93.84, 84.17);
insert into SHOT values (2667, 1549, 2650, 992, 8.294, 234.80, -3.00, 8.285, 234.79, -2.98, 0.010, 61.80, 23.07);
insert into SHOT values (2668, 1549, 2651, 992, 5.674, 207.25, -1.93, 5.670, 207.20, -1.92, 0.007, 75.59, 13.16);
insert into SHOT values (2669, 1549, 2652, 992, 5.830, 172.55, -5.95, 5.831, 172.47, -5.91, 0.009, 92.30, 27.14);
insert into SHOT values (2670, 1549, 2653, 992, 7.972, 155.64, -4.57, 7.973, 155.63, -4.53, 0.006, 101.82, 61.26);
insert into SHOT values (2671, 1549, 2654, 992, 14.134, 143.45, -4.79, 14.132, 143.43, -4.79, 0.005, 23.53, -10.92);
insert into SHOT values (2672, 1549, 2655, 992, 13.266, 264.11, 78.88, 13.268, 264.16, 78.90, 0.007, 64.55, 26.32);
insert into SHOT values (2673, 1549, 2656, 992, 13.961, 108.73, 81.22, 13.964, 108.60, 81.22, 0.005, 11.11, 31.13);
insert into SHOT values (2674, 1549, 2657, 992, 4.974, 235.44, 21.79, 4.973, 235.41, 21.84, 0.005, 85.90, 47.91);
insert into SHOT values (2675, 1549, 2658, 992, 3.792, 170.71, 30.93, 3.793, 170.62, 30.94, 0.005, 90.04, 10.07);
insert into SHOT values (2676, 1549, 2659, 992, 4.267, 133.73, 34.21, 4.268, 133.74, 34.22, 0.001, 175.15, 65.44);
insert into SHOT values (2677, 1549, 2660, 992, 2.808, 68.94, 63.90, 2.810, 68.80, 63.72, 0.009, 49.42, -9.69);
insert into SHOT values (2678, 1549, 2661, 992, 4.033, 282.18, 42.62, 4.032, 282.26, 42.61, 0.004, 16.14, -9.46);
insert into SHOT values (2679, 1550, 2662, 992, 8.716, 133.62, 5.81, 8.716, 133.60, 5.79, 0.003, 52.75, -31.98);
insert into SHOT values (2680, 1550, 2663, 992, 11.298, 106.53, 5.82, 11.300, 106.48, 5.79, 0.011, 31.70, -34.49);
insert into SHOT values (2681, 1550, 2664, 992, 12.955, 66.48, 3.84, 12.954, 66.47, 3.85, 0.004, 316.31, 34.42);
insert into SHOT values (2682, 1550, 2665, 992, 6.182, 25.07, 0.08, 6.183, 25.07, 0.09, 0.001, 42.22, 61.63);
insert into SHOT values (2683, 1550, 2666, 992, 5.398, 349.28, 3.45, 5.403, 349.32, 3.40, 0.008, 22.54, -37.37);
insert into SHOT values (2684, 1550, 2667, 992, 2.319, 133.89, 73.11, 2.320, 133.19, 73.16, 0.008, 33.13, 6.72);
insert into SHOT values (2685, 1551, 2668, 992, 4.134, 43.61, 25.18, 4.128, 43.70, 25.23, 0.009, 183.67, 9.30);
insert into SHOT values (2686, 1551, 2669, 992, 11.017, 103.42, 14.78, 11.017, 103.46, 14.78, 0.008, 191.08, -6.55);
insert into SHOT values (2687, 1551, 2670, 992, 5.270, 25.10, 72.05, 5.267, 25.14, 72.04, 0.004, 133.38, -67.93);
insert into SHOT values (2688, 1551, 2671, 992, 17.800, 135.33, 6.08, 17.799, 135.34, 6.06, 0.006, 236.97, -42.26);
insert into SHOT values (2689, 1551, 2672, 992, 14.782, 146.53, 5.93, 14.787, 146.54, 5.94, 0.006, 176.56, 18.96);
insert into SHOT values (2690, 1551, 2673, 992, 10.785, 168.29, 10.49, 10.790, 168.31, 10.47, 0.007, 203.07, -23.87);
insert into SHOT values (2691, 1551, 2674, 992, 13.558, 186.75, 9.94, 13.566, 186.75, 9.93, 0.008, 180.44, 2.58);
insert into SHOT values (2692, 1551, 2675, 992, 15.627, 245.14, 8.40, 15.630, 245.14, 8.39, 0.005, 235.54, -50.49);
insert into SHOT values (2693, 1552, 2676, 992, 8.539, 246.24, 7.95, 8.536, 246.29, 7.95, 0.008, 359.88, -6.43);
insert into SHOT values (2694, 1552, 2677, 992, 8.726, 272.56, 1.10, 8.730, 272.56, 1.05, 0.009, 283.83, -59.10);
insert into SHOT values (2695, 1552, 2678, 992, 14.582, 18.28, 3.63, 14.582, 18.26, 3.62, 0.006, 289.82, -33.75);
insert into SHOT values (2696, 1552, 2679, 992, 5.391, 77.72, 13.52, 5.390, 77.66, 13.52, 0.006, 343.17, -6.98);
insert into SHOT values (2697, 1552, 2680, 992, 3.442, 255.22, 74.15, 3.441, 255.23, 74.13, 0.002, 256.26, -45.35);
insert into SHOT values (2698, 1553, 2681, 992, 12.190, 86.12, 7.02, 12.189, 86.11, 7.02, 0.001, 310.67, 9.62);
insert into SHOT values (2699, 1553, 2682, 992, 21.834, 72.36, 5.94, 21.838, 72.37, 5.94, 0.006, 114.70, -10.89);
insert into SHOT values (2700, 1553, 2683, 992, 11.296, 104.48, 4.35, 11.299, 104.44, 4.37, 0.008, 34.32, 21.35);
insert into SHOT values (2701, 1553, 2684, 992, 7.525, 135.76, 4.88, 7.523, 135.76, 4.88, 0.002, 344.87, 3.31);
insert into SHOT values (2702, 1553, 2685, 992, 7.541, 146.53, 4.25, 7.540, 146.50, 4.26, 0.004, 34.93, 25.33);
insert into SHOT values (2703, 1553, 2686, 992, 10.286, 200.25, 6.74, 10.281, 200.23, 6.76, 0.007, 55.16, 23.58);
insert into SHOT values (2704, 1553, 2687, 992, 12.940, 217.56, 9.50, 12.935, 217.58, 9.52, 0.008, 2.19, 28.43);
insert into SHOT values (2705, 1553, 2688, 992, 8.344, 244.96, 11.76, 8.340, 245.00, 11.76, 0.007, 9.43, -5.92);
insert into SHOT values (2706, 1553, 2689, 992, 11.110, 274.84, 8.15, 11.111, 274.85, 8.12, 0.005, 327.09, -60.27);
insert into SHOT values (2707, 1553, 2690, 992, 6.478, 312.63, 14.20, 6.482, 312.68, 14.20, 0.007, 2.44, 7.87);
insert into SHOT values (2708, 1553, 2691, 992, 12.823, 3.52, 8.37, 12.821, 3.53, 8.39, 0.005, 144.11, 52.61);
insert into SHOT values (2709, 1553, 2692, 992, 10.642, 353.78, 9.19, 10.649, 353.77, 9.19, 0.007, 350.51, 11.33);
insert into SHOT values (2710, 1553, 2693, 992, 14.399, 358.28, 75.37, 14.398, 358.27, 75.35, 0.004, 352.50, -26.03);
insert into SHOT values (2711, 1553, 2694, 992, 20.388, 293.12, 49.14, 20.385, 293.14, 49.15, 0.007, 67.00, -1.03);
insert into SHOT values (2712, 1553, 2695, 992, 9.358, 322.54, 50.56, 9.359, 322.59, 50.58, 0.006, 72.20, 22.27);
insert into SHOT values (2713, 1553, 2696, 992, 7.771, 331.96, 41.84, 7.768, 331.97, 41.82, 0.004, 81.19, -65.68);
insert into SHOT values (2714, 1553, 2697, 992, 8.320, 356.85, 57.37, 8.323, 356.93, 57.38, 0.007, 84.32, 24.37);
insert into SHOT values (2715, 1553, 2698, 992, 10.402, 5.70, 67.36, 10.404, 5.72, 67.33, 0.006, 22.18, -2.36);
insert into SHOT values (2716, 1553, 2699, 992, 7.072, 332.86, 81.71, 7.074, 333.18, 81.71, 0.006, 61.88, 18.27);
insert into SHOT values (2717, 1553, 2700, 992, 5.653, 288.30, 60.56, 5.651, 288.24, 60.53, 0.005, 221.28, -42.96);
insert into SHOT values (2718, 1572, 2701, 992, 10.093, 52.93, 3.23, 10.090, 52.95, 3.24, 0.005, 180.85, 5.36);
insert into SHOT values (2719, 1572, 2702, 992, 4.388, 76.17, 5.79, 4.378, 76.19, 5.77, 0.010, 247.66, -17.46);
insert into SHOT values (2720, 1572, 2703, 992, 6.617, 95.64, 3.94, 6.608, 95.66, 3.99, 0.011, 259.91, 27.00);
insert into SHOT values (2721, 1572, 2704, 992, 18.491, 146.79, 2.21, 18.486, 146.82, 2.20, 0.009, 270.59, -14.91);
insert into SHOT values (2722, 1572, 2705, 992, 10.362, 161.09, 2.77, 10.359, 161.11, 2.77, 0.004, 292.06, -8.33);
insert into SHOT values (2723, 1572, 2706, 992, 11.011, 218.32, 12.15, 11.018, 218.33, 12.15, 0.008, 236.24, 17.02);
insert into SHOT values (2724, 1572, 2707, 992, 12.517, 300.14, 18.80, 12.518, 300.13, 18.78, 0.004, 271.18, -50.49);
insert into SHOT values (2725, 1572, 2708, 992, 17.064, 329.54, 15.55, 17.068, 329.52, 15.57, 0.007, 273.12, 45.51);
insert into SHOT values (2726, 1572, 2709, 992, 3.479, 335.46, 78.62, 3.478, 334.93, 78.65, 0.007, 226.80, -4.96);
insert into SHOT values (2727, 1555, 2710, 992, 11.469, 9.08, -19.50, 11.469, 9.04, -19.45, 0.011, 302.67, 45.33);
insert into SHOT values (2728, 1555, 2711, 992, 7.839, 18.40, -15.71, 7.837, 18.39, -15.69, 0.003, 258.43, 39.26);
insert into SHOT values (2729, 1555, 2712, 992, 6.452, 29.17, -8.54, 6.450, 29.18, -8.47, 0.008, 169.37, 81.05);
insert into SHOT values (2730, 1555, 2713, 992, 6.460, 45.20, 8.77, 6.462, 45.19, 8.81, 0.006, 340.83, 73.60);
insert into SHOT values (2731, 1555, 2714, 992, 7.305, 65.43, 24.80, 7.308, 65.41, 24.84, 0.007, 337.55, 67.03);
insert into SHOT values (2732, 1555, 2715, 992, 6.967, 107.05, 32.87, 6.967, 107.01, 32.96, 0.012, 317.87, 51.90);
insert into SHOT values (2733, 1555, 2716, 992, 12.121, 132.36, 25.15, 12.125, 132.34, 25.19, 0.010, 40.42, 69.48);
insert into SHOT values (2734, 1555, 2717, 992, 8.617, 143.63, 20.94, 8.616, 143.64, 20.95, 0.002, 275.16, 8.87);
insert into SHOT values (2735, 1555, 2718, 992, 7.813, 88.02, 54.11, 7.815, 88.00, 54.10, 0.003, 54.58, 1.73);
insert into SHOT values (2736, 1555, 2719, 992, 5.226, 64.30, 83.19, 5.227, 64.26, 83.17, 0.002, 51.28, 25.46);
insert into SHOT values (2737, 1555, 2720, 992, 4.902, 1.01, 14.08, 4.910, 0.96, 14.15, 0.010, 327.33, 44.55);
insert into SHOT values (2738, 1555, 2721, 992, 7.220, 356.75, 3.44, 7.225, 356.74, 3.49, 0.008, 337.11, 51.48);
insert into SHOT values (2739, 1555, 2722, 992, 3.385, 318.16, 27.02, 3.387, 318.22, 27.04, 0.004, 23.83, 29.50);
insert into SHOT values (2740, 1555, 2723, 992, 3.361, 264.48, 46.46, 3.367, 264.56, 46.44, 0.007, 296.09, 30.32);
insert into SHOT values (2741, 1555, 2724, 992, 4.804, 200.72, 26.56, 4.806, 200.71, 26.58, 0.002, 160.23, 65.36);
insert into SHOT values (2742, 1556, 2725, 992, 10.991, 179.66, -7.36, 10.991, 179.63, -7.37, 0.006, 87.57, -18.84);
insert into SHOT values (2743, 1556, 2726, 992, 11.125, 179.78, -7.25, 11.129, 179.74, -7.23, 0.009, 117.01, 19.24);
insert into SHOT values (2744, 1556, 2727, 992, 11.124, 179.74, -7.12, 11.126, 179.74, -7.12, 0.002, 169.98, -36.37);
insert into SHOT values (2745, 1556, 2728, 992, 1.479, 317.94, 54.00, 1.479, 317.82, 54.26, 0.007, 156.47, 30.24);
insert into SHOT values (2746, 1556, 2729, 992, 2.721, 117.89, 11.39, 2.725, 117.91, 11.43, 0.004, 129.56, 37.29);
insert into SHOT values (2747, 1556, 2730, 992, 5.716, 117.19, 58.22, 5.719, 117.25, 58.19, 0.005, 156.44, 12.88);
insert into SHOT values (2748, 1556, 2731, 992, 2.851, 68.72, 0.12, 2.852, 68.83, 0.20, 0.007, 144.16, 36.47);
insert into SHOT values (2749, 1556, 2732, 992, 3.373, 27.83, 3.08, 3.378, 27.93, 3.05, 0.008, 79.43, -9.86);
insert into SHOT values (2750, 1556, 2733, 992, 5.589, 39.93, 3.62, 5.591, 39.91, 3.69, 0.008, 4.52, 72.31);
insert into SHOT values (2751, 1556, 2734, 992, 4.732, 311.36, 13.99, 4.726, 311.37, 14.08, 0.010, 121.83, 39.62);
insert into SHOT values (2752, 1557, 2735, 992, 1.506, 87.74, 11.68, 1.501, 88.05, 11.53, 0.010, 204.33, -29.36);
insert into SHOT values (2753, 1557, 2736, 992, 1.253, 242.73, 45.65, 1.260, 242.27, 45.60, 0.010, 189.51, 24.75);
insert into SHOT values (2754, 1557, 2737, 992, 1.304, 216.44, 88.01, 1.301, 216.87, 87.80, 0.006, 221.05, -34.67);
insert into SHOT values (2755, 1558, 2738, 992, 3.928, 248.86, 8.13, 3.921, 248.86, 8.21, 0.009, 69.22, 31.91);
insert into SHOT values (2756, 1558, 2739, 992, 3.890, 132.69, 78.49, 3.890, 132.42, 78.35, 0.010, 110.61, -9.81);
insert into SHOT values (2757, 1558, 2740, 992, 1.623, 151.68, 11.57, 1.627, 151.50, 11.70, 0.007, 92.37, 37.96);
insert into SHOT values (2758, 1558, 2741, 992, 2.079, 2.26, 22.92, 2.076, 2.40, 22.96, 0.006, 126.92, 4.45);
insert into SHOT values (2759, 1558, 2742, 992, 4.503, 349.17, 28.43, 4.506, 349.23, 28.50, 0.007, 80.06, 54.80);
insert into SHOT values (2760, 1558, 2743, 992, 3.466, 313.42, 26.52, 3.464, 313.43, 26.58, 0.004, 120.69, 37.42);
insert into SHOT values (2761, 1558, 2744, 992, 3.446, 285.55, 13.56, 3.440, 285.62, 13.62, 0.008, 75.38, 13.94);
insert into SHOT values (2762, 1559, 2745, 992, 2.269, 313.15, 25.21, 2.270, 313.03, 25.30, 0.006, 209.32, 38.34);
insert into SHOT values (2763, 1559, 2746, 992, 4.095, 273.26, 77.67, 4.094, 273.29, 77.71, 0.003, 86.11, -9.17);
insert into SHOT values (2764, 1559, 2747, 992, 1.422, 177.40, 25.95, 1.424, 177.32, 25.82, 0.004, 145.11, -35.18);
insert into SHOT values (2765, 1560, 2748, 992, 2.855, 323.45, -4.35, 2.855, 323.57, -4.42, 0.007, 60.15, -29.79);
insert into SHOT values (2766, 1560, 2749, 992, 4.467, 275.38, 10.67, 4.467, 275.36, 10.71, 0.003, 168.82, 55.37);
insert into SHOT values (2767, 1560, 2750, 992, 3.359, 261.87, 46.90, 3.356, 261.73, 46.89, 0.006, 159.30, -25.36);
insert into SHOT values (2768, 1560, 2751, 992, 2.879, 209.63, 6.43, 2.879, 209.52, 6.38, 0.006, 126.14, -23.48);
insert into SHOT values (2769, 1560, 2752, 992, 0.389, 142.88, -3.11, 0.393, 142.25, -2.92, 0.006, 92.98, 11.13);
insert into SHOT values (2770, 1560, 2753, 992, 7.873, 233.66, -17.37, 7.869, 233.66, -17.38, 0.004, 51.71, 4.39);
insert into SHOT values (2771, 1560, 2754, 992, 6.458, 251.86, -16.11, 6.451, 251.86, -16.11, 0.007, 70.67, 18.55);
insert into SHOT values (2772, 1561, 2755, 992, 2.419, 353.79, 27.41, 2.414, 353.57, 27.38, 0.010, 237.74, -22.02);
insert into SHOT values (2773, 1561, 2756, 992, 2.728, 315.84, 74.23, 2.723, 315.55, 74.18, 0.007, 244.71, -53.07);
insert into SHOT values (2774, 1561, 2757, 992, 0.961, 200.16, -10.61, 0.966, 200.34, -10.74, 0.006, 233.53, -29.29);
insert into SHOT values (2775, 1561, 2758, 992, 2.595, 240.08, 2.56, 2.596, 240.17, 2.43, 0.007, 313.90, -55.71);
insert into SHOT values (2776, 1561, 2759, 992, 2.567, 298.86, -1.06, 2.570, 298.86, -1.11, 0.004, 302.41, -45.02);
insert into SHOT values (2777, 1562, 2760, 992, 1.140, 21.43, 1.65, 1.137, 21.15, 1.51, 0.007, 263.24, -24.36);
insert into SHOT values (2778, 1562, 2761, 992, 3.301, 67.57, 54.30, 3.301, 67.43, 54.27, 0.005, 354.28, -7.94);
insert into SHOT values (2779, 1562, 2762, 992, 4.205, 151.12, 8.92, 4.204, 151.21, 8.89, 0.007, 248.74, -17.50);
insert into SHOT values (2780, 1562, 2763, 992, 1.505, 185.49, 8.05, 1.502, 185.79, 8.04, 0.008, 294.28, -5.90);
insert into SHOT values (2781, 1562, 2764, 992, 3.700, 274.27, 3.37, 3.707, 274.34, 3.40, 0.009, 307.50, 15.38);
insert into SHOT values (2782, 1562, 2765, 992, 2.326, 303.89, 11.43, 2.331, 303.76, 11.38, 0.008, 259.59, -5.88);
insert into SHOT values (2783, 1562, 2766, 992, 7.664, 282.70, 1.71, 7.670, 282.66, 1.72, 0.008, 238.56, 11.08);
insert into SHOT values (2784, 1562, 2767, 992, 10.720, 275.46, 5.12, 10.722, 275.48, 5.14, 0.005, 343.12, 38.37);
insert into SHOT values (2785, 1563, 2768, 992, 1.147, 207.52, 58.22, 1.153, 207.41, 58.17, 0.007, 191.30, 49.15);
insert into SHOT values (2786, 1563, 2769, 992, 1.243, 58.13, -0.30, 1.240, 57.85, 0.00, 0.009, 303.86, 43.92);
insert into SHOT values (2787, 1563, 2770, 992, 0.607, 181.45, 8.09, 0.607, 181.91, 8.53, 0.007, 279.08, 43.27);
insert into SHOT values (2788, 1563, 2771, 992, 4.338, 244.41, 5.50, 4.341, 244.50, 5.55, 0.008, 311.62, 28.23);
insert into SHOT values (2789, 1563, 2772, 992, 4.758, 257.21, 4.45, 4.762, 257.22, 4.46, 0.004, 275.20, 12.55);
insert into SHOT values (2790, 1563, 2773, 992, 1.245, 339.99, -1.64, 1.247, 339.82, -1.38, 0.007, 278.14, 52.95);
insert into SHOT values (2791, 1563, 2774, 992, 1.979, 302.66, 1.13, 1.984, 302.65, 1.16, 0.005, 296.55, 13.05);
insert into SHOT values (2792, 1563, 2775, 992, 3.572, 295.58, 1.83, 3.571, 295.56, 1.93, 0.006, 173.52, 74.76);
insert into SHOT values (2793, 1565, 2776, 992, 1.013, 214.16, -3.12, 1.011, 213.69, -2.84, 0.010, 110.78, 30.99);
insert into SHOT values (2794, 1565, 2777, 992, 1.141, 141.49, 5.58, 1.144, 141.42, 5.52, 0.003, 116.18, -16.67);
insert into SHOT values (2795, 1565, 2778, 992, 0.705, 114.38, 14.69, 0.704, 114.30, 14.82, 0.002, 322.41, 33.15);
insert into SHOT values (2796, 1565, 2779, 992, 2.412, 297.47, 0.39, 2.411, 297.42, 0.48, 0.004, 178.18, 55.63);
insert into SHOT values (2797, 1565, 2780, 992, 5.018, 328.84, 5.32, 5.020, 328.92, 5.37, 0.009, 50.27, 34.96);
insert into SHOT values (2798, 1565, 2781, 992, 6.360, 343.86, 9.60, 6.355, 343.88, 9.60, 0.005, 140.61, -10.10);
insert into SHOT values (2799, 1565, 2782, 992, 2.264, 44.30, 8.77, 2.269, 44.46, 8.87, 0.009, 100.12, 32.70);
insert into SHOT values (2800, 1565, 2783, 992, 3.662, 64.24, 5.33, 3.666, 64.35, 5.32, 0.008, 125.99, -3.22);
insert into SHOT values (2801, 1565, 2784, 992, 3.071, 47.27, 46.03, 3.074, 47.28, 45.96, 0.005, 47.81, -3.58);
insert into SHOT values (2802, 1565, 2785, 992, 1.301, 230.96, -36.55, 1.298, 230.83, -36.39, 0.005, 132.70, 62.33);
insert into SHOT values (2803, 1566, 2786, 992, 3.683, 205.58, -1.41, 3.682, 205.59, -1.40, 0.001, 335.93, 32.03);
insert into SHOT values (2804, 1566, 2787, 992, 4.255, 170.31, -4.79, 4.254, 170.36, -4.72, 0.006, 264.56, 50.55);
insert into SHOT values (2805, 1566, 2788, 992, 6.286, 148.16, -7.84, 6.287, 148.12, -7.77, 0.009, 86.93, 57.31);
insert into SHOT values (2806, 1566, 2789, 992, 3.623, 115.55, 6.83, 3.626, 115.50, 6.81, 0.005, 69.15, -8.51);
insert into SHOT values (2807, 1566, 2790, 992, 3.941, 71.32, 44.09, 3.946, 71.24, 44.18, 0.009, 334.97, 64.09);
insert into SHOT values (2808, 1566, 2791, 992, 2.500, 337.20, 62.90, 2.504, 337.26, 62.95, 0.005, 88.72, 72.75);
insert into SHOT values (2809, 1566, 2792, 992, 3.145, 292.34, 49.17, 3.146, 292.58, 49.15, 0.009, 11.45, 0.98);
insert into SHOT values (2810, 1566, 2793, 992, 5.504, 253.20, 31.04, 5.500, 253.22, 31.09, 0.006, 58.85, 21.86);
insert into SHOT values (2811, 1566, 2794, 992, 8.248, 267.39, 33.27, 8.252, 267.42, 33.30, 0.007, 349.77, 50.18);
insert into SHOT values (2812, 1566, 2795, 992, 1.497, 198.22, -59.24, 1.488, 198.43, -59.34, 0.010, 354.51, 41.83);
insert into SHOT values (2813, 1566, 2796, 992, 4.626, 243.11, 72.44, 4.624, 243.07, 72.50, 0.005, 76.62, -6.55);
insert into SHOT values (2814, 1567, 2797, 992, 1.640, 182.45, -2.46, 1.643, 182.44, -2.79, 0.010, 179.12, -72.55);
insert into SHOT values (2815, 1567, 2798, 992, 2.936, 125.61, 8.90, 2.937, 125.61, 8.81, 0.005, 117.78, -64.58);
insert into SHOT values (2816, 1567, 2799, 992, 1.961, 90.15, 24.73, 1.960, 90.32, 24.73, 0.006, 192.83, -2.23);
insert into SHOT values (2817, 1567, 2800, 992, 3.665, 248.68, -2.33, 3.663, 248.69, -2.35, 0.002, 46.13, -28.87);
insert into SHOT values (2818, 1567, 2801, 992, 6.279, 282.73, 4.09, 6.279, 282.73, 4.02, 0.008, 276.26, -83.51);
insert into SHOT values (2819, 1567, 2802, 992, 5.692, 240.76, 61.83, 5.685, 240.57, 61.80, 0.012, 147.99, -41.65);
insert into SHOT values (2820, 1567, 2803, 992, 7.155, 204.75, -61.66, 7.159, 204.68, -61.64, 0.006, 155.28, -27.15);
insert into SHOT values (2821, 1569, 2804, 992, 2.372, 30.03, 6.06, 2.370, 30.05, 6.06, 0.002, 187.76, -14.69);
insert into SHOT values (2822, 1569, 2805, 992, 1.982, 146.94, 15.36, 1.981, 146.98, 15.52, 0.006, 305.44, 57.64);
insert into SHOT values (2823, 1569, 2806, 992, 3.799, 111.76, 13.22, 3.795, 111.77, 13.25, 0.005, 285.33, 12.52);
insert into SHOT values (2824, 1569, 2807, 992, 5.591, 101.82, 9.12, 5.588, 101.82, 9.16, 0.005, 277.01, 49.11);
insert into SHOT values (2825, 1569, 2808, 992, 2.765, 63.96, 12.42, 2.771, 63.91, 12.50, 0.008, 41.04, 41.97);
insert into SHOT values (2826, 1569, 2809, 992, 5.434, 77.09, 9.76, 5.436, 77.05, 9.85, 0.009, 2.10, 70.07);
insert into SHOT values (2827, 1569, 2810, 992, 7.619, 82.97, 6.50, 7.617, 82.94, 6.56, 0.008, 318.29, 56.77);
insert into SHOT values (2828, 1569, 2811, 992, 3.211, 50.91, 75.18, 3.217, 50.91, 75.15, 0.007, 51.15, 60.89);
insert into SHOT values (2829, 1570, 2812, 992, 8.156, 96.36, 65.83, 8.156, 96.36, 65.82, 0.001, 116.56, -54.91);
insert into SHOT values (2830, 1570, 2813, 992, 14.019, 85.56, 4.50, 14.014, 85.57, 4.46, 0.011, 232.88, -63.84);
insert into SHOT values (2831, 1570, 2814, 992, 2.184, 101.90, 16.02, 2.179, 101.85, 15.98, 0.006, 304.57, -30.31);
insert into SHOT values (2832, 1570, 2815, 992, 0.875, 228.86, 21.62, 0.869, 229.01, 21.60, 0.006, 27.04, -22.65);
insert into SHOT values (2833, 1570, 2816, 992, 2.886, 42.79, -6.82, 2.887, 42.88, -6.96, 0.009, 130.99, -58.04);
insert into SHOT values (2834, 1570, 2817, 992, 1.912, 354.22, -2.86, 1.912, 354.29, -3.00, 0.005, 87.74, -62.68);
insert into SHOT values (2835, 1570, 2818, 992, 9.287, 121.99, 75.01, 9.286, 121.90, 75.00, 0.004, 44.52, -14.64);
insert into SHOT values (2836, 1570, 2819, 992, 30.516, 80.17, -19.11, 30.518, 80.18, -19.13, 0.009, 223.63, -80.12);
insert into SHOT values (2837, 1573, 2820, 992, 5.794, 169.48, 17.41, 5.797, 169.48, 17.36, 0.006, 177.97, -40.64);
insert into SHOT values (2838, 1573, 2821, 992, 2.782, 219.73, 18.26, 2.781, 219.78, 18.23, 0.003, 323.77, -37.05);
insert into SHOT values (2839, 1573, 2822, 992, 8.711, 265.29, 0.57, 8.710, 265.26, 0.53, 0.008, 167.09, -48.41);
insert into SHOT values (2840, 1573, 2823, 992, 9.372, 96.76, 8.37, 9.373, 96.75, 8.34, 0.005, 51.18, -51.40);
insert into SHOT values (2841, 1573, 2824, 992, 3.910, 42.81, 15.16, 3.914, 42.86, 15.11, 0.006, 76.76, -22.21);
insert into SHOT values (2842, 1573, 2825, 992, 6.409, 351.56, 9.20, 6.410, 351.55, 9.16, 0.005, 330.16, -62.24);
insert into SHOT values (2843, 1573, 2826, 992, 9.696, 331.85, 2.26, 9.693, 331.85, 2.25, 0.004, 154.50, -48.30);
insert into SHOT values (2844, 1573, 2827, 992, 3.077, 34.55, 69.77, 3.070, 35.04, 69.75, 0.012, 134.28, -38.21);
insert into SHOT values (2845, 1573, 2828, 992, 0.840, 74.21, -23.04, 0.846, 74.36, -22.96, 0.006, 92.72, -10.90);
insert into SHOT values (2846, 1574, 2829, 992, 14.127, 101.86, 7.02, 14.135, 101.85, 7.03, 0.009, 78.50, 22.39);
insert into SHOT values (2847, 1574, 2830, 992, 12.447, 72.20, 5.76, 12.457, 72.19, 5.76, 0.010, 61.37, 2.14);
insert into SHOT values (2848, 1574, 2831, 992, 7.884, 45.65, 7.42, 7.887, 45.62, 7.43, 0.006, 350.53, 17.52);
insert into SHOT values (2849, 1574, 2832, 992, 6.662, 8.84, 9.02, 6.660, 8.83, 8.98, 0.005, 215.07, -68.04);
insert into SHOT values (2850, 1574, 2833, 992, 2.968, 196.33, 19.54, 2.962, 196.23, 19.53, 0.008, 56.99, -18.80);
insert into SHOT values (2851, 1574, 2834, 992, 6.190, 257.40, 5.72, 6.189, 257.43, 5.75, 0.004, 16.05, 38.88);
insert into SHOT values (2852, 1574, 2835, 992, 12.030, 294.09, 1.98, 12.026, 294.11, 2.00, 0.007, 69.38, 32.84);
insert into SHOT values (2853, 1574, 2836, 992, 2.816, 72.92, 77.12, 2.811, 72.43, 77.06, 0.008, 359.17, -42.29);
insert into SHOT values (2854, 1574, 2837, 992, 1.648, 62.05, -10.66, 1.649, 62.01, -10.84, 0.005, 324.13, -79.09);
insert into SHOT values (2855, 1577, 2838, 992, 16.594, 97.28, 4.90, 16.594, 97.26, 4.91, 0.007, 0.72, 22.44);
insert into SHOT values (2856, 1577, 2839, 992, 13.007, 63.01, 4.10, 13.007, 63.00, 4.10, 0.002, 346.86, -22.39);
insert into SHOT values (2857, 1577, 2840, 992, 7.752, 28.58, 2.13, 7.747, 28.55, 2.15, 0.007, 246.36, 14.89);
insert into SHOT values (2858, 1577, 2841, 992, 8.159, 345.38, 2.37, 8.162, 345.37, 2.39, 0.004, 315.89, 37.33);
insert into SHOT values (2859, 1577, 2842, 992, 8.543, 322.28, 5.39, 8.549, 322.25, 5.37, 0.008, 285.53, -22.95);
insert into SHOT values (2860, 1577, 2843, 992, 15.684, 205.95, -5.64, 15.680, 205.96, -5.64, 0.004, 359.69, 3.79);
insert into SHOT values (2861, 1577, 2844, 992, 16.391, 236.26, -7.67, 16.391, 236.27, -7.68, 0.003, 322.11, -23.75);
insert into SHOT values (2862, 1577, 2845, 992, 18.405, 263.70, -7.96, 18.408, 263.70, -7.96, 0.003, 273.43, -27.32);
insert into SHOT values (2863, 1577, 2846, 992, 1.812, 252.52, 14.45, 1.818, 252.49, 14.33, 0.007, 244.87, -17.75);
insert into SHOT values (2864, 1577, 2847, 992, 3.799, 262.27, -36.17, 3.798, 262.32, -36.14, 0.003, 335.23, 39.59);
insert into SHOT values (2865, 1578, 2848, 992, 5.138, 348.43, 22.36, 5.137, 348.34, 22.43, 0.010, 233.40, 31.61);
insert into SHOT values (2866, 1578, 2849, 992, 6.531, 275.96, 3.55, 6.538, 275.98, 3.60, 0.009, 294.82, 34.51);
insert into SHOT values (2867, 1578, 2850, 992, 9.249, 248.92, -0.63, 9.251, 248.90, -0.62, 0.004, 191.38, 31.90);
insert into SHOT values (2868, 1578, 2851, 992, 11.606, 221.32, -2.88, 11.614, 221.33, -2.86, 0.009, 235.55, 26.04);
insert into SHOT values (2869, 1578, 2852, 992, 10.710, 192.95, -4.54, 10.716, 192.98, -4.50, 0.011, 232.50, 39.89);
insert into SHOT values (2870, 1578, 2853, 992, 12.526, 188.50, 2.04, 12.527, 188.54, 2.06, 0.009, 272.62, 21.38);
insert into SHOT values (2871, 1578, 2854, 992, 8.671, 64.77, 14.33, 8.672, 64.78, 14.36, 0.004, 160.06, 63.88);
insert into SHOT values (2872, 1578, 2855, 992, 2.713, 316.51, 64.10, 2.714, 316.36, 64.03, 0.004, 273.11, -6.42);
insert into SHOT values (2873, 1578, 2856, 992, 2.750, 235.32, -19.57, 2.752, 235.21, -19.53, 0.006, 172.25, 10.22);
insert into SHOT values (2874, 1579, 2857, 992, 2.023, 358.77, 12.47, 2.029, 358.84, 12.53, 0.007, 24.85, 29.40);
insert into SHOT values (2875, 1579, 2858, 992, 4.179, 217.19, -2.29, 4.172, 217.20, -2.34, 0.008, 31.37, -21.11);
insert into SHOT values (2876, 1579, 2859, 992, 7.733, 174.33, -4.10, 7.729, 174.27, -4.16, 0.011, 54.05, -36.13);
insert into SHOT values (2877, 1579, 2860, 992, 7.432, 146.45, -3.60, 7.431, 146.44, -3.63, 0.004, 30.09, -53.08);
insert into SHOT values (2878, 1579, 2861, 992, 1.302, 47.19, 15.14, 1.304, 46.93, 15.11, 0.006, 341.80, -1.52);
insert into SHOT values (2879, 1579, 2862, 992, 0.929, 277.35, 64.87, 0.927, 277.31, 64.92, 0.002, 108.72, -37.70);
insert into SHOT values (2880, 1579, 2863, 992, 2.047, 255.01, -18.57, 2.042, 255.03, -18.56, 0.005, 66.44, 20.39);
insert into SHOT values (2881, 1580, 2864, 992, 9.188, 227.40, -4.50, 9.194, 227.43, -4.49, 0.007, 268.73, 5.53);
insert into SHOT values (2882, 1580, 2865, 992, 16.316, 198.73, -3.80, 16.319, 198.74, -3.79, 0.003, 218.16, 3.93);
insert into SHOT values (2883, 1580, 2866, 992, 13.415, 262.05, -2.07, 13.419, 262.03, -2.09, 0.009, 201.93, -37.48);
insert into SHOT values (2884, 1580, 2867, 992, 12.922, 308.49, 3.64, 12.923, 308.45, 3.64, 0.009, 224.96, -5.31);
insert into SHOT values (2885, 1580, 2868, 992, 11.333, 328.38, 10.79, 11.334, 328.37, 10.78, 0.004, 269.68, -32.65);
insert into SHOT values (2886, 1580, 2869, 992, 5.678, 142.69, 13.89, 5.681, 142.74, 13.85, 0.007, 188.00, -28.46);
insert into SHOT values (2887, 1580, 2870, 992, 2.328, 254.91, 33.38, 2.331, 254.82, 33.31, 0.005, 219.85, -10.49);
insert into SHOT values (2888, 1580, 2871, 992, 4.281, 233.43, -29.76, 4.290, 233.41, -29.77, 0.009, 223.54, -34.86);
insert into SCRAPS values (994, 988, 'SP-Hashimoyuk4_01', 1, 53.22833, 2.19639);
 insert into SCRAPS values (1097, 988, 'SP-Hashimoyuk4_02', 1, 99.94345, 2.09253);
 insert into SCRAPS values (1245, 988, 'SS-Hashimoyuk4_04', 2, 0.00000, 0.00000);
 insert into MAPS values (1251, 988, 'MP-Hashimoyuk4', 'Hashimoyuk4', 1, 1996.377, -33.060);
 insert into MAPITEMS values (1251, 4, 1097);
 insert into MAPITEMS values (1251, 4, 994);
 insert into MAPS values (1256, 51, 'MP-Hashim-oyuk', 'Hashim-oyuk', 1, 5414.198, -157.680);
 insert into MAPITEMS values (1256, 4, 985);
 insert into MAPITEMS values (1256, 4, 241);
 insert into MAPITEMS values (1256, 4, 1251);
 insert into MAPITEMS values (1256, 4, 816);
 insert into STATION values (1, '0', 55, 269085.13, 4169369.41, 614.88);
insert into STATION values (2, '1', 55, 269083.69, 4169372.53, 615.92);
insert into STATION values (3, '2', 55, 269079.61, 4169369.81, 618.91);
insert into STATION values (4, '3', 55, 269076.84, 4169373.59, 622.06);
insert into STATION values (5, '4', 55, 269074.66, 4169372.89, 623.13);
insert into STATION values (6, '5', 55, 269074.26, 4169375.71, 625.00);
insert into STATION_FLAG values(6, 'ent');
insert into STATION_FLAG values(6, 'fix');
insert into STATION values (7, '-', 55, 269091.04, 4169364.08, 627.60);
insert into STATION values (8, '-', 55, 269088.48, 4169373.22, 625.55);
insert into STATION values (9, '-', 55, 269090.55, 4169381.43, 628.29);
insert into STATION values (10, '-', 55, 269076.72, 4169362.41, 625.06);
insert into STATION values (11, '-', 55, 269082.16, 4169381.04, 625.19);
insert into STATION values (12, '0', 59, 269085.13, 4169369.41, 614.88);
insert into STATION values (13, '1', 59, 269092.77, 4169366.58, 609.00);
insert into STATION values (14, '2', 59, 269098.47, 4169364.99, 604.72);
insert into STATION values (15, '3', 59, 269110.40, 4169368.84, 596.86);
insert into STATION values (16, '4', 59, 269121.03, 4169371.99, 590.25);
insert into STATION values (17, '5', 59, 269131.89, 4169375.45, 586.07);
insert into STATION values (18, '6', 59, 269144.42, 4169384.17, 577.60);
insert into STATION values (19, '7', 59, 269155.51, 4169396.36, 568.35);
insert into STATION values (20, '8', 59, 269179.15, 4169390.49, 563.53);
insert into STATION values (21, '9', 59, 269201.51, 4169365.28, 558.48);
insert into STATION values (22, '10', 59, 269220.60, 4169364.05, 547.19);
insert into STATION values (23, '11', 59, 269240.44, 4169358.24, 535.09);
insert into STATION values (24, '12', 59, 269254.79, 4169353.00, 522.47);
insert into STATION values (25, '13', 59, 269277.37, 4169354.95, 518.04);
insert into STATION values (26, '14', 59, 269290.44, 4169353.73, 514.58);
insert into STATION values (27, '15', 59, 269302.42, 4169348.80, 509.17);
insert into STATION values (28, 'B00', 59, 269303.00, 4169342.50, 508.17);
insert into STATION values (29, '17', 59, 269292.04, 4169340.12, 509.31);
insert into STATION values (30, '18', 59, 269279.39, 4169341.40, 509.14);
insert into STATION values (31, '19', 59, 269283.74, 4169336.05, 508.79);
insert into STATION values (32, '20', 59, 269288.87, 4169317.78, 502.34);
insert into STATION values (33, '20.1', 59, 269279.54, 4169321.99, 500.98);
insert into STATION values (34, '21', 59, 269292.63, 4169310.04, 498.88);
insert into STATION values (35, '21.1', 59, 269285.19, 4169309.00, 501.06);
insert into STATION values (36, 'B01', 59, 269299.61, 4169303.17, 497.01);
insert into STATION values (37, '23', 59, 269310.25, 4169318.73, 500.81);
insert into STATION values (38, '24', 59, 269313.64, 4169323.80, 502.47);
insert into STATION values (39, '24.1', 59, 269312.29, 4169333.48, 506.22);
insert into STATION values (40, '22.1', 59, 269295.79, 4169295.72, 498.10);
insert into STATION values (41, '22.2', 59, 269284.19, 4169283.69, 498.81);
insert into STATION values (42, '22.3', 59, 269286.62, 4169258.69, 500.21);
insert into STATION values (43, 'B02', 59, 269288.53, 4169251.60, 500.03);
insert into STATION values (44, '22.4.1', 59, 269280.27, 4169254.31, 500.68);
insert into STATION values (45, '22.4.0.1', 59, 269277.97, 4169244.23, 501.46);
insert into STATION values (46, '22.4.0.2', 59, 269268.59, 4169230.63, 499.60);
insert into STATION values (47, '22.4.0.3', 59, 269279.11, 4169226.75, 498.19);
insert into STATION values (48, '22.4.0.3.1', 59, 269287.48, 4169226.87, 499.51);
insert into STATION values (49, '22.4.0.4', 59, 269279.76, 4169223.66, 497.92);
insert into STATION values (50, 'B3', 59, 269293.03, 4169213.07, 499.64);
insert into STATION values (51, '22.5', 59, 269308.30, 4169263.47, 499.33);
insert into STATION values (52, '22.6', 59, 269343.31, 4169267.96, 498.61);
insert into STATION values (53, '22.6.1', 59, 269323.74, 4169276.72, 497.51);
insert into STATION values (54, '22.6.2', 59, 269304.74, 4169289.82, 498.20);
insert into STATION values (55, '22.6.3', 59, 269295.78, 4169295.72, 498.10);
insert into STATION values (56, '4.1', 59, 269132.00, 4169356.77, 583.07);
insert into STATION values (57, '4.2', 59, 269119.55, 4169333.23, 578.79);
insert into STATION values (58, '4.3', 59, 269124.92, 4169324.71, 578.35);
insert into STATION values (59, '-', 59, 269084.82, 4169366.32, 615.52);
insert into STATION values (60, '-', 59, 269086.55, 4169368.40, 615.40);
insert into STATION values (61, '-', 59, 269087.38, 4169370.05, 615.26);
insert into STATION values (62, '-', 59, 269088.31, 4169372.12, 615.46);
insert into STATION values (63, '-', 59, 269086.49, 4169373.89, 615.75);
insert into STATION values (64, '-', 59, 269084.82, 4169375.21, 615.94);
insert into STATION values (65, '-', 59, 269087.82, 4169369.13, 613.84);
insert into STATION values (66, '-', 59, 269087.73, 4169368.14, 613.77);
insert into STATION values (67, '-', 59, 269093.90, 4169367.15, 612.40);
insert into STATION values (68, '-', 59, 269095.37, 4169375.38, 610.38);
insert into STATION values (69, '-', 59, 269092.27, 4169363.74, 609.13);
insert into STATION values (70, '-', 59, 269090.54, 4169378.10, 610.71);
insert into STATION values (71, '-', 59, 269101.09, 4169370.29, 606.98);
insert into STATION values (72, '-', 59, 269098.48, 4169361.07, 603.08);
insert into STATION values (73, '-', 59, 269109.74, 4169386.33, 602.23);
insert into STATION values (74, '-', 59, 269099.12, 4169365.32, 602.51);
insert into STATION values (75, '-', 59, 269115.80, 4169384.41, 596.65);
insert into STATION values (76, '-', 59, 269114.43, 4169338.92, 592.83);
insert into STATION values (77, '-', 59, 269112.40, 4169368.62, 602.80);
insert into STATION values (78, '-', 59, 269124.02, 4169383.55, 589.76);
insert into STATION values (79, '-', 59, 269112.40, 4169331.73, 591.00);
insert into STATION values (80, '-', 59, 269124.95, 4169371.01, 601.02);
insert into STATION values (81, '-', 59, 269141.92, 4169367.48, 589.65);
insert into STATION values (82, '-', 59, 269131.75, 4169354.77, 589.25);
insert into STATION values (83, '-', 59, 269131.98, 4169346.77, 582.88);
insert into STATION values (84, '-', 59, 269129.47, 4169385.04, 586.39);
insert into STATION values (85, '-', 59, 269131.96, 4169372.85, 598.87);
insert into STATION values (86, '-', 59, 269135.80, 4169359.23, 590.16);
insert into STATION values (87, '-', 59, 269103.88, 4169368.63, 605.14);
insert into STATION values (88, '-', 59, 269122.60, 4169371.36, 602.00);
insert into STATION values (89, '-', 59, 269138.62, 4169385.41, 583.84);
insert into STATION values (90, '-', 59, 269143.01, 4169382.61, 584.66);
insert into STATION values (91, '-', 59, 269152.18, 4169377.35, 583.61);
insert into STATION values (92, '-', 59, 269146.09, 4169371.84, 583.94);
insert into STATION values (93, '-', 59, 269143.96, 4169400.83, 579.45);
insert into STATION values (94, '-', 59, 269144.84, 4169384.11, 584.93);
insert into STATION values (95, '-', 59, 269146.41, 4169378.48, 586.31);
insert into STATION values (96, '-', 59, 269148.11, 4169368.07, 583.22);
insert into STATION values (97, '-', 59, 269140.01, 4169376.12, 587.41);
insert into STATION values (98, '-', 59, 269132.61, 4169379.89, 587.09);
insert into STATION values (99, '-', 59, 269140.74, 4169380.17, 588.02);
insert into STATION values (100, '-', 59, 269154.01, 4169406.57, 568.65);
insert into STATION values (101, '-', 59, 269155.06, 4169398.10, 583.87);
insert into STATION values (102, '-', 59, 269183.39, 4169389.81, 585.33);
insert into STATION values (103, '-', 59, 269190.33, 4169405.84, 565.07);
insert into STATION values (104, '-', 59, 269180.55, 4169387.41, 583.76);
insert into STATION values (105, '-', 59, 269172.65, 4169366.75, 568.26);
insert into STATION values (106, '-', 59, 269185.17, 4169361.58, 568.53);
insert into STATION values (107, '-', 59, 269213.86, 4169387.01, 569.41);
insert into STATION values (108, '-', 59, 269219.06, 4169399.17, 558.57);
insert into STATION values (109, '-', 59, 269205.81, 4169370.24, 582.68);
insert into STATION values (110, '-', 59, 269200.50, 4169354.92, 560.17);
insert into STATION values (111, '-', 59, 269202.47, 4169356.56, 569.88);
insert into STATION values (112, '-', 59, 269230.75, 4169383.32, 549.13);
insert into STATION values (113, '-', 59, 269220.32, 4169365.67, 568.19);
insert into STATION values (114, '-', 59, 269216.95, 4169352.18, 547.86);
insert into STATION values (115, '-', 59, 269231.39, 4169353.26, 542.57);
insert into STATION values (116, '-', 59, 269240.16, 4169361.80, 543.11);
insert into STATION values (117, '-', 59, 269242.38, 4169377.32, 542.18);
insert into STATION values (118, '-', 59, 269246.97, 4169376.89, 536.16);
insert into STATION values (119, '-', 59, 269243.64, 4169359.84, 540.16);
insert into STATION values (120, '-', 59, 269249.63, 4169367.88, 532.37);
insert into STATION values (121, '-', 59, 269251.00, 4169361.50, 531.43);
insert into STATION values (122, '-', 59, 269248.21, 4169353.42, 531.25);
insert into STATION values (123, '-', 59, 269241.05, 4169346.66, 533.76);
insert into STATION values (124, '-', 59, 269288.78, 4169456.62, 526.52);
insert into STATION values (125, '-', 59, 269255.55, 4169353.38, 525.47);
insert into STATION values (126, '-', 59, 269255.12, 4169350.42, 522.77);
insert into STATION values (127, '-', 59, 269269.53, 4169345.42, 520.59);
insert into STATION values (128, '-', 59, 269271.88, 4169350.45, 520.10);
insert into STATION values (129, '-', 59, 269285.08, 4169378.18, 521.40);
insert into STATION values (130, '-', 59, 269277.66, 4169356.46, 523.18);
insert into STATION values (131, '-', 59, 269276.53, 4169350.96, 518.33);
insert into STATION values (132, '-', 59, 269280.79, 4169354.29, 515.13);
insert into STATION values (133, '-', 59, 269287.28, 4169352.49, 516.75);
insert into STATION values (134, '-', 59, 269288.67, 4169356.98, 516.99);
insert into STATION values (135, '-', 59, 269296.16, 4169367.79, 517.50);
insert into STATION values (136, '-', 59, 269298.38, 4169375.82, 516.97);
insert into STATION values (137, '-', 59, 269293.80, 4169382.77, 517.72);
insert into STATION values (138, '-', 59, 269290.24, 4169412.08, 520.38);
insert into STATION values (139, '-', 59, 269296.27, 4169366.23, 516.08);
insert into STATION values (140, '-', 59, 269295.23, 4169357.47, 514.94);
insert into STATION values (141, '14b', 59, 269292.64, 4169353.94, 524.63);
insert into STATION values (142, '-', 59, 269289.96, 4169329.47, 509.79);
insert into STATION values (143, '-', 59, 269302.40, 4169347.13, 513.57);
insert into STATION values (144, '-', 59, 269309.49, 4169325.48, 510.19);
insert into STATION values (145, '-', 59, 269315.57, 4169352.04, 509.95);
insert into STATION values (146, '-', 59, 269308.82, 4169377.45, 511.61);
insert into STATION values (147, '-', 59, 269319.61, 4169368.66, 510.58);
insert into STATION values (148, '-', 59, 269302.80, 4169341.91, 513.14);
insert into STATION values (149, '-', 59, 269289.39, 4169349.06, 512.95);
insert into STATION values (150, '-', 59, 269290.34, 4169349.31, 512.79);
insert into STATION values (151, '-', 59, 269291.04, 4169341.30, 512.06);
insert into STATION values (152, '-', 59, 269285.17, 4169329.92, 509.27);
insert into STATION values (153, '-', 59, 269278.74, 4169334.19, 509.07);
insert into STATION values (154, '-', 59, 269277.79, 4169347.02, 510.34);
insert into STATION values (155, '-', 59, 269279.22, 4169341.87, 511.33);
insert into STATION values (156, '-', 59, 269276.43, 4169336.08, 509.28);
insert into STATION values (157, '-', 59, 269263.77, 4169341.97, 508.13);
insert into STATION values (158, '-', 59, 269262.60, 4169342.90, 508.59);
insert into STATION values (159, '-', 59, 269283.54, 4169335.62, 510.98);
insert into STATION values (160, '-', 59, 269278.84, 4169332.98, 508.48);
insert into STATION values (161, '-', 59, 269282.08, 4169330.43, 507.87);
insert into STATION values (162, '-', 59, 269285.84, 4169327.73, 506.90);
insert into STATION values (163, '-', 59, 269282.50, 4169328.32, 506.17);
insert into STATION values (164, '-', 59, 269279.06, 4169329.17, 505.28);
insert into STATION values (165, '-', 59, 269287.03, 4169316.36, 502.95);
insert into STATION values (166, '-', 59, 269284.15, 4169317.53, 503.03);
insert into STATION values (167, '-', 59, 269279.92, 4169319.32, 502.72);
insert into STATION values (168, '-', 59, 269277.30, 4169321.46, 502.70);
insert into STATION values (169, '20.1b', 59, 269279.57, 4169320.20, 513.86);
insert into STATION values (170, '-', 59, 269281.06, 4169319.80, 512.93);
insert into STATION values (171, '-', 59, 269279.97, 4169310.44, 502.56);
insert into STATION values (172, '-', 59, 269285.96, 4169305.53, 501.14);
insert into STATION values (173, '-', 59, 269307.23, 4169309.13, 501.11);
insert into STATION values (174, '21b', 59, 269295.94, 4169310.19, 517.89);
insert into STATION values (175, '21.1b', 59, 269280.30, 4169308.02, 517.09);
insert into STATION values (176, '-', 59, 269309.26, 4169303.13, 500.75);
insert into STATION values (177, '-', 59, 269289.99, 4169300.30, 500.59);
insert into STATION values (178, '-', 59, 269298.82, 4169301.53, 505.42);
insert into STATION values (179, '-', 59, 269309.48, 4169307.47, 500.79);
insert into STATION values (180, '-', 59, 269309.55, 4169313.11, 500.29);
insert into STATION values (181, '-', 59, 269310.44, 4169316.43, 501.37);
insert into STATION values (182, '-', 59, 269280.62, 4169280.77, 503.09);
insert into STATION values (183, '-', 59, 269280.23, 4169271.39, 504.18);
insert into STATION values (184, '-', 59, 269313.36, 4169316.89, 501.63);
insert into STATION values (185, '-', 59, 269318.51, 4169318.21, 502.38);
insert into STATION values (186, '-', 59, 269311.00, 4169319.03, 507.74);
insert into STATION values (187, '-', 59, 269321.08, 4169321.51, 502.53);
insert into STATION values (188, '-', 59, 269320.98, 4169325.60, 503.74);
insert into STATION values (189, '-', 59, 269320.22, 4169326.86, 503.31);
insert into STATION values (190, '-', 59, 269315.45, 4169324.11, 508.52);
insert into STATION values (191, '-', 59, 269312.55, 4169303.52, 498.68);
insert into STATION values (192, '-', 59, 269310.99, 4169289.50, 500.68);
insert into STATION values (193, '-', 59, 269304.26, 4169284.17, 500.07);
insert into STATION values (194, '-', 59, 269297.34, 4169294.36, 505.27);
insert into STATION values (195, '-', 59, 269286.78, 4169297.03, 500.38);
insert into STATION values (196, '-', 59, 269285.13, 4169293.70, 501.10);
insert into STATION values (197, '-', 59, 269280.38, 4169288.91, 502.25);
insert into STATION values (198, '-', 59, 269296.65, 4169284.37, 500.76);
insert into STATION values (199, '-', 59, 269295.38, 4169279.86, 502.46);
insert into STATION values (200, '-', 59, 269291.74, 4169279.99, 501.07);
insert into STATION values (201, '-', 59, 269278.65, 4169284.49, 501.41);
insert into STATION values (202, '-', 59, 269277.86, 4169278.50, 501.80);
insert into STATION values (203, '-', 59, 269279.15, 4169274.91, 501.56);
insert into STATION values (204, '-', 59, 269292.76, 4169276.83, 502.57);
insert into STATION values (205, '-', 59, 269289.89, 4169273.90, 501.75);
insert into STATION values (206, '-', 59, 269287.23, 4169269.75, 508.14);
insert into STATION values (207, '-', 59, 269284.57, 4169280.34, 504.92);
insert into STATION values (208, '-', 59, 269279.27, 4169256.04, 501.19);
insert into STATION values (209, '-', 59, 269279.85, 4169258.28, 501.86);
insert into STATION values (210, '-', 59, 269289.83, 4169258.86, 500.98);
insert into STATION values (211, '-', 59, 269289.95, 4169262.83, 501.36);
insert into STATION values (212, '-', 59, 269286.81, 4169258.49, 502.48);
insert into STATION values (213, '-', 59, 269291.52, 4169247.98, 501.18);
insert into STATION values (214, '-', 59, 269290.62, 4169244.58, 501.79);
insert into STATION values (215, '-', 59, 269289.53, 4169238.88, 502.44);
insert into STATION values (216, '-', 59, 269277.35, 4169254.38, 501.46);
insert into STATION values (217, '-', 59, 269277.85, 4169251.39, 500.98);
insert into STATION values (218, '-', 59, 269287.93, 4169251.45, 502.32);
insert into STATION values (219, '22.4.1b', 59, 269282.66, 4169254.02, 512.66);
insert into STATION values (220, '-', 59, 269278.28, 4169244.56, 499.90);
insert into STATION values (221, '-', 59, 269277.78, 4169244.39, 502.12);
insert into STATION values (222, '-', 59, 269275.89, 4169245.50, 501.81);
insert into STATION values (223, '-', 59, 269277.82, 4169244.21, 501.48);
insert into STATION values (224, '-', 59, 269277.54, 4169249.72, 501.77);
insert into STATION values (225, '-', 59, 269271.15, 4169241.55, 501.73);
insert into STATION values (226, '-', 59, 269293.96, 4169232.81, 501.75);
insert into STATION values (227, '-', 59, 269291.61, 4169229.01, 501.47);
insert into STATION values (228, '-', 59, 269289.81, 4169225.98, 501.52);
insert into STATION values (229, '-', 59, 269286.52, 4169224.76, 502.20);
insert into STATION values (230, '-', 59, 269268.62, 4169230.67, 499.40);
insert into STATION values (231, '-', 59, 269268.82, 4169230.41, 501.87);
insert into STATION values (232, '-', 59, 269263.28, 4169232.81, 500.97);
insert into STATION values (233, '-', 59, 269261.27, 4169230.90, 501.51);
insert into STATION values (234, '-', 59, 269264.50, 4169227.22, 501.05);
insert into STATION values (235, '-', 59, 269268.14, 4169226.52, 501.00);
insert into STATION values (236, '-', 59, 269271.58, 4169226.19, 500.66);
insert into STATION values (237, '-', 59, 269264.06, 4169233.11, 501.30);
insert into STATION values (238, '-', 59, 269267.31, 4169233.99, 500.96);
insert into STATION values (239, '-', 59, 269268.76, 4169235.39, 501.25);
insert into STATION values (240, '-', 59, 269260.19, 4169228.38, 504.28);
insert into STATION values (241, '-', 59, 269261.14, 4169230.03, 503.12);
insert into STATION values (242, '22.4.0.2b', 59, 269258.11, 4169228.94, 504.90);
insert into STATION values (243, '-', 59, 269280.35, 4169226.91, 503.83);
insert into STATION values (244, '-', 59, 269291.64, 4169226.15, 500.40);
insert into STATION values (245, '-', 59, 269294.43, 4169230.91, 500.79);
insert into STATION values (246, '-', 59, 269294.68, 4169236.49, 501.53);
insert into STATION values (247, '-', 59, 269290.88, 4169242.40, 501.61);
insert into STATION values (248, '-', 59, 269278.87, 4169236.41, 500.35);
insert into STATION values (249, '-', 59, 269277.01, 4169233.10, 499.74);
insert into STATION values (250, '-', 59, 269287.64, 4169243.47, 501.81);
insert into STATION values (251, '-', 59, 269286.39, 4169225.71, 494.66);
insert into STATION values (252, '22.4.0.3.1b', 59, 269285.67, 4169224.59, 514.36);
insert into STATION values (253, '-', 59, 269268.51, 4169218.07, 497.01);
insert into STATION values (254, '-', 59, 269273.84, 4169216.49, 496.79);
insert into STATION values (255, '-', 59, 269275.97, 4169215.49, 496.97);
insert into STATION values (256, '-', 59, 269274.58, 4169206.34, 496.08);
insert into STATION values (257, '-', 59, 269280.54, 4169222.87, 502.67);
insert into STATION values (258, '-', 59, 269266.44, 4169219.52, 500.05);
insert into STATION values (259, '-', 59, 269265.45, 4169220.02, 500.24);
insert into STATION values (260, '-', 59, 269270.43, 4169223.78, 499.93);
insert into STATION values (261, '-', 59, 269288.41, 4169222.50, 500.51);
insert into STATION values (262, '-', 59, 269289.76, 4169223.86, 500.82);
insert into STATION values (263, '-', 59, 269289.76, 4169225.46, 500.79);
insert into STATION values (264, '-', 59, 269307.37, 4169266.47, 500.56);
insert into STATION values (265, '-', 59, 269308.10, 4169263.79, 502.39);
insert into STATION values (266, '-', 59, 269310.60, 4169258.67, 501.61);
insert into STATION values (267, '-', 59, 269313.97, 4169259.78, 501.48);
insert into STATION values (268, '-', 59, 269319.18, 4169258.70, 501.60);
insert into STATION values (269, '-', 59, 269306.86, 4169256.53, 501.48);
insert into STATION values (270, '-', 59, 269300.33, 4169264.03, 501.31);
insert into STATION values (271, '-', 59, 269363.71, 4169275.19, 499.14);
insert into STATION values (272, '-', 59, 269349.04, 4169310.71, 499.10);
insert into STATION values (273, '-', 59, 269344.01, 4169267.40, 502.24);
insert into STATION values (274, '-', 59, 269343.28, 4169261.06, 499.98);
insert into STATION values (275, '-', 59, 269334.81, 4169261.54, 499.76);
insert into STATION values (276, '-', 59, 269324.53, 4169261.68, 500.13);
insert into STATION values (277, '-', 59, 269322.27, 4169284.85, 498.58);
insert into STATION values (278, '-', 59, 269323.59, 4169281.55, 500.18);
insert into STATION values (279, '-', 59, 269322.41, 4169286.03, 498.16);
insert into STATION values (280, '-', 59, 269324.67, 4169287.55, 498.72);
insert into STATION values (281, '-', 59, 269327.68, 4169289.65, 498.45);
insert into STATION values (282, '-', 59, 269331.41, 4169291.18, 498.92);
insert into STATION values (283, '-', 59, 269334.25, 4169290.13, 499.33);
insert into STATION values (284, '-', 59, 269324.30, 4169276.15, 501.14);
insert into STATION values (285, '-', 59, 269313.03, 4169268.78, 499.18);
insert into STATION values (286, '-', 59, 269312.31, 4169274.86, 498.99);
insert into STATION values (287, '-', 59, 269312.88, 4169279.80, 499.01);
insert into STATION values (288, '-', 59, 269300.33, 4169282.80, 500.97);
insert into STATION values (289, '-', 59, 269315.25, 4169292.41, 500.63);
insert into STATION values (290, '-', 59, 269303.48, 4169290.00, 502.99);
insert into STATION values (291, '-', 59, 269139.66, 4169357.86, 583.68);
insert into STATION values (292, '-', 59, 269122.44, 4169341.97, 585.47);
insert into STATION values (293, '-', 59, 269130.86, 4169357.23, 593.07);
insert into STATION values (294, '-', 59, 269133.75, 4169348.59, 579.00);
insert into STATION values (295, '-', 59, 269129.41, 4169349.49, 579.34);
insert into STATION values (296, '-', 59, 269121.19, 4169333.62, 578.99);
insert into STATION values (297, '-', 59, 269119.85, 4169333.25, 579.99);
insert into STATION values (298, '-', 59, 269118.18, 4169332.00, 578.97);
insert into STATION values (299, '-', 59, 269122.56, 4169329.98, 578.50);
insert into STATION values (300, '-', 59, 269121.23, 4169328.99, 578.45);
insert into STATION values (301, '-', 59, 269121.74, 4169330.91, 579.37);
insert into STATION values (302, '-', 59, 269121.07, 4169329.01, 579.35);
insert into STATION values (303, '-', 59, 269117.24, 4169337.09, 579.35);
insert into STATION values (304, '-', 59, 269113.94, 4169335.66, 579.75);
insert into STATION values (305, '-', 59, 269114.49, 4169333.89, 578.95);
insert into STATION values (306, '-', 59, 269124.93, 4169324.71, 578.35);
insert into STATION values (307, '-', 59, 269124.91, 4169324.72, 578.35);
insert into STATION values (308, '-', 59, 269119.85, 4169333.39, 578.78);
insert into STATION values (309, '-', 59, 269119.86, 4169333.39, 578.78);
insert into STATION values (310, '-', 59, 269124.56, 4169324.42, 578.38);
insert into STATION values (311, '-', 59, 269124.97, 4169324.68, 578.73);
insert into STATION values (312, '-', 59, 269124.51, 4169324.47, 578.40);
insert into STATION values (313, '-', 59, 269125.26, 4169324.93, 578.36);
insert into STATION values (314, '4.3b', 59, 269127.63, 4169320.51, 577.23);
insert into STATION values (315, 'B80', 245, 269151.40, 4169086.41, 472.62);
insert into STATION values (316, '.', 245, 269152.34, 4169089.24, 472.48);
insert into STATION values (317, '.', 245, 269150.68, 4169087.32, 472.75);
insert into STATION values (318, '.', 245, 269147.40, 4169086.78, 472.96);
insert into STATION values (319, '.', 245, 269150.54, 4169085.28, 472.71);
insert into STATION values (320, '.', 245, 269151.89, 4169086.41, 474.90);
insert into STATION values (321, '.', 245, 269150.96, 4169088.86, 470.95);
insert into STATION values (322, '.', 245, 269150.44, 4169087.98, 470.58);
insert into STATION values (323, '.', 245, 269150.53, 4169088.54, 469.59);
insert into STATION values (324, '.', 245, 269151.40, 4169086.60, 471.70);
insert into STATION values (325, '.', 245, 269154.70, 4169086.57, 471.65);
insert into STATION values (326, '.', 245, 269155.42, 4169088.55, 473.16);
insert into STATION values (327, '.', 245, 269153.73, 4169086.49, 474.64);
insert into STATION values (328, '.', 245, 269154.84, 4169083.73, 474.43);
insert into STATION values (329, '.', 245, 269160.04, 4169082.91, 473.93);
insert into STATION values (330, '.', 245, 269169.09, 4169084.27, 474.84);
insert into STATION values (331, '.', 245, 269157.73, 4169085.17, 472.73);
insert into STATION values (332, '.', 245, 269156.89, 4169088.61, 473.31);
insert into STATION values (333, '1', 245, 269150.71, 4169090.27, 469.19);
insert into STATION values (334, '2', 245, 269167.33, 4169091.04, 473.38);
insert into STATION values (335, '.', 245, 269167.30, 4169090.63, 471.40);
insert into STATION values (336, '.', 245, 269167.13, 4169090.01, 476.26);
insert into STATION values (337, '.', 245, 269163.51, 4169087.23, 476.32);
insert into STATION values (338, '.', 245, 269157.40, 4169084.06, 473.99);
insert into STATION values (339, '.', 245, 269165.07, 4169081.24, 474.08);
insert into STATION values (340, '.', 245, 269169.84, 4169078.26, 475.56);
insert into STATION values (341, '.', 245, 269169.00, 4169087.41, 474.19);
insert into STATION values (342, '.', 245, 269170.51, 4169083.28, 470.16);
insert into STATION values (343, '.', 245, 269166.88, 4169088.89, 471.77);
insert into STATION values (344, '.', 245, 269164.46, 4169093.61, 472.24);
insert into STATION values (345, '.', 245, 269161.80, 4169091.98, 473.20);
insert into STATION values (346, '.', 245, 269159.19, 4169089.92, 474.10);
insert into STATION values (347, '.', 245, 269163.81, 4169091.71, 476.60);
insert into STATION values (348, '.', 245, 269164.69, 4169092.38, 471.60);
insert into STATION values (349, '3', 245, 269170.05, 4169082.20, 470.37);
insert into STATION values (350, '.', 245, 269168.28, 4169083.69, 470.17);
insert into STATION values (351, '.', 245, 269165.73, 4169087.27, 471.67);
insert into STATION values (352, '.', 245, 269168.78, 4169081.79, 470.78);
insert into STATION values (353, '.', 245, 269169.64, 4169080.95, 470.63);
insert into STATION values (354, '.', 245, 269168.46, 4169080.24, 468.81);
insert into STATION values (355, '.', 245, 269164.67, 4169079.31, 467.00);
insert into STATION values (356, '.', 245, 269167.14, 4169081.16, 468.75);
insert into STATION values (357, '.', 245, 269167.84, 4169081.13, 468.52);
insert into STATION values (358, '.', 245, 269174.73, 4169096.88, 469.54);
insert into STATION values (359, '.', 245, 269178.20, 4169097.17, 469.48);
insert into STATION values (360, '.', 245, 269170.06, 4169083.15, 475.58);
insert into STATION values (361, '.', 245, 269169.62, 4169078.63, 475.98);
insert into STATION values (362, '.', 245, 269171.90, 4169082.66, 470.50);
insert into STATION values (363, '.', 245, 269174.45, 4169079.56, 472.41);
insert into STATION values (364, '.', 245, 269183.82, 4169083.63, 475.22);
insert into STATION values (365, '.', 245, 269180.51, 4169080.13, 483.49);
insert into STATION values (366, '.', 245, 269180.83, 4169087.60, 473.60);
insert into STATION values (367, '.', 245, 269180.13, 4169085.63, 471.55);
insert into STATION values (368, '.', 245, 269188.76, 4169076.95, 476.42);
insert into STATION values (369, '4', 245, 269163.96, 4169078.63, 467.32);
insert into STATION values (370, '5', 245, 269184.50, 4169084.21, 472.86);
insert into STATION values (371, '.', 245, 269187.34, 4169076.20, 473.38);
insert into STATION values (372, '.', 245, 269190.77, 4169077.27, 474.85);
insert into STATION values (373, '.', 245, 269185.81, 4169086.57, 474.89);
insert into STATION values (374, '.', 245, 269183.46, 4169085.98, 471.98);
insert into STATION values (375, '.', 245, 269180.17, 4169089.83, 472.44);
insert into STATION values (376, '.', 245, 269178.31, 4169097.65, 471.07);
insert into STATION values (377, '.', 245, 269182.33, 4169099.06, 471.76);
insert into STATION values (378, '.', 245, 269188.00, 4169103.69, 471.31);
insert into STATION values (379, '.', 245, 269189.17, 4169099.79, 472.32);
insert into STATION values (380, '.', 245, 269189.82, 4169096.75, 472.86);
insert into STATION values (381, '.', 245, 269188.58, 4169090.18, 472.57);
insert into STATION values (382, '.', 245, 269198.72, 4169103.31, 473.40);
insert into STATION values (383, '.', 245, 269195.67, 4169105.07, 475.19);
insert into STATION values (384, '.', 245, 269208.63, 4169102.74, 477.25);
insert into STATION values (385, '.', 245, 269197.60, 4169099.72, 477.63);
insert into STATION values (386, '.', 245, 269187.97, 4169089.94, 476.99);
insert into STATION values (387, '.', 245, 269185.29, 4169086.08, 475.76);
insert into STATION values (388, 'B79', 245, 269201.93, 4169104.27, 474.40);
insert into STATION values (389, '.', 245, 269200.68, 4169103.86, 477.64);
insert into STATION values (390, '.', 245, 269197.33, 4169109.11, 475.69);
insert into STATION values (391, '.', 245, 269201.59, 4169104.37, 473.50);
insert into STATION values (392, '.', 245, 269192.93, 4169102.75, 474.56);
insert into STATION values (393, '.', 245, 269191.78, 4169098.10, 475.75);
insert into STATION values (394, '.', 245, 269181.52, 4169089.38, 473.69);
insert into STATION values (395, '.', 245, 269195.37, 4169097.26, 472.45);
insert into STATION values (396, '.', 245, 269189.27, 4169076.47, 475.36);
insert into STATION values (397, '.', 245, 269195.05, 4169079.28, 475.12);
insert into STATION values (398, '.', 245, 269201.44, 4169101.41, 477.23);
insert into STATION values (399, '.', 245, 269207.09, 4169089.79, 476.28);
insert into STATION values (400, '.', 245, 269207.14, 4169091.37, 472.54);
insert into STATION values (401, '.', 245, 269203.41, 4169101.21, 473.16);
insert into STATION values (402, '.', 245, 269220.81, 4169085.79, 478.34);
insert into STATION values (403, '.', 245, 269220.03, 4169087.81, 480.36);
insert into STATION values (404, '.', 245, 269231.81, 4169087.79, 476.66);
insert into STATION values (405, '.', 245, 269221.50, 4169095.52, 475.90);
insert into STATION values (406, '.', 245, 269207.83, 4169104.28, 476.89);
insert into STATION values (407, '.', 245, 269217.34, 4169118.81, 477.19);
insert into STATION values (408, '.', 245, 269206.05, 4169115.36, 477.04);
insert into STATION values (409, '.', 245, 269209.97, 4169109.32, 478.68);
insert into STATION values (410, '.', 245, 269220.63, 4169113.32, 480.36);
insert into STATION values (411, '.', 245, 269218.92, 4169110.97, 474.94);
insert into STATION values (412, '.', 245, 269204.40, 4169105.00, 473.82);
insert into STATION values (413, '7', 245, 269204.83, 4169071.87, 473.60);
insert into STATION values (414, '8', 245, 269194.36, 4169102.85, 473.14);
insert into STATION values (415, '.', 245, 269194.36, 4169105.38, 473.17);
insert into STATION values (416, '.', 245, 269192.04, 4169105.59, 471.92);
insert into STATION values (417, '.', 245, 269192.03, 4169105.00, 473.50);
insert into STATION values (418, '.', 245, 269191.36, 4169104.53, 472.79);
insert into STATION values (419, '.', 245, 269190.64, 4169106.47, 472.39);
insert into STATION values (420, '9', 245, 269177.27, 4169118.23, 472.29);
insert into STATION values (421, '10', 245, 269222.44, 4169089.23, 474.29);
insert into STATION values (422, '.', 245, 269221.80, 4169085.73, 476.98);
insert into STATION values (423, '.', 245, 269222.33, 4169088.50, 474.48);
insert into STATION values (424, '.', 245, 269222.27, 4169089.17, 481.15);
insert into STATION values (425, '.', 245, 269222.93, 4169094.04, 477.80);
insert into STATION values (426, '.', 245, 269224.12, 4169094.20, 477.67);
insert into STATION values (427, '.', 245, 269222.58, 4169091.56, 473.49);
insert into STATION values (428, '.', 245, 269214.95, 4169094.75, 472.33);
insert into STATION values (429, '.', 245, 269213.66, 4169093.15, 479.27);
insert into STATION values (430, '.', 245, 269218.21, 4169091.48, 483.74);
insert into STATION values (431, '.', 245, 269230.76, 4169085.95, 478.44);
insert into STATION values (432, '.', 245, 269237.25, 4169090.53, 479.76);
insert into STATION values (433, '.', 245, 269238.01, 4169095.53, 480.43);
insert into STATION values (434, '.', 245, 269246.51, 4169089.70, 485.97);
insert into STATION values (435, '.', 245, 269230.36, 4169090.07, 482.89);
insert into STATION values (436, '.', 245, 269236.16, 4169097.41, 484.98);
insert into STATION values (437, '.', 245, 269237.51, 4169096.98, 479.53);
insert into STATION values (438, '.', 245, 269235.16, 4169096.94, 477.39);
insert into STATION values (439, '.', 245, 269230.34, 4169093.43, 475.16);
insert into STATION values (440, '.', 245, 269227.51, 4169091.44, 473.91);
insert into STATION values (441, '.', 245, 269224.89, 4169092.99, 475.17);
insert into STATION values (442, '.', 245, 269225.76, 4169093.85, 478.75);
insert into STATION values (443, '.', 245, 269227.03, 4169093.87, 476.29);
insert into STATION values (444, '11', 245, 269236.19, 4169097.85, 479.41);
insert into STATION values (445, '.', 245, 269233.81, 4169102.29, 480.83);
insert into STATION values (446, '.', 245, 269242.74, 4169096.09, 481.19);
insert into STATION values (447, '.', 245, 269237.20, 4169097.38, 478.58);
insert into STATION values (448, '.', 245, 269241.90, 4169102.02, 484.93);
insert into STATION values (449, '.', 245, 269253.64, 4169110.63, 485.45);
insert into STATION values (450, '.', 245, 269264.91, 4169115.95, 485.15);
insert into STATION values (451, '.', 245, 269259.05, 4169116.50, 482.51);
insert into STATION values (452, '.', 245, 269245.28, 4169109.32, 481.26);
insert into STATION values (453, '.', 245, 269238.45, 4169104.39, 481.34);
insert into STATION values (454, '.', 245, 269238.13, 4169098.95, 478.53);
insert into STATION values (455, '.', 245, 269244.14, 4169104.43, 478.60);
insert into STATION values (456, '.', 245, 269246.31, 4169102.59, 480.37);
insert into STATION values (457, '12', 245, 269259.22, 4169113.28, 481.04);
insert into STATION values (458, '.', 245, 269260.24, 4169116.76, 482.05);
insert into STATION values (459, '.', 245, 269260.02, 4169113.50, 486.06);
insert into STATION values (460, '.', 245, 269260.41, 4169111.43, 487.28);
insert into STATION values (461, '.', 245, 269260.38, 4169109.10, 484.51);
insert into STATION values (462, '.', 245, 269261.00, 4169106.47, 482.46);
insert into STATION values (463, '.', 245, 269259.47, 4169113.10, 480.60);
insert into STATION values (464, '.', 245, 269254.68, 4169116.23, 481.35);
insert into STATION values (465, '.', 245, 269250.44, 4169113.99, 477.83);
insert into STATION values (466, '.', 245, 269252.54, 4169113.76, 483.58);
insert into STATION values (467, '.', 245, 269256.76, 4169112.65, 485.51);
insert into STATION values (468, '.', 245, 269253.80, 4169105.57, 484.43);
insert into STATION values (469, '.', 245, 269251.50, 4169107.63, 480.55);
insert into STATION values (470, '.', 245, 269266.37, 4169118.91, 483.24);
insert into STATION values (471, '.', 245, 269276.44, 4169121.77, 484.46);
insert into STATION values (472, '.', 245, 269275.77, 4169114.65, 483.55);
insert into STATION values (473, '.', 245, 269267.93, 4169111.07, 483.16);
insert into STATION values (474, '.', 245, 269264.57, 4169114.32, 480.07);
insert into STATION values (475, '.', 245, 269272.83, 4169116.99, 481.28);
insert into STATION values (476, '.', 245, 269265.67, 4169114.61, 485.93);
insert into STATION values (477, '.', 245, 269269.57, 4169116.08, 485.79);
insert into STATION values (478, '13', 245, 269277.47, 4169118.49, 482.65);
insert into STATION values (479, '.', 245, 269277.57, 4169114.80, 483.30);
insert into STATION values (480, '.', 245, 269279.13, 4169117.99, 488.15);
insert into STATION values (481, '.', 245, 269278.14, 4169121.69, 484.43);
insert into STATION values (482, '.', 245, 269277.68, 4169118.53, 482.05);
insert into STATION values (483, '.', 245, 269283.45, 4169119.52, 481.36);
insert into STATION values (484, '.', 245, 269292.49, 4169121.36, 481.50);
insert into STATION values (485, '.', 245, 269300.65, 4169122.63, 481.86);
insert into STATION values (486, '.', 245, 269289.09, 4169123.03, 483.36);
insert into STATION values (487, '.', 245, 269284.32, 4169122.82, 483.55);
insert into STATION values (488, '.', 245, 269307.55, 4169123.11, 484.77);
insert into STATION values (489, '.', 245, 269295.43, 4169119.98, 487.27);
insert into STATION values (490, '.', 245, 269287.15, 4169116.72, 484.65);
insert into STATION values (491, 'B78', 245, 269301.90, 4169125.16, 483.20);
insert into STATION values (492, '.', 245, 269304.08, 4169120.22, 483.28);
insert into STATION values (493, '.', 245, 269303.74, 4169123.42, 481.43);
insert into STATION values (494, '.', 245, 269302.70, 4169125.49, 487.26);
insert into STATION values (495, '.', 245, 269295.51, 4169132.60, 485.58);
insert into STATION values (496, '.', 245, 269285.31, 4169153.29, 488.79);
insert into STATION values (497, '.', 245, 269292.73, 4169154.75, 490.70);
insert into STATION values (498, '.', 245, 269301.49, 4169131.38, 485.41);
insert into STATION values (499, '.', 245, 269301.99, 4169128.23, 486.12);
insert into STATION values (500, '.', 245, 269297.28, 4169136.86, 489.28);
insert into STATION values (501, '.', 245, 269297.41, 4169135.98, 485.02);
insert into STATION values (502, '.', 245, 269300.48, 4169127.51, 483.29);
insert into STATION values (503, '.', 245, 269294.03, 4169129.06, 486.14);
insert into STATION values (504, '.', 245, 269289.42, 4169128.82, 485.90);
insert into STATION values (505, '.', 245, 269292.32, 4169125.67, 486.51);
insert into STATION values (506, '.', 245, 269286.21, 4169125.18, 485.74);
insert into STATION values (507, '.', 245, 269293.27, 4169127.13, 483.90);
insert into STATION values (508, '.', 245, 269294.33, 4169125.26, 482.70);
insert into STATION values (509, '.', 245, 269299.83, 4169126.32, 482.88);
insert into STATION values (510, '.', 245, 269303.28, 4169120.33, 482.53);
insert into STATION values (511, '.', 245, 269298.59, 4169118.43, 483.60);
insert into STATION values (512, '.', 245, 269291.93, 4169117.28, 483.16);
insert into STATION values (513, '.', 245, 269299.50, 4169122.97, 481.29);
insert into STATION values (514, '.', 245, 269291.26, 4169123.32, 482.05);
insert into STATION values (515, '.', 245, 269285.30, 4169117.90, 485.33);
insert into STATION values (516, '.', 245, 269306.81, 4169129.27, 485.41);
insert into STATION values (517, '.', 245, 269313.16, 4169132.64, 491.59);
insert into STATION values (518, '.', 245, 269314.65, 4169128.82, 488.01);
insert into STATION values (519, '.', 245, 269314.89, 4169133.19, 487.07);
insert into STATION values (520, '.', 245, 269320.15, 4169140.92, 492.03);
insert into STATION values (521, '15', 245, 269317.61, 4169133.97, 490.37);
insert into STATION values (522, '16', 245, 269290.70, 4169126.78, 484.28);
insert into STATION values (523, '.', 245, 269289.96, 4169124.31, 485.47);
insert into STATION values (524, '.', 245, 269290.46, 4169125.93, 484.44);
insert into STATION values (525, '.', 245, 269290.47, 4169126.96, 486.40);
insert into STATION values (526, '.', 245, 269290.22, 4169129.22, 485.59);
insert into STATION values (527, '.', 245, 269290.59, 4169128.16, 484.01);
insert into STATION values (528, '.', 245, 269289.41, 4169126.92, 483.81);
insert into STATION values (529, '.', 245, 269283.35, 4169127.46, 483.46);
insert into STATION values (530, '.', 245, 269270.70, 4169128.49, 485.68);
insert into STATION values (531, '.', 245, 269285.75, 4169127.01, 486.25);
insert into STATION values (532, '.', 245, 269281.17, 4169125.20, 485.31);
insert into STATION values (533, '.', 245, 269273.09, 4169125.57, 484.58);
insert into STATION values (534, '.', 245, 269277.75, 4169129.86, 484.49);
insert into STATION values (535, '.', 245, 269267.37, 4169130.89, 484.40);
insert into STATION values (536, '17', 245, 269266.48, 4169129.77, 482.97);
insert into STATION values (537, '.', 245, 269265.25, 4169126.01, 483.97);
insert into STATION values (538, '.', 245, 269266.02, 4169128.57, 482.30);
insert into STATION values (539, '.', 245, 269266.41, 4169131.26, 483.52);
insert into STATION values (540, '.', 245, 269266.07, 4169130.08, 485.01);
insert into STATION values (541, '.', 245, 269260.41, 4169128.75, 483.05);
insert into STATION values (542, '.', 245, 269259.41, 4169137.78, 480.05);
insert into STATION values (543, '.', 245, 269265.39, 4169129.27, 482.06);
insert into STATION values (544, '.', 245, 269261.50, 4169130.52, 479.90);
insert into STATION values (545, 'B77', 245, 269248.49, 4169140.28, 480.99);
insert into STATION values (546, '.', 245, 269256.85, 4169129.78, 479.46);
insert into STATION values (547, '.', 245, 269253.02, 4169150.67, 483.49);
insert into STATION values (548, '.', 245, 269248.75, 4169141.24, 480.58);
insert into STATION values (549, '.', 245, 269249.58, 4169140.42, 483.66);
insert into STATION values (550, '.', 245, 269257.25, 4169140.21, 483.89);
insert into STATION values (551, '.', 245, 269272.83, 4169135.03, 482.65);
insert into STATION values (552, '.', 245, 269236.90, 4169153.89, 483.47);
insert into STATION values (553, '.', 245, 269246.03, 4169125.20, 480.81);
insert into STATION values (554, '.', 245, 269252.63, 4169127.94, 481.18);
insert into STATION values (555, '.', 245, 269235.59, 4169126.58, 482.41);
insert into STATION values (556, '.', 245, 269245.17, 4169131.34, 483.88);
insert into STATION values (557, '19', 245, 269244.06, 4169132.71, 480.72);
insert into STATION values (558, '.', 245, 269234.94, 4169134.75, 480.98);
insert into STATION values (559, '.', 245, 269244.53, 4169132.97, 483.76);
insert into STATION values (560, '.', 245, 269254.35, 4169129.98, 482.42);
insert into STATION values (561, '.', 245, 269233.46, 4169129.08, 479.99);
insert into STATION values (562, '.', 245, 269234.40, 4169124.31, 479.03);
insert into STATION values (563, '.', 245, 269225.28, 4169104.63, 478.18);
insert into STATION values (564, '.', 245, 269235.41, 4169120.71, 484.44);
insert into STATION values (565, '.', 245, 269243.56, 4169131.42, 483.15);
insert into STATION values (566, '.', 245, 269250.82, 4169125.98, 479.70);
insert into STATION values (567, '.', 245, 269243.03, 4169125.58, 476.85);
insert into STATION values (568, '.', 245, 269240.36, 4169116.26, 477.32);
insert into STATION values (569, '21', 245, 269245.82, 4169150.86, 481.14);
insert into STATION values (570, '.', 245, 269251.37, 4169151.61, 482.06);
insert into STATION values (571, '.', 245, 269250.93, 4169155.55, 481.47);
insert into STATION values (572, '.', 245, 269246.65, 4169154.77, 480.16);
insert into STATION values (573, '.', 245, 269249.34, 4169159.94, 480.26);
insert into STATION values (574, '.', 245, 269246.69, 4169155.76, 483.18);
insert into STATION values (575, '.', 245, 269248.72, 4169163.50, 481.64);
insert into STATION values (576, '.', 245, 269243.92, 4169160.92, 480.71);
insert into STATION values (577, '.', 245, 269243.26, 4169156.05, 481.47);
insert into STATION values (578, '.', 245, 269245.36, 4169151.98, 484.30);
insert into STATION values (579, '.', 245, 269237.79, 4169154.18, 483.02);
insert into STATION values (580, '22', 245, 269254.53, 4169164.08, 481.16);
insert into STATION values (581, '.', 245, 269251.33, 4169167.38, 481.71);
insert into STATION values (582, '.', 245, 269254.60, 4169164.48, 480.75);
insert into STATION values (583, '.', 245, 269255.13, 4169164.31, 483.44);
insert into STATION values (584, '.', 245, 269255.12, 4169174.15, 484.68);
insert into STATION values (585, '.', 245, 269260.65, 4169180.56, 485.45);
insert into STATION values (586, '.', 245, 269256.10, 4169166.92, 481.85);
insert into STATION values (587, '.', 245, 269262.02, 4169175.80, 485.55);
insert into STATION values (588, '.', 245, 269263.39, 4169174.10, 485.08);
insert into STATION values (589, '.', 245, 269265.84, 4169165.85, 485.29);
insert into STATION values (590, '.', 245, 269266.70, 4169163.93, 484.36);
insert into STATION values (591, '.', 245, 269257.42, 4169160.91, 482.66);
insert into STATION values (592, 'B76', 245, 269259.76, 4169163.14, 482.90);
insert into STATION values (593, '.', 245, 269266.17, 4169161.28, 484.05);
insert into STATION values (594, '.', 245, 269267.45, 4169164.37, 484.02);
insert into STATION values (595, '.', 245, 269269.74, 4169171.11, 484.85);
insert into STATION values (596, '.', 245, 269261.34, 4169166.36, 483.66);
insert into STATION values (597, '.', 245, 269266.79, 4169158.20, 484.18);
insert into STATION values (598, '.', 245, 269262.10, 4169160.26, 484.16);
insert into STATION values (599, '.', 245, 269259.79, 4169161.03, 483.10);
insert into STATION values (600, '.', 245, 269273.02, 4169141.69, 485.59);
insert into STATION values (601, '.', 245, 269269.34, 4169151.81, 482.90);
insert into STATION values (602, '.', 245, 269268.38, 4169166.59, 483.76);
insert into STATION values (603, '.', 245, 269272.99, 4169168.38, 484.57);
insert into STATION values (604, '24', 245, 269277.43, 4169169.43, 485.94);
insert into STATION values (605, '.', 245, 269283.86, 4169171.75, 486.71);
insert into STATION values (606, '.', 245, 269278.06, 4169169.43, 487.79);
insert into STATION values (607, '.', 245, 269277.18, 4169169.98, 485.60);
insert into STATION values (608, '.', 245, 269278.28, 4169167.55, 486.23);
insert into STATION values (609, '.', 245, 269283.66, 4169163.71, 486.15);
insert into STATION values (610, '.', 245, 269287.40, 4169167.37, 486.96);
insert into STATION values (611, '.', 245, 269278.75, 4169176.37, 487.66);
insert into STATION values (612, '.', 245, 269270.50, 4169172.61, 485.84);
insert into STATION values (613, '.', 245, 269275.63, 4169171.40, 485.51);
insert into STATION values (614, '.', 245, 269273.42, 4169175.29, 487.78);
insert into STATION values (615, '25', 245, 269286.01, 4169165.79, 485.91);
insert into STATION values (616, '26', 245, 269271.76, 4169180.12, 486.85);
insert into STATION values (617, '.', 245, 269271.60, 4169181.00, 486.19);
insert into STATION values (618, '.', 245, 269265.63, 4169194.21, 487.71);
insert into STATION values (619, '.', 245, 269279.79, 4169199.15, 488.19);
insert into STATION values (620, '.', 245, 269278.44, 4169182.30, 488.17);
insert into STATION values (621, '.', 245, 269271.64, 4169181.01, 488.05);
insert into STATION values (622, '.', 245, 269283.96, 4169182.94, 490.90);
insert into STATION values (623, '.', 245, 269276.00, 4169176.72, 487.97);
insert into STATION values (624, '.', 245, 269284.41, 4169177.69, 492.37);
insert into STATION values (625, '.', 245, 269273.55, 4169179.04, 485.99);
insert into STATION values (626, '.', 245, 269264.74, 4169177.16, 486.00);
insert into STATION values (627, '.', 245, 269257.87, 4169178.70, 483.99);
insert into STATION values (628, '.', 245, 269259.73, 4169176.25, 485.17);
insert into STATION values (629, '.', 245, 269266.86, 4169178.36, 485.41);
insert into STATION values (630, '27', 245, 269258.59, 4169173.75, 483.35);
insert into STATION values (631, '.', 245, 269261.61, 4169169.52, 484.03);
insert into STATION values (632, '.', 245, 269258.35, 4169173.00, 485.48);
insert into STATION values (633, '.', 245, 269255.33, 4169175.61, 483.88);
insert into STATION values (634, '.', 245, 269258.18, 4169174.55, 482.28);
insert into STATION values (635, '.', 245, 269257.96, 4169173.29, 485.53);
insert into STATION values (636, '.', 245, 269263.18, 4169175.53, 485.08);
insert into STATION values (637, '.', 245, 269262.14, 4169177.97, 483.73);
insert into STATION values (638, '.', 245, 269256.16, 4169171.46, 483.47);
insert into STATION values (639, '28', 245, 269256.16, 4169171.48, 483.56);
insert into STATION values (640, '29', 245, 269267.00, 4169156.71, 483.10);
insert into STATION values (641, '.', 245, 269261.75, 4169150.62, 482.64);
insert into STATION values (642, '.', 245, 269269.69, 4169157.32, 484.32);
insert into STATION values (643, '.', 245, 269267.42, 4169156.06, 482.35);
insert into STATION values (644, '.', 245, 269266.49, 4169155.52, 485.18);
insert into STATION values (645, '.', 245, 269268.37, 4169149.38, 484.07);
insert into STATION values (646, '.', 245, 269279.77, 4169153.50, 487.48);
insert into STATION values (647, '.', 245, 269280.92, 4169141.79, 486.52);
insert into STATION values (648, 'B75', 245, 269264.33, 4169150.26, 482.41);
insert into STATION values (649, '.', 245, 269267.67, 4169149.72, 491.10);
insert into STATION values (650, '.', 245, 269270.18, 4169150.60, 494.06);
insert into STATION values (651, '.', 245, 269289.51, 4169150.97, 496.26);
insert into STATION values (652, '.', 245, 269274.54, 4169157.05, 486.80);
insert into STATION values (653, '.', 245, 269279.90, 4169153.09, 487.77);
insert into STATION values (654, '.', 245, 269278.08, 4169141.87, 486.64);
insert into STATION values (655, '.', 245, 269264.81, 4169149.59, 481.71);
insert into STATION values (656, '.', 245, 269257.18, 4169129.71, 482.64);
insert into STATION values (657, '.', 245, 269260.53, 4169150.22, 482.64);
insert into STATION values (658, '31', 245, 269253.32, 4169139.07, 480.52);
insert into STATION values (659, '32', 245, 269269.77, 4169151.49, 483.51);
insert into STATION values (660, '.', 245, 269269.85, 4169151.04, 483.51);
insert into STATION values (661, '.', 245, 269272.90, 4169150.06, 491.54);
insert into STATION values (662, '.', 245, 269270.63, 4169156.43, 485.48);
insert into STATION values (663, '.', 245, 269271.99, 4169150.79, 483.12);
insert into STATION values (664, '.', 245, 269277.68, 4169150.01, 484.12);
insert into STATION values (665, '.', 245, 269280.91, 4169152.62, 486.66);
insert into STATION values (666, '.', 245, 269300.18, 4169131.75, 487.70);
insert into STATION values (667, 'B74', 245, 269295.57, 4169146.43, 489.21);
insert into STATION values (668, '.', 245, 269318.72, 4169130.42, 489.92);
insert into STATION values (669, '.', 245, 269320.21, 4169128.66, 485.42);
insert into STATION values (670, '.', 245, 269328.35, 4169131.75, 486.72);
insert into STATION values (671, '.', 245, 269329.13, 4169137.27, 490.77);
insert into STATION values (672, '.', 245, 269320.73, 4169142.20, 491.38);
insert into STATION values (673, '.', 245, 269320.09, 4169137.16, 492.89);
insert into STATION values (674, '.', 245, 269327.84, 4169139.86, 492.69);
insert into STATION values (675, '.', 245, 269325.57, 4169142.84, 491.86);
insert into STATION values (676, '.', 245, 269330.25, 4169138.10, 490.91);
insert into STATION values (677, '.', 245, 269325.63, 4169139.18, 490.41);
insert into STATION values (678, '.', 245, 269314.38, 4169153.68, 491.98);
insert into STATION values (679, '.', 245, 269289.94, 4169156.92, 490.25);
insert into STATION values (680, '.', 245, 269301.49, 4169146.29, 488.10);
insert into STATION values (681, '.', 245, 269310.08, 4169136.69, 486.50);
insert into STATION values (682, '.', 245, 269310.57, 4169131.49, 484.64);
insert into STATION values (683, '35', 245, 269331.62, 4169142.66, 491.32);
insert into STATION values (684, '.', 245, 269332.41, 4169137.57, 491.54);
insert into STATION values (685, '.', 245, 269331.94, 4169140.18, 490.51);
insert into STATION values (686, '.', 245, 269336.57, 4169137.76, 491.42);
insert into STATION values (687, '.', 245, 269340.65, 4169139.90, 492.90);
insert into STATION values (688, '.', 245, 269338.00, 4169141.02, 491.51);
insert into STATION values (689, '.', 245, 269333.01, 4169142.56, 492.81);
insert into STATION values (690, '.', 245, 269334.51, 4169144.39, 492.33);
insert into STATION values (691, '.', 245, 269332.74, 4169145.78, 490.85);
insert into STATION values (692, '.', 245, 269335.58, 4169149.26, 491.12);
insert into STATION values (693, '.', 245, 269334.69, 4169148.15, 492.86);
insert into STATION values (694, '.', 245, 269332.06, 4169148.06, 492.32);
insert into STATION values (695, '.', 245, 269328.60, 4169147.56, 492.63);
insert into STATION values (696, '36', 245, 269339.38, 4169151.08, 492.99);
insert into STATION values (697, '37', 245, 269339.36, 4169142.43, 492.34);
insert into STATION values (698, '.', 245, 269340.03, 4169139.22, 492.62);
insert into STATION values (699, '.', 245, 269339.07, 4169143.89, 492.74);
insert into STATION values (700, '.', 245, 269340.04, 4169143.30, 495.12);
insert into STATION values (701, '.', 245, 269340.19, 4169142.05, 494.68);
insert into STATION values (702, '.', 245, 269339.87, 4169141.02, 491.53);
insert into STATION values (703, '.', 245, 269343.29, 4169140.79, 490.67);
insert into STATION values (704, '.', 245, 269343.53, 4169141.84, 491.29);
insert into STATION values (705, '.', 245, 269349.86, 4169139.52, 493.10);
insert into STATION values (706, '.', 245, 269350.97, 4169142.94, 495.46);
insert into STATION values (707, '.', 245, 269345.64, 4169143.95, 496.54);
insert into STATION values (708, '.', 245, 269341.55, 4169142.45, 495.20);
insert into STATION values (709, '.', 245, 269344.26, 4169144.93, 494.10);
insert into STATION values (710, '38', 245, 269348.83, 4169144.97, 493.53);
insert into STATION values (711, '.', 245, 269348.51, 4169143.79, 496.53);
insert into STATION values (712, '.', 245, 269352.41, 4169140.73, 494.34);
insert into STATION values (713, '.', 245, 269347.83, 4169139.09, 493.70);
insert into STATION values (714, '.', 245, 269342.90, 4169139.76, 493.60);
insert into STATION values (715, '.', 245, 269346.02, 4169145.12, 493.55);
insert into STATION values (716, '.', 245, 269348.10, 4169147.36, 493.46);
insert into STATION values (717, '.', 245, 269348.30, 4169146.25, 492.89);
insert into STATION values (718, '.', 245, 269349.36, 4169146.57, 496.55);
insert into STATION values (719, '.', 245, 269350.37, 4169146.48, 493.59);
insert into STATION values (720, '.', 245, 269350.80, 4169146.60, 494.31);
insert into STATION values (721, '.', 245, 269350.72, 4169145.96, 496.51);
insert into STATION values (722, '.', 245, 269351.55, 4169143.80, 496.16);
insert into STATION values (723, '39', 245, 269352.62, 4169147.86, 495.45);
insert into STATION values (724, '.', 245, 269352.23, 4169150.15, 496.32);
insert into STATION values (725, '.', 245, 269352.68, 4169148.20, 497.33);
insert into STATION values (726, '.', 245, 269353.89, 4169145.81, 496.23);
insert into STATION values (727, '.', 245, 269353.25, 4169147.47, 495.02);
insert into STATION values (728, '.', 245, 269355.31, 4169149.57, 494.28);
insert into STATION values (729, '.', 245, 269357.32, 4169150.19, 495.52);
insert into STATION values (730, '.', 245, 269359.70, 4169151.23, 497.35);
insert into STATION values (731, '.', 245, 269357.42, 4169150.90, 498.75);
insert into STATION values (732, '.', 245, 269348.57, 4169148.23, 496.15);
insert into STATION values (733, '40', 245, 269359.86, 4169151.00, 497.69);
insert into STATION values (734, '.', 245, 269360.55, 4169149.41, 499.42);
insert into STATION values (735, '.', 245, 269358.56, 4169152.75, 498.64);
insert into STATION values (736, '.', 245, 269359.52, 4169151.83, 497.13);
insert into STATION values (737, '.', 245, 269359.85, 4169150.97, 499.77);
insert into STATION values (738, '.', 245, 269361.29, 4169152.39, 500.50);
insert into STATION values (739, '41', 245, 269361.86, 4169154.16, 501.30);
insert into STATION values (740, '42', 245, 269315.24, 4169146.98, 490.23);
insert into STATION values (741, '.', 245, 269319.50, 4169145.86, 490.53);
insert into STATION values (742, '.', 245, 269318.52, 4169148.66, 488.96);
insert into STATION values (743, '.', 245, 269316.02, 4169153.44, 491.53);
insert into STATION values (744, '.', 245, 269317.58, 4169150.34, 495.89);
insert into STATION values (745, '.', 245, 269322.26, 4169152.86, 491.77);
insert into STATION values (746, '.', 245, 269332.76, 4169156.38, 489.19);
insert into STATION values (747, '.', 245, 269324.76, 4169154.29, 488.68);
insert into STATION values (748, '.', 245, 269322.53, 4169134.37, 491.15);
insert into STATION values (749, '.', 245, 269309.31, 4169127.56, 488.67);
insert into STATION values (750, '.', 245, 269292.80, 4169139.25, 487.11);
insert into STATION values (751, '.', 245, 269291.77, 4169159.30, 491.07);
insert into STATION values (752, '.', 245, 269307.10, 4169148.12, 488.29);
insert into STATION values (753, '.', 245, 269308.30, 4169147.38, 492.08);
insert into STATION values (754, '.', 245, 269315.86, 4169145.38, 488.46);
insert into STATION values (755, '.', 245, 269326.30, 4169160.60, 489.93);
insert into STATION values (756, '43', 245, 269326.30, 4169160.55, 489.93);
insert into STATION values (757, '.', 245, 269328.06, 4169162.76, 489.88);
insert into STATION values (758, '.', 245, 269326.27, 4169160.57, 489.93);
insert into STATION values (759, '.', 245, 269327.01, 4169160.91, 492.25);
insert into STATION values (760, '.', 245, 269335.08, 4169160.53, 491.35);
insert into STATION values (761, '.', 245, 269332.89, 4169166.20, 490.89);
insert into STATION values (762, '.', 245, 269326.33, 4169168.41, 491.37);
insert into STATION values (763, '.', 245, 269324.81, 4169162.81, 489.39);
insert into STATION values (764, '.', 245, 269317.24, 4169158.87, 491.03);
insert into STATION values (765, '.', 245, 269325.64, 4169160.21, 489.18);
insert into STATION values (766, '.', 245, 269318.43, 4169154.62, 490.17);
insert into STATION values (767, '.', 245, 269324.24, 4169157.11, 489.02);
insert into STATION values (768, '.', 245, 269324.70, 4169157.45, 491.65);
insert into STATION values (769, '.', 245, 269331.33, 4169152.93, 489.29);
insert into STATION values (770, '44', 245, 269334.14, 4169171.80, 491.44);
insert into STATION values (771, '45', 245, 269314.33, 4169164.98, 492.04);
insert into STATION values (772, '46', 245, 269296.49, 4169161.15, 490.13);
insert into STATION values (773, '.', 245, 269286.33, 4169157.25, 489.79);
insert into STATION values (774, '.', 245, 269292.52, 4169166.63, 490.29);
insert into STATION values (775, '.', 245, 269293.70, 4169171.18, 490.42);
insert into STATION values (776, '.', 245, 269304.85, 4169160.69, 491.55);
insert into STATION values (777, '.', 245, 269311.52, 4169164.77, 492.86);
insert into STATION values (778, '.', 245, 269303.17, 4169170.59, 493.36);
insert into STATION values (779, '.', 245, 269299.49, 4169165.43, 494.62);
insert into STATION values (780, '.', 245, 269296.69, 4169161.28, 491.09);
insert into STATION values (781, '.', 245, 269300.86, 4169160.89, 488.91);
insert into STATION values (782, 'B73', 245, 269294.78, 4169172.15, 489.91);
insert into STATION values (783, '.', 245, 269293.11, 4169172.35, 490.21);
insert into STATION values (784, '.', 245, 269293.29, 4169179.26, 488.04);
insert into STATION values (785, '.', 245, 269299.10, 4169184.42, 490.68);
insert into STATION values (786, '.', 245, 269296.60, 4169177.09, 491.71);
insert into STATION values (787, '.', 245, 269295.94, 4169175.60, 493.27);
insert into STATION values (788, '.', 245, 269292.68, 4169188.05, 489.85);
insert into STATION values (789, '.', 245, 269286.08, 4169199.22, 490.90);
insert into STATION values (790, '.', 245, 269287.85, 4169188.55, 487.12);
insert into STATION values (791, '.', 245, 269284.63, 4169181.65, 490.12);
insert into STATION values (792, '.', 245, 269278.28, 4169181.63, 491.57);
insert into STATION values (793, '.', 245, 269290.50, 4169175.03, 491.77);
insert into STATION values (794, '.', 245, 269309.34, 4169163.93, 494.20);
insert into STATION values (795, '.', 245, 269311.41, 4169170.97, 492.64);
insert into STATION values (796, '.', 245, 269299.92, 4169172.83, 492.53);
insert into STATION values (797, '.', 245, 269310.91, 4169179.44, 491.86);
insert into STATION values (798, '.', 245, 269307.38, 4169174.22, 489.55);
insert into STATION values (799, '.', 245, 269297.96, 4169172.23, 488.42);
insert into STATION values (800, '48', 245, 269317.97, 4169175.13, 493.61);
insert into STATION values (801, '.', 245, 269313.77, 4169164.17, 494.04);
insert into STATION values (802, '.', 245, 269317.59, 4169173.95, 492.77);
insert into STATION values (803, '.', 245, 269316.89, 4169174.85, 495.68);
insert into STATION values (804, '.', 245, 269319.40, 4169177.41, 497.44);
insert into STATION values (805, '.', 245, 269323.93, 4169177.40, 494.69);
insert into STATION values (806, '.', 245, 269325.65, 4169174.96, 492.58);
insert into STATION values (807, '.', 245, 269325.02, 4169174.32, 494.87);
insert into STATION values (808, '.', 245, 269330.07, 4169175.50, 496.69);
insert into STATION values (809, '.', 245, 269321.40, 4169176.64, 497.42);
insert into STATION values (810, '49', 245, 269330.83, 4169174.51, 495.76);
insert into STATION values (811, '.', 245, 269330.74, 4169173.31, 495.86);
insert into STATION values (812, '.', 245, 269331.59, 4169172.99, 495.99);
insert into STATION values (813, '.', 245, 269331.68, 4169174.51, 498.08);
insert into STATION values (814, '.', 245, 269331.92, 4169176.25, 496.13);
insert into STATION values (815, '.', 245, 269330.90, 4169174.21, 495.09);
insert into STATION values (816, '.', 245, 269331.49, 4169173.97, 497.69);
insert into STATION values (817, '.', 245, 269332.44, 4169173.28, 496.07);
insert into STATION values (818, '.', 245, 269332.89, 4169173.03, 494.99);
insert into STATION values (819, '.', 245, 269328.63, 4169176.23, 494.94);
insert into STATION values (820, '.', 245, 269327.96, 4169174.06, 495.19);
insert into STATION values (821, '.', 245, 269328.46, 4169174.89, 496.47);
insert into STATION values (822, '50', 245, 269338.34, 4169168.23, 493.70);
insert into STATION values (823, 'B72', 245, 269287.86, 4169189.54, 488.41);
insert into STATION values (824, '.', 245, 269293.82, 4169188.38, 489.65);
insert into STATION values (825, '.', 245, 269279.10, 4169185.10, 490.09);
insert into STATION values (826, '.', 245, 269285.25, 4169184.15, 488.76);
insert into STATION values (827, '.', 245, 269288.87, 4169184.98, 486.98);
insert into STATION values (828, '.', 245, 269288.74, 4169187.90, 491.78);
insert into STATION values (829, '.', 245, 269293.07, 4169195.20, 490.02);
insert into STATION values (830, '.', 245, 269288.64, 4169200.21, 494.66);
insert into STATION values (831, '.', 245, 269287.47, 4169197.45, 499.47);
insert into STATION values (832, '.', 245, 269287.89, 4169190.26, 492.31);
insert into STATION values (833, '.', 245, 269280.53, 4169199.85, 493.27);
insert into STATION values (834, '.', 245, 269268.94, 4169205.46, 491.49);
insert into STATION values (835, '.', 245, 269261.39, 4169202.21, 490.31);
insert into STATION values (836, '.', 245, 269273.41, 4169196.33, 495.06);
insert into STATION values (837, '.', 245, 269276.48, 4169195.14, 486.77);
insert into STATION values (838, '.', 245, 269263.76, 4169177.15, 486.61);
insert into STATION values (839, '52', 245, 269302.54, 4169193.10, 489.44);
insert into STATION values (840, '.', 245, 269302.71, 4169193.22, 487.93);
insert into STATION values (841, '.', 245, 269302.65, 4169192.38, 490.38);
insert into STATION values (842, '.', 245, 269300.60, 4169187.73, 489.27);
insert into STATION values (843, '.', 245, 269306.80, 4169184.29, 491.49);
insert into STATION values (844, '.', 245, 269311.31, 4169184.86, 493.03);
insert into STATION values (845, '.', 245, 269311.73, 4169189.32, 491.50);
insert into STATION values (846, '.', 245, 269301.90, 4169189.31, 488.17);
insert into STATION values (847, '.', 245, 269298.87, 4169189.12, 488.42);
insert into STATION values (848, 'B71b', 245, 269307.42, 4169188.31, 490.44);
insert into STATION values (849, '.', 245, 269305.99, 4169183.78, 491.87);
insert into STATION values (850, '.', 245, 269312.56, 4169186.96, 491.82);
insert into STATION values (851, '.', 245, 269309.63, 4169193.93, 489.94);
insert into STATION values (852, '.', 245, 269303.23, 4169193.40, 489.10);
insert into STATION values (853, '.', 245, 269300.62, 4169188.32, 489.40);
insert into STATION values (854, '.', 245, 269302.72, 4169190.53, 487.77);
insert into STATION values (855, '.', 245, 269303.99, 4169189.64, 494.78);
insert into STATION values (856, '.', 245, 269308.53, 4169188.55, 495.91);
insert into STATION values (857, '54', 245, 269320.07, 4169188.67, 500.12);
insert into STATION values (858, '55', 245, 269303.91, 4169179.53, 497.18);
insert into STATION values (859, '56', 245, 269266.41, 4169188.02, 486.55);
insert into STATION values (860, '.', 245, 269261.46, 4169191.48, 487.71);
insert into STATION values (861, '.', 245, 269264.62, 4169188.46, 484.81);
insert into STATION values (862, '.', 245, 269266.12, 4169187.61, 488.71);
insert into STATION values (863, '.', 245, 269265.78, 4169176.25, 486.72);
insert into STATION values (864, '.', 245, 269276.59, 4169176.64, 488.08);
insert into STATION values (865, '.', 245, 269276.78, 4169183.12, 487.72);
insert into STATION values (866, '.', 245, 269272.23, 4169187.23, 486.96);
insert into STATION values (867, '.', 245, 269261.67, 4169193.11, 488.03);
insert into STATION values (868, '.', 245, 269257.30, 4169192.76, 488.37);
insert into STATION values (869, '.', 245, 269257.71, 4169185.59, 486.81);
insert into STATION values (870, '.', 245, 269259.58, 4169187.46, 485.42);
insert into STATION values (871, '57', 245, 269250.71, 4169150.99, 480.83);
insert into STATION values (872, '58', 245, 269255.22, 4169190.47, 487.47);
insert into STATION values (873, '.', 245, 269256.64, 4169192.80, 488.32);
insert into STATION values (874, '.', 245, 269255.30, 4169190.84, 490.42);
insert into STATION values (875, '.', 245, 269250.21, 4169185.19, 490.47);
insert into STATION values (876, '.', 245, 269253.38, 4169188.66, 486.15);
insert into STATION values (877, '.', 245, 269250.39, 4169189.56, 485.67);
insert into STATION values (878, '.', 245, 269244.26, 4169190.12, 485.83);
insert into STATION values (879, '.', 245, 269245.80, 4169190.14, 489.47);
insert into STATION values (880, '.', 245, 269248.63, 4169187.95, 488.39);
insert into STATION values (881, '.', 245, 269251.11, 4169193.00, 488.42);
insert into STATION values (882, '.', 245, 269248.68, 4169192.72, 488.48);
insert into STATION values (883, '.', 245, 269251.31, 4169196.14, 489.06);
insert into STATION values (884, '.', 245, 269252.10, 4169201.40, 490.30);
insert into STATION values (885, '.', 245, 269253.86, 4169193.45, 487.60);
insert into STATION values (886, '.', 245, 269254.43, 4169194.19, 490.45);
insert into STATION values (887, '.', 245, 269255.22, 4169197.50, 490.70);
insert into STATION values (888, '.', 245, 269256.60, 4169195.50, 489.61);
insert into STATION values (889, '.', 245, 269256.41, 4169192.73, 489.03);
insert into STATION values (890, '59', 245, 269252.80, 4169199.48, 489.36);
insert into STATION values (891, '.', 245, 269251.72, 4169200.22, 489.84);
insert into STATION values (892, '.', 245, 269255.27, 4169199.97, 492.87);
insert into STATION values (893, '.', 245, 269256.78, 4169197.35, 490.21);
insert into STATION values (894, '.', 245, 269256.65, 4169195.49, 489.81);
insert into STATION values (895, '.', 245, 269255.65, 4169199.65, 488.29);
insert into STATION values (896, '.', 245, 269259.17, 4169204.53, 489.73);
insert into STATION values (897, '.', 245, 269256.31, 4169208.04, 490.42);
insert into STATION values (898, '.', 245, 269253.63, 4169207.54, 490.24);
insert into STATION values (899, '.', 245, 269258.08, 4169202.48, 489.49);
insert into STATION values (900, '.', 245, 269260.73, 4169202.19, 489.49);
insert into STATION values (901, '.', 245, 269263.47, 4169198.21, 489.59);
insert into STATION values (902, '.', 245, 269257.00, 4169200.31, 488.68);
insert into STATION values (903, '60', 245, 269265.56, 4169201.82, 488.76);
insert into STATION values (904, '.', 245, 269265.83, 4169204.28, 490.20);
insert into STATION values (905, '.', 245, 269268.94, 4169199.35, 491.11);
insert into STATION values (906, '.', 245, 269268.21, 4169194.99, 489.06);
insert into STATION values (907, '.', 245, 269273.68, 4169203.68, 491.15);
insert into STATION values (908, '.', 245, 269277.90, 4169200.31, 492.52);
insert into STATION values (909, '.', 245, 269272.63, 4169187.45, 487.28);
insert into STATION values (910, '61', 245, 269266.65, 4169187.91, 486.43);
insert into STATION values (911, '62', 245, 269276.60, 4169173.13, 487.00);
insert into STATION values (912, '64', 245, 269284.91, 4169203.41, 494.64);
insert into STATION values (913, '.', 245, 269282.73, 4169204.06, 495.73);
insert into STATION values (914, '.', 245, 269283.84, 4169205.01, 502.48);
insert into STATION values (915, '.', 245, 269275.15, 4169212.56, 497.02);
insert into STATION values (916, '.', 245, 269280.17, 4169221.19, 502.37);
insert into STATION values (917, '.', 245, 269273.65, 4169223.37, 497.53);
insert into STATION values (918, '.', 245, 269290.45, 4169205.82, 495.58);
insert into STATION values (919, '.', 245, 269286.35, 4169204.46, 494.12);
insert into STATION values (920, '.', 245, 269287.16, 4169215.98, 497.26);
insert into STATION values (921, '.', 245, 269296.53, 4169214.29, 500.31);
insert into STATION values (922, '.', 245, 269287.19, 4169215.77, 501.92);
insert into STATION values (923, 'B3', 245, 269293.03, 4169213.07, 499.64);
insert into STATION values (924, '.', 245, 269295.82, 4169222.07, 500.74);
insert into STATION values (925, '.', 245, 269291.29, 4169213.98, 504.27);
insert into STATION values (926, '.', 245, 269290.42, 4169214.30, 497.95);
insert into STATION values (927, '.', 245, 269287.26, 4169213.09, 495.94);
insert into STATION values (928, '.', 245, 269275.11, 4169214.22, 496.01);
insert into STATION values (929, '.', 245, 269266.41, 4169206.71, 495.69);
insert into STATION values (930, '.', 245, 269266.82, 4169219.16, 499.12);
insert into STATION values (931, '.', 245, 269281.47, 4169223.88, 502.51);
insert into STATION values (932, '.', 245, 269277.87, 4169232.60, 501.45);
insert into STATION values (933, '.', 245, 269300.11, 4169211.33, 503.89);
insert into STATION values (934, '.', 245, 269298.06, 4169212.07, 500.99);
insert into STATION values (935, '.', 245, 269305.07, 4169212.08, 504.05);
insert into STATION values (936, '.', 245, 269309.26, 4169211.60, 507.30);
insert into STATION values (937, '.', 245, 269312.65, 4169211.39, 513.27);
insert into STATION values (938, '.', 245, 269304.79, 4169210.96, 518.45);
insert into STATION values (939, '.', 245, 269293.42, 4169213.19, 503.21);
insert into STATION values (940, '.', 245, 269299.20, 4169211.11, 506.08);
insert into STATION values (941, '.', 245, 269297.47, 4169213.17, 503.87);
insert into STATION values (942, '66', 245, 269305.70, 4169211.79, 521.43);
insert into STATION values (943, '67', 245, 269315.50, 4169210.99, 515.55);
insert into STATION values (944, '67b', 245, 269315.50, 4169210.99, 540.55);
insert into STATION values (945, '68', 245, 269286.87, 4169219.36, 499.08);
insert into STATION values (946, '.', 245, 269295.37, 4169238.49, 501.80);
insert into STATION values (947, '.', 245, 269287.90, 4169236.81, 502.48);
insert into STATION values (948, '.', 245, 269286.86, 4169221.95, 501.96);
insert into STATION values (949, '.', 245, 269277.30, 4169232.23, 501.71);
insert into STATION values (950, '.', 245, 269265.00, 4169221.92, 499.77);
insert into STATION values (951, '.', 245, 269287.00, 4169219.32, 497.85);
insert into STATION values (952, '.', 245, 269288.96, 4169202.36, 495.25);
insert into STATION values (953, '.', 245, 269289.86, 4169212.08, 502.39);
insert into STATION values (954, '.', 245, 269273.09, 4169205.86, 495.58);
insert into STATION values (955, '.', 245, 269275.02, 4169207.91, 491.01);
insert into STATION values (956, '.', 245, 269271.16, 4169219.30, 494.01);
insert into STATION values (957, '.', 245, 269295.57, 4169221.83, 497.92);
insert into STATION values (958, '.', 245, 269297.85, 4169222.47, 497.60);
insert into STATION values (959, '69', 245, 269295.54, 4169221.82, 497.91);
insert into STATION values (960, '.', 245, 269295.84, 4169221.62, 499.21);
insert into STATION values (961, '.', 245, 269299.28, 4169223.31, 497.44);
insert into STATION values (962, '.', 245, 269299.44, 4169221.62, 497.01);
insert into STATION values (963, '.', 245, 269300.02, 4169215.47, 500.79);
insert into STATION values (964, '.', 245, 269295.59, 4169217.49, 498.70);
insert into STATION values (965, '.', 245, 269294.25, 4169223.97, 498.00);
insert into STATION values (966, '.', 245, 269289.08, 4169206.74, 499.20);
insert into STATION values (967, '70', 245, 269300.98, 4169222.76, 496.68);
insert into STATION values (968, '.', 245, 269305.16, 4169224.64, 494.19);
insert into STATION values (969, '.', 245, 269300.98, 4169224.67, 495.90);
insert into STATION values (970, '.', 245, 269301.12, 4169222.71, 497.03);
insert into STATION values (971, '.', 245, 269301.24, 4169221.61, 496.63);
insert into STATION values (972, '.', 245, 269301.15, 4169221.76, 495.50);
insert into STATION values (973, '.', 245, 269303.37, 4169222.64, 494.76);
insert into STATION values (974, '.', 245, 269304.94, 4169223.43, 495.85);
insert into STATION values (975, '.', 245, 269299.99, 4169222.01, 496.82);
insert into STATION values (976, '.', 245, 269299.95, 4169223.37, 496.92);
insert into STATION values (977, '71', 245, 269305.19, 4169224.67, 494.22);
insert into STATION values (978, '.', 245, 269305.74, 4169224.38, 494.54);
insert into STATION values (979, '.', 245, 269304.27, 4169225.23, 494.80);
insert into STATION values (980, '.', 245, 269307.09, 4169226.79, 496.57);
insert into STATION values (981, '.', 245, 269305.56, 4169225.77, 494.33);
insert into STATION values (982, '72', 245, 269305.37, 4169227.84, 495.60);
insert into STATION values (983, '.', 245, 269304.32, 4169225.69, 495.46);
insert into STATION values (984, '.', 245, 269305.49, 4169228.47, 495.87);
insert into STATION values (985, '.', 245, 269305.26, 4169227.17, 494.76);
insert into STATION values (986, '.', 245, 269306.05, 4169224.99, 494.67);
insert into STATION values (987, '.', 245, 269302.57, 4169226.60, 495.35);
insert into STATION values (988, '.', 245, 269299.52, 4169226.68, 496.40);
insert into STATION values (989, '.', 245, 269300.13, 4169225.89, 497.96);
insert into STATION values (990, '.', 245, 269303.42, 4169227.54, 497.37);
insert into STATION values (991, '.', 245, 269303.10, 4169227.87, 496.63);
insert into STATION values (992, '.', 245, 269301.71, 4169225.59, 497.11);
insert into STATION values (993, '.', 245, 269307.60, 4169227.47, 495.56);
insert into STATION values (994, '.', 245, 269307.54, 4169226.58, 494.65);
insert into STATION values (995, '.', 245, 269309.51, 4169225.59, 496.15);
insert into STATION values (996, '73', 245, 269297.81, 4169226.02, 498.50);
insert into STATION values (997, '74', 245, 269310.10, 4169226.60, 493.73);
insert into STATION values (998, 'B00', 821, 269303.00, 4169342.50, 508.17);
insert into STATION values (999, '.', 821, 269319.68, 4169364.26, 510.08);
insert into STATION values (1000, '.', 821, 269302.77, 4169343.61, 513.19);
insert into STATION values (1001, '.', 821, 269303.17, 4169342.58, 507.32);
insert into STATION values (1002, '1', 821, 269295.89, 4169351.08, 510.22);
insert into STATION values (1003, '.', 821, 269294.43, 4169348.25, 511.55);
insert into STATION values (1004, '.', 821, 269296.56, 4169353.88, 510.39);
insert into STATION values (1005, '.', 821, 269295.77, 4169351.31, 514.06);
insert into STATION values (1006, '.', 821, 269295.90, 4169351.21, 509.67);
insert into STATION values (1007, '2', 821, 269292.58, 4169354.28, 512.48);
insert into STATION values (1008, '.', 821, 269290.56, 4169351.33, 512.82);
insert into STATION values (1009, '.', 821, 269295.65, 4169355.53, 513.15);
insert into STATION values (1010, '.', 821, 269292.39, 4169354.18, 514.27);
insert into STATION values (1011, '.', 821, 269292.73, 4169354.62, 511.49);
insert into STATION values (1012, '3', 821, 269286.39, 4169356.74, 514.93);
insert into STATION values (1013, '.', 821, 269282.40, 4169349.17, 516.16);
insert into STATION values (1014, '.', 821, 269292.51, 4169360.10, 516.75);
insert into STATION values (1015, '.', 821, 269284.21, 4169356.22, 524.88);
insert into STATION values (1016, '.', 821, 269286.17, 4169356.77, 513.95);
insert into STATION values (1017, '4', 821, 269289.01, 4169385.25, 516.66);
insert into STATION values (1018, '.', 821, 269255.40, 4169371.92, 523.43);
insert into STATION values (1019, '.', 821, 269302.38, 4169383.11, 514.44);
insert into STATION values (1020, '.', 821, 269288.55, 4169386.24, 519.93);
insert into STATION values (1021, '.', 821, 269288.99, 4169385.30, 515.82);
insert into STATION values (1022, '5', 821, 269290.38, 4169401.07, 516.88);
insert into STATION values (1023, '.', 821, 269248.51, 4169403.32, 525.34);
insert into STATION values (1024, '.', 821, 269299.02, 4169402.15, 514.47);
insert into STATION values (1025, '.', 821, 269290.27, 4169401.38, 520.32);
insert into STATION values (1026, '.', 821, 269290.49, 4169401.21, 515.45);
insert into STATION values (1027, '6', 821, 269291.11, 4169427.69, 514.91);
insert into STATION values (1028, '.', 821, 269261.11, 4169442.38, 523.93);
insert into STATION values (1029, '.', 821, 269298.42, 4169424.47, 515.03);
insert into STATION values (1030, '.', 821, 269287.54, 4169428.71, 527.14);
insert into STATION values (1031, '.', 821, 269291.11, 4169427.52, 514.02);
insert into STATION values (1032, '7', 821, 269309.35, 4169449.52, 511.81);
insert into STATION values (1033, '.', 821, 269316.36, 4169434.91, 511.10);
insert into STATION values (1034, '.', 821, 269309.48, 4169450.09, 521.05);
insert into STATION values (1035, '.', 821, 269309.40, 4169449.39, 511.33);
insert into STATION values (1036, '8', 821, 269330.01, 4169465.97, 513.07);
insert into STATION values (1037, '.', 821, 269340.52, 4169492.81, 517.17);
insert into STATION values (1038, '.', 821, 269350.04, 4169469.51, 514.96);
insert into STATION values (1039, '.', 821, 269338.52, 4169449.23, 515.35);
insert into STATION values (1040, '.', 821, 269329.46, 4169467.22, 523.05);
insert into STATION values (1041, '.', 821, 269329.38, 4169466.25, 509.52);
insert into STATION values (1042, '.', 821, 269329.58, 4169513.03, 524.89);
insert into STATION values (1043, '.', 821, 269341.77, 4169491.56, 516.98);
insert into STATION values (1044, '.', 821, 269353.18, 4169473.83, 515.26);
insert into STATION values (1045, '.', 821, 269342.98, 4169447.05, 514.31);
insert into STATION values (1046, '9', 821, 269351.04, 4169459.05, 509.19);
insert into STATION values (1047, '9b', 821, 269351.04, 4169459.05, 519.19);
insert into STATION values (1048, '.', 821, 269355.25, 4169465.96, 511.13);
insert into STATION values (1049, '.', 821, 269348.05, 4169448.54, 511.98);
insert into STATION values (1050, '.', 821, 269352.84, 4169459.01, 518.99);
insert into STATION values (1051, '.', 821, 269351.06, 4169459.01, 508.92);
insert into STATION values (1052, '.', 821, 269353.86, 4169467.29, 512.78);
insert into STATION values (1053, '.', 821, 269350.12, 4169448.48, 512.70);
insert into STATION values (1054, '.', 821, 269351.53, 4169458.42, 518.35);
insert into STATION values (1055, '.', 821, 269350.91, 4169458.97, 508.85);
insert into STATION values (1056, '10', 821, 269382.03, 4169451.49, 512.95);
insert into STATION values (1057, '.', 821, 269376.34, 4169474.11, 516.72);
insert into STATION values (1058, '.', 821, 269375.72, 4169440.99, 516.05);
insert into STATION values (1059, '.', 821, 269382.48, 4169451.33, 520.15);
insert into STATION values (1060, '.', 821, 269381.72, 4169451.28, 511.70);
insert into STATION values (1061, '11', 821, 269391.82, 4169464.40, 516.11);
insert into STATION values (1062, '.', 821, 269387.67, 4169473.58, 516.53);
insert into STATION values (1063, '.', 821, 269399.69, 4169458.90, 517.17);
insert into STATION values (1064, '.', 821, 269391.54, 4169464.69, 517.99);
insert into STATION values (1065, '.', 821, 269391.88, 4169464.39, 515.45);
insert into STATION values (1066, '12', 821, 269400.17, 4169468.78, 516.37);
insert into STATION values (1067, '.', 821, 269399.27, 4169472.10, 516.86);
insert into STATION values (1068, '.', 821, 269400.58, 4169467.41, 516.48);
insert into STATION values (1069, '.', 821, 269399.75, 4169469.37, 518.06);
insert into STATION values (1070, '.', 821, 269400.31, 4169468.88, 515.33);
insert into STATION values (1071, '13', 821, 269417.25, 4169481.02, 517.10);
insert into STATION values (1072, '.', 821, 269399.23, 4169483.16, 516.56);
insert into STATION values (1073, '.', 821, 269426.58, 4169486.63, 519.10);
insert into STATION values (1074, '.', 821, 269417.46, 4169481.04, 521.14);
insert into STATION values (1075, '.', 821, 269417.08, 4169480.43, 515.24);
insert into STATION values (1076, '14', 821, 269410.51, 4169499.31, 515.12);
insert into STATION values (1077, '.', 821, 269399.47, 4169499.38, 516.77);
insert into STATION values (1078, '.', 821, 269422.39, 4169499.58, 517.39);
insert into STATION values (1079, '.', 821, 269409.83, 4169499.57, 522.44);
insert into STATION values (1080, '.', 821, 269410.41, 4169499.29, 513.86);
insert into STATION values (1081, '15', 821, 269410.46, 4169525.64, 524.03);
insert into STATION values (1082, '.', 821, 269397.06, 4169513.24, 518.96);
insert into STATION values (1083, '.', 821, 269398.60, 4169524.26, 524.91);
insert into STATION values (1084, '.', 821, 269405.43, 4169531.71, 527.45);
insert into STATION values (1085, '.', 821, 269410.10, 4169531.96, 526.94);
insert into STATION values (1086, '.', 821, 269417.93, 4169529.10, 524.62);
insert into STATION values (1087, '.', 821, 269424.55, 4169516.23, 520.69);
insert into STATION values (1088, '16', 821, 269426.17, 4169475.02, 518.73);
insert into STATION values (1089, '.', 821, 269433.58, 4169478.72, 519.22);
insert into STATION values (1090, '.', 821, 269419.60, 4169471.81, 520.12);
insert into STATION values (1091, '.', 821, 269426.89, 4169474.81, 522.26);
insert into STATION values (1092, '.', 821, 269426.23, 4169475.00, 517.87);
insert into STATION values (1093, '17', 821, 269425.83, 4169452.10, 524.15);
insert into STATION values (1094, '.', 821, 269430.44, 4169460.12, 523.73);
insert into STATION values (1095, '.', 821, 269401.59, 4169452.56, 525.98);
insert into STATION values (1096, '.', 821, 269425.68, 4169452.09, 528.56);
insert into STATION values (1097, '.', 821, 269425.97, 4169452.38, 522.84);
insert into STATION values (1098, '18', 821, 269435.49, 4169437.07, 523.53);
insert into STATION values (1099, '.', 821, 269411.15, 4169435.53, 524.12);
insert into STATION values (1100, '.', 821, 269436.22, 4169419.87, 523.68);
insert into STATION values (1101, '.', 821, 269435.08, 4169437.59, 528.98);
insert into STATION values (1102, '.', 821, 269435.51, 4169437.11, 522.50);
insert into STATION values (1103, '19', 821, 269414.76, 4169437.89, 523.54);
insert into STATION values (1104, '.', 821, 269416.25, 4169423.53, 522.48);
insert into STATION values (1105, '.', 821, 269403.73, 4169453.69, 524.28);
insert into STATION values (1106, '.', 821, 269414.63, 4169438.06, 526.74);
insert into STATION values (1107, '.', 821, 269414.55, 4169438.47, 522.03);
insert into STATION values (1108, '20', 821, 269386.02, 4169434.13, 517.24);
insert into STATION values (1109, '21', 821, 269379.59, 4169446.65, 513.91);
insert into STATION values (1110, '.', 821, 269374.20, 4169443.29, 514.93);
insert into STATION values (1111, '.', 821, 269389.32, 4169455.45, 516.85);
insert into STATION values (1112, '.', 821, 269379.35, 4169447.00, 517.46);
insert into STATION values (1113, '.', 821, 269380.45, 4169447.06, 512.20);
insert into STATION values (1114, '.', 821, 269381.76, 4169451.64, 512.83);
insert into STATION values (1115, '22', 821, 269449.87, 4169428.71, 520.47);
insert into STATION values (1116, '.', 821, 269439.81, 4169456.79, 527.80);
insert into STATION values (1117, '.', 821, 269449.14, 4169422.24, 522.38);
insert into STATION values (1118, '.', 821, 269450.82, 4169429.50, 527.09);
insert into STATION values (1119, '.', 821, 269449.61, 4169428.21, 518.83);
insert into STATION values (1120, '23', 821, 269478.90, 4169429.05, 521.93);
insert into STATION values (1121, '.', 821, 269492.43, 4169461.58, 523.28);
insert into STATION values (1122, '.', 821, 269474.13, 4169406.37, 524.28);
insert into STATION values (1123, '.', 821, 269479.72, 4169430.17, 529.13);
insert into STATION values (1124, '.', 821, 269479.04, 4169428.83, 520.91);
insert into STATION values (1125, '24', 821, 269505.86, 4169424.16, 518.18);
insert into STATION values (1126, '.', 821, 269489.67, 4169448.88, 525.27);
insert into STATION values (1127, '.', 821, 269506.53, 4169414.88, 523.38);
insert into STATION values (1128, '.', 821, 269506.31, 4169426.92, 526.63);
insert into STATION values (1129, '.', 821, 269505.72, 4169423.36, 516.03);
insert into STATION values (1130, 'B80', 821, 269515.48, 4169419.10, 517.99);
insert into STATION values (1131, '.', 821, 269529.81, 4169417.95, 521.15);
insert into STATION values (1132, '.', 821, 269507.73, 4169414.27, 523.03);
insert into STATION values (1133, '.', 821, 269516.40, 4169420.35, 525.96);
insert into STATION values (1134, '.', 821, 269515.54, 4169419.05, 517.54);
insert into STATION values (1135, '25', 821, 269524.81, 4169449.07, 520.85);
insert into STATION values (1136, '.', 821, 269515.69, 4169458.44, 523.48);
insert into STATION values (1137, '.', 821, 269546.95, 4169439.41, 522.79);
insert into STATION values (1138, '.', 821, 269543.64, 4169436.52, 521.44);
insert into STATION values (1139, '.', 821, 269534.64, 4169437.11, 521.20);
insert into STATION values (1140, '.', 821, 269524.38, 4169447.86, 525.63);
insert into STATION values (1141, '.', 821, 269523.71, 4169446.01, 529.29);
insert into STATION values (1142, '.', 821, 269524.39, 4169449.26, 519.28);
insert into STATION values (1143, '26', 821, 269519.47, 4169431.03, 518.17);
insert into STATION values (1144, '.', 821, 269544.14, 4169420.42, 520.28);
insert into STATION values (1145, '27', 821, 269537.23, 4169423.43, 519.59);
insert into STATION values (1146, '.', 821, 269539.39, 4169432.12, 520.14);
insert into STATION values (1147, '.', 821, 269536.54, 4169420.10, 519.43);
insert into STATION values (1148, '.', 821, 269537.12, 4169423.95, 521.82);
insert into STATION values (1149, '.', 821, 269537.46, 4169423.51, 517.74);
insert into STATION values (1150, '28', 821, 269559.52, 4169414.21, 519.97);
insert into STATION values (1151, '.', 821, 269547.89, 4169425.90, 519.65);
insert into STATION values (1152, '.', 821, 269557.02, 4169424.82, 520.66);
insert into STATION values (1153, '.', 821, 269559.40, 4169420.48, 519.67);
insert into STATION values (1154, '.', 821, 269562.82, 4169419.43, 519.95);
insert into STATION values (1155, '.', 821, 269562.75, 4169420.03, 519.81);
insert into STATION values (1156, '.', 821, 269553.45, 4169422.22, 519.25);
insert into STATION values (1157, '.', 821, 269537.13, 4169420.09, 519.83);
insert into STATION values (1158, 'B81', 821, 269534.74, 4169459.47, 519.97);
insert into STATION values (1159, '.', 821, 269520.93, 4169458.41, 522.84);
insert into STATION values (1160, '.', 821, 269539.03, 4169453.67, 522.26);
insert into STATION values (1161, '.', 821, 269533.35, 4169462.44, 531.62);
insert into STATION values (1162, '.', 821, 269534.76, 4169459.51, 519.42);
insert into STATION values (1163, '29', 821, 269524.13, 4169470.59, 521.44);
insert into STATION values (1164, '.', 821, 269521.84, 4169463.92, 524.44);
insert into STATION values (1165, '.', 821, 269532.55, 4169486.29, 528.17);
insert into STATION values (1166, '.', 821, 269522.50, 4169470.84, 527.39);
insert into STATION values (1167, '.', 821, 269524.09, 4169470.60, 520.88);
insert into STATION values (1168, '30', 821, 269508.53, 4169465.09, 522.57);
insert into STATION values (1169, '.', 821, 269508.38, 4169465.59, 522.54);
insert into STATION values (1170, '29b', 821, 269523.18, 4169467.37, 539.56);
insert into STATION values (1171, '29c', 821, 269523.42, 4169471.76, 542.62);
insert into STATION values (1172, '.', 821, 269509.48, 4169469.59, 522.96);
insert into STATION values (1173, '.', 821, 269507.99, 4169467.15, 524.80);
insert into STATION values (1174, '.', 821, 269507.58, 4169467.36, 520.85);
insert into STATION values (1175, '31', 821, 269500.68, 4169469.64, 521.55);
insert into STATION values (1176, '.', 821, 269497.62, 4169466.67, 522.00);
insert into STATION values (1177, '.', 821, 269502.06, 4169472.46, 522.82);
insert into STATION values (1178, '.', 821, 269500.33, 4169469.93, 524.72);
insert into STATION values (1179, '.', 821, 269500.79, 4169469.75, 520.92);
insert into STATION values (1180, '.', 821, 269491.01, 4169475.28, 520.30);
insert into STATION values (1181, '32', 821, 269497.14, 4169472.95, 522.28);
insert into STATION values (1182, '.', 821, 269495.92, 4169471.42, 522.59);
insert into STATION values (1183, '.', 821, 269498.06, 4169473.76, 522.03);
insert into STATION values (1184, '.', 821, 269496.84, 4169473.00, 522.90);
insert into STATION values (1185, '.', 821, 269496.93, 4169473.05, 521.49);
insert into STATION values (1186, '33', 821, 269490.27, 4169481.80, 519.82);
insert into STATION values (1187, '34', 821, 269512.98, 4169470.14, 523.47);
insert into STATION values (1188, '.', 821, 269478.80, 4169481.21, 521.49);
insert into STATION values (1189, '.', 821, 269509.68, 4169468.22, 524.37);
insert into STATION values (1190, '.', 821, 269525.16, 4169476.01, 525.32);
insert into STATION values (1191, '.', 821, 269512.80, 4169470.70, 526.85);
insert into STATION values (1192, '.', 821, 269513.01, 4169470.39, 522.23);
insert into STATION values (1193, '35', 821, 269514.93, 4169483.67, 522.37);
insert into STATION values (1194, '.', 821, 269501.85, 4169473.34, 523.45);
insert into STATION values (1195, '.', 821, 269490.57, 4169476.35, 523.48);
insert into STATION values (1196, '.', 821, 269484.40, 4169480.88, 522.53);
insert into STATION values (1197, '.', 821, 269489.98, 4169485.84, 522.98);
insert into STATION values (1198, '.', 821, 269500.08, 4169488.77, 523.55);
insert into STATION values (1199, '.', 821, 269527.69, 4169476.57, 525.47);
insert into STATION values (1200, '.', 821, 269529.64, 4169487.73, 526.23);
insert into STATION values (1201, '.', 821, 269533.07, 4169479.62, 529.21);
insert into STATION values (1202, '.', 821, 269529.42, 4169480.96, 536.71);
insert into STATION values (1203, '.', 821, 269515.00, 4169483.34, 529.25);
insert into STATION values (1204, '.', 821, 269507.58, 4169486.95, 528.37);
insert into STATION values (1205, '.', 821, 269514.53, 4169483.59, 521.04);
insert into STATION values (1206, '36', 821, 269526.99, 4169507.24, 525.43);
insert into STATION values (1207, '.', 821, 269515.48, 4169507.43, 526.78);
insert into STATION values (1208, '.', 821, 269532.93, 4169501.63, 525.83);
insert into STATION values (1209, '.', 821, 269542.19, 4169497.63, 522.74);
insert into STATION values (1210, '36b', 821, 269533.47, 4169514.39, 546.13);
insert into STATION values (1211, '.', 821, 269529.45, 4169512.27, 521.61);
insert into STATION values (1212, 'B82', 821, 269541.04, 4169520.72, 527.13);
insert into STATION values (1213, '.', 821, 269510.78, 4169512.09, 528.45);
insert into STATION values (1214, '.', 821, 269545.47, 4169524.69, 528.20);
insert into STATION values (1215, '.', 821, 269539.43, 4169520.77, 524.51);
insert into STATION values (1216, '.', 821, 269542.60, 4169523.90, 527.06);
insert into STATION values (1217, '37', 821, 269518.28, 4169535.04, 529.91);
insert into STATION values (1218, '.', 821, 269512.27, 4169534.41, 523.86);
insert into STATION values (1219, '.', 821, 269493.40, 4169531.00, 524.55);
insert into STATION values (1220, '.', 821, 269511.69, 4169533.05, 535.77);
insert into STATION values (1221, '.', 821, 269505.81, 4169537.28, 539.50);
insert into STATION values (1222, '.', 821, 269512.16, 4169524.47, 542.97);
insert into STATION values (1223, '.', 821, 269518.08, 4169535.06, 538.07);
insert into STATION values (1224, '.', 821, 269521.93, 4169542.87, 529.06);
insert into STATION values (1225, '.', 821, 269521.55, 4169542.36, 536.65);
insert into STATION values (1226, '.', 821, 269518.48, 4169535.17, 528.89);
insert into STATION values (1227, '38', 821, 269466.00, 4169565.20, 552.24);
insert into STATION values (1228, '.', 821, 269466.63, 4169556.43, 551.02);
insert into STATION values (1229, '.', 821, 269509.37, 4169570.16, 545.01);
insert into STATION values (1230, '.', 821, 269495.60, 4169582.38, 546.82);
insert into STATION values (1231, '.', 821, 269496.38, 4169577.18, 547.30);
insert into STATION values (1232, '.', 821, 269501.32, 4169576.15, 546.91);
insert into STATION values (1233, '.', 821, 269496.07, 4169585.05, 546.92);
insert into STATION values (1234, '.', 821, 269494.62, 4169586.17, 546.74);
insert into STATION values (1235, '.', 821, 269480.36, 4169579.83, 549.72);
insert into STATION values (1236, '.', 821, 269467.92, 4169570.30, 565.06);
insert into STATION values (1237, '.', 821, 269466.05, 4169564.70, 549.65);
insert into STATION values (1238, '39', 821, 269436.90, 4169573.10, 568.40);
insert into STATION values (1239, '.', 821, 269439.78, 4169557.76, 558.73);
insert into STATION values (1240, '.', 821, 269438.54, 4169564.61, 567.66);
insert into STATION values (1241, '.', 821, 269436.40, 4169573.30, 574.37);
insert into STATION values (1242, '.', 821, 269432.48, 4169581.74, 572.21);
insert into STATION values (1243, '.', 821, 269439.61, 4169583.74, 563.79);
insert into STATION values (1244, '40', 821, 269425.63, 4169574.42, 574.31);
insert into STATION values (1245, '41', 821, 269562.48, 4169520.91, 529.65);
insert into STATION values (1246, '.', 821, 269562.04, 4169524.07, 526.64);
insert into STATION values (1247, '.', 821, 269560.98, 4169527.97, 530.82);
insert into STATION values (1248, '.', 821, 269561.56, 4169525.22, 534.81);
insert into STATION values (1249, '.', 821, 269564.05, 4169520.68, 534.40);
insert into STATION values (1250, '.', 821, 269563.95, 4169517.23, 530.25);
insert into STATION values (1251, '.', 821, 269562.77, 4169519.59, 528.46);
insert into STATION values (1252, '42', 821, 269570.88, 4169527.67, 528.27);
insert into STATION values (1253, '43', 821, 269581.51, 4169540.21, 527.44);
insert into STATION values (1254, '.', 821, 269569.25, 4169531.09, 528.91);
insert into STATION values (1255, '.', 821, 269570.94, 4169529.58, 533.78);
insert into STATION values (1256, '.', 821, 269574.75, 4169523.94, 536.93);
insert into STATION values (1257, '.', 821, 269579.44, 4169521.20, 529.44);
insert into STATION values (1258, '.', 821, 269575.83, 4169523.99, 526.22);
insert into STATION values (1259, '.', 821, 269571.79, 4169547.45, 525.52);
insert into STATION values (1260, '.', 821, 269582.40, 4169540.69, 534.09);
insert into STATION values (1261, '.', 821, 269589.72, 4169534.23, 528.90);
insert into STATION values (1262, '.', 821, 269581.56, 4169540.08, 526.72);
insert into STATION values (1263, '44', 821, 269607.52, 4169545.09, 540.52);
insert into STATION values (1264, '.', 821, 269593.43, 4169555.06, 538.83);
insert into STATION values (1265, '.', 821, 269607.44, 4169545.30, 546.24);
insert into STATION values (1266, '.', 821, 269617.99, 4169540.04, 539.57);
insert into STATION values (1267, '.', 821, 269615.01, 4169540.29, 547.35);
insert into STATION values (1268, '45', 821, 269609.69, 4169556.27, 545.85);
insert into STATION values (1269, '.', 821, 269602.55, 4169562.81, 545.67);
insert into STATION values (1270, '.', 821, 269608.39, 4169557.26, 546.69);
insert into STATION values (1271, '.', 821, 269609.92, 4169556.01, 547.13);
insert into STATION values (1272, '.', 821, 269614.57, 4169552.21, 546.33);
insert into STATION values (1273, '46', 821, 269610.36, 4169559.72, 547.27);
insert into STATION values (1274, '.', 821, 269606.94, 4169561.91, 547.49);
insert into STATION values (1275, '.', 821, 269609.86, 4169560.12, 550.20);
insert into STATION values (1276, '.', 821, 269612.82, 4169561.55, 554.25);
insert into STATION values (1277, '.', 821, 269616.84, 4169555.45, 550.35);
insert into STATION values (1278, '.', 821, 269610.83, 4169559.38, 546.62);
insert into STATION values (1279, '47', 821, 269607.53, 4169545.03, 539.29);
insert into STATION values (1280, '48', 821, 269616.20, 4169540.19, 535.78);
insert into STATION values (1281, '.', 821, 269623.78, 4169546.36, 538.97);
insert into STATION values (1282, '.', 821, 269618.79, 4169541.05, 535.83);
insert into STATION values (1283, '.', 821, 269617.06, 4169541.62, 539.63);
insert into STATION values (1284, '.', 821, 269615.76, 4169539.56, 544.57);
insert into STATION values (1285, '.', 821, 269612.11, 4169536.14, 537.10);
insert into STATION values (1286, '.', 821, 269610.27, 4169533.69, 531.02);
insert into STATION values (1287, '.', 821, 269615.01, 4169538.17, 533.02);
insert into STATION values (1288, '49', 821, 269623.85, 4169527.95, 527.94);
insert into STATION values (1289, '50', 821, 269567.37, 4169518.62, 527.60);
insert into STATION values (1290, '.', 821, 269569.43, 4169519.08, 528.65);
insert into STATION values (1291, '.', 821, 269567.88, 4169517.69, 531.81);
insert into STATION values (1292, '.', 821, 269562.09, 4169514.47, 533.34);
insert into STATION values (1293, '.', 821, 269560.83, 4169514.06, 529.99);
insert into STATION values (1294, '.', 821, 269566.50, 4169517.95, 526.57);
insert into STATION values (1295, '51', 821, 269564.43, 4169496.70, 526.89);
insert into STATION values (1296, '.', 821, 269571.93, 4169499.96, 527.75);
insert into STATION values (1297, '.', 821, 269579.34, 4169498.53, 528.13);
insert into STATION values (1298, '.', 821, 269584.12, 4169495.22, 528.31);
insert into STATION values (1299, '.', 821, 269585.55, 4169492.45, 527.42);
insert into STATION values (1300, '.', 821, 269573.52, 4169491.62, 527.24);
insert into STATION values (1301, '.', 821, 269559.47, 4169497.74, 528.20);
insert into STATION values (1302, '.', 821, 269564.58, 4169496.59, 530.56);
insert into STATION values (1303, '.', 821, 269564.43, 4169496.65, 525.61);
insert into STATION values (1304, '52', 821, 269567.34, 4169491.16, 527.69);
insert into STATION values (1305, '.', 821, 269576.43, 4169489.92, 527.69);
insert into STATION values (1306, '.', 821, 269580.52, 4169486.08, 529.86);
insert into STATION values (1307, '.', 821, 269580.83, 4169483.91, 529.95);
insert into STATION values (1308, '.', 821, 269576.82, 4169483.46, 528.78);
insert into STATION values (1309, '.', 821, 269572.72, 4169481.98, 528.31);
insert into STATION values (1310, '.', 821, 269558.79, 4169497.02, 527.42);
insert into STATION values (1311, '.', 821, 269559.47, 4169493.39, 529.34);
insert into STATION values (1312, '.', 821, 269566.30, 4169491.55, 531.03);
insert into STATION values (1313, '.', 821, 269566.69, 4169491.15, 526.51);
insert into STATION values (1314, '.', 821, 269554.97, 4169487.84, 527.49);
insert into STATION values (1315, '53', 821, 269559.28, 4169489.30, 527.71);
insert into STATION values (1316, '.', 821, 269551.03, 4169486.96, 527.77);
insert into STATION values (1317, '.', 821, 269568.12, 4169482.00, 532.07);
insert into STATION values (1318, '.', 821, 269562.02, 4169485.92, 532.00);
insert into STATION values (1319, '.', 821, 269557.90, 4169490.25, 527.93);
insert into STATION values (1320, '.', 821, 269559.07, 4169489.03, 530.19);
insert into STATION values (1321, '.', 821, 269559.27, 4169489.30, 527.33);
insert into STATION values (1322, '54', 821, 269559.97, 4169482.35, 529.64);
insert into STATION values (1323, '54b', 821, 269559.97, 4169482.35, 554.64);
insert into STATION values (1324, '.', 821, 269556.70, 4169482.75, 529.46);
insert into STATION values (1325, '.', 821, 269567.48, 4169482.01, 530.37);
insert into STATION values (1326, '.', 821, 269564.63, 4169476.32, 530.18);
insert into STATION values (1327, '.', 821, 269551.71, 4169488.21, 529.13);
insert into STATION values (1328, '.', 821, 269555.70, 4169486.18, 526.04);
insert into STATION values (1329, '.', 821, 269560.11, 4169482.48, 527.79);
insert into STATION values (1330, '.', 821, 269556.74, 4169482.88, 534.58);
insert into STATION values (1331, '.', 821, 269567.93, 4169480.76, 535.14);
insert into STATION values (1332, '.', 821, 269566.29, 4169483.97, 541.56);
insert into STATION values (1333, '.', 821, 269559.43, 4169484.80, 539.20);
insert into STATION values (1334, '.', 821, 269562.17, 4169489.10, 550.03);
insert into STATION values (1335, '.', 821, 269572.18, 4169487.57, 551.48);
insert into STATION values (1336, '.', 821, 269564.63, 4169487.17, 549.81);
insert into STATION values (1337, '55', 821, 269550.42, 4169482.83, 524.99);
insert into STATION values (1338, '.', 821, 269558.93, 4169474.98, 529.52);
insert into STATION values (1339, '.', 821, 269546.33, 4169483.13, 524.91);
insert into STATION values (1340, '.', 821, 269550.13, 4169482.86, 528.38);
insert into STATION values (1341, '.', 821, 269550.89, 4169482.59, 524.42);
insert into STATION values (1342, '56', 821, 269558.99, 4169463.45, 524.92);
insert into STATION values (1343, '.', 821, 269562.61, 4169461.21, 526.64);
insert into STATION values (1344, '.', 821, 269558.11, 4169464.06, 528.47);
insert into STATION values (1345, '.', 821, 269553.60, 4169468.11, 523.86);
insert into STATION values (1346, '.', 821, 269556.22, 4169466.38, 522.66);
insert into STATION values (1347, '.', 821, 269565.39, 4169467.34, 546.43);
insert into STATION values (1348, '.', 821, 269562.11, 4169456.35, 544.51);
insert into STATION values (1349, '.', 821, 269535.21, 4169463.63, 519.45);
insert into STATION values (1350, '.', 821, 269543.05, 4169458.00, 519.47);
insert into STATION values (1351, '.', 821, 269547.33, 4169464.21, 519.33);
insert into STATION values (1352, '.', 821, 269533.34, 4169451.56, 519.01);
insert into STATION values (1353, '.', 821, 269527.48, 4169457.89, 519.73);
insert into STATION values (1354, '.', 821, 269520.28, 4169465.64, 519.67);
insert into STATION values (1355, '.', 821, 269289.32, 4169348.70, 512.90);
insert into STATION values (1356, '.', 821, 269302.35, 4169342.99, 513.18);
insert into STATION values (1357, '.', 821, 269316.39, 4169351.03, 509.56);
insert into STATION values (1358, '.', 821, 269305.87, 4169344.36, 506.50);
insert into STATION values (1359, '57', 821, 269301.88, 4169364.26, 510.84);
insert into STATION values (1360, '.', 821, 269295.41, 4169366.13, 514.73);
insert into STATION values (1361, '.', 821, 269302.35, 4169364.56, 513.48);
insert into STATION values (1362, '.', 821, 269322.28, 4169359.74, 507.79);
insert into STATION values (1363, '.', 821, 269317.19, 4169360.33, 512.33);
insert into STATION values (1364, '.', 821, 269303.82, 4169363.80, 509.32);
insert into STATION values (1365, '58', 821, 269307.35, 4169379.65, 511.33);
insert into STATION values (1366, '.', 821, 269300.35, 4169380.10, 513.02);
insert into STATION values (1367, '.', 821, 269305.48, 4169386.84, 511.77);
insert into STATION values (1368, '.', 821, 269310.51, 4169390.37, 507.35);
insert into STATION values (1369, '.', 821, 269316.91, 4169383.77, 504.31);
insert into STATION values (1370, '.', 821, 269309.40, 4169379.53, 511.27);
insert into STATION values (1371, '.', 821, 269307.40, 4169379.91, 509.47);
insert into STATION values (1372, '59', 821, 269315.95, 4169355.07, 509.27);
insert into STATION values (1373, '.', 821, 269322.07, 4169355.74, 507.30);
insert into STATION values (1374, '.', 821, 269293.87, 4169354.83, 513.97);
insert into STATION values (1375, '.', 821, 269313.55, 4169355.69, 513.07);
insert into STATION values (1376, '.', 821, 269315.95, 4169354.65, 507.68);
insert into STATION values (1377, '60', 821, 269322.66, 4169350.09, 507.63);
insert into STATION values (1378, '.', 821, 269325.45, 4169352.16, 507.75);
insert into STATION values (1379, '.', 821, 269322.63, 4169348.98, 510.16);
insert into STATION values (1380, '.', 821, 269303.44, 4169326.08, 511.40);
insert into STATION values (1381, '.', 821, 269321.53, 4169348.73, 506.01);
insert into STATION values (1382, '61', 821, 269323.33, 4169337.45, 507.06);
insert into STATION values (1383, '.', 821, 269334.58, 4169346.35, 509.57);
insert into STATION values (1384, '.', 821, 269325.44, 4169338.65, 510.53);
insert into STATION values (1385, '61b', 821, 269331.85, 4169332.64, 525.23);
insert into STATION values (1386, '.', 821, 269320.30, 4169338.32, 512.39);
insert into STATION values (1387, '.', 821, 269278.30, 4169337.28, 510.84);
insert into STATION values (1388, '.', 821, 269320.85, 4169337.32, 504.67);
insert into STATION values (1389, '62', 821, 269334.19, 4169343.41, 508.76);
insert into STATION values (1390, '.', 821, 269335.98, 4169353.88, 508.28);
insert into STATION values (1391, '.', 821, 269334.67, 4169346.21, 509.40);
insert into STATION values (1392, '.', 821, 269334.34, 4169342.85, 509.97);
insert into STATION values (1393, '.', 821, 269331.62, 4169337.30, 509.58);
insert into STATION values (1394, '.', 821, 269307.55, 4169319.83, 510.44);
insert into STATION values (1395, '.', 821, 269334.96, 4169331.61, 510.07);
insert into STATION values (1396, '.', 821, 269334.02, 4169342.15, 507.41);
insert into STATION values (1397, '63', 821, 269346.25, 4169344.01, 508.76);
insert into STATION values (1398, '.', 821, 269340.23, 4169353.85, 508.22);
insert into STATION values (1399, '.', 821, 269342.12, 4169358.67, 511.09);
insert into STATION values (1400, '.', 821, 269345.67, 4169354.59, 510.33);
insert into STATION values (1401, '.', 821, 269348.36, 4169347.08, 509.59);
insert into STATION values (1402, '.', 821, 269346.21, 4169344.06, 507.33);
insert into STATION values (1403, '.', 821, 269346.00, 4169343.85, 509.70);
insert into STATION values (1404, '.', 821, 269344.14, 4169341.22, 509.02);
insert into STATION values (1405, '.', 821, 269345.40, 4169342.77, 507.35);
insert into STATION values (1406, '64', 821, 269348.10, 4169328.96, 508.35);
insert into STATION values (1407, '.', 821, 269357.40, 4169333.65, 508.86);
insert into STATION values (1408, '.', 821, 269357.24, 4169325.24, 509.77);
insert into STATION values (1409, '.', 821, 269358.17, 4169328.53, 510.16);
insert into STATION values (1410, '64b', 821, 269347.33, 4169328.96, 522.51);
insert into STATION values (1411, '.', 821, 269337.80, 4169322.35, 504.93);
insert into STATION values (1412, '.', 821, 269339.33, 4169323.61, 508.61);
insert into STATION values (1413, '.', 821, 269344.88, 4169327.16, 505.37);
insert into STATION values (1414, '65', 821, 269345.98, 4169334.93, 506.85);
insert into STATION values (1415, '66', 821, 269338.22, 4169333.48, 508.07);
insert into STATION values (1416, '.', 821, 269333.49, 4169327.84, 508.74);
insert into STATION values (1417, '.', 821, 269330.12, 4169329.58, 515.51);
insert into STATION values (1418, '.', 821, 269337.02, 4169334.22, 509.58);
insert into STATION values (1419, '.', 821, 269338.98, 4169335.17, 508.88);
insert into STATION values (1420, '.', 821, 269342.34, 4169348.66, 508.15);
insert into STATION values (1421, '67', 821, 269328.94, 4169340.32, 507.84);
insert into STATION values (1422, '.', 821, 269329.01, 4169332.59, 508.74);
insert into STATION values (1423, '.', 821, 269328.70, 4169332.13, 506.55);
insert into STATION values (1424, '.', 821, 269328.01, 4169333.50, 511.46);
insert into STATION values (1425, '.', 821, 269328.92, 4169340.50, 509.47);
insert into STATION values (1426, '.', 821, 269333.13, 4169356.64, 507.37);
insert into STATION values (1427, '68', 821, 269325.29, 4169337.24, 505.82);
insert into STATION values (1428, '69', 821, 269320.67, 4169348.03, 507.32);
insert into STATION values (1429, '70', 821, 269303.07, 4169340.13, 508.62);
insert into STATION values (1430, 'B83', 990, 269333.91, 4169317.34, 499.96);
insert into STATION values (1431, '24', 990, 269313.64, 4169323.80, 502.47);
insert into STATION values (1432, '25.1', 990, 269335.73, 4169324.35, 502.81);
insert into STATION values (1433, '25.2', 990, 269344.73, 4169327.75, 505.34);
insert into STATION values (1434, '25.3', 990, 269352.70, 4169322.71, 506.63);
insert into STATION values (1435, '25.4', 990, 269358.38, 4169313.34, 505.58);
insert into STATION values (1436, '25.5', 990, 269376.67, 4169317.40, 504.80);
insert into STATION values (1437, '25.6', 990, 269400.78, 4169322.95, 504.25);
insert into STATION values (1438, 'B84', 990, 269411.96, 4169320.40, 506.11);
insert into STATION values (1439, '25.8', 990, 269423.93, 4169319.84, 507.80);
insert into STATION values (1440, '25.9', 990, 269440.99, 4169331.91, 508.71);
insert into STATION values (1441, '25.10', 990, 269459.58, 4169348.39, 516.51);
insert into STATION values (1442, 'B85', 990, 269451.33, 4169358.16, 522.16);
insert into STATION values (1443, '25.11.1', 990, 269445.00, 4169355.79, 521.91);
insert into STATION values (1444, '25.11.2', 990, 269439.47, 4169361.09, 521.72);
insert into STATION values (1445, '25.11.3', 990, 269427.42, 4169361.39, 519.80);
insert into STATION values (1446, '25.11.4', 990, 269415.70, 4169372.84, 517.34);
insert into STATION values (1447, '25.11.5', 990, 269403.57, 4169373.99, 520.96);
insert into STATION values (1448, '25.12', 990, 269448.39, 4169367.49, 524.49);
insert into STATION values (1449, '25.13', 990, 269440.46, 4169371.99, 529.11);
insert into STATION values (1450, '25.14', 990, 269429.82, 4169377.92, 525.34);
insert into STATION values (1451, '25.15', 990, 269418.34, 4169389.30, 522.68);
insert into STATION values (1452, 'B86', 990, 269419.38, 4169404.46, 516.58);
insert into STATION values (1453, '25.17', 990, 269435.03, 4169405.40, 517.99);
insert into STATION values (1454, '25.18', 990, 269448.38, 4169413.58, 517.55);
insert into STATION values (1455, '25.19', 990, 269465.78, 4169413.65, 523.45);
insert into STATION values (1456, 'B87', 990, 269481.08, 4169419.21, 521.49);
insert into STATION values (1457, '25.21', 990, 269500.18, 4169421.53, 517.55);
insert into STATION values (1458, '25.22', 990, 269516.15, 4169427.53, 517.25);
insert into STATION values (1459, '25.23', 990, 269515.47, 4169419.14, 518.00);
insert into STATION values (1460, 'B80', 990, 269515.48, 4169419.10, 517.99);
insert into STATION values (1461, '25.16.1', 990, 269412.56, 4169395.91, 517.58);
insert into STATION values (1462, 'B88', 990, 269405.50, 4169397.23, 514.40);
insert into STATION values (1463, '25.16.3', 990, 269410.94, 4169411.48, 513.85);
insert into STATION values (1464, '25.16.4', 990, 269423.16, 4169412.35, 516.68);
insert into STATION values (1465, '25.16.5', 990, 269423.17, 4169412.35, 516.68);
insert into STATION values (1466, '25.16.2.1', 990, 269405.14, 4169386.80, 512.33);
insert into STATION values (1467, '25.16.2.2', 990, 269384.07, 4169385.51, 505.90);
insert into STATION values (1468, '25.16.2.3', 990, 269389.09, 4169373.70, 506.06);
insert into STATION values (1469, '25.16.2.4', 990, 269388.96, 4169368.05, 505.82);
insert into STATION values (1470, '25.16.2.5', 990, 269402.17, 4169350.33, 500.39);
insert into STATION values (1471, '25.16.2.6', 990, 269402.68, 4169340.65, 500.42);
insert into STATION values (1472, '25.10.1', 990, 269463.59, 4169335.76, 518.19);
insert into STATION values (1473, '25.10.2', 990, 269460.06, 4169330.58, 516.18);
insert into STATION values (1474, '25.10.3', 990, 269464.12, 4169321.43, 513.85);
insert into STATION values (1475, '25.10.4', 990, 269473.91, 4169317.26, 515.49);
insert into STATION values (1476, '25.10.5', 990, 269483.46, 4169315.90, 517.21);
insert into STATION values (1477, 'B89', 990, 269486.93, 4169313.35, 516.87);
insert into STATION values (1478, '25.10.6.1', 990, 269479.05, 4169314.89, 519.72);
insert into STATION values (1479, '25.10.6.0.1', 990, 269490.05, 4169309.69, 515.31);
insert into STATION values (1480, '25.10.6.0.2', 990, 269493.68, 4169306.99, 514.02);
insert into STATION values (1481, '25.10.7', 990, 269485.96, 4169308.86, 515.22);
insert into STATION values (1482, '25.10.8', 990, 269473.49, 4169302.79, 511.09);
insert into STATION values (1483, '25.10.9', 990, 269460.27, 4169298.94, 508.59);
insert into STATION values (1484, '25.10.10', 990, 269465.32, 4169292.74, 508.70);
insert into STATION values (1485, 'B06', 990, 269475.77, 4169288.85, 509.48);
insert into STATION values (1486, '25.10.9.1', 990, 269453.13, 4169307.53, 509.36);
insert into STATION values (1487, '25.10.9.2', 990, 269454.81, 4169311.22, 510.97);
insert into STATION values (1488, '25.10.9.3', 990, 269454.89, 4169314.30, 511.32);
insert into STATION values (1489, '25.10.9.4', 990, 269459.67, 4169320.95, 511.23);
insert into STATION values (1490, '25.10.9.5', 990, 269440.99, 4169331.91, 508.71);
insert into STATION values (1491, '26', 990, 269342.66, 4169308.17, 499.00);
insert into STATION values (1492, '27', 990, 269351.90, 4169286.48, 498.33);
insert into STATION values (1493, '22.6', 990, 269343.31, 4169267.96, 498.61);
insert into STATION values (1494, '26.1', 990, 269331.56, 4169310.09, 498.85);
insert into STATION values (1495, '26.2', 990, 269311.19, 4169307.84, 498.23);
insert into STATION values (1496, '26.3', 990, 269299.78, 4169303.33, 496.87);
insert into STATION values (1497, '26.0.1', 990, 269360.64, 4169301.79, 498.27);
insert into STATION values (1498, '26.0.2', 990, 269385.13, 4169293.12, 502.52);
insert into STATION values (1499, '26.0.3', 990, 269394.86, 4169272.50, 503.29);
insert into STATION values (1500, 'B39', 990, 269409.13, 4169260.69, 501.57);
insert into STATION values (1501, '22.8', 990, 269409.12, 4169260.70, 501.57);
insert into STATION values (1502, '22.7', 990, 269380.86, 4169270.16, 499.72);
insert into STATION values (1503, '22.9', 990, 269420.43, 4169251.34, 502.85);
insert into STATION values (1504, '22.10', 990, 269439.85, 4169243.70, 502.37);
insert into STATION values (1505, '22.11', 990, 269455.52, 4169243.76, 502.39);
insert into STATION values (1506, 'B04', 990, 269470.83, 4169244.55, 503.57);
insert into STATION values (1507, '22.12.1', 990, 269477.75, 4169238.89, 504.31);
insert into STATION values (1508, '22.12.2', 990, 269475.01, 4169234.11, 504.78);
insert into STATION values (1509, '22.12.3', 990, 269472.87, 4169225.10, 503.25);
insert into STATION values (1510, '22.12.4', 990, 269469.42, 4169221.95, 503.40);
insert into STATION values (1511, '22.12.5', 990, 269461.52, 4169221.05, 502.21);
insert into STATION values (1512, '22.12.6', 990, 269451.07, 4169223.59, 502.38);
insert into STATION values (1513, '22.12.7', 990, 269444.63, 4169223.03, 502.21);
insert into STATION values (1514, '22.12.8', 990, 269439.11, 4169226.53, 502.21);
insert into STATION values (1515, '22.12.9', 990, 269434.04, 4169240.17, 502.84);
insert into STATION values (1516, '22.12.10', 990, 269439.86, 4169243.69, 502.37);
insert into STATION values (1517, '22.13', 990, 269475.65, 4169252.45, 505.36);
insert into STATION values (1518, '22.8.1', 990, 269421.17, 4169265.43, 502.48);
insert into STATION values (1519, 'B05', 990, 269435.93, 4169272.22, 504.30);
insert into STATION values (1520, '22.8.3', 990, 269447.26, 4169277.59, 508.60);
insert into STATION values (1521, '22.8.4', 990, 269454.96, 4169277.04, 507.82);
insert into STATION values (1522, '22.8.5', 990, 269467.58, 4169291.14, 507.52);
insert into STATION values (1523, '22.8.7', 990, 269489.19, 4169287.06, 509.99);
insert into STATION values (1524, '22.8.7.1', 990, 269486.27, 4169282.41, 510.12);
insert into STATION values (1525, '22.8.7.2', 990, 269492.81, 4169275.32, 509.93);
insert into STATION values (1526, '22.8.7.3', 990, 269498.30, 4169268.28, 507.94);
insert into STATION values (1527, '22.8.8', 990, 269504.17, 4169284.69, 512.36);
insert into STATION values (1528, '22.8.9', 990, 269512.56, 4169295.33, 516.07);
insert into STATION values (1529, '22.8.10', 990, 269518.63, 4169290.96, 514.39);
insert into STATION values (1530, '22.8.11', 990, 269535.33, 4169294.16, 514.52);
insert into STATION values (1531, '22.8.12', 990, 269552.77, 4169303.27, 515.88);
insert into STATION values (1532, '22.8.13', 990, 269558.16, 4169324.79, 516.88);
insert into STATION values (1533, 'B07', 990, 269568.34, 4169331.40, 517.70);
insert into STATION values (1534, '22.8.15', 990, 269577.89, 4169336.68, 518.24);
insert into STATION values (1535, '22.8.16', 990, 269605.22, 4169347.63, 522.12);
insert into STATION values (1536, '22.8.17', 990, 269608.70, 4169367.18, 522.80);
insert into STATION values (1537, '22.8.18', 990, 269603.95, 4169378.58, 523.46);
insert into STATION values (1538, '22.8.19', 990, 269597.95, 4169387.45, 522.88);
insert into STATION values (1539, '22.8.20', 990, 269591.54, 4169392.46, 521.46);
insert into STATION values (1540, 'B08', 990, 269575.57, 4169393.79, 521.19);
insert into STATION values (1541, '22.8.21.1', 990, 269587.24, 4169403.94, 520.74);
insert into STATION values (1542, '22.8.21.2', 990, 269589.09, 4169410.01, 520.68);
insert into STATION values (1543, '22.8.21.3', 990, 269593.65, 4169409.15, 522.65);
insert into STATION values (1544, '22.8.21.4', 990, 269601.43, 4169409.58, 522.13);
insert into STATION values (1545, '22.8.21.5', 990, 269606.72, 4169406.68, 521.89);
insert into STATION values (1546, '22.8.21.6', 990, 269603.51, 4169402.30, 520.88);
insert into STATION values (1547, '22.8.21.7', 990, 269598.18, 4169404.83, 521.09);
insert into STATION values (1548, '22.8.21.8', 990, 269587.24, 4169403.92, 520.74);
insert into STATION values (1549, '22.8.22', 990, 269563.01, 4169394.35, 521.02);
insert into STATION values (1550, '22.8.23', 990, 269546.76, 4169394.70, 520.63);
insert into STATION values (1551, 'B09', 990, 269539.33, 4169398.18, 519.05);
insert into STATION values (1552, '22.8.25', 990, 269534.80, 4169402.58, 520.38);
insert into STATION values (1553, '22.8.24.1', 990, 269527.44, 4169382.74, 518.81);
insert into STATION values (1554, 'B36', 990, 269527.74, 4169365.02, 518.27);
insert into STATION values (1555, '22.8.24.2.1', 990, 269526.18, 4169345.53, 525.55);
insert into STATION values (1556, '22.8.24.2.2', 990, 269528.74, 4169342.83, 527.10);
insert into STATION values (1557, '22.8.24.2.3', 990, 269527.91, 4169338.35, 524.88);
insert into STATION values (1558, '22.8.24.2.4', 990, 269529.75, 4169336.14, 526.99);
insert into STATION values (1559, 'B10', 990, 269525.43, 4169325.37, 529.15);
insert into STATION values (1560, '22.8.24.2.6', 990, 269523.30, 4169323.38, 529.93);
insert into STATION values (1561, '22.8.24.2.7', 990, 269516.23, 4169319.28, 526.72);
insert into STATION values (1562, '22.8.24.2.8', 990, 269508.86, 4169317.21, 527.21);
insert into STATION values (1563, '22.8.24.2.9', 990, 269498.24, 4169318.09, 526.47);
insert into STATION values (1564, 'B11', 990, 269492.63, 4169318.80, 527.00);
insert into STATION values (1565, '22.8.24.2.11', 990, 269492.72, 4169317.49, 527.10);
insert into STATION values (1566, '22.8.24.2.12', 990, 269487.25, 4169317.23, 524.05);
insert into STATION values (1567, '22.8.24.2.13', 990, 269489.27, 4169314.64, 522.64);
insert into STATION values (1568, '22.8.24.2.14', 990, 269486.87, 4169313.39, 516.88);
insert into STATION values (1569, '22.8.24.2.5.1', 990, 269531.47, 4169331.23, 527.31);
insert into STATION values (1570, '22.8.24.2.5.2', 990, 269542.12, 4169330.09, 527.49);
insert into STATION values (1571, '22.8.24.2.5.3', 990, 269568.40, 4169331.45, 517.69);
insert into STATION values (1572, '22.8.24.2', 990, 269527.74, 4169365.08, 518.27);
insert into STATION values (1573, '22.8.24.3', 990, 269541.85, 4169358.93, 519.67);
insert into STATION values (1574, '22.8.24.4', 990, 269560.50, 4169347.79, 518.06);
insert into STATION values (1575, '22.8.24.5', 990, 269561.08, 4169345.19, 518.81);
insert into STATION values (1576, '22.8.24.6', 990, 269565.09, 4169334.26, 518.18);
insert into STATION values (1577, '22.8.2.1', 990, 269429.23, 4169289.98, 507.46);
insert into STATION values (1578, '22.8.2.2', 990, 269410.14, 4169299.97, 506.43);
insert into STATION values (1579, '22.8.2.3', 990, 269399.85, 4169296.49, 505.84);
insert into STATION values (1580, '22.8.2.4', 990, 269387.02, 4169295.58, 504.28);
insert into STATION values (1581, '-', 990, 269332.60, 4169314.32, 501.59);
insert into STATION values (1582, '-', 990, 269332.83, 4169318.97, 503.32);
insert into STATION values (1583, '-', 990, 269339.96, 4169321.12, 503.52);
insert into STATION values (1584, '-', 990, 269335.44, 4169325.35, 503.08);
insert into STATION values (1585, '-', 990, 269326.27, 4169317.83, 500.67);
insert into STATION values (1586, '-', 990, 269334.33, 4169312.78, 501.29);
insert into STATION values (1587, '-', 990, 269331.95, 4169314.85, 501.22);
insert into STATION values (1588, '-', 990, 269330.98, 4169313.85, 501.78);
insert into STATION values (1589, '-', 990, 269342.02, 4169311.26, 499.78);
insert into STATION values (1590, '-', 990, 269341.37, 4169316.00, 501.03);
insert into STATION values (1591, '-', 990, 269339.13, 4169319.85, 502.46);
insert into STATION values (1592, '-', 990, 269336.15, 4169315.03, 502.05);
insert into STATION values (1593, '-', 990, 269334.50, 4169317.27, 499.61);
insert into STATION values (1594, '-', 990, 269339.50, 4169320.47, 503.51);
insert into STATION values (1595, '-', 990, 269335.71, 4169324.37, 503.67);
insert into STATION values (1596, '-', 990, 269335.30, 4169325.31, 503.12);
insert into STATION values (1597, '-', 990, 269335.69, 4169324.40, 503.64);
insert into STATION values (1598, '-', 990, 269348.12, 4169334.33, 506.88);
insert into STATION values (1599, '-', 990, 269347.12, 4169327.42, 506.04);
insert into STATION values (1600, '-', 990, 269358.60, 4169328.55, 509.92);
insert into STATION values (1601, '-', 990, 269352.48, 4169323.57, 508.55);
insert into STATION values (1602, '-', 990, 269349.53, 4169316.82, 506.71);
insert into STATION values (1603, '-', 990, 269357.47, 4169311.30, 505.65);
insert into STATION values (1604, '-', 990, 269364.65, 4169324.09, 508.66);
insert into STATION values (1605, '-', 990, 269358.86, 4169314.12, 507.41);
insert into STATION values (1606, '-', 990, 269358.57, 4169313.63, 504.74);
insert into STATION values (1607, '-', 990, 269361.05, 4169310.74, 505.84);
insert into STATION values (1608, '-', 990, 269366.73, 4169310.37, 506.27);
insert into STATION values (1609, '-', 990, 269369.92, 4169311.45, 506.74);
insert into STATION values (1610, '-', 990, 269371.37, 4169324.10, 509.07);
insert into STATION values (1611, '-', 990, 269374.70, 4169326.68, 508.11);
insert into STATION values (1612, '-', 990, 269376.17, 4169318.18, 508.40);
insert into STATION values (1613, '-', 990, 269376.80, 4169312.60, 505.23);
insert into STATION values (1614, '-', 990, 269376.84, 4169317.58, 503.07);
insert into STATION values (1615, '-', 990, 269368.74, 4169324.19, 509.00);
insert into STATION values (1616, '-', 990, 269378.73, 4169328.01, 507.06);
insert into STATION values (1617, '-', 990, 269387.33, 4169333.78, 506.53);
insert into STATION values (1618, '-', 990, 269390.71, 4169317.25, 505.75);
insert into STATION values (1619, '-', 990, 269395.25, 4169318.35, 505.69);
insert into STATION values (1620, '-', 990, 269396.61, 4169317.74, 506.74);
insert into STATION values (1621, '-', 990, 269402.04, 4169318.38, 506.45);
insert into STATION values (1622, '-', 990, 269404.60, 4169319.25, 506.11);
insert into STATION values (1623, '-', 990, 269392.38, 4169335.75, 504.38);
insert into STATION values (1624, '-', 990, 269400.61, 4169336.44, 504.56);
insert into STATION values (1625, '-', 990, 269404.64, 4169331.91, 504.68);
insert into STATION values (1626, '-', 990, 269412.81, 4169319.80, 510.56);
insert into STATION values (1627, '-', 990, 269412.15, 4169320.49, 505.49);
insert into STATION values (1628, '-', 990, 269418.93, 4169324.03, 507.26);
insert into STATION values (1629, '-', 990, 269416.07, 4169327.36, 505.89);
insert into STATION values (1630, '-', 990, 269420.09, 4169335.37, 504.19);
insert into STATION values (1631, '-', 990, 269417.62, 4169338.93, 504.64);
insert into STATION values (1632, '-', 990, 269415.27, 4169338.27, 504.88);
insert into STATION values (1633, '-', 990, 269412.88, 4169333.93, 504.97);
insert into STATION values (1634, '-', 990, 269409.34, 4169330.76, 504.78);
insert into STATION values (1635, '-', 990, 269405.80, 4169332.55, 504.73);
insert into STATION values (1636, '-', 990, 269404.80, 4169318.77, 507.66);
insert into STATION values (1637, '-', 990, 269409.38, 4169313.61, 508.77);
insert into STATION values (1638, '-', 990, 269413.83, 4169314.56, 509.13);
insert into STATION values (1639, '-', 990, 269415.80, 4169316.42, 509.06);
insert into STATION values (1640, '-', 990, 269417.72, 4169315.85, 508.73);
insert into STATION values (1641, '-', 990, 269424.73, 4169316.08, 508.76);
insert into STATION values (1642, '-', 990, 269426.90, 4169317.05, 508.52);
insert into STATION values (1643, '-', 990, 269429.02, 4169317.84, 508.43);
insert into STATION values (1644, '-', 990, 269419.00, 4169323.83, 508.30);
insert into STATION values (1645, '-', 990, 269425.60, 4169325.95, 508.13);
insert into STATION values (1646, '-', 990, 269431.94, 4169333.28, 508.58);
insert into STATION values (1647, '-', 990, 269423.80, 4169320.35, 506.97);
insert into STATION values (1648, '-', 990, 269423.63, 4169320.09, 509.47);
insert into STATION values (1649, '-', 990, 269434.11, 4169339.55, 509.69);
insert into STATION values (1650, '-', 990, 269440.60, 4169332.17, 508.01);
insert into STATION values (1651, '-', 990, 269442.42, 4169332.26, 526.11);
insert into STATION values (1652, '25.9b', 990, 269442.83, 4169331.58, 527.09);
insert into STATION values (1653, '-', 990, 269452.62, 4169328.32, 511.25);
insert into STATION values (1654, '-', 990, 269450.76, 4169333.03, 511.92);
insert into STATION values (1655, '-', 990, 269455.38, 4169335.98, 513.70);
insert into STATION values (1656, '-', 990, 269450.41, 4169344.84, 513.80);
insert into STATION values (1657, '-', 990, 269442.00, 4169342.74, 512.00);
insert into STATION values (1658, '-', 990, 269436.65, 4169340.03, 509.97);
insert into STATION values (1659, '-', 990, 269434.85, 4169335.72, 509.04);
insert into STATION values (1660, '-', 990, 269467.57, 4169341.33, 521.49);
insert into STATION values (1661, '-', 990, 269464.88, 4169345.73, 519.54);
insert into STATION values (1662, '-', 990, 269463.68, 4169348.04, 518.82);
insert into STATION values (1663, '-', 990, 269462.28, 4169349.38, 518.19);
insert into STATION values (1664, '-', 990, 269461.58, 4169351.73, 518.11);
insert into STATION values (1665, '-', 990, 269460.56, 4169353.59, 519.07);
insert into STATION values (1666, '-', 990, 269459.99, 4169336.56, 516.61);
insert into STATION values (1667, '-', 990, 269456.47, 4169336.65, 514.34);
insert into STATION values (1668, '-', 990, 269450.25, 4169334.62, 513.18);
insert into STATION values (1669, '-', 990, 269453.63, 4169346.77, 514.41);
insert into STATION values (1670, '-', 990, 269454.13, 4169349.76, 516.94);
insert into STATION values (1671, '-', 990, 269452.37, 4169351.79, 518.66);
insert into STATION values (1672, '-', 990, 269459.58, 4169348.37, 515.94);
insert into STATION values (1673, '-', 990, 269457.01, 4169347.54, 523.74);
insert into STATION values (1674, '-', 990, 269446.91, 4169355.50, 521.93);
insert into STATION values (1675, '-', 990, 269450.66, 4169352.79, 521.42);
insert into STATION values (1676, '-', 990, 269453.85, 4169350.51, 518.71);
insert into STATION values (1677, '-', 990, 269460.05, 4169353.27, 521.05);
insert into STATION values (1678, '-', 990, 269459.50, 4169355.85, 522.92);
insert into STATION values (1679, '-', 990, 269458.05, 4169359.17, 523.59);
insert into STATION values (1680, '-', 990, 269461.32, 4169361.31, 531.70);
insert into STATION values (1681, '-', 990, 269458.29, 4169359.19, 529.64);
insert into STATION values (1682, '-', 990, 269458.70, 4169360.89, 525.67);
insert into STATION values (1683, '-', 990, 269457.54, 4169359.44, 525.87);
insert into STATION values (1684, '-', 990, 269460.94, 4169360.83, 534.43);
insert into STATION values (1685, '-', 990, 269454.81, 4169361.84, 523.90);
insert into STATION values (1686, '-', 990, 269452.66, 4169363.64, 524.41);
insert into STATION values (1687, '-', 990, 269449.48, 4169366.55, 525.34);
insert into STATION values (1688, '-', 990, 269444.12, 4169364.96, 527.02);
insert into STATION values (1689, '-', 990, 269449.41, 4169367.50, 527.31);
insert into STATION values (1690, '-', 990, 269442.90, 4169362.33, 527.79);
insert into STATION values (1691, '-', 990, 269440.48, 4169359.48, 528.56);
insert into STATION values (1692, '-', 990, 269446.30, 4169356.31, 523.15);
insert into STATION values (1693, '-', 990, 269448.85, 4169354.53, 523.16);
insert into STATION values (1694, '-', 990, 269450.92, 4169354.83, 522.89);
insert into STATION values (1695, '-', 990, 269454.49, 4169347.47, 521.43);
insert into STATION values (1696, '-', 990, 269459.48, 4169351.97, 521.59);
insert into STATION values (1697, '-', 990, 269455.49, 4169359.36, 534.27);
insert into STATION values (1698, '-', 990, 269447.04, 4169356.83, 527.67);
insert into STATION values (1699, '-', 990, 269444.27, 4169356.04, 520.16);
insert into STATION values (1700, '-', 990, 269445.54, 4169361.13, 522.90);
insert into STATION values (1701, '-', 990, 269447.65, 4169359.86, 533.82);
insert into STATION values (1702, '-', 990, 269438.90, 4169356.53, 521.94);
insert into STATION values (1703, '-', 990, 269438.09, 4169359.70, 526.22);
insert into STATION values (1704, '-', 990, 269439.13, 4169362.75, 522.14);
insert into STATION values (1705, '-', 990, 269438.66, 4169361.68, 520.43);
insert into STATION values (1706, '-', 990, 269437.05, 4169359.88, 525.84);
insert into STATION values (1707, '-', 990, 269426.60, 4169358.46, 520.12);
insert into STATION values (1708, '-', 990, 269429.56, 4169364.52, 519.85);
insert into STATION values (1709, '-', 990, 269427.26, 4169361.87, 518.85);
insert into STATION values (1710, '-', 990, 269428.81, 4169356.70, 520.26);
insert into STATION values (1711, '-', 990, 269425.03, 4169360.20, 520.48);
insert into STATION values (1712, '-', 990, 269431.02, 4169363.44, 520.43);
insert into STATION values (1713, '-', 990, 269427.84, 4169366.67, 519.94);
insert into STATION values (1714, '-', 990, 269429.41, 4169360.68, 529.20);
insert into STATION values (1715, '-', 990, 269439.16, 4169349.93, 522.27);
insert into STATION values (1716, '-', 990, 269426.82, 4169358.47, 520.74);
insert into STATION values (1717, '-', 990, 269424.08, 4169359.49, 533.72);
insert into STATION values (1718, '-', 990, 269427.98, 4169362.36, 519.87);
insert into STATION values (1719, '-', 990, 269430.95, 4169361.05, 520.53);
insert into STATION values (1720, '-', 990, 269433.32, 4169359.85, 521.04);
insert into STATION values (1721, '-', 990, 269440.43, 4169353.87, 522.50);
insert into STATION values (1722, '-', 990, 269442.41, 4169345.68, 522.99);
insert into STATION values (1723, '-', 990, 269441.47, 4169352.87, 522.96);
insert into STATION values (1724, '-', 990, 269416.22, 4169373.82, 517.52);
insert into STATION values (1725, '-', 990, 269418.37, 4169372.59, 517.97);
insert into STATION values (1726, '-', 990, 269421.44, 4169371.68, 518.67);
insert into STATION values (1727, '-', 990, 269428.84, 4169365.65, 520.39);
insert into STATION values (1728, '-', 990, 269418.35, 4169366.93, 518.02);
insert into STATION values (1729, '-', 990, 269413.83, 4169370.27, 517.98);
insert into STATION values (1730, '-', 990, 269411.15, 4169369.93, 518.83);
insert into STATION values (1731, '-', 990, 269412.40, 4169370.80, 531.12);
insert into STATION values (1732, '-', 990, 269409.22, 4169370.85, 519.50);
insert into STATION values (1733, '-', 990, 269408.46, 4169375.01, 519.09);
insert into STATION values (1734, '-', 990, 269413.91, 4169373.82, 517.66);
insert into STATION values (1735, '-', 990, 269402.51, 4169375.64, 512.01);
insert into STATION values (1736, '-', 990, 269402.49, 4169375.63, 512.05);
insert into STATION values (1737, '-', 990, 269404.56, 4169374.45, 520.84);
insert into STATION values (1738, '-', 990, 269409.89, 4169370.83, 522.32);
insert into STATION values (1739, '-', 990, 269403.30, 4169373.23, 521.22);
insert into STATION values (1740, '-', 990, 269404.59, 4169372.21, 522.24);
insert into STATION values (1741, '-', 990, 269406.23, 4169375.44, 521.29);
insert into STATION values (1742, '-', 990, 269404.34, 4169376.91, 521.26);
insert into STATION values (1743, '-', 990, 269398.99, 4169376.34, 521.29);
insert into STATION values (1744, '-', 990, 269398.62, 4169374.64, 520.84);
insert into STATION values (1745, '-', 990, 269398.05, 4169374.24, 522.70);
insert into STATION values (1746, '-', 990, 269403.73, 4169375.45, 523.60);
insert into STATION values (1747, '-', 990, 269448.82, 4169367.74, 524.60);
insert into STATION values (1748, '-', 990, 269443.74, 4169365.70, 525.90);
insert into STATION values (1749, '-', 990, 269446.14, 4169364.28, 529.14);
insert into STATION values (1750, '-', 990, 269448.24, 4169368.58, 525.12);
insert into STATION values (1751, '-', 990, 269446.90, 4169368.79, 525.58);
insert into STATION values (1752, '-', 990, 269440.97, 4169370.27, 528.06);
insert into STATION values (1753, '-', 990, 269438.67, 4169368.79, 527.82);
insert into STATION values (1754, '-', 990, 269439.51, 4169367.39, 527.27);
insert into STATION values (1755, '-', 990, 269425.17, 4169368.72, 531.53);
insert into STATION values (1756, '-', 990, 269440.35, 4169369.87, 529.47);
insert into STATION values (1757, '-', 990, 269438.73, 4169370.93, 529.67);
insert into STATION values (1758, '-', 990, 269434.78, 4169372.90, 530.16);
insert into STATION values (1759, '-', 990, 269440.33, 4169372.14, 540.00);
insert into STATION values (1760, '-', 990, 269442.02, 4169372.48, 529.06);
insert into STATION values (1761, '-', 990, 269440.90, 4169373.50, 529.01);
insert into STATION values (1762, '-', 990, 269440.20, 4169373.96, 528.95);
insert into STATION values (1763, '-', 990, 269440.26, 4169372.21, 528.39);
insert into STATION values (1764, '-', 990, 269449.58, 4169366.51, 532.15);
insert into STATION values (1765, '-', 990, 269429.53, 4169375.82, 527.25);
insert into STATION values (1766, '-', 990, 269431.08, 4169378.41, 527.22);
insert into STATION values (1767, '-', 990, 269430.79, 4169380.11, 525.41);
insert into STATION values (1768, '-', 990, 269429.77, 4169377.99, 524.87);
insert into STATION values (1769, '-', 990, 269425.95, 4169383.83, 524.80);
insert into STATION values (1770, '-', 990, 269423.21, 4169387.29, 524.76);
insert into STATION values (1771, '-', 990, 269423.27, 4169391.06, 524.54);
insert into STATION values (1772, '-', 990, 269421.55, 4169395.61, 524.13);
insert into STATION values (1773, '-', 990, 269423.31, 4169377.93, 522.42);
insert into STATION values (1774, '-', 990, 269418.48, 4169385.99, 521.88);
insert into STATION values (1775, '-', 990, 269413.57, 4169390.83, 524.20);
insert into STATION values (1776, '-', 990, 269411.46, 4169392.14, 524.56);
insert into STATION values (1777, '-', 990, 269412.92, 4169399.65, 518.00);
insert into STATION values (1778, '-', 990, 269414.87, 4169404.97, 517.67);
insert into STATION values (1779, '-', 990, 269416.61, 4169408.03, 517.50);
insert into STATION values (1780, '-', 990, 269419.34, 4169409.70, 517.46);
insert into STATION values (1781, '-', 990, 269424.09, 4169413.89, 518.38);
insert into STATION values (1782, '-', 990, 269419.77, 4169405.32, 522.54);
insert into STATION values (1783, '-', 990, 269418.58, 4169404.68, 514.62);
insert into STATION values (1784, '-', 990, 269408.78, 4169393.61, 519.89);
insert into STATION values (1785, '-', 990, 269412.49, 4169391.91, 520.55);
insert into STATION values (1786, '-', 990, 269416.96, 4169390.34, 521.63);
insert into STATION values (1787, '-', 990, 269421.38, 4169394.34, 520.93);
insert into STATION values (1788, '-', 990, 269426.84, 4169400.64, 519.50);
insert into STATION values (1789, '-', 990, 269429.48, 4169402.45, 520.23);
insert into STATION values (1790, '-', 990, 269419.55, 4169403.48, 516.41);
insert into STATION values (1791, '-', 990, 269438.53, 4169403.13, 520.16);
insert into STATION values (1792, '-', 990, 269434.56, 4169402.45, 519.37);
insert into STATION values (1793, '-', 990, 269443.71, 4169405.77, 520.97);
insert into STATION values (1794, '-', 990, 269442.61, 4169416.79, 519.06);
insert into STATION values (1795, '-', 990, 269435.09, 4169418.77, 518.69);
insert into STATION values (1796, '-', 990, 269431.51, 4169417.98, 518.16);
insert into STATION values (1797, '-', 990, 269427.09, 4169415.37, 520.24);
insert into STATION values (1798, '-', 990, 269431.46, 4169402.14, 519.10);
insert into STATION values (1799, '-', 990, 269432.94, 4169407.73, 515.70);
insert into STATION values (1800, '-', 990, 269434.35, 4169405.68, 523.59);
insert into STATION values (1801, '-', 990, 269448.55, 4169404.45, 520.48);
insert into STATION values (1802, '-', 990, 269445.23, 4169405.67, 520.74);
insert into STATION values (1803, '-', 990, 269437.11, 4169403.89, 520.86);
insert into STATION values (1804, '-', 990, 269443.76, 4169416.15, 518.37);
insert into STATION values (1805, '-', 990, 269446.52, 4169417.94, 519.26);
insert into STATION values (1806, '-', 990, 269452.54, 4169424.04, 521.88);
insert into STATION values (1807, '-', 990, 269461.76, 4169408.28, 522.79);
insert into STATION values (1808, '-', 990, 269466.82, 4169408.86, 524.24);
insert into STATION values (1809, '-', 990, 269470.71, 4169408.88, 524.24);
insert into STATION values (1810, '-', 990, 269475.05, 4169413.01, 524.32);
insert into STATION values (1811, '-', 990, 269453.24, 4169416.49, 522.34);
insert into STATION values (1812, '-', 990, 269453.61, 4169423.73, 522.97);
insert into STATION values (1813, '-', 990, 269441.26, 4169457.30, 524.45);
insert into STATION values (1814, '-', 990, 269446.22, 4169461.24, 527.46);
insert into STATION values (1815, '-', 990, 269481.10, 4169446.29, 526.98);
insert into STATION values (1816, '-', 990, 269481.25, 4169446.38, 526.49);
insert into STATION values (1817, '-', 990, 269508.36, 4169460.24, 526.57);
insert into STATION values (1818, '-', 990, 269466.03, 4169414.06, 521.77);
insert into STATION values (1819, '-', 990, 269464.74, 4169413.93, 529.34);
insert into STATION values (1820, '-', 990, 269476.33, 4169451.71, 526.64);
insert into STATION values (1821, '-', 990, 269459.61, 4169459.92, 527.81);
insert into STATION values (1822, '-', 990, 269492.67, 4169450.89, 526.35);
insert into STATION values (1823, '-', 990, 269479.49, 4169419.57, 526.94);
insert into STATION values (1824, '-', 990, 269481.41, 4169419.49, 520.44);
insert into STATION values (1825, '-', 990, 269478.22, 4169410.89, 523.93);
insert into STATION values (1826, '-', 990, 269483.44, 4169411.32, 523.16);
insert into STATION values (1827, '-', 990, 269492.39, 4169406.17, 522.09);
insert into STATION values (1828, '-', 990, 269500.32, 4169408.72, 524.18);
insert into STATION values (1829, '-', 990, 269505.46, 4169413.27, 524.74);
insert into STATION values (1830, '-', 990, 269506.34, 4169420.03, 519.11);
insert into STATION values (1831, '-', 990, 269491.56, 4169450.47, 526.05);
insert into STATION values (1832, '-', 990, 269500.38, 4169421.44, 517.05);
insert into STATION values (1833, '-', 990, 269498.10, 4169420.07, 529.52);
insert into STATION values (1834, '-', 990, 269515.84, 4169427.53, 516.15);
insert into STATION values (1835, '-', 990, 269511.53, 4169423.53, 529.65);
insert into STATION values (1836, '-', 990, 269502.28, 4169411.09, 525.27);
insert into STATION values (1837, '-', 990, 269510.28, 4169410.50, 522.40);
insert into STATION values (1838, '-', 990, 269520.20, 4169405.17, 521.97);
insert into STATION values (1839, '-', 990, 269529.35, 4169417.75, 521.39);
insert into STATION values (1840, '-', 990, 269528.02, 4169421.24, 521.12);
insert into STATION values (1841, '-', 990, 269530.85, 4169422.42, 521.67);
insert into STATION values (1842, '-', 990, 269514.53, 4169452.38, 523.83);
insert into STATION values (1843, '-', 990, 269517.05, 4169451.96, 524.32);
insert into STATION values (1844, '-', 990, 269412.16, 4169392.57, 519.46);
insert into STATION values (1845, '-', 990, 269412.84, 4169397.65, 530.99);
insert into STATION values (1846, '-', 990, 269411.60, 4169398.43, 517.76);
insert into STATION values (1847, '-', 990, 269411.77, 4169398.45, 520.04);
insert into STATION values (1848, '-', 990, 269410.42, 4169398.08, 517.77);
insert into STATION values (1849, '-', 990, 269406.38, 4169395.86, 514.54);
insert into STATION values (1850, '-', 990, 269407.58, 4169395.47, 515.94);
insert into STATION values (1851, '-', 990, 269405.67, 4169396.48, 523.36);
insert into STATION values (1852, '-', 990, 269413.26, 4169405.97, 515.38);
insert into STATION values (1853, '-', 990, 269414.18, 4169403.53, 515.68);
insert into STATION values (1854, '-', 990, 269411.54, 4169400.22, 515.38);
insert into STATION values (1855, '-', 990, 269411.55, 4169398.24, 516.45);
insert into STATION values (1856, '-', 990, 269403.37, 4169401.31, 514.80);
insert into STATION values (1857, '-', 990, 269404.00, 4169397.76, 514.56);
insert into STATION values (1858, '-', 990, 269398.60, 4169397.74, 516.07);
insert into STATION values (1859, '-', 990, 269398.55, 4169394.85, 515.21);
insert into STATION values (1860, '-', 990, 269401.47, 4169394.15, 514.57);
insert into STATION values (1861, '-', 990, 269401.28, 4169393.24, 513.89);
insert into STATION values (1862, '-', 990, 269401.54, 4169392.30, 513.74);
insert into STATION values (1863, '-', 990, 269403.55, 4169397.65, 514.59);
insert into STATION values (1864, '-', 990, 269393.23, 4169395.73, 530.58);
insert into STATION values (1865, '-', 990, 269411.32, 4169409.68, 514.15);
insert into STATION values (1866, '-', 990, 269412.87, 4169409.96, 514.28);
insert into STATION values (1867, '-', 990, 269417.53, 4169410.11, 514.90);
insert into STATION values (1868, '-', 990, 269419.45, 4169411.29, 515.97);
insert into STATION values (1869, '-', 990, 269410.58, 4169411.09, 515.57);
insert into STATION values (1870, '-', 990, 269411.08, 4169411.35, 513.46);
insert into STATION values (1871, '-', 990, 269396.97, 4169400.18, 513.21);
insert into STATION values (1872, '-', 990, 269395.48, 4169402.14, 513.37);
insert into STATION values (1873, '-', 990, 269399.88, 4169407.05, 513.81);
insert into STATION values (1874, '-', 990, 269399.96, 4169409.61, 513.66);
insert into STATION values (1875, '-', 990, 269400.85, 4169411.31, 514.18);
insert into STATION values (1876, '-', 990, 269402.86, 4169413.41, 514.90);
insert into STATION values (1877, '-', 990, 269407.18, 4169415.16, 514.81);
insert into STATION values (1878, '-', 990, 269409.25, 4169418.66, 515.16);
insert into STATION values (1879, '-', 990, 269413.34, 4169418.29, 515.29);
insert into STATION values (1880, '-', 990, 269417.92, 4169418.06, 515.61);
insert into STATION values (1881, '-', 990, 269419.82, 4169415.99, 515.71);
insert into STATION values (1882, '-', 990, 269422.81, 4169414.11, 516.94);
insert into STATION values (1883, '-', 990, 269425.92, 4169416.35, 516.85);
insert into STATION values (1884, '-', 990, 269428.69, 4169417.11, 517.70);
insert into STATION values (1885, '-', 990, 269407.25, 4169394.95, 513.54);
insert into STATION values (1886, '-', 990, 269412.03, 4169393.63, 515.54);
insert into STATION values (1887, '-', 990, 269415.03, 4169389.05, 515.74);
insert into STATION values (1888, '-', 990, 269414.58, 4169380.46, 514.39);
insert into STATION values (1889, '-', 990, 269413.31, 4169378.60, 514.35);
insert into STATION values (1890, '-', 990, 269406.12, 4169379.18, 512.59);
insert into STATION values (1891, '-', 990, 269401.58, 4169383.83, 512.65);
insert into STATION values (1892, '-', 990, 269396.63, 4169382.68, 512.07);
insert into STATION values (1893, '-', 990, 269399.96, 4169393.05, 512.40);
insert into STATION values (1894, '-', 990, 269397.31, 4169391.38, 511.88);
insert into STATION values (1895, '-', 990, 269391.52, 4169390.89, 510.19);
insert into STATION values (1896, '-', 990, 269405.05, 4169387.13, 511.43);
insert into STATION values (1897, '-', 990, 269404.94, 4169387.10, 514.84);
insert into STATION values (1898, '-', 990, 269392.37, 4169382.79, 509.22);
insert into STATION values (1899, '-', 990, 269396.85, 4169383.67, 510.37);
insert into STATION values (1900, '-', 990, 269390.43, 4169380.33, 508.01);
insert into STATION values (1901, '-', 990, 269396.36, 4169369.06, 509.80);
insert into STATION values (1902, '-', 990, 269390.55, 4169370.14, 507.90);
insert into STATION values (1903, '-', 990, 269383.66, 4169374.67, 506.48);
insert into STATION values (1904, '-', 990, 269380.66, 4169378.00, 506.69);
insert into STATION values (1905, '-', 990, 269378.81, 4169380.72, 506.48);
insert into STATION values (1906, '-', 990, 269376.28, 4169388.65, 508.31);
insert into STATION values (1907, '-', 990, 269381.72, 4169392.63, 508.24);
insert into STATION values (1908, '-', 990, 269386.65, 4169391.28, 507.91);
insert into STATION values (1909, '-', 990, 269389.95, 4169391.21, 508.75);
insert into STATION values (1910, '-', 990, 269383.29, 4169385.40, 509.80);
insert into STATION values (1911, '-', 990, 269401.98, 4169374.18, 519.08);
insert into STATION values (1912, '-', 990, 269400.46, 4169374.15, 510.71);
insert into STATION values (1913, '-', 990, 269392.93, 4169376.42, 507.67);
insert into STATION values (1914, '-', 990, 269395.02, 4169375.98, 509.13);
insert into STATION values (1915, '-', 990, 269397.35, 4169375.30, 510.34);
insert into STATION values (1916, '-', 990, 269402.54, 4169373.54, 512.49);
insert into STATION values (1917, '-', 990, 269398.29, 4169372.12, 510.65);
insert into STATION values (1918, '-', 990, 269396.01, 4169371.00, 509.53);
insert into STATION values (1919, '-', 990, 269396.33, 4169365.72, 508.95);
insert into STATION values (1920, '-', 990, 269394.86, 4169363.71, 507.73);
insert into STATION values (1921, '-', 990, 269389.18, 4169373.89, 505.64);
insert into STATION values (1922, '-', 990, 269389.24, 4169373.05, 510.05);
insert into STATION values (1923, '-', 990, 269390.32, 4169374.66, 520.74);
insert into STATION values (1924, '-', 990, 269383.77, 4169370.23, 506.39);
insert into STATION values (1925, '-', 990, 269384.34, 4169372.85, 506.54);
insert into STATION values (1926, '-', 990, 269383.39, 4169374.75, 506.82);
insert into STATION values (1927, '-', 990, 269388.76, 4169368.31, 504.57);
insert into STATION values (1928, '-', 990, 269389.34, 4169366.98, 508.39);
insert into STATION values (1929, '-', 990, 269400.05, 4169360.30, 505.00);
insert into STATION values (1930, '-', 990, 269394.87, 4169366.07, 506.25);
insert into STATION values (1931, '-', 990, 269387.36, 4169359.78, 504.95);
insert into STATION values (1932, '-', 990, 269384.18, 4169361.74, 506.97);
insert into STATION values (1933, '-', 990, 269383.63, 4169365.20, 507.21);
insert into STATION values (1934, '-', 990, 269402.28, 4169353.64, 500.50);
insert into STATION values (1935, '-', 990, 269400.51, 4169356.30, 501.05);
insert into STATION values (1936, '-', 990, 269393.32, 4169368.63, 504.92);
insert into STATION values (1937, '-', 990, 269390.61, 4169366.82, 503.81);
insert into STATION values (1938, '-', 990, 269387.96, 4169359.60, 504.19);
insert into STATION values (1939, '-', 990, 269388.41, 4169355.91, 504.79);
insert into STATION values (1940, '-', 990, 269392.96, 4169352.91, 502.49);
insert into STATION values (1941, '-', 990, 269393.93, 4169351.21, 501.56);
insert into STATION values (1942, '-', 990, 269393.86, 4169350.68, 501.19);
insert into STATION values (1943, '-', 990, 269402.16, 4169350.27, 499.90);
insert into STATION values (1944, '-', 990, 269402.30, 4169350.51, 501.74);
insert into STATION values (1945, '-', 990, 269403.25, 4169351.07, 500.55);
insert into STATION values (1946, '-', 990, 269403.44, 4169349.84, 500.60);
insert into STATION values (1947, '-', 990, 269403.26, 4169348.82, 500.44);
insert into STATION values (1948, '-', 990, 269399.80, 4169348.44, 500.40);
insert into STATION values (1949, '-', 990, 269400.43, 4169339.99, 500.31);
insert into STATION values (1950, '-', 990, 269400.81, 4169341.63, 500.62);
insert into STATION values (1951, '-', 990, 269402.55, 4169340.82, 500.42);
insert into STATION values (1952, '-', 990, 269399.92, 4169345.61, 500.30);
insert into STATION values (1953, '-', 990, 269400.80, 4169346.52, 500.59);
insert into STATION values (1954, '-', 990, 269403.75, 4169345.05, 500.59);
insert into STATION values (1955, '-', 990, 269402.86, 4169340.84, 500.44);
insert into STATION values (1956, '-', 990, 269403.91, 4169340.34, 500.49);
insert into STATION values (1957, '-', 990, 269403.75, 4169338.95, 500.83);
insert into STATION values (1958, '-', 990, 269402.80, 4169339.71, 500.43);
insert into STATION values (1959, '-', 990, 269401.51, 4169339.06, 500.69);
insert into STATION values (1960, '-', 990, 269402.48, 4169340.48, 501.27);
insert into STATION values (1961, '-', 990, 269464.62, 4169344.81, 520.66);
insert into STATION values (1962, '-', 990, 269469.55, 4169342.37, 522.70);
insert into STATION values (1963, '-', 990, 269471.93, 4169338.51, 523.02);
insert into STATION values (1964, '-', 990, 269463.78, 4169337.91, 525.79);
insert into STATION values (1965, '-', 990, 269471.53, 4169336.64, 522.77);
insert into STATION values (1966, '-', 990, 269472.87, 4169335.43, 524.95);
insert into STATION values (1967, '-', 990, 269458.75, 4169336.08, 517.49);
insert into STATION values (1968, '-', 990, 269460.00, 4169331.40, 517.26);
insert into STATION values (1969, '-', 990, 269458.75, 4169328.47, 516.87);
insert into STATION values (1970, '-', 990, 269459.30, 4169326.89, 516.19);
insert into STATION values (1971, '-', 990, 269471.08, 4169330.34, 522.81);
insert into STATION values (1972, '-', 990, 269467.92, 4169329.93, 519.24);
insert into STATION values (1973, '-', 990, 269474.28, 4169332.15, 538.84);
insert into STATION values (1974, '-', 990, 269478.39, 4169333.00, 535.02);
insert into STATION values (1975, '-', 990, 269478.14, 4169328.91, 535.46);
insert into STATION values (1976, '-', 990, 269468.73, 4169329.98, 517.22);
insert into STATION values (1977, '-', 990, 269471.86, 4169325.96, 516.28);
insert into STATION values (1978, '-', 990, 269460.42, 4169330.42, 518.24);
insert into STATION values (1979, '-', 990, 269460.23, 4169330.41, 515.90);
insert into STATION values (1980, '-', 990, 269457.81, 4169328.49, 516.48);
insert into STATION values (1981, '-', 990, 269458.71, 4169327.16, 516.08);
insert into STATION values (1982, '-', 990, 269464.87, 4169321.73, 517.49);
insert into STATION values (1983, '-', 990, 269462.62, 4169322.28, 512.40);
insert into STATION values (1984, '-', 990, 269470.20, 4169328.16, 515.93);
insert into STATION values (1985, '-', 990, 269471.95, 4169325.91, 516.54);
insert into STATION values (1986, '-', 990, 269476.04, 4169320.90, 516.86);
insert into STATION values (1987, '-', 990, 269472.52, 4169312.35, 515.55);
insert into STATION values (1988, '-', 990, 269468.15, 4169312.89, 514.47);
insert into STATION values (1989, '-', 990, 269462.31, 4169316.03, 514.65);
insert into STATION values (1990, '-', 990, 269462.19, 4169320.37, 513.51);
insert into STATION values (1991, '-', 990, 269455.90, 4169316.37, 511.05);
insert into STATION values (1992, '-', 990, 269458.47, 4169326.26, 513.95);
insert into STATION values (1993, '-', 990, 269454.03, 4169327.88, 512.63);
insert into STATION values (1994, '-', 990, 269471.48, 4169313.57, 515.86);
insert into STATION values (1995, '-', 990, 269474.24, 4169313.04, 515.69);
insert into STATION values (1996, '-', 990, 269474.11, 4169317.61, 516.60);
insert into STATION values (1997, '-', 990, 269473.99, 4169317.26, 515.15);
insert into STATION values (1998, '-', 990, 269474.09, 4169322.88, 516.63);
insert into STATION values (1999, '-', 990, 269478.48, 4169322.18, 518.20);
insert into STATION values (2000, '-', 990, 269478.40, 4169320.23, 517.28);
insert into STATION values (2001, '-', 990, 269479.25, 4169314.92, 516.33);
insert into STATION values (2002, '-', 990, 269475.77, 4169315.45, 515.91);
insert into STATION values (2003, '-', 990, 269483.39, 4169316.12, 518.05);
insert into STATION values (2004, '-', 990, 269482.00, 4169315.45, 517.50);
insert into STATION values (2005, '-', 990, 269482.57, 4169315.18, 517.89);
insert into STATION values (2006, '-', 990, 269483.29, 4169319.32, 516.89);
insert into STATION values (2007, '-', 990, 269484.68, 4169318.11, 517.02);
insert into STATION values (2008, '-', 990, 269486.27, 4169316.23, 517.33);
insert into STATION values (2009, '-', 990, 269487.14, 4169314.94, 517.49);
insert into STATION values (2010, '-', 990, 269489.38, 4169313.67, 517.38);
insert into STATION values (2011, '-', 990, 269486.69, 4169315.93, 517.21);
insert into STATION values (2012, '-', 990, 269488.41, 4169314.66, 517.31);
insert into STATION values (2013, '-', 990, 269491.63, 4169312.37, 516.45);
insert into STATION values (2014, '-', 990, 269491.97, 4169310.25, 516.07);
insert into STATION values (2015, '-', 990, 269486.83, 4169313.39, 516.11);
insert into STATION values (2016, '-', 990, 269490.61, 4169308.52, 515.11);
insert into STATION values (2017, '-', 990, 269492.29, 4169308.05, 515.36);
insert into STATION values (2018, '-', 990, 269486.98, 4169313.31, 518.38);
insert into STATION values (2019, '-', 990, 269487.86, 4169308.92, 516.03);
insert into STATION values (2020, '-', 990, 269486.05, 4169308.30, 515.65);
insert into STATION values (2021, '-', 990, 269484.71, 4169306.98, 514.98);
insert into STATION values (2022, '-', 990, 269484.86, 4169310.98, 516.13);
insert into STATION values (2023, '-', 990, 269484.36, 4169312.26, 516.78);
insert into STATION values (2024, '-', 990, 269483.39, 4169312.80, 517.57);
insert into STATION values (2025, '-', 990, 269482.04, 4169313.23, 518.35);
insert into STATION values (2026, '-', 990, 269482.84, 4169315.27, 518.42);
insert into STATION values (2027, '-', 990, 269478.35, 4169316.50, 530.90);
insert into STATION values (2028, '-', 990, 269480.83, 4169313.22, 519.39);
insert into STATION values (2029, '-', 990, 269478.95, 4169313.98, 519.83);
insert into STATION values (2030, '-', 990, 269478.33, 4169314.60, 520.12);
insert into STATION values (2031, '-', 990, 269477.94, 4169315.01, 520.49);
insert into STATION values (2032, '-', 990, 269478.81, 4169315.92, 520.15);
insert into STATION values (2033, '-', 990, 269480.03, 4169315.41, 519.85);
insert into STATION values (2034, '-', 990, 269481.26, 4169315.42, 519.37);
insert into STATION values (2035, '-', 990, 269490.08, 4169308.70, 515.03);
insert into STATION values (2036, '-', 990, 269491.32, 4169308.64, 514.81);
insert into STATION values (2037, '-', 990, 269491.44, 4169309.02, 515.15);
insert into STATION values (2038, '-', 990, 269493.69, 4169307.13, 514.84);
insert into STATION values (2039, '-', 990, 269492.89, 4169308.93, 514.44);
insert into STATION values (2040, '-', 990, 269494.24, 4169308.49, 514.48);
insert into STATION values (2041, '-', 990, 269494.15, 4169307.87, 514.45);
insert into STATION values (2042, '-', 990, 269495.24, 4169308.05, 514.77);
insert into STATION values (2043, '-', 990, 269496.01, 4169307.40, 514.70);
insert into STATION values (2044, '-', 990, 269494.69, 4169306.70, 514.34);
insert into STATION values (2045, '-', 990, 269494.11, 4169306.10, 514.14);
insert into STATION values (2046, '-', 990, 269492.80, 4169305.82, 513.82);
insert into STATION values (2047, '-', 990, 269492.05, 4169305.98, 513.49);
insert into STATION values (2048, '-', 990, 269491.33, 4169307.67, 513.66);
insert into STATION values (2049, '-', 990, 269490.21, 4169306.76, 513.15);
insert into STATION values (2050, '-', 990, 269490.14, 4169305.81, 512.52);
insert into STATION values (2051, '-', 990, 269486.10, 4169308.14, 515.26);
insert into STATION values (2052, '-', 990, 269484.40, 4169306.62, 514.80);
insert into STATION values (2053, '-', 990, 269482.55, 4169306.19, 514.30);
insert into STATION values (2054, '-', 990, 269485.97, 4169308.77, 516.55);
insert into STATION values (2055, '-', 990, 269483.28, 4169310.05, 515.04);
insert into STATION values (2056, '-', 990, 269481.69, 4169309.31, 514.32);
insert into STATION values (2057, '-', 990, 269479.16, 4169308.99, 513.55);
insert into STATION values (2058, '-', 990, 269473.46, 4169302.93, 512.20);
insert into STATION values (2059, '-', 990, 269473.70, 4169304.56, 511.55);
insert into STATION values (2060, '-', 990, 269472.68, 4169304.60, 511.37);
insert into STATION values (2061, '-', 990, 269471.67, 4169305.23, 511.34);
insert into STATION values (2062, '-', 990, 269468.85, 4169305.55, 511.20);
insert into STATION values (2063, '-', 990, 269464.33, 4169306.86, 510.84);
insert into STATION values (2064, '-', 990, 269476.82, 4169302.67, 512.18);
insert into STATION values (2065, '-', 990, 269472.70, 4169300.95, 511.48);
insert into STATION values (2066, '-', 990, 269469.48, 4169300.49, 511.13);
insert into STATION values (2067, '-', 990, 269465.21, 4169306.53, 509.37);
insert into STATION values (2068, '-', 990, 269460.94, 4169306.90, 509.99);
insert into STATION values (2069, '-', 990, 269459.64, 4169306.13, 509.82);
insert into STATION values (2070, '-', 990, 269457.39, 4169303.94, 509.03);
insert into STATION values (2071, '-', 990, 269458.38, 4169303.90, 508.79);
insert into STATION values (2072, '-', 990, 269460.16, 4169299.07, 509.68);
insert into STATION values (2073, '-', 990, 269460.42, 4169299.20, 507.78);
insert into STATION values (2074, '-', 990, 269465.85, 4169299.31, 509.72);
insert into STATION values (2075, '-', 990, 269465.44, 4169298.11, 509.52);
insert into STATION values (2076, '-', 990, 269468.91, 4169297.18, 510.18);
insert into STATION values (2077, '-', 990, 269457.77, 4169298.09, 509.01);
insert into STATION values (2078, '-', 990, 269456.34, 4169303.33, 509.20);
insert into STATION values (2079, '-', 990, 269459.05, 4169303.94, 509.00);
insert into STATION values (2080, '-', 990, 269462.26, 4169307.10, 509.41);
insert into STATION values (2081, '-', 990, 269460.22, 4169300.08, 509.73);
insert into STATION values (2082, '-', 990, 269459.87, 4169301.57, 507.61);
insert into STATION values (2083, '-', 990, 269454.92, 4169308.98, 509.75);
insert into STATION values (2084, '-', 990, 269455.94, 4169306.69, 509.54);
insert into STATION values (2085, '-', 990, 269455.83, 4169305.41, 509.31);
insert into STATION values (2086, '-', 990, 269451.86, 4169309.76, 510.11);
insert into STATION values (2087, '-', 990, 269451.50, 4169307.70, 509.75);
insert into STATION values (2088, '-', 990, 269449.24, 4169302.96, 509.14);
insert into STATION values (2089, '-', 990, 269451.19, 4169301.32, 508.78);
insert into STATION values (2090, '-', 990, 269453.51, 4169307.06, 510.09);
insert into STATION values (2091, '-', 990, 269454.11, 4169306.10, 508.24);
insert into STATION values (2092, '-', 990, 269452.89, 4169311.76, 511.17);
insert into STATION values (2093, '-', 990, 269451.35, 4169311.76, 511.55);
insert into STATION values (2094, '-', 990, 269450.84, 4169309.19, 511.90);
insert into STATION values (2095, '-', 990, 269453.94, 4169308.66, 511.58);
insert into STATION values (2096, '-', 990, 269457.51, 4169312.64, 511.96);
insert into STATION values (2097, '-', 990, 269454.61, 4169311.85, 512.46);
insert into STATION values (2098, '-', 990, 269454.36, 4169311.53, 510.58);
insert into STATION values (2099, '-', 990, 269456.40, 4169313.54, 511.46);
insert into STATION values (2100, '-', 990, 269460.22, 4169314.39, 512.05);
insert into STATION values (2101, '-', 990, 269462.08, 4169318.73, 512.22);
insert into STATION values (2102, '-', 990, 269457.17, 4169326.00, 512.08);
insert into STATION values (2103, '-', 990, 269455.31, 4169327.16, 511.79);
insert into STATION values (2104, '-', 990, 269444.38, 4169317.78, 512.18);
insert into STATION values (2105, '-', 990, 269455.74, 4169316.63, 515.55);
insert into STATION values (2106, '-', 990, 269455.45, 4169315.91, 510.47);
insert into STATION values (2107, '-', 990, 269459.82, 4169324.84, 512.31);
insert into STATION values (2108, '-', 990, 269454.73, 4169327.20, 511.99);
insert into STATION values (2109, '-', 990, 269450.18, 4169329.04, 511.53);
insert into STATION values (2110, '-', 990, 269445.07, 4169324.19, 510.61);
insert into STATION values (2111, '-', 990, 269451.19, 4169313.43, 512.15);
insert into STATION values (2112, '-', 990, 269448.49, 4169310.20, 512.65);
insert into STATION values (2113, '-', 990, 269453.69, 4169315.56, 511.48);
insert into STATION values (2114, '-', 990, 269434.00, 4169332.52, 509.59);
insert into STATION values (2115, '-', 990, 269458.17, 4169321.26, 512.39);
insert into STATION values (2116, '-', 990, 269457.28, 4169321.06, 509.64);
insert into STATION values (2117, '-', 990, 269337.96, 4169303.49, 499.22);
insert into STATION values (2118, '-', 990, 269336.72, 4169300.82, 498.24);
insert into STATION values (2119, '-', 990, 269341.61, 4169293.73, 499.80);
insert into STATION values (2120, '-', 990, 269356.92, 4169305.13, 499.62);
insert into STATION values (2121, '-', 990, 269349.49, 4169310.06, 500.14);
insert into STATION values (2122, '-', 990, 269344.29, 4169312.07, 499.91);
insert into STATION values (2123, '-', 990, 269342.72, 4169310.82, 499.77);
insert into STATION values (2124, '-', 990, 269343.91, 4169308.17, 500.26);
insert into STATION values (2125, '-', 990, 269343.67, 4169307.17, 497.70);
insert into STATION values (2126, '-', 990, 269334.98, 4169300.70, 498.04);
insert into STATION values (2127, '-', 990, 269338.63, 4169300.04, 498.93);
insert into STATION values (2128, '-', 990, 269341.34, 4169295.07, 499.12);
insert into STATION values (2129, '-', 990, 269342.73, 4169293.61, 499.48);
insert into STATION values (2130, '-', 990, 269344.81, 4169311.84, 499.79);
insert into STATION values (2131, '-', 990, 269332.05, 4169310.79, 499.00);
insert into STATION values (2132, '-', 990, 269334.10, 4169312.29, 500.62);
insert into STATION values (2133, '-', 990, 269341.30, 4169308.85, 499.99);
insert into STATION values (2134, '-', 990, 269341.54, 4169308.66, 498.27);
insert into STATION values (2135, '-', 990, 269359.28, 4169282.93, 500.65);
insert into STATION values (2136, '-', 990, 269365.26, 4169290.16, 499.93);
insert into STATION values (2137, '-', 990, 269366.06, 4169288.58, 500.78);
insert into STATION values (2138, '-', 990, 269342.68, 4169288.16, 499.45);
insert into STATION values (2139, '-', 990, 269343.96, 4169293.30, 499.14);
insert into STATION values (2140, '-', 990, 269336.56, 4169299.62, 499.95);
insert into STATION values (2141, '-', 990, 269332.99, 4169261.37, 499.55);
insert into STATION values (2142, '-', 990, 269347.05, 4169260.07, 499.45);
insert into STATION values (2143, '-', 990, 269358.37, 4169257.21, 499.22);
insert into STATION values (2144, '-', 990, 269351.28, 4169284.33, 500.74);
insert into STATION values (2145, '-', 990, 269352.06, 4169282.88, 496.49);
insert into STATION values (2146, '-', 990, 269323.20, 4169306.21, 498.55);
insert into STATION values (2147, '-', 990, 269324.37, 4169302.98, 496.78);
insert into STATION values (2148, '-', 990, 269328.50, 4169301.20, 497.14);
insert into STATION values (2149, '-', 990, 269332.50, 4169299.59, 497.18);
insert into STATION values (2150, '-', 990, 269336.20, 4169300.89, 498.11);
insert into STATION values (2151, '-', 990, 269326.42, 4169313.62, 501.62);
insert into STATION values (2152, '-', 990, 269319.06, 4169316.14, 502.04);
insert into STATION values (2153, '-', 990, 269331.84, 4169310.63, 499.01);
insert into STATION values (2154, '-', 990, 269331.13, 4169310.13, 501.02);
insert into STATION values (2155, '-', 990, 269328.35, 4169306.23, 496.67);
insert into STATION values (2156, '-', 990, 269311.29, 4169300.79, 498.62);
insert into STATION values (2157, '-', 990, 269314.96, 4169300.86, 497.64);
insert into STATION values (2158, '-', 990, 269310.51, 4169308.74, 498.37);
insert into STATION values (2159, '-', 990, 269313.05, 4169310.76, 498.75);
insert into STATION values (2160, '-', 990, 269311.09, 4169307.74, 499.05);
insert into STATION values (2161, '-', 990, 269310.13, 4169305.94, 497.50);
insert into STATION values (2162, '-', 990, 269368.95, 4169305.02, 499.71);
insert into STATION values (2163, '-', 990, 269361.00, 4169306.19, 499.65);
insert into STATION values (2164, '-', 990, 269357.45, 4169305.33, 499.45);
insert into STATION values (2165, '-', 990, 269352.48, 4169306.68, 499.89);
insert into STATION values (2166, '-', 990, 269372.62, 4169292.71, 500.93);
insert into STATION values (2167, '-', 990, 269367.80, 4169292.54, 500.39);
insert into STATION values (2168, '-', 990, 269363.06, 4169295.72, 499.70);
insert into STATION values (2169, '-', 990, 269358.98, 4169301.59, 500.33);
insert into STATION values (2170, '-', 990, 269359.26, 4169300.17, 497.25);
insert into STATION values (2171, '-', 990, 269391.18, 4169291.99, 504.63);
insert into STATION values (2172, '-', 990, 269392.16, 4169303.44, 506.19);
insert into STATION values (2173, '-', 990, 269396.10, 4169300.22, 504.80);
insert into STATION values (2174, '-', 990, 269391.33, 4169292.31, 503.61);
insert into STATION values (2175, '-', 990, 269381.20, 4169303.33, 504.53);
insert into STATION values (2176, '-', 990, 269375.94, 4169301.83, 502.06);
insert into STATION values (2177, '-', 990, 269373.92, 4169293.64, 502.00);
insert into STATION values (2178, '-', 990, 269379.26, 4169292.70, 502.37);
insert into STATION values (2179, '-', 990, 269382.17, 4169280.33, 502.70);
insert into STATION values (2180, '-', 990, 269385.69, 4169290.09, 503.78);
insert into STATION values (2181, '-', 990, 269384.64, 4169291.90, 502.10);
insert into STATION values (2182, '-', 990, 269411.40, 4169268.92, 503.09);
insert into STATION values (2183, '-', 990, 269401.64, 4169254.85, 503.33);
insert into STATION values (2184, '-', 990, 269390.25, 4169261.52, 503.38);
insert into STATION values (2185, '-', 990, 269382.73, 4169260.83, 503.01);
insert into STATION values (2186, '-', 990, 269382.96, 4169280.01, 502.13);
insert into STATION values (2187, '-', 990, 269394.40, 4169272.32, 504.23);
insert into STATION values (2188, '-', 990, 269392.77, 4169267.19, 499.82);
insert into STATION values (2189, '-', 990, 269381.51, 4169259.27, 501.03);
insert into STATION values (2190, '-', 990, 269373.13, 4169257.66, 500.65);
insert into STATION values (2191, '-', 990, 269386.36, 4169260.73, 501.53);
insert into STATION values (2192, '-', 990, 269380.81, 4169269.51, 503.58);
insert into STATION values (2193, '-', 990, 269365.94, 4169275.51, 501.38);
insert into STATION values (2194, '-', 990, 269376.17, 4169280.21, 502.39);
insert into STATION values (2195, '-', 990, 269388.02, 4169281.37, 502.47);
insert into STATION values (2196, '-', 990, 269406.15, 4169252.33, 502.75);
insert into STATION values (2197, '-', 990, 269410.39, 4169251.04, 503.72);
insert into STATION values (2198, '-', 990, 269399.75, 4169257.88, 502.40);
insert into STATION values (2199, '-', 990, 269408.84, 4169260.10, 504.98);
insert into STATION values (2200, '-', 990, 269411.06, 4169267.68, 503.21);
insert into STATION values (2201, '-', 990, 269414.73, 4169267.46, 503.35);
insert into STATION values (2202, '-', 990, 269431.14, 4169256.77, 505.37);
insert into STATION values (2203, '-', 990, 269419.26, 4169248.32, 503.15);
insert into STATION values (2204, '-', 990, 269413.95, 4169249.01, 503.89);
insert into STATION values (2205, '-', 990, 269422.79, 4169245.41, 503.73);
insert into STATION values (2206, '-', 990, 269420.36, 4169250.66, 505.22);
insert into STATION values (2207, '-', 990, 269429.82, 4169249.80, 503.62);
insert into STATION values (2208, '-', 990, 269428.41, 4169254.29, 504.16);
insert into STATION values (2209, '-', 990, 269421.36, 4169270.44, 504.27);
insert into STATION values (2210, '-', 990, 269440.94, 4169241.64, 503.10);
insert into STATION values (2211, '-', 990, 269444.70, 4169242.15, 502.87);
insert into STATION values (2212, '-', 990, 269438.61, 4169240.31, 502.79);
insert into STATION values (2213, '-', 990, 269430.64, 4169236.92, 502.53);
insert into STATION values (2214, '-', 990, 269423.54, 4169243.75, 502.53);
insert into STATION values (2215, '-', 990, 269439.81, 4169243.52, 503.94);
insert into STATION values (2216, '-', 990, 269441.84, 4169246.37, 503.05);
insert into STATION values (2217, '-', 990, 269438.26, 4169247.56, 503.27);
insert into STATION values (2218, '-', 990, 269435.68, 4169248.52, 503.23);
insert into STATION values (2219, '-', 990, 269442.73, 4169225.86, 501.53);
insert into STATION values (2220, '-', 990, 269456.37, 4169241.29, 503.22);
insert into STATION values (2221, '-', 990, 269445.02, 4169228.64, 501.66);
insert into STATION values (2222, '-', 990, 269441.94, 4169238.18, 502.28);
insert into STATION values (2223, '-', 990, 269455.43, 4169243.51, 504.07);
insert into STATION values (2224, '-', 990, 269443.02, 4169246.54, 502.63);
insert into STATION values (2225, '-', 990, 269442.59, 4169250.88, 502.72);
insert into STATION values (2226, '-', 990, 269448.47, 4169250.29, 502.75);
insert into STATION values (2227, '-', 990, 269452.64, 4169252.46, 503.21);
insert into STATION values (2228, '-', 990, 269460.85, 4169250.02, 503.63);
insert into STATION values (2229, '-', 990, 269466.29, 4169249.62, 504.04);
insert into STATION values (2230, '-', 990, 269463.03, 4169241.72, 503.29);
insert into STATION values (2231, '-', 990, 269466.48, 4169240.12, 503.78);
insert into STATION values (2232, '-', 990, 269470.15, 4169240.04, 503.90);
insert into STATION values (2233, '-', 990, 269473.00, 4169240.42, 504.26);
insert into STATION values (2234, '-', 990, 269470.89, 4169244.12, 505.05);
insert into STATION values (2235, '-', 990, 269461.40, 4169250.68, 503.94);
insert into STATION values (2236, '-', 990, 269468.17, 4169249.40, 504.22);
insert into STATION values (2237, '-', 990, 269471.88, 4169249.11, 504.26);
insert into STATION values (2238, '-', 990, 269475.52, 4169252.43, 504.81);
insert into STATION values (2239, '-', 990, 269479.95, 4169251.15, 505.22);
insert into STATION values (2240, '-', 990, 269479.68, 4169245.95, 504.73);
insert into STATION values (2241, '-', 990, 269475.12, 4169238.03, 504.52);
insert into STATION values (2242, '-', 990, 269472.35, 4169232.47, 504.48);
insert into STATION values (2243, '-', 990, 269473.21, 4169239.94, 504.26);
insert into STATION values (2244, '-', 990, 269477.48, 4169238.78, 505.34);
insert into STATION values (2245, '-', 990, 269479.60, 4169234.57, 504.89);
insert into STATION values (2246, '-', 990, 269480.70, 4169236.59, 504.87);
insert into STATION values (2247, '-', 990, 269482.90, 4169240.60, 504.55);
insert into STATION values (2248, '-', 990, 269480.18, 4169242.96, 504.73);
insert into STATION values (2249, '-', 990, 269477.43, 4169245.06, 504.78);
insert into STATION values (2250, '-', 990, 269473.37, 4169234.63, 504.67);
insert into STATION values (2251, '-', 990, 269474.85, 4169233.95, 505.87);
insert into STATION values (2252, '-', 990, 269475.89, 4169231.69, 504.95);
insert into STATION values (2253, '-', 990, 269477.88, 4169231.99, 505.23);
insert into STATION values (2254, '-', 990, 269470.95, 4169226.21, 503.78);
insert into STATION values (2255, '-', 990, 269470.85, 4169224.44, 503.60);
insert into STATION values (2256, '-', 990, 269467.61, 4169222.96, 503.41);
insert into STATION values (2257, '-', 990, 269470.95, 4169229.87, 503.58);
insert into STATION values (2258, '-', 990, 269472.61, 4169225.22, 504.43);
insert into STATION values (2259, '-', 990, 269471.38, 4169220.38, 503.75);
insert into STATION values (2260, '-', 990, 269473.85, 4169222.30, 503.90);
insert into STATION values (2261, '-', 990, 269475.56, 4169222.99, 503.68);
insert into STATION values (2262, '-', 990, 269477.02, 4169226.38, 503.75);
insert into STATION values (2263, '-', 990, 269467.86, 4169223.44, 503.64);
insert into STATION values (2264, '-', 990, 269466.58, 4169222.32, 503.61);
insert into STATION values (2265, '-', 990, 269469.54, 4169224.73, 503.70);
insert into STATION values (2266, '-', 990, 269469.13, 4169221.93, 504.40);
insert into STATION values (2267, '-', 990, 269463.05, 4169218.16, 503.05);
insert into STATION values (2268, '-', 990, 269467.56, 4169218.08, 503.80);
insert into STATION values (2269, '-', 990, 269470.98, 4169218.50, 503.95);
insert into STATION values (2270, '-', 990, 269471.92, 4169217.96, 504.06);
insert into STATION values (2271, '-', 990, 269464.99, 4169222.88, 502.98);
insert into STATION values (2272, '-', 990, 269461.66, 4169224.65, 502.63);
insert into STATION values (2273, '-', 990, 269457.27, 4169226.32, 502.89);
insert into STATION values (2274, '-', 990, 269461.41, 4169221.24, 503.89);
insert into STATION values (2275, '-', 990, 269457.19, 4169218.64, 502.22);
insert into STATION values (2276, '-', 990, 269459.44, 4169218.23, 502.20);
insert into STATION values (2277, '-', 990, 269462.05, 4169217.61, 502.63);
insert into STATION values (2278, '-', 990, 269463.59, 4169217.94, 503.27);
insert into STATION values (2279, '-', 990, 269459.34, 4169222.67, 503.38);
insert into STATION values (2280, '-', 990, 269450.80, 4169223.75, 503.08);
insert into STATION values (2281, '-', 990, 269448.95, 4169223.03, 503.38);
insert into STATION values (2282, '-', 990, 269450.82, 4169224.40, 502.75);
insert into STATION values (2283, '-', 990, 269446.68, 4169221.19, 502.51);
insert into STATION values (2284, '-', 990, 269449.49, 4169221.01, 502.50);
insert into STATION values (2285, '-', 990, 269451.86, 4169221.88, 502.52);
insert into STATION values (2286, '-', 990, 269451.00, 4169218.01, 502.22);
insert into STATION values (2287, '-', 990, 269449.77, 4169218.40, 502.36);
insert into STATION values (2288, '-', 990, 269453.17, 4169218.93, 502.28);
insert into STATION values (2289, '-', 990, 269442.95, 4169227.75, 502.06);
insert into STATION values (2290, '-', 990, 269445.97, 4169225.59, 502.19);
insert into STATION values (2291, '-', 990, 269449.56, 4169224.74, 502.18);
insert into STATION values (2292, '-', 990, 269444.76, 4169223.77, 503.55);
insert into STATION values (2293, '-', 990, 269442.88, 4169223.31, 502.58);
insert into STATION values (2294, '-', 990, 269443.37, 4169222.32, 502.46);
insert into STATION values (2295, '-', 990, 269439.75, 4169220.11, 502.13);
insert into STATION values (2296, '-', 990, 269436.72, 4169222.85, 501.95);
insert into STATION values (2297, '-', 990, 269445.50, 4169223.76, 503.68);
insert into STATION values (2298, '-', 990, 269440.51, 4169229.05, 502.35);
insert into STATION values (2299, '-', 990, 269443.88, 4169232.78, 502.64);
insert into STATION values (2300, '-', 990, 269442.37, 4169228.45, 502.54);
insert into STATION values (2301, '-', 990, 269439.75, 4169226.43, 506.67);
insert into STATION values (2302, '-', 990, 269438.07, 4169226.36, 504.63);
insert into STATION values (2303, '-', 990, 269438.77, 4169227.12, 502.96);
insert into STATION values (2304, '-', 990, 269440.42, 4169226.25, 503.23);
insert into STATION values (2305, '-', 990, 269438.55, 4169221.31, 502.44);
insert into STATION values (2306, '-', 990, 269436.17, 4169223.64, 502.17);
insert into STATION values (2307, '-', 990, 269435.46, 4169225.78, 502.26);
insert into STATION values (2308, '-', 990, 269433.76, 4169227.67, 502.18);
insert into STATION values (2309, '-', 990, 269435.45, 4169228.28, 502.24);
insert into STATION values (2310, '-', 990, 269439.75, 4169231.61, 502.50);
insert into STATION values (2311, '-', 990, 269437.83, 4169237.42, 503.37);
insert into STATION values (2312, '-', 990, 269438.34, 4169233.59, 503.13);
insert into STATION values (2313, '-', 990, 269434.93, 4169232.53, 502.48);
insert into STATION values (2314, '-', 990, 269431.14, 4169236.81, 503.39);
insert into STATION values (2315, '-', 990, 269434.10, 4169239.29, 504.64);
insert into STATION values (2316, '-', 990, 269473.40, 4169251.20, 505.51);
insert into STATION values (2317, '-', 990, 269472.23, 4169252.47, 505.82);
insert into STATION values (2318, '-', 990, 269472.01, 4169254.57, 506.40);
insert into STATION values (2319, '-', 990, 269474.63, 4169255.78, 505.80);
insert into STATION values (2320, '-', 990, 269476.61, 4169253.99, 506.17);
insert into STATION values (2321, '-', 990, 269475.68, 4169252.75, 506.74);
insert into STATION values (2322, '-', 990, 269464.94, 4169263.85, 504.74);
insert into STATION values (2323, '-', 990, 269463.83, 4169262.22, 504.95);
insert into STATION values (2324, '-', 990, 269466.55, 4169265.57, 504.83);
insert into STATION values (2325, '-', 990, 269476.52, 4169252.37, 506.80);
insert into STATION values (2326, '-', 990, 269480.48, 4169251.23, 506.02);
insert into STATION values (2327, '-', 990, 269483.42, 4169248.16, 506.29);
insert into STATION values (2328, '-', 990, 269482.15, 4169246.48, 506.13);
insert into STATION values (2329, '-', 990, 269478.80, 4169245.02, 504.47);
insert into STATION values (2330, '-', 990, 269420.57, 4169268.81, 502.78);
insert into STATION values (2331, '-', 990, 269420.05, 4169270.69, 504.17);
insert into STATION values (2332, '-', 990, 269422.55, 4169273.14, 504.55);
insert into STATION values (2333, '-', 990, 269420.66, 4169265.91, 505.83);
insert into STATION values (2334, '-', 990, 269415.06, 4169267.28, 504.05);
insert into STATION values (2335, '-', 990, 269410.22, 4169266.25, 503.90);
insert into STATION values (2336, '-', 990, 269416.59, 4169263.04, 505.08);
insert into STATION values (2337, '-', 990, 269414.90, 4169272.77, 504.50);
insert into STATION values (2338, '-', 990, 269436.67, 4169260.55, 504.75);
insert into STATION values (2339, '-', 990, 269432.67, 4169256.24, 504.26);
insert into STATION values (2340, '-', 990, 269429.48, 4169254.74, 504.50);
insert into STATION values (2341, '-', 990, 269427.07, 4169253.89, 504.35);
insert into STATION values (2342, '-', 990, 269452.03, 4169260.73, 504.81);
insert into STATION values (2343, '-', 990, 269454.09, 4169260.92, 504.94);
insert into STATION values (2344, '-', 990, 269442.53, 4169266.74, 504.47);
insert into STATION values (2345, '-', 990, 269442.11, 4169261.72, 504.20);
insert into STATION values (2346, '-', 990, 269438.51, 4169261.15, 504.08);
insert into STATION values (2347, '-', 990, 269436.48, 4169273.27, 508.21);
insert into STATION values (2348, '-', 990, 269440.66, 4169280.92, 506.93);
insert into STATION values (2349, '-', 990, 269436.94, 4169282.63, 507.08);
insert into STATION values (2350, '-', 990, 269428.69, 4169293.97, 508.67);
insert into STATION values (2351, '-', 990, 269422.84, 4169275.27, 504.91);
insert into STATION values (2352, '-', 990, 269440.76, 4169271.67, 506.22);
insert into STATION values (2353, '-', 990, 269446.34, 4169275.10, 508.16);
insert into STATION values (2354, '-', 990, 269448.97, 4169276.41, 508.56);
insert into STATION values (2355, '-', 990, 269447.47, 4169275.99, 508.66);
insert into STATION values (2356, '-', 990, 269447.65, 4169277.51, 509.87);
insert into STATION values (2357, '-', 990, 269450.60, 4169280.77, 508.93);
insert into STATION values (2358, '-', 990, 269456.00, 4169273.97, 508.28);
insert into STATION values (2359, '-', 990, 269453.31, 4169274.84, 508.20);
insert into STATION values (2360, '-', 990, 269459.85, 4169275.33, 508.51);
insert into STATION values (2361, '-', 990, 269447.32, 4169279.79, 509.12);
insert into STATION values (2362, '-', 990, 269451.71, 4169281.90, 508.97);
insert into STATION values (2363, '-', 990, 269449.88, 4169288.04, 508.73);
insert into STATION values (2364, '-', 990, 269455.39, 4169276.51, 510.45);
insert into STATION values (2365, '-', 990, 269467.13, 4169277.73, 509.29);
insert into STATION values (2366, '-', 990, 269471.65, 4169282.88, 510.60);
insert into STATION values (2367, '-', 990, 269467.03, 4169273.58, 508.61);
insert into STATION values (2368, '-', 990, 269459.15, 4169279.59, 510.15);
insert into STATION values (2369, '-', 990, 269472.98, 4169284.30, 509.79);
insert into STATION values (2370, '-', 990, 269468.82, 4169284.41, 508.50);
insert into STATION values (2371, '-', 990, 269463.77, 4169275.20, 508.90);
insert into STATION values (2372, '-', 990, 269461.02, 4169276.96, 508.64);
insert into STATION values (2373, '-', 990, 269467.99, 4169290.33, 512.81);
insert into STATION values (2374, '-', 990, 269455.05, 4169292.38, 508.15);
insert into STATION values (2375, '-', 990, 269455.79, 4169294.56, 507.68);
insert into STATION values (2376, '-', 990, 269458.22, 4169298.14, 508.21);
insert into STATION values (2377, '-', 990, 269466.25, 4169298.27, 509.09);
insert into STATION values (2378, '-', 990, 269479.43, 4169298.11, 509.81);
insert into STATION values (2379, '-', 990, 269473.44, 4169300.34, 509.97);
insert into STATION values (2380, '-', 990, 269466.90, 4169298.65, 509.73);
insert into STATION values (2381, '-', 990, 269475.49, 4169287.85, 511.88);
insert into STATION values (2382, '-', 990, 269474.58, 4169285.02, 510.27);
insert into STATION values (2383, '-', 990, 269478.43, 4169278.45, 510.14);
insert into STATION values (2384, '-', 990, 269471.21, 4169284.65, 509.78);
insert into STATION values (2385, '-', 990, 269485.52, 4169296.62, 510.14);
insert into STATION values (2386, '-', 990, 269488.77, 4169293.50, 510.41);
insert into STATION values (2387, '-', 990, 269494.28, 4169293.03, 511.24);
insert into STATION values (2388, '-', 990, 269498.69, 4169291.91, 512.69);
insert into STATION values (2389, '-', 990, 269489.56, 4169287.46, 512.86);
insert into STATION values (2390, '-', 990, 269498.80, 4169284.41, 511.45);
insert into STATION values (2391, '-', 990, 269497.26, 4169282.13, 511.32);
insert into STATION values (2392, '-', 990, 269493.31, 4169281.43, 510.79);
insert into STATION values (2393, '-', 990, 269476.89, 4169280.00, 509.43);
insert into STATION values (2394, '-', 990, 269475.55, 4169284.18, 509.54);
insert into STATION values (2395, '-', 990, 269485.03, 4169280.83, 510.40);
insert into STATION values (2396, '-', 990, 269486.89, 4169276.34, 510.83);
insert into STATION values (2397, '-', 990, 269487.95, 4169276.57, 510.18);
insert into STATION values (2398, '-', 990, 269490.70, 4169272.37, 509.56);
insert into STATION values (2399, '-', 990, 269498.44, 4169272.98, 508.66);
insert into STATION values (2400, '-', 990, 269494.82, 4169278.58, 509.20);
insert into STATION values (2401, '-', 990, 269493.12, 4169281.34, 510.18);
insert into STATION values (2402, '-', 990, 269486.62, 4169281.91, 512.11);
insert into STATION values (2403, '-', 990, 269488.84, 4169271.88, 509.77);
insert into STATION values (2404, '-', 990, 269487.35, 4169273.18, 510.03);
insert into STATION values (2405, '-', 990, 269495.18, 4169276.87, 509.93);
insert into STATION values (2406, '-', 990, 269498.47, 4169276.27, 510.19);
insert into STATION values (2407, '-', 990, 269504.18, 4169270.95, 509.11);
insert into STATION values (2408, '-', 990, 269496.82, 4169263.77, 508.26);
insert into STATION values (2409, '-', 990, 269494.09, 4169267.71, 508.68);
insert into STATION values (2410, '-', 990, 269492.69, 4169275.38, 511.38);
insert into STATION values (2411, '-', 990, 269493.33, 4169273.65, 510.97);
insert into STATION values (2412, '-', 990, 269503.27, 4169272.31, 509.37);
insert into STATION values (2413, '-', 990, 269505.34, 4169267.97, 508.84);
insert into STATION values (2414, '-', 990, 269505.97, 4169266.29, 508.48);
insert into STATION values (2415, '-', 990, 269502.47, 4169264.36, 508.22);
insert into STATION values (2416, '-', 990, 269499.90, 4169261.95, 507.83);
insert into STATION values (2417, '-', 990, 269497.11, 4169260.30, 507.32);
insert into STATION values (2418, '-', 990, 269494.07, 4169259.78, 506.94);
insert into STATION values (2419, '-', 990, 269489.93, 4169257.49, 506.56);
insert into STATION values (2420, '-', 990, 269493.73, 4169263.65, 507.26);
insert into STATION values (2421, '-', 990, 269491.55, 4169265.86, 507.75);
insert into STATION values (2422, '-', 990, 269494.03, 4169267.32, 508.59);
insert into STATION values (2423, '-', 990, 269498.85, 4169268.37, 510.25);
insert into STATION values (2424, '-', 990, 269503.87, 4169282.89, 512.20);
insert into STATION values (2425, '-', 990, 269501.09, 4169283.44, 511.91);
insert into STATION values (2426, '-', 990, 269499.42, 4169284.05, 511.82);
insert into STATION values (2427, '-', 990, 269506.35, 4169282.85, 512.24);
insert into STATION values (2428, '-', 990, 269510.72, 4169281.37, 512.02);
insert into STATION values (2429, '-', 990, 269512.64, 4169283.56, 512.06);
insert into STATION values (2430, '-', 990, 269511.33, 4169286.28, 512.47);
insert into STATION values (2431, '-', 990, 269511.42, 4169288.89, 512.88);
insert into STATION values (2432, '-', 990, 269499.61, 4169287.31, 512.36);
insert into STATION values (2433, '-', 990, 269503.58, 4169287.34, 512.50);
insert into STATION values (2434, '-', 990, 269503.37, 4169284.74, 514.16);
insert into STATION values (2435, '-', 990, 269505.85, 4169294.86, 514.72);
insert into STATION values (2436, '-', 990, 269515.83, 4169294.30, 515.22);
insert into STATION values (2437, '-', 990, 269513.19, 4169296.35, 526.72);
insert into STATION values (2438, '-', 990, 269513.62, 4169296.93, 521.87);
insert into STATION values (2439, '-', 990, 269513.74, 4169297.39, 526.55);
insert into STATION values (2440, '-', 990, 269514.25, 4169294.76, 522.81);
insert into STATION values (2441, '-', 990, 269516.90, 4169296.21, 522.23);
insert into STATION values (2442, '-', 990, 269517.86, 4169294.58, 520.18);
insert into STATION values (2443, '-', 990, 269520.10, 4169294.64, 517.32);
insert into STATION values (2444, '-', 990, 269514.41, 4169297.33, 516.86);
insert into STATION values (2445, '-', 990, 269512.01, 4169297.84, 516.29);
insert into STATION values (2446, '-', 990, 269510.37, 4169296.72, 516.57);
insert into STATION values (2447, '-', 990, 269507.77, 4169297.28, 520.04);
insert into STATION values (2448, '-', 990, 269508.19, 4169296.93, 522.15);
insert into STATION values (2449, '22.8.9b', 990, 269505.47, 4169299.65, 529.63);
insert into STATION values (2450, '-', 990, 269510.04, 4169297.40, 531.51);
insert into STATION values (2451, '-', 990, 269510.13, 4169293.96, 515.45);
insert into STATION values (2452, '-', 990, 269511.88, 4169290.77, 514.60);
insert into STATION values (2453, '-', 990, 269514.75, 4169290.30, 514.77);
insert into STATION values (2454, '-', 990, 269517.91, 4169296.51, 516.21);
insert into STATION values (2455, '-', 990, 269521.23, 4169295.72, 515.77);
insert into STATION values (2456, '-', 990, 269525.29, 4169296.89, 515.67);
insert into STATION values (2457, '-', 990, 269518.47, 4169289.78, 514.73);
insert into STATION values (2458, '-', 990, 269520.07, 4169289.77, 515.29);
insert into STATION values (2459, '-', 990, 269522.94, 4169288.98, 515.50);
insert into STATION values (2460, '-', 990, 269527.57, 4169289.55, 515.51);
insert into STATION values (2461, '-', 990, 269534.49, 4169291.40, 516.34);
insert into STATION values (2462, '-', 990, 269519.52, 4169291.45, 517.12);
insert into STATION values (2463, '-', 990, 269522.93, 4169290.76, 517.58);
insert into STATION values (2464, '-', 990, 269536.99, 4169290.90, 514.94);
insert into STATION values (2465, '-', 990, 269540.41, 4169293.19, 515.01);
insert into STATION values (2466, '-', 990, 269542.66, 4169293.83, 515.18);
insert into STATION values (2467, '-', 990, 269532.66, 4169289.32, 515.91);
insert into STATION values (2468, '-', 990, 269535.32, 4169293.95, 516.40);
insert into STATION values (2469, '-', 990, 269528.23, 4169299.26, 514.95);
insert into STATION values (2470, '-', 990, 269534.34, 4169303.35, 514.72);
insert into STATION values (2471, '-', 990, 269536.42, 4169304.71, 515.16);
insert into STATION values (2472, '-', 990, 269553.72, 4169298.45, 516.29);
insert into STATION values (2473, '-', 990, 269555.48, 4169299.41, 516.32);
insert into STATION values (2474, '-', 990, 269561.44, 4169297.13, 516.63);
insert into STATION values (2475, '-', 990, 269562.20, 4169300.58, 516.93);
insert into STATION values (2476, '-', 990, 269561.49, 4169304.24, 517.07);
insert into STATION values (2477, '-', 990, 269562.91, 4169307.34, 517.95);
insert into STATION values (2478, '-', 990, 269553.91, 4169303.36, 518.63);
insert into STATION values (2479, '-', 990, 269542.53, 4169306.73, 515.62);
insert into STATION values (2480, '-', 990, 269544.74, 4169313.92, 515.69);
insert into STATION values (2481, '-', 990, 269549.48, 4169316.09, 516.03);
insert into STATION values (2482, '-', 990, 269551.34, 4169321.70, 516.79);
insert into STATION values (2483, '-', 990, 269565.35, 4169310.70, 519.03);
insert into STATION values (2484, '-', 990, 269565.31, 4169310.71, 519.08);
insert into STATION values (2485, '22.8.12b', 990, 269568.39, 4169312.47, 519.56);
insert into STATION values (2486, '-', 990, 269554.74, 4169324.26, 517.84);
insert into STATION values (2487, '-', 990, 269552.26, 4169318.32, 516.34);
insert into STATION values (2488, '-', 990, 269552.22, 4169329.69, 519.34);
insert into STATION values (2489, '-', 990, 269552.78, 4169333.78, 519.17);
insert into STATION values (2490, '-', 990, 269570.26, 4169337.38, 519.50);
insert into STATION values (2491, '-', 990, 269570.65, 4169322.23, 518.38);
insert into STATION values (2492, '-', 990, 269568.35, 4169318.15, 517.61);
insert into STATION values (2493, '-', 990, 269565.97, 4169314.31, 517.33);
insert into STATION values (2494, '-', 990, 269564.76, 4169308.31, 518.27);
insert into STATION values (2495, '-', 990, 269559.26, 4169324.44, 520.19);
insert into STATION values (2496, '-', 990, 269555.31, 4169341.62, 518.96);
insert into STATION values (2497, '-', 990, 269551.45, 4169340.26, 518.63);
insert into STATION values (2498, '-', 990, 269552.64, 4169326.67, 519.23);
insert into STATION values (2499, '-', 990, 269554.06, 4169329.09, 518.91);
insert into STATION values (2500, '-', 990, 269548.61, 4169326.50, 523.32);
insert into STATION values (2501, '-', 990, 269548.88, 4169326.00, 523.61);
insert into STATION values (2502, '-', 990, 269553.32, 4169334.73, 518.43);
insert into STATION values (2503, '-', 990, 269555.26, 4169341.73, 518.39);
insert into STATION values (2504, '-', 990, 269559.81, 4169345.87, 518.48);
insert into STATION values (2505, '-', 990, 269563.70, 4169344.19, 518.44);
insert into STATION values (2506, '-', 990, 269570.12, 4169344.68, 518.46);
insert into STATION values (2507, '-', 990, 269572.92, 4169346.38, 518.79);
insert into STATION values (2508, '-', 990, 269579.51, 4169347.05, 518.83);
insert into STATION values (2509, '-', 990, 269568.40, 4169332.14, 519.95);
insert into STATION values (2510, '-', 990, 269571.52, 4169320.81, 517.54);
insert into STATION values (2511, '-', 990, 269573.25, 4169325.54, 517.98);
insert into STATION values (2512, '-', 990, 269576.15, 4169327.16, 518.18);
insert into STATION values (2513, '-', 990, 269578.35, 4169328.23, 517.99);
insert into STATION values (2514, '-', 990, 269580.75, 4169333.28, 518.28);
insert into STATION values (2515, '-', 990, 269580.10, 4169332.97, 518.85);
insert into STATION values (2516, '-', 990, 269583.04, 4169334.60, 518.92);
insert into STATION values (2517, '-', 990, 269586.53, 4169335.73, 519.54);
insert into STATION values (2518, '-', 990, 269577.16, 4169337.08, 520.10);
insert into STATION values (2519, '-', 990, 269573.56, 4169343.72, 518.81);
insert into STATION values (2520, '-', 990, 269579.25, 4169347.15, 518.97);
insert into STATION values (2521, '-', 990, 269588.16, 4169347.57, 519.77);
insert into STATION values (2522, '-', 990, 269602.08, 4169336.48, 520.31);
insert into STATION values (2523, '-', 990, 269605.23, 4169336.81, 520.63);
insert into STATION values (2524, '-', 990, 269609.27, 4169338.56, 521.27);
insert into STATION values (2525, '-', 990, 269616.12, 4169336.47, 521.37);
insert into STATION values (2526, '-', 990, 269623.88, 4169338.51, 522.37);
insert into STATION values (2527, '-', 990, 269616.54, 4169347.55, 522.79);
insert into STATION values (2528, '-', 990, 269613.24, 4169353.39, 523.11);
insert into STATION values (2529, '-', 990, 269605.60, 4169347.11, 523.64);
insert into STATION values (2530, '-', 990, 269596.35, 4169346.03, 521.66);
insert into STATION values (2531, '-', 990, 269597.19, 4169348.83, 522.27);
insert into STATION values (2532, '-', 990, 269601.90, 4169351.38, 522.56);
insert into STATION values (2533, '-', 990, 269604.27, 4169353.11, 522.67);
insert into STATION values (2534, '-', 990, 269603.51, 4169368.93, 522.86);
insert into STATION values (2535, '-', 990, 269598.17, 4169364.71, 522.08);
insert into STATION values (2536, '-', 990, 269600.31, 4169361.04, 522.17);
insert into STATION values (2537, '-', 990, 269599.71, 4169354.79, 522.04);
insert into STATION values (2538, '-', 990, 269602.72, 4169353.65, 522.17);
insert into STATION values (2539, '-', 990, 269612.99, 4169356.63, 522.95);
insert into STATION values (2540, '-', 990, 269612.79, 4169361.27, 522.43);
insert into STATION values (2541, '-', 990, 269611.55, 4169365.09, 522.83);
insert into STATION values (2542, '-', 990, 269612.41, 4169368.42, 522.86);
insert into STATION values (2543, '-', 990, 269615.03, 4169369.58, 523.69);
insert into STATION values (2544, '-', 990, 269608.55, 4169366.33, 524.73);
insert into STATION values (2545, '-', 990, 269609.02, 4169381.49, 523.63);
insert into STATION values (2546, '-', 990, 269611.19, 4169380.14, 523.92);
insert into STATION values (2547, '-', 990, 269614.64, 4169377.98, 523.84);
insert into STATION values (2548, '-', 990, 269613.92, 4169374.35, 523.88);
insert into STATION values (2549, '-', 990, 269614.15, 4169371.53, 523.56);
insert into STATION values (2550, '-', 990, 269602.39, 4169374.28, 523.68);
insert into STATION values (2551, '-', 990, 269600.40, 4169376.51, 523.54);
insert into STATION values (2552, '-', 990, 269600.12, 4169380.06, 523.35);
insert into STATION values (2553, '-', 990, 269598.17, 4169382.51, 522.78);
insert into STATION values (2554, '-', 990, 269604.47, 4169378.62, 524.91);
insert into STATION values (2555, '-', 990, 269604.78, 4169370.28, 523.99);
insert into STATION values (2556, '-', 990, 269604.26, 4169372.49, 523.90);
insert into STATION values (2557, '-', 990, 269596.85, 4169385.99, 523.14);
insert into STATION values (2558, '-', 990, 269595.67, 4169384.97, 522.97);
insert into STATION values (2559, '-', 990, 269598.23, 4169385.03, 523.67);
insert into STATION values (2560, '-', 990, 269597.31, 4169386.92, 524.34);
insert into STATION values (2561, '-', 990, 269607.75, 4169382.33, 523.70);
insert into STATION values (2562, '-', 990, 269604.40, 4169386.93, 523.26);
insert into STATION values (2563, '-', 990, 269604.48, 4169388.73, 523.30);
insert into STATION values (2564, '-', 990, 269605.24, 4169393.99, 522.63);
insert into STATION values (2565, '-', 990, 269603.66, 4169390.02, 523.29);
insert into STATION values (2566, '-', 990, 269612.62, 4169391.19, 522.80);
insert into STATION values (2567, '-', 990, 269592.91, 4169393.93, 521.91);
insert into STATION values (2568, '-', 990, 269596.00, 4169394.62, 522.02);
insert into STATION values (2569, '-', 990, 269590.27, 4169387.33, 522.51);
insert into STATION values (2570, '-', 990, 269592.54, 4169386.99, 522.55);
insert into STATION values (2571, '-', 990, 269584.08, 4169385.49, 521.81);
insert into STATION values (2572, '-', 990, 269578.68, 4169386.37, 521.66);
insert into STATION values (2573, '-', 990, 269591.40, 4169393.01, 522.76);
insert into STATION values (2574, '-', 990, 269585.85, 4169395.84, 521.46);
insert into STATION values (2575, '-', 990, 269589.87, 4169395.85, 521.45);
insert into STATION values (2576, '-', 990, 269596.25, 4169394.51, 521.71);
insert into STATION values (2577, '-', 990, 269586.11, 4169384.28, 521.79);
insert into STATION values (2578, '-', 990, 269578.08, 4169384.42, 521.18);
insert into STATION values (2579, '-', 990, 269571.68, 4169384.26, 520.75);
insert into STATION values (2580, '-', 990, 269565.37, 4169387.16, 520.67);
insert into STATION values (2581, '-', 990, 269565.87, 4169395.91, 520.99);
insert into STATION values (2582, '-', 990, 269568.42, 4169398.79, 520.75);
insert into STATION values (2583, '-', 990, 269573.49, 4169403.79, 520.35);
insert into STATION values (2584, '-', 990, 269579.26, 4169404.19, 520.44);
insert into STATION values (2585, '-', 990, 269575.13, 4169394.79, 522.88);
insert into STATION values (2586, '-', 990, 269580.94, 4169396.63, 521.56);
insert into STATION values (2587, '-', 990, 269583.43, 4169395.38, 521.55);
insert into STATION values (2588, '-', 990, 269586.29, 4169406.52, 520.60);
insert into STATION values (2589, '-', 990, 269591.39, 4169408.63, 521.02);
insert into STATION values (2590, '-', 990, 269580.23, 4169404.03, 521.02);
insert into STATION values (2591, '-', 990, 269583.60, 4169397.46, 521.23);
insert into STATION values (2592, '-', 990, 269587.20, 4169397.06, 521.36);
insert into STATION values (2593, '-', 990, 269591.61, 4169398.48, 521.04);
insert into STATION values (2594, '-', 990, 269592.50, 4169400.98, 521.07);
insert into STATION values (2595, '-', 990, 269588.37, 4169404.15, 522.74);
insert into STATION values (2596, '-', 990, 269597.11, 4169402.22, 521.05);
insert into STATION values (2597, '-', 990, 269589.07, 4169411.46, 521.03);
insert into STATION values (2598, '-', 990, 269585.39, 4169409.88, 521.09);
insert into STATION values (2599, '-', 990, 269584.95, 4169407.29, 520.46);
insert into STATION values (2600, '-', 990, 269590.61, 4169408.67, 521.05);
insert into STATION values (2601, '-', 990, 269591.06, 4169410.74, 521.32);
insert into STATION values (2602, '-', 990, 269592.71, 4169409.94, 522.14);
insert into STATION values (2603, '-', 990, 269592.56, 4169408.73, 522.12);
insert into STATION values (2604, '-', 990, 269589.42, 4169409.30, 522.29);
insert into STATION values (2605, '-', 990, 269590.48, 4169410.33, 524.78);
insert into STATION values (2606, '-', 990, 269593.61, 4169409.99, 523.02);
insert into STATION values (2607, '-', 990, 269592.94, 4169409.87, 523.33);
insert into STATION values (2608, '-', 990, 269593.78, 4169408.83, 522.76);
insert into STATION values (2609, '-', 990, 269594.07, 4169409.20, 524.11);
insert into STATION values (2610, '-', 990, 269595.68, 4169409.88, 523.64);
insert into STATION values (2611, '-', 990, 269595.76, 4169408.94, 523.08);
insert into STATION values (2612, '-', 990, 269601.57, 4169408.56, 522.22);
insert into STATION values (2613, '-', 990, 269601.21, 4169408.71, 524.03);
insert into STATION values (2614, '-', 990, 269601.59, 4169409.87, 522.22);
insert into STATION values (2615, '-', 990, 269603.14, 4169408.13, 522.83);
insert into STATION values (2616, '-', 990, 269604.13, 4169408.80, 522.04);
insert into STATION values (2617, '-', 990, 269604.13, 4169407.21, 521.20);
insert into STATION values (2618, '-', 990, 269602.15, 4169408.48, 521.57);
insert into STATION values (2619, '-', 990, 269602.96, 4169408.11, 521.97);
insert into STATION values (2620, '-', 990, 269605.97, 4169405.71, 522.19);
insert into STATION values (2621, '-', 990, 269606.96, 4169406.78, 522.04);
insert into STATION values (2622, '-', 990, 269606.50, 4169407.12, 523.37);
insert into STATION values (2623, '-', 990, 269608.13, 4169404.76, 521.98);
insert into STATION values (2624, '-', 990, 269608.36, 4169402.41, 522.01);
insert into STATION values (2625, '-', 990, 269606.91, 4169403.62, 521.67);
insert into STATION values (2626, '-', 990, 269603.81, 4169404.71, 521.24);
insert into STATION values (2627, '-', 990, 269604.39, 4169407.32, 522.08);
insert into STATION values (2628, '-', 990, 269603.56, 4169409.38, 522.15);
insert into STATION values (2629, '-', 990, 269603.54, 4169400.43, 521.42);
insert into STATION values (2630, '-', 990, 269603.01, 4169402.52, 522.30);
insert into STATION values (2631, '-', 990, 269602.90, 4169402.40, 522.03);
insert into STATION values (2632, '-', 990, 269603.22, 4169404.29, 521.05);
insert into STATION values (2633, '-', 990, 269601.66, 4169404.03, 521.07);
insert into STATION values (2634, '-', 990, 269599.16, 4169400.76, 521.58);
insert into STATION values (2635, '-', 990, 269597.68, 4169401.60, 521.41);
insert into STATION values (2636, '-', 990, 269598.27, 4169406.14, 521.26);
insert into STATION values (2637, '-', 990, 269596.41, 4169406.19, 521.17);
insert into STATION values (2638, '-', 990, 269595.14, 4169405.89, 521.18);
insert into STATION values (2639, '-', 990, 269593.06, 4169405.85, 521.28);
insert into STATION values (2640, '-', 990, 269588.88, 4169401.07, 521.25);
insert into STATION values (2641, '-', 990, 269592.81, 4169400.66, 521.37);
insert into STATION values (2642, '-', 990, 269595.39, 4169401.99, 521.22);
insert into STATION values (2643, '-', 990, 269598.07, 4169400.60, 521.36);
insert into STATION values (2644, '-', 990, 269600.98, 4169404.95, 521.19);
insert into STATION values (2645, '-', 990, 269602.09, 4169403.63, 521.22);
insert into STATION values (2646, '-', 990, 269598.23, 4169405.11, 521.87);
insert into STATION values (2647, '-', 990, 269562.98, 4169396.22, 521.04);
insert into STATION values (2648, '-', 990, 269559.80, 4169396.10, 521.11);
insert into STATION values (2649, '-', 990, 269552.50, 4169399.45, 520.18);
insert into STATION values (2650, '-', 990, 269556.25, 4169389.58, 520.59);
insert into STATION values (2651, '-', 990, 269560.42, 4169389.31, 520.83);
insert into STATION values (2652, '-', 990, 269563.77, 4169388.60, 520.42);
insert into STATION values (2653, '-', 990, 269566.29, 4169387.11, 520.39);
insert into STATION values (2654, '-', 990, 269571.40, 4169383.04, 519.84);
insert into STATION values (2655, '-', 990, 269560.47, 4169394.09, 534.04);
insert into STATION values (2656, '-', 990, 269565.03, 4169393.67, 534.82);
insert into STATION values (2657, '-', 990, 269559.21, 4169391.73, 522.87);
insert into STATION values (2658, '-', 990, 269563.54, 4169391.14, 522.97);
insert into STATION values (2659, '-', 990, 269565.56, 4169391.91, 523.42);
insert into STATION values (2660, '-', 990, 269564.17, 4169394.80, 523.54);
insert into STATION values (2661, '-', 990, 269560.11, 4169394.98, 523.75);
insert into STATION values (2662, '-', 990, 269553.04, 4169388.72, 521.51);
insert into STATION values (2663, '-', 990, 269557.54, 4169391.51, 521.77);
insert into STATION values (2664, '-', 990, 269558.61, 4169399.86, 521.50);
insert into STATION values (2665, '-', 990, 269549.38, 4169400.30, 520.64);
insert into STATION values (2666, '-', 990, 269545.76, 4169400.00, 520.95);
insert into STATION values (2667, '-', 990, 269547.25, 4169394.24, 522.85);
insert into STATION values (2668, '-', 990, 269541.91, 4169400.88, 520.81);
insert into STATION values (2669, '-', 990, 269549.69, 4169395.70, 521.86);
insert into STATION values (2670, '-', 990, 269540.02, 4169399.65, 524.06);
insert into STATION values (2671, '-', 990, 269551.77, 4169385.59, 520.93);
insert into STATION values (2672, '-', 990, 269547.44, 4169385.91, 520.58);
insert into STATION values (2673, '-', 990, 269541.48, 4169387.79, 521.01);
insert into STATION values (2674, '-', 990, 269537.76, 4169384.91, 521.39);
insert into STATION values (2675, '-', 990, 269525.30, 4169391.68, 521.33);
insert into STATION values (2676, '-', 990, 269527.06, 4169399.18, 521.56);
insert into STATION values (2677, '-', 990, 269526.08, 4169402.97, 520.54);
insert into STATION values (2678, '-', 990, 269539.36, 4169416.40, 521.30);
insert into STATION values (2679, '-', 990, 269539.92, 4169403.70, 521.64);
insert into STATION values (2680, '-', 990, 269533.89, 4169402.34, 523.69);
insert into STATION values (2681, '-', 990, 269539.51, 4169383.56, 520.30);
insert into STATION values (2682, '-', 990, 269548.14, 4169389.32, 521.07);
insert into STATION values (2683, '-', 990, 269538.35, 4169379.93, 519.67);
insert into STATION values (2684, '-', 990, 269532.67, 4169377.37, 519.45);
insert into STATION values (2685, '-', 990, 269531.59, 4169376.47, 519.37);
insert into STATION values (2686, '-', 990, 269523.91, 4169373.16, 520.02);
insert into STATION values (2687, '-', 990, 269519.66, 4169372.63, 520.95);
insert into STATION values (2688, '-', 990, 269520.04, 4169379.29, 520.51);
insert into STATION values (2689, '-', 990, 269516.48, 4169383.67, 520.38);
insert into STATION values (2690, '-', 990, 269522.82, 4169387.00, 520.40);
insert into STATION values (2691, '-', 990, 269528.22, 4169395.40, 520.68);
insert into STATION values (2692, '-', 990, 269526.30, 4169393.19, 520.51);
insert into STATION values (2693, '-', 990, 269527.33, 4169386.38, 532.74);
insert into STATION values (2694, '-', 990, 269515.18, 4169387.98, 534.23);
insert into STATION values (2695, '-', 990, 269523.83, 4169387.46, 526.04);
insert into STATION values (2696, '-', 990, 269524.72, 4169387.85, 523.99);
insert into STATION values (2697, '-', 990, 269527.20, 4169387.22, 525.82);
insert into STATION values (2698, '-', 990, 269527.84, 4169386.73, 528.41);
insert into STATION values (2699, '-', 990, 269526.98, 4169383.65, 525.81);
insert into STATION values (2700, '-', 990, 269524.80, 4169383.61, 523.73);
insert into STATION values (2701, '-', 990, 269535.78, 4169371.15, 518.84);
insert into STATION values (2702, '-', 990, 269531.97, 4169366.12, 518.71);
insert into STATION values (2703, '-', 990, 269534.30, 4169364.43, 518.73);
insert into STATION values (2704, '-', 990, 269537.85, 4169349.62, 518.98);
insert into STATION values (2705, '-', 990, 269531.09, 4169355.29, 518.77);
insert into STATION values (2706, '-', 990, 269521.06, 4169356.63, 520.59);
insert into STATION values (2707, '-', 990, 269517.49, 4169371.03, 522.30);
insert into STATION values (2708, '-', 990, 269519.40, 4169379.25, 522.85);
insert into STATION values (2709, '-', 990, 269527.45, 4169365.70, 521.68);
insert into STATION values (2710, '-', 990, 269527.88, 4169356.21, 521.73);
insert into STATION values (2711, '-', 990, 269528.56, 4169352.69, 523.43);
insert into STATION values (2712, '-', 990, 269529.29, 4169351.10, 524.60);
insert into STATION values (2713, '-', 990, 269530.71, 4169350.03, 526.54);
insert into STATION values (2714, '-', 990, 269532.21, 4169348.29, 528.62);
insert into STATION values (2715, '-', 990, 269531.77, 4169343.82, 529.34);
insert into STATION values (2716, '-', 990, 269534.29, 4169338.14, 530.71);
insert into STATION values (2717, '-', 990, 269530.95, 4169339.05, 528.63);
insert into STATION values (2718, '-', 990, 269530.76, 4169345.69, 531.88);
insert into STATION values (2719, '-', 990, 269526.74, 4169345.80, 530.74);
insert into STATION values (2720, '-', 990, 269526.26, 4169350.29, 526.75);
insert into STATION values (2721, '-', 990, 269525.77, 4169352.73, 525.99);
insert into STATION values (2722, '-', 990, 269524.17, 4169347.78, 527.09);
insert into STATION values (2723, '-', 990, 269523.87, 4169345.31, 527.99);
insert into STATION values (2724, '-', 990, 269524.66, 4169341.51, 527.70);
insert into STATION values (2725, '-', 990, 269528.81, 4169331.93, 525.69);
insert into STATION values (2726, '-', 990, 269528.79, 4169331.79, 525.70);
insert into STATION values (2727, '-', 990, 269528.79, 4169331.79, 525.72);
insert into STATION values (2728, '-', 990, 269528.16, 4169343.47, 528.30);
insert into STATION values (2729, '-', 990, 269531.10, 4169341.58, 527.64);
insert into STATION values (2730, '-', 990, 269531.42, 4169341.45, 531.96);
insert into STATION values (2731, '-', 990, 269531.40, 4169343.86, 527.11);
insert into STATION values (2732, '-', 990, 269530.32, 4169345.81, 527.28);
insert into STATION values (2733, '-', 990, 269532.32, 4169347.11, 527.46);
insert into STATION values (2734, '-', 990, 269525.30, 4169345.86, 528.25);
insert into STATION values (2735, '-', 990, 269529.38, 4169338.40, 525.18);
insert into STATION values (2736, '-', 990, 269527.13, 4169337.94, 525.78);
insert into STATION values (2737, '-', 990, 269527.88, 4169338.31, 526.18);
insert into STATION values (2738, '-', 990, 269526.13, 4169334.74, 527.55);
insert into STATION values (2739, '-', 990, 269530.33, 4169335.61, 530.80);
insert into STATION values (2740, '-', 990, 269530.51, 4169334.74, 527.32);
insert into STATION values (2741, '-', 990, 269529.83, 4169338.05, 527.80);
insert into STATION values (2742, '-', 990, 269529.01, 4169340.03, 529.14);
insert into STATION values (2743, '-', 990, 269527.50, 4169338.27, 528.54);
insert into STATION values (2744, '-', 990, 269526.53, 4169337.04, 527.80);
insert into STATION values (2745, '-', 990, 269523.93, 4169326.77, 530.12);
insert into STATION values (2746, '-', 990, 269524.56, 4169325.42, 533.15);
insert into STATION values (2747, '-', 990, 269525.49, 4169324.09, 529.77);
insert into STATION values (2748, '-', 990, 269521.61, 4169325.67, 529.71);
insert into STATION values (2749, '-', 990, 269518.93, 4169323.79, 530.76);
insert into STATION values (2750, '-', 990, 269521.03, 4169323.05, 532.38);
insert into STATION values (2751, '-', 990, 269521.89, 4169320.89, 530.25);
insert into STATION values (2752, '-', 990, 269523.54, 4169323.07, 529.91);
insert into STATION values (2753, '-', 990, 269517.25, 4169318.93, 527.58);
insert into STATION values (2754, '-', 990, 269517.41, 4169321.45, 528.14);
insert into STATION values (2755, '-', 990, 269515.99, 4169321.41, 527.83);
insert into STATION values (2756, '-', 990, 269515.71, 4169319.81, 529.34);
insert into STATION values (2757, '-', 990, 269515.90, 4169318.39, 526.54);
insert into STATION values (2758, '-', 990, 269513.98, 4169317.99, 526.83);
insert into STATION values (2759, '-', 990, 269513.98, 4169320.52, 526.67);
insert into STATION values (2760, '-', 990, 269509.27, 4169318.27, 527.24);
insert into STATION values (2761, '-', 990, 269510.64, 4169317.95, 529.89);
insert into STATION values (2762, '-', 990, 269510.86, 4169313.57, 527.86);
insert into STATION values (2763, '-', 990, 269508.71, 4169315.73, 527.42);
insert into STATION values (2764, '-', 990, 269505.17, 4169317.49, 527.43);
insert into STATION values (2765, '-', 990, 269506.96, 4169318.48, 527.67);
insert into STATION values (2766, '-', 990, 269501.38, 4169318.89, 527.44);
insert into STATION values (2767, '-', 990, 269498.23, 4169318.23, 528.17);
insert into STATION values (2768, '-', 990, 269497.96, 4169317.55, 527.45);
insert into STATION values (2769, '-', 990, 269499.29, 4169318.75, 526.47);
insert into STATION values (2770, '-', 990, 269498.22, 4169317.49, 526.56);
insert into STATION values (2771, '-', 990, 269494.34, 4169316.23, 526.89);
insert into STATION values (2772, '-', 990, 269493.61, 4169317.04, 526.84);
insert into STATION values (2773, '-', 990, 269497.81, 4169319.26, 526.44);
insert into STATION values (2774, '-', 990, 269496.57, 4169319.16, 526.51);
insert into STATION values (2775, '-', 990, 269495.02, 4169319.63, 526.59);
insert into STATION values (2776, '-', 990, 269492.16, 4169316.65, 527.05);
insert into STATION values (2777, '-', 990, 269493.43, 4169316.60, 527.21);
insert into STATION values (2778, '-', 990, 269493.34, 4169317.21, 527.28);
insert into STATION values (2779, '-', 990, 269490.58, 4169318.60, 527.12);
insert into STATION values (2780, '-', 990, 269490.14, 4169321.77, 527.57);
insert into STATION values (2781, '-', 990, 269490.98, 4169323.51, 528.16);
insert into STATION values (2782, '-', 990, 269494.29, 4169319.09, 527.45);
insert into STATION values (2783, '-', 990, 269496.01, 4169319.07, 527.44);
insert into STATION values (2784, '-', 990, 269494.29, 4169318.94, 529.31);
insert into STATION values (2785, '-', 990, 269491.91, 4169316.83, 526.33);
insert into STATION values (2786, '-', 990, 269485.66, 4169313.91, 523.96);
insert into STATION values (2787, '-', 990, 269487.96, 4169313.05, 523.70);
insert into STATION values (2788, '-', 990, 269490.54, 4169311.94, 523.20);
insert into STATION values (2789, '-', 990, 269490.50, 4169315.68, 524.48);
insert into STATION values (2790, '-', 990, 269489.93, 4169318.14, 526.80);
insert into STATION values (2791, '-', 990, 269486.81, 4169318.28, 526.28);
insert into STATION values (2792, '-', 990, 269485.35, 4169318.02, 526.43);
insert into STATION values (2793, '-', 990, 269482.74, 4169315.87, 526.89);
insert into STATION values (2794, '-', 990, 269480.36, 4169316.92, 528.58);
insert into STATION values (2795, '-', 990, 269487.01, 4169316.51, 522.77);
insert into STATION values (2796, '-', 990, 269486.01, 4169316.60, 528.46);
insert into STATION values (2797, '-', 990, 269489.20, 4169313.00, 522.56);
insert into STATION values (2798, '-', 990, 269491.63, 4169312.95, 523.09);
insert into STATION values (2799, '-', 990, 269491.05, 4169314.63, 523.46);
insert into STATION values (2800, '-', 990, 269485.86, 4169313.31, 522.49);
insert into STATION values (2801, '-', 990, 269483.16, 4169316.02, 523.08);
insert into STATION values (2802, '-', 990, 269486.93, 4169313.32, 527.65);
insert into STATION values (2803, '-', 990, 269487.85, 4169311.55, 516.34);
insert into STATION values (2804, '-', 990, 269532.65, 4169333.27, 527.56);
insert into STATION values (2805, '-', 990, 269532.51, 4169329.63, 527.84);
insert into STATION values (2806, '-', 990, 269534.90, 4169329.86, 528.18);
insert into STATION values (2807, '-', 990, 269536.87, 4169330.10, 528.20);
insert into STATION values (2808, '-', 990, 269533.90, 4169332.42, 527.91);
insert into STATION values (2809, '-', 990, 269536.69, 4169332.43, 528.24);
insert into STATION values (2810, '-', 990, 269538.98, 4169332.16, 528.18);
insert into STATION values (2811, '-', 990, 269532.11, 4169331.75, 530.42);
insert into STATION values (2812, '-', 990, 269545.44, 4169329.72, 534.93);
insert into STATION values (2813, '-', 990, 269556.05, 4169331.17, 528.58);
insert into STATION values (2814, '-', 990, 269544.17, 4169329.66, 528.09);
insert into STATION values (2815, '-', 990, 269541.51, 4169329.56, 527.81);
insert into STATION values (2816, '-', 990, 269544.07, 4169332.19, 527.14);
insert into STATION values (2817, '-', 990, 269541.93, 4169331.99, 527.39);
insert into STATION values (2818, '-', 990, 269544.16, 4169328.82, 536.46);
insert into STATION values (2819, '-', 990, 269570.53, 4169335.01, 517.49);
insert into STATION values (2820, '-', 990, 269542.86, 4169353.49, 521.40);
insert into STATION values (2821, '-', 990, 269540.16, 4169356.90, 520.54);
insert into STATION values (2822, '-', 990, 269533.17, 4169358.21, 519.75);
insert into STATION values (2823, '-', 990, 269551.06, 4169357.84, 521.03);
insert into STATION values (2824, '-', 990, 269544.42, 4169361.70, 520.69);
insert into STATION values (2825, '-', 990, 269540.92, 4169365.19, 520.69);
insert into STATION values (2826, '-', 990, 269537.28, 4169367.47, 520.05);
insert into STATION values (2827, '-', 990, 269542.46, 4169359.80, 522.55);
insert into STATION values (2828, '-', 990, 269542.60, 4169359.14, 519.34);
insert into STATION values (2829, '-', 990, 269574.23, 4169344.91, 519.79);
insert into STATION values (2830, '-', 990, 269572.30, 4169351.58, 519.31);
insert into STATION values (2831, '-', 990, 269566.09, 4169353.26, 519.08);
insert into STATION values (2832, '-', 990, 269561.51, 4169354.29, 519.10);
insert into STATION values (2833, '-', 990, 269559.72, 4169345.11, 519.05);
insert into STATION values (2834, '-', 990, 269554.49, 4169346.45, 518.68);
insert into STATION values (2835, '-', 990, 269549.53, 4169352.70, 518.48);
insert into STATION values (2836, '-', 990, 269561.10, 4169347.98, 520.80);
insert into STATION values (2837, '-', 990, 269561.93, 4169348.55, 517.75);
insert into STATION values (2838, '-', 990, 269445.63, 4169287.89, 508.88);
insert into STATION values (2839, '-', 990, 269440.79, 4169295.87, 508.39);
insert into STATION values (2840, '-', 990, 269432.93, 4169296.78, 507.75);
insert into STATION values (2841, '-', 990, 269427.17, 4169297.87, 507.80);
insert into STATION values (2842, '-', 990, 269424.02, 4169296.71, 508.26);
insert into STATION values (2843, '-', 990, 269422.40, 4169275.95, 505.92);
insert into STATION values (2844, '-', 990, 269415.72, 4169280.96, 505.27);
insert into STATION values (2845, '-', 990, 269411.11, 4169287.98, 504.91);
insert into STATION values (2846, '-', 990, 269427.55, 4169289.45, 507.91);
insert into STATION values (2847, '-', 990, 269426.19, 4169289.57, 505.22);
insert into STATION values (2848, '-', 990, 269409.18, 4169304.62, 508.39);
insert into STATION values (2849, '-', 990, 269403.65, 4169300.65, 506.84);
insert into STATION values (2850, '-', 990, 269401.51, 4169296.64, 506.33);
insert into STATION values (2851, '-', 990, 269402.48, 4169291.26, 505.85);
insert into STATION values (2852, '-', 990, 269407.74, 4169289.56, 505.59);
insert into STATION values (2853, '-', 990, 269408.28, 4169287.59, 506.88);
insert into STATION values (2854, '-', 990, 269417.74, 4169303.55, 508.58);
insert into STATION values (2855, '-', 990, 269409.32, 4169300.83, 508.87);
insert into STATION values (2856, '-', 990, 269408.01, 4169298.49, 505.51);
insert into STATION values (2857, '-', 990, 269399.81, 4169298.47, 506.28);
insert into STATION values (2858, '-', 990, 269397.33, 4169293.17, 505.67);
insert into STATION values (2859, '-', 990, 269400.62, 4169288.82, 505.28);
insert into STATION values (2860, '-', 990, 269403.95, 4169290.31, 505.37);
insert into STATION values (2861, '-', 990, 269400.77, 4169297.35, 506.18);
insert into STATION values (2862, '-', 990, 269399.46, 4169296.54, 506.68);
insert into STATION values (2863, '-', 990, 269397.98, 4169295.99, 505.19);
insert into STATION values (2864, '-', 990, 269380.27, 4169289.38, 503.56);
insert into STATION values (2865, '-', 990, 269381.79, 4169280.16, 503.20);
insert into STATION values (2866, '-', 990, 269373.74, 4169293.72, 503.79);
insert into STATION values (2867, '-', 990, 269376.92, 4169303.60, 505.10);
insert into STATION values (2868, '-', 990, 269381.18, 4169305.06, 506.40);
insert into STATION values (2869, '-', 990, 269390.36, 4169291.19, 505.64);
insert into STATION values (2870, '-', 990, 269385.14, 4169295.07, 505.56);
insert into STATION values (2871, '-', 990, 269384.03, 4169293.36, 502.15);
