create table SURVEY (ID integer, PARENT_ID integer, NAME varchar(44), FULL_NAME varchar(73), TITLE varchar(85));
create table CENTRELINE (ID integer, SURVEY_ID integer, TITLE varchar(4), TOPO_DATE date, EXPLO_DATE date, LENGTH real, SURFACE_LENGTH real, DUPLICATE_LENGTH real);
create table PERSON (ID integer, NAME varchar(14), SURNAME varchar(22));
create table EXPLO (PERSON_ID integer, CENTRELINE_ID integer);
create table TOPO (PERSON_ID integer, CENTRELINE_ID integer);
create table STATION (ID integer, NAME varchar(17), SURVEY_ID integer, X real, Y real, Z real);
create table STATION_FLAG (STATION_ID integer, FLAG char(3));
create table SHOT (ID integer, FROM_ID integer, TO_ID integer, CENTRELINE_ID integer, LENGTH real, BEARING real, GRADIENT real, ADJ_LENGTH real, ADJ_BEARING real, ADJ_GRADIENT real, ERR_LENGTH real, ERR_BEARING real, ERR_GRADIENT real);
create table SHOT_FLAG (SHOT_ID integer, FLAG char(3));
create table MAPS (ID integer, SURVEY_ID integer, NAME varchar(44), TITLE varchar(85), PROJID integer, LENGTH real, DEPTH real);
create table SCRAPS (ID integer, SURVEY_ID integer, NAME varchar(44), PROJID integer, MAX_DISTORTION real, AVG_DISTORTION real);
create table MAPITEMS (ID integer, TYPE integer, ITEMID integer);
insert into SURVEY values (1, 0, '', '', NULL);
 insert into CENTRELINE values (2, 1, NULL, NULL, NULL, 0.00, 0.00, 0.00);
 insert into SURVEY values (58, 1, 'Complexe_Lonne_Peyret-Bourrugues', 'Complexe_Lonne_Peyret-Bourrugues', 'Complexe Lonne Peyret-Bourrugues');
 insert into CENTRELINE values (59, 58, NULL, NULL, NULL, 0.00, 0.00, 0.00);
 insert into SURVEY values (60, 58, 'AP7_Arres_Planeres', 'AP7_Arres_Planeres.Complexe_Lonne_Peyret-Bourrugues', 'AP7 Arres Planeres');
 insert into CENTRELINE values (61, 60, NULL, NULL, NULL, 0.00, 0.00, 0.00);
 insert into SURVEY values (62, 60, 'AP7_Entree', 'AP7_Entree.AP7_Arres_Planeres.Complexe_Lonne_Peyret-Bourrugues', 'AP7_Entree');
 insert into CENTRELINE values (63, 62, NULL, NULL, NULL, 0.00, 0.00, 0.00);
 insert into SURVEY values (64, 62, 'AP7_Entree', 'AP7_Entree.AP7_Entree.AP7_Arres_Planeres.Complexe_Lonne_Peyret-Bourrugues', 'Gouffre des arres planeres AP7');
 insert into CENTRELINE values (65, 64, NULL, NULL, NULL, 0.00, 0.00, 0.00);
 insert into CENTRELINE values (66, 64, NULL, '2010-07-15', NULL, 411.59, 0.00, 0.00);
 insert into PERSON values (1, 'Philippe', 'Guillemin');
insert into TOPO values (1, 66);
 insert into PERSON values (2, 'Francoise', 'Lidonne');
insert into TOPO values (2, 66);
 insert into PERSON values (3, 'Franck', 'Soulage');
insert into TOPO values (3, 66);
 insert into PERSON values (4, 'Speleo', 'Club de Franconville');
insert into EXPLO values (4, 66);
 insert into SHOT values (1, 1, 2, 66, 0.000, 357.49, 0.00, 0.000, 90.00, 0.00, 0.000, 90.00, 0.00);
insert into SHOT values (2, 1, 3, 66, 12.100, 291.49, -65.00, 12.104, 291.45, -65.01, 0.005, 208.67, -44.68);
insert into SHOT values (3, 3, 4, 66, 1.520, 82.49, 12.00, 1.527, 82.30, 12.09, 0.009, 46.57, 25.79);
insert into SHOT values (4, 4, 5, 66, 4.450, 33.49, -71.00, 4.453, 33.47, -70.99, 0.003, 19.01, -53.14);
insert into SHOT values (5, 5, 6, 66, 27.460, 357.49, -90.00, 27.460, 90.00, -90.00, 0.000, 357.49, -20.33);
insert into SHOT values (6, 6, 7, 66, 21.700, 2.49, -69.00, 21.701, 2.43, -69.00, 0.008, 275.56, -9.54);
insert into SHOT values (7, 7, 8, 66, 2.900, 247.49, -5.00, 2.902, 247.43, -4.94, 0.005, 196.39, 33.88);
insert into SHOT values (8, 8, 9, 66, 5.970, 357.49, -90.00, 5.970, 90.00, -90.00, 0.000, 357.49, -52.87);
insert into SHOT values (9, 9, 10, 66, 1.830, 353.49, 25.00, 1.830, 353.77, 24.89, 0.009, 75.05, -22.11);
insert into SHOT values (10, 10, 11, 66, 13.700, 357.49, -90.00, 13.700, 90.00, -90.00, 0.000, 357.49, -44.00);
insert into SHOT values (11, 11, 12, 66, 6.320, 342.49, -43.00, 6.314, 342.47, -43.05, 0.008, 174.61, 1.64);
insert into SHOT values (12, 12, 13, 66, 9.200, 357.49, -90.00, 9.200, 90.00, -90.00, 0.000, 357.49, -55.18);
insert into SHOT values (13, 13, 14, 66, 3.570, 12.49, -42.00, 3.571, 12.37, -41.80, 0.014, 339.09, 40.12);
insert into SHOT values (14, 14, 15, 66, 1.030, 235.49, -6.00, 1.041, 235.23, -6.07, 0.012, 211.53, -11.67);
insert into SHOT values (15, 15, 16, 66, 10.080, 357.49, -90.00, 10.080, 90.00, -90.00, 0.000, 357.49, 64.21);
insert into SHOT values (16, 16, 17, 66, 1.160, 275.49, -3.00, 1.158, 275.96, -2.97, 0.010, 18.63, 4.18);
insert into SHOT values (17, 17, 18, 66, 9.720, 21.49, -65.00, 9.721, 21.57, -65.00, 0.006, 113.89, -6.90);
insert into SHOT values (18, 18, 19, 66, 4.660, 357.49, -90.00, 4.660, 90.00, -90.00, 0.000, 357.49, 83.63);
insert into SHOT values (19, 19, 20, 66, 6.040, 358.49, -37.00, 6.041, 358.46, -37.05, 0.006, 233.45, -55.25);
insert into SHOT values (20, 20, 21, 66, 6.890, 357.49, -90.00, 6.890, 90.00, -90.00, 0.000, 357.49, 79.27);
insert into SHOT values (21, 21, 22, 66, 9.530, 28.49, -58.00, 9.529, 28.49, -57.98, 0.003, 39.04, 46.52);
insert into SHOT values (22, 22, 23, 66, 9.900, 357.49, -90.00, 9.900, 90.00, -90.00, 0.000, 357.49, 75.82);
insert into SHOT values (23, 23, 24, 66, 2.140, 26.49, -12.00, 2.134, 26.44, -11.90, 0.007, 226.22, 44.37);
insert into SHOT values (24, 24, 25, 66, 3.330, 342.49, -61.00, 3.336, 342.69, -61.08, 0.009, 86.06, -52.48);
insert into SHOT values (25, 25, 26, 66, 5.210, 48.49, -68.00, 5.211, 48.32, -67.96, 0.007, 347.06, 5.39);
insert into SHOT values (26, 26, 27, 66, 9.680, 357.49, -90.00, 9.680, 90.00, -90.00, 0.000, 357.49, -62.14);
insert into SHOT values (27, 27, 28, 66, 1.800, 9.49, -35.00, 1.795, 9.40, -35.02, 0.006, 215.63, 24.75);
insert into SHOT values (28, 28, 29, 66, 5.600, 6.49, -55.00, 5.601, 6.44, -55.03, 0.004, 244.22, -39.50);
insert into SHOT values (29, 29, 30, 66, 27.400, 357.49, -90.00, 27.400, 90.00, -90.00, 0.000, 357.49, -44.00);
insert into SHOT values (30, 30, 31, 66, 5.060, 85.49, -13.00, 5.065, 85.47, -13.01, 0.006, 65.76, -17.81);
insert into SHOT values (31, 31, 32, 66, 8.320, 357.49, -90.00, 8.320, 90.00, -90.00, 0.000, 357.49, 65.57);
insert into SHOT values (32, 32, 33, 66, 2.720, 172.49, 14.00, 2.723, 172.61, 14.03, 0.006, 235.39, 18.04);
insert into SHOT values (33, 33, 34, 66, 2.600, 141.49, -32.00, 2.601, 141.26, -32.04, 0.009, 53.00, -14.01);
insert into SHOT values (34, 34, 35, 66, 5.420, 181.49, -45.00, 5.417, 181.50, -44.99, 0.003, 341.55, 62.86);
insert into SHOT values (35, 35, 36, 66, 2.350, 179.49, 0.00, 2.350, 179.51, 0.00, 0.001, 264.42, 0.00);
insert into SHOT values (36, 36, 37, 66, 6.740, 357.49, -90.00, 6.740, 90.00, -90.00, 0.000, 357.49, -20.68);
insert into SHOT values (37, 37, 38, 66, 2.580, 173.49, -18.00, 2.583, 173.45, -18.04, 0.004, 139.97, -44.93);
insert into SHOT values (38, 38, 39, 66, 3.150, 193.49, -65.00, 3.148, 193.41, -64.88, 0.007, 174.51, 41.52);
insert into SHOT values (39, 39, 40, 66, 5.660, 147.49, 1.00, 5.657, 147.49, 1.01, 0.003, 325.63, 23.75);
insert into SHOT values (40, 40, 41, 66, 1.850, 117.49, -15.00, 1.844, 117.43, -15.09, 0.007, 312.78, -9.47);
insert into SHOT values (41, 41, 42, 66, 6.800, 357.49, -90.00, 6.800, 90.00, -90.00, 0.000, 357.49, 62.34);
insert into SHOT values (42, 42, 43, 66, 4.180, 107.49, -1.00, 4.185, 107.53, -0.96, 0.006, 136.26, 28.04);
insert into SHOT values (43, 43, 44, 66, 0.820, 189.49, 16.00, 0.821, 189.46, 15.55, 0.007, 181.18, -67.04);
insert into SHOT values (44, 44, 45, 66, 9.750, 143.49, -78.00, 9.743, 143.64, -78.01, 0.009, 263.45, 48.50);
insert into SHOT values (45, 45, 46, 66, 5.290, 141.49, -38.00, 5.293, 141.43, -38.02, 0.006, 66.90, -33.51);
insert into SHOT values (46, 46, 47, 66, 5.110, 357.49, -90.00, 5.110, 90.00, -90.00, 0.000, 357.49, 79.92);
insert into SHOT values (47, 47, 48, 66, 2.260, 95.49, -5.00, 2.259, 95.36, -5.08, 0.006, 348.64, -28.99);
insert into SHOT values (48, 48, 49, 66, 4.530, 132.49, -22.00, 4.531, 132.49, -21.90, 0.008, 137.26, 59.48);
insert into SHOT values (49, 49, 50, 66, 4.200, 357.49, 90.00, 4.200, 90.00, 90.00, 0.000, 357.49, 72.06);
insert into SHOT values (50, 50, 51, 66, 4.060, 61.49, -12.00, 4.059, 61.56, -12.09, 0.008, 176.58, -46.35);
insert into SHOT values (51, 51, 52, 66, 9.050, 81.49, -45.00, 9.052, 81.46, -45.00, 0.003, 21.65, -12.31);
insert into SHOT values (52, 52, 53, 66, 4.200, 160.49, -31.00, 4.195, 160.51, -30.99, 0.005, 324.74, 37.38);
insert into SHOT values (53, 53, 54, 66, 2.700, 357.49, -90.00, 2.700, 90.00, -90.00, 0.000, 357.49, 87.04);
insert into SHOT values (54, 54, 55, 66, 1.690, 255.49, -1.00, 1.693, 255.64, -1.02, 0.005, 309.18, -5.38);
insert into SHOT values (55, 55, 56, 66, 1.180, 357.49, -90.00, 1.180, 90.00, -90.00, 0.000, 357.49, 88.56);
insert into SHOT values (56, 56, 57, 66, 2.840, 232.49, -44.00, 2.840, 232.35, -43.91, 0.007, 175.04, 25.03);
insert into SHOT values (57, 57, 58, 66, 3.250, 357.49, -90.00, 3.250, 90.00, -90.00, 0.000, 357.49, 0.00);
insert into SHOT values (58, 58, 59, 66, 3.700, 62.49, -12.00, 3.699, 62.51, -12.01, 0.002, 176.81, -22.53);
insert into SHOT values (59, 59, 60, 66, 2.270, 53.49, -30.00, 2.273, 53.48, -30.11, 0.005, 350.13, -85.95);
insert into SHOT values (60, 60, 61, 66, 6.530, 105.49, -52.00, 6.528, 105.42, -51.94, 0.009, 57.69, 40.05);
insert into SHOT values (61, 61, 62, 66, 10.350, 92.49, -70.00, 10.352, 92.43, -70.04, 0.009, 299.61, -28.96);
insert into SHOT values (62, 62, 63, 66, 3.180, 49.49, -40.00, 3.181, 49.65, -39.89, 0.009, 106.98, 26.09);
insert into SHOT values (63, 63, 64, 66, 7.680, 39.49, -62.00, 7.677, 39.48, -62.02, 0.004, 228.28, 15.08);
insert into SHOT values (64, 64, 65, 66, 3.080, 79.49, 8.00, 3.081, 79.43, 7.84, 0.009, 17.75, -66.38);
insert into SHOT values (65, 65, 66, 66, 6.330, 107.49, -72.00, 6.328, 107.60, -72.04, 0.006, 249.17, 1.78);
insert into SHOT values (66, 66, 67, 66, 1.600, 113.49, -23.00, 1.598, 113.61, -22.82, 0.006, 194.42, 59.26);
insert into SHOT values (67, 67, 68, 66, 10.540, 357.49, -90.00, 10.540, 90.00, -90.00, 0.000, 357.49, -79.14);
insert into SHOT values (68, 68, 69, 66, 13.080, 357.49, -69.00, 13.078, 357.55, -69.01, 0.006, 118.85, 11.39);
insert into CENTRELINE values (67, 64, NULL, '2007-07-15', NULL, 38.64, 0.00, 0.00);
 insert into TOPO values (1, 67);
 insert into TOPO values (2, 67);
 insert into PERSON values (5, 'Pascal', 'Reig');
insert into TOPO values (5, 67);
 insert into EXPLO values (4, 67);
 insert into SHOT values (69, 67, 70, 67, 1.130, 54.11, 61.00, 1.134, 54.58, 60.85, 0.006, 100.49, 15.00);
insert into SHOT values (70, 70, 71, 67, 2.680, 152.11, -17.00, 2.678, 152.03, -17.16, 0.008, 13.10, -50.07);
insert into SHOT values (71, 71, 72, 67, 2.630, 53.11, 25.00, 2.629, 53.03, 25.22, 0.011, 263.32, 52.78);
insert into SHOT values (72, 72, 73, 67, 1.560, 76.11, -65.00, 1.566, 75.96, -65.08, 0.006, 359.62, -74.08);
insert into SHOT values (73, 73, 74, 67, 14.000, 162.11, -58.00, 13.998, 162.10, -57.99, 0.003, 79.31, 64.50);
insert into SHOT values (74, 74, 75, 67, 3.400, 117.11, 15.00, 3.407, 117.11, 14.97, 0.007, 116.17, 0.12);
insert into SHOT values (75, 74, 76, 67, 0.700, 357.11, -90.00, 0.700, 90.00, -90.00, 0.000, 357.11, -86.93);
insert into SHOT values (76, 76, 77, 67, 5.000, 357.11, -90.00, 5.000, 90.00, -90.00, 0.000, 357.11, 0.00);
insert into SHOT values (77, 77, 78, 67, 1.420, 213.11, -4.00, 1.421, 212.91, -4.04, 0.005, 132.45, -10.34);
insert into SHOT values (78, 78, 79, 67, 6.120, 357.11, -90.00, 6.120, 90.00, -90.00, 0.000, 357.11, 78.93);
insert into SHOT values (79, 79, 80, 67, 0.000, 357.11, 0.00, 0.000, 90.00, 0.00, 0.000, 90.00, 0.00);
insert into CENTRELINE values (68, 64, NULL, '2008-07-15', NULL, 81.84, 0.00, 0.00);
 insert into TOPO values (1, 68);
 insert into TOPO values (2, 68);
 insert into TOPO values (5, 68);
 insert into EXPLO values (4, 68);
 insert into SHOT values (80, 79, 81, 68, 3.260, 166.24, -15.00, 3.261, 166.23, -14.93, 0.004, 153.05, 65.64);
insert into SHOT values (81, 81, 82, 68, 8.430, 222.24, 0.00, 8.431, 222.26, 0.00, 0.004, 292.71, 0.00);
insert into SHOT values (82, 82, 83, 68, 1.750, 209.24, 20.00, 1.750, 209.05, 19.71, 0.010, 147.80, -55.26);
insert into SHOT values (83, 83, 84, 68, 7.500, 230.24, -4.00, 7.495, 230.26, -3.98, 0.006, 10.69, 29.24);
insert into SHOT values (84, 84, 85, 68, 8.300, 214.24, -5.00, 8.302, 214.21, -4.98, 0.006, 157.31, 36.50);
insert into SHOT values (85, 85, 86, 68, 6.800, 220.24, -7.00, 6.799, 220.25, -7.01, 0.003, 350.19, -27.85);
insert into SHOT values (86, 86, 87, 68, 2.660, 259.24, 11.00, 2.666, 259.21, 11.03, 0.006, 244.39, 24.61);
insert into SHOT values (87, 87, 88, 68, 12.780, 236.24, 0.00, 12.775, 236.24, 0.00, 0.005, 56.59, 0.00);
insert into SHOT values (88, 88, 89, 68, 3.550, 246.24, 0.00, 3.551, 246.25, 0.00, 0.001, 299.76, 0.00);
insert into SHOT values (89, 89, 90, 68, 6.820, 297.24, 0.00, 6.825, 297.20, 0.00, 0.006, 259.25, 0.00);
insert into SHOT values (90, 89, 91, 68, 4.750, 220.24, 4.00, 4.752, 220.21, 3.98, 0.003, 165.58, -25.73);
insert into SHOT values (91, 91, 92, 68, 6.440, 263.24, -5.00, 6.438, 263.28, -4.99, 0.006, 8.34, 12.60);
insert into SHOT values (92, 92, 93, 68, 8.800, 217.24, 0.00, 8.806, 217.25, 0.00, 0.006, 233.59, 0.00);
insert into SCRAPS values (70, 62, 'SP-AP7_Entree_01', 1, 7.99968, 0.05248);
 insert into SCRAPS values (197, 62, 'SP-AP7_Entree_02', 1, 0.85765, 0.04493);
 insert into SCRAPS values (233, 62, 'SP-AP7_Entree_03', 1, 0.44596, 0.02205);
 insert into SCRAPS values (261, 62, 'SP-AP7_Entree_04', 1, 0.00000, 0.00000);
 insert into SCRAPS values (267, 62, 'SC-AP7_Entree_01', 2, 0.25160, 0.00621);
 insert into SCRAPS values (372, 62, 'SC-AP7_Entree_02', 2, 0.31204, 0.01297);
 insert into SCRAPS values (407, 62, 'SC-AP7_Entree_03', 2, 0.02346, 0.00303);
 insert into MAPS values (420, 62, 'MP-AP7_Entree-Plan-tot', 'AP7_Entree', 1, 532.070, -324.330);
 insert into MAPITEMS values (420, 4, 421);
 insert into MAPITEMS values (420, 4, 422);
 insert into MAPS values (421, 62, 'MP-AP7_Entree-Plan-A', 'AP7_Entree', 1, 411.590, -320.870);
 insert into MAPITEMS values (421, 4, 70);
 insert into MAPS values (422, 62, 'MP-AP7_Entree-Plan-B', 'AP7_Entree', 1, 532.070, -324.330);
 insert into MAPITEMS values (422, 4, 197);
 insert into MAPITEMS values (422, 4, 233);
 insert into MAPITEMS values (422, 4, 261);
 insert into MAPS values (423, 62, 'MC-AP7_Entree-Extended-tot', 'AP7_Entree', 2, 532.070, -324.330);
 insert into MAPITEMS values (423, 4, 267);
 insert into MAPITEMS values (423, 4, 372);
 insert into MAPITEMS values (423, 4, 407);
 insert into MAPS values (424, 62, 'MC-AP7_Puits', 'AP7_Entree', 2, 532.070, -324.330);
 insert into MAPITEMS values (424, 4, 267);
 insert into MAPITEMS values (424, 4, 372);
 insert into SURVEY values (426, 60, 'AP7_Aval', 'AP7_Aval.AP7_Arres_Planeres.Complexe_Lonne_Peyret-Bourrugues', 'AP7_Aval');
 insert into CENTRELINE values (427, 426, NULL, NULL, NULL, 0.00, 0.00, 0.00);
 insert into SURVEY values (428, 426, 'AP7_Aval', 'AP7_Aval.AP7_Aval.AP7_Arres_Planeres.Complexe_Lonne_Peyret-Bourrugues', 'Gouffre des arres planeres AP7 - Reseau Nord');
 insert into CENTRELINE values (429, 428, NULL, NULL, NULL, 0.00, 0.00, 0.00);
 insert into CENTRELINE values (430, 428, NULL, '2006-07-15', NULL, 85.46, 0.00, 0.00);
 insert into TOPO values (1, 430);
 insert into TOPO values (3, 430);
 insert into EXPLO values (4, 430);
 insert into SHOT values (93, 94, 95, 430, 0.000, 356.99, 0.00, 0.000, 90.00, 0.00, 0.000, 90.00, 0.00);
insert into SHOT values (94, 94, 96, 430, 8.720, 316.99, -9.00, 8.713, 317.02, -8.78, 0.035, 65.79, 80.78);
insert into SHOT values (95, 96, 97, 430, 7.580, 307.99, -7.00, 7.583, 308.04, -6.82, 0.026, 356.97, 68.73);
insert into SHOT values (96, 97, 98, 430, 13.900, 329.99, -4.00, 13.895, 330.01, -3.71, 0.070, 61.62, 84.93);
insert into SHOT values (97, 98, 99, 430, 3.730, 297.99, -3.00, 3.722, 298.08, -2.77, 0.018, 78.25, 58.23);
insert into SHOT values (98, 99, 100, 430, 8.780, 284.99, 2.00, 8.785, 284.99, 2.22, 0.034, 279.10, 83.31);
insert into SHOT values (99, 100, 101, 430, 7.660, 267.99, -9.00, 7.656, 268.03, -8.87, 0.019, 10.57, 72.91);
insert into SHOT values (100, 101, 102, 430, 7.000, 283.99, 3.00, 6.998, 284.00, 3.19, 0.024, 86.23, 82.53);
insert into SHOT values (101, 102, 103, 430, 7.600, 271.99, 3.00, 7.597, 271.96, 3.24, 0.033, 123.97, 79.38);
insert into SHOT values (102, 103, 104, 430, 2.750, 313.99, 4.00, 2.750, 314.11, 3.96, 0.006, 38.33, -16.88);
insert into SHOT values (103, 104, 105, 430, 7.220, 286.99, -22.00, 7.216, 286.92, -21.80, 0.027, 232.84, 68.22);
insert into SHOT values (104, 105, 106, 430, 2.020, 11.99, -2.50, 2.026, 11.98, -2.55, 0.006, 7.74, -17.49);
insert into SHOT values (105, 106, 107, 430, 3.300, 270.99, 8.00, 3.293, 270.88, 8.03, 0.010, 130.81, 4.26);
insert into SHOT values (106, 107, 108, 430, 2.200, 59.99, -10.00, 2.198, 59.76, -9.96, 0.009, 316.13, 12.97);
insert into SHOT values (107, 108, 109, 430, 0.800, 356.99, -90.00, 0.800, 90.00, -90.00, 0.000, 356.99, 86.49);
insert into SHOT values (108, 105, 110, 430, 2.200, 356.99, -90.00, 2.180, 90.00, -89.74, 0.022, 90.00, 63.43);
insert into CENTRELINE values (431, 428, NULL, '2006-07-15', NULL, 56.63, 0.00, 0.00);
 insert into TOPO values (1, 431);
 insert into TOPO values (3, 431);
 insert into EXPLO values (4, 431);
 insert into SHOT values (109, 110, 111, 431, 3.100, 139.99, 9.00, 3.098, 139.91, 9.10, 0.007, 15.61, 43.59);
insert into SHOT values (110, 111, 112, 431, 2.220, 174.99, 7.50, 2.219, 175.04, 7.77, 0.011, 318.91, 71.41);
insert into SHOT values (111, 112, 113, 431, 5.500, 122.99, 13.00, 5.508, 122.98, 13.12, 0.014, 113.40, 67.06);
insert into SHOT values (112, 113, 114, 431, 3.610, 74.99, 5.00, 3.607, 75.00, 5.09, 0.007, 247.51, 54.48);
insert into SHOT values (113, 114, 115, 431, 2.930, 202.99, 10.00, 2.933, 202.83, 10.21, 0.014, 117.94, 55.03);
insert into SHOT values (114, 115, 116, 431, 1.980, 356.99, -90.00, 1.970, 90.00, -90.00, 0.010, 356.99, 90.00);
insert into SHOT values (115, 116, 117, 431, 3.830, 59.99, -26.00, 3.829, 59.86, -25.86, 0.012, 354.10, 47.31);
insert into SHOT values (116, 110, 118, 431, 5.300, 328.99, 10.00, 5.306, 329.02, 9.99, 0.007, 352.30, -2.90);
insert into SHOT values (117, 118, 119, 431, 0.000, 356.99, 0.00, 0.000, 90.00, 0.00, 0.000, 90.00, 0.00);
insert into SHOT values (118, 118, 120, 431, 2.100, 306.99, -14.00, 2.099, 306.81, -14.06, 0.007, 202.31, -16.98);
insert into SHOT values (119, 120, 121, 431, 2.920, 250.99, 14.00, 2.921, 251.05, 14.07, 0.005, 336.56, 48.15);
insert into SHOT values (120, 121, 122, 431, 3.500, 283.99, 5.00, 3.496, 283.96, 4.92, 0.007, 130.88, -49.32);
insert into SHOT values (121, 122, 123, 431, 13.740, 270.99, -3.00, 13.741, 271.00, -3.00, 0.003, 344.90, -15.09);
insert into SHOT values (122, 123, 124, 431, 0.000, 356.99, 0.00, 0.000, 90.00, 0.00, 0.000, 90.00, 0.00);
insert into SHOT values (123, 124, 125, 431, 4.100, 268.99, 0.00, 4.101, 269.02, 0.00, 0.002, 344.87, 0.00);
insert into SHOT values (124, 125, 126, 431, 1.800, 276.99, 0.50, 1.804, 277.01, 0.64, 0.006, 286.13, 50.15);
insert into CENTRELINE values (432, 428, NULL, '2006-07-15', NULL, 3.60, 0.00, 0.00);
 insert into TOPO values (1, 432);
 insert into TOPO values (3, 432);
 insert into EXPLO values (4, 432);
 insert into SHOT values (125, 126, 127, 432, 2.000, 261.99, 1.00, 2.000, 261.95, 0.86, 0.005, 172.17, -74.96);
insert into SHOT values (126, 127, 128, 432, 1.600, 251.99, 0.50, 1.600, 251.79, 0.72, 0.008, 163.82, 47.62);
insert into CENTRELINE values (433, 428, NULL, '2007-07-15', NULL, 108.77, 0.00, 0.00);
 insert into TOPO values (1, 433);
 insert into TOPO values (3, 433);
 insert into EXPLO values (4, 433);
 insert into SHOT values (127, 123, 129, 433, 8.180, 325.11, -8.00, 8.189, 325.09, -8.00, 0.009, 308.82, -10.16);
insert into SHOT values (128, 129, 130, 433, 1.820, 332.11, 12.00, 1.816, 332.14, 12.08, 0.005, 142.31, 20.00);
insert into SHOT values (129, 130, 131, 433, 0.350, 53.11, 0.00, 0.350, 53.13, 0.00, 0.000, 143.12, 0.00);
insert into SHOT values (130, 131, 132, 433, 5.640, 48.11, 15.00, 5.645, 48.12, 14.99, 0.005, 58.93, 2.93);
insert into SHOT values (131, 132, 133, 433, 7.270, 32.11, 4.00, 7.265, 32.09, 4.03, 0.007, 241.84, 26.15);
insert into SHOT values (132, 133, 134, 433, 4.990, 37.11, 0.00, 4.990, 37.10, 0.00, 0.001, 309.20, 0.00);
insert into SHOT values (133, 134, 135, 433, 2.300, 92.11, -6.00, 2.304, 92.25, -5.98, 0.007, 143.91, 3.37);
insert into SHOT values (134, 135, 136, 433, 3.520, 12.11, -3.00, 3.524, 12.14, -3.09, 0.007, 38.28, -55.85);
insert into SHOT values (135, 136, 137, 433, 4.400, 330.11, -7.00, 4.404, 330.09, -6.91, 0.008, 313.64, 49.83);
insert into SHOT values (136, 137, 138, 433, 4.020, 341.11, -5.00, 4.022, 341.07, -4.99, 0.004, 284.54, 5.61);
insert into SHOT values (137, 138, 139, 433, 2.430, 359.11, -1.00, 2.431, 359.29, -1.18, 0.011, 85.06, -44.67);
insert into SHOT values (138, 139, 140, 433, 0.300, 357.11, 90.00, 0.300, 90.00, 90.00, 0.000, 357.11, -88.68);
insert into SHOT values (139, 140, 141, 433, 2.450, 341.11, -8.00, 2.446, 340.97, -7.99, 0.007, 219.88, 7.72);
insert into SHOT values (140, 141, 142, 433, 5.500, 15.11, -3.00, 5.497, 15.10, -2.92, 0.008, 217.48, 67.97);
insert into SHOT values (141, 142, 143, 433, 4.600, 25.11, -1.00, 4.604, 25.06, -1.00, 0.006, 340.71, 2.80);
insert into SHOT values (142, 143, 144, 433, 4.750, 107.11, 35.00, 4.750, 107.18, 34.94, 0.007, 165.96, -40.43);
insert into SHOT values (143, 144, 145, 433, 0.400, 357.11, 90.00, 0.400, 90.00, 90.00, 0.000, 357.11, 89.12);
insert into SHOT values (144, 145, 146, 433, 3.920, 85.11, 0.00, 3.925, 85.03, 0.00, 0.007, 35.39, 0.00);
insert into SHOT values (145, 146, 147, 433, 4.330, 91.11, 11.00, 4.331, 91.21, 11.05, 0.008, 177.29, 26.81);
insert into SHOT values (146, 147, 148, 433, 0.570, 357.11, -90.00, 0.570, 90.00, -90.00, 0.000, 357.11, 88.21);
insert into SHOT values (147, 148, 149, 433, 4.960, 85.11, -6.00, 4.956, 85.00, -6.02, 0.011, 333.23, -8.07);
insert into SHOT values (148, 149, 150, 433, 5.950, 89.11, 12.00, 5.951, 89.11, 12.03, 0.003, 104.52, 75.72);
insert into SHOT values (149, 150, 151, 433, 5.840, 99.11, 10.00, 5.842, 99.20, 9.96, 0.010, 171.94, -23.86);
insert into SHOT values (150, 151, 152, 433, 4.940, 81.11, 4.00, 4.942, 81.02, 3.94, 0.010, 7.96, -27.84);
insert into SHOT values (151, 152, 153, 433, 2.090, 110.11, 22.00, 2.094, 110.21, 22.16, 0.008, 174.54, 62.49);
insert into SHOT values (152, 153, 154, 433, 6.470, 85.11, 2.00, 6.467, 85.12, 1.95, 0.006, 249.53, -64.91);
insert into SHOT values (153, 154, 155, 433, 6.780, 95.11, 8.00, 6.784, 95.12, 8.05, 0.007, 123.04, 63.40);
insert into CENTRELINE values (434, 428, NULL, '2006-07-15', NULL, 41.08, 0.00, 0.00);
 insert into TOPO values (1, 434);
 insert into PERSON values (6, 'Aude', 'Priem');
insert into TOPO values (6, 434);
 insert into EXPLO values (4, 434);
 insert into SHOT values (154, 117, 156, 434, 4.330, 115.99, -26.00, 4.325, 116.04, -25.76, 0.019, 159.29, 74.69);
insert into SHOT values (155, 156, 157, 434, 5.840, 118.99, -15.00, 5.832, 118.98, -14.91, 0.013, 311.95, 63.45);
insert into SHOT values (156, 157, 158, 434, 3.210, 144.99, -47.00, 3.197, 144.86, -46.79, 0.018, 52.41, 74.17);
insert into SHOT values (157, 158, 159, 434, 3.950, 118.99, 16.00, 3.952, 119.00, 16.16, 0.011, 277.12, 83.45);
insert into SHOT values (158, 159, 160, 434, 4.670, 142.99, 28.00, 4.683, 142.96, 28.02, 0.013, 133.41, 35.01);
insert into SHOT values (159, 160, 161, 434, 3.360, 99.99, 18.00, 3.366, 99.90, 18.18, 0.013, 34.01, 66.19);
insert into SHOT values (160, 161, 162, 434, 3.860, 130.99, 33.00, 3.866, 131.12, 33.08, 0.011, 208.56, 45.49);
insert into SHOT values (161, 162, 163, 434, 6.000, 93.99, -3.00, 6.001, 93.92, -2.77, 0.025, 21.96, 73.05);
insert into SHOT values (162, 163, 164, 434, 3.180, 130.99, 9.00, 3.187, 130.88, 9.03, 0.010, 89.28, 15.48);
insert into SHOT values (163, 164, 165, 434, 2.680, 104.99, 22.00, 2.684, 105.15, 22.11, 0.010, 182.42, 39.47);
insert into CENTRELINE values (435, 428, NULL, '2006-07-15', NULL, 6.00, 0.00, 0.00);
 insert into TOPO values (1, 435);
 insert into TOPO values (6, 435);
 insert into EXPLO values (4, 435);
 insert into SHOT values (164, 111, 166, 435, 1.500, 356.99, -90.00, 1.500, 90.00, -90.00, 0.000, 356.99, 0.00);
insert into SHOT values (165, 166, 167, 435, 0.800, 12.99, 0.00, 0.800, 12.99, 0.00, 0.001, 22.36, 0.00);
insert into SHOT values (166, 167, 168, 435, 3.100, 12.99, -38.00, 3.099, 12.78, -38.05, 0.009, 267.90, -9.09);
insert into SHOT values (167, 168, 169, 435, 0.600, 356.99, -90.00, 0.600, 90.00, -90.00, 0.000, 356.99, -89.12);
insert into CENTRELINE values (436, 428, NULL, '2006-07-15', NULL, 181.65, 0.00, 0.00);
 insert into TOPO values (1, 436);
 insert into TOPO values (6, 436);
 insert into TOPO values (3, 436);
 insert into EXPLO values (4, 436);
 insert into SHOT values (168, 94, 170, 436, 9.910, 125.99, 7.00, 9.904, 125.96, 5.45, 0.269, 115.26, -84.98);
insert into SHOT values (169, 170, 171, 436, 10.410, 143.99, 1.00, 10.410, 143.99, -0.66, 0.302, 145.43, -89.86);
insert into SHOT values (170, 171, 172, 436, 6.100, 167.99, -10.00, 6.118, 167.98, -11.22, 0.131, 358.51, -87.46);
insert into SHOT values (171, 172, 173, 436, 0.940, 232.99, -15.00, 0.966, 232.88, -16.22, 0.033, 228.11, -53.02);
insert into SHOT values (172, 173, 174, 436, 6.470, 142.99, -12.00, 6.491, 143.04, -13.18, 0.135, 289.96, -85.64);
insert into SHOT values (173, 174, 175, 436, 2.850, 147.99, -4.00, 2.851, 147.93, -4.02, 0.003, 75.61, -21.51);
insert into SHOT values (174, 175, 176, 436, 3.460, 190.99, -2.00, 3.456, 191.02, -1.99, 0.005, 349.01, 9.34);
insert into SHOT values (175, 176, 177, 436, 3.520, 117.99, -8.00, 3.524, 118.03, -7.99, 0.005, 154.84, -1.38);
insert into SHOT values (176, 177, 178, 436, 6.500, 156.99, 0.00, 6.497, 156.99, 0.00, 0.003, 341.48, 0.00);
insert into SHOT values (177, 178, 179, 436, 4.500, 128.99, -2.00, 4.504, 128.96, -2.04, 0.005, 96.10, -33.61);
insert into SHOT values (178, 179, 180, 436, 6.400, 137.99, -1.00, 6.402, 138.04, -0.98, 0.006, 206.56, 15.57);
insert into SHOT values (179, 180, 181, 436, 2.610, 185.99, 21.00, 2.608, 185.90, 21.13, 0.007, 51.59, 40.86);
insert into SHOT values (180, 181, 182, 436, 3.140, 121.99, 45.00, 3.139, 122.11, 45.00, 0.005, 219.92, -3.66);
insert into SHOT values (181, 182, 183, 436, 7.700, 156.99, 6.00, 7.700, 157.02, 5.96, 0.006, 246.60, -51.64);
insert into SHOT values (182, 183, 184, 436, 2.980, 119.99, -3.00, 2.979, 119.84, -3.08, 0.009, 18.47, -27.21);
insert into SHOT values (183, 184, 185, 436, 5.700, 129.99, 4.00, 5.707, 130.01, 4.02, 0.007, 149.56, 19.26);
insert into SHOT values (184, 185, 186, 436, 4.280, 143.99, 24.00, 4.278, 143.95, 24.00, 0.003, 22.48, -15.46);
insert into SHOT values (185, 186, 187, 436, 6.100, 189.99, 21.00, 6.103, 190.01, 21.03, 0.005, 236.11, 56.10);
insert into SHOT values (186, 187, 188, 436, 2.030, 50.99, 35.00, 2.028, 50.86, 34.89, 0.006, 327.31, -48.37);
insert into SHOT values (187, 188, 189, 436, 5.920, 356.99, -90.00, 5.920, 90.00, -90.00, 0.000, 356.99, -74.16);
insert into SHOT values (188, 189, 190, 436, 3.900, 30.99, -8.00, 3.900, 31.01, -7.96, 0.003, 117.59, 57.75);
insert into SHOT values (189, 187, 191, 436, 8.600, 220.99, -4.00, 8.598, 221.03, -4.00, 0.006, 333.34, -0.83);
insert into SHOT values (190, 191, 192, 436, 10.000, 231.99, 2.00, 10.000, 231.95, 2.01, 0.007, 143.75, 8.26);
insert into SHOT values (191, 192, 193, 436, 9.200, 231.99, 2.00, 9.203, 232.02, 1.99, 0.006, 289.48, -9.86);
insert into SHOT values (192, 193, 194, 436, 3.000, 64.99, -12.00, 3.000, 65.01, -11.93, 0.004, 132.44, 75.05);
insert into SHOT values (193, 194, 195, 436, 5.800, 222.99, 1.00, 5.796, 222.97, 0.99, 0.005, 64.45, -14.89);
insert into SHOT values (194, 195, 196, 436, 5.700, 250.99, -18.00, 5.705, 250.96, -17.97, 0.006, 228.88, 12.70);
insert into SHOT values (195, 196, 197, 436, 2.150, 232.99, -24.00, 2.152, 233.07, -24.14, 0.006, 325.48, -62.68);
insert into SHOT values (196, 197, 198, 436, 7.420, 143.99, -16.00, 7.423, 143.95, -15.95, 0.008, 94.10, 38.97);
insert into SHOT values (197, 198, 199, 436, 6.340, 157.99, -31.00, 6.342, 158.06, -31.04, 0.008, 256.10, -33.74);
insert into SHOT values (198, 199, 200, 436, 7.110, 153.99, -18.00, 7.115, 153.97, -18.01, 0.006, 122.87, -28.17);
insert into SHOT values (199, 200, 201, 436, 5.270, 205.99, -52.00, 5.264, 206.01, -52.04, 0.007, 15.07, 22.86);
insert into SHOT values (200, 201, 202, 436, 3.940, 162.99, -3.00, 3.938, 162.99, -3.06, 0.005, 335.68, -54.69);
insert into SHOT values (201, 202, 203, 436, 1.700, 222.99, -26.00, 1.698, 222.88, -25.83, 0.006, 141.63, 60.47);
insert into CENTRELINE values (437, 428, NULL, '2006-07-15', NULL, 57.51, 0.00, 0.00);
 insert into TOPO values (1, 437);
 insert into TOPO values (6, 437);
 insert into EXPLO values (4, 437);
 insert into SHOT values (202, 204, 205, 437, 5.260, 245.99, 6.00, 5.262, 245.98, 6.00, 0.002, 228.03, 5.13);
insert into SHOT values (203, 205, 206, 437, 1.360, 245.99, 6.00, 1.364, 246.08, 5.89, 0.005, 274.77, -25.59);
insert into SHOT values (204, 197, 204, 437, 6.330, 242.99, 54.00, 6.327, 242.95, 54.03, 0.005, 92.30, -12.60);
insert into SHOT values (205, 204, 207, 437, 5.090, 149.99, 10.00, 5.092, 149.96, 10.07, 0.007, 77.81, 64.89);
insert into SHOT values (206, 207, 208, 437, 7.930, 141.99, 9.00, 7.927, 142.00, 9.00, 0.004, 287.48, -8.62);
insert into SHOT values (207, 208, 209, 437, 2.310, 177.99, 10.00, 2.316, 177.99, 9.94, 0.007, 178.60, -9.84);
insert into SHOT values (208, 170, 210, 437, 14.820, 135.99, 27.00, 14.815, 136.01, 26.97, 0.010, 235.99, -55.49);
insert into SHOT values (209, 210, 211, 437, 6.490, 212.99, 29.00, 6.491, 212.99, 29.03, 0.004, 27.23, 70.33);
insert into SHOT values (210, 211, 212, 437, 4.500, 131.99, 11.00, 4.502, 131.88, 11.01, 0.009, 52.65, 9.15);
insert into SHOT values (211, 212, 213, 437, 3.420, 145.99, 16.00, 3.418, 146.16, 15.96, 0.010, 241.20, -14.79);
insert into CENTRELINE values (438, 428, NULL, '2006-07-15', NULL, 5.70, 0.00, 0.00);
 insert into TOPO values (1, 438);
 insert into TOPO values (2, 438);
 insert into TOPO values (3, 438);
 insert into EXPLO values (4, 438);
 insert into SHOT values (212, 131, 214, 438, 0.000, 356.99, 0.00, 0.000, 90.00, 0.00, 0.000, 90.00, 0.00);
insert into SHOT values (213, 131, 215, 438, 4.400, 317.99, -25.00, 4.399, 317.95, -25.01, 0.003, 200.22, -8.67);
insert into SHOT values (214, 215, 216, 438, 1.300, 71.99, -20.00, 1.298, 71.86, -19.82, 0.005, 322.65, 58.25);
insert into CENTRELINE values (439, 428, NULL, '2006-07-15', NULL, 25.86, 0.00, 0.00);
 insert into TOPO values (1, 439);
 insert into TOPO values (6, 439);
 insert into TOPO values (5, 439);
 insert into EXPLO values (4, 439);
 insert into SHOT values (215, 94, 217, 439, 1.570, 179.99, -33.00, 1.523, 180.00, -32.12, 0.052, 359.44, 59.35);
insert into SHOT values (216, 217, 218, 439, 1.050, 356.99, -90.00, 0.950, 90.00, -90.00, 0.100, 356.99, 90.00);
insert into SHOT values (217, 218, 219, 439, 0.600, 342.99, -15.00, 0.578, 343.50, -13.00, 0.031, 146.06, 55.92);
insert into SHOT values (218, 219, 220, 439, 4.170, 251.99, -28.00, 4.129, 251.91, -27.24, 0.069, 97.67, 80.30);
insert into SHOT values (219, 220, 221, 439, 2.000, 351.99, -38.00, 2.013, 352.02, -38.03, 0.013, 357.84, -42.81);
insert into SHOT values (220, 221, 222, 439, 4.300, 300.99, -14.00, 4.306, 300.99, -14.11, 0.010, 299.39, -69.08);
insert into SHOT values (221, 222, 223, 439, 2.250, 336.99, -21.00, 2.252, 336.73, -21.08, 0.010, 248.96, -21.13);
insert into SHOT values (222, 223, 224, 439, 2.020, 304.99, 0.00, 2.017, 305.11, -0.28, 0.011, 70.90, -62.52);
insert into SHOT values (223, 224, 225, 439, 3.800, 304.99, -10.00, 3.807, 305.00, -10.14, 0.012, 315.26, -60.18);
insert into SHOT values (224, 225, 165, 439, 4.100, 281.99, 11.00, 4.099, 281.90, 10.83, 0.014, 207.42, -61.24);
insert into CENTRELINE values (440, 428, NULL, '2008-07-15', NULL, 53.02, 0.00, 0.00);
 insert into TOPO values (1, 440);
 insert into TOPO values (2, 440);
 insert into TOPO values (3, 440);
 insert into EXPLO values (4, 440);
 insert into SHOT values (225, 220, 226, 440, 3.800, 173.24, 0.00, 3.797, 173.19, 1.06, 0.070, 34.08, 86.50);
insert into SHOT values (226, 226, 227, 440, 5.300, 267.24, 4.00, 5.309, 267.19, 4.00, 0.010, 241.15, 1.61);
insert into SHOT values (227, 226, 228, 440, 4.500, 87.24, 20.00, 4.497, 87.29, 20.03, 0.005, 223.06, 9.54);
insert into SHOT values (228, 226, 229, 440, 4.970, 115.24, -25.00, 4.920, 115.31, -24.11, 0.092, 271.50, 80.90);
insert into SHOT values (229, 229, 230, 440, 6.300, 152.24, 8.00, 6.321, 152.20, 9.19, 0.133, 83.58, 88.37);
insert into SHOT values (230, 230, 231, 440, 4.750, 117.24, 20.00, 4.748, 117.20, 19.95, 0.006, 25.76, -56.59);
insert into SHOT values (231, 230, 232, 440, 0.900, 225.24, 31.00, 0.954, 225.00, 32.32, 0.058, 219.77, 53.17);
insert into SHOT values (232, 232, 233, 440, 3.800, 244.24, 0.00, 3.807, 244.31, 0.90, 0.061, 282.78, 82.44);
insert into SHOT values (233, 233, 234, 440, 2.600, 270.24, -22.00, 2.552, 270.24, -21.13, 0.062, 89.82, 60.40);
insert into SHOT values (234, 234, 235, 440, 4.920, 241.24, -21.00, 4.882, 241.20, -20.00, 0.093, 87.26, 86.05);
insert into SHOT values (235, 235, 236, 440, 1.450, 273.24, -28.00, 1.402, 273.21, -26.71, 0.058, 94.57, 60.83);
insert into SHOT values (236, 236, 237, 440, 3.480, 138.24, 10.00, 3.500, 138.19, 11.04, 0.066, 117.19, 82.89);
insert into SHOT values (237, 237, 238, 440, 6.250, 98.24, 11.00, 6.274, 98.25, 12.15, 0.127, 237.96, 88.99);
insert into CENTRELINE values (441, 428, NULL, '2007-07-15', NULL, 35.29, 0.00, 0.00);
 insert into TOPO values (1, 441);
 insert into TOPO values (2, 441);
 insert into TOPO values (3, 441);
 insert into EXPLO values (4, 441);
 insert into SHOT values (238, 184, 239, 441, 2.800, 89.11, 10.00, 2.803, 89.17, 10.07, 0.005, 133.57, 43.70);
insert into SHOT values (239, 239, 240, 441, 0.840, 30.11, -25.00, 0.838, 29.93, -24.68, 0.006, 306.65, 64.21);
insert into SHOT values (240, 240, 241, 441, 4.620, 85.11, 15.00, 4.622, 85.12, 14.92, 0.007, 93.76, -57.50);
insert into SHOT values (241, 241, 242, 441, 3.380, 126.11, -2.00, 3.372, 126.19, -2.04, 0.009, 275.42, -12.82);
insert into SHOT values (242, 242, 243, 441, 2.670, 108.11, 65.00, 2.673, 107.96, 64.87, 0.008, 84.00, 1.20);
insert into SHOT values (243, 243, 244, 441, 2.080, 93.11, 32.50, 2.080, 93.27, 32.58, 0.006, 199.29, 25.60);
insert into SHOT values (244, 244, 245, 441, 4.880, 117.11, 10.00, 4.882, 117.10, 10.03, 0.003, 85.12, 49.33);
insert into SHOT values (245, 245, 246, 441, 1.870, 165.11, -2.00, 1.864, 165.07, -2.15, 0.008, 358.47, -37.72);
insert into SHOT values (246, 246, 247, 441, 4.630, 264.11, 0.00, 4.635, 264.06, 0.00, 0.007, 221.26, 0.00);
insert into SHOT values (247, 247, 248, 441, 2.000, 218.11, -23.00, 2.003, 218.17, -22.92, 0.004, 248.26, 20.03);
insert into SHOT values (248, 248, 249, 441, 3.120, 256.11, -16.00, 3.119, 256.10, -16.01, 0.001, 95.41, -0.45);
insert into SHOT values (249, 249, 250, 441, 2.400, 296.11, -25.00, 2.397, 296.21, -24.92, 0.006, 49.68, 46.20);
insert into CENTRELINE values (442, 428, NULL, '2007-07-15', NULL, 28.27, 0.00, 0.00);
 insert into TOPO values (1, 442);
 insert into TOPO values (2, 442);
 insert into TOPO values (3, 442);
 insert into EXPLO values (4, 442);
 insert into SHOT values (250, 174, 251, 442, 2.750, 122.11, -40.00, 2.828, 122.06, -40.59, 0.083, 119.48, -60.47);
insert into SHOT values (251, 251, 252, 442, 2.640, 357.11, -90.00, 2.750, 90.00, -90.00, 0.110, 357.11, -90.00);
insert into SHOT values (252, 252, 253, 442, 1.440, 25.11, 55.00, 1.347, 24.62, 54.00, 0.096, 216.36, -68.87);
insert into SHOT values (253, 253, 254, 442, 2.370, 284.11, -24.00, 2.412, 284.04, -25.02, 0.060, 275.94, -70.04);
insert into SHOT values (254, 254, 255, 442, 1.930, 266.11, 35.00, 1.875, 266.31, 34.06, 0.064, 75.25, -63.63);
insert into SHOT values (255, 255, 256, 442, 9.390, 288.11, 3.00, 9.389, 288.13, 1.46, 0.252, 302.94, -87.96);
insert into SHOT values (256, 256, 257, 442, 5.020, 286.11, 4.00, 5.014, 286.12, 2.97, 0.090, 76.59, -89.30);
insert into SHOT values (257, 257, 238, 442, 2.730, 280.11, -5.00, 2.737, 280.15, -5.87, 0.042, 313.55, -85.06);
insert into CENTRELINE values (443, 428, NULL, '2007-07-15', NULL, 4.92, 0.00, 0.00);
 insert into TOPO values (1, 443);
 insert into TOPO values (2, 443);
 insert into TOPO values (3, 443);
 insert into EXPLO values (4, 443);
 insert into SHOT values (258, 174, 258, 443, 2.530, 82.11, 52.00, 2.531, 82.28, 51.83, 0.009, 117.86, -24.50);
insert into SHOT values (259, 258, 259, 443, 2.390, 91.11, -7.00, 2.388, 90.97, -6.98, 0.006, 343.95, 11.40);
insert into CENTRELINE values (444, 428, NULL, '2008-07-15', NULL, 41.63, 0.00, 0.00);
 insert into TOPO values (1, 444);
 insert into TOPO values (2, 444);
 insert into TOPO values (3, 444);
 insert into EXPLO values (4, 444);
 insert into SHOT values (260, 259, 260, 444, 6.130, 101.24, -6.50, 6.126, 101.27, -6.47, 0.006, 229.52, 37.74);
insert into SHOT values (261, 260, 261, 444, 2.180, 122.24, 2.50, 2.185, 122.09, 2.36, 0.009, 77.63, -32.61);
insert into SHOT values (262, 261, 262, 444, 2.480, 88.24, -23.00, 2.479, 88.24, -23.04, 0.002, 260.55, -28.82);
insert into SHOT values (263, 262, 263, 444, 0.700, 357.24, -90.00, 0.700, 90.00, -90.00, 0.000, 357.24, -86.93);
insert into SHOT values (264, 263, 264, 444, 2.920, 108.24, -5.00, 2.917, 108.25, -4.92, 0.005, 275.24, 57.97);
insert into SHOT values (265, 264, 265, 444, 2.220, 79.24, 47.00, 2.219, 79.36, 46.90, 0.005, 136.87, -43.40);
insert into SHOT values (266, 265, 266, 444, 7.130, 102.24, -8.50, 7.127, 102.20, -8.47, 0.006, 341.36, 39.51);
insert into SHOT values (267, 266, 267, 444, 1.150, 0.24, 39.00, 1.145, 0.00, 38.97, 0.006, 224.71, -35.46);
insert into SHOT values (268, 267, 268, 444, 2.000, 102.24, -26.00, 2.000, 102.18, -25.79, 0.008, 73.49, 63.35);
insert into SHOT values (269, 268, 269, 444, 3.850, 107.24, -9.00, 3.850, 107.29, -9.12, 0.009, 209.26, -63.96);
insert into SHOT values (270, 269, 270, 444, 1.760, 96.74, 2.00, 1.762, 96.52, 1.95, 0.007, 27.03, -11.38);
insert into SHOT values (271, 270, 271, 444, 2.460, 120.24, 35.50, 2.461, 120.28, 35.52, 0.002, 190.46, 43.59);
insert into SHOT values (272, 271, 272, 444, 1.650, 117.24, 14.00, 1.646, 117.21, 14.06, 0.004, 307.60, 10.65);
insert into SHOT values (273, 272, 273, 444, 5.000, 89.24, 0.00, 5.000, 89.31, 0.00, 0.007, 176.21, 0.00);
insert into CENTRELINE values (445, 428, NULL, '2007-07-15', NULL, 10.18, 0.00, 0.00);
 insert into TOPO values (1, 445);
 insert into TOPO values (2, 445);
 insert into TOPO values (3, 445);
 insert into EXPLO values (4, 445);
 insert into SHOT values (274, 129, 274, 445, 0.800, 212.11, 56.00, 0.804, 211.18, 56.46, 0.010, 97.93, 40.67);
insert into SHOT values (275, 274, 275, 445, 5.280, 255.11, 7.00, 5.286, 255.09, 6.95, 0.007, 236.26, -28.64);
insert into SHOT values (276, 275, 276, 445, 2.800, 231.11, 44.00, 2.796, 231.25, 43.94, 0.007, 333.51, -45.21);
insert into SHOT values (277, 276, 277, 445, 1.300, 267.11, 4.00, 1.296, 266.89, 4.43, 0.012, 131.96, 53.18);
insert into CENTRELINE values (446, 428, NULL, '2006-07-15', NULL, 22.88, 0.00, 0.00);
 insert into TOPO values (1, 446);
 insert into TOPO values (2, 446);
 insert into TOPO values (3, 446);
 insert into EXPLO values (4, 446);
 insert into SHOT values (278, 107, 278, 446, 4.160, 246.99, 10.00, 4.158, 247.00, 9.97, 0.003, 28.49, -54.49);
insert into SHOT values (279, 278, 279, 446, 2.000, 208.99, 12.00, 2.001, 209.05, 12.12, 0.005, 302.21, 61.65);
insert into SHOT values (280, 279, 280, 446, 6.800, 270.99, -3.00, 6.801, 271.01, -3.03, 0.005, 353.33, -55.36);
insert into SHOT values (281, 280, 281, 446, 6.440, 255.99, -5.00, 6.444, 256.03, -4.99, 0.006, 301.33, 11.51);
insert into SHOT values (282, 281, 282, 446, 3.480, 272.99, -7.00, 3.480, 272.99, -6.93, 0.004, 261.80, 81.08);
insert into CENTRELINE values (447, 428, NULL, '2010-07-15', NULL, 102.90, 0.00, 0.00);
 insert into TOPO values (1, 447);
 insert into TOPO values (2, 447);
 insert into TOPO values (3, 447);
 insert into EXPLO values (4, 447);
 insert into SHOT values (283, 282, 283, 447, 2.140, 215.49, 27.00, 2.141, 215.19, 26.94, 0.010, 137.02, -8.57);
insert into SHOT values (284, 283, 284, 447, 3.360, 246.49, 21.00, 3.361, 246.54, 20.92, 0.006, 290.79, -47.09);
insert into SHOT values (285, 284, 285, 447, 8.370, 251.49, 11.00, 8.370, 251.48, 11.02, 0.003, 142.21, 57.64);
insert into SHOT values (286, 285, 286, 447, 6.300, 267.49, -14.00, 6.302, 267.56, -13.96, 0.009, 338.94, 26.15);
insert into SHOT values (287, 286, 287, 447, 4.460, 225.49, 20.00, 4.460, 225.48, 19.92, 0.006, 214.58, -66.92);
insert into SHOT values (288, 286, 288, 447, 2.800, 341.49, -5.00, 2.794, 341.57, -5.13, 0.010, 132.06, -38.44);
insert into SHOT values (289, 288, 289, 447, 8.850, 237.49, 1.00, 8.854, 237.55, 1.04, 0.011, 305.85, 29.24);
insert into SHOT values (290, 289, 290, 447, 1.760, 310.49, 0.00, 1.752, 310.60, 0.00, 0.009, 108.00, 0.00);
insert into SHOT values (291, 288, 291, 447, 2.450, 297.49, -22.00, 2.452, 297.47, -21.79, 0.009, 286.88, 56.85);
insert into SHOT values (292, 291, 292, 447, 5.890, 240.49, 63.00, 5.885, 240.47, 62.93, 0.009, 226.04, -63.22);
insert into SHOT values (293, 288, 293, 447, 6.230, 11.49, 4.00, 6.229, 11.42, 4.05, 0.010, 267.84, 34.51);
insert into SHOT values (294, 293, 294, 447, 5.490, 337.49, -12.00, 5.487, 337.54, -11.99, 0.006, 98.28, 13.38);
insert into SHOT values (295, 294, 295, 447, 7.800, 62.49, 0.00, 7.805, 62.45, 0.00, 0.007, 15.89, 0.00);
insert into SHOT values (296, 294, 296, 447, 5.740, 339.49, -4.00, 5.748, 339.48, -3.99, 0.008, 332.20, 2.92);
insert into SHOT values (297, 296, 297, 447, 4.280, 315.49, 24.00, 4.274, 315.42, 24.03, 0.008, 172.62, -5.71);
insert into SHOT values (298, 297, 298, 447, 8.950, 286.49, 3.00, 8.951, 286.51, 3.01, 0.004, 2.90, 26.55);
insert into SHOT values (299, 298, 299, 447, 8.950, 284.49, 3.00, 8.947, 284.52, 2.95, 0.010, 42.26, -58.43);
insert into SHOT values (300, 299, 300, 447, 3.790, 267.49, 0.00, 3.794, 267.43, 0.00, 0.005, 222.59, 0.00);
insert into SHOT values (301, 300, 301, 447, 5.290, 289.49, -4.00, 5.285, 289.50, -4.01, 0.005, 97.02, -11.64);
insert into CENTRELINE values (448, 428, NULL, '2010-07-15', NULL, 180.71, 0.00, 0.00);
 insert into TOPO values (1, 448);
 insert into TOPO values (2, 448);
 insert into TOPO values (3, 448);
 insert into EXPLO values (4, 448);
 insert into SHOT values (302, 301, 302, 448, 1.580, 231.49, 2.00, 1.582, 231.68, 2.17, 0.007, 305.99, 41.65);
insert into SHOT values (303, 302, 303, 448, 0.670, 357.49, 90.00, 0.670, 90.00, 90.00, 0.000, 357.49, 88.16);
insert into SHOT values (304, 303, 304, 448, 4.050, 297.49, 5.00, 4.050, 297.45, 4.96, 0.004, 201.97, -50.46);
insert into SHOT values (305, 304, 305, 448, 3.830, 248.49, 6.00, 3.828, 248.42, 6.00, 0.005, 131.75, -3.96);
insert into SHOT values (306, 305, 306, 448, 4.830, 299.49, 5.00, 4.832, 299.49, 4.99, 0.002, 309.94, -23.14);
insert into SHOT values (307, 306, 307, 448, 4.760, 347.49, 3.00, 4.760, 347.48, 3.01, 0.001, 204.30, 53.07);
insert into SHOT values (308, 307, 308, 448, 8.470, 271.49, -4.00, 8.473, 271.49, -3.99, 0.004, 277.12, 13.41);
insert into SHOT values (309, 308, 309, 448, 7.770, 247.49, 2.00, 7.765, 247.50, 1.99, 0.005, 50.12, -13.98);
insert into SHOT values (310, 309, 310, 448, 4.060, 309.49, 19.00, 4.060, 309.50, 19.12, 0.009, 115.18, 70.79);
insert into SHOT values (311, 310, 311, 448, 4.300, 316.49, 0.00, 4.301, 316.51, 0.00, 0.002, 19.68, 0.00);
insert into SHOT values (312, 311, 312, 448, 9.040, 313.49, 3.00, 9.038, 313.47, 2.98, 0.004, 188.02, -46.34);
insert into SHOT values (313, 312, 313, 448, 4.560, 314.49, -7.00, 4.560, 314.46, -7.05, 0.005, 215.46, -63.91);
insert into SHOT values (314, 313, 314, 448, 2.250, 219.49, 12.00, 2.252, 219.47, 12.05, 0.003, 195.59, 54.40);
insert into SHOT values (315, 314, 315, 448, 3.440, 290.49, 7.00, 3.443, 290.56, 7.01, 0.005, 341.45, 8.51);
insert into SHOT values (316, 315, 316, 448, 2.100, 246.49, -4.00, 2.101, 246.37, -4.09, 0.006, 167.22, -38.54);
insert into SHOT values (317, 316, 317, 448, 1.230, 29.49, -10.00, 1.236, 29.51, -9.78, 0.008, 33.55, 28.04);
insert into SHOT values (318, 317, 318, 448, 4.980, 297.49, 15.00, 4.983, 297.47, 15.01, 0.003, 263.05, 21.12);
insert into SHOT values (319, 318, 319, 448, 5.300, 329.49, 7.00, 5.297, 329.48, 6.94, 0.006, 159.76, -69.38);
insert into SHOT values (320, 319, 320, 448, 6.760, 323.49, 0.00, 6.756, 323.49, 0.00, 0.004, 148.30, 0.00);
insert into SHOT values (321, 320, 321, 448, 8.370, 325.49, 1.00, 8.378, 325.46, 1.03, 0.010, 295.10, 22.49);
insert into SHOT values (322, 321, 322, 448, 6.770, 320.49, 3.00, 6.773, 320.52, 3.05, 0.007, 18.23, 52.91);
insert into SHOT values (323, 322, 323, 448, 5.270, 332.49, 5.00, 5.261, 332.51, 4.91, 0.012, 141.29, -49.09);
insert into SHOT values (324, 323, 324, 448, 2.330, 359.49, -23.00, 2.335, 359.47, -22.94, 0.005, 350.66, 4.29);
insert into SHOT values (325, 324, 325, 448, 5.570, 236.49, 50.00, 5.576, 236.49, 49.97, 0.007, 235.34, 28.26);
insert into SHOT values (326, 324, 326, 448, 4.140, 50.49, -1.00, 4.135, 50.50, -0.97, 0.006, 224.70, 24.14);
insert into SHOT values (327, 326, 327, 448, 2.850, 304.49, 14.00, 2.853, 304.55, 14.00, 0.004, 350.25, 7.11);
insert into SHOT values (328, 327, 328, 448, 2.020, 30.49, -18.00, 2.017, 30.71, -17.90, 0.009, 136.20, 28.98);
insert into SHOT values (329, 328, 329, 448, 4.150, 211.49, 0.00, 4.152, 211.51, 0.00, 0.003, 243.93, 0.00);
insert into SHOT values (330, 328, 330, 448, 2.020, 357.49, -90.00, 2.020, 90.00, -90.00, 0.000, 357.49, 68.83);
insert into SHOT values (331, 330, 331, 448, 3.360, 69.49, 1.00, 3.355, 69.40, 1.02, 0.007, 293.86, 10.81);
insert into SHOT values (332, 331, 332, 448, 3.100, 38.49, 4.00, 3.102, 38.57, 3.88, 0.008, 95.78, -49.17);
insert into SHOT values (333, 332, 333, 448, 0.670, 340.49, 12.00, 0.673, 340.46, 12.01, 0.003, 333.80, 15.43);
insert into SHOT values (334, 333, 334, 448, 2.030, 23.49, -14.00, 2.158, 24.60, -14.49, 0.135, 42.24, -21.16);
insert into SHOT values (335, 334, 335, 448, 2.900, 34.49, -1.00, 3.037, 35.21, -1.89, 0.149, 50.20, -19.34);
insert into SHOT values (336, 335, 336, 448, 1.850, 109.49, 10.00, 1.957, 108.72, 9.11, 0.114, 96.17, -5.68);
insert into SHOT values (337, 336, 337, 448, 3.060, 92.49, 4.00, 3.196, 91.97, 3.05, 0.149, 80.86, -17.00);
insert into SHOT values (338, 327, 338, 448, 4.630, 357.49, -90.00, 4.630, 90.00, -90.00, 0.000, 357.49, -81.58);
insert into SHOT values (339, 338, 339, 448, 1.970, 245.49, -20.00, 1.966, 245.38, -19.93, 0.006, 114.60, 38.19);
insert into SHOT values (340, 339, 340, 448, 1.200, 357.49, -90.00, 1.200, 90.00, -90.00, 0.000, 357.49, 88.68);
insert into SHOT values (341, 340, 341, 448, 2.810, 219.49, 2.00, 2.815, 219.52, 2.04, 0.005, 236.64, 21.38);
insert into SHOT values (342, 341, 342, 448, 2.280, 233.49, -18.00, 2.279, 233.45, -18.15, 0.006, 86.94, -62.37);
insert into SHOT values (343, 342, 343, 448, 3.600, 357.49, -90.00, 3.600, 90.00, -90.00, 0.000, 357.49, 82.14);
insert into SHOT values (344, 343, 344, 448, 3.310, 272.49, -16.00, 3.311, 272.52, -15.95, 0.003, 326.05, 47.08);
insert into SHOT values (345, 337, 345, 448, 4.080, 93.49, 9.00, 4.088, 93.41, 9.01, 0.009, 55.75, 10.62);
insert into SHOT values (346, 337, 346, 448, 4.450, 223.49, 29.00, 4.271, 222.83, 28.99, 0.184, 58.86, -28.36);
insert into SHOT values (347, 346, 347, 448, 3.190, 251.49, 8.00, 3.020, 251.50, 7.42, 0.173, 71.21, -18.18);
insert into SHOT values (348, 347, 333, 448, 3.260, 270.49, -44.00, 3.225, 271.01, -45.50, 0.094, 76.76, -22.08);
insert into SHOT values (349, 334, 348, 448, 1.490, 292.49, -1.00, 1.493, 292.44, -1.15, 0.005, 272.47, -48.60);
insert into CENTRELINE values (449, 428, NULL, '2010-07-15', NULL, 118.05, 0.00, 0.00);
 insert into TOPO values (1, 449);
 insert into TOPO values (2, 449);
 insert into TOPO values (5, 449);
 insert into TOPO values (3, 449);
 insert into EXPLO values (4, 449);
 insert into SHOT values (350, 348, 349, 449, 2.990, 278.49, -26.00, 2.992, 278.55, -25.97, 0.004, 328.06, 10.67);
insert into SHOT values (351, 349, 350, 449, 3.050, 13.49, -14.00, 3.045, 13.71, -14.06, 0.013, 128.70, -9.77);
insert into SHOT values (352, 350, 351, 449, 4.430, 322.49, 5.00, 4.432, 322.46, 5.05, 0.005, 256.49, 53.76);
insert into SHOT values (353, 351, 352, 449, 1.750, 323.49, 21.00, 1.755, 323.69, 21.04, 0.008, 16.63, 21.71);
insert into SHOT values (354, 352, 353, 449, 6.720, 62.49, 3.00, 6.718, 62.48, 2.99, 0.003, 274.81, -40.92);
insert into SHOT values (355, 353, 354, 449, 4.500, 91.49, 1.00, 4.502, 91.53, 1.02, 0.004, 144.41, 21.13);
insert into SHOT values (356, 354, 355, 449, 5.590, 62.49, 7.00, 5.588, 62.51, 6.99, 0.003, 198.13, -22.44);
insert into SHOT values (357, 355, 356, 449, 6.390, 75.49, 5.00, 6.388, 75.44, 4.94, 0.009, 332.29, -50.90);
insert into SHOT values (358, 356, 357, 449, 4.900, 74.49, 2.00, 4.902, 74.49, 2.10, 0.009, 72.26, 81.13);
insert into SHOT values (359, 357, 358, 449, 6.460, 79.49, 25.00, 6.454, 79.46, 25.02, 0.007, 286.74, -0.96);
insert into SHOT values (360, 358, 359, 449, 5.000, 65.49, -10.00, 4.999, 65.52, -10.02, 0.003, 185.95, -31.80);
insert into SHOT values (361, 359, 360, 449, 2.520, 7.49, 2.00, 2.523, 7.52, 2.04, 0.004, 30.13, 30.47);
insert into SHOT values (362, 360, 361, 449, 4.450, 73.49, 6.00, 4.454, 73.61, 5.93, 0.012, 138.48, -26.44);
insert into SHOT values (363, 361, 362, 449, 4.400, 79.49, 4.00, 4.395, 79.48, 4.05, 0.006, 262.83, 28.43);
insert into SHOT values (364, 362, 363, 449, 5.740, 73.49, -6.00, 5.739, 73.41, -6.00, 0.008, 337.48, -0.05);
insert into SHOT values (365, 363, 364, 449, 5.900, 95.49, 45.00, 5.904, 95.49, 44.94, 0.008, 97.37, -14.89);
insert into SHOT values (366, 357, 365, 449, 3.940, 109.49, -30.00, 3.935, 109.55, -30.04, 0.007, 256.30, -0.00);
insert into SHOT values (367, 365, 366, 449, 3.760, 102.49, 6.00, 3.769, 102.48, 5.94, 0.010, 98.41, -18.25);
insert into SHOT values (368, 366, 367, 449, 5.650, 106.49, -8.00, 5.646, 106.52, -8.04, 0.006, 248.30, -34.77);
insert into SHOT values (369, 367, 368, 449, 9.260, 92.49, -4.00, 9.261, 92.48, -3.96, 0.006, 47.44, 73.80);
insert into SHOT values (370, 368, 369, 449, 7.040, 91.49, -5.00, 7.040, 91.47, -5.05, 0.007, 339.43, -69.53);
insert into SHOT values (371, 369, 370, 449, 4.240, 119.49, -8.00, 4.237, 119.56, -8.00, 0.006, 236.74, 0.94);
insert into SHOT values (372, 358, 371, 449, 5.070, 112.49, 9.00, 5.074, 112.52, 8.96, 0.006, 144.70, -29.17);
insert into SHOT values (373, 371, 372, 449, 4.300, 77.49, 10.00, 4.307, 77.47, 10.03, 0.007, 65.67, 27.17);
insert into CENTRELINE values (450, 428, NULL, '2011-07-15', NULL, 46.81, 0.00, 0.00);
 insert into TOPO values (1, 450);
 insert into EXPLO values (4, 450);
 insert into SHOT values (374, 370, 373, 450, 6.870, 64.63, 0.80, 6.876, 64.59, 0.83, 0.008, 27.50, 29.54);
insert into SHOT values (375, 373, 374, 450, 1.250, 341.63, 1.30, 1.243, 341.71, 1.38, 0.007, 146.80, 12.95);
insert into SHOT values (376, 374, 375, 450, 4.950, 354.63, 4.00, 4.954, 354.54, 3.94, 0.010, 296.36, -32.03);
insert into SHOT values (377, 375, 376, 450, 5.950, 14.63, 10.70, 5.955, 14.65, 10.74, 0.007, 51.16, 48.53);
insert into SHOT values (378, 376, 377, 450, 4.450, 357.63, -90.00, 4.450, 90.00, -90.00, 0.000, 357.63, -71.07);
insert into SHOT values (379, 377, 378, 450, 1.610, 359.63, 4.20, 1.604, 359.64, 3.93, 0.010, 175.30, -54.42);
insert into SHOT values (380, 378, 379, 450, 9.510, 277.63, -3.50, 9.512, 277.63, -3.50, 0.002, 277.29, 18.38);
insert into SHOT values (381, 379, 380, 450, 2.210, 179.63, 44.70, 2.213, 179.64, 44.82, 0.006, 344.12, 81.04);
insert into SHOT values (382, 380, 381, 450, 4.310, 274.63, 5.00, 4.310, 274.68, 4.92, 0.007, 353.91, -56.80);
insert into SHOT values (383, 381, 382, 450, 1.600, 271.63, -5.00, 1.597, 271.44, -5.03, 0.006, 148.06, -5.09);
insert into SHOT values (384, 382, 383, 450, 1.060, 357.63, -90.00, 1.060, 90.00, -90.00, 0.000, 357.63, -88.77);
insert into SHOT values (385, 383, 384, 450, 2.040, 105.63, -26.30, 2.037, 105.56, -26.23, 0.005, 334.84, 53.09);
insert into SHOT values (386, 384, 385, 450, 1.000, 85.63, -15.00, 0.997, 85.83, -15.12, 0.005, 220.40, -13.81);
insert into CENTRELINE values (451, 428, NULL, '2011-07-15', NULL, 69.36, 0.00, 0.00);
 insert into PERSON values (7, 'Eric', 'Fevre');
insert into TOPO values (7, 451);
 insert into PERSON values (8, 'Phillipe', 'Germain');
insert into TOPO values (8, 451);
 insert into TOPO values (1, 451);
 insert into EXPLO values (4, 451);
 insert into SHOT values (387, 309, 386, 451, 4.220, 87.63, 0.00, 4.223, 87.69, 0.00, 0.006, 142.73, 0.00);
insert into SHOT values (388, 386, 387, 451, 2.540, 237.63, 4.50, 2.538, 237.75, 4.52, 0.006, 346.57, 6.81);
insert into SHOT values (389, 387, 388, 451, 2.580, 266.63, 3.20, 2.579, 266.66, 3.33, 0.006, 43.81, 69.92);
insert into SHOT values (390, 388, 389, 451, 3.430, 251.63, 5.00, 3.438, 251.62, 5.01, 0.008, 247.83, 7.69);
insert into SHOT values (391, 389, 390, 451, 3.990, 265.63, -1.70, 3.983, 265.68, -1.73, 0.008, 58.10, -11.80);
insert into SHOT values (392, 390, 391, 451, 5.780, 256.63, -0.20, 5.787, 256.61, -0.20, 0.007, 245.27, 1.35);
insert into SHOT values (393, 391, 392, 451, 4.660, 267.63, -3.80, 4.654, 267.66, -3.82, 0.006, 66.11, -10.45);
insert into SHOT values (394, 392, 393, 451, 2.400, 282.63, 14.00, 2.396, 282.42, 14.01, 0.009, 165.20, -3.75);
insert into SHOT values (395, 393, 394, 451, 6.450, 330.63, -4.20, 6.456, 330.61, -4.17, 0.007, 311.96, 20.38);
insert into SHOT values (396, 394, 395, 451, 6.320, 292.63, 0.40, 6.316, 292.63, 0.36, 0.006, 112.23, -48.15);
insert into SHOT values (397, 395, 396, 451, 5.710, 266.63, 3.70, 5.712, 266.68, 3.71, 0.006, 341.46, 15.24);
insert into SHOT values (398, 396, 397, 451, 1.500, 7.63, 3.10, 1.496, 7.70, 3.07, 0.005, 165.05, -13.34);
insert into SHOT values (399, 386, 398, 451, 4.650, 77.63, -4.60, 4.644, 77.52, -4.57, 0.010, 312.74, 16.27);
insert into SHOT values (400, 398, 399, 451, 1.060, 16.63, 23.30, 1.058, 16.76, 23.39, 0.003, 153.28, 12.75);
insert into SHOT values (401, 399, 400, 451, 8.860, 303.63, 2.30, 8.858, 303.62, 2.33, 0.005, 149.93, 56.66);
insert into SHOT values (402, 400, 401, 451, 5.210, 294.63, -4.00, 5.208, 294.69, -4.07, 0.009, 47.01, -46.40);
insert into CENTRELINE values (452, 428, NULL, '2011-07-15', NULL, 14.86, 0.00, 0.00);
 insert into TOPO values (1, 452);
 insert into EXPLO values (4, 452);
 insert into SHOT values (403, 204, 402, 452, 0.840, 357.63, -90.00, 0.840, 90.00, -90.00, 0.000, 357.63, 87.95);
insert into SHOT values (404, 402, 403, 452, 2.000, 122.63, -40.90, 2.000, 122.85, -40.91, 0.006, 212.60, -5.05);
insert into SHOT values (405, 403, 404, 452, 1.440, 173.63, -48.40, 1.435, 173.40, -48.21, 0.008, 87.86, 60.44);
insert into SHOT values (406, 404, 405, 452, 10.580, 357.63, -90.00, 10.580, 90.00, -90.00, 0.000, 357.63, -76.56);
insert into CENTRELINE values (453, 428, NULL, '2011-07-15', NULL, 62.59, 0.00, 0.00);
 insert into TOPO values (1, 453);
 insert into EXPLO values (4, 453);
 insert into SHOT values (407, 315, 406, 453, 1.510, 79.63, -11.50, 1.515, 79.52, -11.42, 0.006, 51.61, 10.32);
insert into SHOT values (408, 406, 407, 453, 2.820, 33.63, 5.90, 2.813, 33.63, 5.92, 0.007, 210.80, 1.08);
insert into SHOT values (409, 407, 408, 453, 3.180, 357.63, 90.00, 3.180, 90.00, 90.00, 0.000, 357.63, -86.12);
insert into SHOT values (410, 316, 409, 453, 1.040, 215.63, 26.00, 1.040, 215.39, 26.26, 0.006, 92.68, 42.33);
insert into SHOT values (411, 409, 410, 453, 6.530, 90.63, -4.00, 6.527, 90.62, -4.04, 0.006, 288.50, -48.98);
insert into SHOT values (412, 409, 411, 453, 6.210, 288.63, 39.00, 6.218, 288.70, 38.96, 0.011, 321.88, 10.02);
insert into SHOT values (413, 314, 412, 453, 0.970, 357.63, 90.00, 0.970, 90.00, 90.00, 0.000, 357.63, 82.93);
insert into SHOT values (414, 412, 413, 453, 0.540, 231.63, 6.00, 0.537, 231.84, 6.41, 0.005, 16.93, 45.12);
insert into SHOT values (415, 413, 414, 453, 4.770, 289.63, 3.40, 4.775, 289.61, 3.36, 0.006, 277.12, -29.66);
insert into SHOT values (416, 411, 415, 453, 2.040, 233.63, -8.70, 2.040, 233.47, -8.74, 0.006, 138.41, -14.57);
insert into SHOT values (417, 415, 416, 453, 2.160, 313.63, 9.20, 2.163, 313.48, 9.04, 0.009, 260.24, -38.61);
insert into SHOT values (418, 416, 417, 453, 9.700, 357.63, -90.00, 9.700, 90.00, -90.00, 0.000, 357.63, -53.75);
insert into SHOT values (419, 415, 418, 453, 3.630, 237.63, -61.00, 3.635, 237.75, -61.01, 0.007, 302.00, -49.90);
insert into SHOT values (420, 418, 419, 453, 1.550, 220.63, -28.00, 1.547, 220.56, -27.74, 0.008, 139.44, 77.45);
insert into SHOT values (421, 419, 420, 453, 3.580, 357.63, -90.00, 3.580, 90.00, -90.00, 0.000, 357.63, -85.38);
insert into SHOT values (422, 420, 421, 453, 3.600, 129.63, -38.10, 3.600, 129.70, -38.08, 0.004, 212.11, 19.46);
insert into SHOT values (423, 416, 422, 453, 0.500, 357.63, 90.00, 0.500, 90.00, 90.00, 0.000, 357.63, 0.00);
insert into SHOT values (424, 422, 423, 453, 3.260, 289.63, 62.50, 3.265, 289.89, 62.66, 0.012, 60.79, 42.88);
insert into SHOT values (425, 423, 424, 453, 5.000, 27.63, 62.50, 4.993, 27.68, 62.53, 0.008, 186.02, -42.32);
insert into CENTRELINE values (454, 428, NULL, '2016-07-15', '2016-07-15', 475.97, 0.00, 0.00);
 insert into TOPO values (7, 454);
 insert into TOPO values (3, 454);
 insert into PERSON values (9, 'Flavie', 'Vampouille');
insert into TOPO values (9, 454);
 insert into EXPLO values (4, 454);
 insert into SHOT values (426, 143, 425, 454, 0.000, 358.34, 0.00, 0.000, 90.00, 0.00, 0.000, 90.00, 0.00);
insert into SHOT values (427, 425, 426, 454, 3.790, 73.44, -13.45, 3.798, 73.48, -13.55, 0.011, 94.81, -50.97);
insert into SHOT values (428, 426, 427, 454, 6.120, 299.94, 11.69, 6.125, 299.90, 11.68, 0.007, 260.53, -0.10);
insert into SHOT values (429, 427, 428, 454, 4.510, 273.12, -2.49, 4.501, 273.19, -2.42, 0.012, 62.40, 30.14);
insert into SHOT values (430, 428, 429, 454, 5.040, 262.04, -2.28, 5.043, 262.01, -2.27, 0.004, 223.58, 7.92);
insert into SHOT values (431, 429, 430, 454, 3.440, 298.83, 10.68, 3.439, 298.84, 10.72, 0.003, 93.81, 60.33);
insert into SHOT values (432, 430, 431, 454, 2.300, 23.81, -20.02, 2.302, 23.72, -20.07, 0.005, 320.21, -34.44);
insert into SHOT values (433, 431, 432, 454, 4.490, 90.13, 0.89, 4.491, 90.26, 0.89, 0.010, 176.76, 1.51);
insert into SHOT values (434, 432, 433, 454, 2.960, 93.05, 18.70, 2.960, 92.86, 18.72, 0.009, 1.43, 6.11);
insert into SHOT values (435, 433, 434, 454, 4.930, 73.56, -9.81, 4.929, 73.62, -9.81, 0.005, 171.90, -0.23);
insert into SHOT values (436, 434, 435, 454, 2.060, 47.08, -1.28, 2.060, 47.16, -1.39, 0.005, 143.43, -52.53);
insert into SHOT values (437, 435, 436, 454, 8.570, 87.44, -1.43, 8.561, 87.39, -1.41, 0.012, 310.07, 18.63);
insert into SHOT values (438, 436, 437, 454, 3.390, 75.77, 2.03, 3.395, 75.84, 2.03, 0.007, 114.52, -0.71);
insert into SHOT values (439, 437, 438, 454, 7.190, 84.51, 5.56, 7.186, 84.54, 5.51, 0.009, 216.06, -49.33);
insert into SHOT values (440, 438, 439, 454, 4.180, 93.24, 9.66, 4.185, 93.20, 9.63, 0.007, 63.48, -12.15);
insert into SHOT values (441, 439, 440, 454, 3.730, 276.56, -87.10, 3.725, 276.01, -87.06, 0.006, 238.28, 60.40);
insert into SHOT values (442, 440, 441, 454, 14.050, 271.44, -6.77, 14.053, 271.44, -6.78, 0.004, 253.55, -56.43);
insert into SHOT values (443, 441, 442, 454, 0.940, 24.80, 41.84, 0.944, 24.38, 41.88, 0.006, 318.75, 27.58);
insert into SHOT values (444, 442, 443, 454, 15.010, 266.61, 0.76, 15.008, 266.60, 0.76, 0.004, 136.98, 14.31);
insert into SHOT values (445, 443, 444, 454, 5.090, 280.88, -30.57, 5.088, 280.93, -30.60, 0.005, 53.66, -15.30);
insert into SHOT values (446, 444, 445, 454, 3.820, 291.09, 5.26, 3.821, 291.10, 5.26, 0.002, 323.32, -7.61);
insert into SHOT values (447, 445, 446, 454, 6.620, 289.73, -0.83, 6.618, 289.69, -0.78, 0.008, 171.44, 51.50);
insert into SHOT values (448, 446, 447, 454, 10.960, 288.68, -1.55, 10.962, 288.68, -1.57, 0.004, 308.39, -67.14);
insert into SHOT values (449, 447, 448, 454, 5.500, 293.18, -5.11, 5.505, 293.20, -5.11, 0.006, 311.69, -1.30);
insert into SHOT values (450, 448, 449, 454, 6.590, 277.81, 0.48, 6.581, 277.77, 0.44, 0.011, 122.55, -26.94);
insert into SHOT values (451, 449, 450, 454, 3.200, 285.22, -3.13, 3.207, 285.21, -3.04, 0.008, 279.54, 34.22);
insert into SHOT values (452, 450, 451, 454, 3.690, 236.95, 1.40, 3.687, 236.96, 1.40, 0.003, 48.44, -3.27);
insert into SHOT values (453, 451, 452, 454, 4.570, 289.48, -1.44, 4.572, 289.43, -1.50, 0.007, 219.97, -48.15);
insert into SHOT values (454, 452, 453, 454, 4.970, 75.97, 1.29, 4.971, 75.91, 1.38, 0.010, 354.51, 55.94);
insert into SHOT values (455, 453, 454, 454, 14.560, 320.60, -4.67, 14.557, 320.59, -4.69, 0.006, 165.95, -50.13);
insert into SHOT values (456, 454, 455, 454, 3.140, 269.61, 28.60, 3.133, 269.58, 28.61, 0.008, 100.42, -24.09);
insert into SHOT values (457, 455, 456, 454, 5.500, 282.38, -7.55, 5.504, 282.38, -7.52, 0.005, 282.87, 30.04);
insert into SHOT values (458, 456, 457, 454, 3.100, 223.72, 3.44, 3.104, 223.69, 3.51, 0.006, 200.27, 46.12);
insert into SHOT values (459, 457, 458, 454, 5.900, 248.30, -4.42, 5.893, 248.33, -4.48, 0.009, 48.29, -35.30);
insert into SHOT values (460, 458, 459, 454, 11.250, 281.15, -2.89, 11.255, 281.13, -2.85, 0.010, 246.34, 45.88);
insert into SHOT values (461, 459, 460, 454, 3.840, 304.62, -0.57, 3.839, 304.60, -0.60, 0.002, 183.26, -49.49);
insert into SHOT values (462, 460, 461, 454, 2.520, 257.02, -0.66, 2.513, 257.12, -0.68, 0.008, 42.41, -6.86);
insert into SHOT values (463, 461, 462, 454, 2.160, 242.26, 0.53, 2.161, 242.13, 0.53, 0.005, 160.25, 0.23);
insert into SHOT values (464, 462, 463, 454, 3.190, 322.27, 10.07, 3.200, 322.22, 10.08, 0.010, 306.31, 12.64);
insert into SHOT values (465, 463, 464, 454, 2.120, 260.92, 11.27, 2.116, 260.86, 11.17, 0.006, 121.76, -50.11);
insert into SHOT values (466, 464, 465, 454, 2.120, 318.82, -5.04, 2.120, 318.84, -5.14, 0.004, 39.60, -79.17);
insert into SHOT values (467, 465, 466, 454, 3.000, 268.20, -16.42, 3.001, 268.21, -16.25, 0.009, 275.62, 64.72);
insert into SHOT values (468, 466, 467, 454, 1.810, 254.74, -22.32, 1.806, 254.71, -22.46, 0.006, 82.67, -25.71);
insert into SHOT values (469, 467, 468, 454, 9.120, 276.78, -1.63, 9.117, 276.74, -1.63, 0.007, 157.97, -4.89);
insert into SHOT values (470, 468, 469, 454, 5.910, 283.34, -0.75, 5.911, 283.40, -0.78, 0.007, 0.32, -22.19);
insert into SHOT values (471, 469, 470, 454, 9.720, 270.35, 0.05, 9.720, 270.35, 0.06, 0.002, 341.84, 68.60);
insert into SHOT values (472, 470, 471, 454, 4.770, 285.53, 4.40, 4.777, 285.47, 4.44, 0.009, 246.20, 25.69);
insert into SHOT values (473, 471, 472, 454, 15.150, 268.77, 0.43, 15.144, 268.75, 0.42, 0.009, 128.80, -25.35);
insert into SHOT values (474, 472, 473, 454, 3.220, 304.18, 6.20, 3.223, 304.19, 6.24, 0.003, 312.01, 43.42);
insert into SHOT values (475, 473, 474, 454, 21.320, 260.63, -0.49, 21.325, 260.63, -0.48, 0.006, 279.17, 23.81);
insert into SHOT values (476, 474, 475, 454, 8.960, 269.86, 7.35, 8.953, 269.87, 7.32, 0.009, 75.36, -43.61);
insert into SHOT values (477, 475, 476, 454, 4.760, 266.22, -24.78, 4.755, 266.28, -24.74, 0.007, 25.38, 43.23);
insert into SHOT values (478, 476, 477, 454, 4.620, 259.18, 14.61, 4.627, 259.19, 14.52, 0.010, 264.94, -30.98);
insert into SHOT values (479, 477, 478, 454, 20.950, 276.96, -3.09, 20.944, 276.95, -3.09, 0.007, 133.42, -5.41);
insert into SHOT values (480, 478, 479, 454, 5.620, 258.77, -2.79, 5.623, 258.81, -2.75, 0.006, 307.34, 34.38);
insert into SHOT values (481, 479, 480, 454, 3.950, 279.17, -2.55, 3.945, 279.20, -2.62, 0.007, 78.89, -36.48);
insert into SHOT values (482, 480, 481, 454, 5.720, 257.09, -0.01, 5.725, 257.08, 0.00, 0.005, 245.68, 11.23);
insert into SHOT values (483, 481, 482, 454, 19.660, 280.37, 2.21, 19.656, 280.38, 2.22, 0.006, 50.86, 17.97);
insert into SHOT values (484, 482, 483, 454, 4.740, 336.29, -6.99, 4.733, 336.27, -7.04, 0.008, 166.80, -21.88);
insert into SHOT values (485, 483, 484, 454, 11.990, 274.62, -1.19, 11.992, 274.64, -1.19, 0.005, 340.61, -12.07);
insert into SHOT values (486, 484, 485, 454, 5.730, 304.11, -2.13, 5.729, 304.11, -2.10, 0.003, 139.82, 64.15);
insert into SHOT values (487, 485, 486, 454, 5.720, 358.98, 0.52, 5.721, 358.90, 0.50, 0.009, 277.91, -12.98);
insert into SHOT values (488, 486, 487, 454, 9.490, 79.52, -6.00, 9.500, 79.51, -5.98, 0.010, 70.39, 11.18);
insert into SHOT values (489, 487, 488, 454, 4.100, 101.41, 11.90, 4.100, 101.51, 11.97, 0.008, 202.34, 33.77);
insert into SHOT values (490, 488, 489, 454, 6.870, 72.34, -3.51, 6.866, 72.33, -3.51, 0.004, 267.29, 8.58);
insert into SHOT values (491, 489, 490, 454, 7.850, 102.84, -1.21, 7.847, 102.81, -1.24, 0.006, 334.43, -42.56);
insert into SHOT values (492, 490, 491, 454, 5.700, 71.55, -1.67, 5.704, 71.60, -1.71, 0.007, 120.65, -32.41);
insert into SHOT values (493, 491, 492, 454, 5.220, 85.27, 6.69, 5.224, 85.25, 6.71, 0.004, 51.76, 24.83);
insert into SHOT values (494, 492, 493, 454, 5.290, 97.45, -2.46, 5.290, 97.50, -2.38, 0.008, 186.15, 56.22);
insert into SHOT values (495, 493, 494, 454, 5.690, 25.36, 1.98, 5.689, 25.30, 1.91, 0.009, 284.01, -48.66);
insert into SHOT values (496, 494, 495, 454, 6.940, 27.61, -4.02, 6.945, 27.60, -3.96, 0.009, 15.64, 49.03);
insert into SHOT values (497, 495, 496, 454, 6.980, 55.80, 3.79, 6.977, 55.83, 3.78, 0.005, 185.09, -16.17);
insert into SHOT values (498, 496, 497, 454, 10.180, 94.36, -4.01, 10.184, 94.35, -4.00, 0.005, 64.26, 21.57);
insert into SHOT values (499, 497, 498, 454, 7.940, 78.96, -4.80, 7.934, 78.99, -4.84, 0.009, 228.46, -36.14);
insert into SHOT values (500, 498, 499, 454, 6.170, 67.69, 3.01, 6.170, 67.68, 2.97, 0.004, 345.01, -75.10);
insert into CENTRELINE values (455, 428, NULL, '2016-07-15', '2016-07-15', 240.29, 0.00, 0.00);
 insert into TOPO values (2, 455);
 insert into PERSON values (10, 'Pascale', 'Porte');
insert into TOPO values (10, 455);
 insert into TOPO values (3, 455);
 insert into EXPLO values (4, 455);
 insert into SHOT values (501, 440, 500, 455, 4.200, 113.95, 15.86, 4.199, 113.96, 15.90, 0.003, 271.63, 44.21);
insert into SHOT values (502, 500, 501, 455, 5.860, 104.74, 9.05, 5.862, 104.71, 9.03, 0.005, 54.26, -22.71);
insert into SHOT values (503, 501, 502, 455, 4.120, 126.90, 1.60, 4.115, 126.90, 1.53, 0.007, 309.33, -48.88);
insert into SHOT values (504, 502, 503, 455, 2.150, 77.37, -13.75, 2.150, 77.56, -13.72, 0.007, 162.05, 8.37);
insert into SHOT values (505, 503, 504, 455, 1.240, 151.07, 2.60, 1.237, 150.95, 2.78, 0.006, 10.72, 41.61);
insert into SHOT values (506, 504, 505, 455, 4.810, 117.46, 3.56, 4.813, 117.53, 3.57, 0.006, 178.36, 12.05);
insert into SHOT values (507, 499, 506, 455, 4.340, 115.96, 1.64, 4.340, 115.97, 1.72, 0.006, 207.04, 79.59);
insert into SHOT values (508, 506, 507, 455, 4.530, 93.89, -1.28, 4.531, 93.80, -1.26, 0.008, 12.16, 9.11);
insert into SHOT values (509, 507, 508, 455, 4.500, 78.34, 8.27, 4.499, 78.34, 8.31, 0.003, 270.77, 64.26);
insert into SHOT values (510, 508, 509, 455, 4.760, 108.34, 21.07, 4.764, 108.35, 21.04, 0.005, 121.32, -15.55);
insert into SHOT values (511, 509, 510, 455, 9.350, 87.34, -10.99, 9.353, 87.32, -11.03, 0.009, 18.42, -60.24);
insert into SHOT values (512, 510, 511, 455, 5.970, 78.34, -1.07, 5.963, 78.39, -1.06, 0.009, 222.54, 9.82);
insert into SHOT values (513, 511, 512, 455, 4.690, 87.34, -1.72, 4.697, 87.31, -1.71, 0.008, 70.99, 5.81);
insert into SHOT values (514, 512, 513, 455, 4.080, 90.34, 11.52, 4.073, 90.29, 11.61, 0.010, 295.84, 31.08);
insert into SHOT values (515, 513, 514, 455, 3.500, 58.34, 2.32, 3.500, 58.45, 2.29, 0.007, 149.19, -14.60);
insert into SHOT values (516, 514, 515, 455, 6.420, 90.34, -7.41, 6.424, 90.36, -7.42, 0.005, 120.35, -25.07);
insert into SHOT values (517, 515, 516, 455, 4.880, 82.34, 9.00, 4.874, 82.24, 8.97, 0.011, 317.57, -18.36);
insert into SHOT values (518, 516, 517, 455, 6.410, 78.34, -7.16, 6.410, 78.39, -7.17, 0.006, 167.12, -10.88);
insert into SHOT values (519, 517, 518, 455, 2.380, 118.78, 5.14, 2.382, 118.73, 5.30, 0.007, 62.33, 68.33);
insert into SHOT values (520, 518, 519, 455, 7.350, 66.34, -4.43, 7.348, 66.34, -4.45, 0.003, 249.89, -45.72);
insert into SHOT values (521, 507, 520, 455, 4.920, 351.97, -61.21, 4.915, 351.97, -61.26, 0.007, 171.07, 16.25);
insert into SHOT values (522, 502, 521, 455, 2.900, 38.83, 56.88, 2.898, 38.83, 56.99, 0.006, 218.98, 11.75);
insert into SHOT values (523, 521, 522, 455, 3.650, 127.07, 3.85, 3.651, 126.96, 3.93, 0.008, 39.07, 36.12);
insert into SHOT values (524, 522, 523, 455, 4.390, 121.97, -2.76, 4.394, 122.06, -2.74, 0.008, 178.72, 9.53);
insert into SHOT values (525, 523, 524, 455, 2.290, 113.69, -1.86, 2.294, 113.66, -2.00, 0.007, 95.28, -54.14);
insert into SHOT values (526, 524, 525, 455, 2.890, 116.85, 10.50, 2.884, 116.84, 10.59, 0.007, 303.27, 28.00);
insert into SHOT values (527, 525, 526, 455, 2.470, 86.23, 2.27, 2.467, 86.28, 2.32, 0.004, 230.25, 31.47);
insert into SHOT values (528, 526, 527, 455, 2.570, 135.01, -7.01, 2.573, 134.84, -7.15, 0.010, 58.92, -39.30);
insert into SHOT values (529, 527, 528, 455, 3.930, 115.85, -15.98, 3.931, 115.89, -15.95, 0.003, 181.75, 36.15);
insert into SHOT values (530, 528, 529, 455, 3.920, 126.87, 15.33, 3.919, 126.93, 15.39, 0.006, 249.30, 37.72);
insert into SHOT values (531, 529, 530, 455, 3.420, 110.34, 19.80, 3.424, 110.35, 19.81, 0.004, 117.89, 25.29);
insert into SHOT values (532, 530, 531, 455, 2.660, 118.99, 2.42, 2.652, 118.89, 2.38, 0.010, 330.10, -14.01);
insert into SHOT values (533, 531, 532, 455, 1.790, 84.55, 35.56, 1.789, 84.88, 35.54, 0.008, 177.21, -6.76);
insert into SHOT values (534, 532, 533, 455, 5.060, 102.80, 37.18, 5.060, 102.76, 37.21, 0.004, 337.61, 31.69);
insert into SHOT values (535, 533, 534, 455, 2.370, 109.82, 1.55, 2.370, 109.74, 1.45, 0.005, 20.15, -49.38);
insert into SHOT values (536, 534, 535, 455, 3.430, 125.43, -16.39, 3.431, 125.48, -16.42, 0.003, 207.87, -38.43);
insert into SHOT values (537, 535, 536, 455, 4.860, 117.28, 4.63, 4.865, 117.25, 4.72, 0.009, 86.48, 58.81);
insert into SHOT values (538, 536, 537, 455, 3.260, 91.68, 10.11, 3.261, 91.61, 10.07, 0.005, 25.94, -26.27);
insert into SHOT values (539, 537, 538, 455, 2.230, 81.80, 31.06, 2.229, 81.87, 31.06, 0.003, 197.04, -11.82);
insert into SHOT values (540, 538, 539, 455, 4.730, 116.55, 14.78, 4.732, 116.62, 14.81, 0.007, 191.69, 29.75);
insert into SHOT values (541, 539, 540, 455, 2.090, 159.82, 4.23, 2.084, 159.73, 4.13, 0.008, 8.82, -32.86);
insert into SHOT values (542, 540, 541, 455, 4.050, 125.07, 10.89, 4.048, 125.17, 10.82, 0.009, 225.98, -36.38);
insert into SHOT values (543, 541, 542, 455, 2.000, 102.50, 9.84, 2.006, 102.28, 10.05, 0.012, 43.25, 42.50);
insert into SHOT values (544, 542, 543, 455, 6.930, 135.87, 3.09, 6.933, 135.88, 3.06, 0.005, 150.45, -44.84);
insert into SHOT values (545, 543, 544, 455, 1.310, 65.77, -5.11, 1.312, 65.59, -5.25, 0.006, 1.88, -36.29);
insert into SHOT values (546, 544, 545, 455, 4.300, 121.59, 1.92, 4.304, 121.69, 2.00, 0.011, 184.90, 34.06);
insert into SHOT values (547, 545, 546, 455, 2.360, 118.39, 14.08, 2.352, 118.25, 14.03, 0.010, 335.77, -24.13);
insert into SHOT values (548, 546, 547, 455, 1.270, 134.24, -4.94, 1.278, 134.36, -4.94, 0.008, 154.06, -4.52);
insert into SHOT values (549, 547, 548, 455, 2.200, 120.13, 6.85, 2.197, 119.97, 6.80, 0.007, 7.37, -20.22);
insert into SHOT values (550, 548, 549, 455, 2.990, 110.27, -15.87, 2.982, 110.39, -15.76, 0.012, 245.57, 41.27);
insert into SHOT values (551, 549, 550, 455, 2.380, 107.01, -6.68, 2.380, 106.98, -6.76, 0.004, 344.32, -63.23);
insert into SHOT values (552, 550, 551, 455, 2.950, 124.23, 2.14, 2.953, 124.23, 2.13, 0.003, 122.56, -2.81);
insert into SHOT values (553, 551, 552, 455, 2.660, 103.40, 7.01, 2.661, 103.35, 6.91, 0.005, 43.50, -61.08);
insert into SHOT values (554, 552, 553, 455, 3.070, 124.63, 0.15, 3.076, 124.67, 0.19, 0.007, 144.07, 16.44);
insert into SHOT values (555, 553, 554, 455, 3.670, 105.09, 4.69, 3.668, 105.06, 4.69, 0.003, 324.97, -1.58);
insert into SHOT values (556, 554, 555, 455, 4.000, 125.71, 17.61, 3.993, 125.70, 17.64, 0.008, 313.09, -1.06);
insert into SHOT values (557, 555, 556, 455, 3.640, 129.99, 11.70, 3.639, 129.99, 11.73, 0.002, 308.31, 59.63);
insert into SHOT values (558, 556, 557, 455, 2.650, 124.89, -4.47, 2.658, 125.01, -4.53, 0.010, 161.43, -20.50);
insert into SHOT values (559, 557, 558, 455, 1.690, 135.41, -3.67, 1.686, 135.48, -3.40, 0.009, 285.02, 63.21);
insert into SHOT values (560, 558, 559, 455, 3.870, 112.28, 1.20, 3.876, 112.13, 1.18, 0.012, 54.45, -5.01);
insert into SHOT values (561, 559, 560, 455, 2.660, 110.07, -3.32, 2.659, 110.28, -3.45, 0.011, 206.17, -31.58);
insert into SHOT values (562, 560, 561, 455, 2.710, 124.47, 1.59, 2.706, 124.45, 1.69, 0.007, 314.11, 46.14);
insert into SHOT values (563, 561, 562, 455, 3.080, 125.82, 15.38, 3.084, 125.83, 15.42, 0.004, 134.93, 47.86);
insert into SHOT values (564, 562, 563, 455, 2.640, 136.98, -29.36, 2.641, 136.94, -29.48, 0.006, 5.28, -68.19);
insert into SHOT values (565, 563, 564, 455, 2.330, 120.93, 14.05, 2.331, 120.88, 14.15, 0.005, 32.47, 64.09);
insert into SHOT values (566, 564, 565, 455, 3.510, 138.55, -7.89, 3.512, 138.61, -7.86, 0.005, 200.30, 23.01);
insert into CENTRELINE values (456, 428, NULL, '2017-07-15', NULL, 161.48, 0.00, 0.00);
 insert into EXPLO values (4, 456);
 insert into SHOT values (567, 566, 567, 456, 3.930, 232.68, -4.27, 3.922, 232.69, -4.39, 0.012, 46.07, -39.26);
insert into SHOT values (568, 567, 568, 456, 2.460, 263.31, -1.24, 2.468, 263.25, -1.16, 0.009, 245.92, 21.91);
insert into SHOT values (569, 568, 569, 456, 3.730, 192.08, 3.26, 3.726, 191.94, 3.23, 0.009, 80.17, -12.97);
insert into SHOT values (570, 569, 570, 456, 7.640, 238.80, 2.69, 7.645, 238.77, 2.70, 0.007, 202.65, 12.29);
insert into SHOT values (571, 570, 571, 456, 6.670, 255.78, -3.38, 6.674, 255.84, -3.35, 0.009, 316.86, 21.12);
insert into SHOT values (572, 571, 572, 456, 7.910, 250.13, 2.32, 7.908, 250.10, 2.32, 0.004, 138.08, -2.78);
insert into SHOT values (573, 572, 573, 456, 9.800, 250.15, -0.81, 9.804, 250.14, -0.82, 0.004, 241.30, -20.29);
insert into SHOT values (574, 573, 574, 456, 4.680, 240.52, -5.95, 4.678, 240.51, -6.01, 0.005, 61.56, -65.71);
insert into SHOT values (575, 574, 575, 456, 2.690, 244.12, 11.88, 2.693, 244.12, 12.00, 0.007, 244.91, 73.11);
insert into SHOT values (576, 575, 576, 456, 2.840, 269.84, 6.35, 2.837, 269.80, 6.27, 0.005, 126.32, -52.24);
insert into SHOT values (577, 576, 577, 456, 4.530, 245.20, -3.35, 4.522, 245.25, -3.30, 0.010, 35.00, 28.16);
insert into SHOT values (578, 577, 578, 456, 2.940, 248.63, 81.09, 2.937, 248.43, 80.94, 0.009, 235.90, -32.12);
insert into SHOT values (579, 578, 579, 456, 5.870, 263.50, 3.19, 5.867, 263.53, 3.22, 0.006, 38.77, 33.46);
insert into SHOT values (580, 579, 580, 456, 6.930, 269.06, 0.28, 6.931, 269.01, 0.25, 0.007, 190.12, -33.54);
insert into SHOT values (581, 580, 581, 456, 3.680, 237.66, -10.84, 3.675, 237.67, -10.82, 0.006, 43.73, 22.11);
insert into SHOT values (582, 581, 582, 456, 1.950, 143.28, -3.41, 1.948, 143.37, -3.53, 0.006, 272.77, -45.21);
insert into SHOT values (583, 582, 583, 456, 3.440, 114.02, 16.07, 3.444, 114.09, 16.18, 0.009, 173.18, 58.67);
insert into SHOT values (584, 583, 584, 456, 9.940, 68.74, 0.50, 9.939, 68.70, 0.46, 0.009, 330.66, -48.92);
insert into SHOT values (585, 584, 585, 456, 3.430, 103.20, -1.10, 3.430, 103.14, -1.00, 0.007, 22.59, 62.38);
insert into SHOT values (586, 585, 586, 456, 3.000, 72.37, 3.14, 3.003, 72.53, 3.05, 0.010, 144.82, -25.32);
insert into SHOT values (587, 586, 587, 456, 5.220, 108.94, -0.69, 5.212, 108.92, -0.66, 0.009, 297.73, 19.47);
insert into SHOT values (588, 587, 588, 456, 4.270, 93.15, 7.40, 4.272, 93.11, 7.40, 0.003, 39.76, 0.81);
insert into SHOT values (589, 588, 589, 456, 2.280, 226.82, 7.75, 2.278, 226.62, 7.82, 0.009, 118.35, 17.07);
insert into SHOT values (590, 589, 590, 456, 2.490, 250.15, -12.22, 2.493, 250.08, -12.28, 0.005, 197.27, -39.11);
insert into SHOT values (591, 590, 591, 456, 4.780, 270.38, -0.55, 4.780, 270.48, -0.60, 0.010, 357.87, -25.32);
insert into SHOT values (592, 591, 592, 456, 9.520, 249.20, -6.53, 9.528, 249.21, -6.51, 0.009, 266.05, 17.31);
insert into SHOT values (593, 592, 593, 456, 6.090, 266.55, 7.47, 6.083, 266.48, 7.46, 0.010, 129.88, -10.33);
insert into SHOT values (594, 593, 594, 456, 2.640, 216.39, 32.94, 2.643, 216.56, 33.02, 0.008, 302.76, 33.50);
insert into SHOT values (595, 594, 595, 456, 4.750, 274.60, 1.58, 4.747, 274.59, 1.57, 0.003, 97.97, -18.15);
insert into SHOT values (596, 595, 596, 456, 3.590, 256.90, 11.65, 3.585, 256.83, 11.58, 0.007, 122.04, -43.08);
insert into SHOT values (597, 596, 597, 456, 1.250, 280.85, 15.62, 1.259, 280.94, 15.67, 0.009, 294.47, 22.16);
insert into SHOT values (598, 597, 598, 456, 1.510, 214.82, 53.79, 1.510, 214.94, 53.87, 0.003, 343.14, 33.81);
insert into SHOT values (599, 598, 599, 456, 3.590, 284.23, -4.11, 3.589, 284.23, -4.15, 0.003, 85.31, -70.16);
insert into SHOT values (600, 599, 600, 456, 3.050, 263.03, -24.77, 3.052, 262.95, -24.79, 0.004, 196.56, -28.73);
insert into SHOT values (601, 600, 601, 456, 8.390, 290.37, -25.28, 8.387, 290.37, -25.27, 0.004, 93.34, 51.45);
insert into SHOT values (602, 601, 519, 456, 0.000, 358.50, 0.00, 0.000, 90.00, 0.00, 0.000, 90.00, 0.00);
insert into SCRAPS values (458, 426, 'SP-AP7_Aval_01', 1, 73.54303, 0.16750);
 insert into SCRAPS values (611, 426, 'SP-AP7_Aval_02', 1, 17.71259, 0.04717);
 insert into SCRAPS values (808, 426, 'SP-AP7_Aval_03', 1, 12.43791, 0.05952);
 insert into SCRAPS values (997, 426, 'SP-AP7_Aval_04', 1, 5.40194, 0.05318);
 insert into SCRAPS values (1329, 426, 'SP-AP7_Aval_05', 1, 56.79640, 0.11714);
 insert into SCRAPS values (1627, 426, 'SP-AP7_Aval_06', 1, 1.56183, 0.01232);
 insert into SCRAPS values (1767, 426, 'SP-AP7_Aval_07', 1, 0.17884, 0.00888);
 insert into SCRAPS values (1780, 426, 'SP-AP7_Aval_08', 1, 0.00000, 0.00000);
 insert into SCRAPS values (1782, 426, 'SP-AP7_Aval_09', 1, 0.00000, 0.00000);
 insert into SCRAPS values (1784, 426, 'SP-AP7_Aval_10', 1, 0.00000, 0.00000);
 insert into SCRAPS values (1786, 426, 'SP-AP7_Aval_11', 1, 0.00000, 0.00000);
 insert into SCRAPS values (1788, 426, 'SP-AP7_Aval_12', 1, 0.00000, 0.00000);
 insert into SCRAPS values (1790, 426, 'SP-AP7_Aval_13', 1, 0.00000, 0.00000);
 insert into SCRAPS values (1792, 426, 'SP-AP7_Aval_14', 1, 0.00000, 0.00000);
 insert into SCRAPS values (1794, 426, 'SP-AP7_Aval_15', 1, 0.00000, 0.00000);
 insert into SCRAPS values (1796, 426, 'SP-AP7_Aval_16', 1, 0.00000, 0.00000);
 insert into SCRAPS values (1798, 426, 'SP-AP7_Aval_17', 1, 0.00000, 0.00000);
 insert into SCRAPS values (1800, 426, 'SP-AP7_Aval_18', 1, 0.00000, 0.00000);
 insert into SCRAPS values (1802, 426, 'SP-AP7_Aval_19', 1, 0.00000, 0.00000);
 insert into SCRAPS values (1804, 426, 'SP-AP7_Aval_20', 1, 0.00000, 0.00000);
 insert into SCRAPS values (1806, 426, 'SP-AP7_Aval_21', 1, 0.00000, 0.00000);
 insert into SCRAPS values (1808, 426, 'SP-AP7_Aval_22', 1, 0.00000, 0.00000);
 insert into SCRAPS values (1810, 426, 'SP-AP7_Aval_23', 1, 0.00000, 0.00000);
 insert into SCRAPS values (1812, 426, 'SC-AP7_Aval_01', 2, 100.00000, 49.45488);
 insert into SCRAPS values (3334, 426, 'SC-AP7_Aval_02', 2, 0.00000, 0.00000);
 insert into SCRAPS values (3336, 426, 'SC-AP7_Aval_03', 2, 0.00000, 0.00000);
 insert into SCRAPS values (3338, 426, 'SC-AP7_Aval_04', 2, 0.00000, 0.00000);
 insert into SCRAPS values (3340, 426, 'SC-AP7_Aval_05', 2, 0.00000, 0.00000);
 insert into SCRAPS values (3342, 426, 'SC-AP7_Aval_06', 2, 0.00000, 0.00000);
 insert into SCRAPS values (3344, 426, 'SC-AP7_Aval_07', 2, 0.00000, 0.00000);
 insert into SCRAPS values (3346, 426, 'SC-AP7_Aval_08', 2, 0.00000, 0.00000);
 insert into SCRAPS values (3348, 426, 'SC-AP7_Aval_09', 2, 0.00000, 0.00000);
 insert into SCRAPS values (3350, 426, 'SC-AP7_Aval_10', 2, 0.00000, 0.00000);
 insert into SCRAPS values (3352, 426, 'SC-AP7_Aval_11', 2, 0.00000, 0.00000);
 insert into SCRAPS values (3354, 426, 'SC-AP7_Aval_12', 2, 0.00000, 0.00000);
 insert into SCRAPS values (3356, 426, 'SC-AP7_Aval_13', 2, 0.00000, 0.00000);
 insert into SCRAPS values (3358, 426, 'SC-AP7_Aval_14', 2, 0.00000, 0.00000);
 insert into SCRAPS values (3360, 426, 'SC-AP7_Aval_15', 2, 0.00000, 0.00000);
 insert into SCRAPS values (3362, 426, 'SC-AP7_Aval_16', 2, 0.00000, 0.00000);
 insert into SCRAPS values (3364, 426, 'SC-AP7_Aval_17', 2, 0.00000, 0.00000);
 insert into SCRAPS values (3366, 426, 'SC-AP7_Aval_18', 2, 0.00000, 0.00000);
 insert into SCRAPS values (3368, 426, 'SC-AP7_Aval_19', 2, 0.00000, 0.00000);
 insert into SCRAPS values (3370, 426, 'SC-AP7_Aval_20', 2, 0.00000, 0.00000);
 insert into SCRAPS values (3372, 426, 'SC-AP7_Aval_21', 2, 0.00000, 0.00000);
 insert into SCRAPS values (3374, 426, 'SC-AP7_Aval_22', 2, 0.00000, 0.00000);
 insert into SCRAPS values (3376, 426, 'SC-AP7_Aval_23', 2, 0.00000, 0.00000);
 insert into MAPS values (3378, 426, 'MP-AP7_Aval-Plan-tot', 'AP7_Aval', 1, 2241.470, -36.800);
 insert into MAPITEMS values (3378, 4, 458);
 insert into MAPITEMS values (3378, 4, 808);
 insert into MAPITEMS values (3378, 4, 611);
 insert into MAPITEMS values (3378, 4, 997);
 insert into MAPITEMS values (3378, 4, 1329);
 insert into MAPITEMS values (3378, 4, 1627);
 insert into MAPITEMS values (3378, 4, 1767);
 insert into MAPITEMS values (3378, 4, 1780);
 insert into MAPITEMS values (3378, 4, 1782);
 insert into MAPITEMS values (3378, 4, 1784);
 insert into MAPITEMS values (3378, 4, 1786);
 insert into MAPITEMS values (3378, 4, 1788);
 insert into MAPITEMS values (3378, 4, 1790);
 insert into MAPITEMS values (3378, 4, 1792);
 insert into MAPITEMS values (3378, 4, 1794);
 insert into MAPITEMS values (3378, 4, 1796);
 insert into MAPITEMS values (3378, 4, 1798);
 insert into MAPITEMS values (3378, 4, 1800);
 insert into MAPITEMS values (3378, 4, 1802);
 insert into MAPITEMS values (3378, 4, 1804);
 insert into MAPITEMS values (3378, 4, 1806);
 insert into MAPITEMS values (3378, 4, 1808);
 insert into MAPITEMS values (3378, 4, 1810);
 insert into MAPS values (3379, 426, 'MC-AP7_Aval-Extended-tot', 'AP7_Aval', 2, 2241.470, -36.800);
 insert into MAPITEMS values (3379, 4, 1812);
 insert into MAPITEMS values (3379, 4, 3334);
 insert into MAPITEMS values (3379, 4, 3336);
 insert into MAPITEMS values (3379, 4, 3338);
 insert into MAPITEMS values (3379, 4, 3340);
 insert into MAPITEMS values (3379, 4, 3342);
 insert into MAPITEMS values (3379, 4, 3344);
 insert into MAPITEMS values (3379, 4, 3346);
 insert into MAPITEMS values (3379, 4, 3348);
 insert into MAPITEMS values (3379, 4, 3350);
 insert into MAPITEMS values (3379, 4, 3352);
 insert into MAPITEMS values (3379, 4, 3354);
 insert into MAPITEMS values (3379, 4, 3356);
 insert into MAPITEMS values (3379, 4, 3358);
 insert into MAPITEMS values (3379, 4, 3360);
 insert into MAPITEMS values (3379, 4, 3362);
 insert into MAPITEMS values (3379, 4, 3364);
 insert into MAPITEMS values (3379, 4, 3366);
 insert into MAPITEMS values (3379, 4, 3368);
 insert into MAPITEMS values (3379, 4, 3370);
 insert into MAPITEMS values (3379, 4, 3372);
 insert into MAPITEMS values (3379, 4, 3374);
 insert into MAPITEMS values (3379, 4, 3376);
 insert into SURVEY values (3381, 60, 'AP7_Amonts', 'AP7_Amonts.AP7_Arres_Planeres.Complexe_Lonne_Peyret-Bourrugues', 'AP7_Amonts');
 insert into CENTRELINE values (3382, 3381, NULL, NULL, NULL, 0.00, 0.00, 0.00);
 insert into SURVEY values (3383, 3381, 'AP7_Amonts', 'AP7_Amonts.AP7_Amonts.AP7_Arres_Planeres.Complexe_Lonne_Peyret-Bourrugues', 'Gouffre des arres planeres AP7 Amonts');
 insert into CENTRELINE values (3384, 3383, NULL, NULL, NULL, 0.00, 0.00, 0.00);
 insert into CENTRELINE values (3385, 3383, NULL, '2014-07-15', NULL, 115.64, 0.00, 0.00);
 insert into PERSON values (11, 'Philippe', 'Germain');
insert into TOPO values (11, 3385);
 insert into TOPO values (1, 3385);
 insert into TOPO values (10, 3385);
 insert into TOPO values (3, 3385);
 insert into EXPLO values (4, 3385);
 insert into SHOT values (603, 602, 603, 3385, 5.890, 56.49, -6.62, 5.891, 56.50, -6.63, 0.002, 98.10, -27.74);
insert into SHOT values (604, 603, 604, 3385, 4.070, 75.89, 5.29, 4.071, 75.86, 5.36, 0.005, 349.22, 68.08);
insert into SHOT values (605, 604, 605, 3385, 6.840, 77.78, -10.24, 6.843, 77.74, -10.27, 0.007, 16.75, -37.59);
insert into SHOT values (606, 605, 606, 3385, 6.780, 45.20, 12.94, 6.553, 47.80, 13.50, 0.378, 175.22, 1.78);
insert into SHOT values (607, 606, 607, 3385, 5.440, 287.90, 5.08, 5.436, 287.97, 5.17, 0.012, 53.51, 46.22);
insert into SHOT values (608, 606, 608, 3385, 18.900, 17.81, -29.68, 18.685, 20.19, -33.64, 1.474, 161.38, -42.27);
insert into SHOT values (609, 608, 609, 3385, 9.970, 66.15, 6.30, 9.865, 70.51, 6.52, 0.759, 166.53, 1.96);
insert into SHOT values (610, 609, 610, 3385, 4.780, 60.57, -6.32, 4.622, 63.21, -6.46, 0.267, 188.13, 1.33);
insert into SHOT values (611, 610, 611, 3385, 5.480, 87.11, 0.82, 5.481, 90.31, 0.84, 0.307, 178.59, 0.29);
insert into SHOT values (612, 611, 612, 3385, 3.990, 39.27, 0.26, 3.735, 41.20, 0.31, 0.287, 193.20, 0.38);
insert into SHOT values (613, 612, 613, 3385, 2.780, 354.63, 7.22, 2.453, 354.34, 7.50, 0.328, 176.80, -5.15);
insert into SHOT values (614, 613, 614, 3385, 6.170, 67.99, 11.76, 6.062, 71.11, 12.00, 0.344, 178.36, 0.41);
insert into SHOT values (615, 614, 615, 3385, 7.220, 63.84, 0.37, 7.091, 67.27, 0.40, 0.447, 172.31, 0.43);
insert into SHOT values (616, 615, 616, 3385, 6.540, 77.20, 8.94, 6.476, 80.64, 9.06, 0.392, 178.53, 0.54);
insert into SHOT values (617, 616, 617, 3385, 5.010, 17.91, 2.97, 4.700, 18.90, 3.17, 0.321, 183.29, 0.07);
insert into SHOT values (618, 617, 618, 3385, 5.080, 45.71, 8.32, 4.856, 48.04, 8.65, 0.301, 185.32, -0.97);
insert into SHOT values (619, 618, 619, 3385, 1.420, 26.92, 7.30, 1.134, 29.30, 7.60, 0.291, 197.62, -6.00);
insert into SHOT values (620, 619, 620, 3385, 7.730, 20.30, -25.84, 7.457, 21.64, -27.47, 0.383, 175.95, -10.66);
insert into SHOT values (621, 620, 621, 3385, 1.550, 107.03, -25.42, 1.640, 110.87, -24.88, 0.133, 156.81, -10.69);
insert into CENTRELINE values (3386, 3383, NULL, '2014-07-15', NULL, 11.05, 0.00, 0.00);
 insert into PERSON values (12, 'Eric', 'Borsari');
insert into TOPO values (12, 3386);
 insert into TOPO values (1, 3386);
 insert into TOPO values (10, 3386);
 insert into EXPLO values (4, 3386);
 insert into SHOT values (622, 622, 623, 3386, 0.000, 358.04, 0.00, 0.080, 0.00, 0.00, 0.080, 0.00, 0.00);
insert into SHOT values (623, 623, 624, 3386, 3.840, 160.45, 10.51, 3.537, 159.42, 11.08, 0.312, 351.95, -3.76);
insert into SHOT values (624, 624, 625, 3386, 4.810, 208.04, 3.30, 4.527, 209.57, 3.42, 0.310, 5.04, -1.27);
insert into SHOT values (625, 625, 621, 3386, 2.400, 174.57, 4.13, 2.077, 174.18, 4.42, 0.324, 357.06, -2.27);
insert into CENTRELINE values (3387, 3383, NULL, '2014-07-15', NULL, 5.72, 0.00, 0.00);
 insert into TOPO values (12, 3387);
 insert into TOPO values (1, 3387);
 insert into TOPO values (10, 3387);
 insert into EXPLO values (4, 3387);
 insert into SHOT values (626, 622, 626, 3387, 0.000, 358.04, 0.00, 0.080, 180.00, 0.00, 0.080, 180.00, 0.00);
insert into SHOT values (627, 626, 627, 3387, 2.800, 281.74, 14.14, 2.800, 281.68, 14.05, 0.005, 214.36, -54.56);
insert into SHOT values (628, 627, 628, 3387, 0.620, 246.67, -2.85, 0.623, 246.32, -2.76, 0.005, 196.49, 9.49);
insert into SHOT values (629, 628, 629, 3387, 2.300, 282.63, 2.96, 2.300, 282.83, 2.99, 0.008, 9.90, 8.78);
insert into CENTRELINE values (3388, 3383, NULL, '2014-07-15', NULL, 28.94, 0.00, 0.00);
 insert into TOPO values (12, 3388);
 insert into TOPO values (1, 3388);
 insert into TOPO values (10, 3388);
 insert into EXPLO values (4, 3388);
 insert into SHOT values (630, 622, 630, 3388, 2.250, 32.77, 21.82, 2.246, 32.85, 21.96, 0.007, 184.79, 29.86);
insert into SHOT values (631, 630, 631, 3388, 2.100, 324.92, 7.49, 2.106, 324.94, 7.36, 0.008, 331.68, -28.09);
insert into SHOT values (632, 631, 632, 3388, 2.760, 0.60, -7.04, 2.761, 0.63, -7.07, 0.002, 55.92, -45.33);
insert into SHOT values (633, 632, 633, 3388, 2.650, 85.71, 28.11, 2.650, 85.83, 28.15, 0.005, 189.92, 15.73);
insert into SHOT values (634, 633, 634, 3388, 2.710, 62.96, 22.23, 2.704, 62.92, 22.16, 0.007, 263.27, -50.44);
insert into SHOT values (635, 634, 635, 3388, 2.840, 71.14, 2.87, 2.847, 71.12, 3.02, 0.010, 62.93, 49.75);
insert into SHOT values (636, 635, 636, 3388, 3.900, 72.42, 30.21, 3.897, 72.37, 30.20, 0.004, 303.63, -34.33);
insert into SHOT values (637, 636, 637, 3388, 3.260, 111.01, -51.91, 3.265, 110.96, -51.93, 0.005, 69.45, -56.92);
insert into SHOT values (638, 637, 638, 3388, 6.470, 67.46, 20.00, 6.468, 67.45, 20.08, 0.009, 261.76, 53.07);
insert into CENTRELINE values (3389, 3383, NULL, '2014-07-25', NULL, 312.79, 0.00, 0.00);
 insert into TOPO values (1, 3389);
 insert into TOPO values (2, 3389);
 insert into TOPO values (3, 3389);
 insert into PERSON values (13, 'Melanie', 'Vatin');
insert into TOPO values (13, 3389);
 insert into EXPLO values (4, 3389);
 insert into SHOT values (639, 639, 640, 3389, 5.850, 272.37, -4.60, 5.844, 272.36, -4.61, 0.006, 101.94, -7.56);
insert into SHOT values (640, 640, 641, 3389, 9.030, 233.74, 20.84, 9.032, 233.77, 20.82, 0.006, 283.53, -26.23);
insert into SHOT values (641, 641, 642, 3389, 5.850, 292.50, -11.82, 5.850, 292.49, -11.84, 0.002, 178.76, -50.86);
insert into SHOT values (642, 642, 643, 3389, 2.900, 348.45, -19.88, 2.895, 348.57, -19.79, 0.009, 108.28, 44.38);
insert into SHOT values (643, 643, 644, 3389, 7.830, 282.58, -10.98, 7.827, 282.55, -10.97, 0.005, 154.68, 15.54);
insert into SHOT values (644, 644, 645, 3389, 5.440, 254.77, -5.03, 5.441, 254.81, -5.06, 0.005, 340.12, -40.00);
insert into SHOT values (645, 645, 646, 3389, 2.200, 263.50, 38.86, 2.206, 263.66, 38.73, 0.009, 296.13, -2.10);
insert into SHOT values (646, 646, 647, 3389, 6.070, 286.57, -11.26, 6.061, 286.51, -11.23, 0.011, 143.40, 27.94);
insert into SHOT values (647, 647, 648, 3389, 8.900, 276.97, -7.78, 8.899, 277.04, -7.81, 0.011, 16.57, -27.30);
insert into SHOT values (648, 648, 649, 3389, 4.230, 248.18, -24.75, 4.234, 248.17, -24.71, 0.004, 238.67, 12.04);
insert into SHOT values (649, 649, 650, 3389, 6.730, 275.17, 3.62, 6.730, 275.12, 3.58, 0.007, 188.07, -41.91);
insert into SHOT values (650, 650, 651, 3389, 8.340, 271.23, -3.24, 8.335, 271.24, -3.23, 0.005, 77.89, 15.70);
insert into SHOT values (651, 651, 652, 3389, 5.810, 258.84, 3.62, 5.811, 258.86, 3.65, 0.004, 330.31, 52.44);
insert into SHOT values (652, 652, 653, 3389, 2.700, 254.57, 5.48, 2.701, 254.46, 5.52, 0.005, 170.82, 23.07);
insert into SHOT values (653, 653, 654, 3389, 2.420, 268.81, 26.32, 2.420, 268.94, 26.24, 0.006, 344.91, -30.07);
insert into SHOT values (654, 654, 655, 3389, 4.970, 284.11, -17.75, 4.967, 284.07, -17.70, 0.007, 172.10, 51.59);
insert into SHOT values (655, 655, 656, 3389, 3.350, 259.51, -26.54, 3.353, 259.63, -26.57, 0.007, 330.94, -26.32);
insert into SHOT values (656, 656, 657, 3389, 1.710, 284.54, -1.94, 1.706, 284.61, -2.02, 0.005, 78.20, -25.82);
insert into SHOT values (657, 657, 658, 3389, 2.990, 299.24, -33.82, 2.988, 299.14, -33.75, 0.006, 215.80, 44.57);
insert into SHOT values (658, 658, 659, 3389, 2.910, 299.96, -33.09, 2.910, 300.04, -33.12, 0.004, 42.83, -21.25);
insert into SHOT values (659, 659, 660, 3389, 2.690, 262.42, 5.77, 2.696, 262.50, 5.75, 0.008, 292.93, -3.31);
insert into SHOT values (660, 660, 661, 3389, 1.990, 287.15, -26.56, 1.988, 287.01, -26.59, 0.005, 170.45, -2.32);
insert into SHOT values (661, 661, 662, 3389, 2.710, 299.29, 11.07, 2.710, 299.26, 11.06, 0.001, 201.45, -14.71);
insert into SHOT values (662, 662, 663, 3389, 4.620, 239.44, 0.67, 4.622, 239.44, 0.62, 0.005, 236.47, -60.03);
insert into SHOT values (663, 663, 664, 3389, 4.650, 276.67, -5.02, 4.649, 276.70, -4.94, 0.007, 23.42, 73.80);
insert into SHOT values (664, 664, 665, 3389, 3.330, 233.41, -12.75, 3.322, 233.41, -12.87, 0.011, 52.90, -27.27);
insert into SHOT values (665, 665, 666, 3389, 6.640, 294.08, -16.18, 6.646, 294.04, -16.16, 0.008, 255.61, 1.90);
insert into SHOT values (666, 666, 667, 3389, 5.580, 250.98, 0.72, 5.576, 250.95, 0.72, 0.005, 109.67, -1.28);
insert into SHOT values (667, 667, 668, 3389, 3.670, 286.67, -9.73, 3.675, 286.68, -9.71, 0.005, 295.12, 2.68);
insert into SHOT values (668, 668, 669, 3389, 4.860, 209.94, -2.37, 4.860, 209.89, -2.36, 0.004, 121.70, 12.82);
insert into SHOT values (669, 669, 670, 3389, 2.920, 308.94, -14.27, 2.920, 308.98, -14.27, 0.002, 38.67, -8.20);
insert into SHOT values (670, 670, 671, 3389, 6.420, 274.46, 2.97, 6.418, 274.47, 2.95, 0.004, 57.41, -48.79);
insert into SHOT values (671, 671, 672, 3389, 4.360, 326.58, -0.13, 4.360, 326.60, -0.13, 0.002, 56.17, -4.07);
insert into SHOT values (672, 672, 673, 3389, 7.120, 252.65, -5.70, 7.129, 252.61, -5.64, 0.013, 225.15, 34.10);
insert into SHOT values (673, 673, 674, 3389, 10.470, 248.08, -1.60, 10.468, 248.12, -1.64, 0.010, 355.01, -48.44);
insert into SHOT values (674, 674, 675, 3389, 4.540, 248.21, -6.90, 4.537, 248.10, -6.84, 0.010, 143.94, 31.85);
insert into SHOT values (675, 675, 676, 3389, 6.050, 339.96, 3.42, 6.056, 339.98, 3.41, 0.006, 354.02, -8.10);
insert into SHOT values (676, 676, 677, 3389, 4.400, 272.07, -1.25, 4.404, 272.08, -1.30, 0.006, 284.03, -44.80);
insert into SHOT values (677, 677, 678, 3389, 3.970, 309.45, -1.13, 3.965, 309.47, -1.16, 0.006, 113.82, -17.75);
insert into SHOT values (678, 678, 679, 3389, 4.670, 273.89, -1.51, 4.673, 273.93, -1.47, 0.005, 322.91, 37.73);
insert into SHOT values (679, 679, 680, 3389, 0.550, 349.62, 2.17, 0.550, 349.51, 2.09, 0.001, 238.20, -35.32);
insert into SHOT values (680, 680, 681, 3389, 1.620, 223.10, -32.40, 1.619, 222.92, -32.50, 0.005, 105.76, -22.22);
insert into SHOT values (681, 681, 682, 3389, 2.410, 183.04, -24.74, 2.410, 183.14, -24.51, 0.010, 222.01, 56.13);
insert into SHOT values (682, 680, 683, 3389, 0.000, 358.04, 0.00, 0.000, 90.00, 0.00, 0.000, 90.00, 0.00);
insert into SHOT values (683, 683, 684, 3389, 6.590, 277.66, -17.35, 6.584, 277.59, -17.32, 0.011, 155.08, 28.63);
insert into SHOT values (684, 684, 685, 3389, 2.570, 15.95, 19.82, 2.573, 15.82, 19.76, 0.007, 320.10, -11.38);
insert into SHOT values (685, 685, 686, 3389, 7.040, 65.57, 16.44, 7.040, 65.60, 16.42, 0.004, 136.43, -35.95);
insert into SHOT values (686, 686, 687, 3389, 6.890, 64.23, -30.58, 6.886, 64.21, -30.55, 0.006, 304.17, 66.50);
insert into SHOT values (687, 687, 688, 3389, 6.060, 13.98, -9.48, 6.062, 14.04, -9.50, 0.006, 91.50, -18.02);
insert into SHOT values (688, 688, 689, 3389, 3.540, 321.53, 4.18, 3.539, 321.44, 4.21, 0.006, 220.76, 19.22);
insert into SHOT values (689, 689, 690, 3389, 3.770, 85.51, 12.05, 3.763, 85.48, 11.96, 0.009, 284.70, -50.46);
insert into SHOT values (690, 689, 691, 3389, 3.500, 271.30, 5.75, 3.498, 271.32, 5.74, 0.002, 59.10, -20.74);
insert into SHOT values (691, 691, 692, 3389, 4.520, 32.03, -11.25, 4.522, 32.01, -11.35, 0.008, 324.02, -75.01);
insert into SHOT values (692, 692, 693, 3389, 3.010, 342.89, 0.00, 3.014, 342.83, 0.00, 0.006, 305.23, 0.00);
insert into SHOT values (693, 693, 694, 3389, 3.350, 79.95, 1.20, 3.351, 80.03, 1.20, 0.005, 154.26, -1.85);
insert into SHOT values (694, 694, 695, 3389, 8.640, 34.32, -1.32, 8.645, 34.30, -1.26, 0.011, 357.51, 55.31);
insert into SHOT values (695, 695, 696, 3389, 9.110, 63.91, 1.85, 9.110, 63.94, 1.82, 0.006, 149.42, -40.77);
insert into SHOT values (696, 696, 697, 3389, 6.670, 14.66, -1.88, 6.671, 14.68, -1.89, 0.003, 75.93, -23.32);
insert into SHOT values (697, 697, 698, 3389, 3.280, 83.84, -0.91, 3.279, 83.87, -0.87, 0.003, 199.93, 47.19);
insert into SHOT values (698, 698, 699, 3389, 2.910, 23.68, -0.37, 2.915, 23.66, -0.39, 0.005, 13.33, -12.97);
insert into SHOT values (699, 699, 700, 3389, 5.320, 61.89, 1.37, 5.316, 61.94, 1.40, 0.007, 191.88, 25.53);
insert into SHOT values (700, 700, 701, 3389, 3.860, 6.33, 2.30, 3.866, 6.24, 2.22, 0.010, 321.11, -29.93);
insert into SHOT values (701, 701, 702, 3389, 5.540, 42.41, 23.25, 5.540, 42.53, 23.28, 0.011, 139.36, 16.26);
insert into SHOT values (702, 702, 703, 3389, 7.830, 46.21, -70.96, 7.828, 46.11, -70.96, 0.005, 300.84, 19.27);
insert into SHOT values (703, 703, 704, 3389, 7.370, 44.85, -39.88, 7.374, 44.86, -39.90, 0.005, 67.33, -73.68);
insert into SHOT values (704, 704, 602, 3389, 0.950, 357.48, 13.86, 0.949, 357.51, 14.02, 0.003, 160.02, 57.58);
insert into CENTRELINE values (3390, 3383, NULL, '2015-07-17', NULL, 114.58, 0.00, 0.00);
 insert into TOPO values (1, 3390);
 insert into TOPO values (10, 3390);
 insert into TOPO values (3, 3390);
 insert into EXPLO values (4, 3390);
 insert into SHOT values (705, 705, 706, 3390, 5.760, 285.88, 9.24, 5.761, 285.82, 9.29, 0.007, 196.97, 43.25);
insert into SHOT values (706, 706, 707, 3390, 6.560, 283.34, -11.69, 6.561, 283.41, -11.69, 0.008, 4.94, -5.74);
insert into SHOT values (707, 707, 708, 3390, 13.820, 271.80, -11.59, 13.819, 271.78, -11.61, 0.006, 159.57, -37.67);
insert into SHOT values (708, 708, 709, 3390, 6.870, 257.20, 9.19, 6.867, 257.21, 9.22, 0.005, 46.49, 32.64);
insert into SHOT values (709, 709, 710, 3390, 4.200, 247.61, -7.33, 4.200, 247.56, -7.39, 0.005, 152.90, -51.27);
insert into SHOT values (710, 710, 711, 3390, 7.210, 286.34, -7.52, 7.210, 286.33, -7.49, 0.004, 230.81, 78.40);
insert into SHOT values (711, 711, 712, 3390, 7.360, 332.84, 18.38, 7.365, 332.85, 18.36, 0.006, 348.01, -7.04);
insert into SHOT values (712, 712, 713, 3390, 8.640, 296.13, -0.76, 8.641, 296.09, -0.73, 0.007, 219.14, 40.31);
insert into SHOT values (713, 713, 714, 3390, 6.780, 294.17, -23.89, 6.778, 294.21, -23.94, 0.008, 69.17, -33.92);
insert into SHOT values (714, 714, 715, 3390, 9.050, 267.88, 4.96, 9.050, 267.84, 4.94, 0.006, 180.86, -23.10);
insert into SHOT values (715, 715, 716, 3390, 3.460, 262.23, 4.56, 3.462, 262.34, 4.64, 0.009, 337.98, 34.80);
insert into SHOT values (716, 716, 717, 3390, 2.810, 252.89, -7.04, 2.815, 252.93, -7.14, 0.007, 278.44, -49.83);
insert into SHOT values (717, 717, 718, 3390, 6.200, 274.60, -8.52, 6.198, 274.59, -8.54, 0.003, 124.40, -32.52);
insert into SHOT values (718, 718, 719, 3390, 4.420, 241.70, -8.69, 4.421, 241.73, -8.59, 0.009, 298.68, 65.48);
insert into SHOT values (719, 719, 720, 3390, 5.770, 257.20, -11.52, 5.770, 257.12, -11.60, 0.011, 155.63, -44.98);
insert into SHOT values (720, 720, 721, 3390, 5.500, 285.26, -18.91, 5.500, 285.26, -18.88, 0.003, 348.13, 69.12);
insert into SHOT values (721, 721, 722, 3390, 3.870, 275.41, -41.16, 3.872, 275.51, -41.19, 0.006, 6.89, -27.59);
insert into SHOT values (722, 722, 639, 3390, 6.300, 279.95, -34.13, 6.300, 279.93, -34.08, 0.006, 258.70, 53.60);
insert into CENTRELINE values (3391, 3383, NULL, '2015-07-17', NULL, 498.66, 0.00, 0.00);
 insert into TOPO values (1, 3391);
 insert into TOPO values (10, 3391);
 insert into TOPO values (3, 3391);
 insert into EXPLO values (4, 3391);
 insert into SHOT values (723, 705, 723, 3391, 0.000, 358.19, 0.00, 0.000, 90.00, 0.00, 0.000, 90.00, 0.00);
insert into SHOT values (724, 723, 724, 3391, 7.610, 166.36, -20.91, 7.610, 166.34, -20.86, 0.007, 120.43, 59.44);
insert into SHOT values (725, 724, 725, 3391, 3.890, 130.37, -14.38, 3.890, 130.37, -14.44, 0.004, 294.56, -73.74);
insert into SHOT values (726, 725, 726, 3391, 2.940, 140.36, -44.01, 2.940, 140.37, -43.95, 0.003, 153.26, 53.01);
insert into SHOT values (727, 726, 727, 3391, 7.920, 154.02, 0.48, 7.921, 154.02, 0.43, 0.006, 169.34, -82.19);
insert into SHOT values (728, 727, 728, 3391, 3.250, 131.14, -14.79, 3.248, 131.00, -14.81, 0.008, 25.06, -2.54);
insert into SHOT values (729, 728, 729, 3391, 3.840, 110.70, 27.11, 3.834, 110.77, 27.15, 0.008, 254.95, 0.81);
insert into SHOT values (730, 729, 730, 3391, 4.150, 101.23, -34.29, 4.151, 101.24, -34.14, 0.011, 110.13, 47.63);
insert into SHOT values (731, 730, 731, 3391, 3.480, 114.70, 5.74, 3.475, 114.79, 5.61, 0.011, 240.24, -49.98);
insert into SHOT values (732, 731, 732, 3391, 4.170, 269.38, -37.21, 4.168, 269.48, -37.20, 0.006, 8.20, 15.70);
insert into SHOT values (733, 732, 733, 3391, 9.680, 85.27, -3.06, 9.677, 85.25, -3.02, 0.008, 304.16, 60.00);
insert into SHOT values (734, 733, 734, 3391, 2.900, 81.08, 21.23, 2.900, 81.06, 21.23, 0.001, 324.51, -9.00);
insert into SHOT values (735, 734, 735, 3391, 2.790, 75.51, -17.22, 2.789, 75.65, -17.31, 0.008, 180.98, -30.03);
insert into SHOT values (736, 735, 736, 3391, 1.800, 98.46, 20.32, 1.799, 98.51, 20.16, 0.005, 168.46, -70.16);
insert into SHOT values (737, 736, 737, 3391, 7.730, 101.88, 20.98, 7.736, 101.82, 20.98, 0.009, 52.72, 14.99);
insert into SHOT values (738, 737, 738, 3391, 10.030, 79.25, -3.72, 10.027, 79.23, -3.72, 0.004, 307.43, 11.01);
insert into SHOT values (739, 738, 739, 3391, 13.760, 93.59, 0.90, 13.759, 93.58, 0.92, 0.004, 287.84, 69.58);
insert into SHOT values (740, 739, 740, 3391, 6.270, 102.43, 8.25, 6.271, 102.47, 8.25, 0.005, 177.24, 3.56);
insert into SHOT values (741, 740, 741, 3391, 3.460, 223.65, -29.49, 3.465, 223.66, -29.58, 0.007, 243.92, -77.72);
insert into SHOT values (742, 741, 742, 3391, 5.100, 189.94, 16.92, 5.096, 189.93, 17.00, 0.009, 17.15, 42.05);
insert into SHOT values (743, 742, 743, 3391, 6.630, 157.01, 14.82, 6.631, 156.95, 14.77, 0.009, 88.41, -43.26);
insert into SHOT values (744, 740, 744, 3391, 2.870, 36.35, -2.82, 2.872, 36.35, -2.79, 0.002, 45.08, 36.65);
insert into SHOT values (745, 744, 745, 3391, 8.270, 120.46, 58.26, 8.268, 120.51, 58.24, 0.006, 183.33, -33.26);
insert into SHOT values (746, 745, 746, 3391, 4.000, 106.67, 41.91, 3.997, 106.61, 41.92, 0.004, 334.80, -24.36);
insert into SHOT values (747, 746, 747, 3391, 4.330, 101.43, 25.32, 4.331, 101.34, 25.28, 0.007, 33.44, -15.89);
insert into SHOT values (748, 747, 748, 3391, 6.810, 67.68, 37.68, 6.808, 67.72, 37.77, 0.012, 218.18, 38.59);
insert into SHOT values (749, 748, 749, 3391, 2.500, 100.53, -1.58, 2.502, 100.37, -1.60, 0.007, 24.74, -8.47);
insert into SHOT values (750, 749, 750, 3391, 4.190, 95.46, -3.56, 4.187, 95.49, -3.56, 0.004, 230.99, 2.59);
insert into SHOT values (751, 750, 751, 3391, 5.570, 55.14, 1.93, 5.570, 55.17, 1.85, 0.008, 132.99, -66.90);
insert into SHOT values (752, 751, 752, 3391, 4.970, 103.06, -45.45, 4.971, 103.08, -45.40, 0.005, 124.19, 23.12);
insert into SHOT values (753, 752, 753, 3391, 3.140, 10.31, 19.36, 3.145, 10.29, 19.31, 0.005, 0.25, -9.75);
insert into SHOT values (754, 753, 754, 3391, 1.930, 72.04, 16.49, 1.930, 72.05, 16.56, 0.002, 207.02, 68.09);
insert into SHOT values (755, 754, 755, 3391, 2.780, 59.74, -20.91, 2.777, 59.68, -20.88, 0.004, 291.58, 34.30);
insert into SHOT values (756, 755, 756, 3391, 6.730, 81.04, -0.77, 6.733, 81.03, -0.77, 0.003, 63.12, 8.00);
insert into SHOT values (757, 756, 757, 3391, 7.100, 68.87, 1.23, 7.099, 68.86, 1.21, 0.003, 305.01, -65.26);
insert into SHOT values (758, 757, 758, 3391, 5.250, 89.63, 39.86, 5.253, 89.72, 39.90, 0.008, 178.92, 39.39);
insert into SHOT values (759, 758, 759, 3391, 1.390, 62.85, 37.44, 1.388, 62.51, 37.25, 0.008, 342.38, -37.20);
insert into SHOT values (760, 759, 760, 3391, 5.380, 68.71, -28.87, 5.381, 68.72, -28.89, 0.003, 162.95, -66.98);
insert into SHOT values (761, 760, 761, 3391, 5.720, 67.50, -19.44, 5.723, 67.57, -19.39, 0.009, 123.58, 24.42);
insert into SHOT values (762, 761, 762, 3391, 5.750, 90.31, -5.61, 5.747, 90.30, -5.59, 0.003, 282.39, 40.78);
insert into SHOT values (763, 762, 763, 3391, 4.050, 83.95, 11.50, 4.042, 83.92, 11.41, 0.010, 282.15, -47.96);
insert into SHOT values (764, 763, 764, 3391, 4.960, 71.89, 5.55, 4.966, 71.97, 5.55, 0.009, 121.77, 1.82);
insert into SHOT values (765, 764, 765, 3391, 5.420, 68.16, 2.48, 5.416, 68.08, 2.54, 0.010, 310.23, 34.32);
insert into SHOT values (766, 765, 766, 3391, 6.920, 50.41, -11.12, 6.921, 50.38, -11.16, 0.006, 316.02, -58.71);
insert into SHOT values (767, 766, 767, 3391, 7.960, 59.37, 4.41, 7.960, 59.40, 4.47, 0.009, 163.52, 61.83);
insert into SHOT values (768, 767, 768, 3391, 4.710, 78.88, -3.53, 4.718, 78.86, -3.52, 0.008, 67.72, 0.00);
insert into SHOT values (769, 768, 769, 3391, 2.710, 58.15, -3.42, 2.705, 58.02, -3.60, 0.012, 286.60, -45.86);
insert into SHOT values (770, 769, 770, 3391, 1.860, 83.08, 48.30, 1.861, 83.51, 48.31, 0.009, 169.52, 7.65);
insert into SHOT values (771, 770, 771, 3391, 1.570, 63.07, 10.36, 1.574, 63.10, 10.61, 0.008, 82.14, 67.63);
insert into SHOT values (772, 771, 772, 3391, 5.890, 93.25, 3.07, 5.887, 93.22, 3.02, 0.007, 324.76, -56.08);
insert into SHOT values (773, 772, 773, 3391, 4.790, 68.96, 18.29, 4.793, 69.02, 18.24, 0.007, 120.59, -27.55);
insert into SHOT values (774, 773, 774, 3391, 4.140, 75.31, 7.91, 4.134, 75.28, 7.93, 0.006, 268.46, 2.33);
insert into SHOT values (775, 774, 775, 3391, 6.620, 75.12, -15.10, 6.624, 75.05, -15.05, 0.010, 20.19, 27.35);
insert into SHOT values (776, 775, 776, 3391, 5.730, 69.05, 15.15, 5.723, 69.10, 15.19, 0.010, 212.47, 14.72);
insert into SHOT values (777, 776, 777, 3391, 2.360, 62.49, -15.15, 2.364, 62.31, -15.20, 0.008, 357.55, -22.84);
insert into SHOT values (778, 777, 778, 3391, 2.860, 91.71, -9.12, 2.867, 91.82, -9.03, 0.010, 128.78, 19.25);
insert into SHOT values (779, 778, 779, 3391, 2.740, 39.50, 37.81, 2.736, 39.36, 37.87, 0.007, 266.09, 2.15);
insert into SHOT values (780, 779, 780, 3391, 8.260, 95.22, 29.99, 8.265, 95.21, 29.98, 0.006, 86.54, 12.70);
insert into SHOT values (781, 780, 781, 3391, 2.770, 50.22, -17.54, 2.772, 50.22, -17.64, 0.005, 108.59, -86.07);
insert into SHOT values (782, 781, 782, 3391, 2.600, 109.23, -48.03, 2.596, 109.17, -48.03, 0.004, 325.35, 44.96);
insert into SHOT values (783, 782, 783, 3391, 0.980, 135.88, -37.00, 0.976, 136.04, -37.18, 0.005, 290.35, -2.42);
insert into SHOT values (784, 783, 784, 3391, 5.310, 80.08, -33.47, 5.316, 80.13, -33.45, 0.008, 116.60, -11.38);
insert into SHOT values (785, 784, 785, 3391, 4.300, 82.76, 16.21, 4.294, 82.75, 16.23, 0.006, 263.62, -3.57);
insert into SHOT values (786, 785, 786, 3391, 3.450, 55.63, -24.89, 3.456, 55.65, -24.81, 0.008, 66.31, 14.91);
insert into SHOT values (787, 786, 787, 3391, 4.130, 65.92, -23.09, 4.131, 65.93, -23.09, 0.002, 102.85, -10.80);
insert into SHOT values (788, 787, 788, 3391, 6.640, 90.15, 3.03, 6.639, 90.17, 3.02, 0.003, 192.46, -16.94);
insert into SHOT values (789, 788, 789, 3391, 4.610, 68.93, -3.94, 4.611, 68.85, -3.98, 0.007, 346.60, -26.73);
insert into SHOT values (790, 789, 790, 3391, 5.340, 111.18, 6.69, 5.336, 111.24, 6.67, 0.007, 232.90, -16.83);
insert into SHOT values (791, 790, 791, 3391, 7.620, 96.00, 4.28, 7.623, 95.97, 4.29, 0.005, 37.23, 15.77);
insert into SHOT values (792, 791, 792, 3391, 1.360, 53.75, 7.69, 1.360, 54.07, 8.03, 0.011, 155.80, 46.11);
insert into SHOT values (793, 792, 793, 3391, 2.760, 90.72, 24.63, 2.761, 90.68, 24.61, 0.002, 44.38, -7.59);
insert into SHOT values (794, 793, 794, 3391, 3.830, 97.47, 41.04, 3.823, 97.37, 41.04, 0.008, 321.20, -34.57);
insert into SHOT values (795, 794, 795, 3391, 2.980, 93.27, 44.89, 2.979, 93.26, 44.82, 0.004, 83.16, -54.59);
insert into SHOT values (796, 795, 796, 3391, 1.750, 122.15, 16.65, 1.754, 122.37, 16.56, 0.008, 177.09, -10.15);
insert into SHOT values (797, 796, 797, 3391, 9.750, 103.15, 9.29, 9.749, 103.10, 9.33, 0.010, 0.19, 35.97);
insert into SHOT values (798, 797, 798, 3391, 3.940, 105.82, -5.33, 3.936, 105.84, -5.39, 0.006, 259.49, -41.48);
insert into SHOT values (799, 798, 799, 3391, 9.550, 107.77, -11.54, 9.551, 107.80, -11.54, 0.005, 188.49, 5.64);
insert into SHOT values (800, 799, 800, 3391, 8.380, 101.44, 8.15, 8.379, 101.40, 8.17, 0.005, 351.68, 22.95);
insert into SHOT values (801, 800, 801, 3391, 5.640, 86.00, 11.53, 5.647, 86.06, 11.54, 0.010, 128.97, 15.87);
insert into SHOT values (802, 801, 802, 3391, 6.600, 116.75, 17.32, 6.591, 116.73, 17.30, 0.010, 309.73, -29.44);
insert into SHOT values (803, 802, 803, 3391, 7.430, 114.95, 14.24, 7.432, 114.96, 14.26, 0.004, 176.68, 41.63);
insert into SHOT values (804, 803, 804, 3391, 6.530, 128.67, 24.71, 6.531, 128.71, 24.71, 0.004, 205.45, 3.99);
insert into SHOT values (805, 804, 805, 3391, 3.530, 78.18, 1.09, 3.537, 78.09, 1.13, 0.009, 39.17, 18.02);
insert into SHOT values (806, 805, 806, 3391, 4.310, 99.77, 10.83, 4.309, 99.80, 10.84, 0.003, 223.92, 3.56);
insert into SHOT values (807, 806, 807, 3391, 3.490, 86.84, 13.06, 3.496, 86.80, 13.06, 0.006, 66.86, 12.91);
insert into SHOT values (808, 807, 808, 3391, 2.150, 138.16, 87.39, 2.142, 143.13, 87.32, 0.012, 216.95, -41.31);
insert into SHOT values (809, 808, 809, 3391, 4.620, 91.18, 2.78, 4.617, 91.12, 2.86, 0.008, 322.47, 45.14);
insert into SHOT values (810, 809, 810, 3391, 3.980, 116.10, 9.78, 3.988, 116.11, 9.67, 0.011, 121.85, -33.92);
insert into SHOT values (811, 810, 811, 3391, 8.730, 95.52, 3.61, 8.727, 95.47, 3.61, 0.008, 342.54, 2.34);
insert into SHOT values (812, 811, 812, 3391, 5.270, 84.00, 17.61, 5.266, 84.05, 17.69, 0.010, 225.24, 36.13);
insert into SHOT values (813, 812, 813, 3391, 4.670, 79.91, -7.26, 4.679, 79.95, -7.24, 0.009, 102.03, 0.97);
insert into SHOT values (814, 813, 814, 3391, 5.390, 96.60, -0.40, 5.385, 96.50, -0.43, 0.010, 335.21, -13.33);
insert into SHOT values (815, 814, 815, 3391, 5.520, 108.06, 10.47, 5.521, 108.13, 10.44, 0.008, 185.94, -22.02);
insert into SHOT values (816, 815, 816, 3391, 3.110, 100.68, 40.63, 3.113, 100.50, 40.71, 0.009, 4.57, 33.78);
insert into SHOT values (817, 816, 817, 3391, 5.820, 106.62, 36.60, 5.823, 106.65, 36.58, 0.005, 145.52, -0.35);
insert into SHOT values (818, 817, 818, 3391, 4.540, 82.75, 10.55, 4.532, 82.78, 10.55, 0.008, 244.45, -8.49);
insert into SHOT values (819, 818, 819, 3391, 10.530, 93.58, 2.66, 10.532, 93.54, 2.67, 0.006, 16.88, 11.82);
insert into SHOT values (820, 819, 820, 3391, 11.380, 83.93, 4.06, 11.382, 83.93, 4.03, 0.006, 117.74, -65.62);
insert into SHOT values (821, 820, 821, 3391, 7.330, 140.76, 43.64, 7.334, 140.73, 43.63, 0.005, 113.48, 17.12);
insert into SHOT values (822, 821, 822, 3391, 2.410, 118.83, 29.55, 2.405, 118.89, 29.65, 0.007, 277.00, 11.88);
insert into CENTRELINE values (3392, 3383, NULL, '2016-07-15', '2016-07-15', 110.00, 0.00, 0.00);
 insert into TOPO values (10, 3392);
 insert into TOPO values (3, 3392);
 insert into TOPO values (9, 3392);
 insert into EXPLO values (4, 3392);
 insert into SHOT values (823, 749, 823, 3392, 6.320, 277.89, -2.36, 6.314, 277.83, -2.36, 0.008, 144.70, 1.67);
insert into SHOT values (824, 823, 824, 3392, 12.660, 260.44, 13.57, 12.663, 260.46, 13.56, 0.006, 311.42, -4.53);
insert into SHOT values (825, 824, 825, 3392, 4.950, 289.94, -20.57, 4.953, 289.92, -20.57, 0.004, 261.30, -13.12);
insert into SHOT values (826, 825, 826, 3392, 7.090, 269.53, -31.33, 7.087, 269.53, -31.38, 0.007, 93.43, -29.85);
insert into SHOT values (827, 826, 827, 3392, 4.800, 291.74, -5.73, 4.804, 291.73, -5.73, 0.004, 284.56, -11.33);
insert into SHOT values (828, 827, 828, 3392, 12.640, 263.40, -16.93, 12.638, 263.40, -16.93, 0.002, 96.35, 21.21);
insert into SHOT values (829, 828, 829, 3392, 13.250, 276.01, -2.72, 13.248, 276.03, -2.73, 0.005, 29.02, -14.31);
insert into SHOT values (830, 829, 830, 3392, 12.370, 282.74, 1.74, 12.369, 282.71, 1.76, 0.008, 181.01, 33.12);
insert into SHOT values (831, 831, 832, 3392, 3.660, 17.56, -11.18, 3.668, 17.63, -11.16, 0.010, 44.66, -2.14);
insert into SHOT values (832, 832, 830, 3392, 9.120, 16.47, -20.62, 9.114, 16.48, -20.62, 0.006, 180.48, 17.92);
insert into SHOT values (833, 830, 833, 3392, 9.200, 286.77, 1.07, 9.204, 286.80, 1.06, 0.007, 334.55, -15.33);
insert into SHOT values (834, 833, 834, 3392, 3.750, 274.26, -8.15, 3.748, 274.17, -8.13, 0.006, 162.05, 14.95);
insert into SHOT values (835, 834, 835, 3392, 10.190, 323.73, -8.75, 10.191, 323.72, -8.75, 0.002, 270.42, 4.14);
insert into CENTRELINE values (3393, 3383, NULL, '2016-07-15', NULL, 229.45, 0.00, 0.00);
 insert into EXPLO values (4, 3393);
 insert into SHOT values (836, 732, 836, 3393, 6.040, 298.40, -5.01, 6.037, 298.40, -5.04, 0.004, 123.49, -37.38);
insert into SHOT values (837, 836, 837, 3393, 1.850, 306.94, -40.25, 1.848, 306.95, -40.08, 0.006, 314.31, 69.07);
insert into SHOT values (838, 837, 838, 3393, 3.690, 295.36, -13.14, 3.693, 295.35, -13.15, 0.003, 287.54, -20.67);
insert into SHOT values (839, 838, 839, 3393, 2.190, 11.83, -3.50, 2.191, 11.88, -3.40, 0.004, 74.46, 62.48);
insert into SHOT values (840, 839, 840, 3393, 5.100, 319.68, -10.57, 5.096, 319.70, -10.63, 0.006, 122.18, -43.67);
insert into SHOT values (841, 840, 841, 3393, 2.630, 356.51, -12.16, 2.633, 356.44, -12.06, 0.007, 317.10, 37.74);
insert into SHOT values (842, 841, 842, 3393, 6.860, 314.95, -6.99, 6.861, 314.94, -7.03, 0.005, 245.10, -76.43);
insert into SHOT values (843, 842, 843, 3393, 2.320, 304.19, -0.27, 2.319, 304.10, -0.25, 0.004, 194.78, 13.71);
insert into SHOT values (844, 843, 844, 3393, 6.850, 337.02, 3.40, 6.855, 337.03, 3.43, 0.006, 354.66, 38.52);
insert into SHOT values (845, 844, 845, 3393, 3.870, 296.54, -21.59, 3.870, 296.42, -21.69, 0.010, 185.24, -37.03);
insert into SHOT values (846, 845, 846, 3393, 2.490, 307.48, -7.79, 2.482, 307.57, -7.64, 0.011, 98.50, 43.81);
insert into SHOT values (847, 846, 847, 3393, 6.430, 282.40, -3.64, 6.433, 282.41, -3.65, 0.004, 306.78, -28.02);
insert into SHOT values (848, 847, 848, 3393, 4.100, 231.57, 13.66, 4.096, 231.63, 13.70, 0.007, 8.82, 15.34);
insert into SHOT values (849, 848, 849, 3393, 3.580, 272.50, 4.37, 3.583, 272.41, 4.32, 0.007, 213.62, -22.05);
insert into SHOT values (850, 849, 850, 3393, 1.750, 238.39, -33.04, 1.754, 238.37, -33.18, 0.006, 210.21, -77.76);
insert into SHOT values (851, 850, 851, 3393, 4.940, 275.55, -7.44, 4.934, 275.63, -7.34, 0.013, 41.18, 49.47);
insert into SHOT values (852, 851, 852, 3393, 2.340, 283.49, -6.92, 2.342, 283.44, -7.11, 0.008, 210.89, -74.64);
insert into SHOT values (853, 852, 853, 3393, 9.770, 266.72, 1.35, 9.769, 266.71, 1.35, 0.002, 133.34, -5.75);
insert into SHOT values (854, 853, 854, 3393, 3.310, 310.11, -16.99, 3.308, 310.13, -16.87, 0.007, 60.99, 80.80);
insert into SHOT values (855, 854, 855, 3393, 6.120, 289.65, -5.81, 6.127, 289.65, -5.81, 0.007, 292.89, -4.14);
insert into SHOT values (856, 855, 856, 3393, 4.460, 336.58, -12.57, 4.456, 336.56, -12.57, 0.005, 177.53, 8.12);
insert into SHOT values (857, 856, 857, 3393, 3.890, 311.17, -28.36, 3.891, 311.09, -28.39, 0.005, 223.12, -25.12);
insert into SHOT values (858, 857, 858, 3393, 7.240, 314.97, -9.86, 7.242, 315.06, -9.86, 0.011, 36.29, -1.12);
insert into SHOT values (859, 858, 859, 3393, 10.230, 291.97, 0.66, 10.231, 291.93, 0.67, 0.008, 206.73, 15.29);
insert into SHOT values (860, 859, 860, 3393, 1.710, 264.37, -11.13, 1.710, 264.53, -11.13, 0.005, 356.82, 1.13);
insert into SHOT values (861, 860, 861, 3393, 4.750, 295.84, -26.67, 4.753, 295.84, -26.76, 0.008, 111.47, -88.31);
insert into SHOT values (862, 861, 862, 3393, 5.500, 308.64, -21.13, 5.499, 308.59, -21.10, 0.005, 219.95, 30.64);
insert into SHOT values (863, 862, 863, 3393, 5.900, 269.65, -10.23, 5.894, 269.70, -10.26, 0.008, 48.30, -14.81);
insert into SHOT values (864, 863, 864, 3393, 1.270, 338.52, -22.91, 1.262, 338.29, -22.86, 0.010, 190.87, 26.71);
insert into SHOT values (865, 864, 865, 3393, 7.360, 258.77, 1.28, 7.362, 258.80, 1.25, 0.006, 317.34, -47.78);
insert into SHOT values (866, 865, 866, 3393, 12.400, 272.39, -1.29, 12.394, 272.41, -1.29, 0.007, 64.01, -7.10);
insert into SHOT values (867, 866, 867, 3393, 4.590, 295.37, -9.66, 4.592, 295.38, -9.65, 0.002, 309.52, 6.18);
insert into SHOT values (868, 867, 868, 3393, 9.840, 263.68, 6.71, 9.847, 263.66, 6.71, 0.008, 237.77, 1.82);
insert into SHOT values (869, 868, 869, 3393, 1.520, 171.43, -10.48, 1.522, 171.17, -10.22, 0.010, 105.67, 40.58);
insert into SHOT values (870, 869, 870, 3393, 7.070, 285.02, 2.20, 7.079, 285.08, 2.19, 0.011, 324.02, -7.13);
insert into SHOT values (871, 870, 871, 3393, 4.010, 266.06, -9.42, 4.005, 265.94, -9.49, 0.011, 141.28, -19.30);
insert into SHOT values (872, 871, 872, 3393, 10.210, 294.15, 1.68, 10.210, 294.18, 1.68, 0.005, 27.45, 7.44);
insert into SHOT values (873, 872, 873, 3393, 5.340, 277.48, -12.87, 5.349, 277.49, -12.86, 0.009, 285.03, -3.72);
insert into SHOT values (874, 873, 874, 3393, 4.540, 269.40, 20.33, 4.534, 269.33, 20.39, 0.009, 128.05, 16.89);
insert into SHOT values (875, 874, 875, 3393, 5.200, 292.35, -16.37, 5.207, 292.36, -16.40, 0.008, 296.21, -35.36);
insert into SHOT values (876, 875, 876, 3393, 5.490, 249.02, 6.96, 5.492, 249.04, 7.01, 0.005, 303.43, 66.52);
insert into SHOT values (877, 876, 877, 3393, 5.340, 277.62, -12.88, 5.340, 277.62, -12.88, 0.001, 226.89, 36.59);
insert into SHOT values (878, 877, 878, 3393, 8.440, 258.24, 2.10, 8.433, 258.22, 2.11, 0.007, 98.00, 5.63);
insert into SHOT values (879, 878, 879, 3393, 2.690, 303.44, -8.82, 2.689, 303.33, -8.77, 0.006, 200.86, 25.38);
insert into SHOT values (880, 879, 880, 3393, 4.230, 263.45, -6.70, 4.227, 263.43, -6.79, 0.008, 102.28, -59.76);
insert into CENTRELINE values (3394, 3383, NULL, '2017-07-15', NULL, 40.36, 0.00, 0.00);
 insert into EXPLO values (4, 3394);
 insert into SHOT values (881, 798, 881, 3394, 2.650, 106.59, -26.39, 2.656, 106.61, -26.38, 0.006, 116.06, -21.26);
insert into SHOT values (882, 881, 882, 3394, 6.000, 178.32, 35.46, 6.009, 178.36, 35.50, 0.011, 216.42, 56.01);
insert into SHOT values (883, 882, 883, 3394, 5.130, 133.82, 16.83, 5.120, 133.76, 16.80, 0.011, 341.85, -27.81);
insert into SHOT values (884, 883, 884, 3394, 6.960, 128.39, -4.06, 6.972, 128.40, -4.03, 0.012, 138.29, 12.88);
insert into SHOT values (885, 884, 885, 3394, 2.840, 70.99, 7.13, 2.836, 70.92, 7.09, 0.005, 293.44, -28.27);
insert into SHOT values (886, 885, 886, 3394, 3.040, 105.17, -18.04, 3.038, 105.05, -18.02, 0.006, 1.00, 13.02);
insert into SHOT values (887, 886, 887, 3394, 4.710, 14.45, 37.03, 4.712, 14.48, 37.07, 0.004, 121.02, 55.83);
insert into SHOT values (888, 887, 888, 3394, 3.340, 357.22, 32.48, 3.335, 357.15, 32.47, 0.006, 216.38, -34.42);
insert into SHOT values (889, 888, 889, 3394, 4.670, 62.82, -12.64, 4.666, 62.82, -12.63, 0.004, 242.14, 25.99);
insert into SHOT values (890, 889, 890, 3394, 1.020, 144.30, -2.42, 1.017, 143.81, -2.82, 0.012, 34.86, -37.04);
insert into CENTRELINE values (3395, 3383, NULL, '2017-07-15', NULL, 153.88, 0.00, 0.00);
 insert into EXPLO values (4, 3395);
 insert into SHOT values (891, 822, 891, 3395, 0.000, 358.50, 0.00, 0.000, 90.00, 0.00, 0.000, 90.00, 0.00);
insert into SHOT values (892, 822, 892, 3395, 4.090, 89.97, 22.26, 4.095, 90.00, 22.24, 0.005, 115.49, 7.13);
insert into SHOT values (893, 892, 893, 3395, 5.720, 110.20, 22.38, 5.715, 110.15, 22.42, 0.007, 326.04, 16.54);
insert into SHOT values (894, 893, 894, 3395, 7.060, 95.85, -25.03, 7.068, 95.92, -25.03, 0.011, 143.55, -15.65);
insert into SHOT values (895, 893, 895, 3395, 5.140, 195.91, -9.66, 5.146, 195.90, -9.62, 0.007, 191.25, 19.63);
insert into SHOT values (896, 895, 896, 3395, 3.190, 213.32, -8.41, 3.183, 213.34, -8.49, 0.009, 24.64, -23.82);
insert into SHOT values (897, 896, 897, 3395, 5.020, 180.77, -11.12, 5.025, 180.81, -11.13, 0.007, 221.93, -16.11);
insert into SHOT values (898, 897, 898, 3395, 4.110, 221.75, -31.43, 4.108, 221.65, -31.40, 0.007, 124.19, 27.73);
insert into SHOT values (899, 895, 899, 3395, 7.460, 89.45, -2.53, 7.468, 89.46, -2.53, 0.008, 105.78, -5.03);
insert into SHOT values (900, 899, 900, 3395, 4.820, 106.02, 61.02, 4.812, 105.95, 61.04, 0.009, 312.60, -45.60);
insert into SHOT values (901, 900, 901, 3395, 5.360, 63.36, -27.17, 5.360, 63.33, -27.20, 0.004, 305.01, -42.98);
insert into SHOT values (902, 901, 902, 3395, 3.840, 93.79, -50.11, 3.837, 93.72, -50.02, 0.007, 46.53, 59.43);
insert into SHOT values (903, 902, 903, 3395, 5.680, 99.32, -25.55, 5.683, 99.32, -25.54, 0.003, 99.45, -4.17);
insert into SHOT values (904, 903, 904, 3395, 5.100, 109.35, 11.24, 5.100, 109.38, 11.19, 0.005, 175.25, -53.84);
insert into SHOT values (905, 904, 905, 3395, 3.430, 110.93, -24.33, 3.431, 110.98, -24.27, 0.005, 168.70, 39.14);
insert into SHOT values (906, 905, 906, 3395, 5.810, 93.55, 5.86, 5.801, 93.48, 5.84, 0.012, 310.77, -15.73);
insert into SHOT values (907, 906, 907, 3395, 1.810, 15.85, 27.76, 1.813, 15.95, 27.96, 0.008, 107.05, 68.09);
insert into SHOT values (908, 907, 908, 3395, 4.750, 85.34, 4.58, 4.750, 85.40, 4.59, 0.005, 170.45, 7.86);
insert into SHOT values (909, 908, 909, 3395, 1.860, 101.85, 23.11, 1.865, 101.77, 23.04, 0.006, 78.45, -0.45);
insert into SHOT values (910, 909, 910, 3395, 2.250, 83.51, 4.01, 2.249, 83.60, 3.82, 0.008, 181.29, -62.16);
insert into SHOT values (911, 910, 911, 3395, 4.710, 78.51, -6.34, 4.704, 78.40, -6.35, 0.010, 314.36, 0.66);
insert into SHOT values (912, 911, 912, 3395, 6.400, 95.08, 35.49, 6.402, 95.07, 35.53, 0.005, 330.57, 75.58);
insert into SHOT values (913, 912, 913, 3395, 1.540, 114.53, -28.58, 1.541, 114.48, -28.70, 0.004, 345.92, -66.99);
insert into SHOT values (914, 913, 914, 3395, 1.560, 73.00, -62.41, 1.557, 73.07, -62.41, 0.003, 215.18, 58.67);
insert into SHOT values (915, 914, 915, 3395, 9.530, 86.26, 9.89, 9.532, 86.28, 9.91, 0.005, 152.23, 41.40);
insert into SHOT values (916, 915, 916, 3395, 3.230, 101.78, -25.91, 3.238, 101.70, -26.01, 0.011, 63.49, -53.00);
insert into SHOT values (917, 916, 917, 3395, 5.550, 99.45, 16.14, 5.554, 99.50, 16.21, 0.009, 168.63, 54.02);
insert into SHOT values (918, 917, 918, 3395, 5.980, 98.66, 1.06, 5.979, 98.66, 1.05, 0.001, 255.55, -34.41);
insert into SHOT values (919, 918, 919, 3395, 6.090, 100.03, 16.67, 6.082, 99.98, 16.62, 0.010, 318.43, -42.92);
insert into SHOT values (920, 919, 920, 3395, 6.590, 96.90, 7.85, 6.590, 96.95, 7.85, 0.006, 189.34, -0.57);
insert into SHOT values (921, 920, 921, 3395, 11.420, 104.14, 7.70, 11.424, 104.11, 7.70, 0.007, 56.29, -1.03);
insert into SHOT values (922, 921, 922, 3395, 4.780, 79.48, 23.55, 4.782, 79.48, 23.54, 0.002, 102.08, 4.71);
insert into CENTRELINE values (3396, 3383, NULL, '2017-07-15', NULL, 130.86, 0.00, 0.00);
 insert into EXPLO values (4, 3396);
 insert into SHOT values (923, 769, 923, 3396, 0.000, 358.50, 0.00, 0.000, 90.00, 0.00, 0.000, 90.00, 0.00);
insert into SHOT values (924, 769, 924, 3396, 0.000, 358.50, 0.00, 0.000, 90.00, 0.00, 0.000, 90.00, 0.00);
insert into SHOT values (925, 924, 925, 3396, 3.180, 327.01, -22.97, 3.173, 327.02, -23.00, 0.007, 142.12, 7.89);
insert into SHOT values (926, 925, 926, 3396, 1.310, 341.52, -5.12, 1.311, 341.70, -4.81, 0.008, 55.36, 57.07);
insert into SHOT values (927, 926, 927, 3396, 3.220, 27.11, 0.09, 3.211, 27.04, 0.00, 0.011, 228.28, -27.94);
insert into SHOT values (928, 927, 928, 3396, 2.390, 41.22, 3.96, 2.395, 41.10, 4.07, 0.008, 351.28, 37.20);
insert into SHOT values (929, 928, 929, 3396, 8.050, 71.87, -3.08, 8.051, 71.88, -3.13, 0.008, 154.97, -73.84);
insert into SHOT values (930, 929, 930, 3396, 8.780, 69.83, 7.86, 8.787, 69.84, 7.91, 0.011, 86.58, 56.63);
insert into SHOT values (931, 930, 931, 3396, 3.540, 90.31, -7.54, 3.541, 90.33, -7.63, 0.006, 153.16, -75.11);
insert into SHOT values (932, 931, 932, 3396, 2.650, 145.07, 4.81, 2.645, 145.04, 4.77, 0.006, 335.93, -22.64);
insert into SHOT values (933, 932, 933, 3396, 3.020, 65.00, -9.10, 3.016, 64.98, -8.96, 0.008, 259.43, 71.61);
insert into SHOT values (934, 933, 934, 3396, 2.810, 135.61, 37.36, 2.808, 135.73, 37.26, 0.007, 211.96, -47.03);
insert into SHOT values (935, 934, 935, 3396, 2.770, 56.16, 29.00, 2.775, 56.24, 28.88, 0.008, 84.94, -20.40);
insert into SHOT values (936, 935, 936, 3396, 1.770, 196.97, 71.98, 1.775, 197.10, 72.16, 0.008, 356.46, 61.35);
insert into SHOT values (937, 929, 937, 3396, 0.880, 34.94, -16.91, 0.882, 35.38, -16.46, 0.010, 91.69, 37.20);
insert into SHOT values (938, 937, 938, 3396, 2.500, 19.08, -76.48, 2.499, 19.06, -76.53, 0.003, 203.05, 15.64);
insert into SHOT values (939, 938, 939, 3396, 5.060, 346.10, 0.08, 5.059, 346.05, 0.00, 0.008, 246.95, -58.12);
insert into SHOT values (940, 939, 940, 3396, 1.160, 288.76, 18.54, 1.161, 289.09, 18.58, 0.007, 12.36, 10.05);
insert into SHOT values (941, 940, 941, 3396, 3.650, 12.35, -44.19, 3.642, 12.39, -44.21, 0.008, 176.19, 32.19);
insert into SHOT values (942, 941, 942, 3396, 2.450, 72.59, 7.63, 2.453, 72.53, 7.50, 0.007, 42.76, -50.20);
insert into SHOT values (943, 942, 943, 3396, 2.230, 311.38, -6.33, 2.238, 311.36, -6.16, 0.010, 306.16, 34.79);
insert into SHOT values (944, 943, 944, 3396, 2.100, 262.11, -26.22, 2.096, 262.04, -26.34, 0.007, 101.54, -19.41);
insert into SHOT values (945, 944, 945, 3396, 6.850, 266.57, 3.37, 6.854, 266.56, 3.35, 0.005, 265.60, -32.80);
insert into SHOT values (946, 945, 946, 3396, 1.610, 233.94, -8.68, 1.614, 233.92, -8.55, 0.005, 228.58, 32.82);
insert into SHOT values (947, 946, 947, 3396, 4.840, 263.01, 1.21, 4.837, 262.99, 1.18, 0.004, 104.04, -36.36);
insert into SHOT values (948, 947, 948, 3396, 4.580, 265.94, -8.94, 4.577, 265.94, -8.92, 0.004, 76.76, 29.50);
insert into SHOT values (949, 948, 949, 3396, 3.630, 268.80, -1.67, 3.632, 268.74, -1.58, 0.007, 212.27, 52.82);
insert into SHOT values (950, 949, 950, 3396, 0.700, 205.11, 39.68, 0.691, 205.60, 39.58, 0.011, 349.71, -41.09);
insert into SHOT values (951, 950, 951, 3396, 4.590, 273.26, 6.98, 4.592, 273.27, 7.01, 0.003, 313.27, 49.60);
insert into SHOT values (952, 941, 952, 3396, 1.040, 211.69, -13.19, 1.038, 211.64, -13.36, 0.004, 48.53, -47.44);
insert into SHOT values (953, 952, 953, 3396, 7.250, 85.67, -1.59, 7.244, 85.64, -1.58, 0.007, 289.03, 9.66);
insert into SHOT values (954, 953, 954, 3396, 1.410, 45.31, 64.62, 1.408, 45.00, 64.41, 0.006, 4.47, -38.30);
insert into SHOT values (955, 954, 955, 3396, 5.170, 64.07, 1.11, 5.171, 64.08, 1.22, 0.010, 113.32, 80.41);
insert into SHOT values (956, 955, 956, 3396, 0.640, 115.53, -19.33, 0.647, 115.30, -19.88, 0.010, 87.32, -58.34);
insert into SHOT values (957, 956, 957, 3396, 5.960, 67.13, -1.87, 5.950, 67.14, -1.83, 0.011, 236.56, 24.11);
insert into SHOT values (958, 957, 958, 3396, 11.530, 63.13, -4.82, 11.534, 63.10, -4.82, 0.007, 14.42, -10.16);
insert into SHOT values (959, 958, 959, 3396, 2.610, 92.72, 9.85, 2.612, 92.90, 9.92, 0.009, 170.55, 22.94);
insert into SHOT values (960, 959, 960, 3396, 4.930, 48.94, -1.51, 4.935, 48.95, -1.51, 0.005, 58.88, -1.01);
insert into CENTRELINE values (3397, 3383, NULL, '2017-07-15', NULL, 55.07, 0.00, 0.00);
 insert into EXPLO values (4, 3397);
 insert into SHOT values (961, 792, 961, 3397, 0.000, 358.50, 0.00, 0.000, 90.00, 0.00, 0.000, 90.00, 0.00);
insert into SHOT values (962, 961, 962, 3397, 3.930, 34.10, -29.08, 3.936, 33.97, -29.19, 0.013, 317.37, -51.51);
insert into SHOT values (963, 962, 963, 3397, 4.910, 294.10, -50.09, 4.900, 294.04, -50.11, 0.010, 136.86, 36.81);
insert into SHOT values (964, 963, 964, 3397, 2.440, 264.47, -10.31, 2.441, 264.50, -10.38, 0.004, 339.03, -63.54);
insert into SHOT values (965, 964, 965, 3397, 2.550, 296.40, -7.85, 2.560, 296.46, -7.86, 0.010, 313.97, -9.70);
insert into SHOT values (966, 965, 966, 3397, 5.330, 262.97, 1.67, 5.323, 262.87, 1.72, 0.012, 134.54, 23.56);
insert into SHOT values (967, 966, 967, 3397, 3.110, 291.11, -0.46, 3.109, 291.12, -0.55, 0.005, 82.11, -75.50);
insert into SHOT values (968, 967, 968, 3397, 10.000, 308.50, -1.00, 10.008, 308.51, -0.97, 0.009, 324.50, 29.74);
insert into SHOT values (969, 968, 969, 3397, 15.000, 298.50, -1.00, 14.997, 298.48, -0.99, 0.006, 170.85, 18.71);
insert into SHOT values (970, 969, 970, 3397, 7.800, 271.50, -1.00, 7.804, 271.54, -1.03, 0.008, 329.38, -27.16);
insert into CENTRELINE values (3398, 3383, NULL, '2019-07-25', NULL, 67.00, 0.00, 0.00);
 insert into TOPO values (7, 3398);
 insert into EXPLO values (4, 3398);
 insert into SHOT values (971, 705, 971, 3398, 7.000, 69.81, -13.00, 6.996, 69.84, -12.97, 0.006, 199.25, 46.74);
insert into SHOT values (972, 971, 972, 3398, 3.000, 96.81, 11.00, 3.005, 96.81, 10.93, 0.006, 98.28, -22.19);
insert into SHOT values (973, 972, 973, 3398, 4.000, 84.81, 3.00, 4.003, 84.69, 3.01, 0.009, 12.25, 4.27);
insert into SHOT values (974, 973, 974, 3398, 16.000, 90.81, 4.00, 16.001, 90.83, 4.01, 0.006, 173.07, 39.72);
insert into SHOT values (975, 974, 975, 3398, 8.000, 81.81, 18.00, 7.998, 81.84, 17.99, 0.005, 191.76, -27.55);
insert into SHOT values (976, 975, 976, 3398, 2.000, 254.81, 81.00, 1.996, 255.53, 80.77, 0.010, 283.82, -32.92);
insert into SHOT values (977, 976, 977, 3398, 19.000, 86.81, 6.00, 19.004, 86.82, 6.01, 0.006, 118.67, 45.76);
insert into SHOT values (978, 977, 978, 3398, 8.000, 255.81, 21.00, 8.000, 255.81, 21.02, 0.003, 36.55, 68.20);
insert into SCRAPS values (3400, 3381, 'SP-AP7_Amonts_01', 1, 58.02126, 1.85997);
 insert into SCRAPS values (3469, 3381, 'SP-AP7_Amonts_02', 1, 65.89051, 3.41116);
 insert into SCRAPS values (3520, 3381, 'SP-AP7_Amonts_03', 1, 1.42166, 0.02105);
 insert into SCRAPS values (3643, 3381, 'SP-AP7_Amonts_04', 1, 0.84964, 0.03964);
 insert into SCRAPS values (3702, 3381, 'SP-AP7_Amonts_05', 1, 8.11987, 0.01208);
 insert into SCRAPS values (4026, 3381, 'SP-AP7_Amonts_09', 1, 0.62742, 0.02871);
 insert into SCRAPS values (4070, 3381, 'SP-AP7_Amonts_10', 1, 43.36387, 0.07509);
 insert into SCRAPS values (4116, 3381, 'SP-AP7_Amonts_11', 1, 37.38242, 0.22570);
 insert into SCRAPS values (4132, 3381, 'SP-AP7_Amonts_12', 1, 0.78990, 0.05436);
 insert into SCRAPS values (4152, 3381, 'SP-AP7_Amonts_07', 1, 0.67032, 0.02042);
 insert into SCRAPS values (4207, 3381, 'SP-AP7_Amonts_08', 1, 4.41730, 0.20221);
 insert into SCRAPS values (4221, 3381, 'SP-AP7_Amonts_06', 1, 0.26633, 0.02080);
 insert into SCRAPS values (4284, 3381, 'SP-AP7_Amonts_13', 1, 0.00000, 0.00000);
 insert into SCRAPS values (4289, 3381, 'SC-AP7_Amonts_01', 2, 99.61011, 22.90473);
 insert into SCRAPS values (5036, 3381, 'SC-AP7_Amonts_02', 2, 0.00000, 0.00000);
 insert into SCRAPS values (5038, 3381, 'SC-AP7_Amonts_03', 2, 0.00000, 0.00000);
 insert into SCRAPS values (5040, 3381, 'SC-AP7_Amonts_04', 2, 0.00000, 0.00000);
 insert into SCRAPS values (5042, 3381, 'SC-AP7_Amonts_05', 2, 0.00000, 0.00000);
 insert into SCRAPS values (5044, 3381, 'SC-AP7_Amonts_06', 2, 0.00000, 0.00000);
 insert into SCRAPS values (5046, 3381, 'SC-AP7_Amonts_07', 2, 0.00000, 0.00000);
 insert into SCRAPS values (5048, 3381, 'SC-AP7_Amonts_08', 2, 0.00000, 0.00000);
 insert into SCRAPS values (5050, 3381, 'SC-AP7_Amonts_09', 2, 0.00000, 0.00000);
 insert into SCRAPS values (5052, 3381, 'SC-AP7_Amonts_10', 2, 0.00000, 0.00000);
 insert into SCRAPS values (5054, 3381, 'SC-AP7_Amonts_11', 2, 0.00000, 0.00000);
 insert into SCRAPS values (5056, 3381, 'SC-AP7_Amonts_12', 2, 0.00000, 0.00000);
 insert into MAPS values (5058, 3381, 'MP-AP7_Amonts-Plan-tot', 'AP7_Amonts', 1, 1874.000, -106.940);
 insert into MAPITEMS values (5058, 4, 5059);
 insert into MAPITEMS values (5058, 4, 5060);
 insert into MAPS values (5059, 3381, 'MP-AP7_Amonts-Plan-A', 'AP7_Amonts', 1, 1874.000, -106.940);
 insert into MAPITEMS values (5059, 4, 3400);
 insert into MAPITEMS values (5059, 4, 3469);
 insert into MAPITEMS values (5059, 4, 3520);
 insert into MAPITEMS values (5059, 4, 3643);
 insert into MAPITEMS values (5059, 4, 3702);
 insert into MAPITEMS values (5059, 4, 4152);
 insert into MAPITEMS values (5059, 4, 4207);
 insert into MAPITEMS values (5059, 4, 4026);
 insert into MAPITEMS values (5059, 4, 4070);
 insert into MAPITEMS values (5059, 4, 4116);
 insert into MAPITEMS values (5059, 4, 4132);
 insert into MAPS values (5060, 3381, 'MP-AP7_Amonts-Plan-B', 'AP7_Amonts', 1, 110.000, -11.750);
 insert into MAPITEMS values (5060, 4, 4221);
 insert into MAPITEMS values (5060, 4, 4284);
 insert into MAPS values (5061, 3381, 'MC-AP7_Amonts-Extended-tot', 'AP7_Amonts', 2, 1874.000, -106.940);
 insert into MAPITEMS values (5061, 4, 4289);
 insert into MAPITEMS values (5061, 4, 5036);
 insert into MAPITEMS values (5061, 4, 5038);
 insert into MAPITEMS values (5061, 4, 5040);
 insert into MAPITEMS values (5061, 4, 5042);
 insert into MAPITEMS values (5061, 4, 5044);
 insert into MAPITEMS values (5061, 4, 5046);
 insert into MAPITEMS values (5061, 4, 5048);
 insert into MAPITEMS values (5061, 4, 5050);
 insert into MAPITEMS values (5061, 4, 5052);
 insert into MAPITEMS values (5061, 4, 5054);
 insert into MAPITEMS values (5061, 4, 5056);
 insert into MAPS values (5064, 60, 'MP-AP7_Arres_Planeres-plan-tot', 'AP7 Arres Planeres', 1, 4647.540, -353.570);
 insert into MAPITEMS values (5064, 4, 420);
 insert into MAPITEMS values (5064, 4, 3378);
 insert into MAPITEMS values (5064, 4, 5058);
 insert into MAPS values (5065, 60, 'MC-AP7_Arres_Planeres-coupe-tot', 'AP7 Arres Planeres', 2, 4647.540, -353.570);
 insert into MAPITEMS values (5065, 4, 423);
 insert into MAPITEMS values (5065, 4, 3379);
 insert into MAPITEMS values (5065, 4, 5061);
 insert into MAPS values (5066, 60, 'MC-AP7_Puits-coupe-tot', 'AP7 Arres Planeres', 2, 532.070, -324.330);
 insert into MAPITEMS values (5066, 4, 424);
 insert into SURVEY values (5068, 58, 'AP260', 'AP260.Complexe_Lonne_Peyret-Bourrugues', 'AP260');
 insert into CENTRELINE values (5069, 5068, NULL, NULL, NULL, 0.00, 0.00, 0.00);
 insert into SURVEY values (5070, 5068, 'AP260_Entree', 'AP260_Entree.AP260.Complexe_Lonne_Peyret-Bourrugues', 'Gouffre AP260');
 insert into CENTRELINE values (5071, 5070, NULL, NULL, NULL, 0.00, 0.00, 0.00);
 insert into CENTRELINE values (5072, 5070, NULL, '2024-06-30', NULL, 0.00, 0.00, 0.00);
 insert into PERSON values (14, 'Michel', 'Douat');
insert into TOPO values (14, 5072);
 insert into PERSON values (15, NULL, 'ARSIP');
insert into EXPLO values (15, 5072);
 insert into SHOT values (979, 979, 980, 5072, 0.000, 359.62, 0.00, 0.000, 90.00, 0.00, 0.000, 90.00, 0.00);
insert into SCRAPS values (5074, 5068, 'SP-AP260_Entree_01', 1, 0.00000, 0.00000);
 insert into SCRAPS values (5079, 5068, 'SC-AP260_Entree_01', 2, 0.00000, 0.00000);
 insert into MAPS values (5082, 5068, 'MP-AP260-Plan-tot', 'AP260', 1, 0.000, nan);
 insert into MAPITEMS values (5082, 4, 5074);
 insert into MAPS values (5083, 5068, 'MC-AP260-Extended-tot', 'AP260', 2, 0.000, nan);
 insert into MAPITEMS values (5083, 4, 5079);
 insert into SURVEY values (5085, 58, 'B3-Bourrugues', 'B3-Bourrugues.Complexe_Lonne_Peyret-Bourrugues', 'Gouffre B3 - Bourrugues');
 insert into CENTRELINE values (5086, 5085, NULL, NULL, NULL, 0.00, 0.00, 0.00);
 insert into SURVEY values (5087, 5085, 'B3_Entree', 'B3_Entree.B3-Bourrugues.Complexe_Lonne_Peyret-Bourrugues', 'B3 Entree');
 insert into CENTRELINE values (5088, 5087, NULL, NULL, NULL, 0.00, 0.00, 0.00);
 insert into SURVEY values (5089, 5087, 'B3_Entree_01', 'B3_Entree_01.B3_Entree.B3-Bourrugues.Complexe_Lonne_Peyret-Bourrugues', 'Gouffre des Bourrugues B3, entree 01 : puits d''entree');
 insert into CENTRELINE values (5090, 5089, NULL, NULL, NULL, 0.00, 0.00, 0.00);
 insert into CENTRELINE values (5091, 5089, NULL, '1990-02-18', '1990-01-01', 340.60, 0.00, 0.00);
 insert into PERSON values (16, 'Francois', 'Ichas');
insert into TOPO values (16, 5091);
 insert into PERSON values (17, 'Stephane', 'Vogrig');
insert into TOPO values (17, 5091);
 insert into PERSON values (18, 'CDS', '79');
insert into EXPLO values (18, 5091);
 insert into PERSON values (19, NULL, 'FLT');
insert into EXPLO values (19, 5091);
 insert into PERSON values (20, 'G.S.', 'Gaves');
insert into EXPLO values (20, 5091);
 insert into PERSON values (21, 'G.S.', 'Haut-Pyreneen');
insert into EXPLO values (21, 5091);
 insert into SHOT values (980, 981, 982, 5091, 0.000, 354.91, 0.00, 0.000, 90.00, 0.00, 0.000, 90.00, 0.00);
insert into SHOT values (981, 982, 983, 5091, 5.000, 63.91, -6.00, 5.005, 63.90, -5.96, 0.006, 52.47, 27.19);
insert into SHOT values (982, 983, 984, 5091, 5.500, 354.91, -90.00, 5.500, 90.00, -90.00, 0.000, 354.91, 0.00);
insert into SHOT values (983, 984, 985, 5091, 7.900, 33.91, -48.00, 7.896, 33.96, -48.02, 0.007, 172.55, 6.78);
insert into SHOT values (984, 985, 986, 5091, 0.600, 320.91, 0.00, 0.604, 321.04, 0.00, 0.005, 338.74, 0.00);
insert into SHOT values (985, 986, 987, 5091, 4.400, 75.91, -63.00, 4.397, 75.75, -63.07, 0.008, 296.39, 2.95);
insert into SHOT values (986, 987, 988, 5091, 11.400, 46.91, -52.00, 11.405, 46.96, -52.02, 0.009, 136.25, -45.80);
insert into SHOT values (987, 988, 989, 5091, 3.000, 52.91, -34.00, 2.993, 52.85, -33.91, 0.009, 271.45, 62.51);
insert into SHOT values (988, 989, 990, 5091, 8.300, 354.91, -90.00, 8.300, 90.00, -90.00, 0.000, 354.91, 57.89);
insert into SHOT values (989, 990, 991, 5091, 2.300, 352.91, 0.00, 2.297, 353.00, 0.00, 0.005, 121.84, 0.00);
insert into SHOT values (990, 991, 992, 5091, 11.300, 304.91, -85.00, 11.303, 305.13, -84.97, 0.007, 339.66, -23.81);
insert into SHOT values (991, 992, 993, 5091, 4.300, 200.91, -43.00, 4.299, 200.85, -42.96, 0.004, 133.78, 38.08);
insert into SHOT values (992, 993, 994, 5091, 3.000, 248.91, -60.00, 3.002, 248.91, -60.01, 0.002, 242.39, -74.41);
insert into SHOT values (993, 994, 995, 5091, 2.000, 209.91, -19.00, 1.999, 209.82, -18.98, 0.003, 105.75, 20.38);
insert into SHOT values (994, 995, 996, 5091, 7.600, 271.91, -72.00, 7.603, 271.95, -71.98, 0.004, 301.86, -31.09);
insert into SHOT values (995, 996, 997, 5091, 16.400, 285.91, -78.00, 16.398, 285.83, -78.00, 0.005, 190.40, 18.72);
insert into SHOT values (996, 997, 998, 5091, 22.320, 354.91, -90.00, 22.320, 90.00, -90.00, 0.000, 354.91, 39.37);
insert into SHOT values (997, 998, 999, 5091, 10.100, 269.91, 11.00, 10.094, 269.94, 10.96, 0.010, 38.42, -45.22);
insert into SHOT values (998, 999, 1000, 5091, 9.000, 272.91, -44.00, 9.002, 272.92, -43.97, 0.005, 287.24, 23.20);
insert into SHOT values (999, 1000, 1001, 5091, 6.500, 257.91, -69.00, 6.503, 257.87, -68.98, 0.004, 227.11, -29.09);
insert into SHOT values (1000, 1001, 1002, 5091, 9.300, 166.91, -67.00, 9.300, 166.80, -66.99, 0.007, 95.08, 5.64);
insert into SHOT values (1001, 1002, 1003, 5091, 17.000, 177.91, -75.00, 17.000, 177.92, -74.99, 0.003, 188.77, 13.67);
insert into SHOT values (1002, 1003, 1004, 5091, 15.000, 291.91, -59.00, 15.003, 291.88, -59.00, 0.004, 221.11, -33.89);
insert into SHOT values (1003, 1004, 1005, 5091, 3.800, 245.91, -32.00, 3.795, 245.98, -31.98, 0.007, 19.62, 32.96);
insert into SHOT values (1004, 1005, 1006, 5091, 24.200, 354.91, -90.00, 24.200, 90.00, -90.00, 0.000, 354.91, -28.66);
insert into SHOT values (1005, 1006, 1007, 5091, 1.650, 354.91, 90.00, 1.650, 90.00, 90.00, 0.000, 354.91, 86.37);
insert into SHOT values (1006, 1007, 1008, 5091, 4.800, 201.91, -20.00, 4.806, 201.97, -19.95, 0.009, 232.65, 11.06);
insert into SHOT values (1007, 1008, 1009, 5091, 4.700, 105.91, -30.00, 4.703, 105.81, -29.98, 0.008, 44.08, 0.00);
insert into SHOT values (1008, 1009, 1010, 5091, 30.000, 120.91, -76.00, 30.002, 120.91, -75.99, 0.004, 120.18, -17.42);
insert into SHOT values (1009, 1010, 1011, 5091, 1.680, 354.91, 90.00, 1.680, 90.00, 90.00, 0.000, 354.91, 84.74);
insert into SHOT values (1010, 1011, 1012, 5091, 5.700, 16.91, -30.00, 5.696, 16.86, -30.02, 0.007, 243.46, 0.00);
insert into SHOT values (1011, 1012, 1013, 5091, 5.000, 80.91, -21.00, 5.000, 80.88, -20.98, 0.003, 15.85, 34.90);
insert into SHOT values (1012, 1013, 1014, 5091, 7.300, 136.91, -72.00, 7.298, 136.97, -71.98, 0.004, 202.04, 43.89);
insert into SHOT values (1013, 1014, 1015, 5091, 2.600, 27.91, -9.00, 2.600, 27.86, -9.07, 0.004, 289.20, -56.63);
insert into SHOT values (1014, 1015, 1016, 5091, 3.800, 72.91, -22.00, 3.802, 72.85, -21.93, 0.006, 26.34, 34.36);
insert into SHOT values (1015, 1016, 1017, 5091, 3.700, 105.91, -19.00, 3.707, 105.90, -19.05, 0.008, 100.03, -43.54);
insert into SHOT values (1016, 1017, 1018, 5091, 2.700, 72.91, -46.00, 2.696, 72.92, -46.01, 0.004, 246.80, 36.44);
insert into SHOT values (1017, 1018, 1019, 5091, 1.500, 122.91, 16.00, 1.497, 122.81, 15.90, 0.005, 351.58, -45.07);
insert into SHOT values (1018, 1019, 1020, 5091, 4.900, 66.91, 25.00, 4.895, 66.90, 25.02, 0.005, 252.52, -8.74);
insert into SHOT values (1019, 1020, 1021, 5091, 13.100, 183.91, -72.00, 13.101, 183.82, -72.00, 0.006, 102.15, -10.63);
insert into SHOT values (1020, 1021, 1022, 5091, 9.800, 315.91, -86.00, 9.794, 315.59, -85.98, 0.008, 257.01, 53.92);
insert into SHOT values (1021, 1022, 1023, 5091, 25.150, 310.91, -78.00, 25.150, 310.97, -77.99, 0.006, 17.06, 3.96);
insert into SHOT values (1022, 1023, 1024, 5091, 0.800, 337.91, 4.00, 0.791, 337.66, 3.62, 0.011, 179.29, -31.51);
insert into SHOT values (1023, 1024, 1025, 5091, 1.500, 311.91, 5.00, 1.500, 312.02, 4.97, 0.003, 47.57, -14.83);
insert into SURVEY values (5093, 5087, 'B3_Entree_02', 'B3_Entree_02.B3_Entree.B3-Bourrugues.Complexe_Lonne_Peyret-Bourrugues', 'Gouffre des Bourrugues B3, entree 02 : base des puits_ a la jonction du shunt-actif');
 insert into CENTRELINE values (5094, 5093, NULL, NULL, NULL, 0.00, 0.00, 0.00);
 insert into CENTRELINE values (5095, 5093, NULL, '1990-02-10', '1990-01-01', 351.20, 0.00, 0.00);
 insert into PERSON values (22, 'Jean', 'Duplantier');
insert into TOPO values (22, 5095);
 insert into TOPO values (16, 5095);
 insert into EXPLO values (18, 5095);
 insert into EXPLO values (19, 5095);
 insert into EXPLO values (20, 5095);
 insert into EXPLO values (21, 5095);
 insert into SHOT values (1024, 1026, 1027, 5095, 3.600, 257.91, -8.00, 3.602, 258.03, -7.98, 0.008, 328.78, 7.30);
insert into SHOT values (1025, 1027, 1028, 5095, 9.800, 307.91, -5.00, 9.792, 307.88, -4.98, 0.010, 160.77, 25.73);
insert into SHOT values (1026, 1028, 1029, 5095, 6.600, 312.91, -6.00, 6.603, 312.90, -6.00, 0.003, 298.35, -2.48);
insert into SHOT values (1027, 1029, 1030, 5095, 11.500, 248.91, -4.00, 11.497, 248.89, -3.99, 0.004, 114.14, 30.81);
insert into SHOT values (1028, 1030, 1031, 5095, 8.900, 268.91, -4.00, 8.903, 268.90, -3.99, 0.003, 257.85, 13.88);
insert into SHOT values (1029, 1031, 1032, 5095, 6.800, 249.91, -7.00, 6.799, 249.98, -7.01, 0.009, 350.43, -8.36);
insert into SHOT values (1030, 1032, 1033, 5095, 2.700, 294.91, -8.00, 2.694, 294.84, -8.11, 0.009, 140.20, -28.27);
insert into SHOT values (1031, 1033, 1034, 5095, 10.700, 257.91, -5.00, 10.696, 257.92, -4.99, 0.005, 42.28, 32.05);
insert into SHOT values (1032, 1034, 1035, 5095, 20.100, 247.91, -6.00, 20.108, 247.91, -5.99, 0.008, 257.61, 7.27);
insert into SHOT values (1033, 1035, 1036, 5095, 7.600, 275.91, 2.00, 7.595, 275.90, 1.96, 0.007, 108.93, -44.53);
insert into SHOT values (1034, 1036, 1037, 5095, 3.900, 287.91, 3.00, 3.905, 287.92, 3.08, 0.008, 301.57, 51.28);
insert into SHOT values (1035, 1037, 1038, 5095, 11.350, 279.91, -0.00, 11.349, 279.89, 0.00, 0.003, 165.46, 0.00);
insert into SHOT values (1036, 1038, 1039, 5095, 7.250, 305.91, -26.00, 7.251, 305.89, -26.01, 0.003, 231.47, -34.55);
insert into SHOT values (1037, 1039, 1040, 5095, 5.150, 256.91, -5.00, 5.143, 256.91, -5.02, 0.007, 72.91, -8.86);
insert into SHOT values (1038, 1040, 1041, 5095, 5.800, 220.91, -0.00, 5.799, 220.94, 0.00, 0.004, 330.77, 0.00);
insert into SHOT values (1039, 1041, 1042, 5095, 4.050, 282.91, -18.00, 4.055, 282.88, -17.96, 0.006, 265.91, 15.28);
insert into SHOT values (1040, 1042, 1043, 5095, 18.400, 294.91, -4.00, 18.392, 294.92, -3.99, 0.009, 92.48, 23.85);
insert into SHOT values (1041, 1043, 1044, 5095, 12.050, 269.91, -5.00, 12.056, 269.90, -5.00, 0.006, 264.12, 2.20);
insert into SHOT values (1042, 1044, 1045, 5095, 7.500, 299.91, 31.00, 7.499, 299.95, 30.98, 0.006, 29.84, -27.60);
insert into SHOT values (1043, 1045, 1046, 5095, 8.700, 255.91, -11.00, 8.697, 255.90, -11.00, 0.003, 100.20, 0.69);
insert into SHOT values (1044, 1046, 1047, 5095, 11.400, 237.91, -14.00, 11.401, 237.89, -14.01, 0.004, 161.26, -31.60);
insert into SHOT values (1045, 1047, 1048, 5095, 16.400, 282.91, -2.00, 16.404, 282.90, -1.99, 0.005, 254.54, 28.77);
insert into SHOT values (1046, 1048, 1049, 5095, 17.900, 313.91, -4.00, 17.902, 313.89, -4.00, 0.006, 237.19, -12.49);
insert into SHOT values (1047, 1049, 1050, 5095, 7.300, 284.91, -5.00, 7.293, 284.92, -5.03, 0.008, 96.40, -26.63);
insert into SHOT values (1048, 1050, 1051, 5095, 14.200, 263.91, -4.00, 14.204, 263.92, -4.00, 0.006, 306.86, 5.38);
insert into SHOT values (1049, 1051, 1052, 5095, 3.350, 345.91, -0.00, 3.349, 346.01, 0.00, 0.006, 81.77, 0.00);
insert into SHOT values (1050, 1052, 1053, 5095, 6.750, 257.91, -6.00, 6.756, 257.89, -5.95, 0.009, 238.23, 38.56);
insert into SHOT values (1051, 1053, 1054, 5095, 4.100, 273.91, -5.00, 4.095, 273.94, -5.04, 0.006, 71.19, -27.19);
insert into SHOT values (1052, 1054, 1055, 5095, 14.300, 265.91, -4.00, 14.302, 265.90, -4.01, 0.003, 212.20, -47.56);
insert into SHOT values (1053, 1055, 1056, 5095, 8.700, 258.91, -8.00, 8.704, 258.96, -7.99, 0.009, 323.31, 4.90);
insert into SHOT values (1054, 1056, 1057, 5095, 3.800, 340.91, -7.00, 3.794, 340.94, -6.96, 0.006, 138.64, 29.01);
insert into SHOT values (1055, 1057, 1058, 5095, 3.450, 16.91, 3.00, 3.453, 16.86, 2.99, 0.004, 331.56, -7.68);
insert into SHOT values (1056, 1058, 1059, 5095, 11.600, 359.91, -1.00, 11.602, 359.90, -0.99, 0.003, 324.73, 48.28);
insert into SHOT values (1057, 1059, 1060, 5095, 4.500, 305.91, 19.00, 4.491, 305.90, 18.97, 0.010, 130.55, -31.50);
insert into SHOT values (1058, 1060, 1061, 5095, 10.950, 285.91, -11.00, 10.954, 285.92, -11.00, 0.005, 324.48, -7.58);
insert into SHOT values (1059, 1061, 1062, 5095, 8.400, 8.91, -21.00, 8.392, 8.89, -21.02, 0.009, 209.57, 1.93);
insert into SHOT values (1060, 1062, 1063, 5095, 13.700, 48.91, -0.00, 13.707, 48.90, 0.00, 0.007, 43.43, 0.00);
insert into SHOT values (1061, 1063, 1064, 5095, 3.400, 53.91, -30.00, 3.398, 53.99, -30.02, 0.005, 171.79, -0.00);
insert into SHOT values (1062, 1064, 1065, 5095, 6.400, 21.91, -10.00, 6.401, 21.89, -9.99, 0.003, 325.71, 25.21);
insert into SHOT values (1063, 1065, 1066, 5095, 4.200, 314.91, -36.00, 4.203, 314.88, -35.99, 0.004, 289.51, -19.51);
insert into SHOT values (1064, 1066, 1067, 5095, 3.950, 34.91, -13.00, 3.957, 34.97, -13.00, 0.009, 63.76, -9.75);
insert into SURVEY values (5097, 5087, 'B3_Entree_03', 'B3_Entree_03.B3_Entree.B3-Bourrugues.Complexe_Lonne_Peyret-Bourrugues', 'Gouffre des Bourrugues B3, entree 03 : de la sortie du shunt vers l''amont');
 insert into CENTRELINE values (5098, 5097, NULL, NULL, NULL, 0.00, 0.00, 0.00);
 insert into CENTRELINE values (5099, 5097, NULL, '1991-11-24', '1991-01-01', 119.35, 0.00, 0.00);
 insert into PERSON values (23, 'Jacques', 'Bauer');
insert into TOPO values (23, 5099);
 insert into PERSON values (24, 'Michel', 'Lauga');
insert into TOPO values (24, 5099);
 insert into EXPLO values (18, 5099);
 insert into EXPLO values (19, 5099);
 insert into EXPLO values (20, 5099);
 insert into EXPLO values (21, 5099);
 insert into SHOT values (1065, 1068, 1069, 5099, 11.050, 163.12, 2.00, 11.051, 163.16, 2.02, 0.009, 249.45, 29.10);
insert into SHOT values (1066, 1069, 1070, 5099, 4.550, 75.12, 1.00, 4.554, 75.11, 1.01, 0.004, 66.36, 9.24);
insert into SHOT values (1067, 1070, 1071, 5099, 7.150, 153.12, 3.00, 7.152, 153.11, 2.97, 0.005, 138.43, -64.79);
insert into SHOT values (1068, 1071, 1072, 5099, 3.750, 166.12, 0.00, 3.750, 166.11, 0.00, 0.000, 20.75, 0.00);
insert into SHOT values (1069, 1072, 1073, 5099, 6.000, 90.12, 0.00, 6.000, 90.10, 0.00, 0.002, 0.33, 0.00);
insert into SHOT values (1070, 1073, 1074, 5099, 3.000, 152.12, 0.00, 2.997, 152.15, 0.00, 0.003, 299.04, 0.00);
insert into SHOT values (1071, 1074, 1075, 5099, 6.000, 105.12, 0.00, 5.999, 105.17, 0.00, 0.006, 204.14, 0.00);
insert into SHOT values (1072, 1075, 1076, 5099, 6.950, 97.12, 0.00, 6.953, 97.10, 0.00, 0.004, 74.72, 0.00);
insert into SHOT values (1073, 1076, 1077, 5099, 5.300, 80.12, 0.00, 5.299, 80.11, 0.00, 0.001, 280.24, 0.00);
insert into SHOT values (1074, 1077, 1078, 5099, 8.950, 89.12, 1.00, 8.953, 89.10, 1.02, 0.005, 51.20, 50.66);
insert into SHOT values (1075, 1078, 1079, 5099, 5.000, 78.12, 2.00, 5.000, 78.11, 1.95, 0.005, 8.51, -77.58);
insert into SHOT values (1076, 1079, 1080, 5099, 5.350, 89.12, 1.00, 5.352, 89.14, 1.07, 0.007, 150.06, 66.31);
insert into SHOT values (1077, 1071, 1081, 5099, 4.800, 226.12, 2.00, 4.805, 226.10, 2.03, 0.006, 208.43, 25.06);
insert into SHOT values (1078, 1081, 1082, 5099, 7.650, 198.12, 0.00, 7.650, 198.13, 0.00, 0.002, 301.20, 0.00);
insert into SHOT values (1079, 1082, 1083, 5099, 1.000, 278.12, 0.00, 1.000, 278.05, 0.00, 0.001, 180.77, 0.00);
insert into SHOT values (1080, 1083, 1084, 5099, 12.600, 162.12, 1.00, 12.591, 162.10, 1.00, 0.009, 7.68, 0.61);
insert into SHOT values (1081, 1084, 1085, 5099, 6.550, 73.12, 0.00, 6.552, 73.14, 0.00, 0.003, 135.04, 0.00);
insert into SHOT values (1082, 1085, 1086, 5099, 5.400, 100.12, 2.00, 5.398, 100.14, 2.02, 0.004, 233.18, 23.71);
insert into SHOT values (1083, 1084, 1087, 5099, 6.100, 269.12, 0.00, 6.101, 269.06, 0.00, 0.006, 187.02, 0.00);
insert into SHOT values (1084, 1087, 1088, 5099, 2.200, 285.12, 0.00, 2.195, 285.05, 0.00, 0.005, 133.69, 0.00);
insert into SURVEY values (5101, 5087, 'B3_Entree_04', 'B3_Entree_04.B3_Entree.B3-Bourrugues.Complexe_Lonne_Peyret-Bourrugues', 'Gouffre des Bourrugues B3, entree 04 : de la sortie du shunt au siphon terminal');
 insert into CENTRELINE values (5102, 5101, NULL, NULL, NULL, 0.00, 0.00, 0.00);
 insert into CENTRELINE values (5103, 5101, NULL, '1990-01-13', '1990-01-01', 291.10, 0.00, 0.00);
 insert into PERSON values (25, 'Benat', 'Delanghe');
insert into TOPO values (25, 5103);
 insert into TOPO values (22, 5103);
 insert into TOPO values (16, 5103);
 insert into EXPLO values (18, 5103);
 insert into EXPLO values (19, 5103);
 insert into EXPLO values (20, 5103);
 insert into EXPLO values (21, 5103);
 insert into SHOT values (1085, 1089, 1090, 5103, 22.000, 344.90, -9.00, 22.003, 344.88, -8.99, 0.009, 278.06, 9.84);
insert into SHOT values (1086, 1090, 1091, 5103, 20.000, 336.90, -8.00, 19.993, 336.89, -7.99, 0.008, 173.10, 25.56);
insert into SHOT values (1087, 1091, 1092, 5103, 4.400, 293.90, -10.00, 4.401, 293.96, -10.08, 0.008, 19.88, -50.78);
insert into SHOT values (1088, 1092, 1093, 5103, 7.000, 294.90, -8.00, 7.002, 294.90, -7.96, 0.005, 303.67, 55.55);
insert into SHOT values (1089, 1093, 1094, 5103, 14.150, 271.90, -10.00, 14.143, 271.89, -10.02, 0.008, 102.55, -20.84);
insert into SHOT values (1090, 1094, 1095, 5103, 12.000, 254.90, -7.00, 12.000, 254.91, -6.99, 0.004, 345.89, 37.60);
insert into SHOT values (1091, 1095, 1096, 5103, 4.700, 271.90, -10.00, 4.704, 271.86, -10.04, 0.006, 229.77, -36.72);
insert into SHOT values (1092, 1096, 1097, 5103, 4.450, 245.90, -9.00, 4.449, 245.83, -8.92, 0.008, 158.43, 47.69);
insert into SHOT values (1093, 1097, 1098, 5103, 11.650, 267.90, -11.00, 11.653, 267.90, -11.03, 0.007, 249.87, -75.36);
insert into SHOT values (1094, 1098, 1099, 5103, 14.400, 315.90, 1.00, 14.401, 315.90, 1.03, 0.009, 352.89, 84.52);
insert into SHOT values (1095, 1099, 1100, 5103, 20.000, 322.90, -9.00, 20.001, 322.92, -9.00, 0.008, 50.26, -9.45);
insert into SHOT values (1096, 1100, 1101, 5103, 11.700, 272.90, -4.00, 11.704, 272.90, -4.02, 0.005, 266.98, -48.24);
insert into SHOT values (1097, 1101, 1102, 5103, 3.850, 44.90, -7.00, 3.854, 44.89, -7.00, 0.004, 40.89, -10.92);
insert into SHOT values (1098, 1102, 1103, 5103, 14.250, 7.90, -8.00, 14.242, 7.91, -7.99, 0.008, 173.47, 23.22);
insert into SHOT values (1099, 1103, 1104, 5103, 8.800, 343.90, 4.00, 8.807, 343.88, 3.97, 0.009, 317.34, -26.04);
insert into SHOT values (1100, 1104, 1105, 5103, 2.250, 286.90, -1.00, 2.246, 286.82, -1.02, 0.005, 147.28, -8.92);
insert into SHOT values (1101, 1105, 1106, 5103, 12.900, 338.90, -12.00, 12.897, 338.91, -11.99, 0.004, 125.35, 31.03);
insert into SHOT values (1102, 1106, 1107, 5103, 13.050, 271.90, -9.00, 13.058, 271.91, -8.99, 0.008, 291.18, 10.04);
insert into SHOT values (1103, 1107, 1108, 5103, 12.500, 245.90, -12.00, 12.498, 245.91, -12.01, 0.003, 18.12, -19.92);
insert into SHOT values (1104, 1108, 1109, 5103, 19.500, 307.90, -6.00, 19.496, 307.90, -6.01, 0.004, 128.59, -22.69);
insert into SHOT values (1105, 1109, 1110, 5103, 17.650, 251.90, -9.00, 17.651, 251.89, -9.00, 0.004, 181.44, 16.42);
insert into SHOT values (1106, 1110, 1111, 5103, 3.300, 275.90, -15.00, 3.299, 275.94, -14.93, 0.005, 15.62, 58.42);
insert into SHOT values (1107, 1111, 1112, 5103, 7.500, 264.90, -43.00, 7.501, 264.87, -43.04, 0.006, 123.35, -50.72);
insert into SHOT values (1108, 1112, 1113, 5103, 4.200, 174.90, -90.00, 4.200, 90.00, -90.00, 0.000, 174.90, -72.06);
insert into SHOT values (1109, 1113, 1114, 5103, 8.400, 266.90, -8.00, 8.404, 266.90, -8.00, 0.004, 270.95, -13.52);
insert into SHOT values (1110, 1114, 1115, 5103, 16.500, 267.90, -8.00, 16.501, 267.90, -7.98, 0.007, 242.30, 74.44);
insert into SURVEY values (5105, 5087, 'B3_Entree_05', 'B3_Entree_05.B3_Entree.B3-Bourrugues.Complexe_Lonne_Peyret-Bourrugues', 'Gouffre des Bourrugues B3, entree 05 : a partir du point C-09');
 insert into CENTRELINE values (5106, 5105, NULL, NULL, NULL, 0.00, 0.00, 0.00);
 insert into CENTRELINE values (5107, 5105, NULL, '1990-02-25', '1990-01-01', 231.67, 0.00, 0.00);
 insert into PERSON values (26, 'Pierre-Henri', 'Fontespis-Loste');
insert into TOPO values (26, 5107);
 insert into TOPO values (16, 5107);
 insert into TOPO values (17, 5107);
 insert into EXPLO values (18, 5107);
 insert into EXPLO values (19, 5107);
 insert into EXPLO values (20, 5107);
 insert into EXPLO values (21, 5107);
 insert into SHOT values (1111, 1116, 1117, 5107, 2.800, 64.91, 8.00, 2.801, 64.82, 8.00, 0.005, 344.93, 4.02);
insert into SHOT values (1112, 1117, 1118, 5107, 7.800, 346.91, 54.00, 7.797, 346.87, 54.03, 0.006, 197.90, -3.22);
insert into SHOT values (1113, 1118, 1119, 5107, 5.400, 60.91, 59.00, 5.403, 60.77, 58.98, 0.008, 356.90, 9.28);
insert into SHOT values (1114, 1119, 1120, 5107, 5.170, 279.91, 20.00, 5.174, 279.83, 20.01, 0.008, 214.42, 12.97);
insert into SHOT values (1115, 1120, 1121, 5107, 3.500, 248.91, -29.00, 3.496, 248.90, -29.10, 0.007, 77.19, -26.61);
insert into SHOT values (1116, 1121, 1122, 5107, 2.900, 255.91, 3.00, 2.900, 256.01, 2.97, 0.005, 347.66, -19.42);
insert into SHOT values (1117, 1122, 1123, 5107, 5.700, 288.91, 30.00, 5.700, 288.91, 30.00, 0.000, 284.29, -0.00);
insert into SHOT values (1118, 1123, 1124, 5107, 14.800, 264.91, -16.50, 14.804, 264.91, -16.48, 0.007, 253.83, 31.47);
insert into SHOT values (1119, 1124, 1125, 5107, 3.200, 304.91, -7.00, 3.198, 304.99, -7.01, 0.005, 63.88, -0.21);
insert into SHOT values (1120, 1125, 1126, 5107, 9.200, 268.91, -12.00, 9.202, 268.85, -11.98, 0.010, 196.21, 16.28);
insert into SHOT values (1121, 1126, 1127, 5107, 3.500, 354.91, 90.00, 3.500, 90.00, 90.00, 0.000, 354.91, 0.00);
insert into SHOT values (1122, 1127, 1128, 5107, 14.300, 250.91, -2.00, 14.294, 250.92, -2.00, 0.007, 57.82, -8.15);
insert into SHOT values (1123, 1128, 1129, 5107, 4.500, 266.91, -8.00, 4.501, 266.91, -8.05, 0.004, 277.91, -85.91);
insert into SHOT values (1124, 1116, 1130, 5107, 12.100, 160.91, 8.00, 12.095, 160.94, 8.03, 0.011, 292.33, 33.52);
insert into SHOT values (1125, 1130, 1131, 5107, 2.400, 110.91, 31.00, 2.402, 110.72, 30.80, 0.011, 62.68, -33.08);
insert into SHOT values (1126, 1131, 1132, 5107, 8.800, 168.91, 13.00, 8.804, 168.98, 13.00, 0.011, 238.05, 2.33);
insert into SHOT values (1127, 1132, 1133, 5107, 14.200, 149.91, 2.00, 14.204, 149.89, 2.02, 0.007, 98.42, 38.50);
insert into SHOT values (1128, 1133, 1134, 5107, 10.600, 124.91, 11.00, 10.595, 124.90, 10.99, 0.006, 333.06, -24.06);
insert into SHOT values (1129, 1134, 1135, 5107, 24.900, 142.91, 2.00, 24.901, 142.90, 2.00, 0.004, 74.92, 15.43);
insert into SHOT values (1130, 1135, 1136, 5107, 8.100, 92.91, 4.00, 8.100, 92.91, 3.96, 0.005, 17.54, -83.73);
insert into SHOT values (1131, 1136, 1137, 5107, 7.400, 75.91, 1.00, 7.394, 75.91, 1.01, 0.006, 261.53, 7.57);
insert into SHOT values (1132, 1137, 1138, 5107, 4.400, 116.91, 7.00, 4.407, 116.92, 7.04, 0.008, 119.76, 29.63);
insert into SHOT values (1133, 1138, 1139, 5107, 7.500, 78.91, 8.00, 7.501, 78.90, 7.97, 0.004, 43.81, -58.30);
insert into SHOT values (1134, 1139, 1140, 5107, 12.100, 83.91, 0.00, 12.098, 83.93, 0.00, 0.004, 208.65, 0.00);
insert into SHOT values (1135, 1140, 1141, 5107, 5.400, 32.91, 36.00, 5.404, 32.85, 36.05, 0.007, 303.37, 53.04);
insert into SHOT values (1136, 1141, 1142, 5107, 10.950, 78.91, 2.00, 10.950, 78.94, 1.99, 0.005, 168.28, -24.88);
insert into SHOT values (1137, 1142, 1143, 5107, 11.900, 181.91, -21.00, 11.899, 181.91, -21.03, 0.006, 11.74, -57.20);
insert into SHOT values (1138, 1143, 1144, 5107, 8.150, 251.91, -71.00, 8.143, 251.98, -71.01, 0.007, 30.67, 53.50);
insert into SURVEY values (5109, 5087, 'B3_Entree_06', 'B3_Entree_06.B3_Entree.B3-Bourrugues.Complexe_Lonne_Peyret-Bourrugues', 'Gouffre des Bourrugues B3, entree 06 : a partir du point C-00, siphon 1 et siphon 2');
 insert into CENTRELINE values (5110, 5109, NULL, NULL, NULL, 0.00, 0.00, 0.00);
 insert into CENTRELINE values (5111, 5109, NULL, '1990-10-01', '1990-01-01', 302.33, 0.00, 0.00);
 insert into PERSON values (27, 'Serge', 'Latapie');
insert into TOPO values (27, 5111);
 insert into PERSON values (28, 'Philippe', 'Rabatel');
insert into TOPO values (28, 5111);
 insert into EXPLO values (18, 5111);
 insert into EXPLO values (19, 5111);
 insert into EXPLO values (20, 5111);
 insert into EXPLO values (21, 5111);
 insert into SHOT values (1139, 1145, 1146, 5111, 11.700, 279.98, -23.70, 11.702, 280.00, -23.73, 0.008, 19.92, -66.34);
insert into SHOT values (1140, 1146, 1147, 5111, 12.700, 274.98, 21.70, 12.706, 275.01, 21.71, 0.008, 318.79, 31.14);
insert into SHOT values (1141, 1147, 1148, 5111, 7.500, 14.98, 0.00, 7.495, 15.00, 0.00, 0.005, 167.41, 0.00);
insert into SHOT values (1142, 1148, 1149, 5111, 8.200, 64.98, 0.00, 8.200, 64.97, 0.00, 0.002, 343.85, 0.00);
insert into SHOT values (1143, 1149, 1150, 5111, 1.500, 354.98, -90.00, 1.500, 90.00, -90.00, 0.000, 354.98, 0.00);
insert into SHOT values (1144, 1150, 1151, 5111, 8.100, 274.98, -2.10, 8.096, 274.96, -2.12, 0.006, 126.64, -32.72);
insert into SHOT values (1145, 1151, 1152, 5111, 6.800, 34.98, 15.30, 6.806, 34.95, 15.34, 0.008, 356.21, 43.23);
insert into SHOT values (1146, 1152, 1153, 5111, 4.200, 54.98, -12.30, 4.198, 55.03, -12.38, 0.007, 188.66, -47.50);
insert into SHOT values (1147, 1153, 1154, 5111, 4.200, 354.98, -20.90, 4.202, 355.03, -20.92, 0.004, 66.65, -26.04);
insert into SHOT values (1148, 1154, 1155, 5111, 7.100, 24.98, 19.70, 7.102, 24.95, 19.75, 0.007, 287.27, 64.13);
insert into SHOT values (1149, 1155, 1156, 5111, 16.670, 54.98, 0.00, 16.665, 54.99, 0.00, 0.006, 201.35, 0.00);
insert into SHOT values (1150, 1156, 1157, 5111, 10.370, 329.98, 14.00, 10.375, 330.02, 14.00, 0.009, 25.87, 8.49);
insert into SHOT values (1151, 1157, 1158, 5111, 3.030, 269.98, -23.00, 3.033, 270.00, -23.10, 0.006, 315.13, -78.54);
insert into SHOT values (1152, 1158, 1159, 5111, 6.960, 334.98, -18.00, 6.953, 334.95, -18.01, 0.008, 184.55, 5.21);
insert into SHOT values (1153, 1159, 1160, 5111, 26.670, 294.98, 0.00, 26.668, 295.00, 0.00, 0.008, 36.87, 0.00);
insert into SHOT values (1154, 1160, 1161, 5111, 18.530, 279.98, -3.00, 18.534, 279.96, -3.00, 0.009, 216.04, -1.31);
insert into SHOT values (1155, 1161, 1162, 5111, 9.540, 294.98, -1.00, 9.535, 295.01, -0.96, 0.009, 75.83, 45.81);
insert into SHOT values (1156, 1162, 1163, 5111, 4.690, 304.98, -10.00, 4.697, 304.96, -10.05, 0.008, 289.12, -42.75);
insert into SHOT values (1157, 1163, 1164, 5111, 7.470, 264.98, 5.00, 7.467, 264.99, 4.99, 0.003, 73.58, -18.31);
insert into SHOT values (1158, 1164, 1165, 5111, 9.200, 299.98, -7.00, 9.199, 299.96, -6.99, 0.003, 189.20, 20.09);
insert into SHOT values (1159, 1165, 1166, 5111, 14.600, 249.98, -19.20, 14.604, 249.99, -19.19, 0.005, 267.74, 15.90);
insert into SHOT values (1160, 1166, 1167, 5111, 18.100, 254.98, -10.00, 18.094, 254.97, -9.99, 0.007, 100.49, 25.68);
insert into SHOT values (1161, 1167, 1168, 5111, 7.500, 259.98, -28.60, 7.504, 260.04, -28.58, 0.008, 314.78, 1.39);
insert into SHOT values (1162, 1168, 1169, 5111, 14.000, 9.98, -0.80, 14.004, 9.99, -0.82, 0.007, 46.78, -43.45);
insert into SHOT values (1163, 1169, 1170, 5111, 3.000, 359.98, 19.40, 3.001, 0.00, 19.46, 0.004, 69.47, 74.93);
insert into SHOT values (1164, 1170, 1171, 5111, 20.000, 249.98, -0.80, 20.002, 249.97, -0.80, 0.004, 181.63, -9.81);
insert into SHOT values (1165, 1171, 1172, 5111, 20.000, 259.98, 7.40, 19.998, 259.98, 7.38, 0.006, 81.13, -80.01);
insert into SHOT values (1166, 1172, 1173, 5111, 20.000, 234.98, 25.00, 20.006, 235.00, 25.02, 0.009, 285.01, 54.90);
insert into SCRAPS values (5113, 5087, 'SP-B3_Entree_01', 1, 46.66052, 0.16009);
 insert into SCRAPS values (5160, 5087, 'SP-B3_Entree_01B', 1, 62.46302, 4.10110);
 insert into SCRAPS values (5176, 5087, 'SP-B3_Entree_02', 1, 1.87677, 0.01622);
 insert into SCRAPS values (5254, 5087, 'SP-B3_Entree_03', 1, 0.46003, 0.01785);
 insert into SCRAPS values (5287, 5087, 'SP-B3_Entree_04', 1, 0.34099, 0.00944);
 insert into SCRAPS values (5337, 5087, 'SP-B3_Entree_05', 1, 2.46979, 0.05803);
 insert into SCRAPS values (5383, 5087, 'SP-B3_Entree_06', 1, 72.46231, 0.13746);
 insert into SCRAPS values (5454, 5087, 'SC-B3_Entree_01', 2, 4.62910, 0.07818);
 insert into SCRAPS values (5562, 5087, 'SC-B3_Entree_02', 2, 0.40723, 0.00518);
 insert into SCRAPS values (5610, 5087, 'SC-B3_Entree_03', 2, 0.00000, 0.00000);
 insert into SCRAPS values (5612, 5087, 'SC-B3_Entree_04', 2, 0.26171, 0.00253);
 insert into SCRAPS values (5643, 5087, 'SC-B3_Entree_05', 2, 0.00000, 0.00000);
 insert into SCRAPS values (5645, 5087, 'SC-B3_Entree_06', 2, 1.05841, 0.00854);
 insert into MAPS values (5686, 5087, 'MP-B3_Entree1', 'B3 Entree (plan)', 1, 340.600, -262.930);
 insert into MAPITEMS values (5686, 4, 5113);
 insert into MAPITEMS values (5686, 4, 5160);
 insert into MAPS values (5687, 5087, 'MP-B3_Entree2', 'B3 Entree suite (plan)', 1, 1295.650, -93.940);
 insert into MAPITEMS values (5687, 4, 5176);
 insert into MAPITEMS values (5687, 4, 5254);
 insert into MAPITEMS values (5687, 4, 5287);
 insert into MAPITEMS values (5687, 4, 5337);
 insert into MAPITEMS values (5687, 4, 5383);
 insert into MAPS values (5688, 5087, 'MP-B3_Entree-plan-tot', 'B3 Entree (plan)', 1, 1636.250, -356.690);
 insert into MAPITEMS values (5688, 4, 5686);
 insert into MAPITEMS values (5688, 4, 5687);
 insert into MAPS values (5689, 5087, 'MC-B3_Entree-coupe-tot', 'B3 Coupe Entree', 2, 1285.230, -356.690);
 insert into MAPITEMS values (5689, 4, 5454);
 insert into MAPITEMS values (5689, 4, 5562);
 insert into MAPITEMS values (5689, 4, 5610);
 insert into MAPITEMS values (5689, 4, 5612);
 insert into MAPITEMS values (5689, 4, 5643);
 insert into MAPITEMS values (5689, 4, 5645);
 insert into MAPS values (5690, 5087, 'MC-B3_Puits-coupe-tot', 'B3 Puits', 2, 691.800, -294.760);
 insert into MAPITEMS values (5690, 4, 5454);
 insert into SURVEY values (5692, 5085, 'B3_Aval', 'B3_Aval.B3-Bourrugues.Complexe_Lonne_Peyret-Bourrugues', 'B3 Aval');
 insert into CENTRELINE values (5693, 5692, NULL, NULL, NULL, 0.00, 0.00, 0.00);
 insert into SURVEY values (5694, 5692, 'B3_Aval_01', 'B3_Aval_01.B3_Aval.B3-Bourrugues.Complexe_Lonne_Peyret-Bourrugues', 'Gouffre des Bourrugues B3, Aval 1 : a partir de la sortie du S3');
 insert into CENTRELINE values (5695, 5694, NULL, NULL, NULL, 0.00, 0.00, 0.00);
 insert into CENTRELINE values (5696, 5694, NULL, '1990-03-25', '1990-01-01', 3362.20, 0.00, 0.00);
 insert into PERSON values (29, 'Olivier', 'Gaspe');
insert into TOPO values (29, 5696);
 insert into PERSON values (30, 'Alain', 'Perre');
insert into TOPO values (30, 5696);
 insert into EXPLO values (19, 5696);
 insert into EXPLO values (20, 5696);
 insert into EXPLO values (21, 5696);
 insert into SHOT values (1167, 1174, 1175, 5696, 6.000, 344.92, 9.00, 5.998, 344.93, 9.02, 0.003, 141.39, 27.55);
insert into SHOT values (1168, 1175, 1176, 5696, 6.400, 291.92, 2.00, 6.397, 291.95, 1.97, 0.005, 59.66, -38.43);
insert into SHOT values (1169, 1176, 1177, 5696, 9.400, 262.92, 1.00, 9.403, 262.91, 0.97, 0.005, 239.99, -48.81);
insert into SHOT values (1170, 1174, 1178, 5696, 4.400, 194.92, 2.00, 4.400, 194.89, 1.95, 0.004, 112.82, -55.34);
insert into SHOT values (1171, 1174, 1179, 5696, 2.000, 229.92, 15.00, 2.003, 229.82, 14.75, 0.010, 196.41, -49.78);
insert into SHOT values (1172, 1179, 1180, 5696, 14.300, 315.92, 38.00, 14.302, 315.97, 38.03, 0.012, 61.49, 30.71);
insert into SHOT values (1173, 1180, 1181, 5696, 6.600, 275.92, 1.00, 6.606, 275.91, 0.95, 0.008, 263.06, -39.65);
insert into SHOT values (1174, 1181, 1182, 5696, 5.000, 308.92, 18.00, 5.003, 308.94, 18.05, 0.006, 352.24, 62.93);
insert into SHOT values (1175, 1182, 1183, 5696, 7.000, 279.92, -9.00, 7.000, 279.91, -9.04, 0.005, 160.52, -75.53);
insert into SHOT values (1176, 1183, 1184, 5696, 11.000, 313.92, 6.00, 11.001, 313.93, 6.00, 0.001, 353.51, 7.31);
insert into SHOT values (1177, 1184, 1185, 5696, 4.000, 270.92, -23.00, 3.997, 270.93, -22.97, 0.003, 62.51, 59.25);
insert into SHOT values (1178, 1185, 1186, 5696, 4.400, 354.92, -90.00, 4.400, 90.00, -90.00, 0.000, 354.92, 83.59);
insert into SHOT values (1179, 1186, 1187, 5696, 1.600, 354.92, 90.00, 1.600, 90.00, 90.00, 0.000, 354.92, -86.49);
insert into SHOT values (1180, 1187, 1188, 5696, 4.900, 317.92, -30.00, 4.898, 317.96, -30.01, 0.004, 84.67, -0.00);
insert into SHOT values (1181, 1188, 1189, 5696, 13.300, 216.92, -5.00, 13.307, 216.90, -5.00, 0.008, 186.59, -6.17);
insert into SHOT values (1182, 1189, 1190, 5696, 8.900, 106.92, 6.00, 8.900, 106.88, 6.00, 0.007, 17.53, -2.67);
insert into SHOT values (1183, 1190, 1191, 5696, 9.600, 80.92, 2.00, 9.596, 80.94, 2.03, 0.007, 225.52, 41.82);
insert into SHOT values (1184, 1191, 1192, 5696, 12.500, 214.92, 2.00, 12.497, 214.92, 1.97, 0.007, 22.68, -62.43);
insert into SHOT values (1185, 1192, 1193, 5696, 7.000, 74.92, 2.00, 6.996, 74.91, 2.05, 0.007, 270.92, 49.53);
insert into SHOT values (1186, 1188, 1194, 5696, 14.800, 43.92, -3.00, 14.794, 43.93, -2.98, 0.008, 201.13, 36.57);
insert into SHOT values (1187, 1194, 1195, 5696, 5.500, 42.92, 1.00, 5.499, 42.86, 0.94, 0.008, 301.67, -46.22);
insert into SHOT values (1188, 1195, 1196, 5696, 6.700, 17.92, -1.00, 6.699, 18.00, -1.03, 0.010, 114.50, -17.86);
insert into SHOT values (1189, 1196, 1197, 5696, 2.800, 56.92, -7.00, 2.794, 56.77, -6.99, 0.009, 290.06, 7.60);
insert into SHOT values (1190, 1197, 1198, 5696, 3.200, 26.92, -8.00, 3.206, 26.97, -7.89, 0.009, 49.10, 37.61);
insert into SHOT values (1191, 1198, 1199, 5696, 3.800, 318.92, -9.00, 3.796, 318.79, -9.09, 0.011, 202.32, -29.16);
insert into SHOT values (1192, 1199, 1200, 5696, 4.700, 4.92, -8.00, 4.702, 4.93, -7.95, 0.005, 14.17, 54.00);
insert into SHOT values (1193, 1200, 1201, 5696, 2.400, 3.92, -4.00, 2.402, 4.07, -4.06, 0.007, 76.99, -21.86);
insert into SHOT values (1194, 1201, 1202, 5696, 5.000, 291.92, 2.00, 5.006, 291.95, 2.06, 0.008, 315.96, 41.43);
insert into SHOT values (1195, 1202, 1203, 5696, 3.000, 229.92, 9.00, 3.004, 229.92, 9.00, 0.004, 230.93, 11.00);
insert into SHOT values (1196, 1203, 1204, 5696, 4.100, 255.92, 1.00, 4.095, 255.86, 0.98, 0.007, 114.18, -12.81);
insert into SHOT values (1197, 1204, 1205, 5696, 3.100, 226.92, 1.00, 3.106, 226.96, 0.92, 0.008, 243.57, -31.23);
insert into SHOT values (1198, 1205, 1206, 5696, 3.700, 284.92, -4.00, 3.694, 284.94, -4.04, 0.007, 93.45, -16.20);
insert into SHOT values (1199, 1206, 1207, 5696, 2.400, 264.92, -3.00, 2.402, 264.98, -2.86, 0.007, 308.81, 58.29);
insert into SHOT values (1200, 1207, 1208, 5696, 2.800, 303.92, -1.00, 2.796, 303.92, -1.02, 0.004, 126.65, -16.33);
insert into SHOT values (1201, 1208, 1209, 5696, 4.500, 344.92, -2.00, 4.507, 344.95, -2.03, 0.008, 359.62, -21.26);
insert into SHOT values (1202, 1209, 1210, 5696, 11.300, 336.92, -4.00, 11.300, 336.91, -4.01, 0.002, 256.29, -54.22);
insert into SHOT values (1203, 1210, 1211, 5696, 4.100, 272.92, -5.00, 4.100, 272.95, -4.90, 0.008, 333.82, 74.32);
insert into SHOT values (1204, 1211, 1212, 5696, 4.500, 315.92, -9.00, 4.498, 315.91, -9.08, 0.007, 147.41, -60.12);
insert into SHOT values (1205, 1212, 1213, 5696, 12.800, 308.92, -8.00, 12.804, 308.89, -7.99, 0.009, 248.20, 8.92);
insert into SHOT values (1206, 1213, 1214, 5696, 14.000, 42.92, 2.00, 14.004, 42.92, 2.01, 0.005, 24.74, 17.03);
insert into SHOT values (1207, 1214, 1215, 5696, 20.000, 314.92, 2.00, 19.995, 314.92, 2.01, 0.005, 144.10, 21.81);
insert into SHOT values (1208, 1215, 1216, 5696, 6.300, 284.92, 4.00, 6.298, 284.94, 4.01, 0.003, 57.25, 9.31);
insert into SHOT values (1209, 1216, 1217, 5696, 9.200, 255.92, -2.00, 9.203, 255.90, -1.99, 0.004, 207.65, 15.62);
insert into SHOT values (1210, 1217, 1218, 5696, 10.800, 301.92, 2.00, 10.800, 301.94, 1.96, 0.008, 22.08, -65.26);
insert into SHOT values (1211, 1218, 1219, 5696, 15.000, 269.92, -1.00, 15.002, 269.92, -0.99, 0.003, 285.26, 36.86);
insert into SHOT values (1212, 1219, 1220, 5696, 8.000, 289.92, -1.00, 8.001, 289.95, -1.00, 0.005, 1.89, -4.73);
insert into SHOT values (1213, 1220, 1221, 5696, 19.500, 268.92, 1.00, 19.496, 268.91, 1.00, 0.005, 129.24, -3.99);
insert into SHOT values (1214, 1221, 1222, 5696, 10.400, 288.92, 2.00, 10.407, 288.91, 1.98, 0.008, 267.65, -20.37);
insert into SHOT values (1215, 1222, 1223, 5696, 20.000, 251.92, 3.00, 19.995, 251.91, 3.01, 0.008, 107.05, 25.57);
insert into SHOT values (1216, 1223, 1224, 5696, 15.200, 263.92, -10.00, 15.205, 263.94, -10.00, 0.007, 315.43, -4.32);
insert into SHOT values (1217, 1224, 1225, 5696, 9.700, 300.92, 1.00, 9.698, 300.90, 1.00, 0.004, 178.15, 10.97);
insert into SHOT values (1218, 1225, 1226, 5696, 5.200, 347.92, 4.00, 5.196, 347.97, 3.97, 0.007, 114.41, -24.41);
insert into SHOT values (1219, 1226, 1227, 5696, 7.500, 254.92, -16.00, 7.495, 254.96, -15.95, 0.009, 12.59, 52.15);
insert into SHOT values (1220, 1227, 1228, 5696, 6.200, 272.92, 18.00, 6.199, 272.92, 17.94, 0.006, 245.67, -78.33);
insert into SHOT values (1221, 1228, 1229, 5696, 0.500, 354.92, -90.00, 0.500, 90.00, -90.00, 0.000, 354.92, 0.00);
insert into SHOT values (1222, 1229, 1230, 5696, 9.600, 313.92, -14.00, 9.599, 313.91, -13.99, 0.003, 202.11, 58.17);
insert into SHOT values (1223, 1230, 1231, 5696, 8.400, 295.92, -3.00, 8.402, 295.86, -3.00, 0.009, 218.19, -2.47);
insert into SHOT values (1224, 1231, 1232, 5696, 12.500, 324.92, -9.00, 12.501, 324.96, -8.97, 0.010, 39.77, 33.06);
insert into SHOT values (1225, 1232, 1233, 5696, 11.000, 274.92, 8.00, 11.007, 274.89, 7.99, 0.009, 238.26, -6.09);
insert into SHOT values (1226, 1233, 1234, 5696, 10.600, 264.92, -8.00, 10.595, 264.91, -8.03, 0.007, 97.68, -39.99);
insert into SHOT values (1227, 1234, 1235, 5696, 8.900, 296.92, 2.00, 8.901, 296.94, 2.00, 0.003, 13.30, -11.68);
insert into SHOT values (1228, 1235, 1236, 5696, 7.000, 298.92, 16.00, 6.999, 298.89, 16.01, 0.004, 184.87, 7.45);
insert into SHOT values (1229, 1236, 1237, 5696, 9.200, 271.92, 1.00, 9.207, 271.93, 1.00, 0.007, 283.83, -4.75);
insert into SHOT values (1230, 1237, 1238, 5696, 10.000, 46.92, 14.00, 10.004, 46.92, 14.00, 0.004, 44.68, 11.04);
insert into SHOT values (1231, 1238, 1239, 5696, 6.400, 34.92, -40.00, 6.399, 34.95, -39.96, 0.005, 88.47, 47.96);
insert into SHOT values (1232, 1239, 1240, 5696, 6.600, 66.92, 12.00, 6.600, 66.93, 11.98, 0.002, 125.42, -63.43);
insert into SHOT values (1233, 1240, 1241, 5696, 5.000, 4.92, -38.00, 5.005, 4.94, -37.98, 0.005, 24.10, -19.06);
insert into SHOT values (1234, 1241, 1242, 5696, 7.800, 59.92, 2.00, 7.792, 59.94, 1.99, 0.009, 218.62, -14.08);
insert into SHOT values (1235, 1242, 1243, 5696, 9.400, 73.92, 0.00, 9.400, 73.88, 0.00, 0.007, 340.84, 0.00);
insert into SHOT values (1236, 1243, 1244, 5696, 8.000, 79.92, 18.00, 8.001, 79.93, 18.06, 0.008, 214.73, 76.95);
insert into SHOT values (1237, 1244, 1245, 5696, 15.000, 64.92, -10.00, 15.001, 64.93, -10.02, 0.005, 159.45, -74.47);
insert into SHOT values (1238, 1245, 1246, 5696, 20.000, 49.92, 3.00, 20.007, 49.93, 3.01, 0.008, 83.87, 22.75);
insert into SHOT values (1239, 1246, 1247, 5696, 14.500, 53.92, 2.00, 14.496, 53.93, 1.98, 0.007, 206.20, -54.90);
insert into SHOT values (1240, 1247, 1248, 5696, 6.300, 54.92, 2.00, 6.299, 54.90, 2.00, 0.003, 301.86, 2.55);
insert into SHOT values (1241, 1248, 1249, 5696, 9.800, 38.92, 2.00, 9.798, 38.91, 2.05, 0.009, 272.56, 68.71);
insert into SHOT values (1242, 1249, 1250, 5696, 8.400, 10.92, 2.00, 8.397, 10.92, 1.98, 0.004, 189.67, -47.60);
insert into SHOT values (1243, 1250, 1251, 5696, 20.000, 49.92, 2.00, 20.005, 49.93, 2.01, 0.007, 80.44, 17.92);
insert into SHOT values (1244, 1251, 1252, 5696, 11.500, 42.92, 1.00, 11.500, 42.92, 1.00, 0.001, 253.37, -72.40);
insert into SHOT values (1245, 1252, 1253, 5696, 20.000, 34.92, 1.00, 20.005, 34.92, 1.00, 0.005, 36.74, 11.66);
insert into SHOT values (1246, 1253, 1254, 5696, 8.600, 36.92, 2.00, 8.597, 36.91, 2.00, 0.003, 248.45, -2.40);
insert into SHOT values (1247, 1254, 1255, 5696, 8.000, 49.92, -8.00, 7.999, 49.92, -8.05, 0.007, 250.67, -74.72);
insert into SHOT values (1248, 1255, 1256, 5696, 20.000, 46.92, 2.00, 19.999, 46.93, 2.01, 0.003, 161.12, 47.38);
insert into SHOT values (1249, 1256, 1257, 5696, 20.000, 41.92, 2.00, 19.996, 41.92, 2.01, 0.005, 241.05, 23.64);
insert into SHOT values (1250, 1257, 1258, 5696, 16.800, 34.92, 2.00, 16.808, 34.94, 2.01, 0.010, 68.69, 21.53);
insert into SHOT values (1251, 1258, 1259, 5696, 16.000, 29.92, 2.00, 15.998, 29.90, 1.97, 0.010, 279.82, -53.70);
insert into SHOT values (1252, 1259, 1260, 5696, 6.800, 29.92, 2.00, 6.800, 29.92, 2.02, 0.003, 107.46, 86.23);
insert into SHOT values (1253, 1260, 1261, 5696, 13.400, 64.92, 2.00, 13.402, 64.91, 2.01, 0.004, 10.31, 32.12);
insert into SHOT values (1254, 1261, 1262, 5696, 17.000, 34.92, 3.00, 17.001, 34.93, 3.00, 0.002, 85.94, 9.62);
insert into SHOT values (1255, 1262, 1263, 5696, 20.000, 28.92, 2.00, 19.993, 28.91, 2.01, 0.008, 230.99, 14.07);
insert into SHOT values (1256, 1263, 1264, 5696, 11.500, 18.92, -2.00, 11.499, 18.94, -2.04, 0.009, 121.72, -66.53);
insert into SHOT values (1257, 1264, 1265, 5696, 13.300, 85.92, -2.00, 13.302, 85.90, -1.98, 0.006, 21.16, 40.36);
insert into SHOT values (1258, 1265, 1266, 5696, 12.500, 73.92, 1.00, 12.500, 73.93, 1.01, 0.002, 151.07, 47.84);
insert into SHOT values (1259, 1266, 1267, 5696, 10.600, 354.92, 1.00, 10.603, 354.91, 0.97, 0.006, 331.24, -53.63);
insert into SHOT values (1260, 1267, 1268, 5696, 5.500, 317.92, 1.00, 5.495, 317.95, 1.04, 0.007, 106.97, 36.03);
insert into SHOT values (1261, 1268, 1269, 5696, 6.000, 6.92, 2.00, 5.997, 6.90, 2.01, 0.004, 224.30, 9.26);
insert into SHOT values (1262, 1269, 1270, 5696, 5.300, 74.92, 2.00, 5.296, 74.89, 1.95, 0.007, 295.09, -45.65);
insert into SHOT values (1263, 1270, 1271, 5696, 20.000, 64.92, -8.00, 19.999, 64.94, -7.99, 0.006, 159.65, 34.14);
insert into SHOT values (1264, 1271, 1272, 5696, 13.400, 52.92, -1.00, 13.402, 52.92, -0.98, 0.005, 24.76, 57.92);
insert into SHOT values (1265, 1272, 1273, 5696, 14.700, 83.92, 1.00, 14.695, 83.91, 0.97, 0.009, 304.85, -46.41);
insert into SHOT values (1266, 1273, 1274, 5696, 15.700, 59.92, -15.00, 15.705, 59.94, -14.98, 0.008, 94.59, 25.79);
insert into SHOT values (1267, 1274, 1275, 5696, 4.700, 329.92, -4.00, 4.703, 329.94, -4.02, 0.004, 357.12, -37.18);
insert into SHOT values (1268, 1275, 1276, 5696, 16.400, 1.92, -28.00, 16.398, 1.90, -28.01, 0.006, 248.02, -6.47);
insert into SHOT values (1269, 1276, 1277, 5696, 6.400, 339.92, -7.00, 6.394, 339.91, -7.01, 0.006, 172.47, -0.33);
insert into SHOT values (1270, 1277, 1278, 5696, 8.000, 314.92, 18.00, 7.999, 315.00, 17.99, 0.011, 44.87, -11.54);
insert into SHOT values (1271, 1278, 1279, 5696, 20.000, 282.92, 0.00, 20.006, 282.91, 0.00, 0.007, 250.99, 0.00);
insert into SHOT values (1272, 1279, 1280, 5696, 20.000, 268.92, 6.00, 20.004, 268.91, 6.03, 0.011, 209.26, 56.18);
insert into SHOT values (1273, 1280, 1281, 5696, 13.300, 283.92, -10.00, 13.299, 283.96, -10.00, 0.009, 20.12, -2.93);
insert into SHOT values (1274, 1281, 1282, 5696, 14.400, 304.92, -15.00, 14.396, 304.92, -15.02, 0.006, 116.35, -29.20);
insert into SHOT values (1275, 1282, 1283, 5696, 3.300, 210.92, 0.00, 3.301, 210.99, 0.00, 0.004, 283.03, 0.00);
insert into SHOT values (1276, 1283, 1284, 5696, 19.000, 354.92, 0.00, 18.994, 354.93, 0.00, 0.006, 159.79, 0.00);
insert into SHOT values (1277, 1284, 1285, 5696, 20.000, 348.92, -2.00, 20.004, 348.93, -2.01, 0.005, 10.14, -22.92);
insert into SHOT values (1278, 1285, 1286, 5696, 16.000, 4.92, -3.00, 16.001, 4.92, -3.01, 0.003, 320.31, -67.69);
insert into SHOT values (1279, 1286, 1287, 5696, 20.000, 42.92, 1.00, 19.999, 42.93, 1.00, 0.004, 148.06, 12.68);
insert into SHOT values (1280, 1287, 1288, 5696, 20.000, 62.92, 0.00, 19.996, 62.90, 0.00, 0.010, 306.73, 0.00);
insert into SHOT values (1281, 1288, 1289, 5696, 20.000, 59.92, -1.00, 20.004, 59.94, -1.00, 0.006, 111.18, -8.56);
insert into SHOT values (1282, 1289, 1290, 5696, 20.000, 54.92, 0.00, 20.000, 54.94, 0.00, 0.005, 145.81, 0.00);
insert into SHOT values (1283, 1290, 1291, 5696, 11.200, 98.92, -1.00, 11.196, 98.89, -0.97, 0.009, 336.79, 37.34);
insert into SHOT values (1284, 1291, 1292, 5696, 14.000, 64.92, 0.00, 13.998, 64.94, 0.00, 0.004, 182.23, 0.00);
insert into SHOT values (1285, 1292, 1293, 5696, 11.500, 12.92, 5.00, 11.503, 12.91, 4.99, 0.005, 335.70, -28.47);
insert into SHOT values (1286, 1293, 1294, 5696, 2.800, 24.92, -18.00, 2.793, 24.93, -17.93, 0.008, 202.71, 44.04);
insert into SHOT values (1287, 1294, 1295, 5696, 20.000, 64.92, -17.00, 20.008, 64.92, -17.00, 0.008, 65.92, -18.49);
insert into SHOT values (1288, 1295, 1296, 5696, 20.000, 72.92, -5.00, 19.995, 72.92, -5.02, 0.009, 255.34, -51.57);
insert into SHOT values (1289, 1296, 1297, 5696, 13.600, 64.92, -1.00, 13.602, 64.94, -0.97, 0.009, 132.54, 53.51);
insert into SHOT values (1290, 1297, 1298, 5696, 15.700, 359.92, -1.00, 15.703, 359.93, -1.02, 0.007, 33.45, -64.32);
insert into SHOT values (1291, 1298, 1299, 5696, 7.800, 345.92, -11.00, 7.805, 345.87, -11.01, 0.008, 293.85, -11.70);
insert into SHOT values (1292, 1299, 1300, 5696, 6.900, 312.92, 10.00, 6.891, 312.91, 10.03, 0.010, 140.98, 10.78);
insert into SHOT values (1293, 1300, 1301, 5696, 10.000, 328.92, 0.00, 10.009, 328.90, 0.00, 0.010, 304.67, 0.00);
insert into SHOT values (1294, 1301, 1302, 5696, 9.300, 359.92, 0.00, 9.300, 359.94, 0.00, 0.003, 89.82, 0.00);
insert into SHOT values (1295, 1302, 1303, 5696, 2.400, 31.92, -5.00, 2.404, 32.03, -5.01, 0.006, 83.25, -8.02);
insert into SHOT values (1296, 1303, 1304, 5696, 13.100, 0.92, -8.00, 13.099, 0.88, -7.99, 0.009, 264.43, 20.21);
insert into SHOT values (1297, 1304, 1305, 5696, 11.700, 2.92, -8.00, 11.699, 2.92, -8.01, 0.002, 202.96, -54.97);
insert into SHOT values (1298, 1305, 1306, 5696, 16.400, 25.92, -5.00, 16.400, 25.95, -5.00, 0.009, 115.62, -4.03);
insert into SHOT values (1299, 1306, 1307, 5696, 14.300, 22.92, -10.00, 14.297, 22.90, -9.99, 0.006, 260.46, 33.42);
insert into SHOT values (1300, 1307, 1308, 5696, 12.700, 28.92, -3.00, 12.706, 28.89, -2.98, 0.011, 339.62, 25.66);
insert into SHOT values (1301, 1308, 1309, 5696, 14.000, 35.92, -1.00, 14.000, 35.96, -1.02, 0.011, 126.57, -30.12);
insert into SHOT values (1302, 1309, 1310, 5696, 20.000, 26.92, 0.00, 19.995, 26.91, 0.00, 0.006, 243.82, 0.00);
insert into SHOT values (1303, 1310, 1311, 5696, 14.000, 33.92, -3.00, 14.006, 33.89, -2.99, 0.009, 346.82, 16.95);
insert into SHOT values (1304, 1311, 1312, 5696, 11.400, 3.92, -5.00, 11.401, 3.94, -5.03, 0.007, 90.58, -62.22);
insert into SHOT values (1305, 1312, 1313, 5696, 8.700, 51.92, -3.00, 8.695, 51.97, -2.97, 0.010, 172.71, 32.38);
insert into SHOT values (1306, 1313, 1314, 5696, 14.000, 62.92, 2.00, 14.002, 62.92, 2.01, 0.003, 69.01, 30.22);
insert into SHOT values (1307, 1314, 1315, 5696, 12.500, 48.92, -9.00, 12.501, 48.88, -9.02, 0.011, 318.46, -24.75);
insert into SHOT values (1308, 1315, 1316, 5696, 20.000, 73.92, -10.00, 20.002, 73.94, -9.99, 0.007, 139.31, 24.07);
insert into SHOT values (1309, 1316, 1317, 5696, 14.700, 52.92, 2.00, 14.701, 52.91, 1.99, 0.004, 346.50, -48.72);
insert into SHOT values (1310, 1317, 1318, 5696, 17.700, 71.92, -14.00, 17.703, 71.92, -13.99, 0.004, 83.58, 28.80);
insert into SHOT values (1311, 1318, 1319, 5696, 10.700, 72.92, -4.00, 10.696, 72.94, -4.02, 0.007, 214.01, -31.95);
insert into SHOT values (1312, 1319, 1320, 5696, 15.300, 17.92, -2.00, 15.299, 17.90, -1.99, 0.007, 283.46, 37.21);
insert into SHOT values (1313, 1320, 1321, 5696, 2.500, 74.92, -45.00, 2.504, 74.94, -44.99, 0.004, 87.78, -35.75);
insert into SHOT values (1314, 1321, 1322, 5696, 13.600, 26.92, -5.00, 13.602, 26.94, -4.98, 0.008, 90.25, 42.36);
insert into SHOT values (1315, 1322, 1323, 5696, 6.300, 33.92, -18.00, 6.298, 33.90, -18.04, 0.005, 242.40, -37.73);
insert into SHOT values (1316, 1323, 1324, 5696, 9.600, 30.92, -10.00, 9.601, 30.93, -10.02, 0.004, 104.21, -56.64);
insert into SHOT values (1317, 1324, 1325, 5696, 9.500, 24.92, -4.00, 9.503, 24.89, -3.98, 0.007, 329.44, 22.63);
insert into SHOT values (1318, 1325, 1326, 5696, 7.600, 22.92, -10.00, 7.599, 22.97, -10.00, 0.006, 125.33, -2.54);
insert into SHOT values (1319, 1326, 1327, 5696, 20.000, 24.92, -4.00, 19.994, 24.91, -3.99, 0.009, 242.57, 33.42);
insert into SHOT values (1320, 1327, 1328, 5696, 13.600, 14.92, 3.00, 13.607, 14.93, 2.99, 0.007, 23.98, -13.78);
insert into SHOT values (1321, 1328, 1329, 5696, 14.600, 15.92, -12.00, 14.599, 15.93, -12.02, 0.006, 141.22, -48.14);
insert into SHOT values (1322, 1329, 1330, 5696, 15.200, 23.92, -5.00, 15.198, 23.92, -4.98, 0.005, 173.95, 72.35);
insert into SHOT values (1323, 1330, 1331, 5696, 11.900, 345.92, -4.00, 11.906, 345.92, -4.00, 0.006, 337.53, 0.97);
insert into SHOT values (1324, 1331, 1332, 5696, 14.400, 15.92, -4.00, 14.397, 15.92, -4.02, 0.007, 187.54, -54.58);
insert into SHOT values (1325, 1332, 1333, 5696, 20.000, 64.92, -12.00, 20.001, 64.93, -12.00, 0.003, 146.83, -35.96);
insert into SHOT values (1326, 1333, 1334, 5696, 12.000, 57.92, -9.00, 12.000, 57.89, -8.97, 0.009, 334.13, 50.03);
insert into SHOT values (1327, 1334, 1335, 5696, 10.600, 64.92, -3.00, 10.600, 64.96, -3.03, 0.009, 160.09, -35.90);
insert into SHOT values (1328, 1335, 1336, 5696, 7.300, 63.92, -9.00, 7.294, 63.90, -8.99, 0.006, 273.58, 17.98);
insert into SHOT values (1329, 1336, 1337, 5696, 20.000, 87.92, -5.00, 20.009, 87.90, -4.99, 0.012, 51.70, 14.85);
insert into SHOT values (1330, 1337, 1338, 5696, 14.300, 80.92, -6.00, 14.296, 80.94, -6.02, 0.008, 220.64, -44.31);
insert into SHOT values (1331, 1338, 1339, 5696, 13.300, 92.92, 9.00, 13.301, 92.92, 9.00, 0.001, 123.74, -30.55);
insert into SHOT values (1332, 1339, 1340, 5696, 20.000, 100.92, -2.00, 19.995, 100.93, -1.98, 0.010, 241.66, 50.43);
insert into SHOT values (1333, 1339, 1341, 5696, 3.400, 354.92, -90.00, 3.400, 90.00, -90.00, 0.000, 354.92, -82.57);
insert into SHOT values (1334, 1341, 1342, 5696, 4.000, 71.92, -15.00, 3.996, 71.89, -14.94, 0.006, 288.65, 59.42);
insert into SHOT values (1335, 1342, 1343, 5696, 18.800, 108.92, -1.00, 18.797, 108.91, -1.01, 0.006, 344.78, -19.03);
insert into SHOT values (1336, 1343, 1344, 5696, 5.300, 102.92, 2.00, 5.308, 102.96, 1.94, 0.010, 127.23, -28.28);
insert into SHOT values (1337, 1344, 1345, 5696, 7.300, 98.92, -2.00, 7.292, 98.92, -1.96, 0.009, 280.59, 32.71);
insert into SHOT values (1338, 1345, 1346, 5696, 13.300, 89.92, -5.00, 13.301, 89.91, -5.00, 0.002, 19.32, -23.75);
insert into SHOT values (1339, 1346, 1347, 5696, 17.300, 89.92, -6.00, 17.305, 89.93, -6.00, 0.006, 127.42, -15.37);
insert into SHOT values (1340, 1347, 1348, 5696, 13.000, 9.92, -5.00, 13.003, 9.91, -4.99, 0.005, 337.59, 41.72);
insert into SHOT values (1341, 1348, 1349, 5696, 12.500, 1.92, 0.00, 12.497, 1.93, 0.00, 0.003, 162.49, 0.00);
insert into SHOT values (1342, 1349, 1350, 5696, 7.700, 334.92, 8.00, 7.702, 334.95, 7.99, 0.005, 27.78, -20.90);
insert into SHOT values (1343, 1350, 1351, 5696, 5.500, 39.92, -6.00, 5.496, 39.95, -5.95, 0.007, 182.28, 44.46);
insert into SHOT values (1344, 1351, 1352, 5696, 11.700, 22.92, -10.00, 11.696, 22.89, -10.04, 0.011, 251.80, -46.45);
insert into SHOT values (1345, 1352, 1353, 5696, 10.700, 42.92, -15.00, 10.700, 42.92, -14.95, 0.010, 48.59, 76.60);
insert into SHOT values (1346, 1353, 1354, 5696, 3.500, 306.92, 2.00, 3.494, 306.97, 1.97, 0.007, 100.82, -18.21);
insert into SHOT values (1347, 1354, 1355, 5696, 10.000, 4.92, -18.00, 10.004, 4.88, -17.99, 0.007, 307.44, 1.32);
insert into SHOT values (1348, 1355, 1356, 5696, 9.200, 354.92, -16.00, 9.202, 354.94, -16.02, 0.005, 68.91, -53.20);
insert into SHOT values (1349, 1356, 1357, 5696, 17.000, 4.92, -20.00, 16.993, 4.92, -19.99, 0.007, 183.94, 36.36);
insert into SHOT values (1350, 1357, 1358, 5696, 10.000, 16.92, -30.00, 10.004, 16.91, -29.99, 0.005, 352.45, 0.00);
insert into SHOT values (1351, 1358, 1359, 5696, 11.300, 9.92, -12.00, 11.302, 9.90, -12.00, 0.005, 296.96, -6.95);
insert into SHOT values (1352, 1359, 1360, 5696, 8.400, 38.92, -4.00, 8.404, 38.95, -4.03, 0.007, 83.53, -35.93);
insert into SHOT values (1353, 1360, 1361, 5696, 12.500, 21.92, -18.00, 12.501, 21.93, -17.99, 0.003, 52.93, 50.83);
insert into SHOT values (1354, 1361, 1362, 5696, 11.000, 4.92, -12.00, 11.000, 4.91, -12.02, 0.004, 270.77, -44.53);
insert into SHOT values (1355, 1362, 1363, 5696, 12.600, 316.92, -10.00, 12.601, 316.89, -10.01, 0.006, 235.14, -18.81);
insert into SHOT values (1356, 1363, 1364, 5696, 7.200, 4.92, 1.00, 7.198, 4.94, 1.03, 0.006, 134.13, 51.97);
insert into SHOT values (1357, 1364, 1365, 5696, 13.400, 24.92, -23.00, 13.406, 24.92, -23.01, 0.006, 33.53, -43.07);
insert into SHOT values (1358, 1365, 1366, 5696, 20.000, 19.92, -25.00, 19.999, 19.93, -24.99, 0.005, 111.25, 29.34);
insert into SHOT values (1359, 1366, 1367, 5696, 6.700, 54.92, -7.00, 6.698, 54.92, -7.03, 0.004, 230.09, -51.00);
insert into SHOT values (1360, 1367, 1368, 5696, 8.500, 69.92, -4.00, 8.496, 69.92, -3.98, 0.005, 255.12, 35.75);
insert into SHOT values (1361, 1368, 1369, 5696, 5.000, 9.92, 28.00, 5.002, 9.91, 28.02, 0.003, 333.79, 61.60);
insert into SHOT values (1362, 1369, 1370, 5696, 11.500, 29.92, -15.00, 11.503, 29.91, -15.02, 0.004, 341.00, -54.30);
insert into SHOT values (1363, 1370, 1371, 5696, 15.800, 66.92, 1.00, 15.805, 66.94, 1.02, 0.008, 111.13, 30.47);
insert into SHOT values (1364, 1371, 1372, 5696, 2.100, 66.92, 0.00, 2.097, 66.98, 0.00, 0.004, 211.15, 0.00);
insert into SHOT values (1365, 1372, 1373, 5696, 4.400, 354.92, -90.00, 4.400, 90.00, -90.00, 0.000, 354.92, 83.59);
insert into SHOT values (1366, 1373, 1374, 5696, 1.600, 354.92, 90.00, 1.600, 90.00, 90.00, 0.000, 354.92, -86.49);
insert into SHOT values (1367, 1374, 1375, 5696, 14.600, 4.92, -24.00, 14.602, 4.90, -24.00, 0.005, 288.54, -20.43);
insert into SHOT values (1368, 1375, 1376, 5696, 13.200, 47.92, 0.00, 13.205, 47.92, 0.00, 0.005, 33.52, 0.00);
insert into SHOT values (1369, 1376, 1377, 5696, 8.400, 59.92, -15.00, 8.400, 59.90, -14.97, 0.005, 341.56, 48.28);
insert into SHOT values (1370, 1377, 1378, 5696, 8.400, 339.92, 0.00, 8.399, 339.95, 0.00, 0.004, 81.95, 0.00);
insert into SHOT values (1371, 1378, 1379, 5696, 20.000, 44.92, -18.00, 19.993, 44.94, -18.01, 0.009, 189.79, 2.27);
insert into SHOT values (1372, 1379, 1380, 5696, 9.200, 41.92, -15.00, 9.210, 41.90, -15.04, 0.012, 19.92, -46.68);
insert into SHOT values (1373, 1380, 1381, 5696, 8.300, 74.92, 17.00, 8.296, 74.95, 17.03, 0.007, 219.64, 27.64);
insert into SHOT values (1374, 1381, 1382, 5696, 20.000, 33.92, -6.00, 20.004, 33.91, -6.00, 0.005, 1.17, 6.77);
insert into SHOT values (1375, 1382, 1383, 5696, 20.000, 42.92, 1.00, 19.999, 42.93, 1.00, 0.004, 148.06, 12.68);
insert into SHOT values (1376, 1383, 1384, 5696, 7.000, 64.92, -6.00, 6.995, 64.91, -5.99, 0.006, 261.53, 17.45);
insert into SHOT values (1377, 1384, 1385, 5696, 20.000, 92.92, 2.00, 19.998, 92.93, 2.01, 0.003, 233.35, 41.17);
insert into SHOT values (1378, 1385, 1386, 5696, 4.900, 99.92, -25.00, 4.904, 99.84, -24.97, 0.008, 46.95, 6.29);
insert into SHOT values (1379, 1386, 1387, 5696, 4.000, 30.92, -20.00, 3.996, 30.94, -20.05, 0.005, 197.97, -21.84);
insert into SHOT values (1380, 1387, 1388, 5696, 8.600, 110.92, 2.00, 8.602, 110.92, 2.00, 0.002, 116.96, -3.70);
insert into SHOT values (1381, 1388, 1389, 5696, 4.600, 144.92, 2.00, 4.597, 144.93, 1.99, 0.003, 317.09, -10.27);
insert into SHOT values (1382, 1389, 1390, 5696, 4.100, 129.92, 35.00, 4.104, 129.94, 34.93, 0.007, 137.98, -14.66);
insert into SHOT values (1383, 1390, 1391, 5696, 20.000, 128.92, -2.00, 19.995, 128.91, -2.01, 0.008, 354.29, -15.19);
insert into SHOT values (1384, 1391, 1392, 5696, 16.300, 97.92, -7.00, 16.295, 97.92, -6.98, 0.008, 264.14, 57.28);
insert into SHOT values (1385, 1392, 1393, 5696, 15.600, 77.92, 1.00, 15.597, 77.93, 0.99, 0.005, 210.52, -26.45);
insert into SHOT values (1386, 1393, 1394, 5696, 18.600, 94.92, 9.00, 18.606, 94.90, 9.00, 0.009, 48.40, 2.03);
insert into SHOT values (1387, 1394, 1395, 5696, 20.000, 79.92, -11.00, 20.000, 79.94, -11.01, 0.007, 175.76, -33.56);
insert into SHOT values (1388, 1395, 1396, 5696, 9.500, 116.92, -19.00, 9.501, 116.94, -18.98, 0.004, 162.01, 41.87);
insert into SHOT values (1389, 1396, 1397, 5696, 8.400, 89.92, -7.00, 8.393, 89.86, -7.05, 0.013, 319.15, -29.17);
insert into SHOT values (1390, 1397, 1398, 5696, 20.000, 84.92, 3.00, 20.005, 84.95, 3.01, 0.010, 144.25, 18.22);
insert into SHOT values (1391, 1398, 1399, 5696, 20.000, 98.92, -2.00, 19.994, 98.92, -2.01, 0.006, 266.47, -18.45);
insert into SHOT values (1392, 1399, 1400, 5696, 9.500, 106.92, 0.00, 9.500, 106.89, 0.00, 0.005, 14.41, 0.00);
insert into SHOT values (1393, 1400, 1401, 5696, 9.000, 94.92, -7.00, 8.999, 94.94, -6.96, 0.008, 179.77, 61.63);
insert into SHOT values (1394, 1401, 1402, 5696, 10.400, 104.92, 5.00, 10.396, 104.88, 4.97, 0.010, 352.02, -39.51);
insert into SHOT values (1395, 1402, 1403, 5696, 12.000, 60.92, 0.00, 12.001, 60.94, 0.00, 0.003, 129.79, 0.00);
insert into SHOT values (1396, 1403, 1404, 5696, 14.500, 112.92, -1.00, 14.499, 112.94, -0.99, 0.006, 220.25, 32.82);
insert into SHOT values (1397, 1404, 1405, 5696, 20.000, 94.92, -3.00, 20.001, 94.91, -3.01, 0.005, 17.13, -43.02);
insert into SHOT values (1398, 1405, 1406, 5696, 20.000, 86.92, -4.00, 19.997, 86.93, -3.99, 0.006, 237.69, 60.19);
insert into SHOT values (1399, 1406, 1407, 5696, 20.000, 95.92, -3.00, 20.004, 95.92, -3.01, 0.005, 84.48, -39.45);
insert into SHOT values (1400, 1407, 1408, 5696, 20.000, 92.92, -5.00, 20.002, 92.93, -4.99, 0.006, 156.68, 31.71);
insert into SHOT values (1401, 1408, 1409, 5696, 20.000, 89.92, -10.00, 19.995, 89.91, -10.02, 0.010, 295.38, -46.01);
insert into SHOT values (1402, 1409, 1410, 5696, 20.000, 76.92, -3.00, 20.005, 76.92, -2.98, 0.009, 86.01, 50.61);
insert into SHOT values (1403, 1410, 1411, 5696, 20.000, 94.92, -12.00, 20.000, 94.93, -12.01, 0.003, 205.13, -41.91);
insert into SHOT values (1404, 1411, 1412, 5696, 16.900, 83.92, -5.00, 16.898, 83.93, -4.99, 0.004, 199.90, 44.20);
insert into SHOT values (1405, 1412, 1413, 5696, 13.000, 53.92, -5.00, 13.005, 53.92, -5.03, 0.008, 43.41, -55.62);
insert into SHOT values (1406, 1413, 1414, 5696, 7.000, 104.92, -15.00, 6.996, 104.92, -14.99, 0.004, 286.23, 25.50);
insert into SHOT values (1407, 1414, 1415, 5696, 2.700, 82.92, -6.00, 2.705, 82.95, -5.94, 0.006, 99.82, 22.65);
insert into SHOT values (1408, 1415, 1416, 5696, 6.500, 352.92, -3.00, 6.498, 352.92, -3.00, 0.002, 182.65, 6.49);
insert into SHOT values (1409, 1416, 1417, 5696, 7.300, 36.92, -22.00, 7.294, 36.89, -21.98, 0.008, 259.32, 37.57);
insert into SHOT values (1410, 1417, 1418, 5696, 6.800, 40.92, -26.00, 6.809, 40.96, -26.05, 0.011, 74.40, -52.75);
insert into SHOT values (1411, 1418, 1419, 5696, 15.500, 24.92, -12.00, 15.496, 24.89, -11.99, 0.009, 272.73, 17.12);
insert into SHOT values (1412, 1419, 1420, 5696, 7.300, 16.92, -10.00, 7.305, 16.97, -10.01, 0.008, 74.15, -16.75);
insert into SHOT values (1413, 1420, 1421, 5696, 7.000, 69.92, -4.00, 7.002, 69.90, -3.93, 0.009, 28.78, 69.85);
insert into SHOT values (1414, 1421, 1422, 5696, 15.400, 24.92, -1.00, 15.393, 24.90, -1.01, 0.009, 244.09, -7.77);
insert into SHOT values (1415, 1422, 1423, 5696, 4.100, 19.92, -5.00, 4.100, 19.90, -5.04, 0.003, 270.12, -57.95);
insert into SHOT values (1416, 1423, 1424, 5696, 3.500, 339.92, 1.00, 3.503, 339.96, 0.98, 0.004, 23.61, -17.11);
insert into SHOT values (1417, 1424, 1425, 5696, 6.900, 76.92, -16.00, 6.899, 76.93, -15.99, 0.002, 215.28, 59.26);
insert into SHOT values (1418, 1425, 1426, 5696, 7.000, 359.92, -2.00, 6.994, 359.92, -2.05, 0.008, 183.78, -44.81);
insert into SHOT values (1419, 1426, 1427, 5696, 13.200, 2.92, -3.00, 13.206, 2.96, -3.00, 0.010, 57.58, 4.90);
insert into SHOT values (1420, 1427, 1428, 5696, 5.600, 19.92, 1.00, 5.594, 19.86, 1.02, 0.009, 242.19, 14.44);
insert into SHOT values (1421, 1428, 1429, 5696, 12.300, 314.92, 0.00, 12.304, 314.93, 0.00, 0.005, 352.09, 0.00);
insert into SHOT values (1422, 1429, 1430, 5696, 8.700, 312.92, -3.00, 8.700, 312.95, -2.96, 0.007, 32.23, 52.22);
insert into SHOT values (1423, 1430, 1431, 5696, 6.700, 292.92, -6.00, 6.691, 292.90, -6.00, 0.009, 125.52, 2.21);
insert into SHOT values (1424, 1431, 1432, 5696, 6.800, 284.92, 2.00, 6.803, 284.92, 1.94, 0.008, 272.30, -65.75);
insert into SHOT values (1425, 1432, 1433, 5696, 10.600, 279.92, 2.00, 10.606, 279.94, 2.00, 0.007, 314.55, 0.55);
insert into SHOT values (1426, 1433, 1434, 5696, 13.800, 29.92, 2.00, 13.797, 29.93, 1.99, 0.004, 169.22, -25.36);
insert into SHOT values (1427, 1434, 1435, 5696, 6.400, 34.92, -9.00, 6.398, 34.95, -8.99, 0.004, 154.58, 19.51);
insert into SHOT values (1428, 1435, 1436, 5696, 11.500, 19.92, -4.00, 11.504, 19.92, -3.99, 0.005, 14.77, 25.43);
insert into SHOT values (1429, 1436, 1437, 5696, 4.100, 322.92, 0.00, 4.098, 322.93, 0.00, 0.002, 117.44, 0.00);
insert into SHOT values (1430, 1437, 1438, 5696, 7.600, 47.92, 0.00, 7.597, 47.93, 0.00, 0.003, 195.94, 0.00);
insert into SHOT values (1431, 1438, 1439, 5696, 15.400, 14.92, -8.00, 15.404, 14.93, -7.99, 0.006, 38.36, 32.03);
insert into SHOT values (1432, 1439, 1440, 5696, 7.000, 333.92, -4.00, 6.998, 333.91, -4.01, 0.003, 187.01, -40.00);
insert into SHOT values (1433, 1440, 1441, 5696, 13.200, 54.92, -3.00, 13.191, 54.92, -3.00, 0.010, 233.17, 5.04);
insert into SHOT values (1434, 1441, 1442, 5696, 9.800, 46.92, 0.00, 9.806, 46.90, 0.00, 0.007, 16.40, 0.00);
insert into SHOT values (1435, 1442, 1443, 5696, 10.300, 35.92, -28.00, 10.301, 35.96, -28.03, 0.008, 136.48, -33.67);
insert into SHOT values (1436, 1443, 1444, 5696, 20.000, 24.92, -3.00, 20.004, 24.90, -2.98, 0.011, 320.35, 36.10);
insert into SHOT values (1437, 1444, 1445, 5696, 16.500, 314.92, -2.00, 16.493, 314.93, -2.02, 0.009, 123.60, -29.27);
insert into SHOT values (1438, 1445, 1446, 5696, 0.000, 354.92, 0.00, 0.000, 90.00, 0.00, 0.000, 90.00, 0.00);
insert into SHOT values (1439, 1447, 1446, 5696, 20.000, 223.92, 3.00, 20.000, 223.90, 3.01, 0.007, 131.50, 29.44);
insert into SHOT values (1440, 1447, 1448, 5696, 20.000, 226.92, 15.00, 20.004, 226.91, 15.01, 0.007, 174.33, 33.78);
insert into SHOT values (1441, 1448, 1449, 5696, 20.000, 219.92, 9.00, 20.003, 219.93, 9.00, 0.004, 265.09, 21.31);
insert into SHOT values (1442, 1449, 1450, 5696, 20.000, 209.92, 9.00, 19.998, 209.91, 9.00, 0.004, 76.04, 20.82);
insert into SHOT values (1443, 1450, 1451, 5696, 16.700, 208.92, 2.00, 16.701, 208.91, 1.99, 0.004, 141.39, -53.46);
insert into SHOT values (1444, 1445, 1452, 5696, 20.000, 16.92, -11.00, 19.997, 16.91, -11.01, 0.006, 238.36, -37.93);
insert into SHOT values (1445, 1452, 1453, 5696, 20.000, 26.92, -10.00, 19.999, 26.93, -9.99, 0.004, 126.48, 46.29);
insert into SHOT values (1446, 1453, 1454, 5696, 20.000, 59.92, -24.00, 19.999, 59.91, -23.99, 0.006, 350.00, 59.08);
insert into SHOT values (1447, 1454, 1455, 5696, 16.400, 60.92, -26.00, 16.401, 60.90, -26.00, 0.007, 339.69, -6.28);
insert into SHOT values (1448, 1455, 1456, 5696, 3.100, 15.92, -24.00, 3.097, 16.00, -24.00, 0.005, 136.88, 10.88);
insert into SHOT values (1449, 1456, 1457, 5696, 3.700, 134.92, -30.00, 3.699, 134.87, -30.01, 0.003, 22.61, 0.00);
insert into SHOT values (1450, 1457, 1458, 5696, 2.800, 74.92, -30.00, 2.799, 74.93, -30.02, 0.002, 239.17, -0.00);
insert into SHOT values (1451, 1458, 1459, 5696, 3.100, 24.92, -27.00, 3.096, 24.89, -27.09, 0.007, 218.17, -22.73);
insert into SHOT values (1452, 1459, 1460, 5696, 12.100, 39.92, -12.00, 12.106, 39.93, -12.01, 0.007, 57.84, -37.50);
insert into SHOT values (1453, 1460, 1461, 5696, 15.800, 27.92, -2.00, 15.796, 27.91, -2.00, 0.005, 240.27, 17.25);
insert into SHOT values (1454, 1461, 1462, 5696, 2.200, 304.92, 0.00, 2.197, 304.99, 0.00, 0.004, 81.02, 0.00);
insert into SHOT values (1455, 1462, 1463, 5696, 15.000, 24.92, 2.00, 15.002, 24.89, 2.02, 0.011, 306.45, 37.91);
insert into SHOT values (1456, 1463, 1464, 5696, 20.000, 36.92, -5.00, 19.995, 36.94, -5.02, 0.011, 170.56, -38.94);
insert into SHOT values (1457, 1464, 1465, 5696, 19.000, 24.92, 9.00, 19.002, 24.93, 8.99, 0.004, 63.26, -38.72);
insert into SHOT values (1458, 1465, 1466, 5696, 20.000, 24.92, 10.00, 20.008, 24.91, 10.02, 0.011, 4.43, 42.01);
insert into SHOT values (1459, 1466, 1467, 5696, 18.400, 44.92, 14.00, 18.401, 44.93, 14.00, 0.004, 118.00, -21.31);
insert into SHOT values (1460, 1467, 1468, 5696, 20.000, 57.92, -18.00, 19.993, 57.91, -18.01, 0.007, 255.19, 2.70);
insert into SHOT values (1461, 1468, 1469, 5696, 20.000, 64.92, -16.00, 20.006, 64.93, -15.99, 0.008, 81.26, 20.63);
insert into SURVEY values (5698, 5692, 'B3_Aval_02', 'B3_Aval_02.B3_Aval.B3-Bourrugues.Complexe_Lonne_Peyret-Bourrugues', 'Gouffre des Bourrugues B3, Aval 2 : suite des grandes salles');
 insert into CENTRELINE values (5699, 5698, NULL, NULL, NULL, 0.00, 0.00, 0.00);
 insert into CENTRELINE values (5700, 5698, NULL, '1993-10-01', '1993-01-01', 415.00, 0.00, 0.00);
 insert into TOPO values (29, 5700);
 insert into TOPO values (27, 5700);
 insert into EXPLO values (19, 5700);
 insert into EXPLO values (20, 5700);
 insert into EXPLO values (21, 5700);
 insert into SHOT values (1462, 1470, 1471, 5700, 0.000, 175.33, -0.00, 0.000, 90.00, 0.00, 0.000, 90.00, 0.00);
insert into SHOT values (1463, 1471, 1472, 5700, 3.240, 147.33, 21.00, 3.238, 147.15, 20.99, 0.010, 49.15, -6.57);
insert into SHOT values (1464, 1472, 1473, 5700, 8.780, 8.33, 26.00, 8.782, 8.30, 26.00, 0.004, 298.05, 15.39);
insert into SHOT values (1465, 1473, 1474, 5700, 26.160, 18.33, 7.00, 26.154, 18.34, 7.01, 0.008, 154.79, 13.26);
insert into SHOT values (1466, 1474, 1475, 5700, 12.720, 28.33, -18.00, 12.721, 28.32, -18.00, 0.002, 324.58, 18.65);
insert into SHOT values (1467, 1475, 1476, 5700, 16.520, 248.33, 6.00, 16.519, 248.35, 6.01, 0.007, 347.11, 26.50);
insert into SHOT values (1468, 1476, 1477, 5700, 13.240, 252.33, 12.00, 13.242, 252.29, 11.99, 0.010, 181.19, -16.22);
insert into SHOT values (1469, 1477, 1478, 5700, 30.700, 19.33, -17.00, 30.708, 19.33, -17.00, 0.008, 9.34, -31.35);
insert into SHOT values (1470, 1478, 1479, 5700, 10.170, 10.33, -38.00, 10.166, 10.36, -38.01, 0.005, 147.09, 14.58);
insert into SHOT values (1471, 1479, 1480, 5700, 16.900, 48.33, -47.00, 16.894, 48.31, -47.02, 0.010, 255.82, -0.69);
insert into SHOT values (1472, 1480, 1481, 5700, 10.620, 7.33, -24.00, 10.627, 7.34, -23.99, 0.008, 14.04, -3.39);
insert into SHOT values (1473, 1481, 1482, 5700, 15.920, 67.33, 5.00, 15.925, 67.35, 5.01, 0.007, 110.16, 22.33);
insert into SHOT values (1474, 1482, 1483, 5700, 13.790, 47.33, -35.00, 13.789, 47.30, -35.01, 0.007, 304.38, -3.03);
insert into SHOT values (1475, 1483, 1484, 5700, 1.000, 175.33, -90.00, 1.000, 90.00, -90.00, 0.000, 175.33, 0.00);
insert into SHOT values (1476, 1484, 1485, 5700, 14.830, 77.33, 3.00, 14.829, 77.36, 3.02, 0.009, 173.88, 26.22);
insert into SHOT values (1477, 1485, 1486, 5700, 11.900, 71.33, -0.00, 11.906, 71.34, 0.00, 0.006, 80.69, 0.00);
insert into SHOT values (1478, 1486, 1487, 5700, 40.310, 49.33, -12.00, 40.308, 49.32, -12.00, 0.009, 305.91, 6.15);
insert into SHOT values (1479, 1487, 1488, 5700, 12.670, 59.33, -28.00, 12.674, 59.38, -28.00, 0.010, 128.17, -10.40);
insert into SHOT values (1480, 1488, 1489, 5700, 13.140, 66.33, -39.00, 13.139, 66.32, -39.01, 0.003, 283.23, -14.45);
insert into SHOT values (1481, 1489, 1490, 5700, 5.760, 140.33, -48.00, 5.756, 140.27, -48.04, 0.007, 357.65, 4.33);
insert into SHOT values (1482, 1490, 1491, 5700, 16.600, 63.33, -46.00, 16.595, 63.35, -46.01, 0.007, 220.22, 8.23);
insert into SHOT values (1483, 1491, 1492, 5700, 4.090, 76.33, -34.00, 4.096, 76.37, -34.00, 0.006, 103.10, -28.25);
insert into SHOT values (1484, 1492, 1493, 5700, 12.750, 72.33, -18.00, 12.746, 72.33, -18.01, 0.004, 266.42, -0.48);
insert into SHOT values (1485, 1493, 1494, 5700, 11.290, 38.33, -16.00, 11.294, 38.31, -15.98, 0.007, 351.76, 15.69);
insert into SHOT values (1486, 1494, 1495, 5700, 1.540, 32.33, -76.00, 1.545, 32.83, -76.18, 0.008, 171.16, -49.79);
insert into SHOT values (1487, 1495, 1496, 5700, 3.620, 61.33, -18.00, 3.616, 61.35, -17.88, 0.009, 205.50, 78.12);
insert into SHOT values (1488, 1496, 1497, 5700, 4.940, 15.33, -13.00, 4.942, 15.42, -13.10, 0.012, 105.93, -49.08);
insert into SHOT values (1489, 1497, 1498, 5700, 6.270, 39.33, -6.00, 6.273, 39.28, -5.95, 0.009, 341.82, 36.98);
insert into SHOT values (1490, 1498, 1499, 5700, 5.390, 333.33, -12.00, 5.390, 333.29, -11.99, 0.004, 249.82, 9.23);
insert into SHOT values (1491, 1499, 1500, 5700, 3.950, 40.33, -8.00, 3.948, 40.33, -8.01, 0.002, 221.84, -6.25);
insert into SHOT values (1492, 1500, 1501, 5700, 2.950, 42.33, -34.00, 2.953, 42.35, -33.97, 0.004, 56.16, -5.96);
insert into SHOT values (1493, 1501, 1502, 5700, 4.520, 31.33, 5.00, 4.514, 31.36, 4.96, 0.007, 193.15, -31.98);
insert into SHOT values (1494, 1502, 1503, 5700, 10.520, 22.33, -4.00, 10.523, 22.34, -3.98, 0.005, 41.69, 46.43);
insert into SHOT values (1495, 1503, 1504, 5700, 7.040, 15.33, -13.00, 7.045, 15.29, -13.04, 0.009, 320.64, -47.05);
insert into SHOT values (1496, 1504, 1505, 5700, 3.260, 75.33, -3.00, 3.259, 75.41, -2.99, 0.004, 172.58, 7.97);
insert into SHOT values (1497, 1505, 1506, 5700, 2.150, 8.33, 2.00, 2.154, 8.28, 2.13, 0.007, 341.13, 49.67);
insert into SHOT values (1498, 1506, 1507, 5700, 14.340, 81.33, -1.00, 14.346, 81.34, -1.00, 0.006, 98.05, 2.55);
insert into SHOT values (1499, 1507, 1508, 5700, 7.850, 100.33, 3.00, 7.849, 100.36, 2.99, 0.005, 207.89, -10.42);
insert into SHOT values (1500, 1508, 1509, 5700, 6.510, 20.33, -3.00, 6.514, 20.33, -2.99, 0.004, 16.06, 9.71);
insert into SHOT values (1501, 1509, 1510, 5700, 7.050, 65.33, -16.00, 7.051, 65.33, -15.97, 0.004, 44.31, 55.51);
insert into SCRAPS values (5702, 5692, 'SP-B3_Aval_01', 1, 90.92668, 0.20236);
 insert into SCRAPS values (5814, 5692, 'SP-B3_Aval_01A', 1, 4.07528, 0.02086);
 insert into SCRAPS values (5963, 5692, 'SP-B3_Aval_01B', 1, 100.00000, 0.56582);
 insert into SCRAPS values (6094, 5692, 'SP-B3_Aval_01C', 1, 0.20062, 0.00623);
 insert into SCRAPS values (6173, 5692, 'SP-B3_Aval_01D', 1, 7.88604, 0.02411);
 insert into SCRAPS values (6292, 5692, 'SP-B3_Aval_02E', 1, 3.86928, 0.01952);
 insert into MAPS values (6397, 5692, 'MP-B3_Aval-plan-tot', 'B3 Aval', 1, 3777.200, -333.330);
 insert into MAPITEMS values (6397, 4, 5702);
 insert into MAPITEMS values (6397, 4, 5814);
 insert into MAPITEMS values (6397, 4, 5963);
 insert into MAPITEMS values (6397, 4, 6094);
 insert into MAPITEMS values (6397, 4, 6173);
 insert into MAPITEMS values (6397, 4, 6292);
 insert into SURVEY values (6400, 5085, 'B3_Amonts', 'B3_Amonts.B3-Bourrugues.Complexe_Lonne_Peyret-Bourrugues', 'B3 Amonts');
 insert into CENTRELINE values (6401, 6400, NULL, NULL, NULL, 0.00, 0.00, 0.00);
 insert into SURVEY values (6402, 6400, 'B3_Amonts_01', 'B3_Amonts_01.B3_Amonts.B3-Bourrugues.Complexe_Lonne_Peyret-Bourrugues', 'Gouffre des Bourrugues B3, amonts 01 : amont vers jonction AP7');
 insert into CENTRELINE values (6403, 6402, NULL, NULL, NULL, 0.00, 0.00, 0.00);
 insert into CENTRELINE values (6404, 6402, NULL, '2011-07-01', '2011-01-01', 152.31, 0.00, 0.00);
 insert into TOPO values (1, 6404);
 insert into TOPO values (2, 6404);
 insert into PERSON values (31, 'Evelyne', 'Renaud');
insert into TOPO values (31, 6404);
 insert into EXPLO values (18, 6404);
 insert into PERSON values (32, NULL, 'ExploTerre');
insert into EXPLO values (32, 6404);
 insert into EXPLO values (19, 6404);
 insert into PERSON values (33, NULL, 'SCMNF');
insert into EXPLO values (33, 6404);
 insert into SHOT values (1502, 1511, 1512, 6404, 2.120, 2.73, -67.38, 2.116, 2.79, -67.17, 0.009, 11.68, 50.75);
insert into SHOT values (1503, 1512, 1513, 6404, 6.230, 109.62, 3.70, 6.234, 109.63, 3.68, 0.005, 120.07, -23.82);
insert into SHOT values (1504, 1513, 1514, 6404, 6.070, 147.62, 2.40, 6.064, 147.67, 2.36, 0.009, 283.04, -27.88);
insert into SHOT values (1505, 1514, 1515, 6404, 5.680, 74.62, -12.20, 5.686, 74.66, -12.18, 0.007, 108.04, 2.50);
insert into SHOT values (1506, 1515, 1516, 6404, 12.040, 143.62, 1.40, 12.034, 143.65, 1.43, 0.011, 274.36, 32.82);
insert into SHOT values (1507, 1516, 1517, 6404, 7.750, 122.62, -0.60, 7.754, 122.62, -0.59, 0.004, 128.64, 17.26);
insert into SHOT values (1508, 1517, 1518, 6404, 8.300, 142.62, -3.20, 8.296, 142.60, -3.25, 0.009, 350.17, -51.51);
insert into SHOT values (1509, 1518, 1519, 6404, 5.950, 102.62, -3.30, 5.954, 102.63, -3.27, 0.005, 120.93, 32.25);
insert into SHOT values (1510, 1519, 1520, 6404, 1.870, 106.62, 15.50, 1.874, 106.73, 15.47, 0.006, 144.00, 2.69);
insert into SHOT values (1511, 1520, 1521, 6404, 9.280, 97.62, 6.10, 9.274, 97.60, 6.13, 0.008, 302.57, 28.75);
insert into SHOT values (1512, 1521, 1522, 6404, 5.070, 164.62, -5.30, 5.073, 164.62, -5.32, 0.003, 153.78, -31.77);
insert into SHOT values (1513, 1522, 1523, 6404, 8.030, 137.62, 36.70, 8.027, 137.58, 36.72, 0.006, 4.19, 10.11);
insert into SHOT values (1514, 1523, 1524, 6404, 2.610, 77.62, 21.40, 2.606, 77.62, 21.38, 0.004, 255.29, -32.30);
insert into SHOT values (1515, 1524, 1525, 6404, 1.230, 357.62, 90.00, 1.230, 90.00, 90.00, 0.000, 357.62, 76.73);
insert into SHOT values (1516, 1525, 1526, 6404, 4.000, 127.62, 37.10, 4.001, 127.62, 37.03, 0.005, 129.19, -35.69);
insert into SHOT values (1517, 1526, 1527, 6404, 3.370, 127.62, -23.50, 3.372, 127.65, -23.42, 0.006, 148.14, 43.06);
insert into SHOT values (1518, 1527, 1528, 6404, 1.880, 357.62, -90.00, 1.880, 90.00, -90.00, 0.000, 357.62, 86.82);
insert into SHOT values (1519, 1528, 1529, 6404, 4.500, 122.62, 1.80, 4.499, 122.56, 1.78, 0.005, 20.36, -15.11);
insert into SHOT values (1520, 1529, 1530, 6404, 0.480, 357.62, 90.00, 0.480, 90.00, 90.00, 0.000, 357.62, 84.74);
insert into SHOT values (1521, 1530, 1531, 6404, 7.420, 147.62, 11.40, 7.416, 147.64, 11.43, 0.007, 298.42, 30.21);
insert into SHOT values (1522, 1531, 1532, 6404, 1.270, 217.62, 1.40, 1.270, 217.32, 1.35, 0.007, 131.07, -8.77);
insert into SHOT values (1523, 1532, 1533, 6404, 6.780, 137.62, 6.70, 6.778, 137.59, 6.69, 0.005, 17.15, -13.08);
insert into SHOT values (1524, 1533, 1534, 6404, 2.870, 203.62, 40.10, 2.870, 203.64, 40.14, 0.002, 345.64, 43.66);
insert into SHOT values (1525, 1534, 1535, 6404, 3.540, 227.62, 8.80, 3.545, 227.66, 8.76, 0.006, 250.58, -14.41);
insert into SHOT values (1526, 1535, 1536, 6404, 1.600, 192.62, 2.40, 1.600, 192.65, 2.15, 0.007, 267.30, -84.32);
insert into SHOT values (1527, 1536, 1537, 6404, 5.150, 112.62, 10.30, 5.155, 112.62, 10.39, 0.010, 110.13, 71.91);
insert into SHOT values (1528, 1537, 1538, 6404, 3.410, 132.62, -37.70, 3.417, 132.60, -37.71, 0.007, 122.90, -40.35);
insert into SHOT values (1529, 1538, 1539, 6404, 3.330, 107.62, -22.30, 3.322, 107.61, -22.29, 0.008, 292.77, 27.40);
insert into SHOT values (1530, 1539, 1540, 6404, 6.100, 135.62, -36.00, 6.103, 135.66, -36.03, 0.006, 208.71, -54.81);
insert into SHOT values (1531, 1540, 1541, 6404, 3.150, 65.62, -17.00, 3.158, 65.56, -16.94, 0.009, 43.34, 6.10);
insert into SHOT values (1532, 1541, 1542, 6404, 5.800, 185.62, -33.00, 5.808, 185.65, -32.96, 0.010, 201.17, -6.39);
insert into SHOT values (1533, 1542, 1543, 6404, 2.810, 171.62, 0.70, 2.810, 171.61, 0.82, 0.006, 109.22, 83.90);
insert into SHOT values (1534, 1543, 1544, 6404, 2.620, 276.62, 38.70, 2.614, 276.74, 38.57, 0.009, 14.44, -61.78);
insert into SURVEY values (6406, 6400, 'B3_Amonts_02', 'B3_Amonts_02.B3_Amonts.B3-Bourrugues.Complexe_Lonne_Peyret-Bourrugues', 'Gouffre des Bourrugues B3, amonts 02 : amont vers jonction AP7 suite');
 insert into CENTRELINE values (6407, 6406, NULL, NULL, NULL, 0.00, 0.00, 0.00);
 insert into CENTRELINE values (6408, 6406, NULL, '2012-07-01', '2012-01-01', 376.97, 0.00, 0.00);
 insert into TOPO values (1, 6408);
 insert into TOPO values (2, 6408);
 insert into TOPO values (10, 6408);
 insert into EXPLO values (18, 6408);
 insert into EXPLO values (32, 6408);
 insert into EXPLO values (19, 6408);
 insert into EXPLO values (33, 6408);
 insert into SHOT values (1535, 1545, 1546, 6408, 0.000, 357.76, 0.00, 0.000, 90.00, 0.00, 0.000, 90.00, 0.00);
insert into SHOT values (1536, 1546, 1547, 6408, 2.960, 171.76, -3.00, 2.964, 171.84, -3.09, 0.008, 218.95, -40.81);
insert into SHOT values (1537, 1547, 1548, 6408, 2.780, 259.76, -12.00, 2.772, 259.81, -11.87, 0.011, 59.74, 49.35);
insert into SHOT values (1538, 1548, 1549, 6408, 6.250, 238.76, -28.00, 6.253, 238.79, -28.04, 0.006, 319.25, -64.68);
insert into SHOT values (1539, 1549, 1550, 6408, 3.250, 215.76, -25.00, 3.255, 215.63, -24.89, 0.010, 172.55, 19.60);
insert into SHOT values (1540, 1545, 1551, 6408, 5.500, 84.76, 25.00, 5.494, 84.82, 24.98, 0.008, 215.81, -33.76);
insert into SHOT values (1541, 1551, 1552, 6408, 5.370, 79.76, -2.00, 5.370, 79.70, -1.92, 0.010, 348.14, 51.14);
insert into SHOT values (1542, 1552, 1553, 6408, 11.050, 72.76, -3.00, 11.051, 72.76, -3.01, 0.002, 123.91, -54.86);
insert into SHOT values (1543, 1553, 1554, 6408, 4.380, 92.76, -2.00, 4.378, 92.75, -2.09, 0.008, 287.05, -71.69);
insert into SHOT values (1544, 1554, 1555, 6408, 2.850, 33.76, 5.00, 2.851, 33.80, 5.03, 0.003, 100.58, 34.65);
insert into SHOT values (1545, 1555, 1556, 6408, 4.670, 98.76, -3.00, 4.671, 98.76, -2.95, 0.004, 78.80, 79.68);
insert into SHOT values (1546, 1556, 1557, 6408, 5.960, 71.76, -4.00, 5.963, 71.78, -4.04, 0.005, 107.46, -50.92);
insert into SHOT values (1547, 1557, 1558, 6408, 9.850, 66.76, 15.00, 9.846, 66.78, 15.01, 0.005, 207.67, 7.28);
insert into SHOT values (1548, 1558, 1559, 6408, 7.380, 81.76, -2.00, 7.381, 81.74, -2.02, 0.004, 13.23, -40.34);
insert into SHOT values (1549, 1559, 1560, 6408, 5.050, 102.76, -25.00, 5.045, 102.76, -24.98, 0.006, 281.63, 47.10);
insert into SHOT values (1550, 1560, 1561, 6408, 4.940, 52.76, -12.00, 4.941, 52.82, -12.03, 0.006, 142.57, -28.78);
insert into SHOT values (1551, 1561, 1562, 6408, 4.800, 45.76, -3.00, 4.801, 45.68, -2.98, 0.007, 324.70, 9.80);
insert into SHOT values (1552, 1562, 1563, 6408, 6.980, 49.76, 3.00, 6.978, 49.77, 3.04, 0.006, 194.46, 57.10);
insert into SHOT values (1553, 1563, 1564, 6408, 5.000, 50.76, 1.00, 5.005, 50.84, 0.92, 0.011, 106.73, -40.52);
insert into SHOT values (1554, 1564, 1565, 6408, 3.740, 64.76, -1.00, 3.740, 64.67, -0.92, 0.008, 336.09, 41.75);
insert into SHOT values (1555, 1565, 1566, 6408, 3.950, 54.26, 4.00, 3.951, 54.29, 4.06, 0.005, 133.89, 61.64);
insert into SHOT values (1556, 1566, 1567, 6408, 3.070, 62.76, 2.00, 3.070, 62.85, 1.87, 0.009, 153.80, -55.56);
insert into SHOT values (1557, 1567, 1568, 6408, 7.300, 51.76, -5.00, 7.297, 51.76, -4.95, 0.007, 232.42, 71.07);
insert into SHOT values (1558, 1568, 1569, 6408, 4.860, 56.76, -14.00, 4.860, 56.68, -14.05, 0.008, 321.51, -33.39);
insert into SHOT values (1559, 1569, 1570, 6408, 1.930, 357.76, -90.00, 1.930, 90.00, -90.00, 0.000, 357.76, -83.96);
insert into SHOT values (1560, 1570, 1571, 6408, 2.440, 36.76, 6.00, 2.436, 36.78, 6.13, 0.007, 208.24, 46.60);
insert into SHOT values (1561, 1571, 1572, 6408, 0.790, 357.76, -90.00, 0.790, 90.00, -90.00, 0.000, 357.76, 85.67);
insert into SHOT values (1562, 1572, 1573, 6408, 3.140, 59.76, 4.00, 3.144, 59.76, 3.83, 0.010, 58.29, -62.98);
insert into SHOT values (1563, 1573, 1574, 6408, 1.480, 5.76, 6.00, 1.476, 5.87, 6.22, 0.007, 152.67, 46.52);
insert into SHOT values (1564, 1574, 1575, 6408, 3.550, 332.76, 1.00, 3.556, 332.71, 0.97, 0.007, 308.60, -16.14);
insert into SHOT values (1565, 1575, 1576, 6408, 3.490, 331.76, 14.00, 3.488, 331.77, 14.11, 0.007, 143.95, 54.88);
insert into SHOT values (1566, 1576, 1577, 6408, 3.830, 250.76, 27.00, 3.823, 250.82, 26.91, 0.010, 22.81, -60.46);
insert into SHOT values (1567, 1577, 1578, 6408, 5.900, 267.76, -4.00, 5.899, 267.76, -3.99, 0.002, 81.98, 53.97);
insert into SHOT values (1568, 1578, 1579, 6408, 2.790, 357.76, -90.00, 2.790, 90.00, -90.00, 0.000, 357.76, 75.02);
insert into SHOT values (1569, 1579, 1580, 6408, 5.330, 259.76, 6.00, 5.333, 259.79, 6.03, 0.005, 303.73, 33.13);
insert into SHOT values (1570, 1580, 1581, 6408, 1.440, 314.76, 11.00, 1.433, 314.71, 10.86, 0.008, 144.96, -36.30);
insert into SHOT values (1571, 1581, 1582, 6408, 5.800, 259.76, -8.00, 5.807, 259.78, -7.92, 0.011, 278.26, 41.88);
insert into SHOT values (1572, 1582, 1583, 6408, 1.250, 29.76, -1.00, 1.259, 30.03, -0.91, 0.011, 62.56, 9.47);
insert into SHOT values (1573, 1583, 1584, 6408, 1.690, 348.76, -4.00, 1.687, 348.69, -4.08, 0.004, 200.96, -29.12);
insert into SHOT values (1574, 1584, 1585, 6408, 8.300, 75.76, -1.00, 8.296, 75.76, -1.04, 0.007, 247.75, -52.10);
insert into SHOT values (1575, 1585, 1586, 6408, 3.220, 94.76, 2.00, 3.224, 94.81, 2.13, 0.009, 134.70, 60.58);
insert into SHOT values (1576, 1586, 1587, 6408, 6.150, 69.76, 8.00, 6.146, 69.72, 7.95, 0.008, 306.34, -49.63);
insert into SHOT values (1577, 1587, 1588, 6408, 5.480, 72.76, -3.00, 5.483, 72.79, -3.03, 0.005, 120.53, -38.92);
insert into SHOT values (1578, 1558, 1589, 6408, 2.100, 117.76, 6.00, 2.100, 117.67, 6.01, 0.003, 34.33, 8.47);
insert into SHOT values (1579, 1589, 1590, 6408, 1.280, 357.76, 90.00, 1.280, 90.00, 90.00, 0.000, 357.76, -80.71);
insert into SHOT values (1580, 1590, 1591, 6408, 2.140, 109.76, 56.00, 2.143, 110.11, 56.18, 0.010, 228.76, 35.33);
insert into SHOT values (1581, 1591, 1592, 6408, 6.500, 171.76, 80.00, 6.498, 171.29, 80.05, 0.011, 49.32, -6.59);
insert into SHOT values (1582, 1588, 1593, 6408, 4.970, 51.76, -8.00, 4.968, 51.69, -7.98, 0.007, 303.48, 14.35);
insert into SHOT values (1583, 1593, 1594, 6408, 1.550, 294.76, -19.00, 1.546, 294.64, -18.87, 0.006, 167.49, 50.14);
insert into SHOT values (1584, 1594, 1595, 6408, 4.470, 45.76, 6.00, 4.473, 45.82, 6.03, 0.006, 106.56, 26.99);
insert into SHOT values (1585, 1595, 1596, 6408, 1.300, 112.76, -4.00, 1.295, 112.79, -4.43, 0.011, 286.03, -56.78);
insert into SHOT values (1586, 1596, 1597, 6408, 3.900, 39.76, 12.00, 3.908, 39.69, 12.11, 0.012, 1.77, 50.94);
insert into SHOT values (1587, 1597, 1598, 6408, 5.450, 64.76, -1.00, 5.450, 64.80, -1.05, 0.006, 163.22, -51.78);
insert into SHOT values (1588, 1598, 1599, 6408, 6.380, 48.76, -1.00, 6.379, 48.81, -0.99, 0.006, 147.49, 12.22);
insert into SHOT values (1589, 1599, 1600, 6408, 4.160, 52.76, 7.00, 4.163, 52.77, 7.04, 0.004, 66.80, 43.51);
insert into SHOT values (1590, 1600, 1601, 6408, 5.860, 49.76, -8.00, 5.862, 49.75, -8.04, 0.005, 17.96, -73.57);
insert into SHOT values (1591, 1601, 1602, 6408, 3.270, 68.76, -18.00, 3.263, 68.64, -18.03, 0.009, 290.72, 3.00);
insert into SHOT values (1592, 1602, 1603, 6408, 2.300, 61.76, 3.00, 2.307, 61.77, 2.98, 0.007, 64.21, -2.93);
insert into SHOT values (1593, 1603, 1604, 6408, 5.260, 349.76, -10.00, 5.252, 349.75, -9.98, 0.008, 172.66, 23.97);
insert into SHOT values (1594, 1604, 1605, 6408, 7.020, 91.76, 2.00, 7.017, 91.72, 1.96, 0.008, 335.62, -40.45);
insert into SHOT values (1595, 1605, 1606, 6408, 7.090, 66.76, -3.00, 7.083, 66.77, -2.99, 0.007, 235.84, 8.71);
insert into SHOT values (1596, 1606, 1607, 6408, 6.540, 69.76, -2.00, 6.547, 69.79, -2.01, 0.008, 99.52, -12.82);
insert into SHOT values (1597, 1607, 1608, 6408, 6.320, 64.76, -3.00, 6.321, 64.77, -2.99, 0.002, 136.67, 22.56);
insert into SHOT values (1598, 1608, 1609, 6408, 2.120, 90.76, 4.00, 2.115, 90.54, 4.07, 0.010, 329.86, 12.87);
insert into SHOT values (1599, 1609, 1610, 6408, 2.480, 58.76, 5.00, 2.478, 58.76, 5.09, 0.005, 239.99, 55.29);
insert into SHOT values (1600, 1610, 1611, 6408, 1.960, 63.76, 36.00, 1.957, 63.76, 35.99, 0.003, 243.90, -39.34);
insert into SHOT values (1601, 1611, 1612, 6408, 7.130, 55.76, 18.00, 7.129, 55.82, 17.97, 0.008, 142.29, -25.21);
insert into SHOT values (1602, 1612, 1613, 6408, 4.950, 42.76, -21.00, 4.955, 42.72, -20.93, 0.008, 20.22, 27.67);
insert into SHOT values (1603, 1613, 1614, 6408, 0.650, 357.76, -90.00, 0.650, 90.00, -90.00, 0.000, 357.76, -88.57);
insert into SHOT values (1604, 1614, 1615, 6408, 4.050, 50.76, -8.00, 4.042, 50.78, -8.11, 0.011, 221.20, -34.17);
insert into SHOT values (1605, 1615, 1616, 6408, 6.160, 61.76, -11.00, 6.166, 61.70, -10.94, 0.011, 18.74, 30.24);
insert into SHOT values (1606, 1616, 1617, 6408, 2.990, 102.76, -4.00, 2.991, 102.78, -4.03, 0.002, 143.76, -42.16);
insert into SHOT values (1607, 1617, 1618, 6408, 2.700, 71.76, -13.00, 2.701, 71.84, -13.05, 0.005, 158.04, -35.02);
insert into SHOT values (1608, 1618, 1619, 6408, 1.960, 57.76, -20.00, 1.960, 57.86, -19.99, 0.003, 139.57, 6.08);
insert into SHOT values (1609, 1619, 1620, 6408, 2.630, 86.76, 16.00, 2.628, 86.59, 16.13, 0.010, 330.03, 31.89);
insert into SHOT values (1610, 1620, 1621, 6408, 7.730, 60.76, -8.00, 7.727, 60.82, -8.03, 0.010, 175.90, -24.32);
insert into SHOT values (1611, 1621, 1622, 6408, 3.140, 45.76, -14.00, 3.141, 45.66, -14.00, 0.005, 328.17, -4.07);
insert into SHOT values (1612, 1622, 1623, 6408, 5.040, 51.76, -29.00, 5.038, 51.73, -28.97, 0.004, 305.04, 52.46);
insert into SHOT values (1613, 1623, 1624, 6408, 7.260, 46.76, -26.00, 7.263, 46.80, -25.97, 0.007, 92.21, 21.56);
insert into SHOT values (1614, 1624, 1625, 6408, 5.280, 58.76, 6.00, 5.278, 58.79, 5.98, 0.004, 173.80, -29.02);
insert into SHOT values (1615, 1625, 1626, 6408, 10.500, 77.76, -1.00, 10.501, 77.74, -1.04, 0.008, 4.11, -58.90);
insert into SHOT values (1616, 1626, 1627, 6408, 2.310, 277.76, 0.00, 2.311, 277.71, 0.00, 0.002, 211.69, 0.00);
insert into SHOT values (1617, 1627, 1628, 6408, 0.500, 5.76, 0.00, 0.502, 5.71, 0.00, 0.003, 356.12, 0.00);
insert into SHOT values (1618, 1628, 1629, 6408, 6.700, 77.76, -2.00, 6.696, 77.75, -1.97, 0.005, 274.48, 46.03);
insert into SHOT values (1619, 1629, 1630, 6408, 8.120, 56.76, 5.00, 8.122, 56.80, 5.02, 0.007, 132.63, 20.53);
insert into SHOT values (1620, 1630, 1631, 6408, 2.810, 111.76, 0.00, 2.810, 111.73, 0.00, 0.002, 7.04, 0.00);
insert into SURVEY values (6410, 6400, 'B3_Amonts_03', 'B3_Amonts_03.B3_Amonts.B3-Bourrugues.Complexe_Lonne_Peyret-Bourrugues', 'Gouffre des Bourrugues B3, amonts 03 : galerie des cheminees');
 insert into CENTRELINE values (6411, 6410, NULL, NULL, NULL, 0.00, 0.00, 0.00);
 insert into CENTRELINE values (6412, 6410, NULL, '2015-08-06', '2015-01-01', 673.00, 0.00, 0.00);
 insert into PERSON values (34, 'Laurent', 'Festor');
insert into TOPO values (34, 6412);
 insert into PERSON values (35, 'Laurent', 'Hagnere');
insert into TOPO values (35, 6412);
 insert into PERSON values (36, 'Anne', 'Johannet');
insert into TOPO values (36, 6412);
 insert into TOPO values (3, 6412);
 insert into EXPLO values (18, 6412);
 insert into EXPLO values (32, 6412);
 insert into EXPLO values (19, 6412);
 insert into EXPLO values (33, 6412);
 insert into SHOT values (1621, 1632, 1633, 6412, 0.000, 358.19, 0.00, 0.000, 90.00, 0.00, 0.000, 90.00, 0.00);
insert into SHOT values (1622, 1633, 1634, 6412, 5.600, 13.19, 5.00, 5.598, 13.16, 5.02, 0.004, 246.90, 27.95);
insert into SHOT values (1623, 1634, 1635, 6412, 5.600, 78.19, 15.00, 5.606, 78.17, 14.99, 0.006, 57.79, 5.66);
insert into SHOT values (1624, 1635, 1636, 6412, 7.400, 65.19, -10.00, 7.397, 65.16, -10.04, 0.008, 296.03, -40.93);
insert into SHOT values (1625, 1636, 1637, 6412, 5.400, 88.19, 0.00, 5.403, 88.20, 0.00, 0.003, 93.66, 0.00);
insert into SHOT values (1626, 1637, 1638, 6412, 8.800, 95.19, 16.00, 8.797, 95.23, 16.03, 0.007, 226.16, 35.95);
insert into SHOT values (1627, 1638, 1639, 6412, 5.700, 82.19, -17.00, 5.701, 82.20, -17.03, 0.004, 232.33, -81.17);
insert into SHOT values (1628, 1639, 1640, 6412, 11.000, 89.19, -11.00, 11.003, 89.20, -11.00, 0.004, 120.53, -16.66);
insert into SHOT values (1629, 1640, 1641, 6412, 13.500, 73.19, 2.00, 13.504, 73.20, 1.99, 0.005, 101.12, -14.12);
insert into SHOT values (1630, 1641, 1642, 6412, 10.700, 323.19, 1.00, 10.704, 323.21, 1.02, 0.005, 352.49, 38.00);
insert into SHOT values (1631, 1642, 1643, 6412, 16.600, 83.19, -1.00, 16.600, 83.18, -1.00, 0.003, 350.57, -5.27);
insert into SHOT values (1632, 1643, 1644, 6412, 5.600, 108.19, 1.00, 5.601, 108.21, 1.02, 0.003, 155.60, 49.93);
insert into SHOT values (1633, 1644, 1645, 6412, 4.400, 93.19, 0.00, 4.397, 93.26, 0.00, 0.006, 213.20, 0.00);
insert into SHOT values (1634, 1645, 1646, 6412, 5.300, 102.19, -2.00, 5.303, 102.20, -2.05, 0.006, 113.53, -59.33);
insert into SHOT values (1635, 1646, 1647, 6412, 2.500, 81.19, 0.00, 2.501, 81.03, 0.00, 0.007, 355.82, 0.00);
insert into SHOT values (1636, 1647, 1648, 6412, 2.000, 108.19, 6.00, 2.000, 108.16, 6.03, 0.001, 20.79, 39.91);
insert into SHOT values (1637, 1648, 1649, 6412, 8.500, 78.19, 0.00, 8.498, 78.25, 0.00, 0.009, 181.23, 0.00);
insert into SHOT values (1638, 1649, 1650, 6412, 7.100, 105.19, -15.00, 7.100, 105.13, -15.02, 0.008, 12.60, -17.38);
insert into SHOT values (1639, 1650, 1651, 6412, 15.300, 106.19, 0.00, 15.298, 106.21, 0.00, 0.004, 224.89, 0.00);
insert into SHOT values (1640, 1651, 1652, 6412, 9.600, 116.19, 22.00, 9.604, 116.19, 22.01, 0.005, 107.55, 48.99);
insert into SHOT values (1641, 1652, 1653, 6412, 8.400, 96.19, -6.00, 8.395, 96.19, -6.02, 0.006, 284.76, -19.99);
insert into SHOT values (1642, 1653, 1654, 6412, 3.600, 36.19, -25.00, 3.599, 36.27, -24.98, 0.005, 133.00, 17.56);
insert into SHOT values (1643, 1654, 1655, 6412, 11.700, 96.19, 4.00, 11.697, 96.20, 4.02, 0.005, 258.64, 48.31);
insert into SHOT values (1644, 1655, 1656, 6412, 7.800, 141.19, 4.00, 7.799, 141.16, 3.97, 0.007, 46.93, -38.44);
insert into SHOT values (1645, 1656, 1657, 6412, 3.300, 190.19, 0.00, 3.303, 190.29, 0.00, 0.006, 250.62, 0.00);
insert into SHOT values (1646, 1657, 1658, 6412, 3.800, 210.19, 0.00, 3.796, 210.21, 0.00, 0.005, 14.39, 0.00);
insert into SHOT values (1647, 1658, 1659, 6412, 9.700, 81.19, 1.00, 9.705, 81.23, 1.00, 0.008, 129.15, 5.44);
insert into SHOT values (1648, 1659, 1660, 6412, 9.100, 88.19, 8.00, 9.094, 88.15, 8.03, 0.010, 310.85, 20.95);
insert into SHOT values (1649, 1660, 1661, 6412, 3.500, 59.19, -18.00, 3.498, 59.27, -17.98, 0.005, 168.56, 17.91);
insert into SHOT values (1650, 1661, 1662, 6412, 5.500, 71.19, 1.00, 5.503, 71.24, 0.94, 0.008, 121.75, -49.15);
insert into SHOT values (1651, 1662, 1663, 6412, 4.800, 95.19, 2.00, 4.802, 95.14, 2.03, 0.006, 31.49, 26.31);
insert into SHOT values (1652, 1663, 1664, 6412, 10.200, 85.19, -1.00, 10.197, 85.22, -1.01, 0.005, 210.35, -21.16);
insert into SHOT values (1653, 1664, 1665, 6412, 5.100, 88.19, 1.00, 5.103, 88.20, 1.01, 0.004, 101.83, 16.36);
insert into SHOT values (1654, 1665, 1666, 6412, 4.400, 102.19, 0.00, 4.397, 102.08, 0.00, 0.009, 355.58, 0.00);
insert into SHOT values (1655, 1666, 1667, 6412, 8.700, 76.19, 0.00, 8.690, 76.22, 0.00, 0.011, 234.79, 0.00);
insert into SHOT values (1656, 1667, 1668, 6412, 3.000, 1.19, 6.00, 2.997, 1.35, 5.94, 0.009, 110.45, -23.24);
insert into SHOT values (1657, 1668, 1669, 6412, 6.300, 47.19, 16.00, 6.302, 47.14, 16.03, 0.007, 328.36, 31.28);
insert into SHOT values (1658, 1669, 1670, 6412, 5.100, 74.19, -16.00, 5.102, 74.26, -16.04, 0.007, 151.19, -34.99);
insert into SHOT values (1659, 1670, 1671, 6412, 4.400, 52.19, -10.00, 4.399, 52.13, -9.95, 0.007, 316.83, 37.67);
insert into SHOT values (1660, 1671, 1672, 6412, 5.700, 42.19, 15.00, 5.703, 42.20, 15.04, 0.005, 66.18, 64.40);
insert into SHOT values (1661, 1672, 1673, 6412, 2.600, 22.19, -39.00, 2.601, 22.12, -39.09, 0.005, 255.03, -48.10);
insert into SHOT values (1662, 1673, 1674, 6412, 2.100, 37.19, -8.00, 2.104, 37.20, -7.92, 0.005, 39.84, 26.82);
insert into SHOT values (1663, 1675, 1674, 6412, 3.100, 274.19, -2.00, 3.100, 274.26, -2.03, 0.004, 356.90, -27.90);
insert into SHOT values (1664, 1675, 1676, 6412, 4.700, 314.19, -6.00, 4.701, 314.22, -6.11, 0.009, 39.96, -76.39);
insert into SHOT values (1665, 1676, 1677, 6412, 5.100, 262.19, -25.00, 5.099, 262.17, -24.94, 0.006, 196.48, 66.52);
insert into SHOT values (1666, 1677, 1678, 6412, 7.400, 268.19, -6.00, 7.404, 268.21, -5.97, 0.006, 294.61, 37.28);
insert into SHOT values (1667, 1678, 1679, 6412, 8.500, 229.19, 0.00, 8.500, 229.15, 0.00, 0.007, 143.55, 0.00);
insert into SHOT values (1668, 1679, 1680, 6412, 4.400, 248.19, -3.00, 4.400, 248.22, -3.00, 0.002, 348.97, 7.08);
insert into SHOT values (1669, 1680, 1681, 6412, 2.000, 201.19, -25.00, 2.004, 201.33, -25.10, 0.007, 270.14, -45.46);
insert into SHOT values (1670, 1681, 1682, 6412, 5.500, 4.19, -58.00, 5.498, 4.32, -57.94, 0.009, 64.59, 29.38);
insert into SHOT values (1671, 1682, 1683, 6412, 6.600, 260.19, 5.00, 6.601, 260.19, 4.95, 0.005, 258.99, -77.14);
insert into SHOT values (1672, 1683, 1684, 6412, 5.700, 302.19, -8.00, 5.704, 302.20, -7.96, 0.005, 308.56, 37.66);
insert into SHOT values (1673, 1684, 1685, 6412, 1.800, 248.19, 6.00, 1.800, 248.02, 6.06, 0.006, 157.82, 18.80);
insert into SHOT values (1674, 1685, 1686, 6412, 7.700, 303.19, -2.00, 7.699, 303.17, -2.01, 0.003, 187.72, -22.76);
insert into SHOT values (1675, 1686, 1687, 6412, 3.600, 274.19, -10.00, 3.605, 274.20, -10.06, 0.006, 279.63, -48.89);
insert into SHOT values (1676, 1687, 1688, 6412, 8.500, 305.19, 0.00, 8.496, 305.22, 0.00, 0.006, 80.55, 0.00);
insert into SHOT values (1677, 1688, 1689, 6412, 12.800, 303.19, 2.00, 12.808, 303.21, 2.01, 0.009, 321.46, 21.41);
insert into SHOT values (1678, 1689, 1690, 6412, 9.800, 296.19, -6.00, 9.795, 296.20, -6.04, 0.008, 111.77, -44.01);
insert into SHOT values (1679, 1690, 1691, 6412, 3.300, 257.19, 7.00, 3.308, 257.15, 7.12, 0.011, 236.53, 47.11);
insert into SHOT values (1680, 1691, 1692, 6412, 3.300, 276.19, 4.00, 3.298, 276.28, 4.00, 0.006, 29.72, -2.03);
insert into SHOT values (1681, 1692, 1693, 6412, 2.400, 328.19, 0.00, 2.398, 328.30, 0.00, 0.005, 85.48, 0.00);
insert into SHOT values (1682, 1681, 1694, 6412, 4.700, 288.19, -5.00, 4.692, 288.20, -5.01, 0.008, 103.53, -2.55);
insert into SHOT values (1683, 1672, 1695, 6412, 2.800, 25.19, 9.00, 2.798, 25.27, 8.84, 0.009, 131.61, -65.34);
insert into SHOT values (1684, 1695, 1696, 6412, 8.500, 60.19, 11.00, 8.503, 60.18, 11.05, 0.009, 358.60, 72.30);
insert into SHOT values (1685, 1696, 1697, 6412, 3.100, 46.19, 3.00, 3.095, 46.18, 2.96, 0.006, 234.89, -23.73);
insert into SHOT values (1686, 1697, 1698, 6412, 3.900, 64.19, 5.00, 3.901, 64.23, 5.00, 0.003, 119.58, 2.01);
insert into SHOT values (1687, 1698, 1699, 6412, 3.200, 265.19, -2.00, 3.202, 265.34, -1.97, 0.009, 338.08, 11.10);
insert into SHOT values (1688, 1699, 1700, 6412, 5.600, 55.19, -5.00, 5.597, 55.23, -5.02, 0.005, 188.08, -23.92);
insert into SHOT values (1689, 1700, 1701, 6412, 5.200, 51.19, 9.00, 5.199, 51.17, 8.96, 0.004, 300.33, -51.99);
insert into SHOT values (1690, 1701, 1702, 6412, 2.300, 110.19, 27.00, 2.309, 110.20, 27.05, 0.009, 111.12, 39.20);
insert into SHOT values (1691, 1702, 1703, 6412, 5.500, 32.19, -9.00, 5.500, 32.14, -9.00, 0.005, 304.58, 4.30);
insert into SHOT values (1692, 1703, 1704, 6412, 6.000, 61.19, 5.00, 6.002, 61.21, 4.97, 0.004, 91.39, -49.99);
insert into SHOT values (1693, 1704, 1705, 6412, 7.500, 85.19, -1.00, 7.498, 85.18, -0.99, 0.003, 304.99, 16.35);
insert into SHOT values (1694, 1705, 1706, 6412, 6.600, 124.19, 3.00, 6.602, 124.24, 2.95, 0.008, 195.47, -41.54);
insert into SHOT values (1695, 1706, 1707, 6412, 6.600, 129.19, -18.00, 6.600, 129.12, -18.00, 0.009, 38.15, -3.26);
insert into SHOT values (1696, 1707, 1708, 6412, 6.000, 87.19, 35.00, 6.006, 87.20, 35.06, 0.009, 121.29, 82.35);
insert into SHOT values (1697, 1708, 1709, 6412, 6.500, 82.19, -13.00, 6.497, 82.19, -13.08, 0.009, 267.76, -58.86);
insert into SHOT values (1698, 1709, 1710, 6412, 15.600, 91.19, 7.00, 15.600, 91.22, 7.00, 0.007, 182.79, -9.01);
insert into SHOT values (1699, 1710, 1711, 6412, 14.000, 86.19, 3.00, 14.001, 86.19, 3.03, 0.008, 0.54, 74.62);
insert into SHOT values (1700, 1711, 1712, 6412, 4.100, 70.19, -24.00, 4.106, 70.21, -24.00, 0.007, 81.66, -21.34);
insert into SHOT values (1701, 1712, 1713, 6412, 4.000, 73.19, 32.00, 3.994, 73.17, 32.06, 0.007, 263.88, 2.51);
insert into SHOT values (1702, 1713, 1714, 6412, 5.900, 78.19, -6.00, 5.907, 78.21, -6.03, 0.007, 94.49, -26.92);
insert into SHOT values (1703, 1714, 1715, 6412, 5.600, 66.19, -10.00, 5.596, 66.13, -9.98, 0.007, 304.78, 19.28);
insert into SHOT values (1704, 1715, 1716, 6412, 12.000, 61.19, 3.00, 11.997, 61.21, 3.01, 0.005, 189.16, 24.84);
insert into SHOT values (1705, 1716, 1717, 6412, 8.600, 66.19, -19.00, 8.603, 66.14, -18.99, 0.008, 2.77, -0.83);
insert into SHOT values (1706, 1717, 1718, 6412, 3.900, 63.19, -23.00, 3.903, 63.36, -23.08, 0.012, 147.05, -29.92);
insert into SHOT values (1707, 1718, 1719, 6412, 6.900, 110.19, 12.00, 6.897, 110.21, 12.05, 0.007, 267.93, 51.28);
insert into SHOT values (1708, 1719, 1720, 6412, 5.300, 106.19, 55.00, 5.298, 106.05, 55.00, 0.008, 4.85, -10.86);
insert into SHOT values (1709, 1720, 1721, 6412, 12.800, 85.19, 7.00, 12.800, 85.21, 7.00, 0.004, 179.02, 0.94);
insert into SHOT values (1710, 1721, 1722, 6412, 7.500, 79.19, 3.00, 7.502, 79.23, 2.98, 0.006, 143.62, -25.84);
insert into SHOT values (1711, 1722, 1723, 6412, 6.000, 84.19, 7.00, 5.996, 84.12, 6.99, 0.009, 328.03, -7.76);
insert into SHOT values (1712, 1723, 1724, 6412, 4.400, 68.19, -25.00, 4.398, 68.20, -25.02, 0.003, 241.71, -9.89);
insert into SHOT values (1713, 1724, 1725, 6412, 6.000, 59.19, -3.00, 6.004, 59.20, -2.96, 0.006, 68.49, 45.92);
insert into SHOT values (1714, 1725, 1726, 6412, 7.300, 78.19, 16.00, 7.299, 78.24, 15.98, 0.006, 167.83, -20.28);
insert into SHOT values (1715, 1726, 1727, 6412, 4.700, 57.19, -8.00, 4.697, 57.20, -7.95, 0.005, 229.83, 58.10);
insert into SHOT values (1716, 1727, 1728, 6412, 3.800, 75.19, -60.00, 3.801, 75.09, -59.94, 0.006, 34.65, 9.38);
insert into SHOT values (1717, 1728, 1729, 6412, 5.300, 49.19, -15.00, 5.299, 49.12, -14.98, 0.007, 311.71, 14.51);
insert into SHOT values (1718, 1729, 1730, 6412, 14.000, 92.19, 11.00, 14.007, 92.21, 10.99, 0.008, 117.84, -9.13);
insert into SHOT values (1719, 1730, 1731, 6412, 7.000, 74.19, 7.00, 6.994, 74.20, 6.98, 0.006, 244.54, -28.52);
insert into SHOT values (1720, 1731, 1732, 6412, 7.800, 84.19, 8.00, 7.806, 84.21, 8.03, 0.007, 103.77, 38.00);
insert into SHOT values (1721, 1732, 1733, 6412, 12.200, 73.19, -3.00, 12.199, 73.16, -3.01, 0.008, 338.52, -10.62);
insert into SHOT values (1722, 1733, 1734, 6412, 5.600, 108.19, 8.00, 5.604, 108.27, 8.00, 0.009, 168.34, 4.16);
insert into SHOT values (1723, 1734, 1735, 6412, 2.700, 93.19, -2.00, 2.696, 93.19, -2.13, 0.007, 274.81, -54.10);
insert into SHOT values (1724, 1735, 1736, 6412, 10.400, 75.19, 41.00, 10.407, 75.17, 41.02, 0.008, 21.04, 57.01);
insert into SCRAPS values (6414, 6400, 'SP-B3_Amonts_01', 1, 25.25471, 0.09982);
 insert into SCRAPS values (6472, 6400, 'SP-B3_Amonts_02', 1, 0.93162, 0.01605);
 insert into SCRAPS values (6532, 6400, 'SP-B3_Amonts_03', 1, 0.22439, 0.01220);
 insert into SCRAPS values (6563, 6400, 'SP-B3_Amonts_04', 1, 0.79182, 0.00843);
 insert into MAPS values (6650, 6400, 'MP-B3_Amonts-plan-tot', 'B3 Amonts', 1, 1202.280, -42.140);
 insert into MAPITEMS values (6650, 4, 6414);
 insert into MAPITEMS values (6650, 4, 6472);
 insert into MAPITEMS values (6650, 4, 6532);
 insert into MAPITEMS values (6650, 4, 6563);
 insert into MAPS values (6653, 5085, 'MP-B3-Bourrugues-plan-tot', 'Gouffre B3 - Bourrugues', 1, 6615.730, -667.240);
 insert into MAPITEMS values (6653, 4, 5688);
 insert into MAPITEMS values (6653, 4, 6397);
 insert into MAPITEMS values (6653, 4, 6650);
 insert into MAPS values (6654, 5085, 'MC-B3-Bourrugues-coupe-tot', 'Gouffre B3-Bourrugues', 2, 1285.230, -356.690);
 insert into MAPITEMS values (6654, 4, 5689);
 insert into MAPS values (6655, 5085, 'MC-B3-Puits-coupe-tot', 'Gouffre B3-Bourrugues', 2, 691.800, -294.760);
 insert into MAPITEMS values (6655, 4, 5690);
 insert into SURVEY values (6657, 58, 'GL04_Cam_Claque', 'GL04_Cam_Claque.Complexe_Lonne_Peyret-Bourrugues', 'GL04_Cam_Claque');
 insert into CENTRELINE values (6658, 6657, NULL, NULL, NULL, 0.00, 0.00, 0.00);
 insert into SURVEY values (6659, 6657, 'GL04_Entree', 'GL04_Entree.GL04_Cam_Claque.Complexe_Lonne_Peyret-Bourrugues', 'GL04_Cam_Claque');
 insert into CENTRELINE values (6660, 6659, NULL, NULL, NULL, 0.00, 0.00, 0.00);
 insert into SURVEY values (6661, 6659, 'GL04_Entree', 'GL04_Entree.GL04_Entree.GL04_Cam_Claque.Complexe_Lonne_Peyret-Bourrugues', 'Gouffre du Cam de Caque GL04');
 insert into CENTRELINE values (6662, 6661, NULL, NULL, NULL, 0.00, 0.00, 0.00);
 insert into CENTRELINE values (6663, 6661, NULL, '2024-06-30', NULL, 0.00, 0.00, 0.00);
 insert into TOPO values (14, 6663);
 insert into EXPLO values (15, 6663);
 insert into SHOT values (1725, 1737, 1738, 6663, 0.000, 359.62, 0.00, 0.000, 90.00, 0.00, 0.000, 90.00, 0.00);
insert into SCRAPS values (6665, 6659, 'SP-GL04_Entree_01', 1, 0.00000, 0.00000);
 insert into SCRAPS values (6670, 6659, 'SC-GL04_Entree_01', 2, 0.00000, 0.00000);
 insert into MAPS values (6673, 6659, 'MP-GL04_Entree-Plan-tot', 'GL04_Cam_Claque', 1, 0.000, nan);
 insert into MAPITEMS values (6673, 4, 6665);
 insert into MAPS values (6674, 6659, 'MC-GL04_Entree-Extended-tot', 'GL04_Cam_Claque', 2, 0.000, nan);
 insert into MAPITEMS values (6674, 4, 6670);
 insert into MAPS values (6676, 6657, 'MP-GL04_Cam_Claque-Plan-tot', 'GL04_Cam_Claque', 1, 0.000, nan);
 insert into MAPITEMS values (6676, 4, 6673);
 insert into MAPS values (6677, 6657, 'MC-GL04_Cam_Claque-Extended-tot', 'GL04_Cam_Claque', 2, 0.000, nan);
 insert into MAPITEMS values (6677, 4, 6674);
 insert into SURVEY values (6679, 58, 'GL04_Amonts', 'GL04_Amonts.Complexe_Lonne_Peyret-Bourrugues', 'GL04_Amonts');
 insert into CENTRELINE values (6680, 6679, NULL, NULL, NULL, 0.00, 0.00, 0.00);
 insert into SURVEY values (6681, 6679, 'GL4_Amonts', 'GL4_Amonts.GL04_Amonts.Complexe_Lonne_Peyret-Bourrugues', 'Gouffre GL4 - Lonne-Peyret Amonts');
 insert into CENTRELINE values (6682, 6681, NULL, NULL, NULL, 0.00, 0.00, 0.00);
 insert into CENTRELINE values (6683, 6681, NULL, '1971-07-15', '1971-07-15', 797.20, 0.00, 0.00);
 insert into PERSON values (37, 'Jo', 'Marbach');
insert into TOPO values (37, 6683);
 insert into PERSON values (38, 'Lambert', 'Martin');
insert into TOPO values (38, 6683);
 insert into PERSON values (39, NULL, 'CRS');
insert into EXPLO values (39, 6683);
 insert into EXPLO values (19, 6683);
 insert into SHOT values (1726, 1739, 1740, 6683, 0.000, 352.43, 0.00, 0.000, 90.00, 0.00, 0.000, 90.00, 0.00);
insert into SHOT values (1727, 1739, 1741, 6683, 15.820, 116.43, 25.00, 15.814, 116.44, 25.03, 0.010, 279.15, 23.84);
insert into SHOT values (1728, 1741, 1742, 6683, 8.100, 95.43, 30.00, 8.105, 95.39, 29.98, 0.008, 61.31, -0.00);
insert into SHOT values (1729, 1742, 1743, 6683, 2.820, 156.43, 62.00, 2.823, 156.52, 61.89, 0.007, 174.94, 0.76);
insert into SHOT values (1730, 1743, 1744, 6683, 6.710, 182.43, 39.00, 6.708, 182.42, 38.98, 0.003, 92.04, -70.47);
insert into SHOT values (1731, 1744, 1745, 6683, 8.090, 128.43, 17.00, 8.089, 128.44, 16.96, 0.006, 203.91, -73.23);
insert into SHOT values (1732, 1745, 1746, 6683, 13.580, 117.43, -3.00, 13.571, 117.42, -3.00, 0.010, 315.32, 4.22);
insert into SHOT values (1733, 1746, 1747, 6683, 8.640, 97.43, -23.00, 8.641, 97.44, -22.95, 0.007, 115.66, 56.04);
insert into SHOT values (1734, 1747, 1748, 6683, 13.810, 109.43, 13.00, 13.810, 109.44, 12.97, 0.008, 177.42, -58.16);
insert into SHOT values (1735, 1748, 1749, 6683, 4.260, 82.43, 13.00, 4.266, 82.40, 13.01, 0.006, 60.14, 15.42);
insert into SHOT values (1736, 1749, 1750, 6683, 12.960, 102.43, -9.00, 12.961, 102.45, -9.01, 0.006, 185.21, -27.26);
insert into SHOT values (1737, 1750, 1751, 6683, 25.040, 100.43, 11.00, 25.035, 100.41, 11.01, 0.010, 337.05, 12.06);
insert into SHOT values (1738, 1751, 1752, 6683, 2.760, 125.43, 13.00, 2.759, 125.46, 12.98, 0.002, 230.92, -27.09);
insert into SHOT values (1739, 1752, 1753, 6683, 31.130, 103.43, 2.00, 31.131, 103.44, 2.01, 0.006, 185.28, 35.72);
insert into SHOT values (1740, 1753, 1754, 6683, 16.040, 100.43, 5.00, 16.045, 100.42, 5.01, 0.006, 64.65, 20.10);
insert into SHOT values (1741, 1754, 1755, 6683, 10.800, 100.43, 36.00, 10.798, 100.42, 36.02, 0.004, 297.09, 29.25);
insert into SHOT values (1742, 1755, 1756, 6683, 11.570, 100.43, -3.00, 11.567, 100.42, -3.02, 0.006, 293.47, -51.34);
insert into SHOT values (1743, 1756, 1757, 6683, 9.420, 98.43, -6.00, 9.423, 98.47, -5.97, 0.009, 157.70, 32.35);
insert into SHOT values (1744, 1757, 1758, 6683, 11.920, 155.43, 5.00, 11.921, 155.42, 4.96, 0.009, 107.04, -75.42);
insert into SHOT values (1745, 1758, 1759, 6683, 20.630, 85.43, 6.00, 20.629, 85.41, 6.01, 0.006, 340.23, 35.14);
insert into SHOT values (1746, 1759, 1760, 6683, 19.730, 66.43, -6.00, 19.727, 66.41, -5.99, 0.006, 305.57, 22.03);
insert into SHOT values (1747, 1760, 1761, 6683, 30.150, 85.43, 3.00, 30.157, 85.43, 3.00, 0.007, 87.43, 16.25);
insert into SHOT values (1748, 1761, 1762, 6683, 20.160, 69.43, -9.00, 20.157, 69.44, -9.02, 0.009, 198.17, -42.64);
insert into SHOT values (1749, 1762, 1763, 6683, 10.980, 48.43, -51.00, 10.980, 48.40, -50.98, 0.006, 5.47, 31.92);
insert into SHOT values (1750, 1763, 1764, 6683, 5.640, 87.43, -38.00, 5.639, 87.42, -37.98, 0.002, 8.80, 75.19);
insert into SHOT values (1751, 1764, 1765, 6683, 9.130, 1.43, -26.00, 9.126, 1.40, -26.00, 0.006, 233.17, 22.09);
insert into SHOT values (1752, 1765, 1766, 6683, 6.330, 1.43, 0.00, 6.332, 1.45, 0.00, 0.003, 47.94, 0.00);
insert into SHOT values (1753, 1766, 1767, 6683, 26.730, 257.43, 0.00, 26.731, 257.42, 0.00, 0.002, 201.91, 0.00);
insert into SHOT values (1754, 1767, 1768, 6683, 2.860, 322.43, 14.00, 2.859, 322.47, 13.97, 0.003, 76.13, -41.50);
insert into SHOT values (1755, 1764, 1769, 6683, 0.000, 352.43, 0.00, 0.000, 90.00, 0.00, 0.000, 90.00, 0.00);
insert into SHOT values (1756, 1764, 1770, 6683, 18.020, 83.43, -9.00, 18.018, 83.45, -9.00, 0.007, 190.06, -8.62);
insert into SHOT values (1757, 1770, 1771, 6683, 12.500, 65.43, -6.00, 12.504, 65.43, -6.01, 0.005, 81.30, -38.46);
insert into SHOT values (1758, 1771, 1772, 6683, 15.400, 93.43, 14.00, 15.395, 93.42, 14.02, 0.008, 302.11, 32.70);
insert into SHOT values (1759, 1772, 1773, 6683, 12.780, 95.43, -12.00, 12.786, 95.41, -12.01, 0.007, 63.67, -25.86);
insert into SHOT values (1760, 1773, 1774, 6683, 22.310, 75.43, -4.00, 22.311, 75.43, -4.01, 0.004, 13.92, -77.57);
insert into SHOT values (1761, 1774, 1775, 6683, 23.030, 84.43, 6.00, 23.024, 84.44, 6.01, 0.007, 237.26, 21.99);
insert into SHOT values (1762, 1775, 1776, 6683, 17.250, 75.43, 2.00, 17.255, 75.42, 1.99, 0.006, 60.89, -19.35);
insert into SHOT values (1763, 1776, 1777, 6683, 26.820, 64.43, -2.00, 26.813, 64.42, -1.99, 0.010, 274.22, 36.14);
insert into SHOT values (1764, 1777, 1778, 6683, 18.700, 89.43, 3.00, 18.707, 89.45, 3.00, 0.009, 133.49, 8.30);
insert into SHOT values (1765, 1778, 1779, 6683, 22.380, 83.43, 3.00, 22.378, 83.42, 3.00, 0.004, 313.03, -20.53);
insert into SHOT values (1766, 1779, 1780, 6683, 17.260, 88.43, 1.00, 17.259, 88.44, 1.00, 0.004, 195.26, -20.15);
insert into SHOT values (1767, 1780, 1781, 6683, 11.540, 89.43, 15.00, 11.544, 89.43, 15.01, 0.005, 107.03, 39.31);
insert into SHOT values (1768, 1781, 1782, 6683, 20.090, 78.43, -6.00, 20.087, 78.42, -6.00, 0.004, 300.30, -0.30);
insert into SHOT values (1769, 1782, 1783, 6683, 38.580, 83.43, 2.00, 38.576, 83.43, 1.99, 0.008, 232.70, -58.05);
insert into SHOT values (1770, 1783, 1784, 6683, 19.190, 82.43, 2.00, 19.199, 82.42, 2.00, 0.009, 71.08, 1.70);
insert into SHOT values (1771, 1784, 1785, 6683, 19.710, 77.43, 1.00, 19.706, 77.42, 1.02, 0.008, 278.35, 52.67);
insert into SHOT values (1772, 1785, 1786, 6683, 19.580, 85.43, -3.00, 19.579, 85.42, -3.02, 0.006, 328.92, -70.45);
insert into SHOT values (1773, 1786, 1787, 6683, 19.720, 108.43, 5.00, 19.722, 108.43, 5.00, 0.003, 84.68, 27.44);
insert into SHOT values (1774, 1787, 1788, 6683, 26.890, 71.43, 0.00, 26.889, 71.44, 0.00, 0.004, 176.87, 0.00);
insert into SHOT values (1775, 1788, 1789, 6683, 3.490, 82.43, 14.00, 3.493, 82.37, 13.92, 0.007, 39.92, -40.90);
insert into SHOT values (1776, 1789, 1790, 6683, 24.190, 61.43, 5.00, 24.185, 61.44, 5.01, 0.006, 214.31, 15.97);
insert into SHOT values (1777, 1790, 1791, 6683, 21.960, 47.43, -6.00, 21.960, 47.41, -5.99, 0.008, 326.20, 40.65);
insert into CENTRELINE values (6684, 6681, NULL, '1971-07-16', '1971-07-16', 218.35, 0.00, 0.00);
 insert into PERSON values (40, 'Alain', 'Marbach');
insert into TOPO values (40, 6684);
 insert into PERSON values (41, 'Bernard', 'Plan');
insert into TOPO values (41, 6684);
 insert into EXPLO values (39, 6684);
 insert into EXPLO values (19, 6684);
 insert into SHOT values (1778, 1791, 1792, 6684, 10.290, 84.43, 0.00, 10.289, 84.42, 0.00, 0.002, 306.76, 0.00);
insert into SHOT values (1779, 1792, 1793, 6684, 9.410, 158.43, 4.00, 9.409, 158.44, 3.96, 0.007, 252.85, -78.85);
insert into SHOT values (1780, 1793, 1794, 6684, 33.650, 147.43, 2.00, 33.653, 147.42, 2.01, 0.008, 86.02, 44.52);
insert into SHOT values (1781, 1794, 1795, 6684, 11.300, 155.43, 5.00, 11.301, 155.44, 4.97, 0.005, 200.94, -62.48);
insert into SHOT values (1782, 1795, 1796, 6684, 6.300, 144.43, 12.00, 6.295, 144.45, 12.01, 0.005, 297.09, 1.70);
insert into SHOT values (1783, 1796, 1797, 6684, 9.310, 184.43, -12.00, 9.309, 184.41, -11.97, 0.007, 101.19, 59.80);
insert into SHOT values (1784, 1797, 1798, 6684, 7.420, 153.43, 6.00, 7.419, 153.43, 5.96, 0.006, 266.36, -81.45);
insert into SHOT values (1785, 1798, 1799, 6684, 23.290, 159.43, 0.00, 23.297, 159.42, 0.00, 0.008, 127.30, 0.00);
insert into SHOT values (1786, 1799, 1800, 6684, 8.630, 154.43, 0.00, 8.624, 154.45, 0.00, 0.007, 313.38, 0.00);
insert into SHOT values (1787, 1800, 1801, 6684, 9.610, 95.43, 15.00, 9.610, 95.44, 15.02, 0.003, 207.18, 54.11);
insert into SHOT values (1788, 1801, 1802, 6684, 18.870, 125.43, 6.00, 18.869, 125.43, 5.99, 0.003, 236.68, -50.16);
insert into SHOT values (1789, 1802, 1803, 6684, 5.190, 95.43, -19.00, 5.194, 95.37, -18.99, 0.006, 48.11, -2.69);
insert into SHOT values (1790, 1803, 1804, 6684, 10.240, 93.43, 4.00, 10.244, 93.42, 4.03, 0.007, 73.36, 59.36);
insert into SHOT values (1791, 1804, 1805, 6684, 6.140, 110.43, -60.00, 6.140, 110.62, -60.04, 0.011, 219.36, -13.43);
insert into SHOT values (1792, 1805, 1806, 6684, 9.500, 98.43, 0.00, 9.502, 98.41, 0.00, 0.004, 45.90, 0.00);
insert into SHOT values (1793, 1806, 1807, 6684, 6.800, 200.43, 7.00, 6.797, 200.48, 7.01, 0.007, 319.05, 11.41);
insert into SHOT values (1794, 1807, 1808, 6684, 25.810, 249.43, 8.00, 25.810, 249.43, 8.00, 0.002, 303.05, -62.79);
insert into SHOT values (1795, 1808, 1809, 6684, 6.590, 192.43, 0.00, 6.593, 192.35, 0.00, 0.009, 118.01, 0.00);
insert into CENTRELINE values (6685, 6681, NULL, '1971-07-21', '1971-07-21', 571.97, 0.00, 0.00);
 insert into PERSON values (42, 'Jean-Claude', 'Coppenolle');
insert into TOPO values (42, 6685);
 insert into TOPO values (38, 6685);
 insert into EXPLO values (39, 6685);
 insert into EXPLO values (19, 6685);
 insert into SHOT values (1796, 1809, 1810, 6685, 16.540, 215.43, 24.00, 16.540, 215.44, 24.01, 0.003, 345.43, 51.59);
insert into SHOT values (1797, 1810, 1811, 6685, 2.300, 126.43, 0.00, 2.302, 126.52, 0.00, 0.004, 187.30, 0.00);
insert into SHOT values (1798, 1811, 1812, 6685, 6.100, 352.43, 90.00, 6.100, 90.00, 90.00, 0.000, 352.43, 81.15);
insert into SHOT values (1799, 1812, 1813, 6685, 3.140, 149.43, 0.00, 3.133, 149.51, 0.00, 0.008, 297.20, 0.00);
insert into SHOT values (1800, 1813, 1814, 6685, 5.040, 168.43, 12.00, 5.041, 168.42, 12.02, 0.002, 103.40, 58.40);
insert into SHOT values (1801, 1814, 1815, 6685, 19.860, 210.43, 20.00, 19.857, 210.43, 20.00, 0.004, 56.99, -42.86);
insert into SHOT values (1802, 1815, 1816, 6685, 8.990, 171.43, 13.00, 8.988, 171.40, 12.99, 0.006, 69.23, -24.59);
insert into SHOT values (1803, 1816, 1817, 6685, 3.610, 341.43, 44.00, 3.611, 341.36, 44.03, 0.004, 241.84, 33.64);
insert into SHOT values (1804, 1817, 1818, 6685, 5.180, 96.43, 39.00, 5.180, 96.42, 39.00, 0.001, 341.18, 7.63);
insert into SHOT values (1805, 1818, 1819, 6685, 8.900, 80.43, -13.00, 8.898, 80.44, -12.99, 0.003, 216.08, 44.96);
insert into SHOT values (1806, 1819, 1820, 6685, 13.100, 111.43, 7.00, 13.096, 111.43, 6.97, 0.007, 281.14, -61.87);
insert into SHOT values (1807, 1820, 1821, 6685, 9.940, 84.43, 2.00, 9.943, 84.46, 2.02, 0.006, 144.53, 31.33);
insert into SHOT values (1808, 1821, 1822, 6685, 14.000, 72.43, 4.00, 14.007, 72.42, 4.01, 0.008, 53.23, 25.99);
insert into SHOT values (1809, 1822, 1823, 6685, 5.270, 91.43, 54.00, 5.263, 91.48, 54.04, 0.008, 248.11, -26.11);
insert into SHOT values (1810, 1823, 1824, 6685, 14.830, 90.43, 9.00, 14.833, 90.43, 9.00, 0.003, 89.68, 1.47);
insert into SHOT values (1811, 1824, 1825, 6685, 13.480, 108.43, -19.00, 13.479, 108.43, -19.01, 0.002, 256.04, -35.10);
insert into SHOT values (1812, 1825, 1826, 6685, 1.900, 65.43, -19.00, 1.898, 65.29, -19.06, 0.005, 308.32, -16.24);
insert into SHOT values (1813, 1826, 1827, 6685, 5.100, 159.43, 3.00, 5.102, 159.43, 3.03, 0.004, 160.68, 59.87);
insert into SHOT values (1814, 1827, 1828, 6685, 21.850, 85.43, 6.00, 21.858, 85.44, 5.99, 0.010, 98.25, -24.00);
insert into SHOT values (1815, 1828, 1829, 6685, 8.930, 73.43, -7.00, 8.926, 73.41, -7.01, 0.006, 293.35, -16.26);
insert into SHOT values (1816, 1829, 1830, 6685, 14.820, 99.43, -14.00, 14.824, 99.44, -13.98, 0.008, 130.53, 41.41);
insert into SHOT values (1817, 1830, 1831, 6685, 15.900, 121.43, 18.00, 15.894, 121.42, 17.99, 0.007, 330.74, -28.39);
insert into SHOT values (1818, 1831, 1832, 6685, 1.090, 162.43, -17.00, 1.095, 162.78, -17.00, 0.008, 216.67, -9.57);
insert into SHOT values (1819, 1832, 1833, 6685, 19.060, 103.43, -7.00, 19.058, 103.42, -6.99, 0.005, 351.62, 35.40);
insert into SHOT values (1820, 1833, 1834, 6685, 7.850, 126.43, 5.00, 7.854, 126.37, 4.97, 0.010, 63.99, -24.88);
insert into SHOT values (1821, 1834, 1835, 6685, 20.360, 99.43, 3.00, 20.354, 99.46, 3.01, 0.012, 220.35, 21.44);
insert into SHOT values (1822, 1835, 1836, 6685, 11.880, 87.43, 1.00, 11.884, 87.40, 1.01, 0.009, 26.72, 17.71);
insert into SHOT values (1823, 1836, 1837, 6685, 23.680, 92.43, -2.00, 23.676, 92.45, -2.01, 0.009, 213.56, -24.78);
insert into SHOT values (1824, 1837, 1838, 6685, 11.480, 115.43, 1.00, 11.484, 115.43, 1.00, 0.004, 105.51, -4.99);
insert into SHOT values (1825, 1838, 1839, 6685, 10.800, 90.43, 17.00, 10.803, 90.39, 17.01, 0.008, 16.20, 16.83);
insert into SHOT values (1826, 1839, 1840, 6685, 5.200, 153.43, 35.00, 5.197, 153.50, 34.99, 0.006, 267.18, -26.29);
insert into SHOT values (1827, 1840, 1841, 6685, 14.850, 111.43, 17.00, 14.851, 111.43, 16.99, 0.002, 152.12, -48.71);
insert into SHOT values (1828, 1841, 1842, 6685, 13.450, 147.43, 5.00, 13.453, 147.40, 5.03, 0.011, 76.59, 46.78);
insert into SHOT values (1829, 1842, 1843, 6685, 9.700, 114.43, 9.00, 9.699, 114.48, 8.96, 0.011, 200.07, -42.50);
insert into SHOT values (1830, 1843, 1844, 6685, 6.900, 145.43, -6.00, 6.897, 145.45, -5.99, 0.004, 279.16, 18.56);
insert into SHOT values (1831, 1844, 1845, 6685, 5.300, 116.43, 4.00, 5.303, 116.37, 4.00, 0.006, 58.95, 2.57);
insert into SHOT values (1832, 1845, 1846, 6685, 5.650, 127.43, -1.00, 5.643, 127.44, -1.02, 0.007, 300.70, -11.41);
insert into SHOT values (1833, 1846, 1847, 6685, 12.030, 154.43, 8.00, 12.033, 154.45, 8.03, 0.007, 204.20, 53.98);
insert into SHOT values (1834, 1847, 1848, 6685, 32.970, 249.43, 4.00, 32.969, 249.42, 4.00, 0.005, 146.94, 1.42);
insert into SHOT values (1835, 1848, 1849, 6685, 7.350, 295.43, -14.00, 7.353, 295.49, -14.01, 0.008, 5.07, -13.87);
insert into SHOT values (1836, 1849, 1850, 6685, 5.850, 260.43, 1.00, 5.853, 260.36, 0.98, 0.008, 196.72, -14.79);
insert into SHOT values (1837, 1850, 1851, 6685, 6.550, 287.43, 1.00, 6.554, 287.49, 1.05, 0.010, 348.28, 33.95);
insert into SHOT values (1838, 1851, 1852, 6685, 8.850, 262.43, -25.00, 8.850, 262.41, -25.00, 0.004, 164.79, 2.78);
insert into SHOT values (1839, 1852, 1853, 6685, 18.450, 155.43, 25.00, 18.452, 155.41, 24.97, 0.011, 109.92, -43.39);
insert into SHOT values (1840, 1853, 1854, 6685, 9.230, 132.43, 10.00, 9.230, 132.41, 10.05, 0.008, 16.90, 67.87);
insert into SHOT values (1841, 1854, 1855, 6685, 9.220, 132.43, 10.00, 9.221, 132.46, 9.99, 0.004, 206.09, -13.65);
insert into SHOT values (1842, 1855, 1856, 6685, 10.100, 137.43, 5.00, 10.096, 137.46, 5.00, 0.007, 269.09, -2.40);
insert into SHOT values (1843, 1856, 1857, 6685, 6.300, 167.43, -24.00, 6.298, 167.34, -24.08, 0.013, 45.36, -35.69);
insert into SHOT values (1844, 1857, 1858, 6685, 33.600, 82.43, 3.00, 33.599, 82.43, 3.00, 0.002, 266.12, 44.31);
insert into SHOT values (1845, 1858, 1859, 6685, 6.100, 109.43, 17.00, 6.101, 109.43, 17.06, 0.007, 294.71, 78.35);
insert into SHOT values (1846, 1859, 1860, 6685, 5.960, 78.43, 17.00, 5.955, 78.45, 16.99, 0.006, 230.56, -27.45);
insert into SHOT values (1847, 1860, 1861, 6685, 1.230, 140.43, -11.00, 1.231, 140.38, -11.24, 0.005, 50.02, -77.97);
insert into SHOT values (1848, 1861, 1862, 6685, 12.150, 109.43, 7.00, 12.147, 109.43, 7.00, 0.003, 303.10, -12.88);
insert into CENTRELINE values (6686, 6681, NULL, '1971-07-20', '1971-07-20', 764.54, 0.00, 116.43);
 insert into PERSON values (43, 'Richard', 'Bednarek');
insert into TOPO values (43, 6686);
 insert into PERSON values (44, 'Jean-Claude', 'Dobrilla');
insert into TOPO values (44, 6686);
 insert into EXPLO values (39, 6686);
 insert into EXPLO values (19, 6686);
 insert into SHOT values (1849, 1791, 1863, 6686, 0.000, 352.43, 0.00, 0.000, 90.00, 0.00, 0.000, 90.00, 0.00);
insert into SHOT values (1850, 1791, 1864, 6686, 9.170, 8.43, -9.00, 9.172, 8.44, -9.03, 0.006, 71.13, -66.98);
insert into SHOT values (1851, 1864, 1865, 6686, 7.070, 63.43, 7.00, 7.074, 63.43, 6.98, 0.004, 72.04, -22.02);
insert into SHOT values (1852, 1865, 1866, 6686, 4.540, 59.43, -7.00, 4.539, 59.45, -6.96, 0.004, 175.01, 61.39);
insert into SHOT values (1853, 1866, 1867, 6686, 17.120, 86.43, 7.00, 17.121, 86.42, 7.01, 0.004, 16.73, 60.63);
insert into SHOT values (1854, 1867, 1868, 6686, 12.540, 94.43, -12.00, 12.532, 94.45, -12.02, 0.010, 254.71, -16.09);
insert into SHOT values (1855, 1868, 1869, 6686, 12.200, 104.43, 3.00, 12.202, 104.45, 3.01, 0.004, 164.82, 20.15);
insert into SHOT values (1856, 1869, 1870, 6686, 43.220, 91.43, 0.00, 43.223, 91.43, 0.00, 0.004, 111.55, 0.00);
insert into SHOT values (1857, 1870, 1871, 6686, 77.220, 86.43, 0.00, 77.220, 86.43, 0.00, 0.002, 354.88, 0.00);
insert into SHOT values (1858, 1871, 1872, 6686, 12.180, 96.43, 0.00, 12.176, 96.41, 0.00, 0.005, 320.11, 0.00);
insert into SHOT values (1859, 1872, 1873, 6686, 22.390, 76.43, 0.00, 22.394, 76.44, 0.00, 0.006, 124.12, 0.00);
insert into SHOT values (1860, 1873, 1874, 6686, 22.270, 76.43, 0.00, 22.273, 76.42, 0.00, 0.005, 19.53, 0.00);
insert into SHOT values (1861, 1874, 1875, 6686, 3.590, 331.43, -6.00, 3.587, 331.35, -6.08, 0.008, 204.57, -37.66);
insert into SHOT values (1862, 1875, 1876, 6686, 1.850, 10.43, 10.00, 1.848, 10.45, 9.97, 0.002, 174.49, -34.78);
insert into SHOT values (1863, 1876, 1877, 6686, 1.710, 42.43, -18.00, 1.709, 42.51, -17.72, 0.009, 97.86, 71.77);
insert into SHOT values (1864, 1877, 1878, 6686, 4.510, 352.43, 87.00, 4.506, 352.87, 86.92, 0.007, 10.30, -31.96);
insert into SHOT values (1865, 1878, 1879, 6686, 6.840, 307.43, 3.00, 6.844, 307.39, 3.02, 0.006, 254.61, 18.49);
insert into SHOT values (1866, 1879, 1880, 6686, 4.660, 68.43, 22.00, 4.660, 68.42, 21.92, 0.006, 50.62, -66.53);
insert into SHOT values (1867, 1880, 1881, 6686, 6.000, 68.43, 15.00, 6.002, 68.44, 15.07, 0.007, 154.74, 84.14);
insert into SHOT values (1868, 1881, 1882, 6686, 6.510, 69.43, 15.00, 6.511, 69.43, 14.95, 0.006, 76.68, -60.25);
insert into SHOT values (1869, 1882, 1883, 6686, 16.350, 87.43, 10.00, 16.345, 87.44, 10.01, 0.006, 249.94, 8.41);
insert into SHOT values (1870, 1883, 1884, 6686, 8.310, 82.43, 0.00, 8.313, 82.40, 0.00, 0.006, 24.68, 0.00);
insert into SHOT values (1871, 1884, 1885, 6686, 7.810, 77.43, 10.00, 7.813, 77.46, 10.02, 0.006, 142.22, 37.82);
insert into SHOT values (1872, 1885, 1886, 6686, 4.330, 78.43, 0.00, 4.328, 78.40, 0.00, 0.003, 307.69, 0.00);
insert into SHOT values (1873, 1886, 1887, 6686, 8.740, 122.43, 0.00, 8.744, 122.44, 0.00, 0.004, 134.71, 0.00);
insert into SHOT values (1874, 1887, 1888, 6686, 9.190, 87.43, 3.00, 9.182, 87.44, 3.00, 0.008, 259.58, -6.64);
insert into SHOT values (1875, 1888, 1889, 6686, 16.740, 87.43, 0.00, 16.747, 87.43, 0.00, 0.007, 95.02, 0.00);
insert into SHOT values (1876, 1889, 1890, 6686, 5.820, 96.43, 4.00, 5.820, 96.43, 3.94, 0.006, 74.32, -83.07);
insert into SHOT values (1877, 1890, 1891, 6686, 5.900, 96.43, 3.00, 5.895, 96.44, 3.01, 0.005, 268.09, 14.09);
insert into SHOT values (1878, 1891, 1892, 6686, 6.140, 75.43, -4.00, 6.142, 75.44, -4.01, 0.003, 113.14, -38.93);
insert into SHOT values (1879, 1892, 1893, 6686, 12.990, 86.43, -2.00, 12.993, 86.42, -1.98, 0.005, 62.05, 43.58);
insert into SHOT values (1880, 1893, 1894, 6686, 17.950, 86.43, 3.00, 17.950, 86.42, 3.00, 0.004, 350.88, 8.33);
insert into SHOT values (1881, 1894, 1895, 6686, 9.080, 101.43, -2.00, 9.076, 101.45, -2.02, 0.006, 249.33, -32.92);
insert into SHOT values (1882, 1895, 1896, 6686, 8.310, 162.43, 0.00, 8.308, 162.42, 0.00, 0.003, 32.11, 0.00);
insert into SHOT values (1883, 1896, 1897, 6686, 6.850, 260.43, 0.00, 6.855, 260.43, 0.00, 0.005, 257.53, 0.00);
insert into SHOT values (1884, 1897, 1898, 6686, 3.610, 190.43, 0.00, 3.609, 190.38, 0.00, 0.004, 84.34, 0.00);
insert into SHOT values (1885, 1898, 1899, 6686, 9.750, 170.43, 0.00, 9.755, 170.44, 0.00, 0.006, 189.49, 0.00);
insert into SHOT values (1886, 1899, 1900, 6686, 11.890, 103.43, 0.00, 11.895, 103.42, 0.00, 0.005, 73.21, 0.00);
insert into SHOT values (1887, 1900, 1901, 6686, 10.520, 128.43, 1.00, 10.522, 128.44, 1.03, 0.007, 174.01, 70.97);
insert into SHOT values (1888, 1901, 1902, 6686, 10.510, 68.43, 0.00, 10.509, 68.39, 0.00, 0.007, 327.05, 0.00);
insert into SHOT values (1889, 1902, 1903, 6686, 8.120, 133.43, 0.00, 8.121, 133.40, 0.00, 0.004, 54.45, 0.00);
insert into SHOT values (1890, 1903, 1904, 6686, 3.670, 201.43, 0.00, 3.673, 201.40, 0.00, 0.004, 166.56, 0.00);
insert into SHOT values (1891, 1904, 1905, 6686, 11.220, 84.43, 4.00, 11.220, 84.41, 3.99, 0.005, 2.80, -36.26);
insert into SHOT values (1892, 1905, 1906, 6686, 6.420, 239.43, 0.00, 6.595, 236.50, 0.00, 0.376, 175.78, 0.00);
insert into SHOT_FLAG values(1892, 'dpl');
insert into SHOT values (1893, 1906, 1907, 6686, 15.480, 214.43, 0.00, 15.785, 210.58, 0.00, 1.094, 138.68, 0.00);
insert into SHOT_FLAG values(1893, 'dpl');
insert into SHOT values (1894, 1907, 1908, 6686, 6.950, 227.43, 0.00, 7.184, 224.77, 0.00, 0.403, 171.67, 0.00);
insert into SHOT_FLAG values(1894, 'dpl');
insert into SHOT values (1895, 1908, 1909, 6686, 6.670, 251.43, 4.00, 6.792, 248.17, 3.97, 0.401, 177.53, 0.67);
insert into SHOT_FLAG values(1895, 'dpl');
insert into SHOT values (1896, 1909, 1910, 6686, 8.500, 235.43, -3.00, 8.697, 232.06, -2.90, 0.542, 165.07, 0.51);
insert into SHOT_FLAG values(1896, 'dpl');
insert into SHOT values (1897, 1910, 1911, 6686, 4.370, 200.43, -3.00, 4.683, 199.48, -2.81, 0.323, 186.53, -0.23);
insert into SHOT_FLAG values(1897, 'dpl');
insert into SHOT values (1898, 1911, 1912, 6686, 4.780, 236.43, 7.00, 4.954, 234.02, 6.84, 0.268, 185.77, 1.60);
insert into SHOT_FLAG values(1898, 'dpl');
insert into SHOT values (1899, 1912, 1913, 6686, 3.900, 271.43, 0.00, 3.901, 268.53, 0.00, 0.197, 180.35, 0.00);
insert into SHOT_FLAG values(1899, 'dpl');
insert into SHOT values (1900, 1913, 1914, 6686, 4.570, 234.43, 0.00, 4.767, 232.07, 0.00, 0.275, 188.94, 0.00);
insert into SHOT_FLAG values(1900, 'dpl');
insert into SHOT values (1901, 1914, 1915, 6686, 9.120, 259.43, 0.00, 9.208, 255.15, 0.00, 0.690, 174.58, 0.00);
insert into SHOT_FLAG values(1901, 'dpl');
insert into SHOT values (1902, 1915, 1916, 6686, 10.580, 193.43, 41.00, 10.834, 192.49, 37.87, 0.652, 179.55, -26.51);
insert into SHOT_FLAG values(1902, 'dpl');
insert into SHOT values (1903, 1916, 1917, 6686, 8.190, 212.43, 13.00, 8.472, 210.41, 12.27, 0.416, 167.52, -5.84);
insert into SHOT_FLAG values(1903, 'dpl');
insert into SHOT values (1904, 1917, 1918, 6686, 0.730, 352.43, 90.00, 0.734, 172.87, 83.70, 0.081, 172.87, 0.00);
insert into SHOT_FLAG values(1904, 'dpl');
insert into SHOT values (1905, 1918, 1919, 6686, 1.260, 256.43, 13.00, 1.266, 256.41, 12.78, 0.008, 253.53, -26.66);
insert into SHOT_FLAG values(1905, 'dpl');
insert into SHOT values (1906, 1919, 1920, 6686, 4.700, 251.43, -26.00, 4.697, 251.35, -26.01, 0.006, 136.99, 3.06);
insert into SHOT_FLAG values(1906, 'dpl');
insert into SHOT values (1907, 1920, 1921, 6686, 13.920, 238.43, 0.00, 13.916, 238.46, 0.00, 0.008, 358.99, 0.00);
insert into SHOT_FLAG values(1907, 'dpl');
insert into SHOT values (1908, 1921, 1922, 6686, 6.290, 240.43, 0.00, 6.292, 240.38, 0.00, 0.006, 172.82, 0.00);
insert into SHOT_FLAG values(1908, 'dpl');
insert into SHOT values (1909, 1918, 1923, 6686, 0.000, 352.43, 0.00, 0.000, 90.00, 0.00, 0.000, 90.00, 0.00);
insert into SHOT values (1910, 1918, 1924, 6686, 10.110, 165.43, -4.00, 10.108, 165.47, -4.03, 0.009, 278.35, -33.60);
insert into SHOT values (1911, 1924, 1925, 6686, 10.940, 217.43, 9.00, 10.950, 217.41, 9.04, 0.013, 195.30, 41.01);
insert into SHOT values (1912, 1925, 1926, 6686, 12.190, 75.43, 0.00, 12.193, 75.42, 0.00, 0.004, 30.17, 0.00);
insert into SHOT values (1913, 1926, 1927, 6686, 8.000, 57.43, -8.00, 8.007, 57.41, -8.04, 0.009, 35.23, -45.65);
insert into SHOT values (1914, 1927, 1928, 6686, 9.070, 79.43, 13.00, 9.072, 79.44, 13.00, 0.003, 114.79, -6.55);
insert into SHOT values (1915, 1928, 1929, 6686, 7.300, 93.43, -10.00, 7.294, 93.43, -10.03, 0.007, 271.15, -20.85);
insert into SHOT values (1916, 1929, 1930, 6686, 9.110, 59.43, 8.00, 9.108, 59.48, 8.02, 0.009, 162.69, 14.01);
insert into SHOT values (1917, 1930, 1931, 6686, 9.640, 64.43, 0.00, 9.648, 64.39, 0.00, 0.010, 24.15, 0.00);
insert into SHOT values (1918, 1931, 1932, 6686, 11.590, 64.43, -6.00, 11.581, 64.44, -6.00, 0.009, 236.72, 9.28);
insert into SHOT values (1919, 1932, 1933, 6686, 14.550, 73.43, 5.00, 14.556, 73.45, 5.01, 0.008, 116.63, 13.00);
insert into SHOT values (1920, 1933, 1934, 6686, 4.990, 129.43, 0.00, 4.981, 129.38, 0.00, 0.010, 335.36, 0.00);
insert into SHOT values (1921, 1934, 1935, 6686, 11.360, 82.43, 0.00, 11.358, 82.46, 0.00, 0.007, 188.68, 0.00);
insert into SHOT values (1922, 1935, 1936, 6686, 10.300, 83.43, 3.00, 10.302, 83.41, 3.00, 0.004, 27.98, 14.84);
insert into SHOT values (1923, 1936, 1937, 6686, 7.980, 88.43, -1.00, 7.984, 88.42, -1.00, 0.004, 71.55, -9.34);
insert into SHOT values (1924, 1905, 1938, 6686, 0.000, 352.43, 0.00, 0.000, 90.00, 0.00, 0.000, 90.00, 0.00);
insert into SHOT values (1925, 1905, 1939, 6686, 5.810, 352.43, -15.00, 5.806, 352.42, -14.97, 0.005, 192.52, 49.48);
insert into SHOT values (1926, 1939, 1940, 6686, 10.150, 75.43, 4.00, 10.150, 75.41, 3.95, 0.009, 6.76, -70.20);
insert into SHOT values (1927, 1940, 1941, 6686, 3.570, 44.43, 0.00, 3.571, 44.43, 0.00, 0.001, 53.30, 0.00);
insert into SHOT values (1928, 1941, 1942, 6686, 10.530, 65.43, 10.00, 10.529, 65.44, 10.01, 0.003, 209.37, 34.34);
insert into SHOT values (1929, 1942, 1943, 6686, 4.980, 76.43, -10.00, 4.972, 76.42, -9.96, 0.009, 264.50, 32.55);
insert into SHOT values (1930, 1943, 1944, 6686, 3.910, 41.43, 0.00, 3.911, 41.48, 0.00, 0.003, 120.00, 0.00);
insert into SHOT values (1931, 1944, 1945, 6686, 6.610, 82.43, 4.00, 6.614, 82.42, 3.99, 0.004, 69.35, -15.95);
insert into SHOT values (1932, 1816, 1946, 6686, 0.000, 352.43, 0.00, 0.000, 90.00, 0.00, 0.000, 90.00, 0.00);
insert into SHOT values (1933, 1816, 1947, 6686, 3.910, 303.43, 43.00, 3.912, 303.30, 43.04, 0.007, 212.94, 27.74);
insert into SHOT values (1934, 1947, 1948, 6686, 5.440, 168.43, 17.00, 5.433, 168.45, 17.02, 0.007, 332.76, -3.87);
insert into SHOT values (1935, 1948, 1949, 6686, 2.910, 290.43, 11.00, 2.900, 290.34, 10.93, 0.011, 136.05, -28.01);
insert into SHOT values (1936, 1949, 1950, 6686, 4.080, 223.43, -28.00, 4.076, 223.54, -27.95, 0.009, 330.68, 37.74);
insert into SHOT values (1937, 1950, 1951, 6686, 4.850, 292.43, -11.00, 4.848, 292.36, -11.06, 0.008, 173.80, -34.81);
insert into SHOT values (1938, 1951, 1952, 6686, 18.520, 294.43, -17.00, 18.525, 294.44, -16.98, 0.009, 316.16, 33.53);
insert into SHOT values (1939, 1952, 1953, 6686, 4.900, 342.43, -28.00, 4.894, 342.49, -28.03, 0.008, 127.44, 3.10);
insert into SHOT values (1940, 1953, 1954, 6686, 8.980, 264.43, 2.00, 8.978, 264.44, 1.98, 0.004, 63.54, -54.67);
insert into SHOT values (1941, 1954, 1955, 6686, 11.580, 244.43, -19.00, 11.580, 244.46, -19.00, 0.007, 330.54, 0.68);
insert into SHOT values (1942, 1955, 1956, 6686, 9.700, 257.43, -10.00, 9.696, 257.42, -9.98, 0.006, 105.97, 48.98);
insert into SHOT values (1943, 1956, 1957, 6686, 8.710, 266.43, -21.00, 8.717, 266.41, -21.04, 0.010, 229.41, -56.72);
insert into SHOT values (1944, 1957, 1958, 6686, 4.670, 268.43, -20.00, 4.671, 268.43, -19.90, 0.008, 273.98, 65.54);
insert into SHOT values (1945, 1958, 1959, 6686, 4.210, 276.43, 20.00, 4.209, 276.39, 20.01, 0.003, 158.19, 1.66);
insert into CENTRELINE values (6687, 6681, NULL, '1971-07-21', '1971-07-21', 233.46, 0.00, 0.00);
 insert into PERSON values (45, 'Jean-Marc', 'Mattlet');
insert into TOPO values (45, 6687);
 insert into PERSON values (46, 'Guy', 'Sevenier');
insert into TOPO values (46, 6687);
 insert into EXPLO values (39, 6687);
 insert into EXPLO values (19, 6687);
 insert into SHOT values (1946, 1959, 1960, 6687, 0.000, 352.43, 0.00, 0.000, 90.00, 0.00, 0.000, 90.00, 0.00);
insert into SHOT values (1947, 1959, 1961, 6687, 3.120, 102.43, 21.00, 3.121, 102.27, 20.84, 0.012, 38.28, -42.35);
insert into SHOT values (1948, 1961, 1962, 6687, 6.020, 180.43, 79.00, 6.021, 180.50, 78.99, 0.002, 225.21, 17.36);
insert into SHOT values (1949, 1962, 1963, 6687, 2.660, 252.43, 0.00, 2.666, 252.31, 0.00, 0.008, 210.14, 0.00);
insert into SHOT values (1950, 1963, 1964, 6687, 4.760, 268.43, -11.00, 4.757, 268.53, -10.90, 0.012, 5.66, 45.78);
insert into SHOT values (1951, 1964, 1965, 6687, 6.240, 256.43, 0.00, 6.245, 256.39, 0.00, 0.007, 215.24, 0.00);
insert into SHOT values (1952, 1965, 1966, 6687, 7.070, 255.43, 2.00, 7.062, 255.39, 1.95, 0.011, 106.91, -37.25);
insert into SHOT values (1953, 1966, 1967, 6687, 7.000, 254.43, 14.00, 7.007, 254.47, 14.04, 0.010, 293.10, 40.04);
insert into SHOT values (1954, 1967, 1968, 6687, 9.600, 257.43, 9.00, 9.595, 257.44, 8.99, 0.006, 52.51, -17.16);
insert into SHOT values (1955, 1968, 1969, 6687, 9.000, 227.43, -32.00, 9.004, 227.39, -31.99, 0.007, 172.03, -6.07);
insert into SHOT values (1956, 1969, 1970, 6687, 5.590, 264.43, 0.00, 5.596, 264.46, 0.00, 0.007, 291.68, 0.00);
insert into SHOT values (1957, 1970, 1971, 6687, 17.380, 254.43, 10.00, 17.372, 254.44, 10.01, 0.009, 62.61, 12.66);
insert into SHOT values (1958, 1971, 1972, 6687, 27.260, 257.43, -4.00, 27.269, 257.43, -4.02, 0.012, 256.51, -45.11);
insert into SHOT values (1959, 1972, 1973, 6687, 3.080, 257.43, 15.00, 3.078, 257.37, 15.07, 0.005, 124.25, 32.05);
insert into SHOT values (1960, 1973, 1974, 6687, 9.700, 248.43, -17.00, 9.701, 248.44, -16.96, 0.007, 273.52, 60.15);
insert into SHOT values (1961, 1974, 1975, 6687, 3.580, 218.43, 22.00, 3.578, 218.39, 22.00, 0.003, 85.75, -18.98);
insert into SHOT values (1962, 1975, 1976, 6687, 20.260, 260.43, -5.00, 20.257, 260.44, -5.01, 0.007, 20.97, -36.48);
insert into SHOT values (1963, 1976, 1977, 6687, 11.720, 256.43, -18.00, 11.725, 256.41, -17.98, 0.007, 225.05, 14.01);
insert into SHOT values (1964, 1977, 1978, 6687, 4.270, 262.43, -20.00, 4.263, 262.40, -20.03, 0.008, 100.77, 3.19);
insert into SHOT values (1965, 1959, 1979, 6687, 0.000, 352.43, 0.00, 0.000, 90.00, 0.00, 0.000, 90.00, 0.00);
insert into SHOT values (1966, 1959, 1980, 6687, 3.250, 305.43, 17.00, 3.247, 305.43, 17.01, 0.003, 125.36, -3.95);
insert into SHOT values (1967, 1980, 1981, 6687, 2.950, 52.43, 5.00, 2.955, 52.31, 4.85, 0.011, 4.84, -40.98);
insert into SHOT values (1968, 1981, 1982, 6687, 8.550, 280.43, -12.00, 8.553, 280.40, -11.94, 0.010, 231.05, 49.75);
insert into SHOT values (1969, 1982, 1983, 6687, 2.850, 338.43, -29.00, 2.854, 338.58, -29.15, 0.011, 73.49, -51.24);
insert into SHOT values (1970, 1983, 1984, 6687, 3.280, 95.43, 44.00, 3.282, 95.35, 44.01, 0.004, 19.36, 23.58);
insert into SHOT values (1971, 1984, 1985, 6687, 8.940, 79.43, -1.00, 8.931, 79.48, -0.96, 0.013, 215.94, 26.89);
insert into SHOT values (1972, 1985, 1986, 6687, 6.480, 357.43, -9.00, 6.487, 357.49, -9.05, 0.011, 48.18, -34.07);
insert into SHOT values (1973, 1986, 1987, 6687, 3.340, 340.43, -20.00, 3.344, 340.30, -19.93, 0.009, 287.35, 14.40);
insert into SHOT values (1974, 1987, 1988, 6687, 5.690, 305.43, -17.00, 5.684, 305.42, -16.98, 0.007, 139.82, 31.77);
insert into SHOT values (1975, 1988, 1989, 6687, 2.690, 91.43, -18.00, 2.692, 91.34, -17.96, 0.005, 32.45, 15.35);
insert into SHOT values (1976, 1989, 1990, 6687, 1.680, 340.43, -24.00, 1.679, 340.14, -24.26, 0.011, 224.18, -38.15);
insert into SHOT values (1977, 1990, 1991, 6687, 2.490, 340.43, -11.00, 2.493, 340.68, -10.87, 0.012, 51.44, 24.67);
insert into SHOT values (1978, 1991, 1992, 6687, 7.210, 326.43, -40.00, 7.215, 326.37, -40.03, 0.008, 251.50, -41.22);
insert into SHOT values (1979, 1992, 1993, 6687, 6.870, 350.43, 0.00, 6.865, 350.44, 0.00, 0.005, 154.35, 0.00);
insert into SHOT values (1980, 1993, 1994, 6687, 8.880, 298.43, 0.00, 8.882, 298.44, 0.00, 0.003, 337.53, 0.00);
insert into SCRAPS values (6689, 6679, 'SP-GL4_Amonts_01', 1, 0.53464, 0.00884);
 insert into SCRAPS values (6900, 6679, 'SP-GL4_Amonts_02', 1, 43.93451, 0.73688);
 insert into SCRAPS values (6928, 6679, 'SP-GL4_Amonts_03', 1, 0.22761, 0.04005);
 insert into SCRAPS values (6941, 6679, 'SP-GL4_Amonts_04', 1, 4.01951, 1.02958);
 insert into SCRAPS values (6959, 6679, 'SP-GL4_Amonts_05', 1, 1.17073, 0.01582);
 insert into SCRAPS values (7118, 6679, 'SP-GL4_Amonts_06', 1, 31.53031, 0.17042);
 insert into SCRAPS values (7185, 6679, 'SP-GL4_Amonts_07', 1, 0.43340, 0.00903);
 insert into SCRAPS values (7265, 6679, 'SP-GL4_Amonts_08', 1, 12.50327, 0.08551);
 insert into SCRAPS values (7352, 6679, 'SC-GL4_Amonts_01', 2, 99.84032, 53.37281);
 insert into SCRAPS values (7857, 6679, 'SC-GL4_Amonts_02', 2, 0.00000, 0.00000);
 insert into SCRAPS values (7859, 6679, 'SC-GL4_Amonts_03', 2, 0.00000, 0.00000);
 insert into SCRAPS values (7861, 6679, 'SC-GL4_Amonts_04', 2, 0.00000, 0.00000);
 insert into SCRAPS values (7863, 6679, 'SC-GL4_Amonts_05', 2, 0.00000, 0.00000);
 insert into SCRAPS values (7865, 6679, 'SC-GL4_Amonts_06', 2, 0.00000, 0.00000);
 insert into SCRAPS values (7867, 6679, 'SC-GL4_Amonts_07', 2, 0.00000, 0.00000);
 insert into SCRAPS values (7869, 6679, 'SC-GL4_Amonts_08', 2, 0.00000, 0.00000);
 insert into MAPS values (7871, 6679, 'MP-GL04_Amonts-Plan-tot', 'GL04_Amonts', 1, 2585.520, -87.690);
 insert into MAPITEMS values (7871, 4, 6689);
 insert into MAPITEMS values (7871, 4, 6900);
 insert into MAPITEMS values (7871, 4, 6941);
 insert into MAPITEMS values (7871, 4, 6959);
 insert into MAPITEMS values (7871, 4, 7118);
 insert into MAPITEMS values (7871, 4, 7185);
 insert into MAPITEMS values (7871, 4, 7265);
 insert into MAPS values (7872, 6679, 'MC-GL04_Amonts-Extended-tot', 'GL04_Amonts', 2, 2585.520, -87.690);
 insert into MAPITEMS values (7872, 4, 7352);
 insert into MAPITEMS values (7872, 4, 7857);
 insert into MAPITEMS values (7872, 4, 7859);
 insert into MAPITEMS values (7872, 4, 7861);
 insert into MAPITEMS values (7872, 4, 7863);
 insert into MAPITEMS values (7872, 4, 7865);
 insert into MAPITEMS values (7872, 4, 7867);
 insert into MAPITEMS values (7872, 4, 7869);
 insert into SURVEY values (7876, 58, 'GL80', 'GL80.Complexe_Lonne_Peyret-Bourrugues', 'GL80');
 insert into CENTRELINE values (7877, 7876, NULL, NULL, NULL, 0.00, 0.00, 0.00);
 insert into SURVEY values (7878, 7876, 'GL80_Entree', 'GL80_Entree.GL80.Complexe_Lonne_Peyret-Bourrugues', 'Gouffre GL80');
 insert into CENTRELINE values (7879, 7878, NULL, NULL, NULL, 0.00, 0.00, 0.00);
 insert into CENTRELINE values (7880, 7878, NULL, '2024-12-30', NULL, 0.00, 0.00, 0.00);
 insert into PERSON values (47, 'Alexandre', 'Pont');
insert into TOPO values (47, 7880);
 insert into EXPLO values (15, 7880);
 insert into SHOT values (1981, 1995, 1996, 7880, 0.000, 359.70, 0.00, 0.000, 90.00, 0.00, 0.000, 90.00, 0.00);
insert into SCRAPS values (7882, 7876, 'SP-GL80_Entree_01', 1, 0.00000, 0.00000);
 insert into SCRAPS values (7887, 7876, 'SC-GL80_Entree_01', 2, 0.00000, 0.00000);
 insert into MAPS values (7890, 7876, 'MP-GL80-Plan-tot', 'GL80', 1, 0.000, nan);
 insert into MAPITEMS values (7890, 4, 7882);
 insert into MAPS values (7891, 7876, 'MC-GL80-Extended-tot', 'GL80', 2, 0.000, nan);
 insert into MAPITEMS values (7891, 4, 7887);
 insert into SURVEY values (7893, 58, 'Gouffre_du_Lonne_Peyret', 'Gouffre_du_Lonne_Peyret.Complexe_Lonne_Peyret-Bourrugues', 'Gouffre du Lonne Peyret');
 insert into CENTRELINE values (7894, 7893, NULL, NULL, NULL, 0.00, 0.00, 0.00);
 insert into SURVEY values (7895, 7893, 'GL102_Entree_01', 'GL102_Entree_01.Gouffre_du_Lonne_Peyret.Complexe_Lonne_Peyret-Bourrugues', 'GL102 - Gouffre du Lonne Peyret - Entree');
 insert into CENTRELINE values (7896, 7895, NULL, NULL, NULL, 0.00, 0.00, 0.00);
 insert into CENTRELINE values (7897, 7895, NULL, '2024-08-05', '2024-01-01', 341.65, 0.00, 0.00);
 insert into TOPO values (47, 7897);
 insert into PERSON values (48, 'Pierre', 'Senon');
insert into TOPO values (48, 7897);
 insert into EXPLO values (15, 7897);
 insert into PERSON values (49, NULL, 'CESAME');
insert into EXPLO values (49, 7897);
 insert into EXPLO values (19, 7897);
 insert into PERSON values (50, 'Clan', 'des Tritons');
insert into EXPLO values (50, 7897);
 insert into SHOT values (1982, 1997, 1998, 7897, 0.220, 95.64, -7.10, 0.223, 95.19, -7.73, 0.004, 62.25, -42.18);
insert into SHOT values (1983, 1997, 1999, 7897, 0.400, 147.14, -6.20, 0.399, 146.31, -5.76, 0.007, 46.34, 28.78);
insert into SHOT values (1984, 1997, 2000, 7897, 0.530, 35.24, -0.40, 0.530, 35.79, 0.00, 0.006, 124.31, 35.91);
insert into SHOT values (1985, 1997, 2001, 7897, 0.790, 334.24, 2.60, 0.788, 334.41, 2.91, 0.005, 103.75, 53.22);
insert into SHOT values (1986, 1997, 2002, 7897, 0.670, 278.54, -4.60, 0.669, 278.62, -4.28, 0.004, 27.15, 75.43);
insert into SHOT values (1987, 1997, 2003, 7897, 3.380, 0.54, 4.40, 3.380, 0.51, 4.41, 0.002, 273.99, 23.68);
insert into SHOT values (1988, 1997, 2004, 7897, 4.480, 5.34, 3.70, 4.479, 5.39, 3.71, 0.004, 107.03, 11.55);
insert into SHOT values (1989, 1997, 2005, 7897, 1.670, 11.14, 2.50, 1.672, 11.04, 2.40, 0.005, 323.13, -37.12);
insert into SHOT values (1990, 1997, 2006, 7897, 0.230, 130.94, -79.00, 0.234, 135.00, -79.55, 0.005, 248.46, -51.26);
insert into SHOT values (1991, 1997, 2007, 7897, 1.110, 86.54, 60.60, 1.111, 86.82, 60.86, 0.006, 233.26, 31.19);
insert into SHOT values (1992, 1997, 2008, 7897, 2.280, 0.34, -0.30, 2.280, 0.25, -0.25, 0.004, 271.19, 29.68);
insert into SHOT values (1993, 2008, 2009, 7897, 0.230, 277.94, -0.60, 0.222, 277.77, 0.00, 0.008, 102.72, 16.79);
insert into SHOT values (1994, 2008, 2010, 7897, 0.300, 86.54, -1.40, 0.301, 86.19, -1.90, 0.003, 18.70, -53.34);
insert into SHOT values (1995, 2008, 2011, 7897, 0.830, 31.84, -3.90, 0.829, 32.15, -4.15, 0.006, 137.65, -36.85);
insert into SHOT values (1996, 2008, 2012, 7897, 1.470, 18.44, -5.20, 1.474, 18.68, -5.45, 0.010, 80.38, -43.58);
insert into SHOT values (1997, 2008, 2013, 7897, 1.610, 0.34, -5.20, 1.607, 0.36, -5.36, 0.005, 170.22, -50.24);
insert into SHOT values (1998, 2008, 2014, 7897, 0.970, 341.84, -2.00, 0.969, 341.94, -2.37, 0.007, 116.78, -68.25);
insert into SHOT values (1999, 2008, 2015, 7897, 0.660, 166.24, -87.10, 0.661, 161.57, -87.26, 0.003, 40.20, -14.86);
insert into SHOT values (2000, 2008, 2016, 7897, 2.150, 43.64, 58.00, 2.147, 43.93, 57.97, 0.007, 140.45, -29.16);
insert into SHOT values (2001, 2008, 2017, 7897, 1.230, 356.34, 29.60, 1.233, 356.79, 29.65, 0.009, 72.00, 15.63);
insert into SHOT values (2002, 2017, 2018, 7897, 0.630, 71.24, -2.60, 0.624, 71.27, -2.76, 0.007, 247.58, -12.54);
insert into SHOT values (2003, 2017, 2019, 7897, 0.590, 124.64, -10.20, 0.585, 125.07, -10.84, 0.010, 270.29, -35.41);
insert into SHOT values (2004, 2017, 2020, 7897, 0.910, 141.74, -6.50, 0.905, 142.24, -6.98, 0.012, 269.51, -35.15);
insert into SHOT values (2005, 2017, 2021, 7897, 0.890, 192.34, -4.80, 0.894, 192.32, -5.13, 0.007, 188.10, -56.65);
insert into SHOT values (2006, 2017, 2022, 7897, 0.720, 212.44, 2.60, 0.725, 212.59, 2.37, 0.006, 234.93, -27.34);
insert into SHOT values (2007, 2017, 2023, 7897, 2.730, 141.04, -87.80, 2.732, 143.13, -87.90, 0.006, 284.14, -18.30);
insert into SHOT values (2008, 2017, 2024, 7897, 1.720, 57.34, 65.00, 1.711, 57.41, 64.96, 0.009, 220.15, -71.14);
insert into SHOT values (2009, 2017, 2025, 7897, 17.390, 231.94, -87.60, 17.395, 232.19, -87.58, 0.009, 261.19, -37.97);
insert into SHOT values (2010, 2025, 2026, 7897, 1.770, 162.64, -3.00, 1.773, 162.59, -2.91, 0.005, 139.87, 34.14);
insert into SHOT values (2011, 2025, 2027, 7897, 2.290, 174.54, 1.00, 2.291, 174.49, 1.00, 0.002, 110.48, 0.91);
insert into SHOT values (2012, 2025, 2028, 7897, 1.490, 183.04, 0.90, 1.492, 183.07, 0.77, 0.004, 205.29, -53.52);
insert into SHOT values (2013, 2025, 2029, 7897, 0.260, 245.54, 4.70, 0.256, 244.44, 4.49, 0.007, 114.67, -11.43);
insert into SHOT values (2014, 2025, 2030, 7897, 0.830, 357.64, 10.80, 0.826, 357.88, 11.17, 0.007, 141.84, 37.37);
insert into SHOT values (2015, 2025, 2031, 7897, 1.520, 12.54, 8.00, 1.521, 12.65, 7.94, 0.004, 78.24, -24.79);
insert into SHOT values (2016, 2025, 2032, 7897, 0.810, 48.64, 4.00, 0.810, 49.01, 4.25, 0.006, 138.21, 33.30);
insert into SHOT values (2017, 2025, 2033, 7897, 0.460, 110.34, -3.80, 0.460, 110.41, -3.74, 0.001, 217.98, 38.33);
insert into SHOT values (2018, 2025, 2034, 7897, 14.630, 29.14, 86.90, 14.631, 29.48, 86.89, 0.005, 102.48, 16.05);
insert into SHOT values (2019, 2025, 2035, 7897, 6.010, 7.34, 67.50, 6.008, 7.50, 67.49, 0.007, 99.88, -21.48);
insert into SHOT values (2020, 2025, 2036, 7897, 2.850, 163.34, 53.10, 2.851, 163.36, 53.10, 0.001, 225.78, 43.45);
insert into SHOT values (2021, 2025, 2037, 7897, 3.130, 173.44, 49.20, 3.130, 173.26, 49.22, 0.007, 73.87, 5.33);
insert into SHOT values (2022, 2025, 2038, 7897, 2.730, 172.54, 42.30, 2.730, 172.59, 42.37, 0.004, 312.54, 40.92);
insert into SHOT values (2023, 2025, 2039, 7897, 1.670, 171.04, -32.00, 1.668, 171.07, -31.84, 0.005, 211.74, 75.98);
insert into SHOT values (2024, 2025, 2040, 7897, 1.700, 8.24, -25.90, 1.696, 8.29, -25.87, 0.004, 165.25, 35.51);
insert into SHOT values (2025, 2025, 2041, 7897, 16.750, 14.44, -88.50, 16.746, 14.68, -88.51, 0.006, 171.55, 42.38);
insert into SHOT values (2026, 2041, 2042, 7897, 0.290, 281.24, -3.70, 0.287, 282.09, -4.00, 0.005, 46.85, -13.70);
insert into SHOT values (2027, 2041, 2043, 7897, 0.910, 352.94, -4.70, 0.910, 353.03, -5.04, 0.006, 92.15, -74.35);
insert into SHOT values (2028, 2041, 2044, 7897, 0.550, 55.24, -5.30, 0.554, 54.58, -5.17, 0.008, 0.73, 5.93);
insert into SHOT values (2029, 2041, 2045, 7897, 0.550, 109.44, -4.50, 0.553, 109.09, -5.19, 0.008, 50.15, -60.75);
insert into SHOT values (2030, 2041, 2046, 7897, 1.350, 153.84, -8.30, 1.352, 153.82, -8.51, 0.005, 135.93, -74.63);
insert into SHOT values (2031, 2041, 2047, 7897, 4.780, 178.64, -6.20, 4.780, 178.67, -6.25, 0.005, 282.83, -50.20);
insert into SHOT values (2032, 2041, 2048, 7897, 1.900, 195.94, -5.40, 1.901, 195.95, -5.43, 0.002, 208.73, -42.73);
insert into SHOT values (2033, 2041, 2049, 7897, 8.260, 1.84, -2.20, 8.261, 1.87, -2.22, 0.006, 86.55, -28.11);
insert into SHOT values (2034, 2041, 2050, 7897, 4.050, 357.74, -0.40, 4.053, 357.74, -0.42, 0.004, 358.87, -27.91);
insert into SHOT values (2035, 2041, 2051, 7897, 3.410, 12.64, -5.80, 3.410, 12.60, -5.89, 0.006, 260.51, -67.71);
insert into SHOT values (2036, 2041, 2052, 7897, 2.650, 160.24, 32.20, 2.649, 160.19, 32.16, 0.003, 79.44, -49.80);
insert into SHOT values (2037, 2052, 2053, 7897, 3.750, 190.64, 0.90, 3.745, 190.62, 0.92, 0.006, 22.29, 11.24);
insert into SHOT values (2038, 2052, 2054, 7897, 1.130, 226.44, -3.30, 1.127, 226.80, -3.56, 0.009, 341.15, -32.16);
insert into SHOT values (2039, 2052, 2055, 7897, 0.980, 267.84, -7.50, 0.979, 268.23, -7.63, 0.007, 7.88, -17.19);
insert into SHOT values (2040, 2052, 2056, 7897, 1.450, 319.04, 5.70, 1.453, 318.93, 5.53, 0.006, 276.59, -44.09);
insert into SHOT values (2041, 2052, 2057, 7897, 2.780, 341.74, 2.20, 2.782, 341.76, 2.27, 0.004, 15.89, 57.85);
insert into SHOT values (2042, 2052, 2058, 7897, 2.150, 353.34, 2.30, 2.156, 353.34, 2.39, 0.007, 353.35, 30.60);
insert into SHOT values (2043, 2052, 2059, 7897, 1.150, 16.14, 0.50, 1.155, 16.08, 0.50, 0.005, 4.19, -0.38);
insert into SHOT values (2044, 2052, 2060, 7897, 1.400, 318.54, -80.80, 1.398, 318.58, -80.67, 0.004, 321.65, 34.60);
insert into SHOT values (2045, 2052, 2061, 7897, 15.510, 201.54, -78.40, 15.507, 201.63, -78.39, 0.006, 280.79, 31.61);
insert into SHOT values (2046, 2041, 2062, 7897, 6.840, 4.04, -26.10, 6.843, 4.01, -26.10, 0.004, 318.59, -12.64);
insert into SHOT values (2047, 2062, 2063, 7897, 1.980, 6.84, -0.20, 1.985, 6.95, -0.29, 0.007, 46.44, -27.49);
insert into SHOT values (2048, 2062, 2064, 7897, 0.280, 273.34, 1.90, 0.281, 274.09, 2.04, 0.004, 350.39, 10.78);
insert into SHOT values (2049, 2062, 2065, 7897, 0.290, 104.94, -2.70, 0.289, 104.04, -3.96, 0.008, 1.35, -53.64);
insert into SHOT values (2050, 2062, 2066, 7897, 1.200, 166.14, 5.40, 1.201, 165.96, 5.26, 0.005, 91.93, -37.99);
insert into SHOT values (2051, 2062, 2067, 7897, 1.750, 195.04, -6.90, 1.752, 195.00, -6.88, 0.002, 161.37, 5.99);
insert into SHOT values (2052, 2062, 2068, 7897, 0.700, 240.94, 3.50, 0.699, 240.87, 3.28, 0.003, 129.51, -71.22);
insert into SHOT values (2053, 2062, 2069, 7897, 9.090, 18.34, 87.80, 9.087, 18.43, 87.81, 0.004, 169.77, -69.30);
insert into SHOT values (2054, 2062, 2070, 7897, 2.090, 177.54, -75.90, 2.093, 176.63, -75.87, 0.009, 99.20, -19.84);
insert into SHOT values (2055, 2062, 2071, 7897, 9.060, 27.54, -79.00, 9.066, 27.60, -79.02, 0.007, 164.92, -65.13);
insert into SHOT values (2056, 2071, 2072, 7897, 2.500, 29.14, 7.80, 2.508, 29.14, 7.79, 0.008, 31.55, 5.28);
insert into SHOT values (2057, 2071, 2073, 7897, 1.420, 83.84, 7.10, 1.419, 83.88, 7.29, 0.005, 216.95, 70.28);
insert into SHOT values (2058, 2071, 2074, 7897, 1.350, 133.04, 6.90, 1.348, 132.88, 7.24, 0.009, 5.02, 59.11);
insert into SHOT values (2059, 2071, 2075, 7897, 1.680, 186.34, -5.40, 1.676, 186.19, -5.13, 0.010, 63.19, 57.53);
insert into SHOT values (2060, 2071, 2076, 7897, 1.370, 241.44, 6.60, 1.365, 241.36, 6.73, 0.006, 82.50, 25.45);
insert into SHOT values (2061, 2071, 2077, 7897, 13.880, 201.14, 86.80, 13.882, 201.25, 86.81, 0.003, 347.15, 30.89);
insert into SHOT values (2062, 2071, 2078, 7897, 2.780, 35.54, 56.80, 2.785, 35.67, 56.77, 0.007, 76.09, 35.08);
insert into SHOT values (2063, 2071, 2079, 7897, 3.520, 209.44, 59.00, 3.523, 209.39, 59.02, 0.003, 138.51, 61.70);
insert into SHOT values (2064, 2071, 2080, 7897, 26.480, 117.04, -87.60, 26.473, 116.80, -87.60, 0.008, 29.76, 55.45);
insert into SHOT values (2065, 2071, 2081, 7897, 9.820, 185.64, -80.20, 9.813, 185.51, -80.21, 0.009, 51.03, 51.33);
insert into SHOT values (2066, 2071, 2082, 7897, 7.810, 21.24, -85.80, 7.812, 21.25, -85.75, 0.007, 22.31, -7.49);
insert into SHOT values (2067, 2082, 2083, 7897, 2.320, 18.24, 0.60, 2.318, 18.36, 0.74, 0.008, 129.87, 47.52);
insert into SHOT values (2068, 2082, 2084, 7897, 1.190, 78.84, 4.20, 1.186, 78.79, 4.35, 0.005, 273.00, 33.17);
insert into SHOT values (2069, 2082, 2085, 7897, 1.240, 128.24, -9.20, 1.239, 128.37, -8.82, 0.009, 210.77, 71.15);
insert into SHOT values (2070, 2082, 2086, 7897, 1.950, 183.04, -1.70, 1.953, 182.94, -1.47, 0.009, 137.82, 58.28);
insert into SHOT values (2071, 2082, 2087, 7897, 2.740, 196.14, -1.70, 2.739, 196.12, -1.67, 0.002, 53.35, 40.81);
insert into SHOT values (2072, 2082, 2088, 7897, 1.240, 228.34, 1.60, 1.247, 228.25, 1.84, 0.009, 213.57, 36.62);
insert into SHOT values (2073, 2082, 2089, 7897, 15.740, 190.54, 85.00, 15.740, 190.49, 85.00, 0.002, 146.49, -3.83);
insert into SHOT values (2074, 2082, 2090, 7897, 27.320, 339.74, -86.30, 27.317, 339.71, -86.31, 0.005, 171.35, 37.67);
insert into SHOT values (2075, 2090, 2091, 7897, 28.370, 353.24, -86.70, 28.367, 353.31, -86.70, 0.004, 126.61, 45.60);
insert into SHOT values (2076, 2090, 2092, 7897, 3.750, 358.94, -0.10, 3.751, 358.93, 0.00, 0.007, 327.61, 83.28);
insert into SHOT values (2077, 2090, 2093, 7897, 6.330, 6.14, 1.10, 6.328, 6.17, 1.09, 0.005, 126.74, -19.50);
insert into SHOT values (2078, 2090, 2094, 7897, 0.890, 51.54, 0.50, 0.890, 51.84, 0.64, 0.005, 138.58, 25.13);
insert into SHOT values (2079, 2090, 2095, 7897, 0.670, 108.04, -2.80, 0.674, 108.17, -2.55, 0.005, 127.20, 30.53);
insert into SHOT values (2080, 2090, 2096, 7897, 2.960, 162.34, -2.90, 2.964, 162.30, -2.90, 0.004, 136.28, -3.21);
insert into SHOT values (2081, 2090, 2097, 7897, 8.170, 182.14, -1.90, 8.170, 182.18, -1.89, 0.006, 268.25, 8.98);
insert into SHOT values (2082, 2090, 2098, 7897, 4.650, 186.64, 0.40, 4.652, 186.67, 0.37, 0.004, 243.87, -40.44);
insert into SHOT values (2083, 2090, 2099, 7897, 12.100, 358.04, 61.50, 12.105, 358.01, 61.51, 0.007, 263.99, 70.67);
insert into SHOT values (2084, 2090, 2100, 7897, 18.700, 0.24, 77.90, 18.705, 0.29, 77.90, 0.007, 87.50, 55.07);
insert into SHOT values (2085, 2090, 2101, 7897, 9.560, 173.64, -82.00, 9.563, 173.52, -82.01, 0.005, 47.85, -41.57);
insert into SHOT values (2086, 2101, 2102, 7897, 0.470, 288.54, 5.50, 0.477, 288.43, 6.02, 0.008, 281.16, 37.06);
insert into SHOT values (2087, 2101, 2103, 7897, 0.900, 339.24, 2.50, 0.900, 339.15, 2.55, 0.002, 239.08, 27.06);
insert into SHOT values (2088, 2101, 2104, 7897, 8.820, 9.04, -1.00, 8.820, 9.00, -0.97, 0.007, 278.89, 37.15);
insert into SHOT values (2089, 2101, 2105, 7897, 0.570, 82.14, 3.40, 0.567, 81.87, 4.04, 0.008, 300.59, 55.64);
insert into SHOT values (2090, 2101, 2106, 7897, 0.970, 173.44, 13.30, 0.973, 173.93, 13.67, 0.011, 254.41, 39.88);
insert into SHOT values (2091, 2101, 2107, 7897, 3.960, 6.74, 4.90, 3.962, 6.69, 4.92, 0.004, 301.12, 27.80);
insert into SHOT values (2092, 2107, 2108, 7897, 0.850, 96.04, -6.10, 0.850, 96.12, -6.08, 0.001, 204.17, 14.87);
insert into SHOT values (2093, 2107, 2109, 7897, 2.080, 37.74, -1.20, 2.075, 37.75, -1.10, 0.006, 211.06, 33.73);
insert into SHOT values (2094, 2107, 2110, 7897, 5.110, 9.34, 1.60, 5.110, 9.35, 1.68, 0.007, 104.56, 79.64);
insert into SHOT values (2095, 2107, 2111, 7897, 2.670, 332.14, 9.90, 2.666, 332.07, 9.94, 0.005, 187.75, 10.05);
insert into SHOT values (2096, 2107, 2112, 7897, 0.360, 277.24, 7.60, 0.356, 276.52, 8.08, 0.007, 141.10, 20.57);
insert into SHOT values (2097, 2107, 2113, 7897, 4.560, 187.44, 8.50, 4.568, 187.38, 8.56, 0.011, 155.10, 34.10);
insert into SHOT values (2098, 2107, 2114, 7897, 1.980, 201.74, 8.10, 1.981, 201.86, 8.13, 0.004, 282.08, 13.82);
insert into SHOT values (2099, 2107, 2115, 7897, 1.200, 166.04, 8.80, 1.201, 165.85, 9.10, 0.008, 77.80, 58.47);
insert into SHOT values (2100, 2107, 2116, 7897, 0.990, 145.94, 0.80, 0.988, 146.15, 1.16, 0.008, 270.71, 54.21);
insert into SHOT values (2101, 2107, 2117, 7897, 5.340, 20.74, -64.80, 5.335, 20.67, -64.87, 0.008, 218.39, 12.33);
insert into SHOT values (2102, 2117, 2118, 7897, 1.610, 249.44, 5.50, 1.609, 249.53, 5.71, 0.006, 9.39, 62.71);
insert into SHOT values (2103, 2117, 2119, 7897, 1.270, 327.44, 3.30, 1.270, 327.56, 3.16, 0.004, 59.56, -47.90);
insert into SHOT values (2104, 2117, 2120, 7897, 2.430, 9.54, 1.80, 2.436, 9.69, 1.88, 0.010, 57.90, 22.27);
insert into SHOT values (2105, 2117, 2121, 7897, 0.600, 92.54, 5.50, 0.603, 91.91, 5.71, 0.008, 27.49, 18.97);
insert into SHOT values (2106, 2117, 2122, 7897, 1.720, 162.24, 6.00, 1.723, 161.99, 6.00, 0.008, 96.83, 1.48);
insert into SHOT values (2107, 2117, 2123, 7897, 2.790, 191.34, 3.80, 2.789, 191.19, 3.91, 0.009, 93.56, 35.10);
insert into SHOT values (2108, 2117, 2124, 7897, 2.550, 207.24, 2.20, 2.542, 207.17, 2.25, 0.009, 47.92, 14.20);
insert into SHOT values (2109, 2117, 2125, 7897, 1.580, 248.54, 2.30, 1.572, 248.33, 2.19, 0.010, 104.18, -19.67);
insert into SHOT values (2110, 2117, 2126, 7897, 14.060, 336.44, 76.20, 14.067, 336.49, 76.19, 0.008, 6.93, 44.75);
insert into SHOT values (2111, 2117, 2127, 7897, 21.490, 244.44, 85.20, 21.495, 244.58, 85.21, 0.008, 20.34, 40.22);
insert into SHOT values (2112, 2117, 2128, 7897, 1.230, 284.94, -68.00, 1.228, 285.26, -68.20, 0.005, 76.62, 4.67);
insert into SHOT values (2113, 2117, 2129, 7897, 1.170, 84.44, -70.30, 1.171, 84.29, -69.93, 0.008, 76.68, 11.22);
insert into SHOT values (2114, 2117, 2130, 7897, 14.670, 24.44, -88.70, 14.664, 24.30, -88.67, 0.010, 18.32, 40.20);
insert into SHOT values (2115, 2117, 2131, 7897, 13.580, 192.84, -77.20, 13.576, 192.69, -77.22, 0.009, 67.85, 15.51);
insert into SHOT values (2116, 2117, 2132, 7897, 14.680, 18.04, -89.40, 14.681, 18.43, -89.38, 0.005, 32.11, -10.10);
insert into SHOT values (2117, 2132, 2133, 7897, 0.340, 97.74, 1.90, 0.344, 98.37, 1.67, 0.006, 142.36, -13.33);
insert into SHOT values (2118, 2132, 2134, 7897, 1.850, 27.94, -1.70, 1.848, 28.09, -1.55, 0.007, 135.22, 43.19);
insert into SHOT values (2119, 2132, 2135, 7897, 1.010, 2.04, -2.00, 1.011, 2.27, -1.70, 0.007, 73.11, 50.59);
insert into SHOT values (2120, 2132, 2136, 7897, 0.410, 279.34, 4.50, 0.406, 278.53, 4.24, 0.007, 152.25, -16.91);
insert into SHOT values (2121, 2132, 2137, 7897, 1.900, 192.44, 2.10, 1.906, 192.43, 2.10, 0.006, 190.57, 3.64);
insert into SHOT values (2122, 2132, 2138, 7897, 7.930, 356.84, 80.90, 7.929, 356.79, 80.92, 0.002, 199.13, -4.53);
insert into SHOT values (2123, 2132, 2139, 7897, 0.580, 40.54, -77.50, 0.573, 41.63, -77.86, 0.008, 196.39, 47.97);
insert into SHOT values (2124, 2132, 2140, 7897, 3.200, 17.94, 1.80, 3.199, 18.04, 1.79, 0.006, 120.73, -5.06);
insert into SHOT values (2125, 2140, 2141, 7897, 0.550, 280.44, 0.20, 0.549, 280.49, 0.00, 0.002, 67.68, -63.20);
insert into SHOT values (2126, 2140, 2142, 7897, 0.430, 76.04, 1.10, 0.425, 74.98, 1.35, 0.010, 310.94, 10.35);
insert into SHOT values (2127, 2140, 2143, 7897, 1.680, 11.84, 7.50, 1.680, 11.78, 7.53, 0.002, 262.80, 23.18);
insert into SHOT values (2128, 2140, 2144, 7897, 3.450, 6.44, 9.60, 3.450, 6.41, 9.68, 0.005, 259.79, 73.57);
insert into SHOT values (2129, 2140, 2145, 7897, 3.310, 349.64, 7.30, 3.310, 349.65, 7.29, 0.001, 57.34, -39.09);
insert into SHOT values (2130, 2140, 2146, 7897, 1.370, 340.14, 11.60, 1.370, 339.94, 11.79, 0.006, 241.53, 44.73);
insert into SHOT values (2131, 2140, 2147, 7897, 6.280, 320.44, 77.50, 6.280, 320.36, 77.46, 0.005, 296.59, -13.45);
insert into SHOT values (2132, 2140, 2148, 7897, 0.900, 184.24, -72.90, 0.899, 184.40, -73.13, 0.004, 353.45, 3.11);
insert into SHOT values (2133, 2140, 2149, 7897, 3.600, 357.74, 13.00, 3.605, 357.72, 12.98, 0.005, 343.57, 1.93);
insert into SHOT values (2134, 2149, 2150, 7897, 0.320, 71.34, 1.10, 0.316, 71.57, 1.81, 0.006, 232.60, 44.51);
insert into SHOT values (2135, 2149, 2151, 7897, 1.800, 135.04, 4.70, 1.802, 135.00, 4.77, 0.003, 106.34, 46.31);
insert into SHOT values (2136, 2149, 2152, 7897, 3.210, 178.04, 3.00, 3.216, 178.04, 3.03, 0.007, 178.36, 17.67);
insert into SHOT values (2137, 2149, 2153, 7897, 1.060, 233.64, -0.40, 1.058, 233.46, 0.00, 0.008, 113.31, 62.29);
insert into SHOT values (2138, 2149, 2154, 7897, 0.790, 306.54, -0.50, 0.794, 306.29, 0.00, 0.009, 266.76, 52.51);
insert into SHOT values (2139, 2149, 2155, 7897, 1.190, 336.84, 3.40, 1.189, 336.67, 3.37, 0.004, 231.88, -9.39);
insert into SHOT values (2140, 2149, 2156, 7897, 4.480, 352.04, 5.60, 4.475, 352.00, 5.64, 0.007, 202.33, 24.95);
insert into SHOT values (2141, 2149, 2157, 7897, 0.580, 358.84, 4.00, 0.581, 359.01, 3.94, 0.002, 48.74, -11.17);
insert into SHOT values (2142, 2149, 2158, 7897, 5.330, 181.54, 65.90, 5.336, 181.58, 65.88, 0.007, 200.45, 44.49);
insert into SHOT values (2143, 2149, 2159, 7897, 14.520, 178.94, 86.30, 14.520, 178.78, 86.29, 0.004, 140.35, 3.71);
insert into SHOT values (2144, 2149, 2160, 7897, 1.710, 122.54, -59.80, 1.712, 123.14, -59.84, 0.009, 214.99, -13.08);
insert into SHOT values (2145, 2149, 2161, 7897, 1.530, 217.34, -81.90, 1.525, 217.41, -81.93, 0.005, 28.06, 71.44);
insert into SHOT values (2146, 2149, 2162, 7897, 4.990, 19.04, -82.10, 4.986, 18.97, -82.20, 0.010, 203.96, 16.15);
insert into SHOT values (2147, 2162, 2163, 7897, 2.850, 176.84, -2.20, 2.847, 176.78, -2.21, 0.005, 38.67, -7.43);
insert into SHOT values (2148, 2162, 2164, 7897, 0.570, 94.54, 4.50, 0.573, 94.01, 4.00, 0.008, 35.57, -37.83);
insert into SHOT values (2149, 2162, 2165, 7897, 1.500, 153.64, 0.00, 1.498, 153.43, 0.00, 0.006, 44.37, 0.00);
insert into SHOT values (2150, 2162, 2166, 7897, 0.600, 210.14, -5.50, 0.595, 210.47, -5.79, 0.007, 358.70, -20.95);
insert into SHOT values (2151, 2162, 2167, 7897, 3.400, 319.34, 2.30, 3.400, 319.42, 2.36, 0.006, 50.94, 36.72);
insert into SHOT values (2152, 2162, 2168, 7897, 1.790, 198.84, -69.60, 1.792, 198.73, -69.65, 0.003, 70.08, -55.67);
insert into SHOT values (2153, 2162, 2169, 7897, 6.600, 262.24, 83.50, 6.602, 262.30, 83.51, 0.003, 17.61, 68.21);
insert into SHOT values (2154, 2162, 2170, 7897, 21.670, 1.24, -80.40, 21.675, 1.27, -80.38, 0.008, 16.03, -25.57);
insert into SHOT values (2155, 2162, 2171, 7897, 5.010, 352.04, -64.40, 5.014, 352.06, -64.35, 0.006, 359.07, -16.54);
insert into SHOT values (2156, 2162, 2172, 7897, 4.780, 352.04, -64.20, 4.781, 352.02, -64.08, 0.010, 349.53, 19.74);
insert into SHOT values (2157, 2162, 2173, 7897, 20.290, 357.34, -79.10, 20.288, 357.32, -79.08, 0.009, 346.90, 27.43);
insert into SHOT values (2158, 2173, 2174, 7897, 1.420, 9.14, 7.20, 1.419, 9.40, 6.88, 0.010, 98.39, -51.41);
insert into SHOT values (2159, 2173, 2175, 7897, 2.940, 41.54, 3.10, 2.936, 41.68, 2.93, 0.012, 155.89, -47.73);
insert into SHOT values (2160, 2173, 2176, 7897, 1.890, 105.54, 3.10, 1.893, 105.65, 3.03, 0.005, 158.97, -24.65);
insert into SHOT values (2161, 2173, 2177, 7897, 2.260, 140.64, 3.00, 2.269, 140.55, 2.78, 0.013, 120.68, -39.65);
insert into SHOT values (2162, 2173, 2178, 7897, 1.100, 165.04, 2.40, 1.100, 164.70, 2.08, 0.009, 74.15, -43.12);
insert into SHOT values (2163, 2173, 2179, 7897, 27.290, 224.14, 84.30, 27.285, 223.95, 84.30, 0.010, 122.57, -29.74);
insert into SHOT values (2164, 2173, 2180, 7897, 1.690, 94.24, -79.90, 1.697, 93.81, -79.79, 0.008, 66.89, -52.05);
insert into SHOT values (2165, 2173, 2181, 7897, 3.030, 31.14, -11.60, 3.032, 31.23, -11.60, 0.005, 95.60, -7.93);
insert into SHOT values (2166, 2181, 2182, 7897, 0.720, 292.84, 14.10, 0.715, 292.87, 13.75, 0.007, 105.91, -55.50);
insert into SHOT values (2167, 2181, 2183, 7897, 1.130, 267.74, 10.50, 1.129, 267.42, 10.20, 0.009, 178.02, -44.05);
insert into SHOT values (2168, 2181, 2184, 7897, 0.830, 245.04, 4.10, 0.830, 244.98, 4.15, 0.001, 138.57, 39.13);
insert into SHOT values (2169, 2181, 2185, 7897, 1.080, 275.84, 7.00, 1.083, 275.87, 6.89, 0.004, 285.33, -23.40);
insert into SHOT values (2170, 2181, 2186, 7897, 3.060, 209.04, 2.40, 3.060, 209.16, 2.25, 0.011, 296.59, -50.17);
insert into SHOT values (2171, 2181, 2187, 7897, 0.500, 180.34, 3.90, 0.501, 180.00, 3.43, 0.005, 111.70, -51.79);
insert into SHOT values (2172, 2181, 2188, 7897, 4.260, 189.94, 1.70, 4.266, 189.99, 1.61, 0.010, 222.20, -39.40);
insert into SHOT values (2173, 2181, 2189, 7897, 1.490, 134.64, 4.60, 1.497, 134.73, 4.60, 0.007, 153.97, 3.99);
insert into SHOT values (2174, 2181, 2190, 7897, 16.150, 240.24, 72.10, 16.143, 240.18, 72.08, 0.010, 189.63, -54.15);
insert into SHOT values (2175, 2181, 2191, 7897, 12.280, 277.24, 64.70, 12.280, 277.22, 64.68, 0.005, 254.32, -28.08);
insert into SHOT values (2176, 2181, 2192, 7897, 1.910, 171.84, -76.00, 1.917, 172.57, -76.00, 0.009, 245.05, -47.42);
insert into SHOT values (2177, 2181, 2193, 7897, 3.120, 300.54, -68.80, 3.120, 300.44, -68.86, 0.004, 151.36, -17.19);
insert into SHOT values (2178, 2181, 2194, 7897, 3.120, 306.74, -71.30, 3.124, 306.87, -71.33, 0.005, 44.46, -63.50);
insert into SHOT values (2179, 2194, 2195, 7897, 3.120, 307.64, -7.80, 3.117, 307.50, -7.74, 0.009, 195.68, 23.47);
insert into SHOT values (2180, 2194, 2196, 7897, 4.270, 314.04, -9.60, 4.267, 313.94, -9.58, 0.008, 206.65, 15.91);
insert into SHOT values (2181, 2194, 2197, 7897, 1.110, 345.14, 0.40, 1.109, 344.84, 0.52, 0.006, 241.76, 20.59);
insert into SHOT values (2182, 2194, 2198, 7897, 0.710, 58.04, 5.80, 0.708, 58.34, 5.67, 0.004, 169.51, -23.63);
insert into SHOT values (2183, 2194, 2199, 7897, 1.240, 114.14, 5.10, 1.236, 114.48, 5.11, 0.009, 235.14, -1.51);
insert into SHOT values (2184, 2194, 2200, 7897, 1.380, 149.54, -2.30, 1.382, 149.53, -2.07, 0.006, 147.72, 72.20);
insert into SHOT values (2185, 2194, 2201, 7897, 7.170, 278.74, 77.60, 7.167, 278.60, 77.61, 0.005, 155.18, -32.76);
insert into SHOT values (2186, 2194, 2202, 7897, 1.320, 167.64, -53.60, 1.320, 168.26, -53.43, 0.009, 237.83, 15.10);
insert into SHOT values (2187, 2194, 2203, 7897, 13.610, 24.94, -82.80, 13.607, 25.06, -82.82, 0.007, 173.16, 21.49);
insert into SHOT values (2188, 2194, 2204, 7897, 13.980, 350.74, -76.10, 13.978, 350.73, -76.12, 0.005, 172.51, 7.58);
insert into SHOT values (2189, 2204, 2205, 7897, 1.940, 271.84, 0.70, 1.941, 271.77, 0.59, 0.004, 207.69, -56.43);
insert into SHOT values (2190, 2204, 2206, 7897, 1.590, 293.04, -2.70, 1.588, 293.01, -2.53, 0.005, 133.70, 65.96);
insert into SHOT values (2191, 2204, 2207, 7897, 4.990, 326.34, -5.00, 4.994, 326.31, -4.94, 0.007, 299.75, 43.35);
insert into SHOT values (2192, 2204, 2208, 7897, 0.400, 3.44, 5.00, 0.402, 2.86, 5.70, 0.007, 299.94, 48.88);
insert into SHOT values (2193, 2204, 2209, 7897, 0.440, 214.94, -0.70, 0.444, 215.84, 0.00, 0.010, 274.82, 33.66);
insert into SHOT values (2194, 2204, 2210, 7897, 2.260, 167.04, 7.60, 2.257, 167.08, 7.64, 0.004, 320.43, 15.52);
insert into SHOT values (2195, 2204, 2211, 7897, 1.930, 131.74, 6.30, 1.931, 131.83, 6.24, 0.004, 206.88, -28.46);
insert into SHOT values (2196, 2204, 2212, 7897, 2.330, 108.74, 3.90, 2.330, 108.82, 3.94, 0.004, 203.21, 23.06);
insert into SHOT values (2197, 2204, 2213, 7897, 1.270, 83.64, 10.90, 1.271, 83.56, 10.89, 0.002, 18.47, -4.60);
insert into SHOT values (2198, 2204, 2214, 7897, 16.010, 222.74, 79.10, 16.009, 222.86, 79.10, 0.007, 303.03, -10.02);
insert into SHOT values (2199, 2204, 2215, 7897, 2.650, 153.74, -63.90, 2.647, 153.88, -64.05, 0.008, 313.04, -1.62);
insert into SHOT values (2200, 2204, 2216, 7897, 3.050, 111.14, -42.70, 3.051, 111.18, -42.72, 0.002, 201.68, -40.90);
insert into SHOT values (2201, 2204, 2217, 7897, 21.090, 1.64, -83.30, 21.094, 1.63, -83.30, 0.004, 326.16, -82.88);
insert into SHOT values (2202, 2217, 2218, 7897, 1.960, 189.34, 4.10, 1.961, 189.41, 4.09, 0.003, 252.07, -2.60);
insert into SHOT values (2203, 2217, 2219, 7897, 1.560, 109.04, 15.20, 1.557, 109.04, 15.27, 0.003, 288.43, 16.81);
insert into SHOT values (2204, 2217, 2220, 7897, 1.920, 28.64, 14.20, 1.918, 28.64, 14.49, 0.010, 209.37, 65.07);
insert into SHOT values (2205, 2217, 2221, 7897, 1.120, 86.54, 20.00, 1.122, 86.73, 20.35, 0.008, 188.48, 62.46);
insert into SHOT values (2206, 2217, 2222, 7897, 3.200, 336.04, 5.80, 3.204, 335.93, 5.91, 0.010, 276.47, 43.34);
insert into SHOT values (2207, 2217, 2223, 7897, 5.620, 325.44, 3.40, 5.625, 325.38, 3.47, 0.010, 270.59, 42.55);
insert into SHOT values (2208, 2217, 2224, 7897, 4.290, 305.84, 2.60, 4.295, 305.80, 2.67, 0.008, 278.81, 42.95);
insert into SHOT values (2209, 2217, 2225, 7897, 2.430, 282.34, 33.90, 2.432, 282.31, 34.00, 0.005, 159.03, 77.98);
insert into SHOT values (2210, 2225, 2226, 7897, 5.800, 359.64, 1.50, 5.802, 359.60, 1.48, 0.004, 303.01, -25.31);
insert into SHOT values (2211, 2225, 2227, 7897, 3.210, 27.54, -0.20, 3.211, 27.44, -0.18, 0.006, 312.28, 12.48);
insert into SHOT values (2212, 2225, 2228, 7897, 3.200, 78.74, 3.10, 3.197, 78.62, 3.05, 0.008, 327.38, -23.55);
insert into SHOT values (2213, 2225, 2229, 7897, 4.280, 119.54, 5.30, 4.273, 119.58, 5.37, 0.009, 276.83, 30.48);
insert into SHOT values (2214, 2225, 2230, 7897, 3.110, 141.04, 0.00, 3.108, 141.14, 0.00, 0.006, 252.09, 0.00);
insert into SHOT values (2215, 2225, 2231, 7897, 19.500, 119.04, 81.50, 19.504, 119.05, 81.50, 0.004, 180.32, 76.25);
insert into SHOT values (2216, 2225, 2232, 7897, 2.170, 66.24, -67.20, 2.170, 66.18, -67.18, 0.001, 18.53, 20.09);
insert into SHOT values (2217, 2225, 2233, 7897, 4.870, 333.84, -32.50, 4.874, 333.87, -32.52, 0.005, 16.51, -42.43);
insert into SHOT values (2218, 2233, 2234, 7897, 2.280, 8.14, 0.90, 2.273, 8.09, 1.01, 0.008, 201.47, 29.93);
insert into SHOT values (2219, 2233, 2235, 7897, 1.500, 189.24, -3.00, 1.501, 189.21, -3.05, 0.002, 163.40, -44.11);
insert into SHOT values (2220, 2233, 2236, 7897, 1.760, 156.94, -2.80, 1.759, 157.23, -2.61, 0.011, 253.24, 33.48);
insert into SHOT values (2221, 2233, 2237, 7897, 0.770, 124.24, 8.40, 0.772, 124.32, 8.94, 0.008, 169.94, 79.03);
insert into SHOT values (2222, 2233, 2238, 7897, 1.060, 74.54, 11.00, 1.059, 74.36, 11.43, 0.009, 312.00, 63.57);
insert into SHOT values (2223, 2233, 2239, 7897, 1.580, 35.84, 5.70, 1.576, 35.92, 5.83, 0.006, 186.02, 33.87);
insert into SHOT values (2224, 2233, 2240, 7897, 12.150, 108.24, 69.10, 12.148, 108.31, 69.12, 0.008, 241.69, -4.42);
insert into SHOT values (2225, 2233, 2241, 7897, 0.880, 350.84, -47.60, 0.877, 350.22, -47.84, 0.008, 223.43, -1.14);
insert into SHOT values (2226, 2233, 2242, 7897, 1.530, 179.74, -40.00, 1.526, 180.00, -39.95, 0.007, 290.71, 31.04);
insert into SHOT values (2227, 2233, 2243, 7897, 11.830, 277.34, -83.30, 11.831, 277.07, -83.30, 0.006, 189.84, -7.11);
insert into SHOT values (2228, 2243, 2244, 7897, 2.240, 28.24, -3.00, 2.235, 28.06, -2.82, 0.011, 264.95, 40.87);
insert into SHOT values (2229, 2243, 2245, 7897, 4.450, 45.54, -1.60, 4.449, 45.46, -1.55, 0.008, 311.66, 33.91);
insert into SHOT values (2230, 2243, 2246, 7897, 2.490, 102.84, 7.50, 2.482, 102.68, 7.64, 0.012, 320.47, 24.41);
insert into SHOT values (2231, 2243, 2247, 7897, 2.550, 139.14, 8.90, 2.542, 139.20, 9.06, 0.011, 302.55, 29.23);
insert into SHOT values (2232, 2243, 2248, 7897, 0.690, 167.44, 6.60, 0.682, 167.20, 6.74, 0.009, 5.75, 4.38);
insert into SHOT values (2233, 2243, 2249, 7897, 10.730, 65.34, 85.50, 10.733, 64.65, 85.51, 0.011, 329.79, 16.99);
insert into SHOT values (2234, 2243, 2250, 7897, 2.980, 16.14, -82.30, 2.978, 15.75, -82.18, 0.007, 351.44, 25.63);
insert into SHOT values (2235, 2243, 2251, 7897, 3.300, 52.94, 0.90, 3.299, 52.89, 1.04, 0.009, 294.34, 68.19);
insert into SHOT values (2236, 2251, 2252, 7897, 1.750, 114.54, -1.50, 1.746, 114.36, -1.64, 0.008, 347.64, -32.26);
insert into SHOT values (2237, 2251, 2253, 7897, 3.370, 82.34, 6.30, 3.371, 82.28, 6.30, 0.003, 4.61, 3.36);
insert into SHOT values (2238, 2251, 2254, 7897, 4.910, 68.44, 21.70, 4.907, 68.39, 21.65, 0.007, 320.32, -51.67);
insert into SHOT values (2239, 2251, 2255, 7897, 1.030, 339.24, 5.20, 1.029, 339.44, 5.02, 0.005, 76.72, -41.86);
insert into SHOT values (2240, 2251, 2256, 7897, 1.810, 264.34, 0.40, 1.809, 264.29, 0.32, 0.003, 141.10, -55.88);
insert into SHOT values (2241, 2251, 2257, 7897, 2.630, 253.14, 0.10, 2.632, 253.22, 0.00, 0.006, 313.46, -47.12);
insert into SHOT values (2242, 2251, 2258, 7897, 3.650, 228.14, 0.70, 3.648, 228.22, 0.63, 0.008, 341.43, -37.54);
insert into SHOT values (2243, 2251, 2259, 7897, 3.790, 202.94, 2.90, 3.786, 203.04, 2.88, 0.008, 320.33, -12.89);
insert into SHOT values (2244, 2251, 2260, 7897, 3.430, 212.34, 3.20, 3.426, 212.34, 3.18, 0.004, 27.19, -20.17);
insert into SHOT values (2245, 2251, 2261, 7897, 1.560, 123.94, -79.90, 1.564, 123.11, -79.89, 0.006, 47.99, -45.68);
insert into SHOT values (2246, 2251, 2262, 7897, 7.880, 148.74, 86.60, 7.874, 149.04, 86.60, 0.007, 258.26, -67.12);
insert into SHOT values (2247, 2251, 2263, 7897, 16.990, 101.14, 81.90, 16.990, 101.08, 81.90, 0.003, 26.07, -10.70);
insert into SHOT values (2248, 2251, 2264, 7897, 2.760, 90.34, 11.60, 2.755, 90.21, 11.51, 0.009, 328.70, -35.82);
insert into SHOT values (2249, 2264, 2265, 7897, 2.620, 28.34, -1.20, 2.618, 28.52, -1.09, 0.010, 129.70, 29.27);
insert into SHOT values (2250, 2264, 2266, 7897, 4.310, 357.34, -1.50, 4.306, 357.34, -1.46, 0.005, 177.04, 36.07);
insert into SHOT values (2251, 2264, 2267, 7897, 0.960, 321.84, -5.10, 0.958, 321.81, -4.79, 0.006, 155.16, 69.46);
insert into SHOT values (2252, 2264, 2268, 7897, 2.620, 292.84, 2.90, 2.616, 292.74, 2.85, 0.006, 164.48, -23.96);
insert into SHOT values (2253, 2264, 2269, 7897, 3.250, 274.64, 8.00, 3.242, 274.65, 7.98, 0.008, 91.22, -16.43);
insert into SHOT values (2254, 2264, 2270, 7897, 5.160, 247.44, -4.00, 5.159, 247.37, -4.00, 0.006, 145.10, -0.54);
insert into SHOT values (2255, 2264, 2271, 7897, 0.480, 173.24, -1.90, 0.484, 172.87, -1.18, 0.008, 135.80, 49.65);
insert into SHOT values (2256, 2264, 2272, 7897, 12.590, 246.34, 85.80, 12.593, 246.23, 85.82, 0.006, 88.96, 40.00);
insert into SHOT values (2257, 2264, 2273, 7897, 5.270, 266.34, 54.20, 5.271, 266.27, 54.29, 0.009, 115.29, 38.69);
insert into SHOT values (2258, 2264, 2274, 7897, 5.750, 316.64, -80.10, 5.746, 316.64, -80.08, 0.005, 316.55, 68.09);
insert into SHOT values (2259, 2264, 2275, 7897, 5.310, 16.04, -63.60, 5.315, 16.21, -63.59, 0.009, 83.63, -25.77);
insert into SHOT values (2260, 2264, 2276, 7897, 5.310, 19.14, -67.60, 5.311, 19.33, -67.60, 0.007, 104.04, -5.50);
insert into SHOT values (2261, 2276, 2277, 7897, 0.920, 252.64, 2.00, 0.924, 252.35, 1.86, 0.006, 203.65, -18.98);
insert into SHOT values (2262, 2276, 2278, 7897, 2.900, 226.54, 2.30, 2.903, 226.68, 2.37, 0.008, 295.60, 25.53);
insert into SHOT values (2263, 2276, 2279, 7897, 1.780, 191.74, 0.80, 1.779, 192.00, 0.97, 0.010, 288.19, 31.57);
insert into SHOT values (2264, 2276, 2280, 7897, 3.100, 326.64, 1.30, 3.104, 326.57, 1.29, 0.006, 285.40, -3.25);
insert into SHOT values (2265, 2276, 2281, 7897, 3.940, 353.24, 4.30, 3.940, 353.13, 4.37, 0.009, 257.87, 31.54);
insert into SHOT values (2266, 2276, 2282, 7897, 2.040, 219.04, -20.80, 2.037, 219.04, -20.70, 0.005, 40.41, 69.14);
insert into SHOT values (2267, 2276, 2283, 7897, 0.900, 278.34, -80.60, 0.903, 277.59, -80.35, 0.005, 253.94, -23.72);
insert into SHOT values (2268, 2276, 2284, 7897, 10.280, 296.04, -82.20, 10.276, 295.83, -82.17, 0.008, 249.55, 35.44);
insert into SHOT values (2269, 2276, 2285, 7897, 15.900, 285.24, 81.40, 15.899, 285.09, 81.38, 0.008, 230.86, -9.06);
insert into SHOT values (2270, 2276, 2286, 7897, 13.600, 331.74, -72.70, 13.596, 331.66, -72.69, 0.007, 246.52, 41.45);
insert into SHOT values (2271, 2286, 2287, 7897, 3.320, 203.04, -0.10, 3.316, 203.09, -0.17, 0.007, 351.15, -38.42);
insert into SHOT values (2272, 2286, 2288, 7897, 1.720, 144.04, 7.70, 1.720, 144.07, 7.69, 0.001, 248.22, -23.16);
insert into SHOT values (2273, 2286, 2289, 7897, 1.250, 92.84, 4.60, 1.255, 92.75, 4.57, 0.006, 73.33, -2.46);
insert into SHOT values (2274, 2286, 2290, 7897, 1.520, 257.84, 3.30, 1.516, 257.80, 3.02, 0.008, 94.52, -65.45);
insert into SHOT values (2275, 2286, 2291, 7897, 1.200, 327.54, 2.90, 1.197, 327.64, 2.87, 0.004, 109.85, -11.51);
insert into SHOT values (2276, 2286, 2292, 7897, 0.710, 22.64, -12.00, 0.711, 22.87, -12.19, 0.004, 110.02, -39.65);
insert into SHOT values (2277, 2286, 2293, 7897, 27.550, 172.54, 81.60, 27.545, 172.57, 81.60, 0.005, 280.13, -57.84);
insert into SHOT values (2278, 2286, 2294, 7897, 3.000, 308.14, -87.60, 3.003, 308.66, -87.56, 0.004, 333.83, -44.30);
insert into SHOT values (2279, 2286, 2295, 7897, 1.470, 335.54, -29.10, 1.472, 335.63, -29.27, 0.005, 65.58, -67.68);
insert into SHOT values (2280, 2286, 2296, 7897, 1.820, 330.54, -40.40, 1.822, 330.66, -40.37, 0.004, 27.96, -6.54);
insert into SHOT values (2281, 2296, 2297, 7897, 1.190, 222.74, 4.40, 1.192, 222.95, 4.33, 0.005, 286.83, -14.46);
insert into SHOT values (2282, 2296, 2298, 7897, 1.370, 164.24, -6.90, 1.372, 164.23, -7.12, 0.006, 154.26, -77.60);
insert into SHOT values (2283, 2296, 2299, 7897, 1.640, 141.14, -4.70, 1.649, 141.18, -4.87, 0.010, 148.86, -33.33);
insert into SHOT values (2284, 2296, 2300, 7897, 0.810, 116.04, -0.00, 0.814, 116.25, 0.00, 0.005, 153.66, 0.00);
insert into SHOT values (2285, 2296, 2301, 7897, 2.980, 62.04, 0.70, 2.975, 62.14, 0.58, 0.010, 194.60, -40.60);
insert into SHOT values (2286, 2296, 2302, 7897, 1.100, 48.34, 3.50, 1.099, 48.32, 3.13, 0.007, 299.93, -87.80);
insert into SHOT values (2287, 2296, 2303, 7897, 0.400, 352.04, 25.70, 0.392, 351.87, 25.68, 0.008, 180.55, -26.47);
insert into SHOT values (2288, 2296, 2304, 7897, 13.800, 150.44, 82.40, 13.801, 150.49, 82.39, 0.003, 191.31, 25.91);
insert into SHOT values (2289, 2296, 2305, 7897, 1.670, 167.14, -88.90, 1.670, 161.57, -88.92, 0.003, 66.32, -5.62);
insert into SHOT values (2290, 2296, 2306, 7897, 2.710, 60.64, -55.60, 2.711, 60.58, -55.72, 0.006, 260.27, -41.69);
insert into SHOT values (2291, 2296, 2307, 7897, 6.010, 58.84, -51.30, 6.011, 58.93, -51.29, 0.006, 134.94, 3.45);
insert into SHOT values (2292, 2296, 2308, 7897, 4.000, 60.54, 26.20, 3.991, 60.57, 26.17, 0.009, 222.45, -39.87);
insert into SHOT values (2293, 2308, 2309, 7897, 0.870, 25.84, 7.40, 0.876, 25.97, 7.87, 0.010, 48.95, 56.25);
insert into SHOT values (2294, 2308, 2310, 7897, 1.000, 330.54, 9.00, 0.998, 330.83, 9.23, 0.007, 89.52, 31.54);
insert into SHOT values (2295, 2308, 2311, 7897, 4.230, 338.74, 1.60, 4.228, 338.78, 1.63, 0.004, 98.32, 28.63);
insert into SHOT values (2296, 2308, 2312, 7897, 0.780, 279.54, 4.90, 0.774, 279.71, 5.19, 0.007, 79.03, 27.34);
insert into SHOT values (2297, 2308, 2313, 7897, 1.540, 237.54, 4.30, 1.533, 237.56, 4.49, 0.008, 53.06, 32.46);
insert into SHOT values (2298, 2308, 2314, 7897, 0.600, 225.54, 17.00, 0.594, 225.00, 17.65, 0.011, 78.66, 25.26);
insert into SHOT values (2299, 2308, 2315, 7897, 2.680, 242.04, 79.20, 2.686, 242.40, 79.35, 0.010, 32.97, 48.86);
insert into SHOT values (2300, 2308, 2316, 7897, 2.330, 281.14, -65.20, 2.322, 281.31, -65.34, 0.010, 82.15, 29.63);
insert into SHOT values (2301, 2308, 2317, 7897, 8.260, 276.84, -78.70, 8.259, 277.13, -78.74, 0.010, 43.70, -0.69);
insert into SHOT values (2302, 2308, 2318, 7897, 1.630, 348.44, -0.80, 1.632, 348.69, -0.70, 0.008, 64.21, 20.33);
insert into SHOT values (2303, 2318, 2319, 7897, 1.650, 340.84, 0.60, 1.651, 340.91, 0.69, 0.004, 46.55, 50.98);
insert into SHOT values (2304, 2318, 2320, 7897, 3.190, 327.44, 1.20, 3.194, 327.40, 1.26, 0.005, 301.12, 38.63);
insert into SHOT values (2305, 2318, 2321, 7897, 1.990, 311.84, 0.80, 1.990, 311.94, 0.86, 0.004, 42.00, 30.64);
insert into SHOT values (2306, 2318, 2322, 7897, 0.340, 227.54, 3.50, 0.340, 227.39, 3.37, 0.001, 158.29, -38.35);
insert into SHOT values (2307, 2318, 2323, 7897, 1.470, 171.24, 3.60, 1.469, 171.37, 3.51, 0.004, 269.56, -33.21);
insert into SHOT values (2308, 2318, 2324, 7897, 0.910, 138.44, -12.00, 0.913, 138.63, -12.01, 0.004, 187.75, -11.23);
insert into SHOT values (2309, 2318, 2325, 7897, 2.330, 261.94, 76.50, 2.335, 261.57, 76.48, 0.006, 201.37, 47.74);
insert into SHOT values (2310, 2318, 2326, 7897, 15.270, 185.44, -81.00, 15.268, 185.52, -80.99, 0.005, 241.54, 25.59);
insert into SHOT values (2311, 2318, 2327, 7897, 18.050, 20.84, -79.80, 18.045, 20.70, -79.80, 0.009, 290.96, 32.36);
insert into SHOT values (2312, 2327, 2328, 7897, 1.650, 276.34, 6.30, 1.650, 276.30, 6.26, 0.001, 179.12, -46.34);
insert into SHOT values (2313, 2327, 2329, 7897, 2.500, 234.74, 12.60, 2.498, 234.68, 12.48, 0.006, 124.03, -64.59);
insert into SHOT values (2314, 2327, 2330, 7897, 5.050, 205.74, 10.60, 5.045, 205.69, 10.51, 0.011, 75.59, -57.74);
insert into SHOT values (2315, 2327, 2331, 7897, 4.970, 196.54, 11.20, 4.973, 196.43, 11.13, 0.011, 129.44, -28.29);
insert into SHOT values (2316, 2327, 2332, 7897, 1.390, 181.64, 17.30, 1.392, 181.29, 17.13, 0.009, 113.42, -21.25);
insert into SHOT values (2317, 2327, 2333, 7897, 3.240, 155.74, 3.20, 3.241, 155.73, 3.18, 0.001, 140.54, -39.57);
insert into SHOT values (2318, 2327, 2334, 7897, 2.210, 305.34, 0.60, 2.209, 305.42, 0.52, 0.005, 56.05, -43.51);
insert into SHOT values (2319, 2327, 2335, 7897, 2.390, 321.14, 1.90, 2.385, 321.30, 1.92, 0.009, 89.61, 4.92);
insert into SHOT values (2320, 2327, 2336, 7897, 7.150, 315.84, 3.20, 7.146, 315.85, 3.13, 0.010, 106.77, -67.18);
insert into SHOT values (2321, 2327, 2337, 7897, 19.740, 292.34, 78.30, 19.740, 292.33, 78.31, 0.003, 116.82, 2.72);
insert into SHOT values (2322, 2327, 2338, 7897, 2.170, 315.34, -82.30, 2.169, 315.00, -82.51, 0.008, 147.20, 3.07);
insert into SHOT values (2323, 2327, 2339, 7897, 7.080, 315.84, -7.20, 7.079, 315.87, -7.22, 0.005, 72.96, -33.75);
insert into SHOT values (2324, 2339, 2340, 7897, 1.730, 57.54, -2.10, 1.727, 57.78, -1.99, 0.009, 170.61, 22.79);
insert into SHOT values (2325, 2339, 2341, 7897, 2.110, 10.34, 2.90, 2.107, 10.40, 2.99, 0.005, 148.72, 41.88);
insert into SHOT values (2326, 2339, 2342, 7897, 2.800, 119.64, 3.40, 2.804, 119.77, 3.27, 0.010, 175.73, -37.62);
insert into SHOT values (2327, 2339, 2343, 7897, 2.390, 153.04, 7.60, 2.399, 153.00, 7.42, 0.012, 145.51, -30.54);
insert into SHOT values (2328, 2339, 2344, 7897, 1.900, 190.74, 7.00, 1.907, 190.66, 6.93, 0.007, 169.54, -12.00);
insert into SHOT values (2329, 2339, 2345, 7897, 0.470, 261.44, 9.50, 0.472, 261.35, 9.76, 0.003, 238.83, 52.16);
insert into SHOT values (2330, 2339, 2346, 7897, 10.970, 3.84, 83.00, 10.971, 3.87, 83.02, 0.004, 172.10, 24.13);
insert into SHOT values (2331, 2339, 2347, 7897, 2.040, 84.74, -61.40, 2.038, 84.70, -61.44, 0.003, 279.88, 23.89);
insert into SHOT values (2332, 2339, 2348, 7897, 16.580, 114.64, 82.10, 16.577, 114.65, 82.10, 0.003, 268.41, -62.34);
insert into SHOT values (2333, 2339, 2349, 7897, 1.620, 34.14, 7.90, 1.613, 34.29, 7.84, 0.009, 183.28, -18.05);
insert into SHOT values (2334, 2349, 2350, 7897, 2.630, 316.44, -2.70, 2.634, 316.54, -2.61, 0.007, 4.18, 31.30);
insert into SHOT values (2335, 2349, 2351, 7897, 0.920, 326.84, 0.10, 0.918, 327.00, 0.00, 0.004, 92.54, -26.17);
insert into SHOT values (2336, 2349, 2352, 7897, 0.880, 259.74, -0.10, 0.873, 260.11, 0.00, 0.009, 41.07, 9.68);
insert into SHOT values (2337, 2349, 2353, 7897, 5.750, 156.64, 8.70, 5.745, 156.55, 8.71, 0.010, 37.60, 1.45);
insert into SHOT values (2338, 2349, 2354, 7897, 3.470, 173.04, 1.50, 3.467, 173.04, 1.49, 0.003, 350.59, -14.31);
insert into SHOT values (2339, 2349, 2355, 7897, 3.400, 186.44, 0.60, 3.392, 186.43, 0.68, 0.010, 7.74, 27.46);
insert into SHOT values (2340, 2349, 2356, 7897, 10.140, 245.94, 87.40, 10.140, 246.80, 87.42, 0.008, 0.05, 3.32);
insert into SHOT values (2341, 2349, 2357, 7897, 3.900, 191.34, -77.10, 3.898, 191.31, -77.15, 0.004, 17.36, 22.10);
insert into SHOT values (2342, 2349, 2358, 7897, 1.970, 196.94, -69.80, 1.971, 197.10, -69.82, 0.002, 291.78, -30.59);
insert into SHOT values (2343, 2349, 2359, 7897, 4.640, 248.94, -84.60, 4.641, 249.90, -84.60, 0.007, 340.08, -4.59);
insert into SHOT values (2344, 2349, 2360, 7897, 4.450, 293.34, -66.90, 4.447, 293.63, -66.88, 0.009, 20.12, 19.74);
insert into SHOT values (2345, 2360, 2361, 7897, 1.810, 349.94, -4.00, 1.803, 349.75, -4.13, 0.010, 209.94, -22.54);
insert into SHOT values (2346, 2360, 2362, 7897, 1.320, 98.24, 4.30, 1.318, 98.32, 4.35, 0.003, 242.24, 18.58);
insert into SHOT values (2347, 2360, 2363, 7897, 1.250, 143.54, -4.90, 1.257, 143.77, -5.02, 0.009, 181.16, -21.08);
insert into SHOT values (2348, 2360, 2364, 7897, 1.880, 342.14, -6.90, 1.874, 342.15, -7.05, 0.008, 158.63, -31.05);
insert into SHOT values (2349, 2360, 2365, 7897, 2.600, 357.24, -87.60, 2.602, 354.29, -87.79, 0.010, 208.50, -12.90);
insert into SHOT values (2350, 2360, 2366, 7897, 4.140, 8.24, 77.70, 4.134, 7.85, 77.74, 0.009, 245.84, -35.52);
insert into SHOT values (2351, 2360, 2367, 7897, 5.150, 328.14, -16.20, 5.150, 328.14, -16.24, 0.003, 111.24, -76.66);
insert into SHOT values (2352, 2367, 2368, 7897, 0.310, 52.44, 6.10, 0.301, 53.13, 5.71, 0.009, 208.73, -18.05);
insert into SHOT values (2353, 2367, 2369, 7897, 1.120, 127.54, -0.70, 1.126, 127.79, -0.51, 0.009, 165.75, 24.96);
insert into SHOT values (2354, 2367, 2370, 7897, 4.660, 145.74, -3.70, 4.667, 145.76, -3.69, 0.007, 164.19, 5.88);
insert into SHOT values (2355, 2367, 2371, 7897, 1.160, 195.04, 1.90, 1.160, 195.00, 1.98, 0.002, 113.15, 61.06);
insert into SHOT values (2356, 2367, 2372, 7897, 0.910, 257.64, -1.20, 0.912, 257.33, -1.26, 0.005, 194.01, -9.97);
insert into SHOT values (2357, 2367, 2373, 7897, 1.390, 293.94, 23.20, 1.390, 293.55, 23.31, 0.009, 195.28, 15.61);
insert into SHOT values (2358, 2367, 2374, 7897, 2.010, 334.24, 13.40, 2.010, 334.22, 13.52, 0.004, 188.05, 77.49);
insert into SHOT values (2359, 2367, 2375, 7897, 5.510, 324.14, 26.60, 5.511, 324.08, 26.63, 0.005, 232.76, 32.02);
insert into SHOT values (2360, 2367, 2376, 7897, 1.850, 149.74, -83.50, 1.852, 152.24, -83.34, 0.011, 211.32, -10.06);
insert into SHOT values (2361, 2367, 2377, 7897, 5.210, 114.14, 86.20, 5.211, 115.82, 86.21, 0.010, 210.07, 8.13);
insert into SHOT values (2362, 2367, 2378, 7897, 5.160, 325.44, 19.40, 5.155, 325.39, 19.49, 0.010, 171.87, 36.82);
insert into SHOT values (2363, 2378, 2379, 7897, 2.220, 48.94, 4.40, 2.225, 48.84, 4.38, 0.006, 10.28, -2.97);
insert into SHOT values (2364, 2378, 2380, 7897, 2.400, 76.84, 5.40, 2.394, 76.66, 5.27, 0.011, 311.84, -33.61);
insert into SHOT values (2365, 2378, 2381, 7897, 0.870, 121.24, 3.10, 0.867, 121.30, 2.64, 0.008, 280.17, -68.10);
insert into SHOT values (2366, 2378, 2382, 7897, 0.730, 200.44, 13.30, 0.724, 200.75, 12.77, 0.010, 341.22, -52.79);
insert into SHOT values (2367, 2378, 2383, 7897, 9.690, 144.44, 2.50, 9.686, 144.42, 2.49, 0.006, 355.98, -27.79);
insert into SHOT values (2368, 2378, 2384, 7897, 4.220, 147.04, 80.80, 4.213, 147.26, 80.91, 0.011, 310.58, -31.42);
insert into SHOT values (2369, 2378, 2385, 7897, 1.940, 96.14, -87.80, 1.941, 90.00, -87.93, 0.009, 333.06, -9.10);
insert into SHOT values (2370, 2378, 2386, 7897, 1.340, 45.84, -12.90, 1.335, 45.62, -12.98, 0.007, 269.81, -6.88);
insert into SHOT values (2371, 2386, 2387, 7897, 0.880, 265.44, 12.40, 0.871, 265.96, 11.93, 0.014, 38.84, -39.81);
insert into SHOT values (2372, 2386, 2388, 7897, 1.080, 64.94, 16.00, 1.078, 64.92, 15.61, 0.008, 297.66, -86.56);
insert into SHOT values (2373, 2386, 2389, 7897, 1.060, 15.94, 15.40, 1.066, 15.79, 15.22, 0.008, 355.32, -11.44);
insert into SHOT values (2374, 2386, 2390, 7897, 1.310, 186.94, 4.00, 1.302, 186.63, 3.96, 0.011, 47.22, -7.38);
insert into SHOT values (2375, 2386, 2391, 7897, 2.000, 223.94, 1.60, 1.995, 223.78, 1.44, 0.009, 92.78, -39.08);
insert into SHOT values (2376, 2386, 2392, 7897, 1.380, 104.44, 15.30, 1.379, 104.35, 15.13, 0.005, 26.92, -63.35);
insert into SHOT values (2377, 2386, 2393, 7897, 5.200, 219.54, 84.50, 5.193, 219.21, 84.58, 0.010, 58.96, -35.55);
insert into SHOT values (2378, 2386, 2394, 7897, 2.490, 153.44, -87.40, 2.493, 153.43, -87.43, 0.003, 333.61, -65.83);
insert into SURVEY values (7899, 7893, 'GL102_Entree_02', 'GL102_Entree_02.Gouffre_du_Lonne_Peyret.Complexe_Lonne_Peyret-Bourrugues', 'GL102 - Gouffre du Lonne Peyret - Puits suite');
 insert into CENTRELINE values (7900, 7899, NULL, NULL, NULL, 0.00, 0.00, 0.00);
 insert into CENTRELINE values (7901, 7899, NULL, '2024-08-07', '2024-01-01', 462.67, 0.00, 17.04);
 insert into PERSON values (51, 'Odile', 'Penot');
insert into TOPO values (51, 7901);
 insert into TOPO values (47, 7901);
 insert into PERSON values (52, 'Olivier', 'Venaut');
insert into TOPO values (52, 7901);
 insert into EXPLO values (15, 7901);
 insert into EXPLO values (49, 7901);
 insert into EXPLO values (19, 7901);
 insert into EXPLO values (50, 7901);
 insert into SHOT values (2379, 2395, 2396, 7901, 24.200, 19.64, -90.00, 24.200, 90.00, -90.00, 0.000, 19.64, -28.66);
insert into SHOT values (2380, 2396, 2397, 7901, 4.520, 245.14, -1.30, 4.520, 245.14, -1.39, 0.007, 162.12, -89.19);
insert into SHOT values (2381, 2396, 2398, 7901, 0.160, 233.54, -2.00, 0.158, 235.30, -3.62, 0.007, 344.46, -40.23);
insert into SHOT values (2382, 2396, 2399, 7901, 3.120, 285.14, -1.80, 3.121, 285.24, -1.84, 0.006, 2.57, -19.46);
insert into SHOT values (2383, 2396, 2400, 7901, 5.450, 328.44, -3.60, 5.451, 328.53, -3.68, 0.012, 52.65, -41.32);
insert into SHOT values (2384, 2396, 2401, 7901, 5.970, 346.84, -1.00, 5.978, 346.85, -1.05, 0.010, 354.31, -36.81);
insert into SHOT values (2385, 2396, 2402, 7901, 4.120, 352.24, -0.80, 4.127, 352.34, -0.83, 0.011, 38.20, -13.43);
insert into SHOT values (2386, 2396, 2403, 7901, 3.090, 18.54, -2.50, 3.096, 18.67, -2.59, 0.010, 69.97, -29.85);
insert into SHOT values (2387, 2396, 2404, 7901, 2.930, 43.04, 0.60, 2.937, 42.93, 0.59, 0.009, 2.99, -4.55);
insert into SHOT values (2388, 2396, 2405, 7901, 4.740, 49.34, 1.70, 4.746, 49.36, 1.69, 0.007, 65.18, -5.34);
insert into SHOT values (2389, 2396, 2406, 7901, 3.260, 57.64, 2.70, 3.263, 57.53, 2.63, 0.008, 355.08, -27.08);
insert into SHOT values (2390, 2396, 2407, 7901, 2.220, 74.34, 5.10, 2.221, 74.27, 4.91, 0.008, 16.35, -66.65);
insert into SHOT values (2391, 2396, 2408, 7901, 1.540, 88.64, 8.40, 1.546, 88.50, 8.18, 0.009, 61.47, -32.13);
insert into SHOT values (2392, 2396, 2409, 7901, 12.530, 13.14, 74.90, 12.524, 13.27, 74.88, 0.011, 80.80, -41.96);
insert into SHOT values (2393, 2396, 2410, 7901, 0.160, 275.64, 62.10, 0.157, 278.13, 63.20, 0.005, 59.59, -15.02);
insert into SHOT values (2394, 2396, 2411, 7901, 17.040, 71.44, -84.50, 17.049, 71.45, -84.50, 0.009, 87.10, -78.27);
insert into SHOT values (2395, 2411, 2412, 7901, 3.320, 129.14, 3.60, 3.319, 129.12, 3.63, 0.002, 359.30, 47.63);
insert into SHOT values (2396, 2411, 2413, 7901, 3.740, 171.34, 3.20, 3.738, 171.37, 3.22, 0.003, 303.14, 23.11);
insert into SHOT values (2397, 2411, 2414, 7901, 6.080, 199.44, 0.30, 6.076, 199.42, 0.38, 0.009, 44.06, 60.00);
insert into SHOT values (2398, 2411, 2415, 7901, 4.090, 223.34, -1.90, 4.084, 223.31, -1.82, 0.008, 60.08, 41.93);
insert into SHOT values (2399, 2411, 2416, 7901, 2.910, 268.04, 4.80, 2.912, 268.03, 4.92, 0.007, 249.79, 72.64);
insert into SHOT values (2400, 2411, 2417, 7901, 1.100, 312.74, 9.90, 1.099, 313.13, 9.96, 0.008, 51.93, 6.70);
insert into SHOT values (2401, 2411, 2418, 7901, 8.030, 167.04, 76.40, 8.035, 166.85, 76.40, 0.008, 89.33, 38.59);
insert into SHOT values (2402, 2411, 2419, 7901, 12.260, 165.54, -60.00, 12.251, 165.53, -60.01, 0.009, 350.80, 52.05);
insert into SHOT values (2403, 2411, 2420, 7901, 14.560, 204.24, -78.80, 14.557, 204.21, -78.80, 0.003, 141.72, 59.76);
insert into SHOT values (2404, 2420, 2421, 7901, 0.690, 80.44, 10.90, 0.693, 79.85, 10.81, 0.008, 14.05, -3.55);
insert into SHOT values (2405, 2420, 2422, 7901, 3.970, 97.54, 9.30, 3.965, 97.49, 9.29, 0.006, 314.75, -15.69);
insert into SHOT values (2406, 2420, 2423, 7901, 6.040, 107.54, 6.20, 6.041, 107.44, 6.18, 0.011, 25.23, -12.56);
insert into SHOT values (2407, 2420, 2424, 7901, 5.290, 122.74, 12.10, 5.286, 122.68, 12.12, 0.007, 353.25, 8.72);
insert into SHOT values (2408, 2420, 2425, 7901, 4.850, 135.44, 20.90, 4.845, 135.36, 20.92, 0.008, 5.16, -1.25);
insert into SHOT values (2409, 2420, 2426, 7901, 2.100, 158.64, 6.80, 2.098, 158.61, 6.84, 0.002, 12.19, 33.95);
insert into SHOT values (2410, 2420, 2427, 7901, 0.550, 219.34, -0.30, 0.547, 219.81, 0.00, 0.006, 345.75, 27.43);
insert into SHOT values (2411, 2420, 2428, 7901, 0.380, 259.54, -1.90, 0.375, 260.79, -1.53, 0.010, 21.19, 15.12);
insert into SHOT values (2412, 2420, 2429, 7901, 0.630, 178.04, -77.50, 0.624, 175.60, -77.93, 0.010, 40.34, 31.60);
insert into SHOT values (2413, 2420, 2430, 7901, 3.030, 135.34, 10.10, 3.031, 135.27, 10.07, 0.004, 61.19, -20.83);
insert into SHOT values (2414, 2420, 2431, 7901, 5.110, 150.04, 20.60, 5.108, 150.00, 20.63, 0.005, 15.24, 26.76);
insert into SHOT values (2415, 2420, 2432, 7901, 5.440, 121.64, 18.00, 5.442, 121.57, 17.98, 0.007, 53.18, -9.27);
insert into SHOT values (2416, 2420, 2433, 7901, 5.070, 140.64, 25.40, 5.075, 140.58, 25.44, 0.008, 79.78, 44.45);
insert into SHOT values (2417, 2433, 2434, 7901, 2.620, 74.64, -9.40, 2.619, 74.51, -9.45, 0.006, 334.75, -19.86);
insert into SHOT values (2418, 2433, 2435, 7901, 3.340, 43.24, -4.60, 3.343, 43.18, -4.63, 0.005, 352.35, -24.78);
insert into SHOT values (2419, 2433, 2436, 7901, 0.640, 171.24, -0.30, 0.636, 171.87, -0.90, 0.010, 288.60, -40.06);
insert into SHOT values (2420, 2433, 2437, 7901, 8.130, 228.44, 0.90, 8.134, 228.49, 0.85, 0.011, 291.91, -43.20);
insert into SHOT values (2421, 2433, 2438, 7901, 2.350, 272.44, -0.60, 2.352, 272.44, -0.73, 0.006, 271.41, -67.29);
insert into SHOT values (2422, 2433, 2439, 7901, 4.260, 316.74, 0.10, 4.266, 316.80, 0.00, 0.011, 356.65, -43.67);
insert into SHOT values (2423, 2433, 2440, 7901, 2.650, 37.34, -6.30, 2.650, 37.13, -6.28, 0.010, 307.42, 4.79);
insert into SHOT values (2424, 2433, 2441, 7901, 3.340, 353.14, -2.50, 3.347, 353.13, -2.57, 0.008, 349.60, -30.90);
insert into SHOT values (2425, 2433, 2442, 7901, 10.060, 83.34, -79.00, 10.064, 83.10, -79.04, 0.011, 317.98, -26.18);
insert into SHOT values (2426, 2442, 2443, 7901, 3.930, 237.94, 0.70, 3.932, 237.89, 0.73, 0.004, 175.49, 26.66);
insert into SHOT values (2427, 2442, 2444, 7901, 2.850, 35.24, 1.30, 2.848, 35.42, 1.41, 0.011, 139.84, 29.60);
insert into SHOT values (2428, 2442, 2445, 7901, 12.600, 52.94, -4.30, 12.601, 52.96, -4.28, 0.007, 123.05, 46.57);
insert into SHOT values (2429, 2442, 2446, 7901, 3.140, 74.74, -2.50, 3.142, 74.86, -2.55, 0.007, 147.90, -23.96);
insert into SHOT values (2430, 2442, 2447, 7901, 1.310, 116.94, -4.30, 1.319, 117.15, -4.35, 0.010, 146.57, -10.24);
insert into SHOT values (2431, 2442, 2448, 7901, 1.670, 175.24, 15.90, 1.671, 175.00, 15.98, 0.007, 85.16, 20.43);
insert into SHOT values (2432, 2442, 2449, 7901, 1.100, 132.54, 1.20, 1.104, 132.80, 1.04, 0.007, 182.99, -25.07);
insert into SHOT values (2433, 2442, 2450, 7901, 6.460, 202.54, -80.60, 6.457, 202.20, -80.57, 0.008, 141.28, 24.82);
insert into SHOT values (2434, 2450, 2451, 7901, 3.100, 47.34, 8.90, 3.101, 47.25, 8.90, 0.005, 334.25, 4.56);
insert into SHOT values (2435, 2450, 2452, 7901, 11.640, 56.14, 2.90, 11.639, 56.12, 2.91, 0.004, 307.76, 15.06);
insert into SHOT values (2436, 2450, 2453, 7901, 3.420, 80.24, 3.80, 3.417, 80.21, 3.69, 0.007, 294.10, -63.22);
insert into SHOT values (2437, 2450, 2454, 7901, 1.500, 159.04, -0.40, 1.497, 159.26, -0.38, 0.007, 275.94, 4.06);
insert into SHOT values (2438, 2450, 2455, 7901, 1.770, 219.54, 7.40, 1.769, 219.68, 7.47, 0.005, 324.36, 24.24);
insert into SHOT values (2439, 2450, 2456, 7901, 0.160, 14.44, 73.70, 0.158, 11.31, 71.23, 0.008, 349.59, -28.33);
insert into SHOT values (2440, 2450, 2457, 7901, 12.560, 130.94, -76.00, 12.562, 130.99, -76.02, 0.006, 280.15, -29.43);
insert into SHOT values (2441, 2450, 2458, 7901, 16.200, 206.64, -86.20, 16.206, 206.57, -86.20, 0.006, 103.18, -76.02);
insert into SHOT values (2442, 2458, 2459, 7901, 4.480, 245.54, 4.10, 4.482, 245.56, 4.09, 0.003, 278.78, -6.71);
insert into SHOT values (2443, 2458, 2460, 7901, 3.410, 291.64, 9.50, 3.415, 291.61, 9.61, 0.008, 267.83, 62.38);
insert into SHOT values (2444, 2458, 2461, 7901, 1.620, 328.44, 11.60, 1.619, 328.42, 11.76, 0.005, 163.71, 62.10);
insert into SHOT values (2445, 2458, 2462, 7901, 2.610, 38.84, 1.40, 2.604, 38.76, 1.54, 0.009, 249.17, 42.83);
insert into SHOT values (2446, 2458, 2463, 7901, 0.980, 106.84, 13.30, 0.977, 106.53, 13.62, 0.008, 335.66, 33.55);
insert into SHOT values (2447, 2458, 2464, 7901, 7.180, 122.34, 60.20, 7.178, 122.40, 60.22, 0.005, 255.01, -6.29);
insert into SHOT values (2448, 2458, 2465, 7901, 8.840, 231.54, 54.40, 8.842, 231.55, 54.41, 0.002, 321.97, 65.27);
insert into SHOT values (2449, 2458, 2466, 7901, 0.610, 242.34, 0.10, 0.608, 242.59, 0.00, 0.003, 4.92, -18.35);
insert into SHOT values (2450, 2458, 2467, 7901, 21.380, 19.64, -90.00, 21.380, 90.00, -90.00, 0.000, 19.64, -55.87);
insert into SHOT values (2451, 2467, 2468, 7901, 3.270, 172.24, -4.40, 3.269, 172.24, -4.39, 0.001, 323.50, 55.18);
insert into SHOT values (2452, 2467, 2469, 7901, 0.950, 226.04, 7.50, 0.950, 226.29, 7.87, 0.007, 331.94, 54.09);
insert into SHOT values (2453, 2467, 2470, 7901, 1.390, 29.04, -5.90, 1.390, 28.97, -5.78, 0.003, 316.24, 60.89);
insert into SHOT values (2454, 2467, 2471, 7901, 1.510, 76.24, -6.90, 1.505, 76.06, -6.87, 0.007, 299.28, 11.51);
insert into SHOT values (2455, 2467, 2472, 7901, 2.920, 108.24, -5.40, 2.919, 108.25, -5.31, 0.005, 257.93, 77.84);
insert into SHOT values (2456, 2467, 2473, 7901, 2.870, 150.64, -6.50, 2.861, 150.73, -6.42, 0.011, 302.51, 26.70);
insert into SHOT values (2457, 2467, 2474, 7901, 4.850, 232.24, 72.40, 4.857, 232.19, 72.41, 0.007, 198.62, 73.78);
insert into SHOT values (2458, 2467, 2475, 7901, 0.520, 321.54, -50.50, 0.521, 321.07, -50.12, 0.005, 283.30, 15.85);
insert into SHOT values (2459, 2467, 2476, 7901, 2.020, 126.14, -15.50, 2.020, 126.22, -15.51, 0.003, 224.29, -3.52);
insert into SHOT values (2460, 2476, 2477, 7901, 1.750, 285.94, 0.60, 1.750, 286.26, 0.65, 0.010, 15.54, 9.64);
insert into SHOT values (2461, 2476, 2478, 7901, 2.690, 325.44, 4.00, 2.689, 325.48, 4.05, 0.003, 86.15, 45.27);
insert into SHOT values (2462, 2476, 2479, 7901, 2.620, 350.84, 3.00, 2.628, 350.79, 3.05, 0.008, 334.13, 20.38);
insert into SHOT values (2463, 2476, 2480, 7901, 1.660, 29.54, 5.40, 1.660, 29.36, 5.53, 0.006, 294.46, 35.98);
insert into SHOT values (2464, 2476, 2481, 7901, 2.060, 105.54, 33.80, 2.061, 105.26, 33.92, 0.009, 4.89, 25.16);
insert into SHOT values (2465, 2476, 2482, 7901, 2.280, 209.44, 17.70, 2.282, 209.52, 17.86, 0.007, 303.39, 66.41);
insert into SHOT values (2466, 2476, 2483, 7901, 3.050, 253.94, 0.30, 3.048, 254.00, 0.38, 0.006, 12.96, 45.40);
insert into SHOT values (2467, 2476, 2484, 7901, 4.510, 284.44, 81.10, 4.515, 284.83, 81.04, 0.009, 324.58, 30.15);
insert into SHOT values (2468, 2476, 2485, 7901, 1.190, 170.74, -69.80, 1.181, 171.47, -69.98, 0.011, 312.11, 39.45);
insert into SHOT values (2469, 2476, 2486, 7901, 4.130, 64.74, 34.10, 4.131, 64.71, 34.17, 0.005, 280.33, 57.84);
insert into SHOT values (2470, 2476, 2487, 7901, 12.400, 241.54, -32.00, 12.403, 241.56, -31.99, 0.006, 287.30, 10.31);
insert into SHOT values (2471, 2487, 2488, 7901, 5.230, 300.94, 22.80, 5.228, 300.98, 22.85, 0.006, 76.22, 30.64);
insert into SHOT values (2472, 2487, 2489, 7901, 2.670, 142.64, 5.10, 2.671, 142.48, 5.16, 0.008, 58.48, 20.29);
insert into SHOT values (2473, 2487, 2490, 7901, 4.210, 194.14, 0.10, 4.206, 194.04, 0.14, 0.009, 73.36, 17.02);
insert into SHOT values (2474, 2487, 2491, 7901, 18.180, 210.24, -2.70, 18.178, 210.22, -2.68, 0.008, 100.42, 51.20);
insert into SHOT values (2475, 2487, 2492, 7901, 25.930, 236.94, -4.80, 25.922, 236.94, -4.80, 0.008, 38.09, -1.61);
insert into SHOT values (2476, 2487, 2493, 7901, 17.390, 261.24, -0.40, 17.384, 261.23, -0.40, 0.007, 97.99, 11.87);
insert into SHOT values (2477, 2487, 2494, 7901, 7.750, 36.24, 31.90, 7.755, 36.23, 31.92, 0.006, 10.94, 55.27);
insert into SHOT values (2478, 2487, 2495, 7901, 3.900, 82.74, 25.90, 3.903, 82.63, 25.98, 0.009, 358.85, 44.84);
insert into SHOT values (2479, 2487, 2496, 7901, 13.330, 65.44, 32.70, 13.338, 65.42, 32.67, 0.011, 47.27, -7.60);
insert into SHOT values (2480, 2487, 2497, 7901, 7.470, 298.24, 78.40, 7.472, 298.27, 78.43, 0.004, 101.40, 37.41);
insert into SHOT values (2481, 2487, 2498, 7901, 1.910, 195.94, -74.90, 1.906, 195.15, -74.88, 0.008, 103.27, 30.76);
insert into SHOT values (2482, 2487, 2499, 7901, 12.700, 234.04, -31.40, 12.691, 234.05, -31.39, 0.010, 34.22, 43.78);
insert into SHOT values (2483, 2499, 2500, 7901, 2.930, 323.54, 31.00, 2.929, 323.59, 31.03, 0.003, 87.05, 20.03);
insert into SHOT values (2484, 2499, 2501, 7901, 5.620, 278.04, 15.10, 5.617, 278.06, 15.07, 0.005, 63.48, -53.68);
insert into SHOT values (2485, 2499, 2502, 7901, 15.340, 264.24, 8.30, 15.337, 264.21, 8.28, 0.008, 156.22, -34.22);
insert into SHOT values (2486, 2499, 2503, 7901, 14.290, 238.64, 8.10, 14.293, 238.61, 8.08, 0.008, 176.76, -26.45);
insert into SHOT values (2487, 2499, 2504, 7901, 7.930, 189.44, 7.60, 7.935, 189.44, 7.53, 0.011, 190.39, -55.01);
insert into SHOT values (2488, 2499, 2505, 7901, 8.350, 167.94, 3.20, 8.356, 167.96, 3.16, 0.010, 197.46, -39.40);
insert into SHOT values (2489, 2499, 2506, 7901, 7.880, 119.04, 6.00, 7.881, 119.08, 5.97, 0.007, 195.95, -30.03);
insert into SHOT values (2490, 2499, 2507, 7901, 6.490, 83.44, 13.30, 6.485, 83.45, 13.28, 0.006, 248.26, -31.68);
insert into SHOT values (2491, 2499, 2508, 7901, 14.980, 239.54, 75.70, 14.975, 239.49, 75.68, 0.007, 189.51, -54.11);
insert into SHOT values (2492, 2499, 2509, 7901, 1.660, 178.84, -65.70, 1.669, 179.17, -65.58, 0.011, 208.77, -41.41);
insert into SHOT values (2493, 2499, 2510, 7901, 17.040, 136.84, -7.10, 17.047, 136.84, -7.11, 0.008, 154.60, -29.87);
insert into SHOT_FLAG values(2493, 'dpl');
insert into SHOT values (2494, 2499, 2511, 7901, 8.860, 264.64, 0.70, 8.860, 264.62, 0.65, 0.009, 164.59, -75.50);
insert into SHOT values (2495, 2511, 2512, 7901, 7.440, 281.94, -14.50, 7.442, 281.93, -14.47, 0.004, 271.64, 45.69);
insert into SHOT values (2496, 2511, 2513, 7901, 6.710, 282.04, -7.70, 6.706, 282.07, -7.63, 0.010, 45.53, 63.06);
insert into SHOT values (2497, 2511, 2514, 7901, 2.020, 17.74, -2.50, 2.016, 17.63, -2.27, 0.010, 246.07, 56.94);
insert into SHOT values (2498, 2511, 2515, 7901, 4.970, 319.24, -9.90, 4.973, 319.22, -9.84, 0.006, 296.72, 50.61);
insert into SHOT values (2499, 2511, 2516, 7901, 6.560, 240.14, -7.70, 6.562, 240.12, -7.62, 0.010, 216.59, 66.61);
insert into SHOT values (2500, 2511, 2517, 7901, 6.310, 171.24, 12.50, 6.313, 171.23, 12.53, 0.005, 133.72, 63.46);
insert into SHOT values (2501, 2511, 2518, 7901, 14.160, 107.24, 11.70, 14.159, 107.25, 11.74, 0.009, 250.29, 69.53);
insert into SHOT values (2502, 2511, 2519, 7901, 14.500, 112.14, 2.90, 14.498, 112.15, 2.93, 0.008, 233.00, 52.81);
insert into SHOT values (2503, 2511, 2520, 7901, 14.640, 76.84, 3.50, 14.642, 76.83, 3.52, 0.007, 25.47, 65.91);
insert into SHOT values (2504, 2511, 2521, 7901, 12.330, 271.14, 68.80, 12.335, 271.16, 68.80, 0.005, 305.74, 60.43);
insert into SHOT values (2505, 2511, 2522, 7901, 11.970, 264.94, 72.30, 11.978, 264.96, 72.29, 0.008, 282.94, 52.76);
insert into SHOT values (2506, 2511, 2523, 7901, 1.720, 258.64, -32.00, 1.720, 258.54, -31.95, 0.003, 178.81, 29.07);
insert into SHOT values (2507, 2511, 2524, 7901, 11.960, 263.84, -29.90, 11.960, 263.86, -29.89, 0.004, 328.49, 28.72);
insert into SHOT values (2508, 2511, 2525, 7901, 13.130, 264.74, -28.90, 13.131, 264.71, -28.87, 0.009, 212.13, 39.09);
insert into SHOT values (2509, 2511, 2526, 7901, 12.010, 263.74, -30.30, 12.012, 263.75, -30.30, 0.003, 293.93, -12.86);
insert into SHOT values (2510, 2526, 2527, 7901, 5.690, 216.14, -6.90, 5.687, 216.14, -6.87, 0.004, 32.15, 56.87);
insert into SHOT values (2511, 2526, 2528, 7901, 3.470, 160.34, 0.70, 3.473, 160.31, 0.82, 0.008, 135.69, 64.70);
insert into SHOT values (2512, 2526, 2529, 7901, 7.770, 110.64, 25.90, 7.774, 110.69, 25.94, 0.009, 189.04, 42.66);
insert into SHOT values (2513, 2526, 2530, 7901, 10.620, 54.64, 20.40, 10.624, 54.65, 20.44, 0.009, 107.77, 72.27);
insert into SHOT values (2514, 2526, 2531, 7901, 1.100, 326.24, 1.50, 1.096, 326.16, 1.57, 0.004, 165.03, 15.60);
insert into SHOT values (2515, 2526, 2532, 7901, 2.350, 282.24, 1.80, 2.345, 282.32, 1.95, 0.009, 68.77, 46.52);
insert into SHOT values (2516, 2526, 2533, 7901, 2.840, 241.14, -65.90, 2.836, 240.99, -65.97, 0.006, 92.29, 23.58);
insert into SHOT values (2517, 2526, 2534, 7901, 4.160, 263.44, 79.70, 4.167, 263.07, 79.70, 0.009, 191.94, 54.05);
insert into SHOT values (2518, 2526, 2535, 7901, 9.170, 239.24, -6.40, 9.169, 239.24, -6.39, 0.002, 31.77, 60.85);
insert into SHOT values (2519, 2535, 2536, 7901, 2.300, 171.74, -0.50, 2.304, 171.76, -0.50, 0.004, 187.37, 1.02);
insert into SHOT values (2520, 2535, 2537, 7901, 3.880, 239.74, -0.90, 3.882, 239.67, -0.89, 0.005, 170.15, 10.81);
insert into SHOT values (2521, 2535, 2538, 7901, 0.920, 324.24, 4.00, 0.919, 323.88, 4.37, 0.008, 217.67, 44.36);
insert into SHOT values (2522, 2535, 2539, 7901, 4.840, 41.24, 8.30, 4.841, 41.28, 8.31, 0.004, 116.36, 21.66);
insert into SHOT values (2523, 2535, 2540, 7901, 12.740, 60.94, 6.70, 12.737, 60.96, 6.72, 0.007, 178.86, 29.70);
insert into SHOT values (2524, 2535, 2541, 7901, 2.140, 119.34, 10.00, 2.146, 119.48, 9.93, 0.008, 159.33, -11.45);
insert into SHOT values (2525, 2535, 2542, 7901, 3.940, 104.64, 72.70, 3.938, 104.87, 72.73, 0.006, 222.82, -18.22);
insert into SHOT values (2526, 2535, 2543, 7901, 1.520, 263.94, -81.50, 1.516, 262.23, -81.58, 0.008, 151.44, 24.83);
insert into SHOT values (2527, 2535, 2544, 7901, 6.850, 250.94, 25.90, 6.848, 250.86, 25.89, 0.009, 151.57, -13.75);
insert into SHOT values (2528, 2544, 2545, 7901, 2.710, 313.04, 3.60, 2.715, 313.06, 3.59, 0.005, 322.65, -1.79);
insert into SHOT values (2529, 2544, 2546, 7901, 5.040, 284.54, 3.80, 5.044, 284.62, 3.86, 0.010, 344.73, 36.98);
insert into SHOT values (2530, 2544, 2547, 7901, 6.330, 240.64, 9.00, 6.328, 240.69, 9.00, 0.006, 348.88, -2.32);
insert into SHOT values (2531, 2544, 2548, 7901, 4.250, 202.94, 22.40, 4.242, 202.97, 22.45, 0.009, 9.02, 2.95);
insert into SHOT values (2532, 2544, 2549, 7901, 2.700, 152.64, 28.30, 2.698, 152.68, 28.32, 0.003, 296.41, -0.74);
insert into SHOT values (2533, 2544, 2550, 7901, 2.480, 104.14, 20.30, 2.476, 103.98, 20.57, 0.014, 325.82, 44.36);
insert into SHOT values (2534, 2544, 2551, 7901, 3.240, 46.34, 15.10, 3.240, 46.30, 15.21, 0.007, 276.08, 63.52);
insert into SHOT values (2535, 2544, 2552, 7901, 5.210, 33.24, 2.20, 5.213, 33.17, 2.20, 0.007, 327.28, -0.00);
insert into SHOT values (2536, 2544, 2553, 7901, 3.850, 5.14, 3.40, 3.852, 5.07, 3.42, 0.005, 298.08, 19.53);
insert into SHOT values (2537, 2544, 2554, 7901, 1.220, 245.94, 77.40, 1.230, 248.20, 77.35, 0.014, 320.60, 40.42);
insert into SHOT values (2538, 2544, 2555, 7901, 0.870, 5.64, -71.00, 0.870, 3.95, -70.48, 0.012, 316.08, 12.98);
insert into SHOT values (2539, 2544, 2556, 7901, 9.600, 268.04, -2.60, 9.605, 268.09, -2.57, 0.011, 326.74, 28.65);
insert into SHOT values (2540, 2556, 2557, 7901, 4.740, 289.74, -3.90, 4.736, 289.66, -3.87, 0.008, 170.44, 18.49);
insert into SHOT values (2541, 2556, 2558, 7901, 3.090, 253.14, -1.80, 3.086, 253.03, -1.86, 0.008, 125.90, -22.74);
insert into SHOT values (2542, 2556, 2559, 7901, 2.220, 145.04, 14.30, 2.230, 144.99, 14.28, 0.010, 133.98, 9.34);
insert into SHOT values (2543, 2556, 2560, 7901, 7.370, 108.14, 4.10, 7.375, 108.14, 4.12, 0.005, 111.01, 34.71);
insert into SHOT values (2544, 2556, 2561, 7901, 6.760, 67.84, 4.80, 6.760, 67.85, 4.75, 0.006, 129.47, -72.30);
insert into SHOT values (2545, 2556, 2562, 7901, 4.200, 44.54, 6.40, 4.198, 44.61, 6.43, 0.006, 153.05, 17.87);
insert into SHOT values (2546, 2556, 2563, 7901, 3.260, 16.64, 2.30, 3.261, 16.77, 2.28, 0.007, 97.76, -6.38);
insert into SHOT values (2547, 2556, 2564, 7901, 2.320, 205.44, 81.10, 2.319, 204.44, 81.01, 0.007, 144.61, -16.02);
insert into SHOT values (2548, 2556, 2565, 7901, 0.970, 151.04, -73.50, 0.971, 149.74, -73.37, 0.007, 81.03, 0.47);
insert into SHOT values (2549, 2556, 2566, 7901, 13.570, 267.04, -9.70, 13.573, 267.00, -9.71, 0.010, 192.15, -21.96);
insert into SHOT values (2550, 2566, 2567, 7901, 1.150, 358.84, 11.40, 1.153, 358.99, 11.50, 0.005, 44.49, 33.35);
insert into SHOT values (2551, 2566, 2568, 7901, 2.430, 35.14, 13.60, 2.437, 35.03, 13.53, 0.009, 4.33, -9.26);
insert into SHOT values (2552, 2566, 2569, 7901, 4.130, 64.64, 11.00, 4.138, 64.63, 11.01, 0.008, 62.50, 14.69);
insert into SHOT values (2553, 2566, 2570, 7901, 2.900, 98.04, 9.50, 2.908, 98.02, 9.50, 0.008, 90.53, 9.82);
insert into SHOT values (2554, 2566, 2571, 7901, 1.340, 156.74, 17.10, 1.338, 156.45, 17.40, 0.010, 32.13, 37.34);
insert into SHOT values (2555, 2566, 2572, 7901, 2.030, 230.64, 6.20, 2.030, 230.63, 6.22, 0.001, 100.44, 67.18);
insert into SHOT values (2556, 2566, 2573, 7901, 2.500, 271.94, 8.60, 2.501, 272.09, 8.74, 0.009, 4.25, 43.74);
insert into SHOT values (2557, 2566, 2574, 7901, 1.740, 302.84, 9.40, 1.744, 303.14, 9.57, 0.011, 14.34, 31.65);
insert into SHOT values (2558, 2566, 2575, 7901, 3.050, 89.14, 84.40, 3.055, 88.09, 84.36, 0.008, 23.55, 37.11);
insert into SHOT values (2559, 2566, 2576, 7901, 0.850, 306.04, -75.40, 0.847, 307.41, -75.37, 0.006, 39.52, 26.51);
insert into SHOT values (2560, 2566, 2577, 7901, 6.090, 77.04, 3.40, 6.097, 76.99, 3.39, 0.009, 41.58, -7.89);
insert into SHOT values (2561, 2577, 2578, 7901, 2.020, 128.44, -2.20, 2.022, 128.57, -1.98, 0.009, 191.70, 55.02);
insert into SHOT values (2562, 2577, 2579, 7901, 1.450, 167.64, 3.70, 1.447, 167.60, 3.96, 0.007, 3.52, 61.89);
insert into SHOT values (2563, 2577, 2580, 7901, 1.970, 229.34, -1.50, 1.973, 229.52, -1.45, 0.007, 297.61, 12.75);
insert into SHOT values (2564, 2577, 2581, 7901, 6.830, 267.94, 5.10, 6.832, 267.89, 5.12, 0.006, 195.60, 27.94);
insert into SHOT values (2565, 2577, 2582, 7901, 0.320, 331.64, 9.10, 0.322, 331.82, 8.95, 0.002, 2.97, -17.31);
insert into SHOT values (2566, 2577, 2583, 7901, 4.280, 169.24, 82.00, 4.282, 169.44, 81.94, 0.005, 194.34, 18.39);
insert into SHOT values (2567, 2577, 2584, 7901, 0.970, 158.64, -78.00, 0.962, 159.78, -77.84, 0.010, 237.79, 65.06);
insert into SHOT values (2568, 2577, 2585, 7901, 3.490, 149.44, -69.60, 3.490, 149.44, -69.55, 0.003, 150.09, 21.22);
insert into SHOT values (2569, 2577, 2586, 7901, 3.470, 149.54, -73.00, 3.463, 149.91, -72.92, 0.011, 218.20, 50.05);
insert into SHOT values (2570, 2577, 2587, 7901, 3.500, 155.84, -69.20, 3.500, 155.90, -69.10, 0.006, 168.15, 17.09);
insert into SHOT values (2571, 2577, 2588, 7901, 3.440, 140.14, -70.80, 3.431, 140.39, -70.78, 0.010, 252.30, 58.25);
insert into SHOT values (2572, 2577, 2589, 7901, 3.720, 111.84, -21.70, 3.721, 111.89, -21.60, 0.007, 159.03, 49.80);
insert into SHOT values (2573, 2589, 2590, 7901, 0.310, 230.04, 23.20, 0.309, 230.71, 22.89, 0.004, 331.85, -31.89);
insert into SHOT values (2574, 2589, 2591, 7901, 1.690, 259.04, 14.60, 1.693, 259.10, 14.37, 0.008, 282.76, -52.96);
insert into SHOT values (2575, 2589, 2592, 7901, 2.540, 296.94, 4.10, 2.542, 296.97, 4.06, 0.003, 328.65, -31.07);
insert into SHOT values (2576, 2589, 2593, 7901, 4.240, 340.94, -5.80, 4.244, 340.92, -5.82, 0.004, 322.52, -21.78);
insert into SHOT values (2577, 2589, 2594, 7901, 3.730, 20.54, -4.20, 3.734, 20.43, -4.15, 0.009, 321.93, 21.20);
insert into SHOT values (2578, 2589, 2595, 7901, 5.630, 48.64, 0.00, 5.626, 48.60, 0.00, 0.006, 265.78, 0.00);
insert into SHOT values (2579, 2589, 2596, 7901, 2.690, 69.04, 0.00, 2.691, 68.87, 0.00, 0.008, 345.58, 0.00);
insert into SHOT values (2580, 2589, 2597, 7901, 2.610, 68.94, 0.20, 2.605, 68.85, 0.22, 0.006, 289.74, 8.49);
insert into SHOT values (2581, 2589, 2598, 7901, 2.570, 69.14, -0.40, 2.570, 69.03, -0.45, 0.005, 343.15, -22.38);
insert into SHOT values (2582, 2589, 2599, 7901, 4.110, 354.54, 70.60, 4.114, 354.54, 70.60, 0.004, 357.43, 73.12);
insert into SHOT values (2583, 2589, 2600, 7901, 1.740, 353.84, -73.40, 1.744, 353.16, -73.22, 0.009, 311.02, -15.97);
insert into SHOT values (2584, 2589, 2601, 7901, 10.580, 65.04, 0.70, 10.581, 65.01, 0.70, 0.005, 349.84, 7.82);
insert into SHOT values (2585, 2589, 2602, 7901, 8.060, 290.04, -15.10, 8.061, 290.06, -15.10, 0.004, 10.20, -5.08);
insert into SHOT values (2586, 2602, 2603, 7901, 1.300, 329.34, 10.30, 1.303, 329.04, 10.16, 0.008, 268.34, -17.57);
insert into SHOT values (2587, 2602, 2604, 7901, 2.990, 278.54, 1.70, 2.994, 278.46, 1.72, 0.006, 230.19, 12.67);
insert into SHOT values (2588, 2602, 2605, 7901, 3.720, 227.34, 3.80, 3.724, 227.29, 3.85, 0.006, 185.92, 36.90);
insert into SHOT values (2589, 2602, 2606, 7901, 2.660, 195.24, 4.60, 2.662, 195.29, 4.52, 0.005, 240.45, -42.66);
insert into SHOT values (2590, 2602, 2607, 7901, 2.480, 145.94, 14.40, 2.478, 146.04, 14.49, 0.006, 269.54, 31.05);
insert into SHOT values (2591, 2602, 2608, 7901, 4.110, 122.34, 10.90, 4.111, 122.35, 10.94, 0.003, 176.79, 67.00);
insert into SHOT values (2592, 2602, 2609, 7901, 2.430, 70.54, 20.00, 2.427, 70.53, 20.00, 0.003, 254.63, -19.75);
insert into SHOT values (2593, 2602, 2610, 7901, 1.660, 37.24, 14.90, 1.663, 37.16, 14.99, 0.004, 345.71, 46.99);
insert into SHOT values (2594, 2602, 2611, 7901, 1.200, 138.74, 80.30, 1.197, 139.09, 80.45, 0.005, 300.68, -36.18);
insert into SHOT values (2595, 2602, 2612, 7901, 0.880, 289.74, -84.60, 0.884, 290.56, -84.45, 0.005, 314.75, -53.53);
insert into SHOT values (2596, 2602, 2613, 7901, 10.780, 267.54, -1.40, 10.783, 267.55, -1.38, 0.006, 313.49, 37.73);
insert into SHOT values (2597, 2613, 2614, 7901, 0.690, 158.24, 12.70, 0.694, 158.36, 12.48, 0.005, 174.87, -19.16);
insert into SHOT values (2598, 2613, 2615, 7901, 3.260, 189.34, 22.80, 3.263, 189.37, 22.71, 0.006, 207.71, -32.72);
insert into SHOT values (2599, 2613, 2616, 7901, 4.200, 220.64, 36.40, 4.201, 220.56, 36.35, 0.006, 160.47, -25.38);
insert into SHOT values (2600, 2613, 2617, 7901, 4.200, 250.04, 25.20, 4.196, 249.99, 25.10, 0.009, 142.98, -68.70);
insert into SHOT values (2601, 2613, 2618, 7901, 1.130, 300.14, 28.20, 1.127, 300.17, 28.05, 0.004, 90.31, -72.54);
insert into SHOT values (2602, 2613, 2619, 7901, 1.930, 48.94, -9.70, 1.928, 48.84, -9.86, 0.007, 274.49, -47.46);
insert into SHOT values (2603, 2613, 2620, 7901, 1.520, 25.74, -2.30, 1.513, 25.89, -2.65, 0.012, 176.68, -47.96);
insert into SHOT values (2604, 2613, 2621, 7901, 3.380, 261.24, 80.50, 3.376, 260.71, 80.50, 0.006, 164.94, -35.05);
insert into SHOT values (2605, 2613, 2622, 7901, 3.560, 246.44, 70.20, 3.563, 246.18, 70.09, 0.009, 210.27, 2.89);
insert into SHOT values (2606, 2613, 2623, 7901, 2.280, 205.14, -83.60, 2.284, 205.56, -83.59, 0.005, 272.21, -64.14);
insert into SHOT values (2607, 2613, 2624, 7901, 4.330, 221.04, 20.00, 4.329, 221.01, 19.99, 0.002, 123.22, -28.92);
insert into SHOT values (2608, 2624, 2625, 7901, 3.020, 159.34, 7.60, 3.017, 159.44, 7.62, 0.006, 278.33, 5.27);
insert into SHOT values (2609, 2624, 2626, 7901, 2.800, 194.64, 4.40, 2.800, 194.73, 4.30, 0.007, 284.15, -45.97);
insert into SHOT values (2610, 2624, 2627, 7901, 3.800, 242.64, -2.60, 3.802, 242.56, -2.71, 0.009, 165.37, -54.52);
insert into SHOT values (2611, 2624, 2628, 7901, 3.720, 270.84, -0.30, 3.720, 270.77, -0.31, 0.004, 185.84, -6.76);
insert into SHOT values (2612, 2624, 2629, 7901, 1.220, 313.64, 6.20, 1.217, 313.33, 6.13, 0.008, 197.67, -13.48);
insert into SHOT values (2613, 2624, 2630, 7901, 4.530, 353.84, 4.10, 4.528, 353.77, 4.05, 0.007, 245.17, -35.37);
insert into SHOT values (2614, 2624, 2631, 7901, 4.610, 60.74, 11.90, 4.603, 60.76, 11.91, 0.007, 226.70, -4.73);
insert into SHOT values (2615, 2624, 2632, 7901, 4.640, 96.84, 11.50, 4.634, 96.83, 11.45, 0.007, 286.43, -47.13);
insert into SHOT values (2616, 2624, 2633, 7901, 0.740, 217.64, 74.90, 0.738, 216.87, 74.27, 0.009, 197.25, -30.05);
insert into SHOT values (2617, 2624, 2634, 7901, 1.040, 39.74, -83.60, 1.046, 37.87, -83.74, 0.008, 281.74, -57.07);
insert into SHOT values (2618, 2624, 2635, 7901, 3.020, 249.84, -14.40, 3.024, 249.83, -14.36, 0.005, 246.88, 13.08);
insert into SHOT values (2619, 2635, 2636, 7901, 1.290, 241.94, 2.10, 1.294, 241.85, 1.77, 0.008, 214.31, -59.41);
insert into SHOT values (2620, 2635, 2637, 7901, 1.190, 316.74, 12.20, 1.187, 317.10, 12.16, 0.008, 67.30, -10.81);
insert into SHOT values (2621, 2635, 2638, 7901, 1.380, 0.64, 22.90, 1.376, 0.90, 22.65, 0.009, 101.18, -49.52);
insert into SHOT values (2622, 2635, 2639, 7901, 7.160, 50.94, 14.80, 7.160, 50.98, 14.73, 0.011, 114.72, -58.59);
insert into SHOT values (2623, 2635, 2640, 7901, 7.580, 88.24, 14.60, 7.578, 88.28, 14.60, 0.006, 197.53, -6.67);
insert into SHOT values (2624, 2635, 2641, 7901, 4.530, 109.24, 7.30, 4.527, 109.24, 7.23, 0.006, 281.35, -66.59);
insert into SHOT values (2625, 2635, 2642, 7901, 2.330, 333.04, 76.40, 2.326, 332.97, 76.32, 0.005, 316.46, -63.72);
insert into SHOT values (2626, 2635, 2643, 7901, 0.790, 56.14, -67.40, 0.790, 55.78, -67.50, 0.002, 291.78, -16.38);
insert into SHOT values (2627, 2635, 2644, 7901, 4.330, 330.74, 54.30, 4.321, 330.79, 54.32, 0.009, 130.17, -43.49);
insert into SHOT values (2628, 2644, 2645, 7901, 0.970, 176.44, 4.20, 0.964, 176.42, 4.16, 0.006, 358.87, -10.67);
insert into SHOT values (2629, 2644, 2646, 7901, 2.330, 208.14, 5.60, 2.329, 208.33, 5.67, 0.008, 306.87, 18.11);
insert into SHOT values (2630, 2644, 2647, 7901, 0.980, 260.54, 17.10, 0.986, 260.84, 17.11, 0.007, 303.33, 14.22);
insert into SHOT values (2631, 2644, 2648, 7901, 0.730, 352.84, 1.20, 0.736, 352.97, 1.56, 0.008, 9.67, 38.43);
insert into SHOT values (2632, 2644, 2649, 7901, 3.380, 13.14, -5.00, 3.379, 13.05, -4.92, 0.007, 280.55, 40.28);
insert into SHOT values (2633, 2644, 2650, 7901, 1.040, 38.44, 2.50, 1.041, 37.97, 2.75, 0.010, 316.16, 28.50);
insert into SHOT values (2634, 2644, 2651, 7901, 1.170, 77.14, 9.70, 1.167, 76.93, 9.87, 0.006, 307.03, 27.84);
insert into SHOT values (2635, 2644, 2652, 7901, 1.460, 125.54, 10.80, 1.454, 125.58, 11.11, 0.010, 297.03, 39.23);
insert into SHOT values (2636, 2644, 2653, 7901, 0.600, 315.44, 78.60, 0.604, 315.00, 77.83, 0.009, 309.05, 11.88);
insert into SHOT values (2637, 2644, 2654, 7901, 1.600, 48.94, -79.50, 1.597, 49.18, -79.51, 0.004, 174.31, 64.38);
insert into SHOT values (2638, 2644, 2655, 7901, 6.530, 234.74, 15.50, 6.531, 234.77, 15.54, 0.006, 323.63, 54.83);
insert into SHOT values (2639, 2655, 2656, 7901, 4.600, 170.04, 0.50, 4.599, 170.11, 0.50, 0.006, 274.62, -1.40);
insert into SHOT values (2640, 2655, 2657, 7901, 6.720, 200.34, -2.10, 6.722, 200.30, -2.13, 0.006, 128.38, -36.50);
insert into SHOT values (2641, 2655, 2658, 7901, 1.820, 247.74, 23.10, 1.818, 247.88, 22.99, 0.006, 350.42, -43.44);
insert into SHOT values (2642, 2655, 2659, 7901, 1.100, 346.24, 7.50, 1.100, 346.22, 7.31, 0.004, 322.47, -75.75);
insert into SHOT values (2643, 2655, 2660, 7901, 2.390, 109.04, 0.60, 2.391, 109.04, 0.48, 0.005, 118.06, -79.20);
insert into SHOT values (2644, 2655, 2661, 7901, 1.320, 74.84, -3.90, 1.318, 75.01, -3.92, 0.005, 193.86, -2.74);
insert into SHOT values (2645, 2655, 2662, 7901, 4.040, 168.04, 68.20, 4.040, 168.09, 68.17, 0.003, 203.30, -23.80);
insert into SHOT values (2646, 2655, 2663, 7901, 1.210, 153.04, -77.70, 1.218, 152.45, -77.70, 0.008, 94.59, -68.03);
insert into SHOT values (2647, 2655, 2664, 7901, 2.040, 131.84, -70.20, 2.039, 132.05, -70.32, 0.005, 280.87, -6.98);
insert into SHOT values (2648, 2655, 2665, 7901, 3.220, 156.14, -53.10, 3.225, 156.22, -53.14, 0.006, 227.99, -60.36);
insert into SHOT values (2649, 2655, 2666, 7901, 9.750, 325.54, 73.70, 9.743, 325.56, 73.66, 0.009, 338.12, -63.42);
insert into SHOT values (2650, 2655, 2667, 7901, 6.510, 254.54, 35.70, 6.514, 254.55, 35.68, 0.005, 263.34, 13.67);
insert into SHOT values (2651, 2655, 2668, 7901, 3.520, 235.24, -0.50, 3.520, 235.18, -0.49, 0.004, 151.64, 11.64);
insert into SHOT values (2652, 2668, 2669, 7901, 22.020, 316.84, 18.10, 22.023, 316.84, 18.09, 0.004, 323.82, -16.31);
insert into SHOT values (2653, 2668, 2670, 7901, 13.790, 356.84, 31.40, 13.794, 356.84, 31.37, 0.009, 354.84, -32.24);
insert into SHOT values (2654, 2668, 2671, 7901, 15.740, 31.94, 34.70, 15.743, 31.90, 34.69, 0.010, 326.61, -2.64);
insert into SHOT values (2655, 2668, 2672, 7901, 6.010, 61.64, 29.80, 6.008, 61.62, 29.73, 0.007, 17.02, -68.97);
insert into SHOT values (2656, 2668, 2673, 7901, 10.580, 76.14, 33.50, 10.577, 76.09, 33.51, 0.008, 318.22, 3.48);
insert into SHOT values (2657, 2668, 2674, 7901, 13.570, 58.64, 35.20, 13.569, 58.65, 35.19, 0.003, 126.17, -50.09);
insert into SHOT values (2658, 2668, 2675, 7901, 4.310, 134.34, 29.40, 4.301, 134.35, 29.38, 0.009, 307.03, -39.29);
insert into SHOT values (2659, 2668, 2676, 7901, 4.510, 191.54, 1.50, 4.502, 191.53, 1.40, 0.011, 13.33, -46.83);
insert into SHOT values (2660, 2668, 2677, 7901, 3.390, 270.04, 78.80, 3.385, 270.00, 78.76, 0.006, 254.37, -73.56);
insert into SHOT values (2661, 2668, 2678, 7901, 11.110, 318.54, 62.70, 11.110, 318.50, 62.67, 0.007, 283.07, -22.18);
insert into SHOT values (2662, 2668, 2679, 7901, 18.200, 325.44, 58.50, 18.194, 325.41, 58.48, 0.010, 257.76, -56.30);
insert into SHOT values (2663, 2668, 2680, 7901, 1.740, 122.64, -82.00, 1.746, 123.02, -82.15, 0.008, 278.74, -60.21);
insert into SHOT values (2664, 2668, 2681, 7901, 4.920, 184.74, -54.90, 4.925, 184.86, -54.92, 0.008, 264.24, -36.42);
insert into SHOT values (2665, 2668, 2682, 7901, 20.020, 68.94, 31.20, 20.021, 68.92, 31.20, 0.006, 356.94, -8.86);
insert into SHOT values (2666, 2668, 2683, 7901, 30.540, 273.24, 0.90, 30.543, 273.25, 0.90, 0.006, 335.09, 2.87);
insert into SHOT values (2667, 2683, 2684, 7901, 2.710, 245.24, 13.10, 2.714, 245.18, 12.99, 0.007, 215.93, -37.61);
insert into SHOT values (2668, 2683, 2685, 7901, 4.580, 267.94, 12.30, 4.577, 267.95, 12.24, 0.006, 62.20, -68.59);
insert into SHOT values (2669, 2683, 2686, 7901, 6.460, 297.44, 13.20, 6.458, 297.46, 13.16, 0.006, 42.96, -62.15);
insert into SHOT values (2670, 2683, 2687, 7901, 8.660, 312.34, 4.70, 8.658, 312.32, 4.70, 0.003, 182.97, 8.14);
insert into SHOT values (2671, 2683, 2688, 7901, 19.690, 328.14, 16.00, 19.683, 328.13, 15.98, 0.009, 165.86, -53.39);
insert into SHOT values (2672, 2683, 2689, 7901, 17.950, 328.44, 17.80, 17.948, 328.42, 17.78, 0.009, 239.55, -55.62);
insert into SHOT values (2673, 2683, 2690, 7901, 14.770, 352.74, 24.60, 14.765, 352.73, 24.57, 0.009, 234.35, -71.18);
insert into SHOT values (2674, 2683, 2691, 7901, 25.590, 57.84, 19.80, 25.582, 57.85, 19.79, 0.011, 199.06, -49.29);
insert into SHOT values (2675, 2683, 2692, 7901, 45.140, 80.34, 9.90, 45.142, 80.34, 9.90, 0.005, 140.05, -10.70);
insert into SHOT values (2676, 2683, 2693, 7901, 19.950, 96.24, 8.30, 19.946, 96.25, 8.30, 0.007, 219.31, 0.82);
insert into SHOT values (2677, 2683, 2694, 7901, 9.540, 119.34, 13.40, 9.541, 119.35, 13.39, 0.003, 181.19, -15.86);
insert into SHOT values (2678, 2683, 2695, 7901, 8.650, 23.14, 71.00, 8.642, 23.20, 70.97, 0.009, 84.02, -68.55);
insert into SHOT values (2679, 2683, 2696, 7901, 1.810, 106.54, -80.00, 1.817, 106.70, -80.08, 0.008, 247.65, -79.37);
insert into SHOT values (2680, 2683, 2697, 7901, 6.520, 28.04, -34.10, 6.520, 28.08, -34.15, 0.007, 157.43, -38.77);
insert into SHOT values (2681, 2683, 2698, 7901, 25.440, 18.64, -16.80, 25.444, 18.63, -16.81, 0.008, 313.11, -58.39);
insert into SHOT values (2682, 2683, 2699, 7901, 10.500, 322.64, -15.50, 10.499, 322.63, -15.52, 0.004, 173.74, -63.09);
insert into SHOT values (2683, 2683, 2700, 7901, 10.480, 322.44, -15.10, 10.481, 322.43, -15.10, 0.002, 251.98, 2.76);
insert into SHOT values (2684, 2700, 2701, 7901, 12.770, 352.64, 1.80, 12.771, 352.66, 1.79, 0.006, 74.70, -10.88);
insert into SHOT values (2685, 2700, 2702, 7901, 13.430, 30.84, 4.60, 13.425, 30.84, 4.57, 0.008, 207.12, -56.48);
insert into SHOT values (2686, 2700, 2703, 7901, 5.450, 70.24, -1.50, 5.452, 70.27, -1.58, 0.008, 127.70, -64.68);
insert into SHOT values (2687, 2700, 2704, 7901, 24.030, 64.44, 9.60, 24.032, 64.45, 9.58, 0.010, 122.03, -47.82);
insert into SHOT values (2688, 2700, 2705, 7901, 6.820, 265.74, 7.30, 6.813, 265.76, 7.25, 0.009, 65.18, -44.82);
insert into SHOT values (2689, 2700, 2706, 7901, 4.340, 237.44, 7.70, 4.339, 237.34, 7.68, 0.007, 137.30, -11.97);
insert into SHOT values (2690, 2700, 2707, 7901, 2.840, 168.94, 2.50, 2.846, 168.85, 2.42, 0.009, 134.15, -26.48);
insert into SHOT values (2691, 2700, 2708, 7901, 4.260, 160.94, 8.40, 4.258, 160.88, 8.37, 0.005, 48.51, -25.57);
insert into SHOT values (2692, 2700, 2709, 7901, 5.370, 309.14, 63.90, 5.367, 309.15, 63.91, 0.004, 115.68, -42.00);
insert into SHOT values (2693, 2700, 2710, 7901, 10.690, 343.64, 73.10, 10.681, 343.73, 73.10, 0.010, 107.77, -55.54);
insert into SHOT values (2694, 2700, 2711, 7901, 0.740, 264.84, -83.80, 0.744, 262.87, -83.78, 0.005, 188.20, -56.75);
insert into SHOT values (2695, 2700, 2712, 7901, 9.690, 11.74, -66.20, 9.695, 11.80, -66.20, 0.006, 72.61, -40.50);
insert into SHOT values (2696, 2700, 2713, 7901, 13.500, 296.14, 3.60, 13.492, 296.13, 3.57, 0.011, 134.22, -44.71);
insert into SHOT values (2697, 2713, 2714, 7901, 5.110, 217.24, 5.60, 5.105, 217.32, 5.62, 0.009, 343.68, 8.36);
insert into SHOT values (2698, 2713, 2715, 7901, 16.610, 241.84, 2.90, 16.615, 241.84, 2.90, 0.005, 263.50, -3.85);
insert into SHOT values (2699, 2713, 2716, 7901, 25.590, 256.04, -2.40, 25.598, 256.04, -2.40, 0.008, 263.15, 11.42);
insert into SHOT values (2700, 2713, 2717, 7901, 39.980, 273.24, 4.10, 39.986, 273.25, 4.10, 0.010, 322.65, 8.85);
insert into SHOT values (2701, 2713, 2718, 7901, 32.130, 291.94, 3.80, 32.133, 291.94, 3.80, 0.003, 323.34, 10.37);
insert into SHOT values (2702, 2713, 2719, 7901, 33.880, 303.04, -6.00, 33.883, 303.03, -6.00, 0.004, 272.55, 21.81);
insert into SHOT values (2703, 2713, 2720, 7901, 23.190, 304.14, 3.20, 23.199, 304.14, 3.21, 0.010, 318.34, 32.44);
insert into SHOT values (2704, 2713, 2721, 7901, 23.130, 309.94, 4.90, 23.134, 309.95, 4.91, 0.007, 359.67, 36.19);
insert into SHOT values (2705, 2713, 2722, 7901, 7.120, 0.34, 11.90, 7.123, 0.33, 11.91, 0.004, 341.42, 28.89);
insert into SHOT values (2706, 2713, 2723, 7901, 11.990, 52.84, -1.40, 11.988, 52.83, -1.39, 0.004, 252.91, 50.71);
insert into SHOT values (2707, 2713, 2724, 7901, 29.450, 74.54, -2.90, 29.445, 74.52, -2.90, 0.012, 317.80, -0.19);
insert into SHOT values (2708, 2713, 2725, 7901, 8.600, 286.74, 82.10, 8.603, 286.61, 82.05, 0.008, 267.08, 11.35);
insert into SHOT values (2709, 2713, 2726, 7901, 2.440, 200.14, -65.60, 2.436, 200.42, -65.69, 0.007, 334.89, 16.42);
insert into SHOT values (2710, 2713, 2727, 7901, 13.480, 319.54, -58.60, 13.478, 319.56, -58.56, 0.009, 340.57, 40.33);
insert into SHOT values (2711, 2713, 2728, 7901, 20.980, 273.64, -19.00, 20.983, 273.64, -19.00, 0.003, 295.49, 7.23);
insert into SHOT values (2712, 2728, 2729, 7901, 9.700, 183.44, 32.00, 9.699, 183.42, 32.00, 0.003, 68.74, -3.56);
insert into SHOT values (2713, 2728, 2730, 7901, 14.910, 229.94, 30.20, 14.906, 229.94, 30.21, 0.005, 32.37, -0.34);
insert into SHOT values (2714, 2728, 2731, 7901, 19.090, 255.14, 18.80, 19.094, 255.16, 18.82, 0.010, 330.12, 52.37);
insert into SHOT values (2715, 2728, 2732, 7901, 27.540, 282.54, 16.50, 27.543, 282.53, 16.49, 0.005, 239.72, -22.11);
insert into SHOT values (2716, 2728, 2733, 7901, 17.100, 351.04, 11.10, 17.106, 351.05, 11.12, 0.010, 40.71, 51.39);
insert into SHOT values (2717, 2728, 2734, 7901, 19.290, 48.24, 5.10, 19.291, 48.23, 5.12, 0.006, 329.48, 57.23);
insert into SHOT values (2718, 2728, 2735, 7901, 23.300, 62.74, 8.10, 23.298, 62.72, 8.12, 0.009, 304.43, 48.18);
insert into SHOT values (2719, 2728, 2736, 7901, 16.490, 112.94, 24.80, 16.485, 112.93, 24.82, 0.008, 305.06, 25.20);
insert into SHOT values (2720, 2728, 2737, 7901, 16.570, 141.64, 39.80, 16.571, 141.64, 39.81, 0.004, 334.43, 57.18);
insert into SHOT values (2721, 2728, 2738, 7901, 3.400, 152.24, 25.40, 3.402, 152.27, 25.41, 0.003, 196.32, 35.12);
insert into SHOT values (2722, 2728, 2739, 7901, 14.360, 236.54, 79.40, 14.364, 236.61, 79.43, 0.009, 29.59, 33.96);
insert into SHOT values (2723, 2728, 2740, 7901, 1.140, 64.64, -74.50, 1.140, 64.29, -74.76, 0.006, 264.65, -15.38);
insert into SHOT values (2724, 2728, 2741, 7901, 15.580, 0.14, -43.60, 15.582, 0.15, -43.57, 0.009, 21.30, 28.17);
insert into SHOT values (2725, 2728, 2742, 7901, 26.470, 273.94, -11.80, 26.470, 273.94, -11.79, 0.003, 322.27, 73.52);
insert into SHOT values (2726, 2742, 2743, 7901, 25.560, 271.04, 10.20, 25.559, 271.05, 10.21, 0.006, 23.29, 37.49);
insert into SHOT values (2727, 2742, 2744, 7901, 32.410, 261.64, -3.70, 32.411, 261.64, -3.70, 0.004, 338.87, 20.78);
insert into SHOT values (2728, 2742, 2745, 7901, 1.480, 192.74, 22.50, 1.478, 192.71, 22.69, 0.005, 21.86, 42.37);
insert into SHOT values (2729, 2742, 2746, 7901, 10.270, 211.74, 37.80, 10.267, 211.75, 37.78, 0.005, 317.44, -66.80);
insert into SHOT values (2730, 2742, 2747, 7901, 2.870, 254.14, 32.40, 2.870, 254.18, 32.45, 0.003, 22.10, 40.85);
insert into SHOT values (2731, 2742, 2748, 7901, 24.830, 283.04, 11.80, 24.831, 283.03, 11.81, 0.004, 202.47, 35.60);
insert into SHOT values (2732, 2742, 2749, 7901, 25.970, 353.84, 12.20, 25.974, 353.83, 12.20, 0.006, 301.60, 17.33);
insert into SHOT values (2733, 2742, 2750, 7901, 36.760, 9.94, 0.70, 36.764, 9.93, 0.70, 0.006, 321.11, 9.41);
insert into SHOT values (2734, 2742, 2751, 7901, 22.110, 84.74, 4.60, 22.114, 84.74, 4.59, 0.005, 107.84, -36.53);
insert into SHOT values (2735, 2742, 2752, 7901, 37.700, 67.64, 13.20, 37.699, 67.63, 13.20, 0.007, 326.51, 10.06);
insert into SHOT values (2736, 2742, 2753, 7901, 13.440, 291.74, 77.30, 13.438, 291.87, 77.31, 0.007, 39.06, -9.17);
insert into SHOT values (2737, 2742, 2754, 7901, 0.860, 13.84, -78.00, 0.860, 12.53, -77.62, 0.007, 336.59, 9.84);
insert into SHOT values (2738, 2742, 2755, 7901, 28.580, 342.54, -41.20, 28.580, 342.54, -41.21, 0.006, 135.75, -48.13);
insert into SHOT values (2739, 2742, 2756, 7901, 12.610, 301.64, -23.90, 12.615, 301.64, -23.90, 0.005, 299.82, -12.31);
insert into SHOT values (2740, 2756, 2757, 7901, 5.540, 204.44, 20.00, 5.541, 204.40, 20.05, 0.006, 97.53, 54.43);
insert into SHOT values (2741, 2756, 2758, 7901, 14.760, 216.24, 32.70, 14.763, 216.22, 32.72, 0.007, 127.98, 64.10);
insert into SHOT values (2742, 2756, 2759, 7901, 22.250, 250.74, 24.90, 22.250, 250.73, 24.91, 0.003, 138.47, 34.11);
insert into SHOT values (2743, 2756, 2760, 7901, 18.040, 274.74, 17.90, 18.034, 274.75, 17.92, 0.010, 75.19, 32.22);
insert into SHOT values (2744, 2756, 2761, 7901, 33.190, 286.74, 7.50, 33.189, 286.74, 7.50, 0.004, 29.73, -28.92);
insert into SHOT values (2745, 2756, 2762, 7901, 34.820, 323.04, 7.00, 34.815, 323.03, 7.00, 0.006, 169.85, -35.25);
insert into SHOT values (2746, 2756, 2763, 7901, 35.110, 26.24, 8.00, 35.118, 26.25, 8.00, 0.011, 66.65, 20.12);
insert into SHOT values (2747, 2756, 2764, 7901, 13.520, 80.74, -1.30, 13.519, 80.76, -1.31, 0.006, 182.95, -30.41);
insert into SHOT values (2748, 2756, 2765, 7901, 12.080, 16.14, 77.60, 12.082, 16.34, 77.60, 0.009, 101.24, 11.08);
insert into SHOT values (2749, 2756, 2766, 7901, 3.940, 276.24, -54.80, 3.936, 276.34, -54.89, 0.008, 67.20, -3.08);
insert into SHOT values (2750, 2756, 2767, 7901, 19.530, 318.94, -43.00, 19.529, 318.95, -43.00, 0.003, 79.89, -12.99);
insert into SHOT values (2751, 2756, 2768, 7901, 10.810, 278.24, -21.80, 10.805, 278.25, -21.78, 0.006, 60.37, 49.13);
insert into SHOT values (2752, 2768, 2769, 7901, 3.350, 225.04, 24.70, 3.347, 225.00, 24.72, 0.004, 79.19, 2.34);
insert into SHOT values (2753, 2768, 2770, 7901, 18.910, 243.24, 22.20, 18.908, 243.22, 22.19, 0.008, 155.99, -36.19);
insert into SHOT values (2754, 2768, 2771, 7901, 33.900, 268.74, 14.60, 33.901, 268.73, 14.59, 0.009, 199.82, -33.67);
insert into SHOT values (2755, 2768, 2772, 7901, 29.660, 263.84, 13.90, 29.654, 263.84, 13.89, 0.007, 82.62, -45.20);
insert into SHOT values (2756, 2768, 2773, 7901, 19.530, 302.94, 16.90, 19.525, 302.94, 16.88, 0.008, 97.14, -68.18);
insert into SHOT values (2757, 2768, 2774, 7901, 30.260, 346.54, 17.80, 30.261, 346.53, 17.80, 0.003, 274.92, -7.70);
insert into SHOT values (2758, 2768, 2775, 7901, 37.010, 33.64, 19.70, 37.008, 33.64, 19.69, 0.006, 290.85, -76.38);
insert into SHOT values (2759, 2768, 2776, 7901, 9.870, 93.44, 16.20, 9.868, 93.45, 16.18, 0.004, 211.95, -61.55);
insert into SHOT values (2760, 2768, 2777, 7901, 11.900, 309.54, 78.10, 11.895, 309.54, 78.11, 0.005, 130.67, -53.26);
insert into SHOT values (2761, 2768, 2778, 7901, 14.740, 246.54, 76.80, 14.740, 246.56, 76.79, 0.002, 272.84, -12.99);
insert into SHOT values (2762, 2768, 2779, 7901, 2.090, 293.84, -58.20, 2.093, 293.54, -58.25, 0.007, 207.12, -33.02);
insert into SHOT values (2763, 2768, 2780, 7901, 17.660, 321.04, -36.50, 17.666, 321.03, -36.51, 0.007, 296.72, -55.41);
insert into SHOT values (2764, 2768, 2781, 7901, 10.430, 286.24, -14.00, 10.435, 286.23, -14.03, 0.008, 272.88, -62.53);
insert into SHOT values (2765, 2781, 2782, 7901, 11.690, 263.74, -7.10, 11.689, 263.71, -7.08, 0.007, 166.14, 45.87);
insert into SHOT values (2766, 2781, 2783, 7901, 11.750, 278.24, -9.80, 11.741, 278.25, -9.81, 0.009, 83.47, -0.24);
insert into SHOT values (2767, 2781, 2784, 7901, 11.890, 311.64, -17.40, 11.890, 311.64, -17.37, 0.006, 342.62, 73.54);
insert into SHOT values (2768, 2781, 2785, 7901, 25.940, 353.54, -4.70, 25.941, 353.54, -4.69, 0.006, 350.37, 74.55);
insert into SHOT values (2769, 2781, 2786, 7901, 28.910, 41.54, -0.90, 28.906, 41.55, -0.89, 0.008, 165.66, 29.37);
insert into SHOT values (2770, 2781, 2787, 7901, 27.530, 57.14, -13.60, 27.533, 57.14, -13.59, 0.005, 83.32, 41.86);
insert into SHOT values (2771, 2781, 2788, 7901, 29.600, 75.54, 2.20, 29.607, 75.56, 2.21, 0.012, 127.49, 17.98);
insert into SHOT values (2772, 2781, 2789, 7901, 13.720, 111.34, 88.60, 13.724, 110.56, 88.57, 0.009, 75.77, 27.07);
insert into SHOT values (2773, 2781, 2790, 7901, 1.500, 328.94, -84.70, 1.496, 329.74, -84.67, 0.004, 48.65, 61.03);
insert into SHOT values (2774, 2781, 2791, 7901, 13.400, 353.64, -49.30, 13.397, 353.69, -49.32, 0.009, 117.31, -6.09);
insert into SHOT values (2775, 2781, 2792, 7901, 12.350, 297.14, -25.10, 12.348, 297.14, -25.11, 0.003, 115.74, -21.57);
insert into SHOT values (2776, 2792, 2793, 7901, 34.100, 265.14, 23.70, 34.100, 265.13, 23.71, 0.005, 152.87, 43.43);
insert into SHOT values (2777, 2792, 2794, 7901, 28.890, 301.04, 13.80, 28.890, 301.03, 13.82, 0.011, 187.45, 56.59);
insert into SHOT values (2778, 2792, 2795, 7901, 23.110, 157.34, 35.30, 23.118, 157.34, 35.30, 0.008, 151.44, 43.48);
insert into SHOT values (2779, 2792, 2796, 7901, 49.670, 115.94, 31.40, 49.677, 115.94, 31.40, 0.008, 143.93, 10.44);
insert into SHOT values (2780, 2792, 2797, 7901, 13.040, 290.54, 80.00, 13.048, 290.44, 80.01, 0.009, 174.11, 61.42);
insert into SHOT values (2781, 2792, 2798, 7901, 1.790, 263.74, -87.30, 1.782, 262.87, -87.41, 0.009, 101.87, 64.04);
insert into SHOT values (2782, 2792, 2799, 7901, 12.270, 290.14, -20.70, 12.261, 290.14, -20.68, 0.010, 104.13, 47.98);
insert into SHOT values (2783, 2799, 2800, 7901, 17.600, 227.44, 23.50, 17.604, 227.44, 23.50, 0.004, 215.45, 29.93);
insert into SHOT values (2784, 2799, 2801, 7901, 29.520, 280.84, 12.70, 29.525, 280.83, 12.70, 0.008, 231.01, 1.06);
insert into SHOT values (2785, 2799, 2802, 7901, 19.770, 334.34, 9.10, 19.775, 334.33, 9.08, 0.010, 305.94, -42.37);
insert into SHOT values (2786, 2799, 2803, 7901, 30.000, 37.34, 23.90, 29.998, 37.33, 23.89, 0.007, 300.06, -35.55);
insert into SHOT values (2787, 2799, 2804, 7901, 19.350, 299.54, 77.60, 19.352, 299.52, 77.59, 0.005, 287.45, 15.14);
insert into SHOT values (2788, 2799, 2805, 7901, 6.480, 292.74, -47.70, 6.491, 292.75, -47.68, 0.011, 299.27, -38.78);
insert into SHOT values (2789, 2799, 2806, 7901, 14.970, 279.24, -14.90, 14.971, 279.23, -14.90, 0.003, 202.60, -16.01);
insert into SHOT values (2790, 2806, 2807, 7901, 14.900, 169.44, 30.20, 14.898, 169.44, 30.18, 0.005, 227.68, -81.45);
insert into SHOT values (2791, 2806, 2808, 7901, 17.980, 208.14, 17.00, 17.977, 208.15, 16.98, 0.007, 330.50, -69.02);
insert into SHOT values (2792, 2806, 2809, 7901, 21.990, 238.84, 15.40, 21.989, 238.84, 15.40, 0.001, 69.39, 16.59);
insert into SHOT values (2793, 2806, 2810, 7901, 15.450, 312.74, 7.00, 15.457, 312.73, 6.99, 0.008, 293.99, -20.51);
insert into SHOT values (2794, 2806, 2811, 7901, 17.710, 17.94, 24.60, 17.709, 17.94, 24.59, 0.002, 79.02, -72.88);
insert into SHOT values (2795, 2806, 2812, 7901, 20.680, 233.34, 74.40, 20.681, 233.34, 74.40, 0.002, 59.79, 55.55);
insert into SHOT values (2796, 2806, 2813, 7901, 5.020, 200.64, -56.80, 5.019, 200.68, -56.81, 0.003, 333.58, 11.86);
insert into SURVEY values (7903, 7893, 'GL102_Aval_01', 'GL102_Aval_01.Gouffre_du_Lonne_Peyret.Complexe_Lonne_Peyret-Bourrugues', 'GL102 - Gouffre du Lonne Peyret - Aval salle chao des Titans');
 insert into CENTRELINE values (7904, 7903, NULL, NULL, NULL, 0.00, 0.00, 0.00);
 insert into CENTRELINE values (7905, 7903, NULL, '2024-08-07', '2024-01-01', 957.49, 0.00, 16.45);
 insert into PERSON values (53, 'Vincent', 'Lacombe');
insert into TOPO values (53, 7905);
 insert into TOPO values (47, 7905);
 insert into TOPO values (52, 7905);
 insert into EXPLO values (15, 7905);
 insert into EXPLO values (49, 7905);
 insert into EXPLO values (19, 7905);
 insert into EXPLO values (50, 7905);
 insert into SHOT values (2797, 2814, 2815, 7905, 15.390, 279.84, -5.40, 15.394, 279.84, -5.40, 0.005, 301.32, -21.69);
insert into SHOT values (2798, 2815, 2816, 7905, 20.820, 188.84, 4.20, 20.822, 188.84, 4.19, 0.005, 177.95, -63.22);
insert into SHOT values (2799, 2815, 2817, 7905, 14.540, 216.44, 2.90, 14.535, 216.43, 2.92, 0.007, 63.08, 38.35);
insert into SHOT values (2800, 2815, 2818, 7905, 3.610, 260.04, 14.00, 3.610, 259.97, 13.95, 0.005, 180.69, -39.73);
insert into SHOT values (2801, 2815, 2819, 7905, 2.790, 5.44, 23.50, 2.791, 5.38, 23.43, 0.005, 319.87, -33.35);
insert into SHOT values (2802, 2815, 2820, 7905, 9.900, 27.24, 26.00, 9.898, 27.23, 26.01, 0.003, 240.43, 2.52);
insert into SHOT values (2803, 2815, 2821, 7905, 24.990, 110.24, 14.90, 24.991, 110.23, 14.91, 0.006, 16.66, 47.41);
insert into SHOT values (2804, 2815, 2822, 7905, 18.880, 142.34, 7.60, 18.874, 142.34, 7.61, 0.007, 315.68, 25.06);
insert into SHOT values (2805, 2815, 2823, 7905, 18.500, 203.24, 71.00, 18.497, 203.29, 71.01, 0.006, 320.35, -20.11);
insert into SHOT values (2806, 2815, 2824, 7905, 1.800, 193.34, -56.50, 1.801, 193.34, -56.39, 0.004, 193.81, 16.26);
insert into SHOT values (2807, 2815, 2825, 7905, 18.160, 182.14, -28.90, 18.164, 182.13, -28.91, 0.005, 131.10, -41.94);
insert into SHOT values (2808, 2815, 2826, 7905, 19.090, 177.74, -32.10, 19.089, 177.73, -32.09, 0.005, 122.91, 66.33);
insert into SHOT values (2809, 2815, 2827, 7905, 15.690, 195.94, -27.60, 15.691, 195.95, -27.60, 0.002, 271.78, -24.48);
insert into SHOT values (2810, 2827, 2828, 7905, 8.290, 115.74, 9.20, 8.288, 115.72, 9.23, 0.006, 337.48, 49.40);
insert into SHOT values (2811, 2827, 2829, 7905, 3.870, 242.74, 6.50, 3.871, 242.77, 6.53, 0.003, 303.42, 38.47);
insert into SHOT values (2812, 2827, 2830, 7905, 6.630, 352.14, 10.30, 6.629, 352.16, 10.34, 0.005, 128.27, 56.85);
insert into SHOT values (2813, 2827, 2831, 7905, 7.840, 283.04, -8.20, 7.840, 283.03, -8.21, 0.002, 198.73, -71.99);
insert into SHOT values (2814, 2827, 2832, 7905, 15.870, 73.04, 84.20, 15.872, 73.03, 84.18, 0.006, 70.62, 11.05);
insert into SHOT values (2815, 2827, 2833, 7905, 2.620, 101.94, -89.70, 2.620, 90.00, -89.56, 0.007, 66.67, -0.29);
insert into SHOT values (2816, 2827, 2834, 7905, 10.260, 83.14, 3.30, 10.260, 83.16, 3.30, 0.004, 174.21, -8.84);
insert into SHOT values (2817, 2827, 2835, 7905, 9.910, 82.54, 5.30, 9.916, 82.55, 5.32, 0.008, 104.70, 36.86);
insert into SHOT values (2818, 2827, 2836, 7905, 9.450, 82.54, 5.10, 9.447, 82.55, 5.10, 0.004, 229.37, -0.78);
insert into SHOT values (2819, 2836, 2837, 7905, 11.250, 305.04, 13.70, 11.247, 305.09, 13.73, 0.012, 61.49, 28.14);
insert into SHOT values (2820, 2836, 2838, 7905, 19.190, 339.24, 30.40, 19.190, 339.27, 30.40, 0.008, 66.41, -5.54);
insert into SHOT values (2821, 2836, 2839, 7905, 6.930, 85.94, 25.70, 6.933, 85.96, 25.73, 0.005, 152.69, 60.62);
insert into SHOT values (2822, 2836, 2840, 7905, 3.800, 191.54, 5.60, 3.793, 191.46, 5.60, 0.008, 49.68, -5.53);
insert into SHOT values (2823, 2836, 2841, 7905, 11.100, 254.24, 12.50, 11.090, 254.24, 12.50, 0.010, 67.84, -13.75);
insert into SHOT values (2824, 2836, 2842, 7905, 23.370, 317.24, 74.20, 23.372, 317.23, 74.21, 0.003, 168.49, 59.66);
insert into SHOT values (2825, 2836, 2843, 7905, 2.550, 242.44, -73.20, 2.548, 242.39, -73.27, 0.004, 73.00, 18.22);
insert into SHOT values (2826, 2836, 2844, 7905, 5.440, 101.14, -5.30, 5.444, 101.06, -5.27, 0.009, 39.80, 16.85);
insert into SHOT values (2827, 2844, 2845, 7905, 1.430, 349.64, 1.90, 1.425, 349.48, 2.01, 0.007, 206.34, 21.45);
insert into SHOT values (2828, 2844, 2846, 7905, 1.400, 346.94, 5.00, 1.393, 346.66, 4.94, 0.010, 209.15, -11.60);
insert into SHOT values (2829, 2844, 2847, 7905, 1.540, 25.24, -6.20, 1.535, 25.22, -6.36, 0.007, 209.75, -33.36);
insert into SHOT values (2830, 2844, 2848, 7905, 3.240, 58.64, -11.10, 3.235, 58.66, -11.23, 0.009, 225.88, -42.64);
insert into SHOT values (2831, 2844, 2849, 7905, 0.550, 203.24, 7.40, 0.560, 203.33, 7.18, 0.010, 208.57, -4.76);
insert into SHOT values (2832, 2844, 2850, 7905, 1.190, 249.24, 8.00, 1.188, 249.10, 7.74, 0.006, 140.07, -62.32);
insert into SHOT values (2833, 2844, 2851, 7905, 1.110, 264.14, 6.00, 1.112, 263.77, 5.68, 0.010, 194.35, -38.86);
insert into SHOT values (2834, 2844, 2852, 7905, 1.750, 338.84, 67.30, 1.745, 339.15, 67.28, 0.006, 86.87, -49.38);
insert into SHOT values (2835, 2844, 2853, 7905, 0.740, 25.74, 28.20, 0.733, 25.77, 28.52, 0.008, 203.22, 2.20);
insert into SHOT values (2836, 2844, 2854, 7905, 1.210, 337.14, -76.80, 1.211, 336.25, -76.97, 0.006, 209.96, -20.36);
insert into SHOT values (2837, 2844, 2855, 7905, 4.850, 51.34, -9.40, 4.853, 51.36, -9.37, 0.004, 78.83, 28.98);
insert into SHOT values (2838, 2855, 2856, 7905, 1.190, 359.34, 28.20, 1.181, 358.90, 28.30, 0.012, 222.22, -11.27);
insert into SHOT values (2839, 2855, 2857, 7905, 1.510, 118.74, 13.20, 1.503, 119.02, 13.08, 0.011, 250.63, -26.67);
insert into SHOT values (2840, 2855, 2858, 7905, 1.220, 178.34, -12.00, 1.228, 178.57, -12.22, 0.011, 212.82, -36.68);
insert into SHOT values (2841, 2855, 2859, 7905, 3.030, 263.94, 7.30, 3.031, 263.89, 7.20, 0.006, 207.81, -59.65);
insert into SHOT values (2842, 2855, 2860, 7905, 2.530, 288.14, 9.20, 2.533, 287.93, 9.09, 0.011, 221.67, -24.25);
insert into SHOT values (2843, 2855, 2861, 7905, 2.410, 156.44, 66.60, 2.409, 156.64, 66.55, 0.004, 224.29, -25.59);
insert into SHOT values (2844, 2855, 2862, 7905, 0.540, 205.74, -53.90, 0.545, 205.77, -53.80, 0.005, 208.38, -43.65);
insert into SHOT values (2845, 2855, 2863, 7905, 0.800, 207.94, -52.20, 0.810, 207.60, -52.20, 0.010, 182.33, -49.10);
insert into SHOT values (2846, 2855, 2864, 7905, 8.920, 103.04, 1.70, 8.916, 103.10, 1.67, 0.012, 215.90, -23.49);
insert into SHOT values (2847, 2827, 2865, 7905, 15.170, 235.64, -8.40, 15.172, 235.64, -8.41, 0.004, 285.21, -65.30);
insert into SHOT values (2848, 2865, 2866, 7905, 3.450, 154.94, 9.80, 3.451, 154.94, 9.84, 0.003, 194.40, 80.92);
insert into SHOT values (2849, 2865, 2867, 7905, 5.420, 216.04, 5.10, 5.421, 215.96, 5.19, 0.011, 127.07, 47.21);
insert into SHOT values (2850, 2865, 2868, 7905, 6.190, 257.24, 5.10, 6.186, 257.25, 5.10, 0.004, 57.69, -3.90);
insert into SHOT values (2851, 2865, 2869, 7905, 2.410, 11.04, 20.80, 2.412, 11.26, 20.89, 0.010, 98.23, 25.58);
insert into SHOT values (2852, 2865, 2870, 7905, 4.710, 231.64, 82.50, 4.710, 231.63, 82.53, 0.003, 52.86, 6.54);
insert into SHOT values (2853, 2865, 2871, 7905, 0.700, 157.44, -70.90, 0.698, 156.80, -70.91, 0.003, 54.27, 29.34);
insert into SHOT values (2854, 2865, 2872, 7905, 13.000, 233.44, 5.40, 12.997, 233.42, 5.43, 0.009, 93.21, 50.76);
insert into SHOT values (2855, 2872, 2873, 7905, 9.810, 239.44, 0.60, 9.814, 239.44, 0.58, 0.005, 237.28, -34.77);
insert into SHOT values (2856, 2872, 2874, 7905, 2.240, 154.14, 7.60, 2.242, 154.13, 7.43, 0.007, 144.40, -68.00);
insert into SHOT values (2857, 2872, 2875, 7905, 3.470, 219.74, 9.20, 3.466, 219.78, 9.13, 0.006, 356.34, -49.82);
insert into SHOT values (2858, 2872, 2876, 7905, 4.400, 326.24, 10.00, 4.398, 326.20, 9.95, 0.005, 218.03, -53.45);
insert into SHOT values (2859, 2872, 2877, 7905, 3.870, 223.34, 80.00, 3.869, 223.19, 80.00, 0.002, 135.53, -35.07);
insert into SHOT values (2860, 2872, 2878, 7905, 1.670, 161.04, -84.20, 1.668, 162.65, -84.23, 0.005, 265.34, 16.64);
insert into SHOT values (2861, 2873, 2879, 7905, 2.130, 165.94, 10.30, 2.127, 165.90, 10.29, 0.003, 15.51, -15.90);
insert into SHOT values (2862, 2873, 2880, 7905, 7.400, 204.64, 4.70, 7.395, 204.62, 4.73, 0.007, 50.68, 32.01);
insert into SHOT values (2863, 2873, 2881, 7905, 20.360, 231.04, 2.80, 20.360, 231.03, 2.82, 0.006, 140.95, 57.16);
insert into SHOT values (2864, 2873, 2882, 7905, 7.420, 289.54, 4.20, 7.418, 289.59, 4.17, 0.007, 37.39, -27.53);
insert into SHOT values (2865, 2873, 2883, 7905, 7.470, 352.04, 1.20, 7.473, 352.08, 1.23, 0.007, 51.27, 31.47);
insert into SHOT values (2866, 2873, 2884, 7905, 3.350, 256.64, 80.40, 3.346, 256.46, 80.45, 0.005, 104.00, -40.15);
insert into SHOT values (2867, 2873, 2885, 7905, 0.940, 343.14, -82.90, 0.937, 344.74, -83.01, 0.005, 107.82, 35.68);
insert into SHOT values (2868, 2873, 2886, 7905, 5.550, 345.54, -49.40, 5.548, 345.58, -49.36, 0.005, 37.34, 49.84);
insert into SHOT values (2869, 2873, 2887, 7905, 9.360, 251.54, -79.10, 9.359, 251.57, -79.09, 0.002, 293.52, 41.82);
insert into SHOT values (2870, 2873, 2888, 7905, 19.200, 233.94, -21.70, 19.199, 233.94, -21.70, 0.002, 32.89, -27.21);
insert into SHOT values (2871, 2888, 2889, 7905, 7.540, 285.84, -21.20, 7.539, 285.86, -21.23, 0.005, 62.32, -45.99);
insert into SHOT values (2872, 2888, 2890, 7905, 3.230, 172.24, 42.40, 3.229, 172.28, 42.47, 0.004, 327.24, 26.67);
insert into SHOT values (2873, 2888, 2891, 7905, 17.200, 342.14, 33.80, 17.197, 342.15, 33.81, 0.006, 134.03, 16.77);
insert into SHOT values (2874, 2888, 2892, 7905, 14.290, 24.14, 25.50, 14.291, 24.16, 25.49, 0.006, 92.26, -19.53);
insert into SHOT values (2875, 2888, 2893, 7905, 15.340, 60.24, 12.70, 15.340, 60.23, 12.69, 0.003, 333.46, -56.16);
insert into SHOT values (2876, 2888, 2894, 7905, 26.940, 286.94, 73.50, 26.940, 286.94, 73.50, 0.001, 330.35, -29.66);
insert into SHOT values (2877, 2888, 2895, 7905, 3.430, 353.94, -52.20, 3.429, 353.99, -52.21, 0.002, 104.26, 6.33);
insert into SHOT values (2878, 2888, 2896, 7905, 19.540, 281.84, 28.90, 19.536, 281.84, 28.90, 0.004, 74.35, -49.25);
insert into SHOT values (2879, 2896, 2897, 7905, 12.800, 5.74, 21.10, 12.799, 5.72, 21.11, 0.005, 242.87, 25.19);
insert into SHOT values (2880, 2896, 2898, 7905, 20.690, 47.64, 16.20, 20.693, 47.63, 16.22, 0.008, 341.14, 72.58);
insert into SHOT values (2881, 2896, 2899, 7905, 17.520, 108.74, 4.10, 17.520, 108.73, 4.12, 0.008, 15.82, 62.85);
insert into SHOT values (2882, 2896, 2900, 7905, 11.640, 166.24, 8.20, 11.641, 166.24, 8.25, 0.010, 286.55, 85.17);
insert into SHOT values (2883, 2896, 2901, 7905, 17.490, 92.94, 77.70, 17.491, 92.92, 77.70, 0.002, 313.32, 46.83);
insert into SHOT values (2884, 2896, 2902, 7905, 0.180, 99.94, -51.60, 0.179, 100.30, -51.39, 0.001, 190.38, 56.06);
insert into SHOT values (2885, 2896, 2903, 7905, 19.300, 238.04, 3.80, 19.299, 238.05, 3.80, 0.005, 335.16, 11.10);
insert into SHOT values (2886, 2896, 2904, 7905, 20.240, 238.24, 3.90, 20.241, 238.24, 3.91, 0.004, 249.26, 72.04);
insert into SHOT values (2887, 2896, 2905, 7905, 19.280, 238.14, 3.70, 19.282, 238.13, 3.72, 0.007, 168.76, 57.21);
insert into SHOT values (2888, 2905, 2906, 7905, 3.760, 181.94, 20.30, 3.754, 181.95, 20.26, 0.006, 350.24, -44.79);
insert into SHOT values (2889, 2905, 2907, 7905, 10.450, 256.54, 16.10, 10.454, 256.59, 16.11, 0.010, 322.29, 12.41);
insert into SHOT values (2890, 2905, 2908, 7905, 19.400, 333.34, 10.20, 19.406, 333.34, 10.18, 0.009, 342.41, -37.04);
insert into SHOT values (2891, 2905, 2909, 7905, 19.140, 340.84, 8.90, 19.148, 340.84, 8.89, 0.009, 339.82, -7.56);
insert into SHOT values (2892, 2905, 2910, 7905, 25.400, 24.24, 6.20, 25.401, 24.22, 6.19, 0.008, 305.44, -22.48);
insert into SHOT values (2893, 2905, 2911, 7905, 23.860, 23.24, 8.60, 23.863, 23.24, 8.60, 0.004, 43.22, 35.67);
insert into SHOT values (2894, 2905, 2912, 7905, 16.330, 315.44, 65.70, 16.329, 315.42, 65.68, 0.006, 293.94, -32.27);
insert into SHOT values (2895, 2905, 2913, 7905, 3.340, 20.34, -79.60, 3.346, 20.22, -79.54, 0.007, 5.52, -46.18);
insert into SHOT values (2896, 2905, 2914, 7905, 15.080, 278.24, -3.70, 15.087, 278.25, -3.69, 0.008, 299.93, 22.15);
insert into SHOT values (2897, 2914, 2915, 7905, 6.670, 190.44, 3.70, 6.673, 190.38, 3.69, 0.007, 124.64, -3.46);
insert into SHOT values (2898, 2914, 2916, 7905, 12.650, 256.94, -1.70, 12.644, 256.92, -1.72, 0.009, 106.96, -31.91);
insert into SHOT values (2899, 2914, 2917, 7905, 20.220, 355.54, 7.10, 20.216, 355.54, 7.10, 0.004, 164.56, 10.30);
insert into SHOT values (2900, 2914, 2918, 7905, 26.170, 43.14, 10.40, 26.167, 43.14, 10.39, 0.005, 177.03, -55.53);
insert into SHOT values (2901, 2914, 2919, 7905, 15.660, 353.84, 72.70, 15.659, 353.84, 72.70, 0.002, 280.52, -86.27);
insert into SHOT values (2902, 2914, 2920, 7905, 5.800, 194.44, -51.20, 5.799, 194.34, -51.21, 0.006, 94.39, 1.49);
insert into SHOT values (2903, 2914, 2921, 7905, 8.760, 68.04, 76.90, 8.760, 68.20, 76.85, 0.009, 106.54, -12.72);
insert into SHOT values (2904, 2914, 2922, 7905, 23.590, 275.54, -9.80, 23.583, 275.53, -9.81, 0.009, 113.74, -30.87);
insert into SHOT values (2905, 2922, 2923, 7905, 2.890, 203.24, 43.00, 2.890, 203.41, 42.98, 0.007, 289.45, -8.60);
insert into SHOT values (2906, 2922, 2924, 7905, 21.920, 342.94, 11.30, 21.923, 342.93, 11.31, 0.006, 288.22, 56.33);
insert into SHOT values (2907, 2922, 2925, 7905, 5.160, 55.04, 13.80, 5.154, 55.01, 13.81, 0.007, 257.18, -6.91);
insert into SHOT values (2908, 2922, 2926, 7905, 18.220, 356.64, 61.60, 18.222, 356.63, 61.61, 0.003, 241.23, 54.69);
insert into SHOT values (2909, 2922, 2927, 7905, 6.560, 340.94, -38.60, 6.563, 340.89, -38.55, 0.008, 307.85, 20.46);
insert into SHOT values (2910, 2922, 2928, 7905, 17.350, 294.34, -12.40, 17.352, 294.36, -12.38, 0.009, 354.72, 40.32);
insert into SHOT values (2911, 2928, 2929, 7905, 18.750, 294.24, -12.20, 18.749, 294.23, -12.22, 0.008, 162.69, -64.74);
insert into SHOT values (2912, 2928, 2930, 7905, 4.900, 203.34, 26.70, 4.902, 203.40, 26.67, 0.006, 263.94, -15.78);
insert into SHOT values (2913, 2928, 2931, 7905, 7.420, 260.94, 14.20, 7.427, 260.89, 14.18, 0.010, 222.95, -1.08);
insert into SHOT values (2914, 2928, 2932, 7905, 16.840, 5.04, 11.80, 16.838, 5.01, 11.79, 0.008, 266.53, -26.39);
insert into SHOT values (2915, 2928, 2933, 7905, 13.280, 67.34, 13.00, 13.276, 67.36, 12.97, 0.009, 185.90, -52.34);
insert into SHOT values (2916, 2928, 2934, 7905, 32.920, 61.14, 19.70, 32.915, 61.14, 19.69, 0.008, 258.83, -64.97);
insert into SHOT values (2917, 2928, 2935, 7905, 18.820, 113.84, 17.80, 18.822, 113.86, 17.79, 0.009, 183.39, -21.49);
insert into SHOT values (2918, 2928, 2936, 7905, 7.680, 285.84, 72.50, 7.675, 285.84, 72.50, 0.005, 98.72, -68.69);
insert into SHOT values (2919, 2928, 2937, 7905, 17.560, 335.54, 60.20, 17.553, 335.49, 60.19, 0.011, 240.86, -48.07);
insert into SHOT values (2920, 2928, 2938, 7905, 11.140, 7.84, 73.50, 11.138, 7.82, 73.52, 0.005, 198.38, -15.19);
insert into SHOT values (2921, 2928, 2939, 7905, 9.310, 304.54, 8.70, 9.304, 304.50, 8.65, 0.011, 173.14, -47.30);
insert into SHOT values (2922, 2939, 2940, 7905, 6.070, 219.44, 21.20, 6.074, 219.48, 21.23, 0.007, 277.86, 44.05);
insert into SHOT values (2923, 2939, 2941, 7905, 9.250, 262.94, 14.40, 9.248, 262.95, 14.40, 0.002, 42.37, -10.27);
insert into SHOT values (2924, 2939, 2942, 7905, 15.140, 336.34, 1.50, 15.149, 336.33, 1.51, 0.010, 323.23, 21.14);
insert into SHOT values (2925, 2939, 2943, 7905, 14.150, 33.14, 15.70, 14.150, 33.11, 15.70, 0.007, 297.53, 7.75);
insert into SHOT values (2926, 2939, 2944, 7905, 22.350, 82.44, 3.70, 22.352, 82.43, 3.72, 0.009, 6.92, 58.15);
insert into SHOT values (2927, 2939, 2945, 7905, 19.350, 125.84, 6.90, 19.344, 125.83, 6.92, 0.009, 337.09, 34.47);
insert into SHOT values (2928, 2939, 2946, 7905, 14.300, 355.44, 72.80, 14.301, 355.39, 72.78, 0.006, 322.70, -4.58);
insert into SHOT values (2929, 2939, 2947, 7905, 4.640, 0.24, -56.00, 4.637, 0.22, -55.90, 0.009, 351.93, 51.17);
insert into SHOT values (2930, 2939, 2948, 7905, 21.640, 304.44, -3.70, 21.644, 304.46, -3.68, 0.010, 1.61, 39.35);
insert into SHOT values (2931, 2948, 2949, 7905, 9.990, 163.94, 21.60, 9.991, 163.94, 21.55, 0.009, 179.54, -61.28);
insert into SHOT values (2932, 2948, 2950, 7905, 12.980, 227.54, 19.10, 12.978, 227.54, 19.07, 0.007, 287.00, -77.61);
insert into SHOT values (2933, 2948, 2951, 7905, 3.580, 338.14, 4.40, 3.577, 338.11, 4.33, 0.005, 196.57, -58.46);
insert into SHOT values (2934, 2948, 2952, 7905, 7.850, 39.84, 4.50, 7.840, 39.86, 4.46, 0.011, 199.95, -31.26);
insert into SHOT values (2935, 2948, 2953, 7905, 20.830, 131.04, 17.50, 20.830, 131.06, 17.49, 0.009, 212.62, -24.20);
insert into SHOT values (2936, 2948, 2954, 7905, 11.940, 215.54, 71.80, 11.939, 215.52, 71.77, 0.006, 204.15, -24.42);
insert into SHOT values (2937, 2948, 2955, 7905, 4.180, 224.04, -49.00, 4.190, 223.97, -48.96, 0.011, 203.45, -29.59);
insert into SHOT values (2938, 2948, 2956, 7905, 10.970, 260.84, 15.80, 10.969, 260.79, 15.76, 0.012, 174.70, -36.77);
insert into SHOT values (2939, 2956, 2957, 7905, 16.800, 338.14, 7.80, 16.803, 338.13, 7.80, 0.003, 322.36, -0.39);
insert into SHOT values (2940, 2956, 2958, 7905, 1.290, 21.94, 9.90, 1.291, 21.72, 10.26, 0.010, 284.43, 59.08);
insert into SHOT values (2941, 2956, 2959, 7905, 19.770, 70.44, -1.50, 19.768, 70.43, -1.48, 0.008, 317.04, 64.50);
insert into SHOT values (2942, 2956, 2960, 7905, 15.210, 126.14, 5.80, 15.207, 126.13, 5.81, 0.005, 348.85, 36.95);
insert into SHOT values (2943, 2956, 2961, 7905, 6.280, 174.94, 5.70, 6.276, 174.95, 5.76, 0.008, 342.89, 52.66);
insert into SHOT values (2944, 2956, 2962, 7905, 3.750, 198.14, 70.80, 3.758, 198.43, 70.84, 0.011, 287.94, 53.31);
insert into SHOT values (2945, 2956, 2963, 7905, 19.060, 311.54, 53.90, 19.063, 311.54, 53.89, 0.005, 308.28, -3.18);
insert into SHOT values (2946, 2956, 2964, 7905, 3.470, 239.84, -85.40, 3.471, 242.53, -85.34, 0.014, 316.31, -4.95);
insert into SHOT values (2947, 2956, 2965, 7905, 8.500, 301.64, 5.30, 8.504, 301.63, 5.33, 0.006, 275.84, 49.05);
insert into SHOT values (2948, 2965, 2966, 7905, 3.720, 224.44, 4.70, 3.717, 224.56, 4.63, 0.010, 329.35, -29.90);
insert into SHOT values (2949, 2965, 2967, 7905, 6.290, 279.44, 0.30, 6.297, 279.51, 0.27, 0.010, 328.79, -16.23);
insert into SHOT values (2950, 2965, 2968, 7905, 10.310, 5.24, 17.60, 10.314, 5.25, 17.61, 0.005, 38.47, 28.92);
insert into SHOT values (2951, 2965, 2969, 7905, 14.750, 325.94, 73.10, 14.749, 326.01, 73.08, 0.009, 11.62, -20.60);
insert into SHOT values (2952, 2965, 2970, 7905, 5.950, 258.34, -54.40, 5.950, 258.33, -54.43, 0.003, 85.89, -43.87);
insert into SHOT values (2953, 2965, 2971, 7905, 15.350, 299.24, 0.00, 15.347, 299.25, 0.00, 0.005, 60.03, 0.00);
insert into SHOT values (2954, 2971, 2972, 7905, 2.620, 237.74, 12.20, 2.619, 237.92, 12.12, 0.009, 326.95, -23.84);
insert into SHOT values (2955, 2971, 2973, 7905, 11.140, 289.44, 9.50, 11.150, 289.44, 9.50, 0.010, 292.16, 8.02);
insert into SHOT values (2956, 2971, 2974, 7905, 10.550, 355.44, 16.10, 10.554, 355.42, 16.06, 0.009, 327.75, -39.11);
insert into SHOT values (2957, 2971, 2975, 7905, 9.000, 50.84, 18.20, 8.993, 50.80, 18.21, 0.009, 274.14, -6.32);
insert into SHOT values (2958, 2975, 2976, 7905, 16.080, 307.54, 71.00, 16.076, 307.55, 71.00, 0.004, 75.11, -72.25);
insert into SHOT values (2959, 2975, 2977, 7905, 8.480, 283.04, -49.30, 8.477, 283.08, -49.34, 0.008, 70.77, -7.57);
insert into SHOT values (2960, 2975, 2978, 7905, 9.800, 294.44, -16.80, 9.798, 294.43, -16.79, 0.003, 135.07, 55.00);
insert into SHOT values (2961, 2978, 2979, 7905, 10.190, 291.74, 5.70, 10.193, 291.76, 5.69, 0.005, 343.31, -22.75);
insert into SHOT values (2962, 2979, 2980, 7905, 0.580, 214.74, 3.70, 0.584, 214.51, 3.93, 0.005, 182.54, 30.47);
insert into SHOT values (2963, 2979, 2981, 7905, 11.510, 26.64, 8.20, 11.508, 26.66, 8.19, 0.004, 143.87, -23.09);
insert into SHOT values (2964, 2979, 2982, 7905, 11.530, 38.54, 5.90, 11.532, 38.56, 5.87, 0.007, 102.22, -48.25);
insert into SHOT values (2965, 2979, 2983, 7905, 12.030, 343.14, 75.80, 12.026, 343.23, 75.82, 0.008, 124.67, -18.34);
insert into SHOT values (2966, 2979, 2984, 7905, 3.600, 241.54, -77.20, 3.599, 241.50, -77.21, 0.001, 84.67, 24.55);
insert into SHOT values (2967, 2979, 2985, 7905, 11.710, 291.44, 24.60, 11.707, 291.43, 24.58, 0.005, 158.97, -72.00);
insert into SHOT values (2968, 2985, 2986, 7905, 4.180, 208.44, 0.10, 4.184, 208.40, 0.14, 0.005, 173.22, 31.51);
insert into SHOT values (2969, 2985, 2987, 7905, 8.100, 275.14, 4.60, 8.098, 275.12, 4.60, 0.003, 153.91, 6.62);
insert into SHOT values (2970, 2985, 2988, 7905, 7.880, 7.74, 22.70, 7.881, 7.75, 22.77, 0.010, 159.98, 68.17);
insert into SHOT values (2971, 2985, 2989, 7905, 11.190, 53.94, 14.70, 11.190, 53.95, 14.70, 0.002, 167.24, 15.71);
insert into SHOT values (2972, 2985, 2990, 7905, 10.080, 147.44, 86.80, 10.086, 146.59, 86.80, 0.010, 59.41, 34.52);
insert into SHOT values (2973, 2985, 2991, 7905, 6.210, 220.64, -54.20, 6.204, 220.53, -54.17, 0.010, 120.61, 44.84);
insert into SHOT values (2974, 2985, 2992, 7905, 18.330, 283.24, 4.80, 18.330, 283.23, 4.82, 0.007, 172.10, 66.45);
insert into SHOT values (2975, 2992, 2993, 7905, 4.340, 218.14, 1.30, 4.338, 218.16, 1.32, 0.003, 349.11, 29.57);
insert into SHOT values (2976, 2992, 2994, 7905, 9.930, 266.34, 7.40, 9.923, 266.33, 7.41, 0.007, 97.81, 8.31);
insert into SHOT values (2977, 2992, 2995, 7905, 6.090, 318.34, 9.30, 6.086, 318.37, 9.27, 0.007, 88.68, -39.50);
insert into SHOT values (2978, 2992, 2996, 7905, 6.640, 25.24, 5.00, 6.646, 25.21, 5.01, 0.007, 357.02, 10.91);
insert into SHOT values (2979, 2992, 2997, 7905, 9.950, 63.24, 3.40, 9.950, 63.25, 3.40, 0.003, 149.76, -1.94);
insert into SHOT values (2980, 2992, 2998, 7905, 11.270, 209.74, 73.60, 11.267, 209.63, 73.63, 0.009, 70.63, -9.41);
insert into SHOT values (2981, 2992, 2999, 7905, 14.270, 258.84, -38.90, 14.265, 258.83, -38.91, 0.006, 90.84, 10.75);
insert into SHOT values (2982, 2992, 3000, 7905, 3.920, 221.74, -51.60, 3.915, 221.83, -51.65, 0.007, 7.91, 16.56);
insert into SHOT values (2983, 2992, 3001, 7905, 10.140, 307.74, 3.00, 10.135, 307.78, 3.00, 0.008, 73.50, -4.74);
insert into SHOT values (2984, 3001, 3002, 7905, 3.330, 343.84, 3.80, 3.330, 343.75, 3.79, 0.005, 255.11, -7.47);
insert into SHOT values (2985, 3001, 3003, 7905, 10.300, 150.44, 4.40, 10.294, 150.46, 4.40, 0.007, 292.06, -1.62);
insert into SHOT values (2986, 3001, 3004, 7905, 7.270, 215.94, -1.20, 7.277, 215.94, -1.18, 0.007, 219.14, 18.94);
insert into SHOT values (2987, 3001, 3005, 7905, 11.730, 264.64, 1.10, 11.734, 264.62, 1.07, 0.007, 221.22, -44.41);
insert into SHOT values (2988, 3001, 3006, 7905, 6.150, 235.24, 72.90, 6.153, 235.34, 72.88, 0.005, 283.71, 22.47);
insert into SHOT values (2989, 3001, 3007, 7905, 1.420, 149.54, -78.20, 1.419, 150.75, -78.35, 0.007, 272.38, -0.07);
insert into SHOT values (2990, 3001, 3008, 7905, 16.090, 282.64, -2.60, 16.097, 282.64, -2.60, 0.007, 299.57, -0.91);
insert into SHOT values (2991, 3001, 3009, 7905, 1.890, 26.24, 0.90, 1.883, 26.16, 0.91, 0.007, 227.16, 2.41);
insert into SHOT values (2992, 3009, 3010, 7905, 1.110, 120.64, 7.10, 1.112, 120.52, 7.24, 0.004, 59.72, 46.82);
insert into SHOT values (2993, 3009, 3011, 7905, 4.580, 297.84, 0.20, 4.581, 297.85, 0.13, 0.006, 357.91, -77.72);
insert into SHOT values (2994, 3009, 3012, 7905, 17.180, 278.04, -3.70, 17.175, 278.05, -3.71, 0.007, 63.81, -11.72);
insert into SHOT values (2995, 3009, 3013, 7905, 6.670, 121.04, 83.60, 6.672, 120.70, 83.59, 0.005, 41.38, 19.36);
insert into SHOT values (2996, 3009, 3014, 7905, 7.490, 57.34, -73.90, 7.495, 57.15, -73.86, 0.010, 8.65, -22.41);
insert into SHOT values (2997, 3009, 3015, 7905, 12.510, 80.04, -58.50, 12.515, 79.96, -58.49, 0.010, 12.89, -20.23);
insert into SHOT values (2998, 3009, 3016, 7905, 10.240, 76.24, -65.40, 10.240, 76.16, -65.39, 0.006, 356.75, 5.57);
insert into SHOT values (2999, 3016, 3017, 7905, 0.450, 201.04, 15.60, 0.453, 200.10, 15.37, 0.008, 134.36, -7.39);
insert into SHOT values (3000, 3016, 3018, 7905, 0.510, 42.34, 3.90, 0.503, 42.58, 3.42, 0.008, 203.74, -35.07);
insert into SHOT values (3001, 3016, 3019, 7905, 18.730, 109.54, 19.90, 18.730, 109.54, 19.88, 0.006, 95.29, -65.20);
insert into SHOT values (3002, 3016, 3020, 7905, 4.760, 150.74, 76.70, 4.759, 150.64, 76.62, 0.007, 134.79, -19.26);
insert into SHOT values (3003, 3016, 3021, 7905, 1.800, 344.64, -77.80, 1.801, 344.88, -77.71, 0.003, 13.55, -11.17);
insert into SHOT values (3004, 3016, 3022, 7905, 0.540, 308.94, -23.00, 0.541, 308.48, -22.86, 0.004, 234.51, 13.55);
insert into SHOT values (3005, 3016, 3023, 7905, 5.790, 313.84, -39.10, 5.787, 313.83, -39.10, 0.003, 153.93, 34.07);
insert into SHOT values (3006, 3023, 3024, 7905, 1.290, 217.24, 18.00, 1.288, 217.06, 17.62, 0.010, 143.57, -64.89);
insert into SHOT values (3007, 3023, 3025, 7905, 0.340, 352.84, -19.80, 0.344, 352.87, -20.41, 0.005, 357.48, -61.71);
insert into SHOT values (3008, 3023, 3026, 7905, 1.880, 232.64, 60.40, 1.876, 232.88, 60.35, 0.006, 331.37, -49.14);
insert into SHOT values (3009, 3023, 3027, 7905, 6.460, 352.04, -83.70, 6.459, 351.87, -83.71, 0.003, 221.35, 19.89);
insert into SHOT values (3010, 3023, 3028, 7905, 4.980, 291.94, -21.10, 4.984, 291.98, -21.17, 0.008, 355.79, -59.57);
insert into SHOT values (3011, 3028, 3029, 7905, 5.610, 271.44, 20.10, 5.614, 271.41, 20.11, 0.004, 236.92, 27.44);
insert into SHOT values (3012, 3028, 3030, 7905, 14.110, 265.54, 33.00, 14.115, 265.54, 33.01, 0.006, 287.63, 65.53);
insert into SHOT values (3013, 3028, 3031, 7905, 7.510, 312.84, 14.50, 7.506, 312.83, 14.50, 0.004, 156.58, -5.19);
insert into SHOT values (3014, 3028, 3032, 7905, 9.350, 353.94, 14.10, 9.343, 353.92, 14.12, 0.008, 196.77, 15.51);
insert into SHOT values (3015, 3028, 3033, 7905, 7.140, 26.54, 29.10, 7.144, 26.57, 29.15, 0.008, 118.55, 68.45);
insert into SHOT values (3016, 3028, 3034, 7905, 0.770, 157.64, 3.60, 0.769, 157.78, 3.73, 0.003, 286.13, 33.70);
insert into SHOT values (3017, 3028, 3035, 7905, 9.250, 238.14, 65.00, 9.257, 238.06, 65.00, 0.009, 178.46, 46.10);
insert into SHOT values (3018, 3028, 3036, 7905, 4.450, 112.54, -64.00, 4.450, 112.62, -64.01, 0.003, 217.61, -7.21);
insert into SHOT values (3019, 3028, 3037, 7905, 7.920, 351.54, 23.90, 7.918, 351.58, 23.92, 0.006, 110.28, 12.16);
insert into SHOT values (3020, 3028, 3038, 7905, 5.340, 280.84, 9.20, 5.343, 280.82, 9.26, 0.007, 247.11, 64.73);
insert into SHOT values (3021, 3038, 3039, 7905, 5.190, 326.84, 2.80, 5.187, 326.89, 2.76, 0.007, 84.76, -32.07);
insert into SHOT values (3022, 3038, 3040, 7905, 5.590, 6.84, 1.40, 5.592, 6.88, 1.33, 0.008, 73.16, -53.39);
insert into SHOT values (3023, 3038, 3041, 7905, 12.090, 25.34, 9.70, 12.088, 25.34, 9.67, 0.007, 177.29, -83.95);
insert into SHOT values (3024, 3038, 3042, 7905, 13.610, 45.14, 11.10, 13.612, 45.15, 11.10, 0.004, 104.97, -3.39);
insert into SHOT values (3025, 3038, 3043, 7905, 9.110, 59.14, 18.60, 9.107, 59.13, 18.57, 0.006, 298.54, -72.45);
insert into SHOT values (3026, 3038, 3044, 7905, 5.110, 89.64, 1.30, 5.111, 89.66, 1.23, 0.007, 148.47, -65.45);
insert into SHOT values (3027, 3038, 3045, 7905, 13.340, 203.84, 85.20, 13.337, 203.81, 85.20, 0.004, 47.48, -64.44);
insert into SHOT values (3028, 3038, 3046, 7905, 2.020, 238.44, -73.10, 2.027, 238.20, -73.13, 0.008, 172.40, -69.83);
insert into SHOT values (3029, 3038, 3047, 7905, 15.280, 42.44, 11.80, 15.285, 42.45, 11.78, 0.009, 78.29, -32.79);
insert into SHOT values (3030, 3047, 3048, 7905, 2.020, 331.94, 9.80, 2.017, 331.76, 9.99, 0.010, 208.89, 39.72);
insert into SHOT values (3031, 3047, 3049, 7905, 4.460, 10.34, 7.10, 4.455, 10.29, 7.09, 0.006, 226.72, -12.34);
insert into SHOT values (3032, 3047, 3050, 7905, 6.420, 95.74, 0.20, 6.413, 95.82, 0.18, 0.012, 223.64, -12.04);
insert into SHOT values (3033, 3047, 3051, 7905, 10.100, 130.24, 1.00, 10.105, 130.26, 1.02, 0.008, 170.67, 28.41);
insert into SHOT values (3034, 3047, 3052, 7905, 1.080, 135.44, 26.60, 1.079, 135.84, 27.00, 0.010, 255.55, 39.25);
insert into SHOT values (3035, 3047, 3053, 7905, 8.510, 249.14, 4.60, 8.513, 249.15, 4.58, 0.004, 283.59, -34.37);
insert into SHOT values (3036, 3047, 3054, 7905, 3.440, 79.84, 59.00, 3.439, 79.90, 59.07, 0.005, 236.54, 15.91);
insert into SHOT values (3037, 3047, 3055, 7905, 6.000, 77.54, -32.20, 5.994, 77.58, -32.27, 0.010, 233.16, -16.25);
insert into SHOT values (3038, 3047, 3056, 7905, 12.820, 50.14, 27.50, 12.809, 50.14, 27.53, 0.012, 225.31, 1.81);
insert into SHOT values (3039, 3056, 3057, 7905, 0.380, 158.94, 16.40, 0.384, 157.62, 16.66, 0.009, 88.83, 16.77);
insert into SHOT values (3040, 3056, 3058, 7905, 5.810, 242.64, 1.60, 5.799, 242.68, 1.58, 0.012, 40.43, -10.29);
insert into SHOT values (3041, 3056, 3059, 7905, 10.260, 271.44, 17.90, 10.259, 271.47, 17.88, 0.006, 3.23, -34.52);
insert into SHOT values (3042, 3056, 3060, 7905, 15.170, 305.94, 27.20, 15.170, 305.95, 27.22, 0.007, 73.89, 52.82);
insert into SHOT values (3043, 3056, 3061, 7905, 14.550, 306.64, 27.40, 14.549, 306.66, 27.42, 0.007, 76.44, 35.85);
insert into SHOT values (3044, 3056, 3062, 7905, 30.950, 346.14, 68.80, 30.955, 346.15, 68.80, 0.006, 22.88, 48.70);
insert into SHOT values (3045, 3056, 3063, 7905, 28.900, 352.94, 68.00, 28.906, 352.95, 67.99, 0.008, 10.10, 35.71);
insert into SHOT values (3046, 3056, 3064, 7905, 8.440, 230.44, -51.90, 8.434, 230.46, -51.94, 0.009, 34.96, 11.57);
insert into SHOT values (3047, 3056, 3065, 7905, 5.800, 319.14, 22.10, 5.800, 319.23, 22.08, 0.009, 44.93, -14.30);
insert into SHOT values (3048, 3065, 3066, 7905, 8.820, 200.64, 16.20, 8.825, 200.66, 16.19, 0.006, 231.96, -6.61);
insert into SHOT values (3049, 3065, 3067, 7905, 21.870, 227.94, 40.30, 21.874, 227.92, 40.31, 0.008, 150.97, 35.78);
insert into SHOT values (3050, 3065, 3068, 7905, 24.880, 270.84, 27.80, 24.886, 270.83, 27.81, 0.008, 246.40, 55.44);
insert into SHOT values (3051, 3065, 3069, 7905, 7.020, 338.94, 11.90, 7.021, 338.93, 11.92, 0.003, 261.34, 60.95);
insert into SHOT values (3052, 3065, 3070, 7905, 6.070, 38.34, 6.80, 6.073, 38.33, 6.81, 0.003, 28.73, 25.47);
insert into SHOT values (3053, 3065, 3071, 7905, 7.950, 93.44, 0.60, 7.945, 93.46, 0.65, 0.009, 237.68, 47.32);
insert into SHOT values (3054, 3065, 3072, 7905, 15.660, 187.94, -43.70, 15.658, 187.92, -43.71, 0.005, 47.35, -9.42);
insert into SHOT values (3055, 3065, 3073, 7905, 1.080, 166.64, -71.10, 1.078, 166.76, -71.10, 0.002, 292.99, 62.51);
insert into SHOT values (3056, 3065, 3074, 7905, 23.060, 285.04, 85.70, 23.065, 285.08, 85.70, 0.005, 351.91, 73.91);
insert into SHOT values (3057, 3065, 3075, 7905, 24.160, 281.54, 85.40, 24.168, 281.60, 85.40, 0.008, 327.81, 69.64);
insert into SHOT values (3058, 3065, 3076, 7905, 18.590, 269.84, 20.60, 18.589, 269.84, 20.60, 0.002, 118.26, -26.92);
insert into SHOT values (3059, 3076, 3077, 7905, 4.120, 348.04, 16.00, 4.117, 348.04, 16.08, 0.006, 168.82, 44.32);
insert into SHOT values (3060, 3076, 3078, 7905, 8.200, 66.84, 8.00, 8.195, 66.85, 8.07, 0.011, 234.86, 51.75);
insert into SHOT values (3061, 3076, 3079, 7905, 15.600, 105.74, 2.70, 15.603, 105.75, 2.72, 0.006, 157.26, 53.81);
insert into SHOT values (3062, 3076, 3080, 7905, 9.160, 171.44, 17.10, 9.164, 171.46, 17.14, 0.008, 234.33, 56.78);
insert into SHOT values (3063, 3076, 3081, 7905, 19.260, 222.34, 14.30, 19.264, 222.33, 14.31, 0.005, 184.49, 32.75);
insert into SHOT values (3064, 3076, 3082, 7905, 22.580, 241.84, 14.60, 22.586, 241.85, 14.62, 0.011, 296.65, 51.07);
insert into SHOT values (3065, 3076, 3083, 7905, 5.400, 147.34, 83.10, 5.409, 147.53, 83.08, 0.010, 181.73, 67.09);
insert into SHOT values (3066, 3076, 3084, 7905, 6.530, 347.94, -64.10, 6.527, 347.86, -64.07, 0.006, 279.55, 45.87);
insert into SHOT values (3067, 3076, 3085, 7905, 17.380, 17.34, -39.30, 17.377, 17.34, -39.27, 0.009, 50.22, 71.72);
insert into SHOT values (3068, 3076, 3086, 7905, 2.450, 284.84, -5.50, 2.451, 284.72, -5.38, 0.007, 209.94, 42.82);
insert into SHOT values (3069, 3086, 3087, 7905, 17.090, 286.24, -15.30, 17.093, 286.24, -15.30, 0.003, 281.00, -7.01);
insert into SHOT values (3070, 3087, 3088, 7905, 19.180, 178.34, 44.20, 19.176, 178.33, 44.21, 0.005, 13.64, -19.13);
insert into SHOT values (3071, 3087, 3089, 7905, 7.030, 183.84, 33.00, 7.028, 183.79, 33.02, 0.005, 60.23, 12.62);
insert into SHOT values (3072, 3087, 3090, 7905, 14.950, 238.64, 29.30, 14.947, 238.65, 29.32, 0.007, 25.81, 32.28);
insert into SHOT values (3073, 3087, 3091, 7905, 5.970, 297.44, 8.80, 5.965, 297.48, 8.78, 0.007, 76.06, -27.96);
insert into SHOT values (3074, 3087, 3092, 7905, 3.310, 355.54, 5.10, 3.312, 355.65, 5.02, 0.008, 64.56, -30.45);
insert into SHOT values (3075, 3087, 3093, 7905, 16.060, 67.74, 1.70, 16.067, 67.71, 1.71, 0.010, 23.70, 21.28);
insert into SHOT values (3076, 3087, 3094, 7905, 12.090, 180.24, 69.50, 12.085, 180.14, 69.51, 0.010, 62.29, -27.08);
insert into SHOT values (3077, 3087, 3095, 7905, 13.910, 169.04, 64.20, 13.905, 169.04, 64.21, 0.005, 340.57, -42.04);
insert into SHOT values (3078, 3087, 3096, 7905, 6.870, 61.24, 81.10, 6.874, 61.52, 81.05, 0.009, 99.77, 17.93);
insert into SHOT values (3079, 3087, 3097, 7905, 7.800, 262.44, -5.10, 7.798, 262.45, -5.08, 0.004, 32.17, 49.30);
insert into SHOT values (3080, 3097, 3098, 7905, 16.420, 223.94, 8.80, 16.417, 223.95, 8.79, 0.005, 351.75, -22.76);
insert into SHOT values (3081, 3097, 3099, 7905, 27.720, 270.64, 9.00, 27.712, 270.65, 8.99, 0.011, 52.89, -35.84);
insert into SHOT values (3082, 3097, 3100, 7905, 29.850, 268.34, 9.40, 29.842, 268.35, 9.39, 0.010, 57.55, -33.29);
insert into SHOT values (3083, 3097, 3101, 7905, 14.800, 302.94, -1.20, 14.804, 302.95, -1.20, 0.005, 340.55, -0.61);
insert into SHOT values (3084, 3097, 3102, 7905, 5.610, 24.14, -1.50, 5.615, 24.19, -1.53, 0.008, 71.33, -24.02);
insert into SHOT values (3085, 3097, 3103, 7905, 15.290, 186.94, -1.90, 15.290, 186.92, -1.91, 0.007, 92.88, -27.58);
insert into SHOT values (3086, 3097, 3104, 7905, 10.730, 221.44, 78.80, 10.724, 221.50, 78.80, 0.006, 343.68, -65.88);
insert into SHOT values (3087, 3097, 3105, 7905, 1.180, 336.84, -80.60, 1.186, 338.75, -80.63, 0.009, 64.17, -42.18);
insert into SHOT values (3088, 3097, 3106, 7905, 8.770, 217.04, -64.70, 8.771, 217.08, -64.70, 0.003, 305.21, -21.55);
insert into SHOT values (3089, 3097, 3107, 7905, 29.400, 292.84, -12.20, 29.397, 292.83, -12.22, 0.008, 132.22, -57.20);
insert into SHOT values (3090, 3107, 3108, 7905, 0.380, 242.14, -17.80, 0.374, 243.43, -17.09, 0.011, 359.15, 34.14);
insert into SHOT values (3091, 3107, 3109, 7905, 19.390, 205.24, 12.50, 19.387, 205.24, 12.51, 0.005, 22.41, 41.16);
insert into SHOT values (3092, 3107, 3110, 7905, 29.910, 241.34, 12.70, 29.906, 241.34, 12.71, 0.007, 27.81, 36.48);
insert into SHOT values (3093, 3107, 3111, 7905, 8.150, 292.04, 13.30, 8.151, 292.07, 13.34, 0.007, 25.57, 48.87);
insert into SHOT values (3094, 3107, 3112, 7905, 3.830, 33.44, 32.60, 3.840, 33.40, 32.62, 0.010, 15.41, 40.09);
insert into SHOT values (3095, 3107, 3113, 7905, 3.430, 340.74, 79.00, 3.434, 340.46, 78.95, 0.006, 297.87, 33.11);
insert into SHOT values (3096, 3107, 3114, 7905, 18.210, 183.74, 40.70, 18.209, 183.74, 40.73, 0.008, 359.61, 40.18);
insert into SHOT values (3097, 3107, 3115, 7905, 2.440, 69.84, -72.60, 2.432, 69.08, -72.58, 0.013, 329.81, 40.32);
insert into SHOT values (3098, 3107, 3116, 7905, 34.060, 261.24, -1.10, 34.062, 261.25, -1.09, 0.009, 333.96, 24.46);
insert into SHOT values (3099, 3116, 3117, 7905, 11.110, 183.14, 15.30, 11.109, 183.10, 15.29, 0.007, 88.53, -13.97);
insert into SHOT values (3100, 3116, 3118, 7905, 5.530, 311.04, 20.60, 5.529, 311.08, 20.65, 0.006, 72.49, 42.74);
insert into SHOT values (3101, 3116, 3119, 7905, 8.790, 26.14, 2.80, 8.790, 26.16, 2.80, 0.003, 125.60, 11.81);
insert into SHOT values (3102, 3116, 3120, 7905, 21.730, 115.04, 23.10, 21.733, 115.04, 23.11, 0.005, 150.55, 76.71);
insert into SHOT values (3103, 3116, 3121, 7905, 11.670, 197.44, 72.70, 11.668, 197.44, 72.70, 0.002, 357.09, -66.83);
insert into SHOT values (3104, 3116, 3122, 7905, 5.190, 344.24, -40.40, 5.184, 344.27, -40.40, 0.006, 135.79, 35.50);
insert into SHOT values (3105, 3116, 3123, 7905, 7.580, 265.14, -0.90, 7.579, 265.08, -0.91, 0.008, 166.72, -6.87);
insert into SHOT values (3106, 3123, 3124, 7905, 5.510, 172.94, 23.70, 5.506, 172.93, 23.78, 0.009, 357.40, 36.85);
insert into SHOT values (3107, 3123, 3125, 7905, 19.380, 165.44, -0.90, 19.374, 165.44, -0.89, 0.007, 336.78, 38.49);
insert into SHOT values (3108, 3123, 3126, 7905, 9.150, 268.34, 20.80, 9.150, 268.39, 20.81, 0.008, 0.39, 5.41);
insert into SHOT values (3109, 3123, 3127, 7905, 11.980, 338.54, 33.20, 11.981, 338.53, 33.20, 0.002, 287.42, 4.87);
insert into SHOT values (3110, 3123, 3128, 7905, 7.610, 36.84, 6.70, 7.610, 36.82, 6.72, 0.003, 305.97, 50.77);
insert into SHOT values (3111, 3123, 3129, 7905, 12.070, 219.64, 76.50, 12.074, 219.68, 76.50, 0.004, 267.36, 54.24);
insert into SHOT values (3112, 3123, 3130, 7905, 8.840, 174.14, -40.70, 8.832, 174.09, -40.70, 0.010, 38.59, 27.41);
insert into SHOT values (3113, 3123, 3131, 7905, 22.960, 215.34, -16.10, 22.957, 215.35, -16.11, 0.006, 349.82, -28.38);
insert into SHOT values (3114, 3131, 3132, 7905, 10.710, 148.84, 4.60, 10.717, 148.82, 4.60, 0.008, 130.35, 8.00);
insert into SHOT values (3115, 3131, 3133, 7905, 14.420, 201.64, 6.10, 14.424, 201.65, 6.13, 0.008, 235.75, 65.08);
insert into SHOT values (3116, 3131, 3134, 7905, 10.300, 289.54, 8.80, 10.297, 289.52, 8.83, 0.006, 146.42, 41.22);
insert into SHOT values (3117, 3131, 3135, 7905, 14.940, 357.74, 22.90, 14.941, 357.75, 22.93, 0.007, 118.50, 60.07);
insert into SHOT values (3118, 3131, 3136, 7905, 4.550, 164.44, 73.70, 4.553, 164.55, 73.72, 0.004, 274.73, 47.76);
insert into SHOT values (3119, 3131, 3137, 7905, 6.410, 220.74, -65.80, 6.402, 220.67, -65.81, 0.008, 78.69, 54.00);
insert into SHOT values (3120, 3131, 3138, 7905, 14.210, 233.04, 3.20, 14.205, 233.03, 3.23, 0.009, 81.16, 45.76);
insert into SHOT values (3121, 3138, 3139, 7905, 6.180, 152.84, 9.60, 6.178, 152.85, 9.60, 0.002, 309.66, -15.55);
insert into SHOT values (3122, 3138, 3140, 7905, 9.050, 207.74, 12.10, 9.047, 207.75, 12.06, 0.008, 324.40, -69.96);
insert into SHOT values (3123, 3138, 3141, 7905, 10.460, 258.24, 8.70, 10.467, 258.23, 8.68, 0.008, 253.37, -15.68);
insert into SHOT values (3124, 3138, 3142, 7905, 7.650, 311.84, 11.40, 7.650, 311.81, 11.38, 0.004, 234.82, -30.33);
insert into SHOT values (3125, 3138, 3143, 7905, 11.830, 354.44, 5.30, 11.827, 354.40, 5.29, 0.010, 244.32, -16.73);
insert into SHOT values (3126, 3138, 3144, 7905, 5.480, 290.04, 74.70, 5.474, 289.81, 74.69, 0.008, 195.42, -45.55);
insert into SHOT values (3127, 3138, 3145, 7905, 0.400, 259.44, -78.70, 0.408, 255.96, -78.35, 0.010, 207.64, -50.65);
insert into SHOT values (3128, 3138, 3146, 7905, 6.410, 334.04, -66.80, 6.418, 333.94, -66.82, 0.009, 265.81, -61.43);
insert into SHOT values (3129, 3138, 3147, 7905, 8.520, 268.44, -1.10, 8.525, 268.45, -1.14, 0.008, 295.47, -50.82);
insert into SHOT values (3130, 3147, 3148, 7905, 9.400, 157.84, 10.10, 9.399, 157.84, 10.11, 0.002, 300.36, 52.31);
insert into SHOT values (3131, 3147, 3149, 7905, 12.840, 208.04, 6.70, 12.842, 208.01, 6.71, 0.006, 135.47, 17.85);
insert into SHOT values (3132, 3147, 3150, 7905, 1.680, 300.54, 4.10, 1.676, 300.55, 4.10, 0.004, 113.60, -1.86);
insert into SHOT values (3133, 3147, 3151, 7905, 12.510, 32.14, 18.90, 12.513, 32.16, 18.93, 0.009, 116.40, 59.98);
insert into SHOT values (3134, 3147, 3152, 7905, 4.260, 225.14, 78.80, 4.262, 225.00, 78.71, 0.007, 209.04, 8.89);
insert into SHOT values (3135, 3147, 3153, 7905, 4.180, 144.04, -76.60, 4.175, 144.19, -76.51, 0.009, 169.26, 45.80);
insert into SHOT values (3136, 3147, 3154, 7905, 21.290, 219.24, -17.80, 21.289, 219.23, -17.81, 0.003, 80.32, -39.68);
insert into SHOT values (3137, 3154, 3155, 7905, 6.830, 135.24, 3.70, 6.831, 135.24, 3.78, 0.009, 136.18, 85.03);
insert into SHOT values (3138, 3154, 3156, 7905, 0.750, 302.64, 0.50, 0.746, 302.41, 0.77, 0.006, 160.91, 36.10);
insert into SHOT values (3139, 3154, 3157, 7905, 12.800, 198.84, 22.10, 12.807, 198.83, 22.11, 0.007, 187.01, 37.19);
insert into SHOT values (3140, 3154, 3158, 7905, 8.680, 234.74, 85.10, 8.682, 234.82, 85.07, 0.005, 246.98, 18.95);
insert into SHOT values (3141, 3154, 3159, 7905, 1.490, 92.54, -71.00, 1.480, 93.58, -71.04, 0.013, 208.47, 42.31);
insert into SHOT values (3142, 3154, 3160, 7905, 9.820, 224.24, -5.00, 9.824, 224.25, -4.96, 0.008, 257.13, 47.27);
insert into SHOT values (3143, 3154, 3161, 7905, 10.420, 224.44, -5.10, 10.429, 224.41, -5.06, 0.012, 200.36, 31.95);
insert into SHOT values (3144, 3161, 3162, 7905, 8.090, 130.54, 5.50, 8.087, 130.52, 5.46, 0.007, 1.08, -54.35);
insert into SHOT values (3145, 3161, 3163, 7905, 10.710, 182.74, 10.40, 10.707, 182.72, 10.38, 0.005, 57.08, -42.00);
insert into SHOT values (3146, 3161, 3164, 7905, 21.630, 225.54, 11.70, 21.627, 225.55, 11.68, 0.009, 330.98, -43.74);
insert into SHOT values (3147, 3161, 3165, 7905, 1.520, 328.44, 6.10, 1.521, 328.52, 6.04, 0.003, 26.79, -31.86);
insert into SHOT values (3148, 3161, 3166, 7905, 7.250, 195.74, 80.90, 7.251, 195.74, 80.93, 0.004, 15.39, 18.21);
insert into SHOT values (3149, 3161, 3167, 7905, 7.020, 105.44, -54.60, 7.018, 105.40, -54.59, 0.003, 3.80, 41.56);
insert into SHOT values (3150, 3161, 3168, 7905, 12.040, 200.34, -17.00, 12.034, 200.34, -17.01, 0.006, 15.27, 1.40);
insert into SHOT values (3151, 3168, 3169, 7905, 5.510, 143.24, 17.00, 5.507, 143.26, 17.00, 0.004, 289.96, -14.08);
insert into SHOT values (3152, 3168, 3170, 7905, 9.080, 196.54, 6.20, 9.077, 196.55, 6.20, 0.004, 351.16, -10.22);
insert into SHOT values (3153, 3168, 3171, 7905, 19.300, 253.74, 28.40, 19.303, 253.72, 28.40, 0.006, 199.59, 4.23);
insert into SHOT values (3154, 3168, 3172, 7905, 12.510, 318.64, 28.50, 12.512, 318.61, 28.50, 0.005, 253.20, 8.18);
insert into SHOT values (3155, 3168, 3173, 7905, 8.380, 358.24, 12.70, 8.378, 358.25, 12.69, 0.003, 128.16, -52.08);
insert into SHOT values (3156, 3168, 3174, 7905, 6.480, 190.24, 75.40, 6.480, 190.21, 75.38, 0.003, 173.24, -16.12);
insert into SHOT values (3157, 3168, 3175, 7905, 9.510, 23.44, 73.20, 9.505, 23.39, 73.21, 0.006, 239.92, -47.18);
insert into SHOT values (3158, 3168, 3176, 7905, 7.030, 123.04, -66.80, 7.028, 123.06, -66.80, 0.002, 264.92, 42.86);
insert into SHOT values (3159, 3168, 3177, 7905, 20.460, 222.04, -12.00, 20.465, 222.02, -12.01, 0.009, 170.93, -43.77);
insert into SHOT values (3160, 3168, 3178, 7905, 10.290, 221.74, -12.10, 10.293, 221.74, -12.11, 0.004, 221.46, -46.12);
insert into SHOT values (3161, 3178, 3179, 7905, 5.840, 185.94, 13.00, 5.842, 185.95, 13.06, 0.006, 261.35, 77.65);
insert into SHOT values (3162, 3178, 3180, 7905, 12.680, 224.54, 10.40, 12.682, 224.55, 10.40, 0.003, 263.36, 20.95);
insert into SHOT values (3163, 3178, 3181, 7905, 19.520, 307.04, 37.50, 19.518, 307.05, 37.49, 0.004, 40.97, -48.54);
insert into SHOT values (3164, 3178, 3182, 7905, 11.080, 80.04, 1.60, 11.082, 80.02, 1.60, 0.004, 18.78, 8.69);
insert into SHOT values (3165, 3178, 3183, 7905, 18.050, 249.14, 1.00, 18.047, 249.12, 1.02, 0.007, 125.94, 44.91);
insert into SHOT values (3166, 3183, 3184, 7905, 6.500, 205.34, 30.40, 6.495, 205.38, 30.43, 0.007, 353.83, 6.31);
insert into SHOT values (3167, 3183, 3185, 7905, 6.280, 204.74, 32.00, 6.271, 204.78, 31.97, 0.011, 348.95, -47.83);
insert into SHOT values (3168, 3183, 3186, 7905, 12.090, 261.24, 22.10, 12.085, 261.27, 22.07, 0.011, 8.76, -52.71);
insert into SHOT values (3169, 3183, 3187, 7905, 16.080, 282.24, 16.30, 16.087, 282.26, 16.28, 0.012, 320.65, -15.72);
insert into SHOT values (3170, 3183, 3188, 7905, 12.480, 326.04, 12.20, 12.484, 326.02, 12.16, 0.010, 296.86, -49.82);
insert into SHOT values (3171, 3183, 3189, 7905, 17.080, 16.54, 15.40, 17.081, 16.51, 15.38, 0.010, 301.68, -34.04);
insert into SHOT values (3172, 3183, 3190, 7905, 14.160, 86.74, 6.50, 14.154, 86.74, 6.49, 0.007, 264.07, -25.46);
insert into SHOT values (3173, 3183, 3191, 7905, 6.320, 337.24, 77.20, 6.317, 337.29, 77.21, 0.004, 123.06, -54.71);
insert into SHOT values (3174, 3183, 3192, 7905, 9.750, 48.14, 58.70, 9.748, 48.12, 58.71, 0.003, 262.78, -22.00);
insert into SHOT values (3175, 3183, 3193, 7905, 5.720, 6.54, -56.50, 5.722, 6.54, -56.47, 0.003, 9.03, -2.84);
insert into SHOT values (3176, 3183, 3194, 7905, 11.690, 251.04, 5.20, 11.689, 251.05, 5.20, 0.003, 2.08, 9.56);
insert into SHOT values (3177, 3194, 3195, 7905, 4.200, 153.74, 21.50, 4.197, 153.70, 21.53, 0.005, 11.45, 8.83);
insert into SHOT values (3178, 3194, 3196, 7905, 10.690, 280.64, 16.70, 10.696, 280.63, 16.68, 0.007, 269.08, -15.39);
insert into SHOT values (3179, 3194, 3197, 7905, 10.150, 353.14, 16.90, 10.148, 353.14, 16.90, 0.002, 169.25, -16.47);
insert into SHOT values (3180, 3194, 3198, 7905, 12.690, 343.14, -4.10, 12.687, 343.14, -4.11, 0.005, 153.95, -36.26);
insert into SHOT values (3181, 3194, 3199, 7905, 17.340, 71.04, 13.90, 17.340, 71.04, 13.88, 0.006, 71.16, -76.89);
insert into SHOT values (3182, 3194, 3200, 7905, 3.490, 249.04, 75.00, 3.490, 249.37, 74.92, 0.007, 295.86, -8.51);
insert into SHOT values (3183, 3194, 3201, 7905, 11.610, 280.54, 31.90, 11.607, 280.52, 31.88, 0.006, 172.70, -63.29);
insert into SHOT values (3184, 3194, 3202, 7905, 1.820, 305.04, -83.30, 1.823, 303.69, -83.18, 0.007, 252.74, -20.70);
insert into SHOT values (3185, 3194, 3203, 7905, 14.890, 283.74, -31.50, 14.897, 283.75, -31.48, 0.009, 304.40, 0.02);
insert into SHOT values (3186, 3194, 3204, 7905, 13.400, 285.84, -39.50, 13.406, 285.82, -39.52, 0.007, 235.98, -63.24);
insert into SHOT values (3187, 3194, 3205, 7905, 0.310, 228.74, -23.30, 0.318, 229.18, -24.09, 0.010, 249.58, -49.16);
insert into SHOT values (3188, 3194, 3206, 7905, 8.690, 227.94, -23.30, 8.696, 227.94, -23.30, 0.006, 236.50, -26.38);
insert into SHOT values (3189, 3206, 3207, 7905, 2.120, 148.94, 17.70, 2.118, 148.99, 17.59, 0.005, 271.05, -65.47);
insert into SHOT values (3190, 3206, 3208, 7905, 6.080, 198.44, 18.80, 6.080, 198.43, 18.81, 0.001, 62.10, 58.01);
insert into SHOT values (3191, 3206, 3209, 7905, 19.090, 226.74, 19.90, 19.088, 226.74, 19.91, 0.003, 41.04, 40.16);
insert into SHOT values (3192, 3206, 3210, 7905, 14.360, 273.84, 23.30, 14.361, 273.87, 23.30, 0.007, 354.64, -0.26);
insert into SHOT values (3193, 3206, 3211, 7905, 14.670, 6.64, 26.60, 14.672, 6.65, 26.60, 0.004, 79.79, 19.67);
insert into SHOT values (3194, 3206, 3212, 7905, 7.390, 58.54, 74.90, 7.386, 58.37, 74.88, 0.007, 338.00, -40.80);
insert into SHOT values (3195, 3206, 3213, 7905, 1.670, 52.14, -73.60, 1.668, 51.91, -73.63, 0.003, 284.99, 41.39);
insert into SHOT values (3196, 3206, 3214, 7905, 6.750, 321.54, -39.60, 6.751, 321.63, -39.57, 0.009, 33.50, 16.08);
insert into SHOT values (3197, 3206, 3215, 7905, 13.480, 224.84, -12.10, 13.474, 224.85, -12.12, 0.009, 29.22, -30.60);
insert into SHOT values (3198, 3215, 3216, 7905, 5.590, 149.84, 23.50, 5.594, 149.94, 23.49, 0.010, 216.70, 5.89);
insert into SHOT values (3199, 3215, 3217, 7905, 9.470, 208.44, 16.60, 9.470, 208.43, 16.63, 0.005, 81.51, 69.43);
insert into SHOT values (3200, 3215, 3218, 7905, 22.860, 279.24, 21.60, 22.862, 279.23, 21.61, 0.005, 205.61, 64.56);
insert into SHOT values (3201, 3215, 3219, 7905, 13.490, 307.74, 32.50, 13.491, 307.72, 32.51, 0.005, 216.26, 23.03);
insert into SHOT values (3202, 3215, 3220, 7905, 19.930, 25.44, 41.10, 19.927, 25.44, 41.10, 0.003, 199.20, -29.12);
insert into SHOT values (3203, 3215, 3221, 7905, 14.700, 328.74, 76.20, 14.703, 328.67, 76.23, 0.008, 182.39, 30.61);
insert into SHOT values (3204, 3215, 3222, 7905, 2.750, 265.04, -82.30, 2.745, 265.36, -82.23, 0.006, 302.68, 56.32);
insert into SHOT values (3205, 3215, 3223, 7905, 15.190, 249.54, -4.10, 15.195, 249.53, -4.08, 0.008, 236.05, 45.78);
insert into SHOT values (3206, 3223, 3224, 7905, 8.630, 160.34, 6.10, 8.629, 160.32, 6.05, 0.008, 73.47, -68.64);
insert into SHOT values (3207, 3223, 3225, 7905, 15.520, 213.84, 8.50, 15.516, 213.81, 8.49, 0.008, 93.10, -28.87);
insert into SHOT values (3208, 3223, 3226, 7905, 33.760, 269.84, 9.80, 33.752, 269.84, 9.79, 0.010, 59.42, -36.73);
insert into SHOT values (3209, 3223, 3227, 7905, 15.560, 312.54, 23.60, 15.556, 312.55, 23.61, 0.006, 88.85, 5.23);
insert into SHOT values (3210, 3223, 3228, 7905, 13.560, 14.54, 33.00, 13.560, 14.56, 32.97, 0.008, 72.03, -43.30);
insert into SHOT values (3211, 3223, 3229, 7905, 20.900, 31.44, 61.80, 20.902, 31.42, 61.80, 0.004, 340.98, 11.74);
insert into SHOT values (3212, 3223, 3230, 7905, 7.200, 150.34, -50.80, 7.200, 150.22, -50.80, 0.009, 61.70, -2.53);
insert into SHOT values (3213, 3223, 3231, 7905, 12.210, 291.84, 12.10, 12.208, 291.84, 12.10, 0.002, 114.86, 13.99);
insert into SHOT values (3214, 3231, 3232, 7905, 15.370, 151.44, 12.90, 15.369, 151.45, 12.90, 0.004, 247.91, -21.67);
insert into SHOT values (3215, 3231, 3233, 7905, 13.540, 192.04, 10.40, 13.535, 192.05, 10.39, 0.007, 331.42, -38.22);
insert into SHOT values (3216, 3231, 3234, 7905, 5.950, 301.94, 20.40, 5.946, 301.95, 20.37, 0.005, 92.58, -56.65);
insert into SHOT values (3217, 3231, 3235, 7905, 6.410, 11.44, 28.50, 6.405, 11.47, 28.44, 0.009, 114.74, -69.43);
insert into SHOT values (3218, 3231, 3236, 7905, 11.990, 50.94, 30.00, 11.984, 50.94, 29.99, 0.007, 216.05, -49.77);
insert into SHOT values (3219, 3231, 3237, 7905, 14.280, 270.54, -10.80, 14.284, 270.53, -10.81, 0.006, 245.51, -47.03);
insert into SHOT values (3220, 3231, 3238, 7905, 15.850, 271.24, -10.30, 15.850, 271.25, -10.32, 0.007, 16.50, -61.07);
insert into SHOT values (3221, 3238, 3239, 7905, 19.470, 176.64, 24.10, 19.468, 176.64, 24.10, 0.003, 313.70, -3.36);
insert into SHOT values (3222, 3238, 3240, 7905, 26.360, 211.84, 9.10, 26.358, 211.84, 9.10, 0.002, 6.54, 23.41);
insert into SHOT values (3223, 3238, 3241, 7905, 6.770, 258.84, -3.40, 6.770, 258.82, -3.39, 0.002, 172.05, 41.19);
insert into SHOT values (3224, 3238, 3242, 7905, 1.730, 311.44, 5.50, 1.730, 311.47, 5.64, 0.004, 70.18, 76.17);
insert into SHOT values (3225, 3238, 3243, 7905, 4.380, 30.34, 10.50, 4.385, 30.37, 10.51, 0.006, 56.94, 17.76);
insert into SHOT values (3226, 3238, 3244, 7905, 7.470, 224.54, 82.60, 7.472, 224.16, 82.60, 0.007, 131.35, 19.13);
insert into SHOT values (3227, 3238, 3245, 7905, 21.170, 180.44, 60.10, 21.167, 180.43, 60.10, 0.004, 12.71, -38.77);
insert into SHOT values (3228, 3238, 3246, 7905, 1.970, 291.84, -83.20, 1.964, 292.25, -83.05, 0.008, 312.88, 52.27);
insert into SHOT values (3229, 3238, 3247, 7905, 15.650, 247.24, -12.10, 15.649, 247.24, -12.10, 0.001, 40.41, 33.22);
insert into SHOT values (3230, 3247, 3248, 7905, 22.300, 145.44, 13.70, 22.298, 145.44, 13.70, 0.002, 332.36, -36.66);
insert into SHOT values (3231, 3247, 3249, 7905, 22.310, 189.54, 1.00, 22.312, 189.55, 1.00, 0.004, 245.93, 8.48);
insert into SHOT values (3232, 3247, 3250, 7905, 27.910, 220.94, -1.70, 27.914, 220.93, -1.70, 0.006, 184.03, -20.36);
insert into SHOT values (3233, 3247, 3251, 7905, 31.740, 223.44, -1.20, 31.739, 223.44, -1.19, 0.005, 324.66, 61.38);
insert into SHOT values (3234, 3247, 3252, 7905, 30.450, 226.04, -3.20, 30.451, 226.03, -3.20, 0.006, 144.19, -2.18);
insert into SHOT values (3235, 3247, 3253, 7905, 19.490, 254.44, 0.90, 19.487, 254.43, 0.91, 0.005, 118.66, 47.01);
insert into SHOT values (3236, 3247, 3254, 7905, 2.180, 305.74, 7.00, 2.181, 305.60, 7.11, 0.007, 224.17, 39.29);
insert into SHOT values (3237, 3247, 3255, 7905, 12.380, 56.54, 12.20, 12.376, 56.53, 12.22, 0.006, 246.78, 36.35);
insert into SHOT values (3238, 3247, 3256, 7905, 21.810, 63.24, 19.20, 21.807, 63.25, 19.20, 0.005, 186.85, -29.23);
insert into SHOT values (3239, 3247, 3257, 7905, 3.690, 177.74, 79.80, 3.690, 177.40, 79.68, 0.008, 149.25, -11.56);
insert into SHOT values (3240, 3247, 3258, 7905, 28.870, 122.74, 53.60, 28.873, 122.75, 53.60, 0.006, 187.58, 27.67);
insert into SHOT values (3241, 3247, 3259, 7905, 2.490, 234.64, -64.90, 2.485, 234.65, -64.89, 0.005, 46.74, 68.64);
insert into SHOT values (3242, 3247, 3260, 7905, 11.700, 231.14, -25.30, 11.704, 231.14, -25.29, 0.005, 230.28, 1.08);
insert into SHOT values (3243, 3260, 3261, 7905, 18.620, 154.34, 22.10, 18.621, 154.34, 22.11, 0.005, 281.57, 74.72);
insert into SHOT values (3244, 3260, 3262, 7905, 15.310, 227.74, 17.20, 15.311, 227.72, 17.21, 0.006, 137.11, 25.90);
insert into SHOT values (3245, 3260, 3263, 7905, 17.770, 323.64, 33.40, 17.768, 323.66, 33.40, 0.007, 58.89, -17.14);
insert into SHOT values (3246, 3260, 3264, 7905, 13.050, 350.44, 36.50, 13.052, 350.46, 36.48, 0.007, 26.16, -21.95);
insert into SHOT values (3247, 3260, 3265, 7905, 11.380, 36.44, 31.60, 11.382, 36.44, 31.58, 0.005, 54.13, -37.96);
insert into SHOT values (3248, 3260, 3266, 7905, 15.350, 167.34, 76.80, 15.356, 167.31, 76.80, 0.006, 92.26, 73.53);
insert into SHOT values (3249, 3260, 3267, 7905, 18.550, 255.54, 68.10, 18.549, 255.52, 68.10, 0.002, 189.04, -33.41);
insert into SHOT values (3250, 3260, 3268, 7905, 7.230, 180.54, -39.40, 7.233, 180.51, -39.39, 0.004, 144.38, -12.18);
insert into SHOT values (3251, 3260, 3269, 7905, 16.320, 195.64, -6.20, 16.315, 195.63, -6.19, 0.006, 40.03, 25.99);
insert into SHOT values (3252, 3260, 3270, 7905, 10.360, 353.64, 29.20, 10.365, 353.65, 29.22, 0.007, 44.18, 61.73);
insert into SHOT values (3253, 3270, 3271, 7905, 9.240, 250.44, 9.40, 9.240, 250.45, 9.41, 0.002, 353.42, 20.46);
insert into SHOT values (3254, 3270, 3272, 7905, 9.620, 305.04, 11.60, 9.614, 305.06, 11.58, 0.007, 91.74, -37.27);
insert into SHOT values (3255, 3270, 3273, 7905, 18.400, 319.34, -6.90, 18.393, 319.33, -6.90, 0.007, 157.99, 4.25);
insert into SHOT values (3256, 3270, 3274, 7905, 1.560, 92.44, 34.10, 1.557, 92.66, 33.97, 0.007, 186.82, -42.06);
insert into SHOT values (3257, 3270, 3275, 7905, 23.020, 158.14, 10.80, 23.023, 158.14, 10.79, 0.005, 184.48, -41.26);
insert into SHOT values (3258, 3270, 3276, 7905, 14.440, 246.24, 61.60, 14.436, 246.20, 61.61, 0.007, 114.02, -18.58);
insert into SHOT values (3259, 3270, 3277, 7905, 14.280, 299.14, -33.70, 14.284, 299.11, -33.72, 0.009, 213.95, -50.72);
insert into SHOT values (3260, 3270, 3278, 7905, 18.120, 299.54, -22.80, 18.118, 299.53, -22.83, 0.010, 148.09, -54.00);
insert into SHOT values (3261, 3278, 3279, 7905, 14.720, 160.94, -12.40, 14.710, 160.95, -12.40, 0.010, 326.99, 5.25);
insert into SHOT values (3262, 3278, 3280, 7905, 18.900, 224.24, -16.40, 18.899, 224.24, -16.38, 0.006, 271.31, 79.65);
insert into SHOT values (3263, 3278, 3281, 7905, 20.200, 266.34, -11.20, 20.204, 266.36, -11.19, 0.008, 317.97, 24.58);
insert into SHOT values (3264, 3278, 3282, 7905, 38.820, 248.34, -24.60, 38.826, 248.34, -24.60, 0.006, 263.10, 0.18);
insert into SHOT values (3265, 3278, 3283, 7905, 8.300, 353.74, 8.30, 8.307, 353.71, 8.31, 0.007, 325.36, 14.31);
insert into SHOT values (3266, 3278, 3284, 7905, 7.860, 50.14, 18.50, 7.862, 50.12, 18.54, 0.007, 329.88, 64.19);
insert into SHOT values (3267, 3278, 3285, 7905, 4.720, 338.84, 84.20, 4.725, 339.30, 84.16, 0.007, 22.98, 36.49);
insert into SHOT values (3268, 3278, 3286, 7905, 10.720, 246.44, -43.90, 10.715, 246.49, -43.90, 0.008, 2.19, 22.79);
insert into SHOT values (3269, 3278, 3287, 7905, 11.860, 257.54, -28.90, 11.860, 257.54, -28.89, 0.002, 291.26, 44.57);
insert into SHOT values (3270, 3287, 3288, 7905, 16.750, 163.34, 3.70, 16.746, 163.34, 3.70, 0.004, 319.75, -12.19);
insert into SHOT values (3271, 3287, 3289, 7905, 14.330, 224.34, -3.90, 14.324, 224.35, -3.88, 0.007, 18.22, 38.48);
insert into SHOT values (3272, 3287, 3290, 7905, 23.930, 222.14, -24.30, 23.928, 222.14, -24.31, 0.005, 42.34, -33.04);
insert into SHOT values (3273, 3287, 3291, 7905, 22.340, 297.74, -3.50, 22.344, 297.74, -3.49, 0.006, 294.57, 40.93);
insert into SHOT values (3274, 3287, 3292, 7905, 20.590, 296.44, -15.20, 20.590, 296.45, -15.20, 0.004, 25.70, -21.16);
insert into SHOT values (3275, 3287, 3293, 7905, 13.900, 341.14, 7.40, 13.907, 341.13, 7.40, 0.007, 328.99, -2.11);
insert into SHOT values (3276, 3287, 3294, 7905, 4.330, 189.94, 87.70, 4.333, 190.01, 87.72, 0.004, 359.44, 71.55);
insert into SHOT values (3277, 3287, 3295, 7905, 3.980, 177.44, -62.50, 3.977, 177.50, -62.57, 0.006, 339.96, 2.75);
insert into SHOT values (3278, 3287, 3296, 7905, 24.440, 278.94, -22.00, 24.442, 278.93, -21.98, 0.007, 264.04, 48.33);
insert into SHOT values (3279, 3296, 3297, 7905, 21.430, 153.74, 2.20, 21.429, 153.72, 2.19, 0.007, 50.62, -24.04);
insert into SHOT values (3280, 3296, 3298, 7905, 9.990, 202.74, 1.80, 9.991, 202.74, 1.78, 0.004, 215.18, -73.39);
insert into SHOT values (3281, 3296, 3299, 7905, 11.450, 271.84, -2.80, 11.450, 271.85, -2.80, 0.003, 7.82, -11.48);
insert into SHOT values (3282, 3296, 3300, 7905, 11.970, 303.34, 27.20, 11.966, 303.35, 27.20, 0.005, 101.64, -17.93);
insert into SHOT values (3283, 3296, 3301, 7905, 19.620, 311.04, 21.60, 19.621, 311.04, 21.59, 0.004, 354.48, -40.91);
insert into SHOT values (3284, 3296, 3302, 7905, 8.960, 335.94, 35.50, 8.956, 335.97, 35.49, 0.005, 98.18, -36.25);
insert into SHOT values (3285, 3296, 3303, 7905, 12.950, 45.74, 39.10, 12.950, 45.73, 39.06, 0.010, 25.98, -48.38);
insert into SHOT values (3286, 3296, 3304, 7905, 6.740, 151.64, 77.40, 6.732, 151.51, 77.41, 0.009, 22.18, -61.92);
insert into SHOT values (3287, 3296, 3305, 7905, 4.240, 171.64, -47.90, 4.242, 171.50, -47.95, 0.008, 70.09, -29.85);
insert into SHOT values (3288, 3296, 3306, 7905, 5.700, 263.94, -18.70, 5.692, 263.93, -18.75, 0.009, 88.69, -15.71);
insert into SHOT values (3289, 3306, 3307, 7905, 9.540, 176.74, 1.90, 9.541, 176.75, 1.92, 0.005, 255.03, 53.89);
insert into SHOT values (3290, 3306, 3308, 7905, 7.170, 276.14, 2.30, 7.177, 276.16, 2.32, 0.008, 300.45, 15.86);
insert into SHOT values (3291, 3306, 3309, 7905, 29.130, 293.84, 1.30, 29.132, 293.84, 1.30, 0.002, 277.98, -25.77);
insert into SHOT values (3292, 3306, 3310, 7905, 15.150, 331.34, 7.00, 15.159, 331.32, 7.01, 0.010, 306.46, 21.51);
insert into SHOT values (3293, 3306, 3311, 7905, 4.330, 22.54, 17.20, 4.327, 22.47, 17.20, 0.005, 265.22, -4.37);
insert into SHOT values (3294, 3306, 3312, 7905, 10.900, 21.84, 40.90, 10.903, 21.80, 40.91, 0.006, 297.30, 32.44);
insert into SHOT values (3295, 3306, 3313, 7905, 11.290, 318.24, -17.30, 11.291, 318.23, -17.31, 0.003, 235.21, -75.52);
insert into SHOT values (3296, 3313, 3314, 7905, 6.690, 204.24, 4.20, 6.687, 204.26, 4.20, 0.004, 345.84, 0.52);
insert into SHOT values (3297, 3313, 3315, 7905, 11.510, 255.04, 3.00, 11.513, 255.08, 2.99, 0.010, 324.33, -14.25);
insert into SHOT values (3298, 3313, 3316, 7905, 22.030, 298.34, -3.10, 22.041, 298.35, -3.09, 0.012, 315.27, 6.54);
insert into SHOT values (3299, 3313, 3317, 7905, 9.020, 334.54, 2.50, 9.026, 334.51, 2.54, 0.010, 303.67, 43.10);
insert into SHOT values (3300, 3313, 3318, 7905, 4.330, 23.74, 16.90, 4.334, 23.60, 16.90, 0.011, 314.02, 6.66);
insert into SHOT values (3301, 3313, 3319, 7905, 8.640, 68.54, 23.60, 8.634, 68.49, 23.62, 0.009, 290.40, 6.29);
insert into SHOT values (3302, 3313, 3320, 7905, 9.500, 106.64, 30.00, 9.496, 106.61, 30.01, 0.006, 333.41, -0.00);
insert into SHOT values (3303, 3313, 3321, 7905, 11.390, 274.14, 75.60, 11.389, 274.24, 75.57, 0.008, 319.48, -16.30);
insert into SHOT values (3304, 3313, 3322, 7905, 1.470, 266.04, -76.90, 1.470, 266.63, -76.60, 0.008, 291.64, 12.02);
insert into SHOT values (3305, 3313, 3323, 7905, 20.030, 279.54, -17.90, 20.031, 279.54, -17.88, 0.007, 300.31, 61.03);
insert into SHOT values (3306, 3323, 3324, 7905, 15.520, 206.44, 40.00, 15.511, 206.44, 40.00, 0.009, 30.01, -42.89);
insert into SHOT values (3307, 3323, 3325, 7905, 14.220, 251.04, 25.50, 14.221, 251.04, 25.49, 0.003, 289.46, -45.15);
insert into SHOT values (3308, 3323, 3326, 7905, 7.250, 322.54, 20.00, 7.250, 322.57, 20.00, 0.004, 58.36, 4.53);
insert into SHOT values (3309, 3323, 3327, 7905, 10.130, 35.34, 25.00, 10.130, 35.33, 24.99, 0.001, 344.28, -60.56);
insert into SHOT values (3310, 3323, 3328, 7905, 17.110, 74.24, 16.80, 17.105, 74.23, 16.79, 0.007, 277.10, -54.30);
insert into SHOT values (3311, 3323, 3329, 7905, 9.500, 309.44, 80.90, 9.500, 309.61, 80.88, 0.006, 4.19, -4.43);
insert into SHOT values (3312, 3323, 3330, 7905, 32.570, 198.94, 67.20, 32.566, 198.95, 67.19, 0.007, 245.29, -50.01);
insert into SHOT values (3313, 3323, 3331, 7905, 2.800, 314.74, -69.90, 2.800, 315.00, -69.91, 0.004, 52.39, -6.88);
insert into SHOT values (3314, 3323, 3332, 7905, 15.270, 265.04, -8.30, 15.268, 265.03, -8.32, 0.007, 130.84, -51.47);
insert into SHOT values (3315, 3332, 3333, 7905, 11.340, 120.94, 32.90, 11.333, 120.93, 32.92, 0.008, 306.52, 2.77);
insert into SHOT values (3316, 3332, 3334, 7905, 30.200, 193.34, 10.30, 30.199, 193.35, 10.30, 0.006, 289.05, 1.71);
insert into SHOT values (3317, 3332, 3335, 7905, 28.940, 204.64, 7.20, 28.933, 204.65, 7.21, 0.008, 355.06, 19.70);
insert into SHOT values (3318, 3332, 3336, 7905, 8.870, 219.84, 4.80, 8.869, 219.91, 4.79, 0.011, 312.58, -12.03);
insert into SHOT values (3319, 3332, 3337, 7905, 1.710, 285.64, 11.50, 1.718, 285.85, 11.41, 0.011, 322.63, -5.02);
insert into SHOT values (3320, 3332, 3338, 7905, 4.500, 283.74, 24.00, 4.507, 283.77, 23.96, 0.008, 299.41, -2.36);
insert into SHOT values (3321, 3332, 3339, 7905, 5.180, 19.94, 33.60, 5.185, 19.90, 33.61, 0.005, 342.99, 38.93);
insert into SHOT values (3322, 3332, 3340, 7905, 7.600, 161.34, 73.70, 7.605, 161.40, 73.72, 0.006, 289.59, 63.61);
insert into SHOT values (3323, 3332, 3341, 7905, 25.050, 136.34, 57.40, 25.043, 136.35, 57.41, 0.009, 293.56, -21.76);
insert into SHOT values (3324, 3332, 3342, 7905, 4.860, 203.84, -55.20, 4.858, 204.07, -55.22, 0.011, 308.01, 3.92);
insert into SHOT values (3325, 3332, 3343, 7905, 7.520, 233.34, -17.00, 7.519, 233.37, -17.01, 0.004, 342.18, -18.08);
insert into SHOT values (3326, 3343, 3344, 7905, 15.760, 137.24, 35.10, 15.758, 137.26, 35.09, 0.006, 232.24, -19.99);
insert into SHOT values (3327, 3343, 3345, 7905, 21.510, 168.74, 22.50, 21.509, 168.74, 22.50, 0.002, 268.23, -52.42);
insert into SHOT values (3328, 3343, 3346, 7905, 24.050, 178.64, 22.80, 24.046, 178.66, 22.80, 0.008, 302.52, 1.70);
insert into SHOT values (3329, 3343, 3347, 7905, 4.880, 187.94, 24.60, 4.876, 188.04, 24.60, 0.009, 302.13, -9.60);
insert into SHOT values (3330, 3343, 3348, 7905, 5.380, 252.74, 6.50, 5.386, 252.72, 6.50, 0.007, 234.97, 8.40);
insert into SHOT values (3331, 3343, 3349, 7905, 2.700, 332.24, 16.70, 2.705, 332.15, 16.76, 0.007, 286.35, 36.40);
insert into SHOT values (3332, 3343, 3350, 7905, 6.480, 36.54, 18.00, 6.482, 36.55, 18.07, 0.008, 149.99, 75.97);
insert into SHOT values (3333, 3343, 3351, 7905, 14.280, 39.24, 18.00, 14.283, 39.23, 18.03, 0.007, 332.15, 80.67);
insert into SHOT values (3334, 3343, 3352, 7905, 3.090, 171.44, 81.80, 3.092, 172.23, 81.74, 0.007, 233.29, 12.80);
insert into SHOT values (3335, 3343, 3353, 7905, 8.190, 108.94, 69.80, 8.192, 109.01, 69.83, 0.007, 245.84, 34.76);
insert into SHOT values (3336, 3343, 3354, 7905, 31.470, 97.14, 53.90, 31.473, 97.13, 53.90, 0.005, 23.30, 31.05);
insert into SHOT values (3337, 3343, 3355, 7905, 3.020, 79.14, -47.60, 3.019, 79.24, -47.61, 0.004, 178.58, 2.06);
insert into SHOT values (3338, 3343, 3356, 7905, 8.380, 148.54, 27.80, 8.379, 148.52, 27.82, 0.004, 18.19, 28.14);
insert into SHOT values (3339, 3356, 3357, 7905, 10.100, 349.14, -2.80, 10.094, 349.08, -2.78, 0.012, 231.12, 16.44);
insert into SHOT values (3340, 3356, 3358, 7905, 4.180, 305.74, -9.20, 4.181, 305.73, -9.22, 0.002, 268.05, -66.45);
insert into SHOT values (3341, 3356, 3359, 7905, 10.250, 312.64, -20.00, 10.248, 312.60, -19.97, 0.008, 225.57, 43.41);
insert into SHOT values (3342, 3356, 3360, 7905, 17.160, 18.04, 19.80, 17.157, 18.04, 19.79, 0.003, 161.41, -52.20);
insert into SHOT values (3343, 3356, 3361, 7905, 15.930, 186.34, 11.50, 15.937, 186.36, 11.51, 0.010, 232.75, 25.35);
insert into SHOT values (3344, 3356, 3362, 7905, 19.830, 185.34, 38.50, 19.832, 185.36, 38.51, 0.009, 286.06, 39.99);
insert into SHOT values (3345, 3356, 3363, 7905, 9.990, 161.54, 72.20, 9.989, 161.68, 72.19, 0.008, 245.23, -12.75);
insert into SHOT values (3346, 3356, 3364, 7905, 8.400, 165.34, 72.00, 8.400, 165.48, 72.02, 0.007, 279.75, 8.95);
insert into SHOT values (3347, 3356, 3365, 7905, 16.450, 207.84, 1.20, 16.456, 207.83, 1.22, 0.009, 180.58, 38.64);
insert into SHOT_FLAG values(3347, 'dpl');
insert into SURVEY values (7907, 7893, 'GL102_Riviere', 'GL102_Riviere.Gouffre_du_Lonne_Peyret.Complexe_Lonne_Peyret-Bourrugues', 'GL102 - Gouffre du Lonne Peyret - Aval Embarquadere (Sup)');
 insert into CENTRELINE values (7908, 7907, NULL, NULL, NULL, 0.00, 0.00, 0.00);
 insert into CENTRELINE values (7909, 7907, NULL, '2024-08-11', '2024-01-01', 207.85, 0.00, 78.09);
 insert into PERSON values (54, 'Marina', 'Ferrand');
insert into TOPO values (54, 7909);
 insert into PERSON values (55, 'Guillaume', 'Lapie');
insert into TOPO values (55, 7909);
 insert into EXPLO values (15, 7909);
 insert into PERSON values (56, NULL, 'EEGC');
insert into EXPLO values (56, 7909);
 insert into EXPLO values (19, 7909);
 insert into SHOT values (3348, 3366, 3367, 7909, 6.500, 230.04, 4.80, 6.504, 230.07, 4.76, 0.007, 270.54, -36.34);
insert into SHOT_FLAG values(3348, 'dpl');
insert into SHOT values (3349, 3366, 3368, 7909, 8.500, 246.44, 87.80, 8.496, 246.57, 87.79, 0.004, 295.26, -75.01);
insert into SHOT_FLAG values(3349, 'dpl');
insert into SHOT values (3350, 3366, 3369, 7909, 4.890, 38.24, 7.90, 4.888, 38.29, 7.88, 0.005, 154.40, -23.77);
insert into SHOT_FLAG values(3350, 'dpl');
insert into SHOT values (3351, 3366, 3370, 7909, 2.440, 285.04, -66.20, 2.437, 284.74, -66.23, 0.006, 170.47, 24.16);
insert into SHOT_FLAG values(3351, 'dpl');
insert into SHOT values (3352, 3366, 3371, 7909, 13.350, 259.14, -5.70, 13.354, 259.16, -5.72, 0.006, 306.94, -39.60);
insert into SHOT_FLAG values(3352, 'dpl');
insert into SHOT values (3353, 3366, 3372, 7909, 25.270, 283.04, 2.20, 25.270, 283.05, 2.20, 0.003, 5.57, -1.24);
insert into SHOT_FLAG values(3353, 'dpl');
insert into SHOT values (3354, 3366, 3373, 7909, 11.260, 341.24, 1.60, 11.262, 341.24, 1.58, 0.005, 359.12, -61.46);
insert into SHOT_FLAG values(3354, 'dpl');
insert into SHOT values (3355, 3366, 3374, 7909, 26.140, 296.94, -20.50, 26.139, 296.93, -20.49, 0.006, 220.46, 51.12);
insert into SHOT_FLAG values(3355, 'dpl');
insert into SHOT values (3356, 3374, 3375, 7909, 18.000, 181.04, 43.00, 17.994, 181.04, 42.99, 0.006, 331.56, -67.26);
insert into SHOT_FLAG values(3356, 'dpl');
insert into SHOT values (3357, 3374, 3376, 7909, 23.730, 177.24, 62.40, 23.730, 177.24, 62.40, 0.001, 21.78, 16.04);
insert into SHOT_FLAG values(3357, 'dpl');
insert into SHOT values (3358, 3374, 3377, 7909, 9.540, 98.74, 78.90, 9.539, 98.75, 78.87, 0.005, 101.35, -17.85);
insert into SHOT_FLAG values(3358, 'dpl');
insert into SHOT values (3359, 3374, 3378, 7909, 0.950, 17.94, 20.90, 0.954, 17.62, 20.87, 0.007, 329.29, 9.49);
insert into SHOT_FLAG values(3359, 'dpl');
insert into SHOT values (3360, 3374, 3379, 7909, 1.520, 186.84, -79.40, 1.526, 186.12, -79.37, 0.007, 125.86, -55.58);
insert into SHOT_FLAG values(3360, 'dpl');
insert into SHOT values (3361, 3374, 3380, 7909, 8.420, 292.44, 85.20, 8.419, 292.56, 85.20, 0.002, 48.96, -16.20);
insert into SHOT_FLAG values(3361, 'dpl');
insert into SHOT values (3362, 3374, 3381, 7909, 61.000, 112.94, 44.90, 60.993, 112.94, 44.90, 0.008, 299.38, -76.79);
insert into SHOT_FLAG values(3362, 'dpl');
insert into SHOT values (3363, 3374, 3382, 7909, 11.850, 90.24, 22.90, 11.853, 90.21, 22.89, 0.007, 35.78, -9.18);
insert into SHOT_FLAG values(3363, 'dpl');
insert into SHOT values (3364, 3374, 3383, 7909, 11.930, 91.94, 3.50, 11.928, 91.93, 3.46, 0.009, 342.80, -69.33);
insert into SHOT_FLAG values(3364, 'dpl');
insert into SHOT values (3365, 3374, 3384, 7909, 19.820, 228.44, -4.10, 19.815, 228.45, -4.11, 0.006, 25.44, -27.06);
insert into SHOT_FLAG values(3365, 'dpl');
insert into SHOT values (3366, 3384, 3385, 7909, 1.830, 196.14, -8.60, 1.830, 196.03, -8.48, 0.005, 122.40, 46.00);
insert into SHOT_FLAG values(3366, 'dpl');
insert into SHOT values (3367, 3384, 3386, 7909, 5.200, 2.54, 8.10, 5.197, 2.56, 8.08, 0.004, 148.19, -36.66);
insert into SHOT_FLAG values(3367, 'dpl');
insert into SHOT values (3368, 3384, 3387, 7909, 7.020, 19.14, 85.40, 7.022, 18.76, 85.43, 0.006, 247.76, 27.79);
insert into SHOT_FLAG values(3368, 'dpl');
insert into SHOT values (3369, 3384, 3388, 7909, 3.390, 315.84, -73.50, 3.389, 315.84, -73.51, 0.001, 132.99, 20.91);
insert into SHOT_FLAG values(3369, 'dpl');
insert into SHOT values (3370, 3384, 3389, 7909, 14.060, 235.34, -18.10, 14.058, 235.33, -18.11, 0.003, 80.49, -35.92);
insert into SHOT_FLAG values(3370, 'dpl');
insert into SHOT values (3371, 3389, 3390, 7909, 1.960, 168.24, -0.70, 1.961, 168.23, -0.58, 0.004, 157.32, 70.52);
insert into SHOT_FLAG values(3371, 'dpl');
insert into SHOT values (3372, 3389, 3391, 7909, 1.740, 345.34, 2.80, 1.739, 345.32, 2.97, 0.005, 186.19, 74.92);
insert into SHOT_FLAG values(3372, 'dpl');
insert into SHOT values (3373, 3389, 3392, 7909, 2.850, 220.74, 87.40, 2.853, 221.99, 87.30, 0.007, 250.04, 26.11);
insert into SHOT_FLAG values(3373, 'dpl');
insert into SHOT values (3374, 3389, 3393, 7909, 1.610, 137.44, -85.40, 1.605, 141.34, -85.42, 0.010, 236.28, 28.64);
insert into SHOT_FLAG values(3374, 'dpl');
insert into SHOT values (3375, 3389, 3394, 7909, 10.510, 243.04, 6.60, 10.517, 243.02, 6.61, 0.008, 213.28, 14.32);
insert into SHOT_FLAG values(3375, 'dpl');
insert into SHOT values (3376, 3389, 3395, 7909, 3.310, 262.64, 6.10, 3.317, 262.51, 6.06, 0.010, 215.08, -9.65);
insert into SHOT_FLAG values(3376, 'dpl');
insert into SHOT values (3377, 3389, 3396, 7909, 10.950, 207.34, 7.70, 10.954, 207.37, 7.71, 0.007, 262.87, 23.73);
insert into SHOT_FLAG values(3377, 'dpl');
insert into SHOT values (3378, 3389, 3397, 7909, 2.580, 187.94, 11.50, 2.587, 187.94, 11.60, 0.008, 187.45, 42.81);
insert into SHOT_FLAG values(3378, 'dpl');
insert into SHOT values (3379, 3389, 3398, 7909, 18.070, 227.94, -1.90, 18.072, 227.94, -1.90, 0.002, 230.31, -23.90);
insert into SHOT_FLAG values(3379, 'dpl');
insert into SHOT values (3380, 3398, 3399, 7909, 7.300, 122.84, 8.90, 7.300, 122.83, 8.90, 0.001, 22.87, 28.81);
insert into SHOT_FLAG values(3380, 'dpl');
insert into SHOT values (3381, 3398, 3400, 7909, 1.420, 97.24, 72.20, 1.418, 97.94, 72.17, 0.006, 186.75, -20.77);
insert into SHOT_FLAG values(3381, 'dpl');
insert into SHOT values (3382, 3398, 3401, 7909, 1.430, 100.24, -63.60, 1.427, 100.95, -63.74, 0.009, 219.27, 5.50);
insert into SHOT_FLAG values(3382, 'dpl');
insert into SHOT values (3383, 3398, 3402, 7909, 25.520, 62.74, 6.00, 25.517, 62.75, 6.01, 0.006, 194.19, 24.86);
insert into SHOT values (3384, 3402, 3403, 7909, 6.000, 60.24, 25.60, 6.003, 60.22, 25.56, 0.006, 33.08, -27.15);
insert into SHOT values (3385, 3402, 3404, 7909, 23.760, 92.24, 57.00, 23.762, 92.21, 57.01, 0.007, 352.55, 29.17);
insert into SHOT values (3386, 3402, 3405, 7909, 3.360, 190.24, 13.10, 3.359, 190.21, 13.08, 0.002, 75.82, -40.84);
insert into SHOT values (3387, 3402, 3406, 7909, 3.730, 4.04, -6.60, 3.734, 4.02, -6.61, 0.004, 345.55, -17.59);
insert into SHOT values (3388, 3402, 3407, 7909, 6.710, 116.04, 37.90, 6.709, 115.98, 37.88, 0.005, 31.92, -19.92);
insert into SHOT values (3389, 3407, 3408, 7909, 13.920, 338.64, -0.50, 13.917, 338.63, -0.49, 0.004, 180.50, 24.09);
insert into SHOT values (3390, 3407, 3409, 7909, 4.090, 268.94, 80.60, 4.095, 269.14, 80.58, 0.006, 318.24, 57.21);
insert into SHOT values (3391, 3407, 3410, 7909, 16.500, 130.44, 74.30, 16.504, 130.55, 74.32, 0.011, 244.78, 31.63);
insert into SHOT values (3392, 3407, 3411, 7909, 8.830, 139.04, 24.20, 8.829, 139.03, 24.21, 0.002, 7.43, 10.25);
insert into SHOT values (3393, 3407, 3412, 7909, 17.670, 225.44, -0.90, 17.673, 225.44, -0.91, 0.004, 205.74, -35.06);
insert into SHOT values (3394, 3412, 3413, 7909, 2.470, 342.14, 4.20, 2.476, 342.08, 4.17, 0.007, 320.07, -7.33);
insert into SHOT values (3395, 3412, 3414, 7909, 4.770, 56.74, 77.20, 4.778, 56.61, 77.26, 0.009, 276.35, 66.62);
insert into SHOT values (3396, 3412, 3415, 7909, 0.140, 172.04, -1.00, 0.141, 171.87, 0.00, 0.003, 155.86, 58.43);
insert into SHOT values (3397, 3412, 3416, 7909, 1.490, 299.24, -66.40, 1.485, 299.15, -66.36, 0.006, 159.48, 74.72);
insert into SHOT values (3398, 3412, 3417, 7909, 16.440, 50.34, 45.50, 16.445, 50.32, 45.50, 0.007, 351.74, 36.27);
insert into SHOT values (3399, 3412, 3418, 7909, 16.560, 47.94, 44.50, 16.561, 47.95, 44.51, 0.004, 164.10, 46.75);
insert into SHOT values (3400, 3412, 3419, 7909, 20.550, 29.74, 12.80, 20.551, 29.74, 12.82, 0.007, 274.79, 84.95);
insert into SHOT values (3401, 3412, 3420, 7909, 36.960, 9.74, 6.70, 36.962, 9.74, 6.71, 0.008, 10.09, 79.24);
insert into SHOT values (3402, 3412, 3421, 7909, 5.310, 224.04, -28.80, 5.306, 224.13, -28.72, 0.011, 313.21, 48.01);
insert into SHOT values (3403, 3421, 3422, 7909, 1.840, 144.54, 18.30, 1.847, 144.50, 17.98, 0.012, 137.38, -38.80);
insert into SHOT values (3404, 3421, 3423, 7909, 0.890, 246.34, 81.10, 0.880, 243.43, 81.23, 0.012, 127.78, -50.18);
insert into SHOT values (3405, 3421, 3424, 7909, 0.160, 298.04, -14.80, 0.156, 298.30, -18.71, 0.012, 112.58, -52.21);
insert into SHOT values (3406, 3421, 3425, 7909, 0.280, 214.94, -75.60, 0.289, 213.69, -75.56, 0.009, 182.36, -71.64);
insert into SHOT values (3407, 3421, 3426, 7909, 6.960, 208.54, 10.80, 6.960, 208.48, 10.77, 0.009, 122.40, -29.09);
insert into SHOT values (3408, 3426, 3427, 7909, 4.430, 128.14, -3.60, 4.424, 128.19, -3.63, 0.008, 273.64, -13.99);
insert into SHOT values (3409, 3426, 3428, 7909, 1.040, 324.84, 7.60, 1.042, 324.46, 7.72, 0.007, 246.42, 19.48);
insert into SHOT values (3410, 3426, 3429, 7909, 3.380, 202.74, -59.60, 3.385, 202.67, -59.61, 0.005, 155.97, -59.30);
insert into SHOT values (3411, 3426, 3430, 7909, 3.320, 100.94, -25.80, 3.318, 101.01, -25.91, 0.007, 239.77, -42.52);
insert into SHOT values (3412, 3426, 3431, 7909, 3.400, 207.04, -59.70, 3.405, 207.01, -59.71, 0.005, 184.76, -64.59);
insert into SHOT values (3413, 3426, 3432, 7909, 4.570, 234.84, -24.70, 4.574, 234.90, -24.68, 0.006, 279.46, -3.46);
insert into SHOT values (3414, 3432, 3433, 7909, 3.800, 120.34, 7.60, 3.798, 120.31, 7.57, 0.004, 343.44, -43.49);
insert into SHOT values (3415, 3432, 3434, 7909, 1.850, 329.14, 23.90, 1.850, 329.04, 23.92, 0.003, 231.72, 9.03);
insert into SHOT values (3416, 3432, 3435, 7909, 0.620, 81.44, 87.00, 0.621, 90.00, 87.23, 0.005, 203.37, 9.17);
insert into SHOT values (3417, 3432, 3436, 7909, 1.570, 119.74, -68.60, 1.570, 120.11, -68.40, 0.007, 156.02, 15.40);
insert into SHOT values (3418, 3432, 3437, 7909, 4.760, 186.44, 20.60, 4.761, 186.44, 20.54, 0.005, 186.63, -62.47);
insert into SHOT values (3419, 3437, 3438, 7909, 5.340, 334.24, -15.70, 5.337, 334.28, -15.65, 0.007, 88.30, 49.73);
insert into SHOT values (3420, 3437, 3439, 7909, 2.700, 156.14, 40.70, 2.705, 156.07, 40.86, 0.010, 44.49, 73.17);
insert into SHOT values (3421, 3437, 3440, 7909, 2.330, 329.84, -54.40, 2.325, 329.83, -54.40, 0.005, 151.78, 55.64);
insert into SHOT values (3422, 3437, 3441, 7909, 4.600, 96.94, 18.30, 4.606, 96.96, 18.35, 0.008, 116.74, 47.35);
insert into SHOT values (3423, 3441, 3442, 7909, 1.440, 342.74, 5.90, 1.444, 342.57, 5.96, 0.006, 293.16, 20.03);
insert into SHOT values (3424, 3441, 3443, 7909, 16.180, 312.84, 80.00, 16.176, 312.84, 80.00, 0.004, 153.94, -84.00);
insert into SHOT values (3425, 3441, 3444, 7909, 0.230, 143.04, 45.10, 0.229, 142.43, 44.29, 0.004, 96.55, -50.56);
insert into SHOT values (3426, 3441, 3445, 7909, 1.350, 4.44, -77.80, 1.352, 3.95, -77.58, 0.006, 339.49, -4.70);
insert into SHOT values (3427, 3441, 3446, 7909, 4.390, 40.74, 43.60, 4.390, 40.66, 43.64, 0.006, 284.52, 27.63);
insert into SHOT values (3428, 3446, 3447, 7909, 1.480, 277.44, 14.70, 1.480, 277.62, 14.48, 0.007, 353.93, -49.97);
insert into SHOT values (3429, 3446, 3448, 7909, 2.160, 228.24, 71.20, 2.155, 228.50, 71.21, 0.006, 348.12, -52.22);
insert into SHOT values (3430, 3446, 3449, 7909, 0.730, 119.74, 11.90, 0.728, 119.45, 11.90, 0.004, 356.97, -6.94);
insert into SHOT values (3431, 3446, 3450, 7909, 0.830, 348.34, -61.00, 0.836, 348.69, -60.80, 0.007, 12.67, -33.86);
insert into SHOT values (3432, 3446, 3451, 7909, 4.150, 343.54, 50.10, 4.151, 343.67, 50.01, 0.009, 31.23, -24.26);
insert into SHOT values (3433, 3451, 3452, 7909, 11.510, 37.04, 17.20, 11.502, 37.05, 17.19, 0.008, 205.37, -26.08);
insert into SHOT values (3434, 3451, 3453, 7909, 5.740, 220.84, 0.70, 5.750, 220.84, 0.70, 0.010, 220.64, -0.70);
insert into SHOT values (3435, 3451, 3454, 7909, 8.480, 47.24, 82.10, 8.480, 47.10, 82.13, 0.006, 257.02, 4.67);
insert into SHOT values (3436, 3451, 3455, 7909, 3.610, 126.64, -58.70, 3.604, 126.75, -58.71, 0.007, 261.09, 42.91);
insert into SHOT values (3437, 3451, 3456, 7909, 3.780, 117.24, 3.60, 3.778, 117.31, 3.64, 0.006, 231.91, 26.58);
insert into SHOT values (3438, 3456, 3457, 7909, 2.360, 119.24, 2.40, 2.361, 119.17, 2.43, 0.003, 54.96, 21.00);
insert into SHOT values (3439, 3456, 3458, 7909, 3.810, 118.74, 3.60, 3.816, 118.72, 3.61, 0.006, 105.69, 7.11);
insert into SHOT values (3440, 3456, 3459, 7909, 0.870, 145.24, 3.00, 0.869, 144.85, 2.64, 0.008, 51.03, -42.76);
insert into SHOT values (3441, 3456, 3460, 7909, 4.600, 320.64, 8.20, 4.601, 320.61, 8.12, 0.007, 264.97, -67.51);
insert into SHOT values (3442, 3456, 3461, 7909, 4.710, 306.24, 74.20, 4.707, 306.42, 74.22, 0.005, 66.75, -23.35);
insert into SHOT values (3443, 3456, 3462, 7909, 20.280, 339.54, 55.40, 20.277, 339.57, 55.40, 0.006, 83.48, -29.99);
insert into SHOT values (3444, 3456, 3463, 7909, 0.520, 230.24, -66.40, 0.522, 230.91, -66.76, 0.005, 0.62, -47.95);
insert into SHOT values (3445, 3456, 3464, 7909, 16.040, 246.54, 14.80, 16.038, 246.51, 14.81, 0.009, 135.81, 17.44);
insert into SHOT values (3446, 3464, 3465, 7909, 1.870, 203.04, -10.20, 1.868, 203.08, -10.49, 0.010, 4.48, -67.56);
insert into SHOT values (3447, 3464, 3466, 7909, 1.730, 346.94, -1.90, 1.735, 347.01, -1.98, 0.006, 7.35, -24.77);
insert into SHOT values (3448, 3464, 3467, 7909, 8.970, 325.04, 71.00, 8.972, 325.01, 70.94, 0.009, 315.15, -7.91);
insert into SHOT values (3449, 3464, 3468, 7909, 2.420, 275.54, -58.80, 2.422, 275.94, -58.74, 0.009, 346.07, -0.11);
insert into SHOT values (3450, 3464, 3469, 7909, 10.540, 246.74, -6.20, 10.540, 246.79, -6.21, 0.009, 337.40, -10.96);
insert into SHOT values (3451, 3469, 3470, 7909, 1.600, 165.14, -2.50, 1.605, 165.18, -2.50, 0.005, 179.51, -2.40);
insert into SHOT values (3452, 3469, 3471, 7909, 8.640, 15.54, 17.10, 8.634, 15.54, 17.11, 0.007, 200.75, -4.39);
insert into SHOT values (3453, 3469, 3472, 7909, 7.920, 26.24, 82.00, 7.917, 26.33, 81.98, 0.004, 63.49, -44.42);
insert into SHOT values (3454, 3469, 3473, 7909, 1.110, 233.64, -81.50, 1.112, 232.43, -81.52, 0.004, 142.10, -32.37);
insert into SHOT values (3455, 3469, 3474, 7909, 1.530, 172.34, 2.90, 1.535, 172.50, 2.61, 0.010, 213.43, -47.84);
insert into SHOT values (3456, 3474, 3475, 7909, 9.040, 6.74, 10.40, 9.042, 6.78, 10.45, 0.010, 90.41, 51.08);
insert into SHOT values (3457, 3474, 3476, 7909, 3.660, 45.74, 81.20, 3.663, 45.73, 81.23, 0.003, 231.97, 67.51);
insert into SHOT values (3458, 3474, 3477, 7909, 1.780, 311.64, -54.30, 1.773, 311.86, -54.32, 0.008, 91.43, 41.31);
insert into SHOT values (3459, 3474, 3478, 7909, 13.110, 317.74, 54.20, 13.115, 317.80, 54.22, 0.011, 59.06, 39.29);
insert into SHOT values (3460, 3474, 3479, 7909, 22.950, 261.34, -9.50, 22.942, 261.33, -9.48, 0.011, 102.38, 46.93);
insert into SHOT values (3461, 3474, 3480, 7909, 30.790, 270.34, -11.10, 30.785, 270.34, -11.09, 0.009, 73.82, 65.00);
insert into SHOT values (3462, 3480, 3481, 7909, 1.580, 210.94, 1.30, 1.575, 210.96, 1.09, 0.008, 23.67, -47.92);
insert into SHOT values (3463, 3480, 3482, 7909, 1.430, 14.74, 21.70, 1.435, 14.77, 21.67, 0.006, 21.14, 13.09);
insert into SHOT values (3464, 3480, 3483, 7909, 2.460, 8.04, 83.40, 2.456, 8.13, 83.39, 0.004, 85.82, -82.94);
insert into SHOT values (3465, 3480, 3484, 7909, 11.500, 276.54, -1.00, 11.497, 276.54, -1.00, 0.004, 81.74, 11.44);
insert into SHOT values (3466, 3484, 3485, 7909, 1.780, 226.14, 3.50, 1.778, 226.14, 3.22, 0.009, 44.03, -80.24);
insert into SHOT values (3467, 3484, 3486, 7909, 2.580, 42.94, 9.10, 2.579, 42.77, 8.92, 0.011, 312.71, -47.39);
insert into SHOT values (3468, 3484, 3487, 7909, 7.870, 76.34, 87.30, 7.869, 75.96, 87.30, 0.003, 354.38, -27.21);
insert into SHOT values (3469, 3484, 3488, 7909, 1.230, 63.64, -71.40, 1.234, 62.78, -71.41, 0.007, 345.27, -35.28);
insert into SHOT values (3470, 3484, 3489, 7909, 4.360, 334.44, -7.90, 4.367, 334.38, -7.90, 0.008, 301.24, -5.43);
insert into SHOT values (3471, 3489, 3490, 7909, 3.320, 231.94, 1.00, 3.319, 231.85, 0.86, 0.009, 134.33, -57.39);
insert into SHOT values (3472, 3489, 3491, 7909, 2.150, 140.44, 55.90, 2.151, 140.38, 55.85, 0.002, 107.23, -7.78);
insert into SHOT values (3473, 3489, 3492, 7909, 3.290, 341.64, -71.20, 3.293, 341.74, -71.35, 0.009, 147.66, -36.62);
insert into SHOT values (3474, 3489, 3493, 7909, 0.160, 37.94, 47.10, 0.153, 41.19, 45.98, 0.010, 152.76, -47.38);
insert into SHOT values (3475, 3489, 3494, 7909, 0.390, 301.94, 14.90, 0.390, 302.01, 14.84, 0.001, 344.54, -23.71);
insert into SHOT values (3476, 3489, 3495, 7909, 2.650, 299.94, -46.80, 2.653, 299.82, -46.99, 0.010, 159.82, -55.24);
insert into SHOT values (3477, 3495, 3496, 7909, 0.800, 235.04, 6.80, 0.797, 235.30, 7.21, 0.007, 11.18, 44.95);
insert into SHOT values (3478, 3495, 3497, 7909, 0.490, 25.74, 9.00, 0.494, 25.51, 9.32, 0.005, 357.50, 39.53);
insert into SHOT values (3479, 3495, 3498, 7909, 1.950, 257.34, -62.30, 1.942, 257.20, -62.32, 0.008, 106.82, 54.79);
insert into SHOT values (3480, 3498, 3499, 7909, 2.050, 123.64, 2.20, 2.043, 123.61, 2.24, 0.007, 311.32, 10.20);
insert into SHOT values (3481, 3498, 3500, 7909, 1.580, 190.24, 83.40, 1.581, 192.53, 83.30, 0.008, 260.50, 3.44);
insert into SHOT values (3482, 3498, 3501, 7909, 0.660, 194.94, -79.20, 0.662, 198.43, -78.99, 0.008, 266.42, -11.74);
insert into SHOT values (3483, 3498, 3502, 7909, 2.790, 205.94, -38.20, 2.792, 205.98, -38.29, 0.005, 330.52, -67.69);
insert into SHOT values (3484, 3502, 3503, 7909, 1.950, 39.04, -4.70, 1.948, 38.94, -4.71, 0.004, 277.02, -3.06);
insert into SHOT values (3485, 3502, 3504, 7909, 1.360, 357.14, 86.00, 1.364, 354.29, 85.77, 0.008, 314.91, 24.02);
insert into SHOT values (3486, 3502, 3505, 7909, 1.150, 334.44, -70.70, 1.145, 333.43, -70.61, 0.009, 244.28, 38.87);
insert into SHOT values (3487, 3502, 3506, 7909, 6.800, 23.24, -42.10, 6.803, 23.21, -42.09, 0.004, 348.50, -15.32);
insert into SHOT values (3488, 3506, 3507, 7909, 2.870, 230.64, 4.00, 2.870, 230.53, 4.00, 0.006, 140.01, -2.06);
insert into SHOT values (3489, 3506, 3508, 7909, 1.080, 205.34, 61.80, 1.087, 205.56, 62.03, 0.008, 308.44, 76.18);
insert into SHOT values (3490, 3506, 3509, 7909, 1.270, 280.44, -84.10, 1.267, 278.75, -84.04, 0.005, 203.83, 39.32);
insert into SHOT values (3491, 3506, 3510, 7909, 7.060, 247.84, 19.20, 7.069, 247.82, 19.24, 0.011, 225.79, 48.43);
insert into SHOT values (3492, 3510, 3511, 7909, 5.970, 36.54, 6.40, 5.977, 36.58, 6.34, 0.010, 66.88, -32.96);
insert into SHOT values (3493, 3510, 3512, 7909, 18.910, 331.64, 84.00, 18.904, 331.62, 83.99, 0.007, 299.90, -79.18);
insert into SHOT values (3494, 3510, 3513, 7909, 1.530, 352.24, -48.10, 1.535, 352.74, -47.95, 0.011, 46.48, -6.24);
insert into SHOT values (3495, 3510, 3514, 7909, 7.010, 315.44, 36.80, 7.000, 315.51, 36.77, 0.013, 86.00, -46.98);
insert into SHOT values (3496, 3514, 3515, 7909, 2.190, 228.04, 6.40, 2.188, 228.17, 6.56, 0.008, 342.20, 47.40);
insert into SHOT values (3497, 3514, 3516, 7909, 6.190, 55.44, 1.70, 6.186, 55.41, 1.76, 0.008, 271.06, 49.75);
insert into SHOT values (3498, 3514, 3517, 7909, 16.080, 61.24, 86.50, 16.080, 61.34, 86.51, 0.002, 193.56, -0.18);
insert into SHOT values (3499, 3514, 3518, 7909, 8.750, 87.94, 35.10, 8.752, 87.92, 35.16, 0.010, 301.86, 60.51);
insert into SHOT values (3500, 3514, 3519, 7909, 5.180, 136.64, 22.40, 5.176, 136.69, 22.49, 0.010, 283.35, 35.80);
insert into SHOT values (3501, 3514, 3520, 7909, 22.690, 101.84, 49.10, 22.698, 101.85, 49.12, 0.010, 180.79, 78.41);
insert into SHOT values (3502, 3514, 3521, 7909, 18.890, 297.44, 53.10, 18.896, 297.45, 53.09, 0.007, 310.96, 36.44);
insert into SHOT values (3503, 3514, 3522, 7909, 6.790, 308.54, -3.20, 6.799, 308.54, -3.12, 0.013, 309.79, 43.61);
insert into SHOT values (3504, 3522, 3523, 7909, 7.480, 225.54, 1.90, 7.478, 225.49, 1.84, 0.011, 122.97, -49.24);
insert into SHOT values (3505, 3522, 3524, 7909, 5.910, 253.84, 82.30, 5.903, 253.86, 82.30, 0.007, 55.00, -84.10);
insert into SHOT values (3506, 3522, 3525, 7909, 6.160, 286.14, -11.30, 6.158, 286.15, -11.33, 0.004, 71.06, -48.18);
insert into SHOT values (3507, 3522, 3526, 7909, 1.630, 276.44, -72.90, 1.630, 276.07, -73.14, 0.008, 120.94, -15.74);
insert into SHOT values (3508, 3522, 3527, 7909, 13.690, 289.84, 14.00, 13.682, 289.81, 14.00, 0.010, 148.81, -11.31);
insert into SHOT values (3509, 3522, 3528, 7909, 1.120, 300.94, -6.20, 1.115, 300.96, -6.69, 0.011, 116.11, -58.28);
insert into SHOT values (3510, 3522, 3529, 7909, 7.790, 297.54, 1.70, 7.786, 297.55, 1.69, 0.004, 92.54, -14.35);
insert into SHOT values (3511, 3522, 3530, 7909, 12.880, 126.34, 7.70, 12.882, 126.37, 7.67, 0.009, 193.37, -40.47);
insert into SHOT values (3512, 3522, 3531, 7909, 5.040, 257.84, 83.60, 5.032, 257.69, 83.58, 0.009, 205.88, -77.91);
insert into SHOT values (3513, 3522, 3532, 7909, 1.550, 272.54, -63.30, 1.552, 272.49, -63.58, 0.008, 98.47, -42.16);
insert into SHOT values (3514, 3522, 3533, 7909, 11.130, 196.54, 54.50, 11.131, 196.53, 54.48, 0.004, 181.10, -14.75);
insert into SHOT values (3515, 3522, 3534, 7909, 11.110, 156.34, 35.60, 11.112, 156.33, 35.55, 0.011, 141.20, -44.69);
insert into SHOT values (3516, 3522, 3535, 7909, 3.820, 205.24, 3.30, 3.818, 205.15, 3.30, 0.006, 93.82, 0.98);
insert into SHOT values (3517, 3535, 3536, 7909, 5.040, 11.54, 1.50, 5.032, 11.47, 1.48, 0.010, 230.72, -10.76);
insert into SHOT values (3518, 3535, 3537, 7909, 16.510, 62.24, 82.00, 16.510, 62.21, 82.01, 0.003, 265.82, 11.58);
insert into SHOT values (3519, 3535, 3538, 7909, 1.490, 302.94, -73.70, 1.489, 302.15, -73.88, 0.007, 172.55, 0.84);
insert into SHOT values (3520, 3535, 3539, 7909, 5.390, 221.94, -30.50, 5.399, 221.95, -30.50, 0.009, 228.33, -28.20);
insert into SHOT values (3521, 3535, 3540, 7909, 0.530, 222.04, -29.80, 0.533, 222.36, -30.41, 0.007, 307.88, -68.81);
insert into SHOT values (3522, 3535, 3541, 7909, 5.800, 226.44, -29.80, 5.807, 226.45, -29.85, 0.008, 240.08, -66.64);
insert into SURVEY values (7911, 7893, 'GL102_Amont_01', 'GL102_Amont_01.Gouffre_du_Lonne_Peyret.Complexe_Lonne_Peyret-Bourrugues', 'GL102 - Gouffre du Lonne Peyret - Amonts');
 insert into CENTRELINE values (7912, 7911, NULL, NULL, NULL, 0.00, 0.00, 0.00);
 insert into CENTRELINE values (7913, 7911, NULL, '2024-08-15', '2024-01-01', 485.79, 0.00, 0.00);
 insert into TOPO values (54, 7913);
 insert into TOPO values (55, 7913);
 insert into EXPLO values (15, 7913);
 insert into EXPLO values (56, 7913);
 insert into EXPLO values (19, 7913);
 insert into SHOT values (3523, 3542, 3543, 7913, 2.750, 126.74, -1.60, 2.753, 126.58, -1.46, 0.011, 58.34, 38.89);
insert into SHOT values (3524, 3542, 3544, 7913, 2.970, 149.24, 78.70, 2.978, 149.04, 78.71, 0.008, 87.71, 72.60);
insert into SHOT values (3525, 3542, 3545, 7913, 4.260, 311.74, 11.40, 4.255, 311.79, 11.39, 0.006, 92.08, -18.81);
insert into SHOT values (3526, 3542, 3546, 7913, 1.930, 217.74, -86.40, 1.923, 217.87, -86.60, 0.009, 35.61, 40.80);
insert into SHOT values (3527, 3542, 3547, 7913, 14.860, 62.74, 39.40, 14.861, 62.74, 39.39, 0.003, 72.42, -40.01);
insert into SHOT values (3528, 3542, 3548, 7913, 9.230, 44.54, 44.00, 9.234, 44.51, 43.96, 0.008, 20.60, -11.63);
insert into SHOT values (3529, 3542, 3549, 7913, 11.700, 24.94, 61.80, 11.704, 24.99, 61.76, 0.011, 51.62, -6.54);
insert into SHOT values (3530, 3542, 3550, 7913, 7.340, 336.84, 66.70, 7.339, 336.88, 66.70, 0.002, 70.32, -35.96);
insert into SHOT values (3531, 3542, 3551, 7913, 6.550, 15.54, 26.00, 6.548, 15.57, 25.99, 0.004, 124.92, -22.32);
insert into SHOT values (3532, 3542, 3552, 7913, 3.420, 355.64, 15.80, 3.418, 355.64, 15.79, 0.002, 175.29, -43.30);
insert into SHOT values (3533, 3542, 3553, 7913, 4.680, 198.04, -4.90, 4.675, 198.01, -4.91, 0.005, 48.44, -2.60);
insert into SHOT values (3534, 3542, 3554, 7913, 24.810, 234.24, -2.70, 24.808, 234.24, -2.70, 0.003, 14.70, -29.32);
insert into SHOT values (3535, 3542, 3555, 7913, 16.920, 261.24, 2.90, 16.918, 261.25, 2.91, 0.005, 21.68, 49.16);
insert into SHOT values (3536, 3542, 3556, 7913, 26.280, 246.94, 8.60, 26.269, 246.95, 8.60, 0.011, 48.45, 1.07);
insert into SHOT values (3537, 3542, 3557, 7913, 11.480, 225.24, -34.30, 11.474, 225.26, -34.33, 0.009, 28.24, -4.76);
insert into SHOT values (3538, 3557, 3558, 7913, 4.870, 104.54, 6.60, 4.869, 104.61, 6.60, 0.006, 207.24, 2.43);
insert into SHOT values (3539, 3557, 3559, 7913, 16.370, 268.74, 8.20, 16.372, 268.73, 8.22, 0.007, 197.40, 50.50);
insert into SHOT values (3540, 3557, 3560, 7913, 14.990, 246.44, 84.10, 14.989, 246.26, 84.10, 0.005, 149.55, -7.07);
insert into SHOT values (3541, 3557, 3561, 7913, 0.400, 106.94, -55.30, 0.403, 107.65, -55.02, 0.004, 149.25, -15.07);
insert into SHOT values (3542, 3557, 3562, 7913, 16.810, 267.24, 7.50, 16.814, 267.21, 7.52, 0.010, 201.75, 34.74);
insert into SHOT values (3543, 3557, 3563, 7913, 2.760, 322.04, 19.20, 2.755, 322.03, 19.29, 0.006, 147.59, 21.12);
insert into SHOT values (3544, 3557, 3564, 7913, 5.860, 336.74, 47.00, 5.863, 336.71, 47.03, 0.005, 226.98, 59.47);
insert into SHOT values (3545, 3557, 3565, 7913, 4.770, 92.14, 12.10, 4.769, 92.21, 12.10, 0.006, 187.64, 1.18);
insert into SHOT values (3546, 3557, 3566, 7913, 10.340, 56.04, 42.30, 10.338, 56.04, 42.32, 0.004, 239.08, 14.94);
insert into SHOT values (3547, 3557, 3567, 7913, 19.840, 43.34, 39.70, 19.845, 43.35, 39.71, 0.008, 120.84, 62.44);
insert into SHOT values (3548, 3557, 3568, 7913, 13.330, 190.74, 37.70, 13.342, 190.76, 37.71, 0.012, 209.00, 43.15);
insert into SHOT values (3549, 3557, 3569, 7913, 11.210, 154.04, -12.70, 11.217, 154.04, -12.67, 0.009, 157.34, 28.61);
insert into SHOT values (3550, 3569, 3570, 7913, 3.880, 19.74, -5.40, 3.883, 19.65, -5.47, 0.008, 311.83, -37.37);
insert into SHOT values (3551, 3569, 3571, 7913, 0.940, 184.34, -77.10, 0.944, 185.44, -77.09, 0.006, 259.71, -41.69);
insert into SHOT values (3552, 3569, 3572, 7913, 0.310, 27.74, 72.00, 0.306, 23.96, 71.24, 0.008, 318.65, -34.79);
insert into SHOT values (3553, 3569, 3573, 7913, 0.320, 210.84, 18.00, 0.321, 211.61, 18.14, 0.004, 288.12, 14.91);
insert into SHOT values (3554, 3569, 3574, 7913, 4.400, 352.84, 56.70, 4.404, 352.87, 56.69, 0.004, 18.42, 36.57);
insert into SHOT values (3555, 3569, 3575, 7913, 5.720, 38.04, -30.60, 5.719, 37.99, -30.59, 0.005, 301.76, 20.21);
insert into SHOT values (3556, 3569, 3576, 7913, 10.600, 97.54, -1.20, 10.594, 97.54, -1.19, 0.006, 277.91, 18.15);
insert into SHOT values (3557, 3569, 3577, 7913, 6.000, 133.24, 14.70, 5.990, 133.25, 14.70, 0.010, 307.08, -14.63);
insert into SHOT values (3558, 3569, 3578, 7913, 24.390, 68.64, -0.20, 24.388, 68.62, -0.21, 0.010, 326.26, -29.82);
insert into SHOT values (3559, 3569, 3579, 7913, 10.260, 60.94, 0.60, 10.256, 60.89, 0.61, 0.011, 310.88, 13.60);
insert into SHOT values (3560, 3569, 3580, 7913, 7.320, 75.94, -33.00, 7.317, 75.94, -33.04, 0.006, 256.09, -31.25);
insert into SHOT values (3561, 3569, 3581, 7913, 5.130, 70.34, -50.60, 5.132, 70.23, -50.68, 0.010, 305.62, -36.85);
insert into SHOT values (3562, 3569, 3582, 7913, 21.730, 65.64, -1.10, 21.728, 65.64, -1.11, 0.004, 246.25, -52.94);
insert into SHOT values (3563, 3582, 3583, 7913, 4.510, 350.34, 10.30, 4.517, 350.28, 10.33, 0.009, 315.38, 24.68);
insert into SHOT values (3564, 3582, 3584, 7913, 6.160, 191.14, -0.60, 6.156, 191.15, -0.56, 0.006, 3.52, 51.51);
insert into SHOT values (3565, 3582, 3585, 7913, 15.020, 293.04, 85.90, 15.019, 292.99, 85.89, 0.002, 259.99, -40.81);
insert into SHOT values (3566, 3582, 3586, 7913, 2.940, 207.64, -65.00, 2.936, 207.80, -64.94, 0.006, 280.98, 51.39);
insert into SHOT values (3567, 3582, 3587, 7913, 4.250, 278.74, -3.70, 4.249, 278.82, -3.64, 0.007, 18.98, 36.41);
insert into SHOT values (3568, 3582, 3588, 7913, 5.460, 254.94, -0.50, 5.456, 255.02, -0.53, 0.009, 15.14, -14.95);
insert into SHOT values (3569, 3582, 3589, 7913, 10.580, 216.24, -3.80, 10.576, 216.25, -3.80, 0.005, 12.85, 14.69);
insert into SHOT values (3570, 3582, 3590, 7913, 7.480, 8.64, 23.00, 7.481, 8.60, 22.97, 0.006, 301.70, -26.74);
insert into SHOT values (3571, 3582, 3591, 7913, 9.820, 48.44, -5.20, 9.823, 48.44, -5.20, 0.003, 42.87, 0.21);
insert into SHOT values (3572, 3582, 3592, 7913, 7.420, 27.34, -13.20, 7.423, 27.35, -13.16, 0.006, 34.72, 49.58);
insert into SHOT values (3573, 3582, 3593, 7913, 6.010, 55.34, -24.80, 6.015, 55.29, -24.77, 0.008, 17.72, 6.67);
insert into SHOT values (3574, 3582, 3594, 7913, 19.000, 147.94, 46.40, 18.996, 147.95, 46.42, 0.007, 314.08, 6.27);
insert into SHOT values (3575, 3582, 3595, 7913, 16.560, 171.34, 65.20, 16.554, 171.38, 65.22, 0.009, 320.50, -17.22);
insert into SHOT values (3576, 3582, 3596, 7913, 9.860, 47.34, 0.50, 9.859, 47.34, 0.52, 0.004, 213.80, 70.21);
insert into SHOT values (3577, 3596, 3597, 7913, 3.510, 356.44, 87.30, 3.504, 356.63, 87.21, 0.008, 3.03, -50.78);
insert into SHOT values (3578, 3596, 3598, 7913, 3.600, 171.24, 13.60, 3.590, 171.27, 13.53, 0.011, 341.15, -36.74);
insert into SHOT values (3579, 3596, 3599, 7913, 2.580, 130.94, -77.00, 2.586, 130.82, -77.01, 0.006, 79.01, -75.13);
insert into SHOT values (3580, 3596, 3600, 7913, 0.680, 335.14, 21.80, 0.687, 335.04, 21.34, 0.009, 327.26, -16.62);
insert into SHOT values (3581, 3596, 3601, 7913, 5.970, 12.74, 54.70, 5.971, 12.71, 54.65, 0.006, 350.61, -24.21);
insert into SHOT values (3582, 3596, 3602, 7913, 7.880, 273.44, 41.80, 7.876, 273.52, 41.80, 0.009, 26.95, -15.34);
insert into SHOT values (3583, 3596, 3603, 7913, 10.210, 158.34, 13.30, 10.207, 158.32, 13.31, 0.006, 30.91, 12.41);
insert into SHOT values (3584, 3596, 3604, 7913, 6.570, 67.54, 5.60, 6.568, 67.51, 5.59, 0.004, 307.91, -18.00);
insert into SHOT values (3585, 3596, 3605, 7913, 12.190, 151.44, 10.80, 12.181, 151.44, 10.79, 0.009, 328.86, -26.53);
insert into SHOT values (3586, 3605, 3606, 7913, 2.090, 79.04, 13.00, 2.089, 79.24, 13.00, 0.007, 174.37, -1.18);
insert into SHOT values (3587, 3605, 3607, 7913, 0.540, 293.54, 79.20, 0.539, 293.96, 79.47, 0.003, 98.53, -8.85);
insert into SHOT values (3588, 3605, 3608, 7913, 0.220, 239.54, 19.90, 0.218, 237.09, 21.56, 0.011, 121.71, 27.63);
insert into SHOT values (3589, 3605, 3609, 7913, 0.390, 143.94, -54.40, 0.398, 143.62, -53.59, 0.010, 135.44, -17.67);
insert into SHOT values (3590, 3605, 3610, 7913, 10.000, 163.94, 15.40, 10.007, 163.93, 15.42, 0.008, 149.53, 36.08);
insert into SHOT values (3591, 3605, 3611, 7913, 6.800, 172.34, 27.90, 6.802, 172.35, 27.87, 0.005, 192.92, -25.09);
insert into SHOT values (3592, 3605, 3612, 7913, 4.300, 99.64, -18.20, 4.303, 99.72, -18.15, 0.007, 154.38, 25.03);
insert into SHOT values (3593, 3605, 3613, 7913, 2.900, 56.54, -19.40, 2.906, 56.60, -19.29, 0.009, 76.53, 21.79);
insert into SHOT values (3594, 3605, 3614, 7913, 0.590, 28.14, -8.80, 0.589, 28.77, -8.79, 0.006, 129.54, 2.31);
insert into SHOT values (3595, 3605, 3615, 7913, 3.120, 61.54, -35.00, 3.123, 61.53, -34.97, 0.004, 55.53, -6.73);
insert into SHOT values (3596, 3605, 3616, 7913, 7.850, 136.44, -27.30, 7.855, 136.45, -27.28, 0.006, 148.10, 3.90);
insert into SHOT values (3597, 3616, 3617, 7913, 2.860, 58.94, 5.80, 2.863, 58.93, 5.81, 0.003, 51.53, 16.69);
insert into SHOT values (3598, 3616, 3618, 7913, 1.550, 233.94, 7.10, 1.544, 234.03, 7.07, 0.007, 32.65, -13.97);
insert into SHOT values (3599, 3616, 3619, 7913, 0.850, 167.14, 78.00, 0.848, 166.76, 78.12, 0.003, 16.29, -30.82);
insert into SHOT values (3600, 3616, 3620, 7913, 1.010, 82.14, -54.50, 1.008, 82.15, -54.47, 0.002, 259.01, 65.67);
insert into SHOT values (3601, 3616, 3621, 7913, 8.140, 103.44, 2.20, 8.139, 103.44, 2.18, 0.003, 301.35, -60.42);
insert into SHOT values (3602, 3616, 3622, 7913, 2.590, 16.24, 0.50, 2.592, 16.13, 0.44, 0.006, 308.46, -25.10);
insert into SHOT values (3603, 3616, 3623, 7913, 3.340, 289.94, 21.20, 3.343, 289.89, 21.22, 0.004, 233.41, 32.48);
insert into SHOT values (3604, 3616, 3624, 7913, 0.940, 222.24, 42.20, 0.937, 222.66, 42.25, 0.006, 341.29, -13.65);
insert into SHOT values (3605, 3616, 3625, 7913, 12.990, 110.54, 2.70, 12.988, 110.53, 2.69, 0.004, 348.44, -32.97);
insert into SHOT values (3606, 3625, 3626, 7913, 2.420, 10.14, -3.40, 2.423, 10.24, -3.31, 0.006, 66.70, 34.83);
insert into SHOT values (3607, 3625, 3627, 7913, 1.130, 91.14, -74.40, 1.121, 91.91, -74.47, 0.010, 224.05, 56.74);
insert into SHOT values (3608, 3625, 3628, 7913, 3.450, 30.64, 51.00, 3.451, 30.69, 50.94, 0.004, 59.99, -16.16);
insert into SHOT values (3609, 3625, 3629, 7913, 3.840, 82.44, 14.20, 3.842, 82.44, 14.32, 0.008, 313.81, 86.82);
insert into SHOT values (3610, 3625, 3630, 7913, 11.040, 71.94, 12.70, 11.042, 71.94, 12.71, 0.003, 24.16, 61.87);
insert into SHOT values (3611, 3625, 3631, 7913, 8.780, 91.44, 21.60, 8.782, 91.47, 21.65, 0.009, 190.36, 58.85);
insert into SHOT values (3612, 3631, 3632, 7913, 3.680, 22.84, 8.70, 3.685, 22.77, 8.58, 0.010, 344.81, -40.16);
insert into SHOT values (3613, 3631, 3633, 7913, 6.460, 198.54, 23.80, 6.454, 198.56, 23.76, 0.008, 352.70, -60.66);
insert into SHOT values (3614, 3631, 3634, 7913, 3.830, 80.44, 85.50, 3.822, 80.54, 85.44, 0.009, 88.45, -65.84);
insert into SHOT values (3615, 3631, 3635, 7913, 0.800, 83.04, -72.90, 0.807, 82.87, -72.56, 0.009, 77.00, -38.81);
insert into SHOT values (3616, 3631, 3636, 7913, 8.620, 282.54, -7.20, 8.623, 282.56, -7.20, 0.004, 325.96, 5.89);
insert into SHOT values (3617, 3631, 3637, 7913, 5.320, 308.14, -16.70, 5.324, 308.15, -16.70, 0.004, 321.39, -18.29);
insert into SHOT values (3618, 3631, 3638, 7913, 4.690, 257.24, -12.80, 4.690, 257.24, -12.81, 0.001, 86.59, -60.69);
insert into SHOT values (3619, 3631, 3639, 7913, 2.830, 215.94, 4.20, 2.822, 215.89, 4.06, 0.011, 52.56, -41.06);
insert into SHOT values (3620, 3631, 3640, 7913, 17.210, 77.64, 3.80, 17.217, 77.63, 3.80, 0.007, 51.46, -4.44);
insert into SHOT values (3621, 3631, 3641, 7913, 8.920, 86.64, -19.00, 8.923, 86.60, -19.03, 0.008, 4.50, -45.22);
insert into SHOT values (3622, 3631, 3642, 7913, 7.990, 36.34, -26.10, 7.991, 36.33, -26.13, 0.005, 279.36, -67.50);
insert into SHOT values (3623, 3631, 3643, 7913, 7.030, 1.24, -38.50, 7.040, 1.25, -38.48, 0.010, 4.92, -21.21);
insert into SHOT values (3624, 3631, 3644, 7913, 37.840, 128.94, 28.00, 37.835, 128.92, 28.00, 0.011, 20.01, -25.61);
insert into SHOT values (3625, 3644, 3645, 7913, 0.530, 189.24, 19.70, 0.537, 189.09, 19.57, 0.008, 178.99, 10.13);
insert into SHOT values (3626, 3644, 3646, 7913, 4.980, 16.14, 7.30, 4.974, 16.12, 7.28, 0.007, 213.48, -25.29);
insert into SHOT values (3627, 3644, 3647, 7913, 4.470, 108.04, 83.70, 4.467, 109.18, 83.74, 0.011, 218.34, -16.25);
insert into SHOT values (3628, 3644, 3648, 7913, 0.620, 26.14, -43.00, 0.614, 26.57, -43.20, 0.008, 178.20, 21.90);
insert into SHOT values (3629, 3644, 3649, 7913, 9.860, 79.34, 34.90, 9.861, 79.38, 34.89, 0.007, 153.65, -12.03);
insert into SHOT values (3630, 3644, 3650, 7913, 5.520, 330.84, 39.60, 5.517, 330.84, 39.64, 0.005, 151.40, 16.40);
insert into SHOT values (3631, 3644, 3651, 7913, 7.990, 323.34, 1.60, 7.985, 323.30, 1.58, 0.008, 191.48, -23.06);
insert into SHOT values (3632, 3644, 3652, 7913, 11.720, 323.04, -22.50, 11.716, 323.03, -22.48, 0.006, 176.14, 66.34);
insert into SHOT values (3633, 3644, 3653, 7913, 0.340, 255.54, 13.60, 0.342, 254.29, 13.53, 0.007, 180.00, 0.40);
insert into SHOT values (3634, 3644, 3654, 7913, 14.280, 279.64, 4.90, 14.283, 279.63, 4.90, 0.004, 227.83, 3.32);
insert into SHOT values (3635, 3644, 3655, 7913, 6.720, 144.44, 41.20, 6.726, 144.49, 41.19, 0.008, 183.33, 28.40);
insert into SHOT values (3636, 3644, 3656, 7913, 6.590, 92.14, 24.20, 6.593, 92.19, 24.18, 0.007, 148.45, -12.36);
insert into SHOT values (3637, 3656, 3657, 7913, 3.320, 14.24, -0.50, 3.320, 14.12, -0.52, 0.007, 287.78, -8.30);
insert into SHOT values (3638, 3656, 3658, 7913, 5.420, 200.84, 8.60, 5.423, 200.87, 8.59, 0.004, 244.73, -7.39);
insert into SHOT values (3639, 3656, 3659, 7913, 2.960, 298.64, 84.90, 2.963, 298.44, 84.71, 0.010, 293.15, 9.88);
insert into SHOT values (3640, 3656, 3660, 7913, 0.250, 173.64, -79.30, 0.245, 180.00, -78.23, 0.009, 233.04, 41.30);
insert into SHOT values (3641, 3656, 3661, 7913, 19.730, 268.84, -13.00, 19.740, 268.84, -13.00, 0.010, 262.72, -10.04);
insert into SHOT values (3642, 3656, 3662, 7913, 16.190, 305.24, -19.20, 16.189, 305.23, -19.18, 0.006, 228.72, 51.01);
insert into SHOT values (3643, 3656, 3663, 7913, 16.440, 289.04, -5.10, 16.440, 289.03, -5.09, 0.003, 204.70, 29.41);
insert into SHOT values (3644, 3656, 3664, 7913, 10.450, 117.64, 16.30, 10.443, 117.64, 16.29, 0.007, 301.70, -25.70);
insert into SHOT values (3645, 3656, 3665, 7913, 5.040, 58.14, 1.70, 5.033, 58.08, 1.71, 0.009, 275.95, 3.10);
insert into SHOT values (3646, 3656, 3666, 7913, 4.280, 79.94, -5.50, 4.275, 79.98, -5.50, 0.006, 229.59, 1.99);
insert into SHOT values (3647, 3656, 3667, 7913, 3.770, 98.24, 4.70, 3.762, 98.28, 4.73, 0.009, 260.53, 7.20);
insert into SHOT values (3648, 3667, 3668, 7913, 2.760, 19.24, -4.70, 2.764, 19.29, -4.77, 0.006, 50.08, -40.06);
insert into SHOT values (3649, 3667, 3669, 7913, 3.290, 194.74, 17.80, 3.290, 194.61, 17.88, 0.008, 94.85, 30.96);
insert into SHOT values (3650, 3667, 3670, 7913, 2.550, 54.04, 83.20, 2.549, 54.25, 83.06, 0.007, 64.23, -18.33);
insert into SHOT values (3651, 3667, 3671, 7913, 0.760, 85.74, -65.30, 0.761, 84.64, -65.02, 0.007, 27.20, 3.70);
insert into SHOT values (3652, 3667, 3672, 7913, 3.270, 61.64, -32.00, 3.269, 61.59, -31.95, 0.004, 353.52, 45.24);
insert into SHOT values (3653, 3667, 3673, 7913, 4.740, 61.74, -32.20, 4.748, 61.78, -32.20, 0.008, 81.99, -30.24);
insert into SHOT values (3654, 3667, 3674, 7913, 4.740, 61.84, -32.00, 4.745, 61.84, -31.94, 0.007, 63.38, 15.11);
insert into SHOT values (3655, 3667, 3675, 7913, 0.370, 20.94, 7.90, 0.367, 20.92, 7.82, 0.003, 203.39, -18.97);
insert into SHOT values (3656, 3667, 3676, 7913, 2.750, 189.44, 6.20, 2.742, 189.29, 6.28, 0.011, 50.87, 15.39);
insert into SHOT values (3657, 3667, 3677, 7913, 3.710, 172.84, 77.20, 3.711, 172.27, 77.28, 0.010, 53.81, 13.18);
insert into SHOT values (3658, 3667, 3678, 7913, 1.820, 127.04, -65.00, 1.822, 126.57, -64.93, 0.007, 61.12, -4.30);
insert into SHOT values (3659, 3667, 3679, 7913, 10.400, 95.04, -28.00, 10.401, 95.00, -27.98, 0.008, 22.54, 18.52);
insert into SHOT values (3660, 3679, 3680, 7913, 0.630, 190.64, 8.60, 0.636, 190.06, 8.13, 0.010, 147.19, -24.40);
insert into SHOT values (3661, 3679, 3681, 7913, 0.340, 356.64, 22.30, 0.337, 356.31, 22.71, 0.004, 201.28, 12.83);
insert into SHOT values (3662, 3679, 3682, 7913, 7.980, 213.74, 74.00, 7.979, 213.69, 74.00, 0.002, 117.91, -23.74);
insert into SHOT values (3663, 3679, 3683, 7913, 0.360, 6.04, -61.00, 0.363, 6.71, -61.86, 0.006, 155.39, -52.67);
insert into SHOT values (3664, 3679, 3684, 7913, 2.030, 170.24, 39.40, 2.035, 170.12, 39.35, 0.006, 134.55, 14.54);
insert into SHOT values (3665, 3679, 3685, 7913, 9.940, 86.74, -24.10, 9.941, 86.78, -24.10, 0.006, 169.24, -11.46);
insert into SHOT values (3666, 3685, 3686, 7913, 1.670, 2.84, 0.20, 1.672, 2.74, 0.34, 0.005, 306.59, 50.31);
insert into SHOT values (3667, 3685, 3687, 7913, 0.340, 188.04, 11.10, 0.339, 188.62, 10.19, 0.006, 276.16, -58.47);
insert into SHOT values (3668, 3685, 3688, 7913, 8.340, 154.44, 70.60, 8.343, 154.55, 70.62, 0.006, 260.55, 33.88);
insert into SHOT values (3669, 3685, 3689, 7913, 1.710, 26.04, -32.90, 1.711, 26.03, -32.94, 0.001, 271.75, -74.72);
insert into SHOT values (3670, 3685, 3690, 7913, 7.070, 92.14, 10.90, 7.073, 92.15, 10.92, 0.004, 104.27, 51.35);
insert into SHOT values (3671, 3690, 3691, 7913, 14.100, 92.44, 10.90, 14.096, 92.44, 10.88, 0.007, 265.31, -63.88);
insert into SHOT values (3672, 3690, 3692, 7913, 0.910, 2.64, -2.70, 0.912, 2.52, -3.14, 0.008, 316.30, -69.04);
insert into SHOT values (3673, 3690, 3693, 7913, 2.490, 192.54, 29.60, 2.487, 192.56, 29.64, 0.003, 2.06, 1.43);
insert into SHOT values (3674, 3690, 3694, 7913, 10.370, 165.14, 68.20, 10.361, 165.24, 68.20, 0.012, 286.97, -46.73);
insert into SHOT values (3675, 3690, 3695, 7913, 2.400, 30.84, -58.00, 2.403, 30.81, -58.11, 0.005, 225.63, -59.09);
insert into SHOT values (3676, 3690, 3696, 7913, 20.850, 93.94, -4.80, 20.843, 93.95, -4.82, 0.010, 255.95, -33.68);
insert into SHOT values (3677, 3690, 3697, 7913, 21.200, 98.84, 4.70, 21.192, 98.85, 4.68, 0.011, 251.39, -41.28);
insert into SHOT values (3678, 3690, 3698, 7913, 11.550, 93.84, -4.00, 11.544, 93.83, -4.02, 0.008, 287.38, -34.53);
insert into SHOT values (3679, 3690, 3699, 7913, 11.650, 93.94, -3.90, 11.645, 93.95, -3.94, 0.009, 258.64, -53.48);
insert into SHOT values (3680, 3690, 3700, 7913, 4.080, 94.04, -4.30, 4.082, 94.09, -4.36, 0.005, 153.95, -48.28);
insert into SHOT values (3681, 3690, 3701, 7913, 12.540, 90.14, -4.20, 12.534, 90.14, -4.21, 0.007, 277.50, -14.10);
insert into SHOT values (3682, 3701, 3702, 7913, 4.320, 206.34, 12.00, 4.321, 206.26, 12.02, 0.006, 122.45, 17.20);
insert into SHOT values (3683, 3701, 3703, 7913, 1.150, 40.54, 18.40, 1.150, 40.54, 18.24, 0.003, 43.87, -70.86);
insert into SHOT values (3684, 3701, 3704, 7913, 1.890, 247.64, -65.20, 1.892, 247.66, -65.35, 0.006, 63.59, -50.59);
insert into SHOT values (3685, 3701, 3705, 7913, 5.560, 207.14, 77.00, 5.562, 207.18, 77.04, 0.004, 10.63, 39.31);
insert into SHOT values (3686, 3644, 3706, 7913, 24.380, 278.44, -8.50, 24.377, 278.42, -8.49, 0.010, 174.03, 20.52);
insert into SHOT values (3687, 3706, 3707, 7913, 8.740, 344.94, -4.10, 8.743, 344.91, -4.13, 0.007, 288.85, -43.63);
insert into SHOT values (3688, 3706, 3708, 7913, 3.010, 156.64, 9.60, 3.003, 156.73, 9.58, 0.008, 304.44, -13.63);
insert into SHOT values (3689, 3706, 3709, 7913, 0.840, 117.74, 84.60, 0.833, 113.20, 84.76, 0.009, 0.30, -42.70);
insert into SHOT values (3690, 3706, 3710, 7913, 1.320, 134.04, -65.80, 1.324, 133.49, -66.05, 0.009, 9.56, -43.86);
insert into SHOT values (3691, 3706, 3711, 7913, 19.070, 76.64, 7.00, 19.066, 76.62, 6.99, 0.010, 319.80, -24.58);
insert into SHOT values (3692, 3706, 3712, 7913, 13.600, 61.74, 9.30, 13.600, 61.72, 9.27, 0.010, 343.53, -52.95);
insert into SHOT values (3693, 3706, 3713, 7913, 8.180, 35.34, 9.70, 8.180, 35.31, 9.71, 0.005, 304.71, 19.71);
insert into SHOT values (3694, 3706, 3714, 7913, 7.400, 20.14, 9.70, 7.400, 20.12, 9.65, 0.007, 318.35, -69.96);
insert into SHOT values (3695, 3706, 3715, 7913, 0.170, 346.14, 4.50, 0.175, 346.76, 3.28, 0.006, 6.22, -31.30);
insert into SHOT values (3696, 3706, 3716, 7913, 9.070, 338.64, 2.90, 9.074, 338.64, 2.91, 0.004, 346.89, 16.20);
insert into SHOT values (3697, 3706, 3717, 7913, 6.280, 324.84, -15.40, 6.283, 324.81, -15.42, 0.004, 271.14, -33.09);
insert into SHOT values (3698, 3706, 3718, 7913, 3.120, 292.34, 3.70, 3.123, 292.45, 3.67, 0.007, 358.12, -11.66);
insert into SHOT values (3699, 3706, 3719, 7913, 6.530, 258.94, -2.90, 6.529, 258.95, -2.90, 0.001, 29.40, 18.78);
insert into SHOT values (3700, 3706, 3720, 7913, 3.300, 231.84, -1.60, 3.300, 232.02, -1.74, 0.013, 322.45, -37.62);
insert into SHOT values (3701, 3706, 3721, 7913, 2.330, 182.34, 3.80, 2.327, 182.47, 3.70, 0.007, 300.29, -37.20);
insert into SHOT values (3702, 3706, 3722, 7913, 17.750, 117.64, 20.10, 17.743, 117.64, 20.11, 0.007, 296.75, 0.32);
insert into SHOT values (3703, 3706, 3723, 7913, 17.600, 273.44, -1.30, 17.606, 273.45, -1.30, 0.007, 301.51, -5.47);
insert into SHOT values (3704, 3723, 3724, 7913, 1.130, 229.14, 6.70, 1.128, 229.34, 6.62, 0.005, 344.16, -22.86);
insert into SHOT values (3705, 3723, 3725, 7913, 4.710, 26.34, -0.10, 4.709, 26.35, -0.12, 0.002, 173.96, -61.98);
insert into SHOT values (3706, 3723, 3726, 7913, 1.070, 307.74, 81.30, 1.071, 309.81, 81.62, 0.008, 83.34, 16.04);
insert into SHOT values (3707, 3723, 3727, 7913, 4.820, 293.84, 3.20, 4.820, 293.90, 3.21, 0.005, 20.97, 10.42);
insert into SHOT values (3708, 3723, 3728, 7913, 8.080, 306.14, -2.70, 8.074, 306.17, -2.70, 0.008, 90.82, 4.50);
insert into SHOT values (3709, 3723, 3729, 7913, 10.900, 316.14, -3.00, 10.899, 316.15, -3.00, 0.003, 57.41, 10.62);
insert into SHOT values (3710, 3723, 3730, 7913, 7.970, 339.74, -2.80, 7.970, 339.79, -2.80, 0.007, 72.95, -5.69);
insert into SHOT values (3711, 3723, 3731, 7913, 6.770, 3.44, -0.90, 6.773, 3.47, -0.93, 0.006, 50.45, -37.48);
insert into SHOT values (3712, 3723, 3732, 7913, 14.220, 304.44, -18.00, 14.220, 304.45, -18.02, 0.007, 68.15, -57.99);
insert into SHOT values (3713, 3732, 3733, 7913, 1.510, 276.34, 28.30, 1.511, 276.48, 28.46, 0.005, 23.72, 50.14);
insert into SHOT values (3714, 3732, 3734, 7913, 6.970, 73.34, 18.90, 6.973, 73.35, 18.91, 0.003, 98.28, 41.69);
insert into SHOT values (3715, 3732, 3735, 7913, 2.360, 156.64, 84.20, 2.362, 157.75, 84.22, 0.005, 256.98, 23.98);
insert into SHOT values (3716, 3732, 3736, 7913, 2.370, 23.64, -65.20, 2.369, 23.73, -65.19, 0.002, 116.31, 43.42);
insert into SHOT values (3717, 3732, 3737, 7913, 6.730, 23.74, -3.40, 6.733, 23.78, -3.41, 0.005, 85.81, -9.41);
insert into SHOT values (3718, 3732, 3738, 7913, 6.320, 49.44, 9.20, 6.322, 49.42, 9.19, 0.003, 3.55, -7.46);
insert into SHOT values (3719, 3732, 3739, 7913, 6.740, 71.74, 17.60, 6.739, 71.76, 17.62, 0.004, 199.99, 33.70);
insert into SHOT values (3720, 3732, 3740, 7913, 7.780, 95.74, 23.00, 7.784, 95.77, 22.99, 0.006, 129.24, 1.13);
insert into SHOT values (3721, 3732, 3741, 7913, 3.960, 185.44, 5.80, 3.958, 185.39, 5.80, 0.004, 61.14, -2.56);
insert into SHOT values (3722, 3732, 3742, 7913, 6.970, 192.44, -8.10, 6.972, 192.47, -8.08, 0.004, 244.99, 29.19);
insert into SHOT values (3723, 3732, 3743, 7913, 4.860, 157.24, 2.90, 4.865, 157.23, 2.95, 0.006, 150.82, 41.04);
insert into SHOT values (3724, 3732, 3744, 7913, 13.300, 351.04, -1.10, 13.295, 351.04, -1.08, 0.008, 172.07, 44.72);
insert into SHOT values (3725, 3706, 3745, 7913, 20.790, 86.74, -3.50, 20.792, 86.74, -3.50, 0.002, 80.62, -18.71);
insert into SHOT values (3726, 3745, 3746, 7913, 1.130, 247.04, -9.90, 1.134, 247.34, -10.16, 0.009, 310.09, -41.16);
insert into SHOT values (3727, 3745, 3747, 7913, 8.440, 275.14, 82.90, 8.435, 275.49, 82.88, 0.008, 351.27, -38.69);
insert into SHOT values (3728, 3745, 3748, 7913, 0.810, 294.64, -72.40, 0.811, 295.56, -71.68, 0.011, 316.88, 10.92);
insert into SHOT values (3729, 3745, 3749, 7913, 0.140, 80.14, -9.10, 0.135, 77.01, -8.53, 0.009, 315.61, 13.59);
insert into SHOT values (3730, 3745, 3750, 7913, 3.050, 209.54, -61.50, 3.048, 209.74, -61.56, 0.007, 338.27, 3.39);
insert into SHOT values (3731, 3750, 3751, 7913, 0.620, 40.04, 7.10, 0.615, 39.69, 6.54, 0.009, 260.04, -48.34);
insert into SHOT values (3732, 3750, 3752, 7913, 0.730, 196.34, -8.30, 0.730, 196.93, -8.67, 0.009, 295.14, -31.74);
insert into SHOT values (3733, 3750, 3753, 7913, 1.410, 37.84, 81.70, 1.404, 36.87, 81.81, 0.007, 261.36, -46.73);
insert into SHOT values (3734, 3750, 3754, 7913, 3.000, 141.84, -29.80, 3.002, 141.86, -29.75, 0.004, 152.52, 15.14);
insert into SHOT values (3735, 3754, 3755, 7913, 0.750, 113.14, 6.60, 0.744, 113.10, 6.18, 0.008, 298.81, -46.91);
insert into SHOT values (3736, 3754, 3756, 7913, 1.600, 263.84, 21.70, 1.601, 263.83, 21.62, 0.003, 255.46, -38.11);
insert into SHOT values (3737, 3754, 3757, 7913, 1.670, 192.44, 83.30, 1.672, 194.74, 83.25, 0.008, 271.89, 9.93);
insert into SHOT values (3738, 3754, 3758, 7913, 0.980, 184.24, -62.80, 0.989, 185.08, -62.82, 0.011, 244.54, -47.73);
insert into SHOT values (3739, 3754, 3759, 7913, 2.640, 182.64, -9.10, 2.636, 182.64, -9.17, 0.005, 1.79, -31.59);
insert into SHOT values (3740, 3759, 3760, 7913, 1.100, 35.94, 10.70, 1.093, 35.91, 10.55, 0.008, 220.96, -32.10);
insert into SHOT values (3741, 3759, 3761, 7913, 1.720, 92.74, 83.20, 1.722, 92.86, 83.32, 0.004, 265.65, 31.46);
insert into SHOT values (3742, 3759, 3762, 7913, 1.150, 65.44, -74.90, 1.149, 66.04, -75.09, 0.005, 208.78, 3.26);
insert into SHOT values (3743, 3759, 3763, 7913, 4.830, 108.64, -3.60, 4.822, 108.66, -3.57, 0.008, 276.18, 23.26);
insert into SHOT values (3744, 3763, 3764, 7913, 0.690, 198.34, 5.00, 0.695, 197.65, 4.95, 0.010, 140.14, -0.80);
insert into SHOT values (3745, 3763, 3765, 7913, 0.170, 21.24, 23.30, 0.164, 23.20, 21.50, 0.010, 148.16, -48.06);
insert into SHOT values (3746, 3763, 3766, 7913, 1.080, 86.84, 76.00, 1.072, 87.80, 75.95, 0.009, 191.30, -60.48);
insert into SHOT values (3747, 3763, 3767, 7913, 3.430, 177.64, 46.10, 3.432, 177.59, 46.04, 0.004, 149.90, -19.47);
insert into SHOT values (3748, 3763, 3768, 7913, 0.740, 146.74, -58.10, 0.744, 146.31, -57.81, 0.007, 118.49, -15.60);
insert into SHOT values (3749, 3763, 3769, 7913, 4.480, 112.84, 9.20, 4.484, 112.86, 9.11, 0.008, 127.02, -48.59);
insert into SHOT values (3750, 3769, 3770, 7913, 0.750, 1.54, 10.60, 0.753, 1.55, 10.71, 0.004, 3.21, 33.56);
insert into SHOT values (3751, 3769, 3771, 7913, 0.550, 175.14, 16.60, 0.555, 175.68, 16.75, 0.007, 223.95, 23.23);
insert into SHOT values (3752, 3769, 3772, 7913, 1.080, 35.34, -63.30, 1.077, 34.99, -63.04, 0.006, 350.46, 48.94);
insert into SHOT values (3753, 3769, 3773, 7913, 0.890, 358.64, 73.10, 0.889, 357.80, 72.98, 0.004, 289.22, -20.91);
insert into SHOT values (3754, 3769, 3774, 7913, 1.790, 75.34, 27.50, 1.795, 75.44, 27.55, 0.006, 114.58, 38.75);
insert into SHOT values (3755, 3774, 3775, 7913, 1.180, 304.24, 11.20, 1.182, 304.10, 11.22, 0.003, 247.01, 13.42);
insert into SHOT values (3756, 3774, 3776, 7913, 1.280, 271.24, 67.90, 1.278, 271.17, 67.44, 0.010, 267.11, -34.84);
insert into SHOT values (3757, 3774, 3777, 7913, 0.800, 17.34, -80.10, 0.802, 17.10, -80.23, 0.003, 217.65, -49.54);
insert into SHOT values (3758, 3774, 3778, 7913, 2.240, 21.44, -1.70, 2.243, 21.18, -1.79, 0.011, 305.07, -18.93);
insert into SHOT values (3759, 3774, 3779, 7913, 2.810, 17.24, 36.50, 2.809, 16.99, 36.48, 0.010, 285.64, -8.36);
insert into SHOT values (3760, 3774, 3780, 7913, 1.200, 219.04, 20.70, 1.199, 219.22, 20.51, 0.005, 302.37, -50.15);
insert into SHOT values (3761, 3774, 3781, 7913, 0.690, 146.84, 49.00, 0.687, 147.72, 49.16, 0.008, 262.25, -5.58);
insert into SHOT values (3762, 3774, 3782, 7913, 0.720, 141.94, 0.70, 0.720, 142.33, 0.80, 0.005, 230.71, 13.69);
insert into SHOT values (3763, 3774, 3783, 7913, 0.710, 308.44, 4.90, 0.715, 308.16, 4.82, 0.006, 271.91, -6.22);
insert into SHOT values (3764, 3774, 3784, 7913, 2.420, 265.24, 85.20, 2.419, 264.56, 85.00, 0.009, 248.67, -9.75);
insert into SHOT values (3765, 3774, 3785, 7913, 1.090, 9.94, -82.90, 1.088, 8.75, -83.06, 0.005, 230.33, 21.20);
insert into SHOT values (3766, 3780, 3786, 7913, 3.780, 217.14, -5.80, 3.781, 217.11, -5.77, 0.003, 164.47, 41.11);
insert into SHOT values (3767, 3786, 3787, 7913, 3.130, 60.94, -5.80, 3.127, 60.96, -5.87, 0.005, 218.84, -49.26);
insert into SHOT values (3768, 3786, 3788, 7913, 1.220, 255.44, 14.10, 1.226, 255.38, 14.17, 0.006, 241.63, 27.33);
insert into SHOT values (3769, 3786, 3789, 7913, 2.570, 59.34, 82.80, 2.570, 57.80, 82.87, 0.009, 309.07, 1.67);
insert into SHOT values (3770, 3786, 3790, 7913, 0.800, 341.74, -79.30, 0.804, 340.35, -79.34, 0.005, 253.06, -47.20);
insert into SHOT values (3771, 3786, 3791, 7913, 0.810, 342.94, -80.50, 0.811, 342.90, -80.35, 0.003, 340.37, -25.46);
insert into SHOT values (3772, 3786, 3792, 7913, 5.720, 131.44, 5.80, 5.712, 131.43, 5.83, 0.009, 317.08, 12.61);
insert into SHOT values (3773, 3792, 3793, 7913, 1.550, 36.34, 15.40, 1.549, 36.56, 15.35, 0.006, 129.68, -15.54);
insert into SHOT values (3774, 3792, 3794, 7913, 2.280, 158.04, 85.60, 2.277, 157.62, 85.37, 0.010, 149.43, -19.97);
insert into SHOT values (3775, 3792, 3795, 7913, 1.050, 74.14, -64.20, 1.054, 74.74, -64.36, 0.007, 175.30, -43.61);
insert into SHOT values (3776, 3792, 3796, 7913, 4.940, 97.54, 2.10, 4.946, 97.56, 2.09, 0.006, 109.34, -9.09);
insert into SHOT values (3777, 3796, 3797, 7913, 2.580, 288.94, 4.70, 2.576, 288.86, 4.68, 0.005, 155.76, -15.37);
insert into SHOT values (3778, 3796, 3798, 7913, 5.830, 302.54, 4.40, 5.826, 302.49, 4.43, 0.007, 178.03, 21.99);
insert into SHOT values (3779, 3796, 3799, 7913, 3.140, 320.04, 81.80, 3.142, 319.54, 81.82, 0.005, 215.84, 27.43);
insert into SHOT values (3780, 3796, 3800, 7913, 1.920, 106.74, -77.40, 1.916, 106.70, -77.41, 0.004, 300.79, 71.47);
insert into SHOT values (3781, 3796, 3801, 7913, 7.150, 236.84, 3.90, 7.148, 236.84, 3.93, 0.004, 46.71, 55.89);
insert into SHOT values (3782, 3801, 3802, 7913, 1.250, 158.34, -2.00, 1.258, 158.54, -2.28, 0.011, 186.79, -35.25);
insert into SHOT values (3783, 3801, 3803, 7913, 1.120, 332.14, 28.60, 1.118, 332.13, 28.30, 0.006, 321.90, -82.61);
insert into SHOT values (3784, 3801, 3804, 7913, 1.810, 199.24, 76.60, 1.810, 199.29, 76.46, 0.004, 204.01, -9.47);
insert into SHOT values (3785, 3801, 3805, 7913, 0.900, 182.04, -75.40, 0.900, 182.49, -75.18, 0.004, 210.32, 13.86);
insert into SHOT values (3786, 3801, 3806, 7913, 7.000, 239.94, 6.50, 7.003, 239.90, 6.48, 0.007, 183.26, -20.93);
insert into SHOT values (3787, 3806, 3807, 7913, 1.170, 158.34, 5.20, 1.167, 158.29, 4.92, 0.007, 359.14, -64.19);
insert into SHOT values (3788, 3806, 3808, 7913, 1.260, 233.64, 86.40, 1.263, 240.26, 86.34, 0.010, 317.68, 14.91);
insert into SHOT values (3789, 3806, 3809, 7913, 1.030, 212.24, -76.80, 1.028, 213.02, -76.58, 0.005, 256.76, 30.95);
insert into SHOT values (3790, 3806, 3810, 7913, 8.990, 224.44, -1.00, 8.996, 224.46, -1.02, 0.007, 249.37, -24.53);
insert into SHOT values (3791, 3810, 3811, 7913, 1.360, 134.44, 4.90, 1.356, 134.10, 5.08, 0.010, 16.23, 22.79);
insert into SHOT values (3792, 3810, 3812, 7913, 1.160, 152.74, 60.30, 1.163, 152.10, 60.26, 0.007, 82.37, 19.27);
insert into SHOT values (3793, 3810, 3813, 7913, 0.250, 195.44, -69.10, 0.244, 194.04, -70.28, 0.008, 32.12, 26.76);
insert into SHOT values (3794, 3810, 3814, 7913, 7.070, 228.54, 4.70, 7.066, 228.57, 4.71, 0.005, 7.38, 7.59);
insert into SHOT values (3795, 3814, 3815, 7913, 1.670, 325.14, -9.40, 1.667, 325.15, -9.32, 0.004, 139.10, 47.02);
insert into SHOT values (3796, 3814, 3816, 7913, 9.020, 324.14, 80.30, 9.019, 324.11, 80.31, 0.002, 171.17, -30.97);
insert into SHOT values (3797, 3814, 3817, 7913, 1.480, 44.94, -70.40, 1.475, 45.00, -70.40, 0.005, 206.17, 69.61);
insert into SHOT values (3798, 3814, 3818, 7913, 7.410, 211.84, -10.10, 7.413, 211.84, -10.10, 0.003, 206.20, -10.19);
insert into SHOT values (3799, 3818, 3819, 7913, 0.720, 158.74, 7.40, 0.715, 158.50, 7.23, 0.006, 11.64, -26.29);
insert into SHOT values (3800, 3818, 3820, 7913, 0.950, 331.14, -6.00, 0.949, 331.53, -6.05, 0.007, 67.11, -6.11);
insert into SHOT values (3801, 3818, 3821, 7913, 0.940, 180.94, -82.20, 0.939, 180.00, -82.04, 0.003, 139.40, 22.03);
insert into SHOT values (3802, 3818, 3822, 7913, 7.890, 336.44, 85.00, 7.890, 336.80, 85.02, 0.005, 94.04, 0.28);
insert into SHOT values (3803, 3818, 3823, 7913, 7.200, 347.74, 81.40, 7.201, 347.64, 81.41, 0.003, 213.57, 20.69);
insert into SHOT values (3804, 3818, 3824, 7913, 0.540, 243.34, 14.50, 0.533, 243.43, 15.23, 0.010, 57.69, 29.29);
insert into SHOT values (3805, 3818, 3825, 7913, 0.500, 243.24, 14.60, 0.500, 242.90, 15.06, 0.005, 136.55, 53.22);
insert into SHOT values (3806, 3818, 3826, 7913, 1.860, 243.14, 14.80, 1.856, 243.15, 14.98, 0.007, 60.26, 44.54);
insert into SHOT values (3807, 3826, 3827, 7913, 1.440, 249.64, 15.20, 1.434, 249.73, 14.95, 0.009, 39.27, -59.48);
insert into SHOT values (3808, 3826, 3828, 7913, 0.650, 343.54, -0.00, 0.648, 342.96, 0.00, 0.007, 240.04, 0.00);
insert into SHOT values (3809, 3826, 3829, 7913, 2.150, 291.54, 67.40, 2.146, 291.29, 67.35, 0.006, 203.64, -53.12);
insert into SHOT values (3810, 3826, 3830, 7913, 1.930, 230.94, -52.70, 1.936, 230.88, -52.71, 0.006, 211.15, -53.11);
insert into SHOT values (3811, 3826, 3831, 7913, 2.740, 267.34, 23.00, 2.740, 267.27, 22.98, 0.003, 190.05, -11.19);
insert into SHOT values (3812, 3831, 3832, 7913, 0.500, 172.44, -11.80, 0.496, 172.87, -12.81, 0.010, 319.78, -48.80);
insert into SHOT values (3813, 3831, 3833, 7913, 0.290, 133.94, 70.30, 0.288, 135.00, 69.86, 0.004, 190.23, -54.00);
insert into SHOT values (3814, 3831, 3834, 7913, 2.690, 230.04, -72.80, 2.690, 230.10, -72.81, 0.001, 342.24, -18.25);
insert into SHOT values (3815, 3834, 3835, 7913, 0.810, 155.24, 9.50, 0.803, 155.38, 9.32, 0.008, 320.02, -27.39);
insert into SHOT values (3816, 3834, 3836, 7913, 0.460, 319.64, 7.10, 0.464, 319.40, 6.19, 0.008, 296.20, -54.42);
insert into SHOT values (3817, 3834, 3837, 7913, 0.670, 297.44, -67.50, 0.672, 297.55, -67.29, 0.003, 306.93, -18.08);
insert into SHOT values (3818, 3834, 3838, 7913, 2.280, 8.24, 85.90, 2.276, 7.13, 85.94, 0.006, 248.43, -49.00);
insert into SHOT values (3819, 3834, 3839, 7913, 2.810, 200.94, 7.10, 2.806, 201.04, 6.96, 0.009, 321.64, -53.36);
insert into SHOT values (3820, 3839, 3840, 7913, 1.200, 330.24, -0.30, 1.196, 330.43, 0.00, 0.009, 107.17, 46.93);
insert into SHOT values (3821, 3839, 3841, 7913, 3.110, 311.14, 71.20, 3.115, 311.35, 71.29, 0.008, 82.79, 50.85);
insert into SHOT values (3822, 3839, 3842, 7913, 0.570, 262.44, -64.90, 0.564, 262.87, -64.63, 0.006, 350.34, 73.47);
insert into SHOT values (3823, 3839, 3843, 7913, 5.600, 263.94, 14.00, 5.599, 263.87, 14.06, 0.009, 153.00, 35.73);
insert into SHOT values (3824, 3843, 3844, 7913, 0.750, 200.34, 1.20, 0.747, 200.38, 1.53, 0.005, 11.95, 53.79);
insert into SHOT values (3825, 3843, 3845, 7913, 1.890, 9.24, 3.40, 1.897, 9.11, 3.32, 0.009, 339.10, -14.02);
insert into SHOT values (3826, 3843, 3846, 7913, 2.150, 25.74, -58.30, 2.152, 25.66, -58.27, 0.003, 344.19, -17.21);
insert into SHOT values (3827, 3843, 3847, 7913, 2.180, 347.64, 78.60, 2.183, 347.91, 78.65, 0.004, 112.19, 51.39);
insert into SHOT values (3828, 3843, 3848, 7913, 2.870, 255.34, -15.60, 2.866, 255.31, -15.59, 0.005, 96.20, 22.59);
insert into SHOT values (3829, 3848, 3849, 7913, 1.520, 111.04, 8.10, 1.515, 111.09, 7.97, 0.006, 273.76, -42.78);
insert into SHOT values (3830, 3848, 3850, 7913, 2.690, 99.34, 77.60, 2.683, 98.97, 77.58, 0.008, 0.33, -62.59);
insert into SHOT values (3831, 3848, 3851, 7913, 28.840, 59.34, 40.80, 28.840, 59.32, 40.79, 0.009, 359.34, -31.89);
insert into SHOT values (3832, 3848, 3852, 7913, 1.470, 197.34, -79.00, 1.476, 199.09, -79.26, 0.012, 320.43, -34.91);
insert into SHOT values (3833, 3848, 3853, 7913, 7.440, 206.44, -2.00, 7.437, 206.53, -2.00, 0.012, 309.96, -1.67);
insert into SHOT values (3834, 3853, 3854, 7913, 1.360, 317.14, 0.40, 1.352, 317.10, 0.42, 0.009, 143.85, 3.39);
insert into SHOT values (3835, 3853, 3855, 7913, 4.050, 25.94, 80.20, 4.050, 26.57, 80.14, 0.008, 89.27, -6.10);
insert into SHOT values (3836, 3853, 3856, 7913, 1.260, 214.84, -88.00, 1.261, 206.57, -87.97, 0.006, 127.35, -6.79);
insert into SHOT values (3837, 3853, 3857, 7913, 0.560, 244.04, 3.40, 0.560, 243.43, 3.07, 0.007, 153.76, -28.50);
insert into SHOT values (3838, 3853, 3858, 7913, 2.450, 243.84, 3.00, 2.445, 243.75, 3.05, 0.006, 102.79, 15.99);
insert into SHOT values (3839, 3853, 3859, 7913, 2.450, 243.74, 2.90, 2.449, 243.54, 2.81, 0.009, 149.65, -24.62);
insert into SHOT values (3840, 3853, 3860, 7913, 0.730, 136.94, 3.20, 0.737, 137.20, 3.11, 0.008, 162.36, -5.47);
insert into SHOT values (3841, 3853, 3861, 7913, 3.090, 72.44, 82.10, 3.090, 73.69, 82.05, 0.010, 147.97, -4.02);
insert into SHOT values (3842, 3853, 3862, 7913, 1.350, 139.74, -72.90, 1.352, 140.01, -72.59, 0.008, 153.85, 2.33);
insert into SHOT values (3843, 3853, 3863, 7913, 0.880, 167.34, -5.00, 0.887, 166.91, -5.18, 0.010, 120.56, -19.83);
insert into SHOT values (3844, 3863, 3864, 7913, 0.440, 298.34, -2.70, 0.443, 298.30, -2.59, 0.004, 293.13, 11.91);
insert into SHOT values (3845, 3863, 3865, 7913, 2.790, 9.74, 77.70, 2.795, 9.62, 77.64, 0.006, 352.38, 43.55);
insert into SHOT values (3846, 3863, 3866, 7913, 1.220, 264.94, -62.60, 1.218, 264.90, -62.50, 0.003, 236.43, 74.12);
insert into SHOT values (3847, 3863, 3867, 7913, 3.570, 224.24, 5.00, 3.571, 224.20, 4.98, 0.003, 150.01, -24.75);
insert into SHOT values (3848, 3867, 3868, 7913, 0.780, 139.54, -1.00, 0.773, 139.72, -0.74, 0.008, 299.21, 27.47);
insert into SHOT values (3849, 3867, 3869, 7913, 2.490, 127.54, 79.90, 2.487, 127.41, 80.09, 0.009, 314.24, -9.22);
insert into SHOT values (3850, 3867, 3870, 7913, 1.460, 199.14, -67.40, 1.463, 199.72, -67.36, 0.006, 270.49, -19.32);
insert into SHOT values (3851, 3867, 3871, 7913, 3.030, 210.54, 2.40, 3.025, 210.64, 2.46, 0.008, 347.47, 22.52);
insert into SHOT values (3852, 3871, 3872, 7913, 0.470, 304.04, 6.70, 0.471, 303.69, 6.09, 0.006, 247.83, -54.44);
insert into SHOT values (3853, 3871, 3873, 7913, 3.930, 38.24, 82.10, 3.926, 38.16, 82.18, 0.007, 225.65, -23.98);
insert into SHOT values (3854, 3871, 3874, 7913, 1.440, 213.04, -71.50, 1.446, 212.66, -71.32, 0.008, 187.10, -32.13);
insert into SHOT values (3855, 3871, 3875, 7913, 4.190, 221.84, 4.80, 4.193, 221.90, 4.79, 0.005, 276.98, -7.21);
insert into SHOT values (3856, 3875, 3876, 7913, 0.610, 138.44, -2.30, 0.617, 138.29, -1.86, 0.008, 124.71, 33.06);
insert into SHOT values (3857, 3875, 3877, 7913, 3.250, 91.24, 83.20, 3.253, 91.47, 83.11, 0.006, 107.50, 27.35);
insert into SHOT values (3858, 3875, 3878, 7913, 1.530, 243.34, -70.30, 1.531, 242.45, -70.19, 0.009, 173.84, 2.98);
insert into SHOT values (3859, 3875, 3879, 7913, 6.970, 227.84, -4.40, 6.972, 227.80, -4.36, 0.008, 164.58, 39.10);
insert into SHOT values (3860, 3879, 3880, 7913, 0.900, 143.64, -4.80, 0.898, 143.64, -5.11, 0.005, 323.14, -59.09);
insert into SHOT values (3861, 3879, 3881, 7913, 3.170, 151.94, 76.30, 3.160, 152.06, 76.32, 0.011, 308.84, -67.61);
insert into SHOT values (3862, 3879, 3882, 7913, 1.050, 197.24, -66.30, 1.057, 198.00, -66.56, 0.010, 302.12, -55.89);
insert into SHOT values (3863, 3879, 3883, 7913, 2.990, 217.94, -10.80, 2.997, 217.96, -10.96, 0.011, 228.08, -60.16);
insert into SHOT values (3864, 3883, 3884, 7913, 0.670, 308.14, 4.80, 0.671, 308.93, 5.13, 0.010, 33.67, 23.16);
insert into SHOT values (3865, 3883, 3885, 7913, 2.540, 308.24, 79.40, 2.542, 308.85, 79.52, 0.008, 83.51, 25.48);
insert into SHOT values (3866, 3883, 3886, 7913, 0.580, 299.14, -40.90, 0.574, 300.07, -40.12, 0.012, 24.02, 53.80);
insert into SHOT values (3867, 3883, 3887, 7913, 5.890, 220.14, 10.20, 5.886, 220.10, 10.28, 0.010, 78.15, 43.78);
insert into SHOT values (3868, 3887, 3888, 7913, 0.380, 132.34, -7.60, 0.379, 131.76, -7.59, 0.004, 23.28, 3.66);
insert into SHOT values (3869, 3887, 3889, 7913, 4.890, 66.54, 87.70, 4.884, 66.04, 87.69, 0.006, 359.26, -72.79);
insert into SHOT values (3870, 3887, 3890, 7913, 1.390, 201.24, -75.90, 1.391, 202.75, -76.02, 0.009, 307.52, -11.50);
insert into SHOT values (3871, 3887, 3891, 7913, 5.230, 203.94, -4.70, 5.228, 204.01, -4.72, 0.006, 309.41, -13.22);
insert into SHOT values (3872, 3891, 3892, 7913, 0.740, 302.64, -3.30, 0.739, 302.83, -3.10, 0.004, 53.98, 45.09);
insert into SHOT values (3873, 3891, 3893, 7913, 2.920, 246.64, 76.00, 2.917, 246.70, 75.96, 0.004, 273.21, -65.49);
insert into SHOT values (3874, 3891, 3894, 7913, 0.340, 114.54, 23.50, 0.343, 114.15, 22.25, 0.008, 94.44, -41.12);
insert into SHOT values (3875, 3891, 3895, 7913, 0.860, 277.94, -70.20, 0.861, 277.85, -70.13, 0.002, 260.51, -29.33);
insert into SHOT values (3876, 3891, 3896, 7913, 5.330, 228.64, 2.60, 5.326, 228.58, 2.58, 0.007, 104.73, -14.85);
insert into SHOT values (3877, 3896, 3897, 7913, 0.720, 147.84, -3.20, 0.720, 148.08, -3.19, 0.003, 241.76, 3.66);
insert into SHOT values (3878, 3896, 3898, 7913, 6.270, 27.34, 87.90, 6.274, 25.46, 87.88, 0.009, 316.93, 27.50);
insert into SHOT values (3879, 3896, 3899, 7913, 0.980, 127.64, -80.10, 0.974, 127.57, -80.30, 0.007, 310.30, 50.34);
insert into SHOT values (3880, 3896, 3900, 7913, 3.060, 234.04, 3.50, 3.064, 234.18, 3.55, 0.009, 294.28, 20.61);
insert into SHOT values (3881, 3900, 3901, 7913, 0.480, 333.54, -3.30, 0.479, 333.97, -3.59, 0.004, 74.25, -33.00);
insert into SHOT values (3882, 3900, 3902, 7913, 1.570, 26.34, 78.90, 1.570, 27.41, 78.83, 0.006, 98.46, -6.04);
insert into SHOT values (3883, 3900, 3903, 7913, 1.200, 281.94, -70.50, 1.198, 281.59, -70.59, 0.004, 146.59, 18.72);
insert into SHOT values (3884, 3900, 3904, 7913, 3.810, 282.14, 2.70, 3.809, 282.14, 2.71, 0.001, 124.24, 33.97);
insert into SHOT values (3885, 3904, 3905, 7913, 0.720, 3.54, -7.80, 0.719, 4.03, -8.00, 0.007, 108.41, -20.05);
insert into SHOT values (3886, 3904, 3906, 7913, 4.200, 87.34, 80.50, 4.197, 87.51, 80.53, 0.004, 228.70, -36.30);
insert into SHOT values (3887, 3904, 3907, 7913, 1.150, 211.04, -76.50, 1.152, 211.33, -76.48, 0.002, 270.64, -48.57);
insert into SHOT values (3888, 3904, 3908, 7913, 4.450, 272.04, -2.50, 4.447, 272.06, -2.58, 0.007, 60.76, -60.22);
insert into SHOT values (3889, 3908, 3909, 7913, 1.020, 322.74, -3.50, 1.022, 322.57, -3.37, 0.004, 265.06, 31.93);
insert into SHOT values (3890, 3908, 3910, 7913, 6.390, 349.24, 87.60, 6.395, 349.11, 87.63, 0.006, 180.97, 62.79);
insert into SHOT values (3891, 3908, 3911, 7913, 0.990, 94.74, -78.80, 0.989, 96.01, -78.86, 0.005, 201.70, 14.53);
insert into SHOT values (3892, 3908, 3912, 7913, 12.940, 165.04, 83.60, 12.941, 165.20, 83.58, 0.007, 199.72, 5.34);
insert into SHOT values (3893, 3908, 3913, 7913, 3.160, 102.24, 36.90, 3.163, 102.33, 36.92, 0.005, 173.87, 32.29);
insert into SHOT values (3894, 3908, 3914, 7913, 3.900, 208.34, 0.60, 3.906, 208.27, 0.59, 0.008, 170.27, -6.17);
insert into SHOT values (3895, 3914, 3915, 7913, 0.490, 319.64, 12.90, 0.495, 320.04, 12.84, 0.006, 353.41, 5.70);
insert into SHOT values (3896, 3914, 3916, 7913, 1.230, 123.64, 13.00, 1.230, 123.42, 13.15, 0.006, 29.62, 36.11);
insert into SHOT values (3897, 3914, 3917, 7913, 2.640, 223.64, 79.50, 2.643, 224.14, 79.67, 0.009, 13.95, 26.58);
insert into SHOT values (3898, 3914, 3918, 7913, 0.880, 150.14, 5.90, 0.869, 150.17, 5.94, 0.011, 327.61, -2.42);
insert into SHOT values (3899, 3914, 3919, 7913, 1.160, 3.34, -87.20, 1.152, 0.00, -87.01, 0.010, 316.09, 61.07);
insert into SHOT values (3900, 3914, 3920, 7913, 2.350, 236.64, 15.60, 2.349, 236.73, 15.81, 0.009, 6.40, 59.98);
insert into SHOT values (3901, 3920, 3921, 7913, 0.520, 138.24, 2.80, 0.518, 138.92, 2.21, 0.008, 246.51, -40.00);
insert into SHOT values (3902, 3920, 3922, 7913, 2.340, 190.84, -60.30, 2.347, 190.92, -60.35, 0.008, 235.73, -72.44);
insert into SHOT values (3903, 3920, 3923, 7913, 0.700, 226.24, 81.10, 0.699, 225.00, 80.69, 0.006, 199.26, -16.23);
insert into SHOT values (3904, 3920, 3924, 7913, 2.520, 201.64, 81.10, 2.520, 202.62, 81.10, 0.007, 291.01, 2.93);
insert into SHOT values (3905, 3920, 3925, 7913, 11.820, 212.34, -0.00, 11.827, 212.36, 0.00, 0.008, 242.30, 0.00);
insert into SHOT values (3906, 3925, 3926, 7913, 0.680, 127.84, 9.10, 0.677, 127.72, 8.49, 0.008, 352.66, -75.67);
insert into SHOT values (3907, 3925, 3927, 7913, 6.520, 209.14, 81.20, 6.516, 208.89, 81.23, 0.007, 78.08, -29.02);
insert into SHOT values (3908, 3925, 3928, 7913, 2.530, 222.94, -81.40, 2.537, 222.80, -81.66, 0.013, 48.04, -39.08);
insert into SHOT values (3909, 3925, 3929, 7913, 4.930, 208.14, -1.50, 4.923, 208.13, -1.51, 0.007, 37.68, -7.47);
insert into SHOT values (3910, 3929, 3930, 7913, 0.710, 319.24, 5.90, 0.705, 319.04, 5.70, 0.006, 167.63, -30.47);
insert into SHOT values (3911, 3929, 3931, 7913, 0.570, 303.74, 57.00, 0.572, 303.18, 57.09, 0.004, 217.22, 32.64);
insert into SHOT values (3912, 3929, 3932, 7913, 1.970, 282.24, -79.80, 1.971, 281.63, -79.86, 0.004, 166.87, -15.56);
insert into SHOT values (3913, 3929, 3933, 7913, 3.840, 265.04, 4.70, 3.837, 265.05, 4.63, 0.005, 73.69, -58.20);
insert into SHOT values (3914, 3933, 3934, 7913, 0.480, 170.44, 4.60, 0.488, 170.54, 4.70, 0.008, 176.17, 10.39);
insert into SHOT values (3915, 3933, 3935, 7913, 2.630, 182.14, 79.00, 2.628, 182.29, 79.02, 0.003, 319.76, -40.95);
insert into SHOT values (3916, 3933, 3936, 7913, 2.300, 198.14, -74.40, 2.296, 198.73, -74.26, 0.009, 253.27, 34.25);
insert into SHOT values (3917, 3933, 3937, 7913, 2.760, 206.44, 0.40, 2.759, 206.47, 0.42, 0.002, 319.08, 24.37);
insert into SHOT values (3918, 3937, 3938, 7913, 0.670, 293.74, -6.80, 0.668, 293.09, -6.88, 0.008, 187.36, -4.83);
insert into SHOT values (3919, 3937, 3939, 7913, 2.620, 282.14, 58.50, 2.617, 281.80, 58.46, 0.009, 191.94, -25.82);
insert into SHOT values (3920, 3937, 3940, 7913, 2.270, 285.34, -77.70, 2.272, 284.32, -77.67, 0.009, 204.70, -13.55);
insert into SHOT values (3921, 3937, 3941, 7913, 0.400, 233.94, -86.30, 0.401, 225.00, -85.96, 0.005, 169.77, -9.69);
insert into SHOT values (3922, 3937, 3942, 7913, 3.240, 256.74, 31.30, 3.244, 256.66, 31.19, 0.008, 226.60, -23.77);
insert into SHOT values (3923, 3942, 3943, 7913, 0.530, 152.94, 12.60, 0.533, 152.45, 13.02, 0.006, 82.50, 42.72);
insert into SHOT values (3924, 3942, 3944, 7913, 2.990, 220.14, 76.50, 2.992, 220.33, 76.56, 0.004, 359.74, 36.04);
insert into SHOT values (3925, 3942, 3945, 7913, 2.710, 153.94, -64.60, 2.701, 153.88, -64.61, 0.009, 351.43, 61.88);
insert into SHOT values (3926, 3942, 3946, 7913, 4.820, 226.34, -18.30, 4.819, 226.33, -18.26, 0.004, 135.21, 73.06);
insert into SHOT values (3927, 3946, 3947, 7913, 0.610, 160.84, 18.50, 0.612, 160.94, 18.08, 0.005, 177.57, -44.92);
insert into SHOT values (3928, 3946, 3948, 7913, 1.120, 200.64, 78.90, 1.120, 199.29, 79.10, 0.006, 73.48, 8.64);
insert into SHOT values (3929, 3946, 3949, 7913, 2.000, 237.64, -53.70, 1.997, 237.79, -53.72, 0.004, 2.51, 26.54);
insert into SHOT values (3930, 3946, 3950, 7913, 2.810, 247.14, 0.70, 2.810, 247.18, 0.82, 0.006, 329.61, 73.02);
insert into SHOT values (3931, 3946, 3951, 7913, 8.370, 247.04, 1.00, 8.363, 247.05, 1.03, 0.008, 52.98, 28.36);
insert into SHOT values (3932, 3946, 3952, 7913, 2.740, 247.14, 0.70, 2.734, 247.19, 0.63, 0.007, 47.07, -28.81);
insert into SHOT values (3933, 3946, 3953, 7913, 8.330, 246.84, 1.50, 8.322, 246.86, 1.51, 0.008, 51.36, 13.92);
insert into SHOT values (3934, 3953, 3954, 7913, 0.560, 153.74, 4.20, 0.556, 154.36, 4.13, 0.007, 276.93, -8.07);
insert into SHOT values (3935, 3953, 3955, 7913, 5.180, 161.44, 85.60, 5.175, 162.47, 85.58, 0.009, 243.30, -33.11);
insert into SHOT values (3936, 3953, 3956, 7913, 1.300, 242.04, -83.40, 1.299, 243.43, -83.08, 0.008, 270.38, 9.79);
insert into SHOT values (3937, 3953, 3957, 7913, 5.200, 233.54, -8.40, 5.204, 233.53, -8.40, 0.004, 220.01, -5.23);
insert into SHOT values (3938, 3957, 3958, 7913, 0.630, 316.54, 7.60, 0.628, 316.30, 7.32, 0.005, 188.19, -45.06);
insert into SHOT values (3939, 3957, 3959, 7913, 5.720, 247.54, 78.50, 5.715, 247.26, 78.51, 0.008, 138.20, -41.52);
insert into SHOT values (3940, 3957, 3960, 7913, 2.780, 248.44, -77.60, 2.786, 248.55, -77.53, 0.007, 262.38, -45.06);
insert into SHOT values (3941, 3957, 3961, 7913, 3.450, 233.04, 7.90, 3.452, 232.96, 7.82, 0.007, 173.43, -37.55);
insert into SHOT values (3942, 3961, 3962, 7913, 1.190, 76.24, -6.70, 1.194, 75.85, -6.73, 0.009, 12.90, -7.24);
insert into SHOT values (3943, 3961, 3963, 7913, 3.740, 112.84, 68.10, 3.738, 112.87, 68.18, 0.006, 285.03, -1.07);
insert into SHOT values (3944, 3961, 3964, 7913, 3.380, 44.94, -71.00, 3.375, 45.00, -70.92, 0.007, 67.94, 63.67);
insert into SHOT values (3945, 3961, 3965, 7913, 1.590, 133.24, -3.10, 1.587, 132.95, -2.89, 0.010, 24.02, 35.48);
insert into SHOT values (3946, 3965, 3966, 7913, 0.540, 255.44, 24.00, 0.544, 254.85, 23.86, 0.007, 202.85, 3.19);
insert into SHOT values (3947, 3965, 3967, 7913, 1.420, 168.84, 86.30, 1.413, 173.66, 86.33, 0.010, 269.28, -42.31);
insert into SHOT values (3948, 3965, 3968, 7913, 2.880, 352.94, -80.80, 2.886, 352.41, -80.95, 0.010, 206.11, -42.25);
insert into SHOT values (3949, 3965, 3969, 7913, 11.930, 228.74, 7.30, 11.937, 228.73, 7.27, 0.010, 214.79, -37.03);
insert into SCRAPS values (7915, 7893, 'SP-GL102_Entree_01A', 1, 3.80598, 0.06782);
 insert into SCRAPS values (7963, 7893, 'SP-GL102_Entree_01B', 1, 25.80242, 0.11013);
 insert into SCRAPS values (8009, 7893, 'SP-GL102_Entree_02B', 1, 33.31023, 1.30939);
 insert into SCRAPS values (8076, 7893, 'SP-GL102_Entree_02C', 1, 0.14085, 0.01287);
 insert into SCRAPS values (8133, 7893, 'SP-GL102_Aval_01A', 1, 0.46756, 0.01455);
 insert into SCRAPS values (8186, 7893, 'SP-GL102_Aval_01B', 1, 0.74640, 0.01492);
 insert into SCRAPS values (8248, 7893, 'SP-GL102_Aval_01C', 1, 0.15907, 0.00672);
 insert into SCRAPS values (8310, 7893, 'SP-GL102_Aval_01D', 1, 48.10932, 0.99246);
 insert into SCRAPS values (8336, 7893, 'SP-GL102_Entree_02A', 1, 32.11200, 0.88514);
 insert into SCRAPS values (8371, 7893, 'SP-GL102_Entree_02D', 1, 29.51592, 5.40658);
 insert into SCRAPS values (8379, 7893, 'SP-GL102_Aval_01E', 1, 0.23814, 0.08360);
 insert into SCRAPS values (8399, 7893, 'SP-GL102_Riviere_01A', 1, 43.81777, 1.61381);
 insert into SCRAPS values (8441, 7893, 'SP-GL102_Riviere_01B', 1, 1.06701, 0.04724);
 insert into SCRAPS values (8466, 7893, 'SP-GL102_Amont_01A', 1, 33.23105, 0.24501);
 insert into SCRAPS values (8544, 7893, 'SP-GL102_Amont_01B', 1, 6.65447, 0.25887);
 insert into SCRAPS values (8563, 7893, 'SP-GL102_Amont_01C', 1, 9.46619, 0.06851);
 insert into SCRAPS values (8606, 7893, 'SC-GL102_Entree_01A', 2, 0.01255, 0.00043);
 insert into SCRAPS values (8669, 7893, 'SC-GL102_Entree_01B', 2, 0.00967, 0.00046);
 insert into SCRAPS values (8719, 7893, 'SC-GL102_Entree_02A', 2, 0.00622, 0.00042);
 insert into SCRAPS values (8747, 7893, 'SC-GL102_Entree_02B', 2, 77.60902, 0.81385);
 insert into SCRAPS values (8769, 7893, 'SC-GL102_Entree_02B2', 2, 10.16740, 0.11870);
 insert into SCRAPS values (8806, 7893, 'SC-GL102_Entree_02C', 2, 0.00241, 0.00017);
 insert into SCRAPS values (8855, 7893, 'SC-GL102_Aval_01A', 2, 0.00441, 0.00030);
 insert into SCRAPS values (8914, 7893, 'scrap339', 1, 0.00000, 0.00000);
 insert into SCRAPS values (8917, 7893, 'SC-GL102_Aval_01B', 2, 0.00318, 0.00023);
 insert into SCRAPS values (8968, 7893, 'SC-GL102_Aval_01C', 2, 0.00327, 0.00015);
 insert into SCRAPS values (9036, 7893, 'SC-GL102_Aval_01D', 2, 40.38391, 0.67116);
 insert into SCRAPS values (9066, 7893, 'SC-GL102_Riviere_01A', 2, 49.60600, 13.03332);
 insert into SCRAPS values (9105, 7893, 'SC-GL102_Riviere_01B', 2, 24.94402, 2.37965);
 insert into SCRAPS values (9134, 7893, 'SC-GL102_Amont_01A', 2, 13.34757, 0.05560);
 insert into SCRAPS values (9184, 7893, 'scrap51', 1, 0.00000, 0.00000);
 insert into SCRAPS values (9189, 7893, 'SC-GL4_01A', 2, 1.17695, 0.02755);
 insert into SCRAPS values (9211, 7893, 'SC-GL4_01B', 2, 8.23769, 0.08430);
 insert into MAPS values (9256, 7893, 'MP-GL102_Gouffre_du_Lonne_Peyret', 'GL102 - Gouffre du Lonne Peyret', 1, 2455.450, -468.790);
 insert into MAPITEMS values (9256, 4, 7915);
 insert into MAPITEMS values (9256, 4, 7963);
 insert into MAPITEMS values (9256, 4, 8009);
 insert into MAPITEMS values (9256, 4, 8076);
 insert into MAPITEMS values (9256, 4, 8371);
 insert into MAPITEMS values (9256, 4, 8133);
 insert into MAPITEMS values (9256, 4, 8186);
 insert into MAPITEMS values (9256, 4, 8248);
 insert into MAPITEMS values (9256, 4, 8310);
 insert into MAPITEMS values (9256, 4, 8336);
 insert into MAPITEMS values (9256, 4, 8379);
 insert into MAPITEMS values (9256, 4, 8399);
 insert into MAPITEMS values (9256, 4, 8441);
 insert into MAPITEMS values (9256, 4, 8466);
 insert into MAPITEMS values (9256, 4, 8544);
 insert into MAPITEMS values (9256, 4, 8563);
 insert into MAPS values (9257, 7893, 'MC-GL102_Gouffre_du_Lonne_Peyret_tot', 'GL102 - Gouffre du Lonne Peyret', 2, 2455.450, -468.790);
 insert into MAPITEMS values (9257, 4, 9259);
 insert into MAPITEMS values (9257, 4, 9258);
 insert into MAPS values (9258, 7893, 'MC-GL4_meandre', 'GL4 - Meandre', 2, 485.790, -24.620);
 insert into MAPITEMS values (9258, 4, 9189);
 insert into MAPITEMS values (9258, 4, 9211);
 insert into MAPS values (9259, 7893, 'MC-GL102_Gouffre_du_Lonne_Peyret', 'GL102 - Riviere', 2, 2455.450, -468.790);
 insert into MAPITEMS values (9259, 4, 8606);
 insert into MAPITEMS values (9259, 4, 8669);
 insert into MAPITEMS values (9259, 4, 8719);
 insert into MAPITEMS values (9259, 4, 8747);
 insert into MAPITEMS values (9259, 4, 8769);
 insert into MAPITEMS values (9259, 4, 8806);
 insert into MAPITEMS values (9259, 4, 8855);
 insert into MAPITEMS values (9259, 4, 8917);
 insert into MAPITEMS values (9259, 4, 8968);
 insert into MAPITEMS values (9259, 4, 9036);
 insert into MAPITEMS values (9259, 4, 9066);
 insert into MAPITEMS values (9259, 4, 9105);
 insert into MAPITEMS values (9259, 4, 9134);
 insert into MAPS values (9260, 7893, 'MC-GL102_Puits', 'GL102 - Puits', 2, 804.320, -387.660);
 insert into MAPITEMS values (9260, 4, 8606);
 insert into MAPITEMS values (9260, 4, 8669);
 insert into MAPITEMS values (9260, 4, 8719);
 insert into MAPITEMS values (9260, 4, 8747);
 insert into SURVEY values (9262, 58, 'NL31_Squelettes', 'NL31_Squelettes.Complexe_Lonne_Peyret-Bourrugues', 'NL31_Squelettes');
 insert into CENTRELINE values (9263, 9262, NULL, NULL, NULL, 0.00, 0.00, 0.00);
 insert into SURVEY values (9264, 9262, 'NL31_Entree', 'NL31_Entree.NL31_Squelettes.Complexe_Lonne_Peyret-Bourrugues', 'Gouffre des Squelettes NL31');
 insert into CENTRELINE values (9265, 9264, NULL, NULL, NULL, 0.00, 0.00, 0.00);
 insert into CENTRELINE values (9266, 9264, NULL, '2024-06-30', NULL, 0.00, 0.00, 0.00);
 insert into TOPO values (14, 9266);
 insert into EXPLO values (15, 9266);
 insert into SHOT values (3950, 3970, 3971, 9266, 0.000, 359.62, 0.00, 0.000, 90.00, 0.00, 0.000, 90.00, 0.00);
insert into SCRAPS values (9268, 9262, 'SP-NL31_Entree_01', 1, 0.00000, 0.00000);
 insert into SCRAPS values (9273, 9262, 'SC-NL31_Entree_01', 2, 0.00000, 0.00000);
 insert into MAPS values (9276, 9262, 'MP-NL31_Squelettes-Plan-tot', 'NL31_Squelettes', 1, 0.000, nan);
 insert into MAPITEMS values (9276, 4, 9268);
 insert into MAPS values (9277, 9262, 'MC-NL31_Squelettes-Extended-tot', 'NL31_Squelettes', 2, 0.000, nan);
 insert into MAPITEMS values (9277, 4, 9273);
 insert into MAPS values (9279, 58, 'MP-Complexe_Lonne_Peyret-Bourrugues-Plan-tot', 'Complexe_Lonne_Peyret-Bourrugues', 1, 16304.240, -752.240);
 insert into MAPITEMS values (9279, 4, 5064);
 insert into MAPITEMS values (9279, 4, 5082);
 insert into MAPITEMS values (9279, 4, 6653);
 insert into MAPITEMS values (9279, 4, 6676);
 insert into MAPITEMS values (9279, 4, 7871);
 insert into MAPITEMS values (9279, 4, 7890);
 insert into MAPITEMS values (9279, 4, 9256);
 insert into MAPITEMS values (9279, 4, 9276);
 insert into MAPS values (9280, 58, 'MC-GL102_Puits-Coupe-tot', 'GL102 coupe puits', 2, 804.320, -387.660);
 insert into MAPITEMS values (9280, 4, 9260);
 insert into MAPS values (9281, 58, 'MC-B3_Puits-Coupe-tot', 'B3 Bourrugues coupe puits', 2, 691.800, -294.760);
 insert into MAPITEMS values (9281, 4, 6655);
 insert into MAPS values (9282, 58, 'MC-AP7_Puits-Coupe-tot', 'AP7 coupe puits', 2, 532.070, -324.330);
 insert into MAPITEMS values (9282, 4, 5066);
 insert into STATION values (1, 'AP_7', 64, 684207.00, 4760382.00, 1705.00);
insert into STATION_FLAG values(1, 'ent');
insert into STATION_FLAG values(1, 'fix');
insert into STATION values (2, 'AP0d', 64, 684207.00, 4760382.00, 1705.00);
insert into STATION values (3, 'AP1', 64, 684202.24, 4760383.87, 1694.03);
insert into STATION values (4, 'AP2', 64, 684203.72, 4760384.07, 1694.35);
insert into STATION values (5, 'AP3', 64, 684204.52, 4760385.28, 1690.14);
insert into STATION values (6, 'AP4', 64, 684204.52, 4760385.28, 1662.68);
insert into STATION values (7, 'AP5', 64, 684204.85, 4760393.05, 1642.42);
insert into STATION values (8, 'AP6', 64, 684202.18, 4760391.94, 1642.17);
insert into STATION values (9, 'AP7', 64, 684202.18, 4760391.94, 1636.20);
insert into STATION values (10, 'AP8', 64, 684202.00, 4760393.59, 1636.97);
insert into STATION values (11, 'AP9', 64, 684202.00, 4760393.59, 1623.27);
insert into STATION values (12, 'AP10', 64, 684200.61, 4760397.99, 1618.96);
insert into STATION values (13, 'AP11', 64, 684200.61, 4760397.99, 1609.76);
insert into STATION values (14, 'AP12', 64, 684201.18, 4760400.59, 1607.38);
insert into STATION values (15, 'AP13', 64, 684200.33, 4760400.00, 1607.27);
insert into STATION values (16, 'AP14', 64, 684200.33, 4760400.00, 1597.19);
insert into STATION values (17, 'AP15', 64, 684199.18, 4760400.12, 1597.13);
insert into STATION values (18, 'AP16', 64, 684200.69, 4760403.94, 1588.32);
insert into STATION values (19, 'AP17', 64, 684200.69, 4760403.94, 1583.66);
insert into STATION values (20, 'AP18', 64, 684200.56, 4760408.76, 1580.02);
insert into STATION values (21, 'AP19', 64, 684200.56, 4760408.76, 1573.13);
insert into STATION values (22, 'AP20', 64, 684202.97, 4760413.20, 1565.05);
insert into STATION values (23, 'AP21', 64, 684202.97, 4760413.20, 1555.15);
insert into STATION values (24, 'AP22', 64, 684203.90, 4760415.07, 1554.71);
insert into STATION values (25, 'AP23', 64, 684203.42, 4760416.61, 1551.79);
insert into STATION values (26, 'AP24', 64, 684204.88, 4760417.91, 1546.96);
insert into STATION values (27, 'AP25', 64, 684204.88, 4760417.91, 1537.28);
insert into STATION values (28, 'AP26', 64, 684205.12, 4760419.36, 1536.25);
insert into STATION values (29, 'AP27', 64, 684205.48, 4760422.55, 1531.66);
insert into STATION values (30, 'AP28', 64, 684205.48, 4760422.55, 1504.26);
insert into STATION values (31, 'AP29', 64, 684210.40, 4760422.94, 1503.12);
insert into STATION values (32, 'AP30', 64, 684210.40, 4760422.94, 1494.80);
insert into STATION values (33, 'AP31', 64, 684210.74, 4760420.32, 1495.46);
insert into STATION values (34, 'AP32', 64, 684212.12, 4760418.60, 1494.08);
insert into STATION values (35, 'AP33', 64, 684212.02, 4760414.77, 1490.25);
insert into STATION values (36, 'AP34', 64, 684212.04, 4760412.42, 1490.25);
insert into STATION values (37, 'AP35', 64, 684212.04, 4760412.42, 1483.51);
insert into STATION values (38, 'AP36', 64, 684212.32, 4760409.98, 1482.71);
insert into STATION values (39, 'AP37', 64, 684212.01, 4760408.68, 1479.86);
insert into STATION values (40, 'AP38', 64, 684215.05, 4760403.91, 1479.96);
insert into STATION values (41, 'AP39', 64, 684216.63, 4760403.09, 1479.48);
insert into STATION values (42, 'AP40', 64, 684216.63, 4760403.09, 1472.68);
insert into STATION values (43, 'AP41', 64, 684220.62, 4760401.83, 1472.61);
insert into STATION values (44, 'AP42', 64, 684220.49, 4760401.05, 1472.83);
insert into STATION values (45, 'AP43', 64, 684221.69, 4760399.42, 1463.30);
insert into STATION values (46, 'AP44', 64, 684224.29, 4760396.16, 1460.04);
insert into STATION values (47, 'AP45', 64, 684224.29, 4760396.16, 1454.93);
insert into STATION values (48, 'AP46', 64, 684226.53, 4760395.95, 1454.73);
insert into STATION values (49, 'AP47', 64, 684229.63, 4760393.11, 1453.04);
insert into STATION values (50, 'AP48', 64, 684229.63, 4760393.11, 1457.24);
insert into STATION values (51, 'AP49', 64, 684233.12, 4760395.00, 1456.39);
insert into STATION values (52, 'AP50', 64, 684239.45, 4760395.95, 1449.99);
insert into STATION values (53, 'AP51', 64, 684240.65, 4760392.56, 1447.83);
insert into STATION values (54, 'AP52', 64, 684240.65, 4760392.56, 1445.13);
insert into STATION values (55, 'AP53', 64, 684239.01, 4760392.14, 1445.10);
insert into STATION values (56, 'AP54', 64, 684239.01, 4760392.14, 1443.92);
insert into STATION values (57, 'AP55', 64, 684237.39, 4760390.89, 1441.95);
insert into STATION values (58, 'AP56', 64, 684237.39, 4760390.89, 1438.70);
insert into STATION values (59, 'AP57', 64, 684240.60, 4760392.56, 1437.93);
insert into STATION values (60, 'AP58', 64, 684242.18, 4760393.73, 1436.79);
insert into STATION values (61, 'AP59', 64, 684246.06, 4760392.66, 1431.65);
insert into STATION values (62, 'AP60', 64, 684249.59, 4760392.51, 1421.92);
insert into STATION values (63, 'AP61', 64, 684251.45, 4760394.09, 1419.88);
insert into STATION values (64, 'AP62', 64, 684253.74, 4760396.87, 1413.10);
insert into STATION values (65, 'AP63', 64, 684256.74, 4760397.43, 1413.52);
insert into STATION values (66, 'AP64', 64, 684258.60, 4760396.84, 1407.50);
insert into STATION values (67, 'AP65', 64, 684259.95, 4760396.25, 1406.88);
insert into STATION values (68, 'AP66', 64, 684259.95, 4760396.25, 1396.34);
insert into STATION values (69, 'GN34', 64, 684259.75, 4760400.93, 1384.13);
insert into STATION values (70, 'L01', 64, 684260.40, 4760396.57, 1407.87);
insert into STATION values (71, 'L02', 64, 684261.60, 4760394.31, 1407.08);
insert into STATION values (72, 'L03', 64, 684263.50, 4760395.74, 1408.20);
insert into STATION values (73, 'L04', 64, 684264.14, 4760395.90, 1406.78);
insert into STATION values (74, 'L05', 64, 684266.42, 4760388.84, 1394.91);
insert into STATION values (75, 'L05A', 64, 684269.35, 4760387.34, 1395.79);
insert into STATION values (76, 'L06', 64, 684266.42, 4760388.84, 1394.21);
insert into STATION values (77, 'L07', 64, 684266.42, 4760388.84, 1389.21);
insert into STATION values (78, 'L08', 64, 684265.65, 4760387.65, 1389.11);
insert into STATION values (79, 'L09', 64, 684265.65, 4760387.65, 1382.99);
insert into STATION values (80, 'L09d', 64, 684265.65, 4760387.65, 1382.99);
insert into STATION values (81, 'L10', 64, 684266.40, 4760384.59, 1382.15);
insert into STATION values (82, 'L11', 64, 684260.73, 4760378.35, 1382.15);
insert into STATION values (83, 'L12', 64, 684259.93, 4760376.91, 1382.74);
insert into STATION values (84, 'L13', 64, 684254.18, 4760372.13, 1382.22);
insert into STATION values (85, 'L14', 64, 684249.53, 4760365.29, 1381.50);
insert into STATION values (86, 'L15', 64, 684245.17, 4760360.14, 1380.67);
insert into STATION values (87, 'L16', 64, 684242.60, 4760359.65, 1381.18);
insert into STATION values (88, 'L17', 64, 684231.98, 4760352.55, 1381.18);
insert into STATION values (89, 'L18', 64, 684228.73, 4760351.12, 1381.18);
insert into STATION values (90, 'L18A', 64, 684222.66, 4760354.24, 1381.18);
insert into STATION values (91, 'L19', 64, 684225.67, 4760347.50, 1381.51);
insert into STATION values (92, 'L20', 64, 684219.30, 4760346.75, 1380.95);
insert into STATION values (93, 'L21', 64, 684213.97, 4760339.74, 1380.95);
insert into STATION values (94, 'RN01', 428, 684238.86, 4760510.91, 1374.64);
insert into STATION values (95, 'RN01d', 428, 684238.86, 4760510.91, 1374.64);
insert into STATION values (96, 'RN02', 428, 684232.99, 4760517.21, 1373.31);
insert into STATION values (97, 'RN03', 428, 684227.06, 4760521.85, 1372.41);
insert into STATION values (98, 'RN04', 428, 684220.13, 4760533.86, 1371.51);
insert into STATION values (99, 'RN05', 428, 684216.85, 4760535.61, 1371.33);
insert into STATION values (100, 'RN06', 428, 684208.37, 4760537.88, 1371.67);
insert into STATION values (101, 'RN07', 428, 684200.81, 4760537.62, 1370.49);
insert into STATION values (102, 'RN08', 428, 684194.03, 4760539.31, 1370.88);
insert into STATION values (103, 'RN09', 428, 684186.45, 4760539.57, 1371.31);
insert into STATION values (104, 'RN10', 428, 684184.48, 4760541.48, 1371.50);
insert into STATION values (105, 'RN11', 428, 684178.07, 4760543.43, 1368.82);
insert into STATION values (106, 'RN12', 428, 684178.49, 4760545.41, 1368.73);
insert into STATION values (107, 'RN13', 428, 684175.23, 4760545.46, 1369.19);
insert into STATION values (108, 'RN17', 428, 684177.10, 4760546.55, 1368.81);
insert into STATION values (109, 'RN18', 428, 684177.10, 4760546.55, 1368.01);
insert into STATION values (110, 'RN20', 428, 684178.08, 4760543.43, 1366.64);
insert into STATION values (111, 'C01', 428, 684180.05, 4760541.09, 1367.13);
insert into STATION values (112, 'C02', 428, 684180.24, 4760538.90, 1367.43);
insert into STATION values (113, 'C03', 428, 684184.74, 4760535.98, 1368.68);
insert into STATION values (114, 'C04', 428, 684188.21, 4760536.91, 1369.00);
insert into STATION values (115, 'C05', 428, 684187.09, 4760534.25, 1369.52);
insert into STATION values (116, 'C06', 428, 684187.09, 4760534.25, 1367.55);
insert into STATION values (117, 'C07', 428, 684190.07, 4760535.98, 1365.88);
insert into STATION values (118, 'RN21', 428, 684175.39, 4760547.91, 1367.56);
insert into STATION values (119, 'RN21d', 428, 684175.39, 4760547.91, 1367.56);
insert into STATION values (120, 'RN22', 428, 684173.76, 4760549.13, 1367.05);
insert into STATION values (121, 'RN23', 428, 684171.08, 4760548.21, 1367.76);
insert into STATION values (122, 'RN24', 428, 684167.70, 4760549.05, 1368.06);
insert into STATION values (123, 'RN25', 428, 684153.98, 4760549.29, 1367.34);
insert into STATION values (124, 'D00', 428, 684153.98, 4760549.29, 1367.34);
insert into STATION values (125, 'VD01', 428, 684149.88, 4760549.22, 1367.34);
insert into STATION values (126, 'VD02', 428, 684148.09, 4760549.44, 1367.36);
insert into STATION values (127, 'VD03', 428, 684146.11, 4760549.16, 1367.39);
insert into STATION values (128, 'VD04', 428, 684144.59, 4760548.66, 1367.41);
insert into STATION values (129, 'PS01', 428, 684149.34, 4760555.94, 1366.20);
insert into STATION values (130, 'PS02', 428, 684148.51, 4760557.51, 1366.58);
insert into STATION values (131, 'PS03', 428, 684148.79, 4760557.72, 1366.58);
insert into STATION values (132, 'PS04', 428, 684152.85, 4760561.36, 1368.04);
insert into STATION values (133, 'PS05', 428, 684156.70, 4760567.50, 1368.55);
insert into STATION values (134, 'PS06', 428, 684159.71, 4760571.48, 1368.55);
insert into STATION values (135, 'PS07', 428, 684162.00, 4760571.39, 1368.31);
insert into STATION values (136, 'PS08', 428, 684162.74, 4760574.83, 1368.12);
insert into STATION values (137, 'PS09', 428, 684160.56, 4760578.62, 1367.59);
insert into STATION values (138, 'PS10', 428, 684159.26, 4760582.41, 1367.24);
insert into STATION values (139, 'PS11', 428, 684159.23, 4760584.84, 1367.19);
insert into STATION values (140, 'PS12', 428, 684159.23, 4760584.84, 1367.49);
insert into STATION values (141, 'PS13', 428, 684158.44, 4760587.13, 1367.15);
insert into STATION values (142, 'PS14', 428, 684159.87, 4760592.43, 1366.87);
insert into STATION values (143, 'PS15', 428, 684161.82, 4760596.60, 1366.79);
insert into STATION values (144, 'PS16', 428, 684165.54, 4760595.45, 1369.51);
insert into STATION values (145, 'PS17', 428, 684165.54, 4760595.45, 1369.91);
insert into STATION values (146, 'PS18', 428, 684169.45, 4760595.79, 1369.91);
insert into STATION values (147, 'PS19', 428, 684173.70, 4760595.70, 1370.74);
insert into STATION values (148, 'PS20', 428, 684173.70, 4760595.70, 1370.17);
insert into STATION values (149, 'PS21', 428, 684178.61, 4760596.13, 1369.65);
insert into STATION values (150, 'PS22', 428, 684184.43, 4760596.22, 1370.89);
insert into STATION values (151, 'PS23', 428, 684190.11, 4760595.30, 1371.90);
insert into STATION values (152, 'PS24', 428, 684194.98, 4760596.07, 1372.24);
insert into STATION values (153, 'PS25', 428, 684196.80, 4760595.40, 1373.03);
insert into STATION values (154, 'PS26', 428, 684203.24, 4760595.95, 1373.25);
insert into STATION values (155, 'PS27', 428, 684209.93, 4760595.35, 1374.20);
insert into STATION values (156, 'C08', 428, 684193.57, 4760534.27, 1364.00);
insert into STATION values (157, 'C09', 428, 684198.50, 4760531.54, 1362.50);
insert into STATION values (158, 'C10', 428, 684199.76, 4760529.75, 1360.17);
insert into STATION values (159, 'C11', 428, 684203.08, 4760527.91, 1361.27);
insert into STATION values (160, 'C12', 428, 684205.57, 4760524.61, 1363.47);
insert into STATION values (161, 'C13', 428, 684208.72, 4760524.06, 1364.52);
insert into STATION values (162, 'C14', 428, 684211.16, 4760521.93, 1366.63);
insert into STATION values (163, 'C15', 428, 684217.14, 4760521.52, 1366.34);
insert into STATION values (164, 'C16', 428, 684219.52, 4760519.46, 1366.84);
insert into STATION values (165, 'C17', 428, 684221.92, 4760518.81, 1367.85);
insert into STATION values (166, 'P1', 428, 684180.05, 4760541.09, 1365.63);
insert into STATION values (167, 'P2', 428, 684180.23, 4760541.87, 1365.63);
insert into STATION values (168, 'P3', 428, 684180.77, 4760544.25, 1363.72);
insert into STATION values (169, 'P4', 428, 684180.77, 4760544.25, 1363.12);
insert into STATION values (170, 'GN01', 428, 684246.84, 4760505.12, 1375.58);
insert into STATION values (171, 'GN02', 428, 684252.96, 4760496.70, 1375.46);
insert into STATION values (172, 'GN03', 428, 684254.21, 4760490.83, 1374.27);
insert into STATION values (173, 'GN04', 428, 684253.47, 4760490.27, 1374.00);
insert into STATION values (174, 'GN05', 428, 684257.27, 4760485.22, 1372.52);
insert into STATION values (175, 'GN06', 428, 684258.78, 4760482.81, 1372.32);
insert into STATION values (176, 'GN07', 428, 684258.12, 4760479.42, 1372.20);
insert into STATION values (177, 'GN08', 428, 684261.20, 4760477.78, 1371.71);
insert into STATION values (178, 'GN09', 428, 684263.74, 4760471.80, 1371.71);
insert into STATION values (179, 'GN10', 428, 684267.24, 4760468.97, 1371.55);
insert into STATION values (180, 'GN11', 428, 684271.52, 4760464.21, 1371.44);
insert into STATION values (181, 'GN12', 428, 684271.27, 4760461.79, 1372.38);
insert into STATION values (182, 'GN13', 428, 684273.15, 4760460.61, 1374.60);
insert into STATION values (183, 'GN14', 428, 684276.14, 4760453.56, 1375.40);
insert into STATION values (184, 'GN15', 428, 684278.72, 4760452.08, 1375.24);
insert into STATION values (185, 'GN16', 428, 684283.08, 4760448.42, 1375.64);
insert into STATION values (186, 'GN17', 428, 684285.38, 4760445.26, 1377.38);
insert into STATION values (187, 'GN18', 428, 684284.39, 4760439.65, 1379.57);
insert into STATION values (188, 'GN18A', 428, 684285.68, 4760440.70, 1380.73);
insert into STATION values (189, 'GN18B', 428, 684285.68, 4760440.70, 1374.81);
insert into STATION values (190, 'GN18C', 428, 684287.67, 4760444.01, 1374.27);
insert into STATION values (191, 'GN19', 428, 684278.76, 4760433.18, 1378.97);
insert into STATION values (192, 'GN20', 428, 684270.89, 4760427.02, 1379.32);
insert into STATION values (193, 'GN21', 428, 684263.64, 4760421.36, 1379.64);
insert into STATION values (194, 'GN22', 428, 684266.30, 4760422.60, 1379.02);
insert into STATION values (195, 'GN22A', 428, 684262.35, 4760418.36, 1379.12);
insert into STATION values (196, 'GN23', 428, 684257.22, 4760416.59, 1377.36);
insert into STATION values (197, 'GN24', 428, 684255.65, 4760415.41, 1376.48);
insert into STATION values (198, 'GN25', 428, 684259.85, 4760409.64, 1374.44);
insert into STATION values (199, 'GN26', 428, 684261.88, 4760404.60, 1371.17);
insert into STATION values (200, 'GN27', 428, 684264.85, 4760398.52, 1368.97);
insert into STATION values (201, 'GN28', 428, 684263.43, 4760395.61, 1364.82);
insert into STATION values (202, 'GN29', 428, 684264.58, 4760391.85, 1364.61);
insert into STATION values (203, 'GN30', 428, 684263.54, 4760390.73, 1363.87);
insert into STATION values (204, 'GN31', 428, 684252.34, 4760413.72, 1381.60);
insert into STATION values (205, 'GN31A', 428, 684247.56, 4760411.59, 1382.15);
insert into STATION values (206, 'VGN31B', 428, 684246.32, 4760411.04, 1382.29);
insert into STATION values (207, 'GN32', 428, 684254.85, 4760409.38, 1382.49);
insert into STATION values (208, 'GN33', 428, 684259.67, 4760403.21, 1383.73);
insert into STATION values (209, 'GN34', 428, 684259.75, 4760400.93, 1384.13);
insert into STATION values (210, 'GN01A', 428, 684256.01, 4760495.62, 1382.30);
insert into STATION values (211, 'GN01B', 428, 684252.92, 4760490.86, 1385.45);
insert into STATION values (212, 'GN01C', 428, 684256.21, 4760487.91, 1386.31);
insert into STATION values (213, 'GN01D', 428, 684258.04, 4760485.18, 1387.25);
insert into STATION values (214, 'PS03d', 428, 684148.79, 4760557.72, 1366.58);
insert into STATION values (215, 'VS2a', 428, 684146.12, 4760560.68, 1364.72);
insert into STATION values (216, 'VS2b', 428, 684147.28, 4760561.06, 1364.28);
insert into STATION values (217, 'Z00', 428, 684238.86, 4760509.62, 1373.83);
insert into STATION values (218, 'Z01', 428, 684238.86, 4760509.62, 1372.88);
insert into STATION values (219, 'Z02', 428, 684238.70, 4760510.16, 1372.75);
insert into STATION values (220, 'Z03', 428, 684235.21, 4760509.02, 1370.86);
insert into STATION values (221, 'Z04', 428, 684234.99, 4760510.59, 1369.62);
insert into STATION values (222, 'Z05', 428, 684231.41, 4760512.74, 1368.57);
insert into STATION values (223, 'Z06', 428, 684230.58, 4760514.67, 1367.76);
insert into STATION values (224, 'Z07', 428, 684228.93, 4760515.83, 1367.75);
insert into STATION values (225, 'Z08', 428, 684225.86, 4760517.98, 1367.08);
insert into STATION values (226, 'Z10', 428, 684235.66, 4760505.25, 1370.93);
insert into STATION values (227, 'Z10A', 428, 684230.37, 4760504.99, 1371.30);
insert into STATION values (228, 'Z10B', 428, 684239.88, 4760505.45, 1372.47);
insert into STATION values (229, 'Z11', 428, 684239.72, 4760503.33, 1368.92);
insert into STATION values (230, 'Z12', 428, 684242.63, 4760497.81, 1369.93);
insert into STATION values (231, 'Z12A', 428, 684246.60, 4760495.77, 1371.55);
insert into STATION values (232, 'Z13', 428, 684242.06, 4760497.24, 1370.44);
insert into STATION values (233, 'Z14', 428, 684238.63, 4760495.59, 1370.50);
insert into STATION values (234, 'Z15', 428, 684236.25, 4760495.60, 1369.58);
insert into STATION values (235, 'Z16', 428, 684232.23, 4760493.39, 1367.91);
insert into STATION values (236, 'Z17', 428, 684230.98, 4760493.46, 1367.28);
insert into STATION values (237, 'Z18', 428, 684233.27, 4760490.90, 1367.95);
insert into STATION values (238, 'Z19', 428, 684239.34, 4760490.02, 1369.27);
insert into STATION values (239, 'GN15A', 428, 684281.48, 4760452.12, 1375.73);
insert into STATION values (240, 'GN15B', 428, 684281.86, 4760452.78, 1375.38);
insert into STATION values (241, 'GN15C', 428, 684286.31, 4760453.16, 1376.57);
insert into STATION values (242, 'GN15D', 428, 684289.03, 4760451.17, 1376.45);
insert into STATION values (243, 'GN15E', 428, 684290.11, 4760450.82, 1378.87);
insert into STATION values (244, 'GN15F', 428, 684291.86, 4760450.72, 1379.99);
insert into STATION values (245, 'GN15G', 428, 684296.14, 4760448.53, 1380.84);
insert into STATION values (246, 'GN15H', 428, 684296.62, 4760446.73, 1380.77);
insert into STATION values (247, 'GN15I', 428, 684292.01, 4760446.25, 1380.77);
insert into STATION values (248, 'GN15J', 428, 684290.87, 4760444.80, 1379.99);
insert into STATION values (249, 'GN15K', 428, 684287.96, 4760444.08, 1379.13);
insert into STATION values (250, 'GN15L', 428, 684286.01, 4760445.04, 1378.12);
insert into STATION values (251, 'Y01', 428, 684259.09, 4760484.08, 1370.68);
insert into STATION values (252, 'Y02', 428, 684259.09, 4760484.08, 1367.93);
insert into STATION values (253, 'Y03', 428, 684259.42, 4760484.80, 1369.02);
insert into STATION values (254, 'Y04', 428, 684257.30, 4760485.33, 1368.00);
insert into STATION values (255, 'Y05', 428, 684255.75, 4760485.23, 1369.05);
insert into STATION values (256, 'Y06', 428, 684246.83, 4760488.15, 1369.29);
insert into STATION values (257, 'Y07', 428, 684242.02, 4760489.54, 1369.55);
insert into STATION values (258, 'A01', 428, 684258.82, 4760485.43, 1374.51);
insert into STATION values (259, 'A02', 428, 684261.19, 4760485.39, 1374.22);
insert into STATION values (260, 'A03', 428, 684267.16, 4760484.20, 1373.53);
insert into STATION values (261, 'A04', 428, 684269.01, 4760483.04, 1373.62);
insert into STATION values (262, 'A05', 428, 684271.29, 4760483.11, 1372.65);
insert into STATION values (263, 'A06', 428, 684271.29, 4760483.11, 1371.95);
insert into STATION values (264, 'A07', 428, 684274.05, 4760482.20, 1371.70);
insert into STATION values (265, 'A08', 428, 684275.54, 4760482.48, 1373.32);
insert into STATION values (266, 'A09', 428, 684282.43, 4760480.99, 1372.27);
insert into STATION values (267, 'A10', 428, 684282.43, 4760481.88, 1372.99);
insert into STATION values (268, 'A11', 428, 684284.19, 4760481.50, 1372.12);
insert into STATION values (269, 'A12', 428, 684287.82, 4760480.37, 1371.51);
insert into STATION values (270, 'A13', 428, 684289.57, 4760480.17, 1371.57);
insert into STATION values (271, 'A14', 428, 684291.30, 4760479.16, 1373.00);
insert into STATION values (272, 'A15', 428, 684292.72, 4760478.43, 1373.40);
insert into STATION values (273, 'A16', 428, 684297.72, 4760478.49, 1373.40);
insert into STATION values (274, 'CC01', 428, 684149.11, 4760555.56, 1366.87);
insert into STATION values (275, 'CC02', 428, 684144.04, 4760554.21, 1367.51);
insert into STATION values (276, 'CC03', 428, 684142.47, 4760552.95, 1369.45);
insert into STATION values (277, 'CC04', 428, 684141.18, 4760552.88, 1369.55);
insert into STATION values (278, 'SF01', 428, 684171.46, 4760543.86, 1369.91);
insert into STATION values (279, 'SF02', 428, 684170.51, 4760542.15, 1370.33);
insert into STATION values (280, 'SF03', 428, 684163.72, 4760542.27, 1369.97);
insert into STATION values (281, 'SF04', 428, 684157.49, 4760540.72, 1369.41);
insert into STATION values (282, 'SF05', 428, 684154.04, 4760540.90, 1368.99);
insert into STATION values (283, 'SF06', 428, 684152.94, 4760539.34, 1369.96);
insert into STATION values (284, 'SF07', 428, 684150.06, 4760538.09, 1371.16);
insert into STATION values (285, 'SF08', 428, 684142.27, 4760535.48, 1372.76);
insert into STATION values (286, 'SF09', 428, 684136.16, 4760535.22, 1371.24);
insert into STATION values (287, 'SF09A', 428, 684133.17, 4760532.28, 1372.76);
insert into STATION values (288, 'SF10', 428, 684135.28, 4760537.86, 1370.99);
insert into STATION values (289, 'SF10A', 428, 684127.81, 4760533.11, 1371.15);
insert into STATION values (290, 'SF10B', 428, 684126.48, 4760534.25, 1371.15);
insert into STATION values (291, 'SF10C', 428, 684133.26, 4760538.91, 1370.08);
insert into STATION values (292, 'SF10D', 428, 684130.93, 4760537.59, 1375.32);
insert into STATION values (293, 'SF11', 428, 684136.51, 4760543.95, 1371.43);
insert into STATION values (294, 'SF12', 428, 684134.46, 4760548.91, 1370.29);
insert into STATION values (295, 'SF12A', 428, 684141.38, 4760552.52, 1370.29);
insert into STATION values (296, 'SF13', 428, 684132.45, 4760554.28, 1369.89);
insert into STATION values (297, 'SF14', 428, 684129.71, 4760557.06, 1371.63);
insert into STATION values (298, 'SF15', 428, 684121.14, 4760559.60, 1372.10);
insert into STATION values (299, 'SF16', 428, 684112.49, 4760561.84, 1372.56);
insert into STATION values (300, 'SF17', 428, 684108.70, 4760561.67, 1372.56);
insert into STATION values (301, 'SF18', 428, 684103.73, 4760563.43, 1372.19);
insert into STATION values (302, 'SF19', 428, 684102.49, 4760562.45, 1372.25);
insert into STATION values (303, 'SF20', 428, 684102.49, 4760562.45, 1372.92);
insert into STATION values (304, 'SF21', 428, 684098.91, 4760564.31, 1373.27);
insert into STATION values (305, 'SF22', 428, 684095.37, 4760562.91, 1373.67);
insert into STATION values (306, 'SF23', 428, 684091.18, 4760565.28, 1374.09);
insert into STATION values (307, 'SF24', 428, 684090.15, 4760569.92, 1374.34);
insert into STATION values (308, 'SF25', 428, 684081.70, 4760570.14, 1373.75);
insert into STATION values (309, 'SF26', 428, 684074.53, 4760567.17, 1374.02);
insert into STATION values (310, 'SF27', 428, 684071.57, 4760569.61, 1375.35);
insert into STATION values (311, 'SF28', 428, 684068.61, 4760572.73, 1375.35);
insert into STATION values (312, 'SF29', 428, 684062.06, 4760578.94, 1375.82);
insert into STATION values (313, 'SF30', 428, 684058.83, 4760582.11, 1375.26);
insert into STATION values (314, 'SF31', 428, 684057.43, 4760580.41, 1375.73);
insert into STATION values (315, 'SF32', 428, 684054.23, 4760581.61, 1376.15);
insert into STATION values (316, 'SF33', 428, 684052.31, 4760580.77, 1376.00);
insert into STATION values (317, 'SF34', 428, 684052.91, 4760581.83, 1375.79);
insert into STATION values (318, 'SF35', 428, 684048.64, 4760584.05, 1377.08);
insert into STATION values (319, 'SF36', 428, 684045.97, 4760588.58, 1377.72);
insert into STATION values (320, 'SF37', 428, 684041.95, 4760594.01, 1377.72);
insert into STATION values (321, 'SF38', 428, 684037.20, 4760600.91, 1377.87);
insert into STATION values (322, 'SF39', 428, 684032.90, 4760606.13, 1378.23);
insert into STATION values (323, 'SF40', 428, 684030.48, 4760610.78, 1378.68);
insert into STATION values (324, 'SF41', 428, 684030.46, 4760612.93, 1377.77);
insert into STATION values (325, 'SF41A', 428, 684027.47, 4760610.95, 1382.04);
insert into STATION values (326, 'SF42', 428, 684033.65, 4760615.56, 1377.70);
insert into STATION values (327, 'SF43', 428, 684031.37, 4760617.13, 1378.39);
insert into STATION values (328, 'SF44', 428, 684032.35, 4760618.78, 1377.77);
insert into STATION values (329, 'SF44A', 428, 684030.18, 4760615.24, 1377.77);
insert into STATION values (330, 'SF45', 428, 684032.35, 4760618.78, 1375.75);
insert into STATION values (331, 'SF46', 428, 684035.49, 4760619.96, 1375.81);
insert into STATION values (332, 'SF47', 428, 684037.42, 4760622.38, 1376.02);
insert into STATION values (333, 'SF48', 428, 684037.20, 4760623.00, 1376.16);
insert into STATION values (334, 'SF49', 428, 684038.07, 4760624.90, 1375.62);
insert into STATION values (335, 'SF50', 428, 684039.82, 4760627.38, 1375.52);
insert into STATION values (336, 'SF51', 428, 684041.65, 4760626.76, 1375.83);
insert into STATION values (337, 'SF52', 428, 684044.84, 4760626.65, 1376.00);
insert into STATION values (338, 'SF43A', 428, 684031.37, 4760617.13, 1373.76);
insert into STATION values (339, 'SF43B', 428, 684029.69, 4760616.36, 1373.09);
insert into STATION values (340, 'SF43C', 428, 684029.69, 4760616.36, 1371.89);
insert into STATION values (341, 'SF43D', 428, 684027.90, 4760614.19, 1371.99);
insert into STATION values (342, 'SF43E', 428, 684026.16, 4760612.90, 1371.28);
insert into STATION values (343, 'SF43F', 428, 684026.16, 4760612.90, 1367.68);
insert into STATION values (344, 'SF43G', 428, 684022.98, 4760613.04, 1366.77);
insert into STATION values (345, 'SF52A', 428, 684048.87, 4760626.41, 1376.64);
insert into STATION values (346, 'SF53', 428, 684042.30, 4760623.91, 1378.07);
insert into STATION values (347, 'SF54', 428, 684039.46, 4760622.96, 1378.46);
insert into STATION values (348, 'SF55', 428, 684036.69, 4760625.47, 1375.59);
insert into STATION values (349, 'GB01', 428, 684034.03, 4760625.87, 1374.28);
insert into STATION values (350, 'GB02', 428, 684034.73, 4760628.74, 1373.54);
insert into STATION values (351, 'GB03', 428, 684032.04, 4760632.24, 1373.93);
insert into STATION values (352, 'GB04', 428, 684031.07, 4760633.56, 1374.56);
insert into STATION values (353, 'GB05', 428, 684037.02, 4760636.66, 1374.91);
insert into STATION values (354, 'GB06', 428, 684041.52, 4760636.54, 1374.99);
insert into STATION values (355, 'GB07', 428, 684046.44, 4760639.10, 1375.67);
insert into STATION values (356, 'GB08', 428, 684052.60, 4760640.70, 1376.22);
insert into STATION values (357, 'GB09', 428, 684057.32, 4760642.01, 1376.40);
insert into STATION values (358, 'GB10', 428, 684063.07, 4760643.08, 1379.13);
insert into STATION values (359, 'GB11', 428, 684067.55, 4760645.12, 1378.26);
insert into STATION values (360, 'GB12', 428, 684067.88, 4760647.62, 1378.35);
insert into STATION values (361, 'GB13', 428, 684072.13, 4760648.87, 1378.81);
insert into STATION values (362, 'GB14', 428, 684076.44, 4760649.67, 1379.12);
insert into STATION values (363, 'GB15', 428, 684081.91, 4760651.30, 1378.52);
insert into STATION values (364, 'GB16VISEE', 428, 684086.07, 4760650.90, 1382.69);
insert into STATION values (365, 'GB17', 428, 684060.53, 4760640.87, 1374.43);
insert into STATION values (366, 'GB18', 428, 684064.19, 4760640.06, 1374.82);
insert into STATION values (367, 'GB19', 428, 684069.55, 4760638.47, 1374.03);
insert into STATION values (368, 'GB20', 428, 684078.78, 4760638.07, 1373.39);
insert into STATION values (369, 'GB21', 428, 684085.79, 4760637.89, 1372.77);
insert into STATION values (370, 'GB22', 428, 684089.44, 4760635.82, 1372.18);
insert into STATION values (371, 'GB10A', 428, 684067.70, 4760641.16, 1379.92);
insert into STATION values (372, 'GB10B', 428, 684071.84, 4760642.08, 1380.67);
insert into STATION values (373, 'GB23', 428, 684095.65, 4760638.77, 1372.28);
insert into STATION values (374, 'GB24', 428, 684095.26, 4760639.95, 1372.31);
insert into STATION values (375, 'GB25', 428, 684094.79, 4760644.87, 1372.65);
insert into STATION values (376, 'GB26', 428, 684096.27, 4760650.53, 1373.76);
insert into STATION values (377, 'GB27', 428, 684096.27, 4760650.53, 1369.31);
insert into STATION values (378, 'GB28', 428, 684096.26, 4760652.13, 1369.42);
insert into STATION values (379, 'GB29', 428, 684086.85, 4760653.39, 1368.84);
insert into STATION values (380, 'GB30', 428, 684086.86, 4760651.82, 1370.40);
insert into STATION values (381, 'GB31', 428, 684082.58, 4760652.17, 1370.77);
insert into STATION values (382, 'GB32', 428, 684080.99, 4760652.21, 1370.63);
insert into STATION values (383, 'GB33', 428, 684080.99, 4760652.21, 1369.57);
insert into STATION values (384, 'GB34', 428, 684082.75, 4760651.72, 1368.67);
insert into STATION values (385, 'GB35', 428, 684083.71, 4760651.79, 1368.41);
insert into STATION values (386, 'E01', 428, 684078.75, 4760567.34, 1374.02);
insert into STATION values (387, 'E02', 428, 684076.61, 4760565.99, 1374.22);
insert into STATION values (388, 'E03', 428, 684074.04, 4760565.84, 1374.37);
insert into STATION values (389, 'E04', 428, 684070.79, 4760564.76, 1374.67);
insert into STATION values (390, 'E05', 428, 684066.82, 4760564.46, 1374.55);
insert into STATION values (391, 'E06', 428, 684061.19, 4760563.12, 1374.53);
insert into STATION values (392, 'E07', 428, 684056.55, 4760562.93, 1374.22);
insert into STATION values (393, 'E08', 428, 684054.28, 4760563.43, 1374.80);
insert into STATION values (394, 'E09', 428, 684051.12, 4760569.04, 1374.33);
insert into STATION values (395, 'E10', 428, 684045.29, 4760571.47, 1374.37);
insert into STATION values (396, 'E11', 428, 684039.60, 4760571.14, 1374.74);
insert into STATION values (397, 'E12', 428, 684039.80, 4760572.62, 1374.82);
insert into STATION values (398, 'E01A', 428, 684083.27, 4760568.34, 1373.65);
insert into STATION values (399, 'E01B', 428, 684083.55, 4760569.27, 1374.07);
insert into STATION values (400, 'E01C', 428, 684076.18, 4760574.17, 1374.43);
insert into STATION values (401, 'E01D', 428, 684071.46, 4760576.34, 1374.06);
insert into STATION values (402, 'GN310', 428, 684252.34, 4760413.72, 1380.76);
insert into STATION values (403, 'GN311', 428, 684253.61, 4760412.90, 1379.45);
insert into STATION values (404, 'GN312', 428, 684253.72, 4760411.95, 1378.38);
insert into STATION values (405, 'GN313', 428, 684253.72, 4760411.95, 1367.80);
insert into STATION values (406, 'SF32A', 428, 684055.69, 4760581.88, 1375.85);
insert into STATION values (407, 'SF32B', 428, 684057.24, 4760584.21, 1376.14);
insert into STATION values (408, 'SF32C', 428, 684057.24, 4760584.21, 1379.32);
insert into STATION values (409, 'SF33A', 428, 684051.77, 4760580.01, 1376.46);
insert into STATION values (410, 'SF33AA', 428, 684058.28, 4760579.94, 1376.00);
insert into STATION values (411, 'SF33B', 428, 684047.19, 4760581.56, 1380.37);
insert into STATION values (412, 'SF31A', 428, 684057.43, 4760580.41, 1376.70);
insert into STATION values (413, 'SF31B', 428, 684057.01, 4760580.08, 1376.76);
insert into STATION values (414, 'SF31C', 428, 684052.52, 4760581.68, 1377.04);
insert into STATION values (415, 'SF33C', 428, 684045.57, 4760580.36, 1380.06);
insert into STATION values (416, 'SF33D', 428, 684044.02, 4760581.83, 1380.40);
insert into STATION values (417, 'SF33E', 428, 684044.02, 4760581.83, 1370.70);
insert into STATION values (418, 'SF33C1', 428, 684044.08, 4760579.42, 1376.88);
insert into STATION values (419, 'SF33C2', 428, 684043.19, 4760578.38, 1376.16);
insert into STATION values (420, 'SF33C3', 428, 684043.19, 4760578.38, 1372.58);
insert into STATION values (421, 'SF33C4', 428, 684045.37, 4760576.57, 1370.36);
insert into STATION values (422, 'SF33Z', 428, 684044.02, 4760581.83, 1380.90);
insert into STATION values (423, 'SF33Y', 428, 684042.61, 4760582.34, 1383.80);
insert into STATION values (424, 'SF33X', 428, 684043.68, 4760584.38, 1388.23);
insert into STATION values (425, 'S3_0', 428, 684161.82, 4760596.60, 1366.79);
insert into STATION values (426, 'S3_1', 428, 684165.36, 4760597.65, 1365.90);
insert into STATION values (427, 'S3_2', 428, 684160.16, 4760600.64, 1367.14);
insert into STATION values (428, 'S3_3', 428, 684155.67, 4760600.89, 1366.95);
insert into STATION values (429, 'S3_4', 428, 684150.68, 4760600.19, 1366.75);
insert into STATION values (430, 'S3_5', 428, 684147.72, 4760601.82, 1367.39);
insert into STATION values (431, 'S3_6', 428, 684148.59, 4760603.80, 1366.60);
insert into STATION values (432, 'S3_7', 428, 684153.08, 4760603.78, 1366.67);
insert into STATION values (433, 'S3_8', 428, 684155.88, 4760603.64, 1367.62);
insert into STATION values (434, 'S3_9', 428, 684160.54, 4760605.01, 1366.78);
insert into STATION values (435, 'S3_10', 428, 684162.05, 4760606.41, 1366.73);
insert into STATION values (436, 'S3_11', 428, 684170.60, 4760606.80, 1366.52);
insert into STATION values (437, 'S3_12', 428, 684173.89, 4760607.63, 1366.64);
insert into STATION values (438, 'S3_13', 428, 684181.01, 4760608.31, 1367.33);
insert into STATION values (439, 'S3_14', 428, 684185.13, 4760608.08, 1368.03);
insert into STATION values (440, 'S3_15', 428, 684184.94, 4760608.10, 1364.31);
insert into STATION values (441, 'S3_16', 428, 684170.99, 4760608.45, 1362.65);
insert into STATION values (442, 'S3_17', 428, 684171.28, 4760609.09, 1363.28);
insert into STATION values (443, 'S3_18', 428, 684156.30, 4760608.20, 1363.48);
insert into STATION values (444, 'S3_19', 428, 684152.00, 4760609.03, 1360.89);
insert into STATION values (445, 'S3_20', 428, 684148.45, 4760610.40, 1361.24);
insert into STATION values (446, 'S3_21', 428, 684142.22, 4760612.63, 1361.15);
insert into STATION values (447, 'S3_22', 428, 684131.84, 4760616.14, 1360.85);
insert into STATION values (448, 'S3_23', 428, 684126.80, 4760618.30, 1360.36);
insert into STATION values (449, 'S3_24', 428, 684120.28, 4760619.19, 1360.41);
insert into STATION values (450, 'S3_25', 428, 684117.19, 4760620.03, 1360.24);
insert into STATION values (451, 'S3_26', 428, 684114.10, 4760618.02, 1360.33);
insert into STATION values (452, 'S3_27', 428, 684109.79, 4760619.54, 1360.21);
insert into STATION values (453, 'S3_28', 428, 684114.61, 4760620.75, 1360.33);
insert into STATION values (454, 'S3_29', 428, 684105.40, 4760631.96, 1359.14);
insert into STATION values (455, 'S3_30', 428, 684102.65, 4760631.94, 1360.64);
insert into STATION values (456, 'S3_31', 428, 684097.32, 4760633.11, 1359.92);
insert into STATION values (457, 'S3_32', 428, 684095.18, 4760630.87, 1360.11);
insert into STATION values (458, 'S3_33', 428, 684089.72, 4760628.70, 1359.65);
insert into STATION values (459, 'S3_34', 428, 684078.69, 4760630.87, 1359.09);
insert into STATION values (460, 'S3_35', 428, 684075.53, 4760633.05, 1359.05);
insert into STATION values (461, 'S3_36', 428, 684073.08, 4760632.49, 1359.02);
insert into STATION values (462, 'S3_37', 428, 684071.17, 4760631.48, 1359.04);
insert into STATION values (463, 'S3_38', 428, 684069.24, 4760633.97, 1359.60);
insert into STATION values (464, 'S3_39', 428, 684067.19, 4760633.64, 1360.01);
insert into STATION values (465, 'S3_40', 428, 684065.80, 4760635.23, 1359.82);
insert into STATION values (466, 'S3_41', 428, 684062.92, 4760635.14, 1358.98);
insert into STATION values (467, 'S3_42', 428, 684061.31, 4760634.70, 1358.29);
insert into STATION values (468, 'S3_43', 428, 684052.26, 4760635.77, 1358.03);
insert into STATION values (469, 'S3_44', 428, 684046.51, 4760637.14, 1357.95);
insert into STATION values (470, 'S3_45', 428, 684036.79, 4760637.20, 1357.96);
insert into STATION values (471, 'S3_46', 428, 684032.20, 4760638.47, 1358.33);
insert into STATION values (472, 'S3_47', 428, 684017.06, 4760638.14, 1358.44);
insert into STATION values (473, 'S3_48', 428, 684014.41, 4760639.94, 1358.79);
insert into STATION values (474, 'S3_49', 428, 683993.37, 4760636.47, 1358.61);
insert into STATION values (475, 'S3_50', 428, 683984.49, 4760636.45, 1359.75);
insert into STATION values (476, 'S3_51', 428, 683980.18, 4760636.17, 1357.76);
insert into STATION values (477, 'S3_52', 428, 683975.78, 4760635.33, 1358.92);
insert into STATION values (478, 'S3_53', 428, 683955.02, 4760637.86, 1357.79);
insert into STATION values (479, 'S3_54', 428, 683949.51, 4760636.77, 1357.52);
insert into STATION values (480, 'S3_55', 428, 683945.62, 4760637.40, 1357.34);
insert into STATION values (481, 'S3_56', 428, 683940.04, 4760636.12, 1357.34);
insert into STATION values (482, 'S3_57', 428, 683920.72, 4760639.66, 1358.10);
insert into STATION values (483, 'S3_58', 428, 683918.83, 4760643.96, 1357.52);
insert into STATION values (484, 'S3_59', 428, 683906.88, 4760644.93, 1357.27);
insert into STATION values (485, 'S3_60', 428, 683902.14, 4760648.14, 1357.06);
insert into STATION values (486, 'S3_61', 428, 683902.03, 4760653.86, 1357.11);
insert into STATION values (487, 'S3_62', 428, 683911.32, 4760655.58, 1356.12);
insert into STATION values (488, 'S3_63', 428, 683915.25, 4760654.78, 1356.97);
insert into STATION values (489, 'S3_64', 428, 683921.78, 4760656.86, 1356.55);
insert into STATION values (490, 'S3_65', 428, 683929.43, 4760655.12, 1356.38);
insert into STATION values (491, 'S3_66', 428, 683934.84, 4760656.92, 1356.21);
insert into STATION values (492, 'S3_67', 428, 683940.01, 4760657.35, 1356.82);
insert into STATION values (493, 'S3_68', 428, 683945.25, 4760656.66, 1356.60);
insert into STATION values (494, 'S3_69', 428, 683947.68, 4760661.80, 1356.79);
insert into STATION values (495, 'S3_70', 428, 683950.89, 4760667.94, 1356.31);
insert into STATION values (496, 'S3_71', 428, 683956.65, 4760671.85, 1356.77);
insert into STATION values (497, 'S3_72', 428, 683966.78, 4760671.08, 1356.06);
insert into STATION values (498, 'S3_73', 428, 683974.54, 4760672.59, 1355.39);
insert into STATION values (499, 'S3_74', 428, 683980.24, 4760674.93, 1355.71);
insert into STATION values (500, 'S3_75', 428, 684188.63, 4760606.46, 1365.46);
insert into STATION values (501, 'S3_76', 428, 684194.23, 4760604.99, 1366.38);
insert into STATION values (502, 'S3_77', 428, 684197.52, 4760602.52, 1366.49);
insert into STATION values (503, 'S3_78', 428, 684199.56, 4760602.97, 1365.98);
insert into STATION values (504, 'S3_79', 428, 684200.16, 4760601.89, 1366.04);
insert into STATION values (505, 'S3_80', 428, 684204.42, 4760599.67, 1366.34);
insert into STATION values (506, 'S3_81', 428, 683984.14, 4760673.03, 1355.84);
insert into STATION values (507, 'S3_82', 428, 683988.66, 4760672.73, 1355.74);
insert into STATION values (508, 'S3_83', 428, 683993.02, 4760673.63, 1356.39);
insert into STATION values (509, 'S3_84', 428, 683997.24, 4760672.23, 1358.10);
insert into STATION values (510, 'S3_85', 428, 684006.41, 4760672.66, 1356.31);
insert into STATION values (511, 'S3_86', 428, 684012.25, 4760673.86, 1356.20);
insert into STATION values (512, 'S3_87', 428, 684016.94, 4760674.08, 1356.06);
insert into STATION values (513, 'S3_88', 428, 684020.93, 4760674.06, 1356.88);
insert into STATION values (514, 'S3_89', 428, 684023.91, 4760675.89, 1357.02);
insert into STATION values (515, 'S3_90', 428, 684030.28, 4760675.85, 1356.19);
insert into STATION values (516, 'S3_91', 428, 684035.05, 4760676.50, 1356.95);
insert into STATION values (517, 'S3_92', 428, 684041.28, 4760677.78, 1356.15);
insert into STATION values (518, 'S3_93', 428, 684043.36, 4760676.64, 1356.37);
insert into STATION values (519, 'S3_94', 428, 684050.07, 4760679.58, 1355.80);
insert into STATION values (520, 'S3_97', 428, 683988.33, 4760675.07, 1351.43);
insert into STATION values (521, 'S3_98', 428, 684198.51, 4760603.75, 1368.92);
insert into STATION values (522, 'S3_99', 428, 684201.42, 4760601.56, 1369.17);
insert into STATION values (523, 'S3_100', 428, 684205.14, 4760599.23, 1368.96);
insert into STATION values (524, 'S3_101', 428, 684207.24, 4760598.31, 1368.88);
insert into STATION values (525, 'S3_102', 428, 684209.77, 4760597.03, 1369.41);
insert into STATION values (526, 'S3_103', 428, 684212.23, 4760597.19, 1369.51);
insert into STATION values (527, 'S3_104', 428, 684214.04, 4760595.39, 1369.19);
insert into STATION values (528, 'S3_105', 428, 684217.44, 4760593.74, 1368.11);
insert into STATION values (529, 'S3_106', 428, 684220.46, 4760591.47, 1369.15);
insert into STATION values (530, 'S3_107', 428, 684223.48, 4760590.35, 1370.31);
insert into STATION values (531, 'S3_108', 428, 684225.80, 4760589.07, 1370.42);
insert into STATION values (532, 'S3_109', 428, 684227.25, 4760589.20, 1371.46);
insert into STATION values (533, 'S3_110', 428, 684231.18, 4760588.31, 1374.52);
insert into STATION values (534, 'S3_111', 428, 684233.41, 4760587.51, 1374.58);
insert into STATION values (535, 'S3_112', 428, 684236.09, 4760585.60, 1373.61);
insert into STATION values (536, 'S3_113', 428, 684240.40, 4760583.38, 1374.01);
insert into STATION values (537, 'S3_114', 428, 684243.61, 4760583.29, 1374.58);
insert into STATION values (538, 'S3_115', 428, 684245.50, 4760583.56, 1375.73);
insert into STATION values (539, 'S3_116', 428, 684249.59, 4760581.51, 1376.94);
insert into STATION values (540, 'S3_117', 428, 684250.31, 4760579.56, 1377.09);
insert into STATION values (541, 'S3_118', 428, 684253.56, 4760577.27, 1377.85);
insert into STATION values (542, 'S3_119', 428, 684255.49, 4760576.85, 1378.20);
insert into STATION values (543, 'S3_120', 428, 684260.31, 4760571.88, 1378.57);
insert into STATION values (544, 'S3_121', 428, 684261.50, 4760572.42, 1378.45);
insert into STATION values (545, 'S3_122', 428, 684265.16, 4760570.16, 1378.60);
insert into STATION values (546, 'S3_123', 428, 684267.17, 4760569.08, 1379.17);
insert into STATION values (547, 'S3_124', 428, 684268.08, 4760568.19, 1379.06);
insert into STATION values (548, 'S3_125', 428, 684269.97, 4760567.10, 1379.32);
insert into STATION values (549, 'S3_126', 428, 684272.66, 4760566.10, 1378.51);
insert into STATION values (550, 'S3_127', 428, 684274.92, 4760565.41, 1378.23);
insert into STATION values (551, 'S3_128', 428, 684277.36, 4760563.75, 1378.34);
insert into STATION values (552, 'S3_129', 428, 684279.93, 4760563.14, 1378.66);
insert into STATION values (553, 'S3_130', 428, 684282.46, 4760561.39, 1378.67);
insert into STATION values (554, 'S3_131', 428, 684285.99, 4760560.44, 1378.97);
insert into STATION values (555, 'S3_132', 428, 684289.08, 4760558.22, 1380.18);
insert into STATION values (556, 'S3_133', 428, 684291.81, 4760555.93, 1380.92);
insert into STATION values (557, 'S3_134', 428, 684293.98, 4760554.41, 1380.71);
insert into STATION values (558, 'S3_135', 428, 684295.16, 4760553.21, 1380.61);
insert into STATION values (559, 'S3_136', 428, 684298.75, 4760551.75, 1380.69);
insert into STATION values (560, 'S3_137', 428, 684301.24, 4760550.83, 1380.53);
insert into STATION values (561, 'S3_138', 428, 684303.47, 4760549.30, 1380.61);
insert into STATION values (562, 'S3_139', 428, 684305.88, 4760547.56, 1381.43);
insert into STATION values (563, 'S3_140', 428, 684307.45, 4760545.88, 1380.13);
insert into STATION values (564, 'S3_141', 428, 684309.39, 4760544.72, 1380.70);
insert into STATION values (565, 'S3_142', 428, 684311.69, 4760542.11, 1380.22);
insert into STATION values (566, '10_2', 428, 684134.89, 4760712.40, 1353.42);
insert into STATION values (567, '10_3', 428, 684131.78, 4760710.03, 1353.12);
insert into STATION values (568, '10_4', 428, 684129.33, 4760709.74, 1353.07);
insert into STATION values (569, '10_5', 428, 684128.56, 4760706.10, 1353.28);
insert into STATION values (570, '10_6', 428, 684122.03, 4760702.14, 1353.64);
insert into STATION values (571, '10_7', 428, 684115.57, 4760700.51, 1353.25);
insert into STATION values (572, '10_8', 428, 684108.14, 4760697.82, 1353.57);
insert into STATION values (573, '10_9', 428, 684098.92, 4760694.49, 1353.43);
insert into STATION values (574, '10_10', 428, 684094.87, 4760692.20, 1352.94);
insert into STATION values (575, '10_11', 428, 684092.50, 4760691.05, 1353.50);
insert into STATION values (576, '10_12', 428, 684089.68, 4760691.04, 1353.81);
insert into STATION values (577, '10_13', 428, 684085.58, 4760689.15, 1353.55);
insert into STATION values (578, '10_14', 428, 684085.15, 4760688.98, 1356.45);
insert into STATION values (579, '10_15', 428, 684079.33, 4760688.32, 1356.78);
insert into STATION values (580, '10_16', 428, 684072.40, 4760688.20, 1356.81);
insert into STATION values (581, '10_17', 428, 684069.35, 4760686.27, 1356.12);
insert into STATION values (582, '10_18', 428, 684070.51, 4760684.71, 1356.00);
insert into STATION values (583, '10_19', 428, 684073.53, 4760683.36, 1356.96);
insert into STATION values (584, '10_20', 428, 684082.79, 4760686.97, 1357.04);
insert into STATION values (585, '10_21', 428, 684086.13, 4760686.19, 1356.98);
insert into STATION values (586, '10_22', 428, 684088.99, 4760687.09, 1357.14);
insert into STATION values (587, '10_23', 428, 684093.92, 4760685.40, 1357.08);
insert into STATION values (588, '10_24', 428, 684098.15, 4760685.17, 1357.63);
insert into STATION values (589, '10_25', 428, 684096.51, 4760683.62, 1357.94);
insert into STATION values (590, '10_26', 428, 684094.22, 4760682.79, 1357.41);
insert into STATION values (591, '10_27', 428, 684089.44, 4760682.83, 1357.36);
insert into STATION values (592, '10_28', 428, 684080.59, 4760679.47, 1356.28);
insert into STATION values (593, '10_29', 428, 684074.57, 4760679.10, 1357.07);
insert into STATION values (594, '10_30', 428, 684073.25, 4760677.32, 1358.51);
insert into STATION values (595, '10_31', 428, 684068.52, 4760677.70, 1358.64);
insert into STATION values (596, '10_32', 428, 684065.10, 4760676.90, 1359.36);
insert into STATION values (597, '10_33', 428, 684063.91, 4760677.13, 1359.70);
insert into STATION values (598, '10_34', 428, 684063.40, 4760676.40, 1360.92);
insert into STATION values (599, '10_35', 428, 684059.93, 4760677.28, 1360.66);
insert into STATION values (600, '10_36', 428, 684057.18, 4760676.94, 1359.38);
insert into STATION values (601, '10_37', 428, 684050.07, 4760679.58, 1355.80);
insert into STATION values (602, '4_0', 3383, 684188.29, 4760326.55, 1374.96);
insert into STATION values (603, '4_1', 3383, 684193.17, 4760329.78, 1374.28);
insert into STATION values (604, '4_2', 3383, 684197.10, 4760330.77, 1374.66);
insert into STATION values (605, '4_3', 3383, 684203.68, 4760332.20, 1373.44);
insert into STATION values (606, '4_4', 3383, 684208.40, 4760336.48, 1374.97);
insert into STATION values (607, '4_5', 3383, 684203.25, 4760338.15, 1375.46);
insert into STATION values (608, '4_6', 3383, 684213.77, 4760351.08, 1364.62);
insert into STATION values (609, '4_7', 3383, 684223.01, 4760354.35, 1365.74);
insert into STATION values (610, '4_8', 3383, 684227.11, 4760356.42, 1365.22);
insert into STATION values (611, '4_9', 3383, 684232.59, 4760356.39, 1365.30);
insert into STATION values (612, '4_10', 3383, 684235.05, 4760359.20, 1365.32);
insert into STATION values (613, '4_11', 3383, 684234.81, 4760361.62, 1365.64);
insert into STATION values (614, '4_12', 3383, 684240.42, 4760363.54, 1366.90);
insert into STATION values (615, '4_13', 3383, 684246.96, 4760366.28, 1366.95);
insert into STATION values (616, '4_14', 3383, 684253.27, 4760367.32, 1367.97);
insert into STATION values (617, '4_15', 3383, 684254.79, 4760371.76, 1368.23);
insert into STATION values (618, '4_16', 3383, 684258.36, 4760374.97, 1368.96);
insert into STATION values (619, '4_17', 3383, 684258.91, 4760375.95, 1369.11);
insert into STATION values (620, '4_18', 3383, 684261.35, 4760382.10, 1365.67);
insert into STATION values (621, '4_19', 3383, 684262.74, 4760381.57, 1364.98);
insert into STATION values (622, 'GN30', 3383, 684263.54, 4760390.73, 1363.87);
insert into STATION values (623, '2_0', 3383, 684263.54, 4760390.81, 1363.87);
insert into STATION values (624, '2_1', 3383, 684264.76, 4760387.56, 1364.55);
insert into STATION values (625, '2_2', 3383, 684262.53, 4760383.63, 1364.82);
insert into STATION values (626, '3_0', 3383, 684263.54, 4760390.65, 1363.87);
insert into STATION values (627, '3_1', 3383, 684260.88, 4760391.20, 1364.55);
insert into STATION values (628, '3_2', 3383, 684260.31, 4760390.95, 1364.52);
insert into STATION values (629, '3_3', 3383, 684258.07, 4760391.46, 1364.64);
insert into STATION values (630, '1_1', 3383, 684264.67, 4760392.48, 1364.71);
insert into STATION values (631, '1_2', 3383, 684263.47, 4760394.19, 1364.98);
insert into STATION values (632, '1_3', 3383, 684263.50, 4760396.93, 1364.64);
insert into STATION values (633, '1_4', 3383, 684265.83, 4760397.10, 1365.89);
insert into STATION values (634, '1_5', 3383, 684268.06, 4760398.24, 1366.91);
insert into STATION values (635, '1_6', 3383, 684270.75, 4760399.16, 1367.06);
insert into STATION values (636, '1_7', 3383, 684273.96, 4760400.18, 1369.02);
insert into STATION values (637, '1_8', 3383, 684275.84, 4760399.46, 1366.45);
insert into STATION values (638, '1_9', 3383, 684281.45, 4760401.79, 1368.67);
insert into STATION values (639, '5_0', 3383, 684318.97, 4760258.10, 1402.90);
insert into STATION values (640, '5_1', 3383, 684313.15, 4760258.34, 1402.43);
insert into STATION values (641, '5_2', 3383, 684306.34, 4760253.35, 1405.64);
insert into STATION values (642, '5_3', 3383, 684301.05, 4760255.54, 1404.44);
insert into STATION values (643, '5_4', 3383, 684300.51, 4760258.21, 1403.46);
insert into STATION values (644, '5_5', 3383, 684293.01, 4760259.88, 1401.97);
insert into STATION values (645, '5_6', 3383, 684287.78, 4760258.46, 1401.49);
insert into STATION values (646, '5_7', 3383, 684286.07, 4760258.27, 1402.87);
insert into STATION values (647, '5_8', 3383, 684280.37, 4760259.96, 1401.69);
insert into STATION values (648, '5_9', 3383, 684271.62, 4760261.04, 1400.48);
insert into STATION values (649, '5_10', 3383, 684268.05, 4760259.61, 1398.71);
insert into STATION values (650, '5_11', 3383, 684261.36, 4760260.21, 1399.13);
insert into STATION values (651, '5_12', 3383, 684253.04, 4760260.39, 1398.66);
insert into STATION values (652, '5_13', 3383, 684247.35, 4760259.27, 1399.03);
insert into STATION values (653, '5_14', 3383, 684244.76, 4760258.55, 1399.29);
insert into STATION values (654, '5_15', 3383, 684242.59, 4760258.51, 1400.36);
insert into STATION values (655, '5_16', 3383, 684238.00, 4760259.66, 1398.85);
insert into STATION values (656, '5_17', 3383, 684235.05, 4760259.12, 1397.35);
insert into STATION values (657, '5_18', 3383, 684233.40, 4760259.55, 1397.29);
insert into STATION values (658, '5_19', 3383, 684231.23, 4760260.76, 1395.63);
insert into STATION values (659, '5_20', 3383, 684229.12, 4760261.98, 1394.04);
insert into STATION values (660, '5_21', 3383, 684226.46, 4760261.63, 1394.31);
insert into STATION values (661, '5_22', 3383, 684224.76, 4760262.15, 1393.42);
insert into STATION values (662, '5_23', 3383, 684222.44, 4760263.45, 1393.94);
insert into STATION values (663, '5_24', 3383, 684218.46, 4760261.10, 1393.99);
insert into STATION values (664, '5_25', 3383, 684213.86, 4760261.64, 1393.59);
insert into STATION values (665, '5_26', 3383, 684211.26, 4760259.71, 1392.85);
insert into STATION values (666, '5_27', 3383, 684205.43, 4760262.31, 1391.00);
insert into STATION values (667, '5_28', 3383, 684200.16, 4760260.49, 1391.07);
insert into STATION values (668, '5_29', 3383, 684196.69, 4760261.53, 1390.45);
insert into STATION values (669, '5_30', 3383, 684194.27, 4760257.32, 1390.25);
insert into STATION values (670, '5_31', 3383, 684192.07, 4760259.10, 1389.53);
insert into STATION values (671, '5_32', 3383, 684185.68, 4760259.60, 1389.86);
insert into STATION values (672, '5_33', 3383, 684183.28, 4760263.24, 1389.85);
insert into STATION values (673, '5_34', 3383, 684176.51, 4760261.12, 1389.15);
insert into STATION values (674, '5_35', 3383, 684166.80, 4760257.22, 1388.85);
insert into STATION values (675, '5_36', 3383, 684162.62, 4760255.54, 1388.31);
insert into STATION values (676, '5_37', 3383, 684160.55, 4760261.22, 1388.67);
insert into STATION values (677, '5_38', 3383, 684156.15, 4760261.38, 1388.57);
insert into STATION values (678, '5_39', 3383, 684153.09, 4760263.90, 1388.49);
insert into STATION values (679, '5_40', 3383, 684148.43, 4760264.22, 1388.37);
insert into STATION values (680, '5_41', 3383, 684148.33, 4760264.76, 1388.39);
insert into STATION values (681, '5_42', 3383, 684147.40, 4760263.76, 1387.52);
insert into STATION values (682, '5_43', 3383, 684147.28, 4760261.57, 1386.52);
insert into STATION values (683, '6_0', 3383, 684148.33, 4760264.76, 1388.39);
insert into STATION values (684, '6_1', 3383, 684142.10, 4760265.59, 1386.43);
insert into STATION values (685, '6_2', 3383, 684142.76, 4760267.92, 1387.30);
insert into STATION values (686, '6_3', 3383, 684148.91, 4760270.71, 1389.29);
insert into STATION values (687, '6_4', 3383, 684154.25, 4760273.29, 1385.79);
insert into STATION values (688, '6_5', 3383, 684155.70, 4760279.09, 1384.79);
insert into STATION values (689, '6_6', 3383, 684153.50, 4760281.85, 1385.05);
insert into STATION values (690, '6_7', 3383, 684157.17, 4760282.14, 1385.83);
insert into STATION values (691, '6_8', 3383, 684150.02, 4760281.93, 1385.40);
insert into STATION values (692, '6_9', 3383, 684152.37, 4760285.69, 1384.51);
insert into STATION values (693, '6_10', 3383, 684151.48, 4760288.57, 1384.51);
insert into STATION values (694, '6_11', 3383, 684154.78, 4760289.15, 1384.58);
insert into STATION values (695, '6_12', 3383, 684159.65, 4760296.29, 1384.39);
insert into STATION values (696, '6_13', 3383, 684167.83, 4760300.29, 1384.68);
insert into STATION values (697, '6_14', 3383, 684169.52, 4760306.74, 1384.46);
insert into STATION values (698, '6_15', 3383, 684172.78, 4760307.09, 1384.41);
insert into STATION values (699, '6_16', 3383, 684173.95, 4760309.76, 1384.39);
insert into STATION values (700, '6_17', 3383, 684178.64, 4760312.26, 1384.52);
insert into STATION values (701, '6_18', 3383, 684179.06, 4760316.10, 1384.67);
insert into STATION values (702, '6_19', 3383, 684182.50, 4760319.85, 1386.86);
insert into STATION values (703, '6_20', 3383, 684184.34, 4760321.62, 1379.46);
insert into STATION values (704, '6_21', 3383, 684188.33, 4760325.63, 1374.73);
insert into STATION values (705, '7_0', 3383, 684421.77, 4760245.07, 1416.89);
insert into STATION values (706, '7_1', 3383, 684416.30, 4760246.62, 1417.82);
insert into STATION values (707, '7_2', 3383, 684410.05, 4760248.11, 1416.49);
insert into STATION values (708, '7_3', 3383, 684396.52, 4760248.53, 1413.71);
insert into STATION values (709, '7_4', 3383, 684389.91, 4760247.03, 1414.81);
insert into STATION values (710, '7_5', 3383, 684386.06, 4760245.44, 1414.27);
insert into STATION values (711, '7_6', 3383, 684379.20, 4760247.45, 1413.33);
insert into STATION values (712, '7_7', 3383, 684376.01, 4760253.67, 1415.65);
insert into STATION values (713, '7_8', 3383, 684368.25, 4760257.47, 1415.54);
insert into STATION values (714, '7_9', 3383, 684362.60, 4760260.01, 1412.79);
insert into STATION values (715, '7_10', 3383, 684353.59, 4760259.67, 1413.57);
insert into STATION values (716, '7_11', 3383, 684350.17, 4760259.21, 1413.85);
insert into STATION values (717, '7_12', 3383, 684347.50, 4760258.39, 1413.50);
insert into STATION values (718, '7_13', 3383, 684341.39, 4760258.88, 1412.58);
insert into STATION values (719, '7_14', 3383, 684337.54, 4760256.81, 1411.92);
insert into STATION values (720, '7_15', 3383, 684332.03, 4760255.55, 1410.76);
insert into STATION values (721, '7_16', 3383, 684327.01, 4760256.92, 1408.98);
insert into STATION values (722, '7_17', 3383, 684324.11, 4760257.20, 1406.43);
insert into STATION values (723, '8_1', 3383, 684421.77, 4760245.07, 1416.89);
insert into STATION values (724, '8_2', 3383, 684423.45, 4760238.16, 1414.18);
insert into STATION values (725, '8_3', 3383, 684426.32, 4760235.72, 1413.21);
insert into STATION values (726, '8_4', 3383, 684427.67, 4760234.09, 1411.17);
insert into STATION values (727, '8_5', 3383, 684431.14, 4760226.97, 1411.23);
insert into STATION values (728, '8_6', 3383, 684433.51, 4760224.91, 1410.40);
insert into STATION values (729, '8_7', 3383, 684436.70, 4760223.70, 1412.15);
insert into STATION values (730, '8_8', 3383, 684440.07, 4760223.03, 1409.82);
insert into STATION values (731, '8_9', 3383, 684443.21, 4760221.58, 1410.16);
insert into STATION values (732, '8_10', 3383, 684439.89, 4760221.55, 1407.64);
insert into STATION values (733, '8_11', 3383, 684449.52, 4760222.35, 1407.13);
insert into STATION values (734, '8_12', 3383, 684452.19, 4760222.77, 1408.18);
insert into STATION values (735, '8_13', 3383, 684454.77, 4760223.43, 1407.35);
insert into STATION values (736, '8_14', 3383, 684456.44, 4760223.18, 1407.97);
insert into STATION values (737, '8_15', 3383, 684463.51, 4760221.70, 1410.74);
insert into STATION values (738, '8_16', 3383, 684473.34, 4760223.57, 1410.09);
insert into STATION values (739, '8_17', 3383, 684487.07, 4760222.71, 1410.31);
insert into STATION values (740, '8_18', 3383, 684493.13, 4760221.37, 1411.21);
insert into STATION values (741, '8_19', 3383, 684491.05, 4760219.19, 1409.50);
insert into STATION values (742, '8_20', 3383, 684490.21, 4760214.39, 1410.99);
insert into STATION values (743, '8_21', 3383, 684492.72, 4760208.49, 1412.68);
insert into STATION values (744, '8_22', 3383, 684494.83, 4760223.68, 1411.07);
insert into STATION values (745, '8_23', 3383, 684498.58, 4760221.47, 1418.10);
insert into STATION values (746, '8_24', 3383, 684501.43, 4760220.62, 1420.77);
insert into STATION values (747, '8_25', 3383, 684505.27, 4760219.85, 1422.62);
insert into STATION values (748, '8_26', 3383, 684510.25, 4760221.89, 1426.79);
insert into STATION values (749, '8_27', 3383, 684512.71, 4760221.44, 1426.72);
insert into STATION values (750, '8_28', 3383, 684516.87, 4760221.04, 1426.46);
insert into STATION values (751, '8_29', 3383, 684521.44, 4760224.22, 1426.64);
insert into STATION values (752, '8_30', 3383, 684524.84, 4760223.43, 1423.10);
insert into STATION values (753, '8_31', 3383, 684525.37, 4760226.35, 1424.14);
insert into STATION values (754, '8_32', 3383, 684527.13, 4760226.92, 1424.69);
insert into STATION values (755, '8_33', 3383, 684529.37, 4760228.23, 1423.70);
insert into STATION values (756, '8_34', 3383, 684536.02, 4760229.28, 1423.61);
insert into STATION values (757, '8_35', 3383, 684542.64, 4760231.84, 1423.76);
insert into STATION values (758, '8_36', 3383, 684546.67, 4760231.86, 1427.13);
insert into STATION values (759, '8_37', 3383, 684547.65, 4760232.37, 1427.97);
insert into STATION values (760, '8_38', 3383, 684552.04, 4760234.08, 1425.37);
insert into STATION values (761, '8_39', 3383, 684557.03, 4760236.14, 1423.47);
insert into STATION values (762, '8_40', 3383, 684562.75, 4760236.11, 1422.91);
insert into STATION values (763, '8_41', 3383, 684566.69, 4760236.53, 1423.71);
insert into STATION values (764, '8_42', 3383, 684571.39, 4760238.06, 1424.19);
insert into STATION values (765, '8_43', 3383, 684576.41, 4760240.08, 1424.43);
insert into STATION values (766, '8_44', 3383, 684581.64, 4760244.41, 1423.09);
insert into STATION values (767, '8_45', 3383, 684588.47, 4760248.45, 1423.71);
insert into STATION values (768, '8_46', 3383, 684593.09, 4760249.36, 1423.42);
insert into STATION values (769, '8_47', 3383, 684595.38, 4760250.79, 1423.25);
insert into STATION values (770, '8_48', 3383, 684596.61, 4760250.93, 1424.64);
insert into STATION values (771, '8_49', 3383, 684597.99, 4760251.63, 1424.93);
insert into STATION values (772, '8_50', 3383, 684603.86, 4760251.30, 1425.24);
insert into STATION values (773, '8_51', 3383, 684608.11, 4760252.93, 1426.74);
insert into STATION values (774, '8_52', 3383, 684612.07, 4760253.97, 1427.31);
insert into STATION values (775, '8_53', 3383, 684618.25, 4760255.62, 1425.59);
insert into STATION values (776, '8_54', 3383, 684623.41, 4760257.59, 1427.09);
insert into STATION values (777, '8_55', 3383, 684625.43, 4760258.65, 1426.47);
insert into STATION values (778, '8_56', 3383, 684628.26, 4760258.56, 1426.02);
insert into STATION values (779, '8_57', 3383, 684629.63, 4760260.23, 1427.70);
insert into STATION values (780, '8_58', 3383, 684636.76, 4760259.58, 1431.83);
insert into STATION values (781, '8_59', 3383, 684638.79, 4760261.27, 1430.99);
insert into STATION values (782, '8_60', 3383, 684640.43, 4760260.70, 1429.06);
insert into STATION values (783, '8_61', 3383, 684640.97, 4760260.14, 1428.47);
insert into STATION values (784, '8_62', 3383, 684645.34, 4760260.90, 1425.54);
insert into STATION values (785, '8_63', 3383, 684649.43, 4760261.42, 1426.74);
insert into STATION values (786, '8_64', 3383, 684652.02, 4760263.19, 1425.29);
insert into STATION values (787, '8_65', 3383, 684655.49, 4760264.74, 1423.67);
insert into STATION values (788, '8_66', 3383, 684662.12, 4760264.72, 1424.02);
insert into STATION values (789, '8_67', 3383, 684666.41, 4760266.38, 1423.70);
insert into STATION values (790, '8_68', 3383, 684671.35, 4760264.46, 1424.32);
insert into STATION values (791, '8_69', 3383, 684678.91, 4760263.67, 1424.89);
insert into STATION values (792, '8_70', 3383, 684680.00, 4760264.46, 1425.08);
insert into STATION values (793, '8_71', 3383, 684682.51, 4760264.43, 1426.23);
insert into STATION values (794, '8_72', 3383, 684685.37, 4760264.06, 1428.74);
insert into STATION values (795, '8_73', 3383, 684687.48, 4760263.94, 1430.84);
insert into STATION values (796, '8_74', 3383, 684688.90, 4760263.04, 1431.34);
insert into STATION values (797, '8_75', 3383, 684698.27, 4760260.86, 1432.92);
insert into STATION values (798, '8_76', 3383, 684702.04, 4760259.79, 1432.55);
insert into STATION values (799, '8_77', 3383, 684710.95, 4760256.93, 1430.64);
insert into STATION values (800, '8_78', 3383, 684719.08, 4760255.29, 1431.83);
insert into STATION values (801, '8_79', 3383, 684724.60, 4760255.67, 1432.96);
insert into STATION values (802, '8_80', 3383, 684730.22, 4760252.84, 1434.92);
insert into STATION values (803, '8_81', 3383, 684736.75, 4760249.80, 1436.75);
insert into STATION values (804, '8_82', 3383, 684741.38, 4760246.09, 1439.48);
insert into STATION values (805, '8_83', 3383, 684744.84, 4760246.82, 1439.55);
insert into STATION values (806, '8_84', 3383, 684749.01, 4760246.10, 1440.36);
insert into STATION values (807, '8_85', 3383, 684752.41, 4760246.29, 1441.15);
insert into STATION values (808, '8_86', 3383, 684752.47, 4760246.21, 1443.29);
insert into STATION values (809, '8_87', 3383, 684757.08, 4760246.12, 1443.52);
insert into STATION values (810, '8_88', 3383, 684760.61, 4760244.39, 1444.19);
insert into STATION values (811, '8_89', 3383, 684769.28, 4760243.56, 1444.74);
insert into STATION values (812, '8_90', 3383, 684774.27, 4760244.08, 1446.34);
insert into STATION values (813, '8_91', 3383, 684778.84, 4760244.89, 1445.75);
insert into STATION values (814, '8_92', 3383, 684784.19, 4760244.28, 1445.71);
insert into STATION values (815, '8_93', 3383, 684789.35, 4760242.59, 1446.71);
insert into STATION values (816, '8_94', 3383, 684791.67, 4760242.16, 1448.74);
insert into STATION values (817, '8_95', 3383, 684796.15, 4760240.82, 1452.21);
insert into STATION values (818, '8_96', 3383, 684800.57, 4760241.38, 1453.04);
insert into STATION values (819, '8_97', 3383, 684811.07, 4760240.73, 1453.53);
insert into STATION values (820, '8_98', 3383, 684822.36, 4760241.93, 1454.33);
insert into STATION values (821, '8_99', 3383, 684825.72, 4760237.82, 1459.39);
insert into STATION values (822, '8_100', 3383, 684827.55, 4760236.81, 1460.58);
insert into STATION values (823, 'EN_12', 3383, 684506.46, 4760222.30, 1426.46);
insert into STATION values (824, 'EN_11', 3383, 684494.32, 4760220.26, 1429.43);
insert into STATION values (825, 'EN_10', 3383, 684489.96, 4760221.84, 1427.69);
insert into STATION values (826, 'EN_9', 3383, 684483.91, 4760221.79, 1424.00);
insert into STATION values (827, 'EN_8', 3383, 684479.47, 4760223.56, 1423.52);
insert into STATION values (828, 'EN_7', 3383, 684467.46, 4760222.17, 1419.84);
insert into STATION values (829, 'EN_6', 3383, 684454.30, 4760223.56, 1419.21);
insert into STATION values (830, 'EN_3', 3383, 684442.24, 4760226.28, 1419.59);
insert into STATION values (831, 'EN_5', 3383, 684438.73, 4760214.67, 1423.51);
insert into STATION values (832, 'EN_4', 3383, 684439.82, 4760218.10, 1422.80);
insert into STATION values (833, 'EN_2', 3383, 684433.43, 4760228.94, 1419.76);
insert into STATION values (834, 'EN_1', 3383, 684429.73, 4760229.21, 1419.23);
insert into STATION values (835, 'EN_0', 3383, 684423.77, 4760237.33, 1417.68);
insert into STATION values (836, 'AA_4', 3383, 684434.60, 4760224.41, 1407.11);
insert into STATION values (837, 'AA_5', 3383, 684433.47, 4760225.26, 1405.92);
insert into STATION values (838, 'AA_6', 3383, 684430.22, 4760226.80, 1405.08);
insert into STATION values (839, 'AA_7', 3383, 684430.67, 4760228.94, 1404.95);
insert into STATION values (840, 'AA_8', 3383, 684427.43, 4760232.76, 1404.01);
insert into STATION values (841, 'AA_9', 3383, 684427.27, 4760235.33, 1403.46);
insert into STATION values (842, 'AA_10', 3383, 684422.45, 4760240.14, 1402.62);
insert into STATION values (843, 'AA_11', 3383, 684420.53, 4760241.44, 1402.61);
insert into STATION values (844, 'AA_12', 3383, 684417.86, 4760247.74, 1403.02);
insert into STATION values (845, 'AA_13', 3383, 684414.64, 4760249.34, 1401.59);
insert into STATION values (846, 'AA_14', 3383, 684412.69, 4760250.84, 1401.26);
insert into STATION values (847, 'AA_15', 3383, 684406.42, 4760252.22, 1400.85);
insert into STATION values (848, 'AA_16', 3383, 684403.30, 4760249.75, 1401.82);
insert into STATION values (849, 'AA_17', 3383, 684399.73, 4760249.90, 1402.09);
insert into STATION values (850, 'AA_18', 3383, 684398.48, 4760249.13, 1401.13);
insert into STATION values (851, 'AA_19', 3383, 684393.61, 4760249.61, 1400.50);
insert into STATION values (852, 'AA_20', 3383, 684391.35, 4760250.15, 1400.21);
insert into STATION values (853, 'AA_21', 3383, 684381.60, 4760249.59, 1400.44);
insert into STATION values (854, 'AA_22', 3383, 684379.18, 4760251.63, 1399.48);
insert into STATION values (855, 'AA_23', 3383, 684373.44, 4760253.68, 1398.86);
insert into STATION values (856, 'AA_24', 3383, 684371.71, 4760257.67, 1397.89);
insert into STATION values (857, 'AA_25', 3383, 684369.13, 4760259.92, 1396.04);
insert into STATION values (858, 'AA_26', 3383, 684364.09, 4760264.97, 1394.80);
insert into STATION values (859, 'AA_27', 3383, 684354.60, 4760268.79, 1394.92);
insert into STATION values (860, 'AA_28', 3383, 684352.93, 4760268.63, 1394.59);
insert into STATION values (861, 'AA_29', 3383, 684349.11, 4760270.48, 1392.45);
insert into STATION values (862, 'AA_30', 3383, 684345.10, 4760273.68, 1390.47);
insert into STATION values (863, 'AA_31', 3383, 684339.30, 4760273.65, 1389.42);
insert into STATION values (864, 'AA_32', 3383, 684338.87, 4760274.73, 1388.93);
insert into STATION values (865, 'AA_33', 3383, 684331.65, 4760273.30, 1389.09);
insert into STATION values (866, 'AA_34', 3383, 684319.27, 4760273.82, 1388.81);
insert into STATION values (867, 'AA_35', 3383, 684315.18, 4760275.76, 1388.04);
insert into STATION values (868, 'AA_36', 3383, 684305.46, 4760274.68, 1389.19);
insert into STATION values (869, 'AA_37', 3383, 684305.69, 4760273.20, 1388.92);
insert into STATION values (870, 'AA_38', 3383, 684298.86, 4760275.04, 1389.19);
insert into STATION values (871, 'AA_39', 3383, 684294.92, 4760274.76, 1388.53);
insert into STATION values (872, 'AA_40', 3383, 684285.61, 4760278.94, 1388.83);
insert into STATION values (873, 'AA_41', 3383, 684280.44, 4760279.62, 1387.64);
insert into STATION values (874, 'AA_42', 3383, 684276.19, 4760279.57, 1389.22);
insert into STATION values (875, 'AA_43', 3383, 684271.57, 4760281.47, 1387.75);
insert into STATION values (876, 'AA_44', 3383, 684266.48, 4760279.52, 1388.42);
insert into STATION values (877, 'AA_45', 3383, 684261.32, 4760280.21, 1387.23);
insert into STATION values (878, 'AA_46', 3383, 684253.07, 4760278.49, 1387.54);
insert into STATION values (879, 'AA_47', 3383, 684250.85, 4760279.95, 1387.13);
insert into STATION values (880, 'AA_48', 3383, 684246.68, 4760279.47, 1386.63);
insert into STATION values (881, 'CH_1', 3383, 684704.32, 4760259.11, 1431.37);
insert into STATION values (882, 'CH_2', 3383, 684704.46, 4760254.22, 1434.86);
insert into STATION values (883, 'CH_3', 3383, 684708.00, 4760250.83, 1436.34);
insert into STATION values (884, 'CH_4', 3383, 684713.45, 4760246.51, 1435.85);
insert into STATION values (885, 'CH_5', 3383, 684716.11, 4760247.43, 1436.20);
insert into STATION values (886, 'CH_6', 3383, 684718.90, 4760246.68, 1435.26);
insert into STATION values (887, 'CH_7', 3383, 684719.84, 4760250.32, 1438.10);
insert into STATION values (888, 'CH_8', 3383, 684719.70, 4760253.13, 1439.89);
insert into STATION values (889, 'CH_9', 3383, 684723.75, 4760255.21, 1438.87);
insert into STATION values (890, 'CH_10', 3383, 684724.35, 4760254.39, 1438.82);
insert into STATION values (891, '8_100d', 3383, 684827.55, 4760236.81, 1460.58);
insert into STATION values (892, '8_101', 3383, 684831.34, 4760236.81, 1462.13);
insert into STATION values (893, '8_102', 3383, 684836.30, 4760234.99, 1464.31);
insert into STATION values (894, '8_103', 3383, 684842.67, 4760234.33, 1461.32);
insert into STATION values (895, '8_104', 3383, 684834.91, 4760230.11, 1463.45);
insert into STATION values (896, '8_105', 3383, 684833.18, 4760227.48, 1462.98);
insert into STATION values (897, '8_106', 3383, 684833.11, 4760222.55, 1462.01);
insert into STATION values (898, '8_107', 3383, 684830.78, 4760219.93, 1459.87);
insert into STATION values (899, '8_108', 3383, 684842.37, 4760230.18, 1463.12);
insert into STATION values (900, '8_109', 3383, 684844.61, 4760229.54, 1467.33);
insert into STATION values (901, '8_110', 3383, 684848.87, 4760231.68, 1464.88);
insert into STATION values (902, '8_111', 3383, 684851.33, 4760231.52, 1461.94);
insert into STATION values (903, '8_112', 3383, 684856.39, 4760230.69, 1459.49);
insert into STATION values (904, '8_113', 3383, 684861.11, 4760229.03, 1460.48);
insert into STATION values (905, '8_114', 3383, 684864.03, 4760227.91, 1459.07);
insert into STATION values (906, '8_115', 3383, 684869.79, 4760227.56, 1459.66);
insert into STATION values (907, '8_116', 3383, 684870.23, 4760229.10, 1460.51);
insert into STATION values (908, '8_117', 3383, 684874.95, 4760229.48, 1460.89);
insert into STATION values (909, '8_118', 3383, 684876.63, 4760229.13, 1461.62);
insert into STATION values (910, '8_119', 3383, 684878.86, 4760229.38, 1461.77);
insert into STATION values (911, '8_120', 3383, 684883.44, 4760230.32, 1461.25);
insert into STATION values (912, '8_121', 3383, 684888.63, 4760229.86, 1464.97);
insert into STATION values (913, '8_122', 3383, 684889.86, 4760229.30, 1464.23);
insert into STATION values (914, '8_123', 3383, 684890.55, 4760229.51, 1462.85);
insert into STATION values (915, '8_124', 3383, 684899.92, 4760230.12, 1464.49);
insert into STATION values (916, '8_125', 3383, 684902.77, 4760229.53, 1463.07);
insert into STATION values (917, '8_126', 3383, 684908.03, 4760228.65, 1464.62);
insert into STATION values (918, '8_127', 3383, 684913.94, 4760227.75, 1464.73);
insert into STATION values (919, '8_128', 3383, 684919.68, 4760226.74, 1466.47);
insert into STATION values (920, '8_129', 3383, 684926.16, 4760225.95, 1467.37);
insert into STATION values (921, '8_130', 3383, 684937.14, 4760223.19, 1468.90);
insert into STATION values (922, '8_131', 3383, 684941.45, 4760223.99, 1470.81);
insert into STATION values (923, '8_47d', 3383, 684595.38, 4760250.79, 1423.25);
insert into STATION values (924, '12_0', 3383, 684595.38, 4760250.79, 1423.25);
insert into STATION values (925, '12_1', 3383, 684593.79, 4760253.24, 1422.01);
insert into STATION values (926, '12_2', 3383, 684593.38, 4760254.48, 1421.90);
insert into STATION values (927, '12_3', 3383, 684594.84, 4760257.34, 1421.90);
insert into STATION values (928, '12_4', 3383, 684596.41, 4760259.14, 1422.07);
insert into STATION values (929, '12_5', 3383, 684604.05, 4760261.64, 1421.63);
insert into STATION values (930, '12_6', 3383, 684612.22, 4760264.64, 1422.84);
insert into STATION values (931, '12_7', 3383, 684615.73, 4760264.62, 1422.37);
insert into STATION values (932, '12_8', 3383, 684617.24, 4760262.46, 1422.59);
insert into STATION values (933, '12_8A', 3383, 684619.94, 4760263.72, 1422.12);
insert into STATION values (934, '12_9', 3383, 684621.50, 4760262.12, 1423.82);
insert into STATION values (935, '12_10', 3383, 684623.52, 4760263.47, 1425.16);
insert into STATION values (936, '12_11', 3383, 684623.36, 4760262.95, 1426.85);
insert into STATION values (937, '12_12', 3383, 684604.54, 4760262.33, 1421.38);
insert into STATION values (938, '12_13', 3383, 684604.73, 4760262.88, 1418.95);
insert into STATION values (939, '12_14', 3383, 684603.51, 4760267.79, 1418.95);
insert into STATION values (940, '12_15', 3383, 684602.47, 4760268.15, 1419.32);
insert into STATION values (941, '12_16', 3383, 684603.03, 4760270.70, 1416.78);
insert into STATION values (942, '12_17', 3383, 684605.35, 4760271.43, 1417.10);
insert into STATION values (943, '12_18', 3383, 684603.68, 4760272.90, 1416.86);
insert into STATION values (944, '12_19', 3383, 684601.82, 4760272.64, 1415.93);
insert into STATION values (945, '12_20', 3383, 684594.99, 4760272.23, 1416.33);
insert into STATION values (946, '12_21', 3383, 684593.70, 4760271.29, 1416.09);
insert into STATION values (947, '12_22', 3383, 684588.90, 4760270.70, 1416.19);
insert into STATION values (948, '12_23', 3383, 684584.39, 4760270.38, 1415.48);
insert into STATION values (949, '12_24', 3383, 684580.76, 4760270.30, 1415.38);
insert into STATION values (950, '12_25', 3383, 684580.53, 4760269.82, 1415.82);
insert into STATION values (951, '12_26', 3383, 684575.98, 4760270.08, 1416.38);
insert into STATION values (952, '12_27', 3383, 684602.50, 4760269.84, 1416.54);
insert into STATION values (953, '12_28', 3383, 684609.72, 4760270.39, 1416.34);
insert into STATION values (954, '12_29', 3383, 684610.15, 4760270.82, 1417.61);
insert into STATION values (955, '12_30', 3383, 684614.80, 4760273.08, 1417.72);
insert into STATION values (956, '12_31', 3383, 684615.35, 4760272.82, 1417.50);
insert into STATION values (957, '12_32', 3383, 684620.83, 4760275.13, 1417.31);
insert into STATION values (958, '12_33', 3383, 684631.08, 4760280.33, 1416.34);
insert into STATION values (959, '12_34', 3383, 684633.65, 4760280.20, 1416.79);
insert into STATION values (960, '12_35', 3383, 684637.37, 4760283.44, 1416.66);
insert into STATION values (961, '12A_41', 3383, 684680.00, 4760264.46, 1425.08);
insert into STATION values (962, '12A_40', 3383, 684681.92, 4760267.31, 1423.16);
insert into STATION values (963, '12A_39', 3383, 684679.05, 4760268.59, 1419.40);
insert into STATION values (964, '12A_38', 3383, 684676.66, 4760268.36, 1418.96);
insert into STATION values (965, '12A_37', 3383, 684674.39, 4760269.49, 1418.61);
insert into STATION values (966, '12A_36', 3383, 684669.11, 4760268.83, 1418.77);
insert into STATION values (967, '12A_35', 3383, 684666.21, 4760269.95, 1418.74);
insert into STATION values (968, '12A_34', 3383, 684658.38, 4760276.18, 1418.57);
insert into STATION values (969, '12A_33', 3383, 684645.20, 4760283.33, 1418.31);
insert into STATION values (970, '12A_32', 3383, 684637.40, 4760283.54, 1418.17);
insert into STATION values (971, '13_01', 3383, 684428.17, 4760247.42, 1415.32);
insert into STATION values (972, '13_02', 3383, 684431.10, 4760247.07, 1415.89);
insert into STATION values (973, '13_03', 3383, 684435.08, 4760247.44, 1416.10);
insert into STATION values (974, '13_04', 3383, 684451.04, 4760247.21, 1417.22);
insert into STATION values (975, '13_05', 3383, 684458.57, 4760248.29, 1419.69);
insert into STATION values (976, '13_06', 3383, 684458.26, 4760248.21, 1421.66);
insert into STATION values (977, '13_07', 3383, 684477.13, 4760249.26, 1423.65);
insert into STATION values (978, '13_06B', 3383, 684469.89, 4760247.43, 1426.52);
insert into STATION values (979, 'AP_260', 5070, 685335.00, 4760539.00, 1720.00);
insert into STATION_FLAG values(979, 'ent');
insert into STATION_FLAG values(979, 'fix');
insert into STATION values (980, '-', 5070, 685335.00, 4760539.00, 1720.00);
insert into STATION values (981, 'B_3', 5089, 684226.00, 4760869.00, 1620.00);
insert into STATION_FLAG values(981, 'ent');
insert into STATION_FLAG values(981, 'fix');
insert into STATION values (982, 'A-00', 5089, 684226.00, 4760869.00, 1620.00);
insert into STATION values (983, 'A-01', 5089, 684230.47, 4760871.19, 1619.48);
insert into STATION values (984, 'A-02', 5089, 684230.47, 4760871.19, 1613.98);
insert into STATION values (985, 'A-03', 5089, 684233.42, 4760875.57, 1608.11);
insert into STATION values (986, 'A-04', 5089, 684233.04, 4760876.04, 1608.11);
insert into STATION values (987, 'A-05', 5089, 684234.97, 4760876.53, 1604.19);
insert into STATION values (988, 'A-06', 5089, 684240.10, 4760881.32, 1595.20);
insert into STATION values (989, 'A-07', 5089, 684242.08, 4760882.82, 1593.53);
insert into STATION values (990, 'A-08', 5089, 684242.08, 4760882.82, 1585.23);
insert into STATION values (991, 'A-09', 5089, 684241.80, 4760885.10, 1585.23);
insert into STATION values (992, 'A-10', 5089, 684240.99, 4760885.67, 1573.97);
insert into STATION values (993, 'A-11', 5089, 684239.87, 4760882.73, 1571.04);
insert into STATION values (994, 'A-12', 5089, 684238.47, 4760882.19, 1568.44);
insert into STATION values (995, 'A-13', 5089, 684237.53, 4760880.55, 1567.79);
insert into STATION values (996, 'A-14', 5089, 684235.18, 4760880.63, 1560.56);
insert into STATION values (997, 'A-15', 5089, 684231.90, 4760881.56, 1544.52);
insert into STATION values (998, 'A-16', 5089, 684231.90, 4760881.56, 1522.20);
insert into STATION values (999, 'A-17', 5089, 684221.99, 4760881.55, 1524.12);
insert into STATION values (1000, 'A-18', 5089, 684215.52, 4760881.88, 1517.87);
insert into STATION values (1001, 'A-19', 5089, 684213.24, 4760881.39, 1511.80);
insert into STATION values (1002, 'A-20', 5089, 684214.07, 4760877.85, 1503.24);
insert into STATION values (1003, 'A-21', 5089, 684214.23, 4760873.45, 1486.82);
insert into STATION values (1004, 'A-22', 5089, 684207.06, 4760876.33, 1473.96);
insert into STATION values (1005, 'A-23', 5089, 684204.12, 4760875.02, 1471.95);
insert into STATION values (1006, 'A-24', 5089, 684204.12, 4760875.02, 1447.75);
insert into STATION values (1007, 'A-25', 5089, 684204.12, 4760875.02, 1449.40);
insert into STATION values (1008, 'A-26', 5089, 684202.43, 4760870.83, 1447.76);
insert into STATION values (1009, 'A-27', 5089, 684206.35, 4760869.72, 1445.41);
insert into STATION values (1010, 'A-28', 5089, 684212.58, 4760865.99, 1416.30);
insert into STATION values (1011, 'A-29', 5089, 684212.58, 4760865.99, 1417.98);
insert into STATION values (1012, 'A-30', 5089, 684214.01, 4760870.71, 1415.13);
insert into STATION values (1013, 'A-31', 5089, 684218.62, 4760871.45, 1413.34);
insert into STATION values (1014, 'A-32', 5089, 684220.16, 4760869.80, 1406.40);
insert into STATION values (1015, 'A-33', 5089, 684221.36, 4760872.07, 1405.99);
insert into STATION values (1016, 'A-34', 5089, 684224.73, 4760873.11, 1404.57);
insert into STATION values (1017, 'A-35', 5089, 684228.10, 4760872.15, 1403.36);
insert into STATION values (1018, 'A-36', 5089, 684229.89, 4760872.70, 1401.42);
insert into STATION values (1019, 'A-37', 5089, 684231.10, 4760871.92, 1401.83);
insert into STATION values (1020, 'A-38', 5089, 684235.18, 4760873.66, 1403.90);
insert into STATION values (1021, 'A-39', 5089, 684234.91, 4760869.62, 1391.44);
insert into STATION values (1022, 'A-40', 5089, 684234.43, 4760870.11, 1381.67);
insert into STATION values (1023, 'A-41', 5089, 684230.48, 4760873.54, 1357.07);
insert into STATION values (1024, 'A-42', 5089, 684230.18, 4760874.27, 1357.12);
insert into STATION values (1025, 'A-43', 5089, 684229.07, 4760875.27, 1357.25);
insert into STATION values (1026, 'A-43', 5093, 684229.07, 4760875.27, 1357.25);
insert into STATION values (1027, 'B-40', 5093, 684225.58, 4760874.53, 1356.75);
insert into STATION values (1028, 'B-39', 5093, 684217.88, 4760880.52, 1355.90);
insert into STATION values (1029, 'B-38', 5093, 684213.07, 4760884.99, 1355.21);
insert into STATION values (1030, 'B-37', 5093, 684202.37, 4760880.86, 1354.41);
insert into STATION values (1031, 'B-36', 5093, 684193.49, 4760880.69, 1353.79);
insert into STATION values (1032, 'B-35', 5093, 684187.15, 4760878.38, 1352.96);
insert into STATION values (1033, 'B-34', 5093, 684184.73, 4760879.50, 1352.58);
insert into STATION values (1034, 'B-33', 5093, 684174.31, 4760877.27, 1351.65);
insert into STATION values (1035, 'B-32', 5093, 684155.78, 4760869.75, 1349.55);
insert into STATION values (1036, 'B-31', 5093, 684148.23, 4760870.53, 1349.81);
insert into STATION values (1037, 'B-30', 5093, 684144.52, 4760871.73, 1350.02);
insert into STATION values (1038, 'B-29', 5093, 684133.34, 4760873.68, 1350.02);
insert into STATION values (1039, 'B-28', 5093, 684128.06, 4760877.50, 1346.84);
insert into STATION values (1040, 'B-27', 5093, 684123.07, 4760876.34, 1346.39);
insert into STATION values (1041, 'B-26', 5093, 684119.27, 4760871.96, 1346.39);
insert into STATION values (1042, 'B-25', 5093, 684115.51, 4760872.82, 1345.14);
insert into STATION values (1043, 'B-24', 5093, 684098.87, 4760880.55, 1343.86);
insert into STATION values (1044, 'B-23', 5093, 684086.86, 4760880.53, 1342.81);
insert into STATION values (1045, 'B-22', 5093, 684081.29, 4760883.74, 1346.67);
insert into STATION values (1046, 'B-21', 5093, 684073.01, 4760881.66, 1345.01);
insert into STATION values (1047, 'B-20', 5093, 684063.64, 4760875.78, 1342.25);
insert into STATION values (1048, 'B-19', 5093, 684047.66, 4760879.44, 1341.68);
insert into STATION values (1049, 'B-18', 5093, 684034.79, 4760891.82, 1340.43);
insert into STATION values (1050, 'B-17', 5093, 684027.77, 4760893.69, 1339.79);
insert into STATION values (1051, 'B-16', 5093, 684013.68, 4760892.19, 1338.80);
insert into STATION values (1052, 'B-15', 5093, 684012.87, 4760895.44, 1338.80);
insert into STATION values (1053, 'B-14', 5093, 684006.30, 4760894.03, 1338.10);
insert into STATION values (1054, 'B-13', 5093, 684002.23, 4760894.31, 1337.74);
insert into STATION values (1055, 'B-12', 5093, 683988.00, 4760893.29, 1336.74);
insert into STATION values (1056, 'B-11', 5093, 683979.54, 4760891.64, 1335.53);
insert into STATION values (1057, 'B-10', 5093, 683978.31, 4760895.20, 1335.07);
insert into STATION values (1058, 'B-09', 5093, 683979.31, 4760898.50, 1335.25);
insert into STATION values (1059, 'B-08', 5093, 683979.29, 4760910.10, 1335.05);
insert into STATION values (1060, 'B-07', 5093, 683975.85, 4760912.59, 1336.51);
insert into STATION values (1061, 'B-06', 5093, 683965.51, 4760915.54, 1334.42);
insert into STATION values (1062, 'B-05', 5093, 683966.72, 4760923.28, 1331.41);
insert into STATION values (1063, 'B-04', 5093, 683977.05, 4760932.29, 1331.41);
insert into STATION values (1064, 'B-03', 5093, 683979.43, 4760934.02, 1329.71);
insert into STATION values (1065, 'B-02', 5093, 683981.78, 4760939.87, 1328.60);
insert into STATION values (1066, 'B-01', 5093, 683979.37, 4760942.27, 1326.13);
insert into STATION values (1067, 'B-00', 5093, 683981.58, 4760945.43, 1325.24);
insert into STATION values (1068, 'B-00', 5097, 683981.58, 4760945.43, 1325.24);
insert into STATION values (1069, 'F-01', 5097, 683984.78, 4760934.86, 1325.63);
insert into STATION values (1070, 'F-02', 5097, 683989.18, 4760936.03, 1325.71);
insert into STATION values (1071, 'F-03', 5097, 683992.41, 4760929.66, 1326.08);
insert into STATION values (1072, 'F-04', 5097, 683993.31, 4760926.02, 1326.08);
insert into STATION values (1073, 'F-05', 5097, 683999.31, 4760926.01, 1326.08);
insert into STATION values (1074, 'F-06', 5097, 684000.71, 4760923.36, 1326.08);
insert into STATION values (1075, 'F-07', 5097, 684006.50, 4760921.79, 1326.08);
insert into STATION values (1076, 'F-08', 5097, 684013.40, 4760920.93, 1326.08);
insert into STATION values (1077, 'F-09', 5097, 684018.62, 4760921.84, 1326.08);
insert into STATION values (1078, 'F-10', 5097, 684027.57, 4760921.98, 1326.24);
insert into STATION values (1079, 'F-11', 5097, 684032.46, 4760923.01, 1326.41);
insert into STATION values (1080, 'F-12', 5097, 684037.81, 4760923.09, 1326.51);
insert into STATION values (1081, 'F-13', 5097, 683988.95, 4760926.33, 1326.25);
insert into STATION values (1082, 'F-14', 5097, 683986.57, 4760919.06, 1326.25);
insert into STATION values (1083, 'F-15', 5097, 683985.58, 4760919.20, 1326.25);
insert into STATION values (1084, 'F-16', 5097, 683989.45, 4760907.22, 1326.47);
insert into STATION values (1085, 'F-17', 5097, 683995.72, 4760909.12, 1326.47);
insert into STATION values (1086, 'F-18', 5097, 684001.03, 4760908.17, 1326.66);
insert into STATION values (1087, 'F-19', 5097, 683983.35, 4760907.12, 1326.47);
insert into STATION values (1088, 'F-20', 5097, 683981.23, 4760907.69, 1326.47);
insert into STATION values (1089, 'B-00', 5101, 683981.58, 4760945.43, 1325.24);
insert into STATION values (1090, 'C-25', 5101, 683975.91, 4760966.41, 1321.80);
insert into STATION values (1091, 'C-24', 5101, 683968.14, 4760984.62, 1319.02);
insert into STATION values (1092, 'C-23', 5101, 683964.18, 4760986.38, 1318.25);
insert into STATION values (1093, 'C-22', 5101, 683957.89, 4760989.30, 1317.28);
insert into STATION values (1094, 'C-21', 5101, 683943.97, 4760989.76, 1314.82);
insert into STATION values (1095, 'C-20', 5101, 683932.47, 4760986.66, 1313.36);
insert into STATION values (1096, 'C-19', 5101, 683927.84, 4760986.81, 1312.54);
insert into STATION values (1097, 'C-18', 5101, 683923.83, 4760985.01, 1311.85);
insert into STATION values (1098, 'C-17', 5101, 683912.40, 4760984.59, 1309.62);
insert into STATION values (1099, 'C-16', 5101, 683902.38, 4760994.93, 1309.88);
insert into STATION values (1100, 'C-15', 5101, 683890.47, 4761010.69, 1306.75);
insert into STATION values (1101, 'C-14', 5101, 683878.81, 4761011.28, 1305.93);
insert into STATION values (1102, 'C-13', 5101, 683881.51, 4761013.99, 1305.46);
insert into STATION values (1103, 'C-12', 5101, 683883.45, 4761027.96, 1303.48);
insert into STATION values (1104, 'C-11', 5101, 683881.01, 4761036.40, 1304.09);
insert into STATION values (1105, 'C-10', 5101, 683878.86, 4761037.05, 1304.05);
insert into STATION values (1106, 'C-09', 5101, 683874.32, 4761048.82, 1301.37);
insert into STATION values (1107, 'C-08', 5101, 683861.43, 4761049.25, 1299.33);
insert into STATION values (1108, 'C-07', 5101, 683850.27, 4761044.26, 1296.73);
insert into STATION values (1109, 'C-06', 5101, 683834.97, 4761056.17, 1294.69);
insert into STATION values (1110, 'C-05', 5101, 683818.40, 4761050.75, 1291.93);
insert into STATION values (1111, 'C-04', 5101, 683815.23, 4761051.08, 1291.08);
insert into STATION values (1112, 'C-03', 5101, 683809.77, 4761050.59, 1285.96);
insert into STATION values (1113, 'C-02', 5101, 683809.77, 4761050.59, 1281.76);
insert into STATION values (1114, 'C-01', 5101, 683801.46, 4761050.14, 1280.59);
insert into STATION values (1115, 'C-00', 5101, 683785.13, 4761049.54, 1278.30);
insert into STATION values (1116, 'C-09', 5105, 683874.32, 4761048.82, 1301.37);
insert into STATION values (1117, 'D-01', 5105, 683876.83, 4761050.00, 1301.76);
insert into STATION values (1118, 'D-02', 5105, 683875.79, 4761054.46, 1308.07);
insert into STATION values (1119, 'D-03', 5105, 683878.22, 4761055.82, 1312.70);
insert into STATION values (1120, 'D-04', 5105, 683873.43, 4761056.65, 1314.47);
insert into STATION values (1121, 'D-05', 5105, 683870.58, 4761055.55, 1312.77);
insert into STATION values (1122, 'D-06', 5105, 683867.77, 4761054.85, 1312.92);
insert into STATION values (1123, 'D-07', 5105, 683863.10, 4761056.45, 1315.77);
insert into STATION values (1124, 'D-08', 5105, 683848.96, 4761055.19, 1311.57);
insert into STATION values (1125, 'D-09', 5105, 683846.36, 4761057.01, 1311.18);
insert into STATION values (1126, 'D-10', 5105, 683837.36, 4761056.83, 1309.27);
insert into STATION values (1127, 'D-11', 5105, 683837.36, 4761056.83, 1312.77);
insert into STATION values (1128, 'D-12', 5105, 683823.86, 4761052.16, 1312.27);
insert into STATION values (1129, 'D-13', 5105, 683819.41, 4761051.92, 1311.64);
insert into STATION values (1130, 'E-01', 5105, 683878.23, 4761037.50, 1303.06);
insert into STATION values (1131, 'E-02', 5105, 683880.16, 4761036.77, 1304.29);
insert into STATION values (1132, 'E-03', 5105, 683881.80, 4761028.35, 1306.27);
insert into STATION values (1133, 'E-04', 5105, 683888.92, 4761016.07, 1306.77);
insert into STATION values (1134, 'E-05', 5105, 683897.45, 4761010.12, 1308.79);
insert into STATION values (1135, 'E-06', 5105, 683912.46, 4760990.27, 1309.66);
insert into STATION values (1136, 'E-07', 5105, 683920.53, 4760989.86, 1310.22);
insert into STATION values (1137, 'E-08', 5105, 683927.70, 4760991.66, 1310.35);
insert into STATION values (1138, 'E-09', 5105, 683931.60, 4760989.68, 1310.89);
insert into STATION values (1139, 'E-10', 5105, 683938.89, 4760991.11, 1311.93);
insert into STATION values (1140, 'E-11', 5105, 683950.92, 4760992.39, 1311.93);
insert into STATION values (1141, 'E-12', 5105, 683953.29, 4760996.06, 1315.11);
insert into STATION values (1142, 'E-13', 5105, 683964.03, 4760998.16, 1315.49);
insert into STATION values (1143, 'E-14', 5105, 683963.66, 4760987.06, 1311.22);
insert into STATION values (1144, 'E-15', 5105, 683961.14, 4760986.24, 1303.52);
insert into STATION values (1145, 'C-00', 5109, 683785.13, 4761049.54, 1278.30);
insert into STATION values (1146, 'SIPH-01', 5109, 683774.58, 4761051.40, 1273.59);
insert into STATION values (1147, 'SIPH-02', 5109, 683762.82, 4761052.43, 1278.29);
insert into STATION values (1148, 'SIPH-03', 5109, 683764.76, 4761059.67, 1278.29);
insert into STATION values (1149, 'SIPH-04', 5109, 683772.19, 4761063.14, 1278.29);
insert into STATION values (1150, 'SIPH-05', 5109, 683772.19, 4761063.14, 1276.79);
insert into STATION values (1151, 'SIPH-06', 5109, 683764.13, 4761063.84, 1276.49);
insert into STATION values (1152, 'SIPH-07', 5109, 683767.89, 4761069.22, 1278.29);
insert into STATION values (1153, 'SIPH-08', 5109, 683771.25, 4761071.57, 1277.39);
insert into STATION values (1154, 'SIPH-09', 5109, 683770.91, 4761075.48, 1275.89);
insert into STATION values (1155, 'SIPH-10', 5109, 683773.73, 4761081.54, 1278.29);
insert into STATION values (1156, 'P-02', 5109, 683787.38, 4761091.10, 1278.29);
insert into STATION values (1157, 'P-03', 5109, 683782.35, 4761099.82, 1280.80);
insert into STATION values (1158, 'P-04', 5109, 683779.56, 4761099.82, 1279.61);
insert into STATION values (1159, 'P-05', 5109, 683776.76, 4761105.81, 1277.46);
insert into STATION values (1160, 'P-06', 5109, 683752.59, 4761117.08, 1277.46);
insert into STATION values (1161, 'P-07', 5109, 683734.36, 4761120.28, 1276.49);
insert into STATION values (1162, 'P-08', 5109, 683725.72, 4761124.31, 1276.33);
insert into STATION values (1163, 'P-09', 5109, 683721.93, 4761126.96, 1275.51);
insert into STATION values (1164, 'P-10', 5109, 683714.52, 4761126.31, 1276.16);
insert into STATION values (1165, 'P-11', 5109, 683706.61, 4761130.87, 1275.04);
insert into STATION values (1166, 'Q-01', 5109, 683693.65, 4761126.15, 1270.24);
insert into STATION values (1167, 'Q-02', 5109, 683676.44, 4761121.53, 1267.10);
insert into STATION values (1168, 'Q-03', 5109, 683669.95, 4761120.39, 1263.51);
insert into STATION values (1169, 'Q-04', 5109, 683672.38, 4761134.18, 1263.31);
insert into STATION values (1170, 'Q-05', 5109, 683672.38, 4761137.01, 1264.31);
insert into STATION values (1171, 'Q-06', 5109, 683653.59, 4761130.16, 1264.03);
insert into STATION values (1172, 'Q-07', 5109, 683634.06, 4761126.71, 1266.60);
insert into STATION values (1173, 'Q-08', 5109, 683619.21, 4761116.31, 1275.06);
insert into STATION values (1174, 'Q-08', 5694, 683619.21, 4761116.31, 1275.06);
insert into STATION values (1175, 'K-01', 5694, 683617.67, 4761122.03, 1276.00);
insert into STATION values (1176, 'K-02', 5694, 683611.74, 4761124.42, 1276.22);
insert into STATION values (1177, 'K-03', 5694, 683602.41, 4761123.26, 1276.38);
insert into STATION values (1178, 'K-04', 5694, 683618.08, 4761112.06, 1275.21);
insert into STATION values (1179, 'K-05', 5694, 683617.73, 4761115.06, 1275.57);
insert into STATION values (1180, 'K-06', 5694, 683609.90, 4761123.16, 1284.38);
insert into STATION values (1181, 'K-07', 5694, 683603.33, 4761123.84, 1284.49);
insert into STATION values (1182, 'K-08', 5694, 683599.63, 4761126.83, 1286.04);
insert into STATION values (1183, 'K-09', 5694, 683592.82, 4761128.02, 1284.94);
insert into STATION values (1184, 'K-10', 5694, 683584.94, 4761135.61, 1286.09);
insert into STATION values (1185, 'K-11', 5694, 683581.26, 4761135.67, 1284.53);
insert into STATION values (1186, 'K-12', 5694, 683581.26, 4761135.67, 1280.13);
insert into STATION values (1187, 'K-13', 5694, 683581.26, 4761135.67, 1281.73);
insert into STATION values (1188, 'K-14', 5694, 683578.42, 4761138.82, 1279.28);
insert into STATION values (1189, 'K-15', 5694, 683570.46, 4761128.22, 1278.12);
insert into STATION values (1190, 'K-16', 5694, 683578.93, 4761125.65, 1279.05);
insert into STATION values (1191, 'K-17', 5694, 683588.40, 4761127.16, 1279.39);
insert into STATION values (1192, 'K-18', 5694, 683581.25, 4761116.92, 1279.82);
insert into STATION values (1193, 'K-19', 5694, 683588.00, 4761118.74, 1280.07);
insert into STATION values (1194, 'K-20', 5694, 683588.67, 4761149.46, 1278.51);
insert into STATION values (1195, 'K-21', 5694, 683592.41, 4761153.49, 1278.60);
insert into STATION values (1196, 'K-22', 5694, 683594.48, 4761159.86, 1278.48);
insert into STATION values (1197, 'K-23', 5694, 683596.80, 4761161.38, 1278.14);
insert into STATION values (1198, 'K-24', 5694, 683598.24, 4761164.21, 1277.70);
insert into STATION values (1199, 'K-25', 5694, 683595.77, 4761167.03, 1277.10);
insert into STATION values (1200, 'K-26', 5694, 683596.17, 4761171.67, 1276.45);
insert into STATION values (1201, 'K-27', 5694, 683596.34, 4761174.06, 1276.28);
insert into STATION values (1202, 'K-28', 5694, 683591.70, 4761175.93, 1276.46);
insert into STATION values (1203, 'K-29', 5694, 683589.43, 4761174.02, 1276.93);
insert into STATION values (1204, 'K-30', 5694, 683585.46, 4761173.02, 1277.00);
insert into STATION values (1205, 'K-31', 5694, 683583.19, 4761170.90, 1277.05);
insert into STATION values (1206, 'K-32', 5694, 683579.63, 4761171.85, 1276.79);
insert into STATION values (1207, 'K-33', 5694, 683577.24, 4761171.64, 1276.67);
insert into STATION values (1208, 'K-34', 5694, 683574.92, 4761173.20, 1276.62);
insert into STATION values (1209, 'K-35', 5694, 683573.75, 4761177.55, 1276.46);
insert into STATION values (1210, 'K-36', 5694, 683569.33, 4761187.92, 1275.67);
insert into STATION values (1211, 'K-37', 5694, 683565.25, 4761188.13, 1275.32);
insert into STATION values (1212, 'K-38', 5694, 683562.16, 4761191.32, 1274.61);
insert into STATION values (1213, 'K-39', 5694, 683552.29, 4761199.28, 1272.83);
insert into STATION values (1214, 'K-40', 5694, 683561.82, 4761209.53, 1273.32);
insert into STATION values (1215, 'K-41', 5694, 683547.67, 4761223.64, 1274.02);
insert into STATION values (1216, 'K-42', 5694, 683541.60, 4761225.26, 1274.46);
insert into STATION values (1217, 'K-43', 5694, 683532.68, 4761223.02, 1274.14);
insert into STATION values (1218, 'K-44', 5694, 683523.52, 4761228.73, 1274.51);
insert into STATION values (1219, 'K-45', 5694, 683508.52, 4761228.71, 1274.25);
insert into STATION values (1220, 'K-46', 5694, 683501.00, 4761231.44, 1274.11);
insert into STATION values (1221, 'K-47', 5694, 683481.51, 4761231.07, 1274.45);
insert into STATION values (1222, 'K-48', 5694, 683471.67, 4761234.44, 1274.81);
insert into STATION values (1223, 'K-49', 5694, 683452.69, 4761228.24, 1275.86);
insert into STATION values (1224, 'K-50', 5694, 683437.80, 4761226.66, 1273.22);
insert into STATION values (1225, 'K-51', 5694, 683429.48, 4761231.64, 1273.39);
insert into STATION values (1226, 'K-52', 5694, 683428.40, 4761236.71, 1273.75);
insert into STATION values (1227, 'K-53', 5694, 683421.44, 4761234.84, 1271.69);
insert into STATION values (1228, 'K-54', 5694, 683415.55, 4761235.14, 1273.60);
insert into STATION values (1229, 'K-55', 5694, 683415.55, 4761235.14, 1273.10);
insert into STATION values (1230, 'K-56', 5694, 683408.84, 4761241.60, 1270.78);
insert into STATION values (1231, 'K-57', 5694, 683401.29, 4761245.26, 1270.34);
insert into STATION values (1232, 'K-58', 5694, 683394.20, 4761255.37, 1268.39);
insert into STATION values (1233, 'K-59', 5694, 683383.34, 4761256.30, 1269.92);
insert into STATION values (1234, 'K-60', 5694, 683372.89, 4761255.37, 1268.44);
insert into STATION values (1235, 'K-61', 5694, 683364.96, 4761259.40, 1268.75);
insert into STATION values (1236, 'K-62', 5694, 683359.07, 4761262.65, 1270.68);
insert into STATION values (1237, 'K-63', 5694, 683349.87, 4761262.96, 1270.84);
insert into STATION values (1238, 'K-64', 5694, 683356.96, 4761269.59, 1273.26);
insert into STATION values (1239, 'K-65', 5694, 683359.77, 4761273.61, 1269.15);
insert into STATION values (1240, 'K-66', 5694, 683365.71, 4761276.14, 1270.52);
insert into STATION values (1241, 'K-67', 5694, 683366.05, 4761280.07, 1267.44);
insert into STATION values (1242, 'K-68', 5694, 683372.79, 4761283.97, 1267.71);
insert into STATION values (1243, 'K-69', 5694, 683381.82, 4761286.58, 1267.71);
insert into STATION values (1244, 'K-70', 5694, 683389.31, 4761287.91, 1270.19);
insert into STATION values (1245, 'K-71', 5694, 683402.69, 4761294.17, 1267.58);
insert into STATION values (1246, 'K-72', 5694, 683417.98, 4761307.03, 1268.63);
insert into STATION values (1247, 'K-73', 5694, 683429.69, 4761315.56, 1269.13);
insert into STATION values (1248, 'K-74', 5694, 683434.84, 4761319.18, 1269.35);
insert into STATION values (1249, 'K-75', 5694, 683440.99, 4761326.80, 1269.70);
insert into STATION values (1250, 'K-76', 5694, 683442.58, 4761335.04, 1269.99);
insert into STATION values (1251, 'K-77', 5694, 683457.88, 4761347.91, 1270.69);
insert into STATION values (1252, 'K-78', 5694, 683465.71, 4761356.33, 1270.89);
insert into STATION values (1253, 'K-79', 5694, 683477.16, 4761372.73, 1271.24);
insert into STATION values (1254, 'K-80', 5694, 683482.32, 4761379.60, 1271.54);
insert into STATION values (1255, 'K-81', 5694, 683488.38, 4761384.70, 1270.42);
insert into STATION values (1256, 'K-82', 5694, 683502.98, 4761398.35, 1271.12);
insert into STATION values (1257, 'K-83', 5694, 683516.33, 4761413.22, 1271.82);
insert into STATION values (1258, 'K-84', 5694, 683525.95, 4761426.99, 1272.41);
insert into STATION values (1259, 'K-85', 5694, 683533.92, 4761440.85, 1272.96);
insert into STATION values (1260, 'K-86', 5694, 683537.31, 4761446.74, 1273.20);
insert into STATION values (1261, 'K-87', 5694, 683549.44, 4761452.42, 1273.67);
insert into STATION values (1262, 'K-88', 5694, 683559.16, 4761466.34, 1274.56);
insert into STATION values (1263, 'K-89', 5694, 683568.82, 4761483.83, 1275.26);
insert into STATION values (1264, 'K-90', 5694, 683572.55, 4761494.70, 1274.85);
insert into STATION values (1265, 'K-91', 5694, 683585.81, 4761495.65, 1274.39);
insert into STATION values (1266, 'K-92', 5694, 683597.82, 4761499.11, 1274.61);
insert into STATION values (1267, 'K-93', 5694, 683596.88, 4761509.67, 1274.79);
insert into STATION values (1268, 'K-94', 5694, 683593.20, 4761513.75, 1274.89);
insert into STATION values (1269, 'K-95', 5694, 683593.92, 4761519.70, 1275.10);
insert into STATION values (1270, 'K-96', 5694, 683599.03, 4761521.08, 1275.28);
insert into STATION values (1271, 'K-97', 5694, 683616.97, 4761529.47, 1272.50);
insert into STATION values (1272, 'K-98', 5694, 683627.66, 4761537.55, 1272.27);
insert into STATION values (1273, 'L-01', 5694, 683642.27, 4761539.11, 1272.52);
insert into STATION values (1274, 'L-02', 5694, 683655.40, 4761546.71, 1268.46);
insert into STATION values (1275, 'L-03', 5694, 683653.05, 4761550.77, 1268.13);
insert into STATION values (1276, 'L-04', 5694, 683653.53, 4761565.24, 1260.43);
insert into STATION values (1277, 'L-05', 5694, 683651.35, 4761571.20, 1259.65);
insert into STATION values (1278, 'L-06', 5694, 683645.97, 4761576.58, 1262.12);
insert into STATION values (1279, 'L-07', 5694, 683626.47, 4761581.05, 1262.12);
insert into STATION values (1280, 'L-08', 5694, 683606.58, 4761580.67, 1264.22);
insert into STATION values (1281, 'L-09', 5694, 683593.87, 4761583.83, 1261.91);
insert into STATION values (1282, 'L-10', 5694, 683582.47, 4761591.79, 1258.18);
insert into STATION values (1283, 'L-11', 5694, 683580.77, 4761588.96, 1258.18);
insert into STATION values (1284, 'L-12', 5694, 683579.09, 4761607.88, 1258.18);
insert into STATION values (1285, 'L-13', 5694, 683575.25, 4761627.50, 1257.48);
insert into STATION values (1286, 'L-14', 5694, 683576.62, 4761643.42, 1256.64);
insert into STATION values (1287, 'L-15', 5694, 683590.24, 4761658.06, 1256.99);
insert into STATION values (1288, 'L-16', 5694, 683608.04, 4761667.17, 1256.99);
insert into STATION values (1289, 'L-17', 5694, 683625.35, 4761677.19, 1256.64);
insert into STATION values (1290, 'L-18', 5694, 683641.72, 4761688.68, 1256.64);
insert into STATION values (1291, 'L-19', 5694, 683652.78, 4761686.95, 1256.45);
insert into STATION values (1292, 'L-20', 5694, 683665.46, 4761692.88, 1256.45);
insert into STATION values (1293, 'L-21', 5694, 683668.02, 4761704.05, 1257.45);
insert into STATION values (1294, 'L-22', 5694, 683669.14, 4761706.46, 1256.59);
insert into STATION values (1295, 'L-23', 5694, 683686.47, 4761714.57, 1250.74);
insert into STATION values (1296, 'L-24', 5694, 683705.51, 4761720.42, 1248.99);
insert into STATION values (1297, 'L-25', 5694, 683717.83, 4761726.18, 1248.76);
insert into STATION values (1298, 'L-26', 5694, 683717.81, 4761741.88, 1248.48);
insert into STATION values (1299, 'L-27', 5694, 683715.94, 4761749.31, 1246.99);
insert into STATION values (1300, 'L-28', 5694, 683710.97, 4761753.93, 1248.19);
insert into STATION values (1301, 'L-29', 5694, 683705.80, 4761762.50, 1248.19);
insert into STATION values (1302, 'L-30', 5694, 683705.79, 4761771.80, 1248.19);
insert into STATION values (1303, 'L-31', 5694, 683707.06, 4761773.83, 1247.98);
insert into STATION values (1304, 'L-32', 5694, 683707.26, 4761786.80, 1246.16);
insert into STATION values (1305, 'L-33', 5694, 683707.85, 4761798.37, 1244.53);
insert into STATION values (1306, 'L-34', 5694, 683715.00, 4761813.06, 1243.10);
insert into STATION values (1307, 'L-35', 5694, 683720.48, 4761826.03, 1240.62);
insert into STATION values (1308, 'L-36', 5694, 683726.61, 4761837.14, 1239.96);
insert into STATION values (1309, 'L-37', 5694, 683734.83, 4761848.47, 1239.71);
insert into STATION values (1310, 'L-38', 5694, 683743.88, 4761866.30, 1239.71);
insert into STATION values (1311, 'L-39', 5694, 683751.68, 4761877.91, 1238.98);
insert into STATION values (1312, 'L-40', 5694, 683752.46, 4761889.24, 1237.98);
insert into STATION values (1313, 'L-41', 5694, 683759.30, 4761894.59, 1237.53);
insert into STATION values (1314, 'L-42', 5694, 683771.76, 4761900.96, 1238.02);
insert into STATION values (1315, 'L-43', 5694, 683781.06, 4761909.08, 1236.06);
insert into STATION values (1316, 'L-44', 5694, 683799.99, 4761914.53, 1232.59);
insert into STATION values (1317, 'L-45', 5694, 683811.71, 4761923.39, 1233.10);
insert into STATION values (1318, 'L-46', 5694, 683828.04, 4761928.72, 1228.82);
insert into STATION values (1319, 'L-47', 5694, 683838.24, 4761931.85, 1228.07);
insert into STATION values (1320, 'L-48', 5694, 683842.94, 4761946.40, 1227.54);
insert into STATION values (1321, 'L-49', 5694, 683844.65, 4761946.86, 1225.77);
insert into STATION values (1322, 'L-50', 5694, 683850.79, 4761958.94, 1224.59);
insert into STATION values (1323, 'L-51', 5694, 683854.13, 4761963.91, 1222.64);
insert into STATION values (1324, 'L-52', 5694, 683858.99, 4761972.02, 1220.97);
insert into STATION values (1325, 'L-53', 5694, 683862.98, 4761980.62, 1220.31);
insert into STATION values (1326, 'L-54', 5694, 683865.90, 4761987.51, 1218.99);
insert into STATION values (1327, 'L-55', 5694, 683874.30, 4762005.60, 1217.60);
insert into STATION values (1328, 'L-56', 5694, 683877.80, 4762018.73, 1218.31);
insert into STATION values (1329, 'L-57', 5694, 683881.72, 4762032.46, 1215.27);
insert into STATION values (1330, 'L-58', 5694, 683887.86, 4762046.30, 1213.95);
insert into STATION values (1331, 'L-59', 5694, 683884.97, 4762057.82, 1213.12);
insert into STATION values (1332, 'L-60', 5694, 683888.91, 4762071.63, 1212.11);
insert into STATION values (1333, 'L-61', 5694, 683906.63, 4762079.92, 1207.95);
insert into STATION values (1334, 'L-62', 5694, 683916.67, 4762086.22, 1206.08);
insert into STATION values (1335, 'L-63', 5694, 683926.26, 4762090.70, 1205.52);
insert into STATION values (1336, 'L-64', 5694, 683932.73, 4762093.87, 1204.38);
insert into STATION values (1337, 'L-65', 5694, 683952.65, 4762094.60, 1202.64);
insert into STATION values (1338, 'L-66', 5694, 683966.69, 4762096.84, 1201.14);
insert into STATION values (1339, 'L-67', 5694, 683979.81, 4762096.17, 1203.22);
insert into STATION values (1340, 'L-68', 5694, 683999.43, 4762092.38, 1202.53);
insert into STATION values (1341, 'L-69', 5694, 683979.81, 4762096.17, 1199.82);
insert into STATION values (1342, 'L-70', 5694, 683983.48, 4762097.37, 1198.79);
insert into STATION values (1343, 'L-71', 5694, 684001.26, 4762091.28, 1198.46);
insert into STATION values (1344, 'L-72', 5694, 684006.43, 4762090.09, 1198.64);
insert into STATION values (1345, 'L-73', 5694, 684013.63, 4762088.96, 1198.39);
insert into STATION values (1346, 'L-74', 5694, 684026.88, 4762088.98, 1197.23);
insert into STATION values (1347, 'L-75', 5694, 684044.09, 4762089.00, 1195.42);
insert into STATION values (1348, 'L-76', 5694, 684046.32, 4762101.76, 1194.29);
insert into STATION values (1349, 'L-77', 5694, 684046.74, 4762114.25, 1194.29);
insert into STATION values (1350, 'L-78', 5694, 684043.51, 4762121.16, 1195.36);
insert into STATION values (1351, 'L-79', 5694, 684047.02, 4762125.35, 1194.79);
insert into STATION values (1352, 'L-80', 5694, 684051.50, 4762135.96, 1192.75);
insert into STATION values (1353, 'L-81', 5694, 684058.54, 4762143.53, 1189.99);
insert into STATION values (1354, 'L-82', 5694, 684055.75, 4762145.63, 1190.11);
insert into STATION values (1355, 'L-83', 5694, 684056.56, 4762155.11, 1187.02);
insert into STATION values (1356, 'L-84', 5694, 684055.78, 4762163.92, 1184.48);
insert into STATION values (1357, 'L-85', 5694, 684057.15, 4762179.83, 1178.67);
insert into STATION values (1358, 'L-86', 5694, 684059.67, 4762188.12, 1173.67);
insert into STATION values (1359, 'M-01', 5694, 684061.57, 4762199.01, 1171.32);
insert into STATION values (1360, 'M-02', 5694, 684066.84, 4762205.53, 1170.73);
insert into STATION values (1361, 'M-03', 5694, 684071.28, 4762216.56, 1166.87);
insert into STATION values (1362, 'M-04', 5694, 684072.20, 4762227.28, 1164.58);
insert into STATION values (1363, 'M-05', 5694, 684063.72, 4762236.34, 1162.39);
insert into STATION values (1364, 'M-06', 5694, 684064.34, 4762243.51, 1162.52);
insert into STATION values (1365, 'M-07', 5694, 684069.54, 4762254.70, 1157.28);
insert into STATION values (1366, 'M-08', 5694, 684075.72, 4762271.74, 1148.83);
insert into STATION values (1367, 'M-09', 5694, 684081.16, 4762275.56, 1148.01);
insert into STATION values (1368, 'M-10', 5694, 684089.12, 4762278.47, 1147.42);
insert into STATION values (1369, 'M-11', 5694, 684089.88, 4762282.82, 1149.77);
insert into STATION values (1370, 'M-12', 5694, 684095.42, 4762292.45, 1146.79);
insert into STATION values (1371, 'M-13', 5694, 684109.96, 4762298.64, 1147.07);
insert into STATION values (1372, 'M-14', 5694, 684111.89, 4762299.46, 1147.07);
insert into STATION values (1373, 'M-15', 5694, 684111.89, 4762299.46, 1142.67);
insert into STATION values (1374, 'M-16', 5694, 684111.89, 4762299.46, 1144.27);
insert into STATION values (1375, 'M-17', 5694, 684113.03, 4762312.75, 1138.33);
insert into STATION values (1376, 'M-18', 5694, 684122.83, 4762321.60, 1138.33);
insert into STATION values (1377, 'M-19', 5694, 684129.85, 4762325.67, 1136.16);
insert into STATION values (1378, 'M-20', 5694, 684126.97, 4762333.56, 1136.16);
insert into STATION values (1379, 'M-21', 5694, 684140.40, 4762347.02, 1129.98);
insert into STATION values (1380, 'M-22', 5694, 684146.34, 4762353.64, 1127.59);
insert into STATION values (1381, 'M-23', 5694, 684154.00, 4762355.70, 1130.02);
insert into STATION values (1382, 'M-24', 5694, 684165.10, 4762372.21, 1127.93);
insert into STATION values (1383, 'M-25', 5694, 684178.72, 4762386.85, 1128.28);
insert into STATION values (1384, 'M-26', 5694, 684185.02, 4762389.80, 1127.55);
insert into STATION values (1385, 'M-27', 5694, 684204.98, 4762388.78, 1128.25);
insert into STATION values (1386, 'M-28', 5694, 684209.36, 4762388.02, 1126.18);
insert into STATION values (1387, 'M-29', 5694, 684211.29, 4762391.24, 1124.81);
insert into STATION values (1388, 'M-30', 5694, 684219.32, 4762388.17, 1125.11);
insert into STATION values (1389, 'M-31', 5694, 684221.96, 4762384.41, 1125.27);
insert into STATION values (1390, 'M-32', 5694, 684224.54, 4762382.25, 1127.62);
insert into STATION values (1391, 'M-33', 5694, 684240.09, 4762369.70, 1126.92);
insert into STATION values (1392, 'M-34', 5694, 684256.11, 4762367.47, 1124.94);
insert into STATION values (1393, 'M-35', 5694, 684271.36, 4762370.73, 1125.21);
insert into STATION values (1394, 'M-36', 5694, 684289.67, 4762369.16, 1128.12);
insert into STATION values (1395, 'M-37', 5694, 684309.00, 4762372.59, 1124.30);
insert into STATION values (1396, 'M-38', 5694, 684317.01, 4762368.52, 1121.21);
insert into STATION values (1397, 'M-39', 5694, 684325.34, 4762368.54, 1120.18);
insert into STATION values (1398, 'M-40', 5694, 684345.24, 4762370.30, 1121.23);
insert into STATION values (1399, 'M-41', 5694, 684364.98, 4762367.20, 1120.53);
insert into STATION values (1400, 'M-42', 5694, 684374.07, 4762364.44, 1120.53);
insert into STATION values (1401, 'M-43', 5694, 684382.97, 4762363.67, 1119.44);
insert into STATION values (1402, 'M-44', 5694, 684392.98, 4762361.01, 1120.34);
insert into STATION values (1403, 'M-45', 5694, 684403.47, 4762366.84, 1120.34);
insert into STATION values (1404, 'M-46', 5694, 684416.82, 4762361.19, 1120.09);
insert into STATION values (1405, 'M-47', 5694, 684436.72, 4762359.48, 1119.04);
insert into STATION values (1406, 'M-48', 5694, 684456.64, 4762360.55, 1117.65);
insert into STATION values (1407, 'M-49', 5694, 684476.51, 4762358.49, 1116.60);
insert into STATION values (1408, 'M-50', 5694, 684496.41, 4762357.47, 1114.86);
insert into STATION values (1409, 'M-51', 5694, 684516.10, 4762357.50, 1111.38);
insert into STATION values (1410, 'M-52', 5694, 684535.56, 4762362.02, 1110.34);
insert into STATION values (1411, 'M-53', 5694, 684555.05, 4762360.34, 1106.18);
insert into STATION values (1412, 'M-54', 5694, 684571.79, 4762362.12, 1104.71);
insert into STATION values (1413, 'M-55', 5694, 684582.26, 4762369.75, 1103.57);
insert into STATION values (1414, 'M-56', 5694, 684588.79, 4762368.01, 1101.76);
insert into STATION values (1415, 'M-57', 5694, 684591.46, 4762368.34, 1101.48);
insert into STATION values (1416, 'M-58', 5694, 684590.66, 4762374.78, 1101.14);
insert into STATION values (1417, 'M-59', 5694, 684594.72, 4762380.19, 1098.41);
insert into STATION values (1418, 'M-60', 5694, 684598.73, 4762384.81, 1095.42);
insert into STATION values (1419, 'M-61', 5694, 684605.11, 4762398.56, 1092.20);
insert into STATION values (1420, 'M-62', 5694, 684607.21, 4762405.44, 1090.93);
insert into STATION values (1421, 'M-63', 5694, 684613.77, 4762407.84, 1090.45);
insert into STATION values (1422, 'M-64', 5694, 684620.25, 4762421.80, 1090.18);
insert into STATION values (1423, 'M-65', 5694, 684621.64, 4762425.64, 1089.82);
insert into STATION values (1424, 'M-66', 5694, 684620.44, 4762428.93, 1089.88);
insert into STATION values (1425, 'M-67', 5694, 684626.90, 4762430.43, 1087.98);
insert into STATION values (1426, 'M-68', 5694, 684626.89, 4762437.42, 1087.73);
insert into STATION values (1427, 'M-69', 5694, 684627.57, 4762450.59, 1087.04);
insert into STATION values (1428, 'M-70', 5694, 684629.47, 4762455.85, 1087.14);
insert into STATION values (1429, 'M-71', 5694, 684620.76, 4762464.54, 1087.14);
insert into STATION values (1430, 'M-72', 5694, 684614.40, 4762470.46, 1086.69);
insert into STATION values (1431, 'M-73', 5694, 684608.27, 4762473.05, 1085.99);
insert into STATION values (1432, 'M-74', 5694, 684601.70, 4762474.80, 1086.22);
insert into STATION values (1433, 'M-75', 5694, 684591.26, 4762476.63, 1086.59);
insert into STATION values (1434, 'M-76', 5694, 684598.14, 4762488.58, 1087.07);
insert into STATION values (1435, 'M-77', 5694, 684601.76, 4762493.76, 1086.07);
insert into STATION values (1436, 'M-78', 5694, 684605.67, 4762504.55, 1085.27);
insert into STATION values (1437, 'M-79', 5694, 684603.20, 4762507.82, 1085.27);
insert into STATION values (1438, 'M-80', 5694, 684608.84, 4762512.91, 1085.27);
insert into STATION values (1439, 'M-81', 5694, 684612.77, 4762527.65, 1083.13);
insert into STATION values (1440, 'M-82', 5694, 684609.70, 4762533.92, 1082.64);
insert into STATION values (1441, 'M-83', 5694, 684620.48, 4762541.49, 1081.95);
insert into STATION values (1442, 'M-84', 5694, 684627.64, 4762548.19, 1081.95);
insert into STATION values (1443, 'M-85', 5694, 684632.98, 4762555.55, 1077.11);
insert into STATION values (1444, 'M-86', 5694, 684641.39, 4762573.67, 1076.07);
insert into STATION values (1445, 'M-87', 5694, 684629.72, 4762585.31, 1075.49);
insert into STATION values (1446, 'O-87', 5694, 684629.72, 4762585.31, 1075.49);
insert into STATION values (1447, 'M-88', 5694, 684643.57, 4762599.70, 1074.44);
insert into STATION values (1448, 'M-89', 5694, 684629.46, 4762586.50, 1079.62);
insert into STATION values (1449, 'M-90', 5694, 684616.78, 4762571.35, 1082.75);
insert into STATION values (1450, 'M-91', 5694, 684606.93, 4762554.23, 1085.88);
insert into STATION values (1451, 'M-92', 5694, 684598.86, 4762539.62, 1086.46);
insert into STATION values (1452, 'M-93', 5694, 684635.43, 4762604.09, 1071.67);
insert into STATION values (1453, 'M-94', 5694, 684644.35, 4762621.65, 1068.20);
insert into STATION values (1454, 'M-95', 5694, 684660.16, 4762630.81, 1060.07);
insert into STATION values (1455, 'M-96', 5694, 684673.04, 4762637.98, 1052.88);
insert into STATION values (1456, 'M-97', 5694, 684673.82, 4762640.70, 1051.62);
insert into STATION values (1457, 'M-98', 5694, 684676.09, 4762638.44, 1049.77);
insert into STATION values (1458, 'M-99', 5694, 684678.43, 4762639.07, 1048.37);
insert into STATION values (1459, 'M-100', 5694, 684679.59, 4762641.57, 1046.96);
insert into STATION values (1460, 'M-101', 5694, 684687.19, 4762650.65, 1044.44);
insert into STATION values (1461, 'M-102', 5694, 684694.58, 4762664.60, 1043.89);
insert into STATION values (1462, 'M-103', 5694, 684692.78, 4762665.86, 1043.89);
insert into STATION values (1463, 'M-104', 5694, 684699.09, 4762679.46, 1044.42);
insert into STATION values (1464, 'M-105', 5694, 684711.06, 4762695.38, 1042.67);
insert into STATION values (1465, 'M-106', 5694, 684718.97, 4762712.40, 1045.64);
insert into STATION values (1466, 'M-107', 5694, 684727.27, 4762730.27, 1049.12);
insert into STATION values (1467, 'M-108', 5694, 684739.88, 4762742.91, 1053.57);
insert into STATION values (1468, 'M-109', 5694, 684755.99, 4762753.01, 1047.39);
insert into STATION values (1469, 'M-110', 5694, 684773.41, 4762761.16, 1041.88);
insert into STATION values (1470, 'M-105', 5698, 684711.06, 4762695.38, 1042.67);
insert into STATION values (1471, 'N-39', 5698, 684711.06, 4762695.38, 1042.67);
insert into STATION values (1472, 'N-38', 5698, 684712.70, 4762692.84, 1043.83);
insert into STATION values (1473, 'N-37', 5698, 684713.84, 4762700.65, 1047.68);
insert into STATION values (1474, 'N-36', 5698, 684722.01, 4762725.29, 1050.87);
insert into STATION values (1475, 'N-35', 5698, 684727.75, 4762735.94, 1046.94);
insert into STATION values (1476, 'N-34', 5698, 684712.48, 4762729.88, 1048.67);
insert into STATION values (1477, 'N-33', 5698, 684700.14, 4762725.94, 1051.42);
insert into STATION values (1478, 'N-32', 5698, 684709.86, 4762753.65, 1042.44);
insert into STATION values (1479, 'N-31', 5698, 684711.30, 4762761.53, 1036.18);
insert into STATION values (1480, 'N-30', 5698, 684719.90, 4762769.19, 1023.82);
insert into STATION values (1481, 'N-29', 5698, 684721.14, 4762778.82, 1019.50);
insert into STATION values (1482, 'N-28', 5698, 684735.78, 4762784.93, 1020.89);
insert into STATION values (1483, 'N-27', 5698, 684744.08, 4762792.59, 1012.98);
insert into STATION values (1484, 'N-26', 5698, 684744.08, 4762792.59, 1011.98);
insert into STATION values (1485, 'N-25', 5698, 684758.53, 4762795.83, 1012.76);
insert into STATION values (1486, 'N-24', 5698, 684769.81, 4762799.64, 1012.76);
insert into STATION values (1487, 'N-23', 5698, 684799.71, 4762825.34, 1004.38);
insert into STATION values (1488, 'N-22', 5698, 684809.34, 4762831.04, 998.43);
insert into STATION values (1489, 'N-21', 5698, 684818.69, 4762835.14, 990.16);
insert into STATION values (1490, 'N-20', 5698, 684821.15, 4762832.18, 985.88);
insert into STATION values (1491, 'N-19', 5698, 684831.45, 4762837.35, 973.94);
insert into STATION values (1492, 'N-18', 5698, 684834.75, 4762838.15, 971.65);
insert into STATION values (1493, 'N-17', 5698, 684846.30, 4762841.83, 967.71);
insert into STATION values (1494, 'N-16', 5698, 684853.03, 4762850.35, 964.60);
insert into STATION values (1495, 'N-15', 5698, 684853.23, 4762850.66, 963.10);
insert into STATION values (1496, 'N-14', 5698, 684856.25, 4762852.31, 961.99);
insert into STATION values (1497, 'N-13', 5698, 684857.53, 4762856.95, 960.87);
insert into STATION values (1498, 'N-12', 5698, 684861.48, 4762861.78, 960.22);
insert into STATION values (1499, 'N-11', 5698, 684859.11, 4762866.49, 959.10);
insert into STATION values (1500, 'N-10', 5698, 684861.64, 4762869.47, 958.55);
insert into STATION values (1501, 'N-09', 5698, 684863.29, 4762871.28, 956.90);
insert into STATION values (1502, 'N-08', 5698, 684865.63, 4762875.12, 957.29);
insert into STATION values (1503, 'N-07', 5698, 684869.62, 4762884.83, 956.56);
insert into STATION values (1504, 'N-06', 5698, 684871.43, 4762891.45, 954.97);
insert into STATION values (1505, 'N-05', 5698, 684874.58, 4762892.27, 954.80);
insert into STATION values (1506, 'N-04', 5698, 684874.89, 4762894.40, 954.88);
insert into STATION values (1507, 'N-03', 5698, 684889.07, 4762896.56, 954.63);
insert into STATION values (1508, 'N-02', 5698, 684896.78, 4762895.15, 955.04);
insert into STATION values (1509, 'N-01', 5698, 684899.04, 4762901.25, 954.70);
insert into STATION values (1510, 'N-00', 5698, 684905.20, 4762904.08, 952.76);
insert into STATION values (1511, 'A-42', 6402, 684230.18, 4760874.27, 1357.12);
insert into STATION values (1512, 'J02', 6402, 684230.22, 4760875.09, 1355.17);
insert into STATION values (1513, 'J03', 6402, 684236.08, 4760873.00, 1355.57);
insert into STATION values (1514, 'J04', 6402, 684239.32, 4760867.88, 1355.82);
insert into STATION values (1515, 'J05', 6402, 684244.68, 4760869.35, 1354.62);
insert into STATION values (1516, 'J06', 6402, 684251.81, 4760859.66, 1354.92);
insert into STATION values (1517, 'J07', 6402, 684258.34, 4760855.48, 1354.84);
insert into STATION values (1518, 'J08', 6402, 684263.37, 4760848.90, 1354.37);
insert into STATION values (1519, 'J09', 6402, 684269.17, 4760847.60, 1354.03);
insert into STATION values (1520, 'J10', 6402, 684270.90, 4760847.08, 1354.53);
insert into STATION values (1521, 'J11', 6402, 684280.04, 4760845.86, 1355.52);
insert into STATION values (1522, 'J12', 6402, 684281.38, 4760840.99, 1355.05);
insert into STATION values (1523, 'J13', 6402, 684285.72, 4760836.24, 1359.85);
insert into STATION values (1524, 'J14', 6402, 684288.09, 4760836.76, 1360.80);
insert into STATION values (1525, 'J15', 6402, 684288.09, 4760836.76, 1362.03);
insert into STATION values (1526, 'J16', 6402, 684290.62, 4760834.81, 1364.44);
insert into STATION values (1527, 'J17', 6402, 684293.07, 4760832.92, 1363.10);
insert into STATION values (1528, 'J18', 6402, 684293.07, 4760832.92, 1361.22);
insert into STATION values (1529, 'J19', 6402, 684296.86, 4760830.50, 1361.36);
insert into STATION values (1530, 'J20', 6402, 684296.86, 4760830.50, 1361.84);
insert into STATION values (1531, 'J21', 6402, 684300.75, 4760824.36, 1363.31);
insert into STATION values (1532, 'J22', 6402, 684299.98, 4760823.35, 1363.34);
insert into STATION values (1533, 'J23', 6402, 684304.52, 4760818.38, 1364.13);
insert into STATION values (1534, 'J24', 6402, 684303.64, 4760816.37, 1365.98);
insert into STATION values (1535, 'J25', 6402, 684301.05, 4760814.01, 1366.52);
insert into STATION values (1536, 'J26', 6402, 684300.70, 4760812.45, 1366.58);
insert into STATION values (1537, 'J27', 6402, 684305.38, 4760810.50, 1367.51);
insert into STATION values (1538, 'J28', 6402, 684307.37, 4760808.67, 1365.42);
insert into STATION values (1539, 'J29', 6402, 684310.30, 4760807.74, 1364.16);
insert into STATION values (1540, 'J30', 6402, 684313.75, 4760804.21, 1360.57);
insert into STATION values (1541, 'J31', 6402, 684316.50, 4760805.46, 1359.65);
insert into STATION values (1542, 'J32', 6402, 684316.02, 4760800.61, 1356.49);
insert into STATION values (1543, 'J33', 6402, 684316.43, 4760797.83, 1356.53);
insert into STATION values (1544, 'J34', 6402, 684314.40, 4760798.07, 1358.16);
insert into STATION values (1545, 'V00', 6406, 684100.87, 4760671.94, 1372.87);
insert into STATION values (1546, 'V00b', 6406, 684100.87, 4760671.94, 1372.87);
insert into STATION values (1547, 'VA0', 6406, 684101.29, 4760669.01, 1372.71);
insert into STATION values (1548, 'VA1', 6406, 684098.62, 4760668.53, 1372.14);
insert into STATION values (1549, 'VA2', 6406, 684093.90, 4760665.67, 1369.20);
insert into STATION values (1550, 'VA3', 6406, 684092.18, 4760663.27, 1367.83);
insert into STATION values (1551, 'V01', 6406, 684105.83, 4760672.39, 1375.19);
insert into STATION values (1552, 'V02', 6406, 684111.11, 4760673.35, 1375.01);
insert into STATION values (1553, 'V03', 6406, 684121.65, 4760676.62, 1374.43);
insert into STATION values (1554, 'V04', 6406, 684126.02, 4760676.41, 1374.27);
insert into STATION values (1555, 'V05', 6406, 684127.60, 4760678.77, 1374.52);
insert into STATION values (1556, 'V06', 6406, 684132.21, 4760678.06, 1374.28);
insert into STATION values (1557, 'V07', 6406, 684137.86, 4760679.92, 1373.86);
insert into STATION values (1558, 'V08', 6406, 684146.60, 4760683.67, 1376.41);
insert into STATION values (1559, 'V09', 6406, 684153.90, 4760684.73, 1376.15);
insert into STATION values (1560, 'V10', 6406, 684158.36, 4760683.72, 1374.02);
insert into STATION values (1561, 'V11', 6406, 684162.21, 4760686.64, 1372.99);
insert into STATION values (1562, 'V12', 6406, 684165.64, 4760689.99, 1372.74);
insert into STATION values (1563, 'V13', 6406, 684170.96, 4760694.49, 1373.11);
insert into STATION values (1564, 'V14', 6406, 684174.84, 4760697.65, 1373.19);
insert into STATION values (1565, 'V15', 6406, 684178.22, 4760699.25, 1373.13);
insert into STATION values (1566, 'V16', 6406, 684181.42, 4760701.55, 1373.41);
insert into STATION values (1567, 'V17', 6406, 684184.15, 4760702.95, 1373.51);
insert into STATION values (1568, 'V18', 6406, 684189.86, 4760707.45, 1372.88);
insert into STATION values (1569, 'V19', 6406, 684193.80, 4760710.04, 1371.70);
insert into STATION values (1570, 'V20', 6406, 684193.80, 4760710.04, 1369.77);
insert into STATION values (1571, 'V21', 6406, 684195.25, 4760711.98, 1370.03);
insert into STATION values (1572, 'V22', 6406, 684195.25, 4760711.98, 1369.24);
insert into STATION values (1573, 'V23', 6406, 684197.96, 4760713.56, 1369.45);
insert into STATION values (1574, 'V24', 6406, 684198.11, 4760715.02, 1369.61);
insert into STATION values (1575, 'V25', 6406, 684196.48, 4760718.18, 1369.67);
insert into STATION values (1576, 'V26', 6406, 684194.88, 4760721.16, 1370.52);
insert into STATION values (1577, 'V27', 6406, 684191.66, 4760720.04, 1372.25);
insert into STATION values (1578, 'V28', 6406, 684185.78, 4760719.81, 1371.84);
insert into STATION values (1579, 'V29', 6406, 684185.78, 4760719.81, 1369.05);
insert into STATION values (1580, 'V30', 6406, 684180.56, 4760718.87, 1369.61);
insert into STATION values (1581, 'V31', 6406, 684179.56, 4760719.86, 1369.88);
insert into STATION values (1582, 'V32', 6406, 684173.90, 4760718.84, 1369.08);
insert into STATION values (1583, 'V33', 6406, 684174.53, 4760719.93, 1369.06);
insert into STATION values (1584, 'V34', 6406, 684174.20, 4760721.58, 1368.94);
insert into STATION values (1585, 'V35', 6406, 684182.24, 4760723.62, 1368.79);
insert into STATION values (1586, 'V36', 6406, 684185.45, 4760723.35, 1368.91);
insert into STATION values (1587, 'V37', 6406, 684191.16, 4760725.46, 1369.76);
insert into STATION values (1588, 'V38', 6406, 684196.39, 4760727.08, 1369.47);
insert into STATION values (1589, 'V08A', 6406, 684148.45, 4760682.70, 1376.63);
insert into STATION values (1590, 'V08B', 6406, 684148.45, 4760682.70, 1377.91);
insert into STATION values (1591, 'V08C', 6406, 684149.57, 4760682.29, 1379.69);
insert into STATION values (1592, 'V08D', 6406, 684149.74, 4760681.18, 1386.09);
insert into STATION values (1593, 'V39', 6406, 684200.25, 4760730.13, 1368.78);
insert into STATION values (1594, 'V40', 6406, 684198.92, 4760730.74, 1368.28);
insert into STATION values (1595, 'V41', 6406, 684202.11, 4760733.84, 1368.75);
insert into STATION values (1596, 'V42', 6406, 684203.30, 4760733.34, 1368.65);
insert into STATION values (1597, 'V43', 6406, 684205.74, 4760736.28, 1369.47);
insert into STATION values (1598, 'V44', 6406, 684210.67, 4760738.60, 1369.37);
insert into STATION values (1599, 'V45', 6406, 684215.47, 4760742.80, 1369.26);
insert into STATION values (1600, 'V46', 6406, 684218.76, 4760745.30, 1369.77);
insert into STATION values (1601, 'V47', 6406, 684223.19, 4760749.05, 1368.95);
insert into STATION values (1602, 'V48', 6406, 684226.08, 4760750.18, 1367.94);
insert into STATION values (1603, 'V49', 6406, 684228.11, 4760751.27, 1368.06);
insert into STATION values (1604, 'V50', 6406, 684227.19, 4760756.36, 1367.15);
insert into STATION values (1605, 'V51', 6406, 684234.20, 4760756.15, 1367.39);
insert into STATION values (1606, 'V52', 6406, 684240.70, 4760758.94, 1367.02);
insert into STATION values (1607, 'V53', 6406, 684246.84, 4760761.20, 1366.79);
insert into STATION values (1608, 'V54', 6406, 684252.55, 4760763.89, 1366.46);
insert into STATION values (1609, 'V55', 6406, 684254.66, 4760763.87, 1366.61);
insert into STATION values (1610, 'V56', 6406, 684256.77, 4760765.15, 1366.83);
insert into STATION values (1611, 'V57', 6406, 684258.19, 4760765.85, 1367.98);
insert into STATION values (1612, 'V58', 6406, 684263.80, 4760769.66, 1370.18);
insert into STATION values (1613, 'V59', 6406, 684266.94, 4760773.06, 1368.41);
insert into STATION values (1614, 'V60', 6406, 684266.94, 4760773.06, 1367.76);
insert into STATION values (1615, 'V61', 6406, 684270.04, 4760775.59, 1367.19);
insert into STATION values (1616, 'V62', 6406, 684275.37, 4760778.46, 1366.02);
insert into STATION values (1617, 'V63', 6406, 684278.28, 4760777.80, 1365.81);
insert into STATION values (1618, 'V64', 6406, 684280.78, 4760778.62, 1365.20);
insert into STATION values (1619, 'V65', 6406, 684282.34, 4760779.60, 1364.53);
insert into STATION values (1620, 'V66', 6406, 684284.86, 4760779.75, 1365.26);
insert into STATION values (1621, 'V67', 6406, 684291.54, 4760783.48, 1364.18);
insert into STATION values (1622, 'V68', 6406, 684293.72, 4760785.61, 1363.42);
insert into STATION values (1623, 'V69', 6406, 684297.18, 4760788.34, 1360.98);
insert into STATION values (1624, 'V70', 6406, 684301.94, 4760792.81, 1357.80);
insert into STATION values (1625, 'V71', 6406, 684306.43, 4760795.53, 1358.35);
insert into STATION values (1626, 'V72', 6406, 684316.69, 4760797.76, 1358.16);
insert into STATION values (1627, 'J34', 6406, 684314.40, 4760798.07, 1358.16);
insert into STATION values (1628, 'J34A', 6406, 684314.45, 4760798.57, 1358.16);
insert into STATION values (1629, 'J34B', 6406, 684320.99, 4760799.99, 1357.93);
insert into STATION values (1630, 'J34C', 6406, 684327.76, 4760804.42, 1358.64);
insert into STATION values (1631, 'J34D', 6406, 684330.37, 4760803.38, 1358.64);
insert into STATION values (1632, 'J09', 6410, 684269.17, 4760847.60, 1354.03);
insert into STATION values (1633, '0', 6410, 684269.17, 4760847.60, 1354.03);
insert into STATION values (1634, '1', 6410, 684270.44, 4760853.03, 1354.52);
insert into STATION values (1635, '2', 6410, 684275.74, 4760854.14, 1355.97);
insert into STATION values (1636, '3', 6410, 684282.35, 4760857.20, 1354.68);
insert into STATION values (1637, '4', 6410, 684287.75, 4760857.37, 1354.68);
insert into STATION values (1638, '5', 6410, 684296.17, 4760856.60, 1357.11);
insert into STATION values (1639, '6', 6410, 684301.57, 4760857.34, 1355.44);
insert into STATION values (1640, '7', 6410, 684312.37, 4760857.49, 1353.34);
insert into STATION values (1641, '8', 6410, 684325.29, 4760861.39, 1353.81);
insert into STATION values (1642, '9', 6410, 684318.88, 4760869.96, 1354.00);
insert into STATION values (1643, '10', 6410, 684335.36, 4760871.93, 1353.71);
insert into STATION values (1644, '11', 6410, 684340.68, 4760870.18, 1353.81);
insert into STATION values (1645, '12', 6410, 684345.07, 4760869.93, 1353.81);
insert into STATION values (1646, '13', 6410, 684350.25, 4760868.81, 1353.62);
insert into STATION values (1647, '14', 6410, 684352.72, 4760869.20, 1353.62);
insert into STATION values (1648, '15', 6410, 684354.61, 4760868.58, 1353.83);
insert into STATION values (1649, '16', 6410, 684362.93, 4760870.31, 1353.83);
insert into STATION values (1650, '17', 6410, 684369.55, 4760868.52, 1351.99);
insert into STATION values (1651, '18', 6410, 684384.24, 4760864.25, 1351.99);
insert into STATION values (1652, '19', 6410, 684392.23, 4760860.32, 1355.59);
insert into STATION values (1653, '20', 6410, 684400.53, 4760859.42, 1354.71);
insert into STATION values (1654, '21', 6410, 684402.46, 4760862.05, 1353.19);
insert into STATION values (1655, '22', 6410, 684414.06, 4760860.79, 1354.01);
insert into STATION values (1656, '23', 6410, 684418.94, 4760854.73, 1354.55);
insert into STATION values (1657, '24', 6410, 684418.35, 4760851.48, 1354.55);
insert into STATION values (1658, '25', 6410, 684416.44, 4760848.20, 1354.55);
insert into STATION values (1659, '26', 6410, 684426.03, 4760849.68, 1354.72);
insert into STATION values (1660, '27', 6410, 684435.03, 4760849.97, 1355.99);
insert into STATION values (1661, '28', 6410, 684437.89, 4760851.67, 1354.91);
insert into STATION values (1662, '29', 6410, 684443.10, 4760853.44, 1355.00);
insert into STATION values (1663, '30', 6410, 684447.88, 4760853.01, 1355.17);
insert into STATION values (1664, '31', 6410, 684458.04, 4760853.86, 1354.99);
insert into STATION values (1665, '32', 6410, 684463.14, 4760854.02, 1355.08);
insert into STATION values (1666, '33', 6410, 684467.44, 4760853.10, 1355.08);
insert into STATION values (1667, '34', 6410, 684475.88, 4760855.17, 1355.08);
insert into STATION values (1668, '35', 6410, 684475.95, 4760858.15, 1355.39);
insert into STATION values (1669, '36', 6410, 684480.39, 4760862.27, 1357.13);
insert into STATION values (1670, '37', 6410, 684485.11, 4760863.60, 1355.72);
insert into STATION values (1671, '38', 6410, 684488.53, 4760866.26, 1354.96);
insert into STATION values (1672, '39', 6410, 684492.23, 4760870.34, 1356.44);
insert into STATION values (1673, '39A', 6410, 684492.99, 4760872.21, 1354.80);
insert into STATION values (1674, '39B', 6410, 684494.25, 4760873.87, 1354.51);
insert into STATION values (1675, '39C', 6410, 684497.34, 4760873.64, 1354.62);
insert into STATION values (1676, '39D', 6410, 684493.99, 4760876.90, 1354.12);
insert into STATION values (1677, '39E', 6410, 684489.41, 4760876.27, 1351.97);
insert into STATION values (1678, '39F', 6410, 684482.05, 4760876.04, 1351.20);
insert into STATION values (1679, '39G', 6410, 684475.62, 4760870.48, 1351.20);
insert into STATION values (1680, '39H', 6410, 684471.54, 4760868.85, 1350.97);
insert into STATION values (1681, '39I', 6410, 684470.88, 4760867.16, 1350.12);
insert into STATION values (1682, '39J', 6410, 684471.10, 4760870.07, 1345.46);
insert into STATION values (1683, '39K', 6410, 684464.62, 4760868.95, 1346.03);
insert into STATION values (1684, '39L', 6410, 684459.84, 4760871.96, 1345.24);
insert into STATION values (1685, '39M', 6410, 684458.18, 4760871.29, 1345.43);
insert into STATION values (1686, '39N', 6410, 684451.74, 4760875.50, 1345.16);
insert into STATION values (1687, '39O', 6410, 684448.20, 4760875.76, 1344.53);
insert into STATION values (1688, '39P', 6410, 684441.26, 4760880.66, 1344.53);
insert into STATION values (1689, '39Q', 6410, 684430.55, 4760887.67, 1344.98);
insert into STATION values (1690, '39R', 6410, 684421.81, 4760891.97, 1343.95);
insert into STATION values (1691, '39S', 6410, 684418.61, 4760891.24, 1344.36);
insert into STATION values (1692, '39T', 6410, 684415.34, 4760891.60, 1344.59);
insert into STATION values (1693, '39U', 6410, 684414.08, 4760893.64, 1344.59);
insert into STATION values (1694, '39V', 6410, 684466.44, 4760868.62, 1349.71);
insert into STATION values (1695, '40', 6410, 684493.41, 4760872.84, 1356.87);
insert into STATION values (1696, '41', 6410, 684500.65, 4760876.99, 1358.50);
insert into STATION values (1697, '42', 6410, 684502.88, 4760879.13, 1358.66);
insert into STATION values (1698, '43', 6410, 684506.38, 4760880.82, 1359.00);
insert into STATION values (1699, '44', 6410, 684503.19, 4760880.56, 1358.89);
insert into STATION values (1700, '45', 6410, 684507.77, 4760883.74, 1358.40);
insert into STATION values (1701, '46', 6410, 684511.77, 4760886.96, 1359.21);
insert into STATION values (1702, '47', 6410, 684513.70, 4760886.25, 1360.26);
insert into STATION values (1703, '48', 6410, 684516.59, 4760890.85, 1359.40);
insert into STATION values (1704, '49', 6410, 684521.83, 4760893.73, 1359.92);
insert into STATION values (1705, '50', 6410, 684529.30, 4760894.36, 1359.79);
insert into STATION values (1706, '51', 6410, 684534.75, 4760890.65, 1360.13);
insert into STATION values (1707, '52', 6410, 684539.62, 4760886.69, 1358.09);
insert into STATION values (1708, '53', 6410, 684544.53, 4760886.93, 1361.54);
insert into STATION values (1709, '54', 6410, 684550.80, 4760887.79, 1360.07);
insert into STATION values (1710, '55', 6410, 684566.28, 4760887.46, 1361.97);
insert into STATION values (1711, '56', 6410, 684580.23, 4760888.39, 1362.71);
insert into STATION values (1712, '57', 6410, 684583.76, 4760889.66, 1361.04);
insert into STATION values (1713, '58', 6410, 684587.00, 4760890.64, 1363.16);
insert into STATION values (1714, '59', 6410, 684592.75, 4760891.84, 1362.54);
insert into STATION values (1715, '60', 6410, 684597.79, 4760894.07, 1361.57);
insert into STATION values (1716, '61', 6410, 684608.29, 4760899.84, 1362.20);
insert into STATION values (1717, '62', 6410, 684615.73, 4760903.13, 1359.40);
insert into STATION values (1718, '63', 6410, 684618.94, 4760904.74, 1357.87);
insert into STATION values (1719, '64', 6410, 684625.27, 4760902.41, 1359.31);
insert into STATION values (1720, '65', 6410, 684628.19, 4760901.57, 1363.65);
insert into STATION values (1721, '66', 6410, 684640.85, 4760902.63, 1365.21);
insert into STATION values (1722, '67', 6410, 684648.21, 4760904.03, 1365.60);
insert into STATION values (1723, '68', 6410, 684654.13, 4760904.64, 1366.33);
insert into STATION values (1724, '69', 6410, 684657.83, 4760906.12, 1364.47);
insert into STATION values (1725, '70', 6410, 684662.98, 4760909.19, 1364.16);
insert into STATION values (1726, '71', 6410, 684669.85, 4760910.62, 1366.17);
insert into STATION values (1727, '72', 6410, 684673.76, 4760913.14, 1365.52);
insert into STATION values (1728, '73', 6410, 684675.60, 4760913.63, 1362.23);
insert into STATION values (1729, '74', 6410, 684679.47, 4760916.98, 1360.86);
insert into STATION values (1730, '75', 6410, 684693.21, 4760916.45, 1363.53);
insert into STATION values (1731, '76', 6410, 684699.89, 4760918.34, 1364.38);
insert into STATION values (1732, '77', 6410, 684707.58, 4760919.12, 1365.47);
insert into STATION values (1733, '78', 6410, 684719.24, 4760922.65, 1364.83);
insert into STATION values (1734, '79', 6410, 684724.51, 4760920.91, 1365.61);
insert into STATION values (1735, '80', 6410, 684727.20, 4760920.76, 1365.51);
insert into STATION values (1736, '81', 6410, 684734.79, 4760922.77, 1372.34);
insert into STATION values (1737, 'GL_4', 6661, 682365.00, 4760497.00, 1636.00);
insert into STATION_FLAG values(1737, 'ent');
insert into STATION_FLAG values(1737, 'fix');
insert into STATION values (1738, '-', 6661, 682365.00, 4760497.00, 1636.00);
insert into STATION values (1739, 'A', 6681, 683167.30, 4760346.74, 1327.05);
insert into STATION values (1740, '-', 6681, 683167.30, 4760346.74, 1327.05);
insert into STATION values (1741, '1', 6681, 683180.13, 4760340.36, 1333.74);
insert into STATION values (1742, '2', 6681, 683187.12, 4760339.70, 1337.79);
insert into STATION values (1743, '3', 6681, 683187.65, 4760338.48, 1340.28);
insert into STATION values (1744, '4', 6681, 683187.43, 4760333.27, 1344.50);
insert into STATION values (1745, '5', 6681, 683193.49, 4760328.46, 1346.86);
insert into STATION values (1746, '6', 6681, 683205.52, 4760322.22, 1346.15);
insert into STATION values (1747, '7', 6681, 683213.41, 4760321.19, 1342.78);
insert into STATION values (1748, '8', 6681, 683226.10, 4760316.71, 1345.88);
insert into STATION values (1749, '9', 6681, 683230.22, 4760317.26, 1346.84);
insert into STATION values (1750, '10', 6681, 683242.72, 4760314.50, 1344.81);
insert into STATION values (1751, '11', 6681, 683266.89, 4760310.06, 1349.59);
insert into STATION values (1752, '12', 6681, 683269.08, 4760308.50, 1350.21);
insert into STATION values (1753, '13', 6681, 683299.34, 4760301.27, 1351.30);
insert into STATION values (1754, '14', 6681, 683315.06, 4760298.38, 1352.70);
insert into STATION values (1755, '15', 6681, 683323.65, 4760296.80, 1359.05);
insert into STATION values (1756, '16', 6681, 683335.01, 4760294.71, 1358.44);
insert into STATION values (1757, '17', 6681, 683344.28, 4760293.33, 1357.46);
insert into STATION values (1758, '18', 6681, 683349.22, 4760282.53, 1358.49);
insert into STATION values (1759, '19', 6681, 683369.67, 4760284.17, 1360.65);
insert into STATION values (1760, '20', 6681, 683387.65, 4760292.02, 1358.59);
insert into STATION values (1761, '21', 6681, 683417.67, 4760294.42, 1360.17);
insert into STATION values (1762, '22', 6681, 683436.31, 4760301.41, 1357.01);
insert into STATION values (1763, '23', 6681, 683441.48, 4760306.00, 1348.48);
insert into STATION values (1764, 'B', 6681, 683445.92, 4760306.20, 1345.01);
insert into STATION values (1765, '26', 6681, 683446.12, 4760314.40, 1341.01);
insert into STATION values (1766, '27', 6681, 683446.28, 4760320.73, 1341.01);
insert into STATION values (1767, '28', 6681, 683420.19, 4760314.91, 1341.01);
insert into STATION values (1768, 'C', 6681, 683418.50, 4760317.11, 1341.70);
insert into STATION values (1769, '.', 6681, 683445.92, 4760306.20, 1345.01);
insert into STATION values (1770, '30', 6681, 683463.60, 4760308.23, 1342.19);
insert into STATION values (1771, '31', 6681, 683474.91, 4760313.40, 1340.88);
insert into STATION values (1772, '32', 6681, 683489.82, 4760312.51, 1344.61);
insert into STATION values (1773, '33', 6681, 683502.27, 4760311.33, 1341.95);
insert into STATION values (1774, '34', 6681, 683523.81, 4760316.93, 1340.39);
insert into STATION values (1775, '35', 6681, 683546.60, 4760319.15, 1342.80);
insert into STATION values (1776, '36', 6681, 683563.29, 4760323.49, 1343.40);
insert into STATION values (1777, '37', 6681, 683587.46, 4760335.06, 1342.47);
insert into STATION values (1778, '38', 6681, 683606.14, 4760335.24, 1343.45);
insert into STATION values (1779, '39', 6681, 683628.34, 4760337.80, 1344.62);
insert into STATION values (1780, '40', 6681, 683645.59, 4760338.27, 1344.92);
insert into STATION values (1781, '41', 6681, 683656.74, 4760338.38, 1347.91);
insert into STATION values (1782, '42', 6681, 683676.31, 4760342.39, 1345.81);
insert into STATION values (1783, '43', 6681, 683714.61, 4760346.80, 1347.15);
insert into STATION values (1784, '44', 6681, 683733.63, 4760349.33, 1347.82);
insert into STATION values (1785, '45', 6681, 683752.86, 4760353.62, 1348.17);
insert into STATION values (1786, '46', 6681, 683772.35, 4760355.18, 1347.14);
insert into STATION values (1787, '47', 6681, 683790.99, 4760348.97, 1348.86);
insert into STATION values (1788, '48', 6681, 683816.48, 4760357.53, 1348.86);
insert into STATION values (1789, '49', 6681, 683819.84, 4760357.98, 1349.70);
insert into STATION values (1790, '50', 6681, 683841.00, 4760369.50, 1351.81);
insert into STATION values (1791, 'D', 6681, 683857.08, 4760384.28, 1349.52);
insert into STATION values (1792, '52', 6681, 683867.32, 4760385.28, 1349.52);
insert into STATION values (1793, '53', 6681, 683870.77, 4760376.55, 1350.17);
insert into STATION values (1794, '54', 6681, 683888.88, 4760348.21, 1351.35);
insert into STATION values (1795, '55', 6681, 683893.56, 4760337.97, 1352.33);
insert into STATION values (1796, '56', 6681, 683897.14, 4760332.96, 1353.64);
insert into STATION values (1797, '57', 6681, 683896.44, 4760323.88, 1351.71);
insert into STATION values (1798, '58', 6681, 683899.74, 4760317.28, 1352.48);
insert into STATION values (1799, '59', 6681, 683907.93, 4760295.47, 1352.48);
insert into STATION values (1800, '60', 6681, 683911.65, 4760287.69, 1352.48);
insert into STATION values (1801, '61', 6681, 683920.89, 4760286.81, 1354.97);
insert into STATION values (1802, '62', 6681, 683936.18, 4760275.93, 1356.94);
insert into STATION values (1803, '63', 6681, 683941.07, 4760275.47, 1355.25);
insert into STATION values (1804, '64', 6681, 683951.27, 4760274.86, 1355.97);
insert into STATION values (1805, '65', 6681, 683954.14, 4760273.78, 1350.65);
insert into STATION values (1806, '66', 6681, 683963.54, 4760272.39, 1350.65);
insert into STATION values (1807, '67', 6681, 683961.18, 4760266.07, 1351.48);
insert into STATION values (1808, '68', 6681, 683937.25, 4760257.09, 1355.07);
insert into STATION values (1809, '69', 6681, 683935.84, 4760250.65, 1355.07);
insert into STATION values (1810, '70', 6681, 683927.08, 4760238.34, 1361.80);
insert into STATION values (1811, '71', 6681, 683928.93, 4760236.97, 1361.80);
insert into STATION values (1812, '72', 6681, 683928.93, 4760236.97, 1367.90);
insert into STATION values (1813, '73', 6681, 683930.52, 4760234.27, 1367.90);
insert into STATION values (1814, '74', 6681, 683931.51, 4760229.44, 1368.95);
insert into STATION values (1815, '75', 6681, 683922.06, 4760213.35, 1375.74);
insert into STATION values (1816, 'E', 6681, 683923.37, 4760204.69, 1377.76);
insert into STATION values (1817, '77', 6681, 683922.54, 4760207.15, 1380.27);
insert into STATION values (1818, '78', 6681, 683926.54, 4760206.70, 1383.53);
insert into STATION values (1819, '79', 6681, 683935.09, 4760208.14, 1381.53);
insert into STATION values (1820, '80', 6681, 683947.19, 4760203.39, 1383.12);
insert into STATION values (1821, '81', 6681, 683957.08, 4760204.35, 1383.47);
insert into STATION values (1822, '82', 6681, 683970.40, 4760208.57, 1384.45);
insert into STATION values (1823, '83', 6681, 683973.49, 4760208.49, 1388.71);
insert into STATION values (1824, '84', 6681, 683988.14, 4760208.38, 1391.03);
insert into STATION values (1825, '85', 6681, 684000.23, 4760204.35, 1386.64);
insert into STATION values (1826, '86', 6681, 684001.86, 4760205.10, 1386.02);
insert into STATION values (1827, '87', 6681, 684003.65, 4760200.33, 1386.29);
insert into STATION values (1828, '88', 6681, 684025.32, 4760202.06, 1388.57);
insert into STATION values (1829, '89', 6681, 684033.81, 4760204.59, 1387.48);
insert into STATION values (1830, '90', 6681, 684048.00, 4760202.23, 1383.90);
insert into STATION values (1831, '91', 6681, 684060.90, 4760194.35, 1388.81);
insert into STATION values (1832, '92', 6681, 684061.21, 4760193.35, 1388.49);
insert into STATION values (1833, '93', 6681, 684079.61, 4760188.96, 1386.17);
insert into STATION values (1834, '94', 6681, 684085.91, 4760184.32, 1386.85);
insert into STATION values (1835, '95', 6681, 684105.96, 4760180.98, 1387.92);
insert into STATION values (1836, '96', 6681, 684117.83, 4760181.52, 1388.13);
insert into STATION values (1837, '97', 6681, 684141.47, 4760180.51, 1387.30);
insert into STATION values (1838, '98', 6681, 684151.84, 4760175.58, 1387.50);
insert into STATION values (1839, '99', 6681, 684162.17, 4760175.51, 1390.66);
insert into STATION values (1840, '100', 6681, 684164.07, 4760171.70, 1393.64);
insert into STATION values (1841, '101', 6681, 684177.29, 4760166.51, 1397.98);
insert into STATION values (1842, '102', 6681, 684184.51, 4760155.22, 1399.16);
insert into STATION values (1843, '103', 6681, 684193.23, 4760151.25, 1400.67);
insert into STATION values (1844, '104', 6681, 684197.12, 4760145.60, 1399.95);
insert into STATION values (1845, '105', 6681, 684201.86, 4760143.25, 1400.32);
insert into STATION values (1846, '106', 6681, 684206.34, 4760139.82, 1400.22);
insert into STATION values (1847, '107', 6681, 684211.48, 4760129.07, 1401.90);
insert into STATION values (1848, '108', 6681, 684180.69, 4760117.51, 1404.20);
insert into STATION values (1849, '109', 6681, 684174.25, 4760120.58, 1402.42);
insert into STATION values (1850, '110', 6681, 684168.48, 4760119.60, 1402.52);
insert into STATION values (1851, '111', 6681, 684162.23, 4760121.57, 1402.64);
insert into STATION values (1852, '112', 6681, 684154.28, 4760120.51, 1398.90);
insert into STATION values (1853, '113b', 6681, 684161.24, 4760105.30, 1406.69);
insert into STATION values (1854, '113', 6681, 684167.95, 4760099.17, 1408.30);
insert into STATION values (1855, '114', 6681, 684174.65, 4760093.04, 1409.90);
insert into STATION values (1856, '115', 6681, 684181.45, 4760085.63, 1410.78);
insert into STATION values (1857, '116', 6681, 684182.71, 4760080.02, 1408.21);
insert into STATION values (1858, '117', 6681, 684215.97, 4760084.44, 1409.97);
insert into STATION values (1859, '118', 6681, 684221.47, 4760082.50, 1411.76);
insert into STATION values (1860, '119', 6681, 684227.05, 4760083.64, 1413.50);
insert into STATION values (1861, '120', 6681, 684227.82, 4760082.71, 1413.26);
insert into STATION values (1862, 'G', 6681, 684239.19, 4760078.70, 1414.74);
insert into STATION values (1863, '.', 6681, 683857.08, 4760384.28, 1349.52);
insert into STATION values (1864, '122', 6681, 683858.41, 4760393.24, 1348.08);
insert into STATION values (1865, '123', 6681, 683864.69, 4760396.38, 1348.94);
insert into STATION values (1866, '124', 6681, 683868.57, 4760398.67, 1348.39);
insert into STATION values (1867, '125', 6681, 683885.53, 4760399.73, 1350.48);
insert into STATION values (1868, '126', 6681, 683897.75, 4760398.78, 1347.87);
insert into STATION values (1869, '127', 6681, 683909.55, 4760395.74, 1348.51);
insert into STATION values (1870, '128', 6681, 683952.76, 4760394.66, 1348.51);
insert into STATION values (1871, '129', 6681, 684029.83, 4760399.47, 1348.51);
insert into STATION values (1872, '130', 6681, 684041.93, 4760398.11, 1348.51);
insert into STATION values (1873, '131', 6681, 684063.70, 4760403.36, 1348.51);
insert into STATION values (1874, '132', 6681, 684085.35, 4760408.59, 1348.51);
insert into STATION values (1875, '133', 6681, 684083.64, 4760411.72, 1348.13);
insert into STATION values (1876, '134', 6681, 684083.97, 4760413.51, 1348.45);
insert into STATION values (1877, '135', 6681, 684085.07, 4760414.71, 1347.93);
insert into STATION values (1878, '136', 6681, 684085.04, 4760414.95, 1352.43);
insert into STATION values (1879, '137', 6681, 684079.61, 4760419.10, 1352.79);
insert into STATION values (1880, '138', 6681, 684083.63, 4760420.69, 1354.53);
insert into STATION values (1881, '139', 6681, 684089.02, 4760422.82, 1356.09);
insert into STATION values (1882, '140', 6681, 684094.91, 4760425.03, 1357.77);
insert into STATION values (1883, '141', 6681, 684110.99, 4760425.75, 1360.61);
insert into STATION values (1884, '142', 6681, 684119.23, 4760426.85, 1360.61);
insert into STATION values (1885, '143', 6681, 684126.74, 4760428.52, 1361.97);
insert into STATION values (1886, '144', 6681, 684130.98, 4760429.39, 1361.97);
insert into STATION values (1887, '145', 6681, 684138.36, 4760424.70, 1361.97);
insert into STATION values (1888, '146', 6681, 684147.52, 4760425.11, 1362.45);
insert into STATION values (1889, '147', 6681, 684164.25, 4760425.86, 1362.45);
insert into STATION values (1890, '148', 6681, 684170.02, 4760425.21, 1362.85);
insert into STATION values (1891, '149', 6681, 684175.87, 4760424.55, 1363.16);
insert into STATION values (1892, '150', 6681, 684181.80, 4760426.09, 1362.73);
insert into STATION values (1893, '151', 6681, 684194.76, 4760426.90, 1362.28);
insert into STATION values (1894, '152', 6681, 684212.65, 4760428.02, 1363.22);
insert into STATION values (1895, '153', 6681, 684221.54, 4760426.22, 1362.90);
insert into STATION values (1896, '154', 6681, 684224.05, 4760418.30, 1362.90);
insert into STATION values (1897, '155', 6681, 684217.29, 4760417.16, 1362.90);
insert into STATION values (1898, '156', 6681, 684216.64, 4760413.61, 1362.90);
insert into STATION values (1899, '157', 6681, 684218.26, 4760403.99, 1362.90);
insert into STATION values (1900, '158', 6681, 684229.83, 4760401.23, 1362.90);
insert into STATION values (1901, '159', 6681, 684238.07, 4760394.69, 1363.09);
insert into STATION values (1902, '160', 6681, 684247.84, 4760398.56, 1363.09);
insert into STATION values (1903, '161', 6681, 684253.74, 4760392.98, 1363.09);
insert into STATION values (1904, '162', 6681, 684252.40, 4760389.56, 1363.09);
insert into STATION values (1905, 'H', 6681, 684263.54, 4760390.65, 1363.87);
insert into STATION values (1906, '164', 6681, 684258.04, 4760387.01, 1363.87);
insert into STATION values (1907, '165', 6681, 684250.01, 4760373.42, 1363.87);
insert into STATION values (1908, '166', 6681, 684244.95, 4760368.32, 1363.87);
insert into STATION values (1909, '167', 6681, 684238.66, 4760365.80, 1364.34);
insert into STATION values (1910, '168', 6681, 684231.81, 4760360.46, 1363.90);
insert into STATION values (1911, '169', 6681, 684230.25, 4760356.05, 1363.67);
insert into STATION values (1912, '170', 6681, 684226.27, 4760353.16, 1364.26);
insert into STATION values (1913, '171', 6681, 684222.37, 4760353.06, 1364.26);
insert into STATION values (1914, '172', 6681, 684218.61, 4760350.13, 1364.26);
insert into STATION values (1915, '173', 6681, 684209.71, 4760347.77, 1364.26);
insert into STATION values (1916, '174', 6681, 684207.86, 4760339.42, 1370.91);
insert into STATION values (1917, '175', 6681, 684203.67, 4760332.28, 1372.71);
insert into STATION values (1918, 'I', 6681, 684203.68, 4760332.20, 1373.44);
insert into STATION values (1919, '177', 6681, 684202.48, 4760331.91, 1373.72);
insert into STATION values (1920, '178', 6681, 684198.48, 4760330.56, 1371.66);
insert into STATION values (1921, '179', 6681, 684186.62, 4760323.28, 1371.66);
insert into STATION values (1922, '180', 6681, 684181.15, 4760320.17, 1371.66);
insert into STATION values (1923, '.', 6681, 684203.68, 4760332.20, 1373.44);
insert into STATION values (1924, '176', 6681, 684206.21, 4760322.44, 1372.73);
insert into STATION values (1925, '181', 6681, 684199.64, 4760313.85, 1374.45);
insert into STATION values (1926, '182', 6681, 684211.44, 4760316.92, 1374.45);
insert into STATION values (1927, '183', 6681, 684218.12, 4760321.19, 1373.33);
insert into STATION values (1928, '184', 6681, 684226.81, 4760322.81, 1375.37);
insert into STATION values (1929, '185', 6681, 684233.98, 4760322.38, 1374.10);
insert into STATION values (1930, '186', 6681, 684241.75, 4760326.96, 1375.37);
insert into STATION values (1931, '187', 6681, 684250.45, 4760331.13, 1375.37);
insert into STATION values (1932, '188', 6681, 684260.84, 4760336.10, 1374.16);
insert into STATION values (1933, '189', 6681, 684274.74, 4760340.23, 1375.43);
insert into STATION values (1934, '190', 6681, 684278.59, 4760337.07, 1375.43);
insert into STATION values (1935, '191', 6681, 684289.85, 4760338.56, 1375.43);
insert into STATION values (1936, '192', 6681, 684300.07, 4760339.74, 1375.97);
insert into STATION values (1937, '193', 6681, 684308.05, 4760339.96, 1375.83);
insert into STATION values (1938, '.', 6681, 684263.54, 4760390.65, 1363.87);
insert into STATION values (1939, '196', 6681, 684262.80, 4760396.21, 1362.37);
insert into STATION values (1940, '197', 6681, 684272.60, 4760398.76, 1363.07);
insert into STATION values (1941, '198', 6681, 684275.10, 4760401.31, 1363.07);
insert into STATION values (1942, '199', 6681, 684284.53, 4760405.62, 1364.90);
insert into STATION values (1943, '200', 6681, 684289.29, 4760406.77, 1364.04);
insert into STATION values (1944, '201', 6681, 684291.88, 4760409.70, 1364.04);
insert into STATION values (1945, '202', 6681, 684298.42, 4760410.57, 1364.50);
insert into STATION values (1946, '.', 6681, 683923.37, 4760204.69, 1377.76);
insert into STATION values (1947, '203', 6681, 683920.98, 4760206.26, 1380.43);
insert into STATION values (1948, '204', 6681, 683922.02, 4760201.17, 1382.02);
insert into STATION values (1949, '205', 6681, 683919.35, 4760202.16, 1382.57);
insert into STATION values (1950, '206', 6681, 683916.87, 4760199.55, 1380.66);
insert into STATION values (1951, '207', 6681, 683912.47, 4760201.36, 1379.73);
insert into STATION values (1952, '208', 6681, 683896.34, 4760208.69, 1374.32);
insert into STATION values (1953, '209', 6681, 683895.04, 4760212.81, 1372.02);
insert into STATION values (1954, '210', 6681, 683886.11, 4760211.94, 1372.33);
insert into STATION values (1955, '211', 6681, 683876.23, 4760207.22, 1368.56);
insert into STATION values (1956, '212', 6681, 683866.91, 4760205.14, 1366.88);
insert into STATION values (1957, '213', 6681, 683858.79, 4760204.63, 1363.75);
insert into STATION values (1958, '214', 6681, 683854.40, 4760204.51, 1362.16);
insert into STATION values (1959, 'F', 6681, 683850.47, 4760204.95, 1363.60);
insert into STATION values (1960, '.', 6681, 683850.47, 4760204.95, 1363.60);
insert into STATION values (1961, '216', 6681, 683853.32, 4760204.33, 1364.71);
insert into STATION values (1962, '217', 6681, 683853.31, 4760203.18, 1370.62);
insert into STATION values (1963, '218', 6681, 683850.77, 4760202.37, 1370.62);
insert into STATION values (1964, '219', 6681, 683846.10, 4760202.25, 1369.72);
insert into STATION values (1965, '220', 6681, 683840.03, 4760200.78, 1369.72);
insert into STATION values (1966, '221', 6681, 683833.20, 4760199.00, 1369.96);
insert into STATION values (1967, '222', 6681, 683826.65, 4760197.18, 1371.66);
insert into STATION values (1968, '223', 6681, 683817.40, 4760195.12, 1373.16);
insert into STATION values (1969, '224', 6681, 683811.78, 4760189.95, 1368.39);
insert into STATION values (1970, '225', 6681, 683806.21, 4760189.41, 1368.39);
insert into STATION values (1971, '226', 6681, 683789.73, 4760184.82, 1371.41);
insert into STATION values (1972, '227', 6681, 683763.18, 4760178.90, 1369.50);
insert into STATION values (1973, '228', 6681, 683760.28, 4760178.25, 1370.30);
insert into STATION values (1974, '229', 6681, 683751.65, 4760174.84, 1367.47);
insert into STATION values (1975, '230', 6681, 683749.59, 4760172.24, 1368.81);
insert into STATION values (1976, '231', 6681, 683729.69, 4760168.89, 1367.04);
insert into STATION values (1977, '232', 6681, 683718.85, 4760166.27, 1363.42);
insert into STATION values (1978, '233', 6681, 683714.88, 4760165.74, 1361.96);
insert into STATION values (1979, '.', 6681, 683850.47, 4760204.95, 1363.60);
insert into STATION values (1980, '234', 6681, 683847.94, 4760206.75, 1364.55);
insert into STATION values (1981, '235', 6681, 683850.27, 4760208.55, 1364.80);
insert into STATION values (1982, '236', 6681, 683842.04, 4760210.06, 1363.03);
insert into STATION values (1983, '237', 6681, 683841.13, 4760212.38, 1361.64);
insert into STATION values (1984, '238', 6681, 683843.48, 4760212.16, 1363.92);
insert into STATION values (1985, '239', 6681, 683852.26, 4760213.79, 1363.77);
insert into STATION values (1986, '240', 6681, 683851.98, 4760220.19, 1362.75);
insert into STATION values (1987, '241', 6681, 683850.92, 4760223.15, 1361.61);
insert into STATION values (1988, '242', 6681, 683846.49, 4760226.30, 1359.95);
insert into STATION values (1989, '243', 6681, 683849.05, 4760226.24, 1359.12);
insert into STATION values (1990, '244', 6681, 683848.53, 4760227.68, 1358.43);
insert into STATION values (1991, '245', 6681, 683847.72, 4760229.99, 1357.96);
insert into STATION values (1992, '246', 6681, 683844.66, 4760234.59, 1353.32);
insert into STATION values (1993, '247', 6681, 683843.52, 4760241.36, 1353.32);
insert into STATION values (1994, '248', 6681, 683835.71, 4760245.59, 1353.32);
insert into STATION values (1995, 'GL_80', 7878, 682536.00, 4760597.00, 1655.00);
insert into STATION_FLAG values(1995, 'ent');
insert into STATION_FLAG values(1995, 'fix');
insert into STATION values (1996, '-', 7878, 682536.00, 4760597.00, 1655.00);
insert into STATION values (1997, 'GL_102', 7895, 682343.00, 4760590.00, 1633.00);
insert into STATION_FLAG values(1997, 'ent');
insert into STATION_FLAG values(1997, 'fix');
insert into STATION values (1998, '.', 7895, 682343.22, 4760589.98, 1632.97);
insert into STATION values (1999, '.', 7895, 682343.22, 4760589.67, 1632.96);
insert into STATION values (2000, '.', 7895, 682343.31, 4760590.43, 1633.00);
insert into STATION values (2001, '.', 7895, 682342.66, 4760590.71, 1633.04);
insert into STATION values (2002, '.', 7895, 682342.34, 4760590.10, 1632.95);
insert into STATION values (2003, '.', 7895, 682343.03, 4760593.37, 1633.26);
insert into STATION values (2004, '.', 7895, 682343.42, 4760594.45, 1633.29);
insert into STATION values (2005, '.', 7895, 682343.32, 4760591.64, 1633.07);
insert into STATION values (2006, '.', 7895, 682343.03, 4760589.97, 1632.77);
insert into STATION values (2007, '.', 7895, 682343.54, 4760590.03, 1633.97);
insert into STATION values (2008, '1', 7895, 682343.01, 4760592.28, 1632.99);
insert into STATION values (2009, '.', 7895, 682342.79, 4760592.31, 1632.99);
insert into STATION values (2010, '.', 7895, 682343.31, 4760592.30, 1632.98);
insert into STATION values (2011, '.', 7895, 682343.45, 4760592.98, 1632.93);
insert into STATION values (2012, '.', 7895, 682343.48, 4760593.67, 1632.85);
insert into STATION values (2013, '.', 7895, 682343.02, 4760593.88, 1632.84);
insert into STATION values (2014, '.', 7895, 682342.71, 4760593.20, 1632.95);
insert into STATION values (2015, '.', 7895, 682343.02, 4760592.25, 1632.33);
insert into STATION values (2016, '.', 7895, 682343.80, 4760593.10, 1634.81);
insert into STATION values (2017, '2', 7895, 682342.95, 4760593.35, 1633.60);
insert into STATION values (2018, '.', 7895, 682343.54, 4760593.55, 1633.57);
insert into STATION values (2019, '.', 7895, 682343.42, 4760593.02, 1633.49);
insert into STATION values (2020, '.', 7895, 682343.50, 4760592.64, 1633.49);
insert into STATION values (2021, '.', 7895, 682342.76, 4760592.48, 1633.52);
insert into STATION values (2022, '.', 7895, 682342.56, 4760592.74, 1633.63);
insert into STATION values (2023, '.', 7895, 682343.01, 4760593.27, 1630.87);
insert into STATION values (2024, '.', 7895, 682343.56, 4760593.74, 1635.15);
insert into STATION values (2025, '3', 7895, 682342.37, 4760592.90, 1616.22);
insert into STATION values (2026, '.', 7895, 682342.90, 4760591.21, 1616.13);
insert into STATION values (2027, '.', 7895, 682342.59, 4760590.62, 1616.26);
insert into STATION values (2028, '.', 7895, 682342.29, 4760591.41, 1616.24);
insert into STATION values (2029, '.', 7895, 682342.14, 4760592.79, 1616.24);
insert into STATION values (2030, '.', 7895, 682342.34, 4760593.71, 1616.38);
insert into STATION values (2031, '.', 7895, 682342.70, 4760594.37, 1616.43);
insert into STATION values (2032, '.', 7895, 682342.98, 4760593.43, 1616.28);
insert into STATION values (2033, '.', 7895, 682342.80, 4760592.74, 1616.19);
insert into STATION values (2034, '.', 7895, 682342.76, 4760593.59, 1630.83);
insert into STATION values (2035, '.', 7895, 682342.67, 4760595.18, 1621.77);
insert into STATION values (2036, '.', 7895, 682342.86, 4760591.26, 1618.50);
insert into STATION values (2037, '.', 7895, 682342.61, 4760590.87, 1618.59);
insert into STATION values (2038, '.', 7895, 682342.63, 4760590.90, 1618.06);
insert into STATION values (2039, '.', 7895, 682342.59, 4760591.50, 1615.34);
insert into STATION values (2040, '.', 7895, 682342.59, 4760594.41, 1615.48);
insert into STATION values (2041, '4', 7895, 682342.48, 4760593.32, 1599.48);
insert into STATION values (2042, '.', 7895, 682342.20, 4760593.38, 1599.46);
insert into STATION values (2043, '.', 7895, 682342.37, 4760594.22, 1599.40);
insert into STATION values (2044, '.', 7895, 682342.93, 4760593.64, 1599.43);
insert into STATION values (2045, '.', 7895, 682343.00, 4760593.14, 1599.43);
insert into STATION values (2046, '.', 7895, 682343.07, 4760592.12, 1599.28);
insert into STATION values (2047, '.', 7895, 682342.59, 4760588.57, 1598.96);
insert into STATION values (2048, '.', 7895, 682341.96, 4760591.50, 1599.30);
insert into STATION values (2049, '.', 7895, 682342.75, 4760601.57, 1599.16);
insert into STATION values (2050, '.', 7895, 682342.32, 4760597.37, 1599.45);
insert into STATION values (2051, '.', 7895, 682343.22, 4760596.63, 1599.13);
insert into STATION values (2052, '5', 7895, 682343.24, 4760591.21, 1600.89);
insert into STATION values (2053, '.', 7895, 682342.55, 4760587.53, 1600.95);
insert into STATION values (2054, '.', 7895, 682342.42, 4760590.44, 1600.82);
insert into STATION values (2055, '.', 7895, 682342.27, 4760591.18, 1600.76);
insert into STATION values (2056, '.', 7895, 682342.29, 4760592.30, 1601.03);
insert into STATION values (2057, '.', 7895, 682342.37, 4760593.85, 1601.00);
insert into STATION values (2058, '.', 7895, 682342.99, 4760593.35, 1600.98);
insert into STATION values (2059, '.', 7895, 682343.56, 4760592.32, 1600.90);
insert into STATION values (2060, '.', 7895, 682343.09, 4760591.38, 1599.51);
insert into STATION values (2061, '6', 7895, 682342.09, 4760588.31, 1585.70);
insert into STATION values (2062, '7', 7895, 682342.91, 4760599.45, 1596.47);
insert into STATION values (2063, '.', 7895, 682343.15, 4760601.42, 1596.46);
insert into STATION values (2064, '.', 7895, 682342.63, 4760599.47, 1596.48);
insert into STATION values (2065, '.', 7895, 682343.19, 4760599.38, 1596.45);
insert into STATION values (2066, '.', 7895, 682343.20, 4760598.29, 1596.58);
insert into STATION values (2067, '.', 7895, 682342.46, 4760597.77, 1596.26);
insert into STATION values (2068, '.', 7895, 682342.30, 4760599.11, 1596.51);
insert into STATION values (2069, '.', 7895, 682343.02, 4760599.78, 1605.55);
insert into STATION values (2070, '.', 7895, 682342.94, 4760598.94, 1594.44);
insert into STATION values (2071, '8', 7895, 682343.71, 4760600.98, 1587.57);
insert into STATION values (2072, '.', 7895, 682344.92, 4760603.15, 1587.91);
insert into STATION values (2073, '.', 7895, 682345.11, 4760601.13, 1587.75);
insert into STATION values (2074, '.', 7895, 682344.69, 4760600.07, 1587.74);
insert into STATION values (2075, '.', 7895, 682343.53, 4760599.32, 1587.42);
insert into STATION values (2076, '.', 7895, 682342.52, 4760600.33, 1587.73);
insert into STATION values (2077, '.', 7895, 682343.43, 4760600.26, 1601.43);
insert into STATION values (2078, '.', 7895, 682344.60, 4760602.22, 1589.90);
insert into STATION values (2079, '.', 7895, 682342.82, 4760599.40, 1590.59);
insert into STATION values (2080, '.', 7895, 682344.70, 4760600.48, 1561.12);
insert into STATION values (2081, '.', 7895, 682343.55, 4760599.32, 1577.90);
insert into STATION values (2082, '9', 7895, 682343.92, 4760601.52, 1579.78);
insert into STATION values (2083, '.', 7895, 682344.65, 4760603.72, 1579.81);
insert into STATION values (2084, '.', 7895, 682345.08, 4760601.75, 1579.87);
insert into STATION values (2085, '.', 7895, 682344.88, 4760600.76, 1579.59);
insert into STATION values (2086, '.', 7895, 682343.82, 4760599.57, 1579.73);
insert into STATION values (2087, '.', 7895, 682343.16, 4760598.89, 1579.70);
insert into STATION values (2088, '.', 7895, 682342.99, 4760600.69, 1579.82);
insert into STATION values (2089, '.', 7895, 682343.67, 4760600.17, 1595.46);
insert into STATION values (2090, '10', 7895, 682343.31, 4760603.17, 1552.52);
insert into STATION values (2091, '.', 7895, 682343.12, 4760604.79, 1524.20);
insert into STATION values (2092, '.', 7895, 682343.24, 4760606.92, 1552.52);
insert into STATION values (2093, '.', 7895, 682343.99, 4760609.46, 1552.64);
insert into STATION values (2094, '.', 7895, 682344.01, 4760603.72, 1552.53);
insert into STATION values (2095, '.', 7895, 682343.95, 4760602.96, 1552.49);
insert into STATION values (2096, '.', 7895, 682344.21, 4760600.35, 1552.37);
insert into STATION values (2097, '.', 7895, 682343.00, 4760595.01, 1552.25);
insert into STATION values (2098, '.', 7895, 682342.77, 4760598.55, 1552.55);
insert into STATION values (2099, '.', 7895, 682343.11, 4760608.94, 1563.16);
insert into STATION values (2100, '.', 7895, 682343.33, 4760607.09, 1570.81);
insert into STATION values (2101, '11', 7895, 682343.46, 4760601.85, 1543.05);
insert into STATION values (2102, '.', 7895, 682343.01, 4760602.00, 1543.10);
insert into STATION values (2103, '.', 7895, 682343.14, 4760602.69, 1543.09);
insert into STATION values (2104, '.', 7895, 682344.84, 4760610.56, 1542.90);
insert into STATION values (2105, '.', 7895, 682344.02, 4760601.93, 1543.09);
insert into STATION values (2106, '.', 7895, 682343.56, 4760600.91, 1543.28);
insert into STATION values (2107, '12', 7895, 682343.92, 4760605.77, 1543.39);
insert into STATION values (2108, '.', 7895, 682344.76, 4760605.68, 1543.30);
insert into STATION values (2109, '.', 7895, 682345.19, 4760607.41, 1543.35);
insert into STATION values (2110, '.', 7895, 682344.75, 4760610.81, 1543.54);
insert into STATION values (2111, '.', 7895, 682342.69, 4760608.09, 1543.85);
insert into STATION values (2112, '.', 7895, 682343.57, 4760605.81, 1543.44);
insert into STATION values (2113, '.', 7895, 682343.34, 4760601.29, 1544.07);
insert into STATION values (2114, '.', 7895, 682343.19, 4760603.95, 1543.67);
insert into STATION values (2115, '.', 7895, 682344.21, 4760604.62, 1543.58);
insert into STATION values (2116, '.', 7895, 682344.47, 4760604.95, 1543.41);
insert into STATION values (2117, '13', 7895, 682344.72, 4760607.89, 1538.56);
insert into STATION values (2118, '.', 7895, 682343.22, 4760607.33, 1538.72);
insert into STATION values (2119, '.', 7895, 682344.04, 4760608.96, 1538.63);
insert into STATION values (2120, '.', 7895, 682345.13, 4760610.29, 1538.64);
insert into STATION values (2121, '.', 7895, 682345.32, 4760607.87, 1538.62);
insert into STATION values (2122, '.', 7895, 682345.25, 4760606.26, 1538.74);
insert into STATION values (2123, '.', 7895, 682344.18, 4760605.16, 1538.75);
insert into STATION values (2124, '.', 7895, 682343.56, 4760605.63, 1538.66);
insert into STATION values (2125, '.', 7895, 682343.26, 4760607.31, 1538.62);
insert into STATION values (2126, '.', 7895, 682343.38, 4760610.97, 1552.22);
insert into STATION values (2127, '.', 7895, 682343.10, 4760607.12, 1559.98);
insert into STATION values (2128, '.', 7895, 682344.28, 4760608.01, 1537.42);
insert into STATION values (2129, '.', 7895, 682345.12, 4760607.93, 1537.46);
insert into STATION values (2130, '.', 7895, 682344.86, 4760608.20, 1523.90);
insert into STATION values (2131, '.', 7895, 682344.06, 4760604.96, 1525.32);
insert into STATION values (2132, '14', 7895, 682344.77, 4760608.04, 1523.88);
insert into STATION values (2133, '.', 7895, 682345.11, 4760607.99, 1523.89);
insert into STATION values (2134, '.', 7895, 682345.64, 4760609.67, 1523.83);
insert into STATION values (2135, '.', 7895, 682344.81, 4760609.05, 1523.85);
insert into STATION values (2136, '.', 7895, 682344.37, 4760608.10, 1523.91);
insert into STATION values (2137, '.', 7895, 682344.36, 4760606.18, 1523.95);
insert into STATION values (2138, '.', 7895, 682344.70, 4760609.29, 1531.71);
insert into STATION values (2139, '.', 7895, 682344.85, 4760608.13, 1523.32);
insert into STATION values (2140, '15', 7895, 682345.76, 4760611.08, 1523.98);
insert into STATION values (2141, '.', 7895, 682345.22, 4760611.18, 1523.98);
insert into STATION values (2142, '.', 7895, 682346.17, 4760611.19, 1523.99);
insert into STATION values (2143, '.', 7895, 682346.10, 4760612.71, 1524.20);
insert into STATION values (2144, '.', 7895, 682346.14, 4760614.46, 1524.56);
insert into STATION values (2145, '.', 7895, 682345.17, 4760614.31, 1524.40);
insert into STATION values (2146, '.', 7895, 682345.30, 4760612.34, 1524.26);
insert into STATION values (2147, '.', 7895, 682344.89, 4760612.13, 1530.11);
insert into STATION values (2148, '.', 7895, 682345.74, 4760610.82, 1523.12);
insert into STATION values (2149, '16', 7895, 682345.62, 4760614.59, 1524.79);
insert into STATION values (2150, '.', 7895, 682345.92, 4760614.69, 1524.80);
insert into STATION values (2151, '.', 7895, 682346.89, 4760613.32, 1524.94);
insert into STATION values (2152, '.', 7895, 682345.73, 4760611.38, 1524.96);
insert into STATION values (2153, '.', 7895, 682344.77, 4760613.96, 1524.79);
insert into STATION values (2154, '.', 7895, 682344.98, 4760615.06, 1524.79);
insert into STATION values (2155, '.', 7895, 682345.15, 4760615.68, 1524.86);
insert into STATION values (2156, '.', 7895, 682345.00, 4760619.00, 1525.23);
insert into STATION values (2157, '.', 7895, 682345.61, 4760615.17, 1524.83);
insert into STATION values (2158, '.', 7895, 682345.56, 4760612.41, 1529.66);
insert into STATION values (2159, '.', 7895, 682345.64, 4760613.65, 1539.28);
insert into STATION values (2160, '.', 7895, 682346.34, 4760614.12, 1523.31);
insert into STATION values (2161, '.', 7895, 682345.49, 4760614.42, 1523.28);
insert into STATION values (2162, '17', 7895, 682345.84, 4760615.23, 1519.85);
insert into STATION values (2163, '.', 7895, 682346.00, 4760612.39, 1519.74);
insert into STATION values (2164, '.', 7895, 682346.41, 4760615.19, 1519.89);
insert into STATION values (2165, '.', 7895, 682346.51, 4760613.89, 1519.85);
insert into STATION values (2166, '.', 7895, 682345.54, 4760614.72, 1519.79);
insert into STATION values (2167, '.', 7895, 682343.63, 4760617.81, 1519.99);
insert into STATION values (2168, '.', 7895, 682345.64, 4760614.64, 1518.17);
insert into STATION values (2169, '.', 7895, 682345.10, 4760615.13, 1526.41);
insert into STATION values (2170, '.', 7895, 682345.92, 4760618.85, 1498.48);
insert into STATION values (2171, '.', 7895, 682345.54, 4760617.38, 1515.33);
insert into STATION values (2172, '.', 7895, 682345.55, 4760617.30, 1515.55);
insert into STATION values (2173, '18', 7895, 682345.66, 4760619.07, 1499.93);
insert into STATION values (2174, '.', 7895, 682345.89, 4760620.46, 1500.10);
insert into STATION values (2175, '.', 7895, 682347.61, 4760621.26, 1500.08);
insert into STATION values (2176, '.', 7895, 682347.48, 4760618.56, 1500.03);
insert into STATION values (2177, '.', 7895, 682347.10, 4760617.32, 1500.04);
insert into STATION values (2178, '.', 7895, 682345.95, 4760618.01, 1499.97);
insert into STATION values (2179, '.', 7895, 682343.78, 4760617.12, 1527.08);
insert into STATION values (2180, '.', 7895, 682345.96, 4760619.05, 1498.26);
insert into STATION values (2181, '19', 7895, 682347.20, 4760621.61, 1499.32);
insert into STATION values (2182, '.', 7895, 682346.56, 4760621.88, 1499.49);
insert into STATION values (2183, '.', 7895, 682346.09, 4760621.56, 1499.52);
insert into STATION values (2184, '.', 7895, 682346.45, 4760621.26, 1499.38);
insert into STATION values (2185, '.', 7895, 682346.13, 4760621.72, 1499.45);
insert into STATION values (2186, '.', 7895, 682345.71, 4760618.94, 1499.44);
insert into STATION values (2187, '.', 7895, 682347.20, 4760621.11, 1499.35);
insert into STATION values (2188, '.', 7895, 682346.46, 4760617.41, 1499.44);
insert into STATION values (2189, '.', 7895, 682348.26, 4760620.56, 1499.44);
insert into STATION values (2190, '.', 7895, 682342.89, 4760619.14, 1514.68);
insert into STATION values (2191, '.', 7895, 682341.99, 4760622.27, 1510.42);
insert into STATION values (2192, '.', 7895, 682347.26, 4760621.15, 1497.46);
insert into STATION values (2193, '.', 7895, 682346.23, 4760622.18, 1496.41);
insert into STATION values (2194, '20', 7895, 682346.40, 4760622.21, 1496.36);
insert into STATION values (2195, '.', 7895, 682343.95, 4760624.09, 1495.94);
insert into STATION values (2196, '.', 7895, 682343.37, 4760625.13, 1495.65);
insert into STATION values (2197, '.', 7895, 682346.11, 4760623.28, 1496.37);
insert into STATION values (2198, '.', 7895, 682347.00, 4760622.58, 1496.43);
insert into STATION values (2199, '.', 7895, 682347.52, 4760621.70, 1496.47);
insert into STATION values (2200, '.', 7895, 682347.10, 4760621.02, 1496.31);
insert into STATION values (2201, '.', 7895, 682344.88, 4760622.44, 1503.36);
insert into STATION values (2202, '.', 7895, 682346.56, 4760621.44, 1495.30);
insert into STATION values (2203, '.', 7895, 682347.12, 4760623.75, 1482.86);
insert into STATION values (2204, '21', 7895, 682345.86, 4760625.52, 1482.79);
insert into STATION values (2205, '.', 7895, 682343.92, 4760625.58, 1482.81);
insert into STATION values (2206, '.', 7895, 682344.40, 4760626.14, 1482.72);
insert into STATION values (2207, '.', 7895, 682343.10, 4760629.66, 1482.36);
insert into STATION values (2208, '.', 7895, 682345.88, 4760625.92, 1482.83);
insert into STATION values (2209, '.', 7895, 682345.60, 4760625.16, 1482.79);
insert into STATION values (2210, '.', 7895, 682346.36, 4760623.34, 1483.09);
insert into STATION values (2211, '.', 7895, 682347.29, 4760624.24, 1483.00);
insert into STATION values (2212, '.', 7895, 682348.06, 4760624.77, 1482.95);
insert into STATION values (2213, '.', 7895, 682347.10, 4760625.66, 1483.03);
insert into STATION values (2214, '.', 7895, 682343.80, 4760623.30, 1498.51);
insert into STATION values (2215, '.', 7895, 682346.37, 4760624.48, 1480.41);
insert into STATION values (2216, '.', 7895, 682347.95, 4760624.71, 1480.72);
insert into STATION values (2217, '22', 7895, 682345.93, 4760627.98, 1461.84);
insert into STATION values (2218, '.', 7895, 682345.61, 4760626.05, 1461.98);
insert into STATION values (2219, '.', 7895, 682347.35, 4760627.49, 1462.25);
insert into STATION values (2220, '.', 7895, 682346.82, 4760629.61, 1462.32);
insert into STATION values (2221, '.', 7895, 682346.98, 4760628.04, 1462.23);
insert into STATION values (2222, '.', 7895, 682344.63, 4760630.89, 1462.17);
insert into STATION values (2223, '.', 7895, 682342.74, 4760632.60, 1462.18);
insert into STATION values (2224, '.', 7895, 682342.45, 4760630.49, 1462.04);
insert into STATION values (2225, 'PTR_01_23', 7895, 682343.96, 4760628.41, 1463.20);
insert into STATION values (2226, '.', 7895, 682343.92, 4760634.21, 1463.35);
insert into STATION values (2227, '.', 7895, 682345.44, 4760631.26, 1463.19);
insert into STATION values (2228, '.', 7895, 682347.09, 4760629.04, 1463.37);
insert into STATION values (2229, '.', 7895, 682347.66, 4760626.31, 1463.60);
insert into STATION values (2230, '.', 7895, 682345.91, 4760625.99, 1463.20);
insert into STATION values (2231, '.', 7895, 682346.48, 4760627.01, 1482.49);
insert into STATION values (2232, '.', 7895, 682344.73, 4760628.75, 1461.20);
insert into STATION values (2233, '24', 7895, 682342.15, 4760632.10, 1460.58);
insert into STATION values (2234, '.', 7895, 682342.47, 4760634.35, 1460.62);
insert into STATION values (2235, '.', 7895, 682341.91, 4760630.62, 1460.50);
insert into STATION values (2236, '.', 7895, 682342.83, 4760630.48, 1460.50);
insert into STATION values (2237, '.', 7895, 682342.78, 4760631.67, 1460.70);
insert into STATION values (2238, '.', 7895, 682343.15, 4760632.38, 1460.79);
insert into STATION values (2239, '.', 7895, 682343.07, 4760633.37, 1460.74);
insert into STATION values (2240, '.', 7895, 682346.26, 4760630.74, 1471.93);
insert into STATION values (2241, '.', 7895, 682342.05, 4760632.68, 1459.93);
insert into STATION values (2242, '.', 7895, 682342.15, 4760630.93, 1459.60);
insert into STATION values (2243, '25', 7895, 682340.78, 4760632.27, 1448.83);
insert into STATION values (2244, '.', 7895, 682341.83, 4760634.24, 1448.72);
insert into STATION values (2245, '.', 7895, 682343.95, 4760635.39, 1448.71);
insert into STATION values (2246, '.', 7895, 682343.18, 4760631.73, 1449.16);
insert into STATION values (2247, '.', 7895, 682342.42, 4760630.37, 1449.23);
insert into STATION values (2248, '.', 7895, 682340.93, 4760631.61, 1448.91);
insert into STATION values (2249, '.', 7895, 682341.54, 4760632.63, 1459.53);
insert into STATION values (2250, '.', 7895, 682340.89, 4760632.66, 1445.88);
insert into STATION values (2251, '26', 7895, 682343.41, 4760634.26, 1448.89);
insert into STATION values (2252, '.', 7895, 682345.00, 4760633.54, 1448.84);
insert into STATION values (2253, '.', 7895, 682346.73, 4760634.71, 1449.26);
insert into STATION values (2254, '.', 7895, 682347.65, 4760635.94, 1450.70);
insert into STATION values (2255, '.', 7895, 682343.05, 4760635.22, 1448.98);
insert into STATION values (2256, '.', 7895, 682341.61, 4760634.08, 1448.90);
insert into STATION values (2257, '.', 7895, 682340.89, 4760633.50, 1448.89);
insert into STATION values (2258, '.', 7895, 682340.69, 4760631.83, 1448.93);
insert into STATION values (2259, '.', 7895, 682341.93, 4760630.78, 1449.08);
insert into STATION values (2260, '.', 7895, 682341.58, 4760631.37, 1449.08);
insert into STATION values (2261, '.', 7895, 682343.64, 4760634.11, 1447.35);
insert into STATION values (2262, '.', 7895, 682343.65, 4760633.86, 1456.75);
insert into STATION values (2263, '27', 7895, 682345.76, 4760633.80, 1465.71);
insert into STATION values (2264, '28', 7895, 682346.11, 4760634.25, 1449.44);
insert into STATION values (2265, '.', 7895, 682347.36, 4760636.55, 1449.39);
insert into STATION values (2266, '.', 7895, 682345.91, 4760638.55, 1449.33);
insert into STATION values (2267, '.', 7895, 682345.52, 4760635.00, 1449.36);
insert into STATION values (2268, '.', 7895, 682343.70, 4760635.26, 1449.57);
insert into STATION values (2269, '.', 7895, 682342.91, 4760634.51, 1449.89);
insert into STATION values (2270, '.', 7895, 682341.36, 4760632.27, 1449.08);
insert into STATION values (2271, '.', 7895, 682346.17, 4760633.77, 1449.43);
insert into STATION values (2272, '.', 7895, 682345.27, 4760633.88, 1462.00);
insert into STATION values (2273, '.', 7895, 682343.04, 4760634.05, 1453.72);
insert into STATION values (2274, '.', 7895, 682345.43, 4760634.97, 1443.78);
insert into STATION values (2275, '.', 7895, 682346.77, 4760636.52, 1444.68);
insert into STATION values (2276, '29', 7895, 682346.78, 4760636.16, 1444.53);
insert into STATION values (2277, '.', 7895, 682345.90, 4760635.88, 1444.56);
insert into STATION values (2278, '.', 7895, 682344.67, 4760634.17, 1444.65);
insert into STATION values (2279, '.', 7895, 682346.41, 4760634.42, 1444.56);
insert into STATION values (2280, '.', 7895, 682345.07, 4760638.75, 1444.60);
insert into STATION values (2281, '.', 7895, 682346.31, 4760640.06, 1444.83);
insert into STATION values (2282, '.', 7895, 682345.58, 4760634.68, 1443.81);
insert into STATION values (2283, '.', 7895, 682346.63, 4760636.18, 1443.64);
insert into STATION values (2284, '.', 7895, 682345.52, 4760636.77, 1434.35);
insert into STATION values (2285, '.', 7895, 682344.48, 4760636.78, 1460.25);
insert into STATION values (2286, '30', 7895, 682344.86, 4760639.72, 1431.55);
insert into STATION values (2287, '.', 7895, 682343.56, 4760636.67, 1431.54);
insert into STATION values (2288, '.', 7895, 682345.86, 4760638.34, 1431.78);
insert into STATION values (2289, '.', 7895, 682346.11, 4760639.66, 1431.65);
insert into STATION values (2290, '.', 7895, 682343.38, 4760639.40, 1431.63);
insert into STATION values (2291, '.', 7895, 682344.22, 4760640.73, 1431.61);
insert into STATION values (2292, '.', 7895, 682345.13, 4760640.36, 1431.40);
insert into STATION values (2293, '.', 7895, 682345.38, 4760635.73, 1458.80);
insert into STATION values (2294, '.', 7895, 682344.76, 4760639.80, 1428.55);
insert into STATION values (2295, '.', 7895, 682344.33, 4760640.89, 1430.83);
insert into STATION values (2296, '31', 7895, 682344.18, 4760640.93, 1430.37);
insert into STATION values (2297, '.', 7895, 682343.37, 4760640.06, 1430.46);
insert into STATION values (2298, '.', 7895, 682344.55, 4760639.62, 1430.20);
insert into STATION values (2299, '.', 7895, 682345.21, 4760639.65, 1430.23);
insert into STATION values (2300, '.', 7895, 682344.91, 4760640.57, 1430.37);
insert into STATION values (2301, '.', 7895, 682346.81, 4760642.32, 1430.40);
insert into STATION values (2302, '.', 7895, 682345.00, 4760641.66, 1430.43);
insert into STATION values (2303, '.', 7895, 682344.13, 4760641.28, 1430.54);
insert into STATION values (2304, '.', 7895, 682345.08, 4760639.34, 1444.05);
insert into STATION values (2305, '.', 7895, 682344.19, 4760640.90, 1428.70);
insert into STATION values (2306, '.', 7895, 682345.51, 4760641.68, 1428.13);
insert into STATION values (2307, '.', 7895, 682347.40, 4760642.87, 1425.68);
insert into STATION values (2308, '32', 7895, 682347.30, 4760642.69, 1432.13);
insert into STATION values (2309, '.', 7895, 682347.68, 4760643.47, 1432.25);
insert into STATION values (2310, '.', 7895, 682346.82, 4760643.55, 1432.29);
insert into STATION values (2311, '.', 7895, 682345.77, 4760646.63, 1432.25);
insert into STATION values (2312, '.', 7895, 682346.54, 4760642.82, 1432.20);
insert into STATION values (2313, '.', 7895, 682346.01, 4760641.87, 1432.25);
insert into STATION values (2314, '.', 7895, 682346.90, 4760642.29, 1432.31);
insert into STATION values (2315, '.', 7895, 682346.86, 4760642.46, 1434.77);
insert into STATION values (2316, '.', 7895, 682346.35, 4760642.88, 1430.02);
insert into STATION values (2317, '.', 7895, 682345.70, 4760642.89, 1424.03);
insert into STATION values (2318, '33', 7895, 682346.98, 4760644.29, 1432.11);
insert into STATION values (2319, '.', 7895, 682346.44, 4760645.85, 1432.13);
insert into STATION values (2320, '.', 7895, 682345.26, 4760646.98, 1432.18);
insert into STATION values (2321, '.', 7895, 682345.50, 4760645.62, 1432.14);
insert into STATION values (2322, '.', 7895, 682346.73, 4760644.06, 1432.13);
insert into STATION values (2323, '.', 7895, 682347.20, 4760642.84, 1432.20);
insert into STATION values (2324, '.', 7895, 682347.57, 4760643.62, 1431.92);
insert into STATION values (2325, '.', 7895, 682346.44, 4760644.21, 1434.38);
insert into STATION values (2326, '.', 7895, 682346.75, 4760641.91, 1417.03);
insert into STATION values (2327, '34', 7895, 682348.11, 4760647.28, 1414.35);
insert into STATION values (2328, '.', 7895, 682346.48, 4760647.46, 1414.53);
insert into STATION values (2329, '.', 7895, 682346.12, 4760645.87, 1414.89);
insert into STATION values (2330, '.', 7895, 682345.96, 4760642.81, 1415.27);
insert into STATION values (2331, '.', 7895, 682346.73, 4760642.60, 1415.31);
insert into STATION values (2332, '.', 7895, 682348.08, 4760645.95, 1414.76);
insert into STATION values (2333, '.', 7895, 682349.44, 4760644.33, 1414.53);
insert into STATION values (2334, '.', 7895, 682346.31, 4760648.56, 1414.37);
insert into STATION values (2335, '.', 7895, 682346.62, 4760649.14, 1414.43);
insert into STATION values (2336, '.', 7895, 682343.14, 4760652.40, 1414.74);
insert into STATION values (2337, '.', 7895, 682344.41, 4760648.80, 1433.68);
insert into STATION values (2338, '.', 7895, 682347.91, 4760647.48, 1412.20);
insert into STATION values (2339, '35', 7895, 682343.22, 4760652.32, 1413.46);
insert into STATION values (2340, '.', 7895, 682344.68, 4760653.24, 1413.40);
insert into STATION values (2341, '.', 7895, 682343.60, 4760654.39, 1413.57);
insert into STATION values (2342, '.', 7895, 682345.65, 4760650.93, 1413.62);
insert into STATION values (2343, '.', 7895, 682344.30, 4760650.20, 1413.77);
insert into STATION values (2344, '.', 7895, 682342.87, 4760650.46, 1413.69);
insert into STATION values (2345, '.', 7895, 682342.76, 4760652.25, 1413.54);
insert into STATION values (2346, '.', 7895, 682343.31, 4760653.65, 1424.35);
insert into STATION values (2347, '.', 7895, 682344.19, 4760652.41, 1411.67);
insert into STATION values (2348, '36', 7895, 682345.29, 4760651.37, 1429.88);
insert into STATION values (2349, '37', 7895, 682344.12, 4760653.64, 1413.68);
insert into STATION values (2350, '.', 7895, 682342.31, 4760655.55, 1413.56);
insert into STATION values (2351, '.', 7895, 682343.62, 4760654.41, 1413.68);
insert into STATION values (2352, '.', 7895, 682343.26, 4760653.49, 1413.68);
insert into STATION values (2353, '.', 7895, 682346.38, 4760648.43, 1414.55);
insert into STATION values (2354, '.', 7895, 682344.54, 4760650.20, 1413.77);
insert into STATION values (2355, '.', 7895, 682343.74, 4760650.27, 1413.72);
insert into STATION values (2356, '.', 7895, 682343.70, 4760653.46, 1423.81);
insert into STATION values (2357, '.', 7895, 682343.95, 4760652.79, 1409.88);
insert into STATION values (2358, '.', 7895, 682343.92, 4760652.99, 1411.83);
insert into STATION values (2359, '.', 7895, 682343.71, 4760653.49, 1409.06);
insert into STATION values (2360, '38', 7895, 682342.52, 4760654.34, 1409.59);
insert into STATION values (2361, '.', 7895, 682342.20, 4760656.11, 1409.46);
insert into STATION values (2362, '.', 7895, 682343.82, 4760654.15, 1409.69);
insert into STATION values (2363, '.', 7895, 682343.26, 4760653.33, 1409.48);
insert into STATION values (2364, '.', 7895, 682341.95, 4760656.11, 1409.36);
insert into STATION values (2365, '.', 7895, 682342.51, 4760654.44, 1406.99);
insert into STATION values (2366, '.', 7895, 682342.64, 4760655.21, 1413.63);
insert into STATION values (2367, '39', 7895, 682339.91, 4760658.54, 1408.15);
insert into STATION values (2368, '.', 7895, 682340.15, 4760658.72, 1408.18);
insert into STATION values (2369, '.', 7895, 682340.80, 4760657.85, 1408.14);
insert into STATION values (2370, '.', 7895, 682342.53, 4760654.69, 1407.85);
insert into STATION values (2371, '.', 7895, 682339.61, 4760657.42, 1408.19);
insert into STATION values (2372, '.', 7895, 682339.02, 4760658.34, 1408.13);
insert into STATION values (2373, '.', 7895, 682338.74, 4760659.05, 1408.70);
insert into STATION values (2374, '.', 7895, 682339.06, 4760660.30, 1408.62);
insert into STATION values (2375, '.', 7895, 682337.02, 4760662.53, 1410.62);
insert into STATION values (2376, '.', 7895, 682340.01, 4760658.35, 1406.31);
insert into STATION values (2377, '.', 7895, 682340.22, 4760658.39, 1413.35);
insert into STATION values (2378, '40', 7895, 682337.15, 4760662.54, 1409.87);
insert into STATION values (2379, '.', 7895, 682338.82, 4760664.00, 1410.04);
insert into STATION values (2380, '.', 7895, 682339.47, 4760663.09, 1410.09);
insert into STATION values (2381, '.', 7895, 682337.89, 4760662.09, 1409.91);
insert into STATION values (2382, '.', 7895, 682336.90, 4760661.88, 1410.03);
insert into STATION values (2383, '.', 7895, 682342.78, 4760654.67, 1410.29);
insert into STATION values (2384, '.', 7895, 682337.51, 4760661.98, 1414.03);
insert into STATION values (2385, '.', 7895, 682337.22, 4760662.54, 1407.93);
insert into STATION values (2386, 'PTR_02_41', 7895, 682338.08, 4760663.45, 1409.57);
insert into STATION values (2387, '.', 7895, 682337.23, 4760663.39, 1409.75);
insert into STATION values (2388, '.', 7895, 682339.02, 4760663.89, 1409.86);
insert into STATION values (2389, '.', 7895, 682338.36, 4760664.44, 1409.85);
insert into STATION values (2390, '.', 7895, 682337.93, 4760662.16, 1409.66);
insert into STATION values (2391, '.', 7895, 682336.70, 4760662.01, 1409.62);
insert into STATION values (2392, '.', 7895, 682339.37, 4760663.12, 1409.93);
insert into STATION values (2393, '.', 7895, 682337.77, 4760663.07, 1414.74);
insert into STATION values (2394, '.', 7895, 682338.13, 4760663.35, 1407.08);
insert into STATION values (2395, 'PTR_02_41', 7899, 682338.08, 4760663.45, 1409.57);
insert into STATION values (2396, '42', 7899, 682338.08, 4760663.45, 1385.37);
insert into STATION values (2397, '.', 7899, 682333.98, 4760661.55, 1385.26);
insert into STATION values (2398, '.', 7899, 682337.95, 4760663.36, 1385.36);
insert into STATION values (2399, '.', 7899, 682335.07, 4760664.27, 1385.27);
insert into STATION values (2400, '.', 7899, 682335.24, 4760668.09, 1385.02);
insert into STATION values (2401, '.', 7899, 682336.72, 4760669.27, 1385.26);
insert into STATION values (2402, '.', 7899, 682337.53, 4760667.54, 1385.31);
insert into STATION values (2403, '.', 7899, 682339.07, 4760666.38, 1385.23);
insert into STATION values (2404, '.', 7899, 682340.08, 4760665.60, 1385.40);
insert into STATION values (2405, '.', 7899, 682341.68, 4760666.54, 1385.51);
insert into STATION values (2406, '.', 7899, 682340.83, 4760665.20, 1385.52);
insert into STATION values (2407, '.', 7899, 682340.21, 4760664.05, 1385.56);
insert into STATION values (2408, '.', 7899, 682339.61, 4760663.49, 1385.59);
insert into STATION values (2409, '.', 7899, 682338.83, 4760666.63, 1397.46);
insert into STATION values (2410, '.', 7899, 682338.01, 4760663.46, 1385.51);
insert into STATION values (2411, '43', 7899, 682339.63, 4760663.97, 1368.40);
insert into STATION values (2412, '.', 7899, 682342.20, 4760661.88, 1368.61);
insert into STATION values (2413, '.', 7899, 682340.19, 4760660.28, 1368.61);
insert into STATION values (2414, '.', 7899, 682337.61, 4760658.24, 1368.44);
insert into STATION values (2415, '.', 7899, 682336.83, 4760661.00, 1368.27);
insert into STATION values (2416, '.', 7899, 682336.73, 4760663.87, 1368.65);
insert into STATION values (2417, '.', 7899, 682338.84, 4760664.71, 1368.59);
insert into STATION values (2418, '.', 7899, 682340.06, 4760662.13, 1376.21);
insert into STATION values (2419, '.', 7899, 682341.16, 4760658.04, 1357.79);
insert into STATION values (2420, '44', 7899, 682338.47, 4760661.39, 1354.12);
insert into STATION values (2421, '.', 7899, 682339.14, 4760661.51, 1354.25);
insert into STATION values (2422, '.', 7899, 682342.35, 4760660.88, 1354.76);
insert into STATION values (2423, '.', 7899, 682344.20, 4760659.59, 1354.77);
insert into STATION values (2424, '.', 7899, 682342.82, 4760658.60, 1355.23);
insert into STATION values (2425, '.', 7899, 682341.65, 4760658.17, 1355.85);
insert into STATION values (2426, '.', 7899, 682339.23, 4760659.45, 1354.37);
insert into STATION values (2427, '.', 7899, 682338.12, 4760660.97, 1354.12);
insert into STATION values (2428, '.', 7899, 682338.10, 4760661.33, 1354.11);
insert into STATION values (2429, '.', 7899, 682338.48, 4760661.26, 1353.51);
insert into STATION values (2430, '.', 7899, 682340.57, 4760659.27, 1354.65);
insert into STATION values (2431, '.', 7899, 682340.86, 4760657.25, 1355.92);
insert into STATION values (2432, '.', 7899, 682342.88, 4760658.68, 1355.80);
insert into STATION values (2433, '45', 7899, 682341.38, 4760657.85, 1356.30);
insert into STATION values (2434, '.', 7899, 682343.87, 4760658.54, 1355.87);
insert into STATION values (2435, '.', 7899, 682343.66, 4760660.28, 1356.03);
insert into STATION values (2436, '.', 7899, 682341.47, 4760657.22, 1356.29);
insert into STATION values (2437, '.', 7899, 682335.29, 4760652.46, 1356.42);
insert into STATION values (2438, '.', 7899, 682339.03, 4760657.95, 1356.27);
insert into STATION values (2439, '.', 7899, 682338.46, 4760660.96, 1356.30);
insert into STATION values (2440, '.', 7899, 682342.97, 4760659.95, 1356.01);
insert into STATION values (2441, '.', 7899, 682340.98, 4760661.17, 1356.15);
insert into STATION values (2442, '46', 7899, 682343.28, 4760658.08, 1346.42);
insert into STATION values (2443, '.', 7899, 682339.95, 4760655.99, 1346.47);
insert into STATION values (2444, '.', 7899, 682344.93, 4760660.40, 1346.49);
insert into STATION values (2445, '.', 7899, 682353.31, 4760665.65, 1345.48);
insert into STATION values (2446, '.', 7899, 682346.31, 4760658.90, 1346.28);
insert into STATION values (2447, '.', 7899, 682344.45, 4760657.48, 1346.32);
insert into STATION values (2448, '.', 7899, 682343.42, 4760656.48, 1346.88);
insert into STATION values (2449, '.', 7899, 682344.09, 4760657.33, 1346.44);
insert into STATION values (2450, '47', 7899, 682342.88, 4760657.10, 1340.05);
insert into STATION values (2451, '.', 7899, 682345.13, 4760659.18, 1340.53);
insert into STATION values (2452, '.', 7899, 682352.53, 4760663.58, 1340.64);
insert into STATION values (2453, '.', 7899, 682346.24, 4760657.68, 1340.27);
insert into STATION values (2454, '.', 7899, 682343.41, 4760655.70, 1340.04);
insert into STATION values (2455, '.', 7899, 682341.76, 4760655.75, 1340.28);
insert into STATION values (2456, '.', 7899, 682342.89, 4760657.15, 1340.20);
insert into STATION values (2457, '.', 7899, 682345.17, 4760655.11, 1327.86);
insert into STATION values (2458, '48', 7899, 682342.40, 4760656.14, 1323.88);
insert into STATION values (2459, '.', 7899, 682338.33, 4760654.29, 1324.20);
insert into STATION values (2460, '.', 7899, 682339.27, 4760657.38, 1324.45);
insert into STATION values (2461, '.', 7899, 682341.57, 4760657.49, 1324.21);
insert into STATION values (2462, '.', 7899, 682344.03, 4760658.17, 1323.95);
insert into STATION values (2463, '.', 7899, 682343.31, 4760655.87, 1324.11);
insert into STATION values (2464, '.', 7899, 682345.41, 4760654.23, 1330.11);
insert into STATION values (2465, '.', 7899, 682338.37, 4760652.94, 1331.07);
insert into STATION values (2466, '.', 7899, 682341.86, 4760655.86, 1323.88);
insert into STATION values (2467, '49', 7899, 682342.40, 4760656.14, 1302.50);
insert into STATION values (2468, '.', 7899, 682342.84, 4760652.91, 1302.25);
insert into STATION values (2469, '.', 7899, 682341.72, 4760655.49, 1302.63);
insert into STATION values (2470, '.', 7899, 682343.07, 4760657.35, 1302.36);
insert into STATION values (2471, '.', 7899, 682343.85, 4760656.50, 1302.32);
insert into STATION values (2472, '.', 7899, 682345.16, 4760655.23, 1302.23);
insert into STATION values (2473, '.', 7899, 682343.79, 4760653.66, 1302.18);
insert into STATION values (2474, '.', 7899, 682341.24, 4760655.24, 1307.13);
insert into STATION values (2475, '.', 7899, 682342.19, 4760656.40, 1302.10);
insert into STATION values (2476, '50', 7899, 682343.97, 4760654.99, 1301.96);
insert into STATION values (2477, '.', 7899, 682342.29, 4760655.48, 1301.98);
insert into STATION values (2478, '.', 7899, 682342.45, 4760657.20, 1302.15);
insert into STATION values (2479, '.', 7899, 682343.55, 4760657.58, 1302.10);
insert into STATION values (2480, '.', 7899, 682344.78, 4760656.43, 1302.12);
insert into STATION values (2481, '.', 7899, 682345.62, 4760654.54, 1303.11);
insert into STATION values (2482, '.', 7899, 682342.90, 4760653.10, 1302.66);
insert into STATION values (2483, '.', 7899, 682341.04, 4760654.15, 1301.98);
insert into STATION values (2484, '.', 7899, 682343.29, 4760655.17, 1306.42);
insert into STATION values (2485, '.', 7899, 682344.03, 4760654.59, 1300.85);
insert into STATION values (2486, '51', 7899, 682347.06, 4760656.45, 1304.28);
insert into STATION values (2487, 'PTR_A84_52', 7899, 682334.72, 4760649.98, 1295.39);
insert into STATION values (2488, '.', 7899, 682330.59, 4760652.46, 1297.42);
insert into STATION values (2489, '.', 7899, 682336.34, 4760647.87, 1295.63);
insert into STATION values (2490, '.', 7899, 682333.70, 4760645.90, 1295.40);
insert into STATION values (2491, '.', 7899, 682325.58, 4760634.29, 1294.54);
insert into STATION values (2492, '.', 7899, 682313.07, 4760635.89, 1293.22);
insert into STATION values (2493, '.', 7899, 682317.54, 4760647.33, 1295.27);
insert into STATION values (2494, '.', 7899, 682338.61, 4760655.29, 1299.49);
insert into STATION values (2495, '.', 7899, 682338.20, 4760650.43, 1297.10);
insert into STATION values (2496, '.', 7899, 682344.93, 4760654.65, 1302.59);
insert into STATION values (2497, '.', 7899, 682333.40, 4760650.69, 1302.71);
insert into STATION values (2498, '.', 7899, 682334.59, 4760649.50, 1293.55);
insert into STATION values (2499, '53', 7899, 682325.95, 4760643.62, 1288.78);
insert into STATION values (2500, '.', 7899, 682324.46, 4760645.64, 1290.29);
insert into STATION values (2501, '.', 7899, 682320.58, 4760644.38, 1290.24);
insert into STATION values (2502, '.', 7899, 682310.85, 4760642.09, 1290.99);
insert into STATION values (2503, '.', 7899, 682313.87, 4760636.25, 1290.79);
insert into STATION values (2504, '.', 7899, 682324.66, 4760635.86, 1289.82);
insert into STATION values (2505, '.', 7899, 682327.69, 4760635.46, 1289.24);
insert into STATION values (2506, '.', 7899, 682332.80, 4760639.81, 1289.60);
insert into STATION values (2507, '.', 7899, 682332.22, 4760644.34, 1290.27);
insert into STATION values (2508, '.', 7899, 682322.76, 4760641.74, 1303.29);
insert into STATION values (2509, '.', 7899, 682325.96, 4760642.93, 1287.26);
insert into STATION values (2510, '54', 7899, 682337.52, 4760631.28, 1286.67);
insert into STATION values (2511, '55', 7899, 682317.13, 4760642.79, 1288.88);
insert into STATION values (2512, '.', 7899, 682310.08, 4760644.28, 1287.02);
insert into STATION values (2513, '.', 7899, 682310.63, 4760644.18, 1287.99);
insert into STATION values (2514, '.', 7899, 682317.74, 4760644.71, 1288.80);
insert into STATION values (2515, '.', 7899, 682313.93, 4760646.50, 1288.03);
insert into STATION values (2516, '.', 7899, 682311.49, 4760639.55, 1288.01);
insert into STATION values (2517, '.', 7899, 682318.07, 4760636.70, 1290.25);
insert into STATION values (2518, '.', 7899, 682330.37, 4760638.68, 1291.76);
insert into STATION values (2519, '.', 7899, 682330.54, 4760637.33, 1289.62);
insert into STATION values (2520, '.', 7899, 682331.36, 4760646.12, 1289.78);
insert into STATION values (2521, '.', 7899, 682312.67, 4760642.88, 1300.38);
insert into STATION values (2522, '.', 7899, 682313.50, 4760642.47, 1300.29);
insert into STATION values (2523, '.', 7899, 682315.70, 4760642.50, 1287.97);
insert into STATION values (2524, '.', 7899, 682306.82, 4760641.68, 1282.92);
insert into STATION values (2525, '.', 7899, 682305.68, 4760641.73, 1282.54);
insert into STATION values (2526, '56', 7899, 682306.82, 4760641.66, 1282.82);
insert into STATION values (2527, '.', 7899, 682303.49, 4760637.10, 1282.14);
insert into STATION values (2528, '.', 7899, 682307.99, 4760638.39, 1282.87);
insert into STATION values (2529, '.', 7899, 682313.36, 4760639.19, 1286.22);
insert into STATION values (2530, '.', 7899, 682314.94, 4760647.42, 1286.53);
insert into STATION values (2531, '.', 7899, 682306.21, 4760642.57, 1282.85);
insert into STATION values (2532, '.', 7899, 682304.53, 4760642.16, 1282.90);
insert into STATION values (2533, '.', 7899, 682305.81, 4760641.10, 1280.23);
insert into STATION values (2534, '.', 7899, 682306.08, 4760641.57, 1286.92);
insert into STATION values (2535, '57', 7899, 682298.99, 4760637.00, 1281.80);
insert into STATION values (2536, '.', 7899, 682299.32, 4760634.72, 1281.78);
insert into STATION values (2537, '.', 7899, 682295.64, 4760635.04, 1281.74);
insert into STATION values (2538, '.', 7899, 682298.45, 4760637.74, 1281.87);
insert into STATION values (2539, '.', 7899, 682302.15, 4760640.60, 1282.50);
insert into STATION values (2540, '.', 7899, 682310.05, 4760643.14, 1283.29);
insert into STATION values (2541, '.', 7899, 682300.83, 4760635.96, 1282.17);
insert into STATION values (2542, '.', 7899, 682300.12, 4760636.70, 1285.56);
insert into STATION values (2543, '.', 7899, 682298.77, 4760636.97, 1280.30);
insert into STATION values (2544, '58', 7899, 682293.17, 4760634.98, 1284.79);
insert into STATION values (2545, '.', 7899, 682291.19, 4760636.83, 1284.96);
insert into STATION values (2546, '.', 7899, 682288.30, 4760636.25, 1285.13);
insert into STATION values (2547, '.', 7899, 682287.72, 4760631.92, 1285.78);
insert into STATION values (2548, '.', 7899, 682291.64, 4760631.37, 1286.41);
insert into STATION values (2549, '.', 7899, 682294.26, 4760632.87, 1286.07);
insert into STATION values (2550, '.', 7899, 682295.42, 4760634.42, 1285.66);
insert into STATION values (2551, '.', 7899, 682295.43, 4760637.14, 1285.64);
insert into STATION values (2552, '.', 7899, 682296.02, 4760639.34, 1284.99);
insert into STATION values (2553, '.', 7899, 682293.51, 4760638.81, 1285.02);
insert into STATION values (2554, '.', 7899, 682292.92, 4760634.88, 1285.99);
insert into STATION values (2555, '.', 7899, 682293.19, 4760635.27, 1283.97);
insert into STATION values (2556, '59', 7899, 682283.58, 4760634.66, 1284.36);
insert into STATION values (2557, '.', 7899, 682279.13, 4760636.25, 1284.04);
insert into STATION values (2558, '.', 7899, 682280.63, 4760633.76, 1284.26);
insert into STATION values (2559, '.', 7899, 682284.82, 4760632.89, 1284.91);
insert into STATION values (2560, '.', 7899, 682290.57, 4760632.37, 1284.89);
insert into STATION values (2561, '.', 7899, 682289.82, 4760637.20, 1284.92);
insert into STATION values (2562, '.', 7899, 682286.51, 4760637.63, 1284.83);
insert into STATION values (2563, '.', 7899, 682284.52, 4760637.78, 1284.49);
insert into STATION values (2564, '.', 7899, 682283.43, 4760634.33, 1286.65);
insert into STATION values (2565, '.', 7899, 682283.72, 4760634.42, 1283.43);
insert into STATION values (2566, '60', 7899, 682270.22, 4760633.96, 1282.07);
insert into STATION values (2567, '.', 7899, 682270.20, 4760635.09, 1282.30);
insert into STATION values (2568, '.', 7899, 682271.58, 4760635.90, 1282.64);
insert into STATION values (2569, '.', 7899, 682273.89, 4760635.70, 1282.86);
insert into STATION values (2570, '.', 7899, 682273.06, 4760633.56, 1282.55);
insert into STATION values (2571, '.', 7899, 682270.73, 4760632.79, 1282.47);
insert into STATION values (2572, '.', 7899, 682268.66, 4760632.68, 1282.29);
insert into STATION values (2573, '.', 7899, 682267.75, 4760634.05, 1282.45);
insert into STATION values (2574, '.', 7899, 682268.78, 4760634.90, 1282.36);
insert into STATION values (2575, '.', 7899, 682270.52, 4760633.97, 1285.11);
insert into STATION values (2576, '.', 7899, 682270.05, 4760634.09, 1281.25);
insert into STATION values (2577, '61', 7899, 682276.15, 4760635.33, 1282.43);
insert into STATION values (2578, '.', 7899, 682277.73, 4760634.07, 1282.36);
insert into STATION values (2579, '.', 7899, 682276.46, 4760633.92, 1282.53);
insert into STATION values (2580, '.', 7899, 682274.65, 4760634.05, 1282.38);
insert into STATION values (2581, '.', 7899, 682269.35, 4760635.08, 1283.04);
insert into STATION values (2582, '.', 7899, 682276.00, 4760635.61, 1282.48);
insert into STATION values (2583, '.', 7899, 682276.26, 4760634.74, 1286.67);
insert into STATION values (2584, '.', 7899, 682276.22, 4760635.14, 1281.49);
insert into STATION values (2585, '.', 7899, 682276.77, 4760634.28, 1279.16);
insert into STATION values (2586, '.', 7899, 682276.66, 4760634.45, 1279.12);
insert into STATION values (2587, '.', 7899, 682276.66, 4760634.19, 1279.16);
insert into STATION values (2588, '.', 7899, 682276.87, 4760634.46, 1279.19);
insert into STATION values (2589, '62', 7899, 682279.36, 4760634.04, 1281.06);
insert into STATION values (2590, '.', 7899, 682279.14, 4760633.86, 1281.18);
insert into STATION values (2591, '.', 7899, 682277.75, 4760633.73, 1281.48);
insert into STATION values (2592, '.', 7899, 682277.10, 4760635.19, 1281.24);
insert into STATION values (2593, '.', 7899, 682277.98, 4760638.03, 1280.63);
insert into STATION values (2594, '.', 7899, 682280.66, 4760637.53, 1280.79);
insert into STATION values (2595, '.', 7899, 682283.58, 4760637.76, 1281.06);
insert into STATION values (2596, '.', 7899, 682281.87, 4760635.01, 1281.06);
insert into STATION values (2597, '.', 7899, 682281.79, 4760634.98, 1281.07);
insert into STATION values (2598, '.', 7899, 682281.76, 4760634.96, 1281.04);
insert into STATION values (2599, '.', 7899, 682279.23, 4760635.40, 1284.94);
insert into STATION values (2600, '.', 7899, 682279.30, 4760634.54, 1279.39);
insert into STATION values (2601, '63', 7899, 682288.95, 4760638.51, 1281.19);
insert into STATION values (2602, '64', 7899, 682272.05, 4760636.71, 1278.96);
insert into STATION values (2603, '.', 7899, 682271.39, 4760637.81, 1279.19);
insert into STATION values (2604, '.', 7899, 682269.09, 4760637.15, 1279.05);
insert into STATION values (2605, '.', 7899, 682269.32, 4760634.19, 1279.21);
insert into STATION values (2606, '.', 7899, 682271.35, 4760634.15, 1279.17);
insert into STATION values (2607, '.', 7899, 682273.39, 4760634.72, 1279.58);
insert into STATION values (2608, '.', 7899, 682275.46, 4760634.55, 1279.74);
insert into STATION values (2609, '.', 7899, 682274.20, 4760637.47, 1279.79);
insert into STATION values (2610, '.', 7899, 682273.02, 4760637.99, 1279.39);
insert into STATION values (2611, '.', 7899, 682272.18, 4760636.56, 1280.14);
insert into STATION values (2612, '.', 7899, 682271.97, 4760636.74, 1278.08);
insert into STATION values (2613, '65', 7899, 682261.28, 4760636.25, 1278.70);
insert into STATION values (2614, '.', 7899, 682261.53, 4760635.62, 1278.85);
insert into STATION values (2615, '.', 7899, 682260.79, 4760633.28, 1279.96);
insert into STATION values (2616, '.', 7899, 682259.08, 4760633.68, 1281.19);
insert into STATION values (2617, '.', 7899, 682257.71, 4760634.95, 1280.48);
insert into STATION values (2618, '.', 7899, 682260.42, 4760636.75, 1279.23);
insert into STATION values (2619, '.', 7899, 682262.71, 4760637.50, 1278.37);
insert into STATION values (2620, '.', 7899, 682261.94, 4760637.61, 1278.63);
insert into STATION values (2621, '.', 7899, 682260.73, 4760636.16, 1282.03);
insert into STATION values (2622, '.', 7899, 682260.17, 4760635.76, 1282.05);
insert into STATION values (2623, '.', 7899, 682261.17, 4760636.02, 1276.43);
insert into STATION values (2624, '66', 7899, 682258.61, 4760633.18, 1280.18);
insert into STATION values (2625, '.', 7899, 682259.66, 4760630.38, 1280.58);
insert into STATION values (2626, '.', 7899, 682257.90, 4760630.48, 1280.39);
insert into STATION values (2627, '.', 7899, 682255.24, 4760631.43, 1280.00);
insert into STATION values (2628, '.', 7899, 682254.89, 4760633.23, 1280.16);
insert into STATION values (2629, '.', 7899, 682257.73, 4760634.01, 1280.31);
insert into STATION values (2630, '.', 7899, 682258.12, 4760637.67, 1280.50);
insert into STATION values (2631, '.', 7899, 682262.54, 4760635.38, 1281.13);
insert into STATION values (2632, '.', 7899, 682263.12, 4760632.64, 1281.10);
insert into STATION values (2633, '.', 7899, 682258.49, 4760633.02, 1280.89);
insert into STATION values (2634, '.', 7899, 682258.68, 4760633.27, 1279.14);
insert into STATION values (2635, '67', 7899, 682255.86, 4760632.17, 1279.43);
insert into STATION values (2636, '.', 7899, 682254.72, 4760631.56, 1279.47);
insert into STATION values (2637, '.', 7899, 682255.07, 4760633.02, 1279.68);
insert into STATION values (2638, '.', 7899, 682255.88, 4760633.44, 1279.96);
insert into STATION values (2639, '.', 7899, 682261.24, 4760636.53, 1281.25);
insert into STATION values (2640, '.', 7899, 682263.19, 4760632.39, 1281.34);
insert into STATION values (2641, '.', 7899, 682260.10, 4760630.69, 1280.00);
insert into STATION values (2642, '.', 7899, 682255.61, 4760632.66, 1281.69);
insert into STATION values (2643, '.', 7899, 682256.11, 4760632.34, 1278.70);
insert into STATION values (2644, '68', 7899, 682254.63, 4760634.37, 1282.94);
insert into STATION values (2645, '.', 7899, 682254.69, 4760633.41, 1283.01);
insert into STATION values (2646, '.', 7899, 682253.53, 4760632.33, 1283.17);
insert into STATION values (2647, '.', 7899, 682253.70, 4760634.22, 1283.23);
insert into STATION values (2648, '.', 7899, 682254.54, 4760635.10, 1282.96);
insert into STATION values (2649, '.', 7899, 682255.39, 4760637.65, 1282.65);
insert into STATION values (2650, '.', 7899, 682255.27, 4760635.19, 1282.99);
insert into STATION values (2651, '.', 7899, 682255.75, 4760634.63, 1283.14);
insert into STATION values (2652, '.', 7899, 682255.79, 4760633.54, 1283.22);
insert into STATION values (2653, '.', 7899, 682254.54, 4760634.46, 1283.53);
insert into STATION values (2654, '.', 7899, 682254.85, 4760634.56, 1281.37);
insert into STATION values (2655, '69', 7899, 682249.49, 4760630.74, 1284.69);
insert into STATION values (2656, '.', 7899, 682250.28, 4760626.21, 1284.73);
insert into STATION values (2657, '.', 7899, 682247.16, 4760624.44, 1284.44);
insert into STATION values (2658, '.', 7899, 682247.94, 4760630.11, 1285.40);
insert into STATION values (2659, '.', 7899, 682249.23, 4760631.80, 1284.83);
insert into STATION values (2660, '.', 7899, 682251.75, 4760629.96, 1284.71);
insert into STATION values (2661, '.', 7899, 682250.76, 4760631.08, 1284.60);
insert into STATION values (2662, '.', 7899, 682249.80, 4760629.27, 1288.44);
insert into STATION values (2663, '.', 7899, 682249.61, 4760630.51, 1283.50);
insert into STATION values (2664, '.', 7899, 682250.00, 4760630.28, 1282.77);
insert into STATION values (2665, '.', 7899, 682250.27, 4760628.97, 1282.11);
insert into STATION values (2666, '.', 7899, 682247.94, 4760633.00, 1294.04);
insert into STATION values (2667, '.', 7899, 682244.39, 4760629.33, 1288.49);
insert into STATION values (2668, 'PTR_A87_70', 7899, 682246.60, 4760628.73, 1284.66);
insert into STATION values (2669, '.', 7899, 682232.28, 4760644.00, 1291.50);
insert into STATION values (2670, '.', 7899, 682245.95, 4760640.49, 1291.84);
insert into STATION values (2671, '.', 7899, 682253.44, 4760639.72, 1293.62);
insert into STATION values (2672, '.', 7899, 682251.19, 4760631.21, 1287.64);
insert into STATION values (2673, '.', 7899, 682255.16, 4760630.85, 1290.50);
insert into STATION values (2674, '.', 7899, 682256.07, 4760634.50, 1292.48);
insert into STATION values (2675, '.', 7899, 682249.28, 4760626.11, 1286.77);
insert into STATION values (2676, '.', 7899, 682245.70, 4760624.32, 1284.77);
insert into STATION values (2677, '.', 7899, 682245.94, 4760628.73, 1287.98);
insert into STATION values (2678, '.', 7899, 682243.22, 4760632.55, 1294.53);
insert into STATION values (2679, '.', 7899, 682241.20, 4760636.56, 1300.17);
insert into STATION values (2680, '.', 7899, 682246.80, 4760628.60, 1282.93);
insert into STATION values (2681, '.', 7899, 682246.36, 4760625.91, 1280.63);
insert into STATION values (2682, '71', 7899, 682262.58, 4760634.89, 1295.03);
insert into STATION values (2683, '72', 7899, 682216.11, 4760630.46, 1285.14);
insert into STATION values (2684, '.', 7899, 682213.71, 4760629.35, 1285.75);
insert into STATION values (2685, '.', 7899, 682211.64, 4760630.30, 1286.11);
insert into STATION values (2686, '.', 7899, 682210.53, 4760633.36, 1286.61);
insert into STATION values (2687, '.', 7899, 682209.73, 4760636.27, 1285.85);
insert into STATION values (2688, '.', 7899, 682206.12, 4760646.53, 1290.56);
insert into STATION values (2689, '.', 7899, 682207.16, 4760645.02, 1290.62);
insert into STATION values (2690, '.', 7899, 682214.41, 4760643.78, 1291.28);
insert into STATION values (2691, '.', 7899, 682236.49, 4760643.27, 1293.80);
insert into STATION values (2692, '.', 7899, 682259.95, 4760637.92, 1292.90);
insert into STATION values (2693, '.', 7899, 682235.73, 4760628.31, 1288.02);
insert into STATION values (2694, '.', 7899, 682224.20, 4760625.91, 1287.35);
insert into STATION values (2695, '.', 7899, 682217.22, 4760633.05, 1293.31);
insert into STATION values (2696, '.', 7899, 682216.41, 4760630.37, 1283.35);
insert into STATION values (2697, '.', 7899, 682218.65, 4760635.22, 1281.48);
insert into STATION values (2698, '.', 7899, 682223.89, 4760653.54, 1277.78);
insert into STATION values (2699, '.', 7899, 682209.97, 4760638.50, 1282.33);
insert into STATION values (2700, '73', 7899, 682209.94, 4760638.48, 1282.41);
insert into STATION values (2701, '.', 7899, 682208.31, 4760651.14, 1282.81);
insert into STATION values (2702, '.', 7899, 682216.80, 4760649.97, 1283.48);
insert into STATION values (2703, '.', 7899, 682215.07, 4760640.32, 1282.26);
insert into STATION values (2704, '.', 7899, 682231.32, 4760648.70, 1286.41);
insert into STATION values (2705, '.', 7899, 682203.20, 4760637.98, 1283.27);
insert into STATION values (2706, '.', 7899, 682206.32, 4760636.16, 1282.99);
insert into STATION values (2707, '.', 7899, 682210.49, 4760635.69, 1282.53);
insert into STATION values (2708, '.', 7899, 682211.32, 4760634.50, 1283.03);
insert into STATION values (2709, '.', 7899, 682208.11, 4760639.97, 1287.23);
insert into STATION values (2710, '.', 7899, 682209.07, 4760641.46, 1292.63);
insert into STATION values (2711, '.', 7899, 682209.86, 4760638.47, 1281.67);
insert into STATION values (2712, '.', 7899, 682210.74, 4760642.31, 1273.54);
insert into STATION values (2713, '74', 7899, 682197.85, 4760644.41, 1283.25);
insert into STATION values (2714, '.', 7899, 682194.77, 4760640.37, 1283.75);
insert into STATION values (2715, '.', 7899, 682183.22, 4760636.58, 1284.09);
insert into STATION values (2716, '.', 7899, 682173.03, 4760638.24, 1282.18);
insert into STATION values (2717, '.', 7899, 682158.03, 4760646.67, 1286.11);
insert into STATION values (2718, '.', 7899, 682168.11, 4760656.39, 1285.38);
insert into STATION values (2719, '.', 7899, 682169.60, 4760662.78, 1279.71);
insert into STATION values (2720, '.', 7899, 682178.68, 4760657.41, 1284.55);
insert into STATION values (2721, '.', 7899, 682180.18, 4760659.21, 1285.23);
insert into STATION values (2722, '.', 7899, 682197.89, 4760651.38, 1284.72);
insert into STATION values (2723, '.', 7899, 682207.40, 4760651.65, 1282.96);
insert into STATION values (2724, '.', 7899, 682226.19, 4760652.26, 1281.76);
insert into STATION values (2725, '.', 7899, 682196.71, 4760644.75, 1291.77);
insert into STATION values (2726, '.', 7899, 682197.50, 4760643.47, 1281.03);
insert into STATION values (2727, '.', 7899, 682193.29, 4760649.76, 1271.75);
insert into STATION values (2728, '75', 7899, 682178.05, 4760645.67, 1276.42);
insert into STATION values (2729, '.', 7899, 682177.56, 4760637.46, 1281.56);
insert into STATION values (2730, '.', 7899, 682168.19, 4760637.38, 1283.92);
insert into STATION values (2731, '.', 7899, 682160.58, 4760641.04, 1282.58);
insert into STATION values (2732, '.', 7899, 682152.27, 4760651.40, 1284.24);
insert into STATION values (2733, '.', 7899, 682175.44, 4760662.25, 1279.72);
insert into STATION values (2734, '.', 7899, 682192.38, 4760658.47, 1278.14);
insert into STATION values (2735, '.', 7899, 682198.55, 4760656.24, 1279.71);
insert into STATION values (2736, '.', 7899, 682191.83, 4760639.84, 1283.34);
insert into STATION values (2737, '.', 7899, 682185.95, 4760635.69, 1287.03);
insert into STATION values (2738, '.', 7899, 682179.48, 4760642.95, 1277.88);
insert into STATION values (2739, '.', 7899, 682175.85, 4760644.22, 1290.54);
insert into STATION values (2740, '.', 7899, 682178.32, 4760645.80, 1275.32);
insert into STATION values (2741, '.', 7899, 682178.08, 4760656.96, 1265.68);
insert into STATION values (2742, '76', 7899, 682152.20, 4760647.45, 1271.01);
insert into STATION values (2743, '.', 7899, 682127.05, 4760647.91, 1275.54);
insert into STATION values (2744, '.', 7899, 682120.20, 4760642.75, 1268.92);
insert into STATION values (2745, '.', 7899, 682151.90, 4760646.12, 1271.58);
insert into STATION values (2746, '.', 7899, 682147.93, 4760640.55, 1277.30);
insert into STATION values (2747, '.', 7899, 682149.87, 4760646.79, 1272.55);
insert into STATION values (2748, '.', 7899, 682128.52, 4760652.93, 1276.09);
insert into STATION values (2749, '.', 7899, 682149.47, 4760672.69, 1276.50);
insert into STATION values (2750, '.', 7899, 682158.54, 4760683.66, 1271.46);
insert into STATION values (2751, '.', 7899, 682174.15, 4760649.47, 1272.78);
insert into STATION values (2752, '.', 7899, 682186.14, 4760661.42, 1279.62);
insert into STATION values (2753, '.', 7899, 682149.46, 4760648.55, 1284.12);
insert into STATION values (2754, '.', 7899, 682152.24, 4760647.63, 1270.17);
insert into STATION values (2755, '.', 7899, 682145.75, 4760667.96, 1252.18);
insert into STATION values (2756, '77', 7899, 682142.38, 4760653.50, 1265.90);
insert into STATION values (2757, '.', 7899, 682140.23, 4760648.76, 1267.80);
insert into STATION values (2758, '.', 7899, 682135.04, 4760643.48, 1273.88);
insert into STATION values (2759, '.', 7899, 682123.33, 4760646.84, 1275.27);
insert into STATION values (2760, '.', 7899, 682125.28, 4760654.92, 1271.45);
insert into STATION values (2761, '.', 7899, 682110.87, 4760662.98, 1270.23);
insert into STATION values (2762, '.', 7899, 682121.60, 4760681.11, 1270.14);
insert into STATION values (2763, '.', 7899, 682157.76, 4760684.69, 1270.79);
insert into STATION values (2764, '.', 7899, 682155.72, 4760655.67, 1265.59);
insert into STATION values (2765, '.', 7899, 682143.11, 4760655.99, 1277.70);
insert into STATION values (2766, '.', 7899, 682140.13, 4760653.75, 1262.68);
insert into STATION values (2767, '.', 7899, 682133.00, 4760664.27, 1252.58);
insert into STATION values (2768, '78', 7899, 682132.45, 4760654.94, 1261.89);
insert into STATION values (2769, '.', 7899, 682130.30, 4760652.79, 1263.29);
insert into STATION values (2770, '.', 7899, 682116.82, 4760647.05, 1269.03);
insert into STATION values (2771, '.', 7899, 682099.65, 4760654.21, 1270.43);
insert into STATION values (2772, '.', 7899, 682103.83, 4760651.85, 1269.01);
insert into STATION values (2773, '.', 7899, 682116.77, 4760665.10, 1267.56);
insert into STATION values (2774, '.', 7899, 682125.74, 4760682.96, 1271.14);
insert into STATION values (2775, '.', 7899, 682151.75, 4760683.95, 1274.36);
insert into STATION values (2776, '.', 7899, 682141.91, 4760654.37, 1264.64);
insert into STATION values (2777, '.', 7899, 682130.56, 4760656.50, 1273.53);
insert into STATION values (2778, '.', 7899, 682129.36, 4760653.60, 1276.24);
insert into STATION values (2779, '.', 7899, 682131.44, 4760655.38, 1260.11);
insert into STATION values (2780, '.', 7899, 682123.52, 4760665.98, 1251.38);
insert into STATION values (2781, '79', 7899, 682122.73, 4760657.77, 1259.36);
insert into STATION values (2782, '.', 7899, 682111.20, 4760656.50, 1257.92);
insert into STATION values (2783, '.', 7899, 682111.28, 4760659.43, 1257.36);
insert into STATION values (2784, '.', 7899, 682114.25, 4760665.31, 1255.81);
insert into STATION values (2785, '.', 7899, 682119.82, 4760683.46, 1257.24);
insert into STATION values (2786, '.', 7899, 682141.90, 4760679.40, 1258.91);
insert into STATION values (2787, '.', 7899, 682145.21, 4760672.29, 1252.89);
insert into STATION values (2788, '.', 7899, 682151.38, 4760665.15, 1260.50);
insert into STATION values (2789, '.', 7899, 682123.05, 4760657.65, 1273.08);
insert into STATION values (2790, '.', 7899, 682122.66, 4760657.89, 1257.87);
insert into STATION values (2791, '.', 7899, 682121.77, 4760666.45, 1249.20);
insert into STATION values (2792, '80', 7899, 682112.78, 4760662.87, 1254.12);
insert into STATION values (2793, '.', 7899, 682081.67, 4760660.22, 1267.83);
insert into STATION values (2794, '.', 7899, 682088.74, 4760677.33, 1261.02);
insert into STATION values (2795, '.', 7899, 682120.05, 4760645.46, 1267.48);
insert into STATION values (2796, '.', 7899, 682150.91, 4760644.32, 1280.00);
insert into STATION values (2797, '.', 7899, 682110.66, 4760663.66, 1266.97);
insert into STATION values (2798, '.', 7899, 682112.70, 4760662.86, 1252.34);
insert into STATION values (2799, '81', 7899, 682102.01, 4760666.82, 1249.79);
insert into STATION values (2800, '.', 7899, 682090.12, 4760655.90, 1256.81);
insert into STATION values (2801, '.', 7899, 682073.72, 4760672.23, 1256.28);
insert into STATION values (2802, '.', 7899, 682093.55, 4760684.42, 1252.91);
insert into STATION values (2803, '.', 7899, 682118.64, 4760688.63, 1261.94);
insert into STATION values (2804, '.', 7899, 682098.39, 4760668.87, 1268.69);
insert into STATION values (2805, '.', 7899, 682097.98, 4760668.51, 1244.99);
insert into STATION values (2806, 'PTR_A86_82', 7899, 682087.73, 4760669.14, 1245.94);
insert into STATION values (2807, '.', 7899, 682090.09, 4760656.48, 1253.43);
insert into STATION values (2808, '.', 7899, 682079.62, 4760653.98, 1251.19);
insert into STATION values (2809, '.', 7899, 682069.59, 4760658.17, 1251.78);
insert into STATION values (2810, '.', 7899, 682076.46, 4760679.55, 1247.82);
insert into STATION values (2811, '.', 7899, 682092.69, 4760684.46, 1253.31);
insert into STATION values (2812, '.', 7899, 682083.27, 4760665.82, 1265.86);
insert into STATION values (2813, '.', 7899, 682086.76, 4760666.57, 1241.74);
insert into STATION values (2814, 'PTR_A86_82', 7903, 682087.73, 4760669.14, 1245.94);
insert into STATION values (2815, '83', 7903, 682072.63, 4760671.76, 1244.49);
insert into STATION values (2816, '.', 7903, 682069.44, 4760651.24, 1246.01);
insert into STATION values (2817, '.', 7903, 682064.01, 4760660.08, 1245.23);
insert into STATION values (2818, '.', 7903, 682069.18, 4760671.15, 1245.36);
insert into STATION values (2819, '.', 7903, 682072.87, 4760674.31, 1245.60);
insert into STATION values (2820, '.', 7903, 682076.70, 4760679.67, 1248.83);
insert into STATION values (2821, '.', 7903, 682095.29, 4760663.41, 1250.92);
insert into STATION values (2822, '.', 7903, 682084.06, 4760656.95, 1246.99);
insert into STATION values (2823, '.', 7903, 682070.25, 4760666.23, 1261.98);
insert into STATION values (2824, '.', 7903, 682072.40, 4760670.79, 1242.99);
insert into STATION values (2825, '.', 7903, 682072.04, 4760655.87, 1235.71);
insert into STATION values (2826, '.', 7903, 682073.27, 4760655.60, 1234.35);
insert into STATION values (2827, '84', 7903, 682068.81, 4760658.39, 1237.22);
insert into STATION values (2828, '.', 7903, 682076.18, 4760654.84, 1238.55);
insert into STATION values (2829, '.', 7903, 682065.39, 4760656.63, 1237.66);
insert into STATION values (2830, '.', 7903, 682067.92, 4760664.85, 1238.41);
insert into STATION values (2831, '.', 7903, 682061.25, 4760660.14, 1236.10);
insert into STATION values (2832, '.', 7903, 682070.35, 4760658.86, 1253.01);
insert into STATION values (2833, '.', 7903, 682068.83, 4760658.39, 1234.60);
insert into STATION values (2834, '.', 7903, 682078.98, 4760659.61, 1237.81);
insert into STATION values (2835, '.', 7903, 682078.60, 4760659.67, 1238.14);
insert into STATION values (2836, '85', 7903, 682078.14, 4760659.61, 1238.06);
insert into STATION values (2837, '.', 7903, 682069.20, 4760665.89, 1240.73);
insert into STATION values (2838, '.', 7903, 682072.28, 4760675.09, 1247.77);
insert into STATION values (2839, '.', 7903, 682084.37, 4760660.05, 1241.07);
insert into STATION values (2840, '.', 7903, 682077.39, 4760655.91, 1238.43);
insert into STATION values (2841, '.', 7903, 682067.72, 4760656.67, 1240.46);
insert into STATION values (2842, '.', 7903, 682073.82, 4760664.28, 1260.55);
insert into STATION values (2843, '.', 7903, 682077.49, 4760659.27, 1235.62);
insert into STATION values (2844, 'PTR_A23_86', 7903, 682083.46, 4760658.57, 1237.56);
insert into STATION values (2845, '.', 7903, 682083.20, 4760659.97, 1237.61);
insert into STATION values (2846, '.', 7903, 682083.14, 4760659.92, 1237.68);
insert into STATION values (2847, '.', 7903, 682084.11, 4760659.95, 1237.39);
insert into STATION values (2848, '.', 7903, 682086.17, 4760660.22, 1236.93);
insert into STATION values (2849, '.', 7903, 682083.24, 4760658.06, 1237.63);
insert into STATION values (2850, '.', 7903, 682082.36, 4760658.15, 1237.72);
insert into STATION values (2851, '.', 7903, 682082.36, 4760658.45, 1237.67);
insert into STATION values (2852, '.', 7903, 682083.22, 4760659.20, 1239.17);
insert into STATION values (2853, '.', 7903, 682083.74, 4760659.15, 1237.91);
insert into STATION values (2854, '.', 7903, 682083.35, 4760658.82, 1236.38);
insert into STATION values (2855, '87', 7903, 682087.20, 4760661.56, 1236.77);
insert into STATION values (2856, '.', 7903, 682087.18, 4760662.60, 1237.33);
insert into STATION values (2857, '.', 7903, 682088.48, 4760660.85, 1237.11);
insert into STATION values (2858, '.', 7903, 682087.23, 4760660.36, 1236.51);
insert into STATION values (2859, '.', 7903, 682084.21, 4760661.24, 1237.15);
insert into STATION values (2860, '.', 7903, 682084.82, 4760662.33, 1237.17);
insert into STATION values (2861, '.', 7903, 682087.58, 4760660.68, 1238.98);
insert into STATION values (2862, '.', 7903, 682087.06, 4760661.27, 1236.33);
insert into STATION values (2863, '.', 7903, 682086.97, 4760661.12, 1236.13);
insert into STATION values (2864, '88', 7903, 682095.88, 4760659.54, 1237.03);
insert into STATION values (2865, '89', 7903, 682056.42, 4760649.92, 1235.00);
insert into STATION values (2866, '.', 7903, 682057.86, 4760646.84, 1235.59);
insert into STATION values (2867, '.', 7903, 682053.25, 4760645.55, 1235.49);
insert into STATION values (2868, '.', 7903, 682050.41, 4760648.56, 1235.55);
insert into STATION values (2869, '.', 7903, 682056.86, 4760652.13, 1235.86);
insert into STATION values (2870, '.', 7903, 682055.94, 4760649.54, 1239.67);
insert into STATION values (2871, '.', 7903, 682056.51, 4760649.71, 1234.34);
insert into STATION values (2872, '90', 7903, 682046.03, 4760642.21, 1236.23);
insert into STATION values (2873, '91', 7903, 682037.58, 4760637.22, 1236.33);
insert into STATION values (2874, '.', 7903, 682047.00, 4760640.21, 1236.52);
insert into STATION values (2875, '.', 7903, 682043.84, 4760639.58, 1236.78);
insert into STATION values (2876, '.', 7903, 682043.62, 4760645.81, 1236.99);
insert into STATION values (2877, '.', 7903, 682045.57, 4760641.72, 1240.04);
insert into STATION values (2878, '.', 7903, 682046.08, 4760642.05, 1234.57);
insert into STATION values (2879, '.', 7903, 682038.09, 4760635.19, 1236.71);
insert into STATION values (2880, '.', 7903, 682034.51, 4760630.52, 1236.94);
insert into STATION values (2881, '.', 7903, 682021.77, 4760624.43, 1237.33);
insert into STATION values (2882, '.', 7903, 682030.61, 4760639.70, 1236.87);
insert into STATION values (2883, '.', 7903, 682036.55, 4760644.62, 1236.49);
insert into STATION values (2884, '.', 7903, 682037.04, 4760637.09, 1239.63);
insert into STATION values (2885, '.', 7903, 682037.55, 4760637.33, 1235.40);
insert into STATION values (2886, '.', 7903, 682036.68, 4760640.72, 1232.12);
insert into STATION values (2887, '.', 7903, 682035.90, 4760636.66, 1227.14);
insert into STATION values (2888, '92', 7903, 682023.16, 4760626.72, 1229.23);
insert into STATION values (2889, '.', 7903, 682016.40, 4760628.64, 1226.50);
insert into STATION values (2890, '.', 7903, 682023.48, 4760624.36, 1231.41);
insert into STATION values (2891, '.', 7903, 682018.78, 4760640.32, 1238.80);
insert into STATION values (2892, '.', 7903, 682028.44, 4760638.49, 1235.38);
insert into STATION values (2893, '.', 7903, 682036.15, 4760634.15, 1232.60);
insert into STATION values (2894, '.', 7903, 682015.84, 4760628.95, 1255.06);
insert into STATION values (2895, '.', 7903, 682022.94, 4760628.81, 1226.52);
insert into STATION values (2896, '93', 7903, 682006.42, 4760630.23, 1238.67);
insert into STATION values (2897, '.', 7903, 682007.61, 4760642.11, 1243.28);
insert into STATION values (2898, '.', 7903, 682021.10, 4760643.62, 1244.45);
insert into STATION values (2899, '.', 7903, 682022.97, 4760624.62, 1239.93);
insert into STATION values (2900, '.', 7903, 682009.16, 4760619.04, 1240.34);
insert into STATION values (2901, '.', 7903, 682010.14, 4760630.04, 1255.76);
insert into STATION values (2902, '.', 7903, 682006.53, 4760630.21, 1238.53);
insert into STATION values (2903, '.', 7903, 681990.08, 4760620.04, 1239.95);
insert into STATION values (2904, '.', 7903, 681989.25, 4760619.60, 1240.05);
insert into STATION values (2905, '94', 7903, 681990.08, 4760620.07, 1239.92);
insert into STATION values (2906, '.', 7903, 681989.96, 4760616.55, 1241.22);
insert into STATION values (2907, '.', 7903, 681980.31, 4760617.74, 1242.82);
insert into STATION values (2908, '.', 7903, 681981.51, 4760637.14, 1243.35);
insert into STATION values (2909, '.', 7903, 681983.87, 4760637.94, 1242.88);
insert into STATION values (2910, '.', 7903, 682000.44, 4760643.10, 1242.66);
insert into STATION values (2911, '.', 7903, 681999.39, 4760641.75, 1243.49);
insert into STATION values (2912, '.', 7903, 681985.36, 4760624.86, 1254.80);
insert into STATION values (2913, '.', 7903, 681990.29, 4760620.64, 1236.63);
insert into STATION values (2914, '95', 7903, 681975.18, 4760622.23, 1238.95);
insert into STATION values (2915, '.', 7903, 681973.98, 4760615.68, 1239.38);
insert into STATION values (2916, '.', 7903, 681962.87, 4760619.37, 1238.57);
insert into STATION values (2917, '.', 7903, 681973.62, 4760642.23, 1241.45);
insert into STATION values (2918, '.', 7903, 681992.78, 4760641.01, 1243.67);
insert into STATION values (2919, '.', 7903, 681974.68, 4760626.86, 1253.90);
insert into STATION values (2920, '.', 7903, 681974.28, 4760618.71, 1234.43);
insert into STATION values (2921, '96', 7903, 681977.03, 4760622.97, 1247.48);
insert into STATION values (2922, '97', 7903, 681952.05, 4760624.47, 1234.93);
insert into STATION values (2923, '.', 7903, 681951.21, 4760622.53, 1236.90);
insert into STATION values (2924, '.', 7903, 681945.74, 4760645.02, 1239.23);
insert into STATION values (2925, '.', 7903, 681956.15, 4760627.34, 1236.16);
insert into STATION values (2926, '.', 7903, 681951.54, 4760633.12, 1250.96);
insert into STATION values (2927, '.', 7903, 681950.37, 4760629.32, 1230.84);
insert into STATION values (2928, '98', 7903, 681936.61, 4760631.46, 1231.21);
insert into STATION values (2929, '.', 7903, 681919.90, 4760638.98, 1227.24);
insert into STATION values (2930, '.', 7903, 681934.87, 4760627.44, 1233.41);
insert into STATION values (2931, '.', 7903, 681929.50, 4760630.32, 1233.03);
insert into STATION values (2932, '.', 7903, 681938.05, 4760647.88, 1234.65);
insert into STATION values (2933, '.', 7903, 681948.55, 4760636.44, 1234.19);
insert into STATION values (2934, '.', 7903, 681963.75, 4760646.42, 1242.30);
insert into STATION values (2935, '.', 7903, 681953.00, 4760624.21, 1236.96);
insert into STATION values (2936, '.', 7903, 681934.39, 4760632.09, 1238.53);
insert into STATION values (2937, '.', 7903, 681932.99, 4760639.40, 1246.44);
insert into STATION values (2938, '99', 7903, 681937.04, 4760634.59, 1241.89);
insert into STATION values (2939, '100', 7903, 681929.03, 4760636.67, 1232.61);
insert into STATION values (2940, '.', 7903, 681925.43, 4760632.30, 1234.81);
insert into STATION values (2941, '.', 7903, 681920.14, 4760635.57, 1234.91);
insert into STATION values (2942, '.', 7903, 681922.95, 4760650.54, 1233.01);
insert into STATION values (2943, '.', 7903, 681936.47, 4760648.08, 1236.44);
insert into STATION values (2944, '.', 7903, 681951.14, 4760639.61, 1234.06);
insert into STATION values (2945, '.', 7903, 681944.60, 4760625.43, 1234.94);
insert into STATION values (2946, '.', 7903, 681928.69, 4760640.89, 1246.27);
insert into STATION values (2947, '.', 7903, 681929.04, 4760639.27, 1228.77);
insert into STATION values (2948, '101', 7903, 681911.22, 4760648.89, 1231.22);
insert into STATION values (2949, '.', 7903, 681913.79, 4760639.96, 1234.89);
insert into STATION values (2950, '.', 7903, 681902.17, 4760640.61, 1235.46);
insert into STATION values (2951, '.', 7903, 681909.89, 4760652.20, 1231.49);
insert into STATION values (2952, '.', 7903, 681916.23, 4760654.89, 1231.83);
insert into STATION values (2953, '.', 7903, 681926.20, 4760635.84, 1237.48);
insert into STATION values (2954, '.', 7903, 681909.05, 4760645.85, 1242.56);
insert into STATION values (2955, '.', 7903, 681909.31, 4760646.91, 1228.06);
insert into STATION values (2956, '102', 7903, 681900.80, 4760647.20, 1234.20);
insert into STATION values (2957, '.', 7903, 681894.60, 4760662.65, 1236.48);
insert into STATION values (2958, '.', 7903, 681901.27, 4760648.38, 1234.43);
insert into STATION values (2959, '.', 7903, 681919.42, 4760653.82, 1233.69);
insert into STATION values (2960, '.', 7903, 681913.02, 4760638.28, 1235.74);
insert into STATION values (2961, '.', 7903, 681901.35, 4760640.98, 1234.83);
insert into STATION values (2962, '.', 7903, 681900.41, 4760646.03, 1237.75);
insert into STATION values (2963, '.', 7903, 681892.39, 4760654.65, 1249.60);
insert into STATION values (2964, '.', 7903, 681900.55, 4760647.07, 1230.74);
insert into STATION values (2965, '103', 7903, 681893.59, 4760651.64, 1234.99);
insert into STATION values (2966, '.', 7903, 681890.99, 4760649.00, 1235.29);
insert into STATION values (2967, '.', 7903, 681887.38, 4760652.68, 1235.02);
insert into STATION values (2968, '.', 7903, 681894.49, 4760661.43, 1238.11);
insert into STATION values (2969, '.', 7903, 681891.19, 4760655.20, 1249.10);
insert into STATION values (2970, '.', 7903, 681890.20, 4760650.94, 1230.15);
insert into STATION values (2971, '104', 7903, 681880.20, 4760659.14, 1234.99);
insert into STATION values (2972, '.', 7903, 681878.03, 4760657.78, 1235.54);
insert into STATION values (2973, '.', 7903, 681869.83, 4760662.80, 1236.83);
insert into STATION values (2974, '.', 7903, 681879.39, 4760669.25, 1237.91);
insert into STATION values (2975, '105', 7903, 681886.82, 4760664.54, 1237.80);
insert into STATION values (2976, '.', 7903, 681882.67, 4760667.73, 1253.00);
insert into STATION values (2977, '.', 7903, 681881.44, 4760665.79, 1231.37);
insert into STATION values (2978, '106', 7903, 681878.28, 4760668.42, 1234.97);
insert into STATION values (2979, '107', 7903, 681868.86, 4760672.18, 1235.98);
insert into STATION values (2980, '.', 7903, 681868.53, 4760671.70, 1236.02);
insert into STATION values (2981, '.', 7903, 681873.97, 4760682.36, 1237.62);
insert into STATION values (2982, '.', 7903, 681876.01, 4760681.15, 1237.16);
insert into STATION values (2983, '.', 7903, 681868.01, 4760675.00, 1247.64);
insert into STATION values (2984, '.', 7903, 681868.16, 4760671.80, 1232.47);
insert into STATION values (2985, '108', 7903, 681858.95, 4760676.07, 1240.85);
insert into STATION values (2986, '.', 7903, 681856.96, 4760672.39, 1240.86);
insert into STATION values (2987, '.', 7903, 681850.91, 4760676.79, 1241.50);
insert into STATION values (2988, '.', 7903, 681859.93, 4760683.27, 1243.90);
insert into STATION values (2989, '.', 7903, 681867.70, 4760682.44, 1243.69);
insert into STATION values (2990, '.', 7903, 681859.26, 4760675.60, 1250.92);
insert into STATION values (2991, '.', 7903, 681856.59, 4760673.31, 1235.82);
insert into STATION values (2992, '109', 7903, 681841.17, 4760680.25, 1242.39);
insert into STATION values (2993, '.', 7903, 681838.49, 4760676.84, 1242.49);
insert into STATION values (2994, '.', 7903, 681831.35, 4760679.62, 1243.67);
insert into STATION values (2995, '.', 7903, 681837.18, 4760684.74, 1243.37);
insert into STATION values (2996, '.', 7903, 681843.99, 4760686.24, 1242.97);
insert into STATION values (2997, '.', 7903, 681850.04, 4760684.72, 1242.98);
insert into STATION values (2998, '.', 7903, 681839.60, 4760677.49, 1253.20);
insert into STATION values (2999, '.', 7903, 681830.28, 4760678.10, 1233.43);
insert into STATION values (3000, '.', 7903, 681839.55, 4760678.44, 1239.32);
insert into STATION values (3001, '110', 7903, 681833.17, 4760686.45, 1242.92);
insert into STATION values (3002, '.', 7903, 681832.24, 4760689.64, 1243.14);
insert into STATION values (3003, '.', 7903, 681838.23, 4760677.52, 1243.71);
insert into STATION values (3004, '.', 7903, 681828.90, 4760680.56, 1242.77);
insert into STATION values (3005, '.', 7903, 681821.49, 4760685.35, 1243.14);
insert into STATION values (3006, '.', 7903, 681831.68, 4760685.42, 1248.80);
insert into STATION values (3007, '.', 7903, 681833.31, 4760686.20, 1241.53);
insert into STATION values (3008, '111', 7903, 681817.48, 4760689.97, 1242.19);
insert into STATION values (3009, '112', 7903, 681834.00, 4760688.14, 1242.95);
insert into STATION values (3010, '.', 7903, 681834.95, 4760687.58, 1243.09);
insert into STATION values (3011, '.', 7903, 681829.95, 4760690.28, 1242.96);
insert into STATION values (3012, '.', 7903, 681817.03, 4760690.54, 1241.84);
insert into STATION values (3013, '.', 7903, 681834.64, 4760687.76, 1249.58);
insert into STATION values (3014, '.', 7903, 681835.75, 4760689.27, 1235.75);
insert into STATION values (3015, '.', 7903, 681840.44, 4760689.28, 1232.28);
insert into STATION values (3016, '113', 7903, 681838.14, 4760689.16, 1233.64);
insert into STATION values (3017, '.', 7903, 681837.99, 4760688.75, 1233.76);
insert into STATION values (3018, '.', 7903, 681838.48, 4760689.53, 1233.67);
insert into STATION values (3019, '.', 7903, 681854.74, 4760683.27, 1240.01);
insert into STATION values (3020, '.', 7903, 681838.68, 4760688.20, 1238.27);
insert into STATION values (3021, '.', 7903, 681838.04, 4760689.53, 1231.88);
insert into STATION values (3022, '.', 7903, 681837.75, 4760689.47, 1233.43);
insert into STATION values (3023, '114', 7903, 681834.90, 4760692.27, 1229.99);
insert into STATION values (3024, '.', 7903, 681834.16, 4760691.29, 1230.38);
insert into STATION values (3025, '.', 7903, 681834.86, 4760692.59, 1229.87);
insert into STATION values (3026, '.', 7903, 681834.16, 4760691.71, 1231.62);
insert into STATION values (3027, '.', 7903, 681834.80, 4760692.97, 1223.57);
insert into STATION values (3028, '115', 7903, 681830.59, 4760694.01, 1228.19);
insert into STATION values (3029, '.', 7903, 681825.32, 4760694.14, 1230.12);
insert into STATION values (3030, '.', 7903, 681818.79, 4760693.09, 1235.88);
insert into STATION values (3031, '.', 7903, 681825.26, 4760698.95, 1230.07);
insert into STATION values (3032, '.', 7903, 681829.63, 4760703.02, 1230.47);
insert into STATION values (3033, '.', 7903, 681833.38, 4760699.59, 1231.67);
insert into STATION values (3034, '.', 7903, 681830.88, 4760693.30, 1228.24);
insert into STATION values (3035, '.', 7903, 681827.27, 4760691.94, 1236.58);
insert into STATION values (3036, '.', 7903, 681832.39, 4760693.26, 1224.19);
insert into STATION values (3037, '.', 7903, 681829.53, 4760701.17, 1231.40);
insert into STATION values (3038, '116', 7903, 681825.41, 4760695.00, 1229.05);
insert into STATION values (3039, '.', 7903, 681822.58, 4760699.34, 1229.30);
insert into STATION values (3040, '.', 7903, 681826.08, 4760700.55, 1229.18);
insert into STATION values (3041, '.', 7903, 681830.51, 4760705.77, 1231.08);
insert into STATION values (3042, '.', 7903, 681834.88, 4760704.42, 1231.67);
insert into STATION values (3043, '.', 7903, 681832.82, 4760699.43, 1231.95);
insert into STATION values (3044, '.', 7903, 681830.52, 4760695.03, 1229.16);
insert into STATION values (3045, '.', 7903, 681824.96, 4760693.98, 1242.34);
insert into STATION values (3046, '.', 7903, 681824.91, 4760694.69, 1227.11);
insert into STATION values (3047, '117', 7903, 681835.51, 4760706.04, 1232.17);
insert into STATION values (3048, '.', 7903, 681834.57, 4760707.79, 1232.52);
insert into STATION values (3049, '.', 7903, 681836.30, 4760710.39, 1232.72);
insert into STATION values (3050, '.', 7903, 681841.89, 4760705.39, 1232.19);
insert into STATION values (3051, '.', 7903, 681843.22, 4760699.51, 1232.35);
insert into STATION values (3052, '.', 7903, 681836.18, 4760705.35, 1232.66);
insert into STATION values (3053, '.', 7903, 681827.58, 4760703.02, 1232.85);
insert into STATION values (3054, '.', 7903, 681837.25, 4760706.35, 1235.12);
insert into STATION values (3055, '.', 7903, 681840.46, 4760707.13, 1228.97);
insert into STATION values (3056, 'PTR_A36_118', 7903, 681844.23, 4760713.32, 1238.09);
insert into STATION values (3057, '.', 7903, 681844.37, 4760712.98, 1238.20);
insert into STATION values (3058, '.', 7903, 681839.08, 4760710.66, 1238.25);
insert into STATION values (3059, '.', 7903, 681834.47, 4760713.57, 1241.24);
insert into STATION values (3060, '.', 7903, 681833.31, 4760721.24, 1245.03);
insert into STATION values (3061, '.', 7903, 681833.87, 4760721.03, 1244.79);
insert into STATION values (3062, '.', 7903, 681841.55, 4760724.19, 1266.95);
insert into STATION values (3063, '.', 7903, 681842.90, 4760724.07, 1264.89);
insert into STATION values (3064, '.', 7903, 681840.22, 4760710.01, 1231.45);
insert into STATION values (3065, '119', 7903, 681840.72, 4760717.39, 1240.27);
insert into STATION values (3066, '.', 7903, 681837.73, 4760709.46, 1242.73);
insert into STATION values (3067, '.', 7903, 681828.34, 4760706.21, 1254.42);
insert into STATION values (3068, '.', 7903, 681818.71, 4760717.71, 1251.88);
insert into STATION values (3069, '.', 7903, 681838.25, 4760723.80, 1241.72);
insert into STATION values (3070, '.', 7903, 681844.46, 4760722.12, 1240.99);
insert into STATION values (3071, '.', 7903, 681848.65, 4760716.91, 1240.36);
insert into STATION values (3072, '.', 7903, 681839.16, 4760706.18, 1229.45);
insert into STATION values (3073, '.', 7903, 681840.80, 4760717.05, 1239.25);
insert into STATION values (3074, '.', 7903, 681839.05, 4760717.84, 1263.27);
insert into STATION values (3075, '120', 7903, 681838.82, 4760717.78, 1264.36);
insert into STATION values (3076, '121', 7903, 681823.32, 4760717.34, 1246.81);
insert into STATION values (3077, '.', 7903, 681822.50, 4760721.21, 1247.95);
insert into STATION values (3078, '.', 7903, 681830.78, 4760720.53, 1247.96);
insert into STATION values (3079, '.', 7903, 681838.32, 4760713.11, 1247.55);
insert into STATION values (3080, '.', 7903, 681824.62, 4760708.68, 1249.51);
insert into STATION values (3081, '.', 7903, 681810.75, 4760703.54, 1251.57);
insert into STATION values (3082, '.', 7903, 681804.05, 4760707.03, 1252.51);
insert into STATION values (3083, '.', 7903, 681823.67, 4760716.79, 1252.18);
insert into STATION values (3084, '.', 7903, 681822.72, 4760720.13, 1240.94);
insert into STATION values (3085, '.', 7903, 681827.33, 4760730.18, 1235.81);
insert into STATION values (3086, '122', 7903, 681820.96, 4760717.96, 1246.58);
insert into STATION values (3087, '123', 7903, 681805.13, 4760722.57, 1242.07);
insert into STATION values (3088, '.', 7903, 681805.53, 4760708.83, 1255.44);
insert into STATION values (3089, '.', 7903, 681804.74, 4760716.69, 1245.90);
insert into STATION values (3090, '.', 7903, 681794.00, 4760715.79, 1249.39);
insert into STATION values (3091, '.', 7903, 681799.90, 4760725.29, 1242.98);
insert into STATION values (3092, '.', 7903, 681804.88, 4760725.86, 1242.36);
insert into STATION values (3093, '.', 7903, 681819.99, 4760728.66, 1242.55);
insert into STATION values (3094, '.', 7903, 681805.12, 4760718.34, 1253.39);
insert into STATION values (3095, '.', 7903, 681806.28, 4760716.63, 1254.59);
insert into STATION values (3096, '.', 7903, 681806.07, 4760723.08, 1248.86);
insert into STATION values (3097, '124', 7903, 681797.43, 4760721.55, 1241.38);
insert into STATION values (3098, '.', 7903, 681786.17, 4760709.87, 1243.89);
insert into STATION values (3099, '.', 7903, 681770.06, 4760721.86, 1245.71);
insert into STATION values (3100, '.', 7903, 681768.00, 4760720.70, 1246.25);
insert into STATION values (3101, '.', 7903, 681785.01, 4760729.60, 1241.07);
insert into STATION values (3102, '.', 7903, 681799.73, 4760726.67, 1241.23);
insert into STATION values (3103, '.', 7903, 681795.59, 4760706.38, 1240.87);
insert into STATION values (3104, '.', 7903, 681796.05, 4760719.99, 1251.90);
insert into STATION values (3105, '.', 7903, 681797.36, 4760721.73, 1240.21);
insert into STATION values (3106, '.', 7903, 681795.17, 4760718.56, 1233.45);
insert into STATION values (3107, '125', 7903, 681770.95, 4760732.70, 1235.16);
insert into STATION values (3108, '.', 7903, 681770.63, 4760732.54, 1235.05);
insert into STATION values (3109, '.', 7903, 681762.88, 4760715.58, 1239.36);
insert into STATION values (3110, '.', 7903, 681745.35, 4760718.71, 1241.74);
insert into STATION values (3111, '.', 7903, 681763.60, 4760735.68, 1237.04);
insert into STATION values (3112, '.', 7903, 681772.73, 4760735.40, 1237.23);
insert into STATION values (3113, '.', 7903, 681770.73, 4760733.32, 1238.53);
insert into STATION values (3114, '.', 7903, 681770.05, 4760718.93, 1247.04);
insert into STATION values (3115, '.', 7903, 681771.63, 4760732.96, 1232.84);
insert into STATION values (3116, '126', 7903, 681737.29, 4760727.52, 1234.51);
insert into STATION values (3117, '.', 7903, 681736.71, 4760716.82, 1237.44);
insert into STATION values (3118, '.', 7903, 681733.39, 4760730.92, 1236.46);
insert into STATION values (3119, '.', 7903, 681741.16, 4760735.40, 1234.94);
insert into STATION values (3120, '.', 7903, 681755.40, 4760719.06, 1243.04);
insert into STATION values (3121, '.', 7903, 681736.25, 4760724.21, 1245.65);
insert into STATION values (3122, '.', 7903, 681736.22, 4760731.32, 1231.15);
insert into STATION values (3123, '127', 7903, 681729.74, 4760726.87, 1234.39);
insert into STATION values (3124, '.', 7903, 681730.36, 4760721.87, 1236.61);
insert into STATION values (3125, '.', 7903, 681734.61, 4760708.12, 1234.09);
insert into STATION values (3126, '.', 7903, 681721.19, 4760726.63, 1237.64);
insert into STATION values (3127, '.', 7903, 681726.07, 4760736.20, 1240.95);
insert into STATION values (3128, '.', 7903, 681734.27, 4760732.92, 1235.28);
insert into STATION values (3129, '.', 7903, 681727.94, 4760724.70, 1246.13);
insert into STATION values (3130, '.', 7903, 681730.43, 4760720.21, 1228.63);
insert into STATION values (3131, '128', 7903, 681716.98, 4760708.88, 1228.02);
insert into STATION values (3132, '.', 7903, 681722.51, 4760699.74, 1228.88);
insert into STATION values (3133, '.', 7903, 681711.69, 4760695.55, 1229.56);
insert into STATION values (3134, '.', 7903, 681707.39, 4760712.28, 1229.60);
insert into STATION values (3135, '.', 7903, 681716.44, 4760722.63, 1233.84);
insert into STATION values (3136, '.', 7903, 681717.32, 4760707.65, 1232.39);
insert into STATION values (3137, '.', 7903, 681715.27, 4760706.89, 1222.18);
insert into STATION values (3138, '129', 7903, 681705.65, 4760700.35, 1228.82);
insert into STATION values (3139, '.', 7903, 681708.43, 4760694.93, 1229.85);
insert into STATION values (3140, '.', 7903, 681701.53, 4760692.52, 1230.71);
insert into STATION values (3141, '.', 7903, 681695.52, 4760698.24, 1230.40);
insert into STATION values (3142, '.', 7903, 681700.06, 4760705.35, 1230.33);
insert into STATION values (3143, '.', 7903, 681704.50, 4760712.07, 1229.91);
insert into STATION values (3144, '.', 7903, 681704.29, 4760700.84, 1234.10);
insert into STATION values (3145, '.', 7903, 681705.57, 4760700.33, 1228.42);
insert into STATION values (3146, '.', 7903, 681704.54, 4760702.62, 1222.92);
insert into STATION values (3147, '130', 7903, 681697.13, 4760700.12, 1228.65);
insert into STATION values (3148, '.', 7903, 681700.62, 4760691.55, 1230.30);
insert into STATION values (3149, '.', 7903, 681691.14, 4760688.86, 1230.15);
insert into STATION values (3150, '.', 7903, 681695.69, 4760700.97, 1228.77);
insert into STATION values (3151, '.', 7903, 681703.43, 4760710.14, 1232.71);
insert into STATION values (3152, '.', 7903, 681696.54, 4760699.53, 1232.83);
insert into STATION values (3153, '.', 7903, 681697.70, 4760699.33, 1224.59);
insert into STATION values (3154, '131', 7903, 681684.31, 4760684.42, 1222.14);
insert into STATION values (3155, '.', 7903, 681689.11, 4760679.58, 1222.59);
insert into STATION values (3156, '.', 7903, 681683.68, 4760684.82, 1222.15);
insert into STATION values (3157, '.', 7903, 681680.48, 4760673.19, 1226.96);
insert into STATION values (3158, '.', 7903, 681683.70, 4760683.99, 1230.79);
insert into STATION values (3159, '.', 7903, 681684.79, 4760684.39, 1220.74);
insert into STATION values (3160, '.', 7903, 681677.48, 4760677.41, 1221.29);
insert into STATION values (3161, '132', 7903, 681677.04, 4760677.00, 1221.22);
insert into STATION values (3162, '.', 7903, 681683.16, 4760671.77, 1221.99);
insert into STATION values (3163, '.', 7903, 681676.54, 4760666.48, 1223.15);
insert into STATION values (3164, '.', 7903, 681661.92, 4760662.17, 1225.60);
insert into STATION values (3165, '.', 7903, 681676.25, 4760678.29, 1221.38);
insert into STATION values (3166, '.', 7903, 681676.73, 4760675.90, 1228.38);
insert into STATION values (3167, '.', 7903, 681680.96, 4760675.92, 1215.50);
insert into STATION values (3168, '133', 7903, 681673.04, 4760666.21, 1217.70);
insert into STATION values (3169, '.', 7903, 681676.19, 4760661.99, 1219.31);
insert into STATION values (3170, '.', 7903, 681670.47, 4760657.56, 1218.68);
insert into STATION values (3171, '.', 7903, 681656.74, 4760661.45, 1226.88);
insert into STATION values (3172, '.', 7903, 681665.77, 4760674.46, 1223.67);
insert into STATION values (3173, '.', 7903, 681672.79, 4760674.38, 1219.54);
insert into STATION values (3174, '.', 7903, 681672.75, 4760664.60, 1223.97);
insert into STATION values (3175, '.', 7903, 681674.13, 4760668.73, 1226.80);
insert into STATION values (3176, '.', 7903, 681675.36, 4760664.70, 1211.24);
insert into STATION values (3177, '.', 7903, 681659.64, 4760651.34, 1213.44);
insert into STATION values (3178, '134', 7903, 681666.34, 4760658.70, 1215.54);
insert into STATION values (3179, '.', 7903, 681665.75, 4760653.04, 1216.86);
insert into STATION values (3180, '.', 7903, 681657.59, 4760649.81, 1217.83);
insert into STATION values (3181, '.', 7903, 681653.98, 4760668.03, 1227.42);
insert into STATION values (3182, '.', 7903, 681677.25, 4760660.62, 1215.85);
insert into STATION values (3183, '135', 7903, 681649.48, 4760652.27, 1215.86);
insert into STATION values (3184, '.', 7903, 681647.08, 4760647.21, 1219.15);
insert into STATION values (3185, '.', 7903, 681647.25, 4760647.44, 1219.18);
insert into STATION values (3186, '.', 7903, 681638.41, 4760650.57, 1220.40);
insert into STATION values (3187, '.', 7903, 681634.39, 4760655.55, 1220.37);
insert into STATION values (3188, '.', 7903, 681642.66, 4760662.39, 1218.49);
insert into STATION values (3189, '.', 7903, 681654.16, 4760668.06, 1220.39);
insert into STATION values (3190, '.', 7903, 681663.52, 4760653.07, 1217.46);
insert into STATION values (3191, '.', 7903, 681648.94, 4760653.56, 1222.02);
insert into STATION values (3192, '.', 7903, 681653.25, 4760655.65, 1224.19);
insert into STATION values (3193, '.', 7903, 681649.84, 4760655.41, 1211.09);
insert into STATION values (3194, '136', 7903, 681638.47, 4760648.49, 1216.92);
insert into STATION values (3195, '.', 7903, 681640.20, 4760644.99, 1218.46);
insert into STATION values (3196, '.', 7903, 681628.40, 4760650.38, 1219.99);
insert into STATION values (3197, '.', 7903, 681637.31, 4760658.13, 1219.87);
insert into STATION values (3198, '.', 7903, 681634.80, 4760660.60, 1216.01);
insert into STATION values (3199, '.', 7903, 681654.39, 4760653.96, 1221.08);
insert into STATION values (3200, '.', 7903, 681637.62, 4760648.17, 1220.29);
insert into STATION values (3201, '.', 7903, 681628.78, 4760650.29, 1223.05);
insert into STATION values (3202, '.', 7903, 681638.29, 4760648.61, 1215.11);
insert into STATION values (3203, '.', 7903, 681626.13, 4760651.51, 1209.14);
insert into STATION values (3204, '.', 7903, 681628.52, 4760651.31, 1208.39);
insert into STATION values (3205, '.', 7903, 681638.25, 4760648.30, 1216.79);
insert into STATION values (3206, '137', 7903, 681632.54, 4760643.14, 1213.48);
insert into STATION values (3207, '.', 7903, 681633.58, 4760641.41, 1214.12);
insert into STATION values (3208, '.', 7903, 681630.72, 4760637.68, 1215.44);
insert into STATION values (3209, '.', 7903, 681619.47, 4760630.84, 1219.98);
insert into STATION values (3210, '.', 7903, 681619.38, 4760644.03, 1219.16);
insert into STATION values (3211, '.', 7903, 681634.06, 4760656.17, 1220.05);
insert into STATION values (3212, '.', 7903, 681634.18, 4760644.15, 1220.61);
insert into STATION values (3213, '.', 7903, 681632.91, 4760643.43, 1211.88);
insert into STATION values (3214, '.', 7903, 681629.31, 4760647.22, 1209.18);
insert into STATION values (3215, '138', 7903, 681623.25, 4760633.80, 1210.65);
insert into STATION values (3216, '.', 7903, 681625.82, 4760629.36, 1212.88);
insert into STATION values (3217, '.', 7903, 681618.93, 4760625.82, 1213.36);
insert into STATION values (3218, '.', 7903, 681602.27, 4760637.21, 1219.07);
insert into STATION values (3219, '.', 7903, 681614.25, 4760640.76, 1217.90);
insert into STATION values (3220, '.', 7903, 681629.70, 4760647.36, 1223.75);
insert into STATION values (3221, '.', 7903, 681621.43, 4760636.79, 1224.93);
insert into STATION values (3222, '.', 7903, 681622.88, 4760633.77, 1207.93);
insert into STATION values (3223, '139', 7903, 681609.05, 4760628.50, 1209.57);
insert into STATION values (3224, '.', 7903, 681611.94, 4760620.42, 1210.48);
insert into STATION values (3225, '.', 7903, 681600.51, 4760615.75, 1211.86);
insert into STATION values (3226, '.', 7903, 681575.79, 4760628.41, 1215.31);
insert into STATION values (3227, '.', 7903, 681598.55, 4760638.14, 1215.80);
insert into STATION values (3228, '.', 7903, 681611.91, 4760639.51, 1216.95);
insert into STATION values (3229, '.', 7903, 681614.20, 4760636.93, 1227.99);
insert into STATION values (3230, '.', 7903, 681611.31, 4760624.55, 1203.99);
insert into STATION values (3231, '140', 7903, 681597.97, 4760632.94, 1212.13);
insert into STATION values (3232, '.', 7903, 681605.13, 4760619.78, 1215.56);
insert into STATION values (3233, '.', 7903, 681595.19, 4760619.92, 1214.57);
insert into STATION values (3234, '.', 7903, 681593.24, 4760635.89, 1214.20);
insert into STATION values (3235, '.', 7903, 681599.09, 4760638.46, 1215.18);
insert into STATION values (3236, '.', 7903, 681606.03, 4760639.48, 1218.12);
insert into STATION values (3237, '.', 7903, 681583.94, 4760633.07, 1209.45);
insert into STATION values (3238, '141', 7903, 681582.38, 4760633.28, 1209.29);
insert into STATION values (3239, '.', 7903, 681583.42, 4760615.54, 1217.24);
insert into STATION values (3240, '.', 7903, 681568.65, 4760611.17, 1213.46);
insert into STATION values (3241, '.', 7903, 681575.75, 4760631.97, 1208.89);
insert into STATION values (3242, '.', 7903, 681581.09, 4760634.42, 1209.46);
insert into STATION values (3243, '.', 7903, 681584.56, 4760637.00, 1210.09);
insert into STATION values (3244, '.', 7903, 681581.71, 4760632.59, 1216.70);
insert into STATION values (3245, '.', 7903, 681582.30, 4760622.73, 1227.64);
insert into STATION values (3246, '.', 7903, 681582.16, 4760633.37, 1207.34);
insert into STATION values (3247, '142', 7903, 681568.27, 4760627.36, 1206.01);
insert into STATION values (3248, '.', 7903, 681580.56, 4760609.52, 1211.29);
insert into STATION values (3249, '.', 7903, 681564.57, 4760605.36, 1206.40);
insert into STATION values (3250, '.', 7903, 681549.99, 4760606.28, 1205.18);
insert into STATION values (3251, '.', 7903, 681546.45, 4760604.32, 1205.35);
insert into STATION values (3252, '.', 7903, 681546.39, 4760606.25, 1204.31);
insert into STATION values (3253, '.', 7903, 681549.50, 4760622.13, 1206.32);
insert into STATION values (3254, '.', 7903, 681566.51, 4760628.62, 1206.28);
insert into STATION values (3255, '.', 7903, 681578.36, 4760634.03, 1208.63);
insert into STATION values (3256, '.', 7903, 681586.66, 4760636.63, 1213.18);
insert into STATION values (3257, '.', 7903, 681568.30, 4760626.70, 1209.64);
insert into STATION values (3258, '.', 7903, 681582.68, 4760618.09, 1229.25);
insert into STATION values (3259, '.', 7903, 681567.41, 4760626.75, 1203.76);
insert into STATION values (3260, 'PTR_A35_143', 7903, 681560.03, 4760620.72, 1201.01);
insert into STATION values (3261, '.', 7903, 681567.50, 4760605.17, 1208.02);
insert into STATION values (3262, '.', 7903, 681549.21, 4760610.88, 1205.54);
insert into STATION values (3263, '.', 7903, 681551.24, 4760632.67, 1210.79);
insert into STATION values (3264, '.', 7903, 681558.29, 4760631.07, 1208.77);
insert into STATION values (3265, '.', 7903, 681565.79, 4760628.52, 1206.97);
insert into STATION values (3266, '.', 7903, 681560.80, 4760617.30, 1215.96);
insert into STATION values (3267, '.', 7903, 681553.33, 4760618.99, 1218.22);
insert into STATION values (3268, '.', 7903, 681559.98, 4760615.13, 1196.42);
insert into STATION values (3269, '144', 7903, 681555.66, 4760605.10, 1199.25);
insert into STATION values (3270, '145', 7903, 681559.03, 4760629.71, 1206.07);
insert into STATION values (3271, '.', 7903, 681550.44, 4760626.66, 1207.58);
insert into STATION values (3272, '.', 7903, 681551.32, 4760635.12, 1208.00);
insert into STATION values (3273, '.', 7903, 681547.13, 4760643.56, 1203.86);
insert into STATION values (3274, '.', 7903, 681560.32, 4760629.65, 1206.94);
insert into STATION values (3275, '.', 7903, 681567.45, 4760608.72, 1210.38);
insert into STATION values (3276, '.', 7903, 681552.75, 4760626.94, 1218.77);
insert into STATION values (3277, '.', 7903, 681548.65, 4760635.49, 1198.14);
insert into STATION values (3278, '146', 7903, 681544.50, 4760637.94, 1199.04);
insert into STATION values (3279, '.', 7903, 681549.19, 4760624.36, 1195.88);
insert into STATION values (3280, '.', 7903, 681531.85, 4760624.95, 1193.71);
insert into STATION values (3281, '.', 7903, 681524.72, 4760636.68, 1195.12);
insert into STATION values (3282, '.', 7903, 681511.69, 4760624.91, 1182.88);
insert into STATION values (3283, '.', 7903, 681543.60, 4760646.11, 1200.24);
insert into STATION values (3284, '.', 7903, 681550.22, 4760642.72, 1201.54);
insert into STATION values (3285, '.', 7903, 681544.33, 4760638.39, 1203.74);
insert into STATION values (3286, '.', 7903, 681537.42, 4760634.86, 1191.61);
insert into STATION values (3287, '147', 7903, 681534.36, 4760635.70, 1193.31);
insert into STATION values (3288, '.', 7903, 681539.15, 4760619.69, 1194.39);
insert into STATION values (3289, '.', 7903, 681524.37, 4760625.48, 1192.34);
insert into STATION values (3290, '.', 7903, 681519.73, 4760619.53, 1183.46);
insert into STATION values (3291, '.', 7903, 681514.62, 4760646.08, 1191.95);
insert into STATION values (3292, '.', 7903, 681516.57, 4760644.55, 1187.91);
insert into STATION values (3293, '.', 7903, 681529.90, 4760648.75, 1195.10);
insert into STATION values (3294, '.', 7903, 681534.33, 4760635.53, 1197.64);
insert into STATION values (3295, '.', 7903, 681534.44, 4760633.87, 1189.78);
insert into STATION values (3296, '148', 7903, 681511.97, 4760639.22, 1184.16);
insert into STATION values (3297, '.', 7903, 681521.45, 4760620.02, 1184.98);
insert into STATION values (3298, '.', 7903, 681508.11, 4760630.01, 1184.47);
insert into STATION values (3299, '.', 7903, 681500.54, 4760639.59, 1183.60);
insert into STATION values (3300, '.', 7903, 681503.08, 4760645.07, 1189.63);
insert into STATION values (3301, '.', 7903, 681498.21, 4760651.20, 1191.38);
insert into STATION values (3302, '.', 7903, 681509.00, 4760645.88, 1189.36);
insert into STATION values (3303, '.', 7903, 681519.17, 4760646.24, 1192.32);
insert into STATION values (3304, '.', 7903, 681512.67, 4760637.93, 1190.73);
insert into STATION values (3305, '.', 7903, 681512.39, 4760636.41, 1181.01);
insert into STATION values (3306, '149', 7903, 681506.61, 4760638.65, 1182.33);
insert into STATION values (3307, '.', 7903, 681507.15, 4760629.13, 1182.65);
insert into STATION values (3308, '.', 7903, 681499.48, 4760639.42, 1182.62);
insert into STATION values (3309, '.', 7903, 681479.97, 4760650.42, 1182.99);
insert into STATION values (3310, '.', 7903, 681499.39, 4760651.85, 1184.18);
insert into STATION values (3311, '.', 7903, 681508.19, 4760642.47, 1183.61);
insert into STATION values (3312, '.', 7903, 681509.67, 4760646.30, 1189.47);
insert into STATION values (3313, '150', 7903, 681499.43, 4760646.69, 1178.97);
insert into STATION values (3314, '.', 7903, 681496.69, 4760640.61, 1179.46);
insert into STATION values (3315, '.', 7903, 681488.32, 4760643.73, 1179.57);
insert into STATION values (3316, '.', 7903, 681480.06, 4760657.14, 1177.78);
insert into STATION values (3317, '.', 7903, 681495.55, 4760654.83, 1179.37);
insert into STATION values (3318, '.', 7903, 681501.09, 4760650.49, 1180.23);
insert into STATION values (3319, '.', 7903, 681506.79, 4760649.59, 1182.43);
insert into STATION values (3320, '.', 7903, 681507.31, 4760644.34, 1183.72);
insert into STATION values (3321, '.', 7903, 681496.60, 4760646.90, 1190.00);
insert into STATION values (3322, '.', 7903, 681499.09, 4760646.67, 1177.54);
insert into STATION values (3323, '151', 7903, 681480.63, 4760649.85, 1172.82);
insert into STATION values (3324, '.', 7903, 681475.34, 4760639.21, 1182.79);
insert into STATION values (3325, '.', 7903, 681468.49, 4760645.68, 1178.94);
insert into STATION values (3326, '.', 7903, 681476.49, 4760655.26, 1175.30);
insert into STATION values (3327, '.', 7903, 681485.94, 4760657.34, 1177.10);
insert into STATION values (3328, '.', 7903, 681496.39, 4760654.30, 1177.76);
insert into STATION values (3329, '.', 7903, 681479.47, 4760650.81, 1182.20);
insert into STATION values (3330, '.', 7903, 681476.53, 4760637.91, 1202.84);
insert into STATION values (3331, '.', 7903, 681479.95, 4760650.53, 1170.19);
insert into STATION values (3332, '152', 7903, 681465.58, 4760648.54, 1170.61);
insert into STATION values (3333, '.', 7903, 681473.74, 4760643.65, 1176.77);
insert into STATION values (3334, '.', 7903, 681458.72, 4760619.63, 1176.01);
insert into STATION values (3335, '.', 7903, 681453.61, 4760622.45, 1174.24);
insert into STATION values (3336, '.', 7903, 681459.91, 4760641.76, 1171.35);
insert into STATION values (3337, '.', 7903, 681463.96, 4760649.00, 1170.95);
insert into STATION values (3338, '.', 7903, 681461.58, 4760649.52, 1172.44);
insert into STATION values (3339, '.', 7903, 681467.05, 4760652.60, 1173.48);
insert into STATION values (3340, '.', 7903, 681466.26, 4760646.52, 1177.91);
insert into STATION values (3341, '.', 7903, 681474.89, 4760638.78, 1191.71);
insert into STATION values (3342, '.', 7903, 681464.45, 4760646.01, 1166.62);
insert into STATION values (3343, '153', 7903, 681459.81, 4760644.25, 1168.41);
insert into STATION values (3344, '.', 7903, 681468.56, 4760634.78, 1177.47);
insert into STATION values (3345, '.', 7903, 681463.69, 4760624.76, 1176.64);
insert into STATION values (3346, '.', 7903, 681460.33, 4760622.09, 1177.73);
insert into STATION values (3347, '.', 7903, 681459.19, 4760639.86, 1170.44);
insert into STATION values (3348, '.', 7903, 681454.70, 4760642.66, 1169.02);
insert into STATION values (3349, '.', 7903, 681458.60, 4760646.54, 1169.19);
insert into STATION values (3350, '.', 7903, 681463.48, 4760649.20, 1170.42);
insert into STATION values (3351, '.', 7903, 681468.40, 4760654.77, 1172.83);
insert into STATION values (3352, '.', 7903, 681459.87, 4760643.81, 1171.47);
insert into STATION values (3353, '.', 7903, 681462.48, 4760643.33, 1176.10);
insert into STATION values (3354, '.', 7903, 681478.21, 4760641.95, 1193.84);
insert into STATION values (3355, '.', 7903, 681461.81, 4760644.63, 1166.18);
insert into STATION values (3356, 'PTR_B66_154', 7903, 681463.68, 4760637.93, 1172.32);
insert into STATION values (3357, '.', 7903, 681461.77, 4760647.83, 1171.83);
insert into STATION values (3358, '.', 7903, 681460.33, 4760640.34, 1171.65);
insert into STATION values (3359, '.', 7903, 681456.59, 4760644.45, 1168.82);
insert into STATION values (3360, '.', 7903, 681468.68, 4760653.28, 1178.13);
insert into STATION values (3361, '.', 7903, 681461.95, 4760622.41, 1175.50);
insert into STATION values (3362, '.', 7903, 681462.23, 4760622.48, 1184.67);
insert into STATION values (3363, '.', 7903, 681464.64, 4760635.03, 1181.83);
insert into STATION values (3364, '.', 7903, 681464.33, 4760635.42, 1180.31);
insert into STATION values (3365, '155', 7903, 681456.00, 4760623.38, 1172.67);
insert into STATION values (3366, 'PTR_B33_0', 7907, 681497.38, 4760650.35, 1181.07);
insert into STATION values (3367, '.', 7907, 681492.41, 4760646.19, 1181.61);
insert into STATION values (3368, '.', 7907, 681497.08, 4760650.22, 1189.56);
insert into STATION values (3369, '.', 7907, 681500.38, 4760654.15, 1181.74);
insert into STATION values (3370, '.', 7907, 681496.43, 4760650.60, 1178.84);
insert into STATION values (3371, '.', 7907, 681484.33, 4760647.85, 1179.74);
insert into STATION values (3372, '.', 7907, 681472.78, 4760656.05, 1182.04);
insert into STATION values (3373, '.', 7907, 681493.76, 4760661.01, 1181.38);
insert into STATION values (3374, '1', 7907, 681475.55, 4760661.44, 1171.92);
insert into STATION values (3375, '.', 7907, 681475.31, 4760648.28, 1184.19);
insert into STATION values (3376, '.', 7907, 681476.08, 4760650.46, 1192.95);
insert into STATION values (3377, '.', 7907, 681477.37, 4760661.16, 1181.28);
insert into STATION values (3378, '.', 7907, 681475.82, 4760662.29, 1172.26);
insert into STATION values (3379, '.', 7907, 681475.52, 4760661.16, 1170.42);
insert into STATION values (3380, '.', 7907, 681474.90, 4760661.71, 1180.31);
insert into STATION values (3381, '.', 7907, 681515.34, 4760644.60, 1214.97);
insert into STATION values (3382, '.', 7907, 681486.47, 4760661.40, 1176.53);
insert into STATION values (3383, '.', 7907, 681487.45, 4760661.04, 1172.64);
insert into STATION values (3384, '2', 7907, 681460.76, 4760648.33, 1170.50);
insert into STATION values (3385, '.', 7907, 681460.26, 4760646.59, 1170.23);
insert into STATION values (3386, '.', 7907, 681460.99, 4760653.47, 1171.23);
insert into STATION values (3387, '.', 7907, 681460.94, 4760648.86, 1177.50);
insert into STATION values (3388, '.', 7907, 681460.09, 4760649.02, 1167.25);
insert into STATION values (3389, '3', 7907, 681449.77, 4760640.73, 1166.13);
insert into STATION values (3390, '.', 7907, 681450.17, 4760638.81, 1166.11);
insert into STATION values (3391, '.', 7907, 681449.33, 4760642.41, 1166.22);
insert into STATION values (3392, '.', 7907, 681449.68, 4760640.63, 1168.98);
insert into STATION values (3393, '.', 7907, 681449.85, 4760640.63, 1164.53);
insert into STATION values (3394, '.', 7907, 681440.46, 4760635.99, 1167.34);
insert into STATION values (3395, '.', 7907, 681446.50, 4760640.30, 1166.48);
insert into STATION values (3396, '.', 7907, 681444.78, 4760631.09, 1167.60);
insert into STATION values (3397, '.', 7907, 681449.42, 4760638.22, 1166.65);
insert into STATION values (3398, '4', 7907, 681436.36, 4760628.63, 1165.53);
insert into STATION values (3399, '.', 7907, 681442.42, 4760624.72, 1166.66);
insert into STATION values (3400, '.', 7907, 681436.79, 4760628.57, 1166.88);
insert into STATION values (3401, '.', 7907, 681436.98, 4760628.51, 1164.25);
insert into STATION values (3402, '5', 7907, 681458.92, 4760640.25, 1168.20);
insert into STATION values (3403, '.', 7907, 681463.62, 4760642.94, 1170.79);
insert into STATION values (3404, '.', 7907, 681471.85, 4760639.75, 1188.13);
insert into STATION values (3405, '.', 7907, 681458.34, 4760637.03, 1168.96);
insert into STATION values (3406, '.', 7907, 681459.18, 4760643.95, 1167.77);
insert into STATION values (3407, 'PTR_B66_6', 7907, 681463.68, 4760637.93, 1172.32);
insert into STATION values (3408, '.', 7907, 681458.61, 4760650.89, 1172.20);
insert into STATION values (3409, '.', 7907, 681463.01, 4760637.92, 1176.36);
insert into STATION values (3410, '.', 7907, 681467.07, 4760635.03, 1188.21);
insert into STATION values (3411, '.', 7907, 681468.96, 4760631.85, 1175.94);
insert into STATION values (3412, '7', 7907, 681451.09, 4760625.53, 1172.04);
insert into STATION values (3413, '.', 7907, 681450.33, 4760627.88, 1172.22);
insert into STATION values (3414, '.', 7907, 681451.97, 4760626.11, 1176.70);
insert into STATION values (3415, '.', 7907, 681451.11, 4760625.39, 1172.04);
insert into STATION values (3416, '.', 7907, 681450.57, 4760625.82, 1170.68);
insert into STATION values (3417, '.', 7907, 681459.96, 4760632.89, 1183.77);
insert into STATION values (3418, '.', 7907, 681459.86, 4760633.44, 1183.65);
insert into STATION values (3419, '.', 7907, 681461.03, 4760642.93, 1176.60);
insert into STATION values (3420, '.', 7907, 681457.30, 4760661.71, 1176.36);
insert into STATION values (3421, '8', 7907, 681447.85, 4760622.19, 1169.49);
insert into STATION values (3422, '.', 7907, 681448.87, 4760620.76, 1170.06);
insert into STATION values (3423, '.', 7907, 681447.73, 4760622.13, 1170.36);
insert into STATION values (3424, '.', 7907, 681447.72, 4760622.26, 1169.44);
insert into STATION values (3425, '.', 7907, 681447.81, 4760622.13, 1169.21);
insert into STATION values (3426, '9', 7907, 681444.59, 4760616.18, 1170.79);
insert into STATION values (3427, '.', 7907, 681448.06, 4760613.45, 1170.51);
insert into STATION values (3428, '.', 7907, 681443.99, 4760617.02, 1170.93);
insert into STATION values (3429, '.', 7907, 681443.93, 4760614.60, 1167.87);
insert into STATION values (3430, '.', 7907, 681447.52, 4760615.61, 1169.34);
insert into STATION values (3431, '.', 7907, 681443.81, 4760614.65, 1167.85);
insert into STATION values (3432, '10', 7907, 681441.19, 4760613.79, 1168.88);
insert into STATION values (3433, '.', 7907, 681444.44, 4760611.89, 1169.38);
insert into STATION values (3434, '.', 7907, 681440.32, 4760615.24, 1169.63);
insert into STATION values (3435, '.', 7907, 681441.22, 4760613.79, 1169.50);
insert into STATION values (3436, '.', 7907, 681441.69, 4760613.50, 1167.42);
insert into STATION values (3437, '11', 7907, 681440.69, 4760609.36, 1170.55);
insert into STATION values (3438, '.', 7907, 681438.46, 4760613.99, 1169.11);
insert into STATION values (3439, '.', 7907, 681441.52, 4760607.49, 1172.32);
insert into STATION values (3440, '.', 7907, 681440.01, 4760610.53, 1168.66);
insert into STATION values (3441, '12', 7907, 681445.03, 4760608.83, 1172.00);
insert into STATION values (3442, '.', 7907, 681444.60, 4760610.20, 1172.15);
insert into STATION values (3443, '.', 7907, 681442.97, 4760610.74, 1187.93);
insert into STATION values (3444, '.', 7907, 681445.13, 4760608.70, 1172.16);
insert into STATION values (3445, '.', 7907, 681445.05, 4760609.12, 1170.68);
insert into STATION values (3446, '13', 7907, 681447.10, 4760611.24, 1175.03);
insert into STATION values (3447, '.', 7907, 681445.68, 4760611.43, 1175.40);
insert into STATION values (3448, '.', 7907, 681446.58, 4760610.78, 1177.07);
insert into STATION values (3449, '.', 7907, 681447.72, 4760610.89, 1175.18);
insert into STATION values (3450, '.', 7907, 681447.02, 4760611.64, 1174.30);
insert into STATION values (3451, '14', 7907, 681446.35, 4760613.80, 1178.21);
insert into STATION values (3452, '.', 7907, 681452.97, 4760622.57, 1181.61);
insert into STATION values (3453, '.', 7907, 681442.59, 4760609.45, 1178.28);
insert into STATION values (3454, '.', 7907, 681447.20, 4760614.59, 1186.61);
insert into STATION values (3455, '.', 7907, 681447.85, 4760612.68, 1175.13);
insert into STATION values (3456, '15', 7907, 681449.70, 4760612.07, 1178.45);
insert into STATION values (3457, '.', 7907, 681451.76, 4760610.92, 1178.55);
insert into STATION values (3458, '.', 7907, 681453.04, 4760610.24, 1178.69);
insert into STATION values (3459, '.', 7907, 681450.20, 4760611.36, 1178.49);
insert into STATION values (3460, '.', 7907, 681446.81, 4760615.59, 1179.10);
insert into STATION values (3461, '.', 7907, 681448.67, 4760612.83, 1182.98);
insert into STATION values (3462, '.', 7907, 681445.68, 4760622.86, 1195.14);
insert into STATION values (3463, '.', 7907, 681449.54, 4760611.94, 1177.97);
insert into STATION values (3464, '16', 7907, 681435.48, 4760605.89, 1182.55);
insert into STATION values (3465, '.', 7907, 681434.76, 4760604.20, 1182.21);
insert into STATION values (3466, '.', 7907, 681435.09, 4760607.58, 1182.49);
insert into STATION values (3467, '.', 7907, 681433.80, 4760608.29, 1191.03);
insert into STATION values (3468, '.', 7907, 681434.23, 4760606.02, 1180.48);
insert into STATION values (3469, '17', 7907, 681425.85, 4760601.76, 1181.41);
insert into STATION values (3470, '.', 7907, 681426.26, 4760600.21, 1181.34);
insert into STATION values (3471, '.', 7907, 681428.06, 4760609.71, 1183.95);
insert into STATION values (3472, '.', 7907, 681426.34, 4760602.75, 1189.25);
insert into STATION values (3473, '.', 7907, 681425.72, 4760601.66, 1180.31);
insert into STATION values (3474, '18', 7907, 681426.05, 4760600.24, 1181.48);
insert into STATION values (3475, '.', 7907, 681427.10, 4760609.07, 1183.12);
insert into STATION values (3476, '.', 7907, 681426.45, 4760600.63, 1185.10);
insert into STATION values (3477, '.', 7907, 681425.28, 4760600.93, 1180.04);
insert into STATION values (3478, '.', 7907, 681420.90, 4760605.92, 1192.12);
insert into STATION values (3479, '.', 7907, 681403.68, 4760596.83, 1177.70);
insert into STATION values (3480, '19', 7907, 681395.84, 4760600.42, 1175.56);
insert into STATION values (3481, '.', 7907, 681395.03, 4760599.07, 1175.59);
insert into STATION values (3482, '.', 7907, 681396.18, 4760601.71, 1176.09);
insert into STATION values (3483, '.', 7907, 681395.88, 4760600.70, 1178.00);
insert into STATION values (3484, '20', 7907, 681384.42, 4760601.73, 1175.36);
insert into STATION values (3485, '.', 7907, 681383.14, 4760600.50, 1175.46);
insert into STATION values (3486, '.', 7907, 681386.15, 4760603.60, 1175.76);
insert into STATION values (3487, '.', 7907, 681384.78, 4760601.82, 1183.22);
insert into STATION values (3488, '.', 7907, 681384.77, 4760601.91, 1174.19);
insert into STATION values (3489, '21', 7907, 681382.55, 4760605.63, 1174.76);
insert into STATION values (3490, '.', 7907, 681379.94, 4760603.58, 1174.81);
insert into STATION values (3491, '.', 7907, 681383.32, 4760604.70, 1176.54);
insert into STATION values (3492, '.', 7907, 681382.22, 4760606.63, 1171.64);
insert into STATION values (3493, '.', 7907, 681382.62, 4760605.71, 1174.87);
insert into STATION values (3494, '.', 7907, 681382.23, 4760605.83, 1174.86);
insert into STATION values (3495, '22', 7907, 681380.98, 4760606.53, 1172.82);
insert into STATION values (3496, '.', 7907, 681380.33, 4760606.08, 1172.92);
insert into STATION values (3497, '.', 7907, 681381.19, 4760606.97, 1172.90);
insert into STATION values (3498, '23', 7907, 681380.10, 4760606.33, 1171.10);
insert into STATION values (3499, '.', 7907, 681381.80, 4760605.20, 1171.18);
insert into STATION values (3500, '.', 7907, 681380.06, 4760606.15, 1172.67);
insert into STATION values (3501, '.', 7907, 681380.06, 4760606.21, 1170.45);
insert into STATION values (3502, '24', 7907, 681379.14, 4760604.36, 1169.37);
insert into STATION values (3503, '.', 7907, 681380.36, 4760605.87, 1169.21);
insert into STATION values (3504, '.', 7907, 681379.13, 4760604.46, 1170.73);
insert into STATION values (3505, '.', 7907, 681378.97, 4760604.70, 1168.29);
insert into STATION values (3506, '25', 7907, 681381.13, 4760609.00, 1164.81);
insert into STATION values (3507, '.', 7907, 681378.92, 4760607.18, 1165.01);
insert into STATION values (3508, '.', 7907, 681380.91, 4760608.54, 1165.77);
insert into STATION values (3509, '.', 7907, 681381.00, 4760609.02, 1163.55);
insert into STATION values (3510, '26', 7907, 681374.95, 4760606.48, 1167.14);
insert into STATION values (3511, '.', 7907, 681378.49, 4760611.25, 1167.80);
insert into STATION values (3512, '.', 7907, 681374.01, 4760608.22, 1185.94);
insert into STATION values (3513, '.', 7907, 681374.82, 4760607.50, 1166.00);
insert into STATION values (3514, '27', 7907, 681371.02, 4760610.48, 1171.33);
insert into STATION values (3515, '.', 7907, 681369.40, 4760609.03, 1171.58);
insert into STATION values (3516, '.', 7907, 681376.11, 4760613.99, 1171.52);
insert into STATION values (3517, '.', 7907, 681371.88, 4760610.95, 1187.38);
insert into STATION values (3518, '.', 7907, 681378.17, 4760610.74, 1176.37);
insert into STATION values (3519, '.', 7907, 681374.30, 4760607.00, 1173.31);
insert into STATION values (3520, '.', 7907, 681385.56, 4760607.43, 1188.49);
insert into STATION values (3521, '.', 7907, 681360.95, 4760615.71, 1186.44);
insert into STATION values (3522, '28', 7907, 681365.71, 4760614.71, 1170.96);
insert into STATION values (3523, '.', 7907, 681360.38, 4760609.47, 1171.20);
insert into STATION values (3524, '.', 7907, 681364.95, 4760614.49, 1176.81);
insert into STATION values (3525, '.', 7907, 681359.91, 4760616.39, 1169.75);
insert into STATION values (3526, '.', 7907, 681365.24, 4760614.76, 1169.40);
insert into STATION values (3527, '.', 7907, 681353.22, 4760619.21, 1174.27);
insert into STATION values (3528, '.', 7907, 681364.76, 4760615.28, 1170.83);
insert into STATION values (3529, '.', 7907, 681358.81, 4760618.31, 1171.19);
insert into STATION values (3530, '.', 7907, 681375.99, 4760607.14, 1172.68);
insert into STATION values (3531, '.', 7907, 681365.16, 4760614.59, 1175.96);
insert into STATION values (3532, '.', 7907, 681365.02, 4760614.74, 1169.57);
insert into STATION values (3533, '.', 7907, 681363.87, 4760608.51, 1180.02);
insert into STATION values (3534, '.', 7907, 681369.34, 4760606.43, 1177.42);
insert into STATION values (3535, 'PTR_B62_29', 7907, 681364.09, 4760611.26, 1171.18);
insert into STATION values (3536, '.', 7907, 681365.09, 4760616.19, 1171.31);
insert into STATION values (3537, '.', 7907, 681366.12, 4760612.33, 1187.53);
insert into STATION values (3538, '.', 7907, 681363.74, 4760611.48, 1169.75);
insert into STATION values (3539, '.', 7907, 681360.98, 4760607.80, 1168.44);
insert into STATION values (3540, '.', 7907, 681363.78, 4760610.92, 1170.91);
insert into STATION values (3541, '30', 7907, 681360.44, 4760607.79, 1168.29);
insert into STATION values (3542, 'PTR_A84_0', 7911, 682334.72, 4760649.98, 1295.39);
insert into STATION values (3543, '.', 7911, 682336.93, 4760648.34, 1295.32);
insert into STATION values (3544, '.', 7911, 682335.02, 4760649.48, 1298.31);
insert into STATION values (3545, '.', 7911, 682331.61, 4760652.76, 1296.23);
insert into STATION values (3546, '.', 7911, 682334.65, 4760649.89, 1293.47);
insert into STATION values (3547, '.', 7911, 682344.93, 4760655.24, 1304.82);
insert into STATION values (3548, '.', 7911, 682339.38, 4760654.72, 1301.80);
insert into STATION values (3549, '.', 7911, 682337.06, 4760655.00, 1305.70);
insert into STATION values (3550, '.', 7911, 682333.58, 4760652.65, 1302.13);
insert into STATION values (3551, '.', 7911, 682336.30, 4760655.65, 1298.26);
insert into STATION values (3552, '.', 7911, 682334.47, 4760653.26, 1296.32);
insert into STATION values (3553, '.', 7911, 682333.28, 4760645.55, 1294.99);
insert into STATION values (3554, '.', 7911, 682314.61, 4760635.50, 1294.22);
insert into STATION values (3555, '.', 7911, 682318.02, 4760647.41, 1296.25);
insert into STATION values (3556, '.', 7911, 682310.82, 4760639.81, 1299.32);
insert into STATION values (3557, '1', 7911, 682327.99, 4760643.31, 1288.92);
insert into STATION values (3558, '.', 7911, 682332.67, 4760642.09, 1289.48);
insert into STATION values (3559, '.', 7911, 682311.79, 4760642.95, 1291.26);
insert into STATION values (3560, '.', 7911, 682326.58, 4760642.69, 1303.83);
insert into STATION values (3561, '.', 7911, 682328.21, 4760643.24, 1288.59);
insert into STATION values (3562, '.', 7911, 682311.34, 4760642.50, 1291.12);
insert into STATION values (3563, '.', 7911, 682326.39, 4760645.36, 1289.83);
insert into STATION values (3564, '.', 7911, 682326.41, 4760646.98, 1293.21);
insert into STATION values (3565, '.', 7911, 682332.65, 4760643.13, 1289.92);
insert into STATION values (3566, '.', 7911, 682334.33, 4760647.58, 1295.88);
insert into STATION values (3567, '.', 7911, 682338.47, 4760654.41, 1301.60);
insert into STATION values (3568, '.', 7911, 682326.02, 4760632.94, 1297.08);
insert into STATION values (3569, '2', 7911, 682332.78, 4760633.47, 1286.46);
insert into STATION values (3570, '.', 7911, 682334.08, 4760637.11, 1286.09);
insert into STATION values (3571, '.', 7911, 682332.76, 4760633.26, 1285.54);
insert into STATION values (3572, '.', 7911, 682332.82, 4760633.56, 1286.75);
insert into STATION values (3573, '.', 7911, 682332.62, 4760633.21, 1286.56);
insert into STATION values (3574, '.', 7911, 682332.48, 4760635.87, 1290.14);
insert into STATION values (3575, '.', 7911, 682335.81, 4760637.35, 1283.55);
insert into STATION values (3576, '.', 7911, 682343.28, 4760632.08, 1286.24);
insert into STATION values (3577, '.', 7911, 682337.00, 4760629.50, 1287.98);
insert into STATION values (3578, '.', 7911, 682355.49, 4760642.36, 1286.37);
insert into STATION values (3579, '.', 7911, 682341.74, 4760638.46, 1286.57);
insert into STATION values (3580, '.', 7911, 682338.73, 4760634.96, 1282.47);
insert into STATION values (3581, '.', 7911, 682335.84, 4760634.57, 1282.49);
insert into STATION values (3582, '3', 7911, 682352.57, 4760642.43, 1286.04);
insert into STATION values (3583, '.', 7911, 682351.82, 4760646.81, 1286.85);
insert into STATION values (3584, '.', 7911, 682351.38, 4760636.39, 1285.98);
insert into STATION values (3585, '.', 7911, 682351.58, 4760642.85, 1301.02);
insert into STATION values (3586, '.', 7911, 682351.99, 4760641.33, 1283.38);
insert into STATION values (3587, '.', 7911, 682348.38, 4760643.08, 1285.77);
insert into STATION values (3588, '.', 7911, 682347.30, 4760641.02, 1285.99);
insert into STATION values (3589, '.', 7911, 682346.33, 4760633.92, 1285.34);
insert into STATION values (3590, '.', 7911, 682353.60, 4760649.24, 1288.96);
insert into STATION values (3591, '.', 7911, 682359.89, 4760648.92, 1285.15);
insert into STATION values (3592, '.', 7911, 682355.89, 4760648.85, 1284.35);
insert into STATION values (3593, '.', 7911, 682357.06, 4760645.54, 1283.52);
insert into STATION values (3594, '.', 7911, 682359.52, 4760631.33, 1299.80);
insert into STATION values (3595, '.', 7911, 682353.61, 4760635.57, 1301.07);
insert into STATION values (3596, '4', 7911, 682359.82, 4760649.11, 1286.13);
insert into STATION values (3597, '.', 7911, 682359.81, 4760649.28, 1289.63);
insert into STATION values (3598, '.', 7911, 682360.35, 4760645.66, 1286.97);
insert into STATION values (3599, '.', 7911, 682360.26, 4760648.73, 1283.61);
insert into STATION values (3600, '.', 7911, 682359.55, 4760649.69, 1286.38);
insert into STATION values (3601, '.', 7911, 682360.58, 4760652.48, 1291.00);
insert into STATION values (3602, '.', 7911, 682353.96, 4760649.47, 1291.38);
insert into STATION values (3603, '.', 7911, 682363.49, 4760639.88, 1288.48);
insert into STATION values (3604, '5', 7911, 682365.86, 4760651.61, 1286.77);
insert into STATION values (3605, '6', 7911, 682365.54, 4760638.60, 1288.41);
insert into STATION values (3606, '.', 7911, 682367.54, 4760638.98, 1288.88);
insert into STATION values (3607, '.', 7911, 682365.45, 4760638.64, 1288.94);
insert into STATION values (3608, '.', 7911, 682365.37, 4760638.49, 1288.49);
insert into STATION values (3609, '.', 7911, 682365.68, 4760638.41, 1288.09);
insert into STATION values (3610, '.', 7911, 682368.21, 4760629.33, 1291.07);
insert into STATION values (3611, '.', 7911, 682366.34, 4760632.64, 1291.59);
insert into STATION values (3612, '.', 7911, 682369.57, 4760637.91, 1287.07);
insert into STATION values (3613, '.', 7911, 682367.83, 4760640.11, 1287.45);
insert into STATION values (3614, '.', 7911, 682365.82, 4760639.11, 1288.32);
insert into STATION values (3615, '.', 7911, 682367.79, 4760639.82, 1286.62);
insert into STATION values (3616, '7', 7911, 682370.35, 4760633.54, 1284.81);
insert into STATION values (3617, '.', 7911, 682372.79, 4760635.01, 1285.10);
insert into STATION values (3618, '.', 7911, 682369.11, 4760632.64, 1285.00);
insert into STATION values (3619, '.', 7911, 682370.39, 4760633.37, 1285.64);
insert into STATION values (3620, '.', 7911, 682370.93, 4760633.62, 1283.99);
insert into STATION values (3621, '.', 7911, 682378.26, 4760631.65, 1285.12);
insert into STATION values (3622, '.', 7911, 682371.07, 4760636.03, 1284.83);
insert into STATION values (3623, '.', 7911, 682367.42, 4760634.60, 1286.02);
insert into STATION values (3624, '.', 7911, 682369.88, 4760633.03, 1285.44);
insert into STATION values (3625, '8', 7911, 682382.50, 4760628.99, 1285.42);
insert into STATION values (3626, '.', 7911, 682382.93, 4760631.37, 1285.28);
insert into STATION values (3627, '.', 7911, 682382.80, 4760628.98, 1284.34);
insert into STATION values (3628, '.', 7911, 682383.61, 4760630.86, 1288.10);
insert into STATION values (3629, '.', 7911, 682386.19, 4760629.48, 1286.37);
insert into STATION values (3630, '.', 7911, 682392.74, 4760632.33, 1287.85);
insert into STATION values (3631, '9', 7911, 682390.66, 4760628.78, 1288.66);
insert into STATION values (3632, '.', 7911, 682392.07, 4760632.14, 1289.21);
insert into STATION values (3633, '.', 7911, 682388.78, 4760623.18, 1291.26);
insert into STATION values (3634, '.', 7911, 682390.96, 4760628.83, 1292.47);
insert into STATION values (3635, '.', 7911, 682390.90, 4760628.81, 1287.89);
insert into STATION values (3636, '.', 7911, 682382.31, 4760630.64, 1287.58);
insert into STATION values (3637, '.', 7911, 682386.65, 4760631.93, 1287.13);
insert into STATION values (3638, '.', 7911, 682386.20, 4760627.77, 1287.62);
insert into STATION values (3639, '.', 7911, 682389.01, 4760626.50, 1288.86);
insert into STATION values (3640, '.', 7911, 682407.44, 4760632.46, 1289.80);
insert into STATION values (3641, '.', 7911, 682399.08, 4760629.28, 1285.75);
insert into STATION values (3642, '.', 7911, 682394.91, 4760634.56, 1285.14);
insert into STATION values (3643, '.', 7911, 682390.78, 4760634.29, 1284.28);
insert into STATION values (3644, '10', 7911, 682416.65, 4760607.79, 1306.42);
insert into STATION values (3645, '.', 7911, 682416.57, 4760607.29, 1306.60);
insert into STATION values (3646, '.', 7911, 682418.02, 4760612.53, 1307.05);
insert into STATION values (3647, '.', 7911, 682417.11, 4760607.63, 1310.86);
insert into STATION values (3648, '.', 7911, 682416.85, 4760608.19, 1306.00);
insert into STATION values (3649, '.', 7911, 682424.60, 4760609.28, 1312.06);
insert into STATION values (3650, '.', 7911, 682414.58, 4760611.50, 1309.94);
insert into STATION values (3651, '.', 7911, 682411.88, 4760614.19, 1306.64);
insert into STATION values (3652, '.', 7911, 682410.14, 4760616.44, 1301.94);
insert into STATION values (3653, '.', 7911, 682416.33, 4760607.70, 1306.50);
insert into STATION values (3654, '.', 7911, 682402.62, 4760610.17, 1307.64);
insert into STATION values (3655, '.', 7911, 682419.59, 4760603.67, 1310.85);
insert into STATION values (3656, '11', 7911, 682422.66, 4760607.56, 1309.12);
insert into STATION values (3657, '.', 7911, 682423.47, 4760610.78, 1309.09);
insert into STATION values (3658, '.', 7911, 682420.75, 4760602.55, 1309.93);
insert into STATION values (3659, '.', 7911, 682422.42, 4760607.69, 1312.07);
insert into STATION values (3660, '.', 7911, 682422.66, 4760607.51, 1308.88);
insert into STATION values (3661, '.', 7911, 682403.43, 4760607.17, 1304.68);
insert into STATION values (3662, '.', 7911, 682410.17, 4760616.38, 1303.80);
insert into STATION values (3663, '.', 7911, 682407.18, 4760612.90, 1307.66);
insert into STATION values (3664, '.', 7911, 682431.54, 4760602.91, 1312.05);
insert into STATION values (3665, '.', 7911, 682426.93, 4760610.22, 1309.27);
insert into STATION values (3666, '.', 7911, 682426.85, 4760608.30, 1308.71);
insert into STATION values (3667, '12', 7911, 682426.37, 4760607.02, 1309.43);
insert into STATION values (3668, '.', 7911, 682427.28, 4760609.62, 1309.20);
insert into STATION values (3669, '.', 7911, 682425.58, 4760603.99, 1310.44);
insert into STATION values (3670, '.', 7911, 682426.62, 4760607.20, 1311.96);
insert into STATION values (3671, '.', 7911, 682426.69, 4760607.05, 1308.74);
insert into STATION values (3672, '.', 7911, 682428.81, 4760608.34, 1307.70);
insert into STATION values (3673, '.', 7911, 682429.91, 4760608.92, 1306.90);
insert into STATION values (3674, '.', 7911, 682429.92, 4760608.92, 1306.92);
insert into STATION values (3675, '.', 7911, 682426.50, 4760607.36, 1309.48);
insert into STATION values (3676, '.', 7911, 682425.93, 4760604.33, 1309.73);
insert into STATION values (3677, '.', 7911, 682426.48, 4760606.21, 1313.05);
insert into STATION values (3678, '.', 7911, 682426.99, 4760606.56, 1307.78);
insert into STATION values (3679, '13', 7911, 682435.52, 4760606.22, 1304.55);
insert into STATION values (3680, '.', 7911, 682435.41, 4760605.60, 1304.64);
insert into STATION values (3681, '.', 7911, 682435.50, 4760606.53, 1304.68);
insert into STATION values (3682, '.', 7911, 682434.30, 4760604.39, 1312.22);
insert into STATION values (3683, '.', 7911, 682435.54, 4760606.39, 1304.23);
insert into STATION values (3684, '.', 7911, 682435.79, 4760604.67, 1305.84);
insert into STATION values (3685, '14', 7911, 682444.58, 4760606.73, 1300.49);
insert into STATION values (3686, '.', 7911, 682444.66, 4760608.40, 1300.50);
insert into STATION values (3687, '.', 7911, 682444.53, 4760606.40, 1300.55);
insert into STATION values (3688, '.', 7911, 682445.77, 4760604.23, 1308.36);
insert into STATION values (3689, '.', 7911, 682445.21, 4760608.02, 1299.56);
insert into STATION values (3690, '15', 7911, 682451.52, 4760606.47, 1301.83);
insert into STATION values (3691, '.', 7911, 682465.35, 4760605.88, 1304.49);
insert into STATION values (3692, '.', 7911, 682451.56, 4760607.38, 1301.78);
insert into STATION values (3693, '.', 7911, 682451.05, 4760604.36, 1303.06);
insert into STATION values (3694, '.', 7911, 682452.50, 4760602.75, 1311.45);
insert into STATION values (3695, '.', 7911, 682452.17, 4760607.56, 1299.79);
insert into STATION values (3696, '.', 7911, 682472.24, 4760605.04, 1300.08);
insert into STATION values (3697, '.', 7911, 682472.39, 4760603.22, 1303.56);
insert into STATION values (3698, '.', 7911, 682463.01, 4760605.70, 1301.02);
insert into STATION values (3699, '.', 7911, 682463.11, 4760605.67, 1301.03);
insert into STATION values (3700, '.', 7911, 682455.58, 4760606.18, 1301.52);
insert into STATION values (3701, 'PTR_Amont_01_16', 7911, 682464.02, 4760606.44, 1300.91);
insert into STATION values (3702, '.', 7911, 682462.15, 4760602.65, 1301.81);
insert into STATION values (3703, '.', 7911, 682464.73, 4760607.27, 1301.27);
insert into STATION values (3704, '.', 7911, 682463.29, 4760606.14, 1299.19);
insert into STATION values (3705, '.', 7911, 682463.45, 4760605.33, 1306.33);
insert into STATION values (3706, '17', 7911, 682392.80, 4760611.32, 1302.82);
insert into STATION values (3707, '.', 7911, 682390.53, 4760619.74, 1302.19);
insert into STATION values (3708, '.', 7911, 682393.97, 4760608.60, 1303.32);
insert into STATION values (3709, '.', 7911, 682392.87, 4760611.29, 1303.65);
insert into STATION values (3710, '.', 7911, 682393.19, 4760610.95, 1301.61);
insert into STATION values (3711, '.', 7911, 682411.21, 4760615.70, 1305.14);
insert into STATION values (3712, '.', 7911, 682404.62, 4760617.68, 1305.01);
insert into STATION values (3713, '.', 7911, 682397.46, 4760617.90, 1304.20);
insert into STATION values (3714, '.', 7911, 682395.31, 4760618.17, 1304.06);
insert into STATION values (3715, '.', 7911, 682392.76, 4760611.49, 1302.83);
insert into STATION values (3716, '.', 7911, 682389.50, 4760619.76, 1303.28);
insert into STATION values (3717, '.', 7911, 682389.31, 4760616.27, 1301.15);
insert into STATION values (3718, '.', 7911, 682389.92, 4760612.51, 1303.02);
insert into STATION values (3719, '.', 7911, 682386.40, 4760610.07, 1302.49);
insert into STATION values (3720, '.', 7911, 682390.20, 4760609.29, 1302.72);
insert into STATION values (3721, '.', 7911, 682392.70, 4760609.00, 1302.97);
insert into STATION values (3722, '.', 7911, 682407.56, 4760603.59, 1308.92);
insert into STATION values (3723, '18', 7911, 682375.23, 4760612.38, 1302.42);
insert into STATION values (3724, '.', 7911, 682374.38, 4760611.65, 1302.55);
insert into STATION values (3725, '.', 7911, 682377.32, 4760616.60, 1302.41);
insert into STATION values (3726, '.', 7911, 682375.11, 4760612.48, 1303.48);
insert into STATION values (3727, '.', 7911, 682370.83, 4760614.33, 1302.69);
insert into STATION values (3728, '.', 7911, 682368.72, 4760617.14, 1302.04);
insert into STATION values (3729, '.', 7911, 682367.69, 4760620.23, 1301.85);
insert into STATION values (3730, '.', 7911, 682372.48, 4760619.85, 1302.03);
insert into STATION values (3731, '.', 7911, 682375.64, 4760619.14, 1302.31);
insert into STATION values (3732, '19', 7911, 682364.08, 4760620.03, 1298.02);
insert into STATION values (3733, '.', 7911, 682362.76, 4760620.18, 1298.74);
insert into STATION values (3734, '.', 7911, 682370.40, 4760621.92, 1300.28);
insert into STATION values (3735, '.', 7911, 682364.17, 4760619.81, 1300.37);
insert into STATION values (3736, '.', 7911, 682364.48, 4760620.94, 1295.87);
insert into STATION values (3737, '.', 7911, 682366.79, 4760626.18, 1297.62);
insert into STATION values (3738, '.', 7911, 682368.82, 4760624.09, 1299.03);
insert into STATION values (3739, '.', 7911, 682370.18, 4760622.04, 1300.06);
insert into STATION values (3740, '.', 7911, 682371.21, 4760619.31, 1301.06);
insert into STATION values (3741, '.', 7911, 682363.71, 4760616.11, 1298.42);
insert into STATION values (3742, '.', 7911, 682362.59, 4760613.29, 1297.04);
insert into STATION values (3743, '.', 7911, 682365.96, 4760615.55, 1298.27);
insert into STATION values (3744, '20', 7911, 682362.01, 4760633.16, 1297.77);
insert into STATION values (3745, '21', 7911, 682413.52, 4760612.50, 1301.55);
insert into STATION values (3746, '.', 7911, 682412.49, 4760612.07, 1301.35);
insert into STATION values (3747, '.', 7911, 682412.48, 4760612.60, 1309.92);
insert into STATION values (3748, '.', 7911, 682413.29, 4760612.61, 1300.78);
insert into STATION values (3749, '.', 7911, 682413.65, 4760612.53, 1301.53);
insert into STATION values (3750, '90', 7911, 682412.80, 4760611.24, 1298.87);
insert into STATION values (3751, '.', 7911, 682413.19, 4760611.71, 1298.94);
insert into STATION values (3752, '.', 7911, 682412.59, 4760610.55, 1298.76);
insert into STATION values (3753, '.', 7911, 682412.92, 4760611.40, 1300.26);
insert into STATION values (3754, '91', 7911, 682414.41, 4760609.19, 1297.38);
insert into STATION values (3755, '.', 7911, 682415.09, 4760608.90, 1297.46);
insert into STATION values (3756, '.', 7911, 682412.93, 4760609.03, 1297.97);
insert into STATION values (3757, '.', 7911, 682414.36, 4760609.00, 1299.04);
insert into STATION values (3758, '.', 7911, 682414.37, 4760608.74, 1296.50);
insert into STATION values (3759, '92', 7911, 682414.29, 4760606.59, 1296.96);
insert into STATION values (3760, '.', 7911, 682414.92, 4760607.46, 1297.16);
insert into STATION values (3761, '.', 7911, 682414.49, 4760606.58, 1298.67);
insert into STATION values (3762, '.', 7911, 682414.56, 4760606.71, 1295.85);
insert into STATION values (3763, '93', 7911, 682418.85, 4760605.05, 1296.66);
insert into STATION values (3764, '.', 7911, 682418.64, 4760604.39, 1296.72);
insert into STATION values (3765, '.', 7911, 682418.91, 4760605.19, 1296.72);
insert into STATION values (3766, '.', 7911, 682419.11, 4760605.06, 1297.70);
insert into STATION values (3767, '.', 7911, 682418.95, 4760602.67, 1299.13);
insert into STATION values (3768, '.', 7911, 682419.07, 4760604.72, 1296.03);
insert into STATION values (3769, '94', 7911, 682422.93, 4760603.33, 1297.37);
insert into STATION values (3770, '.', 7911, 682422.95, 4760604.07, 1297.51);
insert into STATION values (3771, '.', 7911, 682422.97, 4760602.80, 1297.53);
insert into STATION values (3772, '.', 7911, 682423.21, 4760603.73, 1296.41);
insert into STATION values (3773, '.', 7911, 682422.92, 4760603.59, 1298.22);
insert into STATION values (3774, '95', 7911, 682424.47, 4760603.73, 1298.20);
insert into STATION values (3775, '.', 7911, 682423.51, 4760604.38, 1298.43);
insert into STATION values (3776, '.', 7911, 682423.98, 4760603.74, 1299.38);
insert into STATION values (3777, '.', 7911, 682424.51, 4760603.86, 1297.41);
insert into STATION values (3778, '.', 7911, 682425.28, 4760605.82, 1298.13);
insert into STATION values (3779, '.', 7911, 682425.13, 4760605.89, 1299.87);
insert into STATION values (3780, '96', 7911, 682423.76, 4760602.86, 1298.62);
insert into STATION values (3781, '.', 7911, 682424.71, 4760603.35, 1298.72);
insert into STATION values (3782, '.', 7911, 682424.91, 4760603.16, 1298.21);
insert into STATION values (3783, '.', 7911, 682423.91, 4760604.17, 1298.26);
insert into STATION values (3784, '.', 7911, 682424.26, 4760603.71, 1300.61);
insert into STATION values (3785, '.', 7911, 682424.49, 4760603.86, 1297.12);
insert into STATION values (3786, '97', 7911, 682421.49, 4760599.86, 1298.24);
insert into STATION values (3787, '.', 7911, 682424.21, 4760601.37, 1297.92);
insert into STATION values (3788, '.', 7911, 682420.34, 4760599.56, 1298.54);
insert into STATION values (3789, '.', 7911, 682421.76, 4760600.03, 1300.79);
insert into STATION values (3790, '.', 7911, 682421.44, 4760600.00, 1297.45);
insert into STATION values (3791, '.', 7911, 682421.45, 4760599.99, 1297.44);
insert into STATION values (3792, '98', 7911, 682425.75, 4760596.10, 1298.82);
insert into STATION values (3793, '.', 7911, 682426.64, 4760597.30, 1299.23);
insert into STATION values (3794, '.', 7911, 682425.82, 4760595.93, 1301.09);
insert into STATION values (3795, '.', 7911, 682426.19, 4760596.22, 1297.87);
insert into STATION values (3796, '99', 7911, 682430.65, 4760595.45, 1299.00);
insert into STATION values (3797, '.', 7911, 682428.22, 4760596.28, 1299.21);
insert into STATION values (3798, '.', 7911, 682425.75, 4760598.57, 1299.45);
insert into STATION values (3799, '.', 7911, 682430.36, 4760595.79, 1302.11);
insert into STATION values (3800, '.', 7911, 682431.05, 4760595.33, 1297.13);
insert into STATION values (3801, '100', 7911, 682424.68, 4760591.55, 1299.49);
insert into STATION values (3802, '.', 7911, 682425.14, 4760590.38, 1299.44);
insert into STATION values (3803, '.', 7911, 682424.22, 4760592.42, 1300.02);
insert into STATION values (3804, '.', 7911, 682424.54, 4760591.15, 1301.25);
insert into STATION values (3805, '.', 7911, 682424.67, 4760591.32, 1298.62);
insert into STATION values (3806, '101', 7911, 682418.66, 4760588.06, 1300.28);
insert into STATION values (3807, '.', 7911, 682419.09, 4760586.98, 1300.38);
insert into STATION values (3808, '.', 7911, 682418.59, 4760588.02, 1301.54);
insert into STATION values (3809, '.', 7911, 682418.53, 4760587.86, 1299.28);
insert into STATION values (3810, '102', 7911, 682412.36, 4760581.64, 1300.12);
insert into STATION values (3811, '.', 7911, 682413.33, 4760580.70, 1300.24);
insert into STATION values (3812, '.', 7911, 682412.63, 4760581.13, 1301.13);
insert into STATION values (3813, '.', 7911, 682412.34, 4760581.56, 1299.89);
insert into STATION values (3814, '103', 7911, 682407.08, 4760576.98, 1300.70);
insert into STATION values (3815, '.', 7911, 682406.14, 4760578.33, 1300.43);
insert into STATION values (3816, '.', 7911, 682406.19, 4760578.21, 1309.59);
insert into STATION values (3817, '.', 7911, 682407.43, 4760577.33, 1299.31);
insert into STATION values (3818, '104', 7911, 682403.23, 4760570.78, 1299.40);
insert into STATION values (3819, '.', 7911, 682403.49, 4760570.12, 1299.49);
insert into STATION values (3820, '.', 7911, 682402.78, 4760571.61, 1299.30);
insert into STATION values (3821, '.', 7911, 682403.23, 4760570.65, 1298.47);
insert into STATION values (3822, '.', 7911, 682402.96, 4760571.41, 1307.26);
insert into STATION values (3823, '.', 7911, 682403.00, 4760571.83, 1306.52);
insert into STATION values (3824, '.', 7911, 682402.77, 4760570.55, 1299.54);
insert into STATION values (3825, '.', 7911, 682402.80, 4760570.56, 1299.53);
insert into STATION values (3826, '105', 7911, 682401.63, 4760569.97, 1299.88);
insert into STATION values (3827, '.', 7911, 682400.33, 4760569.49, 1300.25);
insert into STATION values (3828, '.', 7911, 682401.44, 4760570.59, 1299.88);
insert into STATION values (3829, '.', 7911, 682400.86, 4760570.27, 1301.86);
insert into STATION values (3830, '.', 7911, 682400.72, 4760569.23, 1298.34);
insert into STATION values (3831, '106', 7911, 682399.11, 4760569.85, 1300.95);
insert into STATION values (3832, '.', 7911, 682399.17, 4760569.37, 1300.84);
insert into STATION values (3833, '.', 7911, 682399.18, 4760569.78, 1301.22);
insert into STATION values (3834, '107', 7911, 682398.50, 4760569.34, 1298.38);
insert into STATION values (3835, '.', 7911, 682398.83, 4760568.62, 1298.51);
insert into STATION values (3836, '.', 7911, 682398.20, 4760569.69, 1298.43);
insert into STATION values (3837, '.', 7911, 682398.27, 4760569.46, 1297.76);
insert into STATION values (3838, '.', 7911, 682398.52, 4760569.50, 1300.65);
insert into STATION values (3839, '108', 7911, 682397.50, 4760566.74, 1298.72);
insert into STATION values (3840, '.', 7911, 682396.91, 4760567.78, 1298.72);
insert into STATION values (3841, '.', 7911, 682396.75, 4760567.40, 1301.67);
insert into STATION values (3842, '.', 7911, 682397.26, 4760566.71, 1298.21);
insert into STATION values (3843, '109', 7911, 682392.10, 4760566.16, 1300.08);
insert into STATION values (3844, '.', 7911, 682391.84, 4760565.46, 1300.10);
insert into STATION values (3845, '.', 7911, 682392.40, 4760568.03, 1300.19);
insert into STATION values (3846, '.', 7911, 682392.59, 4760567.18, 1298.25);
insert into STATION values (3847, '.', 7911, 682392.01, 4760566.58, 1302.22);
insert into STATION values (3848, '110', 7911, 682389.43, 4760565.46, 1299.31);
insert into STATION values (3849, '.', 7911, 682390.83, 4760564.92, 1299.52);
insert into STATION values (3850, '.', 7911, 682390.00, 4760565.37, 1301.93);
insert into STATION values (3851, '.', 7911, 682408.21, 4760576.60, 1318.15);
insert into STATION values (3852, '.', 7911, 682389.34, 4760565.20, 1297.86);
insert into STATION values (3853, '111', 7911, 682386.11, 4760558.81, 1299.05);
insert into STATION values (3854, '.', 7911, 682385.19, 4760559.80, 1299.06);
insert into STATION values (3855, '.', 7911, 682386.42, 4760559.43, 1303.04);
insert into STATION values (3856, '.', 7911, 682386.09, 4760558.77, 1297.79);
insert into STATION values (3857, '.', 7911, 682385.61, 4760558.56, 1299.08);
insert into STATION values (3858, '.', 7911, 682383.92, 4760557.73, 1299.18);
insert into STATION values (3859, '.', 7911, 682383.92, 4760557.72, 1299.17);
insert into STATION values (3860, '.', 7911, 682386.61, 4760558.27, 1299.09);
insert into STATION values (3861, '.', 7911, 682386.52, 4760558.93, 1302.11);
insert into STATION values (3862, '.', 7911, 682386.37, 4760558.50, 1297.76);
insert into STATION values (3863, '112', 7911, 682386.31, 4760557.95, 1298.97);
insert into STATION values (3864, '.', 7911, 682385.92, 4760558.16, 1298.95);
insert into STATION values (3865, '.', 7911, 682386.41, 4760558.54, 1301.70);
insert into STATION values (3866, '.', 7911, 682385.75, 4760557.90, 1297.89);
insert into STATION values (3867, '113', 7911, 682383.83, 4760555.40, 1299.28);
insert into STATION values (3868, '.', 7911, 682384.33, 4760554.81, 1299.27);
insert into STATION values (3869, '.', 7911, 682384.17, 4760555.14, 1301.73);
insert into STATION values (3870, '.', 7911, 682383.64, 4760554.87, 1297.93);
insert into STATION values (3871, '114', 7911, 682382.29, 4760552.80, 1299.41);
insert into STATION values (3872, '.', 7911, 682381.90, 4760553.06, 1299.46);
insert into STATION values (3873, '.', 7911, 682382.62, 4760553.22, 1303.30);
insert into STATION values (3874, '.', 7911, 682382.04, 4760552.41, 1298.04);
insert into STATION values (3875, '115', 7911, 682379.50, 4760549.69, 1299.76);
insert into STATION values (3876, '.', 7911, 682379.91, 4760549.23, 1299.74);
insert into STATION values (3877, '.', 7911, 682379.89, 4760549.68, 1302.99);
insert into STATION values (3878, '.', 7911, 682379.04, 4760549.45, 1298.32);
insert into STATION values (3879, '116', 7911, 682374.35, 4760545.02, 1299.23);
insert into STATION values (3880, '.', 7911, 682374.88, 4760544.30, 1299.15);
insert into STATION values (3881, '.', 7911, 682374.70, 4760544.36, 1302.30);
insert into STATION values (3882, '.', 7911, 682374.22, 4760544.62, 1298.26);
insert into STATION values (3883, '117', 7911, 682372.54, 4760542.70, 1298.66);
insert into STATION values (3884, '.', 7911, 682372.02, 4760543.12, 1298.72);
insert into STATION values (3885, '.', 7911, 682372.18, 4760542.99, 1301.16);
insert into STATION values (3886, '.', 7911, 682372.16, 4760542.92, 1298.29);
insert into STATION values (3887, '118', 7911, 682368.81, 4760538.27, 1299.71);
insert into STATION values (3888, '.', 7911, 682369.09, 4760538.02, 1299.66);
insert into STATION values (3889, '.', 7911, 682368.99, 4760538.35, 1304.59);
insert into STATION values (3890, '.', 7911, 682368.68, 4760537.96, 1298.36);
insert into STATION values (3891, '119', 7911, 682366.69, 4760533.51, 1299.28);
insert into STATION values (3892, '.', 7911, 682366.07, 4760533.91, 1299.24);
insert into STATION values (3893, '.', 7911, 682366.04, 4760533.23, 1302.11);
insert into STATION values (3894, '.', 7911, 682366.98, 4760533.38, 1299.41);
insert into STATION values (3895, '.', 7911, 682366.40, 4760533.55, 1298.47);
insert into STATION values (3896, '120', 7911, 682362.70, 4760529.99, 1299.52);
insert into STATION values (3897, '.', 7911, 682363.08, 4760529.38, 1299.48);
insert into STATION values (3898, '.', 7911, 682362.80, 4760530.20, 1305.79);
insert into STATION values (3899, '.', 7911, 682362.83, 4760529.89, 1298.56);
insert into STATION values (3900, '121', 7911, 682360.22, 4760528.20, 1299.71);
insert into STATION values (3901, '.', 7911, 682360.01, 4760528.63, 1299.68);
insert into STATION values (3902, '.', 7911, 682360.36, 4760528.47, 1301.25);
insert into STATION values (3903, '.', 7911, 682359.83, 4760528.28, 1298.58);
insert into STATION values (3904, '122', 7911, 682356.50, 4760529.00, 1299.89);
insert into STATION values (3905, '.', 7911, 682356.55, 4760529.71, 1299.79);
insert into STATION values (3906, '.', 7911, 682357.19, 4760529.03, 1304.03);
insert into STATION values (3907, '.', 7911, 682356.36, 4760528.77, 1298.77);
insert into STATION values (3908, '123', 7911, 682352.06, 4760529.16, 1299.69);
insert into STATION values (3909, '.', 7911, 682351.44, 4760529.97, 1299.63);
insert into STATION values (3910, '.', 7911, 682352.01, 4760529.42, 1306.08);
insert into STATION values (3911, '.', 7911, 682352.25, 4760529.14, 1298.72);
insert into STATION values (3912, '.', 7911, 682352.43, 4760527.76, 1312.55);
insert into STATION values (3913, '.', 7911, 682354.53, 4760528.62, 1301.59);
insert into STATION values (3914, '124', 7911, 682350.21, 4760525.72, 1299.73);
insert into STATION values (3915, '.', 7911, 682349.90, 4760526.09, 1299.84);
insert into STATION values (3916, '.', 7911, 682351.21, 4760525.06, 1300.01);
insert into STATION values (3917, '.', 7911, 682349.88, 4760525.38, 1302.33);
insert into STATION values (3918, '.', 7911, 682350.64, 4760524.97, 1299.82);
insert into STATION values (3919, '.', 7911, 682350.21, 4760525.78, 1298.58);
insert into STATION values (3920, '125', 7911, 682348.32, 4760524.48, 1300.37);
insert into STATION values (3921, '.', 7911, 682348.66, 4760524.09, 1300.39);
insert into STATION values (3922, '.', 7911, 682348.10, 4760523.34, 1298.33);
insert into STATION values (3923, '.', 7911, 682348.24, 4760524.40, 1301.06);
insert into STATION values (3924, '.', 7911, 682348.17, 4760524.12, 1302.86);
insert into STATION values (3925, '126', 7911, 682341.99, 4760514.49, 1300.37);
insert into STATION values (3926, '.', 7911, 682342.52, 4760514.08, 1300.47);
insert into STATION values (3927, '.', 7911, 682341.51, 4760513.62, 1306.81);
insert into STATION values (3928, '.', 7911, 682341.74, 4760514.22, 1297.86);
insert into STATION values (3929, '127', 7911, 682339.67, 4760510.15, 1300.24);
insert into STATION values (3930, '.', 7911, 682339.21, 4760510.68, 1300.31);
insert into STATION values (3931, '.', 7911, 682339.41, 4760510.32, 1300.72);
insert into STATION values (3932, '.', 7911, 682339.33, 4760510.22, 1298.30);
insert into STATION values (3933, '128', 7911, 682335.86, 4760509.82, 1300.55);
insert into STATION values (3934, '.', 7911, 682335.94, 4760509.34, 1300.59);
insert into STATION values (3935, '.', 7911, 682335.84, 4760509.32, 1303.13);
insert into STATION values (3936, '.', 7911, 682335.66, 4760509.23, 1298.34);
insert into STATION values (3937, '129', 7911, 682334.63, 4760507.35, 1300.57);
insert into STATION values (3938, '.', 7911, 682334.02, 4760507.61, 1300.49);
insert into STATION values (3939, '.', 7911, 682333.29, 4760507.63, 1302.80);
insert into STATION values (3940, '.', 7911, 682334.16, 4760507.47, 1298.35);
insert into STATION values (3941, '.', 7911, 682334.61, 4760507.33, 1300.17);
insert into STATION values (3942, '130', 7911, 682331.93, 4760506.71, 1302.25);
insert into STATION values (3943, '.', 7911, 682332.17, 4760506.25, 1302.37);
insert into STATION values (3944, '.', 7911, 682331.48, 4760506.18, 1305.16);
insert into STATION values (3945, '.', 7911, 682332.44, 4760505.67, 1299.81);
insert into STATION values (3946, '131', 7911, 682328.62, 4760503.55, 1300.74);
insert into STATION values (3947, '.', 7911, 682328.81, 4760503.00, 1300.93);
insert into STATION values (3948, '.', 7911, 682328.55, 4760503.35, 1301.84);
insert into STATION values (3949, '.', 7911, 682327.62, 4760502.92, 1299.13);
insert into STATION values (3950, '.', 7911, 682326.03, 4760502.46, 1300.78);
insert into STATION values (3951, '.', 7911, 682320.92, 4760500.29, 1300.89);
insert into STATION values (3952, '.', 7911, 682326.10, 4760502.49, 1300.77);
insert into STATION values (3953, '132', 7911, 682320.97, 4760500.28, 1300.96);
insert into STATION values (3954, '.', 7911, 682321.21, 4760499.78, 1301.00);
insert into STATION values (3955, '.', 7911, 682321.09, 4760499.90, 1306.12);
insert into STATION values (3956, '.', 7911, 682320.83, 4760500.21, 1299.67);
insert into STATION values (3957, '133', 7911, 682316.83, 4760497.22, 1300.20);
insert into STATION values (3958, '.', 7911, 682316.40, 4760497.67, 1300.28);
insert into STATION values (3959, '.', 7911, 682315.78, 4760496.78, 1305.80);
insert into STATION values (3960, '.', 7911, 682316.27, 4760497.00, 1297.48);
insert into STATION values (3961, '134', 7911, 682314.10, 4760495.16, 1300.67);
insert into STATION values (3962, '.', 7911, 682315.25, 4760495.45, 1300.53);
insert into STATION values (3963, '.', 7911, 682315.38, 4760494.62, 1304.14);
insert into STATION values (3964, '.', 7911, 682314.88, 4760495.94, 1297.48);
insert into STATION values (3965, 'PTR_GL4_135', 7911, 682315.26, 4760494.08, 1300.59);
insert into STATION values (3966, '.', 7911, 682314.78, 4760493.95, 1300.81);
insert into STATION values (3967, '.', 7911, 682315.27, 4760493.99, 1302.00);
insert into STATION values (3968, '.', 7911, 682315.20, 4760494.53, 1297.74);
insert into STATION values (3969, '.', 7911, 682306.36, 4760486.27, 1302.10);
insert into STATION values (3970, 'NL_31', 9264, 681881.00, 4760652.00, 1620.00);
insert into STATION_FLAG values(3970, 'ent');
insert into STATION_FLAG values(3970, 'fix');
insert into STATION values (3971, '-', 9264, 681881.00, 4760652.00, 1620.00);
