create table SURVEY (ID integer, PARENT_ID integer, NAME varchar(16), FULL_NAME varchar(33), TITLE varchar(13));
create table CENTRELINE (ID integer, SURVEY_ID integer, TITLE varchar(4), TOPO_DATE date, EXPLO_DATE date, LENGTH real, SURFACE_LENGTH real, DUPLICATE_LENGTH real);
create table PERSON (ID integer, NAME varchar(11), SURNAME varchar(12));
create table EXPLO (PERSON_ID integer, CENTRELINE_ID integer);
create table TOPO (PERSON_ID integer, CENTRELINE_ID integer);
create table STATION (ID integer, NAME varchar(4), SURVEY_ID integer, X real, Y real, Z real);
create table STATION_FLAG (STATION_ID integer, FLAG char(3));
create table SHOT (ID integer, FROM_ID integer, TO_ID integer, CENTRELINE_ID integer, LENGTH real, BEARING real, GRADIENT real, ADJ_LENGTH real, ADJ_BEARING real, ADJ_GRADIENT real, ERR_LENGTH real, ERR_BEARING real, ERR_GRADIENT real);
create table SHOT_FLAG (SHOT_ID integer, FLAG char(3));
create table MAPS (ID integer, SURVEY_ID integer, NAME varchar(16), TITLE varchar(13), PROJID integer, LENGTH real, DEPTH real);
create table SCRAPS (ID integer, SURVEY_ID integer, NAME varchar(16), PROJID integer, MAX_DISTORTION real, AVG_DISTORTION real);
create table MAPITEMS (ID integer, TYPE integer, ITEMID integer);
insert into SURVEY values (1, 0, '', '', NULL);
 insert into CENTRELINE values (2, 1, NULL, NULL, NULL, 0.00, 0.00, 0.00);
 insert into SURVEY values (53, 1, 'Russes-CA', 'Russes-CA', 'Russes-CA');
 insert into CENTRELINE values (54, 53, NULL, NULL, NULL, 0.00, 0.00, 0.00);
 insert into SURVEY values (55, 53, 'Russes3', 'Russes3.Russes-CA', 'Russes3');
 insert into CENTRELINE values (56, 55, NULL, NULL, NULL, 0.00, 0.00, 0.00);
 insert into SURVEY values (57, 55, 'Russes3', 'Russes3.Russes3.Russes-CA', 'russes3');
 insert into CENTRELINE values (58, 57, NULL, NULL, NULL, 0.00, 0.00, 0.00);
 insert into CENTRELINE values (59, 57, NULL, '2024-04-11', '2024-04-11', 6.56, 0.00, 0.00);
 insert into PERSON values (1, 'Alexandre', 'Pont');
insert into TOPO values (1, 59);
 insert into PERSON values (2, 'Xavier', 'Robert');
insert into TOPO values (2, 59);
 insert into PERSON values (3, 'Lionel', 'Barriquand');
insert into EXPLO values (3, 59);
 insert into EXPLO values (1, 59);
 insert into EXPLO values (2, 59);
 insert into SHOT values (1, 1, 2, 59, 1.410, 30.14, 64.40, 1.411, 30.32, 64.20, 0.005, 52.49, -17.11);
insert into SHOT values (2, 1, 3, 59, 1.140, 66.84, 39.20, 1.146, 66.89, 38.92, 0.008, 71.73, -3.60);
insert into SHOT values (3, 1, 4, 59, 1.810, 92.94, 36.30, 1.811, 92.74, 36.21, 0.006, 33.37, -14.90);
insert into SHOT values (4, 1, 5, 59, 0.260, 161.14, 33.30, 0.262, 161.57, 32.31, 0.005, 183.20, -32.19);
insert into SHOT values (5, 1, 6, 59, 2.280, 158.14, -43.80, 2.285, 157.94, -43.74, 0.008, 110.31, -13.81);
insert into SHOT values (6, 1, 7, 59, 1.070, 180.54, -36.80, 1.072, 180.00, -36.66, 0.009, 111.92, 6.25);
insert into SHOT values (7, 1, 8, 59, 2.100, 333.04, 60.50, 2.101, 332.94, 60.55, 0.003, 214.81, 47.14);
insert into SHOT values (8, 1, 9, 59, 1.080, 239.24, -3.30, 1.074, 239.13, -3.20, 0.007, 77.69, 17.97);
insert into SHOT values (9, 1, 10, 59, 1.480, 288.54, 51.40, 1.471, 288.43, 51.43, 0.009, 123.66, -45.62);
insert into SHOT values (10, 1, 11, 59, 1.290, 306.64, 30.30, 1.285, 306.56, 30.40, 0.006, 141.91, -8.01);
insert into SHOT values (11, 1, 12, 59, 2.030, 108.64, 6.80, 2.029, 108.52, 6.79, 0.004, 0.34, -4.79);
insert into SHOT values (12, 1, 13, 59, 2.050, 107.34, 7.70, 2.051, 107.45, 7.56, 0.007, 169.63, -45.67);
insert into SHOT values (13, 1, 14, 59, 1.340, 237.74, -26.00, 1.341, 237.89, -26.10, 0.004, 331.82, -38.75);
insert into SHOT values (14, 14, 15, 59, 1.110, 306.74, -75.60, 1.104, 306.03, -75.74, 0.007, 166.74, 44.21);
insert into SHOT values (15, 14, 16, 59, 0.580, 250.84, -58.00, 0.578, 250.97, -57.95, 0.002, 20.73, 63.52);
insert into SHOT values (16, 14, 17, 59, 0.860, 342.34, -50.40, 0.855, 342.90, -50.50, 0.007, 110.51, 21.46);
insert into SHOT values (17, 14, 18, 59, 1.510, 31.84, 36.60, 1.510, 31.86, 36.58, 0.001, 69.45, -31.50);
insert into SHOT values (18, 14, 19, 59, 1.570, 307.54, -12.80, 1.566, 307.55, -12.92, 0.005, 126.08, -23.96);
insert into SHOT values (19, 14, 20, 59, 1.520, 295.04, -10.00, 1.512, 295.02, -9.90, 0.008, 120.06, 28.82);
insert into SHOT values (20, 14, 21, 59, 1.690, 324.34, 6.80, 1.682, 324.50, 6.83, 0.009, 112.75, -0.66);
insert into SHOT values (21, 21, 22, 59, 0.210, 82.84, -0.10, 0.212, 81.87, 0.00, 0.004, 23.15, 5.03);
insert into SHOT values (22, 21, 23, 59, 0.380, 121.74, 67.50, 0.379, 123.69, 67.61, 0.005, 226.38, -11.96);
insert into SHOT values (23, 21, 24, 59, 0.250, 242.14, 30.10, 0.251, 242.24, 31.19, 0.005, 48.74, 70.65);
insert into SHOT values (24, 21, 25, 59, 0.320, 278.04, -74.30, 0.323, 276.34, -73.72, 0.005, 243.62, -22.18);
insert into SHOT values (25, 21, 26, 59, 1.480, 357.54, 37.90, 1.483, 357.55, 37.85, 0.003, 1.86, 14.86);
insert into SCRAPS values (61, 55, 'SP-Russes3-1', 1, 0.67556, 0.12730);
 insert into MAPS values (75, 55, 'MP-Russes3', 'Russes3', 1, 6.560, -1.110);
 insert into MAPITEMS values (75, 4, 61);
 insert into SURVEY values (77, 53, 'Russes2', 'Russes2.Russes-CA', 'Russes2');
 insert into CENTRELINE values (78, 77, NULL, NULL, NULL, 0.00, 0.00, 0.00);
 insert into SURVEY values (79, 77, 'Russes2', 'Russes2.Russes2.Russes-CA', 'russes2');
 insert into CENTRELINE values (80, 79, NULL, NULL, NULL, 0.00, 0.00, 0.00);
 insert into CENTRELINE values (81, 79, NULL, '2024-04-11', '2024-04-11', 5.71, 0.00, 0.00);
 insert into TOPO values (1, 81);
 insert into TOPO values (2, 81);
 insert into EXPLO values (3, 81);
 insert into EXPLO values (1, 81);
 insert into EXPLO values (2, 81);
 insert into SHOT values (26, 27, 28, 81, 1.160, 339.24, -4.40, 1.159, 339.21, -4.45, 0.002, 182.47, -33.90);
insert into SHOT values (27, 27, 29, 81, 0.690, 326.14, -50.90, 0.695, 325.22, -50.94, 0.009, 259.73, -30.56);
insert into SHOT values (28, 27, 30, 81, 0.660, 322.94, 31.10, 0.659, 322.93, 31.08, 0.001, 149.93, -38.63);
insert into SHOT values (29, 27, 31, 81, 1.420, 287.54, -18.60, 1.424, 287.23, -18.43, 0.009, 230.22, 18.41);
insert into SHOT values (30, 27, 32, 81, 2.280, 266.54, -14.50, 2.287, 266.38, -14.43, 0.010, 224.25, 5.20);
insert into SHOT values (31, 27, 33, 81, 3.580, 273.54, -4.90, 3.580, 273.54, -4.97, 0.004, 160.77, -85.61);
insert into SHOT values (32, 27, 34, 81, 2.530, 297.14, -4.40, 2.534, 297.07, -4.30, 0.007, 261.94, 37.85);
insert into SHOT values (33, 27, 35, 81, 2.320, 247.94, -8.00, 2.323, 247.78, -7.92, 0.008, 186.00, 21.76);
insert into SHOT values (34, 27, 36, 81, 2.520, 268.34, -12.60, 2.522, 268.37, -12.60, 0.002, 304.85, -7.58);
insert into SHOT values (35, 36, 37, 81, 1.630, 178.04, 3.50, 1.634, 178.24, 3.51, 0.007, 234.60, 4.08);
insert into SHOT values (36, 36, 38, 81, 1.480, 214.14, 1.70, 1.484, 214.01, 1.54, 0.007, 177.37, -34.85);
insert into SHOT values (37, 36, 39, 81, 1.130, 258.54, -8.80, 1.137, 258.19, -8.60, 0.010, 214.31, 16.24);
insert into SHOT values (38, 36, 40, 81, 1.810, 232.44, -37.90, 1.812, 232.09, -37.78, 0.010, 166.76, 10.91);
insert into SHOT values (39, 36, 41, 81, 2.350, 232.74, -21.90, 2.355, 232.82, -21.95, 0.006, 270.80, -37.15);
insert into SHOT values (40, 36, 42, 81, 1.490, 249.64, -25.70, 1.494, 249.54, -25.80, 0.005, 203.53, -50.51);
insert into SHOT values (41, 36, 43, 81, 1.400, 313.34, 5.10, 1.399, 312.96, 4.92, 0.010, 219.54, -25.90);
insert into SHOT values (42, 36, 44, 81, 1.260, 0.44, 16.90, 1.256, 0.48, 17.14, 0.007, 172.61, 33.58);
insert into SHOT values (43, 36, 45, 81, 0.370, 338.24, 80.60, 0.374, 338.20, 81.72, 0.008, 158.59, 37.06);
insert into SHOT values (44, 36, 46, 81, 3.190, 237.74, -17.50, 3.191, 237.62, -17.51, 0.007, 155.90, -6.34);
insert into SCRAPS values (83, 77, 'SP-Russes2-1', 1, 0.24424, 0.08286);
 insert into MAPS values (98, 77, 'MP-Russes2', 'Russes2', 1, 5.710, -1.510);
 insert into MAPITEMS values (98, 4, 83);
 insert into SURVEY values (100, 53, 'RussesBauge', 'RussesBauge.Russes-CA', 'RussesBauge');
 insert into CENTRELINE values (101, 100, NULL, NULL, NULL, 0.00, 0.00, 0.00);
 insert into SURVEY values (102, 100, 'RussesBauge', 'RussesBauge.RussesBauge.Russes-CA', 'russesbauge');
 insert into CENTRELINE values (103, 102, NULL, NULL, NULL, 0.00, 0.00, 0.00);
 insert into CENTRELINE values (104, 102, NULL, '2024-04-11', '2024-04-11', 50.97, 0.00, 0.00);
 insert into TOPO values (1, 104);
 insert into TOPO values (2, 104);
 insert into EXPLO values (3, 104);
 insert into EXPLO values (1, 104);
 insert into EXPLO values (2, 104);
 insert into SHOT values (45, 47, 48, 104, 0.770, 112.74, -3.70, 0.772, 112.91, -3.71, 0.003, 155.69, -5.45);
insert into SHOT values (46, 47, 49, 104, 1.100, 59.44, 1.70, 1.103, 59.48, 1.56, 0.004, 72.99, -38.20);
insert into SHOT values (47, 47, 50, 104, 1.570, 47.84, -4.00, 1.569, 47.85, -4.02, 0.002, 219.30, -17.26);
insert into SHOT values (48, 47, 51, 104, 0.760, 156.64, 0.80, 0.762, 156.80, 0.75, 0.003, 208.93, -12.78);
insert into SHOT values (49, 47, 52, 104, 1.490, 178.14, -9.10, 1.490, 178.05, -9.27, 0.005, 78.27, -61.87);
insert into SHOT values (50, 47, 53, 104, 1.010, 178.54, -38.40, 1.011, 178.55, -38.56, 0.003, 353.14, -64.09);
insert into SHOT values (51, 47, 54, 104, 0.410, 71.04, -51.40, 0.414, 72.26, -50.64, 0.009, 111.00, 2.80);
insert into SHOT values (52, 47, 55, 104, 1.540, 272.84, 81.10, 1.537, 272.49, 81.39, 0.008, 102.80, -10.13);
insert into SHOT values (53, 47, 56, 104, 2.680, 183.84, -13.10, 2.686, 183.73, -13.13, 0.008, 139.10, -19.14);
insert into SHOT values (54, 47, 57, 104, 0.500, 293.74, 5.40, 0.494, 293.96, 4.64, 0.009, 94.13, -51.20);
insert into SHOT values (55, 57, 58, 104, 0.950, 206.94, 84.20, 0.956, 209.05, 83.81, 0.009, 235.83, 31.74);
insert into SHOT values (56, 57, 59, 104, 1.820, 157.34, 63.50, 1.821, 157.54, 63.53, 0.003, 258.09, 22.72);
insert into SHOT values (57, 57, 60, 104, 0.560, 207.64, 29.80, 0.562, 208.14, 29.86, 0.005, 276.12, 20.31);
insert into SHOT values (58, 57, 61, 104, 2.150, 57.34, 22.00, 2.150, 57.51, 22.13, 0.008, 163.28, 37.49);
insert into SHOT values (59, 57, 62, 104, 1.400, 42.84, 33.90, 1.404, 42.90, 34.25, 0.009, 183.73, 77.41);
insert into SHOT values (60, 57, 63, 104, 0.300, 156.54, -58.20, 0.298, 158.20, -57.13, 0.008, 210.50, 40.68);
insert into SHOT values (61, 57, 64, 104, 0.690, 318.94, -0.40, 0.694, 318.50, 0.00, 0.008, 267.72, 35.31);
insert into SHOT values (62, 57, 65, 104, 1.050, 357.24, 17.20, 1.048, 357.14, 17.20, 0.003, 222.45, -10.96);
insert into SHOT values (63, 57, 66, 104, 0.920, 268.74, -27.60, 0.922, 268.60, -27.11, 0.008, 246.89, 49.54);
insert into SHOT values (64, 57, 67, 104, 1.490, 265.34, -49.40, 1.491, 265.29, -49.26, 0.004, 250.75, 19.26);
insert into SHOT values (65, 57, 68, 104, 0.740, 294.04, -5.00, 0.746, 293.81, -4.62, 0.008, 267.27, 33.58);
insert into SHOT values (66, 57, 69, 104, 2.650, 282.54, -8.10, 2.649, 282.55, -8.03, 0.004, 71.53, 73.26);
insert into SHOT values (67, 69, 70, 104, 2.580, 341.44, -11.20, 2.582, 341.35, -11.17, 0.005, 279.50, 13.92);
insert into SHOT values (68, 69, 71, 104, 2.440, 331.04, -10.60, 2.441, 331.08, -10.62, 0.002, 39.49, -30.59);
insert into SHOT values (69, 69, 72, 104, 2.020, 14.54, -3.00, 2.016, 14.38, -2.84, 0.009, 248.00, 39.32);
insert into SHOT values (70, 69, 73, 104, 2.200, 36.74, 0.30, 2.194, 36.66, 0.26, 0.007, 243.97, -12.78);
insert into SHOT values (71, 69, 74, 104, 1.980, 71.74, 4.30, 1.976, 71.66, 4.35, 0.005, 285.47, 16.51);
insert into SHOT values (72, 69, 75, 104, 1.770, 115.34, 13.40, 1.766, 115.52, 13.43, 0.007, 243.53, -1.62);
insert into SHOT values (73, 69, 76, 104, 1.710, 257.64, -9.70, 1.714, 257.69, -9.74, 0.004, 282.36, -27.67);
insert into SHOT values (74, 69, 77, 104, 2.010, 273.24, -33.60, 2.007, 273.08, -33.57, 0.005, 162.20, 25.37);
insert into SHOT values (75, 69, 78, 104, 0.530, 20.04, -59.20, 0.523, 19.80, -59.44, 0.008, 211.23, 42.20);
insert into SHOT values (76, 69, 79, 104, 3.020, 169.94, 15.70, 3.017, 170.08, 15.77, 0.009, 288.70, 18.70);
insert into SHOT values (77, 69, 80, 104, 1.780, 160.74, 23.20, 1.784, 160.79, 23.10, 0.006, 176.21, -12.45);
insert into SHOT values (78, 69, 81, 104, 1.290, 141.54, 7.70, 1.286, 141.69, 7.60, 0.006, 281.46, -28.71);
insert into SHOT values (79, 69, 82, 104, 4.540, 285.24, -11.50, 4.546, 285.22, -11.42, 0.009, 273.63, 33.92);
insert into SHOT values (80, 69, 83, 104, 1.880, 170.34, 14.50, 1.884, 170.54, 14.44, 0.008, 223.45, -5.21);
insert into SHOT values (81, 83, 84, 104, 0.400, 326.84, 3.40, 0.406, 327.09, 4.24, 0.009, 344.39, 46.55);
insert into SHOT values (82, 83, 85, 104, 1.980, 233.94, 46.10, 1.979, 234.22, 46.26, 0.009, 359.28, 22.13);
insert into SHOT values (83, 83, 86, 104, 3.540, 273.24, 1.60, 3.537, 273.24, 1.62, 0.003, 91.19, 21.35);
insert into SHOT values (84, 83, 87, 104, 0.880, 204.44, -7.30, 0.875, 204.50, -7.22, 0.005, 13.95, 20.78);
insert into SHOT values (85, 83, 88, 104, 1.450, 162.44, 10.20, 1.450, 162.45, 10.33, 0.003, 317.99, 76.14);
insert into SHOT values (86, 83, 89, 104, 2.640, 106.64, 15.60, 2.641, 106.44, 15.59, 0.009, 24.61, 0.33);
insert into SHOT values (87, 83, 90, 104, 0.410, 19.64, -89.60, 0.410, 0.00, -88.60, 0.007, 352.50, -0.08);
insert into SHOT values (88, 83, 91, 104, 3.070, 234.94, -35.00, 3.068, 235.05, -35.00, 0.005, 341.92, 10.42);
insert into SHOT values (89, 69, 92, 104, 3.730, 41.84, -0.80, 3.726, 41.74, -0.77, 0.008, 280.22, 14.49);
insert into SHOT values (90, 92, 93, 104, 1.890, 52.64, -82.20, 1.888, 54.46, -82.14, 0.009, 132.70, 16.80);
insert into SHOT values (91, 92, 94, 104, 1.020, 280.44, -24.30, 1.017, 280.58, -24.40, 0.005, 70.16, -3.24);
insert into SHOT values (92, 92, 95, 104, 0.540, 149.04, 21.60, 0.541, 148.84, 21.70, 0.002, 72.22, 33.90);
insert into SHOT values (93, 92, 96, 104, 0.720, 230.84, 2.20, 0.718, 230.09, 2.40, 0.010, 125.77, 13.67);
insert into SHOT values (94, 92, 97, 104, 0.730, 199.54, 4.50, 0.733, 199.18, 4.70, 0.006, 140.63, 26.82);
insert into SHOT values (95, 92, 98, 104, 1.980, 210.54, -38.70, 1.979, 210.39, -38.81, 0.006, 80.53, -20.86);
insert into SHOT values (96, 92, 99, 104, 1.490, 214.14, -17.20, 1.487, 213.80, -17.22, 0.009, 102.38, 3.83);
insert into SHOT values (97, 92, 100, 104, 4.370, 84.54, 38.10, 4.377, 84.67, 38.09, 0.010, 136.91, 19.94);
insert into SHOT values (98, 92, 101, 104, 3.120, 27.24, 55.50, 3.119, 27.29, 55.50, 0.002, 137.25, -38.25);
insert into SHOT values (99, 92, 102, 104, 2.760, 328.64, 50.10, 2.761, 328.65, 50.17, 0.003, 143.69, 49.79);
insert into SHOT values (100, 92, 103, 104, 1.170, 296.24, 38.20, 1.162, 296.00, 38.28, 0.009, 144.30, -23.73);
insert into SHOT values (101, 92, 104, 104, 0.890, 8.24, 21.70, 0.892, 8.33, 21.71, 0.002, 42.38, 22.99);
insert into SHOT values (102, 92, 105, 104, 1.200, 15.64, 38.80, 1.200, 16.11, 38.68, 0.008, 94.18, -13.72);
insert into SHOT values (103, 105, 106, 104, 0.750, 93.54, 11.50, 0.747, 93.92, 11.59, 0.006, 217.54, 4.66);
insert into SHOT values (104, 105, 107, 104, 2.280, 123.74, 4.20, 2.283, 123.90, 4.27, 0.008, 186.98, 23.17);
insert into SHOT values (105, 105, 108, 104, 3.470, 33.84, 8.00, 3.464, 33.83, 7.96, 0.006, 221.43, -28.28);
insert into SHOT values (106, 105, 109, 104, 3.920, 5.84, 5.90, 3.920, 5.74, 5.86, 0.007, 278.42, -23.14);
insert into SHOT values (107, 105, 110, 104, 2.810, 330.74, 11.70, 2.812, 330.64, 11.70, 0.005, 263.73, 1.86);
insert into SHOT values (108, 105, 111, 104, 3.120, 307.24, 23.90, 3.114, 307.15, 23.87, 0.007, 172.28, -32.74);
insert into SHOT values (109, 105, 112, 104, 1.620, 345.44, 78.70, 1.622, 345.53, 78.62, 0.003, 355.75, 26.90);
insert into SHOT values (110, 105, 113, 104, 2.770, 108.94, 70.60, 2.767, 109.03, 70.58, 0.003, 191.21, -63.31);
insert into SHOT values (111, 105, 114, 104, 1.220, 220.54, 5.30, 1.225, 220.35, 5.15, 0.007, 183.34, -21.46);
insert into SHOT values (112, 105, 115, 104, 3.140, 280.34, -15.20, 3.138, 280.27, -15.15, 0.005, 166.67, 39.01);
insert into SHOT values (113, 105, 116, 104, 1.530, 274.04, 8.50, 1.531, 273.79, 8.64, 0.008, 184.89, 30.04);
insert into SHOT values (114, 105, 117, 104, 4.600, 273.54, -21.20, 4.598, 273.48, -21.16, 0.006, 174.14, 35.28);
insert into SHOT values (115, 105, 118, 104, 6.750, 274.04, -27.00, 6.748, 274.00, -26.96, 0.006, 189.75, 48.76);
insert into SHOT values (116, 105, 119, 104, 1.480, 4.94, 2.60, 1.477, 4.67, 2.72, 0.008, 247.89, 19.86);
insert into SHOT values (117, 119, 120, 104, 3.830, 125.94, 21.90, 3.830, 125.84, 21.93, 0.007, 26.71, 12.64);
insert into SHOT values (118, 119, 121, 104, 2.510, 84.24, 50.20, 2.512, 84.29, 50.20, 0.002, 130.39, 40.51);
insert into SHOT values (119, 119, 122, 104, 2.970, 15.84, 0.60, 2.973, 15.81, 0.58, 0.003, 347.12, -20.00);
insert into SHOT values (120, 119, 123, 104, 1.860, 310.14, 10.70, 1.855, 310.33, 10.56, 0.009, 76.21, -35.87);
insert into SHOT values (121, 119, 124, 104, 2.880, 323.74, -39.10, 2.880, 323.75, -39.19, 0.005, 139.78, -51.64);
insert into SHOT values (122, 119, 125, 104, 1.070, 343.64, -54.20, 1.070, 344.18, -54.37, 0.007, 95.14, -18.90);
insert into SHOT values (123, 119, 126, 104, 1.220, 67.94, 20.30, 1.219, 67.92, 20.16, 0.003, 300.55, -80.60);
insert into SHOT values (124, 126, 127, 104, 2.580, 61.04, -50.50, 2.583, 60.95, -50.38, 0.007, 37.18, 6.64);
insert into SHOT values (125, 126, 128, 104, 2.350, 32.34, -62.40, 2.350, 32.67, -62.28, 0.008, 88.93, 18.81);
insert into SHOT values (126, 126, 129, 104, 3.890, 68.74, -65.40, 3.894, 68.66, -65.39, 0.004, 16.78, -45.84);
insert into SHOT values (127, 126, 130, 104, 4.470, 35.04, -52.50, 4.477, 35.15, -52.47, 0.009, 74.77, -25.20);
insert into SHOT values (128, 126, 131, 104, 2.800, 310.14, -44.20, 2.794, 310.14, -44.26, 0.006, 131.96, 18.67);
insert into SHOT values (129, 126, 132, 104, 3.780, 52.24, -60.50, 3.783, 52.39, -60.41, 0.008, 88.56, -0.38);
insert into SHOT values (130, 132, 133, 104, 0.610, 55.94, 18.30, 0.607, 56.31, 18.23, 0.005, 177.41, -19.42);
insert into SHOT values (131, 132, 134, 104, 0.440, 17.14, -35.10, 0.434, 16.39, -35.20, 0.008, 236.76, 22.38);
insert into SHOT values (132, 132, 135, 104, 1.750, 335.54, -10.60, 1.757, 335.36, -10.50, 0.009, 298.50, 12.19);
insert into SHOT values (133, 132, 136, 104, 4.630, 333.44, -3.20, 4.636, 333.43, -3.22, 0.006, 328.66, -14.69);
insert into SHOT values (134, 132, 137, 104, 1.620, 321.94, 14.50, 1.627, 321.97, 14.60, 0.007, 328.39, 36.32);
insert into SHOT values (135, 132, 138, 104, 1.320, 330.64, 59.70, 1.321, 330.36, 59.66, 0.004, 262.77, 5.17);
insert into SHOT values (136, 132, 139, 104, 1.440, 174.14, 15.20, 1.438, 174.21, 15.32, 0.004, 321.92, 39.17);
insert into SHOT values (137, 132, 140, 104, 1.310, 202.74, 12.50, 1.312, 202.96, 12.32, 0.007, 265.15, -32.17);
insert into SHOT values (138, 132, 141, 104, 3.960, 337.14, -1.80, 3.963, 337.12, -1.74, 0.006, 318.95, 49.72);
insert into SHOT values (139, 141, 142, 104, 1.240, 324.84, -5.50, 1.240, 324.89, -5.55, 0.002, 40.42, -44.37);
insert into SHOT values (140, 141, 143, 104, 1.230, 241.54, 13.70, 1.229, 241.50, 13.64, 0.002, 132.28, -58.29);
insert into SHOT values (141, 141, 144, 104, 0.190, 283.24, -72.30, 0.190, 279.46, -71.33, 0.005, 229.40, 11.45);
insert into SHOT values (142, 141, 145, 104, 1.020, 208.04, 87.10, 1.022, 210.96, 86.73, 0.007, 232.20, 10.19);
insert into SHOT values (143, 141, 146, 104, 1.490, 110.84, 32.60, 1.487, 111.04, 32.55, 0.005, 222.49, -30.90);
insert into SHOT values (144, 141, 147, 104, 3.670, 66.24, 26.70, 3.669, 66.25, 26.72, 0.002, 220.28, 38.91);
insert into SHOT values (145, 141, 148, 104, 2.140, 59.94, 47.70, 2.139, 60.06, 47.60, 0.005, 112.17, -37.02);
insert into SHOT values (146, 141, 149, 104, 1.780, 40.74, 24.80, 1.772, 40.72, 24.69, 0.009, 226.91, -46.65);
insert into SHOT values (147, 141, 150, 104, 4.550, 46.44, 33.40, 4.547, 46.39, 33.35, 0.006, 311.93, -52.41);
insert into SHOT values (148, 141, 151, 104, 4.080, 46.74, 33.80, 4.079, 46.79, 33.82, 0.004, 165.62, 5.05);
insert into SHOT values (149, 141, 152, 104, 4.550, 46.24, 33.60, 4.547, 46.28, 33.51, 0.008, 111.77, -69.18);
insert into SHOT values (150, 141, 153, 104, 4.550, 46.44, 33.50, 4.547, 46.50, 33.51, 0.005, 173.91, -15.94);
insert into SHOT values (151, 119, 154, 104, 2.520, 326.34, -27.70, 2.518, 326.52, -27.69, 0.007, 66.65, 10.98);
insert into SHOT values (152, 154, 155, 104, 0.450, 270.84, -82.10, 0.454, 270.00, -82.41, 0.005, 116.22, -64.31);
insert into SHOT values (153, 154, 156, 104, 5.270, 225.84, -15.00, 5.273, 225.80, -15.06, 0.007, 152.82, -55.05);
insert into SHOT values (154, 154, 157, 104, 2.000, 252.44, -15.20, 2.001, 252.50, -15.36, 0.006, 2.70, -68.02);
insert into SHOT values (155, 154, 158, 104, 0.310, 278.54, 14.40, 0.311, 277.59, 13.02, 0.009, 213.75, -52.09);
insert into SHOT values (156, 154, 159, 104, 0.970, 11.74, 17.50, 0.964, 11.92, 17.50, 0.006, 163.06, -15.66);
insert into SHOT values (157, 154, 160, 104, 1.290, 315.74, 12.70, 1.289, 315.64, 12.54, 0.004, 233.42, -59.09);
insert into SHOT values (158, 154, 161, 104, 2.060, 318.64, 57.60, 2.061, 318.67, 57.57, 0.002, 337.09, 22.76);
insert into SHOT values (159, 161, 162, 104, 2.460, 242.64, -3.10, 2.459, 242.60, -3.26, 0.007, 124.52, -74.06);
insert into SHOT values (160, 161, 163, 104, 2.130, 278.84, -5.30, 2.134, 278.66, -5.38, 0.008, 215.81, -23.83);
insert into SHOT values (161, 161, 164, 104, 2.460, 322.64, -5.10, 2.456, 322.47, -5.14, 0.008, 202.64, -9.12);
insert into SHOT values (162, 161, 165, 104, 1.440, 319.14, -11.30, 1.440, 318.74, -11.62, 0.013, 217.87, -37.75);
insert into SHOT values (163, 161, 166, 104, 0.630, 285.54, -56.10, 0.636, 284.83, -56.43, 0.008, 199.50, -58.20);
insert into SHOT values (164, 161, 167, 104, 1.560, 107.44, -75.90, 1.567, 108.43, -75.98, 0.010, 202.85, -46.63);
insert into SHOT values (165, 161, 168, 104, 2.870, 92.74, -66.30, 2.871, 92.99, -66.35, 0.006, 205.16, -20.99);
insert into SHOT values (166, 161, 169, 104, 0.380, 84.84, -22.30, 0.382, 85.10, -23.12, 0.006, 185.50, -74.40);
insert into SHOT values (167, 161, 170, 104, 2.250, 22.64, 33.50, 2.247, 22.60, 33.49, 0.003, 234.01, -33.50);
insert into SHOT values (168, 161, 171, 104, 1.630, 312.24, 37.30, 1.624, 312.18, 37.10, 0.008, 182.79, -77.95);
insert into SHOT values (169, 161, 172, 104, 2.600, 305.14, -4.80, 2.601, 305.10, -4.85, 0.003, 226.10, -52.69);
insert into SHOT values (170, 172, 173, 104, 0.530, 201.54, -0.80, 0.539, 201.80, -1.06, 0.009, 217.49, -16.28);
insert into SHOT values (171, 172, 174, 104, 1.170, 189.54, -53.60, 1.172, 189.87, -53.31, 0.007, 222.83, 13.42);
insert into SHOT values (172, 172, 175, 104, 0.270, 343.84, 62.60, 0.271, 341.57, 62.21, 0.005, 276.89, 3.04);
insert into SHOT values (173, 172, 176, 104, 0.420, 272.74, 81.20, 0.414, 270.00, 81.67, 0.007, 126.32, -44.26);
insert into SHOT values (174, 172, 177, 104, 0.330, 22.44, 9.10, 0.327, 21.80, 8.80, 0.005, 255.05, -25.77);
insert into SHOT values (175, 172, 178, 104, 1.800, 299.54, -45.70, 1.799, 299.63, -45.81, 0.004, 87.42, -25.20);
insert into SCRAPS values (106, 100, 'SP-RussesBauge-1', 1, 1.51458, 0.09999);
 insert into MAPS values (170, 100, 'MP-RussesBauge', 'RussesBauge', 1, 50.970, -3.700);
 insert into MAPITEMS values (170, 4, 106);
 insert into MAPS values (172, 53, 'MP-Russes-CA', 'Russes-CA', 1, 63.240, -5.190);
 insert into MAPITEMS values (172, 4, 75);
 insert into MAPITEMS values (172, 4, 98);
 insert into MAPITEMS values (172, 4, 170);
 insert into MAPS values (174, 0, '', NULL, 2, 63.240, -5.190);
 insert into MAPITEMS values (174, 4, 0);
 insert into SCRAPS values (0, 0, '', 2, 0.00000, 0.00000);
 insert into STATION values (1, '0', 57, 263663.07, 4174350.31, 419.48);
insert into STATION values (2, '.', 57, 263663.38, 4174350.84, 420.75);
insert into STATION values (3, '.', 57, 263663.89, 4174350.66, 420.20);
insert into STATION values (4, '.', 57, 263664.53, 4174350.24, 420.55);
insert into STATION values (5, '.', 57, 263663.14, 4174350.10, 419.62);
insert into STATION values (6, '.', 57, 263663.69, 4174348.78, 417.90);
insert into STATION values (7, '.', 57, 263663.07, 4174349.45, 418.84);
insert into STATION values (8, '.', 57, 263662.60, 4174351.23, 421.31);
insert into STATION values (9, '.', 57, 263662.15, 4174349.76, 419.42);
insert into STATION values (10, '.', 57, 263662.20, 4174350.60, 420.63);
insert into STATION values (11, '.', 57, 263662.18, 4174350.97, 420.13);
insert into STATION values (12, '.', 57, 263664.98, 4174349.67, 419.72);
insert into STATION values (13, '1', 57, 263665.01, 4174349.70, 419.75);
insert into STATION values (14, '2', 57, 263662.05, 4174349.67, 418.89);
insert into STATION values (15, '.', 57, 263661.83, 4174349.83, 417.82);
insert into STATION values (16, '.', 57, 263661.76, 4174349.57, 418.40);
insert into STATION values (17, '.', 57, 263661.89, 4174350.19, 418.23);
insert into STATION values (18, '.', 57, 263662.69, 4174350.70, 419.79);
insert into STATION values (19, '.', 57, 263660.84, 4174350.60, 418.54);
insert into STATION values (20, '.', 57, 263660.70, 4174350.30, 418.63);
insert into STATION values (21, '3', 57, 263661.08, 4174351.03, 419.09);
insert into STATION values (22, '.', 57, 263661.29, 4174351.06, 419.09);
insert into STATION values (23, '.', 57, 263661.20, 4174350.95, 419.44);
insert into STATION values (24, '.', 57, 263660.89, 4174350.93, 419.22);
insert into STATION values (25, '.', 57, 263660.99, 4174351.04, 418.78);
insert into STATION values (26, '4', 57, 263661.03, 4174352.20, 420.00);
insert into STATION_FLAG values(26, 'ent');
insert into STATION_FLAG values(26, 'fix');
insert into STATION values (27, '0', 79, 263644.40, 4174357.12, 419.00);
insert into STATION_FLAG values(27, 'ent');
insert into STATION_FLAG values(27, 'fix');
insert into STATION values (28, '.', 79, 263643.99, 4174358.20, 418.91);
insert into STATION values (29, '.', 79, 263644.15, 4174357.48, 418.46);
insert into STATION values (30, '.', 79, 263644.06, 4174357.57, 419.34);
insert into STATION values (31, '.', 79, 263643.11, 4174357.52, 418.55);
insert into STATION values (32, '.', 79, 263642.19, 4174356.98, 418.43);
insert into STATION values (33, '.', 79, 263640.84, 4174357.34, 418.69);
insert into STATION values (34, '.', 79, 263642.15, 4174358.27, 418.81);
insert into STATION values (35, '.', 79, 263642.27, 4174356.25, 418.68);
insert into STATION values (36, '1', 79, 263641.94, 4174357.05, 418.45);
insert into STATION values (37, '.', 79, 263641.99, 4174355.42, 418.55);
insert into STATION values (38, '.', 79, 263641.11, 4174355.82, 418.49);
insert into STATION values (39, '.', 79, 263640.84, 4174356.82, 418.28);
insert into STATION values (40, '.', 79, 263640.81, 4174356.17, 417.34);
insert into STATION values (41, '.', 79, 263640.20, 4174355.73, 417.57);
insert into STATION values (42, '.', 79, 263640.68, 4174356.58, 417.80);
insert into STATION values (43, '.', 79, 263640.92, 4174358.00, 418.57);
insert into STATION values (44, '.', 79, 263641.95, 4174358.25, 418.82);
insert into STATION values (45, '.', 79, 263641.92, 4174357.10, 418.82);
insert into STATION values (46, '2', 79, 263639.37, 4174355.42, 417.49);
insert into STATION values (47, '0', 102, 263634.41, 4174335.73, 417.50);
insert into STATION values (48, '.', 102, 263635.12, 4174335.43, 417.45);
insert into STATION values (49, '.', 102, 263635.36, 4174336.29, 417.53);
insert into STATION values (50, '.', 102, 263635.57, 4174336.78, 417.39);
insert into STATION values (51, '.', 102, 263634.71, 4174335.03, 417.51);
insert into STATION values (52, '.', 102, 263634.46, 4174334.26, 417.26);
insert into STATION values (53, '.', 102, 263634.43, 4174334.94, 416.87);
insert into STATION values (54, '.', 102, 263634.66, 4174335.81, 417.18);
insert into STATION values (55, '.', 102, 263634.18, 4174335.74, 419.02);
insert into STATION values (56, '1', 102, 263634.24, 4174333.12, 416.89);
insert into STATION values (57, '2', 102, 263633.96, 4174335.93, 417.54);
insert into STATION values (58, '.', 102, 263633.91, 4174335.84, 418.49);
insert into STATION values (59, '.', 102, 263634.27, 4174335.18, 419.17);
insert into STATION values (60, '.', 102, 263633.73, 4174335.50, 417.82);
insert into STATION values (61, '.', 102, 263635.64, 4174337.00, 418.35);
insert into STATION values (62, '.', 102, 263634.75, 4174336.78, 418.33);
insert into STATION values (63, '.', 102, 263634.02, 4174335.78, 417.29);
insert into STATION values (64, '.', 102, 263633.50, 4174336.45, 417.54);
insert into STATION values (65, '.', 102, 263633.91, 4174336.93, 417.85);
insert into STATION values (66, '.', 102, 263633.14, 4174335.91, 417.12);
insert into STATION values (67, '.', 102, 263632.99, 4174335.85, 416.41);
insert into STATION values (68, '.', 102, 263633.28, 4174336.23, 417.48);
insert into STATION values (69, '3', 102, 263631.40, 4174336.50, 417.17);
insert into STATION values (70, '.', 102, 263630.59, 4174338.90, 416.67);
insert into STATION values (71, '.', 102, 263630.24, 4174338.60, 416.72);
insert into STATION values (72, '.', 102, 263631.90, 4174338.45, 417.07);
insert into STATION values (73, '.', 102, 263632.71, 4174338.26, 417.18);
insert into STATION values (74, '.', 102, 263633.27, 4174337.12, 417.32);
insert into STATION values (75, '.', 102, 263632.95, 4174335.76, 417.58);
insert into STATION values (76, '.', 102, 263629.75, 4174336.14, 416.88);
insert into STATION values (77, '.', 102, 263629.73, 4174336.59, 416.06);
insert into STATION values (78, '.', 102, 263631.49, 4174336.75, 416.72);
insert into STATION values (79, '.', 102, 263631.90, 4174333.64, 417.99);
insert into STATION values (80, '.', 102, 263631.94, 4174334.95, 417.87);
insert into STATION values (81, '.', 102, 263632.19, 4174335.50, 417.34);
insert into STATION values (82, '4', 102, 263627.10, 4174337.67, 416.27);
insert into STATION values (83, '5', 102, 263631.70, 4174334.70, 417.64);
insert into STATION values (84, '.', 102, 263631.48, 4174335.04, 417.67);
insert into STATION values (85, '.', 102, 263630.59, 4174333.90, 419.07);
insert into STATION values (86, '.', 102, 263628.17, 4174334.90, 417.74);
insert into STATION values (87, '.', 102, 263631.34, 4174333.91, 417.53);
insert into STATION values (88, '.', 102, 263632.13, 4174333.34, 417.90);
insert into STATION values (89, '.', 102, 263634.14, 4174333.98, 418.35);
insert into STATION values (90, '.', 102, 263631.70, 4174334.71, 417.23);
insert into STATION values (91, '6', 102, 263629.64, 4174333.26, 415.88);
insert into STATION values (92, '7', 102, 263633.88, 4174339.28, 417.12);
insert into STATION values (93, '.', 102, 263634.09, 4174339.43, 415.25);
insert into STATION values (94, '.', 102, 263632.97, 4174339.45, 416.70);
insert into STATION values (95, '.', 102, 263634.14, 4174338.85, 417.32);
insert into STATION values (96, '.', 102, 263633.33, 4174338.82, 417.15);
insert into STATION values (97, '.', 102, 263633.64, 4174338.59, 417.18);
insert into STATION values (98, '.', 102, 263633.10, 4174337.95, 415.88);
insert into STATION values (99, '.', 102, 263633.09, 4174338.10, 416.68);
insert into STATION values (100, '.', 102, 263637.31, 4174339.60, 419.82);
insert into STATION values (101, '.', 102, 263634.69, 4174340.85, 419.69);
insert into STATION values (102, '.', 102, 263632.96, 4174340.79, 419.24);
insert into STATION values (103, '.', 102, 263633.06, 4174339.68, 417.84);
insert into STATION values (104, '.', 102, 263634.00, 4174340.10, 417.45);
insert into STATION values (105, '8', 102, 263634.14, 4174340.18, 417.87);
insert into STATION values (106, '.', 102, 263634.87, 4174340.13, 418.02);
insert into STATION values (107, '.', 102, 263636.03, 4174338.91, 418.04);
insert into STATION values (108, '.', 102, 263636.05, 4174343.03, 418.35);
insert into STATION values (109, '.', 102, 263634.53, 4174344.06, 418.27);
insert into STATION values (110, '.', 102, 263632.79, 4174342.58, 418.44);
insert into STATION values (111, '.', 102, 263631.87, 4174341.90, 419.13);
insert into STATION values (112, '.', 102, 263634.06, 4174340.49, 419.46);
insert into STATION values (113, '.', 102, 263635.01, 4174339.88, 420.48);
insert into STATION values (114, '.', 102, 263633.35, 4174339.25, 417.98);
insert into STATION values (115, '.', 102, 263631.16, 4174340.72, 417.05);
insert into STATION values (116, '.', 102, 263632.63, 4174340.28, 418.10);
insert into STATION values (117, '.', 102, 263629.86, 4174340.44, 416.21);
insert into STATION values (118, '9', 102, 263628.14, 4174340.60, 414.81);
insert into STATION values (119, '10', 102, 263634.26, 4174341.65, 417.94);
insert into STATION values (120, '.', 102, 263637.14, 4174339.57, 419.37);
insert into STATION values (121, '.', 102, 263635.86, 4174341.81, 419.87);
insert into STATION values (122, '.', 102, 263635.07, 4174344.51, 417.97);
insert into STATION values (123, '.', 102, 263632.87, 4174342.83, 418.28);
insert into STATION values (124, '.', 102, 263632.94, 4174343.45, 416.12);
insert into STATION values (125, '.', 102, 263634.09, 4174342.25, 417.07);
insert into STATION values (126, '11', 102, 263635.32, 4174342.08, 418.36);
insert into STATION values (127, '.', 102, 263636.76, 4174342.88, 416.37);
insert into STATION values (128, '.', 102, 263635.91, 4174343.00, 416.28);
insert into STATION values (129, '.', 102, 263636.83, 4174342.67, 414.82);
insert into STATION values (130, '.', 102, 263636.89, 4174344.31, 414.81);
insert into STATION values (131, '.', 102, 263633.79, 4174343.37, 416.41);
insert into STATION values (132, '12', 102, 263636.80, 4174343.22, 415.07);
insert into STATION values (133, '.', 102, 263637.28, 4174343.54, 415.26);
insert into STATION values (134, '.', 102, 263636.90, 4174343.56, 414.82);
insert into STATION values (135, '.', 102, 263636.08, 4174344.79, 414.75);
insert into STATION values (136, '.', 102, 263634.73, 4174347.36, 414.81);
insert into STATION values (137, '.', 102, 263635.83, 4174344.46, 415.48);
insert into STATION values (138, '.', 102, 263636.47, 4174343.80, 416.21);
insert into STATION values (139, '.', 102, 263636.94, 4174341.84, 415.45);
insert into STATION values (140, '.', 102, 263636.30, 4174342.04, 415.35);
insert into STATION values (141, '13', 102, 263635.26, 4174346.87, 414.95);
insert into STATION values (142, '.', 102, 263634.55, 4174347.88, 414.83);
insert into STATION values (143, '.', 102, 263634.21, 4174346.30, 415.24);
insert into STATION values (144, '.', 102, 263635.20, 4174346.88, 414.77);
insert into STATION values (145, '.', 102, 263635.23, 4174346.82, 415.97);
insert into STATION values (146, '.', 102, 263636.43, 4174346.42, 415.75);
insert into STATION values (147, '.', 102, 263638.26, 4174348.19, 416.60);
insert into STATION values (148, '.', 102, 263636.51, 4174347.59, 416.53);
insert into STATION values (149, '.', 102, 263636.31, 4174348.09, 415.69);
insert into STATION values (150, '.', 102, 263638.01, 4174349.49, 417.45);
insert into STATION values (151, '.', 102, 263637.73, 4174349.19, 417.22);
insert into STATION values (152, '.', 102, 263638.00, 4174349.49, 417.46);
insert into STATION values (153, '14', 102, 263638.01, 4174349.48, 417.46);
insert into STATION values (154, '15', 102, 263633.03, 4174343.51, 416.77);
insert into STATION values (155, '.', 102, 263632.97, 4174343.51, 416.32);
insert into STATION values (156, '.', 102, 263629.38, 4174339.96, 415.40);
insert into STATION values (157, '.', 102, 263631.19, 4174342.93, 416.24);
insert into STATION values (158, '.', 102, 263632.73, 4174343.55, 416.84);
insert into STATION values (159, '.', 102, 263633.22, 4174344.41, 417.06);
insert into STATION values (160, '.', 102, 263632.15, 4174344.41, 417.05);
insert into STATION values (161, '16', 102, 263632.30, 4174344.34, 418.51);
insert into STATION values (162, '.', 102, 263630.12, 4174343.21, 418.37);
insert into STATION values (163, '.', 102, 263630.20, 4174344.66, 418.31);
insert into STATION values (164, '.', 102, 263630.81, 4174346.28, 418.29);
insert into STATION values (165, '.', 102, 263631.37, 4174345.40, 418.22);
insert into STATION values (166, '.', 102, 263631.96, 4174344.43, 417.98);
insert into STATION values (167, '.', 102, 263632.66, 4174344.22, 416.99);
insert into STATION values (168, '.', 102, 263633.45, 4174344.28, 415.88);
insert into STATION values (169, '.', 102, 263632.65, 4174344.37, 418.36);
insert into STATION values (170, '.', 102, 263633.02, 4174346.07, 419.75);
insert into STATION values (171, '.', 102, 263631.34, 4174345.21, 419.49);
insert into STATION values (172, '17', 102, 263630.18, 4174345.83, 418.29);
insert into STATION values (173, '.', 102, 263629.98, 4174345.33, 418.28);
insert into STATION values (174, '.', 102, 263630.06, 4174345.14, 417.35);
insert into STATION values (175, '.', 102, 263630.14, 4174345.95, 418.53);
insert into STATION values (176, '.', 102, 263630.12, 4174345.83, 418.70);
insert into STATION values (177, '.', 102, 263630.30, 4174346.13, 418.34);
insert into STATION values (178, '18', 102, 263629.09, 4174346.45, 417.00);
insert into STATION_FLAG values(178, 'ent');
insert into STATION_FLAG values(178, 'fix');
