create table SURVEY (ID integer, PARENT_ID integer, NAME varchar(36), FULL_NAME varchar(39), TITLE varchar(62));
create table CENTRELINE (ID integer, SURVEY_ID integer, TITLE varchar(4), TOPO_DATE date, EXPLO_DATE date, LENGTH real, SURFACE_LENGTH real, DUPLICATE_LENGTH real);
create table PERSON (ID integer, NAME varchar(11), SURNAME varchar(13));
create table EXPLO (PERSON_ID integer, CENTRELINE_ID integer);
create table TOPO (PERSON_ID integer, CENTRELINE_ID integer);
create table STATION (ID integer, NAME varchar(17), SURVEY_ID integer, X real, Y real, Z real);
create table STATION_FLAG (STATION_ID integer, FLAG char(3));
create table SHOT (ID integer, FROM_ID integer, TO_ID integer, CENTRELINE_ID integer, LENGTH real, BEARING real, GRADIENT real, ADJ_LENGTH real, ADJ_BEARING real, ADJ_GRADIENT real, ERR_LENGTH real, ERR_BEARING real, ERR_GRADIENT real);
create table SHOT_FLAG (SHOT_ID integer, FLAG char(3));
create table MAPS (ID integer, SURVEY_ID integer, NAME varchar(36), TITLE varchar(62), PROJID integer, LENGTH real, DEPTH real);
create table SCRAPS (ID integer, SURVEY_ID integer, NAME varchar(36), PROJID integer, MAX_DISTORTION real, AVG_DISTORTION real);
create table MAPITEMS (ID integer, TYPE integer, ITEMID integer);
insert into SURVEY values (1, 0, '', '', NULL);
 insert into CENTRELINE values (2, 1, NULL, NULL, NULL, 0.00, 0.00, 0.00);
 insert into SURVEY values (53, 1, 'Gouffre_du_Lonne_Peyret', 'Gouffre_du_Lonne_Peyret', 'Gouffre du Lonne Peyret');
 insert into CENTRELINE values (54, 53, NULL, NULL, NULL, 0.00, 0.00, 0.00);
 insert into SURVEY values (55, 53, 'GL102_Entree_01', 'GL102_Entree_01.Gouffre_du_Lonne_Peyret', 'GL102 - Gouffre du Lonne Peyret - Entree');
 insert into CENTRELINE values (56, 55, NULL, NULL, NULL, 0.00, 0.00, 0.00);
 insert into CENTRELINE values (57, 55, NULL, '2024-08-05', '2024-01-01', 341.65, 0.00, 0.00);
 insert into PERSON values (1, 'Alexandre', 'Pont');
insert into TOPO values (1, 57);
 insert into PERSON values (2, 'Pierre', 'Senon');
insert into TOPO values (2, 57);
 insert into PERSON values (3, NULL, 'ARSIP');
insert into EXPLO values (3, 57);
 insert into PERSON values (4, NULL, 'CESAME');
insert into EXPLO values (4, 57);
 insert into PERSON values (5, NULL, 'FLT');
insert into EXPLO values (5, 57);
 insert into PERSON values (6, 'Clan', 'des Tritons');
insert into EXPLO values (6, 57);
 insert into SHOT values (1, 1, 2, 57, 0.220, 95.64, -7.10, 0.220, 95.64, -7.10, 0.000, 194.26, 0.01);
insert into SHOT values (2, 1, 3, 57, 0.400, 147.14, -6.20, 0.400, 147.14, -6.20, 0.000, 356.04, -0.02);
insert into SHOT values (3, 1, 4, 57, 0.530, 35.24, -0.40, 0.530, 35.24, -0.40, 0.000, 174.65, 0.01);
insert into SHOT values (4, 1, 5, 57, 0.790, 334.24, 2.60, 0.790, 334.24, 2.60, 0.000, 350.18, -0.01);
insert into SHOT values (5, 1, 6, 57, 0.670, 278.54, -4.60, 0.670, 278.54, -4.60, 0.000, 14.36, 0.00);
insert into SHOT values (6, 1, 7, 57, 3.380, 0.54, 4.40, 3.380, 0.54, 4.40, 0.000, 94.89, 0.02);
insert into SHOT values (7, 1, 8, 57, 4.480, 5.34, 3.70, 4.480, 5.34, 3.70, 0.000, 186.76, -0.00);
insert into SHOT values (8, 1, 9, 57, 1.670, 11.14, 2.50, 1.670, 11.14, 2.50, 0.000, 341.34, -0.02);
insert into SHOT values (9, 1, 10, 57, 0.230, 130.94, -79.00, 0.230, 130.94, -79.00, 0.000, 357.22, 0.02);
insert into SHOT values (10, 1, 11, 57, 1.110, 86.54, 60.60, 1.110, 86.54, 60.60, 0.000, 193.87, -0.02);
insert into SHOT values (11, 1, 12, 57, 2.280, 0.34, -0.30, 2.280, 0.34, -0.30, 0.000, 186.38, 0.01);
insert into SHOT values (12, 12, 13, 57, 0.230, 277.94, -0.60, 0.230, 277.94, -0.60, 0.000, 1.20, 0.04);
insert into SHOT values (13, 12, 14, 57, 0.300, 86.54, -1.40, 0.300, 86.54, -1.40, 0.000, 180.83, -0.00);
insert into SHOT values (14, 12, 15, 57, 0.830, 31.84, -3.90, 0.830, 31.84, -3.90, 0.000, 162.61, -0.00);
insert into SHOT values (15, 12, 16, 57, 1.470, 18.44, -5.20, 1.470, 18.44, -5.20, 0.000, 201.44, -0.04);
insert into SHOT values (16, 12, 17, 57, 1.610, 0.34, -5.20, 1.610, 0.34, -5.20, 0.000, 193.79, 0.05);
insert into SHOT values (17, 12, 18, 57, 0.970, 341.84, -2.00, 0.970, 341.84, -2.00, 0.000, 221.51, 0.07);
insert into SHOT values (18, 12, 19, 57, 0.660, 166.24, -87.10, 0.660, 166.24, -87.10, 0.000, 28.38, -0.03);
insert into SHOT values (19, 12, 20, 57, 2.150, 43.64, 58.00, 2.150, 43.64, 58.00, 0.000, 177.32, 0.01);
insert into SHOT values (20, 12, 21, 57, 1.230, 356.34, 29.60, 1.230, 356.34, 29.60, 0.000, 23.36, -0.04);
insert into SHOT values (21, 21, 22, 57, 0.630, 71.24, -2.60, 0.630, 71.24, -2.60, 0.000, 359.45, 0.01);
insert into SHOT values (22, 21, 23, 57, 0.590, 124.64, -10.20, 0.590, 124.64, -10.20, 0.000, 5.77, 0.00);
insert into SHOT values (23, 21, 24, 57, 0.910, 141.74, -6.50, 0.910, 141.74, -6.50, 0.000, 244.56, -0.10);
insert into SHOT values (24, 21, 25, 57, 0.890, 192.34, -4.80, 0.890, 192.34, -4.80, 0.000, 348.52, -0.01);
insert into SHOT values (25, 21, 26, 57, 0.720, 212.44, 2.60, 0.720, 212.44, 2.60, 0.000, 199.31, -0.01);
insert into SHOT values (26, 21, 27, 57, 2.730, 141.04, -87.80, 2.730, 141.04, -87.80, 0.000, 4.68, 0.01);
insert into SHOT values (27, 21, 28, 57, 1.720, 57.34, 65.00, 1.720, 57.34, 65.00, 0.000, 172.90, -0.01);
insert into SHOT values (28, 21, 29, 57, 17.390, 231.94, -87.60, 17.390, 231.94, -87.60, 0.000, 217.56, 0.05);
insert into SHOT values (29, 29, 30, 57, 1.770, 162.64, -3.00, 1.770, 162.64, -3.00, 0.000, 171.53, 0.02);
insert into SHOT values (30, 29, 31, 57, 2.290, 174.54, 1.00, 2.290, 174.54, 1.00, 0.000, 172.72, 0.01);
insert into SHOT values (31, 29, 32, 57, 1.490, 183.04, 0.90, 1.490, 183.04, 0.90, 0.000, 166.09, -0.01);
insert into SHOT values (32, 29, 33, 57, 0.260, 245.54, 4.70, 0.260, 245.54, 4.70, 0.000, 3.42, -0.01);
insert into SHOT values (33, 29, 34, 57, 0.830, 357.64, 10.80, 0.830, 357.64, 10.80, 0.000, 11.82, 0.02);
insert into SHOT values (34, 29, 35, 57, 1.520, 12.54, 8.00, 1.520, 12.54, 8.00, 0.000, 155.04, 0.06);
insert into SHOT values (35, 29, 36, 57, 0.810, 48.64, 4.00, 0.810, 48.64, 4.00, 0.000, 191.40, 0.04);
insert into SHOT values (36, 29, 37, 57, 0.460, 110.34, -3.80, 0.460, 110.34, -3.80, 0.000, 319.66, 0.07);
insert into SHOT values (37, 29, 38, 57, 14.630, 29.14, 86.90, 14.630, 29.14, 86.90, 0.000, 8.11, -0.01);
insert into SHOT values (38, 29, 39, 57, 6.010, 7.34, 67.50, 6.010, 7.34, 67.50, 0.000, 344.69, -0.04);
insert into SHOT values (39, 29, 40, 57, 2.850, 163.34, 53.10, 2.850, 163.34, 53.10, 0.000, 221.43, -0.07);
insert into SHOT values (40, 29, 41, 57, 3.130, 173.44, 49.20, 3.130, 173.44, 49.20, 0.000, 184.41, 0.01);
insert into SHOT values (41, 29, 42, 57, 2.730, 172.54, 42.30, 2.730, 172.54, 42.30, 0.000, 4.23, 0.02);
insert into SHOT values (42, 29, 43, 57, 1.670, 171.04, -32.00, 1.670, 171.04, -32.00, 0.000, 15.26, 0.01);
insert into SHOT values (43, 29, 44, 57, 1.700, 8.24, -25.90, 1.700, 8.24, -25.90, 0.000, 5.97, -0.03);
insert into SHOT values (44, 29, 45, 57, 16.750, 14.44, -88.50, 16.750, 14.44, -88.50, 0.000, 188.16, 0.01);
insert into SHOT values (45, 45, 46, 57, 0.290, 281.24, -3.70, 0.290, 281.24, -3.70, 0.000, 39.56, -0.00);
insert into SHOT values (46, 45, 47, 57, 0.910, 352.94, -4.70, 0.910, 352.94, -4.70, 0.000, 157.68, -0.01);
insert into SHOT values (47, 45, 48, 57, 0.550, 55.24, -5.30, 0.550, 55.24, -5.30, 0.000, 5.85, 0.01);
insert into SHOT values (48, 45, 49, 57, 0.550, 109.44, -4.50, 0.550, 109.44, -4.50, 0.000, 184.18, -0.01);
insert into SHOT values (49, 45, 50, 57, 1.350, 153.84, -8.30, 1.350, 153.84, -8.30, 0.000, 179.80, -0.04);
insert into SHOT values (50, 45, 51, 57, 4.780, 178.64, -6.20, 4.780, 178.64, -6.20, 0.000, 184.56, -0.03);
insert into SHOT values (51, 45, 52, 57, 1.900, 195.94, -5.40, 1.900, 195.94, -5.40, 0.000, 358.62, 0.01);
insert into SHOT values (52, 45, 53, 57, 8.260, 1.84, -2.20, 8.260, 1.84, -2.20, 0.000, 200.19, 0.02);
insert into SHOT values (53, 45, 54, 57, 4.050, 357.74, -0.40, 4.050, 357.74, -0.40, 0.000, 157.59, 0.01);
insert into SHOT values (54, 45, 55, 57, 3.410, 12.64, -5.80, 3.410, 12.64, -5.80, 0.000, 156.93, 0.05);
insert into SHOT values (55, 45, 56, 57, 2.650, 160.24, 32.20, 2.650, 160.24, 32.20, 0.000, 1.57, 0.00);
insert into SHOT values (56, 56, 57, 57, 3.750, 190.64, 0.90, 3.750, 190.64, 0.90, 0.000, 359.95, 0.01);
insert into SHOT values (57, 56, 58, 57, 1.130, 226.44, -3.30, 1.130, 226.44, -3.30, 0.000, 181.43, 0.01);
insert into SHOT values (58, 56, 59, 57, 0.980, 267.84, -7.50, 0.980, 267.84, -7.50, 0.000, 10.23, 0.00);
insert into SHOT values (59, 56, 60, 57, 1.450, 319.04, 5.70, 1.450, 319.04, 5.70, 0.000, 0.15, -0.01);
insert into SHOT values (60, 56, 61, 57, 2.780, 341.74, 2.20, 2.780, 341.74, 2.20, 0.000, 9.94, -0.00);
insert into SHOT values (61, 56, 62, 57, 2.150, 353.34, 2.30, 2.150, 353.34, 2.30, 0.000, 353.08, -0.01);
insert into SHOT values (62, 56, 63, 57, 1.150, 16.14, 0.50, 1.150, 16.14, 0.50, 0.000, 172.68, -0.00);
insert into SHOT values (63, 56, 64, 57, 1.400, 318.54, -80.80, 1.400, 318.54, -80.80, 0.000, 5.11, -0.01);
insert into SHOT values (64, 56, 65, 57, 15.510, 201.54, -78.40, 15.510, 201.54, -78.40, 0.000, 213.18, 0.02);
insert into SHOT values (65, 45, 66, 57, 6.840, 4.04, -26.10, 6.840, 4.04, -26.10, 0.000, 323.40, 0.12);
insert into SHOT values (66, 66, 67, 57, 1.980, 6.84, -0.20, 1.980, 6.84, -0.20, 0.000, 307.44, -0.05);
insert into SHOT values (67, 66, 68, 57, 0.280, 273.34, 1.90, 0.280, 273.34, 1.90, 0.000, 346.44, -0.02);
insert into SHOT values (68, 66, 69, 57, 0.290, 104.94, -2.70, 0.290, 104.94, -2.70, 0.000, 176.52, 0.02);
insert into SHOT values (69, 66, 70, 57, 1.200, 166.14, 5.40, 1.200, 166.14, 5.40, 0.000, 187.59, 0.01);
insert into SHOT values (70, 66, 71, 57, 1.750, 195.04, -6.90, 1.750, 195.04, -6.90, 0.000, 355.18, -0.01);
insert into SHOT values (71, 66, 72, 57, 0.700, 240.94, 3.50, 0.700, 240.94, 3.50, 0.000, 178.69, -0.04);
insert into SHOT values (72, 66, 73, 57, 9.090, 18.34, 87.80, 9.090, 18.34, 87.80, 0.000, 187.36, 0.02);
insert into SHOT values (73, 66, 74, 57, 2.090, 177.54, -75.90, 2.090, 177.54, -75.90, 0.000, 3.72, -0.01);
insert into SHOT values (74, 66, 75, 57, 9.060, 27.54, -79.00, 9.060, 27.54, -79.00, 0.000, 351.00, -0.02);
insert into SHOT values (75, 75, 76, 57, 2.500, 29.14, 7.80, 2.500, 29.14, 7.80, 0.000, 139.22, 0.01);
insert into SHOT values (76, 75, 77, 57, 1.420, 83.84, 7.10, 1.420, 83.84, 7.10, 0.000, 178.94, -0.00);
insert into SHOT values (77, 75, 78, 57, 1.350, 133.04, 6.90, 1.350, 133.04, 6.90, 0.000, 102.49, 0.05);
insert into SHOT values (78, 75, 79, 57, 1.680, 186.34, -5.40, 1.680, 186.34, -5.40, 0.000, 359.43, -0.01);
insert into SHOT values (79, 75, 80, 57, 1.370, 241.44, 6.60, 1.370, 241.44, 6.60, 0.000, 173.29, -0.02);
insert into SHOT values (80, 75, 81, 57, 13.880, 201.14, 86.80, 13.880, 201.14, 86.80, 0.000, 353.11, -0.01);
insert into SHOT values (81, 75, 82, 57, 2.780, 35.54, 56.80, 2.780, 35.54, 56.80, 0.000, 170.14, -0.01);
insert into SHOT values (82, 75, 83, 57, 3.520, 209.44, 59.00, 3.520, 209.44, 59.00, 0.000, 330.23, -0.08);
insert into SHOT values (83, 75, 84, 57, 26.480, 117.04, -87.60, 26.480, 117.04, -87.60, 0.000, 358.73, 0.03);
insert into SHOT values (84, 75, 85, 57, 9.820, 185.64, -80.20, 9.820, 185.64, -80.20, 0.000, 175.97, 0.01);
insert into SHOT values (85, 75, 86, 57, 7.810, 21.24, -85.80, 7.810, 21.24, -85.80, 0.000, 349.91, -0.05);
insert into SHOT values (86, 86, 87, 57, 2.320, 18.24, 0.60, 2.320, 18.24, 0.60, 0.000, 3.31, -0.01);
insert into SHOT values (87, 86, 88, 57, 1.190, 78.84, 4.20, 1.190, 78.84, 4.20, 0.000, 353.84, 0.02);
insert into SHOT values (88, 86, 89, 57, 1.240, 128.24, -9.20, 1.240, 128.24, -9.20, 0.000, 186.52, -0.01);
insert into SHOT values (89, 86, 90, 57, 1.950, 183.04, -1.70, 1.950, 183.04, -1.70, 0.000, 355.82, 0.03);
insert into SHOT values (90, 86, 91, 57, 2.740, 196.14, -1.70, 2.740, 196.14, -1.70, 0.000, 345.09, 0.02);
insert into SHOT values (91, 86, 92, 57, 1.240, 228.34, 1.60, 1.240, 228.34, 1.60, 0.000, 86.09, 0.05);
insert into SHOT values (92, 86, 93, 57, 15.740, 190.54, 85.00, 15.740, 190.54, 85.00, 0.000, 188.27, -0.12);
insert into SHOT values (93, 86, 94, 57, 27.320, 339.74, -86.30, 27.320, 339.74, -86.30, 0.000, 5.39, -0.01);
insert into SHOT values (94, 94, 95, 57, 28.370, 353.24, -86.70, 28.370, 353.24, -86.70, 0.000, 336.38, -0.06);
insert into SHOT values (95, 94, 96, 57, 3.750, 358.94, -0.10, 3.750, 358.94, -0.10, 0.000, 359.60, -0.00);
insert into SHOT values (96, 94, 97, 57, 6.330, 6.14, 1.10, 6.330, 6.14, 1.10, 0.000, 351.58, 0.00);
insert into SHOT values (97, 94, 98, 57, 0.890, 51.54, 0.50, 0.890, 51.54, 0.50, 0.000, 350.44, -0.02);
insert into SHOT values (98, 94, 99, 57, 0.670, 108.04, -2.80, 0.670, 108.04, -2.80, 0.000, 180.20, -0.00);
insert into SHOT values (99, 94, 100, 57, 2.960, 162.34, -2.90, 2.960, 162.34, -2.90, 0.000, 148.36, 0.00);
insert into SHOT values (100, 94, 101, 57, 8.170, 182.14, -1.90, 8.170, 182.14, -1.90, 0.000, 357.33, -0.03);
insert into SHOT values (101, 94, 102, 57, 4.650, 186.64, 0.40, 4.650, 186.64, 0.40, 0.000, 357.77, 0.00);
insert into SHOT values (102, 94, 103, 57, 12.100, 358.04, 61.50, 12.100, 358.04, 61.50, 0.000, 3.90, 0.02);
insert into SHOT values (103, 94, 104, 57, 18.700, 0.24, 77.90, 18.700, 0.24, 77.90, 0.000, 202.10, 0.06);
insert into SHOT values (104, 94, 105, 57, 9.560, 173.64, -82.00, 9.560, 173.64, -82.00, 0.000, 353.48, -0.03);
insert into SHOT values (105, 105, 106, 57, 0.470, 288.54, 5.50, 0.470, 288.54, 5.50, 0.000, 177.51, 0.02);
insert into SHOT values (106, 105, 107, 57, 0.900, 339.24, 2.50, 0.900, 339.24, 2.50, 0.000, 351.72, 0.01);
insert into SHOT values (107, 105, 108, 57, 8.820, 9.04, -1.00, 8.820, 9.04, -1.00, 0.000, 352.00, 0.01);
insert into SHOT values (108, 105, 109, 57, 0.570, 82.14, 3.40, 0.570, 82.14, 3.40, 0.000, 178.14, -0.01);
insert into SHOT values (109, 105, 110, 57, 0.970, 173.44, 13.30, 0.970, 173.44, 13.30, 0.000, 220.09, 0.02);
insert into SHOT values (110, 105, 111, 57, 3.960, 6.74, 4.90, 3.960, 6.74, 4.90, 0.000, 186.48, -0.01);
insert into SHOT values (111, 111, 112, 57, 0.850, 96.04, -6.10, 0.850, 96.04, -6.10, 0.000, 183.67, -0.01);
insert into SHOT values (112, 111, 113, 57, 2.080, 37.74, -1.20, 2.080, 37.74, -1.20, 0.000, 177.76, 0.01);
insert into SHOT values (113, 111, 114, 57, 5.110, 9.34, 1.60, 5.110, 9.34, 1.60, 0.000, 170.57, -0.02);
insert into SHOT values (114, 111, 115, 57, 2.670, 332.14, 9.90, 2.670, 332.14, 9.90, 0.000, 359.47, 0.01);
insert into SHOT values (115, 111, 116, 57, 0.360, 277.24, 7.60, 0.360, 277.24, 7.60, 0.000, 159.54, 0.01);
insert into SHOT values (116, 111, 117, 57, 4.560, 187.44, 8.50, 4.560, 187.44, 8.50, 0.000, 174.58, 0.02);
insert into SHOT values (117, 111, 118, 57, 1.980, 201.74, 8.10, 1.980, 201.74, 8.10, 0.000, 94.36, -0.01);
insert into SHOT values (118, 111, 119, 57, 1.200, 166.04, 8.80, 1.200, 166.04, 8.80, 0.000, 358.36, 0.01);
insert into SHOT values (119, 111, 120, 57, 0.990, 145.94, 0.80, 0.990, 145.94, 0.80, 0.000, 323.20, 0.06);
insert into SHOT values (120, 111, 121, 57, 5.340, 20.74, -64.80, 5.340, 20.74, -64.80, 0.000, 355.33, -0.02);
insert into SHOT values (121, 121, 122, 57, 1.610, 249.44, 5.50, 1.610, 249.44, 5.50, 0.000, 187.04, 0.00);
insert into SHOT values (122, 121, 123, 57, 1.270, 327.44, 3.30, 1.270, 327.44, 3.30, 0.000, 173.67, 0.00);
insert into SHOT values (123, 121, 124, 57, 2.430, 9.54, 1.80, 2.430, 9.54, 1.80, 0.000, 357.21, -0.03);
insert into SHOT values (124, 121, 125, 57, 0.600, 92.54, 5.50, 0.600, 92.54, 5.50, 0.000, 4.37, -0.02);
insert into SHOT values (125, 121, 126, 57, 1.720, 162.24, 6.00, 1.720, 162.24, 6.00, 0.000, 348.26, 0.01);
insert into SHOT values (126, 121, 127, 57, 2.790, 191.34, 3.80, 2.790, 191.34, 3.80, 0.000, 177.25, 0.01);
insert into SHOT values (127, 121, 128, 57, 2.550, 207.24, 2.20, 2.550, 207.24, 2.20, 0.000, 183.34, -0.00);
insert into SHOT values (128, 121, 129, 57, 1.580, 248.54, 2.30, 1.580, 248.54, 2.30, 0.000, 349.04, 0.01);
insert into SHOT values (129, 121, 130, 57, 14.060, 336.44, 76.20, 14.060, 336.44, 76.20, 0.000, 1.38, -0.01);
insert into SHOT values (130, 121, 131, 57, 21.490, 244.44, 85.20, 21.490, 244.44, 85.20, 0.000, 193.79, 0.03);
insert into SHOT values (131, 121, 132, 57, 1.230, 284.94, -68.00, 1.230, 284.94, -68.00, 0.000, 136.24, 0.03);
insert into SHOT values (132, 121, 133, 57, 1.170, 84.44, -70.30, 1.170, 84.44, -70.30, 0.000, 33.16, -0.03);
insert into SHOT values (133, 121, 134, 57, 14.670, 24.44, -88.70, 14.670, 24.44, -88.70, 0.000, 322.18, 0.07);
insert into SHOT values (134, 121, 135, 57, 13.580, 192.84, -77.20, 13.580, 192.84, -77.20, 0.000, 15.02, -0.01);
insert into SHOT values (135, 121, 136, 57, 14.680, 18.04, -89.40, 14.680, 18.04, -89.40, 0.000, 347.85, -0.01);
insert into SHOT values (136, 136, 137, 57, 0.340, 97.74, 1.90, 0.340, 97.74, 1.90, 0.000, 189.87, -0.02);
insert into SHOT values (137, 136, 138, 57, 1.850, 27.94, -1.70, 1.850, 27.94, -1.70, 0.000, 286.54, -0.09);
insert into SHOT values (138, 136, 139, 57, 1.010, 2.04, -2.00, 1.010, 2.04, -2.00, 0.000, 322.62, -0.02);
insert into SHOT values (139, 136, 140, 57, 0.410, 279.34, 4.50, 0.410, 279.34, 4.50, 0.000, 175.91, -0.02);
insert into SHOT values (140, 136, 141, 57, 1.900, 192.44, 2.10, 1.900, 192.44, 2.10, 0.000, 172.61, -0.07);
insert into SHOT values (141, 136, 142, 57, 7.930, 356.84, 80.90, 7.930, 356.84, 80.90, 0.000, 180.41, -0.01);
insert into SHOT values (142, 136, 143, 57, 0.580, 40.54, -77.50, 0.580, 40.54, -77.50, 0.000, 208.09, -0.03);
insert into SHOT values (143, 136, 144, 57, 3.200, 17.94, 1.80, 3.200, 17.94, 1.80, 0.000, 2.22, -0.00);
insert into SHOT values (144, 144, 145, 57, 0.550, 280.44, 0.20, 0.550, 280.44, 0.20, 0.000, 182.67, -0.00);
insert into SHOT values (145, 144, 146, 57, 0.430, 76.04, 1.10, 0.430, 76.04, 1.10, 0.000, 7.79, -0.01);
insert into SHOT values (146, 144, 147, 57, 1.680, 11.84, 7.50, 1.680, 11.84, 7.50, 0.000, 358.41, 0.00);
insert into SHOT values (147, 144, 148, 57, 3.450, 6.44, 9.60, 3.450, 6.44, 9.60, 0.000, 14.91, 0.00);
insert into SHOT values (148, 144, 149, 57, 3.310, 349.64, 7.30, 3.310, 349.64, 7.30, 0.000, 188.29, 0.02);
insert into SHOT values (149, 144, 150, 57, 1.370, 340.14, 11.60, 1.370, 340.14, 11.60, 0.000, 14.82, 0.12);
insert into SHOT values (150, 144, 151, 57, 6.280, 320.44, 77.50, 6.280, 320.44, 77.50, 0.000, 8.62, 0.01);
insert into SHOT values (151, 144, 152, 57, 0.900, 184.24, -72.90, 0.900, 184.24, -72.90, 0.000, 351.50, 0.01);
insert into SHOT values (152, 144, 153, 57, 3.600, 357.74, 13.00, 3.600, 357.74, 13.00, 0.000, 323.20, -0.07);
insert into SHOT values (153, 153, 154, 57, 0.320, 71.34, 1.10, 0.320, 71.34, 1.10, 0.000, 191.28, 0.01);
insert into SHOT values (154, 153, 155, 57, 1.800, 135.04, 4.70, 1.800, 135.04, 4.70, 0.000, 12.99, 0.03);
insert into SHOT values (155, 153, 156, 57, 3.210, 178.04, 3.00, 3.210, 178.04, 3.00, 0.000, 350.01, -0.02);
insert into SHOT values (156, 153, 157, 57, 1.060, 233.64, -0.40, 1.060, 233.64, -0.40, 0.000, 352.62, 0.01);
insert into SHOT values (157, 153, 158, 57, 0.790, 306.54, -0.50, 0.790, 306.54, -0.50, 0.000, 179.67, 0.00);
insert into SHOT values (158, 153, 159, 57, 1.190, 336.84, 3.40, 1.190, 336.84, 3.40, 0.000, 184.81, -0.02);
insert into SHOT values (159, 153, 160, 57, 4.480, 352.04, 5.60, 4.480, 352.04, 5.60, 0.000, 68.88, 0.10);
insert into SHOT values (160, 153, 161, 57, 0.580, 358.84, 4.00, 0.580, 358.84, 4.00, 0.000, 356.17, 0.01);
insert into SHOT values (161, 153, 162, 57, 5.330, 181.54, 65.90, 5.330, 181.54, 65.90, 0.000, 139.68, -0.03);
insert into SHOT values (162, 153, 163, 57, 14.520, 178.94, 86.30, 14.520, 178.94, 86.30, 0.000, 180.17, 0.02);
insert into SHOT values (163, 153, 164, 57, 1.710, 122.54, -59.80, 1.710, 122.54, -59.80, 0.000, 169.74, -0.02);
insert into SHOT values (164, 153, 165, 57, 1.530, 217.34, -81.90, 1.530, 217.34, -81.90, 0.000, 173.90, 0.00);
insert into SHOT values (165, 153, 166, 57, 4.990, 19.04, -82.10, 4.990, 19.04, -82.10, 0.000, 176.62, -0.01);
insert into SHOT values (166, 166, 167, 57, 2.850, 176.84, -2.20, 2.850, 176.84, -2.20, 0.000, 154.88, -0.01);
insert into SHOT values (167, 166, 168, 57, 0.570, 94.54, 4.50, 0.570, 94.54, 4.50, 0.000, 134.94, -0.05);
insert into SHOT values (168, 166, 169, 57, 1.500, 153.64, 0.00, 1.500, 153.64, 0.00, 0.000, 359.30, 0.00);
insert into SHOT values (169, 166, 170, 57, 0.600, 210.14, -5.50, 0.600, 210.14, -5.50, 0.000, 189.07, 0.02);
insert into SHOT values (170, 166, 171, 57, 3.400, 319.34, 2.30, 3.400, 319.34, 2.30, 0.000, 122.36, -0.09);
insert into SHOT values (171, 166, 172, 57, 1.790, 198.84, -69.60, 1.790, 198.84, -69.60, 0.000, 186.22, -0.02);
insert into SHOT values (172, 166, 173, 57, 6.600, 262.24, 83.50, 6.600, 262.24, 83.50, 0.000, 161.17, 0.00);
insert into SHOT values (173, 166, 174, 57, 21.670, 1.24, -80.40, 21.670, 1.24, -80.40, 0.000, 177.33, -0.01);
insert into SHOT values (174, 166, 175, 57, 5.010, 352.04, -64.40, 5.010, 352.04, -64.40, 0.000, 263.54, 0.16);
insert into SHOT values (175, 166, 176, 57, 4.780, 352.04, -64.20, 4.780, 352.04, -64.20, 0.000, 3.90, 0.00);
insert into SHOT values (176, 166, 177, 57, 20.290, 357.34, -79.10, 20.290, 357.34, -79.10, 0.000, 228.43, 0.01);
insert into SHOT values (177, 177, 178, 57, 1.420, 9.14, 7.20, 1.420, 9.14, 7.20, 0.000, 3.47, -0.00);
insert into SHOT values (178, 177, 179, 57, 2.940, 41.54, 3.10, 2.940, 41.54, 3.10, 0.000, 199.10, 0.03);
insert into SHOT values (179, 177, 180, 57, 1.890, 105.54, 3.10, 1.890, 105.54, 3.10, 0.000, 127.96, 0.06);
insert into SHOT values (180, 177, 181, 57, 2.260, 140.64, 3.00, 2.260, 140.64, 3.00, 0.000, 40.60, 0.08);
insert into SHOT values (181, 177, 182, 57, 1.100, 165.04, 2.40, 1.100, 165.04, 2.40, 0.000, 184.26, -0.02);
insert into SHOT values (182, 177, 183, 57, 27.290, 224.14, 84.30, 27.290, 224.14, 84.30, 0.000, 167.60, -0.00);
insert into SHOT values (183, 177, 184, 57, 1.690, 94.24, -79.90, 1.690, 94.24, -79.90, 0.000, 174.03, -0.00);
insert into SHOT values (184, 177, 185, 57, 3.030, 31.14, -11.60, 3.030, 31.14, -11.60, 0.000, 246.10, -0.04);
insert into SHOT values (185, 185, 186, 57, 0.720, 292.84, 14.10, 0.720, 292.84, 14.10, 0.000, 357.83, -0.02);
insert into SHOT values (186, 185, 187, 57, 1.130, 267.74, 10.50, 1.130, 267.74, 10.50, 0.000, 9.54, 0.04);
insert into SHOT values (187, 185, 188, 57, 0.830, 245.04, 4.10, 0.830, 245.04, 4.10, 0.000, 167.72, -0.02);
insert into SHOT values (188, 185, 189, 57, 1.080, 275.84, 7.00, 1.080, 275.84, 7.00, 0.000, 291.48, -0.15);
insert into SHOT values (189, 185, 190, 57, 3.060, 209.04, 2.40, 3.060, 209.04, 2.40, 0.000, 181.92, 0.02);
insert into SHOT values (190, 185, 191, 57, 0.500, 180.34, 3.90, 0.500, 180.34, 3.90, 0.000, 26.40, -0.00);
insert into SHOT values (191, 185, 192, 57, 4.260, 189.94, 1.70, 4.260, 189.94, 1.70, 0.000, 170.54, -0.01);
insert into SHOT values (192, 185, 193, 57, 1.490, 134.64, 4.60, 1.490, 134.64, 4.60, 0.000, 182.00, 0.01);
insert into SHOT values (193, 185, 194, 57, 16.150, 240.24, 72.10, 16.150, 240.24, 72.10, 0.000, 161.58, -0.03);
insert into SHOT values (194, 185, 195, 57, 12.280, 277.24, 64.70, 12.280, 277.24, 64.70, 0.000, 341.08, -0.02);
insert into SHOT values (195, 185, 196, 57, 1.910, 171.84, -76.00, 1.910, 171.84, -76.00, 0.000, 183.13, -0.01);
insert into SHOT values (196, 185, 197, 57, 3.120, 300.54, -68.80, 3.120, 300.54, -68.80, 0.000, 14.10, -0.01);
insert into SHOT values (197, 185, 198, 57, 3.120, 306.74, -71.30, 3.120, 306.74, -71.30, 0.000, 316.09, 0.02);
insert into SHOT values (198, 198, 199, 57, 3.120, 307.64, -7.80, 3.120, 307.64, -7.80, 0.000, 186.48, 0.01);
insert into SHOT values (199, 198, 200, 57, 4.270, 314.04, -9.60, 4.270, 314.04, -9.60, 0.000, 28.96, -0.02);
insert into SHOT values (200, 198, 201, 57, 1.110, 345.14, 0.40, 1.110, 345.14, 0.40, 0.000, 169.89, -0.01);
insert into SHOT values (201, 198, 202, 57, 0.710, 58.04, 5.80, 0.710, 58.04, 5.80, 0.000, 174.14, 0.04);
insert into SHOT values (202, 198, 203, 57, 1.240, 114.14, 5.10, 1.240, 114.14, 5.10, 0.000, 2.36, -0.02);
insert into SHOT values (203, 198, 204, 57, 1.380, 149.54, -2.30, 1.380, 149.54, -2.30, 0.000, 178.71, 0.07);
insert into SHOT values (204, 198, 205, 57, 7.170, 278.74, 77.60, 7.170, 278.74, 77.60, 0.000, 169.92, -0.02);
insert into SHOT values (205, 198, 206, 57, 1.320, 167.64, -53.60, 1.320, 167.64, -53.60, 0.000, 4.97, -0.00);
insert into SHOT values (206, 198, 207, 57, 13.610, 24.94, -82.80, 13.610, 24.94, -82.80, 0.000, 5.21, -0.02);
insert into SHOT values (207, 198, 208, 57, 13.980, 350.74, -76.10, 13.980, 350.74, -76.10, 0.000, 173.30, 0.00);
insert into SHOT values (208, 208, 209, 57, 1.940, 271.84, 0.70, 1.940, 271.84, 0.70, 0.000, 203.80, -0.07);
insert into SHOT values (209, 208, 210, 57, 1.590, 293.04, -2.70, 1.590, 293.04, -2.70, 0.000, 10.32, -0.04);
insert into SHOT values (210, 208, 211, 57, 4.990, 326.34, -5.00, 4.990, 326.34, -5.00, 0.000, 169.41, -0.03);
insert into SHOT values (211, 208, 212, 57, 0.400, 3.44, 5.00, 0.400, 3.44, 5.00, 0.000, 2.39, 0.02);
insert into SHOT values (212, 208, 213, 57, 0.440, 214.94, -0.70, 0.440, 214.94, -0.70, 0.000, 158.03, -0.03);
insert into SHOT values (213, 208, 214, 57, 2.260, 167.04, 7.60, 2.260, 167.04, 7.60, 0.000, 2.56, 0.00);
insert into SHOT values (214, 208, 215, 57, 1.930, 131.74, 6.30, 1.930, 131.74, 6.30, 0.000, 356.33, 0.01);
insert into SHOT values (215, 208, 216, 57, 2.330, 108.74, 3.90, 2.330, 108.74, 3.90, 0.000, 335.68, -0.00);
insert into SHOT values (216, 208, 217, 57, 1.270, 83.64, 10.90, 1.270, 83.64, 10.90, 0.000, 318.06, -0.06);
insert into SHOT values (217, 208, 218, 57, 16.010, 222.74, 79.10, 16.010, 222.74, 79.10, 0.000, 185.11, 0.01);
insert into SHOT values (218, 208, 219, 57, 2.650, 153.74, -63.90, 2.650, 153.74, -63.90, 0.000, 185.99, 0.01);
insert into SHOT values (219, 208, 220, 57, 3.050, 111.14, -42.70, 3.050, 111.14, -42.70, 0.000, 5.65, -0.00);
insert into SHOT values (220, 208, 221, 57, 21.090, 1.64, -83.30, 21.090, 1.64, -83.30, 0.000, 21.00, 0.09);
insert into SHOT values (221, 221, 222, 57, 1.960, 189.34, 4.10, 1.960, 189.34, 4.10, 0.000, 181.63, -0.03);
insert into SHOT values (222, 221, 223, 57, 1.560, 109.04, 15.20, 1.560, 109.04, 15.20, 0.000, 6.54, -0.01);
insert into SHOT values (223, 221, 224, 57, 1.920, 28.64, 14.20, 1.920, 28.64, 14.20, 0.000, 183.02, 0.04);
insert into SHOT values (224, 221, 225, 57, 1.120, 86.54, 20.00, 1.120, 86.54, 20.00, 0.000, 148.76, -0.06);
insert into SHOT values (225, 221, 226, 57, 3.200, 336.04, 5.80, 3.200, 336.04, 5.80, 0.000, 356.64, 0.01);
insert into SHOT values (226, 221, 227, 57, 5.620, 325.44, 3.40, 5.620, 325.44, 3.40, 0.000, 358.73, 0.00);
insert into SHOT values (227, 221, 228, 57, 4.290, 305.84, 2.60, 4.290, 305.84, 2.60, 0.000, 307.51, -0.06);
insert into SHOT values (228, 221, 229, 57, 2.430, 282.34, 33.90, 2.430, 282.34, 33.90, 0.000, 5.85, -0.02);
insert into SHOT values (229, 229, 230, 57, 5.800, 359.64, 1.50, 5.800, 359.64, 1.50, 0.000, 4.43, -0.03);
insert into SHOT values (230, 229, 231, 57, 3.210, 27.54, -0.20, 3.210, 27.54, -0.20, 0.000, 175.90, 0.00);
insert into SHOT values (231, 229, 232, 57, 3.200, 78.74, 3.10, 3.200, 78.74, 3.10, 0.000, 169.08, -0.04);
insert into SHOT values (232, 229, 233, 57, 4.280, 119.54, 5.30, 4.280, 119.54, 5.30, 0.000, 174.76, -0.02);
insert into SHOT values (233, 229, 234, 57, 3.110, 141.04, 0.00, 3.110, 141.04, 0.00, 0.000, 23.39, 0.00);
insert into SHOT values (234, 229, 235, 57, 19.500, 119.04, 81.50, 19.500, 119.04, 81.50, 0.000, 10.27, -0.01);
insert into SHOT values (235, 229, 236, 57, 2.170, 66.24, -67.20, 2.170, 66.24, -67.20, 0.000, 359.20, 0.02);
insert into SHOT values (236, 229, 237, 57, 4.870, 333.84, -32.50, 4.870, 333.84, -32.50, 0.000, 184.33, -0.01);
insert into SHOT values (237, 237, 238, 57, 2.280, 8.14, 0.90, 2.280, 8.14, 0.90, 0.000, 177.99, 0.03);
insert into SHOT values (238, 237, 239, 57, 1.500, 189.24, -3.00, 1.500, 189.24, -3.00, 0.000, 5.84, 0.02);
insert into SHOT values (239, 237, 240, 57, 1.760, 156.94, -2.80, 1.760, 156.94, -2.80, 0.000, 355.12, 0.01);
insert into SHOT values (240, 237, 241, 57, 0.770, 124.24, 8.40, 0.770, 124.24, 8.40, 0.000, 183.14, -0.03);
insert into SHOT values (241, 237, 242, 57, 1.060, 74.54, 11.00, 1.060, 74.54, 11.00, 0.000, 352.64, -0.03);
insert into SHOT values (242, 237, 243, 57, 1.580, 35.84, 5.70, 1.580, 35.84, 5.70, 0.000, 0.06, -0.01);
insert into SHOT values (243, 237, 244, 57, 12.150, 108.24, 69.10, 12.150, 108.24, 69.10, 0.000, 179.91, -0.00);
insert into SHOT values (244, 237, 245, 57, 0.880, 350.84, -47.60, 0.880, 350.84, -47.60, 0.000, 292.21, 0.11);
insert into SHOT values (245, 237, 246, 57, 1.530, 179.74, -40.00, 1.530, 179.74, -40.00, 0.000, 73.98, 0.01);
insert into SHOT values (246, 237, 247, 57, 11.830, 277.34, -83.30, 11.830, 277.34, -83.30, 0.000, 183.63, -0.00);
insert into SHOT values (247, 247, 248, 57, 2.240, 28.24, -3.00, 2.240, 28.24, -3.00, 0.000, 222.53, 0.07);
insert into SHOT values (248, 247, 249, 57, 4.450, 45.54, -1.60, 4.450, 45.54, -1.60, 0.000, 353.89, -0.02);
insert into SHOT values (249, 247, 250, 57, 2.490, 102.84, 7.50, 2.490, 102.84, 7.50, 0.000, 19.34, 0.02);
insert into SHOT values (250, 247, 251, 57, 2.550, 139.14, 8.90, 2.550, 139.14, 8.90, 0.000, 177.35, 0.02);
insert into SHOT values (251, 247, 252, 57, 0.690, 167.44, 6.60, 0.690, 167.44, 6.60, 0.000, 193.85, 0.02);
insert into SHOT values (252, 247, 253, 57, 10.730, 65.34, 85.50, 10.730, 65.34, 85.50, 0.000, 185.18, -0.01);
insert into SHOT values (253, 247, 254, 57, 2.980, 16.14, -82.30, 2.980, 16.14, -82.30, 0.000, 8.80, 0.01);
insert into SHOT values (254, 247, 255, 57, 3.300, 52.94, 0.90, 3.300, 52.94, 0.90, 0.000, 170.09, 0.02);
insert into SHOT values (255, 255, 256, 57, 1.750, 114.54, -1.50, 1.750, 114.54, -1.50, 0.000, 189.62, 0.05);
insert into SHOT values (256, 255, 257, 57, 3.370, 82.34, 6.30, 3.370, 82.34, 6.30, 0.000, 1.25, 0.01);
insert into SHOT values (257, 255, 258, 57, 4.910, 68.44, 21.70, 4.910, 68.44, 21.70, 0.000, 179.54, -0.01);
insert into SHOT values (258, 255, 259, 57, 1.030, 339.24, 5.20, 1.030, 339.24, 5.20, 0.000, 352.80, -0.01);
insert into SHOT values (259, 255, 260, 57, 1.810, 264.34, 0.40, 1.810, 264.34, 0.40, 0.000, 5.49, 0.01);
insert into SHOT values (260, 255, 261, 57, 2.630, 253.14, 0.10, 2.630, 253.14, 0.10, 0.000, 180.96, 0.01);
insert into SHOT values (261, 255, 262, 57, 3.650, 228.14, 0.70, 3.650, 228.14, 0.70, 0.000, 3.31, 0.02);
insert into SHOT values (262, 255, 263, 57, 3.790, 202.94, 2.90, 3.790, 202.94, 2.90, 0.000, 6.66, -0.01);
insert into SHOT values (263, 255, 264, 57, 3.430, 212.34, 3.20, 3.430, 212.34, 3.20, 0.000, 178.55, 0.01);
insert into SHOT values (264, 255, 265, 57, 1.560, 123.94, -79.90, 1.560, 123.94, -79.90, 0.000, 353.47, 0.02);
insert into SHOT values (265, 255, 266, 57, 7.880, 148.74, 86.60, 7.880, 148.74, 86.60, 0.000, 354.84, 0.00);
insert into SHOT values (266, 255, 267, 57, 16.990, 101.14, 81.90, 16.990, 101.14, 81.90, 0.000, 187.09, -0.01);
insert into SHOT values (267, 255, 268, 57, 2.760, 90.34, 11.60, 2.760, 90.34, 11.60, 0.000, 121.57, 0.09);
insert into SHOT values (268, 268, 269, 57, 2.620, 28.34, -1.20, 2.620, 28.34, -1.20, 0.000, 40.31, 0.08);
insert into SHOT values (269, 268, 270, 57, 4.310, 357.34, -1.50, 4.310, 357.34, -1.50, 0.000, 32.38, -0.01);
insert into SHOT values (270, 268, 271, 57, 0.960, 321.84, -5.10, 0.960, 321.84, -5.10, 0.000, 39.28, -0.02);
insert into SHOT values (271, 268, 272, 57, 2.620, 292.84, 2.90, 2.620, 292.84, 2.90, 0.000, 169.50, -0.01);
insert into SHOT values (272, 268, 273, 57, 3.250, 274.64, 8.00, 3.250, 274.64, 8.00, 0.000, 0.43, -0.00);
insert into SHOT values (273, 268, 274, 57, 5.160, 247.44, -4.00, 5.160, 247.44, -4.00, 0.000, 15.94, -0.02);
insert into SHOT values (274, 268, 275, 57, 0.480, 173.24, -1.90, 0.480, 173.24, -1.90, 0.000, 156.10, -0.04);
insert into SHOT values (275, 268, 276, 57, 12.590, 246.34, 85.80, 12.590, 246.34, 85.80, 0.000, 27.01, -0.05);
insert into SHOT values (276, 268, 277, 57, 5.270, 266.34, 54.20, 5.270, 266.34, 54.20, 0.000, 201.04, -0.04);
insert into SHOT values (277, 268, 278, 57, 5.750, 316.64, -80.10, 5.750, 316.64, -80.10, 0.000, 169.47, 0.02);
insert into SHOT values (278, 268, 279, 57, 5.310, 16.04, -63.60, 5.310, 16.04, -63.60, 0.000, 178.78, 0.02);
insert into SHOT values (279, 268, 280, 57, 5.310, 19.14, -67.60, 5.310, 19.14, -67.60, 0.000, 0.03, 0.01);
insert into SHOT values (280, 280, 281, 57, 0.920, 252.64, 2.00, 0.920, 252.64, 2.00, 0.000, 181.09, 0.01);
insert into SHOT values (281, 280, 282, 57, 2.900, 226.54, 2.30, 2.900, 226.54, 2.30, 0.000, 191.40, -0.03);
insert into SHOT values (282, 280, 283, 57, 1.780, 191.74, 0.80, 1.780, 191.74, 0.80, 0.000, 22.86, 0.06);
insert into SHOT values (283, 280, 284, 57, 3.100, 326.64, 1.30, 3.100, 326.64, 1.30, 0.000, 171.21, 0.01);
insert into SHOT values (284, 280, 285, 57, 3.940, 353.24, 4.30, 3.940, 353.24, 4.30, 0.000, 351.51, 0.01);
insert into SHOT values (285, 280, 286, 57, 2.040, 219.04, -20.80, 2.040, 219.04, -20.80, 0.000, 0.01, 0.01);
insert into SHOT values (286, 280, 287, 57, 0.900, 278.34, -80.60, 0.900, 278.34, -80.60, 0.000, 359.91, 0.00);
insert into SHOT values (287, 280, 288, 57, 10.280, 296.04, -82.20, 10.280, 296.04, -82.20, 0.000, 180.00, -0.00);
insert into SHOT values (288, 280, 289, 57, 15.900, 285.24, 81.40, 15.900, 285.24, 81.40, 0.000, 5.96, -0.00);
insert into SHOT values (289, 280, 290, 57, 13.600, 331.74, -72.70, 13.600, 331.74, -72.70, 0.000, 34.09, 0.05);
insert into SHOT values (290, 290, 291, 57, 3.320, 203.04, -0.10, 3.320, 203.04, -0.10, 0.000, 182.42, -0.02);
insert into SHOT values (291, 290, 292, 57, 1.720, 144.04, 7.70, 1.720, 144.04, 7.70, 0.000, 6.17, 0.00);
insert into SHOT values (292, 290, 293, 57, 1.250, 92.84, 4.60, 1.250, 92.84, 4.60, 0.000, 172.30, 0.18);
insert into SHOT values (293, 290, 294, 57, 1.520, 257.84, 3.30, 1.520, 257.84, 3.30, 0.000, 179.40, 0.01);
insert into SHOT values (294, 290, 295, 57, 1.200, 327.54, 2.90, 1.200, 327.54, 2.90, 0.000, 192.87, -0.00);
insert into SHOT values (295, 290, 296, 57, 0.710, 22.64, -12.00, 0.710, 22.64, -12.00, 0.000, 216.10, 0.05);
insert into SHOT values (296, 290, 297, 57, 27.550, 172.54, 81.60, 27.550, 172.54, 81.60, 0.000, 165.02, 0.03);
insert into SHOT values (297, 290, 298, 57, 3.000, 308.14, -87.60, 3.000, 308.14, -87.60, 0.000, 54.71, -0.02);
insert into SHOT values (298, 290, 299, 57, 1.470, 335.54, -29.10, 1.470, 335.54, -29.10, 0.000, 183.37, 0.00);
insert into SHOT values (299, 290, 300, 57, 1.820, 330.54, -40.40, 1.820, 330.54, -40.40, 0.000, 340.21, -0.00);
insert into SHOT values (300, 300, 301, 57, 1.190, 222.74, 4.40, 1.190, 222.74, 4.40, 0.000, 352.50, -0.01);
insert into SHOT values (301, 300, 302, 57, 1.370, 164.24, -6.90, 1.370, 164.24, -6.90, 0.000, 203.88, -0.04);
insert into SHOT values (302, 300, 303, 57, 1.640, 141.14, -4.70, 1.640, 141.14, -4.70, 0.000, 6.46, -0.00);
insert into SHOT values (303, 300, 304, 57, 0.810, 116.04, -0.00, 0.810, 116.04, 0.00, 0.000, 189.87, 0.00);
insert into SHOT values (304, 300, 305, 57, 2.980, 62.04, 0.70, 2.980, 62.04, 0.70, 0.000, 111.34, 0.13);
insert into SHOT values (305, 300, 306, 57, 1.100, 48.34, 3.50, 1.100, 48.34, 3.50, 0.000, 178.32, -0.01);
insert into SHOT values (306, 300, 307, 57, 0.400, 352.04, 25.70, 0.400, 352.04, 25.70, 0.000, 182.66, 0.02);
insert into SHOT values (307, 300, 308, 57, 13.800, 150.44, 82.40, 13.800, 150.44, 82.40, 0.000, 8.28, 0.00);
insert into SHOT values (308, 300, 309, 57, 1.670, 167.14, -88.90, 1.670, 167.14, -88.90, 0.000, 182.67, -0.01);
insert into SHOT values (309, 300, 310, 57, 2.710, 60.64, -55.60, 2.710, 60.64, -55.60, 0.000, 10.80, 0.02);
insert into SHOT values (310, 300, 311, 57, 6.010, 58.84, -51.30, 6.010, 58.84, -51.30, 0.000, 11.68, 0.03);
insert into SHOT values (311, 300, 312, 57, 4.000, 60.54, 26.20, 4.000, 60.54, 26.20, 0.000, 182.06, 0.00);
insert into SHOT values (312, 312, 313, 57, 0.870, 25.84, 7.40, 0.870, 25.84, 7.40, 0.000, 0.63, 0.00);
insert into SHOT values (313, 312, 314, 57, 1.000, 330.54, 9.00, 1.000, 330.54, 9.00, 0.000, 178.65, 0.01);
insert into SHOT values (314, 312, 315, 57, 4.230, 338.74, 1.60, 4.230, 338.74, 1.60, 0.000, 179.16, 0.01);
insert into SHOT values (315, 312, 316, 57, 0.780, 279.54, 4.90, 0.780, 279.54, 4.90, 0.000, 332.59, 0.03);
insert into SHOT values (316, 312, 317, 57, 1.540, 237.54, 4.30, 1.540, 237.54, 4.30, 0.000, 180.09, -0.02);
insert into SHOT values (317, 312, 318, 57, 0.600, 225.54, 17.00, 0.600, 225.54, 17.00, 0.000, 164.12, 0.02);
insert into SHOT values (318, 312, 319, 57, 2.680, 242.04, 79.20, 2.680, 242.04, 79.20, 0.000, 177.49, 0.01);
insert into SHOT values (319, 312, 320, 57, 2.330, 281.14, -65.20, 2.330, 281.14, -65.20, 0.000, 183.32, -0.01);
insert into SHOT values (320, 312, 321, 57, 8.260, 276.84, -78.70, 8.260, 276.84, -78.70, 0.000, 186.12, 0.01);
insert into SHOT values (321, 312, 322, 57, 1.630, 348.44, -0.80, 1.630, 348.44, -0.80, 0.000, 10.79, -0.04);
insert into SHOT values (322, 322, 323, 57, 1.650, 340.84, 0.60, 1.650, 340.84, 0.60, 0.000, 356.88, 0.01);
insert into SHOT values (323, 322, 324, 57, 3.190, 327.44, 1.20, 3.190, 327.44, 1.20, 0.000, 197.22, 0.03);
insert into SHOT values (324, 322, 325, 57, 1.990, 311.84, 0.80, 1.990, 311.84, 0.80, 0.000, 6.17, 0.01);
insert into SHOT values (325, 322, 326, 57, 0.340, 227.54, 3.50, 0.340, 227.54, 3.50, 0.000, 179.66, -0.00);
insert into SHOT values (326, 322, 327, 57, 1.470, 171.24, 3.60, 1.470, 171.24, 3.60, 0.000, 298.96, -0.02);
insert into SHOT values (327, 322, 328, 57, 0.910, 138.44, -12.00, 0.910, 138.44, -12.00, 0.000, 22.08, 0.02);
insert into SHOT values (328, 322, 329, 57, 2.330, 261.94, 76.50, 2.330, 261.94, 76.50, 0.000, 0.69, -0.02);
insert into SHOT values (329, 322, 330, 57, 15.270, 185.44, -81.00, 15.270, 185.44, -81.00, 0.000, 181.38, -0.03);
insert into SHOT values (330, 322, 331, 57, 18.050, 20.84, -79.80, 18.050, 20.84, -79.80, 0.000, 340.91, -0.02);
insert into SHOT values (331, 331, 332, 57, 1.650, 276.34, 6.30, 1.650, 276.34, 6.30, 0.000, 199.20, 0.01);
insert into SHOT values (332, 331, 333, 57, 2.500, 234.74, 12.60, 2.500, 234.74, 12.60, 0.000, 355.20, -0.03);
insert into SHOT values (333, 331, 334, 57, 5.050, 205.74, 10.60, 5.050, 205.74, 10.60, 0.000, 356.29, -0.03);
insert into SHOT values (334, 331, 335, 57, 4.970, 196.54, 11.20, 4.970, 196.54, 11.20, 0.000, 346.49, -0.02);
insert into SHOT values (335, 331, 336, 57, 1.390, 181.64, 17.30, 1.390, 181.64, 17.30, 0.000, 144.69, 0.08);
insert into SHOT values (336, 331, 337, 57, 3.240, 155.74, 3.20, 3.240, 155.74, 3.20, 0.000, 186.18, -0.02);
insert into SHOT values (337, 331, 338, 57, 2.210, 305.34, 0.60, 2.210, 305.34, 0.60, 0.000, 116.60, -0.12);
insert into SHOT values (338, 331, 339, 57, 2.390, 321.14, 1.90, 2.390, 321.14, 1.90, 0.000, 198.35, 0.02);
insert into SHOT values (339, 331, 340, 57, 7.150, 315.84, 3.20, 7.150, 315.84, 3.20, 0.000, 183.74, -0.02);
insert into SHOT values (340, 331, 341, 57, 19.740, 292.34, 78.30, 19.740, 292.34, 78.30, 0.000, 345.58, 0.03);
insert into SHOT values (341, 331, 342, 57, 2.170, 315.34, -82.30, 2.170, 315.34, -82.30, 0.000, 162.37, -0.02);
insert into SHOT values (342, 331, 343, 57, 7.080, 315.84, -7.20, 7.080, 315.84, -7.20, 0.000, 189.78, 0.02);
insert into SHOT values (343, 343, 344, 57, 1.730, 57.54, -2.10, 1.730, 57.54, -2.10, 0.000, 200.70, 0.05);
insert into SHOT values (344, 343, 345, 57, 2.110, 10.34, 2.90, 2.110, 10.34, 2.90, 0.000, 353.63, 0.01);
insert into SHOT values (345, 343, 346, 57, 2.800, 119.64, 3.40, 2.800, 119.64, 3.40, 0.000, 178.34, 0.03);
insert into SHOT values (346, 343, 347, 57, 2.390, 153.04, 7.60, 2.390, 153.04, 7.60, 0.000, 186.44, -0.01);
insert into SHOT values (347, 343, 348, 57, 1.900, 190.74, 7.00, 1.900, 190.74, 7.00, 0.000, 188.91, 0.01);
insert into SHOT values (348, 343, 349, 57, 0.470, 261.44, 9.50, 0.470, 261.44, 9.50, 0.000, 18.51, -0.01);
insert into SHOT values (349, 343, 350, 57, 10.970, 3.84, 83.00, 10.970, 3.84, 83.00, 0.000, 191.69, 0.01);
insert into SHOT values (350, 343, 351, 57, 2.040, 84.74, -61.40, 2.040, 84.74, -61.40, 0.000, 9.89, 0.01);
insert into SHOT values (351, 343, 352, 57, 16.580, 114.64, 82.10, 16.580, 114.64, 82.10, 0.000, 5.39, -0.01);
insert into SHOT values (352, 343, 353, 57, 1.620, 34.14, 7.90, 1.620, 34.14, 7.90, 0.000, 11.24, 0.02);
insert into SHOT values (353, 353, 354, 57, 2.630, 316.44, -2.70, 2.630, 316.44, -2.70, 0.000, 167.81, 0.04);
insert into SHOT values (354, 353, 355, 57, 0.920, 326.84, 0.10, 0.920, 326.84, 0.10, 0.000, 182.94, 0.00);
insert into SHOT values (355, 353, 356, 57, 0.880, 259.74, -0.10, 0.880, 259.74, -0.10, 0.000, 183.01, -0.01);
insert into SHOT values (356, 353, 357, 57, 5.750, 156.64, 8.70, 5.750, 156.64, 8.70, 0.000, 174.86, -0.01);
insert into SHOT values (357, 353, 358, 57, 3.470, 173.04, 1.50, 3.470, 173.04, 1.50, 0.000, 153.64, -0.11);
insert into SHOT values (358, 353, 359, 57, 3.400, 186.44, 0.60, 3.400, 186.44, 0.60, 0.000, 173.59, -0.04);
insert into SHOT values (359, 353, 360, 57, 10.140, 245.94, 87.40, 10.140, 245.94, 87.40, 0.000, 15.32, -0.03);
insert into SHOT values (360, 353, 361, 57, 3.900, 191.34, -77.10, 3.900, 191.34, -77.10, 0.000, 351.89, -0.01);
insert into SHOT values (361, 353, 362, 57, 1.970, 196.94, -69.80, 1.970, 196.94, -69.80, 0.000, 184.01, -0.01);
insert into SHOT values (362, 353, 363, 57, 4.640, 248.94, -84.60, 4.640, 248.94, -84.60, 0.000, 357.20, 0.02);
insert into SHOT values (363, 353, 364, 57, 4.450, 293.34, -66.90, 4.450, 293.34, -66.90, 0.000, 172.53, -0.01);
insert into SHOT values (364, 364, 365, 57, 1.810, 349.94, -4.00, 1.810, 349.94, -4.00, 0.000, 195.87, -0.01);
insert into SHOT values (365, 364, 366, 57, 1.320, 98.24, 4.30, 1.320, 98.24, 4.30, 0.000, 221.01, 0.05);
insert into SHOT values (366, 364, 367, 57, 1.250, 143.54, -4.90, 1.250, 143.54, -4.90, 0.000, 359.13, -0.00);
insert into SHOT values (367, 364, 368, 57, 1.880, 342.14, -6.90, 1.880, 342.14, -6.90, 0.000, 17.92, -0.06);
insert into SHOT values (368, 364, 369, 57, 2.600, 357.24, -87.60, 2.600, 357.24, -87.60, 0.000, 225.99, -0.09);
insert into SHOT values (369, 364, 370, 57, 4.140, 8.24, 77.70, 4.140, 8.24, 77.70, 0.000, 178.74, -0.01);
insert into SHOT values (370, 364, 371, 57, 5.150, 328.14, -16.20, 5.150, 328.14, -16.20, 0.000, 249.45, 0.06);
insert into SHOT values (371, 371, 372, 57, 0.310, 52.44, 6.10, 0.310, 52.44, 6.10, 0.000, 169.69, 0.01);
insert into SHOT values (372, 371, 373, 57, 1.120, 127.54, -0.70, 1.120, 127.54, -0.70, 0.000, 0.50, -0.01);
insert into SHOT values (373, 371, 374, 57, 4.660, 145.74, -3.70, 4.660, 145.74, -3.70, 0.000, 356.33, -0.01);
insert into SHOT values (374, 371, 375, 57, 1.160, 195.04, 1.90, 1.160, 195.04, 1.90, 0.000, 166.54, 0.02);
insert into SHOT values (375, 371, 376, 57, 0.910, 257.64, -1.20, 0.910, 257.64, -1.20, 0.000, 184.37, -0.00);
insert into SHOT values (376, 371, 377, 57, 1.390, 293.94, 23.20, 1.390, 293.94, 23.20, 0.000, 4.18, -0.01);
insert into SHOT values (377, 371, 378, 57, 2.010, 334.24, 13.40, 2.010, 334.24, 13.40, 0.000, 201.79, -0.19);
insert into SHOT values (378, 371, 379, 57, 5.510, 324.14, 26.60, 5.510, 324.14, 26.60, 0.000, 173.36, -0.01);
insert into SHOT values (379, 371, 380, 57, 1.850, 149.74, -83.50, 1.850, 149.74, -83.50, 0.000, 177.73, -0.02);
insert into SHOT values (380, 371, 381, 57, 5.210, 114.14, 86.20, 5.210, 114.14, 86.20, 0.000, 358.20, 0.01);
insert into SHOT values (381, 371, 382, 57, 5.160, 325.44, 19.40, 5.160, 325.44, 19.40, 0.000, 181.77, -0.01);
insert into SHOT values (382, 382, 383, 57, 2.220, 48.94, 4.40, 2.220, 48.94, 4.40, 0.000, 178.71, -0.01);
insert into SHOT values (383, 382, 384, 57, 2.400, 76.84, 5.40, 2.400, 76.84, 5.40, 0.000, 191.15, -0.03);
insert into SHOT values (384, 382, 385, 57, 0.870, 121.24, 3.10, 0.870, 121.24, 3.10, 0.000, 356.01, 0.00);
insert into SHOT values (385, 382, 386, 57, 0.730, 200.44, 13.30, 0.730, 200.44, 13.30, 0.000, 356.98, 0.00);
insert into SHOT values (386, 382, 387, 57, 9.690, 144.44, 2.50, 9.690, 144.44, 2.50, 0.000, 181.21, -0.01);
insert into SHOT values (387, 382, 388, 57, 4.220, 147.04, 80.80, 4.220, 147.04, 80.80, 0.000, 173.14, -0.01);
insert into SHOT values (388, 382, 389, 57, 1.940, 96.14, -87.80, 1.940, 96.14, -87.80, 0.000, 188.92, -0.00);
insert into SHOT values (389, 382, 390, 57, 1.340, 45.84, -12.90, 1.340, 45.84, -12.90, 0.000, 14.66, 0.01);
insert into SHOT values (390, 390, 391, 57, 0.880, 265.44, 12.40, 0.880, 265.44, 12.40, 0.000, 179.37, 0.00);
insert into SHOT values (391, 390, 392, 57, 1.080, 64.94, 16.00, 1.080, 64.94, 16.00, 0.000, 352.79, -0.01);
insert into SHOT values (392, 390, 393, 57, 1.060, 15.94, 15.40, 1.060, 15.94, 15.40, 0.000, 358.73, -0.00);
insert into SHOT values (393, 390, 394, 57, 1.310, 186.94, 4.00, 1.310, 186.94, 4.00, 0.000, 183.49, -0.02);
insert into SHOT values (394, 390, 395, 57, 2.000, 223.94, 1.60, 2.000, 223.94, 1.60, 0.000, 182.96, 0.00);
insert into SHOT values (395, 390, 396, 57, 1.380, 104.44, 15.30, 1.380, 104.44, 15.30, 0.000, 2.64, 0.01);
insert into SHOT values (396, 390, 397, 57, 5.200, 219.54, 84.50, 5.200, 219.54, 84.50, 0.000, 353.12, 0.02);
insert into SHOT values (397, 390, 398, 57, 2.490, 153.44, -87.40, 2.490, 153.44, -87.40, 0.000, 179.03, 0.02);
insert into SURVEY values (59, 53, 'GL102_Entree_02', 'GL102_Entree_02.Gouffre_du_Lonne_Peyret', 'GL102 - Gouffre du Lonne Peyret - Puits suite');
 insert into CENTRELINE values (60, 59, NULL, NULL, NULL, 0.00, 0.00, 0.00);
 insert into CENTRELINE values (61, 59, NULL, '2024-08-07', '2024-01-01', 462.67, 0.00, 17.04);
 insert into PERSON values (7, 'Odile', 'Penot');
insert into TOPO values (7, 61);
 insert into TOPO values (1, 61);
 insert into PERSON values (8, 'Olivier', 'Venaut');
insert into TOPO values (8, 61);
 insert into EXPLO values (3, 61);
 insert into EXPLO values (4, 61);
 insert into EXPLO values (5, 61);
 insert into EXPLO values (6, 61);
 insert into SHOT values (398, 399, 400, 61, 24.200, 19.64, -90.00, 24.200, 90.00, -90.00, 0.000, 19.64, -28.66);
insert into SHOT values (399, 400, 401, 61, 4.520, 245.14, -1.30, 4.520, 245.14, -1.30, 0.000, 9.84, 0.02);
insert into SHOT values (400, 400, 402, 61, 0.160, 233.54, -2.00, 0.160, 233.54, -2.00, 0.000, 187.28, -0.00);
insert into SHOT values (401, 400, 403, 61, 3.120, 285.14, -1.80, 3.120, 285.14, -1.80, 0.000, 352.86, 0.00);
insert into SHOT values (402, 400, 404, 61, 5.450, 328.44, -3.60, 5.450, 328.44, -3.60, 0.000, 181.77, 0.02);
insert into SHOT values (403, 400, 405, 61, 5.970, 346.84, -1.00, 5.970, 346.84, -1.00, 0.000, 17.44, -0.01);
insert into SHOT values (404, 400, 406, 61, 4.120, 352.24, -0.80, 4.120, 352.24, -0.80, 0.000, 328.63, 0.05);
insert into SHOT values (405, 400, 407, 61, 3.090, 18.54, -2.50, 3.090, 18.54, -2.50, 0.000, 197.70, -0.05);
insert into SHOT values (406, 400, 408, 61, 2.930, 43.04, 0.60, 2.930, 43.04, 0.60, 0.000, 359.67, 0.44);
insert into SHOT values (407, 400, 409, 61, 4.740, 49.34, 1.70, 4.740, 49.34, 1.70, 0.000, 192.50, -0.02);
insert into SHOT values (408, 400, 410, 61, 3.260, 57.64, 2.70, 3.260, 57.64, 2.70, 0.000, 184.83, 0.05);
insert into SHOT values (409, 400, 411, 61, 2.220, 74.34, 5.10, 2.220, 74.34, 5.10, 0.000, 154.58, 0.01);
insert into SHOT values (410, 400, 412, 61, 1.540, 88.64, 8.40, 1.540, 88.64, 8.40, 0.000, 309.92, 0.21);
insert into SHOT values (411, 400, 413, 61, 12.530, 13.14, 74.90, 12.530, 13.14, 74.90, 0.000, 162.18, 0.04);
insert into SHOT values (412, 400, 414, 61, 0.160, 275.64, 62.10, 0.160, 275.64, 62.10, 0.000, 162.01, -0.02);
insert into SHOT values (413, 400, 415, 61, 17.040, 71.44, -84.50, 17.040, 71.44, -84.50, 0.000, 182.33, 0.00);
insert into SHOT values (414, 415, 416, 61, 3.320, 129.14, 3.60, 3.320, 129.14, 3.60, 0.000, 194.09, 0.02);
insert into SHOT values (415, 415, 417, 61, 3.740, 171.34, 3.20, 3.740, 171.34, 3.20, 0.000, 348.40, -0.01);
insert into SHOT values (416, 415, 418, 61, 6.080, 199.44, 0.30, 6.080, 199.44, 0.30, 0.000, 183.93, -0.00);
insert into SHOT values (417, 415, 419, 61, 4.090, 223.34, -1.90, 4.090, 223.34, -1.90, 0.000, 187.01, 0.00);
insert into SHOT values (418, 415, 420, 61, 2.910, 268.04, 4.80, 2.910, 268.04, 4.80, 0.000, 345.70, 0.00);
insert into SHOT values (419, 415, 421, 61, 1.100, 312.74, 9.90, 1.100, 312.74, 9.90, 0.000, 184.77, -0.01);
insert into SHOT values (420, 415, 422, 61, 8.030, 167.04, 76.40, 8.030, 167.04, 76.40, 0.000, 67.41, 0.09);
insert into SHOT values (421, 415, 423, 61, 12.260, 165.54, -60.00, 12.260, 165.54, -60.00, 0.000, 4.51, -0.01);
insert into SHOT values (422, 415, 424, 61, 14.560, 204.24, -78.80, 14.560, 204.24, -78.80, 0.000, 171.73, 0.02);
insert into SHOT values (423, 424, 425, 61, 0.690, 80.44, 10.90, 0.690, 80.44, 10.90, 0.000, 173.24, -0.01);
insert into SHOT values (424, 424, 426, 61, 3.970, 97.54, 9.30, 3.970, 97.54, 9.30, 0.000, 4.16, -0.02);
insert into SHOT values (425, 424, 427, 61, 6.040, 107.54, 6.20, 6.040, 107.54, 6.20, 0.000, 7.19, 0.01);
insert into SHOT values (426, 424, 428, 61, 5.290, 122.74, 12.10, 5.290, 122.74, 12.10, 0.000, 143.21, -0.05);
insert into SHOT values (427, 424, 429, 61, 4.850, 135.44, 20.90, 4.850, 135.44, 20.90, 0.000, 179.83, 0.01);
insert into SHOT values (428, 424, 430, 61, 2.100, 158.64, 6.80, 2.100, 158.64, 6.80, 0.000, 185.54, 0.01);
insert into SHOT values (429, 424, 431, 61, 0.550, 219.34, -0.30, 0.550, 219.34, -0.30, 0.000, 178.78, -0.02);
insert into SHOT values (430, 424, 432, 61, 0.380, 259.54, -1.90, 0.380, 259.54, -1.90, 0.000, 353.04, -0.00);
insert into SHOT values (431, 424, 433, 61, 0.630, 178.04, -77.50, 0.630, 178.04, -77.50, 0.000, 191.79, -0.02);
insert into SHOT values (432, 424, 434, 61, 3.030, 135.34, 10.10, 3.030, 135.34, 10.10, 0.000, 349.40, -0.02);
insert into SHOT values (433, 424, 435, 61, 5.110, 150.04, 20.60, 5.110, 150.04, 20.60, 0.000, 171.51, 0.01);
insert into SHOT values (434, 424, 436, 61, 5.440, 121.64, 18.00, 5.440, 121.64, 18.00, 0.000, 5.96, -0.01);
insert into SHOT values (435, 424, 437, 61, 5.070, 140.64, 25.40, 5.070, 140.64, 25.40, 0.000, 174.42, 0.00);
insert into SHOT values (436, 437, 438, 61, 2.620, 74.64, -9.40, 2.620, 74.64, -9.40, 0.000, 173.10, -0.04);
insert into SHOT values (437, 437, 439, 61, 3.340, 43.24, -4.60, 3.340, 43.24, -4.60, 0.000, 179.15, -0.02);
insert into SHOT values (438, 437, 440, 61, 0.640, 171.24, -0.30, 0.640, 171.24, -0.30, 0.000, 183.58, 0.00);
insert into SHOT values (439, 437, 441, 61, 8.130, 228.44, 0.90, 8.130, 228.44, 0.90, 0.000, 289.92, 0.09);
insert into SHOT values (440, 437, 442, 61, 2.350, 272.44, -0.60, 2.350, 272.44, -0.60, 0.000, 8.63, 0.00);
insert into SHOT values (441, 437, 443, 61, 4.260, 316.74, 0.10, 4.260, 316.74, 0.10, 0.000, 203.57, -0.04);
insert into SHOT values (442, 437, 444, 61, 2.650, 37.34, -6.30, 2.650, 37.34, -6.30, 0.000, 184.18, 0.02);
insert into SHOT values (443, 437, 445, 61, 3.340, 353.14, -2.50, 3.340, 353.14, -2.50, 0.000, 186.42, 0.01);
insert into SHOT values (444, 437, 446, 61, 10.060, 83.34, -79.00, 10.060, 83.34, -79.00, 0.000, 183.01, 0.02);
insert into SHOT values (445, 446, 447, 61, 3.930, 237.94, 0.70, 3.930, 237.94, 0.70, 0.000, 166.87, -0.14);
insert into SHOT values (446, 446, 448, 61, 2.850, 35.24, 1.30, 2.850, 35.24, 1.30, 0.000, 181.46, -0.01);
insert into SHOT values (447, 446, 449, 61, 12.600, 52.94, -4.30, 12.600, 52.94, -4.30, 0.000, 181.48, -0.00);
insert into SHOT values (448, 446, 450, 61, 3.140, 74.74, -2.50, 3.140, 74.74, -2.50, 0.000, 0.50, 0.02);
insert into SHOT values (449, 446, 451, 61, 1.310, 116.94, -4.30, 1.310, 116.94, -4.30, 0.000, 106.44, 0.32);
insert into SHOT values (450, 446, 452, 61, 1.670, 175.24, 15.90, 1.670, 175.24, 15.90, 0.000, 199.29, 0.05);
insert into SHOT values (451, 446, 453, 61, 1.100, 132.54, 1.20, 1.100, 132.54, 1.20, 0.000, 6.64, -0.01);
insert into SHOT values (452, 446, 454, 61, 6.460, 202.54, -80.60, 6.460, 202.54, -80.60, 0.000, 166.00, -0.03);
insert into SHOT values (453, 454, 455, 61, 3.100, 47.34, 8.90, 3.100, 47.34, 8.90, 0.000, 192.51, -0.02);
insert into SHOT values (454, 454, 456, 61, 11.640, 56.14, 2.90, 11.640, 56.14, 2.90, 0.000, 187.15, 0.00);
insert into SHOT values (455, 454, 457, 61, 3.420, 80.24, 3.80, 3.420, 80.24, 3.80, 0.000, 7.33, 0.01);
insert into SHOT values (456, 454, 458, 61, 1.500, 159.04, -0.40, 1.500, 159.04, -0.40, 0.000, 338.46, -0.01);
insert into SHOT values (457, 454, 459, 61, 1.770, 219.54, 7.40, 1.770, 219.54, 7.40, 0.000, 169.41, -0.01);
insert into SHOT values (458, 454, 460, 61, 0.160, 14.44, 73.70, 0.160, 14.44, 73.70, 0.000, 31.33, 0.04);
insert into SHOT values (459, 454, 461, 61, 12.560, 130.94, -76.00, 12.560, 130.94, -76.00, 0.000, 187.86, 0.02);
insert into SHOT values (460, 454, 462, 61, 16.200, 206.64, -86.20, 16.200, 206.64, -86.20, 0.000, 9.41, 0.00);
insert into SHOT values (461, 462, 463, 61, 4.480, 245.54, 4.10, 4.480, 245.54, 4.10, 0.000, 3.31, 0.00);
insert into SHOT values (462, 462, 464, 61, 3.410, 291.64, 9.50, 3.410, 291.64, 9.50, 0.000, 172.62, 0.01);
insert into SHOT values (463, 462, 465, 61, 1.620, 328.44, 11.60, 1.620, 328.44, 11.60, 0.000, 180.48, 0.01);
insert into SHOT values (464, 462, 466, 61, 2.610, 38.84, 1.40, 2.610, 38.84, 1.40, 0.000, 190.28, -0.04);
insert into SHOT values (465, 462, 467, 61, 0.980, 106.84, 13.30, 0.980, 106.84, 13.30, 0.000, 3.71, -0.00);
insert into SHOT values (466, 462, 468, 61, 7.180, 122.34, 60.20, 7.180, 122.34, 60.20, 0.000, 194.51, 0.01);
insert into SHOT values (467, 462, 469, 61, 8.840, 231.54, 54.40, 8.840, 231.54, 54.40, 0.000, 179.31, -0.01);
insert into SHOT values (468, 462, 470, 61, 0.610, 242.34, 0.10, 0.610, 242.34, 0.10, 0.000, 300.18, 0.25);
insert into SHOT values (469, 462, 471, 61, 21.380, 19.64, -90.00, 21.380, 90.00, -90.00, 0.000, 19.64, -55.87);
insert into SHOT values (470, 471, 472, 61, 3.270, 172.24, -4.40, 3.270, 172.24, -4.40, 0.000, 228.39, 0.04);
insert into SHOT values (471, 471, 473, 61, 0.950, 226.04, 7.50, 0.950, 226.04, 7.50, 0.000, 180.77, -0.00);
insert into SHOT values (472, 471, 474, 61, 1.390, 29.04, -5.90, 1.390, 29.04, -5.90, 0.000, 172.92, -0.01);
insert into SHOT values (473, 471, 475, 61, 1.510, 76.24, -6.90, 1.510, 76.24, -6.90, 0.000, 182.66, -0.01);
insert into SHOT values (474, 471, 476, 61, 2.920, 108.24, -5.40, 2.920, 108.24, -5.40, 0.000, 353.77, -0.02);
insert into SHOT values (475, 471, 477, 61, 2.870, 150.64, -6.50, 2.870, 150.64, -6.50, 0.000, 25.31, -0.04);
insert into SHOT values (476, 471, 478, 61, 4.850, 232.24, 72.40, 4.850, 232.24, 72.40, 0.000, 163.97, 0.01);
insert into SHOT values (477, 471, 479, 61, 0.520, 321.54, -50.50, 0.520, 321.54, -50.50, 0.000, 131.41, 0.04);
insert into SHOT values (478, 471, 480, 61, 2.020, 126.14, -15.50, 2.020, 126.14, -15.50, 0.000, 354.99, 0.00);
insert into SHOT values (479, 480, 481, 61, 1.750, 285.94, 0.60, 1.750, 285.94, 0.60, 0.000, 190.64, 0.02);
insert into SHOT values (480, 480, 482, 61, 2.690, 325.44, 4.00, 2.690, 325.44, 4.00, 0.000, 15.76, 0.01);
insert into SHOT values (481, 480, 483, 61, 2.620, 350.84, 3.00, 2.620, 350.84, 3.00, 0.000, 4.06, -0.00);
insert into SHOT values (482, 480, 484, 61, 1.660, 29.54, 5.40, 1.660, 29.54, 5.40, 0.000, 199.69, 0.04);
insert into SHOT values (483, 480, 485, 61, 2.060, 105.54, 33.80, 2.060, 105.54, 33.80, 0.000, 167.39, 0.04);
insert into SHOT values (484, 480, 486, 61, 2.280, 209.44, 17.70, 2.280, 209.44, 17.70, 0.000, 352.88, -0.01);
insert into SHOT values (485, 480, 487, 61, 3.050, 253.94, 0.30, 3.050, 253.94, 0.30, 0.000, 7.12, -0.01);
insert into SHOT values (486, 480, 488, 61, 4.510, 284.44, 81.10, 4.510, 284.44, 81.10, 0.000, 354.85, 0.00);
insert into SHOT values (487, 480, 489, 61, 1.190, 170.74, -69.80, 1.190, 170.74, -69.80, 0.000, 186.11, 0.01);
insert into SHOT values (488, 480, 490, 61, 4.130, 64.74, 34.10, 4.130, 64.74, 34.10, 0.000, 10.90, 0.02);
insert into SHOT values (489, 480, 491, 61, 12.400, 241.54, -32.00, 12.400, 241.54, -32.00, 0.000, 355.35, -0.00);
insert into SHOT values (490, 491, 492, 61, 5.230, 300.94, 22.80, 5.230, 300.94, 22.80, 0.000, 350.62, -0.02);
insert into SHOT values (491, 491, 493, 61, 2.670, 142.64, 5.10, 2.670, 142.64, 5.10, 0.000, 3.28, 0.02);
insert into SHOT values (492, 491, 494, 61, 4.210, 194.14, 0.10, 4.210, 194.14, 0.10, 0.000, 347.51, 0.01);
insert into SHOT values (493, 491, 495, 61, 18.180, 210.24, -2.70, 18.180, 210.24, -2.70, 0.000, 17.89, -0.03);
insert into SHOT values (494, 491, 496, 61, 25.930, 236.94, -4.80, 25.930, 236.94, -4.80, 0.000, 177.88, -0.03);
insert into SHOT values (495, 491, 497, 61, 17.390, 261.24, -0.40, 17.390, 261.24, -0.40, 0.000, 348.93, 0.02);
insert into SHOT values (496, 491, 498, 61, 7.750, 36.24, 31.90, 7.750, 36.24, 31.90, 0.000, 198.72, -0.00);
insert into SHOT values (497, 491, 499, 61, 3.900, 82.74, 25.90, 3.900, 82.74, 25.90, 0.000, 182.72, 0.02);
insert into SHOT values (498, 491, 500, 61, 13.330, 65.44, 32.70, 13.330, 65.44, 32.70, 0.000, 176.09, -0.01);
insert into SHOT values (499, 491, 501, 61, 7.470, 298.24, 78.40, 7.470, 298.24, 78.40, 0.000, 169.17, 0.02);
insert into SHOT values (500, 491, 502, 61, 1.910, 195.94, -74.90, 1.910, 195.94, -74.90, 0.000, 335.31, 0.02);
insert into SHOT values (501, 491, 503, 61, 12.700, 234.04, -31.40, 12.700, 234.04, -31.40, 0.000, 2.09, -0.00);
insert into SHOT values (502, 503, 504, 61, 2.930, 323.54, 31.00, 2.930, 323.54, 31.00, 0.000, 41.27, 0.19);
insert into SHOT values (503, 503, 505, 61, 5.620, 278.04, 15.10, 5.620, 278.04, 15.10, 0.000, 344.00, -0.01);
insert into SHOT values (504, 503, 506, 61, 15.340, 264.24, 8.30, 15.340, 264.24, 8.30, 0.000, 332.40, 0.04);
insert into SHOT values (505, 503, 507, 61, 14.290, 238.64, 8.10, 14.290, 238.64, 8.10, 0.000, 183.52, -0.02);
insert into SHOT values (506, 503, 508, 61, 7.930, 189.44, 7.60, 7.930, 189.44, 7.60, 0.000, 337.06, -0.06);
insert into SHOT values (507, 503, 509, 61, 8.350, 167.94, 3.20, 8.350, 167.94, 3.20, 0.000, 182.23, 0.00);
insert into SHOT values (508, 503, 510, 61, 7.880, 119.04, 6.00, 7.880, 119.04, 6.00, 0.000, 194.94, 0.03);
insert into SHOT values (509, 503, 511, 61, 6.490, 83.44, 13.30, 6.490, 83.44, 13.30, 0.000, 3.62, -0.01);
insert into SHOT values (510, 503, 512, 61, 14.980, 239.54, 75.70, 14.980, 239.54, 75.70, 0.000, 196.39, 0.01);
insert into SHOT values (511, 503, 513, 61, 1.660, 178.84, -65.70, 1.660, 178.84, -65.70, 0.000, 184.42, 0.01);
insert into SHOT values (512, 503, 514, 61, 17.040, 136.84, -7.10, 17.040, 136.84, -7.10, 0.000, 169.84, -0.01);
insert into SHOT_FLAG values(512, 'dpl');
insert into SHOT values (513, 503, 515, 61, 8.860, 264.64, 0.70, 8.860, 264.64, 0.70, 0.000, 178.45, 0.02);
insert into SHOT values (514, 515, 516, 61, 7.440, 281.94, -14.50, 7.440, 281.94, -14.50, 0.000, 184.46, -0.00);
insert into SHOT values (515, 515, 517, 61, 6.710, 282.04, -7.70, 6.710, 282.04, -7.70, 0.000, 174.77, 0.00);
insert into SHOT values (516, 515, 518, 61, 2.020, 17.74, -2.50, 2.020, 17.74, -2.50, 0.000, 9.88, -0.02);
insert into SHOT values (517, 515, 519, 61, 4.970, 319.24, -9.90, 4.970, 319.24, -9.90, 0.000, 181.60, 0.01);
insert into SHOT values (518, 515, 520, 61, 6.560, 240.14, -7.70, 6.560, 240.14, -7.70, 0.000, 185.55, -0.02);
insert into SHOT values (519, 515, 521, 61, 6.310, 171.24, 12.50, 6.310, 171.24, 12.50, 0.000, 0.38, -0.00);
insert into SHOT values (520, 515, 522, 61, 14.160, 107.24, 11.70, 14.160, 107.24, 11.70, 0.000, 171.83, -0.01);
insert into SHOT values (521, 515, 523, 61, 14.500, 112.14, 2.90, 14.500, 112.14, 2.90, 0.000, 316.38, 0.10);
insert into SHOT values (522, 515, 524, 61, 14.640, 76.84, 3.50, 14.640, 76.84, 3.50, 0.000, 357.15, 0.01);
insert into SHOT values (523, 515, 525, 61, 12.330, 271.14, 68.80, 12.330, 271.14, 68.80, 0.000, 183.16, -0.02);
insert into SHOT values (524, 515, 526, 61, 11.970, 264.94, 72.30, 11.970, 264.94, 72.30, 0.000, 7.07, -0.01);
insert into SHOT values (525, 515, 527, 61, 1.720, 258.64, -32.00, 1.720, 258.64, -32.00, 0.000, 184.26, -0.02);
insert into SHOT values (526, 515, 528, 61, 11.960, 263.84, -29.90, 11.960, 263.84, -29.90, 0.000, 166.09, 0.03);
insert into SHOT values (527, 515, 529, 61, 13.130, 264.74, -28.90, 13.130, 264.74, -28.90, 0.000, 4.65, -0.00);
insert into SHOT values (528, 515, 530, 61, 12.010, 263.74, -30.30, 12.010, 263.74, -30.30, 0.000, 356.34, -0.02);
insert into SHOT values (529, 530, 531, 61, 5.690, 216.14, -6.90, 5.690, 216.14, -6.90, 0.000, 0.57, 0.01);
insert into SHOT values (530, 530, 532, 61, 3.470, 160.34, 0.70, 3.470, 160.34, 0.70, 0.000, 4.90, 0.02);
insert into SHOT values (531, 530, 533, 61, 7.770, 110.64, 25.90, 7.770, 110.64, 25.90, 0.000, 352.97, -0.01);
insert into SHOT values (532, 530, 534, 61, 10.620, 54.64, 20.40, 10.620, 54.64, 20.40, 0.000, 205.68, -0.00);
insert into SHOT values (533, 530, 535, 61, 1.100, 326.24, 1.50, 1.100, 326.24, 1.50, 0.000, 77.86, -0.18);
insert into SHOT values (534, 530, 536, 61, 2.350, 282.24, 1.80, 2.350, 282.24, 1.80, 0.000, 5.54, 0.03);
insert into SHOT values (535, 530, 537, 61, 2.840, 241.14, -65.90, 2.840, 241.14, -65.90, 0.000, 7.28, 0.02);
insert into SHOT values (536, 530, 538, 61, 4.160, 263.44, 79.70, 4.160, 263.44, 79.70, 0.000, 239.02, 0.02);
insert into SHOT values (537, 530, 539, 61, 9.170, 239.24, -6.40, 9.170, 239.24, -6.40, 0.000, 179.21, 0.02);
insert into SHOT values (538, 539, 540, 61, 2.300, 171.74, -0.50, 2.300, 171.74, -0.50, 0.000, 355.36, 0.00);
insert into SHOT values (539, 539, 541, 61, 3.880, 239.74, -0.90, 3.880, 239.74, -0.90, 0.000, 169.33, -0.00);
insert into SHOT values (540, 539, 542, 61, 0.920, 324.24, 4.00, 0.920, 324.24, 4.00, 0.000, 351.79, -0.00);
insert into SHOT values (541, 539, 543, 61, 4.840, 41.24, 8.30, 4.840, 41.24, 8.30, 0.000, 199.25, 0.01);
insert into SHOT values (542, 539, 544, 61, 12.740, 60.94, 6.70, 12.740, 60.94, 6.70, 0.000, 342.53, -0.01);
insert into SHOT values (543, 539, 545, 61, 2.140, 119.34, 10.00, 2.140, 119.34, 10.00, 0.000, 248.19, 0.03);
insert into SHOT values (544, 539, 546, 61, 3.940, 104.64, 72.70, 3.940, 104.64, 72.70, 0.000, 189.38, -0.00);
insert into SHOT values (545, 539, 547, 61, 1.520, 263.94, -81.50, 1.520, 263.94, -81.50, 0.000, 182.11, -0.01);
insert into SHOT values (546, 539, 548, 61, 6.850, 250.94, 25.90, 6.850, 250.94, 25.90, 0.000, 7.54, 0.01);
insert into SHOT values (547, 548, 549, 61, 2.710, 313.04, 3.60, 2.710, 313.04, 3.60, 0.000, 181.40, -0.03);
insert into SHOT values (548, 548, 550, 61, 5.040, 284.54, 3.80, 5.040, 284.54, 3.80, 0.000, 183.80, 0.08);
insert into SHOT values (549, 548, 551, 61, 6.330, 240.64, 9.00, 6.330, 240.64, 9.00, 0.000, 1.00, -0.01);
insert into SHOT values (550, 548, 552, 61, 4.250, 202.94, 22.40, 4.250, 202.94, 22.40, 0.000, 349.39, 0.01);
insert into SHOT values (551, 548, 553, 61, 2.700, 152.64, 28.30, 2.700, 152.64, 28.30, 0.000, 16.46, -0.01);
insert into SHOT values (552, 548, 554, 61, 2.480, 104.14, 20.30, 2.480, 104.14, 20.30, 0.000, 171.93, 0.01);
insert into SHOT values (553, 548, 555, 61, 3.240, 46.34, 15.10, 3.240, 46.34, 15.10, 0.000, 358.18, -0.00);
insert into SHOT values (554, 548, 556, 61, 5.210, 33.24, 2.20, 5.210, 33.24, 2.20, 0.000, 201.40, 0.00);
insert into SHOT values (555, 548, 557, 61, 3.850, 5.14, 3.40, 3.850, 5.14, 3.40, 0.000, 356.76, -0.01);
insert into SHOT values (556, 548, 558, 61, 1.220, 245.94, 77.40, 1.220, 245.94, 77.40, 0.000, 11.67, 0.04);
insert into SHOT values (557, 548, 559, 61, 0.870, 5.64, -71.00, 0.870, 5.64, -71.00, 0.000, 13.43, -0.01);
insert into SHOT values (558, 548, 560, 61, 9.600, 268.04, -2.60, 9.600, 268.04, -2.60, 0.000, 13.14, 0.01);
insert into SHOT values (559, 560, 561, 61, 4.740, 289.74, -3.90, 4.740, 289.74, -3.90, 0.000, 352.45, -0.00);
insert into SHOT values (560, 560, 562, 61, 3.090, 253.14, -1.80, 3.090, 253.14, -1.80, 0.000, 1.51, -0.01);
insert into SHOT values (561, 560, 563, 61, 2.220, 145.04, 14.30, 2.220, 145.04, 14.30, 0.000, 332.05, -0.04);
insert into SHOT values (562, 560, 564, 61, 7.370, 108.14, 4.10, 7.370, 108.14, 4.10, 0.000, 26.49, 0.06);
insert into SHOT values (563, 560, 565, 61, 6.760, 67.84, 4.80, 6.760, 67.84, 4.80, 0.000, 351.82, 0.00);
insert into SHOT values (564, 560, 566, 61, 4.200, 44.54, 6.40, 4.200, 44.54, 6.40, 0.000, 168.58, -0.02);
insert into SHOT values (565, 560, 567, 61, 3.260, 16.64, 2.30, 3.260, 16.64, 2.30, 0.000, 177.89, 0.00);
insert into SHOT values (566, 560, 568, 61, 2.320, 205.44, 81.10, 2.320, 205.44, 81.10, 0.000, 186.81, -0.01);
insert into SHOT values (567, 560, 569, 61, 0.970, 151.04, -73.50, 0.970, 151.04, -73.50, 0.000, 181.42, 0.01);
insert into SHOT values (568, 560, 570, 61, 13.570, 267.04, -9.70, 13.570, 267.04, -9.70, 0.000, 350.46, -0.00);
insert into SHOT values (569, 570, 571, 61, 1.150, 358.84, 11.40, 1.150, 358.84, 11.40, 0.000, 355.87, 0.01);
insert into SHOT values (570, 570, 572, 61, 2.430, 35.14, 13.60, 2.430, 35.14, 13.60, 0.000, 166.82, -0.01);
insert into SHOT values (571, 570, 573, 61, 4.130, 64.64, 11.00, 4.130, 64.64, 11.00, 0.000, 183.82, 0.01);
insert into SHOT values (572, 570, 574, 61, 2.900, 98.04, 9.50, 2.900, 98.04, 9.50, 0.000, 353.77, 0.01);
insert into SHOT values (573, 570, 575, 61, 1.340, 156.74, 17.10, 1.340, 156.74, 17.10, 0.000, 355.55, 0.01);
insert into SHOT values (574, 570, 576, 61, 2.030, 230.64, 6.20, 2.030, 230.64, 6.20, 0.000, 6.12, 0.01);
insert into SHOT values (575, 570, 577, 61, 2.500, 271.94, 8.60, 2.500, 271.94, 8.60, 0.000, 188.85, -0.01);
insert into SHOT values (576, 570, 578, 61, 1.740, 302.84, 9.40, 1.740, 302.84, 9.40, 0.000, 172.82, -0.02);
insert into SHOT values (577, 570, 579, 61, 3.050, 89.14, 84.40, 3.050, 89.14, 84.40, 0.000, 33.68, 0.02);
insert into SHOT values (578, 570, 580, 61, 0.850, 306.04, -75.40, 0.850, 306.04, -75.40, 0.000, 176.02, 0.01);
insert into SHOT values (579, 570, 581, 61, 6.090, 77.04, 3.40, 6.090, 77.04, 3.40, 0.000, 278.30, -0.07);
insert into SHOT values (580, 581, 582, 61, 2.020, 128.44, -2.20, 2.020, 128.44, -2.20, 0.000, 1.63, 0.00);
insert into SHOT values (581, 581, 583, 61, 1.450, 167.64, 3.70, 1.450, 167.64, 3.70, 0.000, 6.20, 0.03);
insert into SHOT values (582, 581, 584, 61, 1.970, 229.34, -1.50, 1.970, 229.34, -1.50, 0.000, 171.59, 0.01);
insert into SHOT values (583, 581, 585, 61, 6.830, 267.94, 5.10, 6.830, 267.94, 5.10, 0.000, 3.36, -0.02);
insert into SHOT values (584, 581, 586, 61, 0.320, 331.64, 9.10, 0.320, 331.64, 9.10, 0.000, 216.46, -0.07);
insert into SHOT values (585, 581, 587, 61, 4.280, 169.24, 82.00, 4.280, 169.24, 82.00, 0.000, 14.90, -0.03);
insert into SHOT values (586, 581, 588, 61, 0.970, 158.64, -78.00, 0.970, 158.64, -78.00, 0.000, 5.32, -0.01);
insert into SHOT values (587, 581, 589, 61, 3.490, 149.44, -69.60, 3.490, 149.44, -69.60, 0.000, 14.70, -0.00);
insert into SHOT values (588, 581, 590, 61, 3.470, 149.54, -73.00, 3.470, 149.54, -73.00, 0.000, 357.23, 0.17);
insert into SHOT values (589, 581, 591, 61, 3.500, 155.84, -69.20, 3.500, 155.84, -69.20, 0.000, 352.63, -0.01);
insert into SHOT values (590, 581, 592, 61, 3.440, 140.14, -70.80, 3.440, 140.14, -70.80, 0.000, 347.85, -0.03);
insert into SHOT values (591, 581, 593, 61, 3.720, 111.84, -21.70, 3.720, 111.84, -21.70, 0.000, 179.94, 0.00);
insert into SHOT values (592, 593, 594, 61, 0.310, 230.04, 23.20, 0.310, 230.04, 23.20, 0.000, 181.99, 0.01);
insert into SHOT values (593, 593, 595, 61, 1.690, 259.04, 14.60, 1.690, 259.04, 14.60, 0.000, 1.22, 0.01);
insert into SHOT values (594, 593, 596, 61, 2.540, 296.94, 4.10, 2.540, 296.94, 4.10, 0.000, 189.04, 0.03);
insert into SHOT values (595, 593, 597, 61, 4.240, 340.94, -5.80, 4.240, 340.94, -5.80, 0.000, 90.88, 0.10);
insert into SHOT values (596, 593, 598, 61, 3.730, 20.54, -4.20, 3.730, 20.54, -4.20, 0.000, 356.34, -0.01);
insert into SHOT values (597, 593, 599, 61, 5.630, 48.64, 0.00, 5.630, 48.64, 0.00, 0.000, 186.68, 0.00);
insert into SHOT values (598, 593, 600, 61, 2.690, 69.04, 0.00, 2.690, 69.04, 0.00, 0.000, 5.56, 0.00);
insert into SHOT values (599, 593, 601, 61, 2.610, 68.94, 0.20, 2.610, 68.94, 0.20, 0.000, 13.83, -0.01);
insert into SHOT values (600, 593, 602, 61, 2.570, 69.14, -0.40, 2.570, 69.14, -0.40, 0.000, 164.31, 0.05);
insert into SHOT values (601, 593, 603, 61, 4.110, 354.54, 70.60, 4.110, 354.54, 70.60, 0.000, 359.43, 0.03);
insert into SHOT values (602, 593, 604, 61, 1.740, 353.84, -73.40, 1.740, 353.84, -73.40, 0.000, 185.36, 0.01);
insert into SHOT values (603, 593, 605, 61, 10.580, 65.04, 0.70, 10.580, 65.04, 0.70, 0.000, 354.26, 0.00);
insert into SHOT values (604, 593, 606, 61, 8.060, 290.04, -15.10, 8.060, 290.04, -15.10, 0.000, 7.58, 0.00);
insert into SHOT values (605, 606, 607, 61, 1.300, 329.34, 10.30, 1.300, 329.34, 10.30, 0.000, 335.72, -0.03);
insert into SHOT values (606, 606, 608, 61, 2.990, 278.54, 1.70, 2.990, 278.54, 1.70, 0.000, 349.76, -0.03);
insert into SHOT values (607, 606, 609, 61, 3.720, 227.34, 3.80, 3.720, 227.34, 3.80, 0.000, 173.48, -0.00);
insert into SHOT values (608, 606, 610, 61, 2.660, 195.24, 4.60, 2.660, 195.24, 4.60, 0.000, 352.67, -0.01);
insert into SHOT values (609, 606, 611, 61, 2.480, 145.94, 14.40, 2.480, 145.94, 14.40, 0.000, 350.59, 0.01);
insert into SHOT values (610, 606, 612, 61, 4.110, 122.34, 10.90, 4.110, 122.34, 10.90, 0.000, 164.77, -0.02);
insert into SHOT values (611, 606, 613, 61, 2.430, 70.54, 20.00, 2.430, 70.54, 20.00, 0.000, 6.27, -0.02);
insert into SHOT values (612, 606, 614, 61, 1.660, 37.24, 14.90, 1.660, 37.24, 14.90, 0.000, 340.32, 0.04);
insert into SHOT values (613, 606, 615, 61, 1.200, 138.74, 80.30, 1.200, 138.74, 80.30, 0.000, 119.59, -0.06);
insert into SHOT values (614, 606, 616, 61, 0.880, 289.74, -84.60, 0.880, 289.74, -84.60, 0.000, 182.08, 0.01);
insert into SHOT values (615, 606, 617, 61, 10.780, 267.54, -1.40, 10.780, 267.54, -1.40, 0.000, 0.34, 0.02);
insert into SHOT values (616, 617, 618, 61, 0.690, 158.24, 12.70, 0.690, 158.24, 12.70, 0.000, 162.76, -0.01);
insert into SHOT values (617, 617, 619, 61, 3.260, 189.34, 22.80, 3.260, 189.34, 22.80, 0.000, 347.74, 0.03);
insert into SHOT values (618, 617, 620, 61, 4.200, 220.64, 36.40, 4.200, 220.64, 36.40, 0.000, 3.20, 0.01);
insert into SHOT values (619, 617, 621, 61, 4.200, 250.04, 25.20, 4.200, 250.04, 25.20, 0.000, 6.24, -0.00);
insert into SHOT values (620, 617, 622, 61, 1.130, 300.14, 28.20, 1.130, 300.14, 28.20, 0.000, 179.41, 0.01);
insert into SHOT values (621, 617, 623, 61, 1.930, 48.94, -9.70, 1.930, 48.94, -9.70, 0.000, 5.95, 0.00);
insert into SHOT values (622, 617, 624, 61, 1.520, 25.74, -2.30, 1.520, 25.74, -2.30, 0.000, 354.43, -0.00);
insert into SHOT values (623, 617, 625, 61, 3.380, 261.24, 80.50, 3.380, 261.24, 80.50, 0.000, 357.79, -0.01);
insert into SHOT values (624, 617, 626, 61, 3.560, 246.44, 70.20, 3.560, 246.44, 70.20, 0.000, 172.73, 0.01);
insert into SHOT values (625, 617, 627, 61, 2.280, 205.14, -83.60, 2.280, 205.14, -83.60, 0.000, 183.96, -0.01);
insert into SHOT values (626, 617, 628, 61, 4.330, 221.04, 20.00, 4.330, 221.04, 20.00, 0.000, 183.37, 0.03);
insert into SHOT values (627, 628, 629, 61, 3.020, 159.34, 7.60, 3.020, 159.34, 7.60, 0.000, 179.65, -0.02);
insert into SHOT values (628, 628, 630, 61, 2.800, 194.64, 4.40, 2.800, 194.64, 4.40, 0.000, 83.70, 0.11);
insert into SHOT values (629, 628, 631, 61, 3.800, 242.64, -2.60, 3.800, 242.64, -2.60, 0.000, 179.07, 0.02);
insert into SHOT values (630, 628, 632, 61, 3.720, 270.84, -0.30, 3.720, 270.84, -0.30, 0.000, 187.74, 0.00);
insert into SHOT values (631, 628, 633, 61, 1.220, 313.64, 6.20, 1.220, 313.64, 6.20, 0.000, 3.41, 0.01);
insert into SHOT values (632, 628, 634, 61, 4.530, 353.84, 4.10, 4.530, 353.84, 4.10, 0.000, 354.18, -0.00);
insert into SHOT values (633, 628, 635, 61, 4.610, 60.74, 11.90, 4.610, 60.74, 11.90, 0.000, 336.15, 0.07);
insert into SHOT values (634, 628, 636, 61, 4.640, 96.84, 11.50, 4.640, 96.84, 11.50, 0.000, 287.89, 0.11);
insert into SHOT values (635, 628, 637, 61, 0.740, 217.64, 74.90, 0.740, 217.64, 74.90, 0.000, 158.74, 0.05);
insert into SHOT values (636, 628, 638, 61, 1.040, 39.74, -83.60, 1.040, 39.74, -83.60, 0.000, 193.79, -0.01);
insert into SHOT values (637, 628, 639, 61, 3.020, 249.84, -14.40, 3.020, 249.84, -14.40, 0.000, 175.61, -0.02);
insert into SHOT values (638, 639, 640, 61, 1.290, 241.94, 2.10, 1.290, 241.94, 2.10, 0.000, 279.38, 0.08);
insert into SHOT values (639, 639, 641, 61, 1.190, 316.74, 12.20, 1.190, 316.74, 12.20, 0.000, 354.91, 0.00);
insert into SHOT values (640, 639, 642, 61, 1.380, 0.64, 22.90, 1.380, 0.64, 22.90, 0.000, 327.21, 0.23);
insert into SHOT values (641, 639, 643, 61, 7.160, 50.94, 14.80, 7.160, 50.94, 14.80, 0.000, 352.89, -0.02);
insert into SHOT values (642, 639, 644, 61, 7.580, 88.24, 14.60, 7.580, 88.24, 14.60, 0.000, 357.67, -0.01);
insert into SHOT values (643, 639, 645, 61, 4.530, 109.24, 7.30, 4.530, 109.24, 7.30, 0.000, 6.53, -0.01);
insert into SHOT values (644, 639, 646, 61, 2.330, 333.04, 76.40, 2.330, 333.04, 76.40, 0.000, 176.57, -0.00);
insert into SHOT values (645, 639, 647, 61, 0.790, 56.14, -67.40, 0.790, 56.14, -67.40, 0.000, 181.47, -0.01);
insert into SHOT values (646, 639, 648, 61, 4.330, 330.74, 54.30, 4.330, 330.74, 54.30, 0.000, 180.78, 0.01);
insert into SHOT values (647, 648, 649, 61, 0.970, 176.44, 4.20, 0.970, 176.44, 4.20, 0.000, 169.36, -0.00);
insert into SHOT values (648, 648, 650, 61, 2.330, 208.14, 5.60, 2.330, 208.14, 5.60, 0.000, 58.13, 0.03);
insert into SHOT values (649, 648, 651, 61, 0.980, 260.54, 17.10, 0.980, 260.54, 17.10, 0.000, 185.31, 0.02);
insert into SHOT values (650, 648, 652, 61, 0.730, 352.84, 1.20, 0.730, 352.84, 1.20, 0.000, 342.72, 0.04);
insert into SHOT values (651, 648, 653, 61, 3.380, 13.14, -5.00, 3.380, 13.14, -5.00, 0.000, 179.96, 0.02);
insert into SHOT values (652, 648, 654, 61, 1.040, 38.44, 2.50, 1.040, 38.44, 2.50, 0.000, 338.08, -0.06);
insert into SHOT values (653, 648, 655, 61, 1.170, 77.14, 9.70, 1.170, 77.14, 9.70, 0.000, 10.14, -0.01);
insert into SHOT values (654, 648, 656, 61, 1.460, 125.54, 10.80, 1.460, 125.54, 10.80, 0.000, 179.58, -0.02);
insert into SHOT values (655, 648, 657, 61, 0.600, 315.44, 78.60, 0.600, 315.44, 78.60, 0.000, 171.25, 0.02);
insert into SHOT values (656, 648, 658, 61, 1.600, 48.94, -79.50, 1.600, 48.94, -79.50, 0.000, 164.45, 0.00);
insert into SHOT values (657, 648, 659, 61, 6.530, 234.74, 15.50, 6.530, 234.74, 15.50, 0.000, 174.05, 0.03);
insert into SHOT values (658, 659, 660, 61, 4.600, 170.04, 0.50, 4.600, 170.04, 0.50, 0.000, 173.33, -0.01);
insert into SHOT values (659, 659, 661, 61, 6.720, 200.34, -2.10, 6.720, 200.34, -2.10, 0.000, 179.93, -0.01);
insert into SHOT values (660, 659, 662, 61, 1.820, 247.74, 23.10, 1.820, 247.74, 23.10, 0.000, 183.90, 0.01);
insert into SHOT values (661, 659, 663, 61, 1.100, 346.24, 7.50, 1.100, 346.24, 7.50, 0.000, 351.47, -0.01);
insert into SHOT values (662, 659, 664, 61, 2.390, 109.04, 0.60, 2.390, 109.04, 0.60, 0.000, 178.34, 0.00);
insert into SHOT values (663, 659, 665, 61, 1.320, 74.84, -3.90, 1.320, 74.84, -3.90, 0.000, 3.14, -0.01);
insert into SHOT values (664, 659, 666, 61, 4.040, 168.04, 68.20, 4.040, 168.04, 68.20, 0.000, 10.49, -0.03);
insert into SHOT values (665, 659, 667, 61, 1.210, 153.04, -77.70, 1.210, 153.04, -77.70, 0.000, 173.87, -0.00);
insert into SHOT values (666, 659, 668, 61, 2.040, 131.84, -70.20, 2.040, 131.84, -70.20, 0.000, 358.73, -0.02);
insert into SHOT values (667, 659, 669, 61, 3.220, 156.14, -53.10, 3.220, 156.14, -53.10, 0.000, 27.23, 0.00);
insert into SHOT values (668, 659, 670, 61, 9.750, 325.54, 73.70, 9.750, 325.54, 73.70, 0.000, 16.19, 0.03);
insert into SHOT values (669, 659, 671, 61, 6.510, 254.54, 35.70, 6.510, 254.54, 35.70, 0.000, 188.47, -0.03);
insert into SHOT values (670, 659, 672, 61, 3.520, 235.24, -0.50, 3.520, 235.24, -0.50, 0.000, 346.22, 0.03);
insert into SHOT values (671, 672, 673, 61, 22.020, 316.84, 18.10, 22.020, 316.84, 18.10, 0.000, 351.11, 0.02);
insert into SHOT values (672, 672, 674, 61, 13.790, 356.84, 31.40, 13.790, 356.84, 31.40, 0.000, 186.40, -0.01);
insert into SHOT values (673, 672, 675, 61, 15.740, 31.94, 34.70, 15.740, 31.94, 34.70, 0.000, 186.91, 0.02);
insert into SHOT values (674, 672, 676, 61, 6.010, 61.64, 29.80, 6.010, 61.64, 29.80, 0.000, 2.36, 0.01);
insert into SHOT values (675, 672, 677, 61, 10.580, 76.14, 33.50, 10.580, 76.14, 33.50, 0.000, 6.19, -0.01);
insert into SHOT values (676, 672, 678, 61, 13.570, 58.64, 35.20, 13.570, 58.64, 35.20, 0.000, 8.67, -0.05);
insert into SHOT values (677, 672, 679, 61, 4.310, 134.34, 29.40, 4.310, 134.34, 29.40, 0.000, 192.30, 0.00);
insert into SHOT values (678, 672, 680, 61, 4.510, 191.54, 1.50, 4.510, 191.54, 1.50, 0.000, 308.23, -0.11);
insert into SHOT values (679, 672, 681, 61, 3.390, 270.04, 78.80, 3.390, 270.04, 78.80, 0.000, 175.38, 0.00);
insert into SHOT values (680, 672, 682, 61, 11.110, 318.54, 62.70, 11.110, 318.54, 62.70, 0.000, 176.14, -0.02);
insert into SHOT values (681, 672, 683, 61, 18.200, 325.44, 58.50, 18.200, 325.44, 58.50, 0.000, 3.17, 0.01);
insert into SHOT values (682, 672, 684, 61, 1.740, 122.64, -82.00, 1.740, 122.64, -82.00, 0.000, 200.13, -0.04);
insert into SHOT values (683, 672, 685, 61, 4.920, 184.74, -54.90, 4.920, 184.74, -54.90, 0.000, 1.18, -0.01);
insert into SHOT values (684, 672, 686, 61, 20.020, 68.94, 31.20, 20.020, 68.94, 31.20, 0.000, 341.19, -0.03);
insert into SHOT values (685, 672, 687, 61, 30.540, 273.24, 0.90, 30.540, 273.24, 0.90, 0.000, 9.99, 0.01);
insert into SHOT values (686, 687, 688, 61, 2.710, 245.24, 13.10, 2.710, 245.24, 13.10, 0.000, 175.95, 0.01);
insert into SHOT values (687, 687, 689, 61, 4.580, 267.94, 12.30, 4.580, 267.94, 12.30, 0.000, 186.57, -0.02);
insert into SHOT values (688, 687, 690, 61, 6.460, 297.44, 13.20, 6.460, 297.44, 13.20, 0.000, 13.00, -0.05);
insert into SHOT values (689, 687, 691, 61, 8.660, 312.34, 4.70, 8.660, 312.34, 4.70, 0.000, 352.75, 0.01);
insert into SHOT values (690, 687, 692, 61, 19.690, 328.14, 16.00, 19.690, 328.14, 16.00, 0.000, 193.36, 0.14);
insert into SHOT values (691, 687, 693, 61, 17.950, 328.44, 17.80, 17.950, 328.44, 17.80, 0.000, 3.08, 0.01);
insert into SHOT values (692, 687, 694, 61, 14.770, 352.74, 24.60, 14.770, 352.74, 24.60, 0.000, 356.65, 0.01);
insert into SHOT values (693, 687, 695, 61, 25.590, 57.84, 19.80, 25.590, 57.84, 19.80, 0.000, 181.33, 0.01);
insert into SHOT values (694, 687, 696, 61, 45.140, 80.34, 9.90, 45.140, 80.34, 9.90, 0.000, 192.60, 0.03);
insert into SHOT values (695, 687, 697, 61, 19.950, 96.24, 8.30, 19.950, 96.24, 8.30, 0.000, 5.09, 0.01);
insert into SHOT values (696, 687, 698, 61, 9.540, 119.34, 13.40, 9.540, 119.34, 13.40, 0.000, 134.93, -0.02);
insert into SHOT values (697, 687, 699, 61, 8.650, 23.14, 71.00, 8.650, 23.14, 71.00, 0.000, 184.25, 0.00);
insert into SHOT values (698, 687, 700, 61, 1.810, 106.54, -80.00, 1.810, 106.54, -80.00, 0.000, 14.70, -0.02);
insert into SHOT values (699, 687, 701, 61, 6.520, 28.04, -34.10, 6.520, 28.04, -34.10, 0.000, 190.77, -0.03);
insert into SHOT values (700, 687, 702, 61, 25.440, 18.64, -16.80, 25.440, 18.64, -16.80, 0.000, 6.83, -0.04);
insert into SHOT values (701, 687, 703, 61, 10.500, 322.64, -15.50, 10.500, 322.64, -15.50, 0.000, 174.11, -0.01);
insert into SHOT values (702, 687, 704, 61, 10.480, 322.44, -15.10, 10.480, 322.44, -15.10, 0.000, 5.59, -0.01);
insert into SHOT values (703, 704, 705, 61, 12.770, 352.64, 1.80, 12.770, 352.64, 1.80, 0.000, 186.81, 0.01);
insert into SHOT values (704, 704, 706, 61, 13.430, 30.84, 4.60, 13.430, 30.84, 4.60, 0.000, 357.46, 0.02);
insert into SHOT values (705, 704, 707, 61, 5.450, 70.24, -1.50, 5.450, 70.24, -1.50, 0.000, 171.12, -0.05);
insert into SHOT values (706, 704, 708, 61, 24.030, 64.44, 9.60, 24.030, 64.44, 9.60, 0.000, 186.58, -0.03);
insert into SHOT values (707, 704, 709, 61, 6.820, 265.74, 7.30, 6.820, 265.74, 7.30, 0.000, 5.75, 0.00);
insert into SHOT values (708, 704, 710, 61, 4.340, 237.44, 7.70, 4.340, 237.44, 7.70, 0.000, 352.27, -0.02);
insert into SHOT values (709, 704, 711, 61, 2.840, 168.94, 2.50, 2.840, 168.94, 2.50, 0.000, 340.17, 0.07);
insert into SHOT values (710, 704, 712, 61, 4.260, 160.94, 8.40, 4.260, 160.94, 8.40, 0.000, 359.09, 0.02);
insert into SHOT values (711, 704, 713, 61, 5.370, 309.14, 63.90, 5.370, 309.14, 63.90, 0.000, 150.98, -0.00);
insert into SHOT values (712, 704, 714, 61, 10.690, 343.64, 73.10, 10.690, 343.64, 73.10, 0.000, 11.87, -0.02);
insert into SHOT values (713, 704, 715, 61, 0.740, 264.84, -83.80, 0.740, 264.84, -83.80, 0.000, 187.98, -0.01);
insert into SHOT values (714, 704, 716, 61, 9.690, 11.74, -66.20, 9.690, 11.74, -66.20, 0.000, 8.65, -0.03);
insert into SHOT values (715, 704, 717, 61, 13.500, 296.14, 3.60, 13.500, 296.14, 3.60, 0.000, 184.40, -0.01);
insert into SHOT values (716, 717, 718, 61, 5.110, 217.24, 5.60, 5.110, 217.24, 5.60, 0.000, 175.40, 0.00);
insert into SHOT values (717, 717, 719, 61, 16.610, 241.84, 2.90, 16.610, 241.84, 2.90, 0.000, 13.58, 0.07);
insert into SHOT values (718, 717, 720, 61, 25.590, 256.04, -2.40, 25.590, 256.04, -2.40, 0.000, 198.98, 0.03);
insert into SHOT values (719, 717, 721, 61, 39.980, 273.24, 4.10, 39.980, 273.24, 4.10, 0.000, 352.87, 0.00);
insert into SHOT values (720, 717, 722, 61, 32.130, 291.94, 3.80, 32.130, 291.94, 3.80, 0.000, 61.90, -0.11);
insert into SHOT values (721, 717, 723, 61, 33.880, 303.04, -6.00, 33.880, 303.04, -6.00, 0.000, 1.94, 0.01);
insert into SHOT values (722, 717, 724, 61, 23.190, 304.14, 3.20, 23.190, 304.14, 3.20, 0.000, 5.32, 0.01);
insert into SHOT values (723, 717, 725, 61, 23.130, 309.94, 4.90, 23.130, 309.94, 4.90, 0.000, 356.27, 0.02);
insert into SHOT values (724, 717, 726, 61, 7.120, 0.34, 11.90, 7.120, 0.34, 11.90, 0.000, 4.43, 0.00);
insert into SHOT values (725, 717, 727, 61, 11.990, 52.84, -1.40, 11.990, 52.84, -1.40, 0.000, 197.40, -0.04);
insert into SHOT values (726, 717, 728, 61, 29.450, 74.54, -2.90, 29.450, 74.54, -2.90, 0.000, 9.11, -0.05);
insert into SHOT values (727, 717, 729, 61, 8.600, 286.74, 82.10, 8.600, 286.74, 82.10, 0.000, 179.59, -0.01);
insert into SHOT values (728, 717, 730, 61, 2.440, 200.14, -65.60, 2.440, 200.14, -65.60, 0.000, 197.19, 0.04);
insert into SHOT values (729, 717, 731, 61, 13.480, 319.54, -58.60, 13.480, 319.54, -58.60, 0.000, 156.31, -0.04);
insert into SHOT values (730, 717, 732, 61, 20.980, 273.64, -19.00, 20.980, 273.64, -19.00, 0.000, 359.49, -0.02);
insert into SHOT values (731, 732, 733, 61, 9.700, 183.44, 32.00, 9.700, 183.44, 32.00, 0.000, 183.67, -0.01);
insert into SHOT values (732, 732, 734, 61, 14.910, 229.94, 30.20, 14.910, 229.94, 30.20, 0.000, 171.99, -0.00);
insert into SHOT values (733, 732, 735, 61, 19.090, 255.14, 18.80, 19.090, 255.14, 18.80, 0.000, 169.72, -0.02);
insert into SHOT values (734, 732, 736, 61, 27.540, 282.54, 16.50, 27.540, 282.54, 16.50, 0.000, 178.06, 0.00);
insert into SHOT values (735, 732, 737, 61, 17.100, 351.04, 11.10, 17.100, 351.04, 11.10, 0.000, 182.28, 0.01);
insert into SHOT values (736, 732, 738, 61, 19.290, 48.24, 5.10, 19.290, 48.24, 5.10, 0.000, 5.99, 0.04);
insert into SHOT values (737, 732, 739, 61, 23.300, 62.74, 8.10, 23.300, 62.74, 8.10, 0.000, 5.16, 0.01);
insert into SHOT values (738, 732, 740, 61, 16.490, 112.94, 24.80, 16.490, 112.94, 24.80, 0.000, 179.30, 0.04);
insert into SHOT values (739, 732, 741, 61, 16.570, 141.64, 39.80, 16.570, 141.64, 39.80, 0.000, 211.65, -0.02);
insert into SHOT values (740, 732, 742, 61, 3.400, 152.24, 25.40, 3.400, 152.24, 25.40, 0.000, 178.94, -0.03);
insert into SHOT values (741, 732, 743, 61, 14.360, 236.54, 79.40, 14.360, 236.54, 79.40, 0.000, 202.84, -0.03);
insert into SHOT values (742, 732, 744, 61, 1.140, 64.64, -74.50, 1.140, 64.64, -74.50, 0.000, 191.22, -0.02);
insert into SHOT values (743, 732, 745, 61, 15.580, 0.14, -43.60, 15.580, 0.14, -43.60, 0.000, 0.36, 0.03);
insert into SHOT values (744, 732, 746, 61, 26.470, 273.94, -11.80, 26.470, 273.94, -11.80, 0.000, 352.27, 0.01);
insert into SHOT values (745, 746, 747, 61, 25.560, 271.04, 10.20, 25.560, 271.04, 10.20, 0.000, 188.12, 0.06);
insert into SHOT values (746, 746, 748, 61, 32.410, 261.64, -3.70, 32.410, 261.64, -3.70, 0.000, 11.97, -0.01);
insert into SHOT values (747, 746, 749, 61, 1.480, 192.74, 22.50, 1.480, 192.74, 22.50, 0.000, 5.25, -0.03);
insert into SHOT values (748, 746, 750, 61, 10.270, 211.74, 37.80, 10.270, 211.74, 37.80, 0.000, 193.81, -0.04);
insert into SHOT values (749, 746, 751, 61, 2.870, 254.14, 32.40, 2.870, 254.14, 32.40, 0.000, 198.14, 0.04);
insert into SHOT values (750, 746, 752, 61, 24.830, 283.04, 11.80, 24.830, 283.04, 11.80, 0.000, 185.69, 0.00);
insert into SHOT values (751, 746, 753, 61, 25.970, 353.84, 12.20, 25.970, 353.84, 12.20, 0.000, 355.93, -0.01);
insert into SHOT values (752, 746, 754, 61, 36.760, 9.94, 0.70, 36.760, 9.94, 0.70, 0.000, 353.31, 0.03);
insert into SHOT values (753, 746, 755, 61, 22.110, 84.74, 4.60, 22.110, 84.74, 4.60, 0.000, 185.46, 0.01);
insert into SHOT values (754, 746, 756, 61, 37.700, 67.64, 13.20, 37.700, 67.64, 13.20, 0.000, 182.65, 0.02);
insert into SHOT values (755, 746, 757, 61, 13.440, 291.74, 77.30, 13.440, 291.74, 77.30, 0.000, 104.17, -0.07);
insert into SHOT values (756, 746, 758, 61, 0.860, 13.84, -78.00, 0.860, 13.84, -78.00, 0.000, 191.06, -0.01);
insert into SHOT values (757, 746, 759, 61, 28.580, 342.54, -41.20, 28.580, 342.54, -41.20, 0.000, 194.74, -0.29);
insert into SHOT values (758, 746, 760, 61, 12.610, 301.64, -23.90, 12.610, 301.64, -23.90, 0.000, 347.03, 0.02);
insert into SHOT values (759, 760, 761, 61, 5.540, 204.44, 20.00, 5.540, 204.44, 20.00, 0.000, 186.09, -0.01);
insert into SHOT values (760, 760, 762, 61, 14.760, 216.24, 32.70, 14.760, 216.24, 32.70, 0.000, 158.77, 0.05);
insert into SHOT values (761, 760, 763, 61, 22.250, 250.74, 24.90, 22.250, 250.74, 24.90, 0.000, 352.23, 0.01);
insert into SHOT values (762, 760, 764, 61, 18.040, 274.74, 17.90, 18.040, 274.74, 17.90, 0.000, 177.19, -0.01);
insert into SHOT values (763, 760, 765, 61, 33.190, 286.74, 7.50, 33.190, 286.74, 7.50, 0.000, 168.29, -0.01);
insert into SHOT values (764, 760, 766, 61, 34.820, 323.04, 7.00, 34.820, 323.04, 7.00, 0.000, 182.11, 0.01);
insert into SHOT values (765, 760, 767, 61, 35.110, 26.24, 8.00, 35.110, 26.24, 8.00, 0.000, 201.72, 0.04);
insert into SHOT values (766, 760, 768, 61, 13.520, 80.74, -1.30, 13.520, 80.74, -1.30, 0.000, 172.35, -0.02);
insert into SHOT values (767, 760, 769, 61, 12.080, 16.14, 77.60, 12.080, 16.14, 77.60, 0.000, 180.04, 0.02);
insert into SHOT values (768, 760, 770, 61, 3.940, 276.24, -54.80, 3.940, 276.24, -54.80, 0.000, 343.22, -0.05);
insert into SHOT values (769, 760, 771, 61, 19.530, 318.94, -43.00, 19.530, 318.94, -43.00, 0.000, 11.58, 0.12);
insert into SHOT values (770, 760, 772, 61, 10.810, 278.24, -21.80, 10.810, 278.24, -21.80, 0.000, 172.38, -0.01);
insert into SHOT values (771, 772, 773, 61, 3.350, 225.04, 24.70, 3.350, 225.04, 24.70, 0.000, 330.54, 0.05);
insert into SHOT values (772, 772, 774, 61, 18.910, 243.24, 22.20, 18.910, 243.24, 22.20, 0.000, 174.16, 0.02);
insert into SHOT values (773, 772, 775, 61, 33.900, 268.74, 14.60, 33.900, 268.74, 14.60, 0.000, 5.58, -0.01);
insert into SHOT values (774, 772, 776, 61, 29.660, 263.84, 13.90, 29.660, 263.84, 13.90, 0.000, 208.98, 0.03);
insert into SHOT values (775, 772, 777, 61, 19.530, 302.94, 16.90, 19.530, 302.94, 16.90, 0.000, 142.92, 0.04);
insert into SHOT values (776, 772, 778, 61, 30.260, 346.54, 17.80, 30.260, 346.54, 17.80, 0.000, 174.33, 0.00);
insert into SHOT values (777, 772, 779, 61, 37.010, 33.64, 19.70, 37.010, 33.64, 19.70, 0.000, 269.21, 0.07);
insert into SHOT values (778, 772, 780, 61, 9.870, 93.44, 16.20, 9.870, 93.44, 16.20, 0.000, 178.10, 0.00);
insert into SHOT values (779, 772, 781, 61, 11.900, 309.54, 78.10, 11.900, 309.54, 78.10, 0.000, 325.93, -0.10);
insert into SHOT values (780, 772, 782, 61, 14.740, 246.54, 76.80, 14.740, 246.54, 76.80, 0.000, 189.92, -0.04);
insert into SHOT values (781, 772, 783, 61, 2.090, 293.84, -58.20, 2.090, 293.84, -58.20, 0.000, 0.10, -0.01);
insert into SHOT values (782, 772, 784, 61, 17.660, 321.04, -36.50, 17.660, 321.04, -36.50, 0.000, 174.98, 0.01);
insert into SHOT values (783, 772, 785, 61, 10.430, 286.24, -14.00, 10.430, 286.24, -14.00, 0.000, 23.42, -0.13);
insert into SHOT values (784, 785, 786, 61, 11.690, 263.74, -7.10, 11.690, 263.74, -7.10, 0.000, 171.61, -0.02);
insert into SHOT values (785, 785, 787, 61, 11.750, 278.24, -9.80, 11.750, 278.24, -9.80, 0.000, 176.79, 0.01);
insert into SHOT values (786, 785, 788, 61, 11.890, 311.64, -17.40, 11.890, 311.64, -17.40, 0.000, 177.52, 0.01);
insert into SHOT values (787, 785, 789, 61, 25.940, 353.54, -4.70, 25.940, 353.54, -4.70, 0.000, 355.02, -0.01);
insert into SHOT values (788, 785, 790, 61, 28.910, 41.54, -0.90, 28.910, 41.54, -0.90, 0.000, 184.38, 0.08);
insert into SHOT values (789, 785, 791, 61, 27.530, 57.14, -13.60, 27.530, 57.14, -13.60, 0.000, 207.58, 0.04);
insert into SHOT values (790, 785, 792, 61, 29.600, 75.54, 2.20, 29.600, 75.54, 2.20, 0.000, 168.82, -0.13);
insert into SHOT values (791, 785, 793, 61, 13.720, 111.34, 88.60, 13.720, 111.34, 88.60, 0.000, 182.53, 0.02);
insert into SHOT values (792, 785, 794, 61, 1.500, 328.94, -84.70, 1.500, 328.94, -84.70, 0.000, 175.94, 0.01);
insert into SHOT values (793, 785, 795, 61, 13.400, 353.64, -49.30, 13.400, 353.64, -49.30, 0.000, 210.22, -0.00);
insert into SHOT values (794, 785, 796, 61, 12.350, 297.14, -25.10, 12.350, 297.14, -25.10, 0.000, 323.94, -0.13);
insert into SHOT values (795, 796, 797, 61, 34.100, 265.14, 23.70, 34.100, 265.14, 23.70, 0.000, 354.84, 0.01);
insert into SHOT values (796, 796, 798, 61, 28.890, 301.04, 13.80, 28.890, 301.04, 13.80, 0.000, 3.23, -0.02);
insert into SHOT values (797, 796, 799, 61, 23.110, 157.34, 35.30, 23.110, 157.34, 35.30, 0.000, 359.89, 0.03);
insert into SHOT values (798, 796, 800, 61, 49.670, 115.94, 31.40, 49.670, 115.94, 31.40, 0.000, 218.38, -0.01);
insert into SHOT values (799, 796, 801, 61, 13.040, 290.54, 80.00, 13.040, 290.54, 80.00, 0.000, 179.85, -0.02);
insert into SHOT values (800, 796, 802, 61, 1.790, 263.74, -87.30, 1.790, 263.74, -87.30, 0.000, 5.19, -0.00);
insert into SHOT values (801, 796, 803, 61, 12.270, 290.14, -20.70, 12.270, 290.14, -20.70, 0.000, 359.07, 0.01);
insert into SHOT values (802, 803, 804, 61, 17.600, 227.44, 23.50, 17.600, 227.44, 23.50, 0.000, 181.06, 0.01);
insert into SHOT values (803, 803, 805, 61, 29.520, 280.84, 12.70, 29.520, 280.84, 12.70, 0.000, 184.47, 0.01);
insert into SHOT values (804, 803, 806, 61, 19.770, 334.34, 9.10, 19.770, 334.34, 9.10, 0.000, 177.93, 0.01);
insert into SHOT values (805, 803, 807, 61, 30.000, 37.34, 23.90, 30.000, 37.34, 23.90, 0.000, 174.75, -0.02);
insert into SHOT values (806, 803, 808, 61, 19.350, 299.54, 77.60, 19.350, 299.54, 77.60, 0.000, 1.81, 0.00);
insert into SHOT values (807, 803, 809, 61, 6.480, 292.74, -47.70, 6.480, 292.74, -47.70, 0.000, 3.47, 0.00);
insert into SHOT values (808, 803, 810, 61, 14.970, 279.24, -14.90, 14.970, 279.24, -14.90, 0.000, 281.33, -0.14);
insert into SHOT values (809, 810, 811, 61, 14.900, 169.44, 30.20, 14.900, 169.44, 30.20, 0.000, 177.85, -0.01);
insert into SHOT values (810, 810, 812, 61, 17.980, 208.14, 17.00, 17.980, 208.14, 17.00, 0.000, 187.23, 0.03);
insert into SHOT values (811, 810, 813, 61, 21.990, 238.84, 15.40, 21.990, 238.84, 15.40, 0.000, 14.54, 0.01);
insert into SHOT values (812, 810, 814, 61, 15.450, 312.74, 7.00, 15.450, 312.74, 7.00, 0.000, 176.94, -0.02);
insert into SHOT values (813, 810, 815, 61, 17.710, 17.94, 24.60, 17.710, 17.94, 24.60, 0.000, 350.24, 0.02);
insert into SHOT values (814, 810, 816, 61, 20.680, 233.34, 74.40, 20.680, 233.34, 74.40, 0.000, 177.05, -0.00);
insert into SHOT values (815, 810, 817, 61, 5.020, 200.64, -56.80, 5.020, 200.64, -56.80, 0.000, 174.13, 0.05);
insert into SURVEY values (63, 53, 'GL102_Aval_01', 'GL102_Aval_01.Gouffre_du_Lonne_Peyret', 'GL102 - Gouffre du Lonne Peyret - Aval salle chao des Titans');
 insert into CENTRELINE values (64, 63, NULL, NULL, NULL, 0.00, 0.00, 0.00);
 insert into CENTRELINE values (65, 63, NULL, '2024-08-07', '2024-01-01', 957.49, 0.00, 16.45);
 insert into PERSON values (9, 'Vincent', 'Lacombe');
insert into TOPO values (9, 65);
 insert into TOPO values (1, 65);
 insert into TOPO values (8, 65);
 insert into EXPLO values (3, 65);
 insert into EXPLO values (4, 65);
 insert into EXPLO values (5, 65);
 insert into EXPLO values (6, 65);
 insert into SHOT values (816, 818, 819, 65, 15.390, 279.84, -5.40, 15.390, 279.84, -5.40, 0.000, 355.60, -0.03);
insert into SHOT values (817, 819, 820, 65, 20.820, 188.84, 4.20, 20.820, 188.84, 4.20, 0.000, 170.25, -0.00);
insert into SHOT values (818, 819, 821, 65, 14.540, 216.44, 2.90, 14.540, 216.44, 2.90, 0.000, 173.18, -0.02);
insert into SHOT values (819, 819, 822, 65, 3.610, 260.04, 14.00, 3.610, 260.04, 14.00, 0.000, 175.55, -0.03);
insert into SHOT values (820, 819, 823, 65, 2.790, 5.44, 23.50, 2.790, 5.44, 23.50, 0.000, 103.99, -0.34);
insert into SHOT values (821, 819, 824, 65, 9.900, 27.24, 26.00, 9.900, 27.24, 26.00, 0.000, 178.63, -0.01);
insert into SHOT values (822, 819, 825, 65, 24.990, 110.24, 14.90, 24.990, 110.24, 14.90, 0.000, 182.20, 0.01);
insert into SHOT values (823, 819, 826, 65, 18.880, 142.34, 7.60, 18.880, 142.34, 7.60, 0.000, 172.46, -0.02);
insert into SHOT values (824, 819, 827, 65, 18.500, 203.24, 71.00, 18.500, 203.24, 71.00, 0.000, 15.93, -0.02);
insert into SHOT values (825, 819, 828, 65, 1.800, 193.34, -56.50, 1.800, 193.34, -56.50, 0.000, 357.81, -0.00);
insert into SHOT values (826, 819, 829, 65, 18.160, 182.14, -28.90, 18.160, 182.14, -28.90, 0.000, 186.80, -0.01);
insert into SHOT values (827, 819, 830, 65, 19.090, 177.74, -32.10, 19.090, 177.74, -32.10, 0.000, 175.11, 0.02);
insert into SHOT values (828, 819, 831, 65, 15.690, 195.94, -27.60, 15.690, 195.94, -27.60, 0.000, 3.70, -0.01);
insert into SHOT values (829, 831, 832, 65, 8.290, 115.74, 9.20, 8.290, 115.74, 9.20, 0.000, 174.92, -0.01);
insert into SHOT values (830, 831, 833, 65, 3.870, 242.74, 6.50, 3.870, 242.74, 6.50, 0.000, 6.59, -0.01);
insert into SHOT values (831, 831, 834, 65, 6.630, 352.14, 10.30, 6.630, 352.14, 10.30, 0.000, 198.37, 0.00);
insert into SHOT values (832, 831, 835, 65, 7.840, 283.04, -8.20, 7.840, 283.04, -8.20, 0.000, 6.08, -0.06);
insert into SHOT values (833, 831, 836, 65, 15.870, 73.04, 84.20, 15.870, 73.04, 84.20, 0.000, 186.60, -0.01);
insert into SHOT values (834, 831, 837, 65, 2.620, 101.94, -89.70, 2.620, 101.94, -89.70, 0.000, 179.45, 0.00);
insert into SHOT values (835, 831, 838, 65, 10.260, 83.14, 3.30, 10.260, 83.14, 3.30, 0.000, 173.70, -0.01);
insert into SHOT values (836, 831, 839, 65, 9.910, 82.54, 5.30, 9.910, 82.54, 5.30, 0.000, 3.19, -0.02);
insert into SHOT values (837, 831, 840, 65, 9.450, 82.54, 5.10, 9.450, 82.54, 5.10, 0.000, 173.35, -0.01);
insert into SHOT values (838, 840, 841, 65, 11.250, 305.04, 13.70, 11.250, 305.04, 13.70, 0.000, 33.78, 0.04);
insert into SHOT values (839, 840, 842, 65, 19.190, 339.24, 30.40, 19.190, 339.24, 30.40, 0.000, 1.06, -0.01);
insert into SHOT values (840, 840, 843, 65, 6.930, 85.94, 25.70, 6.930, 85.94, 25.70, 0.000, 174.64, -0.02);
insert into SHOT values (841, 840, 844, 65, 3.800, 191.54, 5.60, 3.800, 191.54, 5.60, 0.000, 358.30, 0.01);
insert into SHOT values (842, 840, 845, 65, 11.100, 254.24, 12.50, 11.100, 254.24, 12.50, 0.000, 171.98, -0.01);
insert into SHOT values (843, 840, 846, 65, 23.370, 317.24, 74.20, 23.370, 317.24, 74.20, 0.000, 14.92, 0.04);
insert into SHOT values (844, 840, 847, 65, 2.550, 242.44, -73.20, 2.550, 242.44, -73.20, 0.000, 3.42, -0.02);
insert into SHOT values (845, 840, 848, 65, 5.440, 101.14, -5.30, 5.440, 101.14, -5.30, 0.000, 7.50, 0.00);
insert into SHOT values (846, 848, 849, 65, 1.430, 349.64, 1.90, 1.430, 349.64, 1.90, 0.000, 187.62, -0.02);
insert into SHOT values (847, 848, 850, 65, 1.400, 346.94, 5.00, 1.400, 346.94, 5.00, 0.000, 138.48, 0.07);
insert into SHOT values (848, 848, 851, 65, 1.540, 25.24, -6.20, 1.540, 25.24, -6.20, 0.000, 147.45, 0.01);
insert into SHOT values (849, 848, 852, 65, 3.240, 58.64, -11.10, 3.240, 58.64, -11.10, 0.000, 168.96, 0.01);
insert into SHOT values (850, 848, 853, 65, 0.550, 203.24, 7.40, 0.550, 203.24, 7.40, 0.000, 191.12, -0.04);
insert into SHOT values (851, 848, 854, 65, 1.190, 249.24, 8.00, 1.190, 249.24, 8.00, 0.000, 3.36, -0.01);
insert into SHOT values (852, 848, 855, 65, 1.110, 264.14, 6.00, 1.110, 264.14, 6.00, 0.000, 146.00, 0.05);
insert into SHOT values (853, 848, 856, 65, 1.750, 338.84, 67.30, 1.750, 338.84, 67.30, 0.000, 199.68, 0.03);
insert into SHOT values (854, 848, 857, 65, 0.740, 25.74, 28.20, 0.740, 25.74, 28.20, 0.000, 8.24, -0.01);
insert into SHOT values (855, 848, 858, 65, 1.210, 337.14, -76.80, 1.210, 337.14, -76.80, 0.000, 3.23, -0.01);
insert into SHOT values (856, 848, 859, 65, 4.850, 51.34, -9.40, 4.850, 51.34, -9.40, 0.000, 1.27, -0.00);
insert into SHOT values (857, 859, 860, 65, 1.190, 359.34, 28.20, 1.190, 359.34, 28.20, 0.000, 186.49, 0.01);
insert into SHOT values (858, 859, 861, 65, 1.510, 118.74, 13.20, 1.510, 118.74, 13.20, 0.000, 182.71, 0.01);
insert into SHOT values (859, 859, 862, 65, 1.220, 178.34, -12.00, 1.220, 178.34, -12.00, 0.000, 186.39, -0.00);
insert into SHOT values (860, 859, 863, 65, 3.030, 263.94, 7.30, 3.030, 263.94, 7.30, 0.000, 353.24, -0.02);
insert into SHOT values (861, 859, 864, 65, 2.530, 288.14, 9.20, 2.530, 288.14, 9.20, 0.000, 186.79, 0.01);
insert into SHOT values (862, 859, 865, 65, 2.410, 156.44, 66.60, 2.410, 156.44, 66.60, 0.000, 172.02, 0.00);
insert into SHOT values (863, 859, 866, 65, 0.540, 205.74, -53.90, 0.540, 205.74, -53.90, 0.000, 173.88, -0.01);
insert into SHOT values (864, 859, 867, 65, 0.800, 207.94, -52.20, 0.800, 207.94, -52.20, 0.000, 313.07, 0.04);
insert into SHOT values (865, 859, 868, 65, 8.920, 103.04, 1.70, 8.920, 103.04, 1.70, 0.000, 170.20, -0.01);
insert into SHOT values (866, 831, 869, 65, 15.170, 235.64, -8.40, 15.170, 235.64, -8.40, 0.000, 352.88, 0.02);
insert into SHOT values (867, 869, 870, 65, 3.450, 154.94, 9.80, 3.450, 154.94, 9.80, 0.000, 2.62, 0.02);
insert into SHOT values (868, 869, 871, 65, 5.420, 216.04, 5.10, 5.420, 216.04, 5.10, 0.000, 270.54, -0.12);
insert into SHOT values (869, 869, 872, 65, 6.190, 257.24, 5.10, 6.190, 257.24, 5.10, 0.000, 1.25, -0.01);
insert into SHOT values (870, 869, 873, 65, 2.410, 11.04, 20.80, 2.410, 11.04, 20.80, 0.000, 160.52, 0.02);
insert into SHOT values (871, 869, 874, 65, 4.710, 231.64, 82.50, 4.710, 231.64, 82.50, 0.000, 191.83, -0.04);
insert into SHOT values (872, 869, 875, 65, 0.700, 157.44, -70.90, 0.700, 157.44, -70.90, 0.000, 188.95, 0.01);
insert into SHOT values (873, 869, 876, 65, 13.000, 233.44, 5.40, 13.000, 233.44, 5.40, 0.000, 341.65, 0.01);
insert into SHOT values (874, 876, 877, 65, 9.810, 239.44, 0.60, 9.810, 239.44, 0.60, 0.000, 13.44, -0.04);
insert into SHOT values (875, 876, 878, 65, 2.240, 154.14, 7.60, 2.240, 154.14, 7.60, 0.000, 25.65, -0.02);
insert into SHOT values (876, 876, 879, 65, 3.470, 219.74, 9.20, 3.470, 219.74, 9.20, 0.000, 8.78, 0.01);
insert into SHOT values (877, 876, 880, 65, 4.400, 326.24, 10.00, 4.400, 326.24, 10.00, 0.000, 190.81, -0.03);
insert into SHOT values (878, 876, 881, 65, 3.870, 223.34, 80.00, 3.870, 223.34, 80.00, 0.000, 6.26, -0.07);
insert into SHOT values (879, 876, 882, 65, 1.670, 161.04, -84.20, 1.670, 161.04, -84.20, 0.000, 313.07, -0.06);
insert into SHOT values (880, 877, 883, 65, 2.130, 165.94, 10.30, 2.130, 165.94, 10.30, 0.000, 357.49, -0.02);
insert into SHOT values (881, 877, 884, 65, 7.400, 204.64, 4.70, 7.400, 204.64, 4.70, 0.000, 199.50, -0.01);
insert into SHOT values (882, 877, 885, 65, 20.360, 231.04, 2.80, 20.360, 231.04, 2.80, 0.000, 355.87, -0.00);
insert into SHOT values (883, 877, 886, 65, 7.420, 289.54, 4.20, 7.420, 289.54, 4.20, 0.000, 177.12, 0.00);
insert into SHOT values (884, 877, 887, 65, 7.470, 352.04, 1.20, 7.470, 352.04, 1.20, 0.000, 179.62, -0.01);
insert into SHOT values (885, 877, 888, 65, 3.350, 256.64, 80.40, 3.350, 256.64, 80.40, 0.000, 190.63, -0.00);
insert into SHOT values (886, 877, 889, 65, 0.940, 343.14, -82.90, 0.940, 343.14, -82.90, 0.000, 187.81, -0.00);
insert into SHOT values (887, 877, 890, 65, 5.550, 345.54, -49.40, 5.550, 345.54, -49.40, 0.000, 337.34, -0.02);
insert into SHOT values (888, 877, 891, 65, 9.360, 251.54, -79.10, 9.360, 251.54, -79.10, 0.000, 220.72, 0.05);
insert into SHOT values (889, 877, 892, 65, 19.200, 233.94, -21.70, 19.200, 233.94, -21.70, 0.000, 356.02, -0.02);
insert into SHOT values (890, 892, 893, 65, 7.540, 285.84, -21.20, 7.540, 285.84, -21.20, 0.000, 187.83, -0.00);
insert into SHOT values (891, 892, 894, 65, 3.230, 172.24, 42.40, 3.230, 172.24, 42.40, 0.000, 176.38, 0.04);
insert into SHOT values (892, 892, 895, 65, 17.200, 342.14, 33.80, 17.200, 342.14, 33.80, 0.000, 193.58, -0.05);
insert into SHOT values (893, 892, 896, 65, 14.290, 24.14, 25.50, 14.290, 24.14, 25.50, 0.000, 11.82, 0.05);
insert into SHOT values (894, 892, 897, 65, 15.340, 60.24, 12.70, 15.340, 60.24, 12.70, 0.000, 171.39, -0.02);
insert into SHOT values (895, 892, 898, 65, 26.940, 286.94, 73.50, 26.940, 286.94, 73.50, 0.000, 343.65, 0.16);
insert into SHOT values (896, 892, 899, 65, 3.430, 353.94, -52.20, 3.430, 353.94, -52.20, 0.000, 237.57, 0.03);
insert into SHOT values (897, 892, 900, 65, 19.540, 281.84, 28.90, 19.540, 281.84, 28.90, 0.000, 198.39, 0.04);
insert into SHOT values (898, 900, 901, 65, 12.800, 5.74, 21.10, 12.800, 5.74, 21.10, 0.000, 181.36, -0.01);
insert into SHOT values (899, 900, 902, 65, 20.690, 47.64, 16.20, 20.690, 47.64, 16.20, 0.000, 168.39, 0.02);
insert into SHOT values (900, 900, 903, 65, 17.520, 108.74, 4.10, 17.520, 108.74, 4.10, 0.000, 341.95, 0.01);
insert into SHOT values (901, 900, 904, 65, 11.640, 166.24, 8.20, 11.640, 166.24, 8.20, 0.000, 345.31, -0.03);
insert into SHOT values (902, 900, 905, 65, 17.490, 92.94, 77.70, 17.490, 92.94, 77.70, 0.000, 179.46, -0.04);
insert into SHOT values (903, 900, 906, 65, 0.180, 99.94, -51.60, 0.180, 99.94, -51.60, 0.000, 352.96, 0.00);
insert into SHOT values (904, 900, 907, 65, 19.300, 238.04, 3.80, 19.300, 238.04, 3.80, 0.000, 181.06, -0.02);
insert into SHOT values (905, 900, 908, 65, 20.240, 238.24, 3.90, 20.240, 238.24, 3.90, 0.000, 12.47, -0.02);
insert into SHOT values (906, 900, 909, 65, 19.280, 238.14, 3.70, 19.280, 238.14, 3.70, 0.000, 0.15, -0.00);
insert into SHOT values (907, 909, 910, 65, 3.760, 181.94, 20.30, 3.760, 181.94, 20.30, 0.000, 4.51, -0.02);
insert into SHOT values (908, 909, 911, 65, 10.450, 256.54, 16.10, 10.450, 256.54, 16.10, 0.000, 194.71, 0.01);
insert into SHOT values (909, 909, 912, 65, 19.400, 333.34, 10.20, 19.400, 333.34, 10.20, 0.000, 196.16, 0.02);
insert into SHOT values (910, 909, 913, 65, 19.140, 340.84, 8.90, 19.140, 340.84, 8.90, 0.000, 359.88, -0.03);
insert into SHOT values (911, 909, 914, 65, 25.400, 24.24, 6.20, 25.400, 24.24, 6.20, 0.000, 23.22, 0.05);
insert into SHOT values (912, 909, 915, 65, 23.860, 23.24, 8.60, 23.860, 23.24, 8.60, 0.000, 180.88, 0.01);
insert into SHOT values (913, 909, 916, 65, 16.330, 315.44, 65.70, 16.330, 315.44, 65.70, 0.000, 3.17, -0.02);
insert into SHOT values (914, 909, 917, 65, 3.340, 20.34, -79.60, 3.340, 20.34, -79.60, 0.000, 349.54, -0.01);
insert into SHOT values (915, 909, 918, 65, 15.080, 278.24, -3.70, 15.080, 278.24, -3.70, 0.000, 173.44, 0.03);
insert into SHOT values (916, 918, 919, 65, 6.670, 190.44, 3.70, 6.670, 190.44, 3.70, 0.000, 11.84, -0.01);
insert into SHOT values (917, 918, 920, 65, 12.650, 256.94, -1.70, 12.650, 256.94, -1.70, 0.000, 5.94, 0.03);
insert into SHOT values (918, 918, 921, 65, 20.220, 355.54, 7.10, 20.220, 355.54, 7.10, 0.000, 10.58, 0.02);
insert into SHOT values (919, 918, 922, 65, 26.170, 43.14, 10.40, 26.170, 43.14, 10.40, 0.000, 169.39, 0.03);
insert into SHOT values (920, 918, 923, 65, 15.660, 353.84, 72.70, 15.660, 353.84, 72.70, 0.000, 353.24, -0.00);
insert into SHOT values (921, 918, 924, 65, 5.800, 194.44, -51.20, 5.800, 194.44, -51.20, 0.000, 16.72, 0.00);
insert into SHOT values (922, 918, 925, 65, 8.760, 68.04, 76.90, 8.760, 68.04, 76.90, 0.000, 177.84, -0.01);
insert into SHOT values (923, 918, 926, 65, 23.590, 275.54, -9.80, 23.590, 275.54, -9.80, 0.000, 331.51, 0.02);
insert into SHOT values (924, 926, 927, 65, 2.890, 203.24, 43.00, 2.890, 203.24, 43.00, 0.000, 191.85, 0.00);
insert into SHOT values (925, 926, 928, 65, 21.920, 342.94, 11.30, 21.920, 342.94, 11.30, 0.000, 34.28, 0.01);
insert into SHOT values (926, 926, 929, 65, 5.160, 55.04, 13.80, 5.160, 55.04, 13.80, 0.000, 359.84, 0.02);
insert into SHOT values (927, 926, 930, 65, 18.220, 356.64, 61.60, 18.220, 356.64, 61.60, 0.000, 187.05, -0.00);
insert into SHOT values (928, 926, 931, 65, 6.560, 340.94, -38.60, 6.560, 340.94, -38.60, 0.000, 12.00, -0.01);
insert into SHOT values (929, 926, 932, 65, 17.350, 294.34, -12.40, 17.350, 294.34, -12.40, 0.000, 166.40, 0.03);
insert into SHOT values (930, 932, 933, 65, 18.750, 294.24, -12.20, 18.750, 294.24, -12.20, 0.000, 169.65, 0.01);
insert into SHOT values (931, 932, 934, 65, 4.900, 203.34, 26.70, 4.900, 203.34, 26.70, 0.000, 186.20, -0.08);
insert into SHOT values (932, 932, 935, 65, 7.420, 260.94, 14.20, 7.420, 260.94, 14.20, 0.000, 193.21, -0.02);
insert into SHOT values (933, 932, 936, 65, 16.840, 5.04, 11.80, 16.840, 5.04, 11.80, 0.000, 356.86, 0.01);
insert into SHOT values (934, 932, 937, 65, 13.280, 67.34, 13.00, 13.280, 67.34, 13.00, 0.000, 4.51, 0.00);
insert into SHOT values (935, 932, 938, 65, 32.920, 61.14, 19.70, 32.920, 61.14, 19.70, 0.000, 173.61, 0.01);
insert into SHOT values (936, 932, 939, 65, 18.820, 113.84, 17.80, 18.820, 113.84, 17.80, 0.000, 349.92, 0.02);
insert into SHOT values (937, 932, 940, 65, 7.680, 285.84, 72.50, 7.680, 285.84, 72.50, 0.000, 1.84, 0.01);
insert into SHOT values (938, 932, 941, 65, 17.560, 335.54, 60.20, 17.560, 335.54, 60.20, 0.000, 353.97, -0.01);
insert into SHOT values (939, 932, 942, 65, 11.140, 7.84, 73.50, 11.140, 7.84, 73.50, 0.000, 359.47, -0.00);
insert into SHOT values (940, 932, 943, 65, 9.310, 304.54, 8.70, 9.310, 304.54, 8.70, 0.000, 0.43, -0.01);
insert into SHOT values (941, 943, 944, 65, 6.070, 219.44, 21.20, 6.070, 219.44, 21.20, 0.000, 174.51, 0.02);
insert into SHOT values (942, 943, 945, 65, 9.250, 262.94, 14.40, 9.250, 262.94, 14.40, 0.000, 1.01, -0.01);
insert into SHOT values (943, 943, 946, 65, 15.140, 336.34, 1.50, 15.140, 336.34, 1.50, 0.000, 2.74, 0.01);
insert into SHOT values (944, 943, 947, 65, 14.150, 33.14, 15.70, 14.150, 33.14, 15.70, 0.000, 354.63, 0.01);
insert into SHOT values (945, 943, 948, 65, 22.350, 82.44, 3.70, 22.350, 82.44, 3.70, 0.000, 188.37, 0.00);
insert into SHOT values (946, 943, 949, 65, 19.350, 125.84, 6.90, 19.350, 125.84, 6.90, 0.000, 354.29, -0.00);
insert into SHOT values (947, 943, 950, 65, 14.300, 355.44, 72.80, 14.300, 355.44, 72.80, 0.000, 206.81, -0.02);
insert into SHOT values (948, 943, 951, 65, 4.640, 0.24, -56.00, 4.640, 0.24, -56.00, 0.000, 175.37, 0.01);
insert into SHOT values (949, 943, 952, 65, 21.640, 304.44, -3.70, 21.640, 304.44, -3.70, 0.000, 175.78, 0.01);
insert into SHOT values (950, 952, 953, 65, 9.990, 163.94, 21.60, 9.990, 163.94, 21.60, 0.000, 22.68, 0.20);
insert into SHOT values (951, 952, 954, 65, 12.980, 227.54, 19.10, 12.980, 227.54, 19.10, 0.000, 176.81, -0.01);
insert into SHOT values (952, 952, 955, 65, 3.580, 338.14, 4.40, 3.580, 338.14, 4.40, 0.000, 0.53, 0.01);
insert into SHOT values (953, 952, 956, 65, 7.850, 39.84, 4.50, 7.850, 39.84, 4.50, 0.000, 353.41, -0.01);
insert into SHOT values (954, 952, 957, 65, 20.830, 131.04, 17.50, 20.830, 131.04, 17.50, 0.000, 349.35, -0.06);
insert into SHOT values (955, 952, 958, 65, 11.940, 215.54, 71.80, 11.940, 215.54, 71.80, 0.000, 178.62, -0.04);
insert into SHOT values (956, 952, 959, 65, 4.180, 224.04, -49.00, 4.180, 224.04, -49.00, 0.000, 249.56, 0.09);
insert into SHOT values (957, 952, 960, 65, 10.970, 260.84, 15.80, 10.970, 260.84, 15.80, 0.000, 171.73, 0.03);
insert into SHOT values (958, 960, 961, 65, 16.800, 338.14, 7.80, 16.800, 338.14, 7.80, 0.000, 187.01, 0.02);
insert into SHOT values (959, 960, 962, 65, 1.290, 21.94, 9.90, 1.290, 21.94, 9.90, 0.000, 355.97, -0.00);
insert into SHOT values (960, 960, 963, 65, 19.770, 70.44, -1.50, 19.770, 70.44, -1.50, 0.000, 200.82, 0.01);
insert into SHOT values (961, 960, 964, 65, 15.210, 126.14, 5.80, 15.210, 126.14, 5.80, 0.000, 5.90, 0.01);
insert into SHOT values (962, 960, 965, 65, 6.280, 174.94, 5.70, 6.280, 174.94, 5.70, 0.000, 319.00, 0.08);
insert into SHOT values (963, 960, 966, 65, 3.750, 198.14, 70.80, 3.750, 198.14, 70.80, 0.000, 12.20, -0.00);
insert into SHOT values (964, 960, 967, 65, 19.060, 311.54, 53.90, 19.060, 311.54, 53.90, 0.000, 175.70, -0.01);
insert into SHOT values (965, 960, 968, 65, 3.470, 239.84, -85.40, 3.470, 239.84, -85.40, 0.000, 62.65, 0.12);
insert into SHOT values (966, 960, 969, 65, 8.500, 301.64, 5.30, 8.500, 301.64, 5.30, 0.000, 353.31, 0.02);
insert into SHOT values (967, 969, 970, 65, 3.720, 224.44, 4.70, 3.720, 224.44, 4.70, 0.000, 187.63, -0.00);
insert into SHOT values (968, 969, 971, 65, 6.290, 279.44, 0.30, 6.290, 279.44, 0.30, 0.000, 39.98, 0.01);
insert into SHOT values (969, 969, 972, 65, 10.310, 5.24, 17.60, 10.310, 5.24, 17.60, 0.000, 10.52, -0.02);
insert into SHOT values (970, 969, 973, 65, 14.750, 325.94, 73.10, 14.750, 325.94, 73.10, 0.000, 353.09, 0.01);
insert into SHOT values (971, 969, 974, 65, 5.950, 258.34, -54.40, 5.950, 258.34, -54.40, 0.000, 1.60, 0.04);
insert into SHOT values (972, 969, 975, 65, 15.350, 299.24, 0.00, 15.350, 299.24, 0.00, 0.000, 355.88, 0.00);
insert into SHOT values (973, 975, 976, 65, 2.620, 237.74, 12.20, 2.620, 237.74, 12.20, 0.000, 163.18, -0.03);
insert into SHOT values (974, 975, 977, 65, 11.140, 289.44, 9.50, 11.140, 289.44, 9.50, 0.000, 16.76, 0.01);
insert into SHOT values (975, 975, 978, 65, 10.550, 355.44, 16.10, 10.550, 355.44, 16.10, 0.000, 173.43, -0.02);
insert into SHOT values (976, 975, 979, 65, 9.000, 50.84, 18.20, 9.000, 50.84, 18.20, 0.000, 186.06, -0.01);
insert into SHOT values (977, 979, 980, 65, 16.080, 307.54, 71.00, 16.080, 307.54, 71.00, 0.000, 173.65, 0.02);
insert into SHOT values (978, 979, 981, 65, 8.480, 283.04, -49.30, 8.480, 283.04, -49.30, 0.000, 10.35, -0.03);
insert into SHOT values (979, 979, 982, 65, 9.800, 294.44, -16.80, 9.800, 294.44, -16.80, 0.000, 179.37, -0.02);
insert into SHOT values (980, 982, 983, 65, 10.190, 291.74, 5.70, 10.190, 291.74, 5.70, 0.000, 10.17, 0.04);
insert into SHOT values (981, 983, 984, 65, 0.580, 214.74, 3.70, 0.580, 214.74, 3.70, 0.000, 170.84, 0.01);
insert into SHOT values (982, 983, 985, 65, 11.510, 26.64, 8.20, 11.510, 26.64, 8.20, 0.000, 186.65, 0.01);
insert into SHOT values (983, 983, 986, 65, 11.530, 38.54, 5.90, 11.530, 38.54, 5.90, 0.000, 353.38, -0.02);
insert into SHOT values (984, 983, 987, 65, 12.030, 343.14, 75.80, 12.030, 343.14, 75.80, 0.000, 184.49, -0.01);
insert into SHOT values (985, 983, 988, 65, 3.600, 241.54, -77.20, 3.600, 241.54, -77.20, 0.000, 186.32, 0.00);
insert into SHOT values (986, 983, 989, 65, 11.710, 291.44, 24.60, 11.710, 291.44, 24.60, 0.000, 6.72, 0.01);
insert into SHOT values (987, 989, 990, 65, 4.180, 208.44, 0.10, 4.180, 208.44, 0.10, 0.000, 178.63, 0.00);
insert into SHOT values (988, 989, 991, 65, 8.100, 275.14, 4.60, 8.100, 275.14, 4.60, 0.000, 0.24, 0.02);
insert into SHOT values (989, 989, 992, 65, 7.880, 7.74, 22.70, 7.880, 7.74, 22.70, 0.000, 79.31, -0.09);
insert into SHOT values (990, 989, 993, 65, 11.190, 53.94, 14.70, 11.190, 53.94, 14.70, 0.000, 169.96, -0.01);
insert into SHOT values (991, 989, 994, 65, 10.080, 147.44, 86.80, 10.080, 147.44, 86.80, 0.000, 352.94, -0.00);
insert into SHOT values (992, 989, 995, 65, 6.210, 220.64, -54.20, 6.210, 220.64, -54.20, 0.000, 198.04, -0.13);
insert into SHOT values (993, 989, 996, 65, 18.330, 283.24, 4.80, 18.330, 283.24, 4.80, 0.000, 6.34, -0.01);
insert into SHOT values (994, 996, 997, 65, 4.340, 218.14, 1.30, 4.340, 218.14, 1.30, 0.000, 169.85, 0.03);
insert into SHOT values (995, 996, 998, 65, 9.930, 266.34, 7.40, 9.930, 266.34, 7.40, 0.000, 226.70, 0.05);
insert into SHOT values (996, 996, 999, 65, 6.090, 318.34, 9.30, 6.090, 318.34, 9.30, 0.000, 1.85, 0.01);
insert into SHOT values (997, 996, 1000, 65, 6.640, 25.24, 5.00, 6.640, 25.24, 5.00, 0.000, 7.14, -0.00);
insert into SHOT values (998, 996, 1001, 65, 9.950, 63.24, 3.40, 9.950, 63.24, 3.40, 0.000, 179.98, -0.01);
insert into SHOT values (999, 996, 1002, 65, 11.270, 209.74, 73.60, 11.270, 209.74, 73.60, 0.000, 1.57, 0.01);
insert into SHOT values (1000, 996, 1003, 65, 14.270, 258.84, -38.90, 14.270, 258.84, -38.90, 0.000, 194.49, 0.02);
insert into SHOT values (1001, 996, 1004, 65, 3.920, 221.74, -51.60, 3.920, 221.74, -51.60, 0.000, 133.67, 0.07);
insert into SHOT values (1002, 996, 1005, 65, 10.140, 307.74, 3.00, 10.140, 307.74, 3.00, 0.000, 41.04, -0.01);
insert into SHOT values (1003, 1005, 1006, 65, 3.330, 343.84, 3.80, 3.330, 343.84, 3.80, 0.000, 223.52, 0.03);
insert into SHOT values (1004, 1005, 1007, 65, 10.300, 150.44, 4.40, 10.300, 150.44, 4.40, 0.000, 356.98, 0.00);
insert into SHOT values (1005, 1005, 1008, 65, 7.270, 215.94, -1.20, 7.270, 215.94, -1.20, 0.000, 166.20, 0.01);
insert into SHOT values (1006, 1005, 1009, 65, 11.730, 264.64, 1.10, 11.730, 264.64, 1.10, 0.000, 351.50, 0.04);
insert into SHOT values (1007, 1005, 1010, 65, 6.150, 235.24, 72.90, 6.150, 235.24, 72.90, 0.000, 350.79, 0.00);
insert into SHOT values (1008, 1005, 1011, 65, 1.420, 149.54, -78.20, 1.420, 149.54, -78.20, 0.000, 170.58, 0.00);
insert into SHOT values (1009, 1005, 1012, 65, 16.090, 282.64, -2.60, 16.090, 282.64, -2.60, 0.000, 192.45, -0.08);
insert into SHOT values (1010, 1005, 1013, 65, 1.890, 26.24, 0.90, 1.890, 26.24, 0.90, 0.000, 177.16, 0.00);
insert into SHOT values (1011, 1013, 1014, 65, 1.110, 120.64, 7.10, 1.110, 120.64, 7.10, 0.000, 176.02, 0.00);
insert into SHOT values (1012, 1013, 1015, 65, 4.580, 297.84, 0.20, 4.580, 297.84, 0.20, 0.000, 154.77, -0.03);
insert into SHOT values (1013, 1013, 1016, 65, 17.180, 278.04, -3.70, 17.180, 278.04, -3.70, 0.000, 179.71, -0.01);
insert into SHOT values (1014, 1013, 1017, 65, 6.670, 121.04, 83.60, 6.670, 121.04, 83.60, 0.000, 156.36, 0.14);
insert into SHOT values (1015, 1013, 1018, 65, 7.490, 57.34, -73.90, 7.490, 57.34, -73.90, 0.000, 6.90, 0.00);
insert into SHOT values (1016, 1013, 1019, 65, 12.510, 80.04, -58.50, 12.510, 80.04, -58.50, 0.000, 167.35, -0.00);
insert into SHOT values (1017, 1013, 1020, 65, 10.240, 76.24, -65.40, 10.240, 76.24, -65.40, 0.000, 355.84, -0.04);
insert into SHOT values (1018, 1020, 1021, 65, 0.450, 201.04, 15.60, 0.450, 201.04, 15.60, 0.000, 354.40, 0.01);
insert into SHOT values (1019, 1020, 1022, 65, 0.510, 42.34, 3.90, 0.510, 42.34, 3.90, 0.000, 359.84, -0.01);
insert into SHOT values (1020, 1020, 1023, 65, 18.730, 109.54, 19.90, 18.730, 109.54, 19.90, 0.000, 181.10, 0.01);
insert into SHOT values (1021, 1020, 1024, 65, 4.760, 150.74, 76.70, 4.760, 150.74, 76.70, 0.000, 356.20, 0.01);
insert into SHOT values (1022, 1020, 1025, 65, 1.800, 344.64, -77.80, 1.800, 344.64, -77.80, 0.000, 28.08, -0.17);
insert into SHOT values (1023, 1020, 1026, 65, 0.540, 308.94, -23.00, 0.540, 308.94, -23.00, 0.000, 0.01, 0.01);
insert into SHOT values (1024, 1020, 1027, 65, 5.790, 313.84, -39.10, 5.790, 313.84, -39.10, 0.000, 31.71, -0.01);
insert into SHOT values (1025, 1027, 1028, 65, 1.290, 217.24, 18.00, 1.290, 217.24, 18.00, 0.000, 347.18, 0.03);
insert into SHOT values (1026, 1027, 1029, 65, 0.340, 352.84, -19.80, 0.340, 352.84, -19.80, 0.000, 3.28, -0.03);
insert into SHOT values (1027, 1027, 1030, 65, 1.880, 232.64, 60.40, 1.880, 232.64, 60.40, 0.000, 346.95, -0.01);
insert into SHOT values (1028, 1027, 1031, 65, 6.460, 352.04, -83.70, 6.460, 352.04, -83.70, 0.000, 6.97, -0.10);
insert into SHOT values (1029, 1027, 1032, 65, 4.980, 291.94, -21.10, 4.980, 291.94, -21.10, 0.000, 171.12, -0.01);
insert into SHOT values (1030, 1032, 1033, 65, 5.610, 271.44, 20.10, 5.610, 271.44, 20.10, 0.000, 172.12, -0.00);
insert into SHOT values (1031, 1032, 1034, 65, 14.110, 265.54, 33.00, 14.110, 265.54, 33.00, 0.000, 333.37, 0.00);
insert into SHOT values (1032, 1032, 1035, 65, 7.510, 312.84, 14.50, 7.510, 312.84, 14.50, 0.000, 357.61, 0.01);
insert into SHOT values (1033, 1032, 1036, 65, 9.350, 353.94, 14.10, 9.350, 353.94, 14.10, 0.000, 194.59, -0.00);
insert into SHOT values (1034, 1032, 1037, 65, 7.140, 26.54, 29.10, 7.140, 26.54, 29.10, 0.000, 345.60, 0.03);
insert into SHOT values (1035, 1032, 1038, 65, 0.770, 157.64, 3.60, 0.770, 157.64, 3.60, 0.000, 179.14, 0.01);
insert into SHOT values (1036, 1032, 1039, 65, 9.250, 238.14, 65.00, 9.250, 238.14, 65.00, 0.000, 173.39, -0.01);
insert into SHOT values (1037, 1032, 1040, 65, 4.450, 112.54, -64.00, 4.450, 112.54, -64.00, 0.000, 2.52, -0.02);
insert into SHOT values (1038, 1032, 1041, 65, 7.920, 351.54, 23.90, 7.920, 351.54, 23.90, 0.000, 353.32, -0.01);
insert into SHOT values (1039, 1032, 1042, 65, 5.340, 280.84, 9.20, 5.340, 280.84, 9.20, 0.000, 355.15, 0.01);
insert into SHOT values (1040, 1042, 1043, 65, 5.190, 326.84, 2.80, 5.190, 326.84, 2.80, 0.000, 183.14, 0.02);
insert into SHOT values (1041, 1042, 1044, 65, 5.590, 6.84, 1.40, 5.590, 6.84, 1.40, 0.000, 349.01, 0.02);
insert into SHOT values (1042, 1042, 1045, 65, 12.090, 25.34, 9.70, 12.090, 25.34, 9.70, 0.000, 173.79, -0.01);
insert into SHOT values (1043, 1042, 1046, 65, 13.610, 45.14, 11.10, 13.610, 45.14, 11.10, 0.000, 172.04, 0.00);
insert into SHOT values (1044, 1042, 1047, 65, 9.110, 59.14, 18.60, 9.110, 59.14, 18.60, 0.000, 312.74, -0.10);
insert into SHOT values (1045, 1042, 1048, 65, 5.110, 89.64, 1.30, 5.110, 89.64, 1.30, 0.000, 173.27, -0.01);
insert into SHOT values (1046, 1042, 1049, 65, 13.340, 203.84, 85.20, 13.340, 203.84, 85.20, 0.000, 348.36, 0.02);
insert into SHOT values (1047, 1042, 1050, 65, 2.020, 238.44, -73.10, 2.020, 238.44, -73.10, 0.000, 15.73, -0.03);
insert into SHOT values (1048, 1042, 1051, 65, 15.280, 42.44, 11.80, 15.280, 42.44, 11.80, 0.000, 356.89, -0.02);
insert into SHOT values (1049, 1051, 1052, 65, 2.020, 331.94, 9.80, 2.020, 331.94, 9.80, 0.000, 177.32, -0.00);
insert into SHOT values (1050, 1051, 1053, 65, 4.460, 10.34, 7.10, 4.460, 10.34, 7.10, 0.000, 3.16, -0.02);
insert into SHOT values (1051, 1051, 1054, 65, 6.420, 95.74, 0.20, 6.420, 95.74, 0.20, 0.000, 359.05, -0.00);
insert into SHOT values (1052, 1051, 1055, 65, 10.100, 130.24, 1.00, 10.100, 130.24, 1.00, 0.000, 357.25, 0.02);
insert into SHOT values (1053, 1051, 1056, 65, 1.080, 135.44, 26.60, 1.080, 135.44, 26.60, 0.000, 178.76, -0.01);
insert into SHOT values (1054, 1051, 1057, 65, 8.510, 249.14, 4.60, 8.510, 249.14, 4.60, 0.000, 176.58, -0.02);
insert into SHOT values (1055, 1051, 1058, 65, 3.440, 79.84, 59.00, 3.440, 79.84, 59.00, 0.000, 186.33, 0.01);
insert into SHOT values (1056, 1051, 1059, 65, 6.000, 77.54, -32.20, 6.000, 77.54, -32.20, 0.000, 188.10, -0.01);
insert into SHOT values (1057, 1051, 1060, 65, 12.820, 50.14, 27.50, 12.820, 50.14, 27.50, 0.000, 185.85, 0.01);
insert into SHOT values (1058, 1060, 1061, 65, 0.380, 158.94, 16.40, 0.380, 158.94, 16.40, 0.000, 219.33, 0.00);
insert into SHOT values (1059, 1060, 1062, 65, 5.810, 242.64, 1.60, 5.810, 242.64, 1.60, 0.000, 187.69, -0.01);
insert into SHOT values (1060, 1060, 1063, 65, 10.260, 271.44, 17.90, 10.260, 271.44, 17.90, 0.000, 161.12, -0.03);
insert into SHOT values (1061, 1060, 1064, 65, 15.170, 305.94, 27.20, 15.170, 305.94, 27.20, 0.000, 41.65, -0.03);
insert into SHOT values (1062, 1060, 1065, 65, 14.550, 306.64, 27.40, 14.550, 306.64, 27.40, 0.000, 187.38, 0.01);
insert into SHOT values (1063, 1060, 1066, 65, 30.950, 346.14, 68.80, 30.950, 346.14, 68.80, 0.000, 179.95, 0.01);
insert into SHOT values (1064, 1060, 1067, 65, 28.900, 352.94, 68.00, 28.900, 352.94, 68.00, 0.000, 148.21, -0.03);
insert into SHOT values (1065, 1060, 1068, 65, 8.440, 230.44, -51.90, 8.440, 230.44, -51.90, 0.000, 15.21, 0.00);
insert into SHOT values (1066, 1060, 1069, 65, 5.800, 319.14, 22.10, 5.800, 319.14, 22.10, 0.000, 7.66, -0.00);
insert into SHOT values (1067, 1069, 1070, 65, 8.820, 200.64, 16.20, 8.820, 200.64, 16.20, 0.000, 359.55, 0.01);
insert into SHOT values (1068, 1069, 1071, 65, 21.870, 227.94, 40.30, 21.870, 227.94, 40.30, 0.000, 9.23, -0.02);
insert into SHOT values (1069, 1069, 1072, 65, 24.880, 270.84, 27.80, 24.880, 270.84, 27.80, 0.000, 183.57, 0.01);
insert into SHOT values (1070, 1069, 1073, 65, 7.020, 338.94, 11.90, 7.020, 338.94, 11.90, 0.000, 1.56, -0.00);
insert into SHOT values (1071, 1069, 1074, 65, 6.070, 38.34, 6.80, 6.070, 38.34, 6.80, 0.000, 196.24, -0.03);
insert into SHOT values (1072, 1069, 1075, 65, 7.950, 93.44, 0.60, 7.950, 93.44, 0.60, 0.000, 177.64, -0.00);
insert into SHOT values (1073, 1069, 1076, 65, 15.660, 187.94, -43.70, 15.660, 187.94, -43.70, 0.000, 7.20, -0.03);
insert into SHOT values (1074, 1069, 1077, 65, 1.080, 166.64, -71.10, 1.080, 166.64, -71.10, 0.000, 2.08, -0.01);
insert into SHOT values (1075, 1069, 1078, 65, 23.060, 285.04, 85.70, 23.060, 285.04, 85.70, 0.000, 317.51, -0.11);
insert into SHOT values (1076, 1069, 1079, 65, 24.160, 281.54, 85.40, 24.160, 281.54, 85.40, 0.000, 7.97, 0.01);
insert into SHOT values (1077, 1069, 1080, 65, 18.590, 269.84, 20.60, 18.590, 269.84, 20.60, 0.000, 221.13, -0.02);
insert into SHOT values (1078, 1080, 1081, 65, 4.120, 348.04, 16.00, 4.120, 348.04, 16.00, 0.000, 23.76, -0.05);
insert into SHOT values (1079, 1080, 1082, 65, 8.200, 66.84, 8.00, 8.200, 66.84, 8.00, 0.000, 181.27, 0.00);
insert into SHOT values (1080, 1080, 1083, 65, 15.600, 105.74, 2.70, 15.600, 105.74, 2.70, 0.000, 357.13, 0.00);
insert into SHOT values (1081, 1080, 1084, 65, 9.160, 171.44, 17.10, 9.160, 171.44, 17.10, 0.000, 79.33, -0.15);
insert into SHOT values (1082, 1080, 1085, 65, 19.260, 222.34, 14.30, 19.260, 222.34, 14.30, 0.000, 198.76, 0.01);
insert into SHOT values (1083, 1080, 1086, 65, 22.580, 241.84, 14.60, 22.580, 241.84, 14.60, 0.000, 0.65, 0.01);
insert into SHOT values (1084, 1080, 1087, 65, 5.400, 147.34, 83.10, 5.400, 147.34, 83.10, 0.000, 0.16, 0.02);
insert into SHOT values (1085, 1080, 1088, 65, 6.530, 347.94, -64.10, 6.530, 347.94, -64.10, 0.000, 185.35, 0.00);
insert into SHOT values (1086, 1080, 1089, 65, 17.380, 17.34, -39.30, 17.380, 17.34, -39.30, 0.000, 161.12, 0.00);
insert into SHOT values (1087, 1080, 1090, 65, 2.450, 284.84, -5.50, 2.450, 284.84, -5.50, 0.000, 353.61, 0.03);
insert into SHOT values (1088, 1090, 1091, 65, 17.090, 286.24, -15.30, 17.090, 286.24, -15.30, 0.000, 5.40, -0.03);
insert into SHOT values (1089, 1091, 1092, 65, 19.180, 178.34, 44.20, 19.180, 178.34, 44.20, 0.000, 177.58, 0.01);
insert into SHOT values (1090, 1091, 1093, 65, 7.030, 183.84, 33.00, 7.030, 183.84, 33.00, 0.000, 148.11, -0.00);
insert into SHOT values (1091, 1091, 1094, 65, 14.950, 238.64, 29.30, 14.950, 238.64, 29.30, 0.000, 183.95, 0.02);
insert into SHOT values (1092, 1091, 1095, 65, 5.970, 297.44, 8.80, 5.970, 297.44, 8.80, 0.000, 152.03, 0.07);
insert into SHOT values (1093, 1091, 1096, 65, 3.310, 355.54, 5.10, 3.310, 355.54, 5.10, 0.000, 2.91, 0.01);
insert into SHOT values (1094, 1091, 1097, 65, 16.060, 67.74, 1.70, 16.060, 67.74, 1.70, 0.000, 358.34, -0.00);
insert into SHOT values (1095, 1091, 1098, 65, 12.090, 180.24, 69.50, 12.090, 180.24, 69.50, 0.000, 182.25, -0.01);
insert into SHOT values (1096, 1091, 1099, 65, 13.910, 169.04, 64.20, 13.910, 169.04, 64.20, 0.000, 340.33, 0.04);
insert into SHOT values (1097, 1091, 1100, 65, 6.870, 61.24, 81.10, 6.870, 61.24, 81.10, 0.000, 207.71, -0.04);
insert into SHOT values (1098, 1091, 1101, 65, 7.800, 262.44, -5.10, 7.800, 262.44, -5.10, 0.000, 194.01, -0.01);
insert into SHOT values (1099, 1101, 1102, 65, 16.420, 223.94, 8.80, 16.420, 223.94, 8.80, 0.000, 169.82, 0.02);
insert into SHOT values (1100, 1101, 1103, 65, 27.720, 270.64, 9.00, 27.720, 270.64, 9.00, 0.000, 341.19, 0.01);
insert into SHOT values (1101, 1101, 1104, 65, 29.850, 268.34, 9.40, 29.850, 268.34, 9.40, 0.000, 357.77, 0.01);
insert into SHOT values (1102, 1101, 1105, 65, 14.800, 302.94, -1.20, 14.800, 302.94, -1.20, 0.000, 189.29, -0.02);
insert into SHOT values (1103, 1101, 1106, 65, 5.610, 24.14, -1.50, 5.610, 24.14, -1.50, 0.000, 191.04, -0.01);
insert into SHOT values (1104, 1101, 1107, 65, 15.290, 186.94, -1.90, 15.290, 186.94, -1.90, 0.000, 354.37, -0.00);
insert into SHOT values (1105, 1101, 1108, 65, 10.730, 221.44, 78.80, 10.730, 221.44, 78.80, 0.000, 178.46, -0.01);
insert into SHOT values (1106, 1101, 1109, 65, 1.180, 336.84, -80.60, 1.180, 336.84, -80.60, 0.000, 353.91, 0.01);
insert into SHOT values (1107, 1101, 1110, 65, 8.770, 217.04, -64.70, 8.770, 217.04, -64.70, 0.000, 190.57, -0.01);
insert into SHOT values (1108, 1101, 1111, 65, 29.400, 292.84, -12.20, 29.400, 292.84, -12.20, 0.000, 185.40, 0.01);
insert into SHOT values (1109, 1111, 1112, 65, 0.380, 242.14, -17.80, 0.380, 242.14, -17.80, 0.000, 179.00, 0.01);
insert into SHOT values (1110, 1111, 1113, 65, 19.390, 205.24, 12.50, 19.390, 205.24, 12.50, 0.000, 10.45, 0.02);
insert into SHOT values (1111, 1111, 1114, 65, 29.910, 241.34, 12.70, 29.910, 241.34, 12.70, 0.000, 10.17, 0.01);
insert into SHOT values (1112, 1111, 1115, 65, 8.150, 292.04, 13.30, 8.150, 292.04, 13.30, 0.000, 351.21, -0.02);
insert into SHOT values (1113, 1111, 1116, 65, 3.830, 33.44, 32.60, 3.830, 33.44, 32.60, 0.000, 342.38, -0.04);
insert into SHOT values (1114, 1111, 1117, 65, 3.430, 340.74, 79.00, 3.430, 340.74, 79.00, 0.000, 352.94, -0.01);
insert into SHOT values (1115, 1111, 1118, 65, 18.210, 183.74, 40.70, 18.210, 183.74, 40.70, 0.000, 184.12, 0.01);
insert into SHOT values (1116, 1111, 1119, 65, 2.440, 69.84, -72.60, 2.440, 69.84, -72.60, 0.000, 181.43, 0.01);
insert into SHOT values (1117, 1111, 1120, 65, 34.060, 261.24, -1.10, 34.060, 261.24, -1.10, 0.000, 180.85, -0.01);
insert into SHOT values (1118, 1120, 1121, 65, 11.110, 183.14, 15.30, 11.110, 183.14, 15.30, 0.000, 178.42, 0.01);
insert into SHOT values (1119, 1120, 1122, 65, 5.530, 311.04, 20.60, 5.530, 311.04, 20.60, 0.000, 8.20, -0.03);
insert into SHOT values (1120, 1120, 1123, 65, 8.790, 26.14, 2.80, 8.790, 26.14, 2.80, 0.000, 327.48, 0.06);
insert into SHOT values (1121, 1120, 1124, 65, 21.730, 115.04, 23.10, 21.730, 115.04, 23.10, 0.000, 15.63, 0.00);
insert into SHOT values (1122, 1120, 1125, 65, 11.670, 197.44, 72.70, 11.670, 197.44, 72.70, 0.000, 359.25, -0.02);
insert into SHOT values (1123, 1120, 1126, 65, 5.190, 344.24, -40.40, 5.190, 344.24, -40.40, 0.000, 349.52, -0.00);
insert into SHOT values (1124, 1120, 1127, 65, 7.580, 265.14, -0.90, 7.580, 265.14, -0.90, 0.000, 176.66, -0.01);
insert into SHOT values (1125, 1127, 1128, 65, 5.510, 172.94, 23.70, 5.510, 172.94, 23.70, 0.000, 189.52, -0.02);
insert into SHOT values (1126, 1127, 1129, 65, 19.380, 165.44, -0.90, 19.380, 165.44, -0.90, 0.000, 357.78, -0.01);
insert into SHOT values (1127, 1127, 1130, 65, 9.150, 268.34, 20.80, 9.150, 268.34, 20.80, 0.000, 1.60, 0.01);
insert into SHOT values (1128, 1127, 1131, 65, 11.980, 338.54, 33.20, 11.980, 338.54, 33.20, 0.000, 174.12, -0.02);
insert into SHOT values (1129, 1127, 1132, 65, 7.610, 36.84, 6.70, 7.610, 36.84, 6.70, 0.000, 0.79, 0.01);
insert into SHOT values (1130, 1127, 1133, 65, 12.070, 219.64, 76.50, 12.070, 219.64, 76.50, 0.000, 180.13, -0.01);
insert into SHOT values (1131, 1127, 1134, 65, 8.840, 174.14, -40.70, 8.840, 174.14, -40.70, 0.000, 344.95, -0.02);
insert into SHOT values (1132, 1127, 1135, 65, 22.960, 215.34, -16.10, 22.960, 215.34, -16.10, 0.000, 357.67, 0.00);
insert into SHOT values (1133, 1135, 1136, 65, 10.710, 148.84, 4.60, 10.710, 148.84, 4.60, 0.000, 168.53, 0.01);
insert into SHOT values (1134, 1135, 1137, 65, 14.420, 201.64, 6.10, 14.420, 201.64, 6.10, 0.000, 345.20, 0.07);
insert into SHOT values (1135, 1135, 1138, 65, 10.300, 289.54, 8.80, 10.300, 289.54, 8.80, 0.000, 355.23, 0.02);
insert into SHOT values (1136, 1135, 1139, 65, 14.940, 357.74, 22.90, 14.940, 357.74, 22.90, 0.000, 170.96, -0.01);
insert into SHOT values (1137, 1135, 1140, 65, 4.550, 164.44, 73.70, 4.550, 164.44, 73.70, 0.000, 341.36, -0.03);
insert into SHOT values (1138, 1135, 1141, 65, 6.410, 220.74, -65.80, 6.410, 220.74, -65.80, 0.000, 95.55, -0.10);
insert into SHOT values (1139, 1135, 1142, 65, 14.210, 233.04, 3.20, 14.210, 233.04, 3.20, 0.000, 186.30, -0.01);
insert into SHOT values (1140, 1142, 1143, 65, 6.180, 152.84, 9.60, 6.180, 152.84, 9.60, 0.000, 87.43, 0.10);
insert into SHOT values (1141, 1142, 1144, 65, 9.050, 207.74, 12.10, 9.050, 207.74, 12.10, 0.000, 174.93, -0.01);
insert into SHOT values (1142, 1142, 1145, 65, 10.460, 258.24, 8.70, 10.460, 258.24, 8.70, 0.000, 4.41, -0.01);
insert into SHOT values (1143, 1142, 1146, 65, 7.650, 311.84, 11.40, 7.650, 311.84, 11.40, 0.000, 356.94, -0.00);
insert into SHOT values (1144, 1142, 1147, 65, 11.830, 354.44, 5.30, 11.830, 354.44, 5.30, 0.000, 0.48, 0.02);
insert into SHOT values (1145, 1142, 1148, 65, 5.480, 290.04, 74.70, 5.480, 290.04, 74.70, 0.000, 180.01, 0.01);
insert into SHOT values (1146, 1142, 1149, 65, 0.400, 259.44, -78.70, 0.400, 259.44, -78.70, 0.000, 151.96, 0.05);
insert into SHOT values (1147, 1142, 1150, 65, 6.410, 334.04, -66.80, 6.410, 334.04, -66.80, 0.000, 3.36, 0.01);
insert into SHOT values (1148, 1142, 1151, 65, 8.520, 268.44, -1.10, 8.520, 268.44, -1.10, 0.000, 187.81, 0.00);
insert into SHOT values (1149, 1151, 1152, 65, 9.400, 157.84, 10.10, 9.400, 157.84, 10.10, 0.000, 186.99, -0.01);
insert into SHOT values (1150, 1151, 1153, 65, 12.840, 208.04, 6.70, 12.840, 208.04, 6.70, 0.000, 7.14, 0.01);
insert into SHOT values (1151, 1151, 1154, 65, 1.680, 300.54, 4.10, 1.680, 300.54, 4.10, 0.000, 9.20, -0.01);
insert into SHOT values (1152, 1151, 1155, 65, 12.510, 32.14, 18.90, 12.510, 32.14, 18.90, 0.000, 182.93, -0.01);
insert into SHOT values (1153, 1151, 1156, 65, 4.260, 225.14, 78.80, 4.260, 225.14, 78.80, 0.000, 3.09, 0.04);
insert into SHOT values (1154, 1151, 1157, 65, 4.180, 144.04, -76.60, 4.180, 144.04, -76.60, 0.000, 355.42, -0.00);
insert into SHOT values (1155, 1151, 1158, 65, 21.290, 219.24, -17.80, 21.290, 219.24, -17.80, 0.000, 357.17, -0.01);
insert into SHOT values (1156, 1158, 1159, 65, 6.830, 135.24, 3.70, 6.830, 135.24, 3.70, 0.000, 1.04, 0.01);
insert into SHOT values (1157, 1158, 1160, 65, 0.750, 302.64, 0.50, 0.750, 302.64, 0.50, 0.000, 359.68, 0.00);
insert into SHOT values (1158, 1158, 1161, 65, 12.800, 198.84, 22.10, 12.800, 198.84, 22.10, 0.000, 165.98, -0.03);
insert into SHOT values (1159, 1158, 1162, 65, 8.680, 234.74, 85.10, 8.680, 234.74, 85.10, 0.000, 173.82, -0.01);
insert into SHOT values (1160, 1158, 1163, 65, 1.490, 92.54, -71.00, 1.490, 92.54, -71.00, 0.000, 290.49, -0.04);
insert into SHOT values (1161, 1158, 1164, 65, 9.820, 224.24, -5.00, 9.820, 224.24, -5.00, 0.000, 168.82, -0.02);
insert into SHOT values (1162, 1158, 1165, 65, 10.420, 224.44, -5.10, 10.420, 224.44, -5.10, 0.000, 5.88, -0.00);
insert into SHOT values (1163, 1165, 1166, 65, 8.090, 130.54, 5.50, 8.090, 130.54, 5.50, 0.000, 354.06, -0.02);
insert into SHOT values (1164, 1165, 1167, 65, 10.710, 182.74, 10.40, 10.710, 182.74, 10.40, 0.000, 182.24, -0.01);
insert into SHOT values (1165, 1165, 1168, 65, 21.630, 225.54, 11.70, 21.630, 225.54, 11.70, 0.000, 248.48, -0.01);
insert into SHOT values (1166, 1165, 1169, 65, 1.520, 328.44, 6.10, 1.520, 328.44, 6.10, 0.000, 352.65, 0.00);
insert into SHOT values (1167, 1165, 1170, 65, 7.250, 195.74, 80.90, 7.250, 195.74, 80.90, 0.000, 184.15, 0.02);
insert into SHOT values (1168, 1165, 1171, 65, 7.020, 105.44, -54.60, 7.020, 105.44, -54.60, 0.000, 185.70, 0.01);
insert into SHOT values (1169, 1165, 1172, 65, 12.040, 200.34, -17.00, 12.040, 200.34, -17.00, 0.000, 2.93, 0.01);
insert into SHOT values (1170, 1172, 1173, 65, 5.510, 143.24, 17.00, 5.510, 143.24, 17.00, 0.000, 12.86, 0.02);
insert into SHOT values (1171, 1172, 1174, 65, 9.080, 196.54, 6.20, 9.080, 196.54, 6.20, 0.000, 354.22, -0.01);
insert into SHOT values (1172, 1172, 1175, 65, 19.300, 253.74, 28.40, 19.300, 253.74, 28.40, 0.000, 18.78, 0.01);
insert into SHOT values (1173, 1172, 1176, 65, 12.510, 318.64, 28.50, 12.510, 318.64, 28.50, 0.000, 24.01, -0.01);
insert into SHOT values (1174, 1172, 1177, 65, 8.380, 358.24, 12.70, 8.380, 358.24, 12.70, 0.000, 160.24, -0.05);
insert into SHOT values (1175, 1172, 1178, 65, 6.480, 190.24, 75.40, 6.480, 190.24, 75.40, 0.000, 147.25, -0.04);
insert into SHOT values (1176, 1172, 1179, 65, 9.510, 23.44, 73.20, 9.510, 23.44, 73.20, 0.000, 343.98, -0.04);
insert into SHOT values (1177, 1172, 1180, 65, 7.030, 123.04, -66.80, 7.030, 123.04, -66.80, 0.000, 198.32, 0.07);
insert into SHOT values (1178, 1172, 1181, 65, 20.460, 222.04, -12.00, 20.460, 222.04, -12.00, 0.000, 172.76, 0.03);
insert into SHOT values (1179, 1172, 1182, 65, 10.290, 221.74, -12.10, 10.290, 221.74, -12.10, 0.000, 354.34, 0.00);
insert into SHOT values (1180, 1182, 1183, 65, 5.840, 185.94, 13.00, 5.840, 185.94, 13.00, 0.000, 186.98, -0.00);
insert into SHOT values (1181, 1182, 1184, 65, 12.680, 224.54, 10.40, 12.680, 224.54, 10.40, 0.000, 244.20, 0.00);
insert into SHOT values (1182, 1182, 1185, 65, 19.520, 307.04, 37.50, 19.520, 307.04, 37.50, 0.000, 207.72, 0.06);
insert into SHOT values (1183, 1182, 1186, 65, 11.080, 80.04, 1.60, 11.080, 80.04, 1.60, 0.000, 178.11, -0.01);
insert into SHOT values (1184, 1182, 1187, 65, 18.050, 249.14, 1.00, 18.050, 249.14, 1.00, 0.000, 177.59, 0.02);
insert into SHOT values (1185, 1187, 1188, 65, 6.500, 205.34, 30.40, 6.500, 205.34, 30.40, 0.000, 171.81, -0.03);
insert into SHOT values (1186, 1187, 1189, 65, 6.280, 204.74, 32.00, 6.280, 204.74, 32.00, 0.000, 2.16, 0.01);
insert into SHOT values (1187, 1187, 1190, 65, 12.090, 261.24, 22.10, 12.090, 261.24, 22.10, 0.000, 6.72, 0.01);
insert into SHOT values (1188, 1187, 1191, 65, 16.080, 282.24, 16.30, 16.080, 282.24, 16.30, 0.000, 170.08, -0.00);
insert into SHOT values (1189, 1187, 1192, 65, 12.480, 326.04, 12.20, 12.480, 326.04, 12.20, 0.000, 188.57, 0.02);
insert into SHOT values (1190, 1187, 1193, 65, 17.080, 16.54, 15.40, 17.080, 16.54, 15.40, 0.000, 178.50, -0.51);
insert into SHOT values (1191, 1187, 1194, 65, 14.160, 86.74, 6.50, 14.160, 86.74, 6.50, 0.000, 188.34, -0.00);
insert into SHOT values (1192, 1187, 1195, 65, 6.320, 337.24, 77.20, 6.320, 337.24, 77.20, 0.000, 357.20, -0.01);
insert into SHOT values (1193, 1187, 1196, 65, 9.750, 48.14, 58.70, 9.750, 48.14, 58.70, 0.000, 352.09, -0.01);
insert into SHOT values (1194, 1187, 1197, 65, 5.720, 6.54, -56.50, 5.720, 6.54, -56.50, 0.000, 157.72, 0.02);
insert into SHOT values (1195, 1187, 1198, 65, 11.690, 251.04, 5.20, 11.690, 251.04, 5.20, 0.000, 25.69, 0.05);
insert into SHOT values (1196, 1198, 1199, 65, 4.200, 153.74, 21.50, 4.200, 153.74, 21.50, 0.000, 182.93, 0.02);
insert into SHOT values (1197, 1198, 1200, 65, 10.690, 280.64, 16.70, 10.690, 280.64, 16.70, 0.000, 206.82, 0.02);
insert into SHOT values (1198, 1198, 1201, 65, 10.150, 353.14, 16.90, 10.150, 353.14, 16.90, 0.000, 69.85, 0.41);
insert into SHOT values (1199, 1198, 1202, 65, 12.690, 343.14, -4.10, 12.690, 343.14, -4.10, 0.000, 7.00, -0.01);
insert into SHOT values (1200, 1198, 1203, 65, 17.340, 71.04, 13.90, 17.340, 71.04, 13.90, 0.000, 1.89, -0.05);
insert into SHOT values (1201, 1198, 1204, 65, 3.490, 249.04, 75.00, 3.490, 249.04, 75.00, 0.000, 357.95, 0.01);
insert into SHOT values (1202, 1198, 1205, 65, 11.610, 280.54, 31.90, 11.610, 280.54, 31.90, 0.000, 123.70, 0.19);
insert into SHOT values (1203, 1198, 1206, 65, 1.820, 305.04, -83.30, 1.820, 305.04, -83.30, 0.000, 12.55, 0.01);
insert into SHOT values (1204, 1198, 1207, 65, 14.890, 283.74, -31.50, 14.890, 283.74, -31.50, 0.000, 355.90, -0.02);
insert into SHOT values (1205, 1198, 1208, 65, 13.400, 285.84, -39.50, 13.400, 285.84, -39.50, 0.000, 63.06, 0.00);
insert into SHOT values (1206, 1198, 1209, 65, 0.310, 228.74, -23.30, 0.310, 228.74, -23.30, 0.000, 189.79, 0.02);
insert into SHOT values (1207, 1198, 1210, 65, 8.690, 227.94, -23.30, 8.690, 227.94, -23.30, 0.000, 193.14, 0.00);
insert into SHOT values (1208, 1210, 1211, 65, 2.120, 148.94, 17.70, 2.120, 148.94, 17.70, 0.000, 2.85, 0.00);
insert into SHOT values (1209, 1210, 1212, 65, 6.080, 198.44, 18.80, 6.080, 198.44, 18.80, 0.000, 7.10, 0.00);
insert into SHOT values (1210, 1210, 1213, 65, 19.090, 226.74, 19.90, 19.090, 226.74, 19.90, 0.000, 352.19, -0.03);
insert into SHOT values (1211, 1210, 1214, 65, 14.360, 273.84, 23.30, 14.360, 273.84, 23.30, 0.000, 6.29, 0.01);
insert into SHOT values (1212, 1210, 1215, 65, 14.670, 6.64, 26.60, 14.670, 6.64, 26.60, 0.000, 199.38, -0.03);
insert into SHOT values (1213, 1210, 1216, 65, 7.390, 58.54, 74.90, 7.390, 58.54, 74.90, 0.000, 173.83, -0.01);
insert into SHOT values (1214, 1210, 1217, 65, 1.670, 52.14, -73.60, 1.670, 52.14, -73.60, 0.000, 135.42, 0.05);
insert into SHOT values (1215, 1210, 1218, 65, 6.750, 321.54, -39.60, 6.750, 321.54, -39.60, 0.000, 5.47, 0.03);
insert into SHOT values (1216, 1210, 1219, 65, 13.480, 224.84, -12.10, 13.480, 224.84, -12.10, 0.000, 355.29, 0.01);
insert into SHOT values (1217, 1219, 1220, 65, 5.590, 149.84, 23.50, 5.590, 149.84, 23.50, 0.000, 16.53, 0.01);
insert into SHOT values (1218, 1219, 1221, 65, 9.470, 208.44, 16.60, 9.470, 208.44, 16.60, 0.000, 6.74, -0.03);
insert into SHOT values (1219, 1219, 1222, 65, 22.860, 279.24, 21.60, 22.860, 279.24, 21.60, 0.000, 343.63, -0.00);
insert into SHOT values (1220, 1219, 1223, 65, 13.490, 307.74, 32.50, 13.490, 307.74, 32.50, 0.000, 179.90, -0.02);
insert into SHOT values (1221, 1219, 1224, 65, 19.930, 25.44, 41.10, 19.930, 25.44, 41.10, 0.000, 321.40, 0.07);
insert into SHOT values (1222, 1219, 1225, 65, 14.700, 328.74, 76.20, 14.700, 328.74, 76.20, 0.000, 352.25, -0.00);
insert into SHOT values (1223, 1219, 1226, 65, 2.750, 265.04, -82.30, 2.750, 265.04, -82.30, 0.000, 107.54, 0.13);
insert into SHOT values (1224, 1219, 1227, 65, 15.190, 249.54, -4.10, 15.190, 249.54, -4.10, 0.000, 172.60, 0.02);
insert into SHOT values (1225, 1227, 1228, 65, 8.630, 160.34, 6.10, 8.630, 160.34, 6.10, 0.000, 77.33, 0.07);
insert into SHOT values (1226, 1227, 1229, 65, 15.520, 213.84, 8.50, 15.520, 213.84, 8.50, 0.000, 340.14, 0.01);
insert into SHOT values (1227, 1227, 1230, 65, 33.760, 269.84, 9.80, 33.760, 269.84, 9.80, 0.000, 147.82, -0.04);
insert into SHOT values (1228, 1227, 1231, 65, 15.560, 312.54, 23.60, 15.560, 312.54, 23.60, 0.000, 7.92, 0.01);
insert into SHOT values (1229, 1227, 1232, 65, 13.560, 14.54, 33.00, 13.560, 14.54, 33.00, 0.000, 6.55, 0.01);
insert into SHOT values (1230, 1227, 1233, 65, 20.900, 31.44, 61.80, 20.900, 31.44, 61.80, 0.000, 14.69, 0.02);
insert into SHOT values (1231, 1227, 1234, 65, 7.200, 150.34, -50.80, 7.200, 150.34, -50.80, 0.000, 187.60, -0.01);
insert into SHOT values (1232, 1227, 1235, 65, 12.210, 291.84, 12.10, 12.210, 291.84, 12.10, 0.000, 179.77, -0.01);
insert into SHOT values (1233, 1235, 1236, 65, 15.370, 151.44, 12.90, 15.370, 151.44, 12.90, 0.000, 156.59, -0.04);
insert into SHOT values (1234, 1235, 1237, 65, 13.540, 192.04, 10.40, 13.540, 192.04, 10.40, 0.000, 186.77, 0.01);
insert into SHOT values (1235, 1235, 1238, 65, 5.950, 301.94, 20.40, 5.950, 301.94, 20.40, 0.000, 176.26, 0.00);
insert into SHOT values (1236, 1235, 1239, 65, 6.410, 11.44, 28.50, 6.410, 11.44, 28.50, 0.000, 9.31, 0.00);
insert into SHOT values (1237, 1235, 1240, 65, 11.990, 50.94, 30.00, 11.990, 50.94, 30.00, 0.000, 355.05, 0.02);
insert into SHOT values (1238, 1235, 1241, 65, 14.280, 270.54, -10.80, 14.280, 270.54, -10.80, 0.000, 177.31, 0.03);
insert into SHOT values (1239, 1235, 1242, 65, 15.850, 271.24, -10.30, 15.850, 271.24, -10.30, 0.000, 69.58, -0.16);
insert into SHOT values (1240, 1242, 1243, 65, 19.470, 176.64, 24.10, 19.470, 176.64, 24.10, 0.000, 173.11, -0.01);
insert into SHOT values (1241, 1242, 1244, 65, 26.360, 211.84, 9.10, 26.360, 211.84, 9.10, 0.000, 174.02, 0.00);
insert into SHOT values (1242, 1242, 1245, 65, 6.770, 258.84, -3.40, 6.770, 258.84, -3.40, 0.000, 188.94, -0.02);
insert into SHOT values (1243, 1242, 1246, 65, 1.730, 311.44, 5.50, 1.730, 311.44, 5.50, 0.000, 354.56, 0.00);
insert into SHOT values (1244, 1242, 1247, 65, 4.380, 30.34, 10.50, 4.380, 30.34, 10.50, 0.000, 358.71, 0.00);
insert into SHOT values (1245, 1242, 1248, 65, 7.470, 224.54, 82.60, 7.470, 224.54, 82.60, 0.000, 348.19, -0.00);
insert into SHOT values (1246, 1242, 1249, 65, 21.170, 180.44, 60.10, 21.170, 180.44, 60.10, 0.000, 173.82, 0.01);
insert into SHOT values (1247, 1242, 1250, 65, 1.970, 291.84, -83.20, 1.970, 291.84, -83.20, 0.000, 347.86, -0.01);
insert into SHOT values (1248, 1242, 1251, 65, 15.650, 247.24, -12.10, 15.650, 247.24, -12.10, 0.000, 7.10, 0.00);
insert into SHOT values (1249, 1251, 1252, 65, 22.300, 145.44, 13.70, 22.300, 145.44, 13.70, 0.000, 177.30, -0.01);
insert into SHOT values (1250, 1251, 1253, 65, 22.310, 189.54, 1.00, 22.310, 189.54, 1.00, 0.000, 293.77, 0.00);
insert into SHOT values (1251, 1251, 1254, 65, 27.910, 220.94, -1.70, 27.910, 220.94, -1.70, 0.000, 358.84, -0.02);
insert into SHOT values (1252, 1251, 1255, 65, 31.740, 223.44, -1.20, 31.740, 223.44, -1.20, 0.000, 2.32, -0.01);
insert into SHOT values (1253, 1251, 1256, 65, 30.450, 226.04, -3.20, 30.450, 226.04, -3.20, 0.000, 177.48, -0.02);
insert into SHOT values (1254, 1251, 1257, 65, 19.490, 254.44, 0.90, 19.490, 254.44, 0.90, 0.000, 68.55, -0.02);
insert into SHOT values (1255, 1251, 1258, 65, 2.180, 305.74, 7.00, 2.180, 305.74, 7.00, 0.000, 350.50, -0.02);
insert into SHOT values (1256, 1251, 1259, 65, 12.380, 56.54, 12.20, 12.380, 56.54, 12.20, 0.000, 359.14, 0.01);
insert into SHOT values (1257, 1251, 1260, 65, 21.810, 63.24, 19.20, 21.810, 63.24, 19.20, 0.000, 180.73, 0.01);
insert into SHOT values (1258, 1251, 1261, 65, 3.690, 177.74, 79.80, 3.690, 177.74, 79.80, 0.000, 178.33, -0.04);
insert into SHOT values (1259, 1251, 1262, 65, 28.870, 122.74, 53.60, 28.870, 122.74, 53.60, 0.000, 316.36, -0.07);
insert into SHOT values (1260, 1251, 1263, 65, 2.490, 234.64, -64.90, 2.490, 234.64, -64.90, 0.000, 178.50, 0.02);
insert into SHOT values (1261, 1251, 1264, 65, 11.700, 231.14, -25.30, 11.700, 231.14, -25.30, 0.000, 238.84, -0.00);
insert into SHOT values (1262, 1264, 1265, 65, 18.620, 154.34, 22.10, 18.620, 154.34, 22.10, 0.000, 349.01, -0.02);
insert into SHOT values (1263, 1264, 1266, 65, 15.310, 227.74, 17.20, 15.310, 227.74, 17.20, 0.000, 345.81, -0.03);
insert into SHOT values (1264, 1264, 1267, 65, 17.770, 323.64, 33.40, 17.770, 323.64, 33.40, 0.000, 175.54, 0.01);
insert into SHOT values (1265, 1264, 1268, 65, 13.050, 350.44, 36.50, 13.050, 350.44, 36.50, 0.000, 352.21, 0.02);
insert into SHOT values (1266, 1264, 1269, 65, 11.380, 36.44, 31.60, 11.380, 36.44, 31.60, 0.000, 345.81, 0.03);
insert into SHOT values (1267, 1264, 1270, 65, 15.350, 167.34, 76.80, 15.350, 167.34, 76.80, 0.000, 338.27, -0.06);
insert into SHOT values (1268, 1264, 1271, 65, 18.550, 255.54, 68.10, 18.550, 255.54, 68.10, 0.000, 306.91, 0.02);
insert into SHOT values (1269, 1264, 1272, 65, 7.230, 180.54, -39.40, 7.230, 180.54, -39.40, 0.000, 192.92, -0.00);
insert into SHOT values (1270, 1264, 1273, 65, 16.320, 195.64, -6.20, 16.320, 195.64, -6.20, 0.000, 14.90, 0.02);
insert into SHOT values (1271, 1264, 1274, 65, 10.360, 353.64, 29.20, 10.360, 353.64, 29.20, 0.000, 14.82, 0.00);
insert into SHOT values (1272, 1274, 1275, 65, 9.240, 250.44, 9.40, 9.240, 250.44, 9.40, 0.000, 188.93, 0.05);
insert into SHOT values (1273, 1274, 1276, 65, 9.620, 305.04, 11.60, 9.620, 305.04, 11.60, 0.000, 179.89, -0.01);
insert into SHOT values (1274, 1274, 1277, 65, 18.400, 319.34, -6.90, 18.400, 319.34, -6.90, 0.000, 189.95, -0.01);
insert into SHOT values (1275, 1274, 1278, 65, 1.560, 92.44, 34.10, 1.560, 92.44, 34.10, 0.000, 199.25, -0.05);
insert into SHOT values (1276, 1274, 1279, 65, 23.020, 158.14, 10.80, 23.020, 158.14, 10.80, 0.000, 147.53, -0.04);
insert into SHOT values (1277, 1274, 1280, 65, 14.440, 246.24, 61.60, 14.440, 246.24, 61.60, 0.000, 4.10, -0.01);
insert into SHOT values (1278, 1274, 1281, 65, 14.280, 299.14, -33.70, 14.280, 299.14, -33.70, 0.000, 177.63, -0.04);
insert into SHOT values (1279, 1274, 1282, 65, 18.120, 299.54, -22.80, 18.120, 299.54, -22.80, 0.000, 192.76, 0.00);
insert into SHOT values (1280, 1282, 1283, 65, 14.720, 160.94, -12.40, 14.720, 160.94, -12.40, 0.000, 5.60, 0.00);
insert into SHOT values (1281, 1282, 1284, 65, 18.900, 224.24, -16.40, 18.900, 224.24, -16.40, 0.000, 188.16, 0.00);
insert into SHOT values (1282, 1282, 1285, 65, 20.200, 266.34, -11.20, 20.200, 266.34, -11.20, 0.000, 134.36, -0.04);
insert into SHOT values (1283, 1282, 1286, 65, 38.820, 248.34, -24.60, 38.820, 248.34, -24.60, 0.000, 355.86, 0.00);
insert into SHOT values (1284, 1282, 1287, 65, 8.300, 353.74, 8.30, 8.300, 353.74, 8.30, 0.000, 6.56, -0.00);
insert into SHOT values (1285, 1282, 1288, 65, 7.860, 50.14, 18.50, 7.860, 50.14, 18.50, 0.000, 176.55, -0.01);
insert into SHOT values (1286, 1282, 1289, 65, 4.720, 338.84, 84.20, 4.720, 338.84, 84.20, 0.000, 187.10, -0.05);
insert into SHOT values (1287, 1282, 1290, 65, 10.720, 246.44, -43.90, 10.720, 246.44, -43.90, 0.000, 8.96, -0.01);
insert into SHOT values (1288, 1282, 1291, 65, 11.860, 257.54, -28.90, 11.860, 257.54, -28.90, 0.000, 178.12, -0.00);
insert into SHOT values (1289, 1291, 1292, 65, 16.750, 163.34, 3.70, 16.750, 163.34, 3.70, 0.000, 287.93, 0.14);
insert into SHOT values (1290, 1291, 1293, 65, 14.330, 224.34, -3.90, 14.330, 224.34, -3.90, 0.000, 196.05, 0.03);
insert into SHOT values (1291, 1291, 1294, 65, 23.930, 222.14, -24.30, 23.930, 222.14, -24.30, 0.000, 36.67, 0.07);
insert into SHOT values (1292, 1291, 1295, 65, 22.340, 297.74, -3.50, 22.340, 297.74, -3.50, 0.000, 6.28, 0.01);
insert into SHOT values (1293, 1291, 1296, 65, 20.590, 296.44, -15.20, 20.590, 296.44, -15.20, 0.000, 5.49, 0.01);
insert into SHOT values (1294, 1291, 1297, 65, 13.900, 341.14, 7.40, 13.900, 341.14, 7.40, 0.000, 1.10, 0.02);
insert into SHOT values (1295, 1291, 1298, 65, 4.330, 189.94, 87.70, 4.330, 189.94, 87.70, 0.000, 353.36, 0.02);
insert into SHOT values (1296, 1291, 1299, 65, 3.980, 177.44, -62.50, 3.980, 177.44, -62.50, 0.000, 5.99, 0.02);
insert into SHOT values (1297, 1291, 1300, 65, 24.440, 278.94, -22.00, 24.440, 278.94, -22.00, 0.000, 176.02, -0.00);
insert into SHOT values (1298, 1300, 1301, 65, 21.430, 153.74, 2.20, 21.430, 153.74, 2.20, 0.000, 180.75, -0.01);
insert into SHOT values (1299, 1300, 1302, 65, 9.990, 202.74, 1.80, 9.990, 202.74, 1.80, 0.000, 182.88, -0.00);
insert into SHOT values (1300, 1300, 1303, 65, 11.450, 271.84, -2.80, 11.450, 271.84, -2.80, 0.000, 259.50, 0.04);
insert into SHOT values (1301, 1300, 1304, 65, 11.970, 303.34, 27.20, 11.970, 303.34, 27.20, 0.000, 2.49, -0.02);
insert into SHOT values (1302, 1300, 1305, 65, 19.620, 311.04, 21.60, 19.620, 311.04, 21.60, 0.000, 19.91, 0.05);
insert into SHOT values (1303, 1300, 1306, 65, 8.960, 335.94, 35.50, 8.960, 335.94, 35.50, 0.000, 17.63, -0.05);
insert into SHOT values (1304, 1300, 1307, 65, 12.950, 45.74, 39.10, 12.950, 45.74, 39.10, 0.000, 188.09, 0.01);
insert into SHOT values (1305, 1300, 1308, 65, 6.740, 151.64, 77.40, 6.740, 151.64, 77.40, 0.000, 2.19, -0.02);
insert into SHOT values (1306, 1300, 1309, 65, 4.240, 171.64, -47.90, 4.240, 171.64, -47.90, 0.000, 179.96, 0.01);
insert into SHOT values (1307, 1300, 1310, 65, 5.700, 263.94, -18.70, 5.700, 263.94, -18.70, 0.000, 25.56, -0.03);
insert into SHOT values (1308, 1310, 1311, 65, 9.540, 176.74, 1.90, 9.540, 176.74, 1.90, 0.000, 356.95, -0.00);
insert into SHOT values (1309, 1310, 1312, 65, 7.170, 276.14, 2.30, 7.170, 276.14, 2.30, 0.000, 346.02, 0.04);
insert into SHOT values (1310, 1310, 1313, 65, 29.130, 293.84, 1.30, 29.130, 293.84, 1.30, 0.000, 172.58, -0.01);
insert into SHOT values (1311, 1310, 1314, 65, 15.150, 331.34, 7.00, 15.150, 331.34, 7.00, 0.000, 172.01, -0.01);
insert into SHOT values (1312, 1310, 1315, 65, 4.330, 22.54, 17.20, 4.330, 22.54, 17.20, 0.000, 10.59, 0.01);
insert into SHOT values (1313, 1310, 1316, 65, 10.900, 21.84, 40.90, 10.900, 21.84, 40.90, 0.000, 178.26, 0.02);
insert into SHOT values (1314, 1310, 1317, 65, 11.290, 318.24, -17.30, 11.290, 318.24, -17.30, 0.000, 6.23, -0.00);
insert into SHOT values (1315, 1317, 1318, 65, 6.690, 204.24, 4.20, 6.690, 204.24, 4.20, 0.000, 184.76, 0.03);
insert into SHOT values (1316, 1317, 1319, 65, 11.510, 255.04, 3.00, 11.510, 255.04, 3.00, 0.000, 4.47, 0.02);
insert into SHOT values (1317, 1317, 1320, 65, 22.030, 298.34, -3.10, 22.030, 298.34, -3.10, 0.000, 17.81, -0.03);
insert into SHOT values (1318, 1317, 1321, 65, 9.020, 334.54, 2.50, 9.020, 334.54, 2.50, 0.000, 357.93, 0.00);
insert into SHOT values (1319, 1317, 1322, 65, 4.330, 23.74, 16.90, 4.330, 23.74, 16.90, 0.000, 170.91, 0.07);
insert into SHOT values (1320, 1317, 1323, 65, 8.640, 68.54, 23.60, 8.640, 68.54, 23.60, 0.000, 188.84, 0.02);
insert into SHOT values (1321, 1317, 1324, 65, 9.500, 106.64, 30.00, 9.500, 106.64, 30.00, 0.000, 180.01, -0.00);
insert into SHOT values (1322, 1317, 1325, 65, 11.390, 274.14, 75.60, 11.390, 274.14, 75.60, 0.000, 356.52, 0.02);
insert into SHOT values (1323, 1317, 1326, 65, 1.470, 266.04, -76.90, 1.470, 266.04, -76.90, 0.000, 181.14, 0.01);
insert into SHOT values (1324, 1317, 1327, 65, 20.030, 279.54, -17.90, 20.030, 279.54, -17.90, 0.000, 10.22, -0.03);
insert into SHOT values (1325, 1327, 1328, 65, 15.520, 206.44, 40.00, 15.520, 206.44, 40.00, 0.000, 174.88, -0.01);
insert into SHOT values (1326, 1327, 1329, 65, 14.220, 251.04, 25.50, 14.220, 251.04, 25.50, 0.000, 4.24, 0.00);
insert into SHOT values (1327, 1327, 1330, 65, 7.250, 322.54, 20.00, 7.250, 322.54, 20.00, 0.000, 172.45, -0.02);
insert into SHOT values (1328, 1327, 1331, 65, 10.130, 35.34, 25.00, 10.130, 35.34, 25.00, 0.000, 346.76, -0.02);
insert into SHOT values (1329, 1327, 1332, 65, 17.110, 74.24, 16.80, 17.110, 74.24, 16.80, 0.000, 150.63, -0.08);
insert into SHOT values (1330, 1327, 1333, 65, 9.500, 309.44, 80.90, 9.500, 309.44, 80.90, 0.000, 39.83, -0.04);
insert into SHOT values (1331, 1327, 1334, 65, 32.570, 198.94, 67.20, 32.570, 198.94, 67.20, 0.000, 346.39, -0.06);
insert into SHOT values (1332, 1327, 1335, 65, 2.800, 314.74, -69.90, 2.800, 314.74, -69.90, 0.000, 179.14, 0.01);
insert into SHOT values (1333, 1327, 1336, 65, 15.270, 265.04, -8.30, 15.270, 265.04, -8.30, 0.000, 228.63, -0.02);
insert into SHOT values (1334, 1336, 1337, 65, 11.340, 120.94, 32.90, 11.340, 120.94, 32.90, 0.000, 166.44, -0.02);
insert into SHOT values (1335, 1336, 1338, 65, 30.200, 193.34, 10.30, 30.200, 193.34, 10.30, 0.000, 173.73, 0.02);
insert into SHOT values (1336, 1336, 1339, 65, 28.940, 204.64, 7.20, 28.940, 204.64, 7.20, 0.000, 5.51, -0.00);
insert into SHOT values (1337, 1336, 1340, 65, 8.870, 219.84, 4.80, 8.870, 219.84, 4.80, 0.000, 246.15, -0.09);
insert into SHOT values (1338, 1336, 1341, 65, 1.710, 285.64, 11.50, 1.710, 285.64, 11.50, 0.000, 6.78, -0.00);
insert into SHOT values (1339, 1336, 1342, 65, 4.500, 283.74, 24.00, 4.500, 283.74, 24.00, 0.000, 162.73, 0.07);
insert into SHOT values (1340, 1336, 1343, 65, 5.180, 19.94, 33.60, 5.180, 19.94, 33.60, 0.000, 169.33, -0.00);
insert into SHOT values (1341, 1336, 1344, 65, 7.600, 161.34, 73.70, 7.600, 161.34, 73.70, 0.000, 340.50, 0.02);
insert into SHOT values (1342, 1336, 1345, 65, 25.050, 136.34, 57.40, 25.050, 136.34, 57.40, 0.000, 5.67, 0.01);
insert into SHOT values (1343, 1336, 1346, 65, 4.860, 203.84, -55.20, 4.860, 203.84, -55.20, 0.000, 359.18, -0.01);
insert into SHOT values (1344, 1336, 1347, 65, 7.520, 233.34, -17.00, 7.520, 233.34, -17.00, 0.000, 4.87, 0.01);
insert into SHOT values (1345, 1347, 1348, 65, 15.760, 137.24, 35.10, 15.760, 137.24, 35.10, 0.000, 181.40, -0.00);
insert into SHOT values (1346, 1347, 1349, 65, 21.510, 168.74, 22.50, 21.510, 168.74, 22.50, 0.000, 0.25, -0.01);
insert into SHOT values (1347, 1347, 1350, 65, 24.050, 178.64, 22.80, 24.050, 178.64, 22.80, 0.000, 182.47, 0.00);
insert into SHOT values (1348, 1347, 1351, 65, 4.880, 187.94, 24.60, 4.880, 187.94, 24.60, 0.000, 170.01, -0.03);
insert into SHOT values (1349, 1347, 1352, 65, 5.380, 252.74, 6.50, 5.380, 252.74, 6.50, 0.000, 338.35, -0.04);
insert into SHOT values (1350, 1347, 1353, 65, 2.700, 332.24, 16.70, 2.700, 332.24, 16.70, 0.000, 348.94, 0.00);
insert into SHOT values (1351, 1347, 1354, 65, 6.480, 36.54, 18.00, 6.480, 36.54, 18.00, 0.000, 38.50, -0.02);
insert into SHOT values (1352, 1347, 1355, 65, 14.280, 39.24, 18.00, 14.280, 39.24, 18.00, 0.000, 188.84, -0.03);
insert into SHOT values (1353, 1347, 1356, 65, 3.090, 171.44, 81.80, 3.090, 171.44, 81.80, 0.000, 11.86, 0.02);
insert into SHOT values (1354, 1347, 1357, 65, 8.190, 108.94, 69.80, 8.190, 108.94, 69.80, 0.000, 18.36, -0.02);
insert into SHOT values (1355, 1347, 1358, 65, 31.470, 97.14, 53.90, 31.470, 97.14, 53.90, 0.000, 111.28, 0.00);
insert into SHOT values (1356, 1347, 1359, 65, 3.020, 79.14, -47.60, 3.020, 79.14, -47.60, 0.000, 1.13, 0.01);
insert into SHOT values (1357, 1347, 1360, 65, 8.380, 148.54, 27.80, 8.380, 148.54, 27.80, 0.000, 1.36, 0.01);
insert into SHOT values (1358, 1360, 1361, 65, 10.100, 349.14, -2.80, 10.100, 349.14, -2.80, 0.000, 355.35, 0.00);
insert into SHOT values (1359, 1360, 1362, 65, 4.180, 305.74, -9.20, 4.180, 305.74, -9.20, 0.000, 169.54, 0.02);
insert into SHOT values (1360, 1360, 1363, 65, 10.250, 312.64, -20.00, 10.250, 312.64, -20.00, 0.000, 179.70, -0.01);
insert into SHOT values (1361, 1360, 1364, 65, 17.160, 18.04, 19.80, 17.160, 18.04, 19.80, 0.000, 184.70, -0.01);
insert into SHOT values (1362, 1360, 1365, 65, 15.930, 186.34, 11.50, 15.930, 186.34, 11.50, 0.000, 72.02, 0.05);
insert into SHOT values (1363, 1360, 1366, 65, 19.830, 185.34, 38.50, 19.830, 185.34, 38.50, 0.000, 192.14, -0.02);
insert into SHOT values (1364, 1360, 1367, 65, 9.990, 161.54, 72.20, 9.990, 161.54, 72.20, 0.000, 202.36, 0.05);
insert into SHOT values (1365, 1360, 1368, 65, 8.400, 165.34, 72.00, 8.400, 165.34, 72.00, 0.000, 351.99, 0.00);
insert into SHOT values (1366, 1360, 1369, 65, 16.450, 207.84, 1.20, 16.450, 207.84, 1.20, 0.000, 1.31, -0.00);
insert into SHOT_FLAG values(1366, 'dpl');
insert into SURVEY values (67, 53, 'GL102_Riviere', 'GL102_Riviere.Gouffre_du_Lonne_Peyret', 'GL102 - Gouffre du Lonne Peyret - Aval Embarquadere (Sup)');
 insert into CENTRELINE values (68, 67, NULL, NULL, NULL, 0.00, 0.00, 0.00);
 insert into CENTRELINE values (69, 67, NULL, '2024-08-11', '2024-01-01', 207.85, 0.00, 78.09);
 insert into PERSON values (10, 'Marina', 'Ferrand');
insert into TOPO values (10, 69);
 insert into PERSON values (11, 'Guillaume', 'Lapie');
insert into TOPO values (11, 69);
 insert into EXPLO values (3, 69);
 insert into PERSON values (12, NULL, 'EEGC');
insert into EXPLO values (12, 69);
 insert into EXPLO values (5, 69);
 insert into SHOT values (1367, 1370, 1371, 69, 6.500, 230.04, 4.80, 6.500, 230.04, 4.80, 0.000, 351.48, 0.02);
insert into SHOT_FLAG values(1367, 'dpl');
insert into SHOT values (1368, 1370, 1372, 69, 8.500, 246.44, 87.80, 8.500, 246.44, 87.80, 0.000, 5.59, -0.01);
insert into SHOT_FLAG values(1368, 'dpl');
insert into SHOT values (1369, 1370, 1373, 69, 4.890, 38.24, 7.90, 4.890, 38.24, 7.90, 0.000, 186.54, -0.00);
insert into SHOT_FLAG values(1369, 'dpl');
insert into SHOT values (1370, 1370, 1374, 69, 2.440, 285.04, -66.20, 2.440, 285.04, -66.20, 0.000, 344.43, 0.03);
insert into SHOT_FLAG values(1370, 'dpl');
insert into SHOT values (1371, 1370, 1375, 69, 13.350, 259.14, -5.70, 13.350, 259.14, -5.70, 0.000, 7.23, -0.00);
insert into SHOT_FLAG values(1371, 'dpl');
insert into SHOT values (1372, 1370, 1376, 69, 25.270, 283.04, 2.20, 25.270, 283.04, 2.20, 0.000, 2.21, -0.08);
insert into SHOT_FLAG values(1372, 'dpl');
insert into SHOT values (1373, 1370, 1377, 69, 11.260, 341.24, 1.60, 11.260, 341.24, 1.60, 0.000, 2.54, -0.03);
insert into SHOT_FLAG values(1373, 'dpl');
insert into SHOT values (1374, 1370, 1378, 69, 26.140, 296.94, -20.50, 26.140, 296.94, -20.50, 0.000, 175.51, 0.02);
insert into SHOT_FLAG values(1374, 'dpl');
insert into SHOT values (1375, 1378, 1379, 69, 18.000, 181.04, 43.00, 18.000, 181.04, 43.00, 0.000, 222.29, -0.08);
insert into SHOT_FLAG values(1375, 'dpl');
insert into SHOT values (1376, 1378, 1380, 69, 23.730, 177.24, 62.40, 23.730, 177.24, 62.40, 0.000, 186.85, 0.01);
insert into SHOT_FLAG values(1376, 'dpl');
insert into SHOT values (1377, 1378, 1381, 69, 9.540, 98.74, 78.90, 9.540, 98.74, 78.90, 0.000, 187.04, 0.03);
insert into SHOT_FLAG values(1377, 'dpl');
insert into SHOT values (1378, 1378, 1382, 69, 0.950, 17.94, 20.90, 0.950, 17.94, 20.90, 0.000, 6.78, 0.02);
insert into SHOT_FLAG values(1378, 'dpl');
insert into SHOT values (1379, 1378, 1383, 69, 1.520, 186.84, -79.40, 1.520, 186.84, -79.40, 0.000, 185.33, 0.02);
insert into SHOT_FLAG values(1379, 'dpl');
insert into SHOT values (1380, 1378, 1384, 69, 8.420, 292.44, 85.20, 8.420, 292.44, 85.20, 0.000, 187.10, 0.01);
insert into SHOT_FLAG values(1380, 'dpl');
insert into SHOT values (1381, 1378, 1385, 69, 61.000, 112.94, 44.90, 61.000, 112.94, 44.90, 0.000, 332.28, 0.06);
insert into SHOT_FLAG values(1381, 'dpl');
insert into SHOT values (1382, 1378, 1386, 69, 11.850, 90.24, 22.90, 11.850, 90.24, 22.90, 0.000, 347.57, 0.02);
insert into SHOT_FLAG values(1382, 'dpl');
insert into SHOT values (1383, 1378, 1387, 69, 11.930, 91.94, 3.50, 11.930, 91.94, 3.50, 0.000, 351.73, 0.09);
insert into SHOT_FLAG values(1383, 'dpl');
insert into SHOT values (1384, 1378, 1388, 69, 19.820, 228.44, -4.10, 19.820, 228.44, -4.10, 0.000, 154.50, 0.05);
insert into SHOT_FLAG values(1384, 'dpl');
insert into SHOT values (1385, 1388, 1389, 69, 1.830, 196.14, -8.60, 1.830, 196.14, -8.60, 0.000, 10.95, 0.02);
insert into SHOT_FLAG values(1385, 'dpl');
insert into SHOT values (1386, 1388, 1390, 69, 5.200, 2.54, 8.10, 5.200, 2.54, 8.10, 0.000, 4.48, -0.02);
insert into SHOT_FLAG values(1386, 'dpl');
insert into SHOT values (1387, 1388, 1391, 69, 7.020, 19.14, 85.40, 7.020, 19.14, 85.40, 0.000, 162.76, -0.03);
insert into SHOT_FLAG values(1387, 'dpl');
insert into SHOT values (1388, 1388, 1392, 69, 3.390, 315.84, -73.50, 3.390, 315.84, -73.50, 0.000, 7.73, -0.00);
insert into SHOT_FLAG values(1388, 'dpl');
insert into SHOT values (1389, 1388, 1393, 69, 14.060, 235.34, -18.10, 14.060, 235.34, -18.10, 0.000, 186.43, -0.01);
insert into SHOT_FLAG values(1389, 'dpl');
insert into SHOT values (1390, 1393, 1394, 69, 1.960, 168.24, -0.70, 1.960, 168.24, -0.70, 0.000, 7.75, 0.01);
insert into SHOT_FLAG values(1390, 'dpl');
insert into SHOT values (1391, 1393, 1395, 69, 1.740, 345.34, 2.80, 1.740, 345.34, 2.80, 0.000, 29.51, -0.00);
insert into SHOT_FLAG values(1391, 'dpl');
insert into SHOT values (1392, 1393, 1396, 69, 2.850, 220.74, 87.40, 2.850, 220.74, 87.40, 0.000, 185.65, -0.01);
insert into SHOT_FLAG values(1392, 'dpl');
insert into SHOT values (1393, 1393, 1397, 69, 1.610, 137.44, -85.40, 1.610, 137.44, -85.40, 0.000, 177.05, 0.00);
insert into SHOT_FLAG values(1393, 'dpl');
insert into SHOT values (1394, 1393, 1398, 69, 10.510, 243.04, 6.60, 10.510, 243.04, 6.60, 0.000, 353.97, 0.08);
insert into SHOT_FLAG values(1394, 'dpl');
insert into SHOT values (1395, 1393, 1399, 69, 3.310, 262.64, 6.10, 3.310, 262.64, 6.10, 0.000, 320.88, 0.03);
insert into SHOT_FLAG values(1395, 'dpl');
insert into SHOT values (1396, 1393, 1400, 69, 10.950, 207.34, 7.70, 10.950, 207.34, 7.70, 0.000, 349.26, 0.01);
insert into SHOT_FLAG values(1396, 'dpl');
insert into SHOT values (1397, 1393, 1401, 69, 2.580, 187.94, 11.50, 2.580, 187.94, 11.50, 0.000, 352.69, -0.00);
insert into SHOT_FLAG values(1397, 'dpl');
insert into SHOT values (1398, 1393, 1402, 69, 18.070, 227.94, -1.90, 18.070, 227.94, -1.90, 0.000, 19.46, -0.00);
insert into SHOT_FLAG values(1398, 'dpl');
insert into SHOT values (1399, 1402, 1403, 69, 7.300, 122.84, 8.90, 7.300, 122.84, 8.90, 0.000, 265.67, -0.09);
insert into SHOT_FLAG values(1399, 'dpl');
insert into SHOT values (1400, 1402, 1404, 69, 1.420, 97.24, 72.20, 1.420, 97.24, 72.20, 0.000, 172.77, -0.01);
insert into SHOT_FLAG values(1400, 'dpl');
insert into SHOT values (1401, 1402, 1405, 69, 1.430, 100.24, -63.60, 1.430, 100.24, -63.60, 0.000, 357.87, 0.01);
insert into SHOT_FLAG values(1401, 'dpl');
insert into SHOT values (1402, 1402, 1406, 69, 25.520, 62.74, 6.00, 25.520, 62.74, 6.00, 0.000, 170.64, 0.02);
insert into SHOT values (1403, 1406, 1407, 69, 6.000, 60.24, 25.60, 6.000, 60.24, 25.60, 0.000, 110.11, 0.03);
insert into SHOT values (1404, 1406, 1408, 69, 23.760, 92.24, 57.00, 23.760, 92.24, 57.00, 0.000, 179.58, -0.02);
insert into SHOT values (1405, 1406, 1409, 69, 3.360, 190.24, 13.10, 3.360, 190.24, 13.10, 0.000, 6.38, -0.00);
insert into SHOT values (1406, 1406, 1410, 69, 3.730, 4.04, -6.60, 3.730, 4.04, -6.60, 0.000, 130.37, -0.04);
insert into SHOT values (1407, 1406, 1411, 69, 6.710, 116.04, 37.90, 6.710, 116.04, 37.90, 0.000, 302.31, 0.10);
insert into SHOT values (1408, 1411, 1412, 69, 13.920, 338.64, -0.50, 13.920, 338.64, -0.50, 0.000, 194.06, -0.01);
insert into SHOT values (1409, 1411, 1413, 69, 4.090, 268.94, 80.60, 4.090, 268.94, 80.60, 0.000, 179.78, -0.01);
insert into SHOT values (1410, 1411, 1414, 69, 16.500, 130.44, 74.30, 16.500, 130.44, 74.30, 0.000, 353.58, -0.01);
insert into SHOT values (1411, 1411, 1415, 69, 8.830, 139.04, 24.20, 8.830, 139.04, 24.20, 0.000, 203.79, 0.05);
insert into SHOT values (1412, 1411, 1416, 69, 17.670, 225.44, -0.90, 17.670, 225.44, -0.90, 0.000, 23.31, 0.03);
insert into SHOT values (1413, 1416, 1417, 69, 2.470, 342.14, 4.20, 2.470, 342.14, 4.20, 0.000, 345.94, -0.02);
insert into SHOT values (1414, 1416, 1418, 69, 4.770, 56.74, 77.20, 4.770, 56.74, 77.20, 0.000, 6.61, -0.01);
insert into SHOT values (1415, 1416, 1419, 69, 0.140, 172.04, -1.00, 0.140, 172.04, -1.00, 0.000, 10.87, -0.02);
insert into SHOT values (1416, 1416, 1420, 69, 1.490, 299.24, -66.40, 1.490, 299.24, -66.40, 0.000, 6.03, -0.00);
insert into SHOT values (1417, 1416, 1421, 69, 16.440, 50.34, 45.50, 16.440, 50.34, 45.50, 0.000, 5.10, 0.00);
insert into SHOT values (1418, 1416, 1422, 69, 16.560, 47.94, 44.50, 16.560, 47.94, 44.50, 0.000, 353.91, -0.01);
insert into SHOT values (1419, 1416, 1423, 69, 20.550, 29.74, 12.80, 20.550, 29.74, 12.80, 0.000, 187.13, -0.01);
insert into SHOT values (1420, 1416, 1424, 69, 36.960, 9.74, 6.70, 36.960, 9.74, 6.70, 0.000, 164.80, -0.02);
insert into SHOT values (1421, 1416, 1425, 69, 5.310, 224.04, -28.80, 5.310, 224.04, -28.80, 0.000, 179.46, 0.01);
insert into SHOT values (1422, 1425, 1426, 69, 1.840, 144.54, 18.30, 1.840, 144.54, 18.30, 0.000, 171.80, 0.00);
insert into SHOT values (1423, 1425, 1427, 69, 0.890, 246.34, 81.10, 0.890, 246.34, 81.10, 0.000, 17.20, -0.04);
insert into SHOT values (1424, 1425, 1428, 69, 0.160, 298.04, -14.80, 0.160, 298.04, -14.80, 0.000, 38.75, -0.17);
insert into SHOT values (1425, 1425, 1429, 69, 0.280, 214.94, -75.60, 0.280, 214.94, -75.60, 0.000, 182.39, 0.04);
insert into SHOT values (1426, 1425, 1430, 69, 6.960, 208.54, 10.80, 6.960, 208.54, 10.80, 0.000, 4.21, -0.02);
insert into SHOT values (1427, 1430, 1431, 69, 4.430, 128.14, -3.60, 4.430, 128.14, -3.60, 0.000, 352.33, 0.01);
insert into SHOT values (1428, 1430, 1432, 69, 1.040, 324.84, 7.60, 1.040, 324.84, 7.60, 0.000, 6.03, -0.01);
insert into SHOT values (1429, 1430, 1433, 69, 3.380, 202.74, -59.60, 3.380, 202.74, -59.60, 0.000, 206.42, 0.04);
insert into SHOT values (1430, 1430, 1434, 69, 3.320, 100.94, -25.80, 3.320, 100.94, -25.80, 0.000, 22.07, 0.04);
insert into SHOT values (1431, 1430, 1435, 69, 3.400, 207.04, -59.70, 3.400, 207.04, -59.70, 0.000, 205.62, 0.00);
insert into SHOT values (1432, 1430, 1436, 69, 4.570, 234.84, -24.70, 4.570, 234.84, -24.70, 0.000, 349.73, -0.02);
insert into SHOT values (1433, 1436, 1437, 69, 3.800, 120.34, 7.60, 3.800, 120.34, 7.60, 0.000, 4.07, 0.00);
insert into SHOT values (1434, 1436, 1438, 69, 1.850, 329.14, 23.90, 1.850, 329.14, 23.90, 0.000, 9.73, 0.02);
insert into SHOT values (1435, 1436, 1439, 69, 0.620, 81.44, 87.00, 0.620, 81.44, 87.00, 0.000, 188.04, 0.00);
insert into SHOT values (1436, 1436, 1440, 69, 1.570, 119.74, -68.60, 1.570, 119.74, -68.60, 0.000, 187.80, -0.01);
insert into SHOT values (1437, 1436, 1441, 69, 4.760, 186.44, 20.60, 4.760, 186.44, 20.60, 0.000, 191.24, -0.03);
insert into SHOT values (1438, 1441, 1442, 69, 5.340, 334.24, -15.70, 5.340, 334.24, -15.70, 0.000, 183.53, -0.00);
insert into SHOT values (1439, 1441, 1443, 69, 2.700, 156.14, 40.70, 2.700, 156.14, 40.70, 0.000, 187.02, -0.02);
insert into SHOT values (1440, 1441, 1444, 69, 2.330, 329.84, -54.40, 2.330, 329.84, -54.40, 0.000, 1.58, 0.02);
insert into SHOT values (1441, 1441, 1445, 69, 4.600, 96.94, 18.30, 4.600, 96.94, 18.30, 0.000, 170.46, 0.00);
insert into SHOT values (1442, 1445, 1446, 69, 1.440, 342.74, 5.90, 1.440, 342.74, 5.90, 0.000, 161.36, 0.01);
insert into SHOT values (1443, 1445, 1447, 69, 16.180, 312.84, 80.00, 16.180, 312.84, 80.00, 0.000, 4.14, -0.00);
insert into SHOT values (1444, 1445, 1448, 69, 0.230, 143.04, 45.10, 0.230, 143.04, 45.10, 0.000, 1.03, -0.03);
insert into SHOT values (1445, 1445, 1449, 69, 1.350, 4.44, -77.80, 1.350, 4.44, -77.80, 0.000, 192.55, 0.03);
insert into SHOT values (1446, 1445, 1450, 69, 4.390, 40.74, 43.60, 4.390, 40.74, 43.60, 0.000, 2.44, -0.01);
insert into SHOT values (1447, 1450, 1451, 69, 1.480, 277.44, 14.70, 1.480, 277.44, 14.70, 0.000, 351.28, -0.04);
insert into SHOT values (1448, 1450, 1452, 69, 2.160, 228.24, 71.20, 2.160, 228.24, 71.20, 0.000, 329.75, 0.04);
insert into SHOT values (1449, 1450, 1453, 69, 0.730, 119.74, 11.90, 0.730, 119.74, 11.90, 0.000, 180.14, 0.01);
insert into SHOT values (1450, 1450, 1454, 69, 0.830, 348.34, -61.00, 0.830, 348.34, -61.00, 0.000, 172.66, -0.02);
insert into SHOT values (1451, 1450, 1455, 69, 4.150, 343.54, 50.10, 4.150, 343.54, 50.10, 0.000, 198.56, 0.03);
insert into SHOT values (1452, 1455, 1456, 69, 11.510, 37.04, 17.20, 11.510, 37.04, 17.20, 0.000, 178.07, -0.01);
insert into SHOT values (1453, 1455, 1457, 69, 5.740, 220.84, 0.70, 5.740, 220.84, 0.70, 0.000, 174.42, 0.01);
insert into SHOT values (1454, 1455, 1458, 69, 8.480, 47.24, 82.10, 8.480, 47.24, 82.10, 0.000, 129.94, -0.02);
insert into SHOT values (1455, 1455, 1459, 69, 3.610, 126.64, -58.70, 3.610, 126.64, -58.70, 0.000, 190.70, -0.01);
insert into SHOT values (1456, 1455, 1460, 69, 3.780, 117.24, 3.60, 3.780, 117.24, 3.60, 0.000, 181.36, -0.00);
insert into SHOT values (1457, 1460, 1461, 69, 2.360, 119.24, 2.40, 2.360, 119.24, 2.40, 0.000, 179.11, -0.00);
insert into SHOT values (1458, 1460, 1462, 69, 3.810, 118.74, 3.60, 3.810, 118.74, 3.60, 0.000, 176.66, -0.02);
insert into SHOT values (1459, 1460, 1463, 69, 0.870, 145.24, 3.00, 0.870, 145.24, 3.00, 0.000, 358.71, 0.24);
insert into SHOT values (1460, 1460, 1464, 69, 4.600, 320.64, 8.20, 4.600, 320.64, 8.20, 0.000, 230.38, 0.06);
insert into SHOT values (1461, 1460, 1465, 69, 4.710, 306.24, 74.20, 4.710, 306.24, 74.20, 0.000, 3.35, 0.02);
insert into SHOT values (1462, 1460, 1466, 69, 20.280, 339.54, 55.40, 20.280, 339.54, 55.40, 0.000, 48.20, -0.08);
insert into SHOT values (1463, 1460, 1467, 69, 0.520, 230.24, -66.40, 0.520, 230.24, -66.40, 0.000, 151.60, -0.06);
insert into SHOT values (1464, 1460, 1468, 69, 16.040, 246.54, 14.80, 16.040, 246.54, 14.80, 0.000, 350.29, 0.01);
insert into SHOT values (1465, 1468, 1469, 69, 1.870, 203.04, -10.20, 1.870, 203.04, -10.20, 0.000, 356.74, 0.02);
insert into SHOT values (1466, 1468, 1470, 69, 1.730, 346.94, -1.90, 1.730, 346.94, -1.90, 0.000, 182.00, 0.01);
insert into SHOT values (1467, 1468, 1471, 69, 8.970, 325.04, 71.00, 8.970, 325.04, 71.00, 0.000, 7.56, -0.04);
insert into SHOT values (1468, 1468, 1472, 69, 2.420, 275.54, -58.80, 2.420, 275.54, -58.80, 0.000, 194.20, 0.04);
insert into SHOT values (1469, 1468, 1473, 69, 10.540, 246.74, -6.20, 10.540, 246.74, -6.20, 0.000, 353.22, 0.02);
insert into SHOT values (1470, 1473, 1474, 69, 1.600, 165.14, -2.50, 1.600, 165.14, -2.50, 0.000, 3.11, -0.01);
insert into SHOT values (1471, 1473, 1475, 69, 8.640, 15.54, 17.10, 8.640, 15.54, 17.10, 0.000, 21.77, -0.02);
insert into SHOT values (1472, 1473, 1476, 69, 7.920, 26.24, 82.00, 7.920, 26.24, 82.00, 0.000, 16.21, 0.16);
insert into SHOT values (1473, 1473, 1477, 69, 1.110, 233.64, -81.50, 1.110, 233.64, -81.50, 0.000, 5.91, -0.01);
insert into SHOT values (1474, 1473, 1478, 69, 1.530, 172.34, 2.90, 1.530, 172.34, 2.90, 0.000, 175.60, -0.00);
insert into SHOT values (1475, 1478, 1479, 69, 9.040, 6.74, 10.40, 9.040, 6.74, 10.40, 0.000, 7.32, 0.02);
insert into SHOT values (1476, 1478, 1480, 69, 3.660, 45.74, 81.20, 3.660, 45.74, 81.20, 0.000, 177.49, 0.01);
insert into SHOT values (1477, 1478, 1481, 69, 1.780, 311.64, -54.30, 1.780, 311.64, -54.30, 0.000, 0.54, 0.02);
insert into SHOT values (1478, 1478, 1482, 69, 13.110, 317.74, 54.20, 13.110, 317.74, 54.20, 0.000, 3.42, 0.00);
insert into SHOT values (1479, 1478, 1483, 69, 22.950, 261.34, -9.50, 22.950, 261.34, -9.50, 0.000, 198.99, 0.04);
insert into SHOT values (1480, 1478, 1484, 69, 30.790, 270.34, -11.10, 30.790, 270.34, -11.10, 0.000, 6.95, -0.01);
insert into SHOT values (1481, 1484, 1485, 69, 1.580, 210.94, 1.30, 1.580, 210.94, 1.30, 0.000, 18.94, -0.03);
insert into SHOT values (1482, 1484, 1486, 69, 1.430, 14.74, 21.70, 1.430, 14.74, 21.70, 0.000, 280.11, 0.07);
insert into SHOT values (1483, 1484, 1487, 69, 2.460, 8.04, 83.40, 2.460, 8.04, 83.40, 0.000, 189.81, -0.03);
insert into SHOT values (1484, 1484, 1488, 69, 11.500, 276.54, -1.00, 11.500, 276.54, -1.00, 0.000, 13.16, 0.02);
insert into SHOT values (1485, 1488, 1489, 69, 1.780, 226.14, 3.50, 1.780, 226.14, 3.50, 0.000, 189.89, 0.03);
insert into SHOT values (1486, 1488, 1490, 69, 2.580, 42.94, 9.10, 2.580, 42.94, 9.10, 0.000, 181.92, -0.01);
insert into SHOT values (1487, 1488, 1491, 69, 7.870, 76.34, 87.30, 7.870, 76.34, 87.30, 0.000, 184.47, 0.01);
insert into SHOT values (1488, 1488, 1492, 69, 1.230, 63.64, -71.40, 1.230, 63.64, -71.40, 0.000, 177.69, 0.00);
insert into SHOT values (1489, 1488, 1493, 69, 4.360, 334.44, -7.90, 4.360, 334.44, -7.90, 0.000, 188.39, -0.82);
insert into SHOT values (1490, 1493, 1494, 69, 3.320, 231.94, 1.00, 3.320, 231.94, 1.00, 0.000, 176.12, 0.00);
insert into SHOT values (1491, 1493, 1495, 69, 2.150, 140.44, 55.90, 2.150, 140.44, 55.90, 0.000, 182.16, 0.01);
insert into SHOT values (1492, 1493, 1496, 69, 3.290, 341.64, -71.20, 3.290, 341.64, -71.20, 0.000, 70.18, 0.11);
insert into SHOT values (1493, 1493, 1497, 69, 0.160, 37.94, 47.10, 0.160, 37.94, 47.10, 0.000, 6.71, -0.01);
insert into SHOT values (1494, 1493, 1498, 69, 0.390, 301.94, 14.90, 0.390, 301.94, 14.90, 0.000, 318.88, 0.09);
insert into SHOT values (1495, 1493, 1499, 69, 2.650, 299.94, -46.80, 2.650, 299.94, -46.80, 0.000, 356.08, -0.01);
insert into SHOT values (1496, 1499, 1500, 69, 0.800, 235.04, 6.80, 0.800, 235.04, 6.80, 0.000, 1.04, -0.00);
insert into SHOT values (1497, 1499, 1501, 69, 0.490, 25.74, 9.00, 0.490, 25.74, 9.00, 0.000, 172.43, -0.01);
insert into SHOT values (1498, 1499, 1502, 69, 1.950, 257.34, -62.30, 1.950, 257.34, -62.30, 0.000, 277.22, -0.08);
insert into SHOT values (1499, 1502, 1503, 69, 2.050, 123.64, 2.20, 2.050, 123.64, 2.20, 0.000, 353.20, 0.01);
insert into SHOT values (1500, 1502, 1504, 69, 1.580, 190.24, 83.40, 1.580, 190.24, 83.40, 0.000, 179.48, 0.02);
insert into SHOT values (1501, 1502, 1505, 69, 0.660, 194.94, -79.20, 0.660, 194.94, -79.20, 0.000, 180.59, -0.04);
insert into SHOT values (1502, 1502, 1506, 69, 2.790, 205.94, -38.20, 2.790, 205.94, -38.20, 0.000, 175.55, -0.01);
insert into SHOT values (1503, 1506, 1507, 69, 1.950, 39.04, -4.70, 1.950, 39.04, -4.70, 0.000, 356.35, -0.02);
insert into SHOT values (1504, 1506, 1508, 69, 1.360, 357.14, 86.00, 1.360, 357.14, 86.00, 0.000, 350.95, -0.01);
insert into SHOT values (1505, 1506, 1509, 69, 1.150, 334.44, -70.70, 1.150, 334.44, -70.70, 0.000, 176.36, 0.01);
insert into SHOT values (1506, 1506, 1510, 69, 6.800, 23.24, -42.10, 6.800, 23.24, -42.10, 0.000, 1.12, 0.02);
insert into SHOT values (1507, 1510, 1511, 69, 2.870, 230.64, 4.00, 2.870, 230.64, 4.00, 0.000, 2.68, 0.01);
insert into SHOT values (1508, 1510, 1512, 69, 1.080, 205.34, 61.80, 1.080, 205.34, 61.80, 0.000, 186.36, 0.01);
insert into SHOT values (1509, 1510, 1513, 69, 1.270, 280.44, -84.10, 1.270, 280.44, -84.10, 0.000, 177.23, -0.01);
insert into SHOT values (1510, 1510, 1514, 69, 7.060, 247.84, 19.20, 7.060, 247.84, 19.20, 0.000, 185.72, -0.01);
insert into SHOT values (1511, 1514, 1515, 69, 5.970, 36.54, 6.40, 5.970, 36.54, 6.40, 0.000, 183.38, 0.01);
insert into SHOT values (1512, 1514, 1516, 69, 18.910, 331.64, 84.00, 18.910, 331.64, 84.00, 0.000, 129.43, 0.04);
insert into SHOT values (1513, 1514, 1517, 69, 1.530, 352.24, -48.10, 1.530, 352.24, -48.10, 0.000, 6.24, -0.01);
insert into SHOT values (1514, 1514, 1518, 69, 7.010, 315.44, 36.80, 7.010, 315.44, 36.80, 0.000, 354.13, -0.02);
insert into SHOT values (1515, 1518, 1519, 69, 2.190, 228.04, 6.40, 2.190, 228.04, 6.40, 0.000, 191.65, -0.03);
insert into SHOT values (1516, 1518, 1520, 69, 6.190, 55.44, 1.70, 6.190, 55.44, 1.70, 0.000, 354.29, 0.01);
insert into SHOT values (1517, 1518, 1521, 69, 16.080, 61.24, 86.50, 16.080, 61.24, 86.50, 0.000, 13.88, -0.03);
insert into SHOT values (1518, 1518, 1522, 69, 8.750, 87.94, 35.10, 8.750, 87.94, 35.10, 0.000, 167.10, 0.00);
insert into SHOT values (1519, 1518, 1523, 69, 5.180, 136.64, 22.40, 5.180, 136.64, 22.40, 0.000, 320.89, 0.09);
insert into SHOT values (1520, 1518, 1524, 69, 22.690, 101.84, 49.10, 22.690, 101.84, 49.10, 0.000, 165.94, -0.04);
insert into SHOT values (1521, 1518, 1525, 69, 18.890, 297.44, 53.10, 18.890, 297.44, 53.10, 0.000, 200.29, 0.02);
insert into SHOT values (1522, 1518, 1526, 69, 6.790, 308.54, -3.20, 6.790, 308.54, -3.20, 0.000, 355.01, -0.01);
insert into SHOT values (1523, 1526, 1527, 69, 7.480, 225.54, 1.90, 7.480, 225.54, 1.90, 0.000, 175.17, -0.01);
insert into SHOT values (1524, 1526, 1528, 69, 5.910, 253.84, 82.30, 5.910, 253.84, 82.30, 0.000, 168.11, 0.00);
insert into SHOT values (1525, 1526, 1529, 69, 6.160, 286.14, -11.30, 6.160, 286.14, -11.30, 0.000, 2.10, -0.01);
insert into SHOT values (1526, 1526, 1530, 69, 1.630, 276.44, -72.90, 1.630, 276.44, -72.90, 0.000, 184.58, 0.02);
insert into SHOT values (1527, 1526, 1531, 69, 13.690, 289.84, 14.00, 13.690, 289.84, 14.00, 0.000, 354.97, -0.02);
insert into SHOT values (1528, 1526, 1532, 69, 1.120, 300.94, -6.20, 1.120, 300.94, -6.20, 0.000, 354.47, 0.01);
insert into SHOT values (1529, 1526, 1533, 69, 7.790, 297.54, 1.70, 7.790, 297.54, 1.70, 0.000, 176.96, -0.02);
insert into SHOT values (1530, 1526, 1534, 69, 12.880, 126.34, 7.70, 12.880, 126.34, 7.70, 0.000, 9.18, 0.00);
insert into SHOT values (1531, 1526, 1535, 69, 5.040, 257.84, 83.60, 5.040, 257.84, 83.60, 0.000, 290.19, -0.06);
insert into SHOT values (1532, 1526, 1536, 69, 1.550, 272.54, -63.30, 1.550, 272.54, -63.30, 0.000, 354.73, -0.01);
insert into SHOT values (1533, 1526, 1537, 69, 11.130, 196.54, 54.50, 11.130, 196.54, 54.50, 0.000, 356.14, 0.02);
insert into SHOT values (1534, 1526, 1538, 69, 11.110, 156.34, 35.60, 11.110, 156.34, 35.60, 0.000, 169.86, -0.01);
insert into SHOT values (1535, 1526, 1539, 69, 3.820, 205.24, 3.30, 3.820, 205.24, 3.30, 0.000, 173.54, -0.01);
insert into SHOT values (1536, 1539, 1540, 69, 5.040, 11.54, 1.50, 5.040, 11.54, 1.50, 0.000, 261.19, -0.01);
insert into SHOT values (1537, 1539, 1541, 69, 16.510, 62.24, 82.00, 16.510, 62.24, 82.00, 0.000, 192.18, -0.01);
insert into SHOT values (1538, 1539, 1542, 69, 1.490, 302.94, -73.70, 1.490, 302.94, -73.70, 0.000, 178.55, -0.01);
insert into SHOT values (1539, 1539, 1543, 69, 5.390, 221.94, -30.50, 5.390, 221.94, -30.50, 0.000, 190.19, 0.02);
insert into SHOT values (1540, 1539, 1544, 69, 0.530, 222.04, -29.80, 0.530, 222.04, -29.80, 0.000, 354.00, -0.01);
insert into SHOT values (1541, 1539, 1545, 69, 5.800, 226.44, -29.80, 5.800, 226.44, -29.80, 0.000, 5.09, 0.03);
insert into SURVEY values (71, 53, 'GL102_Amont_01', 'GL102_Amont_01.Gouffre_du_Lonne_Peyret', 'GL102 - Gouffre du Lonne Peyret - Amonts');
 insert into CENTRELINE values (72, 71, NULL, NULL, NULL, 0.00, 0.00, 0.00);
 insert into CENTRELINE values (73, 71, NULL, '2024-08-15', '2024-01-01', 485.79, 0.00, 0.00);
 insert into TOPO values (10, 73);
 insert into TOPO values (11, 73);
 insert into EXPLO values (3, 73);
 insert into EXPLO values (12, 73);
 insert into EXPLO values (5, 73);
 insert into SHOT values (1542, 1546, 1547, 73, 2.750, 126.75, -1.60, 2.750, 126.75, -1.60, 0.000, 358.96, 0.03);
insert into SHOT values (1543, 1546, 1548, 73, 2.970, 149.25, 78.70, 2.970, 149.25, 78.70, 0.000, 156.12, -0.08);
insert into SHOT values (1544, 1546, 1549, 73, 4.260, 311.75, 11.40, 4.260, 311.75, 11.40, 0.000, 171.08, 0.01);
insert into SHOT values (1545, 1546, 1550, 73, 1.930, 217.75, -86.40, 1.930, 217.75, -86.40, 0.000, 198.33, 0.03);
insert into SHOT values (1546, 1546, 1551, 73, 14.860, 62.75, 39.40, 14.860, 62.75, 39.40, 0.000, 348.17, -0.00);
insert into SHOT values (1547, 1546, 1552, 73, 9.230, 44.55, 44.00, 9.230, 44.55, 44.00, 0.000, 9.78, 0.00);
insert into SHOT values (1548, 1546, 1553, 73, 11.700, 24.95, 61.80, 11.700, 24.95, 61.80, 0.000, 8.79, 0.01);
insert into SHOT values (1549, 1546, 1554, 73, 7.340, 336.85, 66.70, 7.340, 336.85, 66.70, 0.000, 195.72, -0.02);
insert into SHOT values (1550, 1546, 1555, 73, 6.550, 15.55, 26.00, 6.550, 15.55, 26.00, 0.000, 24.02, 0.05);
insert into SHOT values (1551, 1546, 1556, 73, 3.420, 355.65, 15.80, 3.420, 355.65, 15.80, 0.000, 353.48, 0.03);
insert into SHOT values (1552, 1546, 1557, 73, 4.680, 198.05, -4.90, 4.680, 198.05, -4.90, 0.000, 193.56, -0.01);
insert into SHOT values (1553, 1546, 1558, 73, 24.810, 234.25, -2.70, 24.810, 234.25, -2.70, 0.000, 215.38, 0.02);
insert into SHOT values (1554, 1546, 1559, 73, 16.920, 261.25, 2.90, 16.920, 261.25, 2.90, 0.000, 121.50, 0.05);
insert into SHOT values (1555, 1546, 1560, 73, 26.280, 246.95, 8.60, 26.280, 246.95, 8.60, 0.000, 357.66, -0.04);
insert into SHOT values (1556, 1546, 1561, 73, 11.480, 225.25, -34.30, 11.480, 225.25, -34.30, 0.000, 179.62, 0.02);
insert into SHOT values (1557, 1561, 1562, 73, 4.870, 104.55, 6.60, 4.870, 104.55, 6.60, 0.000, 169.37, -0.02);
insert into SHOT values (1558, 1561, 1563, 73, 16.370, 268.75, 8.20, 16.370, 268.75, 8.20, 0.000, 298.08, 0.13);
insert into SHOT values (1559, 1561, 1564, 73, 14.990, 246.45, 84.10, 14.990, 246.45, 84.10, 0.000, 7.18, 0.02);
insert into SHOT values (1560, 1561, 1565, 73, 0.400, 106.95, -55.30, 0.400, 106.95, -55.30, 0.000, 120.95, 0.05);
insert into SHOT values (1561, 1561, 1566, 73, 16.810, 267.25, 7.50, 16.810, 267.25, 7.50, 0.000, 188.93, -0.01);
insert into SHOT values (1562, 1561, 1567, 73, 2.760, 322.05, 19.20, 2.760, 322.05, 19.20, 0.000, 244.43, 0.10);
insert into SHOT values (1563, 1561, 1568, 73, 5.860, 336.75, 47.00, 5.860, 336.75, 47.00, 0.000, 349.86, 0.02);
insert into SHOT values (1564, 1561, 1569, 73, 4.770, 92.15, 12.10, 4.770, 92.15, 12.10, 0.000, 183.80, -0.01);
insert into SHOT values (1565, 1561, 1570, 73, 10.340, 56.05, 42.30, 10.340, 56.05, 42.30, 0.000, 129.54, -0.03);
insert into SHOT values (1566, 1561, 1571, 73, 19.840, 43.35, 39.70, 19.840, 43.35, 39.70, 0.000, 180.73, -0.00);
insert into SHOT values (1567, 1561, 1572, 73, 13.330, 190.75, 37.70, 13.330, 190.75, 37.70, 0.000, 160.12, -0.18);
insert into SHOT values (1568, 1561, 1573, 73, 11.210, 154.05, -12.70, 11.210, 154.05, -12.70, 0.000, 179.68, 0.00);
insert into SHOT values (1569, 1573, 1574, 73, 3.880, 19.75, -5.40, 3.880, 19.75, -5.40, 0.000, 178.69, -0.01);
insert into SHOT values (1570, 1573, 1575, 73, 0.940, 184.35, -77.10, 0.940, 184.35, -77.10, 0.000, 186.08, -0.00);
insert into SHOT values (1571, 1573, 1576, 73, 0.310, 27.75, 72.00, 0.310, 27.75, 72.00, 0.000, 182.51, 0.00);
insert into SHOT values (1572, 1573, 1577, 73, 0.320, 210.85, 18.00, 0.320, 210.85, 18.00, 0.000, 5.15, -0.02);
insert into SHOT values (1573, 1573, 1578, 73, 4.400, 352.85, 56.70, 4.400, 352.85, 56.70, 0.000, 172.69, -0.02);
insert into SHOT values (1574, 1573, 1579, 73, 5.720, 38.05, -30.60, 5.720, 38.05, -30.60, 0.000, 159.46, -0.03);
insert into SHOT values (1575, 1573, 1580, 73, 10.600, 97.55, -1.20, 10.600, 97.55, -1.20, 0.000, 264.09, -0.01);
insert into SHOT values (1576, 1573, 1581, 73, 6.000, 133.25, 14.70, 6.000, 133.25, 14.70, 0.000, 184.79, 0.01);
insert into SHOT values (1577, 1573, 1582, 73, 24.390, 68.65, -0.20, 24.390, 68.65, -0.20, 0.000, 158.02, 0.04);
insert into SHOT values (1578, 1573, 1583, 73, 10.260, 60.95, 0.60, 10.260, 60.95, 0.60, 0.000, 13.95, -0.02);
insert into SHOT values (1579, 1573, 1584, 73, 7.320, 75.95, -33.00, 7.320, 75.95, -33.00, 0.000, 186.11, 0.01);
insert into SHOT values (1580, 1573, 1585, 73, 5.130, 70.35, -50.60, 5.130, 70.35, -50.60, 0.000, 171.32, 0.00);
insert into SHOT values (1581, 1573, 1586, 73, 21.730, 65.65, -1.10, 21.730, 65.65, -1.10, 0.000, 9.56, 0.01);
insert into SHOT values (1582, 1586, 1587, 73, 4.510, 350.35, 10.30, 4.510, 350.35, 10.30, 0.000, 7.53, -0.03);
insert into SHOT values (1583, 1586, 1588, 73, 6.160, 191.15, -0.60, 6.160, 191.15, -0.60, 0.000, 26.36, -0.07);
insert into SHOT values (1584, 1586, 1589, 73, 15.020, 293.05, 85.90, 15.020, 293.05, 85.90, 0.000, 186.86, -0.01);
insert into SHOT values (1585, 1586, 1590, 73, 2.940, 207.65, -65.00, 2.940, 207.65, -65.00, 0.000, 323.63, 0.00);
insert into SHOT values (1586, 1586, 1591, 73, 4.250, 278.75, -3.70, 4.250, 278.75, -3.70, 0.000, 354.08, -0.00);
insert into SHOT values (1587, 1586, 1592, 73, 5.460, 254.95, -0.50, 5.460, 254.95, -0.50, 0.000, 3.05, 0.02);
insert into SHOT values (1588, 1586, 1593, 73, 10.580, 216.25, -3.80, 10.580, 216.25, -3.80, 0.000, 182.41, 0.00);
insert into SHOT values (1589, 1586, 1594, 73, 7.480, 8.65, 23.00, 7.480, 8.65, 23.00, 0.000, 357.74, -0.01);
insert into SHOT values (1590, 1586, 1595, 73, 9.820, 48.45, -5.20, 9.820, 48.45, -5.20, 0.000, 0.18, 0.01);
insert into SHOT values (1591, 1586, 1596, 73, 7.420, 27.35, -13.20, 7.420, 27.35, -13.20, 0.000, 171.97, 0.01);
insert into SHOT values (1592, 1586, 1597, 73, 6.010, 55.35, -24.80, 6.010, 55.35, -24.80, 0.000, 162.92, 0.01);
insert into SHOT values (1593, 1586, 1598, 73, 19.000, 147.95, 46.40, 19.000, 147.95, 46.40, 0.000, 183.05, -0.01);
insert into SHOT values (1594, 1586, 1599, 73, 16.560, 171.35, 65.20, 16.560, 171.35, 65.20, 0.000, 167.97, 0.05);
insert into SHOT values (1595, 1586, 1600, 73, 9.860, 47.35, 0.50, 9.860, 47.35, 0.50, 0.000, 173.18, -0.00);
insert into SHOT values (1596, 1600, 1601, 73, 3.510, 356.45, 87.30, 3.510, 356.45, 87.30, 0.000, 3.17, -0.01);
insert into SHOT values (1597, 1600, 1602, 73, 3.600, 171.25, 13.60, 3.600, 171.25, 13.60, 0.000, 180.27, -0.00);
insert into SHOT values (1598, 1600, 1603, 73, 2.580, 130.95, -77.00, 2.580, 130.95, -77.00, 0.000, 6.45, 0.01);
insert into SHOT values (1599, 1600, 1604, 73, 0.680, 335.15, 21.80, 0.680, 335.15, 21.80, 0.000, 171.88, -0.00);
insert into SHOT values (1600, 1600, 1605, 73, 5.970, 12.75, 54.70, 5.970, 12.75, 54.70, 0.000, 348.53, -0.01);
insert into SHOT values (1601, 1600, 1606, 73, 7.880, 273.45, 41.80, 7.880, 273.45, 41.80, 0.000, 8.33, 0.00);
insert into SHOT values (1602, 1600, 1607, 73, 10.210, 158.35, 13.30, 10.210, 158.35, 13.30, 0.000, 1.22, 0.04);
insert into SHOT values (1603, 1600, 1608, 73, 6.570, 67.55, 5.60, 6.570, 67.55, 5.60, 0.000, 7.61, -0.01);
insert into SHOT values (1604, 1600, 1609, 73, 12.190, 151.45, 10.80, 12.190, 151.45, 10.80, 0.000, 9.48, -0.03);
insert into SHOT values (1605, 1609, 1610, 73, 2.090, 79.05, 13.00, 2.090, 79.05, 13.00, 0.000, 357.92, 0.01);
insert into SHOT values (1606, 1609, 1611, 73, 0.540, 293.55, 79.20, 0.540, 293.55, 79.20, 0.000, 355.71, -0.02);
insert into SHOT values (1607, 1609, 1612, 73, 0.220, 239.55, 19.90, 0.220, 239.55, 19.90, 0.000, 357.79, -0.08);
insert into SHOT values (1608, 1609, 1613, 73, 0.390, 143.95, -54.40, 0.390, 143.95, -54.40, 0.000, 354.69, -0.01);
insert into SHOT values (1609, 1609, 1614, 73, 10.000, 163.95, 15.40, 10.000, 163.95, 15.40, 0.000, 197.76, 0.01);
insert into SHOT values (1610, 1609, 1615, 73, 6.800, 172.35, 27.90, 6.800, 172.35, 27.90, 0.000, 170.79, 0.01);
insert into SHOT values (1611, 1609, 1616, 73, 4.300, 99.65, -18.20, 4.300, 99.65, -18.20, 0.000, 353.54, 0.02);
insert into SHOT values (1612, 1609, 1617, 73, 2.900, 56.55, -19.40, 2.900, 56.55, -19.40, 0.000, 144.25, -0.01);
insert into SHOT values (1613, 1609, 1618, 73, 0.590, 28.15, -8.80, 0.590, 28.15, -8.80, 0.000, 179.27, 0.01);
insert into SHOT values (1614, 1609, 1619, 73, 3.120, 61.55, -35.00, 3.120, 61.55, -35.00, 0.000, 180.86, -0.00);
insert into SHOT values (1615, 1609, 1620, 73, 7.850, 136.45, -27.30, 7.850, 136.45, -27.30, 0.000, 35.61, 0.06);
insert into SHOT values (1616, 1620, 1621, 73, 2.860, 58.95, 5.80, 2.860, 58.95, 5.80, 0.000, 9.13, 0.02);
insert into SHOT values (1617, 1620, 1622, 73, 1.550, 233.95, 7.10, 1.550, 233.95, 7.10, 0.000, 174.44, -0.00);
insert into SHOT values (1618, 1620, 1623, 73, 0.850, 167.15, 78.00, 0.850, 167.15, 78.00, 0.000, 172.19, -0.01);
insert into SHOT values (1619, 1620, 1624, 73, 1.010, 82.15, -54.50, 1.010, 82.15, -54.50, 0.000, 176.81, 0.00);
insert into SHOT values (1620, 1620, 1625, 73, 8.140, 103.45, 2.20, 8.140, 103.45, 2.20, 0.000, 208.58, -0.00);
insert into SHOT values (1621, 1620, 1626, 73, 2.590, 16.25, 0.50, 2.590, 16.25, 0.50, 0.000, 300.59, 0.08);
insert into SHOT values (1622, 1620, 1627, 73, 3.340, 289.95, 21.20, 3.340, 289.95, 21.20, 0.000, 356.29, 0.00);
insert into SHOT values (1623, 1620, 1628, 73, 0.940, 222.25, 42.20, 0.940, 222.25, 42.20, 0.000, 151.31, -0.02);
insert into SHOT values (1624, 1620, 1629, 73, 12.990, 110.55, 2.70, 12.990, 110.55, 2.70, 0.000, 8.29, 0.02);
insert into SHOT values (1625, 1629, 1630, 73, 2.420, 10.15, -3.40, 2.420, 10.15, -3.40, 0.000, 182.45, -0.01);
insert into SHOT values (1626, 1629, 1631, 73, 1.130, 91.15, -74.40, 1.130, 91.15, -74.40, 0.000, 196.89, 0.03);
insert into SHOT values (1627, 1629, 1632, 73, 3.450, 30.65, 51.00, 3.450, 30.65, 51.00, 0.000, 183.32, -0.01);
insert into SHOT values (1628, 1629, 1633, 73, 3.840, 82.45, 14.20, 3.840, 82.45, 14.20, 0.000, 171.65, -0.01);
insert into SHOT values (1629, 1629, 1634, 73, 11.040, 71.95, 12.70, 11.040, 71.95, 12.70, 0.000, 287.65, -0.08);
insert into SHOT values (1630, 1629, 1635, 73, 8.780, 91.45, 21.60, 8.780, 91.45, 21.60, 0.000, 7.00, -0.01);
insert into SHOT values (1631, 1635, 1636, 73, 3.680, 22.85, 8.70, 3.680, 22.85, 8.70, 0.000, 7.92, -0.01);
insert into SHOT values (1632, 1635, 1637, 73, 6.460, 198.55, 23.80, 6.460, 198.55, 23.80, 0.000, 19.42, -0.01);
insert into SHOT values (1633, 1635, 1638, 73, 3.830, 80.45, 85.50, 3.830, 80.45, 85.50, 0.000, 356.76, -0.02);
insert into SHOT values (1634, 1635, 1639, 73, 0.800, 83.05, -72.90, 0.800, 83.05, -72.90, 0.000, 176.16, 0.01);
insert into SHOT values (1635, 1635, 1640, 73, 8.620, 282.55, -7.20, 8.620, 282.55, -7.20, 0.000, 5.12, -0.01);
insert into SHOT values (1636, 1635, 1641, 73, 5.320, 308.15, -16.70, 5.320, 308.15, -16.70, 0.000, 21.43, -0.04);
insert into SHOT values (1637, 1635, 1642, 73, 4.690, 257.25, -12.80, 4.690, 257.25, -12.80, 0.000, 193.72, -0.07);
insert into SHOT values (1638, 1635, 1643, 73, 2.830, 215.95, 4.20, 2.830, 215.95, 4.20, 0.000, 97.29, 0.12);
insert into SHOT values (1639, 1635, 1644, 73, 17.210, 77.65, 3.80, 17.210, 77.65, 3.80, 0.000, 178.46, 0.01);
insert into SHOT values (1640, 1635, 1645, 73, 8.920, 86.65, -19.00, 8.920, 86.65, -19.00, 0.000, 14.73, -0.02);
insert into SHOT values (1641, 1635, 1646, 73, 7.990, 36.35, -26.10, 7.990, 36.35, -26.10, 0.000, 5.50, -0.02);
insert into SHOT values (1642, 1635, 1647, 73, 7.030, 1.25, -38.50, 7.030, 1.25, -38.50, 0.000, 0.30, 0.01);
insert into SHOT values (1643, 1635, 1648, 73, 37.840, 128.95, 28.00, 37.840, 128.95, 28.00, 0.000, 172.58, 0.01);
insert into SHOT values (1644, 1648, 1649, 73, 0.530, 189.25, 19.70, 0.530, 189.25, 19.70, 0.000, 171.94, -0.05);
insert into SHOT values (1645, 1648, 1650, 73, 4.980, 16.15, 7.30, 4.980, 16.15, 7.30, 0.000, 359.68, 0.00);
insert into SHOT values (1646, 1648, 1651, 73, 4.470, 108.05, 83.70, 4.470, 108.05, 83.70, 0.000, 7.92, -0.01);
insert into SHOT values (1647, 1648, 1652, 73, 0.620, 26.15, -43.00, 0.620, 26.15, -43.00, 0.000, 315.66, -0.01);
insert into SHOT values (1648, 1648, 1653, 73, 9.860, 79.35, 34.90, 9.860, 79.35, 34.90, 0.000, 10.19, -0.01);
insert into SHOT values (1649, 1648, 1654, 73, 5.520, 330.85, 39.60, 5.520, 330.85, 39.60, 0.000, 355.93, -0.12);
insert into SHOT values (1650, 1648, 1655, 73, 7.990, 323.35, 1.60, 7.990, 323.35, 1.60, 0.000, 339.25, -0.03);
insert into SHOT values (1651, 1648, 1656, 73, 11.720, 323.05, -22.50, 11.720, 323.05, -22.50, 0.000, 19.98, 0.03);
insert into SHOT values (1652, 1648, 1657, 73, 0.340, 255.55, 13.60, 0.340, 255.55, 13.60, 0.000, 190.04, -0.02);
insert into SHOT values (1653, 1648, 1658, 73, 14.280, 279.65, 4.90, 14.280, 279.65, 4.90, 0.000, 172.83, 0.01);
insert into SHOT values (1654, 1648, 1659, 73, 6.720, 144.45, 41.20, 6.720, 144.45, 41.20, 0.000, 172.64, -0.01);
insert into SHOT values (1655, 1648, 1660, 73, 6.590, 92.15, 24.20, 6.590, 92.15, 24.20, 0.000, 118.93, -0.18);
insert into SHOT values (1656, 1660, 1661, 73, 3.320, 14.25, -0.50, 3.320, 14.25, -0.50, 0.000, 139.40, -0.03);
insert into SHOT values (1657, 1660, 1662, 73, 5.420, 200.85, 8.60, 5.420, 200.85, 8.60, 0.000, 10.78, 0.01);
insert into SHOT values (1658, 1660, 1663, 73, 2.960, 298.65, 84.90, 2.960, 298.65, 84.90, 0.000, 6.27, 0.01);
insert into SHOT values (1659, 1660, 1664, 73, 0.250, 173.65, -79.30, 0.250, 173.65, -79.30, 0.000, 110.66, 0.05);
insert into SHOT values (1660, 1660, 1665, 73, 19.730, 268.85, -13.00, 19.730, 268.85, -13.00, 0.000, 182.40, 0.00);
insert into SHOT values (1661, 1660, 1666, 73, 16.190, 305.25, -19.20, 16.190, 305.25, -19.20, 0.000, 4.85, -0.00);
insert into SHOT values (1662, 1660, 1667, 73, 16.440, 289.05, -5.10, 16.440, 289.05, -5.10, 0.000, 347.13, -0.01);
insert into SHOT values (1663, 1660, 1668, 73, 10.450, 117.65, 16.30, 10.450, 117.65, 16.30, 0.000, 303.29, 0.10);
insert into SHOT values (1664, 1660, 1669, 73, 5.040, 58.15, 1.70, 5.040, 58.15, 1.70, 0.000, 22.78, -0.03);
insert into SHOT values (1665, 1660, 1670, 73, 4.280, 79.95, -5.50, 4.280, 79.95, -5.50, 0.000, 353.39, 0.00);
insert into SHOT values (1666, 1660, 1671, 73, 3.770, 98.25, 4.70, 3.770, 98.25, 4.70, 0.000, 349.67, -0.05);
insert into SHOT values (1667, 1671, 1672, 73, 2.760, 19.25, -4.70, 2.760, 19.25, -4.70, 0.000, 168.26, -0.00);
insert into SHOT values (1668, 1671, 1673, 73, 3.290, 194.75, 17.80, 3.290, 194.75, 17.80, 0.000, 349.59, -0.01);
insert into SHOT values (1669, 1671, 1674, 73, 2.550, 54.05, 83.20, 2.550, 54.05, 83.20, 0.000, 169.91, -0.01);
insert into SHOT values (1670, 1671, 1675, 73, 0.760, 85.75, -65.30, 0.760, 85.75, -65.30, 0.000, 6.94, 0.03);
insert into SHOT values (1671, 1671, 1676, 73, 3.270, 61.65, -32.00, 3.270, 61.65, -32.00, 0.000, 168.32, 0.03);
insert into SHOT values (1672, 1671, 1677, 73, 4.740, 61.75, -32.20, 4.740, 61.75, -32.20, 0.000, 355.26, -0.02);
insert into SHOT values (1673, 1671, 1678, 73, 4.740, 61.85, -32.00, 4.740, 61.85, -32.00, 0.000, 8.12, 0.00);
insert into SHOT values (1674, 1671, 1679, 73, 0.370, 20.95, 7.90, 0.370, 20.95, 7.90, 0.000, 6.57, 0.01);
insert into SHOT values (1675, 1671, 1680, 73, 2.750, 189.45, 6.20, 2.750, 189.45, 6.20, 0.000, 180.94, 0.00);
insert into SHOT values (1676, 1671, 1681, 73, 3.710, 172.85, 77.20, 3.710, 172.85, 77.20, 0.000, 350.25, -0.00);
insert into SHOT values (1677, 1671, 1682, 73, 1.820, 127.05, -65.00, 1.820, 127.05, -65.00, 0.000, 185.67, -0.01);
insert into SHOT values (1678, 1671, 1683, 73, 10.400, 95.05, -28.00, 10.400, 95.05, -28.00, 0.000, 358.21, -0.02);
insert into SHOT values (1679, 1683, 1684, 73, 0.630, 190.65, 8.60, 0.630, 190.65, 8.60, 0.000, 207.56, -0.10);
insert into SHOT values (1680, 1683, 1685, 73, 0.340, 356.65, 22.30, 0.340, 356.65, 22.30, 0.000, 7.22, -0.04);
insert into SHOT values (1681, 1683, 1686, 73, 7.980, 213.75, 74.00, 7.980, 213.75, 74.00, 0.000, 293.29, 0.01);
insert into SHOT values (1682, 1683, 1687, 73, 0.360, 6.05, -61.00, 0.360, 6.05, -61.00, 0.000, 141.47, -0.08);
insert into SHOT values (1683, 1683, 1688, 73, 2.030, 170.25, 39.40, 2.030, 170.25, 39.40, 0.000, 174.27, -0.01);
insert into SHOT values (1684, 1683, 1689, 73, 9.940, 86.75, -24.10, 9.940, 86.75, -24.10, 0.000, 292.96, -0.03);
insert into SHOT values (1685, 1689, 1690, 73, 1.670, 2.85, 0.20, 1.670, 2.85, 0.20, 0.000, 351.77, 0.01);
insert into SHOT values (1686, 1689, 1691, 73, 0.340, 188.05, 11.10, 0.340, 188.05, 11.10, 0.000, 346.73, 0.02);
insert into SHOT values (1687, 1689, 1692, 73, 8.340, 154.45, 70.60, 8.340, 154.45, 70.60, 0.000, 332.97, 0.02);
insert into SHOT values (1688, 1689, 1693, 73, 1.710, 26.05, -32.90, 1.710, 26.05, -32.90, 0.000, 349.27, 0.01);
insert into SHOT values (1689, 1689, 1694, 73, 7.070, 92.15, 10.90, 7.070, 92.15, 10.90, 0.000, 7.71, -0.00);
insert into SHOT values (1690, 1694, 1695, 73, 14.100, 92.45, 10.90, 14.100, 92.45, 10.90, 0.000, 175.79, 0.01);
insert into SHOT values (1691, 1694, 1696, 73, 0.910, 2.65, -2.70, 0.910, 2.65, -2.70, 0.000, 351.17, -0.06);
insert into SHOT values (1692, 1694, 1697, 73, 2.490, 192.55, 29.60, 2.490, 192.55, 29.60, 0.000, 358.17, -0.01);
insert into SHOT values (1693, 1694, 1698, 73, 10.370, 165.15, 68.20, 10.370, 165.15, 68.20, 0.000, 357.11, 0.02);
insert into SHOT values (1694, 1694, 1699, 73, 2.400, 30.85, -58.00, 2.400, 30.85, -58.00, 0.000, 181.84, -0.00);
insert into SHOT values (1695, 1694, 1700, 73, 20.850, 93.95, -4.80, 20.850, 93.95, -4.80, 0.000, 181.64, -0.04);
insert into SHOT values (1696, 1694, 1701, 73, 21.200, 98.85, 4.70, 21.200, 98.85, 4.70, 0.000, 174.19, 0.01);
insert into SHOT values (1697, 1694, 1702, 73, 11.550, 93.85, -4.00, 11.550, 93.85, -4.00, 0.000, 158.46, 0.05);
insert into SHOT values (1698, 1694, 1703, 73, 11.650, 93.95, -3.90, 11.650, 93.95, -3.90, 0.000, 201.49, 0.01);
insert into SHOT values (1699, 1694, 1704, 73, 4.080, 94.05, -4.30, 4.080, 94.05, -4.30, 0.000, 6.53, 0.98);
insert into SHOT values (1700, 1694, 1705, 73, 12.540, 90.15, -4.20, 12.540, 90.15, -4.20, 0.000, 172.53, 0.01);
insert into SHOT values (1701, 1705, 1706, 73, 4.320, 206.35, 12.00, 4.320, 206.35, 12.00, 0.000, 185.61, -0.01);
insert into SHOT values (1702, 1705, 1707, 73, 1.150, 40.55, 18.40, 1.150, 40.55, 18.40, 0.000, 349.63, -0.02);
insert into SHOT values (1703, 1705, 1708, 73, 1.890, 247.65, -65.20, 1.890, 247.65, -65.20, 0.000, 359.23, -0.01);
insert into SHOT values (1704, 1705, 1709, 73, 5.560, 207.15, 77.00, 5.560, 207.15, 77.00, 0.000, 177.65, -0.00);
insert into SHOT values (1705, 1648, 1710, 73, 24.380, 278.45, -8.50, 24.380, 278.45, -8.50, 0.000, 188.82, 0.01);
insert into SHOT values (1706, 1710, 1711, 73, 8.740, 344.95, -4.10, 8.740, 344.95, -4.10, 0.000, 350.34, -0.01);
insert into SHOT values (1707, 1710, 1712, 73, 3.010, 156.65, 9.60, 3.010, 156.65, 9.60, 0.000, 184.58, -0.02);
insert into SHOT values (1708, 1710, 1713, 73, 0.840, 117.75, 84.60, 0.840, 117.75, 84.60, 0.000, 184.60, 0.01);
insert into SHOT values (1709, 1710, 1714, 73, 1.320, 134.05, -65.80, 1.320, 134.05, -65.80, 0.000, 194.84, -0.01);
insert into SHOT values (1710, 1710, 1715, 73, 19.070, 76.65, 7.00, 19.070, 76.65, 7.00, 0.000, 187.90, 0.02);
insert into SHOT values (1711, 1710, 1716, 73, 13.600, 61.75, 9.30, 13.600, 61.75, 9.30, 0.000, 11.83, -0.01);
insert into SHOT values (1712, 1710, 1717, 73, 8.180, 35.35, 9.70, 8.180, 35.35, 9.70, 0.000, 5.31, -0.02);
insert into SHOT values (1713, 1710, 1718, 73, 7.400, 20.15, 9.70, 7.400, 20.15, 9.70, 0.000, 345.86, -0.01);
insert into SHOT values (1714, 1710, 1719, 73, 0.170, 346.15, 4.50, 0.170, 346.15, 4.50, 0.000, 188.73, -0.01);
insert into SHOT values (1715, 1710, 1720, 73, 9.070, 338.65, 2.90, 9.070, 338.65, 2.90, 0.000, 185.20, -0.01);
insert into SHOT values (1716, 1710, 1721, 73, 6.280, 324.85, -15.40, 6.280, 324.85, -15.40, 0.000, 180.40, 0.02);
insert into SHOT values (1717, 1710, 1722, 73, 3.120, 292.35, 3.70, 3.120, 292.35, 3.70, 0.000, 177.87, -0.00);
insert into SHOT values (1718, 1710, 1723, 73, 6.530, 258.95, -2.90, 6.530, 258.95, -2.90, 0.000, 355.91, 0.04);
insert into SHOT values (1719, 1710, 1724, 73, 3.300, 231.85, -1.60, 3.300, 231.85, -1.60, 0.000, 358.78, 0.03);
insert into SHOT values (1720, 1710, 1725, 73, 2.330, 182.35, 3.80, 2.330, 182.35, 3.80, 0.000, 353.63, -0.02);
insert into SHOT values (1721, 1710, 1726, 73, 17.750, 117.65, 20.10, 17.750, 117.65, 20.10, 0.000, 355.45, -0.01);
insert into SHOT values (1722, 1710, 1727, 73, 17.600, 273.45, -1.30, 17.600, 273.45, -1.30, 0.000, 6.13, 0.00);
insert into SHOT values (1723, 1727, 1728, 73, 1.130, 229.15, 6.70, 1.130, 229.15, 6.70, 0.000, 166.29, 0.01);
insert into SHOT values (1724, 1727, 1729, 73, 4.710, 26.35, -0.10, 4.710, 26.35, -0.10, 0.000, 188.59, 0.00);
insert into SHOT values (1725, 1727, 1730, 73, 1.070, 307.75, 81.30, 1.070, 307.75, 81.30, 0.000, 2.93, -0.02);
insert into SHOT values (1726, 1727, 1731, 73, 4.820, 293.85, 3.20, 4.820, 293.85, 3.20, 0.000, 8.21, -0.02);
insert into SHOT values (1727, 1727, 1732, 73, 8.080, 306.15, -2.70, 8.080, 306.15, -2.70, 0.000, 200.90, -0.02);
insert into SHOT values (1728, 1727, 1733, 73, 10.900, 316.15, -3.00, 10.900, 316.15, -3.00, 0.000, 3.07, 0.02);
insert into SHOT values (1729, 1727, 1734, 73, 7.970, 339.75, -2.80, 7.970, 339.75, -2.80, 0.000, 204.68, 0.01);
insert into SHOT values (1730, 1727, 1735, 73, 6.770, 3.45, -0.90, 6.770, 3.45, -0.90, 0.000, 349.99, -0.00);
insert into SHOT values (1731, 1727, 1736, 73, 14.220, 304.45, -18.00, 14.220, 304.45, -18.00, 0.000, 343.06, 0.03);
insert into SHOT values (1732, 1736, 1737, 73, 1.510, 276.35, 28.30, 1.510, 276.35, 28.30, 0.000, 354.36, -0.02);
insert into SHOT values (1733, 1736, 1738, 73, 6.970, 73.35, 18.90, 6.970, 73.35, 18.90, 0.000, 350.92, 0.04);
insert into SHOT values (1734, 1736, 1739, 73, 2.360, 156.65, 84.20, 2.360, 156.65, 84.20, 0.000, 349.27, 0.01);
insert into SHOT values (1735, 1736, 1740, 73, 2.370, 23.65, -65.20, 2.370, 23.65, -65.20, 0.000, 356.03, 0.01);
insert into SHOT values (1736, 1736, 1741, 73, 6.730, 23.75, -3.40, 6.730, 23.75, -3.40, 0.000, 184.73, 0.00);
insert into SHOT values (1737, 1736, 1742, 73, 6.320, 49.45, 9.20, 6.320, 49.45, 9.20, 0.000, 354.83, 0.04);
insert into SHOT values (1738, 1736, 1743, 73, 6.740, 71.75, 17.60, 6.740, 71.75, 17.60, 0.000, 3.96, 0.00);
insert into SHOT values (1739, 1736, 1744, 73, 7.780, 95.75, 23.00, 7.780, 95.75, 23.00, 0.000, 7.42, 0.01);
insert into SHOT values (1740, 1736, 1745, 73, 3.960, 185.45, 5.80, 3.960, 185.45, 5.80, 0.000, 173.60, -0.01);
insert into SHOT values (1741, 1736, 1746, 73, 6.970, 192.45, -8.10, 6.970, 192.45, -8.10, 0.000, 194.98, 0.02);
insert into SHOT values (1742, 1736, 1747, 73, 4.860, 157.25, 2.90, 4.860, 157.25, 2.90, 0.000, 179.41, 0.01);
insert into SHOT values (1743, 1736, 1748, 73, 13.300, 351.05, -1.10, 13.300, 351.05, -1.10, 0.000, 181.42, 0.01);
insert into SHOT values (1744, 1710, 1749, 73, 20.790, 86.75, -3.50, 20.790, 86.75, -3.50, 0.000, 359.39, -0.01);
insert into SHOT values (1745, 1749, 1750, 73, 1.130, 247.05, -9.90, 1.130, 247.05, -9.90, 0.000, 184.04, 0.02);
insert into SHOT values (1746, 1749, 1751, 73, 8.440, 275.15, 82.90, 8.440, 275.15, 82.90, 0.000, 359.71, -0.03);
insert into SHOT values (1747, 1749, 1752, 73, 0.810, 294.65, -72.40, 0.810, 294.65, -72.40, 0.000, 179.83, -0.00);
insert into SHOT values (1748, 1749, 1753, 73, 0.140, 80.15, -9.10, 0.140, 80.15, -9.10, 0.000, 189.19, -0.01);
insert into SHOT values (1749, 1749, 1754, 73, 3.050, 209.55, -61.50, 3.050, 209.55, -61.50, 0.000, 1.70, 0.02);
insert into SHOT values (1750, 1754, 1755, 73, 0.620, 40.05, 7.10, 0.620, 40.05, 7.10, 0.000, 226.20, -0.24);
insert into SHOT values (1751, 1754, 1756, 73, 0.730, 196.35, -8.30, 0.730, 196.35, -8.30, 0.000, 148.19, 0.01);
insert into SHOT values (1752, 1754, 1757, 73, 1.410, 37.85, 81.70, 1.410, 37.85, 81.70, 0.000, 344.28, 0.02);
insert into SHOT values (1753, 1754, 1758, 73, 3.000, 141.85, -29.80, 3.000, 141.85, -29.80, 0.000, 187.00, 0.01);
insert into SHOT values (1754, 1758, 1759, 73, 0.750, 113.15, 6.60, 0.750, 113.15, 6.60, 0.000, 16.68, -0.00);
insert into SHOT values (1755, 1758, 1760, 73, 1.600, 263.85, 21.70, 1.600, 263.85, 21.70, 0.000, 339.94, -0.03);
insert into SHOT values (1756, 1758, 1761, 73, 1.670, 192.45, 83.30, 1.670, 192.45, 83.30, 0.000, 183.76, -0.01);
insert into SHOT values (1757, 1758, 1762, 73, 0.980, 184.25, -62.80, 0.980, 184.25, -62.80, 0.000, 175.45, 0.02);
insert into SHOT values (1758, 1758, 1763, 73, 2.640, 182.65, -9.10, 2.640, 182.65, -9.10, 0.000, 351.27, -0.01);
insert into SHOT values (1759, 1763, 1764, 73, 1.100, 35.95, 10.70, 1.100, 35.95, 10.70, 0.000, 352.94, 0.02);
insert into SHOT values (1760, 1763, 1765, 73, 1.720, 92.75, 83.20, 1.720, 92.75, 83.20, 0.000, 344.42, -0.03);
insert into SHOT values (1761, 1763, 1766, 73, 1.150, 65.45, -74.90, 1.150, 65.45, -74.90, 0.000, 118.71, 0.11);
insert into SHOT values (1762, 1763, 1767, 73, 4.830, 108.65, -3.60, 4.830, 108.65, -3.60, 0.000, 353.46, -0.08);
insert into SHOT values (1763, 1767, 1768, 73, 0.690, 198.35, 5.00, 0.690, 198.35, 5.00, 0.000, 175.99, 0.01);
insert into SHOT values (1764, 1767, 1769, 73, 0.170, 21.25, 23.30, 0.170, 21.25, 23.30, 0.000, 217.53, -0.01);
insert into SHOT values (1765, 1767, 1770, 73, 1.080, 86.85, 76.00, 1.080, 86.85, 76.00, 0.000, 352.57, -0.02);
insert into SHOT values (1766, 1767, 1771, 73, 3.430, 177.65, 46.10, 3.430, 177.65, 46.10, 0.000, 357.60, -0.01);
insert into SHOT values (1767, 1767, 1772, 73, 0.740, 146.75, -58.10, 0.740, 146.75, -58.10, 0.000, 354.05, -0.01);
insert into SHOT values (1768, 1767, 1773, 73, 4.480, 112.85, 9.20, 4.480, 112.85, 9.20, 0.000, 310.34, -0.04);
insert into SHOT values (1769, 1773, 1774, 73, 0.750, 1.55, 10.60, 0.750, 1.55, 10.60, 0.000, 179.62, -0.02);
insert into SHOT values (1770, 1773, 1775, 73, 0.550, 175.15, 16.60, 0.550, 175.15, 16.60, 0.000, 175.07, 0.01);
insert into SHOT values (1771, 1773, 1776, 73, 1.080, 35.35, -63.30, 1.080, 35.35, -63.30, 0.000, 174.09, -0.01);
insert into SHOT values (1772, 1773, 1777, 73, 0.890, 358.65, 73.10, 0.890, 358.65, 73.10, 0.000, 18.97, 0.01);
insert into SHOT values (1773, 1773, 1778, 73, 1.790, 75.35, 27.50, 1.790, 75.35, 27.50, 0.000, 14.06, -0.02);
insert into SHOT values (1774, 1778, 1779, 73, 1.180, 304.25, 11.20, 1.180, 304.25, 11.20, 0.000, 169.61, -0.00);
insert into SHOT values (1775, 1778, 1780, 73, 1.280, 271.25, 67.90, 1.280, 271.25, 67.90, 0.000, 172.11, -0.01);
insert into SHOT values (1776, 1778, 1781, 73, 0.800, 17.35, -80.10, 0.800, 17.35, -80.10, 0.000, 10.16, -0.01);
insert into SHOT values (1777, 1778, 1782, 73, 2.240, 21.45, -1.70, 2.240, 21.45, -1.70, 0.000, 156.61, 0.04);
insert into SHOT values (1778, 1778, 1783, 73, 2.810, 17.25, 36.50, 2.810, 17.25, 36.50, 0.000, 187.43, -0.01);
insert into SHOT values (1779, 1778, 1784, 73, 1.200, 219.05, 20.70, 1.200, 219.05, 20.70, 0.000, 172.97, 0.01);
insert into SHOT values (1780, 1778, 1785, 73, 0.690, 146.85, 49.00, 0.690, 146.85, 49.00, 0.000, 171.62, 0.00);
insert into SHOT values (1781, 1778, 1786, 73, 0.720, 141.95, 0.70, 0.720, 141.95, 0.70, 0.000, 187.95, 0.02);
insert into SHOT values (1782, 1778, 1787, 73, 0.710, 308.45, 4.90, 0.710, 308.45, 4.90, 0.000, 359.63, -0.04);
insert into SHOT values (1783, 1778, 1788, 73, 2.420, 265.25, 85.20, 2.420, 265.25, 85.20, 0.000, 177.73, 0.00);
insert into SHOT values (1784, 1778, 1789, 73, 1.090, 9.95, -82.90, 1.090, 9.95, -82.90, 0.000, 186.99, 0.00);
insert into SHOT values (1785, 1784, 1790, 73, 3.780, 217.15, -5.80, 3.780, 217.15, -5.80, 0.000, 191.34, 0.00);
insert into SHOT values (1786, 1790, 1791, 73, 3.130, 60.95, -5.80, 3.130, 60.95, -5.80, 0.000, 180.21, 0.01);
insert into SHOT values (1787, 1790, 1792, 73, 1.220, 255.45, 14.10, 1.220, 255.45, 14.10, 0.000, 348.38, -0.03);
insert into SHOT values (1788, 1790, 1793, 73, 2.570, 59.35, 82.80, 2.570, 59.35, 82.80, 0.000, 175.71, 0.00);
insert into SHOT values (1789, 1790, 1794, 73, 0.800, 341.75, -79.30, 0.800, 341.75, -79.30, 0.000, 330.80, -0.02);
insert into SHOT values (1790, 1790, 1795, 73, 0.810, 342.95, -80.50, 0.810, 342.95, -80.50, 0.000, 358.39, 0.01);
insert into SHOT values (1791, 1790, 1796, 73, 5.720, 131.45, 5.80, 5.720, 131.45, 5.80, 0.000, 330.12, -0.02);
insert into SHOT values (1792, 1796, 1797, 73, 1.550, 36.35, 15.40, 1.550, 36.35, 15.40, 0.000, 351.96, 0.02);
insert into SHOT values (1793, 1796, 1798, 73, 2.280, 158.05, 85.60, 2.280, 158.05, 85.60, 0.000, 158.69, 0.21);
insert into SHOT values (1794, 1796, 1799, 73, 1.050, 74.15, -64.20, 1.050, 74.15, -64.20, 0.000, 178.64, 0.05);
insert into SHOT values (1795, 1796, 1800, 73, 4.940, 97.55, 2.10, 4.940, 97.55, 2.10, 0.000, 193.31, -0.01);
insert into SHOT values (1796, 1800, 1801, 73, 2.580, 288.95, 4.70, 2.580, 288.95, 4.70, 0.000, 24.23, 0.00);
insert into SHOT values (1797, 1800, 1802, 73, 5.830, 302.55, 4.40, 5.830, 302.55, 4.40, 0.000, 294.67, 0.08);
insert into SHOT values (1798, 1800, 1803, 73, 3.140, 320.05, 81.80, 3.140, 320.05, 81.80, 0.000, 195.77, -0.03);
insert into SHOT values (1799, 1800, 1804, 73, 1.920, 106.75, -77.40, 1.920, 106.75, -77.40, 0.000, 355.45, 0.02);
insert into SHOT values (1800, 1800, 1805, 73, 7.150, 236.85, 3.90, 7.150, 236.85, 3.90, 0.000, 176.92, 0.00);
insert into SHOT values (1801, 1805, 1806, 73, 1.250, 158.35, -2.00, 1.250, 158.35, -2.00, 0.000, 188.69, -0.02);
insert into SHOT values (1802, 1805, 1807, 73, 1.120, 332.15, 28.60, 1.120, 332.15, 28.60, 0.000, 354.43, 0.01);
insert into SHOT values (1803, 1805, 1808, 73, 1.810, 199.25, 76.60, 1.810, 199.25, 76.60, 0.000, 0.39, -0.01);
insert into SHOT values (1804, 1805, 1809, 73, 0.900, 182.05, -75.40, 0.900, 182.05, -75.40, 0.000, 356.69, 0.01);
insert into SHOT values (1805, 1805, 1810, 73, 7.000, 239.95, 6.50, 7.000, 239.95, 6.50, 0.000, 189.02, 0.01);
insert into SHOT values (1806, 1810, 1811, 73, 1.170, 158.35, 5.20, 1.170, 158.35, 5.20, 0.000, 13.36, 0.04);
insert into SHOT values (1807, 1810, 1812, 73, 1.260, 233.65, 86.40, 1.260, 233.65, 86.40, 0.000, 246.63, -0.03);
insert into SHOT values (1808, 1810, 1813, 73, 1.030, 212.25, -76.80, 1.030, 212.25, -76.80, 0.000, 209.91, -0.04);
insert into SHOT values (1809, 1810, 1814, 73, 8.990, 224.45, -1.00, 8.990, 224.45, -1.00, 0.000, 345.18, 0.02);
insert into SHOT values (1810, 1814, 1815, 73, 1.360, 134.45, 4.90, 1.360, 134.45, 4.90, 0.000, 357.03, -0.02);
insert into SHOT values (1811, 1814, 1816, 73, 1.160, 152.75, 60.30, 1.160, 152.75, 60.30, 0.000, 234.10, -0.09);
insert into SHOT values (1812, 1814, 1817, 73, 0.250, 195.45, -69.10, 0.250, 195.45, -69.10, 0.000, 193.55, 0.02);
insert into SHOT values (1813, 1814, 1818, 73, 7.070, 228.55, 4.70, 7.070, 228.55, 4.70, 0.000, 11.06, -0.02);
insert into SHOT values (1814, 1818, 1819, 73, 1.670, 325.15, -9.40, 1.670, 325.15, -9.40, 0.000, 183.78, -0.01);
insert into SHOT values (1815, 1818, 1820, 73, 9.020, 324.15, 80.30, 9.020, 324.15, 80.30, 0.000, 170.33, -0.01);
insert into SHOT values (1816, 1818, 1821, 73, 1.480, 44.95, -70.40, 1.480, 44.95, -70.40, 0.000, 185.08, 0.02);
insert into SHOT values (1817, 1818, 1822, 73, 7.410, 211.85, -10.10, 7.410, 211.85, -10.10, 0.000, 200.65, -0.02);
insert into SHOT values (1818, 1822, 1823, 73, 0.720, 158.75, 7.40, 0.720, 158.75, 7.40, 0.000, 176.70, 0.01);
insert into SHOT values (1819, 1822, 1824, 73, 0.950, 331.15, -6.00, 0.950, 331.15, -6.00, 0.000, 245.73, 0.04);
insert into SHOT values (1820, 1822, 1825, 73, 0.940, 180.95, -82.20, 0.940, 180.95, -82.20, 0.000, 1.10, 0.00);
insert into SHOT values (1821, 1822, 1826, 73, 7.890, 336.45, 85.00, 7.890, 336.45, 85.00, 0.000, 189.18, -0.02);
insert into SHOT values (1822, 1822, 1827, 73, 7.200, 347.75, 81.40, 7.200, 347.75, 81.40, 0.000, 187.35, -0.01);
insert into SHOT values (1823, 1822, 1828, 73, 0.540, 243.35, 14.50, 0.540, 243.35, 14.50, 0.000, 6.70, -0.01);
insert into SHOT values (1824, 1822, 1829, 73, 0.500, 243.25, 14.60, 0.500, 243.25, 14.60, 0.000, 324.36, 0.04);
insert into SHOT values (1825, 1822, 1830, 73, 1.860, 243.15, 14.80, 1.860, 243.15, 14.80, 0.000, 3.90, -0.02);
insert into SHOT values (1826, 1830, 1831, 73, 1.440, 249.65, 15.20, 1.440, 249.65, 15.20, 0.000, 2.69, 0.02);
insert into SHOT values (1827, 1830, 1832, 73, 0.650, 343.55, -0.00, 0.650, 343.55, 0.00, 0.000, 174.35, 0.00);
insert into SHOT values (1828, 1830, 1833, 73, 2.150, 291.55, 67.40, 2.150, 291.55, 67.40, 0.000, 2.17, -0.00);
insert into SHOT values (1829, 1830, 1834, 73, 1.930, 230.95, -52.70, 1.930, 230.95, -52.70, 0.000, 179.27, -0.01);
insert into SHOT values (1830, 1830, 1835, 73, 2.740, 267.35, 23.00, 2.740, 267.35, 23.00, 0.000, 184.75, 0.01);
insert into SHOT values (1831, 1835, 1836, 73, 0.500, 172.45, -11.80, 0.500, 172.45, -11.80, 0.000, 2.51, -0.01);
insert into SHOT values (1832, 1835, 1837, 73, 0.290, 133.95, 70.30, 0.290, 133.95, 70.30, 0.000, 11.86, -0.01);
insert into SHOT values (1833, 1835, 1838, 73, 2.690, 230.05, -72.80, 2.690, 230.05, -72.80, 0.000, 357.63, -0.01);
insert into SHOT values (1834, 1838, 1839, 73, 0.810, 155.25, 9.50, 0.810, 155.25, 9.50, 0.000, 186.47, 0.02);
insert into SHOT values (1835, 1838, 1840, 73, 0.460, 319.65, 7.10, 0.460, 319.65, 7.10, 0.000, 181.08, -0.00);
insert into SHOT values (1836, 1838, 1841, 73, 0.670, 297.45, -67.50, 0.670, 297.45, -67.50, 0.000, 175.05, -0.00);
insert into SHOT values (1837, 1838, 1842, 73, 2.280, 8.25, 85.90, 2.280, 8.25, 85.90, 0.000, 140.58, -0.04);
insert into SHOT values (1838, 1838, 1843, 73, 2.810, 200.95, 7.10, 2.810, 200.95, 7.10, 0.000, 14.01, 0.02);
insert into SHOT values (1839, 1843, 1844, 73, 1.200, 330.25, -0.30, 1.200, 330.25, -0.30, 0.000, 355.28, 0.01);
insert into SHOT values (1840, 1843, 1845, 73, 3.110, 311.15, 71.20, 3.110, 311.15, 71.20, 0.000, 5.49, -0.00);
insert into SHOT values (1841, 1843, 1846, 73, 0.570, 262.45, -64.90, 0.570, 262.45, -64.90, 0.000, 5.28, -0.06);
insert into SHOT values (1842, 1843, 1847, 73, 5.600, 263.95, 14.00, 5.600, 263.95, 14.00, 0.000, 58.32, -0.00);
insert into SHOT values (1843, 1847, 1848, 73, 0.750, 200.35, 1.20, 0.750, 200.35, 1.20, 0.000, 171.99, 0.02);
insert into SHOT values (1844, 1847, 1849, 73, 1.890, 9.25, 3.40, 1.890, 9.25, 3.40, 0.000, 196.57, 0.02);
insert into SHOT values (1845, 1847, 1850, 73, 2.150, 25.75, -58.30, 2.150, 25.75, -58.30, 0.000, 189.91, -0.16);
insert into SHOT values (1846, 1847, 1851, 73, 2.180, 347.65, 78.60, 2.180, 347.65, 78.60, 0.000, 6.75, -0.01);
insert into SHOT values (1847, 1847, 1852, 73, 2.870, 255.35, -15.60, 2.870, 255.35, -15.60, 0.000, 2.93, -0.00);
insert into SHOT values (1848, 1852, 1853, 73, 1.520, 111.05, 8.10, 1.520, 111.05, 8.10, 0.000, 179.60, 0.02);
insert into SHOT values (1849, 1852, 1854, 73, 2.690, 99.35, 77.60, 2.690, 99.35, 77.60, 0.000, 353.59, 0.02);
insert into SHOT values (1850, 1852, 1855, 73, 28.840, 59.35, 40.80, 28.840, 59.35, 40.80, 0.000, 2.66, 0.04);
insert into SHOT values (1851, 1852, 1856, 73, 1.470, 197.35, -79.00, 1.470, 197.35, -79.00, 0.000, 175.92, 0.17);
insert into SHOT values (1852, 1852, 1857, 73, 7.440, 206.45, -2.00, 7.440, 206.45, -2.00, 0.000, 3.22, 0.01);
insert into SHOT values (1853, 1857, 1858, 73, 1.360, 317.15, 0.40, 1.360, 317.15, 0.40, 0.000, 353.16, -0.01);
insert into SHOT values (1854, 1857, 1859, 73, 4.050, 25.95, 80.20, 4.050, 25.95, 80.20, 0.000, 26.94, 0.07);
insert into SHOT values (1855, 1857, 1860, 73, 1.260, 214.85, -88.00, 1.260, 214.85, -88.00, 0.000, 3.80, -0.01);
insert into SHOT values (1856, 1857, 1861, 73, 0.560, 244.05, 3.40, 0.560, 244.05, 3.40, 0.000, 6.99, 0.03);
insert into SHOT values (1857, 1857, 1862, 73, 2.450, 243.85, 3.00, 2.450, 243.85, 3.00, 0.000, 0.41, 0.00);
insert into SHOT values (1858, 1857, 1863, 73, 2.450, 243.75, 2.90, 2.450, 243.75, 2.90, 0.000, 206.80, 0.03);
insert into SHOT values (1859, 1857, 1864, 73, 0.730, 136.95, 3.20, 0.730, 136.95, 3.20, 0.000, 180.35, -0.01);
insert into SHOT values (1860, 1857, 1865, 73, 3.090, 72.45, 82.10, 3.090, 72.45, 82.10, 0.000, 349.76, -0.01);
insert into SHOT values (1861, 1857, 1866, 73, 1.350, 139.75, -72.90, 1.350, 139.75, -72.90, 0.000, 179.78, 0.02);
insert into SHOT values (1862, 1857, 1867, 73, 0.880, 167.35, -5.00, 0.880, 167.35, -5.00, 0.000, 171.31, 0.04);
insert into SHOT values (1863, 1867, 1868, 73, 0.440, 298.35, -2.70, 0.440, 298.35, -2.70, 0.000, 355.72, 0.01);
insert into SHOT values (1864, 1867, 1869, 73, 2.790, 9.75, 77.70, 2.790, 9.75, 77.70, 0.000, 15.51, 0.08);
insert into SHOT values (1865, 1867, 1870, 73, 1.220, 264.95, -62.60, 1.220, 264.95, -62.60, 0.000, 178.13, 0.02);
insert into SHOT values (1866, 1867, 1871, 73, 3.570, 224.25, 5.00, 3.570, 224.25, 5.00, 0.000, 184.32, -0.00);
insert into SHOT values (1867, 1871, 1872, 73, 0.780, 139.55, -1.00, 0.780, 139.55, -1.00, 0.000, 156.01, -0.06);
insert into SHOT values (1868, 1871, 1873, 73, 2.490, 127.55, 79.90, 2.490, 127.55, 79.90, 0.000, 25.23, 0.02);
insert into SHOT values (1869, 1871, 1874, 73, 1.460, 199.15, -67.40, 1.460, 199.15, -67.40, 0.000, 180.46, 0.01);
insert into SHOT values (1870, 1871, 1875, 73, 3.030, 210.55, 2.40, 3.030, 210.55, 2.40, 0.000, 178.77, -0.02);
insert into SHOT values (1871, 1875, 1876, 73, 0.470, 304.05, 6.70, 0.470, 304.05, 6.70, 0.000, 163.80, -0.10);
insert into SHOT values (1872, 1875, 1877, 73, 3.930, 38.25, 82.10, 3.930, 38.25, 82.10, 0.000, 170.49, -0.01);
insert into SHOT values (1873, 1875, 1878, 73, 1.440, 213.05, -71.50, 1.440, 213.05, -71.50, 0.000, 15.22, -0.01);
insert into SHOT values (1874, 1875, 1879, 73, 4.190, 221.85, 4.80, 4.190, 221.85, 4.80, 0.000, 192.85, -0.02);
insert into SHOT values (1875, 1879, 1880, 73, 0.610, 138.45, -2.30, 0.610, 138.45, -2.30, 0.000, 11.46, -0.02);
insert into SHOT values (1876, 1879, 1881, 73, 3.250, 91.25, 83.20, 3.250, 91.25, 83.20, 0.000, 348.69, -0.02);
insert into SHOT values (1877, 1879, 1882, 73, 1.530, 243.35, -70.30, 1.530, 243.35, -70.30, 0.000, 358.14, 0.01);
insert into SHOT values (1878, 1879, 1883, 73, 6.970, 227.85, -4.40, 6.970, 227.85, -4.40, 0.000, 268.32, 0.11);
insert into SHOT values (1879, 1883, 1884, 73, 0.900, 143.65, -4.80, 0.900, 143.65, -4.80, 0.000, 173.58, -0.00);
insert into SHOT values (1880, 1883, 1885, 73, 3.170, 151.95, 76.30, 3.170, 151.95, 76.30, 0.000, 4.90, 0.01);
insert into SHOT values (1881, 1883, 1886, 73, 1.050, 197.25, -66.30, 1.050, 197.25, -66.30, 0.000, 173.56, -0.01);
insert into SHOT values (1882, 1883, 1887, 73, 2.990, 217.95, -10.80, 2.990, 217.95, -10.80, 0.000, 115.47, -0.03);
insert into SHOT values (1883, 1887, 1888, 73, 0.670, 308.15, 4.80, 0.670, 308.15, 4.80, 0.000, 5.35, -0.03);
insert into SHOT values (1884, 1887, 1889, 73, 2.540, 308.25, 79.40, 2.540, 308.25, 79.40, 0.000, 181.84, 0.01);
insert into SHOT values (1885, 1887, 1890, 73, 0.580, 299.15, -40.90, 0.580, 299.15, -40.90, 0.000, 151.02, 0.03);
insert into SHOT values (1886, 1887, 1891, 73, 5.890, 220.15, 10.20, 5.890, 220.15, 10.20, 0.000, 132.18, -0.06);
insert into SHOT values (1887, 1891, 1892, 73, 0.380, 132.35, -7.60, 0.380, 132.35, -7.60, 0.000, 1.58, -0.01);
insert into SHOT values (1888, 1891, 1893, 73, 4.890, 66.55, 87.70, 4.890, 66.55, 87.70, 0.000, 2.69, 0.01);
insert into SHOT values (1889, 1891, 1894, 73, 1.390, 201.25, -75.90, 1.390, 201.25, -75.90, 0.000, 29.13, 0.03);
insert into SHOT values (1890, 1891, 1895, 73, 5.230, 203.95, -4.70, 5.230, 203.95, -4.70, 0.000, 173.66, 0.01);
insert into SHOT values (1891, 1895, 1896, 73, 0.740, 302.65, -3.30, 0.740, 302.65, -3.30, 0.000, 180.59, -0.01);
insert into SHOT values (1892, 1895, 1897, 73, 2.920, 246.65, 76.00, 2.920, 246.65, 76.00, 0.000, 185.36, 0.01);
insert into SHOT values (1893, 1895, 1898, 73, 0.340, 114.55, 23.50, 0.340, 114.55, 23.50, 0.000, 184.19, 0.02);
insert into SHOT values (1894, 1895, 1899, 73, 0.860, 277.95, -70.20, 0.860, 277.95, -70.20, 0.000, 125.98, 0.01);
insert into SHOT values (1895, 1895, 1900, 73, 5.330, 228.65, 2.60, 5.330, 228.65, 2.60, 0.000, 5.08, -0.09);
insert into SHOT values (1896, 1900, 1901, 73, 0.720, 147.85, -3.20, 0.720, 147.85, -3.20, 0.000, 358.53, 0.02);
insert into SHOT values (1897, 1900, 1902, 73, 6.270, 27.35, 87.90, 6.270, 27.35, 87.90, 0.000, 326.17, 0.12);
insert into SHOT values (1898, 1900, 1903, 73, 0.980, 127.65, -80.10, 0.980, 127.65, -80.10, 0.000, 342.28, -0.00);
insert into SHOT values (1899, 1900, 1904, 73, 3.060, 234.05, 3.50, 3.060, 234.05, 3.50, 0.000, 166.90, -0.03);
insert into SHOT values (1900, 1904, 1905, 73, 0.480, 333.55, -3.30, 0.480, 333.55, -3.30, 0.000, 348.45, -0.05);
insert into SHOT values (1901, 1904, 1906, 73, 1.570, 26.35, 78.90, 1.570, 26.35, 78.90, 0.000, 268.90, 0.23);
insert into SHOT values (1902, 1904, 1907, 73, 1.200, 281.95, -70.50, 1.200, 281.95, -70.50, 0.000, 176.65, -0.01);
insert into SHOT values (1903, 1904, 1908, 73, 3.810, 282.15, 2.70, 3.810, 282.15, 2.70, 0.000, 350.46, -0.01);
insert into SHOT values (1904, 1908, 1909, 73, 0.720, 3.55, -7.80, 0.720, 3.55, -7.80, 0.000, 282.45, -0.01);
insert into SHOT values (1905, 1908, 1910, 73, 4.200, 87.35, 80.50, 4.200, 87.35, 80.50, 0.000, 180.07, -0.01);
insert into SHOT values (1906, 1908, 1911, 73, 1.150, 211.05, -76.50, 1.150, 211.05, -76.50, 0.000, 188.30, -0.02);
insert into SHOT values (1907, 1908, 1912, 73, 4.450, 272.05, -2.50, 4.450, 272.05, -2.50, 0.000, 196.56, -0.02);
insert into SHOT values (1908, 1912, 1913, 73, 1.020, 322.75, -3.50, 1.020, 322.75, -3.50, 0.000, 346.15, 0.03);
insert into SHOT values (1909, 1912, 1914, 73, 6.390, 349.25, 87.60, 6.390, 349.25, 87.60, 0.000, 354.52, -0.01);
insert into SHOT values (1910, 1912, 1915, 73, 0.990, 94.75, -78.80, 0.990, 94.75, -78.80, 0.000, 7.93, -0.01);
insert into SHOT values (1911, 1912, 1916, 73, 12.940, 165.05, 83.60, 12.940, 165.05, 83.60, 0.000, 224.95, 0.04);
insert into SHOT values (1912, 1912, 1917, 73, 3.160, 102.25, 36.90, 3.160, 102.25, 36.90, 0.000, 357.16, 0.00);
insert into SHOT values (1913, 1912, 1918, 73, 3.900, 208.35, 0.60, 3.900, 208.35, 0.60, 0.000, 351.98, -0.02);
insert into SHOT values (1914, 1918, 1919, 73, 0.490, 319.65, 12.90, 0.490, 319.65, 12.90, 0.000, 355.15, 0.03);
insert into SHOT values (1915, 1918, 1920, 73, 1.230, 123.65, 13.00, 1.230, 123.65, 13.00, 0.000, 359.78, -0.01);
insert into SHOT values (1916, 1918, 1921, 73, 2.640, 223.65, 79.50, 2.640, 223.65, 79.50, 0.000, 0.82, -0.00);
insert into SHOT values (1917, 1918, 1922, 73, 0.880, 150.15, 5.90, 0.880, 150.15, 5.90, 0.000, 19.19, 0.06);
insert into SHOT values (1918, 1918, 1923, 73, 1.160, 3.35, -87.20, 1.160, 3.35, -87.20, 0.000, 4.52, 0.02);
insert into SHOT values (1919, 1918, 1924, 73, 2.350, 236.65, 15.60, 2.350, 236.65, 15.60, 0.000, 352.05, 0.01);
insert into SHOT values (1920, 1924, 1925, 73, 0.520, 138.25, 2.80, 0.520, 138.25, 2.80, 0.000, 160.61, -0.04);
insert into SHOT values (1921, 1924, 1926, 73, 2.340, 190.85, -60.30, 2.340, 190.85, -60.30, 0.000, 171.39, 0.00);
insert into SHOT values (1922, 1924, 1927, 73, 0.700, 226.25, 81.10, 0.700, 226.25, 81.10, 0.000, 190.35, -0.02);
insert into SHOT values (1923, 1924, 1928, 73, 2.520, 201.65, 81.10, 2.520, 201.65, 81.10, 0.000, 2.34, 0.01);
insert into SHOT values (1924, 1924, 1929, 73, 11.820, 212.35, -0.00, 11.820, 212.35, 0.00, 0.000, 7.58, 0.00);
insert into SHOT values (1925, 1929, 1930, 73, 0.680, 127.85, 9.10, 0.680, 127.85, 9.10, 0.000, 356.51, -0.01);
insert into SHOT values (1926, 1929, 1931, 73, 6.520, 209.15, 81.20, 6.520, 209.15, 81.20, 0.000, 357.47, -0.02);
insert into SHOT values (1927, 1929, 1932, 73, 2.530, 222.95, -81.40, 2.530, 222.95, -81.40, 0.000, 182.82, -0.01);
insert into SHOT values (1928, 1929, 1933, 73, 4.930, 208.15, -1.50, 4.930, 208.15, -1.50, 0.000, 211.93, -0.63);
insert into SHOT values (1929, 1933, 1934, 73, 0.710, 319.25, 5.90, 0.710, 319.25, 5.90, 0.000, 179.47, -0.01);
insert into SHOT values (1930, 1933, 1935, 73, 0.570, 303.75, 57.00, 0.570, 303.75, 57.00, 0.000, 24.72, -0.09);
insert into SHOT values (1931, 1933, 1936, 73, 1.970, 282.25, -79.80, 1.970, 282.25, -79.80, 0.000, 263.40, -0.11);
insert into SHOT values (1932, 1933, 1937, 73, 3.840, 265.05, 4.70, 3.840, 265.05, 4.70, 0.000, 2.18, 0.02);
insert into SHOT values (1933, 1937, 1938, 73, 0.480, 170.45, 4.60, 0.480, 170.45, 4.60, 0.000, 189.18, 0.02);
insert into SHOT values (1934, 1937, 1939, 73, 2.630, 182.15, 79.00, 2.630, 182.15, 79.00, 0.000, 4.44, 0.01);
insert into SHOT values (1935, 1937, 1940, 73, 2.300, 198.15, -74.40, 2.300, 198.15, -74.40, 0.000, 169.82, -0.00);
insert into SHOT values (1936, 1937, 1941, 73, 2.760, 206.45, 0.40, 2.760, 206.45, 0.40, 0.000, 7.66, 0.02);
insert into SHOT values (1937, 1941, 1942, 73, 0.670, 293.75, -6.80, 0.670, 293.75, -6.80, 0.000, 218.13, -0.08);
insert into SHOT values (1938, 1941, 1943, 73, 2.620, 282.15, 58.50, 2.620, 282.15, 58.50, 0.000, 347.64, -0.02);
insert into SHOT values (1939, 1941, 1944, 73, 2.270, 285.35, -77.70, 2.270, 285.35, -77.70, 0.000, 95.50, -0.11);
insert into SHOT values (1940, 1941, 1945, 73, 0.400, 233.95, -86.30, 0.400, 233.95, -86.30, 0.000, 355.05, 0.03);
insert into SHOT values (1941, 1941, 1946, 73, 3.240, 256.75, 31.30, 3.240, 256.75, 31.30, 0.000, 346.14, -0.05);
insert into SHOT values (1942, 1946, 1947, 73, 0.530, 152.95, 12.60, 0.530, 152.95, 12.60, 0.000, 357.58, 0.01);
insert into SHOT values (1943, 1946, 1948, 73, 2.990, 220.15, 76.50, 2.990, 220.15, 76.50, 0.000, 25.96, -0.04);
insert into SHOT values (1944, 1946, 1949, 73, 2.710, 153.95, -64.60, 2.710, 153.95, -64.60, 0.000, 346.17, -0.07);
insert into SHOT values (1945, 1946, 1950, 73, 4.820, 226.35, -18.30, 4.820, 226.35, -18.30, 0.000, 3.06, -0.07);
insert into SHOT values (1946, 1950, 1951, 73, 0.610, 160.85, 18.50, 0.610, 160.85, 18.50, 0.000, 348.97, -0.02);
insert into SHOT values (1947, 1950, 1952, 73, 1.120, 200.65, 78.90, 1.120, 200.65, 78.90, 0.000, 182.65, -0.01);
insert into SHOT values (1948, 1950, 1953, 73, 2.000, 237.65, -53.70, 2.000, 237.65, -53.70, 0.000, 352.55, 0.01);
insert into SHOT values (1949, 1950, 1954, 73, 2.810, 247.15, 0.70, 2.810, 247.15, 0.70, 0.000, 196.50, 0.01);
insert into SHOT values (1950, 1950, 1955, 73, 8.370, 247.05, 1.00, 8.370, 247.05, 1.00, 0.000, 179.74, -0.02);
insert into SHOT values (1951, 1950, 1956, 73, 2.740, 247.15, 0.70, 2.740, 247.15, 0.70, 0.000, 355.85, 0.00);
insert into SHOT values (1952, 1950, 1957, 73, 8.330, 246.85, 1.50, 8.330, 246.85, 1.50, 0.000, 343.98, 0.09);
insert into SHOT values (1953, 1957, 1958, 73, 0.560, 153.75, 4.20, 0.560, 153.75, 4.20, 0.000, 8.74, 0.02);
insert into SHOT values (1954, 1957, 1959, 73, 5.180, 161.45, 85.60, 5.180, 161.45, 85.60, 0.000, 181.56, 0.03);
insert into SHOT values (1955, 1957, 1960, 73, 1.300, 242.05, -83.40, 1.300, 242.05, -83.40, 0.000, 173.53, -0.00);
insert into SHOT values (1956, 1957, 1961, 73, 5.200, 233.55, -8.40, 5.200, 233.55, -8.40, 0.000, 180.33, 0.01);
insert into SHOT values (1957, 1961, 1962, 73, 0.630, 316.55, 7.60, 0.630, 316.55, 7.60, 0.000, 181.57, -0.01);
insert into SHOT values (1958, 1961, 1963, 73, 5.720, 247.55, 78.50, 5.720, 247.55, 78.50, 0.000, 27.39, 0.01);
insert into SHOT values (1959, 1961, 1964, 73, 2.780, 248.45, -77.60, 2.780, 248.45, -77.60, 0.000, 356.29, 0.01);
insert into SHOT values (1960, 1961, 1965, 73, 3.450, 233.05, 7.90, 3.450, 233.05, 7.90, 0.000, 358.92, 0.01);
insert into SHOT values (1961, 1965, 1966, 73, 1.190, 76.25, -6.70, 1.190, 76.25, -6.70, 0.000, 58.79, -0.06);
insert into SHOT values (1962, 1965, 1967, 73, 3.740, 112.85, 68.10, 3.740, 112.85, 68.10, 0.000, 10.47, -0.02);
insert into SHOT values (1963, 1965, 1968, 73, 3.380, 44.95, -71.00, 3.380, 44.95, -71.00, 0.000, 353.45, 0.03);
insert into SHOT values (1964, 1965, 1969, 73, 1.590, 133.25, -3.10, 1.590, 133.25, -3.10, 0.000, 218.54, 0.00);
insert into SHOT values (1965, 1969, 1970, 73, 0.540, 255.45, 24.00, 0.540, 255.45, 24.00, 0.000, 2.05, 0.02);
insert into SHOT values (1966, 1969, 1971, 73, 1.420, 168.85, 86.30, 1.420, 168.85, 86.30, 0.000, 219.15, 0.04);
insert into SHOT values (1967, 1969, 1972, 73, 2.880, 352.95, -80.80, 2.880, 352.95, -80.80, 0.000, 266.91, -0.04);
insert into SHOT values (1968, 1969, 1973, 73, 11.930, 228.75, 7.30, 11.930, 228.75, 7.30, 0.000, 352.68, 0.03);
insert into SCRAPS values (75, 53, 'SP-GL102_Entree_01A', 1, 3.67922, 0.09374);
 insert into SCRAPS values (123, 53, 'SP-GL102_Entree_01B', 1, 25.55613, 0.11235);
 insert into SCRAPS values (169, 53, 'SP-GL102_Entree_02B', 1, 33.27635, 1.30570);
 insert into SCRAPS values (236, 53, 'SP-GL102_Entree_02C', 1, 0.09165, 0.00734);
 insert into SCRAPS values (293, 53, 'SP-GL102_Aval_01A', 1, 0.16495, 0.00766);
 insert into SCRAPS values (346, 53, 'SP-GL102_Aval_01B', 1, 0.35803, 0.00880);
 insert into SCRAPS values (408, 53, 'SP-GL102_Aval_01C', 1, 0.16735, 0.00603);
 insert into SCRAPS values (469, 53, 'SP-GL102_Aval_01D', 1, 48.06114, 0.98897);
 insert into SCRAPS values (495, 53, 'SP-GL102_Entree_02A', 1, 32.13173, 0.85736);
 insert into SCRAPS values (530, 53, 'SP-GL102_Entree_02D', 1, 29.50150, 5.40396);
 insert into SCRAPS values (538, 53, 'SP-GL102_Aval_01E', 1, 0.21319, 0.04009);
 insert into SCRAPS values (558, 53, 'SP-GL102_Riviere_01A', 1, 43.83075, 1.61321);
 insert into SCRAPS values (600, 53, 'SP-GL102_Riviere_01B', 1, 0.62582, 0.02880);
 insert into SCRAPS values (625, 53, 'SP-GL102_Amont_01A', 1, 33.22763, 0.24400);
 insert into SCRAPS values (703, 53, 'SP-GL102_Amont_01B', 1, 6.62731, 0.24251);
 insert into SCRAPS values (722, 53, 'SP-GL102_Amont_01C', 1, 9.50390, 0.06392);
 insert into SCRAPS values (765, 53, 'SC-GL102_Entree_01A', 2, 0.16801, 0.01024);
 insert into SCRAPS values (828, 53, 'SC-GL102_Entree_01B', 2, 0.17406, 0.01066);
 insert into SCRAPS values (878, 53, 'SC-GL102_Entree_02A', 2, 0.07652, 0.01295);
 insert into SCRAPS values (906, 53, 'SC-GL102_Entree_02B', 2, 77.93283, 0.28380);
 insert into SCRAPS values (960, 53, 'SC-GL102_Entree_02C', 2, 0.04260, 0.00303);
 insert into SCRAPS values (1009, 53, 'SC-GL102_Aval_01A', 2, 0.08731, 0.00310);
 insert into SCRAPS values (1068, 53, 'scrap339', 1, 0.00000, 0.00000);
 insert into SCRAPS values (1071, 53, 'SC-GL102_Aval_01B', 2, 0.12804, 0.00488);
 insert into SCRAPS values (1122, 53, 'SC-GL102_Aval_01C', 2, 0.08832, 0.00250);
 insert into SCRAPS values (1190, 53, 'SC-GL102_Aval_01D', 2, 40.39380, 0.67272);
 insert into SCRAPS values (1220, 53, 'SC-GL102_Riviere_01A', 2, 49.60339, 13.03429);
 insert into SCRAPS values (1259, 53, 'SC-GL102_Riviere_01B', 2, 24.91817, 2.38022);
 insert into SCRAPS values (1288, 53, 'SC-GL102_Amont_01A', 2, 13.34689, 0.05506);
 insert into SCRAPS values (1338, 53, 'scrap51', 1, 0.00000, 0.00000);
 insert into SCRAPS values (1343, 53, 'SC-GL4_01A', 2, 1.23635, 0.02604);
 insert into SCRAPS values (1365, 53, 'SC-GL4_01B', 2, 8.23786, 0.08074);
 insert into MAPS values (1410, 53, 'MP-GL102_Gouffre_du_Lonne_Peyret', 'GL102 - Gouffre du Lonne Peyret', 1, 2455.450, -468.782);
 insert into MAPITEMS values (1410, 4, 75);
 insert into MAPITEMS values (1410, 4, 123);
 insert into MAPITEMS values (1410, 4, 169);
 insert into MAPITEMS values (1410, 4, 236);
 insert into MAPITEMS values (1410, 4, 530);
 insert into MAPITEMS values (1410, 4, 293);
 insert into MAPITEMS values (1410, 4, 346);
 insert into MAPITEMS values (1410, 4, 408);
 insert into MAPITEMS values (1410, 4, 469);
 insert into MAPITEMS values (1410, 4, 495);
 insert into MAPITEMS values (1410, 4, 538);
 insert into MAPITEMS values (1410, 4, 558);
 insert into MAPITEMS values (1410, 4, 600);
 insert into MAPITEMS values (1410, 4, 625);
 insert into MAPITEMS values (1410, 4, 703);
 insert into MAPITEMS values (1410, 4, 722);
 insert into MAPS values (1411, 53, 'MC-GL102_Gouffre_du_Lonne_Peyret_tot', 'GL102 - Gouffre du Lonne Peyret', 2, 2455.450, -468.782);
 insert into MAPITEMS values (1411, 4, 1413);
 insert into MAPITEMS values (1411, 4, 1412);
 insert into MAPS values (1412, 53, 'MC-GL4_meandre', 'GL4 - Meandre', 2, 485.790, -24.619);
 insert into MAPITEMS values (1412, 4, 1343);
 insert into MAPITEMS values (1412, 4, 1365);
 insert into MAPS values (1413, 53, 'MC-GL102_Gouffre_du_Lonne_Peyret', 'GL102 - Riviere', 2, 2455.450, -468.782);
 insert into MAPITEMS values (1413, 4, 765);
 insert into MAPITEMS values (1413, 4, 828);
 insert into MAPITEMS values (1413, 4, 878);
 insert into MAPITEMS values (1413, 4, 906);
 insert into MAPITEMS values (1413, 4, 960);
 insert into MAPITEMS values (1413, 4, 1009);
 insert into MAPITEMS values (1413, 4, 1071);
 insert into MAPITEMS values (1413, 4, 1122);
 insert into MAPITEMS values (1413, 4, 1190);
 insert into MAPITEMS values (1413, 4, 1220);
 insert into MAPITEMS values (1413, 4, 1259);
 insert into MAPITEMS values (1413, 4, 1288);
 insert into STATION values (1, '00', 55, 682343.00, 4760590.00, 1633.00);
insert into STATION_FLAG values(1, 'ent');
insert into STATION_FLAG values(1, 'fix');
insert into STATION values (2, '.', 55, 682343.22, 4760589.98, 1632.97);
insert into STATION values (3, '.', 55, 682343.22, 4760589.67, 1632.96);
insert into STATION values (4, '.', 55, 682343.31, 4760590.43, 1633.00);
insert into STATION values (5, '.', 55, 682342.66, 4760590.71, 1633.04);
insert into STATION values (6, '.', 55, 682342.34, 4760590.10, 1632.95);
insert into STATION values (7, '.', 55, 682343.03, 4760593.37, 1633.26);
insert into STATION values (8, '.', 55, 682343.42, 4760594.45, 1633.29);
insert into STATION values (9, '.', 55, 682343.32, 4760591.64, 1633.07);
insert into STATION values (10, '.', 55, 682343.03, 4760589.97, 1632.77);
insert into STATION values (11, '.', 55, 682343.54, 4760590.03, 1633.97);
insert into STATION values (12, '1', 55, 682343.01, 4760592.28, 1632.99);
insert into STATION values (13, '.', 55, 682342.79, 4760592.31, 1632.99);
insert into STATION values (14, '.', 55, 682343.31, 4760592.30, 1632.98);
insert into STATION values (15, '.', 55, 682343.45, 4760592.98, 1632.93);
insert into STATION values (16, '.', 55, 682343.48, 4760593.67, 1632.85);
insert into STATION values (17, '.', 55, 682343.02, 4760593.88, 1632.84);
insert into STATION values (18, '.', 55, 682342.71, 4760593.20, 1632.95);
insert into STATION values (19, '.', 55, 682343.02, 4760592.25, 1632.33);
insert into STATION values (20, '.', 55, 682343.80, 4760593.10, 1634.81);
insert into STATION values (21, '2', 55, 682342.95, 4760593.35, 1633.60);
insert into STATION values (22, '.', 55, 682343.54, 4760593.55, 1633.57);
insert into STATION values (23, '.', 55, 682343.42, 4760593.02, 1633.49);
insert into STATION values (24, '.', 55, 682343.51, 4760592.64, 1633.49);
insert into STATION values (25, '.', 55, 682342.76, 4760592.48, 1633.52);
insert into STATION values (26, '.', 55, 682342.56, 4760592.74, 1633.63);
insert into STATION values (27, '.', 55, 682343.01, 4760593.27, 1630.87);
insert into STATION values (28, '.', 55, 682343.56, 4760593.74, 1635.15);
insert into STATION values (29, '3', 55, 682342.37, 4760592.90, 1616.22);
insert into STATION values (30, '.', 55, 682342.90, 4760591.21, 1616.13);
insert into STATION values (31, '.', 55, 682342.59, 4760590.62, 1616.26);
insert into STATION values (32, '.', 55, 682342.29, 4760591.41, 1616.24);
insert into STATION values (33, '.', 55, 682342.14, 4760592.79, 1616.24);
insert into STATION values (34, '.', 55, 682342.34, 4760593.71, 1616.38);
insert into STATION values (35, '.', 55, 682342.70, 4760594.37, 1616.43);
insert into STATION values (36, '.', 55, 682342.98, 4760593.43, 1616.28);
insert into STATION values (37, '.', 55, 682342.80, 4760592.74, 1616.19);
insert into STATION values (38, '.', 55, 682342.76, 4760593.59, 1630.83);
insert into STATION values (39, '.', 55, 682342.67, 4760595.18, 1621.77);
insert into STATION values (40, '.', 55, 682342.86, 4760591.26, 1618.50);
insert into STATION values (41, '.', 55, 682342.61, 4760590.87, 1618.59);
insert into STATION values (42, '.', 55, 682342.63, 4760590.90, 1618.06);
insert into STATION values (43, '.', 55, 682342.59, 4760591.50, 1615.34);
insert into STATION values (44, '.', 55, 682342.59, 4760594.41, 1615.48);
insert into STATION values (45, '4', 55, 682342.48, 4760593.32, 1599.48);
insert into STATION values (46, '.', 55, 682342.20, 4760593.38, 1599.46);
insert into STATION values (47, '.', 55, 682342.37, 4760594.22, 1599.40);
insert into STATION values (48, '.', 55, 682342.93, 4760593.64, 1599.43);
insert into STATION values (49, '.', 55, 682343.00, 4760593.14, 1599.43);
insert into STATION values (50, '.', 55, 682343.07, 4760592.12, 1599.28);
insert into STATION values (51, '.', 55, 682342.59, 4760588.57, 1598.96);
insert into STATION values (52, '.', 55, 682341.96, 4760591.50, 1599.30);
insert into STATION values (53, '.', 55, 682342.75, 4760601.57, 1599.16);
insert into STATION values (54, '.', 55, 682342.32, 4760597.37, 1599.45);
insert into STATION values (55, '.', 55, 682343.22, 4760596.63, 1599.13);
insert into STATION values (56, '5', 55, 682343.24, 4760591.21, 1600.89);
insert into STATION values (57, '.', 55, 682342.55, 4760587.53, 1600.95);
insert into STATION values (58, '.', 55, 682342.42, 4760590.44, 1600.82);
insert into STATION values (59, '.', 55, 682342.27, 4760591.18, 1600.76);
insert into STATION values (60, '.', 55, 682342.29, 4760592.30, 1601.03);
insert into STATION values (61, '.', 55, 682342.37, 4760593.85, 1601.00);
insert into STATION values (62, '.', 55, 682342.99, 4760593.35, 1600.98);
insert into STATION values (63, '.', 55, 682343.56, 4760592.32, 1600.90);
insert into STATION values (64, '.', 55, 682343.09, 4760591.38, 1599.51);
insert into STATION values (65, '6', 55, 682342.09, 4760588.31, 1585.70);
insert into STATION values (66, '7', 55, 682342.91, 4760599.45, 1596.47);
insert into STATION values (67, '.', 55, 682343.15, 4760601.42, 1596.46);
insert into STATION values (68, '.', 55, 682342.63, 4760599.47, 1596.48);
insert into STATION values (69, '.', 55, 682343.19, 4760599.38, 1596.45);
insert into STATION values (70, '.', 55, 682343.20, 4760598.29, 1596.58);
insert into STATION values (71, '.', 55, 682342.46, 4760597.77, 1596.26);
insert into STATION values (72, '.', 55, 682342.30, 4760599.11, 1596.51);
insert into STATION values (73, '.', 55, 682343.02, 4760599.78, 1605.55);
insert into STATION values (74, '.', 55, 682342.94, 4760598.94, 1594.44);
insert into STATION values (75, '8', 55, 682343.71, 4760600.98, 1587.57);
insert into STATION values (76, '.', 55, 682344.92, 4760603.15, 1587.91);
insert into STATION values (77, '.', 55, 682345.11, 4760601.13, 1587.75);
insert into STATION values (78, '.', 55, 682344.69, 4760600.07, 1587.74);
insert into STATION values (79, '.', 55, 682343.53, 4760599.32, 1587.42);
insert into STATION values (80, '.', 55, 682342.52, 4760600.33, 1587.73);
insert into STATION values (81, '.', 55, 682343.43, 4760600.26, 1601.43);
insert into STATION values (82, '.', 55, 682344.60, 4760602.22, 1589.90);
insert into STATION values (83, '.', 55, 682342.82, 4760599.40, 1590.59);
insert into STATION values (84, '.', 55, 682344.70, 4760600.48, 1561.12);
insert into STATION values (85, '.', 55, 682343.55, 4760599.32, 1577.90);
insert into STATION values (86, '9', 55, 682343.92, 4760601.52, 1579.78);
insert into STATION values (87, '.', 55, 682344.65, 4760603.72, 1579.81);
insert into STATION values (88, '.', 55, 682345.09, 4760601.75, 1579.87);
insert into STATION values (89, '.', 55, 682344.88, 4760600.76, 1579.59);
insert into STATION values (90, '.', 55, 682343.82, 4760599.57, 1579.73);
insert into STATION values (91, '.', 55, 682343.16, 4760598.89, 1579.70);
insert into STATION values (92, '.', 55, 682342.99, 4760600.69, 1579.82);
insert into STATION values (93, '.', 55, 682343.67, 4760600.17, 1595.46);
insert into STATION values (94, '10', 55, 682343.31, 4760603.17, 1552.52);
insert into STATION values (95, '.', 55, 682343.12, 4760604.79, 1524.20);
insert into STATION values (96, '.', 55, 682343.24, 4760606.92, 1552.52);
insert into STATION values (97, '.', 55, 682343.99, 4760609.46, 1552.64);
insert into STATION values (98, '.', 55, 682344.01, 4760603.72, 1552.53);
insert into STATION values (99, '.', 55, 682343.95, 4760602.96, 1552.49);
insert into STATION values (100, '.', 55, 682344.21, 4760600.35, 1552.37);
insert into STATION values (101, '.', 55, 682343.01, 4760595.01, 1552.25);
insert into STATION values (102, '.', 55, 682342.77, 4760598.55, 1552.55);
insert into STATION values (103, '.', 55, 682343.11, 4760608.94, 1563.16);
insert into STATION values (104, '.', 55, 682343.33, 4760607.09, 1570.81);
insert into STATION values (105, '11', 55, 682343.46, 4760601.85, 1543.05);
insert into STATION values (106, '.', 55, 682343.01, 4760602.00, 1543.10);
insert into STATION values (107, '.', 55, 682343.14, 4760602.69, 1543.09);
insert into STATION values (108, '.', 55, 682344.84, 4760610.56, 1542.90);
insert into STATION values (109, '.', 55, 682344.02, 4760601.93, 1543.09);
insert into STATION values (110, '.', 55, 682343.57, 4760600.91, 1543.28);
insert into STATION values (111, '12', 55, 682343.92, 4760605.77, 1543.39);
insert into STATION values (112, '.', 55, 682344.76, 4760605.68, 1543.30);
insert into STATION values (113, '.', 55, 682345.19, 4760607.41, 1543.35);
insert into STATION values (114, '.', 55, 682344.75, 4760610.81, 1543.54);
insert into STATION values (115, '.', 55, 682342.69, 4760608.09, 1543.85);
insert into STATION values (116, '.', 55, 682343.57, 4760605.81, 1543.44);
insert into STATION values (117, '.', 55, 682343.34, 4760601.29, 1544.07);
insert into STATION values (118, '.', 55, 682343.19, 4760603.95, 1543.67);
insert into STATION values (119, '.', 55, 682344.21, 4760604.62, 1543.58);
insert into STATION values (120, '.', 55, 682344.48, 4760604.95, 1543.41);
insert into STATION values (121, '13', 55, 682344.73, 4760607.89, 1538.56);
insert into STATION values (122, '.', 55, 682343.23, 4760607.33, 1538.72);
insert into STATION values (123, '.', 55, 682344.04, 4760608.96, 1538.63);
insert into STATION values (124, '.', 55, 682345.13, 4760610.29, 1538.64);
insert into STATION values (125, '.', 55, 682345.32, 4760607.87, 1538.62);
insert into STATION values (126, '.', 55, 682345.25, 4760606.26, 1538.74);
insert into STATION values (127, '.', 55, 682344.18, 4760605.16, 1538.75);
insert into STATION values (128, '.', 55, 682343.56, 4760605.63, 1538.66);
insert into STATION values (129, '.', 55, 682343.26, 4760607.31, 1538.62);
insert into STATION values (130, '.', 55, 682343.39, 4760610.97, 1552.22);
insert into STATION values (131, '.', 55, 682343.10, 4760607.12, 1559.98);
insert into STATION values (132, '.', 55, 682344.28, 4760608.01, 1537.42);
insert into STATION values (133, '.', 55, 682345.12, 4760607.93, 1537.46);
insert into STATION values (134, '.', 55, 682344.86, 4760608.20, 1523.90);
insert into STATION values (135, '.', 55, 682344.06, 4760604.96, 1525.32);
insert into STATION values (136, '14', 55, 682344.77, 4760608.04, 1523.88);
insert into STATION values (137, '.', 55, 682345.11, 4760607.99, 1523.89);
insert into STATION values (138, '.', 55, 682345.64, 4760609.67, 1523.83);
insert into STATION values (139, '.', 55, 682344.81, 4760609.05, 1523.85);
insert into STATION values (140, '.', 55, 682344.37, 4760608.10, 1523.91);
insert into STATION values (141, '.', 55, 682344.36, 4760606.18, 1523.95);
insert into STATION values (142, '.', 55, 682344.70, 4760609.29, 1531.71);
insert into STATION values (143, '.', 55, 682344.86, 4760608.13, 1523.32);
insert into STATION values (144, '15', 55, 682345.76, 4760611.08, 1523.98);
insert into STATION values (145, '.', 55, 682345.22, 4760611.18, 1523.98);
insert into STATION values (146, '.', 55, 682346.18, 4760611.19, 1523.99);
insert into STATION values (147, '.', 55, 682346.10, 4760612.71, 1524.20);
insert into STATION values (148, '.', 55, 682346.14, 4760614.46, 1524.56);
insert into STATION values (149, '.', 55, 682345.17, 4760614.31, 1524.40);
insert into STATION values (150, '.', 55, 682345.30, 4760612.34, 1524.26);
insert into STATION values (151, '.', 55, 682344.89, 4760612.13, 1530.11);
insert into STATION values (152, '.', 55, 682345.74, 4760610.82, 1523.12);
insert into STATION values (153, '16', 55, 682345.62, 4760614.59, 1524.79);
insert into STATION values (154, '.', 55, 682345.92, 4760614.69, 1524.80);
insert into STATION values (155, '.', 55, 682346.89, 4760613.32, 1524.94);
insert into STATION values (156, '.', 55, 682345.73, 4760611.38, 1524.96);
insert into STATION values (157, '.', 55, 682344.77, 4760613.96, 1524.79);
insert into STATION values (158, '.', 55, 682344.99, 4760615.06, 1524.79);
insert into STATION values (159, '.', 55, 682345.15, 4760615.68, 1524.86);
insert into STATION values (160, '.', 55, 682345.00, 4760619.00, 1525.23);
insert into STATION values (161, '.', 55, 682345.61, 4760615.16, 1524.83);
insert into STATION values (162, '.', 55, 682345.56, 4760612.41, 1529.66);
insert into STATION values (163, '.', 55, 682345.64, 4760613.65, 1539.28);
insert into STATION values (164, '.', 55, 682346.35, 4760614.12, 1523.31);
insert into STATION values (165, '.', 55, 682345.49, 4760614.41, 1523.28);
insert into STATION values (166, '17', 55, 682345.84, 4760615.23, 1519.85);
insert into STATION values (167, '.', 55, 682346.00, 4760612.39, 1519.74);
insert into STATION values (168, '.', 55, 682346.41, 4760615.19, 1519.89);
insert into STATION values (169, '.', 55, 682346.51, 4760613.89, 1519.85);
insert into STATION values (170, '.', 55, 682345.54, 4760614.72, 1519.79);
insert into STATION values (171, '.', 55, 682343.63, 4760617.81, 1519.99);
insert into STATION values (172, '.', 55, 682345.64, 4760614.64, 1518.17);
insert into STATION values (173, '.', 55, 682345.10, 4760615.13, 1526.41);
insert into STATION values (174, '.', 55, 682345.92, 4760618.85, 1498.48);
insert into STATION values (175, '.', 55, 682345.54, 4760617.38, 1515.33);
insert into STATION values (176, '.', 55, 682345.56, 4760617.30, 1515.55);
insert into STATION values (177, '18', 55, 682345.67, 4760619.07, 1499.93);
insert into STATION values (178, '.', 55, 682345.89, 4760620.46, 1500.10);
insert into STATION values (179, '.', 55, 682347.61, 4760621.26, 1500.08);
insert into STATION values (180, '.', 55, 682347.48, 4760618.56, 1500.03);
insert into STATION values (181, '.', 55, 682347.10, 4760617.32, 1500.04);
insert into STATION values (182, '.', 55, 682345.95, 4760618.01, 1499.97);
insert into STATION values (183, '.', 55, 682343.78, 4760617.12, 1527.08);
insert into STATION values (184, '.', 55, 682345.96, 4760619.05, 1498.26);
insert into STATION values (185, '19', 55, 682347.20, 4760621.61, 1499.32);
insert into STATION values (186, '.', 55, 682346.56, 4760621.88, 1499.49);
insert into STATION values (187, '.', 55, 682346.09, 4760621.56, 1499.52);
insert into STATION values (188, '.', 55, 682346.45, 4760621.26, 1499.38);
insert into STATION values (189, '.', 55, 682346.14, 4760621.72, 1499.45);
insert into STATION values (190, '.', 55, 682345.72, 4760618.93, 1499.44);
insert into STATION values (191, '.', 55, 682347.20, 4760621.11, 1499.35);
insert into STATION values (192, '.', 55, 682346.47, 4760617.41, 1499.44);
insert into STATION values (193, '.', 55, 682348.26, 4760620.56, 1499.44);
insert into STATION values (194, '.', 55, 682342.89, 4760619.14, 1514.68);
insert into STATION values (195, '.', 55, 682342.00, 4760622.27, 1510.42);
insert into STATION values (196, '.', 55, 682347.27, 4760621.15, 1497.46);
insert into STATION values (197, '.', 55, 682346.23, 4760622.18, 1496.41);
insert into STATION values (198, '20', 55, 682346.40, 4760622.21, 1496.36);
insert into STATION values (199, '.', 55, 682343.95, 4760624.09, 1495.94);
insert into STATION values (200, '.', 55, 682343.37, 4760625.13, 1495.65);
insert into STATION values (201, '.', 55, 682346.12, 4760623.28, 1496.37);
insert into STATION values (202, '.', 55, 682347.00, 4760622.58, 1496.43);
insert into STATION values (203, '.', 55, 682347.53, 4760621.70, 1496.47);
insert into STATION values (204, '.', 55, 682347.10, 4760621.02, 1496.31);
insert into STATION values (205, '.', 55, 682344.88, 4760622.44, 1503.36);
insert into STATION values (206, '.', 55, 682346.57, 4760621.44, 1495.30);
insert into STATION values (207, '.', 55, 682347.12, 4760623.75, 1482.86);
insert into STATION values (208, '21', 55, 682345.86, 4760625.52, 1482.79);
insert into STATION values (209, '.', 55, 682343.92, 4760625.58, 1482.81);
insert into STATION values (210, '.', 55, 682344.40, 4760626.14, 1482.72);
insert into STATION values (211, '.', 55, 682343.10, 4760629.66, 1482.36);
insert into STATION values (212, '.', 55, 682345.88, 4760625.92, 1482.83);
insert into STATION values (213, '.', 55, 682345.61, 4760625.16, 1482.79);
insert into STATION values (214, '.', 55, 682346.36, 4760623.34, 1483.09);
insert into STATION values (215, '.', 55, 682347.29, 4760624.24, 1483.00);
insert into STATION values (216, '.', 55, 682348.06, 4760624.77, 1482.95);
insert into STATION values (217, '.', 55, 682347.10, 4760625.66, 1483.03);
insert into STATION values (218, '.', 55, 682343.80, 4760623.30, 1498.51);
insert into STATION values (219, '.', 55, 682346.38, 4760624.48, 1480.41);
insert into STATION values (220, '.', 55, 682347.95, 4760624.71, 1480.72);
insert into STATION values (221, '22', 55, 682345.93, 4760627.98, 1461.84);
insert into STATION values (222, '.', 55, 682345.61, 4760626.05, 1461.98);
insert into STATION values (223, '.', 55, 682347.35, 4760627.49, 1462.25);
insert into STATION values (224, '.', 55, 682346.82, 4760629.61, 1462.32);
insert into STATION values (225, '.', 55, 682346.98, 4760628.04, 1462.23);
insert into STATION values (226, '.', 55, 682344.64, 4760630.89, 1462.17);
insert into STATION values (227, '.', 55, 682342.75, 4760632.60, 1462.18);
insert into STATION values (228, '.', 55, 682342.46, 4760630.49, 1462.04);
insert into STATION values (229, 'PTR_01_23', 55, 682343.96, 4760628.41, 1463.20);
insert into STATION values (230, '.', 55, 682343.92, 4760634.21, 1463.35);
insert into STATION values (231, '.', 55, 682345.44, 4760631.26, 1463.19);
insert into STATION values (232, '.', 55, 682347.09, 4760629.04, 1463.37);
insert into STATION values (233, '.', 55, 682347.67, 4760626.31, 1463.60);
insert into STATION values (234, '.', 55, 682345.92, 4760625.99, 1463.20);
insert into STATION values (235, '.', 55, 682346.48, 4760627.01, 1482.49);
insert into STATION values (236, '.', 55, 682344.73, 4760628.75, 1461.20);
insert into STATION values (237, '24', 55, 682342.15, 4760632.10, 1460.58);
insert into STATION values (238, '.', 55, 682342.47, 4760634.35, 1460.62);
insert into STATION values (239, '.', 55, 682341.91, 4760630.62, 1460.50);
insert into STATION values (240, '.', 55, 682342.84, 4760630.48, 1460.50);
insert into STATION values (241, '.', 55, 682342.78, 4760631.67, 1460.70);
insert into STATION values (242, '.', 55, 682343.15, 4760632.38, 1460.79);
insert into STATION values (243, '.', 55, 682343.07, 4760633.37, 1460.74);
insert into STATION values (244, '.', 55, 682346.27, 4760630.74, 1471.93);
insert into STATION values (245, '.', 55, 682342.05, 4760632.68, 1459.93);
insert into STATION values (246, '.', 55, 682342.15, 4760630.93, 1459.60);
insert into STATION values (247, '25', 55, 682340.78, 4760632.27, 1448.83);
insert into STATION values (248, '.', 55, 682341.84, 4760634.25, 1448.72);
insert into STATION values (249, '.', 55, 682343.96, 4760635.39, 1448.71);
insert into STATION values (250, '.', 55, 682343.19, 4760631.73, 1449.16);
insert into STATION values (251, '.', 55, 682342.43, 4760630.37, 1449.23);
insert into STATION values (252, '.', 55, 682340.93, 4760631.61, 1448.91);
insert into STATION values (253, '.', 55, 682341.55, 4760632.63, 1459.53);
insert into STATION values (254, '.', 55, 682340.89, 4760632.66, 1445.88);
insert into STATION values (255, '26', 55, 682343.41, 4760634.26, 1448.89);
insert into STATION values (256, '.', 55, 682345.00, 4760633.54, 1448.84);
insert into STATION values (257, '.', 55, 682346.73, 4760634.71, 1449.26);
insert into STATION values (258, '.', 55, 682347.66, 4760635.94, 1450.70);
insert into STATION values (259, '.', 55, 682343.05, 4760635.22, 1448.98);
insert into STATION values (260, '.', 55, 682341.61, 4760634.08, 1448.90);
insert into STATION values (261, '.', 55, 682340.90, 4760633.50, 1448.89);
insert into STATION values (262, '.', 55, 682340.69, 4760631.83, 1448.93);
insert into STATION values (263, '.', 55, 682341.94, 4760630.78, 1449.08);
insert into STATION values (264, '.', 55, 682341.58, 4760631.37, 1449.08);
insert into STATION values (265, '.', 55, 682343.64, 4760634.11, 1447.35);
insert into STATION values (266, '.', 55, 682343.66, 4760633.86, 1456.75);
insert into STATION values (267, '27', 55, 682345.76, 4760633.80, 1465.71);
insert into STATION values (268, '28', 55, 682346.12, 4760634.25, 1449.44);
insert into STATION values (269, '.', 55, 682347.36, 4760636.55, 1449.39);
insert into STATION values (270, '.', 55, 682345.92, 4760638.55, 1449.33);
insert into STATION values (271, '.', 55, 682345.53, 4760635.00, 1449.36);
insert into STATION values (272, '.', 55, 682343.71, 4760635.26, 1449.57);
insert into STATION values (273, '.', 55, 682342.91, 4760634.51, 1449.89);
insert into STATION values (274, '.', 55, 682341.36, 4760632.27, 1449.08);
insert into STATION values (275, '.', 55, 682346.17, 4760633.77, 1449.43);
insert into STATION values (276, '.', 55, 682345.27, 4760633.88, 1462.00);
insert into STATION values (277, '.', 55, 682343.04, 4760634.05, 1453.72);
insert into STATION values (278, '.', 55, 682345.44, 4760634.97, 1443.78);
insert into STATION values (279, '.', 55, 682346.77, 4760636.52, 1444.68);
insert into STATION values (280, '29', 55, 682346.78, 4760636.16, 1444.53);
insert into STATION values (281, '.', 55, 682345.90, 4760635.88, 1444.56);
insert into STATION values (282, '.', 55, 682344.68, 4760634.17, 1444.65);
insert into STATION values (283, '.', 55, 682346.42, 4760634.42, 1444.56);
insert into STATION values (284, '.', 55, 682345.08, 4760638.75, 1444.60);
insert into STATION values (285, '.', 55, 682346.32, 4760640.06, 1444.83);
insert into STATION values (286, '.', 55, 682345.58, 4760634.68, 1443.81);
insert into STATION values (287, '.', 55, 682346.63, 4760636.18, 1443.64);
insert into STATION values (288, '.', 55, 682345.53, 4760636.77, 1434.35);
insert into STATION values (289, '.', 55, 682344.49, 4760636.78, 1460.25);
insert into STATION values (290, '30', 55, 682344.87, 4760639.72, 1431.55);
insert into STATION values (291, '.', 55, 682343.57, 4760636.67, 1431.54);
insert into STATION values (292, '.', 55, 682345.87, 4760638.34, 1431.78);
insert into STATION values (293, '.', 55, 682346.11, 4760639.66, 1431.65);
insert into STATION values (294, '.', 55, 682343.38, 4760639.40, 1431.63);
insert into STATION values (295, '.', 55, 682344.22, 4760640.73, 1431.61);
insert into STATION values (296, '.', 55, 682345.13, 4760640.36, 1431.40);
insert into STATION values (297, '.', 55, 682345.39, 4760635.73, 1458.80);
insert into STATION values (298, '.', 55, 682344.77, 4760639.80, 1428.55);
insert into STATION values (299, '.', 55, 682344.33, 4760640.89, 1430.83);
insert into STATION values (300, '31', 55, 682344.18, 4760640.93, 1430.37);
insert into STATION values (301, '.', 55, 682343.38, 4760640.06, 1430.46);
insert into STATION values (302, '.', 55, 682344.55, 4760639.62, 1430.20);
insert into STATION values (303, '.', 55, 682345.21, 4760639.65, 1430.23);
insert into STATION values (304, '.', 55, 682344.91, 4760640.57, 1430.37);
insert into STATION values (305, '.', 55, 682346.82, 4760642.32, 1430.40);
insert into STATION values (306, '.', 55, 682345.00, 4760641.66, 1430.43);
insert into STATION values (307, '.', 55, 682344.13, 4760641.28, 1430.54);
insert into STATION values (308, '.', 55, 682345.08, 4760639.34, 1444.05);
insert into STATION values (309, '.', 55, 682344.19, 4760640.90, 1428.70);
insert into STATION values (310, '.', 55, 682345.52, 4760641.68, 1428.13);
insert into STATION values (311, '.', 55, 682347.40, 4760642.87, 1425.68);
insert into STATION values (312, '32', 55, 682347.31, 4760642.69, 1432.13);
insert into STATION values (313, '.', 55, 682347.68, 4760643.47, 1432.25);
insert into STATION values (314, '.', 55, 682346.82, 4760643.55, 1432.29);
insert into STATION values (315, '.', 55, 682345.78, 4760646.63, 1432.25);
insert into STATION values (316, '.', 55, 682346.54, 4760642.82, 1432.20);
insert into STATION values (317, '.', 55, 682346.01, 4760641.87, 1432.25);
insert into STATION values (318, '.', 55, 682346.90, 4760642.29, 1432.31);
insert into STATION values (319, '.', 55, 682346.87, 4760642.46, 1434.77);
insert into STATION values (320, '.', 55, 682346.35, 4760642.88, 1430.02);
insert into STATION values (321, '.', 55, 682345.70, 4760642.89, 1424.03);
insert into STATION values (322, '33', 55, 682346.98, 4760644.29, 1432.11);
insert into STATION values (323, '.', 55, 682346.44, 4760645.85, 1432.13);
insert into STATION values (324, '.', 55, 682345.27, 4760646.98, 1432.18);
insert into STATION values (325, '.', 55, 682345.50, 4760645.62, 1432.14);
insert into STATION values (326, '.', 55, 682346.73, 4760644.06, 1432.13);
insert into STATION values (327, '.', 55, 682347.21, 4760642.84, 1432.20);
insert into STATION values (328, '.', 55, 682347.57, 4760643.62, 1431.92);
insert into STATION values (329, '.', 55, 682346.44, 4760644.21, 1434.38);
insert into STATION values (330, '.', 55, 682346.76, 4760641.91, 1417.03);
insert into STATION values (331, '34', 55, 682348.12, 4760647.28, 1414.35);
insert into STATION values (332, '.', 55, 682346.49, 4760647.46, 1414.53);
insert into STATION values (333, '.', 55, 682346.13, 4760645.87, 1414.89);
insert into STATION values (334, '.', 55, 682345.96, 4760642.81, 1415.27);
insert into STATION values (335, '.', 55, 682346.73, 4760642.60, 1415.31);
insert into STATION values (336, '.', 55, 682348.08, 4760645.95, 1414.76);
insert into STATION values (337, '.', 55, 682349.45, 4760644.33, 1414.53);
insert into STATION values (338, '.', 55, 682346.32, 4760648.55, 1414.37);
insert into STATION values (339, '.', 55, 682346.62, 4760649.14, 1414.43);
insert into STATION values (340, '.', 55, 682343.15, 4760652.40, 1414.74);
insert into STATION values (341, '.', 55, 682344.42, 4760648.80, 1433.68);
insert into STATION values (342, '.', 55, 682347.92, 4760647.48, 1412.20);
insert into STATION values (343, '35', 55, 682343.23, 4760652.32, 1413.46);
insert into STATION values (344, '.', 55, 682344.68, 4760653.24, 1413.40);
insert into STATION values (345, '.', 55, 682343.60, 4760654.39, 1413.57);
insert into STATION values (346, '.', 55, 682345.66, 4760650.93, 1413.62);
insert into STATION values (347, '.', 55, 682344.30, 4760650.20, 1413.77);
insert into STATION values (348, '.', 55, 682342.87, 4760650.46, 1413.69);
insert into STATION values (349, '.', 55, 682342.77, 4760652.25, 1413.54);
insert into STATION values (350, '.', 55, 682343.32, 4760653.65, 1424.35);
insert into STATION values (351, '.', 55, 682344.20, 4760652.41, 1411.67);
insert into STATION values (352, '36', 55, 682345.30, 4760651.37, 1429.88);
insert into STATION values (353, '37', 55, 682344.13, 4760653.64, 1413.68);
insert into STATION values (354, '.', 55, 682342.32, 4760655.55, 1413.56);
insert into STATION values (355, '.', 55, 682343.62, 4760654.41, 1413.68);
insert into STATION values (356, '.', 55, 682343.26, 4760653.49, 1413.68);
insert into STATION values (357, '.', 55, 682346.38, 4760648.43, 1414.55);
insert into STATION values (358, '.', 55, 682344.55, 4760650.20, 1413.77);
insert into STATION values (359, '.', 55, 682343.75, 4760650.27, 1413.72);
insert into STATION values (360, '.', 55, 682343.71, 4760653.46, 1423.81);
insert into STATION values (361, '.', 55, 682343.96, 4760652.79, 1409.88);
insert into STATION values (362, '.', 55, 682343.93, 4760652.99, 1411.83);
insert into STATION values (363, '.', 55, 682343.72, 4760653.49, 1409.06);
insert into STATION values (364, '38', 55, 682342.52, 4760654.34, 1409.59);
insert into STATION values (365, '.', 55, 682342.21, 4760656.11, 1409.46);
insert into STATION values (366, '.', 55, 682343.83, 4760654.15, 1409.69);
insert into STATION values (367, '.', 55, 682343.26, 4760653.33, 1409.48);
insert into STATION values (368, '.', 55, 682341.95, 4760656.11, 1409.36);
insert into STATION values (369, '.', 55, 682342.52, 4760654.44, 1406.99);
insert into STATION values (370, '.', 55, 682342.65, 4760655.21, 1413.63);
insert into STATION values (371, '39', 55, 682339.91, 4760658.54, 1408.15);
insert into STATION values (372, '.', 55, 682340.16, 4760658.72, 1408.18);
insert into STATION values (373, '.', 55, 682340.80, 4760657.85, 1408.14);
insert into STATION values (374, '.', 55, 682342.53, 4760654.69, 1407.85);
insert into STATION values (375, '.', 55, 682339.61, 4760657.42, 1408.19);
insert into STATION values (376, '.', 55, 682339.02, 4760658.34, 1408.13);
insert into STATION values (377, '.', 55, 682338.75, 4760659.05, 1408.70);
insert into STATION values (378, '.', 55, 682339.06, 4760660.30, 1408.62);
insert into STATION values (379, '.', 55, 682337.03, 4760662.53, 1410.62);
insert into STATION values (380, '.', 55, 682340.02, 4760658.36, 1406.31);
insert into STATION values (381, '.', 55, 682340.23, 4760658.39, 1413.35);
insert into STATION values (382, '40', 55, 682337.15, 4760662.54, 1409.87);
insert into STATION values (383, '.', 55, 682338.82, 4760664.00, 1410.04);
insert into STATION values (384, '.', 55, 682339.48, 4760663.09, 1410.09);
insert into STATION values (385, '.', 55, 682337.90, 4760662.09, 1409.91);
insert into STATION values (386, '.', 55, 682336.90, 4760661.88, 1410.03);
insert into STATION values (387, '.', 55, 682342.78, 4760654.67, 1410.29);
insert into STATION values (388, '.', 55, 682337.52, 4760661.98, 1414.03);
insert into STATION values (389, '.', 55, 682337.23, 4760662.54, 1407.93);
insert into STATION values (390, 'PTR_02_41', 55, 682338.09, 4760663.45, 1409.57);
insert into STATION values (391, '.', 55, 682337.23, 4760663.39, 1409.75);
insert into STATION values (392, '.', 55, 682339.03, 4760663.89, 1409.86);
insert into STATION values (393, '.', 55, 682338.37, 4760664.44, 1409.85);
insert into STATION values (394, '.', 55, 682337.93, 4760662.16, 1409.66);
insert into STATION values (395, '.', 55, 682336.70, 4760662.01, 1409.62);
insert into STATION values (396, '.', 55, 682339.38, 4760663.12, 1409.93);
insert into STATION values (397, '.', 55, 682337.77, 4760663.07, 1414.74);
insert into STATION values (398, '.', 55, 682338.14, 4760663.35, 1407.08);
insert into STATION values (399, 'PTR_02_41', 59, 682338.09, 4760663.45, 1409.57);
insert into STATION values (400, '42', 59, 682338.09, 4760663.45, 1385.37);
insert into STATION values (401, '.', 59, 682333.99, 4760661.55, 1385.26);
insert into STATION values (402, '.', 59, 682337.96, 4760663.36, 1385.36);
insert into STATION values (403, '.', 59, 682335.08, 4760664.27, 1385.27);
insert into STATION values (404, '.', 59, 682335.24, 4760668.09, 1385.02);
insert into STATION values (405, '.', 59, 682336.73, 4760669.27, 1385.26);
insert into STATION values (406, '.', 59, 682337.53, 4760667.54, 1385.31);
insert into STATION values (407, '.', 59, 682339.07, 4760666.38, 1385.23);
insert into STATION values (408, '.', 59, 682340.09, 4760665.60, 1385.40);
insert into STATION values (409, '.', 59, 682341.68, 4760666.54, 1385.51);
insert into STATION values (410, '.', 59, 682340.84, 4760665.20, 1385.52);
insert into STATION values (411, '.', 59, 682340.22, 4760664.05, 1385.56);
insert into STATION values (412, '.', 59, 682339.61, 4760663.49, 1385.59);
insert into STATION values (413, '.', 59, 682338.83, 4760666.63, 1397.46);
insert into STATION values (414, '.', 59, 682338.02, 4760663.46, 1385.51);
insert into STATION values (415, '43', 59, 682339.64, 4760663.97, 1368.40);
insert into STATION values (416, '.', 59, 682342.21, 4760661.88, 1368.61);
insert into STATION values (417, '.', 59, 682340.20, 4760660.28, 1368.61);
insert into STATION values (418, '.', 59, 682337.61, 4760658.24, 1368.44);
insert into STATION values (419, '.', 59, 682336.83, 4760661.00, 1368.27);
insert into STATION values (420, '.', 59, 682336.74, 4760663.87, 1368.65);
insert into STATION values (421, '.', 59, 682338.84, 4760664.71, 1368.59);
insert into STATION values (422, '.', 59, 682340.06, 4760662.13, 1376.21);
insert into STATION values (423, '.', 59, 682341.17, 4760658.04, 1357.79);
insert into STATION values (424, '44', 59, 682338.48, 4760661.40, 1354.12);
insert into STATION values (425, '.', 59, 682339.14, 4760661.51, 1354.25);
insert into STATION values (426, '.', 59, 682342.36, 4760660.88, 1354.76);
insert into STATION values (427, '.', 59, 682344.20, 4760659.59, 1354.77);
insert into STATION values (428, '.', 59, 682342.83, 4760658.60, 1355.23);
insert into STATION values (429, '.', 59, 682341.66, 4760658.17, 1355.85);
insert into STATION values (430, '.', 59, 682339.24, 4760659.45, 1354.37);
insert into STATION values (431, '.', 59, 682338.13, 4760660.97, 1354.12);
insert into STATION values (432, '.', 59, 682338.10, 4760661.33, 1354.11);
insert into STATION values (433, '.', 59, 682338.48, 4760661.26, 1353.51);
insert into STATION values (434, '.', 59, 682340.57, 4760659.27, 1354.65);
insert into STATION values (435, '.', 59, 682340.87, 4760657.25, 1355.92);
insert into STATION values (436, '.', 59, 682342.88, 4760658.68, 1355.80);
insert into STATION values (437, '45', 59, 682341.38, 4760657.85, 1356.30);
insert into STATION values (438, '.', 59, 682343.87, 4760658.54, 1355.87);
insert into STATION values (439, '.', 59, 682343.66, 4760660.28, 1356.03);
insert into STATION values (440, '.', 59, 682341.48, 4760657.22, 1356.29);
insert into STATION values (441, '.', 59, 682335.30, 4760652.46, 1356.42);
insert into STATION values (442, '.', 59, 682339.03, 4760657.95, 1356.27);
insert into STATION values (443, '.', 59, 682338.46, 4760660.96, 1356.30);
insert into STATION values (444, '.', 59, 682342.98, 4760659.95, 1356.01);
insert into STATION values (445, '.', 59, 682340.98, 4760661.17, 1356.15);
insert into STATION values (446, '46', 59, 682343.29, 4760658.08, 1346.42);
insert into STATION values (447, '.', 59, 682339.96, 4760655.99, 1346.47);
insert into STATION values (448, '.', 59, 682344.93, 4760660.40, 1346.49);
insert into STATION values (449, '.', 59, 682353.31, 4760665.65, 1345.48);
insert into STATION values (450, '.', 59, 682346.31, 4760658.90, 1346.28);
insert into STATION values (451, '.', 59, 682344.45, 4760657.48, 1346.32);
insert into STATION values (452, '.', 59, 682343.42, 4760656.48, 1346.88);
insert into STATION values (453, '.', 59, 682344.10, 4760657.33, 1346.44);
insert into STATION values (454, '47', 59, 682342.88, 4760657.10, 1340.05);
insert into STATION values (455, '.', 59, 682345.14, 4760659.18, 1340.53);
insert into STATION values (456, '.', 59, 682352.54, 4760663.58, 1340.64);
insert into STATION values (457, '.', 59, 682346.25, 4760657.68, 1340.27);
insert into STATION values (458, '.', 59, 682343.42, 4760655.70, 1340.04);
insert into STATION values (459, '.', 59, 682341.77, 4760655.75, 1340.28);
insert into STATION values (460, '.', 59, 682342.89, 4760657.15, 1340.20);
insert into STATION values (461, '.', 59, 682345.18, 4760655.11, 1327.86);
insert into STATION values (462, '48', 59, 682342.40, 4760656.14, 1323.88);
insert into STATION values (463, '.', 59, 682338.33, 4760654.29, 1324.20);
insert into STATION values (464, '.', 59, 682339.28, 4760657.38, 1324.45);
insert into STATION values (465, '.', 59, 682341.57, 4760657.49, 1324.21);
insert into STATION values (466, '.', 59, 682344.04, 4760658.17, 1323.95);
insert into STATION values (467, '.', 59, 682343.31, 4760655.87, 1324.11);
insert into STATION values (468, '.', 59, 682345.42, 4760654.23, 1330.11);
insert into STATION values (469, '.', 59, 682338.37, 4760652.94, 1331.07);
insert into STATION values (470, '.', 59, 682341.86, 4760655.86, 1323.88);
insert into STATION values (471, '49', 59, 682342.40, 4760656.14, 1302.50);
insert into STATION values (472, '.', 59, 682342.84, 4760652.91, 1302.25);
insert into STATION values (473, '.', 59, 682341.72, 4760655.49, 1302.63);
insert into STATION values (474, '.', 59, 682343.07, 4760657.35, 1302.36);
insert into STATION values (475, '.', 59, 682343.86, 4760656.50, 1302.32);
insert into STATION values (476, '.', 59, 682345.16, 4760655.23, 1302.23);
insert into STATION values (477, '.', 59, 682343.80, 4760653.66, 1302.18);
insert into STATION values (478, '.', 59, 682341.24, 4760655.24, 1307.13);
insert into STATION values (479, '.', 59, 682342.20, 4760656.40, 1302.10);
insert into STATION values (480, '50', 59, 682343.97, 4760654.99, 1301.96);
insert into STATION values (481, '.', 59, 682342.29, 4760655.48, 1301.98);
insert into STATION values (482, '.', 59, 682342.45, 4760657.20, 1302.15);
insert into STATION values (483, '.', 59, 682343.56, 4760657.58, 1302.10);
insert into STATION values (484, '.', 59, 682344.79, 4760656.43, 1302.12);
insert into STATION values (485, '.', 59, 682345.62, 4760654.54, 1303.11);
insert into STATION values (486, '.', 59, 682342.91, 4760653.10, 1302.66);
insert into STATION values (487, '.', 59, 682341.04, 4760654.15, 1301.98);
insert into STATION values (488, '.', 59, 682343.30, 4760655.17, 1306.42);
insert into STATION values (489, '.', 59, 682344.04, 4760654.59, 1300.85);
insert into STATION values (490, '51', 59, 682347.07, 4760656.45, 1304.28);
insert into STATION values (491, 'PTR_A84_52', 59, 682334.73, 4760649.98, 1295.39);
insert into STATION values (492, '.', 59, 682330.59, 4760652.46, 1297.42);
insert into STATION values (493, '.', 59, 682336.34, 4760647.87, 1295.63);
insert into STATION values (494, '.', 59, 682333.70, 4760645.90, 1295.40);
insert into STATION values (495, '.', 59, 682325.58, 4760634.30, 1294.54);
insert into STATION values (496, '.', 59, 682313.07, 4760635.89, 1293.22);
insert into STATION values (497, '.', 59, 682317.54, 4760647.34, 1295.27);
insert into STATION values (498, '.', 59, 682338.62, 4760655.29, 1299.49);
insert into STATION values (499, '.', 59, 682338.21, 4760650.43, 1297.10);
insert into STATION values (500, '.', 59, 682344.93, 4760654.65, 1302.59);
insert into STATION values (501, '.', 59, 682333.41, 4760650.69, 1302.71);
insert into STATION values (502, '.', 59, 682334.59, 4760649.51, 1293.55);
insert into STATION values (503, '53', 59, 682325.95, 4760643.62, 1288.78);
insert into STATION values (504, '.', 59, 682324.46, 4760645.64, 1290.29);
insert into STATION values (505, '.', 59, 682320.58, 4760644.38, 1290.24);
insert into STATION values (506, '.', 59, 682310.85, 4760642.10, 1290.99);
insert into STATION values (507, '.', 59, 682313.87, 4760636.26, 1290.79);
insert into STATION values (508, '.', 59, 682324.66, 4760635.86, 1289.82);
insert into STATION values (509, '.', 59, 682327.70, 4760635.47, 1289.24);
insert into STATION values (510, '.', 59, 682332.81, 4760639.81, 1289.60);
insert into STATION values (511, '.', 59, 682332.23, 4760644.34, 1290.27);
insert into STATION values (512, '.', 59, 682322.76, 4760641.74, 1303.29);
insert into STATION values (513, '.', 59, 682325.97, 4760642.94, 1287.26);
insert into STATION values (514, '54', 59, 682337.52, 4760631.28, 1286.67);
insert into STATION values (515, '55', 59, 682317.13, 4760642.79, 1288.88);
insert into STATION values (516, '.', 59, 682310.09, 4760644.28, 1287.02);
insert into STATION values (517, '.', 59, 682310.63, 4760644.18, 1287.99);
insert into STATION values (518, '.', 59, 682317.75, 4760644.71, 1288.80);
insert into STATION values (519, '.', 59, 682313.94, 4760646.50, 1288.03);
insert into STATION values (520, '.', 59, 682311.50, 4760639.55, 1288.01);
insert into STATION values (521, '.', 59, 682318.07, 4760636.70, 1290.25);
insert into STATION values (522, '.', 59, 682330.38, 4760638.68, 1291.76);
insert into STATION values (523, '.', 59, 682330.55, 4760637.33, 1289.62);
insert into STATION values (524, '.', 59, 682331.36, 4760646.12, 1289.78);
insert into STATION values (525, '.', 59, 682312.68, 4760642.88, 1300.38);
insert into STATION values (526, '.', 59, 682313.51, 4760642.47, 1300.29);
insert into STATION values (527, '.', 59, 682315.70, 4760642.50, 1287.97);
insert into STATION values (528, '.', 59, 682306.83, 4760641.68, 1282.92);
insert into STATION values (529, '.', 59, 682305.69, 4760641.74, 1282.54);
insert into STATION values (530, '56', 59, 682306.83, 4760641.66, 1282.82);
insert into STATION values (531, '.', 59, 682303.49, 4760637.10, 1282.14);
insert into STATION values (532, '.', 59, 682307.99, 4760638.39, 1282.87);
insert into STATION values (533, '.', 59, 682313.37, 4760639.20, 1286.22);
insert into STATION values (534, '.', 59, 682314.94, 4760647.42, 1286.53);
insert into STATION values (535, '.', 59, 682306.21, 4760642.58, 1282.85);
insert into STATION values (536, '.', 59, 682304.53, 4760642.16, 1282.90);
insert into STATION values (537, '.', 59, 682305.81, 4760641.10, 1280.23);
insert into STATION values (538, '.', 59, 682306.09, 4760641.58, 1286.92);
insert into STATION values (539, '57', 59, 682298.99, 4760637.00, 1281.80);
insert into STATION values (540, '.', 59, 682299.33, 4760634.72, 1281.78);
insert into STATION values (541, '.', 59, 682295.64, 4760635.05, 1281.74);
insert into STATION values (542, '.', 59, 682298.46, 4760637.75, 1281.87);
insert into STATION values (543, '.', 59, 682302.15, 4760640.60, 1282.50);
insert into STATION values (544, '.', 59, 682310.06, 4760643.15, 1283.29);
insert into STATION values (545, '.', 59, 682300.83, 4760635.97, 1282.17);
insert into STATION values (546, '.', 59, 682300.13, 4760636.70, 1285.56);
insert into STATION values (547, '.', 59, 682298.77, 4760636.98, 1280.30);
insert into STATION values (548, '58', 59, 682293.17, 4760634.99, 1284.79);
insert into STATION values (549, '.', 59, 682291.19, 4760636.83, 1284.96);
insert into STATION values (550, '.', 59, 682288.30, 4760636.25, 1285.13);
insert into STATION values (551, '.', 59, 682287.72, 4760631.92, 1285.78);
insert into STATION values (552, '.', 59, 682291.64, 4760631.37, 1286.41);
insert into STATION values (553, '.', 59, 682294.26, 4760632.88, 1286.07);
insert into STATION values (554, '.', 59, 682295.43, 4760634.42, 1285.66);
insert into STATION values (555, '.', 59, 682295.43, 4760637.15, 1285.64);
insert into STATION values (556, '.', 59, 682296.02, 4760639.34, 1284.99);
insert into STATION values (557, '.', 59, 682293.51, 4760638.82, 1285.02);
insert into STATION values (558, '.', 59, 682292.93, 4760634.88, 1285.99);
insert into STATION values (559, '.', 59, 682293.20, 4760635.27, 1283.97);
insert into STATION values (560, '59', 59, 682283.59, 4760634.66, 1284.36);
insert into STATION values (561, '.', 59, 682279.13, 4760636.26, 1284.04);
insert into STATION values (562, '.', 59, 682280.63, 4760633.77, 1284.26);
insert into STATION values (563, '.', 59, 682284.82, 4760632.90, 1284.91);
insert into STATION values (564, '.', 59, 682290.57, 4760632.37, 1284.89);
insert into STATION values (565, '.', 59, 682289.82, 4760637.20, 1284.92);
insert into STATION values (566, '.', 59, 682286.51, 4760637.64, 1284.83);
insert into STATION values (567, '.', 59, 682284.52, 4760637.78, 1284.49);
insert into STATION values (568, '.', 59, 682283.43, 4760634.34, 1286.65);
insert into STATION values (569, '.', 59, 682283.72, 4760634.42, 1283.43);
insert into STATION values (570, '60', 59, 682270.23, 4760633.97, 1282.07);
insert into STATION values (571, '.', 59, 682270.21, 4760635.10, 1282.30);
insert into STATION values (572, '.', 59, 682271.59, 4760635.90, 1282.64);
insert into STATION values (573, '.', 59, 682273.89, 4760635.71, 1282.86);
insert into STATION values (574, '.', 59, 682273.06, 4760633.57, 1282.55);
insert into STATION values (575, '.', 59, 682270.73, 4760632.79, 1282.47);
insert into STATION values (576, '.', 59, 682268.67, 4760632.69, 1282.29);
insert into STATION values (577, '.', 59, 682267.76, 4760634.05, 1282.45);
insert into STATION values (578, '.', 59, 682268.79, 4760634.90, 1282.36);
insert into STATION values (579, '.', 59, 682270.53, 4760633.98, 1285.11);
insert into STATION values (580, '.', 59, 682270.05, 4760634.10, 1281.25);
insert into STATION values (581, '61', 59, 682276.15, 4760635.33, 1282.43);
insert into STATION values (582, '.', 59, 682277.73, 4760634.08, 1282.36);
insert into STATION values (583, '.', 59, 682276.46, 4760633.92, 1282.53);
insert into STATION values (584, '.', 59, 682274.66, 4760634.05, 1282.38);
insert into STATION values (585, '.', 59, 682269.35, 4760635.09, 1283.04);
insert into STATION values (586, '.', 59, 682276.00, 4760635.61, 1282.48);
insert into STATION values (587, '.', 59, 682276.26, 4760634.75, 1286.67);
insert into STATION values (588, '.', 59, 682276.23, 4760635.15, 1281.49);
insert into STATION values (589, '.', 59, 682276.77, 4760634.29, 1279.16);
insert into STATION values (590, '.', 59, 682276.67, 4760634.46, 1279.12);
insert into STATION values (591, '.', 59, 682276.66, 4760634.20, 1279.16);
insert into STATION values (592, '.', 59, 682276.88, 4760634.47, 1279.19);
insert into STATION values (593, '62', 59, 682279.36, 4760634.05, 1281.06);
insert into STATION values (594, '.', 59, 682279.14, 4760633.87, 1281.18);
insert into STATION values (595, '.', 59, 682277.75, 4760633.74, 1281.48);
insert into STATION values (596, '.', 59, 682277.10, 4760635.20, 1281.24);
insert into STATION values (597, '.', 59, 682277.98, 4760638.04, 1280.63);
insert into STATION values (598, '.', 59, 682280.67, 4760637.53, 1280.79);
insert into STATION values (599, '.', 59, 682283.59, 4760637.77, 1281.06);
insert into STATION values (600, '.', 59, 682281.87, 4760635.01, 1281.06);
insert into STATION values (601, '.', 59, 682281.80, 4760634.99, 1281.07);
insert into STATION values (602, '.', 59, 682281.76, 4760634.96, 1281.04);
insert into STATION values (603, '.', 59, 682279.23, 4760635.41, 1284.94);
insert into STATION values (604, '.', 59, 682279.31, 4760634.54, 1279.39);
insert into STATION values (605, '63', 59, 682288.95, 4760638.51, 1281.19);
insert into STATION values (606, '64', 59, 682272.05, 4760636.71, 1278.96);
insert into STATION values (607, '.', 59, 682271.40, 4760637.82, 1279.19);
insert into STATION values (608, '.', 59, 682269.09, 4760637.16, 1279.05);
insert into STATION values (609, '.', 59, 682269.32, 4760634.20, 1279.21);
insert into STATION values (610, '.', 59, 682271.35, 4760634.16, 1279.17);
insert into STATION values (611, '.', 59, 682273.40, 4760634.72, 1279.58);
insert into STATION values (612, '.', 59, 682275.46, 4760634.56, 1279.74);
insert into STATION values (613, '.', 59, 682274.20, 4760637.48, 1279.79);
insert into STATION values (614, '.', 59, 682273.02, 4760637.99, 1279.39);
insert into STATION values (615, '.', 59, 682272.18, 4760636.56, 1280.14);
insert into STATION values (616, '.', 59, 682271.97, 4760636.74, 1278.08);
insert into STATION values (617, '65', 59, 682261.28, 4760636.25, 1278.70);
insert into STATION values (618, '.', 59, 682261.53, 4760635.63, 1278.85);
insert into STATION values (619, '.', 59, 682260.80, 4760633.29, 1279.96);
insert into STATION values (620, '.', 59, 682259.08, 4760633.69, 1281.19);
insert into STATION values (621, '.', 59, 682257.71, 4760634.96, 1280.48);
insert into STATION values (622, '.', 59, 682260.42, 4760636.75, 1279.23);
insert into STATION values (623, '.', 59, 682262.72, 4760637.50, 1278.37);
insert into STATION values (624, '.', 59, 682261.94, 4760637.62, 1278.63);
insert into STATION values (625, '.', 59, 682260.73, 4760636.17, 1282.03);
insert into STATION values (626, '.', 59, 682260.18, 4760635.77, 1282.05);
insert into STATION values (627, '.', 59, 682261.18, 4760636.02, 1276.43);
insert into STATION values (628, '66', 59, 682258.61, 4760633.18, 1280.18);
insert into STATION values (629, '.', 59, 682259.67, 4760630.38, 1280.58);
insert into STATION values (630, '.', 59, 682257.91, 4760630.48, 1280.39);
insert into STATION values (631, '.', 59, 682255.24, 4760631.44, 1280.00);
insert into STATION values (632, '.', 59, 682254.89, 4760633.24, 1280.16);
insert into STATION values (633, '.', 59, 682257.73, 4760634.02, 1280.31);
insert into STATION values (634, '.', 59, 682258.13, 4760637.68, 1280.50);
insert into STATION values (635, '.', 59, 682262.55, 4760635.39, 1281.13);
insert into STATION values (636, '.', 59, 682263.13, 4760632.64, 1281.10);
insert into STATION values (637, '.', 59, 682258.49, 4760633.03, 1280.89);
insert into STATION values (638, '.', 59, 682258.69, 4760633.27, 1279.14);
insert into STATION values (639, '67', 59, 682255.87, 4760632.18, 1279.43);
insert into STATION values (640, '.', 59, 682254.73, 4760631.57, 1279.47);
insert into STATION values (641, '.', 59, 682255.07, 4760633.02, 1279.68);
insert into STATION values (642, '.', 59, 682255.88, 4760633.45, 1279.96);
insert into STATION values (643, '.', 59, 682261.24, 4760636.54, 1281.25);
insert into STATION values (644, '.', 59, 682263.20, 4760632.40, 1281.34);
insert into STATION values (645, '.', 59, 682260.11, 4760630.70, 1280.00);
insert into STATION values (646, '.', 59, 682255.62, 4760632.66, 1281.69);
insert into STATION values (647, '.', 59, 682256.12, 4760632.35, 1278.70);
insert into STATION values (648, '68', 59, 682254.63, 4760634.38, 1282.94);
insert into STATION values (649, '.', 59, 682254.69, 4760633.41, 1283.01);
insert into STATION values (650, '.', 59, 682253.54, 4760632.34, 1283.17);
insert into STATION values (651, '.', 59, 682253.71, 4760634.23, 1283.23);
insert into STATION values (652, '.', 59, 682254.54, 4760635.10, 1282.96);
insert into STATION values (653, '.', 59, 682255.40, 4760637.66, 1282.65);
insert into STATION values (654, '.', 59, 682255.28, 4760635.19, 1282.99);
insert into STATION values (655, '.', 59, 682255.76, 4760634.64, 1283.14);
insert into STATION values (656, '.', 59, 682255.80, 4760633.55, 1283.22);
insert into STATION values (657, '.', 59, 682254.55, 4760634.46, 1283.53);
insert into STATION values (658, '.', 59, 682254.85, 4760634.57, 1281.37);
insert into STATION values (659, '69', 59, 682249.49, 4760630.75, 1284.69);
insert into STATION values (660, '.', 59, 682250.29, 4760626.22, 1284.73);
insert into STATION values (661, '.', 59, 682247.16, 4760624.45, 1284.44);
insert into STATION values (662, '.', 59, 682247.94, 4760630.11, 1285.40);
insert into STATION values (663, '.', 59, 682249.23, 4760631.81, 1284.83);
insert into STATION values (664, '.', 59, 682251.75, 4760629.97, 1284.71);
insert into STATION values (665, '.', 59, 682250.76, 4760631.09, 1284.60);
insert into STATION values (666, '.', 59, 682249.80, 4760629.28, 1288.44);
insert into STATION values (667, '.', 59, 682249.61, 4760630.52, 1283.50);
insert into STATION values (668, '.', 59, 682250.01, 4760630.29, 1282.77);
insert into STATION values (669, '.', 59, 682250.27, 4760628.98, 1282.11);
insert into STATION values (670, '.', 59, 682247.94, 4760633.00, 1294.04);
insert into STATION values (671, '.', 59, 682244.40, 4760629.34, 1288.49);
insert into STATION values (672, 'PTR_A87_70', 59, 682246.60, 4760628.74, 1284.66);
insert into STATION values (673, '.', 59, 682232.28, 4760644.01, 1291.50);
insert into STATION values (674, '.', 59, 682245.95, 4760640.49, 1291.84);
insert into STATION values (675, '.', 59, 682253.45, 4760639.72, 1293.62);
insert into STATION values (676, '.', 59, 682251.19, 4760631.22, 1287.64);
insert into STATION values (677, '.', 59, 682255.17, 4760630.85, 1290.50);
insert into STATION values (678, '.', 59, 682256.07, 4760634.51, 1292.48);
insert into STATION values (679, '.', 59, 682249.29, 4760626.12, 1286.77);
insert into STATION values (680, '.', 59, 682245.70, 4760624.32, 1284.77);
insert into STATION values (681, '.', 59, 682245.94, 4760628.74, 1287.98);
insert into STATION values (682, '.', 59, 682243.23, 4760632.56, 1294.53);
insert into STATION values (683, '.', 59, 682241.21, 4760636.57, 1300.17);
insert into STATION values (684, '.', 59, 682246.80, 4760628.61, 1282.93);
insert into STATION values (685, '.', 59, 682246.37, 4760625.92, 1280.63);
insert into STATION values (686, '71', 59, 682262.58, 4760634.89, 1295.03);
insert into STATION values (687, '72', 59, 682216.11, 4760630.47, 1285.14);
insert into STATION values (688, '.', 59, 682213.72, 4760629.36, 1285.75);
insert into STATION values (689, '.', 59, 682211.64, 4760630.31, 1286.11);
insert into STATION values (690, '.', 59, 682210.53, 4760633.37, 1286.61);
insert into STATION values (691, '.', 59, 682209.73, 4760636.28, 1285.85);
insert into STATION values (692, '.', 59, 682206.12, 4760646.54, 1290.56);
insert into STATION values (693, '.', 59, 682207.17, 4760645.03, 1290.62);
insert into STATION values (694, '.', 59, 682214.42, 4760643.79, 1291.28);
insert into STATION values (695, '.', 59, 682236.50, 4760643.28, 1293.80);
insert into STATION values (696, '.', 59, 682259.95, 4760637.93, 1292.90);
insert into STATION values (697, '.', 59, 682235.74, 4760628.32, 1288.02);
insert into STATION values (698, '.', 59, 682224.20, 4760625.92, 1287.35);
insert into STATION values (699, '.', 59, 682217.22, 4760633.06, 1293.31);
insert into STATION values (700, '.', 59, 682216.41, 4760630.38, 1283.35);
insert into STATION values (701, '.', 59, 682218.65, 4760635.23, 1281.48);
insert into STATION values (702, '.', 59, 682223.90, 4760653.54, 1277.78);
insert into STATION values (703, '.', 59, 682209.97, 4760638.51, 1282.33);
insert into STATION values (704, '73', 59, 682209.95, 4760638.49, 1282.41);
insert into STATION values (705, '.', 59, 682208.31, 4760651.15, 1282.81);
insert into STATION values (706, '.', 59, 682216.81, 4760649.98, 1283.48);
insert into STATION values (707, '.', 59, 682215.07, 4760640.33, 1282.26);
insert into STATION values (708, '.', 59, 682231.32, 4760648.71, 1286.41);
insert into STATION values (709, '.', 59, 682203.20, 4760637.99, 1283.27);
insert into STATION values (710, '.', 59, 682206.32, 4760636.17, 1282.99);
insert into STATION values (711, '.', 59, 682210.49, 4760635.70, 1282.53);
insert into STATION values (712, '.', 59, 682211.32, 4760634.51, 1283.03);
insert into STATION values (713, '.', 59, 682208.11, 4760639.98, 1287.23);
insert into STATION values (714, '.', 59, 682209.07, 4760641.47, 1292.63);
insert into STATION values (715, '.', 59, 682209.87, 4760638.48, 1281.67);
insert into STATION values (716, '.', 59, 682210.74, 4760642.32, 1273.54);
insert into STATION values (717, '74', 59, 682197.85, 4760644.43, 1283.25);
insert into STATION values (718, '.', 59, 682194.77, 4760640.38, 1283.75);
insert into STATION values (719, '.', 59, 682183.23, 4760636.60, 1284.09);
insert into STATION values (720, '.', 59, 682173.04, 4760638.26, 1282.18);
insert into STATION values (721, '.', 59, 682158.04, 4760646.68, 1286.11);
insert into STATION values (722, '.', 59, 682168.11, 4760656.41, 1285.38);
insert into STATION values (723, '.', 59, 682169.61, 4760662.80, 1279.71);
insert into STATION values (724, '.', 59, 682178.69, 4760657.42, 1284.55);
insert into STATION values (725, '.', 59, 682180.18, 4760659.22, 1285.23);
insert into STATION values (726, '.', 59, 682197.89, 4760651.39, 1284.72);
insert into STATION values (727, '.', 59, 682207.40, 4760651.67, 1282.96);
insert into STATION values (728, '.', 59, 682226.20, 4760652.26, 1281.76);
insert into STATION values (729, '.', 59, 682196.72, 4760644.77, 1291.77);
insert into STATION values (730, '.', 59, 682197.50, 4760643.48, 1281.03);
insert into STATION values (731, '.', 59, 682193.29, 4760649.77, 1271.75);
insert into STATION values (732, '75', 59, 682178.05, 4760645.69, 1276.42);
insert into STATION values (733, '.', 59, 682177.56, 4760637.47, 1281.56);
insert into STATION values (734, '.', 59, 682168.19, 4760637.39, 1283.92);
insert into STATION values (735, '.', 59, 682160.59, 4760641.05, 1282.58);
insert into STATION values (736, '.', 59, 682152.28, 4760651.42, 1284.24);
insert into STATION values (737, '.', 59, 682175.44, 4760662.26, 1279.72);
insert into STATION values (738, '.', 59, 682192.39, 4760658.48, 1278.14);
insert into STATION values (739, '.', 59, 682198.56, 4760656.25, 1279.71);
insert into STATION values (740, '.', 59, 682191.84, 4760639.85, 1283.34);
insert into STATION values (741, '.', 59, 682185.95, 4760635.70, 1287.03);
insert into STATION values (742, '.', 59, 682179.48, 4760642.97, 1277.88);
insert into STATION values (743, '.', 59, 682175.85, 4760644.23, 1290.54);
insert into STATION values (744, '.', 59, 682178.33, 4760645.82, 1275.32);
insert into STATION values (745, '.', 59, 682178.08, 4760656.97, 1265.68);
insert into STATION values (746, '76', 59, 682152.20, 4760647.47, 1271.01);
insert into STATION values (747, '.', 59, 682127.05, 4760647.92, 1275.54);
insert into STATION values (748, '.', 59, 682120.21, 4760642.77, 1268.92);
insert into STATION values (749, '.', 59, 682151.90, 4760646.13, 1271.58);
insert into STATION values (750, '.', 59, 682147.94, 4760640.57, 1277.30);
insert into STATION values (751, '.', 59, 682149.87, 4760646.81, 1272.55);
insert into STATION values (752, '.', 59, 682128.53, 4760652.95, 1276.09);
insert into STATION values (753, '.', 59, 682149.48, 4760672.70, 1276.50);
insert into STATION values (754, '.', 59, 682158.55, 4760683.67, 1271.46);
insert into STATION values (755, '.', 59, 682174.15, 4760649.49, 1272.78);
insert into STATION values (756, '.', 59, 682186.15, 4760661.43, 1279.62);
insert into STATION values (757, '.', 59, 682149.46, 4760648.56, 1284.12);
insert into STATION values (758, '.', 59, 682152.25, 4760647.64, 1270.17);
insert into STATION values (759, '.', 59, 682145.75, 4760667.98, 1252.18);
insert into STATION values (760, '77', 59, 682142.39, 4760653.52, 1265.90);
insert into STATION values (761, '.', 59, 682140.24, 4760648.78, 1267.80);
insert into STATION values (762, '.', 59, 682135.05, 4760643.50, 1273.88);
insert into STATION values (763, '.', 59, 682123.34, 4760646.86, 1275.27);
insert into STATION values (764, '.', 59, 682125.28, 4760654.93, 1271.45);
insert into STATION values (765, '.', 59, 682110.88, 4760662.99, 1270.23);
insert into STATION values (766, '.', 59, 682121.61, 4760681.13, 1270.14);
insert into STATION values (767, '.', 59, 682157.76, 4760684.70, 1270.79);
insert into STATION values (768, '.', 59, 682155.73, 4760655.69, 1265.59);
insert into STATION values (769, '.', 59, 682143.11, 4760656.01, 1277.70);
insert into STATION values (770, '.', 59, 682140.13, 4760653.76, 1262.68);
insert into STATION values (771, '.', 59, 682133.01, 4760664.29, 1252.58);
insert into STATION values (772, '78', 59, 682132.46, 4760654.95, 1261.89);
insert into STATION values (773, '.', 59, 682130.30, 4760652.80, 1263.29);
insert into STATION values (774, '.', 59, 682116.82, 4760647.07, 1269.03);
insert into STATION values (775, '.', 59, 682099.66, 4760654.23, 1270.43);
insert into STATION values (776, '.', 59, 682103.83, 4760651.87, 1269.01);
insert into STATION values (777, '.', 59, 682116.77, 4760665.12, 1267.56);
insert into STATION values (778, '.', 59, 682125.75, 4760682.97, 1271.14);
insert into STATION values (779, '.', 59, 682151.76, 4760683.96, 1274.36);
insert into STATION values (780, '.', 59, 682141.92, 4760654.39, 1264.64);
insert into STATION values (781, '.', 59, 682130.56, 4760656.52, 1273.53);
insert into STATION values (782, '.', 59, 682129.37, 4760653.61, 1276.24);
insert into STATION values (783, '.', 59, 682131.45, 4760655.40, 1260.11);
insert into STATION values (784, '.', 59, 682123.53, 4760665.99, 1251.38);
insert into STATION values (785, '79', 59, 682122.74, 4760657.79, 1259.36);
insert into STATION values (786, '.', 59, 682111.21, 4760656.52, 1257.92);
insert into STATION values (787, '.', 59, 682111.28, 4760659.44, 1257.36);
insert into STATION values (788, '.', 59, 682114.26, 4760665.32, 1255.81);
insert into STATION values (789, '.', 59, 682119.83, 4760683.47, 1257.24);
insert into STATION values (790, '.', 59, 682141.91, 4760679.42, 1258.91);
insert into STATION values (791, '.', 59, 682145.22, 4760672.30, 1252.89);
insert into STATION values (792, '.', 59, 682151.38, 4760665.17, 1260.50);
insert into STATION values (793, '.', 59, 682123.05, 4760657.66, 1273.08);
insert into STATION values (794, '.', 59, 682122.67, 4760657.90, 1257.87);
insert into STATION values (795, '.', 59, 682121.77, 4760666.47, 1249.20);
insert into STATION values (796, '80', 59, 682112.79, 4760662.89, 1254.12);
insert into STATION values (797, '.', 59, 682081.68, 4760660.24, 1267.83);
insert into STATION values (798, '.', 59, 682088.75, 4760677.35, 1261.02);
insert into STATION values (799, '.', 59, 682120.05, 4760645.48, 1267.48);
insert into STATION values (800, '.', 59, 682150.91, 4760644.34, 1280.00);
insert into STATION values (801, '.', 59, 682110.67, 4760663.68, 1266.97);
insert into STATION values (802, '.', 59, 682112.70, 4760662.88, 1252.34);
insert into STATION values (803, '81', 59, 682102.01, 4760666.84, 1249.79);
insert into STATION values (804, '.', 59, 682090.12, 4760655.92, 1256.81);
insert into STATION values (805, '.', 59, 682073.73, 4760672.26, 1256.28);
insert into STATION values (806, '.', 59, 682093.56, 4760684.44, 1252.91);
insert into STATION values (807, '.', 59, 682118.65, 4760688.65, 1261.94);
insert into STATION values (808, '.', 59, 682098.40, 4760668.89, 1268.69);
insert into STATION values (809, '.', 59, 682097.99, 4760668.53, 1244.99);
insert into STATION values (810, 'PTR_A86_82', 59, 682087.73, 4760669.16, 1245.94);
insert into STATION values (811, '.', 59, 682090.09, 4760656.50, 1253.43);
insert into STATION values (812, '.', 59, 682079.62, 4760654.00, 1251.19);
insert into STATION values (813, '.', 59, 682069.59, 4760658.19, 1251.78);
insert into STATION values (814, '.', 59, 682076.47, 4760679.57, 1247.82);
insert into STATION values (815, '.', 59, 682092.69, 4760684.48, 1253.31);
insert into STATION values (816, '.', 59, 682083.27, 4760665.84, 1265.86);
insert into STATION values (817, '.', 59, 682086.76, 4760666.59, 1241.74);
insert into STATION values (818, 'PTR_A86_82', 63, 682087.73, 4760669.16, 1245.94);
insert into STATION values (819, '83', 63, 682072.64, 4760671.78, 1244.49);
insert into STATION values (820, '.', 63, 682069.45, 4760651.26, 1246.01);
insert into STATION values (821, '.', 63, 682064.01, 4760660.10, 1245.23);
insert into STATION values (822, '.', 63, 682069.19, 4760671.18, 1245.36);
insert into STATION values (823, '.', 63, 682072.88, 4760674.33, 1245.60);
insert into STATION values (824, '.', 63, 682076.71, 4760679.69, 1248.83);
insert into STATION values (825, '.', 63, 682095.30, 4760663.43, 1250.92);
insert into STATION values (826, '.', 63, 682084.07, 4760656.97, 1246.99);
insert into STATION values (827, '.', 63, 682070.26, 4760666.25, 1261.98);
insert into STATION values (828, '.', 63, 682072.41, 4760670.82, 1242.99);
insert into STATION values (829, '.', 63, 682072.04, 4760655.89, 1235.71);
insert into STATION values (830, '.', 63, 682073.27, 4760655.62, 1234.35);
insert into STATION values (831, '84', 63, 682068.82, 4760658.41, 1237.22);
insert into STATION values (832, '.', 63, 682076.19, 4760654.86, 1238.55);
insert into STATION values (833, '.', 63, 682065.40, 4760656.65, 1237.66);
insert into STATION values (834, '.', 63, 682067.93, 4760664.87, 1238.41);
insert into STATION values (835, '.', 63, 682061.26, 4760660.16, 1236.10);
insert into STATION values (836, '.', 63, 682070.35, 4760658.88, 1253.01);
insert into STATION values (837, '.', 63, 682068.83, 4760658.41, 1234.60);
insert into STATION values (838, '.', 63, 682078.99, 4760659.64, 1237.81);
insert into STATION values (839, '.', 63, 682078.60, 4760659.69, 1238.14);
insert into STATION values (840, '85', 63, 682078.15, 4760659.63, 1238.06);
insert into STATION values (841, '.', 63, 682069.20, 4760665.91, 1240.73);
insert into STATION values (842, '.', 63, 682072.28, 4760675.11, 1247.77);
insert into STATION values (843, '.', 63, 682084.38, 4760660.08, 1241.07);
insert into STATION values (844, '.', 63, 682077.39, 4760655.93, 1238.43);
insert into STATION values (845, '.', 63, 682067.72, 4760656.69, 1240.46);
insert into STATION values (846, '.', 63, 682073.83, 4760664.31, 1260.55);
insert into STATION values (847, '.', 63, 682077.50, 4760659.29, 1235.62);
insert into STATION values (848, 'PTR_A23_86', 63, 682083.47, 4760658.59, 1237.56);
insert into STATION values (849, '.', 63, 682083.21, 4760659.99, 1237.61);
insert into STATION values (850, '.', 63, 682083.15, 4760659.95, 1237.68);
insert into STATION values (851, '.', 63, 682084.12, 4760659.97, 1237.39);
insert into STATION values (852, '.', 63, 682086.18, 4760660.24, 1236.93);
insert into STATION values (853, '.', 63, 682083.25, 4760658.09, 1237.63);
insert into STATION values (854, '.', 63, 682082.36, 4760658.17, 1237.72);
insert into STATION values (855, '.', 63, 682082.37, 4760658.47, 1237.67);
insert into STATION values (856, '.', 63, 682083.22, 4760659.22, 1239.17);
insert into STATION values (857, '.', 63, 682083.75, 4760659.17, 1237.91);
insert into STATION values (858, '.', 63, 682083.36, 4760658.84, 1236.38);
insert into STATION values (859, '87', 63, 682087.20, 4760661.58, 1236.77);
insert into STATION values (860, '.', 63, 682087.19, 4760662.62, 1237.33);
insert into STATION values (861, '.', 63, 682088.49, 4760660.87, 1237.11);
insert into STATION values (862, '.', 63, 682087.24, 4760660.38, 1236.51);
insert into STATION values (863, '.', 63, 682084.21, 4760661.26, 1237.15);
insert into STATION values (864, '.', 63, 682084.83, 4760662.35, 1237.17);
insert into STATION values (865, '.', 63, 682087.58, 4760660.70, 1238.98);
insert into STATION values (866, '.', 63, 682087.06, 4760661.29, 1236.33);
insert into STATION values (867, '.', 63, 682086.97, 4760661.14, 1236.13);
insert into STATION values (868, '88', 63, 682095.89, 4760659.56, 1237.03);
insert into STATION values (869, '89', 63, 682056.43, 4760649.94, 1235.00);
insert into STATION values (870, '.', 63, 682057.87, 4760646.86, 1235.59);
insert into STATION values (871, '.', 63, 682053.25, 4760645.58, 1235.49);
insert into STATION values (872, '.', 63, 682050.42, 4760648.58, 1235.55);
insert into STATION values (873, '.', 63, 682056.86, 4760652.15, 1235.86);
insert into STATION values (874, '.', 63, 682055.95, 4760649.56, 1239.67);
insert into STATION values (875, '.', 63, 682056.52, 4760649.73, 1234.34);
insert into STATION values (876, '90', 63, 682046.03, 4760642.23, 1236.23);
insert into STATION values (877, '91', 63, 682037.59, 4760637.25, 1236.33);
insert into STATION values (878, '.', 63, 682047.00, 4760640.24, 1236.52);
insert into STATION values (879, '.', 63, 682043.84, 4760639.60, 1236.78);
insert into STATION values (880, '.', 63, 682043.62, 4760645.84, 1236.99);
insert into STATION values (881, '.', 63, 682045.57, 4760641.75, 1240.04);
insert into STATION values (882, '.', 63, 682046.09, 4760642.07, 1234.57);
insert into STATION values (883, '.', 63, 682038.09, 4760635.21, 1236.71);
insert into STATION values (884, '.', 63, 682034.51, 4760630.54, 1236.94);
insert into STATION values (885, '.', 63, 682021.77, 4760624.46, 1237.33);
insert into STATION values (886, '.', 63, 682030.61, 4760639.72, 1236.87);
insert into STATION values (887, '.', 63, 682036.55, 4760644.64, 1236.49);
insert into STATION values (888, '.', 63, 682037.04, 4760637.12, 1239.63);
insert into STATION values (889, '.', 63, 682037.55, 4760637.36, 1235.40);
insert into STATION values (890, '.', 63, 682036.68, 4760640.74, 1232.12);
insert into STATION values (891, '.', 63, 682035.91, 4760636.69, 1227.14);
insert into STATION values (892, '92', 63, 682023.16, 4760626.75, 1229.23);
insert into STATION values (893, '.', 63, 682016.40, 4760628.67, 1226.50);
insert into STATION values (894, '.', 63, 682023.49, 4760624.38, 1231.41);
insert into STATION values (895, '.', 63, 682018.78, 4760640.35, 1238.80);
insert into STATION values (896, '.', 63, 682028.44, 4760638.52, 1235.38);
insert into STATION values (897, '.', 63, 682036.16, 4760634.17, 1232.60);
insert into STATION values (898, '.', 63, 682015.84, 4760628.98, 1255.06);
insert into STATION values (899, '.', 63, 682022.94, 4760628.84, 1226.52);
insert into STATION values (900, '93', 63, 682006.42, 4760630.26, 1238.67);
insert into STATION values (901, '.', 63, 682007.62, 4760642.14, 1243.28);
insert into STATION values (902, '.', 63, 682021.10, 4760643.64, 1244.45);
insert into STATION values (903, '.', 63, 682022.97, 4760624.64, 1239.93);
insert into STATION values (904, '.', 63, 682009.16, 4760619.07, 1240.34);
insert into STATION values (905, '.', 63, 682010.14, 4760630.07, 1255.76);
insert into STATION values (906, '.', 63, 682006.53, 4760630.24, 1238.53);
insert into STATION values (907, '.', 63, 681990.08, 4760620.06, 1239.95);
insert into STATION values (908, '.', 63, 681989.25, 4760619.63, 1240.05);
insert into STATION values (909, '94', 63, 681990.08, 4760620.10, 1239.92);
insert into STATION values (910, '.', 63, 681989.96, 4760616.58, 1241.22);
insert into STATION values (911, '.', 63, 681980.32, 4760617.77, 1242.82);
insert into STATION values (912, '.', 63, 681981.51, 4760637.17, 1243.35);
insert into STATION values (913, '.', 63, 681983.87, 4760637.96, 1242.88);
insert into STATION values (914, '.', 63, 682000.45, 4760643.13, 1242.66);
insert into STATION values (915, '.', 63, 681999.39, 4760641.78, 1243.49);
insert into STATION values (916, '.', 63, 681985.36, 4760624.89, 1254.80);
insert into STATION values (917, '.', 63, 681990.29, 4760620.67, 1236.63);
insert into STATION values (918, '95', 63, 681975.19, 4760622.26, 1238.95);
insert into STATION values (919, '.', 63, 681973.98, 4760615.71, 1239.38);
insert into STATION values (920, '.', 63, 681962.87, 4760619.40, 1238.57);
insert into STATION values (921, '.', 63, 681973.63, 4760642.26, 1241.45);
insert into STATION values (922, '.', 63, 681992.79, 4760641.04, 1243.67);
insert into STATION values (923, '.', 63, 681974.69, 4760626.89, 1253.90);
insert into STATION values (924, '.', 63, 681974.28, 4760618.74, 1234.43);
insert into STATION values (925, '96', 63, 681977.03, 4760623.00, 1247.48);
insert into STATION values (926, '97', 63, 681952.05, 4760624.50, 1234.93);
insert into STATION values (927, '.', 63, 681951.22, 4760622.56, 1236.90);
insert into STATION values (928, '.', 63, 681945.74, 4760645.05, 1239.23);
insert into STATION values (929, '.', 63, 681956.16, 4760627.38, 1236.16);
insert into STATION values (930, '.', 63, 681951.54, 4760633.16, 1250.96);
insert into STATION values (931, '.', 63, 681950.38, 4760629.35, 1230.84);
insert into STATION values (932, '98', 63, 681936.61, 4760631.49, 1231.21);
insert into STATION values (933, '.', 63, 681919.90, 4760639.01, 1227.24);
insert into STATION values (934, '.', 63, 681934.88, 4760627.47, 1233.41);
insert into STATION values (935, '.', 63, 681929.51, 4760630.36, 1233.03);
insert into STATION values (936, '.', 63, 681938.06, 4760647.91, 1234.65);
insert into STATION values (937, '.', 63, 681948.55, 4760636.47, 1234.19);
insert into STATION values (938, '.', 63, 681963.76, 4760646.45, 1242.30);
insert into STATION values (939, '.', 63, 681953.00, 4760624.25, 1236.96);
insert into STATION values (940, '.', 63, 681934.39, 4760632.12, 1238.53);
insert into STATION values (941, '.', 63, 681933.00, 4760639.43, 1246.44);
insert into STATION values (942, '99', 63, 681937.04, 4760634.62, 1241.89);
insert into STATION values (943, '100', 63, 681929.03, 4760636.71, 1232.61);
insert into STATION values (944, '.', 63, 681925.44, 4760632.34, 1234.81);
insert into STATION values (945, '.', 63, 681920.14, 4760635.61, 1234.91);
insert into STATION values (946, '.', 63, 681922.96, 4760650.57, 1233.01);
insert into STATION values (947, '.', 63, 681936.48, 4760648.11, 1236.44);
insert into STATION values (948, '.', 63, 681951.14, 4760639.64, 1234.06);
insert into STATION values (949, '.', 63, 681944.60, 4760625.46, 1234.94);
insert into STATION values (950, '.', 63, 681928.69, 4760640.92, 1246.27);
insert into STATION values (951, '.', 63, 681929.04, 4760639.30, 1228.77);
insert into STATION values (952, '101', 63, 681911.22, 4760648.92, 1231.22);
insert into STATION values (953, '.', 63, 681913.79, 4760639.99, 1234.89);
insert into STATION values (954, '.', 63, 681902.17, 4760640.64, 1235.46);
insert into STATION values (955, '.', 63, 681909.89, 4760652.23, 1231.49);
insert into STATION values (956, '.', 63, 681916.23, 4760654.93, 1231.83);
insert into STATION values (957, '.', 63, 681926.20, 4760635.88, 1237.48);
insert into STATION values (958, '.', 63, 681909.05, 4760645.89, 1242.56);
insert into STATION values (959, '.', 63, 681909.31, 4760646.95, 1228.06);
insert into STATION values (960, '102', 63, 681900.80, 4760647.24, 1234.20);
insert into STATION values (961, '.', 63, 681894.60, 4760662.69, 1236.48);
insert into STATION values (962, '.', 63, 681901.27, 4760648.42, 1234.43);
insert into STATION values (963, '.', 63, 681919.42, 4760653.86, 1233.69);
insert into STATION values (964, '.', 63, 681913.02, 4760638.32, 1235.74);
insert into STATION values (965, '.', 63, 681901.35, 4760641.02, 1234.83);
insert into STATION values (966, '.', 63, 681900.42, 4760646.07, 1237.75);
insert into STATION values (967, '.', 63, 681892.39, 4760654.69, 1249.60);
insert into STATION values (968, '.', 63, 681900.56, 4760647.10, 1230.74);
insert into STATION values (969, '103', 63, 681893.59, 4760651.68, 1234.99);
insert into STATION values (970, '.', 63, 681891.00, 4760649.03, 1235.29);
insert into STATION values (971, '.', 63, 681887.39, 4760652.71, 1235.02);
insert into STATION values (972, '.', 63, 681894.49, 4760661.47, 1238.11);
insert into STATION values (973, '.', 63, 681891.19, 4760655.23, 1249.10);
insert into STATION values (974, '.', 63, 681890.20, 4760650.98, 1230.15);
insert into STATION values (975, '104', 63, 681880.20, 4760659.18, 1234.99);
insert into STATION values (976, '.', 63, 681878.04, 4760657.81, 1235.54);
insert into STATION values (977, '.', 63, 681869.84, 4760662.84, 1236.83);
insert into STATION values (978, '.', 63, 681879.40, 4760669.28, 1237.91);
insert into STATION values (979, '105', 63, 681886.83, 4760664.58, 1237.80);
insert into STATION values (980, '.', 63, 681882.68, 4760667.77, 1253.00);
insert into STATION values (981, '.', 63, 681881.44, 4760665.83, 1231.37);
insert into STATION values (982, '106', 63, 681878.29, 4760668.46, 1234.97);
insert into STATION values (983, '107', 63, 681868.87, 4760672.22, 1235.98);
insert into STATION values (984, '.', 63, 681868.54, 4760671.74, 1236.02);
insert into STATION values (985, '.', 63, 681873.98, 4760682.40, 1237.62);
insert into STATION values (986, '.', 63, 681876.02, 4760681.19, 1237.16);
insert into STATION values (987, '.', 63, 681868.02, 4760675.04, 1247.64);
insert into STATION values (988, '.', 63, 681868.17, 4760671.84, 1232.47);
insert into STATION values (989, '108', 63, 681858.96, 4760676.11, 1240.85);
insert into STATION values (990, '.', 63, 681856.97, 4760672.43, 1240.86);
insert into STATION values (991, '.', 63, 681850.92, 4760676.83, 1241.50);
insert into STATION values (992, '.', 63, 681859.94, 4760683.31, 1243.90);
insert into STATION values (993, '.', 63, 681867.71, 4760682.48, 1243.69);
insert into STATION values (994, '.', 63, 681859.26, 4760675.63, 1250.92);
insert into STATION values (995, '.', 63, 681856.59, 4760673.35, 1235.82);
insert into STATION values (996, '109', 63, 681841.18, 4760680.29, 1242.39);
insert into STATION values (997, '.', 63, 681838.50, 4760676.88, 1242.49);
insert into STATION values (998, '.', 63, 681831.35, 4760679.66, 1243.67);
insert into STATION values (999, '.', 63, 681837.19, 4760684.78, 1243.37);
insert into STATION values (1000, '.', 63, 681844.00, 4760686.28, 1242.97);
insert into STATION values (1001, '.', 63, 681850.05, 4760684.76, 1242.98);
insert into STATION values (1002, '.', 63, 681839.60, 4760677.53, 1253.20);
insert into STATION values (1003, '.', 63, 681830.29, 4760678.14, 1233.43);
insert into STATION values (1004, '.', 63, 681839.56, 4760678.48, 1239.32);
insert into STATION values (1005, '110', 63, 681833.17, 4760686.49, 1242.92);
insert into STATION values (1006, '.', 63, 681832.25, 4760689.68, 1243.14);
insert into STATION values (1007, '.', 63, 681838.24, 4760677.56, 1243.71);
insert into STATION values (1008, '.', 63, 681828.91, 4760680.61, 1242.77);
insert into STATION values (1009, '.', 63, 681821.50, 4760685.40, 1243.14);
insert into STATION values (1010, '.', 63, 681831.69, 4760685.46, 1248.80);
insert into STATION values (1011, '.', 63, 681833.32, 4760686.24, 1241.53);
insert into STATION values (1012, '111', 63, 681817.49, 4760690.01, 1242.19);
insert into STATION values (1013, '112', 63, 681834.01, 4760688.19, 1242.95);
insert into STATION values (1014, '.', 63, 681834.96, 4760687.62, 1243.09);
insert into STATION values (1015, '.', 63, 681829.96, 4760690.33, 1242.96);
insert into STATION values (1016, '.', 63, 681817.03, 4760690.58, 1241.84);
insert into STATION values (1017, '.', 63, 681834.65, 4760687.80, 1249.58);
insert into STATION values (1018, '.', 63, 681835.76, 4760689.31, 1235.75);
insert into STATION values (1019, '.', 63, 681840.45, 4760689.32, 1232.28);
insert into STATION values (1020, '113', 63, 681838.15, 4760689.20, 1233.64);
insert into STATION values (1021, '.', 63, 681837.99, 4760688.80, 1233.76);
insert into STATION values (1022, '.', 63, 681838.49, 4760689.58, 1233.67);
insert into STATION values (1023, '.', 63, 681854.75, 4760683.31, 1240.01);
insert into STATION values (1024, '.', 63, 681838.68, 4760688.24, 1238.27);
insert into STATION values (1025, '.', 63, 681838.05, 4760689.57, 1231.88);
insert into STATION values (1026, '.', 63, 681837.76, 4760689.51, 1233.43);
insert into STATION values (1027, '114', 63, 681834.91, 4760692.31, 1229.99);
insert into STATION values (1028, '.', 63, 681834.17, 4760691.34, 1230.38);
insert into STATION values (1029, '.', 63, 681834.87, 4760692.63, 1229.87);
insert into STATION values (1030, '.', 63, 681834.17, 4760691.75, 1231.62);
insert into STATION values (1031, '.', 63, 681834.81, 4760693.01, 1223.57);
insert into STATION values (1032, '115', 63, 681830.60, 4760694.05, 1228.19);
insert into STATION values (1033, '.', 63, 681825.33, 4760694.18, 1230.12);
insert into STATION values (1034, '.', 63, 681818.80, 4760693.13, 1235.88);
insert into STATION values (1035, '.', 63, 681825.27, 4760698.99, 1230.07);
insert into STATION values (1036, '.', 63, 681829.64, 4760703.07, 1230.47);
insert into STATION values (1037, '.', 63, 681833.39, 4760699.63, 1231.67);
insert into STATION values (1038, '.', 63, 681830.89, 4760693.34, 1228.24);
insert into STATION values (1039, '.', 63, 681827.28, 4760691.99, 1236.58);
insert into STATION values (1040, '.', 63, 681832.40, 4760693.30, 1224.19);
insert into STATION values (1041, '.', 63, 681829.53, 4760701.21, 1231.40);
insert into STATION values (1042, '116', 63, 681825.42, 4760695.04, 1229.05);
insert into STATION values (1043, '.', 63, 681822.59, 4760699.38, 1229.30);
insert into STATION values (1044, '.', 63, 681826.09, 4760700.59, 1229.18);
insert into STATION values (1045, '.', 63, 681830.52, 4760705.81, 1231.08);
insert into STATION values (1046, '.', 63, 681834.89, 4760704.46, 1231.67);
insert into STATION values (1047, '.', 63, 681832.83, 4760699.47, 1231.95);
insert into STATION values (1048, '.', 63, 681830.53, 4760695.07, 1229.16);
insert into STATION values (1049, '.', 63, 681824.97, 4760694.02, 1242.34);
insert into STATION values (1050, '.', 63, 681824.92, 4760694.73, 1227.11);
insert into STATION values (1051, '117', 63, 681835.52, 4760706.08, 1232.17);
insert into STATION values (1052, '.', 63, 681834.58, 4760707.83, 1232.52);
insert into STATION values (1053, '.', 63, 681836.31, 4760710.43, 1232.72);
insert into STATION values (1054, '.', 63, 681841.90, 4760705.44, 1232.19);
insert into STATION values (1055, '.', 63, 681843.22, 4760699.55, 1232.35);
insert into STATION values (1056, '.', 63, 681836.19, 4760705.39, 1232.66);
insert into STATION values (1057, '.', 63, 681827.59, 4760703.06, 1232.85);
insert into STATION values (1058, '.', 63, 681837.26, 4760706.39, 1235.12);
insert into STATION values (1059, '.', 63, 681840.47, 4760707.17, 1228.97);
insert into STATION values (1060, 'PTR_A36_118', 63, 681844.24, 4760713.37, 1238.09);
insert into STATION values (1061, '.', 63, 681844.38, 4760713.03, 1238.20);
insert into STATION values (1062, '.', 63, 681839.09, 4760710.70, 1238.25);
insert into STATION values (1063, '.', 63, 681834.48, 4760713.61, 1241.24);
insert into STATION values (1064, '.', 63, 681833.32, 4760721.29, 1245.03);
insert into STATION values (1065, '.', 63, 681833.88, 4760721.07, 1244.79);
insert into STATION values (1066, '.', 63, 681841.56, 4760724.23, 1266.95);
insert into STATION values (1067, '.', 63, 681842.91, 4760724.11, 1264.89);
insert into STATION values (1068, '.', 63, 681840.23, 4760710.05, 1231.45);
insert into STATION values (1069, '119', 63, 681840.73, 4760717.43, 1240.27);
insert into STATION values (1070, '.', 63, 681837.74, 4760709.50, 1242.73);
insert into STATION values (1071, '.', 63, 681828.35, 4760706.26, 1254.42);
insert into STATION values (1072, '.', 63, 681818.72, 4760717.75, 1251.88);
insert into STATION values (1073, '.', 63, 681838.26, 4760723.84, 1241.72);
insert into STATION values (1074, '.', 63, 681844.47, 4760722.16, 1240.99);
insert into STATION values (1075, '.', 63, 681848.66, 4760716.95, 1240.36);
insert into STATION values (1076, '.', 63, 681839.17, 4760706.22, 1229.45);
insert into STATION values (1077, '.', 63, 681840.81, 4760717.09, 1239.25);
insert into STATION values (1078, '.', 63, 681839.06, 4760717.88, 1263.27);
insert into STATION values (1079, '120', 63, 681838.83, 4760717.82, 1264.36);
insert into STATION values (1080, '121', 63, 681823.33, 4760717.38, 1246.81);
insert into STATION values (1081, '.', 63, 681822.51, 4760721.26, 1247.95);
insert into STATION values (1082, '.', 63, 681830.79, 4760720.58, 1247.96);
insert into STATION values (1083, '.', 63, 681838.33, 4760713.15, 1247.55);
insert into STATION values (1084, '.', 63, 681824.63, 4760708.72, 1249.51);
insert into STATION values (1085, '.', 63, 681810.76, 4760703.59, 1251.57);
insert into STATION values (1086, '.', 63, 681804.06, 4760707.07, 1252.51);
insert into STATION values (1087, '.', 63, 681823.68, 4760716.84, 1252.18);
insert into STATION values (1088, '.', 63, 681822.73, 4760720.17, 1240.94);
insert into STATION values (1089, '.', 63, 681827.34, 4760730.22, 1235.81);
insert into STATION values (1090, '122', 63, 681820.97, 4760718.01, 1246.58);
insert into STATION values (1091, '123', 63, 681805.14, 4760722.62, 1242.07);
insert into STATION values (1092, '.', 63, 681805.54, 4760708.87, 1255.44);
insert into STATION values (1093, '.', 63, 681804.75, 4760716.73, 1245.90);
insert into STATION values (1094, '.', 63, 681794.01, 4760715.83, 1249.39);
insert into STATION values (1095, '.', 63, 681799.91, 4760725.34, 1242.98);
insert into STATION values (1096, '.', 63, 681804.89, 4760725.90, 1242.36);
insert into STATION values (1097, '.', 63, 681820.00, 4760728.70, 1242.55);
insert into STATION values (1098, '.', 63, 681805.13, 4760718.38, 1253.39);
insert into STATION values (1099, '.', 63, 681806.30, 4760716.67, 1254.59);
insert into STATION values (1100, '.', 63, 681806.08, 4760723.13, 1248.86);
insert into STATION values (1101, '124', 63, 681797.44, 4760721.60, 1241.38);
insert into STATION values (1102, '.', 63, 681786.18, 4760709.91, 1243.89);
insert into STATION values (1103, '.', 63, 681770.07, 4760721.90, 1245.71);
insert into STATION values (1104, '.', 63, 681768.01, 4760720.74, 1246.25);
insert into STATION values (1105, '.', 63, 681785.03, 4760729.64, 1241.07);
insert into STATION values (1106, '.', 63, 681799.74, 4760726.71, 1241.23);
insert into STATION values (1107, '.', 63, 681795.60, 4760706.43, 1240.87);
insert into STATION values (1108, '.', 63, 681796.06, 4760720.03, 1251.90);
insert into STATION values (1109, '.', 63, 681797.37, 4760721.77, 1240.21);
insert into STATION values (1110, '.', 63, 681795.19, 4760718.60, 1233.45);
insert into STATION values (1111, '125', 63, 681770.96, 4760732.75, 1235.16);
insert into STATION values (1112, '.', 63, 681770.64, 4760732.58, 1235.05);
insert into STATION values (1113, '.', 63, 681762.89, 4760715.63, 1239.36);
insert into STATION values (1114, '.', 63, 681745.36, 4760718.76, 1241.74);
insert into STATION values (1115, '.', 63, 681763.61, 4760735.73, 1237.04);
insert into STATION values (1116, '.', 63, 681772.74, 4760735.44, 1237.23);
insert into STATION values (1117, '.', 63, 681770.74, 4760733.37, 1238.53);
insert into STATION values (1118, '.', 63, 681770.06, 4760718.97, 1247.04);
insert into STATION values (1119, '.', 63, 681771.65, 4760733.00, 1232.84);
insert into STATION values (1120, '126', 63, 681737.30, 4760727.57, 1234.51);
insert into STATION values (1121, '.', 63, 681736.72, 4760716.87, 1237.44);
insert into STATION values (1122, '.', 63, 681733.40, 4760730.96, 1236.46);
insert into STATION values (1123, '.', 63, 681741.17, 4760735.45, 1234.94);
insert into STATION values (1124, '.', 63, 681755.41, 4760719.11, 1243.04);
insert into STATION values (1125, '.', 63, 681736.26, 4760724.26, 1245.65);
insert into STATION values (1126, '.', 63, 681736.23, 4760731.37, 1231.15);
insert into STATION values (1127, '127', 63, 681729.75, 4760726.92, 1234.39);
insert into STATION values (1128, '.', 63, 681730.37, 4760721.92, 1236.61);
insert into STATION values (1129, '.', 63, 681734.62, 4760708.17, 1234.09);
insert into STATION values (1130, '.', 63, 681721.20, 4760726.68, 1237.64);
insert into STATION values (1131, '.', 63, 681726.08, 4760736.25, 1240.95);
insert into STATION values (1132, '.', 63, 681734.28, 4760732.97, 1235.28);
insert into STATION values (1133, '.', 63, 681727.95, 4760724.75, 1246.13);
insert into STATION values (1134, '.', 63, 681730.44, 4760720.26, 1228.63);
insert into STATION values (1135, '128', 63, 681716.99, 4760708.93, 1228.02);
insert into STATION values (1136, '.', 63, 681722.51, 4760699.79, 1228.88);
insert into STATION values (1137, '.', 63, 681711.70, 4760695.60, 1229.56);
insert into STATION values (1138, '.', 63, 681707.40, 4760712.33, 1229.60);
insert into STATION values (1139, '.', 63, 681716.45, 4760722.68, 1233.84);
insert into STATION values (1140, '.', 63, 681717.33, 4760707.70, 1232.39);
insert into STATION values (1141, '.', 63, 681715.28, 4760706.94, 1222.18);
insert into STATION values (1142, '129', 63, 681705.65, 4760700.40, 1228.82);
insert into STATION values (1143, '.', 63, 681708.44, 4760694.98, 1229.85);
insert into STATION values (1144, '.', 63, 681701.53, 4760692.57, 1230.71);
insert into STATION values (1145, '.', 63, 681695.53, 4760698.29, 1230.40);
insert into STATION values (1146, '.', 63, 681700.07, 4760705.40, 1230.33);
insert into STATION values (1147, '.', 63, 681704.51, 4760712.12, 1229.91);
insert into STATION values (1148, '.', 63, 681704.30, 4760700.90, 1234.10);
insert into STATION values (1149, '.', 63, 681705.58, 4760700.39, 1228.42);
insert into STATION values (1150, '.', 63, 681704.55, 4760702.67, 1222.92);
insert into STATION values (1151, '130', 63, 681697.14, 4760700.17, 1228.65);
insert into STATION values (1152, '.', 63, 681700.63, 4760691.60, 1230.30);
insert into STATION values (1153, '.', 63, 681691.14, 4760688.91, 1230.15);
insert into STATION values (1154, '.', 63, 681695.70, 4760701.02, 1228.77);
insert into STATION values (1155, '.', 63, 681703.44, 4760710.19, 1232.71);
insert into STATION values (1156, '.', 63, 681696.55, 4760699.58, 1232.83);
insert into STATION values (1157, '.', 63, 681697.71, 4760699.38, 1224.59);
insert into STATION values (1158, '131', 63, 681684.32, 4760684.47, 1222.14);
insert into STATION values (1159, '.', 63, 681689.11, 4760679.63, 1222.59);
insert into STATION values (1160, '.', 63, 681683.68, 4760684.87, 1222.15);
insert into STATION values (1161, '.', 63, 681680.49, 4760673.24, 1226.96);
insert into STATION values (1162, '.', 63, 681683.71, 4760684.04, 1230.79);
insert into STATION values (1163, '.', 63, 681684.80, 4760684.45, 1220.74);
insert into STATION values (1164, '.', 63, 681677.49, 4760677.46, 1221.29);
insert into STATION values (1165, '132', 63, 681677.05, 4760677.06, 1221.22);
insert into STATION values (1166, '.', 63, 681683.17, 4760671.82, 1221.99);
insert into STATION values (1167, '.', 63, 681676.54, 4760666.54, 1223.15);
insert into STATION values (1168, '.', 63, 681661.93, 4760662.22, 1225.60);
insert into STATION values (1169, '.', 63, 681676.26, 4760678.35, 1221.38);
insert into STATION values (1170, '.', 63, 681676.74, 4760675.96, 1228.38);
insert into STATION values (1171, '.', 63, 681680.97, 4760675.98, 1215.50);
insert into STATION values (1172, '133', 63, 681673.05, 4760666.26, 1217.70);
insert into STATION values (1173, '.', 63, 681676.20, 4760662.04, 1219.31);
insert into STATION values (1174, '.', 63, 681670.48, 4760657.61, 1218.68);
insert into STATION values (1175, '.', 63, 681656.75, 4760661.51, 1226.88);
insert into STATION values (1176, '.', 63, 681665.78, 4760674.52, 1223.67);
insert into STATION values (1177, '.', 63, 681672.79, 4760674.43, 1219.54);
insert into STATION values (1178, '.', 63, 681672.76, 4760664.66, 1223.97);
insert into STATION values (1179, '.', 63, 681674.14, 4760668.78, 1226.80);
insert into STATION values (1180, '.', 63, 681675.37, 4760664.75, 1211.24);
insert into STATION values (1181, '.', 63, 681659.64, 4760651.40, 1213.44);
insert into STATION values (1182, '134', 63, 681666.35, 4760658.76, 1215.54);
insert into STATION values (1183, '.', 63, 681665.76, 4760653.10, 1216.86);
insert into STATION values (1184, '.', 63, 681657.60, 4760649.87, 1217.83);
insert into STATION values (1185, '.', 63, 681653.99, 4760668.08, 1227.42);
insert into STATION values (1186, '.', 63, 681677.26, 4760660.67, 1215.85);
insert into STATION values (1187, '135', 63, 681649.48, 4760652.33, 1215.86);
insert into STATION values (1188, '.', 63, 681647.08, 4760647.26, 1219.15);
insert into STATION values (1189, '.', 63, 681647.25, 4760647.49, 1219.18);
insert into STATION values (1190, '.', 63, 681638.41, 4760650.62, 1220.40);
insert into STATION values (1191, '.', 63, 681634.40, 4760655.60, 1220.37);
insert into STATION values (1192, '.', 63, 681642.67, 4760662.45, 1218.49);
insert into STATION values (1193, '.', 63, 681654.17, 4760668.12, 1220.39);
insert into STATION values (1194, '.', 63, 681663.53, 4760653.13, 1217.46);
insert into STATION values (1195, '.', 63, 681648.94, 4760653.62, 1222.02);
insert into STATION values (1196, '.', 63, 681653.26, 4760655.71, 1224.19);
insert into STATION values (1197, '.', 63, 681649.84, 4760655.47, 1211.09);
insert into STATION values (1198, '136', 63, 681638.47, 4760648.55, 1216.92);
insert into STATION values (1199, '.', 63, 681640.20, 4760645.04, 1218.46);
insert into STATION values (1200, '.', 63, 681628.41, 4760650.44, 1219.99);
insert into STATION values (1201, '.', 63, 681637.31, 4760658.19, 1219.87);
insert into STATION values (1202, '.', 63, 681634.80, 4760660.66, 1216.01);
insert into STATION values (1203, '.', 63, 681654.39, 4760654.02, 1221.08);
insert into STATION values (1204, '.', 63, 681637.63, 4760648.23, 1220.29);
insert into STATION values (1205, '.', 63, 681628.78, 4760650.35, 1223.05);
insert into STATION values (1206, '.', 63, 681638.30, 4760648.67, 1215.11);
insert into STATION values (1207, '.', 63, 681626.14, 4760651.56, 1209.14);
insert into STATION values (1208, '.', 63, 681628.53, 4760651.37, 1208.39);
insert into STATION values (1209, '.', 63, 681638.26, 4760648.36, 1216.79);
insert into STATION values (1210, '137', 63, 681632.55, 4760643.20, 1213.48);
insert into STATION values (1211, '.', 63, 681633.59, 4760641.47, 1214.12);
insert into STATION values (1212, '.', 63, 681630.73, 4760637.74, 1215.44);
insert into STATION values (1213, '.', 63, 681619.47, 4760630.90, 1219.98);
insert into STATION values (1214, '.', 63, 681619.39, 4760644.09, 1219.16);
insert into STATION values (1215, '.', 63, 681634.06, 4760656.23, 1220.05);
insert into STATION values (1216, '.', 63, 681634.19, 4760644.21, 1220.61);
insert into STATION values (1217, '.', 63, 681632.92, 4760643.49, 1211.88);
insert into STATION values (1218, '.', 63, 681629.31, 4760647.27, 1209.18);
insert into STATION values (1219, '138', 63, 681623.25, 4760633.86, 1210.65);
insert into STATION values (1220, '.', 63, 681625.83, 4760629.42, 1212.88);
insert into STATION values (1221, '.', 63, 681618.93, 4760625.88, 1213.36);
insert into STATION values (1222, '.', 63, 681602.27, 4760637.27, 1219.07);
insert into STATION values (1223, '.', 63, 681614.25, 4760640.82, 1217.90);
insert into STATION values (1224, '.', 63, 681629.70, 4760647.42, 1223.75);
insert into STATION values (1225, '.', 63, 681621.43, 4760636.85, 1224.93);
insert into STATION values (1226, '.', 63, 681622.88, 4760633.82, 1207.93);
insert into STATION values (1227, '139', 63, 681609.06, 4760628.56, 1209.57);
insert into STATION values (1228, '.', 63, 681611.94, 4760620.48, 1210.48);
insert into STATION values (1229, '.', 63, 681600.51, 4760615.81, 1211.86);
insert into STATION values (1230, '.', 63, 681575.79, 4760628.47, 1215.31);
insert into STATION values (1231, '.', 63, 681598.55, 4760638.20, 1215.80);
insert into STATION values (1232, '.', 63, 681611.91, 4760639.57, 1216.95);
insert into STATION values (1233, '.', 63, 681614.21, 4760636.99, 1227.99);
insert into STATION values (1234, '.', 63, 681611.31, 4760624.61, 1203.99);
insert into STATION values (1235, '140', 63, 681597.97, 4760633.00, 1212.13);
insert into STATION values (1236, '.', 63, 681605.14, 4760619.84, 1215.56);
insert into STATION values (1237, '.', 63, 681595.20, 4760619.98, 1214.57);
insert into STATION values (1238, '.', 63, 681593.24, 4760635.95, 1214.20);
insert into STATION values (1239, '.', 63, 681599.09, 4760638.52, 1215.18);
insert into STATION values (1240, '.', 63, 681606.04, 4760639.55, 1218.12);
insert into STATION values (1241, '.', 63, 681583.95, 4760633.14, 1209.45);
insert into STATION values (1242, '141', 63, 681582.38, 4760633.34, 1209.29);
insert into STATION values (1243, '.', 63, 681583.42, 4760615.60, 1217.24);
insert into STATION values (1244, '.', 63, 681568.65, 4760611.23, 1213.46);
insert into STATION values (1245, '.', 63, 681575.75, 4760632.03, 1208.89);
insert into STATION values (1246, '.', 63, 681581.09, 4760634.48, 1209.46);
insert into STATION values (1247, '.', 63, 681584.56, 4760637.06, 1210.09);
insert into STATION values (1248, '.', 63, 681581.71, 4760632.65, 1216.70);
insert into STATION values (1249, '.', 63, 681582.30, 4760622.79, 1227.64);
insert into STATION values (1250, '.', 63, 681582.17, 4760633.43, 1207.34);
insert into STATION values (1251, '142', 63, 681568.27, 4760627.42, 1206.01);
insert into STATION values (1252, '.', 63, 681580.56, 4760609.58, 1211.29);
insert into STATION values (1253, '.', 63, 681564.57, 4760605.42, 1206.40);
insert into STATION values (1254, '.', 63, 681549.99, 4760606.35, 1205.18);
insert into STATION values (1255, '.', 63, 681546.45, 4760604.38, 1205.35);
insert into STATION values (1256, '.', 63, 681546.39, 4760606.32, 1204.31);
insert into STATION values (1257, '.', 63, 681549.50, 4760622.19, 1206.32);
insert into STATION values (1258, '.', 63, 681566.52, 4760628.68, 1206.28);
insert into STATION values (1259, '.', 63, 681578.37, 4760634.09, 1208.63);
insert into STATION values (1260, '.', 63, 681586.66, 4760636.69, 1213.18);
insert into STATION values (1261, '.', 63, 681568.30, 4760626.77, 1209.64);
insert into STATION values (1262, '.', 63, 681582.68, 4760618.15, 1229.25);
insert into STATION values (1263, '.', 63, 681567.41, 4760626.81, 1203.76);
insert into STATION values (1264, 'PTR_A35_143', 63, 681560.04, 4760620.78, 1201.01);
insert into STATION values (1265, '.', 63, 681567.51, 4760605.23, 1208.02);
insert into STATION values (1266, '.', 63, 681549.21, 4760610.95, 1205.54);
insert into STATION values (1267, '.', 63, 681551.24, 4760632.73, 1210.79);
insert into STATION values (1268, '.', 63, 681558.29, 4760631.13, 1208.77);
insert into STATION values (1269, '.', 63, 681565.79, 4760628.58, 1206.97);
insert into STATION values (1270, '.', 63, 681560.80, 4760617.36, 1215.96);
insert into STATION values (1271, '.', 63, 681553.34, 4760619.06, 1218.22);
insert into STATION values (1272, '.', 63, 681559.98, 4760615.20, 1196.42);
insert into STATION values (1273, '144', 63, 681555.66, 4760605.16, 1199.25);
insert into STATION values (1274, '145', 63, 681559.03, 4760629.77, 1206.07);
insert into STATION values (1275, '.', 63, 681550.44, 4760626.72, 1207.58);
insert into STATION values (1276, '.', 63, 681551.32, 4760635.18, 1208.00);
insert into STATION values (1277, '.', 63, 681547.13, 4760643.63, 1203.86);
insert into STATION values (1278, '.', 63, 681560.32, 4760629.72, 1206.94);
insert into STATION values (1279, '.', 63, 681567.45, 4760608.79, 1210.38);
insert into STATION values (1280, '.', 63, 681552.75, 4760627.01, 1218.77);
insert into STATION values (1281, '.', 63, 681548.66, 4760635.56, 1198.14);
insert into STATION values (1282, '146', 63, 681544.50, 4760638.01, 1199.04);
insert into STATION values (1283, '.', 63, 681549.20, 4760624.42, 1195.88);
insert into STATION values (1284, '.', 63, 681531.85, 4760625.02, 1193.71);
insert into STATION values (1285, '.', 63, 681524.73, 4760636.74, 1195.12);
insert into STATION values (1286, '.', 63, 681511.70, 4760624.98, 1182.88);
insert into STATION values (1287, '.', 63, 681543.61, 4760646.17, 1200.24);
insert into STATION values (1288, '.', 63, 681550.22, 4760642.79, 1201.54);
insert into STATION values (1289, '.', 63, 681544.33, 4760638.45, 1203.74);
insert into STATION values (1290, '.', 63, 681537.42, 4760634.92, 1191.61);
insert into STATION values (1291, '147', 63, 681534.36, 4760635.77, 1193.31);
insert into STATION values (1292, '.', 63, 681539.15, 4760619.76, 1194.39);
insert into STATION values (1293, '.', 63, 681524.37, 4760625.54, 1192.34);
insert into STATION values (1294, '.', 63, 681519.73, 4760619.60, 1183.46);
insert into STATION values (1295, '.', 63, 681514.63, 4760646.15, 1191.95);
insert into STATION values (1296, '.', 63, 681516.57, 4760644.62, 1187.91);
insert into STATION values (1297, '.', 63, 681529.91, 4760648.81, 1195.10);
insert into STATION values (1298, '.', 63, 681534.33, 4760635.60, 1197.64);
insert into STATION values (1299, '.', 63, 681534.45, 4760633.93, 1189.78);
insert into STATION values (1300, '148', 63, 681511.98, 4760639.29, 1184.16);
insert into STATION values (1301, '.', 63, 681521.45, 4760620.09, 1184.98);
insert into STATION values (1302, '.', 63, 681508.12, 4760630.08, 1184.47);
insert into STATION values (1303, '.', 63, 681500.55, 4760639.66, 1183.60);
insert into STATION values (1304, '.', 63, 681503.08, 4760645.14, 1189.63);
insert into STATION values (1305, '.', 63, 681498.22, 4760651.27, 1191.38);
insert into STATION values (1306, '.', 63, 681509.00, 4760645.95, 1189.36);
insert into STATION values (1307, '.', 63, 681519.18, 4760646.30, 1192.32);
insert into STATION values (1308, '.', 63, 681512.68, 4760638.00, 1190.73);
insert into STATION values (1309, '.', 63, 681512.39, 4760636.48, 1181.01);
insert into STATION values (1310, '149', 63, 681506.61, 4760638.72, 1182.33);
insert into STATION values (1311, '.', 63, 681507.15, 4760629.20, 1182.65);
insert into STATION values (1312, '.', 63, 681499.49, 4760639.49, 1182.62);
insert into STATION values (1313, '.', 63, 681479.97, 4760650.49, 1182.99);
insert into STATION values (1314, '.', 63, 681499.40, 4760651.92, 1184.18);
insert into STATION values (1315, '.', 63, 681508.20, 4760642.54, 1183.61);
insert into STATION values (1316, '.', 63, 681509.67, 4760646.37, 1189.47);
insert into STATION values (1317, '150', 63, 681499.43, 4760646.76, 1178.97);
insert into STATION values (1318, '.', 63, 681496.69, 4760640.68, 1179.46);
insert into STATION values (1319, '.', 63, 681488.33, 4760643.80, 1179.57);
insert into STATION values (1320, '.', 63, 681480.07, 4760657.21, 1177.78);
insert into STATION values (1321, '.', 63, 681495.56, 4760654.90, 1179.37);
insert into STATION values (1322, '.', 63, 681501.10, 4760650.55, 1180.23);
insert into STATION values (1323, '.', 63, 681506.80, 4760649.66, 1182.43);
insert into STATION values (1324, '.', 63, 681507.31, 4760644.41, 1183.72);
insert into STATION values (1325, '.', 63, 681496.61, 4760646.97, 1190.00);
insert into STATION values (1326, '.', 63, 681499.10, 4760646.74, 1177.54);
insert into STATION values (1327, '151', 63, 681480.63, 4760649.92, 1172.82);
insert into STATION values (1328, '.', 63, 681475.34, 4760639.28, 1182.79);
insert into STATION values (1329, '.', 63, 681468.50, 4760645.75, 1178.94);
insert into STATION values (1330, '.', 63, 681476.49, 4760655.33, 1175.30);
insert into STATION values (1331, '.', 63, 681485.94, 4760657.41, 1177.10);
insert into STATION values (1332, '.', 63, 681496.40, 4760654.37, 1177.76);
insert into STATION values (1333, '.', 63, 681479.47, 4760650.88, 1182.20);
insert into STATION values (1334, '.', 63, 681476.54, 4760637.98, 1202.84);
insert into STATION values (1335, '.', 63, 681479.95, 4760650.60, 1170.19);
insert into STATION values (1336, '152', 63, 681465.58, 4760648.62, 1170.61);
insert into STATION values (1337, '.', 63, 681473.75, 4760643.72, 1176.77);
insert into STATION values (1338, '.', 63, 681458.72, 4760619.70, 1176.01);
insert into STATION values (1339, '.', 63, 681453.61, 4760622.52, 1174.24);
insert into STATION values (1340, '.', 63, 681459.92, 4760641.83, 1171.35);
insert into STATION values (1341, '.', 63, 681463.97, 4760649.07, 1170.95);
insert into STATION values (1342, '.', 63, 681461.59, 4760649.59, 1172.44);
insert into STATION values (1343, '.', 63, 681467.05, 4760652.67, 1173.48);
insert into STATION values (1344, '.', 63, 681466.26, 4760646.60, 1177.91);
insert into STATION values (1345, '.', 63, 681474.90, 4760638.85, 1191.71);
insert into STATION values (1346, '.', 63, 681464.46, 4760646.08, 1166.62);
insert into STATION values (1347, '153', 63, 681459.81, 4760644.32, 1168.41);
insert into STATION values (1348, '.', 63, 681468.57, 4760634.86, 1177.47);
insert into STATION values (1349, '.', 63, 681463.69, 4760624.83, 1176.64);
insert into STATION values (1350, '.', 63, 681460.34, 4760622.16, 1177.73);
insert into STATION values (1351, '.', 63, 681459.20, 4760639.93, 1170.44);
insert into STATION values (1352, '.', 63, 681454.71, 4760642.74, 1169.02);
insert into STATION values (1353, '.', 63, 681458.61, 4760646.61, 1169.19);
insert into STATION values (1354, '.', 63, 681463.48, 4760649.27, 1170.42);
insert into STATION values (1355, '.', 63, 681468.40, 4760654.84, 1172.83);
insert into STATION values (1356, '.', 63, 681459.88, 4760643.89, 1171.47);
insert into STATION values (1357, '.', 63, 681462.49, 4760643.40, 1176.10);
insert into STATION values (1358, '.', 63, 681478.21, 4760642.02, 1193.84);
insert into STATION values (1359, '.', 63, 681461.81, 4760644.71, 1166.18);
insert into STATION values (1360, 'PTR_B66_154', 63, 681463.68, 4760638.00, 1172.32);
insert into STATION values (1361, '.', 63, 681461.78, 4760647.91, 1171.83);
insert into STATION values (1362, '.', 63, 681460.33, 4760640.41, 1171.65);
insert into STATION values (1363, '.', 63, 681456.59, 4760644.52, 1168.82);
insert into STATION values (1364, '.', 63, 681468.68, 4760653.35, 1178.13);
insert into STATION values (1365, '.', 63, 681461.96, 4760622.48, 1175.50);
insert into STATION values (1366, '.', 63, 681462.23, 4760622.55, 1184.67);
insert into STATION values (1367, '.', 63, 681464.65, 4760635.10, 1181.83);
insert into STATION values (1368, '.', 63, 681464.34, 4760635.49, 1180.31);
insert into STATION values (1369, '155', 63, 681456.00, 4760623.46, 1172.67);
insert into STATION values (1370, 'PTR_B33_0', 67, 681497.38, 4760650.42, 1181.07);
insert into STATION values (1371, '.', 67, 681492.42, 4760646.26, 1181.61);
insert into STATION values (1372, '.', 67, 681497.08, 4760650.29, 1189.56);
insert into STATION values (1373, '.', 67, 681500.38, 4760654.22, 1181.74);
insert into STATION values (1374, '.', 67, 681496.43, 4760650.67, 1178.84);
insert into STATION values (1375, '.', 67, 681484.34, 4760647.92, 1179.74);
insert into STATION values (1376, '.', 67, 681472.78, 4760656.12, 1182.04);
insert into STATION values (1377, '.', 67, 681493.76, 4760661.08, 1181.38);
insert into STATION values (1378, '1', 67, 681475.56, 4760661.51, 1171.92);
insert into STATION values (1379, '.', 67, 681475.32, 4760648.35, 1184.19);
insert into STATION values (1380, '.', 67, 681476.09, 4760650.53, 1192.95);
insert into STATION values (1381, '.', 67, 681477.37, 4760661.23, 1181.28);
insert into STATION values (1382, '.', 67, 681475.83, 4760662.36, 1172.26);
insert into STATION values (1383, '.', 67, 681475.52, 4760661.23, 1170.42);
insert into STATION values (1384, '.', 67, 681474.91, 4760661.78, 1180.31);
insert into STATION values (1385, '.', 67, 681515.35, 4760644.67, 1214.97);
insert into STATION values (1386, '.', 67, 681486.47, 4760661.47, 1176.53);
insert into STATION values (1387, '.', 67, 681487.46, 4760661.11, 1172.64);
insert into STATION values (1388, '2', 67, 681460.76, 4760648.40, 1170.50);
insert into STATION values (1389, '.', 67, 681460.26, 4760646.66, 1170.23);
insert into STATION values (1390, '.', 67, 681460.99, 4760653.54, 1171.23);
insert into STATION values (1391, '.', 67, 681460.95, 4760648.93, 1177.50);
insert into STATION values (1392, '.', 67, 681460.09, 4760649.09, 1167.25);
insert into STATION values (1393, '3', 67, 681449.77, 4760640.80, 1166.13);
insert into STATION values (1394, '.', 67, 681450.17, 4760638.88, 1166.11);
insert into STATION values (1395, '.', 67, 681449.33, 4760642.48, 1166.22);
insert into STATION values (1396, '.', 67, 681449.69, 4760640.70, 1168.98);
insert into STATION values (1397, '.', 67, 681449.86, 4760640.70, 1164.53);
insert into STATION values (1398, '.', 67, 681440.46, 4760636.07, 1167.34);
insert into STATION values (1399, '.', 67, 681446.51, 4760640.38, 1166.48);
insert into STATION values (1400, '.', 67, 681444.79, 4760631.16, 1167.60);
insert into STATION values (1401, '.', 67, 681449.42, 4760638.29, 1166.65);
insert into STATION values (1402, '4', 67, 681436.36, 4760628.70, 1165.53);
insert into STATION values (1403, '.', 67, 681442.42, 4760624.79, 1166.66);
insert into STATION values (1404, '.', 67, 681436.79, 4760628.65, 1166.88);
insert into STATION values (1405, '.', 67, 681436.99, 4760628.59, 1164.25);
insert into STATION values (1406, '5', 67, 681458.92, 4760640.32, 1168.20);
insert into STATION values (1407, '.', 67, 681463.62, 4760643.01, 1170.79);
insert into STATION values (1408, '.', 67, 681471.85, 4760639.82, 1188.13);
insert into STATION values (1409, '.', 67, 681458.34, 4760637.10, 1168.96);
insert into STATION values (1410, '.', 67, 681459.18, 4760644.02, 1167.77);
insert into STATION values (1411, 'PTR_B66_6', 67, 681463.68, 4760638.00, 1172.32);
insert into STATION values (1412, '.', 67, 681458.61, 4760650.96, 1172.20);
insert into STATION values (1413, '.', 67, 681463.01, 4760637.99, 1176.36);
insert into STATION values (1414, '.', 67, 681467.08, 4760635.10, 1188.21);
insert into STATION values (1415, '.', 67, 681468.96, 4760631.92, 1175.94);
insert into STATION values (1416, '7', 67, 681451.09, 4760625.60, 1172.04);
insert into STATION values (1417, '.', 67, 681450.33, 4760627.95, 1172.22);
insert into STATION values (1418, '.', 67, 681451.97, 4760626.18, 1176.70);
insert into STATION values (1419, '.', 67, 681451.11, 4760625.47, 1172.04);
insert into STATION values (1420, '.', 67, 681450.57, 4760625.90, 1170.68);
insert into STATION values (1421, '.', 67, 681459.96, 4760632.96, 1183.77);
insert into STATION values (1422, '.', 67, 681459.86, 4760633.52, 1183.65);
insert into STATION values (1423, '.', 67, 681461.03, 4760643.00, 1176.60);
insert into STATION values (1424, '.', 67, 681457.30, 4760661.78, 1176.36);
insert into STATION values (1425, '8', 67, 681447.86, 4760622.26, 1169.49);
insert into STATION values (1426, '.', 67, 681448.87, 4760620.84, 1170.06);
insert into STATION values (1427, '.', 67, 681447.73, 4760622.20, 1170.36);
insert into STATION values (1428, '.', 67, 681447.72, 4760622.33, 1169.44);
insert into STATION values (1429, '.', 67, 681447.82, 4760622.20, 1169.21);
insert into STATION values (1430, '9', 67, 681444.59, 4760616.25, 1170.79);
insert into STATION values (1431, '.', 67, 681448.07, 4760613.52, 1170.51);
insert into STATION values (1432, '.', 67, 681443.99, 4760617.10, 1170.93);
insert into STATION values (1433, '.', 67, 681443.93, 4760614.68, 1167.87);
insert into STATION values (1434, '.', 67, 681447.52, 4760615.69, 1169.34);
insert into STATION values (1435, '.', 67, 681443.81, 4760614.73, 1167.85);
insert into STATION values (1436, '10', 67, 681441.19, 4760613.86, 1168.88);
insert into STATION values (1437, '.', 67, 681444.44, 4760611.96, 1169.38);
insert into STATION values (1438, '.', 67, 681440.33, 4760615.31, 1169.63);
insert into STATION values (1439, '.', 67, 681441.23, 4760613.87, 1169.50);
insert into STATION values (1440, '.', 67, 681441.69, 4760613.58, 1167.42);
insert into STATION values (1441, '11', 67, 681440.69, 4760609.44, 1170.55);
insert into STATION values (1442, '.', 67, 681438.46, 4760614.07, 1169.11);
insert into STATION values (1443, '.', 67, 681441.52, 4760607.56, 1172.32);
insert into STATION values (1444, '.', 67, 681440.01, 4760610.61, 1168.66);
insert into STATION values (1445, '12', 67, 681445.03, 4760608.91, 1172.00);
insert into STATION values (1446, '.', 67, 681444.60, 4760610.27, 1172.15);
insert into STATION values (1447, '.', 67, 681442.97, 4760610.82, 1187.93);
insert into STATION values (1448, '.', 67, 681445.13, 4760608.78, 1172.16);
insert into STATION values (1449, '.', 67, 681445.05, 4760609.19, 1170.68);
insert into STATION values (1450, '13', 67, 681447.10, 4760611.32, 1175.03);
insert into STATION values (1451, '.', 67, 681445.68, 4760611.50, 1175.40);
insert into STATION values (1452, '.', 67, 681446.58, 4760610.85, 1177.07);
insert into STATION values (1453, '.', 67, 681447.72, 4760610.96, 1175.18);
insert into STATION values (1454, '.', 67, 681447.02, 4760611.71, 1174.30);
insert into STATION values (1455, '14', 67, 681446.35, 4760613.87, 1178.21);
insert into STATION values (1456, '.', 67, 681452.97, 4760622.64, 1181.61);
insert into STATION values (1457, '.', 67, 681442.60, 4760609.53, 1178.28);
insert into STATION values (1458, '.', 67, 681447.21, 4760614.66, 1186.61);
insert into STATION values (1459, '.', 67, 681447.85, 4760612.75, 1175.13);
insert into STATION values (1460, '15', 67, 681449.70, 4760612.14, 1178.45);
insert into STATION values (1461, '.', 67, 681451.76, 4760610.99, 1178.55);
insert into STATION values (1462, '.', 67, 681453.04, 4760610.31, 1178.69);
insert into STATION values (1463, '.', 67, 681450.20, 4760611.43, 1178.49);
insert into STATION values (1464, '.', 67, 681446.82, 4760615.66, 1179.10);
insert into STATION values (1465, '.', 67, 681448.67, 4760612.90, 1182.98);
insert into STATION values (1466, '.', 67, 681445.68, 4760622.93, 1195.14);
insert into STATION values (1467, '.', 67, 681449.54, 4760612.01, 1177.97);
insert into STATION values (1468, '16', 67, 681435.48, 4760605.97, 1182.55);
insert into STATION values (1469, '.', 67, 681434.76, 4760604.28, 1182.21);
insert into STATION values (1470, '.', 67, 681435.09, 4760607.65, 1182.49);
insert into STATION values (1471, '.', 67, 681433.80, 4760608.36, 1191.03);
insert into STATION values (1472, '.', 67, 681434.23, 4760606.09, 1180.48);
insert into STATION values (1473, '17', 67, 681425.85, 4760601.83, 1181.41);
insert into STATION values (1474, '.', 67, 681426.26, 4760600.29, 1181.34);
insert into STATION values (1475, '.', 67, 681428.06, 4760609.79, 1183.95);
insert into STATION values (1476, '.', 67, 681426.34, 4760602.82, 1189.25);
insert into STATION values (1477, '.', 67, 681425.72, 4760601.73, 1180.31);
insert into STATION values (1478, '18', 67, 681426.05, 4760600.32, 1181.48);
insert into STATION values (1479, '.', 67, 681427.10, 4760609.15, 1183.12);
insert into STATION values (1480, '.', 67, 681426.46, 4760600.71, 1185.10);
insert into STATION values (1481, '.', 67, 681425.28, 4760601.01, 1180.04);
insert into STATION values (1482, '.', 67, 681420.90, 4760605.99, 1192.12);
insert into STATION values (1483, '.', 67, 681403.68, 4760596.91, 1177.70);
insert into STATION values (1484, '19', 67, 681395.84, 4760600.50, 1175.56);
insert into STATION values (1485, '.', 67, 681395.03, 4760599.14, 1175.59);
insert into STATION values (1486, '.', 67, 681396.18, 4760601.78, 1176.09);
insert into STATION values (1487, '.', 67, 681395.88, 4760600.78, 1178.00);
insert into STATION values (1488, '20', 67, 681384.42, 4760601.81, 1175.36);
insert into STATION values (1489, '.', 67, 681383.14, 4760600.58, 1175.46);
insert into STATION values (1490, '.', 67, 681386.15, 4760603.67, 1175.76);
insert into STATION values (1491, '.', 67, 681384.78, 4760601.90, 1183.22);
insert into STATION values (1492, '.', 67, 681384.77, 4760601.98, 1174.19);
insert into STATION values (1493, '21', 67, 681382.55, 4760605.71, 1174.76);
insert into STATION values (1494, '.', 67, 681379.94, 4760603.66, 1174.81);
insert into STATION values (1495, '.', 67, 681383.32, 4760604.78, 1176.54);
insert into STATION values (1496, '.', 67, 681382.22, 4760606.71, 1171.64);
insert into STATION values (1497, '.', 67, 681382.62, 4760605.79, 1174.87);
insert into STATION values (1498, '.', 67, 681382.23, 4760605.90, 1174.86);
insert into STATION values (1499, '22', 67, 681380.98, 4760606.61, 1172.82);
insert into STATION values (1500, '.', 67, 681380.33, 4760606.16, 1172.92);
insert into STATION values (1501, '.', 67, 681381.19, 4760607.05, 1172.90);
insert into STATION values (1502, '23', 67, 681380.10, 4760606.41, 1171.10);
insert into STATION values (1503, '.', 67, 681381.80, 4760605.28, 1171.18);
insert into STATION values (1504, '.', 67, 681380.07, 4760606.23, 1172.67);
insert into STATION values (1505, '.', 67, 681380.07, 4760606.29, 1170.45);
insert into STATION values (1506, '24', 67, 681379.14, 4760604.44, 1169.37);
insert into STATION values (1507, '.', 67, 681380.36, 4760605.95, 1169.21);
insert into STATION values (1508, '.', 67, 681379.13, 4760604.54, 1170.73);
insert into STATION values (1509, '.', 67, 681378.98, 4760604.78, 1168.29);
insert into STATION values (1510, '25', 67, 681381.13, 4760609.08, 1164.81);
insert into STATION values (1511, '.', 67, 681378.92, 4760607.26, 1165.01);
insert into STATION values (1512, '.', 67, 681380.91, 4760608.62, 1165.77);
insert into STATION values (1513, '.', 67, 681381.00, 4760609.10, 1163.55);
insert into STATION values (1514, '26', 67, 681374.96, 4760606.56, 1167.14);
insert into STATION values (1515, '.', 67, 681378.49, 4760611.33, 1167.80);
insert into STATION values (1516, '.', 67, 681374.02, 4760608.30, 1185.94);
insert into STATION values (1517, '.', 67, 681374.82, 4760607.57, 1166.00);
insert into STATION values (1518, '27', 67, 681371.02, 4760610.56, 1171.33);
insert into STATION values (1519, '.', 67, 681369.40, 4760609.11, 1171.58);
insert into STATION values (1520, '.', 67, 681376.11, 4760614.07, 1171.52);
insert into STATION values (1521, '.', 67, 681371.88, 4760611.03, 1187.38);
insert into STATION values (1522, '.', 67, 681378.17, 4760610.82, 1176.37);
insert into STATION values (1523, '.', 67, 681374.30, 4760607.08, 1173.31);
insert into STATION values (1524, '.', 67, 681385.56, 4760607.51, 1188.49);
insert into STATION values (1525, '.', 67, 681360.95, 4760615.79, 1186.44);
insert into STATION values (1526, '28', 67, 681365.71, 4760614.79, 1170.96);
insert into STATION values (1527, '.', 67, 681360.38, 4760609.55, 1171.20);
insert into STATION values (1528, '.', 67, 681364.95, 4760614.57, 1176.81);
insert into STATION values (1529, '.', 67, 681359.91, 4760616.47, 1169.75);
insert into STATION values (1530, '.', 67, 681365.24, 4760614.84, 1169.40);
insert into STATION values (1531, '.', 67, 681353.22, 4760619.30, 1174.27);
insert into STATION values (1532, '.', 67, 681364.76, 4760615.36, 1170.83);
insert into STATION values (1533, '.', 67, 681358.81, 4760618.39, 1171.19);
insert into STATION values (1534, '.', 67, 681376.00, 4760607.22, 1172.68);
insert into STATION values (1535, '.', 67, 681365.17, 4760614.67, 1175.96);
insert into STATION values (1536, '.', 67, 681365.02, 4760614.82, 1169.57);
insert into STATION values (1537, '.', 67, 681363.87, 4760608.59, 1180.02);
insert into STATION values (1538, '.', 67, 681369.34, 4760606.51, 1177.42);
insert into STATION values (1539, 'PTR_B62_29', 67, 681364.09, 4760611.34, 1171.18);
insert into STATION values (1540, '.', 67, 681365.10, 4760616.27, 1171.31);
insert into STATION values (1541, '.', 67, 681366.12, 4760612.41, 1187.53);
insert into STATION values (1542, '.', 67, 681363.74, 4760611.56, 1169.75);
insert into STATION values (1543, '.', 67, 681360.98, 4760607.88, 1168.44);
insert into STATION values (1544, '.', 67, 681363.78, 4760611.00, 1170.91);
insert into STATION values (1545, '30', 67, 681360.44, 4760607.87, 1168.29);
insert into STATION values (1546, 'PTR_A84_0', 71, 682334.73, 4760649.98, 1295.39);
insert into STATION values (1547, '.', 71, 682336.93, 4760648.34, 1295.32);
insert into STATION values (1548, '.', 71, 682335.03, 4760649.48, 1298.31);
insert into STATION values (1549, '.', 71, 682331.61, 4760652.76, 1296.23);
insert into STATION values (1550, '.', 71, 682334.65, 4760649.89, 1293.47);
insert into STATION values (1551, '.', 71, 682344.94, 4760655.24, 1304.82);
insert into STATION values (1552, '.', 71, 682339.39, 4760654.72, 1301.80);
insert into STATION values (1553, '.', 71, 682337.06, 4760655.00, 1305.70);
insert into STATION values (1554, '.', 71, 682333.59, 4760652.65, 1302.13);
insert into STATION values (1555, '.', 71, 682336.31, 4760655.66, 1298.26);
insert into STATION values (1556, '.', 71, 682334.48, 4760653.26, 1296.32);
insert into STATION values (1557, '.', 71, 682333.28, 4760645.55, 1294.99);
insert into STATION values (1558, '.', 71, 682314.62, 4760635.50, 1294.22);
insert into STATION values (1559, '.', 71, 682318.03, 4760647.41, 1296.25);
insert into STATION values (1560, '.', 71, 682310.82, 4760639.81, 1299.32);
insert into STATION values (1561, '1', 71, 682327.99, 4760643.31, 1288.92);
insert into STATION values (1562, '.', 71, 682332.68, 4760642.09, 1289.48);
insert into STATION values (1563, '.', 71, 682311.80, 4760642.95, 1291.26);
insert into STATION values (1564, '.', 71, 682326.58, 4760642.69, 1303.83);
insert into STATION values (1565, '.', 71, 682328.21, 4760643.24, 1288.59);
insert into STATION values (1566, '.', 71, 682311.35, 4760642.51, 1291.12);
insert into STATION values (1567, '.', 71, 682326.39, 4760645.36, 1289.83);
insert into STATION values (1568, '.', 71, 682326.42, 4760646.98, 1293.21);
insert into STATION values (1569, '.', 71, 682332.65, 4760643.13, 1289.92);
insert into STATION values (1570, '.', 71, 682334.34, 4760647.58, 1295.88);
insert into STATION values (1571, '.', 71, 682338.47, 4760654.41, 1301.60);
insert into STATION values (1572, '.', 71, 682326.03, 4760632.94, 1297.08);
insert into STATION values (1573, '2', 71, 682332.78, 4760633.47, 1286.46);
insert into STATION values (1574, '.', 71, 682334.08, 4760637.11, 1286.09);
insert into STATION values (1575, '.', 71, 682332.76, 4760633.26, 1285.54);
insert into STATION values (1576, '.', 71, 682332.82, 4760633.56, 1286.75);
insert into STATION values (1577, '.', 71, 682332.62, 4760633.21, 1286.56);
insert into STATION values (1578, '.', 71, 682332.48, 4760635.87, 1290.14);
insert into STATION values (1579, '.', 71, 682335.81, 4760637.35, 1283.55);
insert into STATION values (1580, '.', 71, 682343.29, 4760632.08, 1286.24);
insert into STATION values (1581, '.', 71, 682337.01, 4760629.50, 1287.98);
insert into STATION values (1582, '.', 71, 682355.50, 4760642.35, 1286.37);
insert into STATION values (1583, '.', 71, 682341.75, 4760638.46, 1286.57);
insert into STATION values (1584, '.', 71, 682338.74, 4760634.96, 1282.47);
insert into STATION values (1585, '.', 71, 682335.85, 4760634.57, 1282.49);
insert into STATION values (1586, '3', 71, 682352.57, 4760642.43, 1286.04);
insert into STATION values (1587, '.', 71, 682351.83, 4760646.81, 1286.85);
insert into STATION values (1588, '.', 71, 682351.38, 4760636.39, 1285.98);
insert into STATION values (1589, '.', 71, 682351.58, 4760642.85, 1301.02);
insert into STATION values (1590, '.', 71, 682352.00, 4760641.33, 1283.38);
insert into STATION values (1591, '.', 71, 682348.38, 4760643.08, 1285.77);
insert into STATION values (1592, '.', 71, 682347.30, 4760641.01, 1285.99);
insert into STATION values (1593, '.', 71, 682346.33, 4760633.92, 1285.34);
insert into STATION values (1594, '.', 71, 682353.61, 4760649.24, 1288.96);
insert into STATION values (1595, '.', 71, 682359.89, 4760648.92, 1285.15);
insert into STATION values (1596, '.', 71, 682355.89, 4760648.85, 1284.35);
insert into STATION values (1597, '.', 71, 682357.06, 4760645.54, 1283.52);
insert into STATION values (1598, '.', 71, 682359.53, 4760631.33, 1299.80);
insert into STATION values (1599, '.', 71, 682353.62, 4760635.57, 1301.07);
insert into STATION values (1600, '4', 71, 682359.82, 4760649.11, 1286.13);
insert into STATION values (1601, '.', 71, 682359.81, 4760649.28, 1289.63);
insert into STATION values (1602, '.', 71, 682360.36, 4760645.66, 1286.97);
insert into STATION values (1603, '.', 71, 682360.26, 4760648.73, 1283.61);
insert into STATION values (1604, '.', 71, 682359.56, 4760649.69, 1286.38);
insert into STATION values (1605, '.', 71, 682360.59, 4760652.48, 1291.00);
insert into STATION values (1606, '.', 71, 682353.96, 4760649.47, 1291.38);
insert into STATION values (1607, '.', 71, 682363.49, 4760639.88, 1288.48);
insert into STATION values (1608, '5', 71, 682365.87, 4760651.61, 1286.77);
insert into STATION values (1609, '6', 71, 682365.55, 4760638.60, 1288.41);
insert into STATION values (1610, '.', 71, 682367.55, 4760638.98, 1288.88);
insert into STATION values (1611, '.', 71, 682365.45, 4760638.64, 1288.94);
insert into STATION values (1612, '.', 71, 682365.37, 4760638.49, 1288.49);
insert into STATION values (1613, '.', 71, 682365.68, 4760638.41, 1288.09);
insert into STATION values (1614, '.', 71, 682368.21, 4760629.33, 1291.07);
insert into STATION values (1615, '.', 71, 682366.35, 4760632.64, 1291.59);
insert into STATION values (1616, '.', 71, 682369.57, 4760637.91, 1287.07);
insert into STATION values (1617, '.', 71, 682367.83, 4760640.10, 1287.45);
insert into STATION values (1618, '.', 71, 682365.82, 4760639.11, 1288.32);
insert into STATION values (1619, '.', 71, 682367.79, 4760639.81, 1286.62);
insert into STATION values (1620, '7', 71, 682370.35, 4760633.54, 1284.81);
insert into STATION values (1621, '.', 71, 682372.79, 4760635.01, 1285.10);
insert into STATION values (1622, '.', 71, 682369.11, 4760632.64, 1285.00);
insert into STATION values (1623, '.', 71, 682370.39, 4760633.37, 1285.64);
insert into STATION values (1624, '.', 71, 682370.93, 4760633.62, 1283.99);
insert into STATION values (1625, '.', 71, 682378.26, 4760631.65, 1285.12);
insert into STATION values (1626, '.', 71, 682371.08, 4760636.03, 1284.83);
insert into STATION values (1627, '.', 71, 682367.43, 4760634.60, 1286.02);
insert into STATION values (1628, '.', 71, 682369.89, 4760633.03, 1285.44);
insert into STATION values (1629, '8', 71, 682382.50, 4760628.99, 1285.42);
insert into STATION values (1630, '.', 71, 682382.93, 4760631.36, 1285.28);
insert into STATION values (1631, '.', 71, 682382.81, 4760628.98, 1284.34);
insert into STATION values (1632, '.', 71, 682383.61, 4760630.85, 1288.10);
insert into STATION values (1633, '.', 71, 682386.19, 4760629.48, 1286.37);
insert into STATION values (1634, '.', 71, 682392.74, 4760632.32, 1287.85);
insert into STATION values (1635, '9', 71, 682390.66, 4760628.78, 1288.66);
insert into STATION values (1636, '.', 71, 682392.08, 4760632.13, 1289.21);
insert into STATION values (1637, '.', 71, 682388.79, 4760623.18, 1291.26);
insert into STATION values (1638, '.', 71, 682390.96, 4760628.83, 1292.47);
insert into STATION values (1639, '.', 71, 682390.90, 4760628.81, 1287.89);
insert into STATION values (1640, '.', 71, 682382.32, 4760630.64, 1287.58);
insert into STATION values (1641, '.', 71, 682386.66, 4760631.93, 1287.13);
insert into STATION values (1642, '.', 71, 682386.20, 4760627.77, 1287.62);
insert into STATION values (1643, '.', 71, 682389.01, 4760626.50, 1288.86);
insert into STATION values (1644, '.', 71, 682407.44, 4760632.45, 1289.80);
insert into STATION values (1645, '.', 71, 682399.08, 4760629.27, 1285.75);
insert into STATION values (1646, '.', 71, 682394.92, 4760634.56, 1285.14);
insert into STATION values (1647, '.', 71, 682390.78, 4760634.28, 1284.28);
insert into STATION values (1648, '10', 71, 682416.65, 4760607.78, 1306.42);
insert into STATION values (1649, '.', 71, 682416.57, 4760607.29, 1306.60);
insert into STATION values (1650, '.', 71, 682418.02, 4760612.52, 1307.05);
insert into STATION values (1651, '.', 71, 682417.12, 4760607.63, 1310.86);
insert into STATION values (1652, '.', 71, 682416.85, 4760608.19, 1306.00);
insert into STATION values (1653, '.', 71, 682424.60, 4760609.27, 1312.06);
insert into STATION values (1654, '.', 71, 682414.58, 4760611.49, 1309.94);
insert into STATION values (1655, '.', 71, 682411.88, 4760614.19, 1306.64);
insert into STATION values (1656, '.', 71, 682410.14, 4760616.43, 1301.94);
insert into STATION values (1657, '.', 71, 682416.33, 4760607.70, 1306.50);
insert into STATION values (1658, '.', 71, 682402.62, 4760610.16, 1307.64);
insert into STATION values (1659, '.', 71, 682419.59, 4760603.67, 1310.85);
insert into STATION values (1660, '11', 71, 682422.66, 4760607.55, 1309.12);
insert into STATION values (1661, '.', 71, 682423.47, 4760610.77, 1309.09);
insert into STATION values (1662, '.', 71, 682420.75, 4760602.55, 1309.93);
insert into STATION values (1663, '.', 71, 682422.43, 4760607.68, 1312.07);
insert into STATION values (1664, '.', 71, 682422.66, 4760607.51, 1308.88);
insert into STATION values (1665, '.', 71, 682403.44, 4760607.17, 1304.68);
insert into STATION values (1666, '.', 71, 682410.17, 4760616.38, 1303.80);
insert into STATION values (1667, '.', 71, 682407.18, 4760612.90, 1307.66);
insert into STATION values (1668, '.', 71, 682431.54, 4760602.90, 1312.05);
insert into STATION values (1669, '.', 71, 682426.94, 4760610.21, 1309.27);
insert into STATION values (1670, '.', 71, 682426.85, 4760608.30, 1308.71);
insert into STATION values (1671, '12', 71, 682426.37, 4760607.02, 1309.43);
insert into STATION values (1672, '.', 71, 682427.28, 4760609.61, 1309.20);
insert into STATION values (1673, '.', 71, 682425.58, 4760603.99, 1310.44);
insert into STATION values (1674, '.', 71, 682426.62, 4760607.19, 1311.96);
insert into STATION values (1675, '.', 71, 682426.69, 4760607.04, 1308.74);
insert into STATION values (1676, '.', 71, 682428.82, 4760608.33, 1307.70);
insert into STATION values (1677, '.', 71, 682429.91, 4760608.91, 1306.90);
insert into STATION values (1678, '.', 71, 682429.92, 4760608.91, 1306.92);
insert into STATION values (1679, '.', 71, 682426.51, 4760607.36, 1309.48);
insert into STATION values (1680, '.', 71, 682425.93, 4760604.32, 1309.73);
insert into STATION values (1681, '.', 71, 682426.48, 4760606.20, 1313.05);
insert into STATION values (1682, '.', 71, 682426.99, 4760606.55, 1307.78);
insert into STATION values (1683, '13', 71, 682435.52, 4760606.21, 1304.55);
insert into STATION values (1684, '.', 71, 682435.41, 4760605.60, 1304.64);
insert into STATION values (1685, '.', 71, 682435.50, 4760606.52, 1304.68);
insert into STATION values (1686, '.', 71, 682434.30, 4760604.38, 1312.22);
insert into STATION values (1687, '.', 71, 682435.54, 4760606.38, 1304.23);
insert into STATION values (1688, '.', 71, 682435.79, 4760604.66, 1305.84);
insert into STATION values (1689, '14', 71, 682444.58, 4760606.72, 1300.49);
insert into STATION values (1690, '.', 71, 682444.66, 4760608.39, 1300.50);
insert into STATION values (1691, '.', 71, 682444.53, 4760606.39, 1300.55);
insert into STATION values (1692, '.', 71, 682445.78, 4760604.22, 1308.36);
insert into STATION values (1693, '.', 71, 682445.21, 4760608.01, 1299.56);
insert into STATION values (1694, '15', 71, 682451.52, 4760606.46, 1301.83);
insert into STATION values (1695, '.', 71, 682465.35, 4760605.87, 1304.49);
insert into STATION values (1696, '.', 71, 682451.56, 4760607.37, 1301.78);
insert into STATION values (1697, '.', 71, 682451.05, 4760604.35, 1303.06);
insert into STATION values (1698, '.', 71, 682452.51, 4760602.74, 1311.45);
insert into STATION values (1699, '.', 71, 682452.17, 4760607.55, 1299.79);
insert into STATION values (1700, '.', 71, 682472.25, 4760605.03, 1300.08);
insert into STATION values (1701, '.', 71, 682472.40, 4760603.21, 1303.56);
insert into STATION values (1702, '.', 71, 682463.01, 4760605.69, 1301.02);
insert into STATION values (1703, '.', 71, 682463.11, 4760605.66, 1301.03);
insert into STATION values (1704, '.', 71, 682455.58, 4760606.18, 1301.52);
insert into STATION values (1705, 'PTR_Amont_01_16', 71, 682464.02, 4760606.43, 1300.91);
insert into STATION values (1706, '.', 71, 682462.15, 4760602.64, 1301.81);
insert into STATION values (1707, '.', 71, 682464.73, 4760607.26, 1301.27);
insert into STATION values (1708, '.', 71, 682463.29, 4760606.13, 1299.19);
insert into STATION values (1709, '.', 71, 682463.45, 4760605.32, 1306.33);
insert into STATION values (1710, '17', 71, 682392.80, 4760611.32, 1302.82);
insert into STATION values (1711, '.', 71, 682390.53, 4760619.74, 1302.19);
insert into STATION values (1712, '.', 71, 682393.98, 4760608.60, 1303.32);
insert into STATION values (1713, '.', 71, 682392.87, 4760611.28, 1303.65);
insert into STATION values (1714, '.', 71, 682393.19, 4760610.94, 1301.61);
insert into STATION values (1715, '.', 71, 682411.22, 4760615.69, 1305.14);
insert into STATION values (1716, '.', 71, 682404.62, 4760617.67, 1305.01);
insert into STATION values (1717, '.', 71, 682397.46, 4760617.90, 1304.20);
insert into STATION values (1718, '.', 71, 682395.31, 4760618.17, 1304.06);
insert into STATION values (1719, '.', 71, 682392.76, 4760611.49, 1302.83);
insert into STATION values (1720, '.', 71, 682389.50, 4760619.76, 1303.28);
insert into STATION values (1721, '.', 71, 682389.31, 4760616.27, 1301.15);
insert into STATION values (1722, '.', 71, 682389.92, 4760612.50, 1303.02);
insert into STATION values (1723, '.', 71, 682386.40, 4760610.07, 1302.49);
insert into STATION values (1724, '.', 71, 682390.21, 4760609.28, 1302.72);
insert into STATION values (1725, '.', 71, 682392.70, 4760609.00, 1302.97);
insert into STATION values (1726, '.', 71, 682407.56, 4760603.59, 1308.92);
insert into STATION values (1727, '18', 71, 682375.24, 4760612.38, 1302.42);
insert into STATION values (1728, '.', 71, 682374.39, 4760611.64, 1302.55);
insert into STATION values (1729, '.', 71, 682377.33, 4760616.60, 1302.41);
insert into STATION values (1730, '.', 71, 682375.11, 4760612.48, 1303.48);
insert into STATION values (1731, '.', 71, 682370.83, 4760614.32, 1302.69);
insert into STATION values (1732, '.', 71, 682368.72, 4760617.14, 1302.04);
insert into STATION values (1733, '.', 71, 682367.69, 4760620.23, 1301.85);
insert into STATION values (1734, '.', 71, 682372.48, 4760619.85, 1302.03);
insert into STATION values (1735, '.', 71, 682375.64, 4760619.14, 1302.31);
insert into STATION values (1736, '19', 71, 682364.08, 4760620.03, 1298.02);
insert into STATION values (1737, '.', 71, 682362.76, 4760620.17, 1298.74);
insert into STATION values (1738, '.', 71, 682370.40, 4760621.92, 1300.28);
insert into STATION values (1739, '.', 71, 682364.18, 4760619.81, 1300.37);
insert into STATION values (1740, '.', 71, 682364.48, 4760620.94, 1295.87);
insert into STATION values (1741, '.', 71, 682366.79, 4760626.18, 1297.62);
insert into STATION values (1742, '.', 71, 682368.82, 4760624.08, 1299.03);
insert into STATION values (1743, '.', 71, 682370.18, 4760622.04, 1300.06);
insert into STATION values (1744, '.', 71, 682371.21, 4760619.31, 1301.06);
insert into STATION values (1745, '.', 71, 682363.71, 4760616.11, 1298.42);
insert into STATION values (1746, '.', 71, 682362.60, 4760613.29, 1297.04);
insert into STATION values (1747, '.', 71, 682365.96, 4760615.55, 1298.27);
insert into STATION values (1748, '20', 71, 682362.01, 4760633.16, 1297.77);
insert into STATION values (1749, '21', 71, 682413.52, 4760612.50, 1301.55);
insert into STATION values (1750, '.', 71, 682412.49, 4760612.06, 1301.35);
insert into STATION values (1751, '.', 71, 682412.48, 4760612.59, 1309.92);
insert into STATION values (1752, '.', 71, 682413.29, 4760612.60, 1300.78);
insert into STATION values (1753, '.', 71, 682413.65, 4760612.52, 1301.53);
insert into STATION values (1754, '90', 71, 682412.80, 4760611.23, 1298.87);
insert into STATION values (1755, '.', 71, 682413.20, 4760611.70, 1298.94);
insert into STATION values (1756, '.', 71, 682412.60, 4760610.54, 1298.76);
insert into STATION values (1757, '.', 71, 682412.92, 4760611.39, 1300.26);
insert into STATION values (1758, '91', 71, 682414.41, 4760609.19, 1297.38);
insert into STATION values (1759, '.', 71, 682415.09, 4760608.89, 1297.46);
insert into STATION values (1760, '.', 71, 682412.93, 4760609.03, 1297.97);
insert into STATION values (1761, '.', 71, 682414.37, 4760609.00, 1299.04);
insert into STATION values (1762, '.', 71, 682414.37, 4760608.74, 1296.50);
insert into STATION values (1763, '92', 71, 682414.29, 4760606.58, 1296.96);
insert into STATION values (1764, '.', 71, 682414.92, 4760607.46, 1297.16);
insert into STATION values (1765, '.', 71, 682414.49, 4760606.57, 1298.67);
insert into STATION values (1766, '.', 71, 682414.56, 4760606.71, 1295.85);
insert into STATION values (1767, '93', 71, 682418.85, 4760605.04, 1296.66);
insert into STATION values (1768, '.', 71, 682418.64, 4760604.39, 1296.72);
insert into STATION values (1769, '.', 71, 682418.91, 4760605.19, 1296.72);
insert into STATION values (1770, '.', 71, 682419.12, 4760605.05, 1297.70);
insert into STATION values (1771, '.', 71, 682418.95, 4760602.66, 1299.13);
insert into STATION values (1772, '.', 71, 682419.07, 4760604.71, 1296.03);
insert into STATION values (1773, '94', 71, 682422.93, 4760603.32, 1297.37);
insert into STATION values (1774, '.', 71, 682422.95, 4760604.06, 1297.51);
insert into STATION values (1775, '.', 71, 682422.97, 4760602.80, 1297.53);
insert into STATION values (1776, '.', 71, 682423.21, 4760603.72, 1296.41);
insert into STATION values (1777, '.', 71, 682422.92, 4760603.58, 1298.22);
insert into STATION values (1778, '95', 71, 682424.47, 4760603.72, 1298.20);
insert into STATION values (1779, '.', 71, 682423.51, 4760604.38, 1298.43);
insert into STATION values (1780, '.', 71, 682423.98, 4760603.74, 1299.38);
insert into STATION values (1781, '.', 71, 682424.51, 4760603.86, 1297.41);
insert into STATION values (1782, '.', 71, 682425.28, 4760605.81, 1298.13);
insert into STATION values (1783, '.', 71, 682425.14, 4760605.88, 1299.87);
insert into STATION values (1784, '96', 71, 682423.76, 4760602.85, 1298.62);
insert into STATION values (1785, '.', 71, 682424.71, 4760603.35, 1298.72);
insert into STATION values (1786, '.', 71, 682424.91, 4760603.16, 1298.21);
insert into STATION values (1787, '.', 71, 682423.91, 4760604.16, 1298.26);
insert into STATION values (1788, '.', 71, 682424.26, 4760603.71, 1300.61);
insert into STATION values (1789, '.', 71, 682424.49, 4760603.86, 1297.12);
insert into STATION values (1790, '97', 71, 682421.49, 4760599.86, 1298.24);
insert into STATION values (1791, '.', 71, 682424.21, 4760601.37, 1297.92);
insert into STATION values (1792, '.', 71, 682420.34, 4760599.56, 1298.54);
insert into STATION values (1793, '.', 71, 682421.77, 4760600.02, 1300.79);
insert into STATION values (1794, '.', 71, 682421.44, 4760600.00, 1297.45);
insert into STATION values (1795, '.', 71, 682421.45, 4760599.98, 1297.44);
insert into STATION values (1796, '98', 71, 682425.75, 4760596.09, 1298.82);
insert into STATION values (1797, '.', 71, 682426.64, 4760597.29, 1299.23);
insert into STATION values (1798, '.', 71, 682425.82, 4760595.93, 1301.09);
insert into STATION values (1799, '.', 71, 682426.19, 4760596.21, 1297.87);
insert into STATION values (1800, '99', 71, 682430.65, 4760595.44, 1299.00);
insert into STATION values (1801, '.', 71, 682428.22, 4760596.28, 1299.21);
insert into STATION values (1802, '.', 71, 682425.75, 4760598.57, 1299.45);
insert into STATION values (1803, '.', 71, 682430.36, 4760595.78, 1302.11);
insert into STATION values (1804, '.', 71, 682431.05, 4760595.32, 1297.13);
insert into STATION values (1805, '100', 71, 682424.68, 4760591.54, 1299.49);
insert into STATION values (1806, '.', 71, 682425.14, 4760590.38, 1299.44);
insert into STATION values (1807, '.', 71, 682424.22, 4760592.41, 1300.02);
insert into STATION values (1808, '.', 71, 682424.54, 4760591.14, 1301.25);
insert into STATION values (1809, '.', 71, 682424.67, 4760591.31, 1298.62);
insert into STATION values (1810, '101', 71, 682418.66, 4760588.06, 1300.28);
insert into STATION values (1811, '.', 71, 682419.09, 4760586.97, 1300.38);
insert into STATION values (1812, '.', 71, 682418.59, 4760588.01, 1301.54);
insert into STATION values (1813, '.', 71, 682418.53, 4760587.86, 1299.28);
insert into STATION values (1814, '102', 71, 682412.36, 4760581.64, 1300.12);
insert into STATION values (1815, '.', 71, 682413.33, 4760580.69, 1300.24);
insert into STATION values (1816, '.', 71, 682412.62, 4760581.13, 1301.13);
insert into STATION values (1817, '.', 71, 682412.34, 4760581.55, 1299.89);
insert into STATION values (1818, '103', 71, 682407.08, 4760576.97, 1300.70);
insert into STATION values (1819, '.', 71, 682406.14, 4760578.33, 1300.43);
insert into STATION values (1820, '.', 71, 682406.19, 4760578.21, 1309.59);
insert into STATION values (1821, '.', 71, 682407.43, 4760577.33, 1299.31);
insert into STATION values (1822, '104', 71, 682403.23, 4760570.78, 1299.40);
insert into STATION values (1823, '.', 71, 682403.49, 4760570.11, 1299.49);
insert into STATION values (1824, '.', 71, 682402.78, 4760571.60, 1299.30);
insert into STATION values (1825, '.', 71, 682403.23, 4760570.65, 1298.47);
insert into STATION values (1826, '.', 71, 682402.96, 4760571.41, 1307.26);
insert into STATION values (1827, '.', 71, 682403.00, 4760571.83, 1306.52);
insert into STATION values (1828, '.', 71, 682402.76, 4760570.54, 1299.54);
insert into STATION values (1829, '.', 71, 682402.80, 4760570.56, 1299.53);
insert into STATION values (1830, '105', 71, 682401.63, 4760569.96, 1299.88);
insert into STATION values (1831, '.', 71, 682400.32, 4760569.48, 1300.25);
insert into STATION values (1832, '.', 71, 682401.44, 4760570.59, 1299.88);
insert into STATION values (1833, '.', 71, 682400.86, 4760570.27, 1301.86);
insert into STATION values (1834, '.', 71, 682400.72, 4760569.23, 1298.34);
insert into STATION values (1835, '106', 71, 682399.11, 4760569.85, 1300.95);
insert into STATION values (1836, '.', 71, 682399.17, 4760569.36, 1300.84);
insert into STATION values (1837, '.', 71, 682399.18, 4760569.78, 1301.22);
insert into STATION values (1838, '107', 71, 682398.50, 4760569.34, 1298.38);
insert into STATION values (1839, '.', 71, 682398.83, 4760568.61, 1298.51);
insert into STATION values (1840, '.', 71, 682398.20, 4760569.69, 1298.43);
insert into STATION values (1841, '.', 71, 682398.27, 4760569.46, 1297.76);
insert into STATION values (1842, '.', 71, 682398.52, 4760569.50, 1300.65);
insert into STATION values (1843, '108', 71, 682397.50, 4760566.73, 1298.72);
insert into STATION values (1844, '.', 71, 682396.91, 4760567.77, 1298.72);
insert into STATION values (1845, '.', 71, 682396.75, 4760567.39, 1301.67);
insert into STATION values (1846, '.', 71, 682397.26, 4760566.70, 1298.21);
insert into STATION values (1847, '109', 71, 682392.10, 4760566.16, 1300.08);
insert into STATION values (1848, '.', 71, 682391.84, 4760565.46, 1300.10);
insert into STATION values (1849, '.', 71, 682392.40, 4760568.02, 1300.19);
insert into STATION values (1850, '.', 71, 682392.59, 4760567.18, 1298.25);
insert into STATION values (1851, '.', 71, 682392.01, 4760566.58, 1302.22);
insert into STATION values (1852, '110', 71, 682389.42, 4760565.46, 1299.31);
insert into STATION values (1853, '.', 71, 682390.83, 4760564.92, 1299.52);
insert into STATION values (1854, '.', 71, 682389.99, 4760565.37, 1301.93);
insert into STATION values (1855, '.', 71, 682408.20, 4760576.59, 1318.15);
insert into STATION values (1856, '.', 71, 682389.34, 4760565.19, 1297.86);
insert into STATION values (1857, '111', 71, 682386.11, 4760558.80, 1299.05);
insert into STATION values (1858, '.', 71, 682385.19, 4760559.80, 1299.06);
insert into STATION values (1859, '.', 71, 682386.41, 4760559.42, 1303.04);
insert into STATION values (1860, '.', 71, 682386.09, 4760558.77, 1297.79);
insert into STATION values (1861, '.', 71, 682385.61, 4760558.56, 1299.08);
insert into STATION values (1862, '.', 71, 682383.92, 4760557.72, 1299.18);
insert into STATION values (1863, '.', 71, 682383.92, 4760557.72, 1299.17);
insert into STATION values (1864, '.', 71, 682386.61, 4760558.27, 1299.09);
insert into STATION values (1865, '.', 71, 682386.52, 4760558.93, 1302.11);
insert into STATION values (1866, '.', 71, 682386.37, 4760558.50, 1297.76);
insert into STATION values (1867, '112', 71, 682386.30, 4760557.95, 1298.97);
insert into STATION values (1868, '.', 71, 682385.92, 4760558.16, 1298.95);
insert into STATION values (1869, '.', 71, 682386.40, 4760558.53, 1301.70);
insert into STATION values (1870, '.', 71, 682385.74, 4760557.90, 1297.89);
insert into STATION values (1871, '113', 71, 682383.82, 4760555.40, 1299.28);
insert into STATION values (1872, '.', 71, 682384.33, 4760554.81, 1299.27);
insert into STATION values (1873, '.', 71, 682384.17, 4760555.13, 1301.73);
insert into STATION values (1874, '.', 71, 682383.64, 4760554.87, 1297.93);
insert into STATION values (1875, '114', 71, 682382.28, 4760552.79, 1299.41);
insert into STATION values (1876, '.', 71, 682381.90, 4760553.05, 1299.46);
insert into STATION values (1877, '.', 71, 682382.62, 4760553.22, 1303.30);
insert into STATION values (1878, '.', 71, 682382.03, 4760552.41, 1298.04);
insert into STATION values (1879, '115', 71, 682379.50, 4760549.68, 1299.76);
insert into STATION values (1880, '.', 71, 682379.90, 4760549.23, 1299.74);
insert into STATION values (1881, '.', 71, 682379.88, 4760549.67, 1302.99);
insert into STATION values (1882, '.', 71, 682379.04, 4760549.45, 1298.32);
insert into STATION values (1883, '116', 71, 682374.35, 4760545.02, 1299.23);
insert into STATION values (1884, '.', 71, 682374.88, 4760544.30, 1299.15);
insert into STATION values (1885, '.', 71, 682374.70, 4760544.36, 1302.30);
insert into STATION values (1886, '.', 71, 682374.22, 4760544.62, 1298.26);
insert into STATION values (1887, '117', 71, 682372.54, 4760542.70, 1298.66);
insert into STATION values (1888, '.', 71, 682372.02, 4760543.11, 1298.72);
insert into STATION values (1889, '.', 71, 682372.17, 4760542.99, 1301.16);
insert into STATION values (1890, '.', 71, 682372.16, 4760542.92, 1298.29);
insert into STATION values (1891, '118', 71, 682368.80, 4760538.27, 1299.71);
insert into STATION values (1892, '.', 71, 682369.08, 4760538.02, 1299.66);
insert into STATION values (1893, '.', 71, 682368.98, 4760538.35, 1304.59);
insert into STATION values (1894, '.', 71, 682368.68, 4760537.96, 1298.36);
insert into STATION values (1895, '119', 71, 682366.69, 4760533.51, 1299.28);
insert into STATION values (1896, '.', 71, 682366.07, 4760533.91, 1299.24);
insert into STATION values (1897, '.', 71, 682366.04, 4760533.23, 1302.11);
insert into STATION values (1898, '.', 71, 682366.97, 4760533.38, 1299.41);
insert into STATION values (1899, '.', 71, 682366.40, 4760533.55, 1298.47);
insert into STATION values (1900, '120', 71, 682362.69, 4760529.99, 1299.52);
insert into STATION values (1901, '.', 71, 682363.07, 4760529.38, 1299.48);
insert into STATION values (1902, '.', 71, 682362.80, 4760530.19, 1305.79);
insert into STATION values (1903, '.', 71, 682362.82, 4760529.89, 1298.56);
insert into STATION values (1904, '121', 71, 682360.22, 4760528.20, 1299.71);
insert into STATION values (1905, '.', 71, 682360.00, 4760528.63, 1299.68);
insert into STATION values (1906, '.', 71, 682360.35, 4760528.47, 1301.25);
insert into STATION values (1907, '.', 71, 682359.83, 4760528.28, 1298.58);
insert into STATION values (1908, '122', 71, 682356.50, 4760529.00, 1299.89);
insert into STATION values (1909, '.', 71, 682356.54, 4760529.71, 1299.79);
insert into STATION values (1910, '.', 71, 682357.19, 4760529.03, 1304.03);
insert into STATION values (1911, '.', 71, 682356.36, 4760528.77, 1298.77);
insert into STATION values (1912, '123', 71, 682352.05, 4760529.16, 1299.69);
insert into STATION values (1913, '.', 71, 682351.44, 4760529.97, 1299.63);
insert into STATION values (1914, '.', 71, 682352.00, 4760529.42, 1306.08);
insert into STATION values (1915, '.', 71, 682352.25, 4760529.14, 1298.72);
insert into STATION values (1916, '.', 71, 682352.43, 4760527.76, 1312.55);
insert into STATION values (1917, '.', 71, 682354.52, 4760528.62, 1301.59);
insert into STATION values (1918, '124', 71, 682350.20, 4760525.72, 1299.73);
insert into STATION values (1919, '.', 71, 682349.89, 4760526.09, 1299.84);
insert into STATION values (1920, '.', 71, 682351.20, 4760525.06, 1300.01);
insert into STATION values (1921, '.', 71, 682349.87, 4760525.38, 1302.33);
insert into STATION values (1922, '.', 71, 682350.64, 4760524.96, 1299.82);
insert into STATION values (1923, '.', 71, 682350.21, 4760525.78, 1298.58);
insert into STATION values (1924, '125', 71, 682348.31, 4760524.48, 1300.37);
insert into STATION values (1925, '.', 71, 682348.66, 4760524.09, 1300.39);
insert into STATION values (1926, '.', 71, 682348.09, 4760523.34, 1298.33);
insert into STATION values (1927, '.', 71, 682348.23, 4760524.40, 1301.06);
insert into STATION values (1928, '.', 71, 682348.17, 4760524.12, 1302.86);
insert into STATION values (1929, '126', 71, 682341.99, 4760514.49, 1300.37);
insert into STATION values (1930, '.', 71, 682342.52, 4760514.08, 1300.47);
insert into STATION values (1931, '.', 71, 682341.50, 4760513.62, 1306.81);
insert into STATION values (1932, '.', 71, 682341.73, 4760514.22, 1297.86);
insert into STATION values (1933, '127', 71, 682339.66, 4760510.15, 1300.24);
insert into STATION values (1934, '.', 71, 682339.20, 4760510.68, 1300.31);
insert into STATION values (1935, '.', 71, 682339.41, 4760510.32, 1300.72);
insert into STATION values (1936, '.', 71, 682339.32, 4760510.22, 1298.30);
insert into STATION values (1937, '128', 71, 682335.85, 4760509.82, 1300.55);
insert into STATION values (1938, '.', 71, 682335.93, 4760509.35, 1300.59);
insert into STATION values (1939, '.', 71, 682335.83, 4760509.32, 1303.13);
insert into STATION values (1940, '.', 71, 682335.66, 4760509.23, 1298.34);
insert into STATION values (1941, '129', 71, 682334.62, 4760507.35, 1300.57);
insert into STATION values (1942, '.', 71, 682334.01, 4760507.61, 1300.49);
insert into STATION values (1943, '.', 71, 682333.28, 4760507.63, 1302.80);
insert into STATION values (1944, '.', 71, 682334.16, 4760507.47, 1298.35);
insert into STATION values (1945, '.', 71, 682334.60, 4760507.33, 1300.17);
insert into STATION values (1946, '130', 71, 682331.93, 4760506.71, 1302.25);
insert into STATION values (1947, '.', 71, 682332.16, 4760506.25, 1302.37);
insert into STATION values (1948, '.', 71, 682331.48, 4760506.18, 1305.16);
insert into STATION values (1949, '.', 71, 682332.44, 4760505.67, 1299.81);
insert into STATION values (1950, '131', 71, 682328.62, 4760503.55, 1300.74);
insert into STATION values (1951, '.', 71, 682328.81, 4760503.01, 1300.93);
insert into STATION values (1952, '.', 71, 682328.54, 4760503.35, 1301.84);
insert into STATION values (1953, '.', 71, 682327.62, 4760502.92, 1299.13);
insert into STATION values (1954, '.', 71, 682326.03, 4760502.46, 1300.78);
insert into STATION values (1955, '.', 71, 682320.91, 4760500.29, 1300.89);
insert into STATION values (1956, '.', 71, 682326.09, 4760502.49, 1300.77);
insert into STATION values (1957, '132', 71, 682320.96, 4760500.28, 1300.96);
insert into STATION values (1958, '.', 71, 682321.21, 4760499.78, 1301.00);
insert into STATION values (1959, '.', 71, 682321.09, 4760499.90, 1306.12);
insert into STATION values (1960, '.', 71, 682320.83, 4760500.21, 1299.67);
insert into STATION values (1961, '133', 71, 682316.82, 4760497.22, 1300.20);
insert into STATION values (1962, '.', 71, 682316.39, 4760497.67, 1300.28);
insert into STATION values (1963, '.', 71, 682315.77, 4760496.79, 1305.80);
insert into STATION values (1964, '.', 71, 682316.27, 4760497.00, 1297.48);
insert into STATION values (1965, '134', 71, 682314.09, 4760495.17, 1300.67);
insert into STATION values (1966, '.', 71, 682315.24, 4760495.45, 1300.53);
insert into STATION values (1967, '.', 71, 682315.38, 4760494.63, 1304.14);
insert into STATION values (1968, '.', 71, 682314.87, 4760495.95, 1297.48);
insert into STATION values (1969, 'PTR_GL4_135', 71, 682315.25, 4760494.08, 1300.59);
insert into STATION values (1970, '.', 71, 682314.77, 4760493.96, 1300.81);
insert into STATION values (1971, '.', 71, 682315.27, 4760493.99, 1302.00);
insert into STATION values (1972, '.', 71, 682315.19, 4760494.54, 1297.74);
insert into STATION values (1973, '.', 71, 682306.35, 4760486.28, 1302.10);
