create table SURVEY (ID integer, PARENT_ID integer, NAME varchar(36), FULL_NAME varchar(39), TITLE varchar(62));
create table CENTRELINE (ID integer, SURVEY_ID integer, TITLE varchar(4), TOPO_DATE date, EXPLO_DATE date, LENGTH real, SURFACE_LENGTH real, DUPLICATE_LENGTH real);
create table PERSON (ID integer, NAME varchar(11), SURNAME varchar(13));
create table EXPLO (PERSON_ID integer, CENTRELINE_ID integer);
create table TOPO (PERSON_ID integer, CENTRELINE_ID integer);
create table STATION (ID integer, NAME varchar(17), SURVEY_ID integer, X real, Y real, Z real);
create table STATION_FLAG (STATION_ID integer, FLAG char(3));
create table SHOT (ID integer, FROM_ID integer, TO_ID integer, CENTRELINE_ID integer, LENGTH real, BEARING real, GRADIENT real, ADJ_LENGTH real, ADJ_BEARING real, ADJ_GRADIENT real, ERR_LENGTH real, ERR_BEARING real, ERR_GRADIENT real);
create table SHOT_FLAG (SHOT_ID integer, FLAG char(3));
create table MAPS (ID integer, SURVEY_ID integer, NAME varchar(36), TITLE varchar(62), PROJID integer, LENGTH real, DEPTH real);
create table SCRAPS (ID integer, SURVEY_ID integer, NAME varchar(36), PROJID integer, MAX_DISTORTION real, AVG_DISTORTION real);
create table MAPITEMS (ID integer, TYPE integer, ITEMID integer);
insert into SURVEY values (1, 0, '', '', NULL);
 insert into CENTRELINE values (2, 1, NULL, NULL, NULL, 0.00, 0.00, 0.00);
 insert into SURVEY values (55, 1, 'Gouffre_du_Lonne_Peyret', 'Gouffre_du_Lonne_Peyret', 'Gouffre du Lonne Peyret');
 insert into CENTRELINE values (56, 55, NULL, NULL, NULL, 0.00, 0.00, 0.00);
 insert into SURVEY values (57, 55, 'GL102_Entree_01', 'GL102_Entree_01.Gouffre_du_Lonne_Peyret', 'GL102 - Gouffre du Lonne Peyret - Entree');
 insert into CENTRELINE values (58, 57, NULL, NULL, NULL, 0.00, 0.00, 0.00);
 insert into CENTRELINE values (59, 57, NULL, '2024-08-05', '2024-01-01', 341.65, 0.00, 0.00);
 insert into PERSON values (1, 'Alexandre', 'Pont');
insert into TOPO values (1, 59);
 insert into PERSON values (2, 'Pierre', 'Senon');
insert into TOPO values (2, 59);
 insert into PERSON values (3, NULL, 'ARSIP');
insert into EXPLO values (3, 59);
 insert into PERSON values (4, NULL, 'CESAME');
insert into EXPLO values (4, 59);
 insert into PERSON values (5, NULL, 'FLT');
insert into EXPLO values (5, 59);
 insert into PERSON values (6, 'Clan', 'des Tritons');
insert into EXPLO values (6, 59);
 insert into SHOT values (1, 1, 2, 59, 0.220, 95.64, -7.10, 0.223, 95.19, -7.73, 0.004, 61.98, -42.09);
insert into SHOT values (2, 1, 3, 59, 0.400, 147.14, -6.20, 0.399, 146.31, -5.76, 0.007, 46.40, 28.64);
insert into SHOT values (3, 1, 4, 59, 0.530, 35.24, -0.40, 0.530, 35.79, 0.00, 0.006, 124.30, 36.14);
insert into SHOT values (4, 1, 5, 59, 0.790, 334.24, 2.60, 0.788, 334.41, 2.91, 0.005, 104.51, 53.66);
insert into SHOT values (5, 1, 6, 59, 0.670, 278.54, -4.60, 0.669, 278.62, -4.28, 0.004, 28.24, 76.17);
insert into SHOT values (6, 1, 7, 59, 3.380, 0.54, 4.40, 3.380, 0.51, 4.41, 0.002, 273.48, 20.47);
insert into SHOT values (7, 1, 8, 59, 4.480, 5.34, 3.70, 4.479, 5.39, 3.71, 0.004, 108.08, 12.54);
insert into SHOT values (8, 1, 9, 59, 1.670, 11.14, 2.50, 1.672, 11.04, 2.40, 0.005, 321.78, -36.38);
insert into SHOT values (9, 1, 10, 59, 0.230, 130.94, -79.00, 0.234, 135.00, -79.55, 0.005, 248.48, -51.29);
insert into SHOT values (10, 1, 11, 59, 1.110, 86.54, 60.60, 1.111, 86.82, 60.86, 0.006, 233.70, 31.32);
insert into SHOT values (11, 1, 12, 59, 2.280, 0.34, -0.30, 2.280, 0.25, -0.25, 0.004, 271.15, 28.39);
insert into SHOT values (12, 12, 13, 59, 0.230, 277.94, -0.60, 0.222, 277.77, 0.00, 0.008, 102.85, 16.79);
insert into SHOT values (13, 12, 14, 59, 0.300, 86.54, -1.40, 0.301, 86.19, -1.90, 0.003, 18.44, -53.03);
insert into SHOT values (14, 12, 15, 59, 0.830, 31.84, -3.90, 0.829, 32.15, -4.15, 0.006, 137.87, -37.23);
insert into SHOT values (15, 12, 16, 59, 1.470, 18.44, -5.20, 1.474, 18.68, -5.45, 0.010, 79.92, -44.00);
insert into SHOT values (16, 12, 17, 59, 1.610, 0.34, -5.20, 1.607, 0.36, -5.36, 0.005, 172.40, -50.41);
insert into SHOT values (17, 12, 18, 59, 0.970, 341.84, -2.00, 0.969, 341.94, -2.37, 0.007, 118.12, -68.69);
insert into SHOT values (18, 12, 19, 59, 0.660, 166.24, -87.10, 0.661, 161.57, -87.26, 0.003, 40.23, -14.85);
insert into SHOT values (19, 12, 20, 59, 2.150, 43.64, 58.00, 2.147, 43.93, 57.97, 0.007, 140.56, -29.55);
insert into SHOT values (20, 12, 21, 59, 1.230, 356.34, 29.60, 1.233, 356.79, 29.65, 0.009, 71.86, 15.78);
insert into SHOT values (21, 21, 22, 59, 0.630, 71.24, -2.60, 0.624, 71.27, -2.76, 0.007, 248.04, -12.55);
insert into SHOT values (22, 21, 23, 59, 0.590, 124.64, -10.20, 0.585, 125.07, -10.84, 0.010, 270.58, -35.51);
insert into SHOT values (23, 21, 24, 59, 0.910, 141.74, -6.50, 0.911, 141.74, -6.94, 0.007, 105.79, -88.81);
insert into SHOT values (24, 21, 25, 59, 0.890, 192.34, -4.80, 0.894, 192.32, -5.13, 0.007, 186.97, -56.61);
insert into SHOT values (25, 21, 26, 59, 0.720, 212.44, 2.60, 0.725, 212.59, 2.37, 0.006, 234.33, -27.44);
insert into SHOT values (26, 21, 27, 59, 2.730, 141.04, -87.80, 2.732, 143.13, -87.90, 0.006, 284.20, -18.32);
insert into SHOT values (27, 21, 28, 59, 1.720, 57.34, 65.00, 1.711, 57.41, 64.96, 0.009, 221.23, -71.24);
insert into SHOT values (28, 21, 29, 59, 17.390, 231.94, -87.60, 17.395, 232.19, -87.58, 0.009, 260.75, -38.09);
insert into SHOT values (29, 29, 30, 59, 1.770, 162.64, -3.00, 1.773, 162.59, -2.91, 0.005, 137.94, 33.75);
insert into SHOT values (30, 29, 31, 59, 2.290, 174.54, 1.00, 2.291, 174.49, 1.00, 0.002, 108.45, 0.84);
insert into SHOT values (31, 29, 32, 59, 1.490, 183.04, 0.90, 1.492, 183.07, 0.77, 0.004, 202.69, -53.99);
insert into SHOT values (32, 29, 33, 59, 0.260, 245.54, 4.70, 0.256, 244.44, 4.49, 0.007, 114.80, -11.40);
insert into SHOT values (33, 29, 34, 59, 0.830, 357.64, 10.80, 0.826, 357.88, 11.17, 0.007, 142.37, 37.56);
insert into SHOT values (34, 29, 35, 59, 1.520, 12.54, 8.00, 1.521, 12.65, 7.94, 0.004, 77.34, -25.53);
insert into SHOT values (35, 29, 36, 59, 0.810, 48.64, 4.00, 0.810, 49.01, 4.25, 0.006, 138.20, 33.63);
insert into SHOT values (36, 29, 37, 59, 0.460, 110.34, -3.80, 0.460, 110.41, -3.74, 0.001, 219.10, 40.00);
insert into SHOT values (37, 29, 38, 59, 14.630, 29.14, 86.90, 14.631, 29.48, 86.89, 0.005, 102.26, 16.24);
insert into SHOT values (38, 29, 39, 59, 6.010, 7.34, 67.50, 6.008, 7.50, 67.49, 0.007, 99.96, -22.07);
insert into SHOT values (39, 29, 40, 59, 2.850, 163.34, 53.10, 2.851, 163.36, 53.10, 0.001, 221.31, 47.37);
insert into SHOT values (40, 29, 41, 59, 3.130, 173.44, 49.20, 3.130, 173.26, 49.22, 0.007, 74.11, 5.20);
insert into SHOT values (41, 29, 42, 59, 2.730, 172.54, 42.30, 2.730, 172.59, 42.37, 0.004, 314.96, 41.89);
insert into SHOT values (42, 29, 43, 59, 1.670, 171.04, -32.00, 1.668, 171.07, -31.84, 0.005, 207.44, 76.77);
insert into SHOT values (43, 29, 44, 59, 1.700, 8.24, -25.90, 1.696, 8.29, -25.87, 0.004, 167.10, 35.87);
insert into SHOT values (44, 29, 45, 59, 16.750, 14.44, -88.50, 16.746, 14.68, -88.51, 0.006, 171.95, 42.46);
insert into SHOT values (45, 45, 46, 59, 0.290, 281.24, -3.70, 0.287, 282.09, -4.00, 0.005, 47.00, -13.75);
insert into SHOT values (46, 45, 47, 59, 0.910, 352.94, -4.70, 0.910, 353.03, -5.04, 0.006, 92.62, -75.06);
insert into SHOT values (47, 45, 48, 59, 0.550, 55.24, -5.30, 0.554, 54.58, -5.17, 0.008, 0.54, 5.90);
insert into SHOT values (48, 45, 49, 59, 0.550, 109.44, -4.50, 0.553, 109.09, -5.19, 0.008, 49.81, -60.51);
insert into SHOT values (49, 45, 50, 59, 1.350, 153.84, -8.30, 1.352, 153.82, -8.51, 0.005, 131.81, -74.25);
insert into SHOT values (50, 45, 51, 59, 4.780, 178.64, -6.20, 4.780, 178.67, -6.25, 0.005, 284.81, -53.73);
insert into SHOT values (51, 45, 52, 59, 1.900, 195.94, -5.40, 1.901, 195.95, -5.43, 0.002, 201.92, -43.29);
insert into SHOT values (52, 45, 53, 59, 8.260, 1.84, -2.20, 8.261, 1.87, -2.22, 0.006, 85.80, -31.34);
insert into SHOT values (53, 45, 54, 59, 4.050, 357.74, -0.40, 4.053, 357.74, -0.42, 0.004, 353.07, -27.83);
insert into SHOT values (54, 45, 55, 59, 3.410, 12.64, -5.80, 3.410, 12.60, -5.89, 0.006, 262.93, -65.40);
insert into SHOT values (55, 45, 56, 59, 2.650, 160.24, 32.20, 2.649, 160.19, 32.16, 0.003, 78.59, -47.07);
insert into SHOT values (56, 56, 57, 59, 3.750, 190.64, 0.90, 3.745, 190.62, 0.92, 0.006, 25.36, 11.10);
insert into SHOT values (57, 56, 58, 59, 1.130, 226.44, -3.30, 1.127, 226.80, -3.56, 0.009, 341.44, -32.44);
insert into SHOT values (58, 56, 59, 59, 0.980, 267.84, -7.50, 0.979, 268.23, -7.63, 0.007, 7.99, -17.37);
insert into SHOT values (59, 56, 60, 59, 1.450, 319.04, 5.70, 1.453, 318.93, 5.53, 0.006, 275.41, -43.54);
insert into SHOT values (60, 56, 61, 59, 2.780, 341.74, 2.20, 2.782, 341.76, 2.27, 0.004, 10.36, 59.35);
insert into SHOT values (61, 56, 62, 59, 2.150, 353.34, 2.30, 2.156, 353.34, 2.39, 0.007, 351.75, 30.59);
insert into SHOT values (62, 56, 63, 59, 1.150, 16.14, 0.50, 1.155, 16.08, 0.50, 0.005, 3.22, -0.38);
insert into SHOT values (63, 56, 64, 59, 1.400, 318.54, -80.80, 1.398, 318.58, -80.67, 0.004, 321.29, 34.60);
insert into SHOT values (64, 56, 65, 59, 15.510, 201.54, -78.40, 15.507, 201.63, -78.39, 0.006, 280.25, 32.88);
insert into SHOT values (65, 45, 66, 59, 6.840, 4.04, -26.10, 6.843, 4.01, -26.10, 0.004, 313.57, -11.50);
insert into SHOT values (66, 66, 67, 59, 1.980, 6.84, -0.20, 1.985, 6.95, -0.29, 0.007, 45.21, -27.89);
insert into SHOT values (67, 66, 68, 59, 0.280, 273.34, 1.90, 0.281, 274.09, 2.04, 0.004, 350.31, 10.84);
insert into SHOT values (68, 66, 69, 59, 0.290, 104.94, -2.70, 0.289, 104.04, -3.96, 0.008, 1.42, -53.51);
insert into SHOT values (69, 66, 70, 59, 1.200, 166.14, 5.40, 1.201, 165.96, 5.26, 0.005, 91.53, -37.31);
insert into SHOT values (70, 66, 71, 59, 1.750, 195.04, -6.90, 1.752, 195.00, -6.88, 0.002, 158.51, 5.79);
insert into SHOT values (71, 66, 72, 59, 0.700, 240.94, 3.50, 0.699, 240.87, 3.28, 0.003, 130.72, -70.22);
insert into SHOT values (72, 66, 73, 59, 9.090, 18.34, 87.80, 9.087, 18.43, 87.81, 0.004, 170.93, -69.50);
insert into SHOT values (73, 66, 74, 59, 2.090, 177.54, -75.90, 2.093, 176.63, -75.87, 0.009, 99.14, -19.75);
insert into SHOT values (74, 66, 75, 59, 9.060, 27.54, -79.00, 9.066, 27.60, -79.02, 0.007, 166.97, -65.82);
insert into SHOT values (75, 75, 76, 59, 2.500, 29.14, 7.80, 2.508, 29.14, 7.79, 0.008, 30.05, 5.29);
insert into SHOT values (76, 75, 77, 59, 1.420, 83.84, 7.10, 1.419, 83.88, 7.29, 0.005, 219.90, 71.21);
insert into SHOT values (77, 75, 78, 59, 1.350, 133.04, 6.90, 1.348, 132.88, 7.24, 0.009, 5.83, 58.64);
insert into SHOT values (78, 75, 79, 59, 1.680, 186.34, -5.40, 1.676, 186.19, -5.13, 0.010, 64.00, 56.96);
insert into SHOT values (79, 75, 80, 59, 1.370, 241.44, 6.60, 1.365, 241.36, 6.73, 0.006, 83.60, 25.28);
insert into SHOT values (80, 75, 81, 59, 13.880, 201.14, 86.80, 13.882, 201.25, 86.81, 0.003, 348.26, 31.22);
insert into SHOT values (81, 75, 82, 59, 2.780, 35.54, 56.80, 2.785, 35.67, 56.77, 0.007, 75.07, 35.49);
insert into SHOT values (82, 75, 83, 59, 3.520, 209.44, 59.00, 3.523, 209.39, 59.02, 0.003, 136.82, 59.50);
insert into SHOT values (83, 75, 84, 59, 26.480, 117.04, -87.60, 26.473, 116.80, -87.60, 0.008, 29.71, 54.93);
insert into SHOT values (84, 75, 85, 59, 9.820, 185.64, -80.20, 9.813, 185.51, -80.21, 0.009, 52.03, 50.82);
insert into SHOT values (85, 75, 86, 59, 7.810, 21.24, -85.80, 7.812, 21.25, -85.75, 0.007, 21.95, -7.49);
insert into SHOT values (86, 86, 87, 59, 2.320, 18.24, 0.60, 2.318, 18.36, 0.74, 0.008, 130.66, 48.49);
insert into SHOT values (87, 86, 88, 59, 1.190, 78.84, 4.20, 1.196, 78.88, 4.32, 0.006, 86.72, 26.78);
insert into SHOT values (88, 86, 89, 59, 1.240, 128.24, -9.20, 1.239, 128.37, -8.82, 0.009, 210.50, 71.76);
insert into SHOT values (89, 86, 90, 59, 1.950, 183.04, -1.70, 1.953, 182.94, -1.47, 0.009, 136.53, 57.68);
insert into SHOT values (90, 86, 91, 59, 2.740, 196.14, -1.70, 2.739, 196.12, -1.67, 0.002, 59.60, 38.20);
insert into SHOT values (91, 86, 92, 59, 1.240, 228.34, 1.60, 1.247, 228.25, 1.84, 0.009, 212.80, 36.52);
insert into SHOT values (92, 86, 93, 59, 15.740, 190.54, 85.00, 15.740, 190.49, 85.00, 0.002, 143.68, -3.65);
insert into SHOT values (93, 86, 94, 59, 27.320, 339.74, -86.30, 27.317, 339.71, -86.31, 0.005, 173.37, 37.45);
insert into SHOT values (94, 94, 95, 59, 28.370, 353.24, -86.70, 28.367, 353.31, -86.70, 0.004, 128.48, 46.56);
insert into SHOT values (95, 94, 96, 59, 3.750, 358.94, -0.10, 3.751, 358.93, 0.00, 0.007, 311.93, 81.60);
insert into SHOT values (96, 94, 97, 59, 6.330, 6.14, 1.10, 6.328, 6.17, 1.09, 0.004, 130.65, -21.51);
insert into SHOT values (97, 94, 98, 59, 0.890, 51.54, 0.50, 0.890, 51.84, 0.64, 0.005, 138.53, 25.47);
insert into SHOT values (98, 94, 99, 59, 0.670, 108.04, -2.80, 0.674, 108.17, -2.55, 0.005, 126.56, 30.63);
insert into SHOT values (99, 94, 100, 59, 2.960, 162.34, -2.90, 2.964, 162.30, -2.90, 0.004, 133.51, -3.13);
insert into SHOT values (100, 94, 101, 59, 8.170, 182.14, -1.90, 8.170, 182.11, -1.89, 0.005, 92.17, 9.74);
insert into SHOT values (101, 94, 102, 59, 4.650, 186.64, 0.40, 4.652, 186.67, 0.37, 0.004, 239.30, -43.68);
insert into SHOT values (102, 94, 103, 59, 12.100, 358.04, 61.50, 12.105, 358.01, 61.51, 0.007, 264.70, 66.96);
insert into SHOT values (103, 94, 104, 59, 18.700, 0.24, 77.90, 18.705, 0.29, 77.90, 0.006, 87.25, 57.39);
insert into SHOT values (104, 94, 105, 59, 9.560, 173.64, -82.00, 9.563, 173.52, -82.01, 0.005, 48.89, -40.85);
insert into SHOT values (105, 105, 106, 59, 0.470, 288.54, 5.50, 0.477, 288.43, 6.02, 0.008, 280.83, 37.03);
insert into SHOT values (106, 105, 107, 59, 0.900, 339.24, 2.50, 0.900, 339.15, 2.55, 0.002, 239.56, 25.95);
insert into SHOT values (107, 105, 108, 59, 8.820, 9.04, -1.00, 8.820, 9.00, -0.97, 0.007, 278.91, 33.64);
insert into SHOT values (108, 105, 109, 59, 0.570, 82.14, 3.40, 0.567, 81.87, 4.04, 0.008, 301.08, 55.45);
insert into SHOT values (109, 105, 110, 59, 0.970, 173.44, 13.30, 0.974, 173.33, 13.66, 0.008, 135.20, 65.71);
insert into SHOT values (110, 105, 111, 59, 3.960, 6.74, 4.90, 3.962, 6.69, 4.92, 0.004, 299.01, 25.84);
insert into SHOT values (111, 111, 112, 59, 0.850, 96.04, -6.10, 0.850, 96.12, -6.08, 0.001, 205.23, 15.67);
insert into SHOT values (112, 111, 113, 59, 2.080, 37.74, -1.20, 2.075, 37.75, -1.10, 0.006, 212.88, 33.81);
insert into SHOT values (113, 111, 114, 59, 5.110, 9.34, 1.60, 5.110, 9.35, 1.68, 0.007, 106.91, 82.80);
insert into SHOT values (114, 111, 115, 59, 2.670, 332.14, 9.90, 2.666, 332.07, 9.94, 0.006, 189.57, 9.82);
insert into SHOT values (115, 111, 116, 59, 0.360, 277.24, 7.60, 0.356, 276.52, 8.08, 0.007, 141.28, 20.51);
insert into SHOT values (116, 111, 117, 59, 4.560, 187.44, 8.50, 4.568, 187.38, 8.56, 0.011, 153.14, 33.50);
insert into SHOT values (117, 111, 118, 59, 1.980, 201.74, 8.10, 1.981, 201.86, 8.13, 0.004, 281.69, 14.34);
insert into SHOT values (118, 111, 119, 59, 1.200, 166.04, 8.80, 1.201, 165.85, 9.10, 0.008, 77.76, 57.84);
insert into SHOT values (119, 111, 120, 59, 0.990, 145.94, 0.80, 0.993, 145.67, 1.15, 0.008, 88.97, 47.73);
insert into SHOT values (120, 111, 121, 59, 5.340, 20.74, -64.80, 5.337, 20.91, -64.83, 0.008, 142.81, 12.66);
insert into SHOT values (121, 121, 122, 59, 1.610, 249.44, 5.50, 1.609, 249.53, 5.71, 0.006, 10.71, 63.61);
insert into SHOT values (122, 121, 123, 59, 1.270, 327.44, 3.30, 1.275, 327.18, 3.15, 0.008, 280.10, -21.74);
insert into SHOT values (123, 121, 124, 59, 2.430, 9.54, 1.80, 2.434, 9.46, 1.88, 0.007, 331.56, 33.93);
insert into SHOT values (124, 121, 125, 59, 0.600, 92.54, 5.50, 0.593, 91.94, 5.80, 0.010, 314.27, 15.02);
insert into SHOT values (125, 121, 126, 59, 1.720, 162.24, 6.00, 1.720, 162.31, 6.01, 0.002, 241.82, 6.11);
insert into SHOT values (126, 121, 127, 59, 2.790, 191.34, 3.80, 2.791, 191.39, 3.90, 0.006, 258.97, 63.08);
insert into SHOT values (127, 121, 128, 59, 2.550, 207.24, 2.20, 2.547, 207.37, 2.25, 0.007, 326.62, 17.78);
insert into SHOT values (128, 121, 129, 59, 1.580, 248.54, 2.30, 1.581, 248.47, 2.17, 0.004, 196.06, -53.13);
insert into SHOT values (129, 121, 130, 59, 14.060, 336.44, 76.20, 14.067, 336.49, 76.19, 0.008, 4.59, 45.41);
insert into SHOT values (130, 121, 131, 59, 21.490, 244.44, 85.20, 21.496, 244.71, 85.19, 0.011, 306.98, 29.02);
insert into SHOT values (131, 121, 132, 59, 1.230, 284.94, -68.00, 1.231, 284.93, -67.78, 0.005, 284.00, 5.03);
insert into SHOT values (132, 121, 133, 59, 1.170, 84.44, -70.30, 1.168, 84.14, -70.38, 0.003, 305.20, 26.01);
insert into SHOT values (133, 121, 134, 59, 14.670, 24.44, -88.70, 14.664, 22.75, -88.69, 0.012, 312.25, 30.86);
insert into SHOT values (134, 121, 135, 59, 13.580, 192.84, -77.20, 13.577, 192.88, -77.21, 0.004, 338.62, 34.86);
insert into SHOT values (135, 121, 136, 59, 14.680, 18.04, -89.40, 14.681, 14.93, -89.39, 0.009, 296.73, -5.40);
insert into SHOT values (136, 136, 137, 59, 0.340, 97.74, 1.90, 0.344, 98.37, 1.67, 0.006, 142.15, -13.38);
insert into SHOT values (137, 136, 138, 59, 1.850, 27.94, -1.70, 1.848, 28.09, -1.55, 0.007, 135.73, 43.99);
insert into SHOT values (138, 136, 139, 59, 1.010, 2.04, -2.00, 1.011, 2.27, -1.70, 0.007, 72.75, 51.10);
insert into SHOT values (139, 136, 140, 59, 0.410, 279.34, 4.50, 0.406, 278.53, 4.24, 0.007, 152.41, -16.85);
insert into SHOT values (140, 136, 141, 59, 1.900, 192.44, 2.10, 1.906, 192.43, 2.10, 0.006, 189.08, 3.63);
insert into SHOT values (141, 136, 142, 59, 7.930, 356.84, 80.90, 7.929, 356.79, 80.92, 0.002, 201.34, -4.46);
insert into SHOT values (142, 136, 143, 59, 0.580, 40.54, -77.50, 0.574, 45.00, -77.20, 0.012, 122.72, 32.04);
insert into SHOT values (143, 136, 144, 59, 3.200, 17.94, 1.80, 3.199, 18.04, 1.79, 0.006, 121.33, -5.29);
insert into SHOT values (144, 144, 145, 59, 0.550, 280.44, 0.20, 0.549, 280.49, 0.00, 0.002, 69.97, -63.76);
insert into SHOT values (145, 144, 146, 59, 0.430, 76.04, 1.10, 0.434, 75.32, 1.32, 0.007, 23.79, 14.24);
insert into SHOT values (146, 144, 147, 59, 1.680, 11.84, 7.50, 1.680, 11.78, 7.53, 0.002, 264.21, 21.68);
insert into SHOT values (147, 144, 148, 59, 3.450, 6.44, 9.60, 3.450, 6.41, 9.68, 0.005, 262.57, 70.58);
insert into SHOT values (148, 144, 149, 59, 3.310, 349.64, 7.30, 3.310, 349.65, 7.29, 0.001, 45.17, -50.47);
insert into SHOT values (149, 144, 150, 59, 1.370, 340.14, 11.60, 1.370, 339.94, 11.79, 0.007, 241.73, 44.06);
insert into SHOT values (150, 144, 151, 59, 6.280, 320.44, 77.50, 6.280, 320.36, 77.46, 0.005, 295.38, -13.33);
insert into SHOT values (151, 144, 152, 59, 0.900, 184.24, -72.90, 0.899, 184.40, -73.13, 0.004, 353.76, 3.11);
insert into SHOT values (152, 144, 153, 59, 3.600, 357.74, 13.00, 3.605, 357.72, 12.98, 0.005, 340.57, 1.91);
insert into SHOT values (153, 153, 154, 59, 0.320, 71.34, 1.10, 0.316, 71.57, 1.81, 0.005, 232.96, 44.57);
insert into SHOT values (154, 153, 155, 59, 1.800, 135.04, 4.70, 1.802, 135.00, 4.77, 0.004, 103.37, 45.45);
insert into SHOT values (155, 153, 156, 59, 3.210, 178.04, 3.00, 3.216, 178.04, 3.03, 0.007, 175.98, 17.66);
insert into SHOT values (156, 153, 157, 59, 1.060, 233.64, -0.40, 1.058, 233.46, 0.00, 0.008, 113.94, 61.84);
insert into SHOT values (157, 153, 158, 59, 0.790, 306.54, -0.50, 0.786, 306.72, 0.00, 0.008, 94.28, 55.74);
insert into SHOT values (158, 153, 159, 59, 1.190, 336.84, 3.40, 1.189, 336.67, 3.37, 0.004, 232.28, -9.15);
insert into SHOT values (159, 153, 160, 59, 4.480, 352.04, 5.60, 4.475, 352.00, 5.64, 0.007, 205.20, 24.27);
insert into SHOT values (160, 153, 161, 59, 0.580, 358.84, 4.00, 0.571, 358.99, 4.01, 0.009, 168.66, -3.04);
insert into SHOT values (161, 153, 162, 59, 5.330, 181.54, 65.90, 5.336, 181.58, 65.88, 0.007, 198.37, 44.83);
insert into SHOT values (162, 153, 163, 59, 14.520, 178.94, 86.30, 14.520, 178.78, 86.29, 0.004, 139.52, 3.66);
insert into SHOT values (163, 153, 164, 59, 1.710, 122.54, -59.80, 1.716, 122.77, -59.60, 0.009, 146.28, -13.38);
insert into SHOT values (164, 153, 165, 59, 1.530, 217.34, -81.90, 1.526, 215.84, -81.63, 0.010, 174.94, 28.73);
insert into SHOT values (165, 153, 166, 59, 4.990, 19.04, -82.10, 4.986, 18.97, -82.20, 0.010, 204.31, 16.14);
insert into SHOT values (166, 166, 167, 59, 2.850, 176.84, -2.20, 2.847, 176.78, -2.21, 0.005, 40.77, -7.19);
insert into SHOT values (167, 166, 168, 59, 0.570, 94.54, 4.50, 0.573, 94.01, 4.00, 0.008, 35.34, -37.64);
insert into SHOT values (168, 166, 169, 59, 1.500, 153.64, 0.00, 1.498, 153.43, 0.00, 0.006, 44.78, 0.00);
insert into SHOT values (169, 166, 170, 59, 0.600, 210.14, -5.50, 0.595, 210.47, -5.79, 0.007, 359.07, -21.02);
insert into SHOT values (170, 166, 171, 59, 3.400, 319.34, 2.30, 3.400, 319.42, 2.36, 0.006, 51.04, 38.38);
insert into SHOT values (171, 166, 172, 59, 1.790, 198.84, -69.60, 1.792, 198.73, -69.65, 0.003, 71.23, -54.99);
insert into SHOT values (172, 166, 173, 59, 6.600, 262.24, 83.50, 6.602, 262.30, 83.51, 0.003, 19.25, 69.33);
insert into SHOT values (173, 166, 174, 59, 21.670, 1.24, -80.40, 21.675, 1.27, -80.38, 0.008, 13.75, -25.78);
insert into SHOT values (174, 166, 175, 59, 5.010, 352.04, -64.40, 5.014, 352.06, -64.35, 0.006, 357.43, -16.59);
insert into SHOT values (175, 166, 176, 59, 4.780, 352.04, -64.20, 4.781, 352.30, -64.09, 0.013, 39.88, 15.68);
insert into SHOT values (176, 166, 177, 59, 20.290, 357.34, -79.10, 20.287, 357.47, -79.08, 0.012, 47.18, 19.95);
insert into SHOT values (177, 177, 178, 59, 1.420, 9.14, 7.20, 1.418, 8.99, 6.89, 0.009, 256.60, -63.79);
insert into SHOT values (178, 177, 179, 59, 2.940, 41.54, 3.10, 2.930, 41.54, 2.93, 0.013, 223.13, -41.95);
insert into SHOT values (179, 177, 180, 59, 1.890, 105.54, 3.10, 1.883, 105.74, 3.04, 0.010, 242.17, -13.35);
insert into SHOT values (180, 177, 181, 59, 2.260, 140.64, 3.00, 2.263, 140.75, 2.79, 0.010, 194.25, -58.17);
insert into SHOT values (181, 177, 182, 59, 1.100, 165.04, 2.40, 1.097, 165.20, 2.09, 0.007, 295.93, -55.95);
insert into SHOT values (182, 177, 183, 59, 27.290, 224.14, 84.30, 27.285, 224.10, 84.29, 0.007, 205.66, -42.82);
insert into SHOT values (183, 177, 184, 59, 1.690, 94.24, -79.90, 1.695, 93.95, -80.13, 0.009, 289.05, -46.47);
insert into SHOT values (184, 177, 185, 59, 3.030, 31.14, -11.60, 3.027, 31.06, -11.62, 0.005, 265.52, -8.38);
insert into SHOT values (185, 185, 186, 59, 0.720, 292.84, 14.10, 0.715, 292.87, 13.75, 0.007, 106.78, -55.55);
insert into SHOT values (186, 185, 187, 59, 1.130, 267.74, 10.50, 1.129, 267.42, 10.20, 0.009, 178.02, -43.63);
insert into SHOT values (187, 185, 188, 59, 0.830, 245.04, 4.10, 0.830, 244.98, 4.15, 0.001, 139.83, 36.98);
insert into SHOT values (188, 185, 189, 59, 1.080, 275.84, 7.00, 1.074, 275.92, 6.95, 0.007, 81.96, -14.10);
insert into SHOT values (189, 185, 190, 59, 3.060, 209.04, 2.40, 3.064, 208.91, 2.24, 0.012, 149.65, -44.76);
insert into SHOT values (190, 185, 191, 59, 0.500, 180.34, 3.90, 0.501, 180.00, 3.43, 0.005, 111.43, -51.45);
insert into SHOT values (191, 185, 192, 59, 4.260, 189.94, 1.70, 4.265, 189.86, 1.61, 0.010, 138.58, -39.46);
insert into SHOT values (192, 185, 193, 59, 1.490, 134.64, 4.60, 1.497, 134.73, 4.60, 0.007, 153.05, 4.01);
insert into SHOT values (193, 185, 194, 59, 16.150, 240.24, 72.10, 16.143, 240.18, 72.08, 0.010, 187.29, -52.72);
insert into SHOT values (194, 185, 195, 59, 12.280, 277.24, 64.70, 12.275, 277.23, 64.72, 0.007, 103.87, -18.77);
insert into SHOT values (195, 185, 196, 59, 1.910, 171.84, -76.00, 1.917, 171.35, -75.96, 0.008, 120.49, -52.67);
insert into SHOT values (196, 185, 197, 59, 3.120, 300.54, -68.80, 3.120, 300.44, -68.86, 0.004, 152.56, -16.98);
insert into SHOT values (197, 185, 198, 59, 3.120, 306.74, -71.30, 3.124, 306.87, -71.33, 0.005, 44.74, -64.29);
insert into SHOT values (198, 198, 199, 59, 3.120, 307.64, -7.80, 3.117, 307.50, -7.74, 0.009, 196.35, 22.87);
insert into SHOT values (199, 198, 200, 59, 4.270, 314.04, -9.60, 4.267, 313.94, -9.58, 0.008, 207.41, 15.26);
insert into SHOT values (200, 198, 201, 59, 1.110, 345.14, 0.40, 1.106, 345.34, 0.52, 0.006, 121.65, 22.46);
insert into SHOT values (201, 198, 202, 59, 0.710, 58.04, 5.80, 0.708, 58.34, 5.67, 0.004, 169.81, -23.92);
insert into SHOT values (202, 198, 203, 59, 1.240, 114.14, 5.10, 1.245, 114.29, 5.07, 0.006, 148.90, -2.31);
insert into SHOT values (203, 198, 204, 59, 1.380, 149.54, -2.30, 1.382, 149.53, -2.07, 0.006, 144.01, 72.13);
insert into SHOT values (204, 198, 205, 59, 7.170, 278.74, 77.60, 7.167, 278.60, 77.61, 0.005, 156.09, -32.13);
insert into SHOT values (205, 198, 206, 59, 1.320, 167.64, -53.60, 1.321, 167.55, -53.35, 0.006, 154.12, 24.58);
insert into SHOT values (206, 198, 207, 59, 13.610, 24.94, -82.80, 13.607, 25.06, -82.82, 0.007, 174.16, 21.70);
insert into SHOT values (207, 198, 208, 59, 13.980, 350.74, -76.10, 13.978, 350.73, -76.12, 0.005, 175.89, 7.55);
insert into SHOT values (208, 208, 209, 59, 1.940, 271.84, 0.70, 1.941, 271.77, 0.59, 0.005, 206.17, -54.91);
insert into SHOT values (209, 208, 210, 59, 1.590, 293.04, -2.70, 1.588, 293.01, -2.53, 0.005, 136.81, 65.48);
insert into SHOT values (210, 208, 211, 59, 4.990, 326.34, -5.00, 4.994, 326.31, -4.94, 0.007, 295.89, 42.30);
insert into SHOT values (211, 208, 212, 59, 0.400, 3.44, 5.00, 0.402, 2.86, 5.70, 0.007, 299.75, 48.69);
insert into SHOT values (212, 208, 213, 59, 0.440, 214.94, -0.70, 0.438, 214.78, 0.00, 0.006, 71.67, 68.73);
insert into SHOT values (213, 208, 214, 59, 2.260, 167.04, 7.60, 2.257, 167.08, 7.64, 0.004, 322.84, 15.82);
insert into SHOT values (214, 208, 215, 59, 1.930, 131.74, 6.30, 1.931, 131.83, 6.24, 0.004, 206.15, -29.60);
insert into SHOT values (215, 208, 216, 59, 2.330, 108.74, 3.90, 2.330, 108.82, 3.94, 0.004, 203.46, 24.20);
insert into SHOT values (216, 208, 217, 59, 1.270, 83.64, 10.90, 1.271, 83.56, 10.89, 0.002, 17.23, -4.38);
insert into SHOT values (217, 208, 218, 59, 16.010, 222.74, 79.10, 16.009, 222.86, 79.10, 0.006, 302.66, -10.39);
insert into SHOT values (218, 208, 219, 59, 2.650, 153.74, -63.90, 2.649, 153.43, -63.96, 0.007, 37.25, -1.87);
insert into SHOT values (219, 208, 220, 59, 3.050, 111.14, -42.70, 3.051, 111.18, -42.72, 0.002, 201.74, -43.84);
insert into SHOT values (220, 208, 221, 59, 21.090, 1.64, -83.30, 21.094, 1.63, -83.30, 0.004, 311.39, -80.97);
insert into SHOT values (221, 221, 222, 59, 1.960, 189.34, 4.10, 1.961, 189.41, 4.09, 0.003, 250.59, -2.73);
insert into SHOT values (222, 221, 223, 59, 1.560, 109.04, 15.20, 1.557, 109.04, 15.27, 0.003, 290.59, 16.80);
insert into SHOT values (223, 221, 224, 59, 1.920, 28.64, 14.20, 1.918, 28.64, 14.49, 0.010, 211.44, 65.05);
insert into SHOT values (224, 221, 225, 59, 1.120, 86.54, 20.00, 1.122, 86.73, 20.35, 0.008, 188.77, 63.01);
insert into SHOT values (225, 221, 226, 59, 3.200, 336.04, 5.80, 3.200, 336.09, 5.92, 0.007, 76.21, 66.52);
insert into SHOT values (226, 221, 227, 59, 5.620, 325.44, 3.40, 5.619, 325.46, 3.47, 0.007, 94.53, 70.79);
insert into SHOT values (227, 221, 228, 59, 4.290, 305.84, 2.60, 4.287, 305.88, 2.67, 0.007, 81.56, 52.66);
insert into SHOT values (228, 221, 229, 59, 2.430, 282.34, 33.90, 2.432, 282.31, 34.00, 0.005, 163.59, 76.34);
insert into SHOT values (229, 229, 230, 59, 5.800, 359.64, 1.50, 5.802, 359.60, 1.48, 0.005, 299.51, -23.18);
insert into SHOT values (230, 229, 231, 59, 3.210, 27.54, -0.20, 3.211, 27.44, -0.18, 0.006, 311.61, 11.94);
insert into SHOT values (231, 229, 232, 59, 3.200, 78.74, 3.10, 3.197, 78.62, 3.05, 0.008, 328.13, -22.84);
insert into SHOT values (232, 229, 233, 59, 4.280, 119.54, 5.30, 4.282, 119.51, 5.36, 0.005, 61.85, 60.51);
insert into SHOT values (233, 229, 234, 59, 3.110, 141.04, 0.00, 3.114, 141.00, 0.00, 0.005, 110.03, 0.00);
insert into SHOT values (234, 229, 235, 59, 19.500, 119.04, 81.50, 19.504, 119.05, 81.50, 0.004, 172.47, 78.83);
insert into SHOT values (235, 229, 236, 59, 2.170, 66.24, -67.20, 2.170, 66.18, -67.18, 0.001, 16.44, 19.33);
insert into SHOT values (236, 229, 237, 59, 4.870, 333.84, -32.50, 4.874, 333.87, -32.52, 0.005, 12.41, -44.19);
insert into SHOT values (237, 237, 238, 59, 2.280, 8.14, 0.90, 2.273, 8.09, 1.01, 0.008, 202.88, 29.78);
insert into SHOT values (238, 237, 239, 59, 1.500, 189.24, -3.00, 1.501, 189.21, -3.05, 0.002, 159.46, -43.08);
insert into SHOT values (239, 237, 240, 59, 1.760, 156.94, -2.80, 1.763, 156.93, -2.60, 0.007, 149.87, 63.75);
insert into SHOT values (240, 237, 241, 59, 0.770, 124.24, 8.40, 0.772, 124.32, 8.94, 0.008, 168.19, 79.35);
insert into SHOT values (241, 237, 242, 59, 1.060, 74.54, 11.00, 1.059, 74.36, 11.43, 0.009, 312.67, 63.15);
insert into SHOT values (242, 237, 243, 59, 1.580, 35.84, 5.70, 1.576, 35.92, 5.83, 0.005, 187.43, 34.24);
insert into SHOT values (243, 237, 244, 59, 12.150, 108.24, 69.10, 12.151, 108.27, 69.08, 0.005, 133.28, -7.03);
insert into SHOT values (244, 237, 245, 59, 0.880, 350.84, -47.60, 0.877, 350.22, -47.84, 0.008, 223.64, -1.13);
insert into SHOT values (245, 237, 246, 59, 1.530, 179.74, -40.00, 1.526, 180.00, -39.95, 0.007, 291.05, 31.44);
insert into SHOT values (246, 237, 247, 59, 11.830, 277.34, -83.30, 11.831, 277.07, -83.30, 0.007, 189.80, -6.98);
insert into SHOT values (247, 247, 248, 59, 2.240, 28.24, -3.00, 2.249, 28.16, -2.80, 0.012, 9.19, 37.37);
insert into SHOT values (248, 247, 249, 59, 4.450, 45.54, -1.60, 4.457, 45.55, -1.54, 0.008, 48.37, 32.33);
insert into SHOT values (249, 247, 250, 59, 2.490, 102.84, 7.50, 2.492, 102.63, 7.61, 0.010, 19.35, 28.49);
insert into SHOT values (250, 247, 251, 59, 2.550, 139.14, 8.90, 2.548, 139.03, 9.03, 0.008, 19.25, 43.76);
insert into SHOT values (251, 247, 252, 59, 0.690, 167.44, 6.60, 0.682, 167.20, 6.74, 0.009, 6.08, 4.37);
insert into SHOT values (252, 247, 253, 59, 10.730, 65.34, 85.50, 10.734, 64.94, 85.46, 0.011, 29.23, 17.03);
insert into SHOT values (253, 247, 254, 59, 2.980, 16.14, -82.30, 2.978, 15.75, -82.18, 0.007, 351.18, 25.58);
insert into SHOT values (254, 247, 255, 59, 3.300, 52.94, 0.90, 3.299, 52.89, 1.04, 0.009, 296.44, 66.76);
insert into SHOT values (255, 255, 256, 59, 1.750, 114.54, -1.50, 1.746, 114.36, -1.64, 0.008, 348.37, -31.82);
insert into SHOT values (256, 255, 257, 59, 3.370, 82.34, 6.30, 3.371, 82.28, 6.30, 0.004, 3.68, 3.11);
insert into SHOT values (257, 255, 258, 59, 4.910, 68.44, 21.70, 4.915, 68.43, 21.61, 0.010, 62.72, -34.30);
insert into SHOT values (258, 255, 259, 59, 1.030, 339.24, 5.20, 1.029, 339.44, 5.02, 0.005, 76.89, -42.50);
insert into SHOT values (259, 255, 260, 59, 1.810, 264.34, 0.40, 1.809, 264.29, 0.32, 0.003, 143.53, -54.06);
insert into SHOT values (260, 255, 261, 59, 2.630, 253.14, 0.10, 2.623, 253.15, 0.00, 0.009, 68.62, -31.53);
insert into SHOT values (261, 255, 262, 59, 3.650, 228.14, 0.70, 3.648, 228.22, 0.63, 0.007, 342.61, -38.84);
insert into SHOT values (262, 255, 263, 59, 3.790, 202.94, 2.90, 3.783, 202.90, 2.88, 0.008, 43.22, -12.47);
insert into SHOT values (263, 255, 264, 59, 3.430, 212.34, 3.20, 3.426, 212.34, 3.18, 0.004, 31.20, -20.24);
insert into SHOT values (264, 255, 265, 59, 1.560, 123.94, -79.90, 1.564, 123.11, -79.89, 0.006, 47.91, -45.53);
insert into SHOT values (265, 255, 266, 59, 7.880, 148.74, 86.60, 7.874, 147.99, 86.57, 0.010, 93.87, -39.20);
insert into SHOT values (266, 255, 267, 59, 16.990, 101.14, 81.90, 16.990, 101.08, 81.90, 0.003, 25.06, -10.00);
insert into SHOT values (267, 255, 268, 59, 2.760, 90.34, 11.60, 2.765, 90.21, 11.47, 0.010, 46.42, -29.31);
insert into SHOT values (268, 268, 269, 59, 2.620, 28.34, -1.20, 2.613, 28.33, -1.10, 0.008, 212.76, 36.93);
insert into SHOT values (269, 268, 270, 59, 4.310, 357.34, -1.50, 4.306, 357.34, -1.46, 0.005, 182.22, 35.98);
insert into SHOT values (270, 268, 271, 59, 0.960, 321.84, -5.10, 0.958, 321.81, -4.79, 0.006, 157.32, 69.28);
insert into SHOT values (271, 268, 272, 59, 2.620, 292.84, 2.90, 2.616, 292.74, 2.85, 0.006, 165.76, -23.35);
insert into SHOT values (272, 268, 273, 59, 3.250, 274.64, 8.00, 3.252, 274.63, 7.95, 0.003, 258.91, -46.11);
insert into SHOT values (273, 268, 274, 59, 5.160, 247.44, -4.00, 5.168, 247.41, -3.99, 0.008, 230.42, -0.39);
insert into SHOT values (274, 268, 275, 59, 0.480, 173.24, -1.90, 0.483, 174.05, -1.19, 0.009, 240.88, 38.66);
insert into SHOT values (275, 268, 276, 59, 12.590, 246.34, 85.80, 12.594, 246.48, 85.78, 0.007, 270.14, 35.07);
insert into SHOT values (276, 268, 277, 59, 5.270, 266.34, 54.20, 5.277, 266.28, 54.20, 0.007, 227.25, 49.62);
insert into SHOT values (277, 268, 278, 59, 5.750, 316.64, -80.10, 5.746, 316.64, -80.08, 0.005, 313.93, 68.07);
insert into SHOT values (278, 268, 279, 59, 5.310, 16.04, -63.60, 5.313, 15.98, -63.62, 0.005, 290.78, -55.50);
insert into SHOT values (279, 268, 280, 59, 5.310, 19.14, -67.60, 5.310, 19.06, -67.63, 0.004, 245.31, -9.73);
insert into SHOT values (280, 280, 281, 59, 0.920, 252.64, 2.00, 0.924, 252.35, 1.86, 0.007, 203.19, -18.82);
insert into SHOT values (281, 280, 282, 59, 2.900, 226.54, 2.30, 2.896, 226.54, 2.38, 0.006, 47.06, 38.48);
insert into SHOT values (282, 280, 283, 59, 1.780, 191.74, 0.80, 1.777, 191.69, 0.97, 0.006, 40.21, 56.67);
insert into SHOT values (283, 280, 284, 59, 3.100, 326.64, 1.30, 3.099, 326.72, 1.29, 0.004, 71.42, -4.29);
insert into SHOT values (284, 280, 285, 59, 3.940, 353.24, 4.30, 3.938, 353.27, 4.37, 0.005, 124.03, 57.94);
insert into SHOT values (285, 280, 286, 59, 2.040, 219.04, -20.80, 2.037, 219.04, -20.70, 0.005, 45.67, 69.01);
insert into SHOT values (286, 280, 287, 59, 0.900, 278.34, -80.60, 0.903, 277.59, -80.35, 0.005, 253.81, -23.70);
insert into SHOT values (287, 280, 288, 59, 10.280, 296.04, -82.20, 10.275, 296.01, -82.22, 0.007, 125.44, 48.56);
insert into SHOT values (288, 280, 289, 59, 15.900, 285.24, 81.40, 15.898, 285.15, 81.42, 0.007, 141.69, -10.81);
insert into SHOT values (289, 280, 290, 59, 13.600, 331.74, -72.70, 13.594, 331.79, -72.71, 0.007, 115.67, 41.83);
insert into SHOT values (290, 290, 291, 59, 3.320, 203.04, -0.10, 3.316, 203.09, -0.17, 0.007, 353.70, -39.16);
insert into SHOT values (291, 290, 292, 59, 1.720, 144.04, 7.70, 1.720, 144.07, 7.69, 0.001, 250.31, -26.07);
insert into SHOT values (292, 290, 293, 59, 1.250, 92.84, 4.60, 1.245, 92.77, 4.61, 0.005, 291.67, -2.98);
insert into SHOT values (293, 290, 294, 59, 1.520, 257.84, 3.30, 1.526, 257.88, 3.00, 0.010, 266.59, -48.76);
insert into SHOT values (294, 290, 295, 59, 1.200, 327.54, 2.90, 1.203, 327.24, 2.86, 0.007, 259.67, -5.88);
insert into SHOT values (295, 290, 296, 59, 0.710, 22.64, -12.00, 0.707, 22.11, -12.25, 0.008, 262.54, -17.82);
insert into SHOT values (296, 290, 297, 59, 27.550, 172.54, 81.60, 27.545, 172.57, 81.60, 0.005, 282.41, -60.80);
insert into SHOT values (297, 290, 298, 59, 3.000, 308.14, -87.60, 3.003, 308.66, -87.56, 0.004, 333.63, -44.35);
insert into SHOT values (298, 290, 299, 59, 1.470, 335.54, -29.10, 1.476, 335.22, -29.19, 0.010, 275.72, -31.71);
insert into SHOT values (299, 290, 300, 59, 1.820, 330.54, -40.40, 1.826, 330.31, -40.27, 0.009, 290.88, -2.69);
insert into SHOT values (300, 300, 301, 59, 1.190, 222.74, 4.40, 1.185, 222.60, 4.35, 0.006, 75.21, -13.39);
insert into SHOT values (301, 300, 302, 59, 1.370, 164.24, -6.90, 1.372, 164.23, -7.12, 0.006, 149.10, -77.36);
insert into SHOT values (302, 300, 303, 59, 1.640, 141.14, -4.70, 1.649, 141.18, -4.87, 0.010, 147.98, -33.38);
insert into SHOT values (303, 300, 304, 59, 0.810, 116.04, -0.00, 0.814, 116.25, 0.00, 0.005, 153.05, 0.00);
insert into SHOT values (304, 300, 305, 59, 2.980, 62.04, 0.70, 2.984, 62.23, 0.58, 0.012, 131.26, -31.04);
insert into SHOT values (305, 300, 306, 59, 1.100, 48.34, 3.50, 1.099, 48.32, 3.13, 0.007, 304.43, -87.11);
insert into SHOT values (306, 300, 307, 59, 0.400, 352.04, 25.70, 0.392, 351.87, 25.68, 0.008, 180.79, -26.46);
insert into SHOT values (307, 300, 308, 59, 13.800, 150.44, 82.40, 13.801, 150.49, 82.39, 0.003, 188.65, 26.78);
insert into SHOT values (308, 300, 309, 59, 1.670, 167.14, -88.90, 1.670, 161.57, -88.92, 0.003, 66.33, -5.62);
insert into SHOT values (309, 300, 310, 59, 2.710, 60.64, -55.60, 2.716, 60.76, -55.57, 0.007, 96.54, -35.08);
insert into SHOT values (310, 300, 311, 59, 6.010, 58.84, -51.30, 6.011, 58.93, -51.29, 0.006, 134.25, 3.62);
insert into SHOT values (311, 300, 312, 59, 4.000, 60.54, 26.20, 3.999, 60.65, 26.11, 0.009, 135.45, -40.27);
insert into SHOT values (312, 312, 313, 59, 0.870, 25.84, 7.40, 0.872, 25.38, 7.91, 0.011, 300.14, 48.60);
insert into SHOT values (313, 312, 314, 59, 1.000, 330.54, 9.00, 1.003, 330.33, 9.18, 0.006, 270.12, 39.93);
insert into SHOT values (314, 312, 315, 59, 4.230, 338.74, 1.60, 4.228, 338.78, 1.63, 0.004, 101.40, 30.83);
insert into SHOT values (315, 312, 316, 59, 0.780, 279.54, 4.90, 0.784, 279.58, 5.12, 0.005, 288.13, 41.68);
insert into SHOT values (316, 312, 317, 59, 1.540, 237.54, 4.30, 1.542, 237.76, 4.46, 0.007, 314.58, 37.30);
insert into SHOT values (317, 312, 318, 59, 0.600, 225.54, 17.00, 0.600, 225.71, 17.45, 0.005, 346.25, 67.14);
insert into SHOT values (318, 312, 319, 59, 2.680, 242.04, 79.20, 2.686, 242.40, 79.35, 0.010, 33.28, 48.94);
insert into SHOT values (319, 312, 320, 59, 2.330, 281.14, -65.20, 2.326, 281.20, -65.12, 0.005, 316.40, 72.76);
insert into SHOT values (320, 312, 321, 59, 8.260, 276.84, -78.70, 8.261, 277.08, -78.67, 0.008, 337.32, -0.90);
insert into SHOT values (321, 312, 322, 59, 1.630, 348.44, -0.80, 1.634, 348.35, -0.70, 0.005, 313.13, 30.42);
insert into SHOT values (322, 322, 323, 59, 1.650, 340.84, 0.60, 1.651, 340.91, 0.69, 0.003, 45.03, 52.56);
insert into SHOT values (323, 322, 324, 59, 3.190, 327.44, 1.20, 3.188, 327.56, 1.26, 0.007, 73.16, 25.67);
insert into SHOT values (324, 322, 325, 59, 1.990, 311.84, 0.80, 1.990, 311.94, 0.86, 0.004, 42.01, 31.77);
insert into SHOT values (325, 322, 326, 59, 0.340, 227.54, 3.50, 0.340, 227.39, 3.37, 0.001, 157.72, -37.61);
insert into SHOT values (326, 322, 327, 59, 1.470, 171.24, 3.60, 1.471, 170.99, 3.51, 0.007, 90.08, -19.22);
insert into SHOT values (327, 322, 328, 59, 0.910, 138.44, -12.00, 0.913, 138.63, -12.01, 0.004, 187.06, -11.38);
insert into SHOT values (328, 322, 329, 59, 2.330, 261.94, 76.50, 2.335, 261.57, 76.48, 0.006, 201.06, 47.46);
insert into SHOT values (329, 322, 330, 59, 15.270, 185.44, -81.00, 15.268, 185.28, -80.99, 0.007, 107.13, 16.35);
insert into SHOT values (330, 322, 331, 59, 18.050, 20.84, -79.80, 18.046, 20.87, -79.79, 0.006, 45.22, 50.33);
insert into SHOT values (331, 331, 332, 59, 1.650, 276.34, 6.30, 1.650, 276.30, 6.26, 0.002, 179.96, -42.81);
insert into SHOT values (332, 331, 333, 59, 2.500, 234.74, 12.60, 2.498, 234.68, 12.48, 0.006, 125.51, -62.98);
insert into SHOT values (333, 331, 334, 59, 5.050, 205.74, 10.60, 5.049, 205.79, 10.50, 0.010, 286.48, -64.14);
insert into SHOT values (334, 331, 335, 59, 4.970, 196.54, 11.20, 4.976, 196.54, 11.12, 0.009, 196.88, -38.53);
insert into SHOT values (335, 331, 336, 59, 1.390, 181.64, 17.30, 1.392, 181.72, 17.13, 0.005, 210.09, -40.23);
insert into SHOT values (336, 331, 337, 59, 3.240, 155.74, 3.20, 3.241, 155.73, 3.18, 0.001, 127.64, -37.07);
insert into SHOT values (337, 331, 338, 59, 2.210, 305.34, 0.60, 2.203, 305.21, 0.52, 0.009, 162.34, -19.84);
insert into SHOT values (338, 331, 339, 59, 2.390, 321.14, 1.90, 2.391, 321.12, 1.92, 0.002, 267.35, 29.56);
insert into SHOT values (339, 331, 340, 59, 7.150, 315.84, 3.20, 7.146, 315.85, 3.13, 0.010, 114.91, -68.51);
insert into SHOT values (340, 331, 341, 59, 19.740, 292.34, 78.30, 19.740, 292.33, 78.31, 0.003, 123.00, 2.68);
insert into SHOT values (341, 331, 342, 59, 2.170, 315.34, -82.30, 2.169, 315.00, -82.51, 0.008, 147.37, 3.07);
insert into SHOT values (342, 331, 343, 59, 7.080, 315.84, -7.20, 7.079, 315.87, -7.22, 0.004, 77.29, -37.41);
insert into SHOT values (343, 343, 344, 59, 1.730, 57.54, -2.10, 1.718, 57.61, -2.00, 0.012, 228.13, 16.09);
insert into SHOT values (344, 343, 345, 59, 2.110, 10.34, 2.90, 2.106, 10.13, 2.99, 0.009, 249.70, 20.19);
insert into SHOT values (345, 343, 346, 59, 2.800, 119.64, 3.40, 2.804, 119.77, 3.27, 0.010, 174.78, -38.29);
insert into SHOT values (346, 343, 347, 59, 2.390, 153.04, 7.60, 2.395, 153.22, 7.44, 0.011, 205.29, -33.18);
insert into SHOT values (347, 343, 348, 59, 1.900, 190.74, 7.00, 1.908, 190.95, 6.92, 0.011, 229.79, -7.92);
insert into SHOT values (348, 343, 349, 59, 0.470, 261.44, 9.50, 0.472, 261.35, 9.76, 0.003, 237.78, 51.94);
insert into SHOT values (349, 343, 350, 59, 10.970, 3.84, 83.00, 10.971, 3.87, 83.02, 0.004, 173.65, 24.25);
insert into SHOT values (350, 343, 351, 59, 2.040, 84.74, -61.40, 2.038, 84.70, -61.44, 0.003, 281.66, 23.70);
insert into SHOT values (351, 343, 352, 59, 16.580, 114.64, 82.10, 16.577, 114.65, 82.10, 0.003, 275.69, -63.57);
insert into SHOT values (352, 343, 353, 59, 1.620, 34.14, 7.90, 1.613, 34.29, 7.84, 0.009, 184.08, -18.19);
insert into SHOT values (353, 353, 354, 59, 2.630, 316.44, -2.70, 2.634, 316.54, -2.61, 0.007, 2.85, 31.93);
insert into SHOT values (354, 353, 355, 59, 0.920, 326.84, 0.10, 0.924, 326.48, 0.00, 0.007, 268.43, -13.28);
insert into SHOT values (355, 353, 356, 59, 0.880, 259.74, -0.10, 0.883, 260.22, 0.00, 0.008, 328.80, 11.06);
insert into SHOT values (356, 353, 357, 59, 5.750, 156.64, 8.70, 5.741, 156.64, 8.72, 0.009, 336.04, 1.64);
insert into SHOT values (357, 353, 358, 59, 3.470, 173.04, 1.50, 3.467, 173.04, 1.49, 0.003, 355.55, -14.31);
insert into SHOT values (358, 353, 359, 59, 3.400, 186.44, 0.60, 3.392, 186.43, 0.68, 0.010, 9.62, 27.43);
insert into SHOT values (359, 353, 360, 59, 10.140, 245.94, 87.40, 10.140, 246.80, 87.42, 0.008, 0.17, 3.34);
insert into SHOT values (360, 353, 361, 59, 3.900, 191.34, -77.10, 3.898, 191.31, -77.15, 0.004, 18.40, 22.06);
insert into SHOT values (361, 353, 362, 59, 1.970, 196.94, -69.80, 1.971, 197.10, -69.82, 0.002, 291.91, -31.30);
insert into SHOT values (362, 353, 363, 59, 4.640, 248.94, -84.60, 4.641, 249.90, -84.60, 0.007, 340.09, -4.61);
insert into SHOT values (363, 353, 364, 59, 4.450, 293.34, -66.90, 4.451, 293.50, -66.77, 0.011, 319.78, 16.51);
insert into SHOT values (364, 364, 365, 59, 1.810, 349.94, -4.00, 1.802, 350.07, -4.14, 0.010, 145.65, -21.51);
insert into SHOT values (365, 364, 366, 59, 1.320, 98.24, 4.30, 1.327, 98.25, 4.32, 0.007, 100.23, 7.88);
insert into SHOT values (366, 364, 367, 59, 1.250, 143.54, -4.90, 1.257, 143.77, -5.02, 0.009, 180.60, -21.22);
insert into SHOT values (367, 364, 368, 59, 1.880, 342.14, -6.90, 1.874, 342.15, -7.05, 0.008, 159.90, -31.08);
insert into SHOT values (368, 364, 369, 59, 2.600, 357.24, -87.60, 2.602, 0.00, -87.80, 0.010, 149.09, -12.60);
insert into SHOT values (369, 364, 370, 59, 4.140, 8.24, 77.70, 4.135, 8.50, 77.72, 0.007, 128.42, -47.41);
insert into SHOT values (370, 364, 371, 59, 5.150, 328.14, -16.20, 5.150, 328.14, -16.24, 0.003, 143.25, -79.22);
insert into SHOT values (371, 371, 372, 59, 0.310, 52.44, 6.10, 0.310, 54.25, 5.56, 0.010, 144.44, -16.86);
insert into SHOT values (372, 371, 373, 59, 1.120, 127.54, -0.70, 1.126, 127.79, -0.51, 0.009, 165.23, 25.12);
insert into SHOT values (373, 371, 374, 59, 4.660, 145.74, -3.70, 4.667, 145.76, -3.69, 0.007, 161.19, 5.98);
insert into SHOT values (374, 371, 375, 59, 1.160, 195.04, 1.90, 1.160, 195.00, 1.98, 0.002, 112.34, 58.46);
insert into SHOT values (375, 371, 376, 59, 0.910, 257.64, -1.20, 0.912, 257.33, -1.26, 0.006, 193.66, -9.85);
insert into SHOT values (376, 371, 377, 59, 1.390, 293.94, 23.20, 1.381, 293.73, 23.46, 0.012, 137.76, 11.97);
insert into SHOT values (377, 371, 378, 59, 2.010, 334.24, 13.40, 2.010, 334.22, 13.52, 0.004, 195.47, 76.22);
insert into SHOT values (378, 371, 379, 59, 5.510, 324.14, 26.60, 5.506, 324.18, 26.65, 0.007, 116.31, 22.88);
insert into SHOT values (379, 371, 380, 59, 1.850, 149.74, -83.50, 1.852, 148.57, -83.46, 0.005, 78.69, -22.54);
insert into SHOT values (380, 371, 381, 59, 5.210, 114.14, 86.20, 5.212, 115.11, 86.11, 0.010, 150.78, 8.22);
insert into SHOT values (381, 371, 382, 59, 5.160, 325.44, 19.40, 5.155, 325.39, 19.49, 0.010, 174.33, 36.20);
insert into SHOT values (382, 382, 383, 59, 2.220, 48.94, 4.40, 2.225, 48.84, 4.38, 0.006, 8.98, -2.92);
insert into SHOT values (383, 382, 384, 59, 2.400, 76.84, 5.40, 2.404, 76.72, 5.25, 0.009, 29.16, -40.13);
insert into SHOT values (384, 382, 385, 59, 0.870, 121.24, 3.10, 0.876, 120.96, 2.62, 0.010, 85.58, -44.12);
insert into SHOT values (385, 382, 386, 59, 0.730, 200.44, 13.30, 0.724, 200.75, 12.77, 0.010, 341.65, -52.96);
insert into SHOT values (386, 382, 387, 59, 9.690, 144.44, 2.50, 9.686, 144.42, 2.49, 0.006, 2.97, -25.81);
insert into SHOT values (387, 382, 388, 59, 4.220, 147.04, 80.80, 4.214, 146.55, 80.83, 0.009, 25.69, -40.10);
insert into SHOT values (388, 382, 389, 59, 1.940, 96.14, -87.80, 1.942, 90.00, -87.64, 0.010, 36.78, -8.18);
insert into SHOT values (389, 382, 390, 59, 1.340, 45.84, -12.90, 1.342, 45.93, -12.91, 0.003, 88.95, -16.09);
insert into SHOT values (390, 390, 391, 59, 0.880, 265.44, 12.40, 0.881, 266.01, 11.79, 0.013, 338.66, -45.15);
insert into SHOT values (391, 390, 392, 59, 1.080, 64.94, 16.00, 1.078, 64.92, 15.61, 0.008, 303.18, -86.04);
insert into SHOT values (392, 390, 393, 59, 1.060, 15.94, 15.40, 1.066, 15.79, 15.22, 0.008, 354.72, -11.39);
insert into SHOT values (393, 390, 394, 59, 1.310, 186.94, 4.00, 1.303, 187.07, 3.96, 0.008, 344.05, -10.41);
insert into SHOT values (394, 390, 395, 59, 2.000, 223.94, 1.60, 2.002, 223.99, 1.43, 0.006, 260.28, -64.91);
insert into SHOT values (395, 390, 396, 59, 1.380, 104.44, 15.30, 1.379, 104.35, 15.13, 0.005, 26.31, -62.19);
insert into SHOT values (396, 390, 397, 59, 5.200, 219.54, 84.50, 5.194, 220.10, 84.51, 0.008, 328.13, -49.82);
insert into SHOT values (397, 390, 398, 59, 2.490, 153.44, -87.40, 2.493, 153.43, -87.43, 0.003, 334.07, -65.83);
insert into SURVEY values (61, 55, 'GL102_Entree_02', 'GL102_Entree_02.Gouffre_du_Lonne_Peyret', 'GL102 - Gouffre du Lonne Peyret - Puits suite');
 insert into CENTRELINE values (62, 61, NULL, NULL, NULL, 0.00, 0.00, 0.00);
 insert into CENTRELINE values (63, 61, NULL, '2024-08-07', '2024-01-01', 462.67, 0.00, 17.04);
 insert into PERSON values (7, 'Odile', 'Penot');
insert into TOPO values (7, 63);
 insert into TOPO values (1, 63);
 insert into PERSON values (8, 'Olivier', 'Venaut');
insert into TOPO values (8, 63);
 insert into EXPLO values (3, 63);
 insert into EXPLO values (4, 63);
 insert into EXPLO values (5, 63);
 insert into EXPLO values (6, 63);
 insert into SHOT values (398, 399, 400, 63, 24.200, 19.64, -90.00, 24.200, 90.00, -90.00, 0.000, 19.64, -28.66);
insert into SHOT values (399, 400, 401, 63, 4.520, 245.14, -1.30, 4.520, 245.14, -1.39, 0.007, 156.69, -86.37);
insert into SHOT values (400, 400, 402, 63, 0.160, 233.54, -2.00, 0.158, 235.30, -3.62, 0.007, 344.51, -40.30);
insert into SHOT values (401, 400, 403, 63, 3.120, 285.14, -1.80, 3.121, 285.24, -1.84, 0.006, 1.99, -20.28);
insert into SHOT values (402, 400, 404, 63, 5.450, 328.44, -3.60, 5.457, 328.44, -3.68, 0.010, 327.06, -51.81);
insert into SHOT values (403, 400, 405, 63, 5.970, 346.84, -1.00, 5.978, 346.85, -1.05, 0.010, 350.72, -36.98);
insert into SHOT values (404, 400, 406, 63, 4.120, 352.24, -0.80, 4.129, 352.20, -0.83, 0.009, 334.19, -15.38);
insert into SHOT values (405, 400, 407, 63, 3.090, 18.54, -2.50, 3.093, 18.49, -2.59, 0.006, 331.98, -55.26);
insert into SHOT values (406, 400, 408, 63, 2.930, 43.04, 0.60, 2.937, 42.93, 0.59, 0.009, 1.79, -4.47);
insert into SHOT values (407, 400, 409, 63, 4.740, 49.34, 1.70, 4.739, 49.28, 1.69, 0.005, 305.78, -6.72);
insert into SHOT values (408, 400, 410, 63, 3.260, 57.64, 2.70, 3.263, 57.53, 2.63, 0.008, 354.10, -26.32);
insert into SHOT values (409, 400, 411, 63, 2.220, 74.34, 5.10, 2.221, 74.27, 4.91, 0.008, 14.70, -65.64);
insert into SHOT values (410, 400, 412, 63, 1.540, 88.64, 8.40, 1.536, 88.49, 8.23, 0.007, 321.98, -45.08);
insert into SHOT values (411, 400, 413, 63, 12.530, 13.14, 74.90, 12.523, 13.10, 74.89, 0.008, 302.36, -70.84);
insert into SHOT values (412, 400, 414, 63, 0.160, 275.64, 62.10, 0.157, 278.13, 63.20, 0.005, 59.64, -15.03);
insert into SHOT values (413, 400, 415, 63, 17.040, 71.44, -84.50, 17.049, 71.45, -84.50, 0.009, 82.83, -78.47);
insert into SHOT values (414, 415, 416, 63, 3.320, 129.14, 3.60, 3.319, 129.12, 3.63, 0.002, 5.45, 43.52);
insert into SHOT values (415, 415, 417, 63, 3.740, 171.34, 3.20, 3.738, 171.37, 3.22, 0.003, 307.52, 24.79);
insert into SHOT values (416, 415, 418, 63, 6.080, 199.44, 0.30, 6.079, 199.51, 0.38, 0.011, 297.26, 49.25);
insert into SHOT values (417, 415, 419, 63, 4.090, 223.34, -1.90, 4.091, 223.41, -1.82, 0.008, 303.54, 47.04);
insert into SHOT values (418, 415, 420, 63, 2.910, 268.04, 4.80, 2.912, 268.03, 4.92, 0.007, 243.70, 71.95);
insert into SHOT values (419, 415, 421, 63, 1.100, 312.74, 9.90, 1.106, 312.77, 9.89, 0.006, 317.43, 8.10);
insert into SHOT values (420, 415, 422, 63, 8.030, 167.04, 76.40, 8.035, 167.14, 76.41, 0.006, 271.86, 56.63);
insert into SHOT values (421, 415, 423, 63, 12.260, 165.54, -60.00, 12.251, 165.53, -60.01, 0.010, 355.65, 51.73);
insert into SHOT values (422, 415, 424, 63, 14.560, 204.24, -78.80, 14.556, 204.29, -78.83, 0.009, 7.80, 17.20);
insert into SHOT values (423, 424, 425, 63, 0.690, 80.44, 10.90, 0.682, 80.54, 10.99, 0.009, 252.93, -3.20);
insert into SHOT values (424, 424, 426, 63, 3.970, 97.54, 9.30, 3.967, 97.63, 9.28, 0.007, 214.27, -12.68);
insert into SHOT values (425, 424, 427, 63, 6.040, 107.54, 6.20, 6.035, 107.56, 6.18, 0.006, 268.60, -23.12);
insert into SHOT values (426, 424, 428, 63, 5.290, 122.74, 12.10, 5.291, 122.77, 12.11, 0.003, 194.61, 24.18);
insert into SHOT values (427, 424, 429, 63, 4.850, 135.44, 20.90, 4.852, 135.45, 20.89, 0.002, 146.90, -5.57);
insert into SHOT values (428, 424, 430, 63, 2.100, 158.64, 6.80, 2.108, 158.71, 6.81, 0.008, 175.82, 9.59);
insert into SHOT values (429, 424, 431, 63, 0.550, 219.34, -0.30, 0.554, 219.14, 0.00, 0.006, 195.97, 30.76);
insert into SHOT values (430, 424, 432, 63, 0.380, 259.54, -1.90, 0.387, 259.56, -1.48, 0.007, 260.73, 21.48);
insert into SHOT values (431, 424, 433, 63, 0.630, 178.04, -77.50, 0.626, 180.00, -77.07, 0.008, 231.37, 40.35);
insert into SHOT values (432, 424, 434, 63, 3.030, 135.34, 10.10, 3.031, 135.54, 10.07, 0.011, 219.54, -7.38);
insert into SHOT values (433, 424, 435, 63, 5.110, 150.04, 20.60, 5.116, 150.06, 20.60, 0.006, 166.20, 19.26);
insert into SHOT values (434, 424, 436, 63, 5.440, 121.64, 18.00, 5.439, 121.72, 17.99, 0.007, 218.64, -8.10);
insert into SHOT values (435, 424, 437, 63, 5.070, 140.64, 25.40, 5.076, 140.75, 25.43, 0.011, 206.53, 28.30);
insert into SHOT values (436, 437, 438, 63, 2.620, 74.64, -9.40, 2.619, 74.51, -9.45, 0.006, 335.10, -19.23);
insert into SHOT values (437, 437, 439, 63, 3.340, 43.24, -4.60, 3.343, 43.18, -4.63, 0.005, 350.32, -23.81);
insert into SHOT values (438, 437, 440, 63, 0.640, 171.24, -0.30, 0.638, 170.98, -0.90, 0.008, 45.31, -61.59);
insert into SHOT values (439, 437, 441, 63, 8.130, 228.44, 0.90, 8.126, 228.44, 0.85, 0.009, 47.83, -63.61);
insert into SHOT values (440, 437, 442, 63, 2.350, 272.44, -0.60, 2.352, 272.44, -0.73, 0.006, 266.57, -67.19);
insert into SHOT values (441, 437, 443, 63, 4.260, 316.74, 0.10, 4.266, 316.80, 0.00, 0.011, 354.63, -44.49);
insert into SHOT values (442, 437, 444, 63, 2.650, 37.34, -6.30, 2.656, 37.30, -6.27, 0.006, 21.13, 7.17);
insert into SHOT values (443, 437, 445, 63, 3.340, 353.14, -2.50, 3.347, 353.13, -2.57, 0.008, 347.44, -30.83);
insert into SHOT values (444, 437, 446, 63, 10.060, 83.34, -79.00, 10.066, 83.13, -78.98, 0.010, 24.56, -30.52);
insert into SHOT values (445, 446, 447, 63, 3.930, 237.94, 0.70, 3.932, 237.89, 0.73, 0.005, 173.49, 25.08);
insert into SHOT values (446, 446, 448, 63, 2.850, 35.24, 1.30, 2.842, 35.26, 1.41, 0.010, 210.35, 33.18);
insert into SHOT values (447, 446, 449, 63, 12.600, 52.94, -4.30, 12.593, 52.93, -4.28, 0.008, 256.67, 33.86);
insert into SHOT values (448, 446, 450, 63, 3.140, 74.74, -2.50, 3.132, 74.81, -2.56, 0.009, 229.29, -19.67);
insert into SHOT values (449, 446, 451, 63, 1.310, 116.94, -4.30, 1.310, 117.35, -4.38, 0.009, 209.16, -10.83);
insert into SHOT values (450, 446, 452, 63, 1.670, 175.24, 15.90, 1.670, 175.35, 15.99, 0.004, 280.12, 37.31);
insert into SHOT values (451, 446, 453, 63, 1.100, 132.54, 1.20, 1.104, 132.80, 1.04, 0.007, 182.49, -25.31);
insert into SHOT values (452, 446, 454, 63, 6.460, 202.54, -80.60, 6.458, 202.70, -80.53, 0.008, 224.95, 22.64);
insert into SHOT values (453, 454, 455, 63, 3.100, 47.34, 8.90, 3.109, 47.37, 8.88, 0.009, 58.59, 2.54);
insert into SHOT values (454, 454, 456, 63, 11.640, 56.14, 2.90, 11.647, 56.15, 2.90, 0.007, 62.24, 8.84);
insert into SHOT values (455, 454, 457, 63, 3.420, 80.24, 3.80, 3.427, 80.23, 3.68, 0.010, 76.56, -43.23);
insert into SHOT values (456, 454, 458, 63, 1.500, 159.04, -0.40, 1.501, 158.91, -0.38, 0.004, 78.16, 7.53);
insert into SHOT values (457, 454, 459, 63, 1.770, 219.54, 7.40, 1.763, 219.43, 7.50, 0.009, 64.45, 13.77);
insert into SHOT values (458, 454, 460, 63, 0.160, 14.44, 73.70, 0.158, 11.31, 71.23, 0.008, 349.56, -28.32);
insert into SHOT values (459, 454, 461, 63, 12.560, 130.94, -76.00, 12.564, 130.87, -75.99, 0.006, 76.46, -32.12);
insert into SHOT values (460, 454, 462, 63, 16.200, 206.64, -86.20, 16.206, 206.57, -86.20, 0.006, 103.96, -75.21);
insert into SHOT values (461, 462, 463, 63, 4.480, 245.54, 4.10, 4.482, 245.56, 4.09, 0.002, 271.61, -7.21);
insert into SHOT values (462, 462, 464, 63, 3.410, 291.64, 9.50, 3.405, 291.67, 9.64, 0.009, 93.70, 49.43);
insert into SHOT values (463, 462, 465, 63, 1.620, 328.44, 11.60, 1.619, 328.42, 11.76, 0.005, 166.84, 61.71);
insert into SHOT values (464, 462, 466, 63, 2.610, 38.84, 1.40, 2.611, 38.93, 1.54, 0.008, 122.44, 55.97);
insert into SHOT values (465, 462, 467, 63, 0.980, 106.84, 13.30, 0.977, 106.53, 13.62, 0.008, 336.08, 33.32);
insert into SHOT values (466, 462, 468, 63, 7.180, 122.34, 60.20, 7.182, 122.31, 60.16, 0.005, 101.33, -5.89);
insert into SHOT values (467, 462, 469, 63, 8.840, 231.54, 54.40, 8.842, 231.55, 54.41, 0.002, 322.27, 74.95);
insert into SHOT values (468, 462, 470, 63, 0.610, 242.34, 0.10, 0.608, 242.59, 0.00, 0.003, 5.41, -18.57);
insert into SHOT values (469, 462, 471, 63, 21.380, 19.64, -90.00, 21.380, 90.00, -90.00, 0.000, 19.64, -55.87);
insert into SHOT values (470, 471, 472, 63, 3.270, 172.24, -4.40, 3.269, 172.24, -4.39, 0.001, 349.49, 58.60);
insert into SHOT values (471, 471, 473, 63, 0.950, 226.04, 7.50, 0.950, 226.29, 7.87, 0.007, 332.22, 54.55);
insert into SHOT values (472, 471, 474, 63, 1.390, 29.04, -5.90, 1.390, 28.97, -5.78, 0.003, 315.13, 59.28);
insert into SHOT values (473, 471, 475, 63, 1.510, 76.24, -6.90, 1.514, 76.15, -6.83, 0.005, 48.43, 14.94);
insert into SHOT values (474, 471, 476, 63, 2.920, 108.24, -5.40, 2.919, 108.25, -5.31, 0.005, 270.55, 78.95);
insert into SHOT values (475, 471, 477, 63, 2.870, 150.64, -6.50, 2.866, 150.55, -6.41, 0.008, 20.49, 40.62);
insert into SHOT values (476, 471, 478, 63, 4.850, 232.24, 72.40, 4.857, 232.19, 72.41, 0.007, 195.91, 73.27);
insert into SHOT values (477, 471, 479, 63, 0.520, 321.54, -50.50, 0.517, 322.43, -50.65, 0.006, 80.15, 12.12);
insert into SHOT values (478, 471, 480, 63, 2.020, 126.14, -15.50, 2.020, 126.22, -15.51, 0.003, 224.76, -3.72);
insert into SHOT values (479, 480, 481, 63, 1.750, 285.94, 0.60, 1.750, 286.26, 0.65, 0.010, 15.54, 9.78);
insert into SHOT values (480, 480, 482, 63, 2.690, 325.44, 4.00, 2.689, 325.48, 4.05, 0.003, 89.13, 47.64);
insert into SHOT values (481, 480, 483, 63, 2.620, 350.84, 3.00, 2.626, 351.00, 3.06, 0.010, 42.72, 16.96);
insert into SHOT values (482, 480, 484, 63, 1.660, 29.54, 5.40, 1.665, 29.66, 5.52, 0.007, 66.63, 34.01);
insert into SHOT values (483, 480, 485, 63, 2.060, 105.54, 33.80, 2.061, 105.26, 33.92, 0.010, 5.06, 24.82);
insert into SHOT values (484, 480, 486, 63, 2.280, 209.44, 17.70, 2.277, 209.29, 17.90, 0.010, 78.59, 41.00);
insert into SHOT values (485, 480, 487, 63, 3.050, 253.94, 0.30, 3.048, 254.00, 0.38, 0.006, 14.79, 46.99);
insert into SHOT values (486, 480, 488, 63, 4.510, 284.44, 81.10, 4.514, 285.04, 81.16, 0.009, 43.60, 27.51);
insert into SHOT values (487, 480, 489, 63, 1.190, 170.74, -69.80, 1.182, 170.07, -69.91, 0.010, 35.05, 45.10);
insert into SHOT values (488, 480, 490, 63, 4.130, 64.74, 34.10, 4.138, 64.78, 34.10, 0.008, 83.80, 32.71);
insert into SHOT values (489, 480, 491, 63, 12.400, 241.54, -32.00, 12.395, 241.53, -32.01, 0.005, 80.33, 10.80);
insert into SHOT values (490, 491, 492, 63, 5.230, 300.94, 22.80, 5.236, 300.92, 22.81, 0.006, 281.61, 33.89);
insert into SHOT values (491, 491, 493, 63, 2.670, 142.64, 5.10, 2.665, 142.66, 5.17, 0.006, 316.27, 26.28);
insert into SHOT values (492, 491, 494, 63, 4.210, 194.14, 0.10, 4.208, 194.17, 0.14, 0.004, 330.28, 43.86);
insert into SHOT values (493, 491, 495, 63, 18.180, 210.24, -2.70, 18.174, 210.27, -2.68, 0.011, 336.24, 35.11);
insert into SHOT values (494, 491, 496, 63, 25.930, 236.94, -4.80, 25.931, 236.96, -4.80, 0.006, 322.06, -2.21);
insert into SHOT values (495, 491, 497, 63, 17.390, 261.24, -0.40, 17.392, 261.27, -0.40, 0.008, 337.56, 9.60);
insert into SHOT values (496, 491, 498, 63, 7.750, 36.24, 31.90, 7.755, 36.23, 31.92, 0.006, 2.87, 53.11);
insert into SHOT values (497, 491, 499, 63, 3.900, 82.74, 25.90, 3.903, 82.63, 25.98, 0.009, 358.59, 43.62);
insert into SHOT values (498, 491, 500, 63, 13.330, 65.44, 32.70, 13.330, 65.40, 32.69, 0.009, 341.58, -9.49);
insert into SHOT values (499, 491, 501, 63, 7.470, 298.24, 78.40, 7.472, 298.27, 78.43, 0.004, 103.42, 37.69);
insert into SHOT values (500, 491, 502, 63, 1.910, 195.94, -74.90, 1.904, 196.59, -75.08, 0.010, 338.41, 24.09);
insert into SHOT values (501, 491, 503, 63, 12.700, 234.04, -31.40, 12.698, 234.08, -31.37, 0.010, 313.36, 42.17);
insert into SHOT values (502, 503, 504, 63, 2.930, 323.54, 31.00, 2.929, 323.59, 31.03, 0.003, 89.74, 21.30);
insert into SHOT values (503, 503, 505, 63, 5.620, 278.04, 15.10, 5.617, 278.06, 15.07, 0.005, 71.13, -55.83);
insert into SHOT values (504, 503, 506, 63, 15.340, 264.24, 8.30, 15.336, 264.25, 8.29, 0.006, 44.28, -48.36);
insert into SHOT values (505, 503, 507, 63, 14.290, 238.64, 8.10, 14.288, 238.65, 8.09, 0.004, 26.08, -56.93);
insert into SHOT values (506, 503, 508, 63, 7.930, 189.44, 7.60, 7.935, 189.44, 7.53, 0.011, 184.43, -54.91);
insert into SHOT values (507, 503, 509, 63, 8.350, 167.94, 3.20, 8.348, 167.88, 3.16, 0.011, 70.13, -34.27);
insert into SHOT values (508, 503, 510, 63, 7.880, 119.04, 6.00, 7.890, 119.05, 5.97, 0.011, 123.05, -19.84);
insert into SHOT values (509, 503, 511, 63, 6.490, 83.44, 13.30, 6.494, 83.46, 13.26, 0.006, 103.58, -28.59);
insert into SHOT values (510, 503, 512, 63, 14.980, 239.54, 75.70, 14.975, 239.49, 75.68, 0.007, 187.03, -52.62);
insert into SHOT values (511, 503, 513, 63, 1.660, 178.84, -65.70, 1.665, 178.32, -65.89, 0.010, 64.36, -45.80);
insert into SHOT values (512, 503, 514, 63, 17.040, 136.84, -7.10, 17.047, 136.84, -7.11, 0.007, 142.73, -30.96);
insert into SHOT_FLAG values(512, 'dpl');
insert into SHOT values (513, 503, 515, 63, 8.860, 264.64, 0.70, 8.860, 264.62, 0.65, 0.009, 167.13, -70.95);
insert into SHOT values (514, 515, 516, 63, 7.440, 281.94, -14.50, 7.432, 281.95, -14.49, 0.008, 93.98, 21.61);
insert into SHOT values (515, 515, 517, 63, 6.710, 282.04, -7.70, 6.706, 282.07, -7.63, 0.010, 49.66, 65.33);
insert into SHOT values (516, 515, 518, 63, 2.020, 17.74, -2.50, 2.019, 17.90, -2.27, 0.010, 112.62, 56.17);
insert into SHOT values (517, 515, 519, 63, 4.970, 319.24, -9.90, 4.966, 319.31, -9.86, 0.008, 77.70, 34.39);
insert into SHOT values (518, 515, 520, 63, 6.560, 240.14, -7.70, 6.554, 240.08, -7.63, 0.012, 114.15, 45.74);
insert into SHOT values (519, 515, 521, 63, 6.310, 171.24, 12.50, 6.313, 171.23, 12.53, 0.005, 124.43, 59.94);
insert into SHOT values (520, 515, 522, 63, 14.160, 107.24, 11.70, 14.169, 107.23, 11.73, 0.011, 89.96, 49.31);
insert into SHOT values (521, 515, 523, 63, 14.500, 112.14, 2.90, 14.507, 112.14, 2.92, 0.009, 105.57, 43.21);
insert into SHOT values (522, 515, 524, 63, 14.640, 76.84, 3.50, 14.642, 76.83, 3.52, 0.007, 14.17, 58.71);
insert into SHOT values (523, 515, 525, 63, 12.330, 271.14, 68.80, 12.331, 271.16, 68.84, 0.009, 82.04, 29.00);
insert into SHOT values (524, 515, 526, 63, 11.970, 264.94, 72.30, 11.975, 264.95, 72.33, 0.008, 80.72, 52.08);
insert into SHOT values (525, 515, 527, 63, 1.720, 258.64, -32.00, 1.720, 258.54, -31.95, 0.003, 178.37, 28.02);
insert into SHOT values (526, 515, 528, 63, 11.960, 263.84, -29.90, 11.952, 263.85, -29.91, 0.009, 75.51, 12.63);
insert into SHOT values (527, 515, 529, 63, 13.130, 264.74, -28.90, 13.121, 264.76, -28.89, 0.009, 62.79, 37.01);
insert into SHOT values (528, 515, 530, 63, 12.010, 263.74, -30.30, 12.004, 263.74, -30.32, 0.008, 87.99, -4.69);
insert into SHOT values (529, 530, 531, 63, 5.690, 216.14, -6.90, 5.693, 216.22, -6.86, 0.009, 281.50, 22.70);
insert into SHOT values (530, 530, 532, 63, 3.470, 160.34, 0.70, 3.470, 160.47, 0.83, 0.011, 251.06, 44.90);
insert into SHOT values (531, 530, 533, 63, 7.770, 110.64, 25.90, 7.771, 110.61, 25.95, 0.007, 348.41, 55.66);
insert into SHOT values (532, 530, 534, 63, 10.620, 54.64, 20.40, 10.617, 54.62, 20.45, 0.011, 269.03, 45.64);
insert into SHOT values (533, 530, 535, 63, 1.100, 326.24, 1.50, 1.110, 326.02, 1.55, 0.011, 302.82, 6.45);
insert into SHOT values (534, 530, 536, 63, 2.350, 282.24, 1.80, 2.355, 282.26, 1.95, 0.008, 292.95, 51.24);
insert into SHOT values (535, 530, 537, 63, 2.840, 241.14, -65.90, 2.839, 241.23, -65.81, 0.005, 265.96, 29.34);
insert into SHOT values (536, 530, 538, 63, 4.160, 263.44, 79.70, 4.167, 263.83, 79.71, 0.009, 348.02, 54.30);
insert into SHOT values (537, 530, 539, 63, 9.170, 239.24, -6.40, 9.177, 239.27, -6.38, 0.009, 272.49, 13.57);
insert into SHOT values (538, 539, 540, 63, 2.300, 171.74, -0.50, 2.305, 171.52, -0.50, 0.010, 112.12, 0.39);
insert into SHOT values (539, 539, 541, 63, 3.880, 239.74, -0.90, 3.877, 239.80, -0.89, 0.005, 11.71, 10.79);
insert into SHOT values (540, 539, 542, 63, 0.920, 324.24, 4.00, 0.921, 324.75, 4.36, 0.010, 50.24, 35.40);
insert into SHOT values (541, 539, 543, 63, 4.840, 41.24, 8.30, 4.841, 41.28, 8.31, 0.003, 114.41, 24.13);
insert into SHOT values (542, 539, 544, 63, 12.740, 60.94, 6.70, 12.751, 60.95, 6.71, 0.011, 64.62, 18.74);
insert into SHOT values (543, 539, 545, 63, 2.140, 119.34, 10.00, 2.141, 119.24, 9.95, 0.004, 46.65, -22.04);
insert into SHOT values (544, 539, 546, 63, 3.940, 104.64, 72.70, 3.940, 104.74, 72.59, 0.008, 120.88, -13.27);
insert into SHOT values (545, 539, 547, 63, 1.520, 263.94, -81.50, 1.516, 264.81, -81.62, 0.006, 42.64, 33.23);
insert into SHOT values (546, 539, 548, 63, 6.850, 250.94, 25.90, 6.845, 250.95, 25.90, 0.005, 64.63, -24.06);
insert into SHOT values (547, 548, 549, 63, 2.710, 313.04, 3.60, 2.708, 312.90, 3.60, 0.007, 208.73, -1.35);
insert into SHOT values (548, 548, 550, 63, 5.040, 284.54, 3.80, 5.042, 284.51, 3.87, 0.007, 218.74, 59.61);
insert into SHOT values (549, 548, 551, 63, 6.330, 240.64, 9.00, 6.333, 240.61, 8.99, 0.005, 189.90, -2.67);
insert into SHOT values (550, 548, 552, 63, 4.250, 202.94, 22.40, 4.251, 202.91, 22.40, 0.002, 131.96, 11.39);
insert into SHOT values (551, 548, 553, 63, 2.700, 152.64, 28.30, 2.698, 152.68, 28.32, 0.003, 299.57, -0.77);
insert into SHOT values (552, 548, 554, 63, 2.480, 104.14, 20.30, 2.488, 104.16, 20.47, 0.011, 110.51, 63.25);
insert into SHOT values (553, 548, 555, 63, 3.240, 46.34, 15.10, 3.240, 46.30, 15.21, 0.007, 279.06, 62.01);
insert into SHOT values (554, 548, 556, 63, 5.210, 33.24, 2.20, 5.204, 33.23, 2.20, 0.006, 222.85, -0.00);
insert into SHOT values (555, 548, 557, 63, 3.850, 5.14, 3.40, 3.852, 5.07, 3.42, 0.005, 296.68, 18.48);
insert into SHOT values (556, 548, 558, 63, 1.220, 245.94, 77.40, 1.229, 245.38, 77.59, 0.010, 116.56, 70.22);
insert into SHOT values (557, 548, 559, 63, 0.870, 5.64, -71.00, 0.867, 6.12, -71.05, 0.004, 131.02, 42.36);
insert into SHOT values (558, 548, 560, 63, 9.600, 268.04, -2.60, 9.595, 268.03, -2.57, 0.007, 117.83, 47.02);
insert into SHOT values (559, 560, 561, 63, 4.740, 289.74, -3.90, 4.749, 289.74, -3.86, 0.010, 286.11, 14.42);
insert into SHOT values (560, 560, 562, 63, 3.090, 253.14, -1.80, 3.093, 253.27, -1.85, 0.008, 323.07, -22.61);
insert into SHOT values (561, 560, 563, 63, 2.220, 145.04, 14.30, 2.217, 145.05, 14.37, 0.004, 320.02, 22.45);
insert into SHOT values (562, 560, 564, 63, 7.370, 108.14, 4.10, 7.365, 108.16, 4.13, 0.007, 259.86, 27.95);
insert into SHOT values (563, 560, 565, 63, 6.760, 67.84, 4.80, 6.751, 67.82, 4.76, 0.010, 265.84, -32.66);
insert into SHOT values (564, 560, 566, 63, 4.200, 44.54, 6.40, 4.199, 44.42, 6.43, 0.009, 304.02, 11.19);
insert into SHOT values (565, 560, 567, 63, 3.260, 16.64, 2.30, 3.258, 16.60, 2.29, 0.003, 252.27, -15.25);
insert into SHOT values (566, 560, 568, 63, 2.320, 205.44, 81.10, 2.318, 206.57, 81.12, 0.007, 305.36, -16.19);
insert into SHOT values (567, 560, 569, 63, 0.970, 151.04, -73.50, 0.969, 151.56, -73.64, 0.004, 287.26, 0.89);
insert into SHOT values (568, 560, 570, 63, 13.570, 267.04, -9.70, 13.572, 267.04, -9.71, 0.004, 275.75, -63.03);
insert into SHOT values (569, 570, 571, 63, 1.150, 358.84, 11.40, 1.153, 358.99, 11.50, 0.005, 43.57, 33.78);
insert into SHOT values (570, 570, 572, 63, 2.430, 35.14, 13.60, 2.429, 35.17, 13.57, 0.002, 160.18, -44.07);
insert into SHOT values (571, 570, 573, 63, 4.130, 64.64, 11.00, 4.129, 64.57, 11.03, 0.005, 316.87, 20.87);
insert into SHOT values (572, 570, 574, 63, 2.900, 98.04, 9.50, 2.898, 98.05, 9.53, 0.003, 274.30, 32.92);
insert into SHOT values (573, 570, 575, 63, 1.340, 156.74, 17.10, 1.343, 157.04, 17.33, 0.009, 239.96, 42.12);
insert into SHOT values (574, 570, 576, 63, 2.030, 230.64, 6.20, 2.030, 230.63, 6.22, 0.001, 113.83, 58.94);
insert into SHOT values (575, 570, 577, 63, 2.500, 271.94, 8.60, 2.500, 271.86, 8.74, 0.007, 172.90, 58.28);
insert into SHOT values (576, 570, 578, 63, 1.740, 302.84, 9.40, 1.739, 302.86, 9.60, 0.006, 113.46, 67.04);
insert into SHOT values (577, 570, 579, 63, 3.050, 89.14, 84.40, 3.055, 88.09, 84.36, 0.008, 23.45, 37.01);
insert into SHOT values (578, 570, 580, 63, 0.850, 306.04, -75.40, 0.850, 305.84, -74.85, 0.008, 300.22, 18.09);
insert into SHOT values (579, 570, 581, 63, 6.090, 77.04, 3.40, 6.085, 77.06, 3.39, 0.006, 234.73, -12.10);
insert into SHOT values (580, 581, 582, 63, 2.020, 128.44, -2.20, 2.016, 128.35, -1.99, 0.009, 348.96, 56.17);
insert into SHOT values (581, 581, 583, 63, 1.450, 167.64, 3.70, 1.447, 167.60, 3.96, 0.007, 5.40, 61.66);
insert into SHOT values (582, 581, 584, 63, 1.970, 229.34, -1.50, 1.965, 229.34, -1.46, 0.005, 52.03, 17.34);
insert into SHOT values (583, 581, 585, 63, 6.830, 267.94, 5.10, 6.832, 267.98, 5.12, 0.005, 341.52, 32.37);
insert into SHOT values (584, 581, 586, 63, 0.320, 331.64, 9.10, 0.322, 331.82, 8.95, 0.002, 2.32, -17.42);
insert into SHOT values (585, 581, 587, 63, 4.280, 169.24, 82.00, 4.281, 169.26, 82.07, 0.006, 347.16, 17.24);
insert into SHOT values (586, 581, 588, 63, 0.970, 158.64, -78.00, 0.960, 156.04, -78.16, 0.013, 39.94, 40.78);
insert into SHOT values (587, 581, 589, 63, 3.490, 149.44, -69.60, 3.487, 149.20, -69.68, 0.008, 11.33, 8.22);
insert into SHOT values (588, 581, 590, 63, 3.470, 149.54, -73.00, 3.462, 149.13, -72.97, 0.011, 51.69, 48.91);
insert into SHOT values (589, 581, 591, 63, 3.500, 155.84, -69.20, 3.497, 155.71, -69.24, 0.005, 18.59, 23.98);
insert into SHOT values (590, 581, 592, 63, 3.440, 140.14, -70.80, 3.431, 139.67, -70.80, 0.013, 30.51, 41.49);
insert into SHOT values (591, 581, 593, 63, 3.720, 111.84, -21.70, 3.717, 111.74, -21.63, 0.008, 16.42, 41.32);
insert into SHOT values (592, 593, 594, 63, 0.310, 230.04, 23.20, 0.309, 230.71, 22.89, 0.004, 331.93, -32.06);
insert into SHOT values (593, 593, 595, 63, 1.690, 259.04, 14.60, 1.693, 259.10, 14.37, 0.007, 281.20, -53.28);
insert into SHOT values (594, 593, 596, 63, 2.540, 296.94, 4.10, 2.542, 296.97, 4.06, 0.003, 324.72, -32.07);
insert into SHOT values (595, 593, 597, 63, 4.240, 340.94, -5.80, 4.244, 340.92, -5.82, 0.004, 317.76, -21.16);
insert into SHOT values (596, 593, 598, 63, 3.730, 20.54, -4.20, 3.728, 20.63, -4.15, 0.007, 126.44, 28.74);
insert into SHOT values (597, 593, 599, 63, 5.630, 48.64, 0.00, 5.633, 48.67, 0.00, 0.004, 90.93, 0.00);
insert into SHOT values (598, 593, 600, 63, 2.690, 69.04, 0.00, 2.687, 69.07, 0.00, 0.003, 223.46, 0.00);
insert into SHOT values (599, 593, 601, 63, 2.610, 68.94, 0.20, 2.615, 68.93, 0.22, 0.005, 62.85, 10.40);
insert into SHOT values (600, 593, 602, 63, 2.570, 69.14, -0.40, 2.567, 69.23, -0.45, 0.006, 196.87, -21.42);
insert into SHOT values (601, 593, 603, 63, 4.110, 354.54, 70.60, 4.114, 354.54, 70.60, 0.004, 351.17, 73.11);
insert into SHOT values (602, 593, 604, 63, 1.740, 353.84, -73.40, 1.741, 354.17, -73.57, 0.006, 141.86, -25.10);
insert into SHOT values (603, 593, 605, 63, 10.580, 65.04, 0.70, 10.577, 65.06, 0.70, 0.004, 198.74, 10.27);
insert into SHOT values (604, 593, 606, 63, 8.060, 290.04, -15.10, 8.057, 290.00, -15.11, 0.007, 176.29, -2.76);
insert into SHOT values (605, 606, 607, 63, 1.300, 329.34, 10.30, 1.307, 329.65, 10.14, 0.010, 12.74, -13.77);
insert into SHOT values (606, 606, 608, 63, 2.990, 278.54, 1.70, 2.995, 278.64, 1.72, 0.008, 323.59, 9.78);
insert into SHOT values (607, 606, 609, 63, 3.720, 227.34, 3.80, 3.717, 227.40, 3.86, 0.006, 357.02, 33.65);
insert into SHOT values (608, 606, 610, 63, 2.660, 195.24, 4.60, 2.653, 195.35, 4.54, 0.009, 340.22, -21.00);
insert into SHOT values (609, 606, 611, 63, 2.480, 145.94, 14.40, 2.483, 145.85, 14.46, 0.006, 89.21, 34.28);
insert into SHOT values (610, 606, 612, 63, 4.110, 122.34, 10.90, 4.106, 122.23, 10.95, 0.010, 1.53, 17.23);
insert into SHOT values (611, 606, 613, 63, 2.430, 70.54, 20.00, 2.430, 70.30, 19.97, 0.010, 342.00, -6.43);
insert into SHOT values (612, 606, 614, 63, 1.660, 37.24, 14.90, 1.663, 37.16, 14.99, 0.004, 344.19, 46.00);
insert into SHOT values (613, 606, 615, 63, 1.200, 138.74, 80.30, 1.197, 139.09, 80.45, 0.005, 300.91, -36.22);
insert into SHOT values (614, 606, 616, 63, 0.880, 289.74, -84.60, 0.884, 290.56, -84.45, 0.005, 314.63, -53.56);
insert into SHOT values (615, 606, 617, 63, 10.780, 267.54, -1.40, 10.783, 267.55, -1.38, 0.005, 304.20, 41.75);
insert into SHOT values (616, 617, 618, 63, 0.690, 158.24, 12.70, 0.685, 158.04, 12.65, 0.005, 5.38, -18.08);
insert into SHOT values (617, 617, 619, 63, 3.260, 189.34, 22.80, 3.253, 189.21, 22.79, 0.010, 55.43, -19.09);
insert into SHOT values (618, 617, 620, 63, 4.200, 220.64, 36.40, 4.194, 220.67, 36.42, 0.006, 20.04, -23.36);
insert into SHOT values (619, 617, 621, 63, 4.200, 250.04, 25.20, 4.193, 250.13, 25.12, 0.011, 16.02, -48.11);
insert into SHOT values (620, 617, 622, 63, 1.130, 300.14, 28.20, 1.127, 300.17, 28.05, 0.004, 93.63, -73.04);
insert into SHOT values (621, 617, 623, 63, 1.930, 48.94, -9.70, 1.935, 49.04, -9.82, 0.007, 85.18, -41.14);
insert into SHOT values (622, 617, 624, 63, 1.520, 25.74, -2.30, 1.522, 25.72, -2.64, 0.009, 10.42, -77.56);
insert into SHOT values (623, 617, 625, 63, 3.380, 261.24, 80.50, 3.376, 261.72, 80.52, 0.006, 15.36, -35.45);
insert into SHOT values (624, 617, 626, 63, 3.560, 246.44, 70.20, 3.558, 246.43, 70.29, 0.006, 69.99, 4.62);
insert into SHOT values (625, 617, 627, 63, 2.280, 205.14, -83.60, 2.284, 203.50, -83.70, 0.009, 89.50, -27.81);
insert into SHOT values (626, 617, 628, 63, 4.330, 221.04, 20.00, 4.329, 221.01, 19.99, 0.002, 124.48, -24.87);
insert into SHOT values (627, 628, 629, 63, 3.020, 159.34, 7.60, 3.021, 159.26, 7.61, 0.004, 75.73, 8.18);
insert into SHOT values (628, 628, 630, 63, 2.800, 194.64, 4.40, 2.797, 194.53, 4.31, 0.008, 79.29, -39.64);
insert into SHOT values (629, 628, 631, 63, 3.800, 242.64, -2.60, 3.797, 242.69, -2.72, 0.009, 18.71, -58.23);
insert into SHOT values (630, 628, 632, 63, 3.720, 270.84, -0.30, 3.721, 270.92, -0.31, 0.005, 355.13, -5.59);
insert into SHOT values (631, 628, 633, 63, 1.220, 313.64, 6.20, 1.223, 313.67, 6.10, 0.004, 321.99, -25.26);
insert into SHOT values (632, 628, 634, 63, 4.530, 353.84, 4.10, 4.537, 353.91, 4.04, 0.010, 31.35, -23.40);
insert into SHOT values (633, 628, 635, 63, 4.610, 60.74, 11.90, 4.616, 60.71, 11.88, 0.007, 40.33, -4.91);
insert into SHOT values (634, 628, 636, 63, 4.640, 96.84, 11.50, 4.644, 96.81, 11.43, 0.008, 72.94, -41.20);
insert into SHOT values (635, 628, 637, 63, 0.740, 217.64, 74.90, 0.736, 218.66, 74.86, 0.006, 319.40, -51.94);
insert into SHOT values (636, 628, 638, 63, 1.040, 39.74, -83.60, 1.047, 41.63, -83.40, 0.009, 81.68, -47.47);
insert into SHOT values (637, 628, 639, 63, 3.020, 249.84, -14.40, 3.012, 249.95, -14.42, 0.010, 36.60, 5.97);
insert into SHOT values (638, 639, 640, 63, 1.290, 241.94, 2.10, 1.294, 241.85, 1.77, 0.008, 213.08, -59.12);
insert into SHOT values (639, 639, 641, 63, 1.190, 316.74, 12.20, 1.187, 316.40, 12.16, 0.008, 202.50, -10.91);
insert into SHOT values (640, 639, 642, 63, 1.380, 0.64, 22.90, 1.376, 0.45, 22.65, 0.008, 254.79, -57.79);
insert into SHOT values (641, 639, 643, 63, 7.160, 50.94, 14.80, 7.153, 50.93, 14.74, 0.011, 250.91, -57.72);
insert into SHOT values (642, 639, 644, 63, 7.580, 88.24, 14.60, 7.578, 88.28, 14.60, 0.005, 199.67, -7.37);
insert into SHOT values (643, 639, 645, 63, 4.530, 109.24, 7.30, 4.527, 109.24, 7.23, 0.006, 290.03, -66.79);
insert into SHOT values (644, 639, 646, 63, 2.330, 333.04, 76.40, 2.324, 332.49, 76.53, 0.010, 191.03, -28.76);
insert into SHOT values (645, 639, 647, 63, 0.790, 56.14, -67.40, 0.790, 55.78, -67.50, 0.002, 292.13, -16.24);
insert into SHOT values (646, 639, 648, 63, 4.330, 330.74, 54.30, 4.324, 330.59, 54.27, 0.009, 229.16, -43.22);
insert into SHOT values (647, 648, 649, 63, 0.970, 176.44, 4.20, 0.974, 176.46, 4.12, 0.005, 180.39, -13.11);
insert into SHOT values (648, 648, 650, 63, 2.330, 208.14, 5.60, 2.324, 208.12, 5.68, 0.007, 38.20, 23.58);
insert into SHOT values (649, 648, 651, 63, 0.980, 260.54, 17.10, 0.976, 260.74, 17.28, 0.006, 45.22, 18.32);
insert into SHOT values (650, 648, 652, 63, 0.730, 352.84, 1.20, 0.726, 352.87, 1.58, 0.006, 167.26, 47.90);
insert into SHOT values (651, 648, 653, 63, 3.380, 13.14, -5.00, 3.382, 13.21, -4.92, 0.006, 76.58, 45.31);
insert into SHOT values (652, 648, 654, 63, 1.040, 38.44, 2.50, 1.040, 38.75, 2.76, 0.007, 133.30, 40.00);
insert into SHOT values (653, 648, 655, 63, 1.170, 77.14, 9.70, 1.177, 77.04, 9.79, 0.007, 59.22, 23.58);
insert into SHOT values (654, 648, 656, 63, 1.460, 125.54, 10.80, 1.462, 125.35, 11.04, 0.008, 39.82, 53.35);
insert into SHOT values (655, 648, 657, 63, 0.600, 315.44, 78.60, 0.601, 315.00, 79.14, 0.006, 144.53, 18.38);
insert into SHOT values (656, 648, 658, 63, 1.600, 48.94, -79.50, 1.597, 49.18, -79.51, 0.004, 174.83, 64.66);
insert into SHOT values (657, 648, 659, 63, 6.530, 234.74, 15.50, 6.531, 234.77, 15.54, 0.006, 323.44, 59.00);
insert into SHOT values (658, 659, 660, 63, 4.600, 170.04, 0.50, 4.600, 169.98, 0.50, 0.005, 83.40, -1.76);
insert into SHOT values (659, 659, 661, 63, 6.720, 200.34, -2.10, 6.722, 200.30, -2.13, 0.007, 126.65, -33.85);
insert into SHOT values (660, 659, 662, 63, 1.820, 247.74, 23.10, 1.821, 247.56, 22.95, 0.007, 186.38, -34.30);
insert into SHOT values (661, 659, 663, 63, 1.100, 346.24, 7.50, 1.100, 346.22, 7.31, 0.004, 317.55, -75.16);
insert into SHOT values (662, 659, 664, 63, 2.390, 109.04, 0.60, 2.391, 109.04, 0.48, 0.005, 106.34, -79.32);
insert into SHOT values (663, 659, 665, 63, 1.320, 74.84, -3.90, 1.318, 75.01, -3.92, 0.004, 194.52, -2.80);
insert into SHOT values (664, 659, 666, 63, 4.040, 168.04, 68.20, 4.040, 168.09, 68.17, 0.003, 200.91, -24.40);
insert into SHOT values (665, 659, 667, 63, 1.210, 153.04, -77.70, 1.218, 152.45, -77.70, 0.008, 94.40, -67.91);
insert into SHOT values (666, 659, 668, 63, 2.040, 131.84, -70.20, 2.042, 131.50, -70.12, 0.005, 79.42, -6.51);
insert into SHOT values (667, 659, 669, 63, 3.220, 156.14, -53.10, 3.225, 156.22, -53.14, 0.006, 226.95, -61.66);
insert into SHOT values (668, 659, 670, 63, 9.750, 325.54, 73.70, 9.741, 325.44, 73.71, 0.010, 194.91, -50.89);
insert into SHOT values (669, 659, 671, 63, 6.510, 254.54, 35.70, 6.507, 254.52, 35.73, 0.006, 100.04, 11.74);
insert into SHOT values (670, 659, 672, 63, 3.520, 235.24, -0.50, 3.520, 235.18, -0.49, 0.004, 151.15, 10.78);
insert into SHOT values (671, 672, 673, 63, 22.020, 316.84, 18.10, 22.023, 316.84, 18.09, 0.004, 298.21, -15.61);
insert into SHOT values (672, 672, 674, 63, 13.790, 356.84, 31.40, 13.785, 356.83, 31.39, 0.006, 212.17, -57.02);
insert into SHOT values (673, 672, 675, 63, 15.740, 31.94, 34.70, 15.741, 31.96, 34.70, 0.004, 107.04, -6.94);
insert into SHOT values (674, 672, 676, 63, 6.010, 61.64, 29.80, 6.008, 61.62, 29.73, 0.007, 11.10, -66.70);
insert into SHOT values (675, 672, 677, 63, 10.580, 76.14, 33.50, 10.583, 76.17, 33.49, 0.005, 125.84, 5.48);
insert into SHOT values (676, 672, 678, 63, 13.570, 58.64, 35.20, 13.569, 58.65, 35.19, 0.002, 106.99, -64.31);
insert into SHOT values (677, 672, 679, 63, 4.310, 134.34, 29.40, 4.307, 134.24, 29.33, 0.009, 45.47, -42.18);
insert into SHOT values (678, 672, 680, 63, 4.510, 191.54, 1.50, 4.512, 191.51, 1.40, 0.009, 142.28, -66.90);
insert into SHOT values (679, 672, 681, 63, 3.390, 270.04, 78.80, 3.385, 270.00, 78.76, 0.006, 252.54, -73.41);
insert into SHOT values (680, 672, 682, 63, 11.110, 318.54, 62.70, 11.107, 318.58, 62.70, 0.005, 72.66, -33.74);
insert into SHOT values (681, 672, 683, 63, 18.200, 325.44, 58.50, 18.191, 325.46, 58.50, 0.009, 110.99, -61.30);
insert into SHOT values (682, 672, 684, 63, 1.740, 122.64, -82.00, 1.746, 123.02, -82.15, 0.008, 279.00, -60.26);
insert into SHOT values (683, 672, 685, 63, 4.920, 184.74, -54.90, 4.924, 184.66, -54.93, 0.006, 99.62, -50.02);
insert into SHOT values (684, 672, 686, 63, 20.020, 68.94, 31.20, 20.018, 68.95, 31.20, 0.003, 195.45, -16.51);
insert into SHOT values (685, 672, 687, 63, 30.540, 273.24, 0.90, 30.543, 273.25, 0.90, 0.004, 317.73, 4.34);
insert into SHOT values (686, 687, 688, 63, 2.710, 245.24, 13.10, 2.705, 245.09, 13.03, 0.009, 124.00, -27.01);
insert into SHOT values (687, 687, 689, 63, 4.580, 267.94, 12.30, 4.577, 267.95, 12.24, 0.006, 71.23, -69.75);
insert into SHOT values (688, 687, 690, 63, 6.460, 297.44, 13.20, 6.458, 297.46, 13.16, 0.006, 46.48, -66.58);
insert into SHOT values (689, 687, 691, 63, 8.660, 312.34, 4.70, 8.658, 312.32, 4.70, 0.003, 190.38, 6.80);
insert into SHOT values (690, 687, 692, 63, 19.690, 328.14, 16.00, 19.683, 328.13, 15.98, 0.009, 179.86, -50.24);
insert into SHOT values (691, 687, 693, 63, 17.950, 328.44, 17.80, 17.943, 328.45, 17.78, 0.009, 125.44, -52.33);
insert into SHOT values (692, 687, 694, 63, 14.770, 352.74, 24.60, 14.764, 352.77, 24.57, 0.011, 105.49, -51.17);
insert into SHOT values (693, 687, 695, 63, 25.590, 57.84, 19.80, 25.590, 57.86, 19.78, 0.012, 127.55, -44.83);
insert into SHOT values (694, 687, 696, 63, 45.140, 80.34, 9.90, 45.142, 80.34, 9.90, 0.003, 89.87, -20.27);
insert into SHOT values (695, 687, 697, 63, 19.950, 96.24, 8.30, 19.956, 96.25, 8.30, 0.007, 120.17, 0.77);
insert into SHOT values (696, 687, 698, 63, 9.540, 119.34, 13.40, 9.541, 119.35, 13.39, 0.003, 172.78, -19.74);
insert into SHOT values (697, 687, 699, 63, 8.650, 23.14, 71.00, 8.642, 23.20, 70.97, 0.009, 82.04, -69.69);
insert into SHOT values (698, 687, 700, 63, 1.810, 106.54, -80.00, 1.817, 106.70, -80.08, 0.008, 248.47, -79.49);
insert into SHOT values (699, 687, 701, 63, 6.520, 28.04, -34.10, 6.520, 28.08, -34.15, 0.007, 160.37, -40.44);
insert into SHOT values (700, 687, 702, 63, 25.440, 18.64, -16.80, 25.438, 18.66, -16.82, 0.011, 142.26, -40.95);
insert into SHOT values (701, 687, 703, 63, 10.500, 322.64, -15.50, 10.499, 322.63, -15.52, 0.005, 189.80, -57.42);
insert into SHOT values (702, 687, 704, 63, 10.480, 322.44, -15.10, 10.475, 322.47, -15.11, 0.008, 97.94, 0.65);
insert into SHOT values (703, 704, 705, 63, 12.770, 352.64, 1.80, 12.772, 352.62, 1.79, 0.006, 284.42, -11.24);
insert into SHOT values (704, 704, 706, 63, 13.430, 30.84, 4.60, 13.425, 30.84, 4.57, 0.009, 220.41, -56.17);
insert into SHOT values (705, 704, 707, 63, 5.450, 70.24, -1.50, 5.443, 70.23, -1.58, 0.011, 257.04, -43.99);
insert into SHOT values (706, 704, 708, 63, 24.030, 64.44, 9.60, 24.023, 64.44, 9.58, 0.009, 250.20, -53.93);
insert into SHOT values (707, 704, 709, 63, 6.820, 265.74, 7.30, 6.823, 265.76, 7.24, 0.008, 299.45, -55.43);
insert into SHOT values (708, 704, 710, 63, 4.340, 237.44, 7.70, 4.347, 237.42, 7.67, 0.008, 222.39, -11.40);
insert into SHOT values (709, 704, 711, 63, 2.840, 168.94, 2.50, 2.844, 169.05, 2.42, 0.008, 217.89, -29.65);
insert into SHOT values (710, 704, 712, 63, 4.260, 160.94, 8.40, 4.255, 161.01, 8.38, 0.007, 298.71, -18.53);
insert into SHOT values (711, 704, 713, 63, 5.370, 309.14, 63.90, 5.370, 309.00, 63.84, 0.008, 260.37, -17.11);
insert into SHOT values (712, 704, 714, 63, 10.690, 343.64, 73.10, 10.682, 343.55, 73.09, 0.010, 249.24, -58.41);
insert into SHOT values (713, 704, 715, 63, 0.740, 264.84, -83.80, 0.744, 262.87, -83.78, 0.005, 188.17, -56.69);
insert into SHOT values (714, 704, 716, 63, 9.690, 11.74, -66.20, 9.694, 11.65, -66.21, 0.007, 284.31, -34.04);
insert into SHOT values (715, 704, 717, 63, 13.500, 296.14, 3.60, 13.506, 296.15, 3.57, 0.010, 306.21, -51.47);
insert into SHOT values (716, 717, 718, 63, 5.110, 217.24, 5.60, 5.113, 217.25, 5.61, 0.003, 237.62, 26.86);
insert into SHOT values (717, 717, 719, 63, 16.610, 241.84, 2.90, 16.606, 241.83, 2.90, 0.006, 107.97, -3.46);
insert into SHOT values (718, 717, 720, 63, 25.590, 256.04, -2.40, 25.588, 256.03, -2.40, 0.004, 138.25, 21.89);
insert into SHOT values (719, 717, 721, 63, 39.980, 273.24, 4.10, 39.976, 273.23, 4.10, 0.007, 144.65, 12.97);
insert into SHOT values (720, 717, 722, 63, 32.130, 291.94, 3.80, 32.133, 291.94, 3.80, 0.003, 275.56, 11.62);
insert into SHOT values (721, 717, 723, 63, 33.880, 303.04, -6.00, 33.875, 303.04, -6.00, 0.006, 113.44, 14.80);
insert into SHOT values (722, 717, 724, 63, 23.190, 304.14, 3.20, 23.185, 304.14, 3.21, 0.008, 147.98, 42.44);
insert into SHOT values (723, 717, 725, 63, 23.130, 309.94, 4.90, 23.128, 309.93, 4.91, 0.007, 192.58, 37.11);
insert into SHOT values (724, 717, 726, 63, 7.120, 0.34, 11.90, 7.114, 0.33, 11.93, 0.007, 193.31, 14.52);
insert into SHOT values (725, 717, 727, 63, 11.990, 52.84, -1.40, 11.988, 52.83, -1.39, 0.004, 271.42, 45.49);
insert into SHOT values (726, 717, 728, 63, 29.450, 74.54, -2.90, 29.449, 74.56, -2.90, 0.009, 169.91, -0.23);
insert into SHOT values (727, 717, 729, 63, 8.600, 286.74, 82.10, 8.601, 286.75, 82.11, 0.003, 104.69, 39.24);
insert into SHOT values (728, 717, 730, 63, 2.440, 200.14, -65.60, 2.440, 200.22, -65.48, 0.005, 218.30, 23.84);
insert into SHOT values (729, 717, 731, 63, 13.480, 319.54, -58.60, 13.474, 319.50, -58.59, 0.008, 215.33, 51.13);
insert into SHOT values (730, 717, 732, 63, 20.980, 273.64, -19.00, 20.983, 273.64, -19.00, 0.003, 266.47, 7.73);
insert into SHOT values (731, 732, 733, 63, 9.700, 183.44, 32.00, 9.707, 183.41, 31.97, 0.010, 155.93, -1.29);
insert into SHOT values (732, 732, 734, 63, 14.910, 229.94, 30.20, 14.912, 229.91, 30.20, 0.008, 155.34, -0.21);
insert into SHOT values (733, 732, 735, 63, 19.090, 255.14, 18.80, 19.087, 255.12, 18.83, 0.012, 129.84, 39.80);
insert into SHOT values (734, 732, 736, 63, 27.540, 282.54, 16.50, 27.533, 282.54, 16.50, 0.007, 126.91, -13.94);
insert into SHOT values (735, 732, 737, 63, 17.100, 351.04, 11.10, 17.096, 351.05, 11.13, 0.010, 153.21, 52.23);
insert into SHOT values (736, 732, 738, 63, 19.290, 48.24, 5.10, 19.292, 48.27, 5.12, 0.011, 129.30, 29.18);
insert into SHOT values (737, 732, 739, 63, 23.300, 62.74, 8.10, 23.302, 62.76, 8.12, 0.009, 140.31, 48.39);
insert into SHOT values (738, 732, 740, 63, 16.490, 112.94, 24.80, 16.497, 112.95, 24.80, 0.008, 135.46, 25.08);
insert into SHOT values (739, 732, 741, 63, 16.570, 141.64, 39.80, 16.577, 141.66, 39.80, 0.008, 180.99, 24.60);
insert into SHOT values (740, 732, 742, 63, 3.400, 152.24, 25.40, 3.402, 152.27, 25.41, 0.003, 191.49, 37.17);
insert into SHOT values (741, 732, 743, 63, 14.360, 236.54, 79.40, 14.365, 236.43, 79.41, 0.007, 133.79, 43.65);
insert into SHOT values (742, 732, 744, 63, 1.140, 64.64, -74.50, 1.142, 65.10, -74.32, 0.005, 95.74, -17.19);
insert into SHOT values (743, 732, 745, 63, 15.580, 0.14, -43.60, 15.575, 0.15, -43.60, 0.005, 142.34, 52.85);
insert into SHOT values (744, 732, 746, 63, 26.470, 273.94, -11.80, 26.470, 273.94, -11.79, 0.003, 206.19, 62.55);
insert into SHOT values (745, 746, 747, 63, 25.560, 271.04, 10.20, 25.559, 271.03, 10.21, 0.009, 166.13, 25.37);
insert into SHOT values (746, 746, 748, 63, 32.410, 261.64, -3.70, 32.401, 261.64, -3.70, 0.009, 83.26, 9.38);
insert into SHOT values (747, 746, 749, 63, 1.480, 192.74, 22.50, 1.487, 192.62, 22.54, 0.007, 165.91, 29.06);
insert into SHOT values (748, 746, 750, 63, 10.270, 211.74, 37.80, 10.263, 211.69, 37.80, 0.010, 83.27, -26.08);
insert into SHOT values (749, 746, 751, 63, 2.870, 254.14, 32.40, 2.870, 254.18, 32.45, 0.003, 25.05, 42.63);
insert into SHOT values (750, 746, 752, 63, 24.830, 283.04, 11.80, 24.821, 283.04, 11.81, 0.010, 120.99, 13.73);
insert into SHOT values (751, 746, 753, 63, 25.970, 353.84, 12.20, 25.963, 353.85, 12.21, 0.008, 158.53, 14.07);
insert into SHOT values (752, 746, 754, 63, 36.760, 9.94, 0.70, 36.755, 9.95, 0.70, 0.006, 145.32, 8.07);
insert into SHOT values (753, 746, 755, 63, 22.110, 84.74, 4.60, 22.114, 84.74, 4.59, 0.005, 83.25, -38.84);
insert into SHOT values (754, 746, 756, 63, 37.700, 67.64, 13.20, 37.704, 67.65, 13.20, 0.006, 108.26, 12.05);
insert into SHOT values (755, 746, 757, 63, 13.440, 291.74, 77.30, 13.438, 291.69, 77.32, 0.007, 134.99, -10.47);
insert into SHOT values (756, 746, 758, 63, 0.860, 13.84, -78.00, 0.858, 16.39, -78.09, 0.008, 116.57, 8.50);
insert into SHOT values (757, 746, 759, 63, 28.580, 342.54, -41.20, 28.580, 342.54, -41.21, 0.006, 160.57, -51.32);
insert into SHOT values (758, 746, 760, 63, 12.610, 301.64, -23.90, 12.608, 301.66, -23.91, 0.005, 69.19, -12.58);
insert into SHOT values (759, 760, 761, 63, 5.540, 204.44, 20.00, 5.541, 204.40, 20.05, 0.007, 99.24, 51.57);
insert into SHOT values (760, 760, 762, 63, 14.760, 216.24, 32.70, 14.763, 216.22, 32.72, 0.007, 127.54, 56.86);
insert into SHOT values (761, 760, 763, 63, 22.250, 250.74, 24.90, 22.250, 250.73, 24.91, 0.005, 146.53, 23.69);
insert into SHOT values (762, 760, 764, 63, 18.040, 274.74, 17.90, 18.043, 274.71, 17.91, 0.011, 192.23, 29.19);
insert into SHOT values (763, 760, 765, 63, 33.190, 286.74, 7.50, 33.186, 286.73, 7.50, 0.009, 172.73, -13.18);
insert into SHOT values (764, 760, 766, 63, 34.820, 323.04, 7.00, 34.815, 323.03, 7.00, 0.008, 191.90, -27.52);
insert into SHOT values (765, 760, 767, 63, 35.110, 26.24, 8.00, 35.105, 26.24, 8.01, 0.007, 215.54, 31.53);
insert into SHOT values (766, 760, 768, 63, 13.520, 80.74, -1.30, 13.519, 80.76, -1.31, 0.006, 185.92, -36.00);
insert into SHOT values (767, 760, 769, 63, 12.080, 16.14, 77.60, 12.081, 16.13, 77.61, 0.003, 214.60, 40.53);
insert into SHOT values (768, 760, 770, 63, 3.940, 276.24, -54.80, 3.941, 276.06, -54.79, 0.007, 198.48, -3.51);
insert into SHOT values (769, 760, 771, 63, 19.530, 318.94, -43.00, 19.529, 318.95, -43.00, 0.002, 101.91, -19.70);
insert into SHOT values (770, 760, 772, 63, 10.810, 278.24, -21.80, 10.804, 278.19, -21.79, 0.010, 159.88, 25.35);
insert into SHOT values (771, 772, 773, 63, 3.350, 225.04, 24.70, 3.354, 225.13, 24.67, 0.006, 274.44, 1.31);
insert into SHOT values (772, 772, 774, 63, 18.910, 243.24, 22.20, 18.913, 243.26, 22.18, 0.009, 290.92, -35.14);
insert into SHOT values (773, 772, 775, 63, 33.900, 268.74, 14.60, 33.901, 268.74, 14.59, 0.006, 271.15, -63.55);
insert into SHOT values (774, 772, 776, 63, 29.660, 263.84, 13.90, 29.662, 263.86, 13.89, 0.011, 330.74, -28.42);
insert into SHOT values (775, 772, 777, 63, 19.530, 302.94, 16.90, 19.539, 302.95, 16.87, 0.014, 316.65, -32.84);
insert into SHOT values (776, 772, 778, 63, 30.260, 346.54, 17.80, 30.261, 346.53, 17.80, 0.005, 266.04, -4.05);
insert into SHOT values (777, 772, 779, 63, 37.010, 33.64, 19.70, 37.008, 33.64, 19.69, 0.007, 299.37, -54.24);
insert into SHOT values (778, 772, 780, 63, 9.870, 93.44, 16.20, 9.868, 93.39, 16.18, 0.010, 353.74, -21.70);
insert into SHOT values (779, 772, 781, 63, 11.900, 309.54, 78.10, 11.898, 309.57, 78.04, 0.012, 315.21, -21.24);
insert into SHOT values (780, 772, 782, 63, 14.740, 246.54, 76.80, 14.740, 246.56, 76.79, 0.002, 266.67, -13.58);
insert into SHOT values (781, 772, 783, 63, 2.090, 293.84, -58.20, 2.095, 294.02, -58.15, 0.007, 331.19, -34.12);
insert into SHOT values (782, 772, 784, 63, 17.660, 321.04, -36.50, 17.666, 321.03, -36.51, 0.007, 282.69, -51.29);
insert into SHOT values (783, 772, 785, 63, 10.430, 286.24, -14.00, 10.438, 286.29, -14.03, 0.012, 338.28, -33.77);
insert into SHOT values (784, 785, 786, 63, 11.690, 263.74, -7.10, 11.689, 263.71, -7.08, 0.008, 167.40, 40.73);
insert into SHOT values (785, 785, 787, 63, 11.750, 278.24, -9.80, 11.750, 278.19, -9.80, 0.010, 186.09, -0.22);
insert into SHOT values (786, 785, 788, 63, 11.890, 311.64, -17.40, 11.883, 311.60, -17.38, 0.011, 186.93, 31.36);
insert into SHOT values (787, 785, 789, 63, 25.940, 353.54, -4.70, 25.931, 353.53, -4.69, 0.011, 195.03, 31.21);
insert into SHOT values (788, 785, 790, 63, 28.910, 41.54, -0.90, 28.906, 41.55, -0.89, 0.007, 179.59, 36.74);
insert into SHOT values (789, 785, 791, 63, 27.530, 57.14, -13.60, 27.527, 57.16, -13.59, 0.009, 161.02, 22.99);
insert into SHOT values (790, 785, 792, 63, 29.600, 75.54, 2.20, 29.598, 75.55, 2.21, 0.006, 197.99, 37.32);
insert into SHOT values (791, 785, 793, 63, 13.720, 111.34, 88.60, 13.724, 112.75, 88.60, 0.009, 195.51, 26.24);
insert into SHOT values (792, 785, 794, 63, 1.500, 328.94, -84.70, 1.496, 327.53, -85.00, 0.010, 170.33, 22.13);
insert into SHOT values (793, 785, 795, 63, 13.400, 353.64, -49.30, 13.398, 353.62, -49.32, 0.005, 208.55, -11.34);
insert into SHOT values (794, 785, 796, 63, 12.350, 297.14, -25.10, 12.348, 297.14, -25.11, 0.003, 133.45, -20.78);
insert into SHOT values (795, 796, 797, 63, 34.100, 265.14, 23.70, 34.100, 265.13, 23.71, 0.007, 161.81, 29.95);
insert into SHOT values (796, 796, 798, 63, 28.890, 301.04, 13.80, 28.890, 301.03, 13.82, 0.012, 194.08, 47.86);
insert into SHOT values (797, 796, 799, 63, 23.110, 157.34, 35.30, 23.115, 157.36, 35.31, 0.009, 230.53, 37.71);
insert into SHOT values (798, 796, 800, 63, 49.670, 115.94, 31.40, 49.669, 115.95, 31.40, 0.005, 229.77, 16.06);
insert into SHOT values (799, 796, 801, 63, 13.040, 290.54, 80.00, 13.048, 290.44, 80.01, 0.009, 175.14, 60.52);
insert into SHOT values (800, 796, 802, 63, 1.790, 263.74, -87.30, 1.782, 263.66, -87.09, 0.010, 262.54, 52.11);
insert into SHOT values (801, 796, 803, 63, 12.270, 290.14, -20.70, 12.270, 290.12, -20.66, 0.009, 239.08, 56.27);
insert into SHOT values (802, 803, 804, 63, 17.600, 227.44, 23.50, 17.604, 227.44, 23.50, 0.004, 196.62, 26.82);
insert into SHOT values (803, 803, 805, 63, 29.520, 280.84, 12.70, 29.517, 280.85, 12.70, 0.005, 51.43, 1.69);
insert into SHOT values (804, 803, 806, 63, 19.770, 334.34, 9.10, 19.771, 334.35, 9.08, 0.008, 34.69, -56.62);
insert into SHOT values (805, 803, 807, 63, 30.000, 37.34, 23.90, 30.003, 37.34, 23.89, 0.007, 35.38, -38.63);
insert into SHOT values (806, 803, 808, 63, 19.350, 299.54, 77.60, 19.351, 299.59, 77.61, 0.005, 75.80, 15.31);
insert into SHOT values (807, 803, 809, 63, 6.480, 292.74, -47.70, 6.485, 292.80, -47.74, 0.009, 26.94, -57.73);
insert into SHOT values (808, 803, 810, 63, 14.970, 279.24, -14.90, 14.971, 279.23, -14.90, 0.004, 198.35, -11.12);
insert into SHOT values (809, 810, 811, 63, 14.900, 169.44, 30.20, 14.898, 169.44, 30.18, 0.005, 123.32, -83.49);
insert into SHOT values (810, 810, 812, 63, 17.980, 208.14, 17.00, 17.977, 208.15, 16.98, 0.007, 358.01, -76.65);
insert into SHOT values (811, 810, 813, 63, 21.990, 238.84, 15.40, 21.989, 238.84, 15.40, 0.002, 113.88, 9.85);
insert into SHOT values (812, 810, 814, 63, 15.450, 312.74, 7.00, 15.450, 312.75, 6.99, 0.004, 43.70, -43.26);
insert into SHOT values (813, 810, 815, 63, 17.710, 17.94, 24.60, 17.709, 17.94, 24.59, 0.002, 314.88, -71.80);
insert into SHOT values (814, 810, 816, 63, 20.680, 233.34, 74.40, 20.681, 233.34, 74.40, 0.002, 79.12, 52.87);
insert into SHOT values (815, 810, 817, 63, 5.020, 200.64, -56.80, 5.019, 200.68, -56.81, 0.003, 337.09, 12.60);
insert into SURVEY values (65, 55, 'GL102_Aval_01', 'GL102_Aval_01.Gouffre_du_Lonne_Peyret', 'GL102 - Gouffre du Lonne Peyret - Aval salle chao des Titans');
 insert into CENTRELINE values (66, 65, NULL, NULL, NULL, 0.00, 0.00, 0.00);
 insert into CENTRELINE values (67, 65, NULL, '2024-08-07', '2024-01-01', 957.49, 0.00, 16.45);
 insert into PERSON values (9, 'Vincent', 'Lacombe');
insert into TOPO values (9, 67);
 insert into TOPO values (1, 67);
 insert into TOPO values (8, 67);
 insert into EXPLO values (3, 67);
 insert into EXPLO values (4, 67);
 insert into EXPLO values (5, 67);
 insert into EXPLO values (6, 67);
 insert into SHOT values (816, 818, 819, 67, 15.390, 279.84, -5.40, 15.384, 279.85, -5.41, 0.006, 81.23, -14.95);
insert into SHOT values (817, 819, 820, 67, 20.820, 188.84, 4.20, 20.822, 188.84, 4.19, 0.006, 146.81, -56.29);
insert into SHOT values (818, 819, 821, 67, 14.540, 216.44, 2.90, 14.541, 216.46, 2.92, 0.006, 293.67, 44.28);
insert into SHOT values (819, 819, 822, 67, 3.610, 260.04, 14.00, 3.608, 260.13, 13.95, 0.007, 0.01, -30.34);
insert into SHOT values (820, 819, 823, 67, 2.790, 5.44, 23.50, 2.791, 5.38, 23.43, 0.005, 317.76, -32.33);
insert into SHOT values (821, 819, 824, 67, 9.900, 27.24, 26.00, 9.898, 27.23, 26.01, 0.003, 251.01, 2.18);
insert into SHOT values (822, 819, 825, 67, 24.990, 110.24, 14.90, 24.991, 110.23, 14.91, 0.007, 17.86, 35.89);
insert into SHOT values (823, 819, 826, 67, 18.880, 142.34, 7.60, 18.874, 142.34, 7.61, 0.007, 329.34, 25.05);
insert into SHOT values (824, 819, 827, 67, 18.500, 203.24, 71.00, 18.497, 203.29, 71.01, 0.006, 322.78, -21.61);
insert into SHOT values (825, 819, 828, 67, 1.800, 193.34, -56.50, 1.796, 193.47, -56.65, 0.007, 353.71, 8.43);
insert into SHOT values (826, 819, 829, 67, 18.160, 182.14, -28.90, 18.164, 182.16, -28.91, 0.007, 244.82, -29.73);
insert into SHOT values (827, 819, 830, 67, 19.090, 177.74, -32.10, 19.088, 177.77, -32.09, 0.008, 261.98, 31.66);
insert into SHOT values (828, 819, 831, 67, 15.690, 195.94, -27.60, 15.691, 195.95, -27.60, 0.001, 253.59, -44.88);
insert into SHOT values (829, 831, 832, 67, 8.290, 115.74, 9.20, 8.288, 115.72, 9.23, 0.006, 343.98, 46.16);
insert into SHOT values (830, 831, 833, 67, 3.870, 242.74, 6.50, 3.871, 242.77, 6.53, 0.003, 299.28, 41.81);
insert into SHOT values (831, 831, 834, 67, 6.630, 352.14, 10.30, 6.629, 352.16, 10.34, 0.005, 136.66, 59.97);
insert into SHOT values (832, 831, 835, 67, 7.840, 283.04, -8.20, 7.840, 283.03, -8.21, 0.002, 195.76, -55.87);
insert into SHOT values (833, 831, 836, 67, 15.870, 73.04, 84.20, 15.871, 72.92, 84.21, 0.005, 299.02, 15.09);
insert into SHOT values (834, 831, 837, 67, 2.620, 101.94, -89.70, 2.620, 90.00, -89.78, 0.004, 309.68, -0.46);
insert into SHOT values (835, 831, 838, 67, 10.260, 83.14, 3.30, 10.261, 83.10, 3.30, 0.007, 2.42, -4.99);
insert into SHOT values (836, 831, 839, 67, 9.910, 82.54, 5.30, 9.906, 82.54, 5.33, 0.006, 259.63, 47.45);
insert into SHOT values (837, 831, 840, 67, 9.450, 82.54, 5.10, 9.447, 82.55, 5.10, 0.003, 240.20, -0.86);
insert into SHOT values (838, 840, 841, 67, 11.250, 305.04, 13.70, 11.255, 305.06, 13.72, 0.007, 342.25, 51.35);
insert into SHOT values (839, 840, 842, 67, 19.190, 339.24, 30.40, 19.193, 339.23, 30.39, 0.005, 305.91, -9.48);
insert into SHOT values (840, 840, 843, 67, 6.930, 85.94, 25.70, 6.934, 85.87, 25.73, 0.009, 8.32, 29.98);
insert into SHOT values (841, 840, 844, 67, 3.800, 191.54, 5.60, 3.795, 191.61, 5.59, 0.006, 328.64, -7.36);
insert into SHOT values (842, 840, 845, 67, 11.100, 254.24, 12.50, 11.099, 254.26, 12.49, 0.004, 352.75, -39.63);
insert into SHOT values (843, 840, 846, 67, 23.370, 317.24, 74.20, 23.374, 317.29, 74.19, 0.008, 359.75, 20.46);
insert into SHOT values (844, 840, 847, 67, 2.550, 242.44, -73.20, 2.548, 242.39, -73.27, 0.004, 73.95, 18.16);
insert into SHOT values (845, 840, 848, 67, 5.440, 101.14, -5.30, 5.444, 101.06, -5.27, 0.009, 38.40, 16.13);
insert into SHOT values (846, 848, 849, 67, 1.430, 349.64, 1.90, 1.425, 349.48, 2.01, 0.007, 207.15, 21.24);
insert into SHOT values (847, 848, 850, 67, 1.400, 346.94, 5.00, 1.402, 346.76, 4.91, 0.005, 285.84, -21.62);
insert into SHOT values (848, 848, 851, 67, 1.540, 25.24, -6.20, 1.535, 25.22, -6.36, 0.007, 211.02, -33.30);
insert into SHOT values (849, 848, 852, 67, 3.240, 58.64, -11.10, 3.235, 58.66, -11.23, 0.009, 228.04, -42.86);
insert into SHOT values (850, 848, 853, 67, 0.550, 203.24, 7.40, 0.551, 203.75, 7.30, 0.005, 283.62, -9.69);
insert into SHOT values (851, 848, 854, 67, 1.190, 249.24, 8.00, 1.198, 249.27, 7.68, 0.010, 253.78, -33.74);
insert into SHOT values (852, 848, 855, 67, 1.110, 264.14, 6.00, 1.112, 263.77, 5.68, 0.010, 194.12, -38.54);
insert into SHOT values (853, 848, 856, 67, 1.750, 338.84, 67.30, 1.747, 338.36, 67.17, 0.008, 271.73, -35.40);
insert into SHOT values (854, 848, 857, 67, 0.740, 25.74, 28.20, 0.733, 25.77, 28.52, 0.008, 203.60, 2.20);
insert into SHOT values (855, 848, 858, 67, 1.210, 337.14, -76.80, 1.211, 336.25, -76.97, 0.006, 210.11, -20.30);
insert into SHOT values (856, 848, 859, 67, 4.850, 51.34, -9.40, 4.845, 51.28, -9.38, 0.007, 279.22, 18.01);
insert into SHOT values (857, 859, 860, 67, 1.190, 359.34, 28.20, 1.181, 359.45, 28.30, 0.009, 166.79, -14.67);
insert into SHOT values (858, 859, 861, 67, 1.510, 118.74, 13.20, 1.511, 118.83, 13.00, 0.006, 161.53, -56.06);
insert into SHOT values (859, 859, 862, 67, 1.220, 178.34, -12.00, 1.228, 178.09, -12.22, 0.011, 142.57, -35.15);
insert into SHOT values (860, 859, 863, 67, 3.030, 263.94, 7.30, 3.031, 263.89, 7.20, 0.006, 205.32, -57.92);
insert into SHOT values (861, 859, 864, 67, 2.530, 288.14, 9.20, 2.524, 288.00, 9.12, 0.009, 156.70, -28.37);
insert into SHOT values (862, 859, 865, 67, 2.410, 156.44, 66.60, 2.409, 156.64, 66.55, 0.004, 223.83, -26.03);
insert into SHOT values (863, 859, 866, 67, 0.540, 205.74, -53.90, 0.545, 205.77, -53.80, 0.005, 208.00, -43.66);
insert into SHOT values (864, 859, 867, 67, 0.800, 207.94, -52.20, 0.810, 207.60, -52.20, 0.010, 182.03, -49.02);
insert into SHOT values (865, 859, 868, 67, 8.920, 103.04, 1.70, 8.925, 103.09, 1.67, 0.010, 153.58, -27.64);
insert into SHOT values (866, 831, 869, 67, 15.170, 235.64, -8.40, 15.172, 235.64, -8.41, 0.004, 242.91, -73.26);
insert into SHOT values (867, 869, 870, 67, 3.450, 154.94, 9.80, 3.451, 154.94, 9.84, 0.003, 155.77, 82.96);
insert into SHOT values (868, 869, 871, 67, 5.420, 216.04, 5.10, 5.419, 216.11, 5.19, 0.010, 325.20, 52.46);
insert into SHOT values (869, 869, 872, 67, 6.190, 257.24, 5.10, 6.186, 257.25, 5.10, 0.004, 65.21, -4.04);
insert into SHOT values (870, 869, 873, 67, 2.410, 11.04, 20.80, 2.410, 11.01, 20.91, 0.005, 231.12, 65.14);
insert into SHOT values (871, 869, 874, 67, 4.710, 231.64, 82.50, 4.710, 231.63, 82.53, 0.003, 53.97, 6.54);
insert into SHOT values (872, 869, 875, 67, 0.700, 157.44, -70.90, 0.698, 156.80, -70.91, 0.003, 54.37, 29.17);
insert into SHOT values (873, 869, 876, 67, 13.000, 233.44, 5.40, 13.004, 233.45, 5.43, 0.008, 253.96, 57.75);
insert into SHOT values (874, 876, 877, 67, 9.810, 239.44, 0.60, 9.800, 239.46, 0.58, 0.010, 44.65, -15.11);
insert into SHOT values (875, 876, 878, 67, 2.240, 154.14, 7.60, 2.233, 154.01, 7.46, 0.010, 11.51, -37.37);
insert into SHOT values (876, 876, 879, 67, 3.470, 219.74, 9.20, 3.466, 219.78, 9.13, 0.006, 359.36, -51.15);
insert into SHOT values (877, 876, 880, 67, 4.400, 326.24, 10.00, 4.407, 326.27, 9.93, 0.009, 343.92, -27.63);
insert into SHOT values (878, 876, 881, 67, 3.870, 223.34, 80.00, 3.868, 223.78, 80.10, 0.009, 8.10, -7.78);
insert into SHOT values (879, 876, 882, 67, 1.670, 161.04, -84.20, 1.669, 159.44, -84.12, 0.005, 94.31, 15.62);
insert into SHOT values (880, 877, 883, 67, 2.130, 165.94, 10.30, 2.134, 166.23, 10.25, 0.012, 231.90, -4.23);
insert into SHOT values (881, 877, 884, 67, 7.400, 204.64, 4.70, 7.408, 204.66, 4.72, 0.009, 216.99, 24.04);
insert into SHOT values (882, 877, 885, 67, 20.360, 231.04, 2.80, 20.368, 231.05, 2.81, 0.010, 239.33, 34.61);
insert into SHOT values (883, 877, 886, 67, 7.420, 289.54, 4.20, 7.424, 289.49, 4.17, 0.009, 229.28, -22.70);
insert into SHOT values (884, 877, 887, 67, 7.470, 352.04, 1.20, 7.465, 351.99, 1.23, 0.010, 223.26, 21.91);
insert into SHOT values (885, 877, 888, 67, 3.350, 256.64, 80.40, 3.348, 256.70, 80.28, 0.007, 261.79, -25.38);
insert into SHOT values (886, 877, 889, 67, 0.940, 343.14, -82.90, 0.937, 340.02, -82.83, 0.007, 259.29, 23.51);
insert into SHOT values (887, 877, 890, 67, 5.550, 345.54, -49.40, 5.544, 345.39, -49.41, 0.012, 228.07, 19.61);
insert into SHOT values (888, 877, 891, 67, 9.360, 251.54, -79.10, 9.359, 251.57, -79.09, 0.002, 288.28, 43.96);
insert into SHOT values (889, 877, 892, 67, 19.200, 233.94, -21.70, 19.206, 233.96, -21.70, 0.008, 271.62, -5.98);
insert into SHOT values (890, 892, 893, 67, 7.540, 285.84, -21.20, 7.539, 285.86, -21.23, 0.004, 70.64, -49.40);
insert into SHOT values (891, 892, 894, 67, 3.230, 172.24, 42.40, 3.237, 172.07, 42.33, 0.011, 129.48, 10.89);
insert into SHOT values (892, 892, 895, 67, 17.200, 342.14, 33.80, 17.197, 342.15, 33.81, 0.006, 145.33, 18.11);
insert into SHOT values (893, 892, 896, 67, 14.290, 24.14, 25.50, 14.291, 24.16, 25.49, 0.005, 87.46, -23.13);
insert into SHOT values (894, 892, 897, 67, 15.340, 60.24, 12.70, 15.343, 60.28, 12.69, 0.012, 130.80, -12.04);
insert into SHOT values (895, 892, 898, 67, 26.940, 286.94, 73.50, 26.940, 286.94, 73.50, 0.001, 294.68, -37.84);
insert into SHOT values (896, 892, 899, 67, 3.430, 353.94, -52.20, 3.429, 353.99, -52.21, 0.002, 106.03, 6.85);
insert into SHOT values (897, 892, 900, 67, 19.540, 281.84, 28.90, 19.536, 281.84, 28.90, 0.004, 103.35, -52.60);
insert into SHOT values (898, 900, 901, 67, 12.800, 5.74, 21.10, 12.799, 5.77, 21.11, 0.006, 109.99, 20.35);
insert into SHOT values (899, 900, 902, 67, 20.690, 47.64, 16.20, 20.687, 47.65, 16.22, 0.010, 195.99, 48.51);
insert into SHOT values (900, 900, 903, 67, 17.520, 108.74, 4.10, 17.524, 108.76, 4.12, 0.009, 163.48, 54.61);
insert into SHOT values (901, 900, 904, 67, 11.640, 166.24, 8.20, 11.641, 166.24, 8.25, 0.010, 14.44, 87.23);
insert into SHOT values (902, 900, 905, 67, 17.490, 92.94, 77.70, 17.491, 92.92, 77.70, 0.002, 321.66, 42.71);
insert into SHOT values (903, 900, 906, 67, 0.180, 99.94, -51.60, 0.179, 100.30, -51.39, 0.001, 190.38, 56.40);
insert into SHOT values (904, 900, 907, 67, 19.300, 238.04, 3.80, 19.305, 238.03, 3.80, 0.007, 189.01, 7.24);
insert into SHOT values (905, 900, 908, 67, 20.240, 238.24, 3.90, 20.241, 238.24, 3.91, 0.004, 184.96, 61.98);
insert into SHOT values (906, 900, 909, 67, 19.280, 238.14, 3.70, 19.282, 238.13, 3.72, 0.008, 162.71, 47.96);
insert into SHOT values (907, 909, 910, 67, 3.760, 181.94, 20.30, 3.754, 181.95, 20.26, 0.006, 353.86, -45.10);
insert into SHOT values (908, 909, 911, 67, 10.450, 256.54, 16.10, 10.445, 256.57, 16.12, 0.008, 33.98, 14.49);
insert into SHOT values (909, 909, 912, 67, 19.400, 333.34, 10.20, 19.406, 333.34, 10.18, 0.009, 329.97, -37.34);
insert into SHOT values (910, 909, 913, 67, 19.140, 340.84, 8.90, 19.139, 340.83, 8.90, 0.005, 242.54, -12.95);
insert into SHOT values (911, 909, 914, 67, 25.400, 24.24, 6.20, 25.405, 24.24, 6.19, 0.006, 19.25, -29.52);
insert into SHOT values (912, 909, 915, 67, 23.860, 23.24, 8.60, 23.863, 23.24, 8.60, 0.004, 4.44, 35.87);
insert into SHOT values (913, 909, 916, 67, 16.330, 315.44, 65.70, 16.329, 315.42, 65.68, 0.006, 288.44, -31.16);
insert into SHOT values (914, 909, 917, 67, 3.340, 20.34, -79.60, 3.346, 20.22, -79.54, 0.007, 4.94, -46.11);
insert into SHOT values (915, 909, 918, 67, 15.080, 278.24, -3.70, 15.077, 278.25, -3.69, 0.005, 49.79, 37.56);
insert into SHOT values (916, 918, 919, 67, 6.670, 190.44, 3.70, 6.675, 190.47, 3.69, 0.006, 221.11, -4.48);
insert into SHOT values (917, 918, 920, 67, 12.650, 256.94, -1.70, 12.653, 256.93, -1.72, 0.006, 218.02, -49.16);
insert into SHOT values (918, 918, 921, 67, 20.220, 355.54, 7.10, 20.216, 355.54, 7.10, 0.004, 186.58, 10.30);
insert into SHOT values (919, 918, 922, 67, 26.170, 43.14, 10.40, 26.167, 43.14, 10.39, 0.005, 223.94, -64.54);
insert into SHOT values (920, 918, 923, 67, 15.660, 353.84, 72.70, 15.659, 353.84, 72.70, 0.002, 267.33, -72.92);
insert into SHOT values (921, 918, 924, 67, 5.800, 194.44, -51.20, 5.801, 194.49, -51.19, 0.004, 261.37, 2.53);
insert into SHOT values (922, 918, 925, 67, 8.760, 68.04, 76.90, 8.758, 68.09, 76.91, 0.003, 210.87, -35.87);
insert into SHOT values (923, 918, 926, 67, 23.590, 275.54, -9.80, 23.593, 275.53, -9.81, 0.008, 209.65, -39.08);
insert into SHOT values (924, 926, 927, 67, 2.890, 203.24, 43.00, 2.887, 203.16, 43.03, 0.005, 62.95, -12.03);
insert into SHOT values (925, 926, 928, 67, 21.920, 342.94, 11.30, 21.923, 342.93, 11.31, 0.007, 275.99, 45.49);
insert into SHOT values (926, 926, 929, 67, 5.160, 55.04, 13.80, 5.167, 54.98, 13.77, 0.009, 19.18, -5.10);
insert into SHOT values (927, 926, 930, 67, 18.220, 356.64, 61.60, 18.227, 356.63, 61.58, 0.010, 344.80, 16.72);
insert into SHOT values (928, 926, 931, 67, 6.560, 340.94, -38.60, 6.560, 341.00, -38.57, 0.006, 43.41, 24.51);
insert into SHOT values (929, 926, 932, 67, 17.350, 294.34, -12.40, 17.352, 294.36, -12.38, 0.008, 347.60, 45.77);
insert into SHOT values (930, 932, 933, 67, 18.750, 294.24, -12.20, 18.749, 294.23, -12.22, 0.009, 174.52, -57.74);
insert into SHOT values (931, 932, 934, 67, 4.900, 203.34, 26.70, 4.898, 203.28, 26.69, 0.005, 99.66, -20.12);
insert into SHOT values (932, 932, 935, 67, 7.420, 260.94, 14.20, 7.416, 260.96, 14.21, 0.004, 55.86, -2.39);
insert into SHOT values (933, 932, 936, 67, 16.840, 5.04, 11.80, 16.839, 5.05, 11.79, 0.004, 105.70, -71.59);
insert into SHOT values (934, 932, 937, 67, 13.280, 67.34, 13.00, 13.276, 67.36, 12.97, 0.009, 191.96, -57.01);
insert into SHOT values (935, 932, 938, 67, 32.920, 61.14, 19.70, 32.923, 61.14, 19.68, 0.009, 74.10, -51.49);
insert into SHOT values (936, 932, 939, 67, 18.820, 113.84, 17.80, 18.818, 113.83, 17.79, 0.005, 1.97, -44.31);
insert into SHOT values (937, 932, 940, 67, 7.680, 285.84, 72.50, 7.675, 285.84, 72.50, 0.005, 104.82, -68.84);
insert into SHOT values (938, 932, 941, 67, 17.560, 335.54, 60.20, 17.551, 335.55, 60.20, 0.009, 140.56, -58.44);
insert into SHOT values (939, 932, 942, 67, 11.140, 7.84, 73.50, 11.138, 7.82, 73.52, 0.005, 201.49, -15.02);
insert into SHOT values (940, 932, 943, 67, 9.310, 304.54, 8.70, 9.309, 304.55, 8.65, 0.008, 14.73, -77.03);
insert into SHOT values (941, 943, 944, 67, 6.070, 219.44, 21.20, 6.068, 219.40, 21.26, 0.007, 85.63, 42.91);
insert into SHOT values (942, 943, 945, 67, 9.250, 262.94, 14.40, 9.248, 262.95, 14.40, 0.002, 61.17, -12.49);
insert into SHOT values (943, 943, 946, 67, 15.140, 336.34, 1.50, 15.136, 336.35, 1.51, 0.006, 132.14, 40.72);
insert into SHOT values (944, 943, 947, 67, 14.150, 33.14, 15.70, 14.147, 33.16, 15.71, 0.007, 157.10, 8.78);
insert into SHOT values (945, 943, 948, 67, 22.350, 82.44, 3.70, 22.350, 82.45, 3.72, 0.008, 174.41, 65.79);
insert into SHOT values (946, 943, 949, 67, 19.350, 125.84, 6.90, 19.350, 125.85, 6.92, 0.006, 233.83, 63.89);
insert into SHOT values (947, 943, 950, 67, 14.300, 355.44, 72.80, 14.298, 355.38, 72.82, 0.007, 217.15, -4.17);
insert into SHOT values (948, 943, 951, 67, 4.640, 0.24, -56.00, 4.632, 0.22, -56.00, 0.008, 191.86, 54.90);
insert into SHOT values (949, 943, 952, 67, 21.640, 304.44, -3.70, 21.638, 304.43, -3.68, 0.007, 192.28, 60.69);
insert into SHOT values (950, 952, 953, 67, 9.990, 163.94, 21.60, 9.991, 163.94, 21.55, 0.009, 169.05, -62.08);
insert into SHOT values (951, 952, 954, 67, 12.980, 227.54, 19.10, 12.978, 227.54, 19.07, 0.007, 252.51, -82.98);
insert into SHOT values (952, 952, 955, 67, 3.580, 338.14, 4.40, 3.577, 338.11, 4.33, 0.006, 200.86, -56.80);
insert into SHOT values (953, 952, 956, 67, 7.850, 39.84, 4.50, 7.848, 39.81, 4.46, 0.007, 288.39, -55.79);
insert into SHOT values (954, 952, 957, 67, 20.830, 131.04, 17.50, 20.824, 131.04, 17.49, 0.007, 321.76, -34.16);
insert into SHOT values (955, 952, 958, 67, 11.940, 215.54, 71.80, 11.937, 215.61, 71.81, 0.006, 334.22, -28.27);
insert into SHOT values (956, 952, 959, 67, 4.180, 224.04, -49.00, 4.185, 224.11, -49.03, 0.007, 289.44, -54.58);
insert into SHOT values (957, 952, 960, 67, 10.970, 260.84, 15.80, 10.967, 260.84, 15.77, 0.007, 93.61, -81.83);
insert into SHOT values (958, 960, 961, 67, 16.800, 338.14, 7.80, 16.803, 338.13, 7.80, 0.004, 302.01, -0.33);
insert into SHOT values (959, 960, 962, 67, 1.290, 21.94, 9.90, 1.291, 21.72, 10.26, 0.010, 284.58, 58.55);
insert into SHOT values (960, 960, 963, 67, 19.770, 70.44, -1.50, 19.768, 70.43, -1.48, 0.009, 324.24, 55.82);
insert into SHOT values (961, 960, 964, 67, 15.210, 126.14, 5.80, 15.207, 126.13, 5.81, 0.006, 359.68, 31.31);
insert into SHOT values (962, 960, 965, 67, 6.280, 174.94, 5.70, 6.276, 174.95, 5.76, 0.008, 348.97, 53.12);
insert into SHOT values (963, 960, 966, 67, 3.750, 198.14, 70.80, 3.757, 197.99, 70.89, 0.010, 64.16, 62.60);
insert into SHOT values (964, 960, 967, 67, 19.060, 311.54, 53.90, 19.063, 311.54, 53.89, 0.005, 298.34, -3.10);
insert into SHOT values (965, 960, 968, 67, 3.470, 239.84, -85.40, 3.471, 239.74, -85.41, 0.001, 107.15, -61.04);
insert into SHOT values (966, 960, 969, 67, 8.500, 301.64, 5.30, 8.504, 301.63, 5.33, 0.007, 267.99, 46.82);
insert into SHOT values (967, 969, 970, 67, 3.720, 224.44, 4.70, 3.718, 224.34, 4.63, 0.008, 116.87, -35.80);
insert into SHOT values (968, 969, 971, 67, 6.290, 279.44, 0.30, 6.285, 279.43, 0.27, 0.006, 111.91, -30.11);
insert into SHOT values (969, 969, 972, 67, 10.310, 5.24, 17.60, 10.314, 5.25, 17.61, 0.005, 29.42, 31.07);
insert into SHOT values (970, 969, 973, 67, 14.750, 325.94, 73.10, 14.746, 325.94, 73.11, 0.004, 151.01, -47.81);
insert into SHOT values (971, 969, 974, 67, 5.950, 258.34, -54.40, 5.950, 258.33, -54.43, 0.003, 93.24, -43.14);
insert into SHOT values (972, 969, 975, 67, 15.350, 299.24, 0.00, 15.347, 299.25, 0.00, 0.004, 69.04, 0.00);
insert into SHOT values (973, 975, 976, 67, 2.620, 237.74, 12.20, 2.616, 237.61, 12.14, 0.007, 119.93, -29.68);
insert into SHOT values (974, 975, 977, 67, 11.140, 289.44, 9.50, 11.141, 289.46, 9.51, 0.003, 13.91, 25.23);
insert into SHOT values (975, 975, 978, 67, 10.550, 355.44, 16.10, 10.544, 355.47, 16.08, 0.009, 127.38, -39.56);
insert into SHOT values (976, 975, 979, 67, 9.000, 50.84, 18.20, 9.001, 50.84, 18.19, 0.002, 19.77, -38.46);
insert into SHOT values (977, 979, 980, 67, 16.080, 307.54, 71.00, 16.076, 307.55, 71.00, 0.004, 90.86, -76.32);
insert into SHOT values (978, 979, 981, 67, 8.480, 283.04, -49.30, 8.483, 283.06, -49.29, 0.004, 306.21, -16.10);
insert into SHOT values (979, 979, 982, 67, 9.800, 294.44, -16.80, 9.798, 294.43, -16.79, 0.003, 154.51, 49.43);
insert into SHOT values (980, 982, 983, 67, 10.190, 291.74, 5.70, 10.193, 291.76, 5.69, 0.005, 336.46, -25.61);
insert into SHOT values (981, 983, 984, 67, 0.580, 214.74, 3.70, 0.584, 214.51, 3.93, 0.005, 182.02, 30.32);
insert into SHOT values (982, 983, 985, 67, 11.510, 26.64, 8.20, 11.508, 26.66, 8.19, 0.004, 151.77, -28.20);
insert into SHOT values (983, 983, 986, 67, 11.530, 38.54, 5.90, 11.532, 38.56, 5.87, 0.006, 96.00, -53.66);
insert into SHOT values (984, 983, 987, 67, 12.030, 343.14, 75.80, 12.026, 343.23, 75.82, 0.008, 126.18, -18.69);
insert into SHOT values (985, 983, 988, 67, 3.600, 241.54, -77.20, 3.599, 241.50, -77.21, 0.001, 87.52, 24.06);
insert into SHOT values (986, 983, 989, 67, 11.710, 291.44, 24.60, 11.707, 291.43, 24.58, 0.005, 174.22, -64.38);
insert into SHOT values (987, 989, 990, 67, 4.180, 208.44, 0.10, 4.184, 208.40, 0.14, 0.005, 169.77, 30.36);
insert into SHOT values (988, 989, 991, 67, 8.100, 275.14, 4.60, 8.098, 275.12, 4.60, 0.004, 158.90, 5.66);
insert into SHOT values (989, 989, 992, 67, 7.880, 7.74, 22.70, 7.881, 7.75, 22.77, 0.010, 168.87, 69.46);
insert into SHOT values (990, 989, 993, 67, 11.190, 53.94, 14.70, 11.190, 53.95, 14.70, 0.001, 191.24, 27.60);
insert into SHOT values (991, 989, 994, 67, 10.080, 147.44, 86.80, 10.086, 147.99, 86.78, 0.009, 206.03, 41.80);
insert into SHOT values (992, 989, 995, 67, 6.210, 220.64, -54.20, 6.208, 220.65, -54.12, 0.009, 227.59, 51.28);
insert into SHOT values (993, 989, 996, 67, 18.330, 283.24, 4.80, 18.330, 283.23, 4.82, 0.007, 179.59, 56.33);
insert into SHOT values (994, 996, 997, 67, 4.340, 218.14, 1.30, 4.338, 218.16, 1.32, 0.003, 354.54, 32.07);
insert into SHOT values (995, 996, 998, 67, 9.930, 266.34, 7.40, 9.933, 266.33, 7.40, 0.003, 237.13, 17.85);
insert into SHOT values (996, 996, 999, 67, 6.090, 318.34, 9.30, 6.086, 318.37, 9.27, 0.006, 92.56, -41.61);
insert into SHOT values (997, 996, 1000, 67, 6.640, 25.24, 5.00, 6.646, 25.21, 5.01, 0.007, 353.10, 10.49);
insert into SHOT values (998, 996, 1001, 67, 9.950, 63.24, 3.40, 9.950, 63.25, 3.40, 0.002, 148.41, -2.68);
insert into SHOT values (999, 996, 1002, 67, 11.270, 209.74, 73.60, 11.268, 209.79, 73.61, 0.003, 333.26, -25.01);
insert into SHOT values (1000, 996, 1003, 67, 14.270, 258.84, -38.90, 14.265, 258.83, -38.91, 0.006, 99.78, 10.27);
insert into SHOT values (1001, 996, 1004, 67, 3.920, 221.74, -51.60, 3.915, 221.83, -51.65, 0.007, 9.29, 16.80);
insert into SHOT values (1002, 996, 1005, 67, 10.140, 307.74, 3.00, 10.143, 307.74, 3.00, 0.003, 303.56, -12.59);
insert into SHOT values (1003, 1005, 1006, 67, 3.330, 343.84, 3.80, 3.327, 343.91, 3.79, 0.005, 107.13, -8.11);
insert into SHOT values (1004, 1005, 1007, 67, 10.300, 150.44, 4.40, 10.299, 150.41, 4.40, 0.005, 51.73, -2.32);
insert into SHOT values (1005, 1005, 1008, 67, 7.270, 215.94, -1.20, 7.263, 215.92, -1.18, 0.008, 54.25, 16.08);
insert into SHOT values (1006, 1005, 1009, 67, 11.730, 264.64, 1.10, 11.723, 264.66, 1.08, 0.010, 52.49, -31.93);
insert into SHOT values (1007, 1005, 1010, 67, 6.150, 235.24, 72.90, 6.150, 235.16, 72.95, 0.006, 80.49, 18.00);
insert into SHOT values (1008, 1005, 1011, 67, 1.420, 149.54, -78.20, 1.420, 149.04, -78.15, 0.003, 83.64, -0.17);
insert into SHOT values (1009, 1005, 1012, 67, 16.090, 282.64, -2.60, 16.087, 282.65, -2.60, 0.004, 60.61, -1.46);
insert into SHOT values (1010, 1005, 1013, 67, 1.890, 26.24, 0.90, 1.896, 26.29, 0.91, 0.007, 41.34, 2.69);
insert into SHOT values (1011, 1013, 1014, 67, 1.110, 120.64, 7.10, 1.117, 120.96, 7.20, 0.009, 164.92, 17.47);
insert into SHOT values (1012, 1013, 1015, 67, 4.580, 297.84, 0.20, 4.581, 297.85, 0.13, 0.006, 347.13, -80.55);
insert into SHOT values (1013, 1013, 1016, 67, 17.180, 278.04, -3.70, 17.183, 278.01, -3.70, 0.010, 207.36, -7.90);
insert into SHOT values (1014, 1013, 1017, 67, 6.670, 121.04, 83.60, 6.672, 121.36, 83.55, 0.007, 155.69, 12.22);
insert into SHOT values (1015, 1013, 1018, 67, 7.490, 57.34, -73.90, 7.494, 57.38, -73.90, 0.004, 123.10, -67.89);
insert into SHOT values (1016, 1013, 1019, 67, 12.510, 80.04, -58.50, 12.514, 80.05, -58.50, 0.004, 98.24, -59.67);
insert into SHOT values (1017, 1013, 1020, 67, 10.240, 76.24, -65.40, 10.239, 76.29, -65.41, 0.004, 186.38, 8.72);
insert into SHOT values (1018, 1020, 1021, 67, 0.450, 201.04, 15.60, 0.447, 201.80, 15.56, 0.006, 315.93, -9.15);
insert into SHOT values (1019, 1020, 1022, 67, 0.510, 42.34, 3.90, 0.511, 41.82, 3.37, 0.007, 325.21, -44.52);
insert into SHOT values (1020, 1020, 1023, 67, 18.730, 109.54, 19.90, 18.730, 109.54, 19.88, 0.006, 68.92, -59.45);
insert into SHOT values (1021, 1020, 1024, 67, 4.760, 150.74, 76.70, 4.758, 151.10, 76.68, 0.007, 228.08, -18.49);
insert into SHOT values (1022, 1020, 1025, 67, 1.800, 344.64, -77.80, 1.801, 344.88, -77.71, 0.003, 13.07, -11.22);
insert into SHOT values (1023, 1020, 1026, 67, 0.540, 308.94, -23.00, 0.541, 308.48, -22.86, 0.004, 234.36, 13.42);
insert into SHOT values (1024, 1020, 1027, 67, 5.790, 313.84, -39.10, 5.787, 313.83, -39.10, 0.003, 161.73, 32.47);
insert into SHOT values (1025, 1027, 1028, 67, 1.290, 217.24, 18.00, 1.281, 217.34, 17.73, 0.011, 20.36, -50.44);
insert into SHOT values (1026, 1027, 1029, 67, 0.340, 352.84, -19.80, 0.344, 352.87, -20.41, 0.005, 356.90, -61.73);
insert into SHOT values (1027, 1027, 1030, 67, 1.880, 232.64, 60.40, 1.876, 232.88, 60.35, 0.006, 331.53, -49.67);
insert into SHOT values (1028, 1027, 1031, 67, 6.460, 352.04, -83.70, 6.459, 351.87, -83.71, 0.003, 222.13, 19.60);
insert into SHOT values (1029, 1027, 1032, 67, 4.980, 291.94, -21.10, 4.984, 291.98, -21.17, 0.008, 353.34, -61.60);
insert into SHOT values (1030, 1032, 1033, 67, 5.610, 271.44, 20.10, 5.614, 271.41, 20.11, 0.005, 232.14, 25.99);
insert into SHOT values (1031, 1032, 1034, 67, 14.110, 265.54, 33.00, 14.115, 265.54, 33.01, 0.006, 263.30, 67.12);
insert into SHOT values (1032, 1032, 1035, 67, 7.510, 312.84, 14.50, 7.506, 312.83, 14.50, 0.004, 164.05, -4.85);
insert into SHOT values (1033, 1032, 1036, 67, 9.350, 353.94, 14.10, 9.353, 353.92, 14.11, 0.004, 307.66, 29.95);
insert into SHOT values (1034, 1032, 1037, 67, 7.140, 26.54, 29.10, 7.144, 26.57, 29.15, 0.008, 118.96, 71.86);
insert into SHOT values (1035, 1032, 1038, 67, 0.770, 157.64, 3.60, 0.769, 157.78, 3.73, 0.003, 287.05, 34.23);
insert into SHOT values (1036, 1032, 1039, 67, 9.250, 238.14, 65.00, 9.255, 238.18, 65.03, 0.007, 5.84, 63.29);
insert into SHOT values (1037, 1032, 1040, 67, 4.450, 112.54, -64.00, 4.450, 112.62, -64.01, 0.003, 218.47, -7.60);
insert into SHOT values (1038, 1032, 1041, 67, 7.920, 351.54, 23.90, 7.919, 351.50, 23.91, 0.006, 246.85, 13.19);
insert into SHOT values (1039, 1032, 1042, 67, 5.340, 280.84, 9.20, 5.343, 280.82, 9.26, 0.007, 240.70, 62.81);
insert into SHOT values (1040, 1042, 1043, 67, 5.190, 326.84, 2.80, 5.187, 326.89, 2.76, 0.006, 86.91, -33.84);
insert into SHOT values (1041, 1042, 1044, 67, 5.590, 6.84, 1.40, 5.592, 6.88, 1.33, 0.008, 70.81, -55.79);
insert into SHOT values (1042, 1042, 1045, 67, 12.090, 25.34, 9.70, 12.088, 25.34, 9.67, 0.007, 248.69, -82.67);
insert into SHOT values (1043, 1042, 1046, 67, 13.610, 45.14, 11.10, 13.612, 45.15, 11.10, 0.003, 94.07, -4.43);
insert into SHOT values (1044, 1042, 1047, 67, 9.110, 59.14, 18.60, 9.107, 59.13, 18.57, 0.006, 306.98, -66.89);
insert into SHOT values (1045, 1042, 1048, 67, 5.110, 89.64, 1.30, 5.111, 89.66, 1.23, 0.006, 143.23, -68.28);
insert into SHOT values (1046, 1042, 1049, 67, 13.340, 203.84, 85.20, 13.337, 203.81, 85.20, 0.004, 50.51, -63.88);
insert into SHOT values (1047, 1042, 1050, 67, 2.020, 238.44, -73.10, 2.027, 238.20, -73.13, 0.008, 171.98, -69.53);
insert into SHOT values (1048, 1042, 1051, 67, 15.280, 42.44, 11.80, 15.285, 42.45, 11.78, 0.008, 69.75, -35.23);
insert into SHOT values (1049, 1051, 1052, 67, 2.020, 331.94, 9.80, 2.017, 331.76, 9.99, 0.010, 209.56, 39.20);
insert into SHOT values (1050, 1051, 1053, 67, 4.460, 10.34, 7.10, 4.455, 10.29, 7.09, 0.006, 229.49, -11.89);
insert into SHOT values (1051, 1051, 1054, 67, 6.420, 95.74, 0.20, 6.412, 95.73, 0.18, 0.008, 286.85, -16.58);
insert into SHOT values (1052, 1051, 1055, 67, 10.100, 130.24, 1.00, 10.098, 130.30, 1.02, 0.011, 233.51, 19.76);
insert into SHOT values (1053, 1051, 1056, 67, 1.080, 135.44, 26.60, 1.079, 135.84, 27.00, 0.010, 255.84, 39.50);
insert into SHOT values (1054, 1051, 1057, 67, 8.510, 249.14, 4.60, 8.513, 249.15, 4.58, 0.004, 273.65, -37.04);
insert into SHOT values (1055, 1051, 1058, 67, 3.440, 79.84, 59.00, 3.439, 79.90, 59.07, 0.005, 238.17, 16.09);
insert into SHOT values (1056, 1051, 1059, 67, 6.000, 77.54, -32.20, 5.994, 77.58, -32.27, 0.010, 235.49, -16.52);
insert into SHOT values (1057, 1051, 1060, 67, 12.820, 50.14, 27.50, 12.815, 50.10, 27.51, 0.009, 283.54, 2.32);
insert into SHOT values (1058, 1060, 1061, 67, 0.380, 158.94, 16.40, 0.384, 157.62, 16.66, 0.009, 88.76, 16.72);
insert into SHOT values (1059, 1060, 1062, 67, 5.810, 242.64, 1.60, 5.803, 242.60, 1.58, 0.009, 97.60, -15.11);
insert into SHOT values (1060, 1060, 1063, 67, 10.260, 271.44, 17.90, 10.259, 271.41, 17.88, 0.007, 177.36, -31.16);
insert into SHOT values (1061, 1060, 1064, 67, 15.170, 305.94, 27.20, 15.170, 305.95, 27.22, 0.007, 84.68, 58.17);
insert into SHOT values (1062, 1060, 1065, 67, 14.550, 306.64, 27.40, 14.543, 306.62, 27.43, 0.011, 152.87, 20.94);
insert into SHOT values (1063, 1060, 1066, 67, 30.950, 346.14, 68.80, 30.952, 346.14, 68.81, 0.008, 174.06, 34.96);
insert into SHOT values (1064, 1060, 1067, 67, 28.900, 352.94, 68.00, 28.903, 352.94, 68.01, 0.006, 177.29, 46.90);
insert into SHOT values (1065, 1060, 1068, 67, 8.440, 230.44, -51.90, 8.438, 230.38, -51.90, 0.006, 123.59, 15.75);
insert into SHOT values (1066, 1060, 1069, 67, 5.800, 319.14, 22.10, 5.793, 319.16, 22.11, 0.007, 129.04, -16.55);
insert into SHOT values (1067, 1069, 1070, 67, 8.820, 200.64, 16.20, 8.825, 200.66, 16.19, 0.006, 226.05, -6.98);
insert into SHOT values (1068, 1069, 1071, 67, 21.870, 227.94, 40.30, 21.869, 227.94, 40.32, 0.007, 51.22, 41.97);
insert into SHOT values (1069, 1069, 1072, 67, 24.880, 270.84, 27.80, 24.886, 270.83, 27.81, 0.008, 228.58, 49.72);
insert into SHOT values (1070, 1069, 1073, 67, 7.020, 338.94, 11.90, 7.021, 338.93, 11.92, 0.003, 257.73, 52.03);
insert into SHOT values (1071, 1069, 1074, 67, 6.070, 38.34, 6.80, 6.073, 38.33, 6.81, 0.003, 18.86, 24.49);
insert into SHOT values (1072, 1069, 1075, 67, 7.950, 93.44, 0.60, 7.945, 93.46, 0.65, 0.009, 242.82, 48.99);
insert into SHOT values (1073, 1069, 1076, 67, 15.660, 187.94, -43.70, 15.658, 187.92, -43.71, 0.005, 55.02, -8.32);
insert into SHOT values (1074, 1069, 1077, 67, 1.080, 166.64, -71.10, 1.078, 166.76, -71.10, 0.002, 294.06, 63.09);
insert into SHOT values (1075, 1069, 1078, 67, 23.060, 285.04, 85.70, 23.065, 285.08, 85.70, 0.005, 349.45, 75.30);
insert into SHOT values (1076, 1069, 1079, 67, 24.160, 281.54, 85.40, 24.168, 281.60, 85.40, 0.008, 325.57, 70.37);
insert into SHOT values (1077, 1069, 1080, 67, 18.590, 269.84, 20.60, 18.589, 269.84, 20.60, 0.003, 148.68, -16.63);
insert into SHOT values (1078, 1080, 1081, 67, 4.120, 348.04, 16.00, 4.126, 348.07, 16.04, 0.007, 5.70, 38.16);
insert into SHOT values (1079, 1080, 1082, 67, 8.200, 66.84, 8.00, 8.198, 66.78, 8.06, 0.012, 318.21, 44.66);
insert into SHOT values (1080, 1080, 1083, 67, 15.600, 105.74, 2.70, 15.603, 105.75, 2.72, 0.006, 141.31, 60.77);
insert into SHOT values (1081, 1080, 1084, 67, 9.160, 171.44, 17.10, 9.164, 171.46, 17.14, 0.008, 229.28, 60.73);
insert into SHOT values (1082, 1080, 1085, 67, 19.260, 222.34, 14.30, 19.257, 222.35, 14.31, 0.005, 9.60, 30.76);
insert into SHOT values (1083, 1080, 1086, 67, 22.580, 241.84, 14.60, 22.586, 241.85, 14.62, 0.010, 285.53, 57.23);
insert into SHOT values (1084, 1080, 1087, 67, 5.400, 147.34, 83.10, 5.408, 147.05, 83.17, 0.011, 359.33, 55.85);
insert into SHOT values (1085, 1080, 1088, 67, 6.530, 347.94, -64.10, 6.527, 347.86, -64.07, 0.006, 278.38, 44.36);
insert into SHOT values (1086, 1080, 1089, 67, 17.380, 17.34, -39.30, 17.377, 17.34, -39.27, 0.008, 26.53, 74.31);
insert into SHOT values (1087, 1080, 1090, 67, 2.450, 284.84, -5.50, 2.453, 284.95, -5.38, 0.008, 333.44, 39.15);
insert into SHOT values (1088, 1090, 1091, 67, 17.090, 286.24, -15.30, 17.093, 286.24, -15.30, 0.004, 259.81, -6.31);
insert into SHOT values (1089, 1091, 1092, 67, 19.180, 178.34, 44.20, 19.183, 178.33, 44.19, 0.006, 157.63, -15.54);
insert into SHOT values (1090, 1091, 1093, 67, 7.030, 183.84, 33.00, 7.037, 183.79, 32.98, 0.009, 145.50, 7.54);
insert into SHOT values (1091, 1091, 1094, 67, 14.950, 238.64, 29.30, 14.952, 238.61, 29.31, 0.007, 150.78, 30.24);
insert into SHOT values (1092, 1091, 1095, 67, 5.970, 297.44, 8.80, 5.965, 297.48, 8.78, 0.007, 79.54, -29.17);
insert into SHOT values (1093, 1091, 1096, 67, 3.310, 355.54, 5.10, 3.302, 355.64, 5.04, 0.010, 137.95, -24.46);
insert into SHOT values (1094, 1091, 1097, 67, 16.060, 67.74, 1.70, 16.063, 67.75, 1.71, 0.005, 97.47, 48.00);
insert into SHOT values (1095, 1091, 1098, 67, 12.090, 180.24, 69.50, 12.088, 180.14, 69.47, 0.011, 127.34, -23.71);
insert into SHOT values (1096, 1091, 1099, 67, 13.910, 169.04, 64.20, 13.910, 168.97, 64.16, 0.012, 124.41, -17.08);
insert into SHOT values (1097, 1091, 1100, 67, 6.870, 61.24, 81.10, 6.874, 61.52, 81.05, 0.009, 99.31, 18.04);
insert into SHOT values (1098, 1091, 1101, 67, 7.800, 262.44, -5.10, 7.798, 262.45, -5.08, 0.004, 41.68, 54.03);
insert into SHOT values (1099, 1101, 1102, 67, 16.420, 223.94, 8.80, 16.424, 223.93, 8.79, 0.006, 177.58, -18.27);
insert into SHOT values (1100, 1101, 1103, 67, 27.720, 270.64, 9.00, 27.712, 270.63, 8.99, 0.012, 134.65, -32.89);
insert into SHOT values (1101, 1101, 1104, 67, 29.850, 268.34, 9.40, 29.843, 268.33, 9.39, 0.012, 139.71, -26.48);
insert into SHOT values (1102, 1101, 1105, 67, 14.800, 302.94, -1.20, 14.790, 302.94, -1.20, 0.010, 129.64, -0.30);
insert into SHOT values (1103, 1101, 1106, 67, 5.610, 24.14, -1.50, 5.606, 24.23, -1.53, 0.010, 140.29, -17.77);
insert into SHOT values (1104, 1101, 1107, 67, 15.290, 186.94, -1.90, 15.290, 186.92, -1.91, 0.008, 93.60, -23.31);
insert into SHOT values (1105, 1101, 1108, 67, 10.730, 221.44, 78.80, 10.726, 221.31, 78.76, 0.010, 184.34, -36.24);
insert into SHOT values (1106, 1101, 1109, 67, 1.180, 336.84, -80.60, 1.184, 337.62, -81.07, 0.011, 141.17, -32.32);
insert into SHOT values (1107, 1101, 1110, 67, 8.770, 217.04, -64.70, 8.772, 216.87, -64.69, 0.012, 137.36, -5.95);
insert into SHOT values (1108, 1101, 1111, 67, 29.400, 292.84, -12.20, 29.397, 292.83, -12.22, 0.009, 154.78, -50.74);
insert into SHOT values (1109, 1111, 1112, 67, 0.380, 242.14, -17.80, 0.379, 242.02, -16.89, 0.006, 187.35, 81.31);
insert into SHOT values (1110, 1111, 1113, 67, 19.390, 205.24, 12.50, 19.387, 205.24, 12.51, 0.005, 45.45, 39.40);
insert into SHOT values (1111, 1111, 1114, 67, 29.910, 241.34, 12.70, 29.906, 241.34, 12.71, 0.007, 50.97, 41.10);
insert into SHOT values (1112, 1111, 1115, 67, 8.150, 292.04, 13.30, 8.151, 292.07, 13.34, 0.006, 26.17, 53.25);
insert into SHOT values (1113, 1111, 1116, 67, 3.830, 33.44, 32.60, 3.833, 33.49, 32.69, 0.007, 142.63, 65.09);
insert into SHOT values (1114, 1111, 1117, 67, 3.430, 340.74, 79.00, 3.434, 340.46, 78.95, 0.006, 297.39, 32.90);
insert into SHOT values (1115, 1111, 1118, 67, 18.210, 183.74, 40.70, 18.216, 183.74, 40.70, 0.007, 164.18, 53.16);
insert into SHOT values (1116, 1111, 1119, 67, 2.440, 69.84, -72.60, 2.433, 70.08, -72.45, 0.010, 106.01, 57.89);
insert into SHOT values (1117, 1111, 1120, 67, 34.060, 261.24, -1.10, 34.062, 261.25, -1.09, 0.007, 325.93, 33.21);
insert into SHOT values (1118, 1120, 1121, 67, 11.110, 183.14, 15.30, 11.109, 183.10, 15.29, 0.008, 89.07, -12.38);
insert into SHOT values (1119, 1120, 1122, 67, 5.530, 311.04, 20.60, 5.523, 311.00, 20.67, 0.011, 154.89, 23.67);
insert into SHOT values (1120, 1120, 1123, 67, 8.790, 26.14, 2.80, 8.790, 26.16, 2.80, 0.002, 128.65, 15.40);
insert into SHOT values (1121, 1120, 1124, 67, 21.730, 115.04, 23.10, 21.733, 115.04, 23.11, 0.005, 65.71, 73.56);
insert into SHOT values (1122, 1120, 1125, 67, 11.670, 197.44, 72.70, 11.668, 197.44, 72.70, 0.002, 15.82, -68.13);
insert into SHOT values (1123, 1120, 1126, 67, 5.190, 344.24, -40.40, 5.184, 344.27, -40.40, 0.006, 138.98, 36.27);
insert into SHOT values (1124, 1120, 1127, 67, 7.580, 265.14, -0.90, 7.579, 265.08, -0.91, 0.008, 167.34, -6.38);
insert into SHOT values (1125, 1127, 1128, 67, 5.510, 172.94, 23.70, 5.506, 172.93, 23.78, 0.009, 0.73, 36.68);
insert into SHOT values (1126, 1127, 1129, 67, 19.380, 165.44, -0.90, 19.374, 165.44, -0.89, 0.007, 353.19, 38.56);
insert into SHOT values (1127, 1127, 1130, 67, 9.150, 268.34, 20.80, 9.150, 268.39, 20.81, 0.007, 0.58, 5.92);
insert into SHOT values (1128, 1127, 1131, 67, 11.980, 338.54, 33.20, 11.981, 338.53, 33.20, 0.003, 277.38, 3.74);
insert into SHOT values (1129, 1127, 1132, 67, 7.610, 36.84, 6.70, 7.610, 36.82, 6.72, 0.003, 306.20, 42.15);
insert into SHOT values (1130, 1127, 1133, 67, 12.070, 219.64, 76.50, 12.074, 219.68, 76.50, 0.004, 263.59, 56.06);
insert into SHOT values (1131, 1127, 1134, 67, 8.840, 174.14, -40.70, 8.832, 174.09, -40.70, 0.010, 41.03, 26.40);
insert into SHOT values (1132, 1127, 1135, 67, 22.960, 215.34, -16.10, 22.957, 215.35, -16.11, 0.005, 7.29, -34.24);
insert into SHOT values (1133, 1135, 1136, 67, 10.710, 148.84, 4.60, 10.712, 148.87, 4.60, 0.006, 217.66, 10.71);
insert into SHOT values (1134, 1135, 1137, 67, 14.420, 201.64, 6.10, 14.424, 201.65, 6.13, 0.008, 217.34, 68.22);
insert into SHOT values (1135, 1135, 1138, 67, 10.300, 289.54, 8.80, 10.297, 289.52, 8.83, 0.007, 153.50, 38.25);
insert into SHOT values (1136, 1135, 1139, 67, 14.940, 357.74, 22.90, 14.941, 357.75, 22.93, 0.007, 130.20, 66.43);
insert into SHOT values (1137, 1135, 1140, 67, 4.550, 164.44, 73.70, 4.553, 164.55, 73.72, 0.004, 275.55, 48.84);
insert into SHOT values (1138, 1135, 1141, 67, 6.410, 220.74, -65.80, 6.402, 220.67, -65.81, 0.008, 80.63, 53.25);
insert into SHOT values (1139, 1135, 1142, 67, 14.210, 233.04, 3.20, 14.213, 233.05, 3.23, 0.007, 271.84, 67.66);
insert into SHOT values (1140, 1142, 1143, 67, 6.180, 152.84, 9.60, 6.182, 152.76, 9.59, 0.009, 79.10, -4.07);
insert into SHOT values (1141, 1142, 1144, 67, 9.050, 207.74, 12.10, 9.047, 207.75, 12.06, 0.007, 333.94, -74.51);
insert into SHOT values (1142, 1142, 1145, 67, 10.460, 258.24, 8.70, 10.458, 258.22, 8.69, 0.005, 138.53, -28.21);
insert into SHOT values (1143, 1142, 1146, 67, 7.650, 311.84, 11.40, 7.643, 311.86, 11.39, 0.007, 110.52, -16.23);
insert into SHOT values (1144, 1142, 1147, 67, 11.830, 354.44, 5.30, 11.826, 354.44, 5.29, 0.005, 168.63, -33.59);
insert into SHOT values (1145, 1142, 1148, 67, 5.480, 290.04, 74.70, 5.473, 290.32, 74.75, 0.011, 62.36, -31.18);
insert into SHOT values (1146, 1142, 1149, 67, 0.400, 259.44, -78.70, 0.406, 261.87, -79.98, 0.011, 58.27, -43.08);
insert into SHOT values (1147, 1142, 1150, 67, 6.410, 334.04, -66.80, 6.417, 334.15, -66.85, 0.010, 94.57, -57.56);
insert into SHOT values (1148, 1142, 1151, 67, 8.520, 268.44, -1.10, 8.515, 268.45, -1.14, 0.008, 73.53, -49.45);
insert into SHOT values (1149, 1151, 1152, 67, 9.400, 157.84, 10.10, 9.399, 157.84, 10.11, 0.002, 339.32, 58.48);
insert into SHOT values (1150, 1151, 1153, 67, 12.840, 208.04, 6.70, 12.847, 208.05, 6.71, 0.007, 225.24, 15.94);
insert into SHOT values (1151, 1151, 1154, 67, 1.680, 300.54, 4.10, 1.676, 300.55, 4.10, 0.004, 115.79, -1.86);
insert into SHOT values (1152, 1151, 1155, 67, 12.510, 32.14, 18.90, 12.513, 32.16, 18.93, 0.009, 114.84, 65.54);
insert into SHOT values (1153, 1151, 1156, 67, 4.260, 225.14, 78.80, 4.262, 225.00, 78.71, 0.007, 208.53, 8.87);
insert into SHOT values (1154, 1151, 1157, 67, 4.180, 144.04, -76.60, 4.175, 144.19, -76.51, 0.009, 168.58, 45.96);
insert into SHOT values (1155, 1151, 1158, 67, 21.290, 219.24, -17.80, 21.289, 219.23, -17.81, 0.004, 101.64, -27.02);
insert into SHOT values (1156, 1158, 1159, 67, 6.830, 135.24, 3.70, 6.824, 135.30, 3.78, 0.013, 268.80, 45.61);
insert into SHOT values (1157, 1158, 1160, 67, 0.750, 302.64, 0.50, 0.755, 302.01, 0.76, 0.010, 241.90, 19.76);
insert into SHOT values (1158, 1158, 1161, 67, 12.800, 198.84, 22.10, 12.807, 198.83, 22.11, 0.007, 177.90, 35.91);
insert into SHOT values (1159, 1158, 1162, 67, 8.680, 234.74, 85.10, 8.682, 234.82, 85.07, 0.005, 246.30, 18.99);
insert into SHOT values (1160, 1158, 1163, 67, 1.490, 92.54, -71.00, 1.480, 92.39, -71.06, 0.010, 288.19, 61.14);
insert into SHOT values (1161, 1158, 1164, 67, 9.820, 224.24, -5.00, 9.824, 224.25, -4.96, 0.008, 249.48, 49.38);
insert into SHOT values (1162, 1158, 1165, 67, 10.420, 224.44, -5.10, 10.421, 224.45, -5.06, 0.007, 269.38, 65.22);
insert into SHOT values (1163, 1165, 1166, 67, 8.090, 130.54, 5.50, 8.094, 130.57, 5.46, 0.008, 174.93, -43.63);
insert into SHOT values (1164, 1165, 1167, 67, 10.710, 182.74, 10.40, 10.708, 182.78, 10.38, 0.007, 288.30, -27.96);
insert into SHOT values (1165, 1165, 1168, 67, 21.630, 225.54, 11.70, 21.634, 225.54, 11.68, 0.009, 199.83, -47.16);
insert into SHOT values (1166, 1165, 1169, 67, 1.520, 328.44, 6.10, 1.521, 328.52, 6.04, 0.003, 25.21, -32.98);
insert into SHOT values (1167, 1165, 1170, 67, 7.250, 195.74, 80.90, 7.251, 195.74, 80.93, 0.004, 16.80, 18.21);
insert into SHOT values (1168, 1165, 1171, 67, 7.020, 105.44, -54.60, 7.018, 105.40, -54.59, 0.004, 5.17, 38.08);
insert into SHOT values (1169, 1165, 1172, 67, 12.040, 200.34, -17.00, 12.043, 200.32, -17.00, 0.005, 148.57, 1.81);
insert into SHOT values (1170, 1172, 1173, 67, 5.510, 143.24, 17.00, 5.507, 143.26, 17.00, 0.004, 295.62, -14.89);
insert into SHOT values (1171, 1172, 1174, 67, 9.080, 196.54, 6.20, 9.077, 196.55, 6.20, 0.003, 2.89, -10.98);
insert into SHOT values (1172, 1172, 1175, 67, 19.300, 253.74, 28.40, 19.301, 253.75, 28.40, 0.003, 330.23, 7.70);
insert into SHOT values (1173, 1172, 1176, 67, 12.510, 318.64, 28.50, 12.519, 318.65, 28.48, 0.010, 324.58, 4.38);
insert into SHOT values (1174, 1172, 1177, 67, 8.380, 358.24, 12.70, 8.379, 358.18, 12.69, 0.010, 263.02, -13.93);
insert into SHOT values (1175, 1172, 1178, 67, 6.480, 190.24, 75.40, 6.477, 190.27, 75.46, 0.007, 3.40, -5.83);
insert into SHOT values (1176, 1172, 1179, 67, 9.510, 23.44, 73.20, 9.505, 23.39, 73.21, 0.006, 242.54, -46.17);
insert into SHOT values (1177, 1172, 1180, 67, 7.030, 123.04, -66.80, 7.028, 123.06, -66.80, 0.002, 271.67, 45.21);
insert into SHOT values (1178, 1172, 1181, 67, 20.460, 222.04, -12.00, 20.464, 222.06, -12.01, 0.010, 288.43, -36.77);
insert into SHOT values (1179, 1172, 1182, 67, 10.290, 221.74, -12.10, 10.286, 221.78, -12.12, 0.008, 349.76, -22.26);
insert into SHOT values (1180, 1182, 1183, 67, 5.840, 185.94, 13.00, 5.842, 185.95, 13.06, 0.006, 254.17, 81.55);
insert into SHOT values (1181, 1182, 1184, 67, 12.680, 224.54, 10.40, 12.682, 224.55, 10.40, 0.002, 241.94, 25.12);
insert into SHOT values (1182, 1182, 1185, 67, 19.520, 307.04, 37.50, 19.513, 307.02, 37.50, 0.010, 173.71, -18.48);
insert into SHOT values (1183, 1182, 1186, 67, 11.080, 80.04, 1.60, 11.080, 80.07, 1.60, 0.005, 167.39, 6.70);
insert into SHOT values (1184, 1182, 1187, 67, 18.050, 249.14, 1.00, 18.057, 249.14, 1.02, 0.009, 231.56, 35.72);
insert into SHOT values (1185, 1187, 1188, 67, 6.500, 205.34, 30.40, 6.503, 205.33, 30.39, 0.003, 186.21, 13.72);
insert into SHOT values (1186, 1187, 1189, 67, 6.280, 204.74, 32.00, 6.279, 204.74, 31.92, 0.009, 197.14, -67.24);
insert into SHOT values (1187, 1187, 1190, 67, 12.090, 261.24, 22.10, 12.086, 261.22, 22.06, 0.010, 165.79, -61.68);
insert into SHOT values (1188, 1187, 1191, 67, 16.080, 282.24, 16.30, 16.076, 282.23, 16.29, 0.005, 134.49, -39.49);
insert into SHOT values (1189, 1187, 1192, 67, 12.480, 326.04, 12.20, 12.478, 326.06, 12.17, 0.008, 58.45, -59.71);
insert into SHOT values (1190, 1187, 1193, 67, 17.080, 16.54, 15.40, 17.083, 16.54, 15.38, 0.008, 17.69, -48.44);
insert into SHOT values (1191, 1187, 1194, 67, 14.160, 86.74, 6.50, 14.163, 86.74, 6.49, 0.005, 82.37, -37.96);
insert into SHOT values (1192, 1187, 1195, 67, 6.320, 337.24, 77.20, 6.317, 337.29, 77.21, 0.004, 125.73, -55.52);
insert into SHOT values (1193, 1187, 1196, 67, 9.750, 48.14, 58.70, 9.752, 48.20, 58.67, 0.007, 89.96, -7.56);
insert into SHOT values (1194, 1187, 1197, 67, 5.720, 6.54, -56.50, 5.722, 6.54, -56.47, 0.003, 4.81, -2.84);
insert into SHOT values (1195, 1187, 1198, 67, 11.690, 251.04, 5.20, 11.689, 251.05, 5.20, 0.002, 11.24, 13.27);
insert into SHOT values (1196, 1198, 1199, 67, 4.200, 153.74, 21.50, 4.205, 153.76, 21.48, 0.006, 167.90, 7.07);
insert into SHOT values (1197, 1198, 1200, 67, 10.690, 280.64, 16.70, 10.686, 280.64, 16.70, 0.004, 107.22, -30.94);
insert into SHOT values (1198, 1198, 1201, 67, 10.150, 353.14, 16.90, 10.148, 353.14, 16.90, 0.002, 190.17, -15.82);
insert into SHOT values (1199, 1198, 1202, 67, 12.690, 343.14, -4.10, 12.687, 343.14, -4.11, 0.005, 170.12, -36.41);
insert into SHOT values (1200, 1198, 1203, 67, 17.340, 71.04, 13.90, 17.340, 71.04, 13.88, 0.006, 24.40, -71.26);
insert into SHOT values (1201, 1198, 1204, 67, 3.490, 249.04, 75.00, 3.488, 249.15, 75.07, 0.005, 48.80, -13.01);
insert into SHOT values (1202, 1198, 1205, 67, 11.610, 280.54, 31.90, 11.607, 280.52, 31.88, 0.006, 176.88, -56.86);
insert into SHOT values (1203, 1198, 1206, 67, 1.820, 305.04, -83.30, 1.822, 305.22, -83.44, 0.005, 116.53, -29.45);
insert into SHOT values (1204, 1198, 1207, 67, 14.890, 283.74, -31.50, 14.887, 283.72, -31.51, 0.006, 158.21, 0.03);
insert into SHOT values (1205, 1198, 1208, 67, 13.400, 285.84, -39.50, 13.398, 285.84, -39.54, 0.010, 110.72, -41.07);
insert into SHOT values (1206, 1198, 1209, 67, 0.310, 228.74, -23.30, 0.312, 227.86, -24.66, 0.009, 119.06, -57.96);
insert into SHOT values (1207, 1198, 1210, 67, 8.690, 227.94, -23.30, 8.689, 227.90, -23.32, 0.007, 120.75, -21.60);
insert into SHOT values (1208, 1210, 1211, 67, 2.120, 148.94, 17.70, 2.118, 148.99, 17.59, 0.005, 273.64, -66.91);
insert into SHOT values (1209, 1210, 1212, 67, 6.080, 198.44, 18.80, 6.080, 198.43, 18.81, 0.001, 87.53, 38.31);
insert into SHOT values (1210, 1210, 1213, 67, 19.090, 226.74, 19.90, 19.095, 226.76, 19.90, 0.008, 276.70, 16.29);
insert into SHOT values (1211, 1210, 1214, 67, 14.360, 273.84, 23.30, 14.361, 273.87, 23.30, 0.006, 353.06, -0.31);
insert into SHOT values (1212, 1210, 1215, 67, 14.670, 6.64, 26.60, 14.671, 6.61, 26.60, 0.007, 276.31, 10.63);
insert into SHOT values (1213, 1210, 1216, 67, 7.390, 58.54, 74.90, 7.386, 58.37, 74.88, 0.008, 337.74, -40.03);
insert into SHOT values (1214, 1210, 1217, 67, 1.670, 52.14, -73.60, 1.668, 51.91, -73.63, 0.003, 285.55, 41.02);
insert into SHOT values (1215, 1210, 1218, 67, 6.750, 321.54, -39.60, 6.749, 321.48, -39.58, 0.007, 243.08, 23.60);
insert into SHOT values (1216, 1210, 1219, 67, 13.480, 224.84, -12.10, 13.481, 224.88, -12.12, 0.009, 314.98, -28.51);
insert into SHOT values (1217, 1219, 1220, 67, 5.590, 149.84, 23.50, 5.598, 149.84, 23.47, 0.009, 148.47, 6.43);
insert into SHOT values (1218, 1219, 1221, 67, 9.470, 208.44, 16.60, 9.470, 208.43, 16.63, 0.005, 92.49, 62.74);
insert into SHOT values (1219, 1219, 1222, 67, 22.860, 279.24, 21.60, 22.862, 279.23, 21.61, 0.006, 198.44, 50.04);
insert into SHOT values (1220, 1219, 1223, 67, 13.490, 307.74, 32.50, 13.491, 307.72, 32.51, 0.006, 216.52, 19.27);
insert into SHOT values (1221, 1219, 1224, 67, 19.930, 25.44, 41.10, 19.927, 25.44, 41.10, 0.003, 224.81, -27.86);
insert into SHOT values (1222, 1219, 1225, 67, 14.700, 328.74, 76.20, 14.703, 328.67, 76.23, 0.009, 184.21, 30.06);
insert into SHOT values (1223, 1219, 1226, 67, 2.750, 265.04, -82.30, 2.745, 263.83, -82.21, 0.010, 199.67, 30.99);
insert into SHOT values (1224, 1219, 1227, 67, 15.190, 249.54, -4.10, 15.186, 249.52, -4.08, 0.009, 128.67, 40.37);
insert into SHOT values (1225, 1227, 1228, 67, 8.630, 160.34, 6.10, 8.626, 160.38, 6.06, 0.010, 278.67, -46.19);
insert into SHOT values (1226, 1227, 1229, 67, 15.520, 213.84, 8.50, 15.521, 213.85, 8.48, 0.004, 237.51, -63.12);
insert into SHOT values (1227, 1227, 1230, 67, 33.760, 269.84, 9.80, 33.762, 269.85, 9.79, 0.007, 299.57, -63.20);
insert into SHOT values (1228, 1227, 1231, 67, 15.560, 312.54, 23.60, 15.563, 312.53, 23.60, 0.005, 260.90, 7.01);
insert into SHOT values (1229, 1227, 1232, 67, 13.560, 14.54, 33.00, 13.558, 14.51, 32.98, 0.008, 289.56, -42.05);
insert into SHOT values (1230, 1227, 1233, 67, 20.900, 31.44, 61.80, 20.902, 31.42, 61.80, 0.004, 334.13, 10.00);
insert into SHOT values (1231, 1227, 1234, 67, 7.200, 150.34, -50.80, 7.197, 150.33, -50.83, 0.005, 338.94, -4.77);
insert into SHOT values (1232, 1227, 1235, 67, 12.210, 291.84, 12.10, 12.217, 291.82, 12.10, 0.009, 257.52, 3.74);
insert into SHOT values (1233, 1235, 1236, 67, 15.370, 151.44, 12.90, 15.374, 151.42, 12.89, 0.008, 95.04, -9.67);
insert into SHOT values (1234, 1235, 1237, 67, 13.540, 192.04, 10.40, 13.533, 192.01, 10.39, 0.010, 62.14, -23.76);
insert into SHOT values (1235, 1235, 1238, 67, 5.950, 301.94, 20.40, 5.946, 301.95, 20.37, 0.005, 101.91, -58.59);
insert into SHOT values (1236, 1235, 1239, 67, 6.410, 11.44, 28.50, 6.405, 11.47, 28.44, 0.009, 116.92, -72.08);
insert into SHOT values (1237, 1235, 1240, 67, 11.990, 50.94, 30.00, 11.996, 50.94, 29.96, 0.011, 43.95, -26.44);
insert into SHOT values (1238, 1235, 1241, 67, 14.280, 270.54, -10.80, 14.275, 270.57, -10.82, 0.011, 41.64, -23.42);
insert into SHOT values (1239, 1235, 1242, 67, 15.850, 271.24, -10.30, 15.850, 271.25, -10.32, 0.006, 25.64, -70.59);
insert into SHOT values (1240, 1242, 1243, 67, 19.470, 176.64, 24.10, 19.468, 176.64, 24.10, 0.003, 338.25, -4.35);
insert into SHOT values (1241, 1242, 1244, 67, 26.360, 211.84, 9.10, 26.358, 211.84, 9.10, 0.003, 62.52, 22.38);
insert into SHOT values (1242, 1242, 1245, 67, 6.770, 258.84, -3.40, 6.770, 258.82, -3.39, 0.003, 171.27, 33.54);
insert into SHOT values (1243, 1242, 1246, 67, 1.730, 311.44, 5.50, 1.730, 311.47, 5.64, 0.004, 74.44, 77.74);
insert into SHOT values (1244, 1242, 1247, 67, 4.380, 30.34, 10.50, 4.385, 30.37, 10.51, 0.006, 53.66, 18.21);
insert into SHOT values (1245, 1242, 1248, 67, 7.470, 224.54, 82.60, 7.472, 224.16, 82.60, 0.007, 131.39, 18.91);
insert into SHOT values (1246, 1242, 1249, 67, 21.170, 180.44, 60.10, 21.167, 180.43, 60.10, 0.004, 28.73, -35.89);
insert into SHOT values (1247, 1242, 1250, 67, 1.970, 291.84, -83.20, 1.963, 293.20, -83.32, 0.010, 63.71, 40.22);
insert into SHOT values (1248, 1242, 1251, 67, 15.650, 247.24, -12.10, 15.649, 247.24, -12.10, 0.001, 117.91, 24.95);
insert into SHOT values (1249, 1251, 1252, 67, 22.300, 145.44, 13.70, 22.298, 145.44, 13.70, 0.003, 10.72, -27.81);
insert into SHOT values (1250, 1251, 1253, 67, 22.310, 189.54, 1.00, 22.312, 189.55, 1.00, 0.003, 225.87, 12.24);
insert into SHOT values (1251, 1251, 1254, 67, 27.910, 220.94, -1.70, 27.907, 220.94, -1.70, 0.004, 23.36, -30.88);
insert into SHOT values (1252, 1251, 1255, 67, 31.740, 223.44, -1.20, 31.739, 223.44, -1.19, 0.005, 50.84, 83.89);
insert into SHOT values (1253, 1251, 1256, 67, 30.450, 226.04, -3.20, 30.444, 226.04, -3.20, 0.006, 58.91, -2.16);
insert into SHOT values (1254, 1251, 1257, 67, 19.490, 254.44, 0.90, 19.487, 254.43, 0.91, 0.006, 132.25, 38.57);
insert into SHOT values (1255, 1251, 1258, 67, 2.180, 305.74, 7.00, 2.173, 305.75, 7.14, 0.009, 122.34, 30.46);
insert into SHOT values (1256, 1251, 1259, 67, 12.380, 56.54, 12.20, 12.384, 56.56, 12.21, 0.006, 104.42, 37.98);
insert into SHOT values (1257, 1251, 1260, 67, 21.810, 63.24, 19.20, 21.807, 63.25, 19.20, 0.004, 202.98, -37.65);
insert into SHOT values (1258, 1251, 1261, 67, 3.690, 177.74, 79.80, 3.688, 177.36, 79.84, 0.005, 55.42, -18.01);
insert into SHOT values (1259, 1251, 1262, 67, 28.870, 122.74, 53.60, 28.873, 122.75, 53.60, 0.005, 178.96, 34.44);
insert into SHOT values (1260, 1251, 1263, 67, 2.490, 234.64, -64.90, 2.485, 234.65, -64.89, 0.005, 49.33, 68.75);
insert into SHOT values (1261, 1251, 1264, 67, 11.700, 231.14, -25.30, 11.697, 231.10, -25.31, 0.008, 117.51, 0.63);
insert into SHOT values (1262, 1264, 1265, 67, 18.620, 154.34, 22.10, 18.621, 154.34, 22.11, 0.005, 0.57, 79.56);
insert into SHOT values (1263, 1264, 1266, 67, 15.310, 227.74, 17.20, 15.311, 227.77, 17.21, 0.008, 312.96, 20.16);
insert into SHOT values (1264, 1264, 1267, 67, 17.770, 323.64, 33.40, 17.773, 323.63, 33.39, 0.006, 297.03, -18.94);
insert into SHOT values (1265, 1264, 1268, 67, 13.050, 350.44, 36.50, 13.054, 350.40, 36.47, 0.010, 302.88, -14.05);
insert into SHOT values (1266, 1264, 1269, 67, 11.380, 36.44, 31.60, 11.376, 36.40, 31.59, 0.009, 289.60, -20.24);
insert into SHOT values (1267, 1264, 1270, 67, 15.350, 167.34, 76.80, 15.355, 167.47, 76.81, 0.010, 269.99, 34.56);
insert into SHOT values (1268, 1264, 1271, 67, 18.550, 255.54, 68.10, 18.548, 255.60, 68.10, 0.008, 358.58, -10.41);
insert into SHOT values (1269, 1264, 1272, 67, 7.230, 180.54, -39.40, 7.226, 180.62, -39.44, 0.010, 312.88, -5.28);
insert into SHOT values (1270, 1264, 1273, 67, 16.320, 195.64, -6.20, 16.318, 195.66, -6.19, 0.007, 304.22, 21.46);
insert into SHOT values (1271, 1264, 1274, 67, 10.360, 353.64, 29.20, 10.366, 353.59, 29.22, 0.011, 284.05, 33.17);
insert into SHOT values (1272, 1274, 1275, 67, 9.240, 250.44, 9.40, 9.240, 250.45, 9.41, 0.002, 359.36, 28.32);
insert into SHOT values (1273, 1274, 1276, 67, 9.620, 305.04, 11.60, 9.614, 305.06, 11.58, 0.007, 98.62, -39.20);
insert into SHOT values (1274, 1274, 1277, 67, 18.400, 319.34, -6.90, 18.401, 319.35, -6.90, 0.003, 29.95, 9.90);
insert into SHOT values (1275, 1274, 1278, 67, 1.560, 92.44, 34.10, 1.557, 92.22, 33.98, 0.007, 353.21, -42.13);
insert into SHOT values (1276, 1274, 1279, 67, 23.020, 158.14, 10.80, 23.014, 158.13, 10.79, 0.008, 11.81, -27.24);
insert into SHOT values (1277, 1274, 1280, 67, 14.440, 246.24, 61.60, 14.434, 246.27, 61.62, 0.009, 40.95, -13.07);
insert into SHOT values (1278, 1274, 1281, 67, 14.280, 299.14, -33.70, 14.281, 299.18, -33.73, 0.010, 54.79, -41.00);
insert into SHOT values (1279, 1274, 1282, 67, 18.120, 299.54, -22.80, 18.123, 299.56, -22.82, 0.009, 33.55, -61.32);
insert into SHOT values (1280, 1282, 1283, 67, 14.720, 160.94, -12.40, 14.723, 160.92, -12.39, 0.006, 103.35, 8.70);
insert into SHOT values (1281, 1282, 1284, 67, 18.900, 224.24, -16.40, 18.899, 224.24, -16.38, 0.006, 184.69, 80.84);
insert into SHOT values (1282, 1282, 1285, 67, 20.200, 266.34, -11.20, 20.195, 266.32, -11.19, 0.008, 139.99, 24.74);
insert into SHOT values (1283, 1282, 1286, 67, 38.820, 248.34, -24.60, 38.817, 248.33, -24.60, 0.006, 125.59, 0.20);
insert into SHOT values (1284, 1282, 1287, 67, 8.300, 353.74, 8.30, 8.296, 353.78, 8.32, 0.007, 128.30, 15.47);
insert into SHOT values (1285, 1282, 1288, 67, 7.860, 50.14, 18.50, 7.862, 50.12, 18.54, 0.007, 328.19, 59.72);
insert into SHOT values (1286, 1282, 1289, 67, 4.720, 338.84, 84.20, 4.724, 338.88, 84.27, 0.007, 155.90, 38.18);
insert into SHOT values (1287, 1282, 1290, 67, 10.720, 246.44, -43.90, 10.718, 246.42, -43.89, 0.004, 168.93, 48.80);
insert into SHOT values (1288, 1282, 1291, 67, 11.860, 257.54, -28.90, 11.860, 257.54, -28.89, 0.002, 262.55, 49.72);
insert into SHOT values (1289, 1291, 1292, 67, 16.750, 163.34, 3.70, 16.746, 163.34, 3.70, 0.004, 338.43, -13.22);
insert into SHOT values (1290, 1291, 1293, 67, 14.330, 224.34, -3.90, 14.332, 224.32, -3.88, 0.008, 153.07, 38.36);
insert into SHOT values (1291, 1291, 1294, 67, 23.930, 222.14, -24.30, 23.928, 222.14, -24.31, 0.005, 67.47, -30.45);
insert into SHOT values (1292, 1291, 1295, 67, 22.340, 297.74, -3.50, 22.335, 297.75, -3.49, 0.006, 87.50, 36.61);
insert into SHOT values (1293, 1291, 1296, 67, 20.590, 296.44, -15.20, 20.590, 296.45, -15.20, 0.003, 25.18, -33.31);
insert into SHOT values (1294, 1291, 1297, 67, 13.900, 341.14, 7.40, 13.894, 341.16, 7.40, 0.007, 129.26, -2.16);
insert into SHOT values (1295, 1291, 1298, 67, 4.330, 189.94, 87.70, 4.333, 190.01, 87.72, 0.004, 0.13, 71.59);
insert into SHOT values (1296, 1291, 1299, 67, 3.980, 177.44, -62.50, 3.982, 177.20, -62.44, 0.009, 117.00, 1.94);
insert into SHOT values (1297, 1291, 1300, 67, 24.440, 278.94, -22.00, 24.433, 278.94, -21.99, 0.008, 115.16, 44.59);
insert into SHOT values (1298, 1300, 1301, 67, 21.430, 153.74, 2.20, 21.424, 153.75, 2.19, 0.007, 319.79, -24.02);
insert into SHOT values (1299, 1300, 1302, 67, 9.990, 202.74, 1.80, 9.991, 202.74, 1.78, 0.004, 175.44, -71.85);
insert into SHOT values (1300, 1300, 1303, 67, 11.450, 271.84, -2.80, 11.450, 271.85, -2.80, 0.002, 10.16, -15.76);
insert into SHOT values (1301, 1300, 1304, 67, 11.970, 303.34, 27.20, 11.973, 303.32, 27.18, 0.006, 254.86, -13.13);
insert into SHOT values (1302, 1300, 1305, 67, 19.620, 311.04, 21.60, 19.621, 311.04, 21.59, 0.003, 325.90, -49.08);
insert into SHOT values (1303, 1300, 1306, 67, 8.960, 335.94, 35.50, 8.960, 335.89, 35.48, 0.007, 262.45, -25.78);
insert into SHOT values (1304, 1300, 1307, 67, 12.950, 45.74, 39.10, 12.945, 45.77, 39.08, 0.008, 148.15, -59.54);
insert into SHOT values (1305, 1300, 1308, 67, 6.740, 151.64, 77.40, 6.732, 151.51, 77.41, 0.009, 23.22, -61.38);
insert into SHOT values (1306, 1300, 1309, 67, 4.240, 171.64, -47.90, 4.241, 171.70, -47.97, 0.006, 307.27, -45.18);
insert into SHOT values (1307, 1300, 1310, 67, 5.700, 263.94, -18.70, 5.702, 263.94, -18.72, 0.003, 257.45, -66.78);
insert into SHOT values (1308, 1310, 1311, 67, 9.540, 176.74, 1.90, 9.541, 176.75, 1.92, 0.004, 250.38, 62.28);
insert into SHOT values (1309, 1310, 1312, 67, 7.170, 276.14, 2.30, 7.167, 276.17, 2.32, 0.005, 41.97, 25.97);
insert into SHOT values (1310, 1310, 1313, 67, 29.130, 293.84, 1.30, 29.132, 293.84, 1.30, 0.003, 235.29, -14.67);
insert into SHOT values (1311, 1310, 1314, 67, 15.150, 331.34, 7.00, 15.154, 331.36, 7.01, 0.006, 15.94, 35.50);
insert into SHOT values (1312, 1310, 1315, 67, 4.330, 22.54, 17.20, 4.331, 22.60, 17.19, 0.004, 94.35, -5.55);
insert into SHOT values (1313, 1310, 1316, 67, 10.900, 21.84, 40.90, 10.903, 21.80, 40.91, 0.007, 296.68, 29.40);
insert into SHOT values (1314, 1310, 1317, 67, 11.290, 318.24, -17.30, 11.291, 318.23, -17.31, 0.003, 231.28, -59.44);
insert into SHOT values (1315, 1317, 1318, 67, 6.690, 204.24, 4.20, 6.687, 204.26, 4.20, 0.004, 352.45, 0.56);
insert into SHOT values (1316, 1317, 1319, 67, 11.510, 255.04, 3.00, 11.504, 255.07, 2.99, 0.009, 35.30, -16.15);
insert into SHOT values (1317, 1317, 1320, 67, 22.030, 298.34, -3.10, 22.032, 298.36, -3.10, 0.007, 6.91, 11.16);
insert into SHOT values (1318, 1317, 1321, 67, 9.020, 334.54, 2.50, 9.022, 334.57, 2.54, 0.008, 44.52, 52.64);
insert into SHOT values (1319, 1317, 1322, 67, 4.330, 23.74, 16.90, 4.329, 23.78, 16.92, 0.003, 140.77, 22.44);
insert into SHOT values (1320, 1317, 1323, 67, 8.640, 68.54, 23.60, 8.643, 68.52, 23.60, 0.004, 20.61, 13.94);
insert into SHOT values (1321, 1317, 1324, 67, 9.500, 106.64, 30.00, 9.496, 106.61, 30.01, 0.007, 337.30, -0.00);
insert into SHOT values (1322, 1317, 1325, 67, 11.390, 274.14, 75.60, 11.387, 274.26, 75.62, 0.008, 43.84, -16.13);
insert into SHOT values (1323, 1317, 1326, 67, 1.470, 266.04, -76.90, 1.468, 266.53, -76.98, 0.004, 38.50, 24.50);
insert into SHOT values (1324, 1317, 1327, 67, 20.030, 279.54, -17.90, 20.031, 279.54, -17.88, 0.007, 274.21, 62.53);
insert into SHOT values (1325, 1327, 1328, 67, 15.520, 206.44, 40.00, 15.511, 206.44, 40.00, 0.009, 38.37, -42.33);
insert into SHOT values (1326, 1327, 1329, 67, 14.220, 251.04, 25.50, 14.212, 251.03, 25.51, 0.009, 92.47, -12.26);
insert into SHOT values (1327, 1327, 1330, 67, 7.250, 322.54, 20.00, 7.250, 322.57, 20.00, 0.004, 59.19, 5.17);
insert into SHOT values (1328, 1327, 1331, 67, 10.130, 35.34, 25.00, 10.130, 35.33, 24.99, 0.002, 323.13, -40.74);
insert into SHOT values (1329, 1327, 1332, 67, 17.110, 74.24, 16.80, 17.114, 74.24, 16.78, 0.008, 73.22, -41.20);
insert into SHOT values (1330, 1327, 1333, 67, 9.500, 309.44, 80.90, 9.500, 309.61, 80.88, 0.005, 3.45, -4.51);
insert into SHOT values (1331, 1327, 1334, 67, 32.570, 198.94, 67.20, 32.565, 198.91, 67.20, 0.009, 106.60, -34.45);
insert into SHOT values (1332, 1327, 1335, 67, 2.800, 314.74, -69.90, 2.800, 315.00, -69.91, 0.004, 52.53, -7.00);
insert into SHOT values (1333, 1327, 1336, 67, 15.270, 265.04, -8.30, 15.267, 265.06, -8.32, 0.009, 31.25, -39.87);
insert into SHOT values (1334, 1336, 1337, 67, 11.340, 120.94, 32.90, 11.345, 120.95, 32.89, 0.006, 139.69, 3.99);
insert into SHOT values (1335, 1336, 1338, 67, 30.200, 193.34, 10.30, 30.209, 193.34, 10.30, 0.009, 199.73, 1.08);
insert into SHOT values (1336, 1336, 1339, 67, 28.940, 204.64, 7.20, 28.942, 204.64, 7.21, 0.004, 154.54, 40.43);
insert into SHOT values (1337, 1336, 1340, 67, 8.870, 219.84, 4.80, 8.871, 219.81, 4.79, 0.005, 139.84, -26.52);
insert into SHOT values (1338, 1336, 1341, 67, 1.710, 285.64, 11.50, 1.706, 285.62, 11.50, 0.004, 116.66, -12.82);
insert into SHOT values (1339, 1336, 1342, 67, 4.500, 283.74, 24.00, 4.496, 283.66, 24.02, 0.007, 153.54, -2.45);
insert into SHOT values (1340, 1336, 1343, 67, 5.180, 19.94, 33.60, 5.177, 19.95, 33.67, 0.007, 195.13, 29.66);
insert into SHOT values (1341, 1336, 1344, 67, 7.600, 161.34, 73.70, 7.605, 161.40, 73.72, 0.006, 291.98, 64.75);
insert into SHOT values (1342, 1336, 1345, 67, 25.050, 136.34, 57.40, 25.050, 136.35, 57.38, 0.007, 153.34, -27.86);
insert into SHOT values (1343, 1336, 1346, 67, 4.860, 203.84, -55.20, 4.861, 203.79, -55.17, 0.003, 158.84, 13.57);
insert into SHOT values (1344, 1336, 1347, 67, 7.520, 233.34, -17.00, 7.525, 233.31, -17.00, 0.007, 188.15, -11.76);
insert into SHOT values (1345, 1347, 1348, 67, 15.760, 137.24, 35.10, 15.758, 137.20, 35.10, 0.010, 40.90, -12.32);
insert into SHOT values (1346, 1347, 1349, 67, 21.510, 168.74, 22.50, 21.509, 168.74, 22.50, 0.002, 56.27, -71.64);
insert into SHOT values (1347, 1347, 1350, 67, 24.050, 178.64, 22.80, 24.046, 178.63, 22.80, 0.007, 45.61, 2.19);
insert into SHOT values (1348, 1347, 1351, 67, 4.880, 187.94, 24.60, 4.875, 187.91, 24.61, 0.006, 34.47, -14.85);
insert into SHOT values (1349, 1347, 1352, 67, 5.380, 252.74, 6.50, 5.374, 252.79, 6.52, 0.008, 39.30, 7.32);
insert into SHOT values (1350, 1347, 1353, 67, 2.700, 332.24, 16.70, 2.700, 332.34, 16.79, 0.006, 71.61, 41.39);
insert into SHOT values (1351, 1347, 1354, 67, 6.480, 36.54, 18.00, 6.482, 36.55, 18.07, 0.008, 157.95, 79.20);
insert into SHOT values (1352, 1347, 1355, 67, 14.280, 39.24, 18.00, 14.283, 39.23, 18.03, 0.008, 321.11, 72.73);
insert into SHOT values (1353, 1347, 1356, 67, 3.090, 171.44, 81.80, 3.091, 170.75, 81.90, 0.007, 37.22, 12.29);
insert into SHOT values (1354, 1347, 1357, 67, 8.190, 108.94, 69.80, 8.195, 108.95, 69.77, 0.007, 111.10, 34.11);
insert into SHOT values (1355, 1347, 1358, 67, 31.470, 97.14, 53.90, 31.473, 97.13, 53.90, 0.006, 19.08, 24.11);
insert into SHOT values (1356, 1347, 1359, 67, 3.020, 79.14, -47.60, 3.021, 78.97, -47.58, 0.006, 0.56, 1.21);
insert into SHOT values (1357, 1347, 1360, 67, 8.380, 148.54, 27.80, 8.379, 148.52, 27.82, 0.004, 24.39, 24.88);
insert into SHOT values (1358, 1360, 1361, 67, 10.100, 349.14, -2.80, 10.102, 349.15, -2.78, 0.004, 5.81, 51.76);
insert into SHOT values (1359, 1360, 1362, 67, 4.180, 305.74, -9.20, 4.181, 305.73, -9.22, 0.002, 252.32, -59.94);
insert into SHOT values (1360, 1360, 1363, 67, 10.250, 312.64, -20.00, 10.248, 312.60, -19.97, 0.009, 225.23, 39.94);
insert into SHOT values (1361, 1360, 1364, 67, 17.160, 18.04, 19.80, 17.157, 18.04, 19.79, 0.003, 199.63, -58.09);
insert into SHOT values (1362, 1360, 1365, 67, 15.930, 186.34, 11.50, 15.936, 186.32, 11.51, 0.008, 140.32, 30.39);
insert into SHOT values (1363, 1360, 1366, 67, 19.830, 185.34, 38.50, 19.832, 185.36, 38.51, 0.008, 288.58, 45.91);
insert into SHOT values (1364, 1360, 1367, 67, 9.990, 161.54, 72.20, 9.990, 161.51, 72.17, 0.005, 135.73, -21.61);
insert into SHOT values (1365, 1360, 1368, 67, 8.400, 165.34, 72.00, 8.401, 165.27, 72.01, 0.004, 68.22, 18.28);
insert into SHOT values (1366, 1360, 1369, 67, 16.450, 207.84, 1.20, 16.447, 207.84, 1.22, 0.006, 24.08, 63.53);
insert into SHOT_FLAG values(1366, 'dpl');
insert into SURVEY values (69, 55, 'GL102_Riviere', 'GL102_Riviere.Gouffre_du_Lonne_Peyret', 'GL102 - Gouffre du Lonne Peyret - Aval Embarquadere (Sup)');
 insert into CENTRELINE values (70, 69, NULL, NULL, NULL, 0.00, 0.00, 0.00);
 insert into CENTRELINE values (71, 69, NULL, '2024-08-11', '2024-01-01', 207.85, 0.00, 78.09);
 insert into PERSON values (10, 'Marina', 'Ferrand');
insert into TOPO values (10, 71);
 insert into PERSON values (11, 'Guillaume', 'Lapie');
insert into TOPO values (11, 71);
 insert into EXPLO values (3, 71);
 insert into PERSON values (12, NULL, 'EEGC');
insert into EXPLO values (12, 71);
 insert into EXPLO values (5, 71);
 insert into SHOT values (1367, 1370, 1371, 71, 6.500, 230.04, 4.80, 6.496, 230.01, 4.77, 0.006, 94.03, -37.77);
insert into SHOT_FLAG values(1367, 'dpl');
insert into SHOT values (1368, 1370, 1372, 71, 8.500, 246.44, 87.80, 8.496, 246.57, 87.79, 0.004, 294.23, -75.30);
insert into SHOT_FLAG values(1368, 'dpl');
insert into SHOT values (1369, 1370, 1373, 71, 4.890, 38.24, 7.90, 4.888, 38.29, 7.88, 0.005, 156.66, -25.43);
insert into SHOT_FLAG values(1369, 'dpl');
insert into SHOT values (1370, 1370, 1374, 71, 2.440, 285.04, -66.20, 2.437, 284.74, -66.23, 0.006, 170.81, 23.88);
insert into SHOT_FLAG values(1370, 'dpl');
insert into SHOT values (1371, 1370, 1375, 71, 13.350, 259.14, -5.70, 13.344, 259.15, -5.72, 0.008, 73.11, -31.95);
insert into SHOT_FLAG values(1371, 'dpl');
insert into SHOT values (1372, 1370, 1376, 71, 25.270, 283.04, 2.20, 25.270, 283.05, 2.20, 0.001, 345.09, -4.48);
insert into SHOT_FLAG values(1372, 'dpl');
insert into SHOT values (1373, 1370, 1377, 71, 11.260, 341.24, 1.60, 11.262, 341.24, 1.58, 0.005, 336.63, -62.56);
insert into SHOT_FLAG values(1373, 'dpl');
insert into SHOT values (1374, 1370, 1378, 71, 26.140, 296.94, -20.50, 26.131, 296.94, -20.50, 0.009, 123.52, 28.52);
insert into SHOT_FLAG values(1374, 'dpl');
insert into SHOT values (1375, 1378, 1379, 71, 18.000, 181.04, 43.00, 17.994, 181.04, 42.99, 0.006, 356.89, -69.91);
insert into SHOT_FLAG values(1375, 'dpl');
insert into SHOT values (1376, 1378, 1380, 71, 23.730, 177.24, 62.40, 23.730, 177.24, 62.40, 0.002, 47.08, 11.52);
insert into SHOT_FLAG values(1376, 'dpl');
insert into SHOT values (1377, 1378, 1381, 71, 9.540, 98.74, 78.90, 9.538, 98.79, 78.93, 0.006, 261.56, -15.92);
insert into SHOT_FLAG values(1377, 'dpl');
insert into SHOT values (1378, 1378, 1382, 71, 0.950, 17.94, 20.90, 0.954, 17.62, 20.87, 0.007, 328.87, 9.41);
insert into SHOT_FLAG values(1378, 'dpl');
insert into SHOT values (1379, 1378, 1383, 71, 1.520, 186.84, -79.40, 1.526, 188.13, -79.32, 0.009, 250.34, -39.93);
insert into SHOT_FLAG values(1379, 'dpl');
insert into SHOT values (1380, 1378, 1384, 71, 8.420, 292.44, 85.20, 8.419, 292.56, 85.20, 0.002, 49.90, -16.70);
insert into SHOT_FLAG values(1380, 'dpl');
insert into SHOT values (1381, 1378, 1385, 71, 61.000, 112.94, 44.90, 60.993, 112.94, 44.90, 0.009, 355.93, -62.80);
insert into SHOT_FLAG values(1381, 'dpl');
insert into SHOT values (1382, 1378, 1386, 71, 11.850, 90.24, 22.90, 11.844, 90.21, 22.91, 0.009, 317.57, -7.23);
insert into SHOT_FLAG values(1382, 'dpl');
insert into SHOT values (1383, 1378, 1387, 71, 11.930, 91.94, 3.50, 11.928, 91.93, 3.46, 0.009, 347.29, -63.94);
insert into SHOT_FLAG values(1383, 'dpl');
insert into SHOT values (1384, 1378, 1388, 71, 19.820, 228.44, -4.10, 19.822, 228.47, -4.11, 0.008, 301.44, -21.05);
insert into SHOT_FLAG values(1384, 'dpl');
insert into SHOT values (1385, 1388, 1389, 71, 1.830, 196.14, -8.60, 1.830, 196.03, -8.48, 0.005, 121.75, 44.87);
insert into SHOT_FLAG values(1385, 'dpl');
insert into SHOT values (1386, 1388, 1390, 71, 5.200, 2.54, 8.10, 5.197, 2.56, 8.08, 0.004, 154.06, -38.39);
insert into SHOT_FLAG values(1386, 'dpl');
insert into SHOT values (1387, 1388, 1391, 71, 7.020, 19.14, 85.40, 7.023, 19.72, 85.40, 0.006, 109.12, 24.69);
insert into SHOT_FLAG values(1387, 'dpl');
insert into SHOT values (1388, 1388, 1392, 71, 3.390, 315.84, -73.50, 3.389, 315.84, -73.51, 0.001, 137.30, 20.93);
insert into SHOT_FLAG values(1388, 'dpl');
insert into SHOT values (1389, 1388, 1393, 71, 14.060, 235.34, -18.10, 14.058, 235.33, -18.11, 0.004, 98.29, -30.36);
insert into SHOT_FLAG values(1389, 'dpl');
insert into SHOT values (1390, 1393, 1394, 71, 1.960, 168.24, -0.70, 1.961, 168.23, -0.58, 0.004, 151.04, 70.02);
insert into SHOT_FLAG values(1390, 'dpl');
insert into SHOT values (1391, 1393, 1395, 71, 1.740, 345.34, 2.80, 1.739, 345.32, 2.97, 0.005, 191.60, 74.32);
insert into SHOT_FLAG values(1391, 'dpl');
insert into SHOT values (1392, 1393, 1396, 71, 2.850, 220.74, 87.40, 2.853, 218.66, 87.43, 0.006, 115.07, 31.24);
insert into SHOT_FLAG values(1392, 'dpl');
insert into SHOT values (1393, 1393, 1397, 71, 1.610, 137.44, -85.40, 1.606, 138.01, -85.19, 0.007, 151.31, 40.83);
insert into SHOT_FLAG values(1393, 'dpl');
insert into SHOT values (1394, 1393, 1398, 71, 10.510, 243.04, 6.60, 10.513, 243.07, 6.61, 0.005, 304.02, 22.95);
insert into SHOT_FLAG values(1394, 'dpl');
insert into SHOT values (1395, 1393, 1399, 71, 3.310, 262.64, 6.10, 3.306, 262.66, 6.08, 0.005, 71.61, -21.53);
insert into SHOT_FLAG values(1395, 'dpl');
insert into SHOT values (1396, 1393, 1400, 71, 10.950, 207.34, 7.70, 10.949, 207.32, 7.72, 0.005, 105.57, 32.27);
insert into SHOT_FLAG values(1396, 'dpl');
insert into SHOT values (1397, 1393, 1401, 71, 2.580, 187.94, 11.50, 2.587, 187.94, 11.60, 0.008, 185.51, 42.78);
insert into SHOT_FLAG values(1397, 'dpl');
insert into SHOT values (1398, 1393, 1402, 71, 18.070, 227.94, -1.90, 18.072, 227.94, -1.90, 0.003, 193.10, -20.01);
insert into SHOT_FLAG values(1398, 'dpl');
insert into SHOT values (1399, 1402, 1403, 71, 7.300, 122.84, 8.90, 7.300, 122.83, 8.90, 0.002, 26.30, 19.88);
insert into SHOT_FLAG values(1399, 'dpl');
insert into SHOT values (1400, 1402, 1404, 71, 1.420, 97.24, 72.20, 1.418, 96.63, 72.22, 0.005, 352.51, -22.96);
insert into SHOT_FLAG values(1400, 'dpl');
insert into SHOT values (1401, 1402, 1405, 71, 1.430, 100.24, -63.60, 1.431, 99.90, -63.45, 0.005, 54.46, 9.31);
insert into SHOT_FLAG values(1401, 'dpl');
insert into SHOT values (1402, 1402, 1406, 71, 25.520, 62.74, 6.00, 25.517, 62.75, 6.01, 0.005, 214.50, 31.66);
insert into SHOT values (1403, 1406, 1407, 71, 6.000, 60.24, 25.60, 6.003, 60.22, 25.56, 0.006, 28.68, -26.16);
insert into SHOT values (1404, 1406, 1408, 71, 23.760, 92.24, 57.00, 23.762, 92.21, 57.01, 0.007, 354.06, 25.27);
insert into SHOT values (1405, 1406, 1409, 71, 3.360, 190.24, 13.10, 3.359, 190.21, 13.08, 0.003, 78.92, -37.24);
insert into SHOT values (1406, 1406, 1410, 71, 3.730, 4.04, -6.60, 3.734, 4.02, -6.61, 0.004, 341.60, -17.17);
insert into SHOT values (1407, 1406, 1411, 71, 6.710, 116.04, 37.90, 6.709, 115.98, 37.88, 0.006, 31.46, -18.48);
insert into SHOT values (1408, 1411, 1412, 71, 13.920, 338.64, -0.50, 13.917, 338.63, -0.49, 0.004, 196.32, 20.87);
insert into SHOT values (1409, 1411, 1413, 71, 4.090, 268.94, 80.60, 4.095, 269.14, 80.58, 0.006, 317.59, 57.55);
insert into SHOT values (1410, 1411, 1414, 71, 16.500, 130.44, 74.30, 16.506, 130.46, 74.29, 0.007, 150.50, 53.57);
insert into SHOT values (1411, 1411, 1415, 71, 8.830, 139.04, 24.20, 8.829, 139.03, 24.21, 0.003, 16.99, 8.22);
insert into SHOT values (1412, 1411, 1416, 71, 17.670, 225.44, -0.90, 17.673, 225.44, -0.91, 0.005, 186.92, -30.25);
insert into SHOT values (1413, 1416, 1417, 71, 2.470, 342.14, 4.20, 2.476, 342.08, 4.17, 0.007, 318.56, -7.25);
insert into SHOT values (1414, 1416, 1418, 71, 4.770, 56.74, 77.20, 4.778, 56.61, 77.26, 0.009, 277.36, 66.30);
insert into SHOT values (1415, 1416, 1419, 71, 0.140, 172.04, -1.00, 0.132, 171.25, 0.00, 0.009, 4.14, 15.77);
insert into SHOT values (1416, 1416, 1420, 71, 1.490, 299.24, -66.40, 1.487, 299.98, -66.18, 0.010, 3.28, 32.05);
insert into SHOT values (1417, 1416, 1421, 71, 16.440, 50.34, 45.50, 16.445, 50.32, 45.50, 0.008, 347.42, 32.66);
insert into SHOT values (1418, 1416, 1422, 71, 16.560, 47.94, 44.50, 16.566, 47.92, 44.49, 0.009, 0.81, 20.07);
insert into SHOT values (1419, 1416, 1423, 71, 20.550, 29.74, 12.80, 20.551, 29.74, 12.82, 0.008, 292.84, 72.78);
insert into SHOT values (1420, 1416, 1424, 71, 36.960, 9.74, 6.70, 36.962, 9.74, 6.71, 0.009, 306.31, 66.97);
insert into SHOT values (1421, 1416, 1425, 71, 5.310, 224.04, -28.80, 5.300, 224.04, -28.76, 0.011, 46.29, 49.82);
insert into SHOT values (1422, 1425, 1426, 71, 1.840, 144.54, 18.30, 1.833, 144.58, 18.11, 0.009, 311.70, -59.85);
insert into SHOT values (1423, 1425, 1427, 71, 0.890, 246.34, 81.10, 0.882, 245.22, 80.65, 0.011, 219.22, -56.55);
insert into SHOT values (1424, 1425, 1428, 71, 0.160, 298.04, -14.80, 0.164, 296.57, -17.72, 0.010, 231.83, -64.19);
insert into SHOT values (1425, 1425, 1429, 71, 0.280, 214.94, -75.60, 0.289, 213.69, -75.56, 0.009, 182.27, -71.62);
insert into SHOT values (1426, 1425, 1430, 71, 6.960, 208.54, 10.80, 6.964, 208.55, 10.76, 0.007, 216.53, -38.04);
insert into SHOT values (1427, 1430, 1431, 71, 4.430, 128.14, -3.60, 4.432, 128.11, -3.62, 0.003, 75.25, -31.88);
insert into SHOT values (1428, 1430, 1432, 71, 1.040, 324.84, 7.60, 1.050, 324.78, 7.66, 0.010, 318.17, 14.29);
insert into SHOT values (1429, 1430, 1433, 71, 3.380, 202.74, -59.60, 3.380, 202.80, -59.75, 0.009, 9.71, -32.09);
insert into SHOT values (1430, 1430, 1434, 71, 3.320, 100.94, -25.80, 3.317, 100.82, -25.92, 0.010, 327.87, -29.68);
insert into SHOT values (1431, 1430, 1435, 71, 3.400, 207.04, -59.70, 3.400, 207.16, -59.84, 0.009, 359.63, -29.65);
insert into SHOT values (1432, 1430, 1436, 71, 4.570, 234.84, -24.70, 4.574, 234.90, -24.68, 0.006, 276.95, -3.61);
insert into SHOT values (1433, 1436, 1437, 71, 3.800, 120.34, 7.60, 3.798, 120.31, 7.57, 0.004, 347.82, -41.28);
insert into SHOT values (1434, 1436, 1438, 71, 1.850, 329.14, 23.90, 1.845, 329.33, 23.98, 0.008, 104.80, 3.61);
insert into SHOT values (1435, 1436, 1439, 71, 0.620, 81.44, 87.00, 0.621, 75.96, 86.20, 0.009, 56.83, 5.14);
insert into SHOT values (1436, 1436, 1440, 71, 1.570, 119.74, -68.60, 1.568, 119.25, -68.57, 0.005, 31.87, 19.52);
insert into SHOT values (1437, 1436, 1441, 71, 4.760, 186.44, 20.60, 4.751, 186.45, 20.58, 0.009, 0.57, -32.46);
insert into SHOT values (1438, 1441, 1442, 71, 5.340, 334.24, -15.70, 5.337, 334.28, -15.65, 0.006, 90.83, 52.35);
insert into SHOT values (1439, 1441, 1443, 71, 2.700, 156.14, 40.70, 2.712, 156.18, 40.74, 0.012, 164.94, 48.70);
insert into SHOT values (1440, 1441, 1444, 71, 2.330, 329.84, -54.40, 2.325, 329.83, -54.40, 0.005, 153.83, 55.60);
insert into SHOT values (1441, 1441, 1445, 71, 4.600, 96.94, 18.30, 4.606, 96.96, 18.35, 0.008, 112.96, 47.95);
insert into SHOT values (1442, 1445, 1446, 71, 1.440, 342.74, 5.90, 1.434, 342.45, 6.00, 0.010, 212.85, 11.88);
insert into SHOT values (1443, 1445, 1447, 71, 16.180, 312.84, 80.00, 16.176, 312.84, 80.00, 0.004, 176.18, -82.33);
insert into SHOT values (1444, 1445, 1448, 71, 0.230, 143.04, 45.10, 0.229, 142.43, 44.29, 0.004, 96.34, -50.45);
insert into SHOT values (1445, 1445, 1449, 71, 1.350, 4.44, -77.80, 1.350, 4.09, -77.99, 0.005, 205.42, -5.69);
insert into SHOT values (1446, 1445, 1450, 71, 4.390, 40.74, 43.60, 4.390, 40.66, 43.64, 0.006, 285.80, 26.55);
insert into SHOT values (1447, 1450, 1451, 71, 1.480, 277.44, 14.70, 1.478, 277.22, 14.49, 0.008, 185.32, -45.35);
insert into SHOT values (1448, 1450, 1452, 71, 2.160, 228.24, 71.20, 2.157, 227.89, 71.04, 0.008, 186.40, -36.35);
insert into SHOT values (1449, 1450, 1453, 71, 0.730, 119.74, 11.90, 0.732, 120.14, 11.82, 0.006, 182.05, -5.38);
insert into SHOT values (1450, 1450, 1454, 71, 0.830, 348.34, -61.00, 0.832, 348.41, -61.39, 0.006, 162.43, -43.43);
insert into SHOT values (1451, 1450, 1455, 71, 4.150, 343.54, 50.10, 4.145, 343.61, 50.11, 0.006, 126.04, -36.46);
insert into SHOT values (1452, 1455, 1456, 71, 11.510, 37.04, 17.20, 11.502, 37.05, 17.19, 0.008, 212.35, -26.48);
insert into SHOT values (1453, 1455, 1457, 71, 5.740, 220.84, 0.70, 5.736, 220.83, 0.70, 0.004, 62.33, -1.72);
insert into SHOT values (1454, 1455, 1458, 71, 8.480, 47.24, 82.10, 8.481, 47.43, 82.09, 0.004, 106.56, 6.24);
insert into SHOT values (1455, 1455, 1459, 71, 3.610, 126.64, -58.70, 3.604, 126.75, -58.71, 0.007, 262.36, 43.54);
insert into SHOT values (1456, 1455, 1460, 71, 3.780, 117.24, 3.60, 3.778, 117.31, 3.64, 0.006, 233.37, 27.83);
insert into SHOT values (1457, 1460, 1461, 71, 2.360, 119.24, 2.40, 2.361, 119.17, 2.43, 0.003, 53.48, 19.96);
insert into SHOT values (1458, 1460, 1462, 71, 3.810, 118.74, 3.60, 3.816, 118.72, 3.61, 0.006, 102.91, 7.03);
insert into SHOT values (1459, 1460, 1463, 71, 0.870, 145.24, 3.00, 0.869, 144.85, 2.64, 0.008, 51.08, -42.43);
insert into SHOT values (1460, 1460, 1464, 71, 4.600, 320.64, 8.20, 4.594, 320.71, 8.13, 0.009, 93.63, -40.18);
insert into SHOT values (1461, 1460, 1465, 71, 4.710, 306.24, 74.20, 4.707, 306.42, 74.22, 0.005, 67.41, -23.75);
insert into SHOT values (1462, 1460, 1466, 71, 20.280, 339.54, 55.40, 20.277, 339.57, 55.40, 0.006, 86.27, -34.59);
insert into SHOT values (1463, 1460, 1467, 71, 0.520, 230.24, -66.40, 0.522, 230.91, -66.76, 0.005, 0.82, -48.07);
insert into SHOT values (1464, 1460, 1468, 71, 16.040, 246.54, 14.80, 16.034, 246.54, 14.82, 0.007, 66.39, 20.83);
insert into SHOT values (1465, 1468, 1469, 71, 1.870, 203.04, -10.20, 1.868, 203.08, -10.49, 0.010, 6.73, -67.81);
insert into SHOT values (1466, 1468, 1470, 71, 1.730, 346.94, -1.90, 1.726, 346.93, -1.99, 0.005, 172.22, -31.02);
insert into SHOT values (1467, 1468, 1471, 71, 8.970, 325.04, 71.00, 8.969, 324.90, 70.99, 0.008, 242.79, -9.66);
insert into SHOT values (1468, 1468, 1472, 71, 2.420, 275.54, -58.80, 2.421, 275.48, -58.76, 0.003, 243.52, -0.42);
insert into SHOT values (1469, 1468, 1473, 71, 10.540, 246.74, -6.20, 10.544, 246.74, -6.21, 0.004, 227.63, -22.50);
insert into SHOT values (1470, 1473, 1474, 71, 1.600, 165.14, -2.50, 1.595, 165.09, -2.52, 0.005, 1.91, -2.37);
insert into SHOT values (1471, 1473, 1475, 71, 8.640, 15.54, 17.10, 8.643, 15.52, 17.09, 0.005, 323.13, -5.82);
insert into SHOT values (1472, 1473, 1476, 71, 7.920, 26.24, 82.00, 7.917, 26.33, 81.98, 0.004, 62.09, -44.94);
insert into SHOT values (1473, 1473, 1477, 71, 1.110, 233.64, -81.50, 1.112, 232.43, -81.52, 0.004, 142.11, -32.27);
insert into SHOT values (1474, 1473, 1478, 71, 1.530, 172.34, 2.90, 1.525, 172.46, 2.63, 0.009, 321.07, -52.51);
insert into SHOT values (1475, 1478, 1479, 71, 9.040, 6.74, 10.40, 9.042, 6.78, 10.45, 0.010, 89.63, 54.29);
insert into SHOT values (1476, 1478, 1480, 71, 3.660, 45.74, 81.20, 3.664, 46.43, 81.12, 0.010, 94.81, 18.93);
insert into SHOT values (1477, 1478, 1481, 71, 1.780, 311.64, -54.30, 1.773, 311.86, -54.32, 0.008, 92.03, 41.56);
insert into SHOT values (1478, 1478, 1482, 71, 13.110, 317.74, 54.20, 13.110, 317.75, 54.25, 0.011, 131.55, 37.31);
insert into SHOT values (1479, 1478, 1483, 71, 22.950, 261.34, -9.50, 22.942, 261.33, -9.48, 0.011, 114.54, 43.80);
insert into SHOT values (1480, 1478, 1484, 71, 30.790, 270.34, -11.10, 30.785, 270.34, -11.09, 0.009, 112.85, 64.18);
insert into SHOT values (1481, 1484, 1485, 71, 1.580, 210.94, 1.30, 1.583, 210.78, 1.09, 0.008, 156.92, -45.79);
insert into SHOT values (1482, 1484, 1486, 71, 1.430, 14.74, 21.70, 1.426, 14.88, 21.81, 0.005, 159.32, 13.52);
insert into SHOT values (1483, 1484, 1487, 71, 2.460, 8.04, 83.40, 2.456, 8.13, 83.39, 0.004, 85.17, -83.28);
insert into SHOT values (1484, 1484, 1488, 71, 11.500, 276.54, -1.00, 11.497, 276.54, -1.00, 0.003, 97.39, 11.82);
insert into SHOT values (1485, 1488, 1489, 71, 1.780, 226.14, 3.50, 1.778, 226.14, 3.22, 0.009, 49.60, -80.23);
insert into SHOT values (1486, 1488, 1490, 71, 2.580, 42.94, 9.10, 2.571, 42.93, 8.95, 0.011, 229.13, -47.43);
insert into SHOT values (1487, 1488, 1491, 71, 7.870, 76.34, 87.30, 7.869, 75.96, 87.30, 0.003, 354.28, -26.93);
insert into SHOT values (1488, 1488, 1492, 71, 1.230, 63.64, -71.40, 1.233, 64.09, -71.60, 0.006, 200.27, -43.69);
insert into SHOT values (1489, 1488, 1493, 71, 4.360, 334.44, -7.90, 4.367, 334.38, -7.90, 0.008, 299.13, -5.30);
insert into SHOT values (1490, 1493, 1494, 71, 3.320, 231.94, 1.00, 3.319, 231.85, 0.86, 0.010, 134.71, -56.03);
insert into SHOT values (1491, 1493, 1495, 71, 2.150, 140.44, 55.90, 2.151, 140.38, 55.85, 0.002, 105.32, -7.61);
insert into SHOT values (1492, 1493, 1496, 71, 3.290, 341.64, -71.20, 3.293, 341.74, -71.35, 0.009, 148.31, -36.70);
insert into SHOT values (1493, 1493, 1497, 71, 0.160, 37.94, 47.10, 0.153, 41.19, 45.98, 0.010, 152.79, -47.41);
insert into SHOT values (1494, 1493, 1498, 71, 0.390, 301.94, 14.90, 0.385, 300.70, 15.04, 0.009, 181.14, -1.72);
insert into SHOT values (1495, 1493, 1499, 71, 2.650, 299.94, -46.80, 2.653, 299.82, -46.99, 0.010, 160.94, -54.79);
insert into SHOT values (1496, 1499, 1500, 71, 0.800, 235.04, 6.80, 0.797, 235.30, 7.21, 0.007, 11.69, 45.19);
insert into SHOT values (1497, 1499, 1501, 71, 0.490, 25.74, 9.00, 0.494, 25.51, 9.32, 0.005, 357.01, 39.40);
insert into SHOT values (1498, 1499, 1502, 71, 1.950, 257.34, -62.30, 1.942, 257.20, -62.32, 0.008, 107.61, 54.58);
insert into SHOT values (1499, 1502, 1503, 71, 2.050, 123.64, 2.20, 2.043, 123.61, 2.24, 0.007, 312.62, 10.16);
insert into SHOT values (1500, 1502, 1504, 71, 1.580, 190.24, 83.40, 1.581, 189.46, 83.37, 0.003, 119.41, 10.13);
insert into SHOT values (1501, 1502, 1505, 71, 0.660, 194.94, -79.20, 0.662, 194.04, -79.23, 0.003, 105.12, -40.78);
insert into SHOT values (1502, 1502, 1506, 71, 2.790, 205.94, -38.20, 2.792, 205.98, -38.29, 0.005, 333.82, -69.23);
insert into SHOT values (1503, 1506, 1507, 71, 1.950, 39.04, -4.70, 1.948, 38.94, -4.71, 0.004, 278.15, -2.96);
insert into SHOT values (1504, 1506, 1508, 71, 1.360, 357.14, 86.00, 1.364, 354.29, 85.77, 0.008, 314.87, 24.00);
insert into SHOT values (1505, 1506, 1509, 71, 1.150, 334.44, -70.70, 1.144, 334.80, -70.82, 0.007, 126.21, 47.52);
insert into SHOT values (1506, 1506, 1510, 71, 6.800, 23.24, -42.10, 6.803, 23.21, -42.09, 0.004, 343.95, -14.47);
insert into SHOT values (1507, 1510, 1511, 71, 2.870, 230.64, 4.00, 2.870, 230.53, 4.00, 0.006, 140.04, -1.98);
insert into SHOT values (1508, 1510, 1512, 71, 1.080, 205.34, 61.80, 1.087, 205.56, 62.03, 0.008, 308.71, 76.45);
insert into SHOT values (1509, 1510, 1513, 71, 1.270, 280.44, -84.10, 1.267, 278.75, -84.04, 0.005, 203.80, 39.25);
insert into SHOT values (1510, 1510, 1514, 71, 7.060, 247.84, 19.20, 7.060, 247.78, 19.27, 0.011, 138.16, 47.62);
insert into SHOT values (1511, 1514, 1515, 71, 5.970, 36.54, 6.40, 5.971, 36.50, 6.35, 0.007, 323.84, -50.81);
insert into SHOT values (1512, 1514, 1516, 71, 18.910, 331.64, 84.00, 18.904, 331.62, 83.99, 0.007, 293.93, -78.39);
insert into SHOT values (1513, 1514, 1517, 71, 1.530, 352.24, -48.10, 1.529, 352.11, -48.19, 0.003, 220.86, -20.48);
insert into SHOT values (1514, 1514, 1518, 71, 7.010, 315.44, 36.80, 7.006, 315.43, 36.73, 0.009, 278.66, -78.73);
insert into SHOT values (1515, 1518, 1519, 71, 2.190, 228.04, 6.40, 2.188, 228.17, 6.56, 0.008, 342.99, 48.27);
insert into SHOT values (1516, 1518, 1520, 71, 6.190, 55.44, 1.70, 6.186, 55.41, 1.76, 0.009, 275.19, 48.17);
insert into SHOT values (1517, 1518, 1521, 71, 16.080, 61.24, 86.50, 16.080, 61.34, 86.51, 0.002, 194.88, -0.19);
insert into SHOT values (1518, 1518, 1522, 71, 8.750, 87.94, 35.10, 8.752, 87.92, 35.16, 0.010, 307.13, 58.80);
insert into SHOT values (1519, 1518, 1523, 71, 5.180, 136.64, 22.40, 5.176, 136.69, 22.49, 0.010, 285.63, 36.49);
insert into SHOT values (1520, 1518, 1524, 71, 22.690, 101.84, 49.10, 22.698, 101.85, 49.12, 0.010, 164.53, 85.10);
insert into SHOT values (1521, 1518, 1525, 71, 18.890, 297.44, 53.10, 18.896, 297.45, 53.09, 0.007, 301.05, 37.15);
insert into SHOT values (1522, 1518, 1526, 71, 6.790, 308.54, -3.20, 6.799, 308.54, -3.12, 0.013, 306.45, 43.60);
insert into SHOT values (1523, 1526, 1527, 71, 7.480, 225.54, 1.90, 7.478, 225.49, 1.84, 0.011, 123.98, -46.88);
insert into SHOT values (1524, 1526, 1528, 71, 5.910, 253.84, 82.30, 5.903, 253.86, 82.30, 0.007, 60.19, -84.25);
insert into SHOT values (1525, 1526, 1529, 71, 6.160, 286.14, -11.30, 6.158, 286.15, -11.33, 0.004, 80.69, -50.96);
insert into SHOT values (1526, 1526, 1530, 71, 1.630, 276.44, -72.90, 1.630, 276.07, -73.14, 0.008, 121.22, -15.71);
insert into SHOT values (1527, 1526, 1531, 71, 13.690, 289.84, 14.00, 13.686, 289.85, 14.00, 0.005, 80.01, -22.34);
insert into SHOT values (1528, 1526, 1532, 71, 1.120, 300.94, -6.20, 1.115, 300.96, -6.69, 0.011, 117.04, -58.31);
insert into SHOT values (1529, 1526, 1533, 71, 7.790, 297.54, 1.70, 7.786, 297.55, 1.69, 0.004, 100.67, -15.11);
insert into SHOT values (1530, 1526, 1534, 71, 12.880, 126.34, 7.70, 12.890, 126.34, 7.67, 0.012, 122.21, -28.20);
insert into SHOT values (1531, 1526, 1535, 71, 5.040, 257.84, 83.60, 5.031, 257.47, 83.69, 0.013, 100.46, -42.54);
insert into SHOT values (1532, 1526, 1536, 71, 1.550, 272.54, -63.30, 1.552, 272.49, -63.58, 0.008, 99.02, -42.13);
insert into SHOT values (1533, 1526, 1537, 71, 11.130, 196.54, 54.50, 11.131, 196.53, 54.48, 0.005, 174.43, -14.20);
insert into SHOT values (1534, 1526, 1538, 71, 11.110, 156.34, 35.60, 11.112, 156.33, 35.55, 0.011, 135.90, -43.84);
insert into SHOT values (1535, 1526, 1539, 71, 3.820, 205.24, 3.30, 3.818, 205.15, 3.30, 0.006, 94.82, 0.94);
insert into SHOT values (1536, 1539, 1540, 71, 5.040, 11.54, 1.50, 5.034, 11.58, 1.48, 0.007, 164.77, -16.35);
insert into SHOT values (1537, 1539, 1541, 71, 16.510, 62.24, 82.00, 16.510, 62.21, 82.01, 0.003, 268.74, 11.32);
insert into SHOT values (1538, 1539, 1542, 71, 1.490, 302.94, -73.70, 1.489, 302.15, -73.88, 0.007, 172.72, 0.84);
insert into SHOT values (1539, 1539, 1543, 71, 5.390, 221.94, -30.50, 5.399, 221.95, -30.50, 0.009, 225.67, -28.29);
insert into SHOT values (1540, 1539, 1544, 71, 0.530, 222.04, -29.80, 0.533, 222.36, -30.41, 0.007, 307.81, -69.09);
insert into SHOT values (1541, 1539, 1545, 71, 5.800, 226.44, -29.80, 5.807, 226.45, -29.85, 0.008, 232.90, -67.10);
insert into SURVEY values (73, 55, 'GL102_Amont_01', 'GL102_Amont_01.Gouffre_du_Lonne_Peyret', 'GL102 - Gouffre du Lonne Peyret - Amonts');
 insert into CENTRELINE values (74, 73, NULL, NULL, NULL, 0.00, 0.00, 0.00);
 insert into CENTRELINE values (75, 73, NULL, '2024-08-15', '2024-01-01', 485.79, 0.00, 0.00);
 insert into TOPO values (10, 75);
 insert into TOPO values (11, 75);
 insert into EXPLO values (3, 75);
 insert into EXPLO values (12, 75);
 insert into EXPLO values (5, 75);
 insert into SHOT values (1542, 1546, 1547, 75, 2.750, 126.75, -1.60, 2.745, 126.70, -1.46, 0.009, 329.50, 51.84);
insert into SHOT values (1543, 1546, 1548, 75, 2.970, 149.25, 78.70, 2.978, 149.04, 78.71, 0.008, 87.18, 72.32);
insert into SHOT values (1544, 1546, 1549, 75, 4.260, 311.75, 11.40, 4.262, 311.70, 11.37, 0.005, 263.77, -25.04);
insert into SHOT values (1545, 1546, 1550, 75, 1.930, 217.75, -86.40, 1.924, 221.63, -86.41, 0.010, 315.05, 36.95);
insert into SHOT values (1546, 1546, 1551, 75, 14.860, 62.75, 39.40, 14.861, 62.74, 39.39, 0.003, 50.89, -39.80);
insert into SHOT values (1547, 1546, 1552, 75, 9.230, 44.55, 44.00, 9.234, 44.51, 43.96, 0.009, 17.26, -11.31);
insert into SHOT values (1548, 1546, 1553, 75, 11.700, 24.95, 61.80, 11.702, 24.90, 61.77, 0.007, 345.05, -9.84);
insert into SHOT values (1549, 1546, 1554, 75, 7.340, 336.85, 66.70, 7.339, 336.88, 66.70, 0.002, 70.80, -39.59);
insert into SHOT values (1550, 1546, 1555, 75, 6.550, 15.55, 26.00, 6.557, 15.54, 25.96, 0.009, 14.87, -8.84);
insert into SHOT values (1551, 1546, 1556, 75, 3.420, 355.65, 15.80, 3.418, 355.64, 15.79, 0.002, 187.21, -42.71);
insert into SHOT values (1552, 1546, 1557, 75, 4.680, 198.05, -4.90, 4.678, 198.12, -4.90, 0.007, 302.48, -2.17);
insert into SHOT values (1553, 1546, 1558, 75, 24.810, 234.25, -2.70, 24.808, 234.24, -2.70, 0.002, 71.79, -34.78);
insert into SHOT values (1554, 1546, 1559, 75, 16.920, 261.25, 2.90, 16.918, 261.25, 2.91, 0.005, 38.98, 59.39);
insert into SHOT values (1555, 1546, 1560, 75, 26.280, 246.95, 8.60, 26.279, 246.96, 8.60, 0.006, 352.58, 2.17);
insert into SHOT values (1556, 1546, 1561, 75, 11.480, 225.25, -34.30, 11.479, 225.30, -34.31, 0.009, 322.89, -4.64);
insert into SHOT values (1557, 1561, 1562, 75, 4.870, 104.55, 6.60, 4.878, 104.58, 6.59, 0.009, 124.15, 1.65);
insert into SHOT values (1558, 1561, 1563, 75, 16.370, 268.75, 8.20, 16.362, 268.73, 8.22, 0.012, 121.59, 26.68);
insert into SHOT values (1559, 1561, 1564, 75, 14.990, 246.45, 84.10, 14.989, 246.26, 84.10, 0.005, 149.73, -6.90);
insert into SHOT values (1560, 1561, 1565, 75, 0.400, 106.95, -55.30, 0.403, 107.65, -55.02, 0.004, 149.06, -15.11);
insert into SHOT values (1561, 1561, 1566, 75, 16.810, 267.25, 7.50, 16.804, 267.25, 7.52, 0.009, 83.40, 39.97);
insert into SHOT values (1562, 1561, 1567, 75, 2.760, 322.05, 19.20, 2.755, 322.03, 19.29, 0.006, 149.59, 21.04);
insert into SHOT values (1563, 1561, 1568, 75, 5.860, 336.75, 47.00, 5.860, 336.84, 47.06, 0.009, 103.22, 27.86);
insert into SHOT values (1564, 1561, 1569, 75, 4.770, 92.15, 12.10, 4.769, 92.21, 12.10, 0.005, 188.02, 1.26);
insert into SHOT values (1565, 1561, 1570, 75, 10.340, 56.05, 42.30, 10.344, 56.08, 42.29, 0.007, 103.50, 9.25);
insert into SHOT values (1566, 1561, 1571, 75, 19.840, 43.35, 39.70, 19.845, 43.35, 39.71, 0.007, 114.33, 70.88);
insert into SHOT values (1567, 1561, 1572, 75, 13.330, 190.75, 37.70, 13.340, 190.70, 37.71, 0.013, 140.58, 39.05);
insert into SHOT values (1568, 1561, 1573, 75, 11.210, 154.05, -12.70, 11.217, 154.04, -12.67, 0.009, 151.11, 28.62);
insert into SHOT values (1569, 1573, 1574, 75, 3.880, 19.75, -5.40, 3.883, 19.65, -5.47, 0.008, 310.81, -36.13);
insert into SHOT values (1570, 1573, 1575, 75, 0.940, 184.35, -77.10, 0.944, 185.44, -77.09, 0.006, 259.65, -41.80);
insert into SHOT values (1571, 1573, 1576, 75, 0.310, 27.75, 72.00, 0.306, 23.96, 71.24, 0.008, 318.62, -34.76);
insert into SHOT values (1572, 1573, 1577, 75, 0.320, 210.85, 18.00, 0.321, 211.61, 18.14, 0.004, 288.05, 14.99);
insert into SHOT values (1573, 1573, 1578, 75, 4.400, 352.85, 56.70, 4.404, 352.87, 56.69, 0.004, 15.26, 37.24);
insert into SHOT values (1574, 1573, 1579, 75, 5.720, 38.05, -30.60, 5.719, 37.99, -30.59, 0.005, 302.26, 18.73);
insert into SHOT values (1575, 1573, 1580, 75, 10.600, 97.55, -1.20, 10.604, 97.53, -1.19, 0.005, 67.58, 24.16);
insert into SHOT values (1576, 1573, 1581, 75, 6.000, 133.25, 14.70, 5.997, 133.18, 14.68, 0.007, 22.16, -20.74);
insert into SHOT values (1577, 1573, 1582, 75, 24.390, 68.65, -0.20, 24.394, 68.65, -0.21, 0.007, 103.48, -46.02);
insert into SHOT values (1578, 1573, 1583, 75, 10.260, 60.95, 0.60, 10.265, 60.91, 0.61, 0.008, 11.76, 18.12);
insert into SHOT values (1579, 1573, 1584, 75, 7.320, 75.95, -33.00, 7.325, 75.96, -33.00, 0.006, 99.65, -34.26);
insert into SHOT values (1580, 1573, 1585, 75, 5.130, 70.35, -50.60, 5.138, 70.29, -50.60, 0.008, 36.27, -44.52);
insert into SHOT values (1581, 1573, 1586, 75, 21.730, 65.65, -1.10, 21.728, 65.64, -1.11, 0.004, 285.56, -45.44);
insert into SHOT values (1582, 1586, 1587, 75, 4.510, 350.35, 10.30, 4.515, 350.41, 10.33, 0.008, 36.85, 27.57);
insert into SHOT values (1583, 1586, 1588, 75, 6.160, 191.15, -0.60, 6.156, 191.15, -0.56, 0.006, 11.58, 51.76);
insert into SHOT values (1584, 1586, 1589, 75, 15.020, 293.05, 85.90, 15.019, 292.99, 85.89, 0.002, 257.72, -40.05);
insert into SHOT values (1585, 1586, 1590, 75, 2.940, 207.65, -65.00, 2.934, 207.39, -65.03, 0.008, 84.36, 34.72);
insert into SHOT values (1586, 1586, 1591, 75, 4.250, 278.75, -3.70, 4.249, 278.82, -3.64, 0.007, 19.63, 38.09);
insert into SHOT values (1587, 1586, 1592, 75, 5.460, 254.95, -0.50, 5.458, 254.92, -0.52, 0.004, 128.50, -37.30);
insert into SHOT values (1588, 1586, 1593, 75, 10.580, 216.25, -3.80, 10.576, 216.25, -3.80, 0.004, 23.63, 15.57);
insert into SHOT values (1589, 1586, 1594, 75, 7.480, 8.65, 23.00, 7.482, 8.68, 22.97, 0.006, 59.86, -25.05);
insert into SHOT values (1590, 1586, 1595, 75, 9.820, 48.45, -5.20, 9.823, 48.44, -5.20, 0.003, 29.24, 0.20);
insert into SHOT values (1591, 1586, 1596, 75, 7.420, 27.35, -13.20, 7.423, 27.35, -13.16, 0.006, 25.61, 49.80);
insert into SHOT values (1592, 1586, 1597, 75, 6.010, 55.35, -24.80, 6.015, 55.29, -24.77, 0.008, 15.20, 6.44);
insert into SHOT values (1593, 1586, 1598, 75, 19.000, 147.95, 46.40, 19.000, 147.91, 46.40, 0.008, 49.45, 5.23);
insert into SHOT values (1594, 1586, 1599, 75, 16.560, 171.35, 65.20, 16.555, 171.30, 65.22, 0.009, 34.41, -18.13);
insert into SHOT values (1595, 1586, 1600, 75, 9.860, 47.35, 0.50, 9.859, 47.34, 0.52, 0.004, 246.11, 69.72);
insert into SHOT values (1596, 1600, 1601, 75, 3.510, 356.45, 87.30, 3.504, 356.63, 87.21, 0.008, 2.87, -50.78);
insert into SHOT values (1597, 1600, 1602, 75, 3.600, 171.25, 13.60, 3.592, 171.10, 13.53, 0.013, 41.97, -30.26);
insert into SHOT values (1598, 1600, 1603, 75, 2.580, 130.95, -77.00, 2.586, 130.82, -77.01, 0.006, 78.00, -74.81);
insert into SHOT values (1599, 1600, 1604, 75, 0.680, 335.15, 21.80, 0.683, 335.85, 21.47, 0.009, 37.08, -15.86);
insert into SHOT values (1600, 1600, 1605, 75, 5.970, 12.75, 54.70, 5.972, 12.87, 54.63, 0.011, 59.64, -12.82);
insert into SHOT values (1601, 1600, 1606, 75, 7.880, 273.45, 41.80, 7.876, 273.52, 41.80, 0.008, 28.34, -16.15);
insert into SHOT values (1602, 1600, 1607, 75, 10.210, 158.35, 13.30, 10.207, 158.32, 13.31, 0.006, 35.56, 11.09);
insert into SHOT values (1603, 1600, 1608, 75, 6.570, 67.55, 5.60, 6.577, 67.55, 5.58, 0.008, 69.76, -8.44);
insert into SHOT values (1604, 1600, 1609, 75, 12.190, 151.45, 10.80, 12.186, 151.40, 10.78, 0.011, 40.56, -22.59);
insert into SHOT values (1605, 1609, 1610, 75, 2.090, 79.05, 13.00, 2.089, 79.24, 13.00, 0.007, 174.50, -1.21);
insert into SHOT values (1606, 1609, 1611, 75, 0.540, 293.55, 79.20, 0.541, 291.80, 78.51, 0.007, 266.66, -3.43);
insert into SHOT values (1607, 1609, 1612, 75, 0.220, 239.55, 19.90, 0.226, 238.57, 20.77, 0.007, 198.03, 43.36);
insert into SHOT values (1608, 1609, 1613, 75, 0.390, 143.95, -54.40, 0.394, 145.62, -54.27, 0.008, 209.26, -21.34);
insert into SHOT values (1609, 1609, 1614, 75, 10.000, 163.95, 15.40, 10.004, 163.99, 15.42, 0.009, 230.73, 29.17);
insert into SHOT values (1610, 1609, 1615, 75, 6.800, 172.35, 27.90, 6.802, 172.35, 27.87, 0.004, 186.27, -25.89);
insert into SHOT values (1611, 1609, 1616, 75, 4.300, 99.65, -18.20, 4.293, 99.74, -18.19, 0.010, 232.13, 18.61);
insert into SHOT values (1612, 1609, 1617, 75, 2.900, 56.55, -19.40, 2.893, 56.66, -19.38, 0.009, 195.37, 21.72);
insert into SHOT values (1613, 1609, 1618, 75, 0.590, 28.15, -8.80, 0.584, 27.90, -8.86, 0.007, 230.80, 2.30);
insert into SHOT values (1614, 1609, 1619, 75, 3.120, 61.55, -35.00, 3.112, 61.62, -35.11, 0.010, 222.34, -2.43);
insert into SHOT values (1615, 1609, 1620, 75, 7.850, 136.45, -27.30, 7.849, 136.51, -27.30, 0.008, 234.79, 2.87);
insert into SHOT values (1616, 1620, 1621, 75, 2.860, 58.95, 5.80, 2.863, 58.93, 5.81, 0.003, 47.53, 16.51);
insert into SHOT values (1617, 1620, 1622, 75, 1.550, 233.95, 7.10, 1.544, 234.03, 7.07, 0.007, 33.71, -14.06);
insert into SHOT values (1618, 1620, 1623, 75, 0.850, 167.15, 78.00, 0.848, 166.76, 78.12, 0.003, 16.59, -30.75);
insert into SHOT values (1619, 1620, 1624, 75, 1.010, 82.15, -54.50, 1.008, 82.15, -54.47, 0.002, 261.70, 65.70);
insert into SHOT values (1620, 1620, 1625, 75, 8.140, 103.45, 2.20, 8.139, 103.44, 2.18, 0.003, 322.76, -55.08);
insert into SHOT values (1621, 1620, 1626, 75, 2.590, 16.25, 0.50, 2.595, 16.34, 0.44, 0.007, 57.18, -21.87);
insert into SHOT values (1622, 1620, 1627, 75, 3.340, 289.95, 21.20, 3.334, 289.95, 21.28, 0.008, 107.60, 16.12);
insert into SHOT values (1623, 1620, 1628, 75, 0.940, 222.25, 42.20, 0.932, 222.05, 42.53, 0.010, 56.10, -8.19);
insert into SHOT values (1624, 1620, 1629, 75, 12.990, 110.55, 2.70, 12.988, 110.53, 2.69, 0.004, 356.76, -26.21);
insert into SHOT values (1625, 1629, 1630, 75, 2.420, 10.15, -3.40, 2.413, 10.28, -3.33, 0.010, 150.78, 21.10);
insert into SHOT values (1626, 1629, 1631, 75, 1.130, 91.15, -74.40, 1.124, 91.85, -73.98, 0.011, 122.40, 48.84);
insert into SHOT values (1627, 1629, 1632, 75, 3.450, 30.65, 51.00, 3.446, 30.83, 51.05, 0.009, 157.41, -7.66);
insert into SHOT values (1628, 1629, 1633, 75, 3.840, 82.45, 14.20, 3.842, 82.44, 14.32, 0.008, 329.31, 84.95);
insert into SHOT values (1629, 1629, 1634, 75, 11.040, 71.95, 12.70, 11.039, 71.99, 12.72, 0.008, 177.33, 20.48);
insert into SHOT values (1630, 1629, 1635, 75, 8.780, 91.45, 21.60, 8.782, 91.47, 21.65, 0.009, 191.80, 62.49);
insert into SHOT values (1631, 1635, 1636, 75, 3.680, 22.85, 8.70, 3.680, 22.97, 8.60, 0.010, 106.65, -39.69);
insert into SHOT values (1632, 1635, 1637, 75, 6.460, 198.55, 23.80, 6.451, 198.47, 23.77, 0.013, 69.65, -33.01);
insert into SHOT values (1633, 1635, 1638, 75, 3.830, 80.45, 85.50, 3.822, 80.54, 85.44, 0.009, 88.07, -65.86);
insert into SHOT values (1634, 1635, 1639, 75, 0.800, 83.05, -72.90, 0.807, 82.87, -72.56, 0.009, 76.84, -38.80);
insert into SHOT values (1635, 1635, 1640, 75, 8.620, 282.55, -7.20, 8.613, 282.57, -7.20, 0.008, 73.53, 2.61);
insert into SHOT values (1636, 1635, 1641, 75, 5.320, 308.15, -16.70, 5.316, 308.22, -16.73, 0.008, 70.56, -9.00);
insert into SHOT values (1637, 1635, 1642, 75, 4.690, 257.25, -12.80, 4.690, 257.24, -12.81, 0.001, 118.68, -53.54);
insert into SHOT values (1638, 1635, 1643, 75, 2.830, 215.95, 4.20, 2.822, 215.89, 4.06, 0.011, 54.07, -40.82);
insert into SHOT values (1639, 1635, 1644, 75, 17.210, 77.65, 3.80, 17.214, 77.66, 3.80, 0.007, 126.37, -4.82);
insert into SHOT values (1640, 1635, 1645, 75, 8.920, 86.65, -19.00, 8.922, 86.67, -19.04, 0.007, 173.02, -59.66);
insert into SHOT values (1641, 1635, 1646, 75, 7.990, 36.35, -26.10, 7.997, 36.39, -26.12, 0.009, 84.87, -32.87);
insert into SHOT values (1642, 1635, 1647, 75, 7.030, 1.25, -38.50, 7.032, 1.25, -38.53, 0.004, 139.34, -81.25);
insert into SHOT values (1643, 1635, 1648, 75, 37.840, 128.95, 28.00, 37.840, 128.94, 27.99, 0.007, 73.38, -41.84);
insert into SHOT values (1644, 1648, 1649, 75, 0.530, 189.25, 19.70, 0.528, 189.27, 19.93, 0.003, 3.94, 28.16);
insert into SHOT values (1645, 1648, 1650, 75, 4.980, 16.15, 7.30, 4.974, 16.12, 7.28, 0.007, 217.14, -24.80);
insert into SHOT values (1646, 1648, 1651, 75, 4.470, 108.05, 83.70, 4.467, 107.70, 83.66, 0.005, 61.66, -36.18);
insert into SHOT values (1647, 1648, 1652, 75, 0.620, 26.15, -43.00, 0.620, 26.00, -42.64, 0.004, 3.64, 43.76);
insert into SHOT values (1648, 1648, 1653, 75, 9.860, 79.35, 34.90, 9.861, 79.38, 34.89, 0.006, 151.87, -13.31);
insert into SHOT values (1649, 1648, 1654, 75, 5.520, 330.85, 39.60, 5.517, 330.84, 39.64, 0.005, 155.51, 16.35);
insert into SHOT values (1650, 1648, 1655, 75, 7.990, 323.35, 1.60, 7.993, 323.35, 1.58, 0.004, 321.64, -44.28);
insert into SHOT values (1651, 1648, 1656, 75, 11.720, 323.05, -22.50, 11.716, 323.03, -22.48, 0.006, 191.49, 61.04);
insert into SHOT values (1652, 1648, 1657, 75, 0.340, 255.55, 13.60, 0.339, 255.96, 13.63, 0.002, 0.16, 1.19);
insert into SHOT values (1653, 1648, 1658, 75, 14.280, 279.65, 4.90, 14.283, 279.63, 4.90, 0.005, 219.91, 2.71);
insert into SHOT values (1654, 1648, 1659, 75, 6.720, 144.45, 41.20, 6.720, 144.42, 41.24, 0.005, 359.17, 45.21);
insert into SHOT values (1655, 1648, 1660, 75, 6.590, 92.15, 24.20, 6.593, 92.19, 24.18, 0.006, 145.84, -13.17);
insert into SHOT values (1656, 1660, 1661, 75, 3.320, 14.25, -0.50, 3.320, 14.12, -0.52, 0.007, 287.65, -8.00);
insert into SHOT values (1657, 1660, 1662, 75, 5.420, 200.85, 8.60, 5.413, 200.91, 8.61, 0.009, 340.36, -3.14);
insert into SHOT values (1658, 1660, 1663, 75, 2.960, 298.65, 84.90, 2.962, 299.48, 84.88, 0.004, 13.41, 23.43);
insert into SHOT values (1659, 1660, 1664, 75, 0.250, 173.65, -79.30, 0.243, 180.00, -80.54, 0.010, 320.04, 35.25);
insert into SHOT values (1660, 1660, 1665, 75, 19.730, 268.85, -13.00, 19.730, 268.87, -13.01, 0.007, 3.35, -13.37);
insert into SHOT values (1661, 1660, 1666, 75, 16.190, 305.25, -19.20, 16.195, 305.26, -19.18, 0.009, 333.18, 30.25);
insert into SHOT values (1662, 1660, 1667, 75, 16.440, 289.05, -5.10, 16.443, 289.07, -5.09, 0.007, 346.99, 12.13);
insert into SHOT values (1663, 1660, 1668, 75, 10.450, 117.65, 16.30, 10.443, 117.64, 16.29, 0.007, 309.17, -25.31);
insert into SHOT values (1664, 1660, 1669, 75, 5.040, 58.15, 1.70, 5.041, 58.14, 1.70, 0.002, 36.33, 17.00);
insert into SHOT values (1665, 1660, 1670, 75, 4.280, 79.95, -5.50, 4.276, 79.85, -5.50, 0.008, 322.05, 1.59);
insert into SHOT values (1666, 1660, 1671, 75, 3.770, 98.25, 4.70, 3.760, 98.13, 4.73, 0.012, 316.33, 5.08);
insert into SHOT values (1667, 1671, 1672, 75, 2.760, 19.25, -4.70, 2.755, 19.36, -4.79, 0.009, 154.73, -26.48);
insert into SHOT values (1668, 1671, 1673, 75, 3.290, 194.75, 17.80, 3.290, 194.61, 17.88, 0.009, 95.20, 30.09);
insert into SHOT values (1669, 1671, 1674, 75, 2.550, 54.05, 83.20, 2.548, 55.78, 83.19, 0.009, 142.45, -12.67);
insert into SHOT values (1670, 1671, 1675, 75, 0.760, 85.75, -65.30, 0.761, 86.42, -65.08, 0.005, 137.19, 5.49);
insert into SHOT values (1671, 1671, 1676, 75, 3.270, 61.65, -32.00, 3.273, 61.87, -31.91, 0.012, 126.20, 13.44);
insert into SHOT values (1672, 1671, 1677, 75, 4.740, 61.75, -32.20, 4.744, 61.90, -32.23, 0.012, 141.55, -20.52);
insert into SHOT values (1673, 1671, 1678, 75, 4.740, 61.85, -32.00, 4.741, 61.97, -31.97, 0.009, 138.80, 11.54);
insert into SHOT values (1674, 1671, 1679, 75, 0.370, 20.95, 7.90, 0.371, 22.38, 7.74, 0.009, 104.18, -5.27);
insert into SHOT values (1675, 1671, 1680, 75, 2.750, 189.45, 6.20, 2.752, 189.26, 6.26, 0.010, 109.97, 18.01);
insert into SHOT values (1676, 1671, 1681, 75, 3.710, 172.85, 77.20, 3.713, 172.36, 77.13, 0.009, 120.25, 13.95);
insert into SHOT values (1677, 1671, 1682, 75, 1.820, 127.05, -65.00, 1.824, 127.16, -64.76, 0.009, 137.36, -3.31);
insert into SHOT values (1678, 1671, 1683, 75, 10.400, 95.05, -28.00, 10.402, 95.06, -27.98, 0.005, 128.71, 33.68);
insert into SHOT values (1679, 1683, 1684, 75, 0.630, 190.65, 8.60, 0.626, 190.22, 8.26, 0.007, 66.62, -37.26);
insert into SHOT values (1680, 1683, 1685, 75, 0.340, 356.65, 22.30, 0.337, 356.31, 22.71, 0.004, 201.59, 12.80);
insert into SHOT values (1681, 1683, 1686, 75, 7.980, 213.75, 74.00, 7.979, 213.69, 74.00, 0.002, 118.39, -21.97);
insert into SHOT values (1682, 1683, 1687, 75, 0.360, 6.05, -61.00, 0.363, 6.71, -61.86, 0.006, 155.57, -52.72);
insert into SHOT values (1683, 1683, 1688, 75, 2.030, 170.25, 39.40, 2.035, 170.12, 39.35, 0.006, 133.53, 14.36);
insert into SHOT values (1684, 1683, 1689, 75, 9.940, 86.75, -24.10, 9.941, 86.78, -24.10, 0.005, 168.17, -13.03);
insert into SHOT values (1685, 1689, 1690, 75, 1.670, 2.85, 0.20, 1.672, 2.74, 0.34, 0.005, 305.38, 49.40);
insert into SHOT values (1686, 1689, 1691, 75, 0.340, 188.05, 11.10, 0.339, 188.62, 10.19, 0.006, 276.14, -58.68);
insert into SHOT values (1687, 1689, 1692, 75, 8.340, 154.45, 70.60, 8.344, 154.36, 70.59, 0.006, 98.64, 34.71);
insert into SHOT values (1688, 1689, 1693, 75, 1.710, 26.05, -32.90, 1.711, 26.03, -32.94, 0.001, 278.19, -69.87);
insert into SHOT values (1689, 1689, 1694, 75, 7.070, 92.15, 10.90, 7.073, 92.15, 10.92, 0.004, 91.05, 51.97);
insert into SHOT values (1690, 1694, 1695, 75, 14.100, 92.45, 10.90, 14.096, 92.44, 10.88, 0.007, 286.28, -63.39);
insert into SHOT values (1691, 1694, 1696, 75, 0.910, 2.65, -2.70, 0.912, 2.52, -3.14, 0.008, 315.25, -68.66);
insert into SHOT values (1692, 1694, 1697, 75, 2.490, 192.55, 29.60, 2.487, 192.56, 29.64, 0.003, 5.03, 1.45);
insert into SHOT values (1693, 1694, 1698, 75, 10.370, 165.15, 68.20, 10.362, 165.10, 68.19, 0.009, 48.95, -66.59);
insert into SHOT values (1694, 1694, 1699, 75, 2.400, 30.85, -58.00, 2.403, 30.81, -58.11, 0.005, 227.66, -58.83);
insert into SHOT values (1695, 1694, 1700, 75, 20.850, 93.95, -4.80, 20.853, 93.95, -4.81, 0.006, 95.94, -65.80);
insert into SHOT values (1696, 1694, 1701, 75, 21.200, 98.85, 4.70, 21.202, 98.85, 4.68, 0.008, 108.64, -68.84);
insert into SHOT values (1697, 1694, 1702, 75, 11.550, 93.85, -4.00, 11.544, 93.83, -4.02, 0.008, 295.40, -33.36);
insert into SHOT values (1698, 1694, 1703, 75, 11.650, 93.95, -3.90, 11.645, 93.95, -3.94, 0.009, 268.26, -54.33);
insert into SHOT values (1699, 1694, 1704, 75, 4.080, 94.05, -4.30, 4.081, 93.95, -4.36, 0.008, 12.96, -29.44);
insert into SHOT values (1700, 1694, 1705, 75, 12.540, 90.15, -4.20, 12.534, 90.14, -4.21, 0.007, 286.39, -13.67);
insert into SHOT values (1701, 1705, 1706, 75, 4.320, 206.35, 12.00, 4.321, 206.26, 12.02, 0.006, 122.11, 16.30);
insert into SHOT values (1702, 1705, 1707, 75, 1.150, 40.55, 18.40, 1.150, 40.54, 18.24, 0.003, 38.96, -70.89);
insert into SHOT values (1703, 1705, 1708, 75, 1.890, 247.65, -65.20, 1.892, 247.66, -65.35, 0.006, 64.64, -50.63);
insert into SHOT values (1704, 1705, 1709, 75, 5.560, 207.15, 77.00, 5.562, 207.18, 77.04, 0.004, 12.48, 39.57);
insert into SHOT values (1705, 1648, 1710, 75, 24.380, 278.45, -8.50, 24.379, 278.44, -8.49, 0.004, 154.61, 65.28);
insert into SHOT values (1706, 1710, 1711, 75, 8.740, 344.95, -4.10, 8.743, 344.91, -4.13, 0.008, 285.04, -40.59);
insert into SHOT values (1707, 1710, 1712, 75, 3.010, 156.65, 9.60, 3.007, 156.55, 9.57, 0.006, 36.74, -18.60);
insert into SHOT values (1708, 1710, 1713, 75, 0.840, 117.75, 84.60, 0.834, 119.74, 84.45, 0.007, 179.32, -62.98);
insert into SHOT values (1709, 1710, 1714, 75, 1.320, 134.05, -65.80, 1.327, 134.26, -65.77, 0.007, 164.34, -56.60);
insert into SHOT values (1710, 1710, 1715, 75, 19.070, 76.65, 7.00, 19.073, 76.65, 6.99, 0.006, 113.84, -43.29);
insert into SHOT values (1711, 1710, 1716, 75, 13.600, 61.75, 9.30, 13.595, 61.75, 9.27, 0.009, 212.94, -62.72);
insert into SHOT values (1712, 1710, 1717, 75, 8.180, 35.35, 9.70, 8.180, 35.31, 9.71, 0.006, 304.79, 17.53);
insert into SHOT values (1713, 1710, 1718, 75, 7.400, 20.15, 9.70, 7.400, 20.12, 9.65, 0.007, 313.02, -66.08);
insert into SHOT values (1714, 1710, 1719, 75, 0.170, 346.15, 4.50, 0.175, 346.76, 3.28, 0.006, 6.08, -31.32);
insert into SHOT values (1715, 1710, 1720, 75, 9.070, 338.65, 2.90, 9.074, 338.64, 2.91, 0.004, 335.88, 16.34);
insert into SHOT values (1716, 1710, 1721, 75, 6.280, 324.85, -15.40, 6.283, 324.81, -15.42, 0.005, 266.89, -30.29);
insert into SHOT values (1717, 1710, 1722, 75, 3.120, 292.35, 3.70, 3.119, 292.28, 3.68, 0.004, 184.74, -19.65);
insert into SHOT values (1718, 1710, 1723, 75, 6.530, 258.95, -2.90, 6.529, 258.95, -2.90, 0.001, 56.02, 25.77);
insert into SHOT values (1719, 1710, 1724, 75, 3.300, 231.85, -1.60, 3.298, 231.77, -1.74, 0.009, 118.28, -60.28);
insert into SHOT values (1720, 1710, 1725, 75, 2.330, 182.35, 3.80, 2.327, 182.47, 3.70, 0.007, 301.19, -38.00);
insert into SHOT values (1721, 1710, 1726, 75, 17.750, 117.65, 20.10, 17.743, 117.64, 20.11, 0.007, 307.36, 0.31);
insert into SHOT values (1722, 1710, 1727, 75, 17.600, 273.45, -1.30, 17.597, 273.45, -1.30, 0.004, 56.68, -9.12);
insert into SHOT values (1723, 1727, 1728, 75, 1.130, 229.15, 6.70, 1.134, 228.96, 6.58, 0.006, 190.89, -17.08);
insert into SHOT values (1724, 1727, 1729, 75, 4.710, 26.35, -0.10, 4.709, 26.35, -0.12, 0.002, 197.59, -65.55);
insert into SHOT values (1725, 1727, 1730, 75, 1.070, 307.75, 81.30, 1.073, 307.57, 81.20, 0.003, 294.54, 46.14);
insert into SHOT values (1726, 1727, 1731, 75, 4.820, 293.85, 3.20, 4.825, 293.75, 3.21, 0.010, 236.16, 5.36);
insert into SHOT values (1727, 1727, 1732, 75, 8.080, 306.15, -2.70, 8.082, 306.13, -2.70, 0.003, 255.54, 13.50);
insert into SHOT values (1728, 1727, 1733, 75, 10.900, 316.15, -3.00, 10.906, 316.12, -3.00, 0.009, 274.75, 3.08);
insert into SHOT values (1729, 1727, 1734, 75, 7.970, 339.75, -2.80, 7.973, 339.72, -2.80, 0.005, 292.46, -8.34);
insert into SHOT values (1730, 1727, 1735, 75, 6.770, 3.45, -0.90, 6.773, 3.39, -0.93, 0.008, 294.11, -25.95);
insert into SHOT values (1731, 1727, 1736, 75, 14.220, 304.45, -18.00, 14.228, 304.43, -18.01, 0.009, 273.42, -38.43);
insert into SHOT values (1732, 1736, 1737, 75, 1.510, 276.35, 28.30, 1.510, 276.05, 28.48, 0.008, 168.82, 30.21);
insert into SHOT values (1733, 1736, 1738, 75, 6.970, 73.35, 18.90, 6.973, 73.35, 18.91, 0.003, 86.56, 43.72);
insert into SHOT values (1734, 1736, 1739, 75, 2.360, 156.65, 84.20, 2.362, 155.56, 84.13, 0.006, 100.85, 20.53);
insert into SHOT values (1735, 1736, 1740, 75, 2.370, 23.65, -65.20, 2.369, 23.73, -65.19, 0.002, 116.46, 45.00);
insert into SHOT values (1736, 1736, 1741, 75, 6.730, 23.75, -3.40, 6.733, 23.78, -3.41, 0.005, 82.73, -10.33);
insert into SHOT values (1737, 1736, 1742, 75, 6.320, 49.45, 9.20, 6.316, 49.49, 9.20, 0.006, 181.09, -4.15);
insert into SHOT values (1738, 1736, 1743, 75, 6.740, 71.75, 17.60, 6.739, 71.76, 17.62, 0.003, 207.03, 37.44);
insert into SHOT values (1739, 1736, 1744, 75, 7.780, 95.75, 23.00, 7.784, 95.77, 22.99, 0.005, 124.05, 1.19);
insert into SHOT values (1740, 1736, 1745, 75, 3.960, 185.45, 5.80, 3.958, 185.39, 5.80, 0.004, 63.52, -2.40);
insert into SHOT values (1741, 1736, 1746, 75, 6.970, 192.45, -8.10, 6.970, 192.38, -8.08, 0.008, 103.31, 15.77);
insert into SHOT values (1742, 1736, 1747, 75, 4.860, 157.25, 2.90, 4.865, 157.23, 2.95, 0.006, 146.11, 40.68);
insert into SHOT values (1743, 1736, 1748, 75, 13.300, 351.05, -1.10, 13.295, 351.04, -1.08, 0.008, 183.42, 44.05);
insert into SHOT values (1744, 1710, 1749, 75, 20.790, 86.75, -3.50, 20.792, 86.74, -3.50, 0.003, 47.15, -14.71);
insert into SHOT values (1745, 1749, 1750, 75, 1.130, 247.05, -9.90, 1.138, 246.87, -10.12, 0.010, 220.26, -36.64);
insert into SHOT values (1746, 1749, 1751, 75, 8.440, 275.15, 82.90, 8.435, 274.95, 82.89, 0.006, 195.78, -54.94);
insert into SHOT values (1747, 1749, 1752, 75, 0.810, 294.65, -72.40, 0.810, 293.50, -71.96, 0.008, 253.90, 15.16);
insert into SHOT values (1748, 1749, 1753, 75, 0.140, 80.15, -9.10, 0.133, 81.25, -8.65, 0.008, 239.45, 16.57);
insert into SHOT values (1749, 1749, 1754, 75, 3.050, 209.55, -61.50, 3.052, 209.55, -61.42, 0.005, 210.91, 4.91);
insert into SHOT values (1750, 1754, 1755, 75, 0.620, 40.05, 7.10, 0.621, 40.40, 6.47, 0.008, 103.40, -57.25);
insert into SHOT values (1751, 1754, 1756, 75, 0.730, 196.35, -8.30, 0.727, 196.16, -8.71, 0.006, 46.24, -45.35);
insert into SHOT values (1752, 1754, 1757, 75, 1.410, 37.85, 81.70, 1.404, 36.87, 81.81, 0.007, 261.50, -46.67);
insert into SHOT values (1753, 1754, 1758, 75, 3.000, 141.85, -29.80, 2.996, 141.72, -29.83, 0.007, 13.75, 7.18);
insert into SHOT values (1754, 1758, 1759, 75, 0.750, 113.15, 6.60, 0.748, 113.81, 6.14, 0.011, 215.29, -35.31);
insert into SHOT values (1755, 1758, 1760, 75, 1.600, 263.85, 21.70, 1.601, 263.83, 21.62, 0.003, 252.11, -37.82);
insert into SHOT values (1756, 1758, 1761, 75, 1.670, 192.45, 83.30, 1.671, 191.89, 83.33, 0.002, 82.52, 34.97);
insert into SHOT values (1757, 1758, 1762, 75, 0.980, 184.25, -62.80, 0.989, 185.08, -62.82, 0.011, 244.41, -47.85);
insert into SHOT values (1758, 1758, 1763, 75, 2.640, 182.65, -9.10, 2.646, 182.63, -9.13, 0.007, 176.79, -22.26);
insert into SHOT values (1759, 1763, 1764, 75, 1.100, 35.95, 10.70, 1.101, 35.60, 10.47, 0.008, 317.78, -32.32);
insert into SHOT values (1760, 1763, 1765, 75, 1.720, 92.75, 83.20, 1.722, 92.86, 83.32, 0.004, 265.93, 31.47);
insert into SHOT values (1761, 1763, 1766, 75, 1.150, 65.45, -74.90, 1.150, 64.29, -74.89, 0.006, 335.69, 2.78);
insert into SHOT values (1762, 1763, 1767, 75, 4.830, 108.65, -3.60, 4.822, 108.66, -3.57, 0.008, 279.10, 23.47);
insert into SHOT values (1763, 1767, 1768, 75, 0.690, 198.35, 5.00, 0.686, 197.90, 5.02, 0.007, 69.01, -1.16);
insert into SHOT values (1764, 1767, 1769, 75, 0.170, 21.25, 23.30, 0.172, 21.80, 20.37, 0.009, 37.39, -52.12);
insert into SHOT values (1765, 1767, 1770, 75, 1.080, 86.85, 76.00, 1.075, 87.88, 75.44, 0.013, 115.63, -38.06);
insert into SHOT values (1766, 1767, 1771, 75, 3.430, 177.65, 46.10, 3.432, 177.59, 46.04, 0.005, 147.61, -19.08);
insert into SHOT values (1767, 1767, 1772, 75, 0.740, 146.75, -58.10, 0.744, 146.31, -57.81, 0.007, 118.23, -15.57);
insert into SHOT values (1768, 1767, 1773, 75, 4.480, 112.85, 9.20, 4.484, 112.86, 9.11, 0.008, 123.35, -48.98);
insert into SHOT values (1769, 1773, 1774, 75, 0.750, 1.55, 10.60, 0.753, 1.55, 10.71, 0.004, 2.09, 33.57);
insert into SHOT values (1770, 1773, 1775, 75, 0.550, 175.15, 16.60, 0.546, 175.60, 17.06, 0.008, 318.43, 22.50);
insert into SHOT values (1771, 1773, 1776, 75, 1.080, 35.35, -63.30, 1.077, 34.99, -63.04, 0.006, 350.09, 48.75);
insert into SHOT values (1772, 1773, 1777, 75, 0.890, 358.65, 73.10, 0.889, 357.80, 72.98, 0.004, 289.12, -20.82);
insert into SHOT values (1773, 1773, 1778, 75, 1.790, 75.35, 27.50, 1.795, 75.44, 27.55, 0.005, 113.23, 39.28);
insert into SHOT values (1774, 1778, 1779, 75, 1.180, 304.25, 11.20, 1.187, 304.51, 11.17, 0.009, 339.88, 5.01);
insert into SHOT values (1775, 1778, 1780, 75, 1.280, 271.25, 67.90, 1.278, 272.34, 67.43, 0.014, 318.11, -24.95);
insert into SHOT values (1776, 1778, 1781, 75, 0.800, 17.35, -80.10, 0.803, 15.95, -79.56, 0.009, 353.41, -12.30);
insert into SHOT values (1777, 1778, 1782, 75, 2.240, 21.45, -1.70, 2.243, 21.18, -1.79, 0.011, 304.83, -18.64);
insert into SHOT values (1778, 1778, 1783, 75, 2.810, 17.25, 36.50, 2.811, 17.23, 36.44, 0.003, 6.61, -27.96);
insert into SHOT values (1779, 1778, 1784, 75, 1.200, 219.05, 20.70, 1.199, 219.22, 20.51, 0.005, 302.19, -50.89);
insert into SHOT values (1780, 1778, 1785, 75, 0.690, 146.85, 49.00, 0.682, 147.03, 49.70, 0.012, 319.90, -3.65);
insert into SHOT values (1781, 1778, 1786, 75, 0.720, 141.95, 0.70, 0.712, 141.84, 0.80, 0.008, 331.32, 8.69);
insert into SHOT values (1782, 1778, 1787, 75, 0.710, 308.45, 4.90, 0.715, 308.16, 4.82, 0.006, 271.47, -6.18);
insert into SHOT values (1783, 1778, 1788, 75, 2.420, 265.25, 85.20, 2.419, 267.27, 85.01, 0.011, 309.61, -8.09);
insert into SHOT values (1784, 1778, 1789, 75, 1.090, 9.95, -82.90, 1.089, 8.13, -82.54, 0.008, 335.87, 11.60);
insert into SHOT values (1785, 1784, 1790, 75, 3.780, 217.15, -5.80, 3.773, 217.21, -5.78, 0.008, 6.41, 14.58);
insert into SHOT values (1786, 1790, 1791, 75, 3.130, 60.95, -5.80, 3.127, 60.96, -5.87, 0.005, 223.20, -50.04);
insert into SHOT values (1787, 1790, 1792, 75, 1.220, 255.45, 14.10, 1.226, 255.38, 14.17, 0.006, 240.64, 27.23);
insert into SHOT values (1788, 1790, 1793, 75, 2.570, 59.35, 82.80, 2.570, 60.26, 82.79, 0.005, 145.51, 2.96);
insert into SHOT values (1789, 1790, 1794, 75, 0.800, 341.75, -79.30, 0.804, 340.35, -79.34, 0.005, 253.06, -47.11);
insert into SHOT values (1790, 1790, 1795, 75, 0.810, 342.95, -80.50, 0.810, 341.57, -81.02, 0.008, 185.79, -8.04);
insert into SHOT values (1791, 1790, 1796, 75, 5.720, 131.45, 5.80, 5.718, 131.51, 5.82, 0.007, 240.17, 16.72);
insert into SHOT values (1792, 1796, 1797, 75, 1.550, 36.35, 15.40, 1.549, 36.56, 15.35, 0.006, 129.75, -15.86);
insert into SHOT values (1793, 1796, 1798, 75, 2.280, 158.05, 85.60, 2.277, 156.37, 85.60, 0.006, 64.11, -32.66);
insert into SHOT values (1794, 1796, 1799, 75, 1.050, 74.15, -64.20, 1.054, 74.74, -64.36, 0.007, 175.38, -43.82);
insert into SHOT values (1795, 1796, 1800, 75, 4.940, 97.55, 2.10, 4.946, 97.56, 2.09, 0.006, 105.76, -9.19);
insert into SHOT values (1796, 1800, 1801, 75, 2.580, 288.95, 4.70, 2.580, 289.07, 4.67, 0.006, 21.44, -14.20);
insert into SHOT values (1797, 1800, 1802, 75, 5.830, 302.55, 4.40, 5.832, 302.57, 4.43, 0.004, 359.53, 43.76);
insert into SHOT values (1798, 1800, 1803, 75, 3.140, 320.05, 81.80, 3.142, 319.54, 81.82, 0.005, 215.96, 27.23);
insert into SHOT values (1799, 1800, 1804, 75, 1.920, 106.75, -77.40, 1.916, 106.70, -77.41, 0.004, 302.29, 71.35);
insert into SHOT values (1800, 1800, 1805, 75, 7.150, 236.85, 3.90, 7.148, 236.84, 3.93, 0.004, 60.14, 56.26);
insert into SHOT values (1801, 1805, 1806, 75, 1.250, 158.35, -2.00, 1.249, 158.37, -2.29, 0.007, 317.96, -77.18);
insert into SHOT values (1802, 1805, 1807, 75, 1.120, 332.15, 28.60, 1.118, 332.13, 28.30, 0.006, 316.33, -82.44);
insert into SHOT values (1803, 1805, 1808, 75, 1.810, 199.25, 76.60, 1.810, 199.29, 76.46, 0.004, 203.56, -9.47);
insert into SHOT values (1804, 1805, 1809, 75, 0.900, 182.05, -75.40, 0.900, 182.49, -75.18, 0.004, 210.08, 13.89);
insert into SHOT values (1805, 1805, 1810, 75, 7.000, 239.95, 6.50, 6.998, 239.97, 6.48, 0.004, 358.62, -37.23);
insert into SHOT values (1806, 1810, 1811, 75, 1.170, 158.35, 5.20, 1.176, 158.47, 4.88, 0.009, 179.64, -40.61);
insert into SHOT values (1807, 1810, 1812, 75, 1.260, 233.65, 86.40, 1.263, 234.46, 86.09, 0.007, 243.72, 19.54);
insert into SHOT values (1808, 1810, 1813, 75, 1.030, 212.25, -76.80, 1.028, 213.02, -76.58, 0.005, 256.59, 31.02);
insert into SHOT values (1809, 1810, 1814, 75, 8.990, 224.45, -1.00, 8.996, 224.46, -1.02, 0.007, 243.52, -25.43);
insert into SHOT values (1810, 1814, 1815, 75, 1.360, 134.45, 4.90, 1.363, 134.40, 5.05, 0.005, 113.82, 53.15);
insert into SHOT values (1811, 1814, 1816, 75, 1.160, 152.75, 60.30, 1.161, 152.99, 60.46, 0.004, 286.21, 35.69);
insert into SHOT values (1812, 1814, 1817, 75, 0.250, 195.45, -69.10, 0.248, 192.53, -68.16, 0.007, 137.09, 32.79);
insert into SHOT values (1813, 1814, 1818, 75, 7.070, 228.55, 4.70, 7.073, 228.51, 4.70, 0.005, 168.70, 7.38);
insert into SHOT values (1814, 1818, 1819, 75, 1.670, 325.15, -9.40, 1.675, 325.35, -9.28, 0.009, 11.13, 18.70);
insert into SHOT values (1815, 1818, 1820, 75, 9.020, 324.15, 80.30, 9.020, 324.33, 80.26, 0.008, 1.17, -7.26);
insert into SHOT values (1816, 1818, 1821, 75, 1.480, 44.95, -70.40, 1.478, 44.19, -70.14, 0.010, 355.19, 26.16);
insert into SHOT values (1817, 1818, 1822, 75, 7.410, 211.85, -10.10, 7.405, 211.88, -10.11, 0.007, 353.49, -4.31);
insert into SHOT values (1818, 1822, 1823, 75, 0.720, 158.75, 7.40, 0.724, 158.79, 7.14, 0.005, 165.61, -30.13);
insert into SHOT values (1819, 1822, 1824, 75, 0.950, 331.15, -6.00, 0.941, 331.24, -6.10, 0.010, 141.62, -4.17);
insert into SHOT values (1820, 1822, 1825, 75, 0.940, 180.95, -82.20, 0.939, 180.00, -82.04, 0.003, 139.26, 21.99);
insert into SHOT values (1821, 1822, 1826, 75, 7.890, 336.45, 85.00, 7.890, 336.80, 85.02, 0.005, 94.35, 0.28);
insert into SHOT values (1822, 1822, 1827, 75, 7.200, 347.75, 81.40, 7.201, 347.64, 81.41, 0.003, 214.92, 20.22);
insert into SHOT values (1823, 1822, 1828, 75, 0.540, 243.35, 14.50, 0.546, 242.95, 14.86, 0.008, 206.75, 38.05);
insert into SHOT values (1824, 1822, 1829, 75, 0.500, 243.25, 14.60, 0.500, 242.90, 15.06, 0.005, 136.76, 52.87);
insert into SHOT values (1825, 1822, 1830, 75, 1.860, 243.15, 14.80, 1.861, 242.86, 14.95, 0.010, 150.38, 28.88);
insert into SHOT values (1826, 1830, 1831, 75, 1.440, 249.65, 15.20, 1.443, 249.88, 14.85, 0.011, 295.06, -43.76);
insert into SHOT values (1827, 1830, 1832, 75, 0.650, 343.55, -0.00, 0.658, 343.22, 0.00, 0.009, 318.34, 0.00);
insert into SHOT values (1828, 1830, 1833, 75, 2.150, 291.55, 67.40, 2.147, 291.93, 67.26, 0.008, 347.14, -36.04);
insert into SHOT values (1829, 1830, 1834, 75, 1.930, 230.95, -52.70, 1.932, 231.26, -52.85, 0.009, 345.52, -33.67);
insert into SHOT values (1830, 1830, 1835, 75, 2.740, 267.35, 23.00, 2.740, 267.50, 22.99, 0.007, 355.60, -5.06);
insert into SHOT values (1831, 1835, 1836, 75, 0.500, 172.45, -11.80, 0.506, 173.02, -12.56, 0.010, 222.05, -50.09);
insert into SHOT values (1832, 1835, 1837, 75, 0.290, 133.95, 70.30, 0.288, 135.00, 69.86, 0.004, 190.12, -54.08);
insert into SHOT values (1833, 1835, 1838, 75, 2.690, 230.05, -72.80, 2.690, 230.10, -72.81, 0.001, 343.89, -19.44);
insert into SHOT values (1834, 1838, 1839, 75, 0.810, 155.25, 9.50, 0.812, 155.67, 9.22, 0.007, 225.00, -30.01);
insert into SHOT values (1835, 1838, 1840, 75, 0.460, 319.65, 7.10, 0.464, 319.40, 6.19, 0.008, 295.80, -54.34);
insert into SHOT values (1836, 1838, 1841, 75, 0.670, 297.45, -67.50, 0.672, 297.55, -67.29, 0.003, 306.54, -18.10);
insert into SHOT values (1837, 1838, 1842, 75, 2.280, 8.25, 85.90, 2.276, 7.13, 85.94, 0.006, 248.54, -48.91);
insert into SHOT values (1838, 1838, 1843, 75, 2.810, 200.95, 7.10, 2.816, 200.96, 6.94, 0.010, 208.58, -47.88);
insert into SHOT values (1839, 1843, 1844, 75, 1.200, 330.25, -0.30, 1.196, 330.43, 0.00, 0.009, 107.87, 47.26);
insert into SHOT values (1840, 1843, 1845, 75, 3.110, 311.15, 71.20, 3.115, 311.35, 71.29, 0.008, 83.45, 51.21);
insert into SHOT values (1841, 1843, 1846, 75, 0.570, 262.45, -64.90, 0.564, 262.87, -64.63, 0.006, 350.32, 73.64);
insert into SHOT values (1842, 1843, 1847, 75, 5.600, 263.95, 14.00, 5.598, 263.97, 14.06, 0.007, 47.48, 49.03);
insert into SHOT values (1843, 1847, 1848, 75, 0.750, 200.35, 1.20, 0.747, 200.38, 1.53, 0.005, 13.05, 53.86);
insert into SHOT values (1844, 1847, 1849, 75, 1.890, 9.25, 3.40, 1.887, 9.16, 3.34, 0.004, 235.42, -28.75);
insert into SHOT values (1845, 1847, 1850, 75, 2.150, 25.75, -58.30, 2.152, 25.66, -58.27, 0.003, 342.61, -16.81);
insert into SHOT values (1846, 1847, 1851, 75, 2.180, 347.65, 78.60, 2.183, 347.91, 78.65, 0.004, 112.67, 51.72);
insert into SHOT values (1847, 1847, 1852, 75, 2.870, 255.35, -15.60, 2.875, 255.36, -15.54, 0.006, 263.08, 17.57);
insert into SHOT values (1848, 1852, 1853, 75, 1.520, 111.05, 8.10, 1.524, 110.96, 7.92, 0.007, 85.77, -36.86);
insert into SHOT values (1849, 1852, 1854, 75, 2.690, 99.35, 77.60, 2.683, 98.97, 77.58, 0.008, 0.45, -62.30);
insert into SHOT values (1850, 1852, 1855, 75, 28.840, 59.35, 40.80, 28.836, 59.35, 40.79, 0.005, 224.94, -73.18);
insert into SHOT values (1851, 1852, 1856, 75, 1.470, 197.35, -79.00, 1.477, 196.50, -79.01, 0.008, 122.02, -58.61);
insert into SHOT values (1852, 1852, 1857, 75, 7.440, 206.45, -2.00, 7.442, 206.43, -2.00, 0.003, 151.74, -6.68);
insert into SHOT values (1853, 1857, 1858, 75, 1.360, 317.15, 0.40, 1.359, 317.39, 0.42, 0.006, 58.62, 4.97);
insert into SHOT values (1854, 1857, 1859, 75, 4.050, 25.95, 80.20, 4.049, 25.82, 80.21, 0.002, 274.72, -29.25);
insert into SHOT values (1855, 1857, 1860, 75, 1.260, 214.85, -88.00, 1.261, 213.69, -88.36, 0.008, 40.09, -5.51);
insert into SHOT values (1856, 1857, 1861, 75, 0.560, 244.05, 3.40, 0.555, 244.36, 3.10, 0.006, 29.52, -30.99);
insert into SHOT values (1857, 1857, 1862, 75, 2.450, 243.85, 3.00, 2.445, 243.75, 3.05, 0.007, 104.20, 15.68);
insert into SHOT values (1858, 1857, 1863, 75, 2.450, 243.75, 2.90, 2.445, 243.75, 2.81, 0.006, 61.88, -38.09);
insert into SHOT values (1859, 1857, 1864, 75, 0.730, 136.95, 3.20, 0.730, 136.67, 3.14, 0.004, 43.03, -11.96);
insert into SHOT values (1860, 1857, 1865, 75, 3.090, 72.45, 82.10, 3.090, 72.41, 82.00, 0.005, 69.40, -7.09);
insert into SHOT values (1861, 1857, 1866, 75, 1.350, 139.75, -72.90, 1.350, 139.09, -72.89, 0.005, 49.84, 4.01);
insert into SHOT values (1862, 1857, 1867, 75, 0.880, 167.35, -5.00, 0.875, 167.40, -5.25, 0.007, 339.13, -29.94);
insert into SHOT values (1863, 1867, 1868, 75, 0.440, 298.35, -2.70, 0.435, 298.93, -2.64, 0.007, 79.01, 5.98);
insert into SHOT values (1864, 1867, 1869, 75, 2.790, 9.75, 77.70, 2.793, 9.78, 77.83, 0.007, 186.05, 34.83);
insert into SHOT values (1865, 1867, 1870, 75, 1.220, 264.95, -62.60, 1.218, 264.90, -62.50, 0.003, 233.90, 73.73);
insert into SHOT values (1866, 1867, 1871, 75, 3.570, 224.25, 5.00, 3.571, 224.20, 4.98, 0.003, 148.38, -22.50);
insert into SHOT values (1867, 1871, 1872, 75, 0.780, 139.55, -1.00, 0.780, 139.16, -0.73, 0.006, 49.25, 34.50);
insert into SHOT values (1868, 1871, 1873, 75, 2.490, 127.55, 79.90, 2.490, 127.65, 79.77, 0.006, 135.85, -14.58);
insert into SHOT values (1869, 1871, 1874, 75, 1.460, 199.15, -67.40, 1.461, 198.76, -67.48, 0.005, 89.48, -27.74);
insert into SHOT values (1870, 1871, 1875, 75, 3.030, 210.55, 2.40, 3.033, 210.54, 2.46, 0.004, 206.98, 44.92);
insert into SHOT values (1871, 1875, 1876, 75, 0.470, 304.05, 6.70, 0.463, 304.38, 6.20, 0.008, 101.15, -34.99);
insert into SHOT values (1872, 1875, 1877, 75, 3.930, 38.25, 82.10, 3.928, 38.33, 81.98, 0.009, 44.20, -18.52);
insert into SHOT values (1873, 1875, 1878, 75, 1.440, 213.05, -71.50, 1.444, 213.34, -71.63, 0.005, 344.43, -54.75);
insert into SHOT values (1874, 1875, 1879, 75, 4.190, 221.85, 4.80, 4.186, 221.79, 4.80, 0.006, 86.24, -6.35);
insert into SHOT values (1875, 1879, 1880, 75, 0.610, 138.45, -2.30, 0.602, 138.37, -1.90, 0.009, 324.86, 30.93);
insert into SHOT values (1876, 1879, 1881, 75, 3.250, 91.25, 83.20, 3.252, 91.51, 83.29, 0.006, 250.92, 29.81);
insert into SHOT values (1877, 1879, 1882, 75, 1.530, 243.35, -70.30, 1.529, 243.43, -70.35, 0.002, 34.66, 15.12);
insert into SHOT values (1878, 1879, 1883, 75, 6.970, 227.85, -4.40, 6.966, 227.86, -4.36, 0.006, 25.92, 47.01);
insert into SHOT values (1879, 1883, 1884, 75, 0.900, 143.65, -4.80, 0.898, 143.64, -5.11, 0.005, 324.63, -59.09);
insert into SHOT values (1880, 1883, 1885, 75, 3.170, 151.95, 76.30, 3.160, 152.06, 76.32, 0.011, 309.64, -67.73);
insert into SHOT values (1881, 1883, 1886, 75, 1.050, 197.25, -66.30, 1.057, 198.00, -66.56, 0.010, 302.21, -56.04);
insert into SHOT values (1882, 1883, 1887, 75, 2.990, 217.95, -10.80, 2.997, 217.96, -10.96, 0.011, 225.65, -60.33);
insert into SHOT values (1883, 1887, 1888, 75, 0.670, 308.15, 4.80, 0.665, 308.25, 5.18, 0.007, 115.21, 35.10);
insert into SHOT values (1884, 1887, 1889, 75, 2.540, 308.25, 79.40, 2.544, 308.09, 79.35, 0.005, 284.04, 46.76);
insert into SHOT values (1885, 1887, 1890, 75, 0.580, 299.15, -40.90, 0.574, 300.07, -40.12, 0.012, 23.99, 53.94);
insert into SHOT values (1886, 1887, 1891, 75, 5.890, 220.15, 10.20, 5.892, 220.17, 10.27, 0.008, 295.26, 68.21);
insert into SHOT values (1887, 1891, 1892, 75, 0.380, 132.35, -7.60, 0.379, 131.76, -7.59, 0.004, 23.43, 3.63);
insert into SHOT values (1888, 1891, 1893, 75, 4.890, 66.55, 87.70, 4.884, 66.04, 87.69, 0.006, 359.07, -72.66);
insert into SHOT values (1889, 1891, 1894, 75, 1.390, 201.25, -75.90, 1.390, 201.16, -76.17, 0.007, 25.77, -16.78);
insert into SHOT values (1890, 1891, 1895, 75, 5.230, 203.95, -4.70, 5.224, 203.91, -4.72, 0.007, 55.93, -12.24);
insert into SHOT values (1891, 1895, 1896, 75, 0.740, 302.65, -3.30, 0.739, 302.83, -3.10, 0.004, 54.47, 45.71);
insert into SHOT values (1892, 1895, 1897, 75, 2.920, 246.65, 76.00, 2.917, 246.70, 75.96, 0.004, 271.19, -65.85);
insert into SHOT values (1893, 1895, 1898, 75, 0.340, 114.55, 23.50, 0.335, 114.90, 22.84, 0.007, 262.59, -56.76);
insert into SHOT values (1894, 1895, 1899, 75, 0.860, 277.95, -70.20, 0.861, 277.85, -70.13, 0.002, 259.65, -29.21);
insert into SHOT values (1895, 1895, 1900, 75, 5.330, 228.65, 2.60, 5.334, 228.65, 2.58, 0.004, 237.55, -25.18);
insert into SHOT values (1896, 1900, 1901, 75, 0.720, 147.85, -3.20, 0.720, 148.08, -3.19, 0.003, 241.83, 3.74);
insert into SHOT values (1897, 1900, 1902, 75, 6.270, 27.35, 87.90, 6.274, 28.81, 87.92, 0.007, 132.46, 34.86);
insert into SHOT values (1898, 1900, 1903, 75, 0.980, 127.65, -80.10, 0.974, 127.57, -80.30, 0.007, 310.47, 50.33);
insert into SHOT values (1899, 1900, 1904, 75, 3.060, 234.05, 3.50, 3.056, 234.07, 3.56, 0.005, 36.27, 38.05);
insert into SHOT values (1900, 1904, 1905, 75, 0.480, 333.55, -3.30, 0.484, 332.90, -3.55, 0.007, 278.48, -19.76);
insert into SHOT values (1901, 1904, 1906, 75, 1.570, 26.35, 78.90, 1.569, 25.71, 78.99, 0.004, 258.21, -8.47);
insert into SHOT values (1902, 1904, 1907, 75, 1.200, 281.95, -70.50, 1.198, 281.59, -70.59, 0.004, 146.98, 18.61);
insert into SHOT values (1903, 1904, 1908, 75, 3.810, 282.15, 2.70, 3.809, 282.14, 2.71, 0.001, 142.05, 29.15);
insert into SHOT values (1904, 1908, 1909, 75, 0.720, 3.55, -7.80, 0.718, 3.22, -8.00, 0.005, 244.41, -26.58);
insert into SHOT values (1905, 1908, 1910, 75, 4.200, 87.35, 80.50, 4.197, 87.51, 80.53, 0.004, 229.48, -36.60);
insert into SHOT values (1906, 1908, 1911, 75, 1.150, 211.05, -76.50, 1.152, 211.33, -76.48, 0.002, 270.23, -48.91);
insert into SHOT values (1907, 1908, 1912, 75, 4.450, 272.05, -2.50, 4.457, 272.06, -2.57, 0.009, 280.30, -39.36);
insert into SHOT values (1908, 1912, 1913, 75, 1.020, 322.75, -3.50, 1.016, 323.02, -3.39, 0.007, 93.30, 19.76);
insert into SHOT values (1909, 1912, 1914, 75, 6.390, 349.25, 87.60, 6.395, 349.11, 87.63, 0.006, 181.39, 62.75);
insert into SHOT values (1910, 1912, 1915, 75, 0.990, 94.75, -78.80, 0.991, 95.71, -78.29, 0.009, 116.05, 7.01);
insert into SHOT values (1911, 1912, 1916, 75, 12.940, 165.05, 83.60, 12.942, 164.81, 83.56, 0.010, 129.58, 3.64);
insert into SHOT values (1912, 1912, 1917, 75, 3.160, 102.25, 36.90, 3.163, 102.33, 36.92, 0.005, 172.95, 33.52);
insert into SHOT values (1913, 1912, 1918, 75, 3.900, 208.35, 0.60, 3.906, 208.27, 0.59, 0.008, 168.47, -6.02);
insert into SHOT values (1914, 1918, 1919, 75, 0.490, 319.65, 12.90, 0.495, 320.04, 12.84, 0.006, 353.10, 5.72);
insert into SHOT values (1915, 1918, 1920, 75, 1.230, 123.65, 13.00, 1.230, 123.42, 13.15, 0.006, 29.70, 35.54);
insert into SHOT values (1916, 1918, 1921, 75, 2.640, 223.65, 79.50, 2.643, 224.14, 79.67, 0.009, 14.19, 26.63);
insert into SHOT values (1917, 1918, 1922, 75, 0.880, 150.15, 5.90, 0.883, 149.93, 5.85, 0.004, 100.92, -6.01);
insert into SHOT values (1918, 1918, 1923, 75, 1.160, 3.35, -87.20, 1.152, 9.46, -86.97, 0.011, 62.86, 48.88);
insert into SHOT values (1919, 1918, 1924, 75, 2.350, 236.65, 15.60, 2.349, 236.73, 15.81, 0.009, 7.90, 60.74);
insert into SHOT values (1920, 1924, 1925, 75, 0.520, 138.25, 2.80, 0.524, 138.09, 2.19, 0.007, 121.59, -48.11);
insert into SHOT values (1921, 1924, 1926, 75, 2.340, 190.85, -60.30, 2.347, 190.92, -60.35, 0.008, 234.04, -72.90);
insert into SHOT values (1922, 1924, 1927, 75, 0.700, 226.25, 81.10, 0.699, 225.00, 80.69, 0.006, 199.17, -16.21);
insert into SHOT values (1923, 1924, 1928, 75, 2.520, 201.65, 81.10, 2.520, 201.25, 81.18, 0.005, 58.05, 4.34);
insert into SHOT values (1924, 1924, 1929, 75, 11.820, 212.35, -0.00, 11.821, 212.32, 0.00, 0.006, 135.15, 0.00);
insert into SHOT values (1925, 1929, 1930, 75, 0.680, 127.85, 9.10, 0.677, 127.72, 8.49, 0.008, 353.79, -75.39);
insert into SHOT values (1926, 1929, 1931, 75, 6.520, 209.15, 81.20, 6.517, 209.39, 81.19, 0.005, 285.58, -36.70);
insert into SHOT values (1927, 1929, 1932, 75, 2.530, 222.95, -81.40, 2.538, 223.92, -81.51, 0.011, 342.06, -49.22);
insert into SHOT values (1928, 1929, 1933, 75, 4.930, 208.15, -1.50, 4.928, 208.23, -1.51, 0.008, 316.65, -7.10);
insert into SHOT values (1929, 1933, 1934, 75, 0.710, 319.25, 5.90, 0.705, 319.04, 5.70, 0.006, 168.20, -30.34);
insert into SHOT values (1930, 1933, 1935, 75, 0.570, 303.75, 57.00, 0.567, 304.22, 57.80, 0.009, 106.79, 12.97);
insert into SHOT values (1931, 1933, 1936, 75, 1.970, 282.25, -79.80, 1.971, 281.63, -79.86, 0.004, 167.04, -15.47);
insert into SHOT values (1932, 1933, 1937, 75, 3.840, 265.05, 4.70, 3.837, 265.05, 4.63, 0.005, 79.88, -58.60);
insert into SHOT values (1933, 1937, 1938, 75, 0.480, 170.45, 4.60, 0.478, 170.34, 4.80, 0.002, 17.90, 38.23);
insert into SHOT values (1934, 1937, 1939, 75, 2.630, 182.15, 79.00, 2.628, 182.29, 79.02, 0.003, 320.66, -41.36);
insert into SHOT values (1935, 1937, 1940, 75, 2.300, 198.15, -74.40, 2.295, 197.85, -74.33, 0.006, 130.50, 56.75);
insert into SHOT values (1936, 1937, 1941, 75, 2.760, 206.45, 0.40, 2.759, 206.47, 0.42, 0.002, 322.60, 27.42);
insert into SHOT values (1937, 1941, 1942, 75, 0.670, 293.75, -6.80, 0.668, 293.09, -6.88, 0.008, 187.47, -4.80);
insert into SHOT values (1938, 1941, 1943, 75, 2.620, 282.15, 58.50, 2.617, 281.80, 58.46, 0.009, 191.94, -25.52);
insert into SHOT values (1939, 1941, 1944, 75, 2.270, 285.35, -77.70, 2.270, 284.62, -77.91, 0.010, 141.54, -11.68);
insert into SHOT values (1940, 1941, 1945, 75, 0.400, 233.95, -86.30, 0.401, 225.00, -85.96, 0.005, 169.76, -9.68);
insert into SHOT values (1941, 1941, 1946, 75, 3.240, 256.75, 31.30, 3.235, 256.62, 31.28, 0.008, 138.30, -24.63);
insert into SHOT values (1942, 1946, 1947, 75, 0.530, 152.95, 12.60, 0.528, 153.43, 13.13, 0.007, 276.93, 39.63);
insert into SHOT values (1943, 1946, 1948, 75, 2.990, 220.15, 76.50, 2.992, 220.33, 76.56, 0.004, 0.43, 36.32);
insert into SHOT values (1944, 1946, 1949, 75, 2.710, 153.95, -64.60, 2.701, 153.88, -64.61, 0.009, 352.63, 61.72);
insert into SHOT values (1945, 1946, 1950, 75, 4.820, 226.35, -18.30, 4.819, 226.33, -18.26, 0.004, 135.51, 67.56);
insert into SHOT values (1946, 1950, 1951, 75, 0.610, 160.85, 18.50, 0.603, 160.62, 18.36, 0.007, 1.74, -28.85);
insert into SHOT values (1947, 1950, 1952, 75, 1.120, 200.65, 78.90, 1.121, 201.80, 78.92, 0.004, 294.10, 12.34);
insert into SHOT values (1948, 1950, 1953, 75, 2.000, 237.65, -53.70, 1.997, 237.79, -53.72, 0.004, 3.38, 27.04);
insert into SHOT values (1949, 1950, 1954, 75, 2.810, 247.15, 0.70, 2.810, 247.18, 0.82, 0.006, 328.47, 75.14);
insert into SHOT values (1950, 1950, 1955, 75, 8.370, 247.05, 1.00, 8.372, 247.08, 1.03, 0.007, 313.64, 35.84);
insert into SHOT values (1951, 1950, 1956, 75, 2.740, 247.15, 0.70, 2.743, 247.27, 0.63, 0.008, 307.78, -27.45);
insert into SHOT values (1952, 1950, 1957, 75, 8.330, 246.85, 1.50, 8.332, 246.88, 1.51, 0.006, 319.92, 19.19);
insert into SHOT values (1953, 1957, 1958, 75, 0.560, 153.75, 4.20, 0.560, 153.43, 4.09, 0.003, 73.34, -18.23);
insert into SHOT values (1954, 1957, 1959, 75, 5.180, 161.45, 85.60, 5.176, 161.11, 85.55, 0.007, 132.52, -44.53);
insert into SHOT values (1955, 1957, 1960, 75, 1.300, 242.05, -83.40, 1.298, 241.70, -83.47, 0.002, 88.79, 34.90);
insert into SHOT values (1956, 1957, 1961, 75, 5.200, 233.55, -8.40, 5.204, 233.53, -8.40, 0.004, 214.36, -5.08);
insert into SHOT values (1957, 1961, 1962, 75, 0.630, 316.55, 7.60, 0.628, 316.30, 7.32, 0.005, 188.73, -44.72);
insert into SHOT values (1958, 1961, 1963, 75, 5.720, 247.55, 78.50, 5.714, 247.73, 78.55, 0.009, 35.23, -37.21);
insert into SHOT values (1959, 1961, 1964, 75, 2.780, 248.45, -77.60, 2.784, 248.20, -77.71, 0.007, 97.51, -42.66);
insert into SHOT values (1960, 1961, 1965, 75, 3.450, 233.05, 7.90, 3.446, 233.10, 7.84, 0.006, 10.25, -43.29);
insert into SHOT values (1961, 1965, 1966, 75, 1.190, 76.25, -6.70, 1.192, 76.32, -6.75, 0.003, 116.29, -27.31);
insert into SHOT values (1962, 1965, 1967, 75, 3.740, 112.85, 68.10, 3.741, 112.71, 68.05, 0.005, 70.21, -1.30);
insert into SHOT values (1963, 1965, 1968, 75, 3.380, 44.95, -71.00, 3.375, 45.00, -70.92, 0.007, 66.29, 63.94);
insert into SHOT values (1964, 1965, 1969, 75, 1.590, 133.25, -3.10, 1.594, 133.22, -2.88, 0.007, 122.52, 55.20);
insert into SHOT values (1965, 1969, 1970, 75, 0.540, 255.45, 24.00, 0.541, 255.96, 23.97, 0.005, 327.62, 4.41);
insert into SHOT values (1966, 1969, 1971, 75, 1.420, 168.85, 86.30, 1.413, 167.47, 86.26, 0.007, 92.40, -72.09);
insert into SHOT values (1967, 1969, 1972, 75, 2.880, 352.95, -80.80, 2.888, 352.57, -80.76, 0.008, 311.25, -56.91);
insert into SHOT values (1968, 1969, 1973, 75, 11.930, 228.75, 7.30, 11.930, 228.77, 7.27, 0.008, 307.01, -50.94);
insert into SCRAPS values (77, 55, 'SP-GL102_Entree_01A', 1, 1.60384, 0.04283);
 insert into SCRAPS values (125, 55, 'SP-GL102_Entree_01B', 1, 25.45852, 0.08325);
 insert into SCRAPS values (171, 55, 'SP-GL102_Entree_02B', 1, 33.33242, 1.30192);
 insert into SCRAPS values (238, 55, 'SP-GL102_Entree_02C', 1, 0.00140, 0.00016);
 insert into SCRAPS values (295, 55, 'SP-GL102_Aval_01A', 1, 0.00657, 0.00025);
 insert into SCRAPS values (348, 55, 'SP-GL102_Aval_01B', 1, 0.00678, 0.00035);
 insert into SCRAPS values (410, 55, 'SP-GL102_Aval_01C', 1, 0.00584, 0.00019);
 insert into SCRAPS values (471, 55, 'SP-GL102_Aval_01D', 1, 48.10334, 0.98877);
 insert into SCRAPS values (497, 55, 'SP-GL102_Entree_02A', 1, 32.09339, 0.85044);
 insert into SCRAPS values (532, 55, 'SP-GL102_Entree_02D', 1, 29.52687, 5.40779);
 insert into SCRAPS values (540, 55, 'SP-GL102_Aval_01E', 1, 0.00296, 0.00080);
 insert into SCRAPS values (560, 55, 'SP-GL102_Riviere_01A', 1, 43.82498, 1.61166);
 insert into SCRAPS values (602, 55, 'SP-GL102_Riviere_01B', 1, 1.06565, 0.05049);
 insert into SCRAPS values (627, 55, 'SP-GL102_Amont_01A', 1, 33.22902, 0.24554);
 insert into SCRAPS values (705, 55, 'SP-GL102_Amont_01B', 1, 6.66085, 0.26104);
 insert into SCRAPS values (724, 55, 'SP-GL102_Amont_01C', 1, 9.46555, 0.07108);
 insert into SCRAPS values (767, 55, 'SC-GL102_Entree_01A', 2, 0.01255, 0.00043);
 insert into SCRAPS values (830, 55, 'SC-GL102_Entree_01B', 2, 0.00967, 0.00046);
 insert into SCRAPS values (880, 55, 'SC-GL102_Entree_02A', 2, 0.02206, 0.00085);
 insert into SCRAPS values (908, 55, 'SC-GL102_Entree_02B', 2, 77.97864, 0.28371);
 insert into SCRAPS values (962, 55, 'SC-GL102_Entree_02C', 2, 0.00241, 0.00017);
 insert into SCRAPS values (1011, 55, 'SC-GL102_Aval_01A', 2, 0.00441, 0.00030);
 insert into SCRAPS values (1070, 55, 'scrap339', 1, 0.00000, 0.00000);
 insert into SCRAPS values (1073, 55, 'SC-GL102_Aval_01B', 2, 0.00318, 0.00023);
 insert into SCRAPS values (1124, 55, 'SC-GL102_Aval_01C', 2, 0.00327, 0.00015);
 insert into SCRAPS values (1192, 55, 'SC-GL102_Aval_01D', 2, 40.38391, 0.67116);
 insert into SCRAPS values (1222, 55, 'SC-GL102_Riviere_01A', 2, 49.60600, 13.03332);
 insert into SCRAPS values (1261, 55, 'SC-GL102_Riviere_01B', 2, 24.94402, 2.37965);
 insert into SCRAPS values (1290, 55, 'SC-GL102_Amont_01A', 2, 13.34775, 0.05560);
 insert into SCRAPS values (1340, 55, 'scrap51', 1, 0.00000, 0.00000);
 insert into SCRAPS values (1345, 55, 'SC-GL4_01A', 2, 1.17695, 0.02755);
 insert into SCRAPS values (1367, 55, 'SC-GL4_01B', 2, 8.23769, 0.08430);
 insert into MAPS values (1412, 55, 'MP-GL102_Gouffre_du_Lonne_Peyret', 'GL102 - Gouffre du Lonne Peyret', 1, 2455.450, -468.790);
 insert into MAPITEMS values (1412, 4, 77);
 insert into MAPITEMS values (1412, 4, 125);
 insert into MAPITEMS values (1412, 4, 171);
 insert into MAPITEMS values (1412, 4, 238);
 insert into MAPITEMS values (1412, 4, 532);
 insert into MAPITEMS values (1412, 4, 295);
 insert into MAPITEMS values (1412, 4, 348);
 insert into MAPITEMS values (1412, 4, 410);
 insert into MAPITEMS values (1412, 4, 471);
 insert into MAPITEMS values (1412, 4, 497);
 insert into MAPITEMS values (1412, 4, 540);
 insert into MAPITEMS values (1412, 4, 560);
 insert into MAPITEMS values (1412, 4, 602);
 insert into MAPITEMS values (1412, 4, 627);
 insert into MAPITEMS values (1412, 4, 705);
 insert into MAPITEMS values (1412, 4, 724);
 insert into MAPS values (1413, 55, 'MC-GL102_Gouffre_du_Lonne_Peyret_tot', 'GL102 - Gouffre du Lonne Peyret', 2, 2455.450, -468.790);
 insert into MAPITEMS values (1413, 4, 1415);
 insert into MAPITEMS values (1413, 4, 1414);
 insert into MAPS values (1414, 55, 'MC-GL4_meandre', 'GL4 - Meandre', 2, 485.790, -24.620);
 insert into MAPITEMS values (1414, 4, 1345);
 insert into MAPITEMS values (1414, 4, 1367);
 insert into MAPS values (1415, 55, 'MC-GL102_Gouffre_du_Lonne_Peyret', 'GL102 - Riviere', 2, 2455.450, -468.790);
 insert into MAPITEMS values (1415, 4, 767);
 insert into MAPITEMS values (1415, 4, 830);
 insert into MAPITEMS values (1415, 4, 880);
 insert into MAPITEMS values (1415, 4, 908);
 insert into MAPITEMS values (1415, 4, 962);
 insert into MAPITEMS values (1415, 4, 1011);
 insert into MAPITEMS values (1415, 4, 1073);
 insert into MAPITEMS values (1415, 4, 1124);
 insert into MAPITEMS values (1415, 4, 1192);
 insert into MAPITEMS values (1415, 4, 1222);
 insert into MAPITEMS values (1415, 4, 1261);
 insert into MAPITEMS values (1415, 4, 1290);
 insert into STATION values (1, '00', 57, 682343.00, 4760590.00, 1633.00);
insert into STATION_FLAG values(1, 'ent');
insert into STATION_FLAG values(1, 'fix');
insert into STATION values (2, '.', 57, 682343.22, 4760589.98, 1632.97);
insert into STATION values (3, '.', 57, 682343.22, 4760589.67, 1632.96);
insert into STATION values (4, '.', 57, 682343.31, 4760590.43, 1633.00);
insert into STATION values (5, '.', 57, 682342.66, 4760590.71, 1633.04);
insert into STATION values (6, '.', 57, 682342.34, 4760590.10, 1632.95);
insert into STATION values (7, '.', 57, 682343.03, 4760593.37, 1633.26);
insert into STATION values (8, '.', 57, 682343.42, 4760594.45, 1633.29);
insert into STATION values (9, '.', 57, 682343.32, 4760591.64, 1633.07);
insert into STATION values (10, '.', 57, 682343.03, 4760589.97, 1632.77);
insert into STATION values (11, '.', 57, 682343.54, 4760590.03, 1633.97);
insert into STATION values (12, '1', 57, 682343.01, 4760592.28, 1632.99);
insert into STATION values (13, '.', 57, 682342.79, 4760592.31, 1632.99);
insert into STATION values (14, '.', 57, 682343.31, 4760592.30, 1632.98);
insert into STATION values (15, '.', 57, 682343.45, 4760592.98, 1632.93);
insert into STATION values (16, '.', 57, 682343.48, 4760593.67, 1632.85);
insert into STATION values (17, '.', 57, 682343.02, 4760593.88, 1632.84);
insert into STATION values (18, '.', 57, 682342.71, 4760593.20, 1632.95);
insert into STATION values (19, '.', 57, 682343.02, 4760592.25, 1632.33);
insert into STATION values (20, '.', 57, 682343.80, 4760593.10, 1634.81);
insert into STATION values (21, '2', 57, 682342.95, 4760593.35, 1633.60);
insert into STATION values (22, '.', 57, 682343.54, 4760593.55, 1633.57);
insert into STATION values (23, '.', 57, 682343.42, 4760593.02, 1633.49);
insert into STATION values (24, '.', 57, 682343.51, 4760592.64, 1633.49);
insert into STATION values (25, '.', 57, 682342.76, 4760592.48, 1633.52);
insert into STATION values (26, '.', 57, 682342.56, 4760592.74, 1633.63);
insert into STATION values (27, '.', 57, 682343.01, 4760593.27, 1630.87);
insert into STATION values (28, '.', 57, 682343.56, 4760593.74, 1635.15);
insert into STATION values (29, '3', 57, 682342.37, 4760592.90, 1616.22);
insert into STATION values (30, '.', 57, 682342.90, 4760591.21, 1616.13);
insert into STATION values (31, '.', 57, 682342.59, 4760590.62, 1616.26);
insert into STATION values (32, '.', 57, 682342.29, 4760591.41, 1616.24);
insert into STATION values (33, '.', 57, 682342.14, 4760592.79, 1616.24);
insert into STATION values (34, '.', 57, 682342.34, 4760593.71, 1616.38);
insert into STATION values (35, '.', 57, 682342.70, 4760594.37, 1616.43);
insert into STATION values (36, '.', 57, 682342.98, 4760593.43, 1616.28);
insert into STATION values (37, '.', 57, 682342.80, 4760592.74, 1616.19);
insert into STATION values (38, '.', 57, 682342.76, 4760593.59, 1630.83);
insert into STATION values (39, '.', 57, 682342.67, 4760595.18, 1621.77);
insert into STATION values (40, '.', 57, 682342.86, 4760591.26, 1618.50);
insert into STATION values (41, '.', 57, 682342.61, 4760590.87, 1618.59);
insert into STATION values (42, '.', 57, 682342.63, 4760590.90, 1618.06);
insert into STATION values (43, '.', 57, 682342.59, 4760591.50, 1615.34);
insert into STATION values (44, '.', 57, 682342.59, 4760594.41, 1615.48);
insert into STATION values (45, '4', 57, 682342.48, 4760593.32, 1599.48);
insert into STATION values (46, '.', 57, 682342.20, 4760593.38, 1599.46);
insert into STATION values (47, '.', 57, 682342.37, 4760594.22, 1599.40);
insert into STATION values (48, '.', 57, 682342.93, 4760593.64, 1599.43);
insert into STATION values (49, '.', 57, 682343.00, 4760593.14, 1599.43);
insert into STATION values (50, '.', 57, 682343.07, 4760592.12, 1599.28);
insert into STATION values (51, '.', 57, 682342.59, 4760588.57, 1598.96);
insert into STATION values (52, '.', 57, 682341.96, 4760591.50, 1599.30);
insert into STATION values (53, '.', 57, 682342.75, 4760601.57, 1599.16);
insert into STATION values (54, '.', 57, 682342.32, 4760597.37, 1599.45);
insert into STATION values (55, '.', 57, 682343.22, 4760596.63, 1599.13);
insert into STATION values (56, '5', 57, 682343.24, 4760591.21, 1600.89);
insert into STATION values (57, '.', 57, 682342.55, 4760587.53, 1600.95);
insert into STATION values (58, '.', 57, 682342.42, 4760590.44, 1600.82);
insert into STATION values (59, '.', 57, 682342.27, 4760591.18, 1600.76);
insert into STATION values (60, '.', 57, 682342.29, 4760592.30, 1601.03);
insert into STATION values (61, '.', 57, 682342.37, 4760593.85, 1601.00);
insert into STATION values (62, '.', 57, 682342.99, 4760593.35, 1600.98);
insert into STATION values (63, '.', 57, 682343.56, 4760592.32, 1600.90);
insert into STATION values (64, '.', 57, 682343.09, 4760591.38, 1599.51);
insert into STATION values (65, '6', 57, 682342.09, 4760588.31, 1585.70);
insert into STATION values (66, '7', 57, 682342.91, 4760599.45, 1596.47);
insert into STATION values (67, '.', 57, 682343.15, 4760601.42, 1596.46);
insert into STATION values (68, '.', 57, 682342.63, 4760599.47, 1596.48);
insert into STATION values (69, '.', 57, 682343.19, 4760599.38, 1596.45);
insert into STATION values (70, '.', 57, 682343.20, 4760598.29, 1596.58);
insert into STATION values (71, '.', 57, 682342.46, 4760597.77, 1596.26);
insert into STATION values (72, '.', 57, 682342.30, 4760599.11, 1596.51);
insert into STATION values (73, '.', 57, 682343.02, 4760599.78, 1605.55);
insert into STATION values (74, '.', 57, 682342.94, 4760598.94, 1594.44);
insert into STATION values (75, '8', 57, 682343.71, 4760600.98, 1587.57);
insert into STATION values (76, '.', 57, 682344.92, 4760603.15, 1587.91);
insert into STATION values (77, '.', 57, 682345.11, 4760601.13, 1587.75);
insert into STATION values (78, '.', 57, 682344.69, 4760600.07, 1587.74);
insert into STATION values (79, '.', 57, 682343.53, 4760599.32, 1587.42);
insert into STATION values (80, '.', 57, 682342.52, 4760600.33, 1587.73);
insert into STATION values (81, '.', 57, 682343.43, 4760600.26, 1601.43);
insert into STATION values (82, '.', 57, 682344.60, 4760602.22, 1589.90);
insert into STATION values (83, '.', 57, 682342.82, 4760599.40, 1590.59);
insert into STATION values (84, '.', 57, 682344.70, 4760600.48, 1561.12);
insert into STATION values (85, '.', 57, 682343.55, 4760599.32, 1577.90);
insert into STATION values (86, '9', 57, 682343.92, 4760601.52, 1579.78);
insert into STATION values (87, '.', 57, 682344.65, 4760603.72, 1579.81);
insert into STATION values (88, '.', 57, 682345.09, 4760601.75, 1579.87);
insert into STATION values (89, '.', 57, 682344.88, 4760600.76, 1579.59);
insert into STATION values (90, '.', 57, 682343.82, 4760599.57, 1579.73);
insert into STATION values (91, '.', 57, 682343.16, 4760598.89, 1579.70);
insert into STATION values (92, '.', 57, 682342.99, 4760600.69, 1579.82);
insert into STATION values (93, '.', 57, 682343.67, 4760600.17, 1595.46);
insert into STATION values (94, '10', 57, 682343.31, 4760603.17, 1552.52);
insert into STATION values (95, '.', 57, 682343.12, 4760604.79, 1524.20);
insert into STATION values (96, '.', 57, 682343.24, 4760606.92, 1552.52);
insert into STATION values (97, '.', 57, 682343.99, 4760609.46, 1552.64);
insert into STATION values (98, '.', 57, 682344.01, 4760603.72, 1552.53);
insert into STATION values (99, '.', 57, 682343.95, 4760602.96, 1552.49);
insert into STATION values (100, '.', 57, 682344.21, 4760600.35, 1552.37);
insert into STATION values (101, '.', 57, 682343.01, 4760595.01, 1552.25);
insert into STATION values (102, '.', 57, 682342.77, 4760598.55, 1552.55);
insert into STATION values (103, '.', 57, 682343.11, 4760608.94, 1563.16);
insert into STATION values (104, '.', 57, 682343.33, 4760607.09, 1570.81);
insert into STATION values (105, '11', 57, 682343.46, 4760601.85, 1543.05);
insert into STATION values (106, '.', 57, 682343.01, 4760602.00, 1543.10);
insert into STATION values (107, '.', 57, 682343.14, 4760602.69, 1543.09);
insert into STATION values (108, '.', 57, 682344.84, 4760610.56, 1542.90);
insert into STATION values (109, '.', 57, 682344.02, 4760601.93, 1543.09);
insert into STATION values (110, '.', 57, 682343.57, 4760600.91, 1543.28);
insert into STATION values (111, '12', 57, 682343.92, 4760605.77, 1543.39);
insert into STATION values (112, '.', 57, 682344.76, 4760605.68, 1543.30);
insert into STATION values (113, '.', 57, 682345.19, 4760607.41, 1543.35);
insert into STATION values (114, '.', 57, 682344.75, 4760610.81, 1543.54);
insert into STATION values (115, '.', 57, 682342.69, 4760608.09, 1543.85);
insert into STATION values (116, '.', 57, 682343.57, 4760605.81, 1543.44);
insert into STATION values (117, '.', 57, 682343.34, 4760601.29, 1544.07);
insert into STATION values (118, '.', 57, 682343.19, 4760603.95, 1543.67);
insert into STATION values (119, '.', 57, 682344.21, 4760604.62, 1543.58);
insert into STATION values (120, '.', 57, 682344.48, 4760604.95, 1543.41);
insert into STATION values (121, '13', 57, 682344.73, 4760607.89, 1538.56);
insert into STATION values (122, '.', 57, 682343.23, 4760607.33, 1538.72);
insert into STATION values (123, '.', 57, 682344.04, 4760608.96, 1538.63);
insert into STATION values (124, '.', 57, 682345.13, 4760610.29, 1538.64);
insert into STATION values (125, '.', 57, 682345.32, 4760607.87, 1538.62);
insert into STATION values (126, '.', 57, 682345.25, 4760606.26, 1538.74);
insert into STATION values (127, '.', 57, 682344.18, 4760605.16, 1538.75);
insert into STATION values (128, '.', 57, 682343.56, 4760605.63, 1538.66);
insert into STATION values (129, '.', 57, 682343.26, 4760607.31, 1538.62);
insert into STATION values (130, '.', 57, 682343.39, 4760610.97, 1552.22);
insert into STATION values (131, '.', 57, 682343.10, 4760607.12, 1559.98);
insert into STATION values (132, '.', 57, 682344.28, 4760608.01, 1537.42);
insert into STATION values (133, '.', 57, 682345.12, 4760607.93, 1537.46);
insert into STATION values (134, '.', 57, 682344.86, 4760608.20, 1523.90);
insert into STATION values (135, '.', 57, 682344.06, 4760604.96, 1525.32);
insert into STATION values (136, '14', 57, 682344.77, 4760608.04, 1523.88);
insert into STATION values (137, '.', 57, 682345.11, 4760607.99, 1523.89);
insert into STATION values (138, '.', 57, 682345.64, 4760609.67, 1523.83);
insert into STATION values (139, '.', 57, 682344.81, 4760609.05, 1523.85);
insert into STATION values (140, '.', 57, 682344.37, 4760608.10, 1523.91);
insert into STATION values (141, '.', 57, 682344.36, 4760606.18, 1523.95);
insert into STATION values (142, '.', 57, 682344.70, 4760609.29, 1531.71);
insert into STATION values (143, '.', 57, 682344.86, 4760608.13, 1523.32);
insert into STATION values (144, '15', 57, 682345.76, 4760611.08, 1523.98);
insert into STATION values (145, '.', 57, 682345.22, 4760611.18, 1523.98);
insert into STATION values (146, '.', 57, 682346.18, 4760611.19, 1523.99);
insert into STATION values (147, '.', 57, 682346.10, 4760612.71, 1524.20);
insert into STATION values (148, '.', 57, 682346.14, 4760614.46, 1524.56);
insert into STATION values (149, '.', 57, 682345.17, 4760614.31, 1524.40);
insert into STATION values (150, '.', 57, 682345.30, 4760612.34, 1524.26);
insert into STATION values (151, '.', 57, 682344.89, 4760612.13, 1530.11);
insert into STATION values (152, '.', 57, 682345.74, 4760610.82, 1523.12);
insert into STATION values (153, '16', 57, 682345.62, 4760614.59, 1524.79);
insert into STATION values (154, '.', 57, 682345.92, 4760614.69, 1524.80);
insert into STATION values (155, '.', 57, 682346.89, 4760613.32, 1524.94);
insert into STATION values (156, '.', 57, 682345.73, 4760611.38, 1524.96);
insert into STATION values (157, '.', 57, 682344.77, 4760613.96, 1524.79);
insert into STATION values (158, '.', 57, 682344.99, 4760615.06, 1524.79);
insert into STATION values (159, '.', 57, 682345.15, 4760615.68, 1524.86);
insert into STATION values (160, '.', 57, 682345.00, 4760619.00, 1525.23);
insert into STATION values (161, '.', 57, 682345.61, 4760615.16, 1524.83);
insert into STATION values (162, '.', 57, 682345.56, 4760612.41, 1529.66);
insert into STATION values (163, '.', 57, 682345.64, 4760613.65, 1539.28);
insert into STATION values (164, '.', 57, 682346.35, 4760614.12, 1523.31);
insert into STATION values (165, '.', 57, 682345.49, 4760614.41, 1523.28);
insert into STATION values (166, '17', 57, 682345.84, 4760615.23, 1519.85);
insert into STATION values (167, '.', 57, 682346.00, 4760612.39, 1519.74);
insert into STATION values (168, '.', 57, 682346.41, 4760615.19, 1519.89);
insert into STATION values (169, '.', 57, 682346.51, 4760613.89, 1519.85);
insert into STATION values (170, '.', 57, 682345.54, 4760614.72, 1519.79);
insert into STATION values (171, '.', 57, 682343.63, 4760617.81, 1519.99);
insert into STATION values (172, '.', 57, 682345.64, 4760614.64, 1518.17);
insert into STATION values (173, '.', 57, 682345.10, 4760615.13, 1526.41);
insert into STATION values (174, '.', 57, 682345.92, 4760618.85, 1498.48);
insert into STATION values (175, '.', 57, 682345.54, 4760617.38, 1515.33);
insert into STATION values (176, '.', 57, 682345.56, 4760617.30, 1515.55);
insert into STATION values (177, '18', 57, 682345.67, 4760619.07, 1499.93);
insert into STATION values (178, '.', 57, 682345.89, 4760620.46, 1500.10);
insert into STATION values (179, '.', 57, 682347.61, 4760621.26, 1500.08);
insert into STATION values (180, '.', 57, 682347.48, 4760618.56, 1500.03);
insert into STATION values (181, '.', 57, 682347.10, 4760617.32, 1500.04);
insert into STATION values (182, '.', 57, 682345.95, 4760618.01, 1499.97);
insert into STATION values (183, '.', 57, 682343.78, 4760617.12, 1527.08);
insert into STATION values (184, '.', 57, 682345.96, 4760619.05, 1498.26);
insert into STATION values (185, '19', 57, 682347.20, 4760621.61, 1499.32);
insert into STATION values (186, '.', 57, 682346.56, 4760621.88, 1499.49);
insert into STATION values (187, '.', 57, 682346.09, 4760621.56, 1499.52);
insert into STATION values (188, '.', 57, 682346.45, 4760621.26, 1499.38);
insert into STATION values (189, '.', 57, 682346.14, 4760621.72, 1499.45);
insert into STATION values (190, '.', 57, 682345.72, 4760618.93, 1499.44);
insert into STATION values (191, '.', 57, 682347.20, 4760621.11, 1499.35);
insert into STATION values (192, '.', 57, 682346.47, 4760617.41, 1499.44);
insert into STATION values (193, '.', 57, 682348.26, 4760620.56, 1499.44);
insert into STATION values (194, '.', 57, 682342.89, 4760619.14, 1514.68);
insert into STATION values (195, '.', 57, 682342.00, 4760622.27, 1510.42);
insert into STATION values (196, '.', 57, 682347.27, 4760621.15, 1497.46);
insert into STATION values (197, '.', 57, 682346.23, 4760622.18, 1496.41);
insert into STATION values (198, '20', 57, 682346.40, 4760622.21, 1496.36);
insert into STATION values (199, '.', 57, 682343.95, 4760624.09, 1495.94);
insert into STATION values (200, '.', 57, 682343.37, 4760625.13, 1495.65);
insert into STATION values (201, '.', 57, 682346.12, 4760623.28, 1496.37);
insert into STATION values (202, '.', 57, 682347.00, 4760622.58, 1496.43);
insert into STATION values (203, '.', 57, 682347.53, 4760621.70, 1496.47);
insert into STATION values (204, '.', 57, 682347.10, 4760621.02, 1496.31);
insert into STATION values (205, '.', 57, 682344.88, 4760622.44, 1503.36);
insert into STATION values (206, '.', 57, 682346.57, 4760621.44, 1495.30);
insert into STATION values (207, '.', 57, 682347.12, 4760623.75, 1482.86);
insert into STATION values (208, '21', 57, 682345.86, 4760625.52, 1482.79);
insert into STATION values (209, '.', 57, 682343.92, 4760625.58, 1482.81);
insert into STATION values (210, '.', 57, 682344.40, 4760626.14, 1482.72);
insert into STATION values (211, '.', 57, 682343.10, 4760629.66, 1482.36);
insert into STATION values (212, '.', 57, 682345.88, 4760625.92, 1482.83);
insert into STATION values (213, '.', 57, 682345.61, 4760625.16, 1482.79);
insert into STATION values (214, '.', 57, 682346.36, 4760623.34, 1483.09);
insert into STATION values (215, '.', 57, 682347.29, 4760624.24, 1483.00);
insert into STATION values (216, '.', 57, 682348.06, 4760624.77, 1482.95);
insert into STATION values (217, '.', 57, 682347.10, 4760625.66, 1483.03);
insert into STATION values (218, '.', 57, 682343.80, 4760623.30, 1498.51);
insert into STATION values (219, '.', 57, 682346.38, 4760624.48, 1480.41);
insert into STATION values (220, '.', 57, 682347.95, 4760624.71, 1480.72);
insert into STATION values (221, '22', 57, 682345.93, 4760627.98, 1461.84);
insert into STATION values (222, '.', 57, 682345.61, 4760626.05, 1461.98);
insert into STATION values (223, '.', 57, 682347.35, 4760627.49, 1462.25);
insert into STATION values (224, '.', 57, 682346.82, 4760629.61, 1462.32);
insert into STATION values (225, '.', 57, 682346.98, 4760628.04, 1462.23);
insert into STATION values (226, '.', 57, 682344.64, 4760630.89, 1462.17);
insert into STATION values (227, '.', 57, 682342.75, 4760632.60, 1462.18);
insert into STATION values (228, '.', 57, 682342.46, 4760630.49, 1462.04);
insert into STATION values (229, 'PTR_01_23', 57, 682343.96, 4760628.41, 1463.20);
insert into STATION values (230, '.', 57, 682343.92, 4760634.21, 1463.35);
insert into STATION values (231, '.', 57, 682345.44, 4760631.26, 1463.19);
insert into STATION values (232, '.', 57, 682347.09, 4760629.04, 1463.37);
insert into STATION values (233, '.', 57, 682347.67, 4760626.31, 1463.60);
insert into STATION values (234, '.', 57, 682345.92, 4760625.99, 1463.20);
insert into STATION values (235, '.', 57, 682346.48, 4760627.01, 1482.49);
insert into STATION values (236, '.', 57, 682344.73, 4760628.75, 1461.20);
insert into STATION values (237, '24', 57, 682342.15, 4760632.10, 1460.58);
insert into STATION values (238, '.', 57, 682342.47, 4760634.35, 1460.62);
insert into STATION values (239, '.', 57, 682341.91, 4760630.62, 1460.50);
insert into STATION values (240, '.', 57, 682342.84, 4760630.48, 1460.50);
insert into STATION values (241, '.', 57, 682342.78, 4760631.67, 1460.70);
insert into STATION values (242, '.', 57, 682343.15, 4760632.38, 1460.79);
insert into STATION values (243, '.', 57, 682343.07, 4760633.37, 1460.74);
insert into STATION values (244, '.', 57, 682346.27, 4760630.74, 1471.93);
insert into STATION values (245, '.', 57, 682342.05, 4760632.68, 1459.93);
insert into STATION values (246, '.', 57, 682342.15, 4760630.93, 1459.60);
insert into STATION values (247, '25', 57, 682340.78, 4760632.27, 1448.83);
insert into STATION values (248, '.', 57, 682341.84, 4760634.25, 1448.72);
insert into STATION values (249, '.', 57, 682343.96, 4760635.39, 1448.71);
insert into STATION values (250, '.', 57, 682343.19, 4760631.73, 1449.16);
insert into STATION values (251, '.', 57, 682342.43, 4760630.37, 1449.23);
insert into STATION values (252, '.', 57, 682340.93, 4760631.61, 1448.91);
insert into STATION values (253, '.', 57, 682341.55, 4760632.63, 1459.53);
insert into STATION values (254, '.', 57, 682340.89, 4760632.66, 1445.88);
insert into STATION values (255, '26', 57, 682343.41, 4760634.26, 1448.89);
insert into STATION values (256, '.', 57, 682345.00, 4760633.54, 1448.84);
insert into STATION values (257, '.', 57, 682346.73, 4760634.71, 1449.26);
insert into STATION values (258, '.', 57, 682347.66, 4760635.94, 1450.70);
insert into STATION values (259, '.', 57, 682343.05, 4760635.22, 1448.98);
insert into STATION values (260, '.', 57, 682341.61, 4760634.08, 1448.90);
insert into STATION values (261, '.', 57, 682340.90, 4760633.50, 1448.89);
insert into STATION values (262, '.', 57, 682340.69, 4760631.83, 1448.93);
insert into STATION values (263, '.', 57, 682341.94, 4760630.78, 1449.08);
insert into STATION values (264, '.', 57, 682341.58, 4760631.37, 1449.08);
insert into STATION values (265, '.', 57, 682343.64, 4760634.11, 1447.35);
insert into STATION values (266, '.', 57, 682343.66, 4760633.86, 1456.75);
insert into STATION values (267, '27', 57, 682345.76, 4760633.80, 1465.71);
insert into STATION values (268, '28', 57, 682346.12, 4760634.25, 1449.44);
insert into STATION values (269, '.', 57, 682347.36, 4760636.55, 1449.39);
insert into STATION values (270, '.', 57, 682345.92, 4760638.55, 1449.33);
insert into STATION values (271, '.', 57, 682345.53, 4760635.00, 1449.36);
insert into STATION values (272, '.', 57, 682343.71, 4760635.26, 1449.57);
insert into STATION values (273, '.', 57, 682342.91, 4760634.51, 1449.89);
insert into STATION values (274, '.', 57, 682341.36, 4760632.27, 1449.08);
insert into STATION values (275, '.', 57, 682346.17, 4760633.77, 1449.43);
insert into STATION values (276, '.', 57, 682345.27, 4760633.88, 1462.00);
insert into STATION values (277, '.', 57, 682343.04, 4760634.05, 1453.72);
insert into STATION values (278, '.', 57, 682345.44, 4760634.97, 1443.78);
insert into STATION values (279, '.', 57, 682346.77, 4760636.52, 1444.68);
insert into STATION values (280, '29', 57, 682346.78, 4760636.16, 1444.53);
insert into STATION values (281, '.', 57, 682345.90, 4760635.88, 1444.56);
insert into STATION values (282, '.', 57, 682344.68, 4760634.17, 1444.65);
insert into STATION values (283, '.', 57, 682346.42, 4760634.42, 1444.56);
insert into STATION values (284, '.', 57, 682345.08, 4760638.75, 1444.60);
insert into STATION values (285, '.', 57, 682346.32, 4760640.06, 1444.83);
insert into STATION values (286, '.', 57, 682345.58, 4760634.68, 1443.81);
insert into STATION values (287, '.', 57, 682346.63, 4760636.18, 1443.64);
insert into STATION values (288, '.', 57, 682345.53, 4760636.77, 1434.35);
insert into STATION values (289, '.', 57, 682344.49, 4760636.78, 1460.25);
insert into STATION values (290, '30', 57, 682344.87, 4760639.72, 1431.55);
insert into STATION values (291, '.', 57, 682343.57, 4760636.67, 1431.54);
insert into STATION values (292, '.', 57, 682345.87, 4760638.34, 1431.78);
insert into STATION values (293, '.', 57, 682346.11, 4760639.66, 1431.65);
insert into STATION values (294, '.', 57, 682343.38, 4760639.40, 1431.63);
insert into STATION values (295, '.', 57, 682344.22, 4760640.73, 1431.61);
insert into STATION values (296, '.', 57, 682345.13, 4760640.36, 1431.40);
insert into STATION values (297, '.', 57, 682345.39, 4760635.73, 1458.80);
insert into STATION values (298, '.', 57, 682344.77, 4760639.80, 1428.55);
insert into STATION values (299, '.', 57, 682344.33, 4760640.89, 1430.83);
insert into STATION values (300, '31', 57, 682344.18, 4760640.93, 1430.37);
insert into STATION values (301, '.', 57, 682343.38, 4760640.06, 1430.46);
insert into STATION values (302, '.', 57, 682344.55, 4760639.62, 1430.20);
insert into STATION values (303, '.', 57, 682345.21, 4760639.65, 1430.23);
insert into STATION values (304, '.', 57, 682344.91, 4760640.57, 1430.37);
insert into STATION values (305, '.', 57, 682346.82, 4760642.32, 1430.40);
insert into STATION values (306, '.', 57, 682345.00, 4760641.66, 1430.43);
insert into STATION values (307, '.', 57, 682344.13, 4760641.28, 1430.54);
insert into STATION values (308, '.', 57, 682345.08, 4760639.34, 1444.05);
insert into STATION values (309, '.', 57, 682344.19, 4760640.90, 1428.70);
insert into STATION values (310, '.', 57, 682345.52, 4760641.68, 1428.13);
insert into STATION values (311, '.', 57, 682347.40, 4760642.87, 1425.68);
insert into STATION values (312, '32', 57, 682347.31, 4760642.69, 1432.13);
insert into STATION values (313, '.', 57, 682347.68, 4760643.47, 1432.25);
insert into STATION values (314, '.', 57, 682346.82, 4760643.55, 1432.29);
insert into STATION values (315, '.', 57, 682345.78, 4760646.63, 1432.25);
insert into STATION values (316, '.', 57, 682346.54, 4760642.82, 1432.20);
insert into STATION values (317, '.', 57, 682346.01, 4760641.87, 1432.25);
insert into STATION values (318, '.', 57, 682346.90, 4760642.29, 1432.31);
insert into STATION values (319, '.', 57, 682346.87, 4760642.46, 1434.77);
insert into STATION values (320, '.', 57, 682346.35, 4760642.88, 1430.02);
insert into STATION values (321, '.', 57, 682345.70, 4760642.89, 1424.03);
insert into STATION values (322, '33', 57, 682346.98, 4760644.29, 1432.11);
insert into STATION values (323, '.', 57, 682346.44, 4760645.85, 1432.13);
insert into STATION values (324, '.', 57, 682345.27, 4760646.98, 1432.18);
insert into STATION values (325, '.', 57, 682345.50, 4760645.62, 1432.14);
insert into STATION values (326, '.', 57, 682346.73, 4760644.06, 1432.13);
insert into STATION values (327, '.', 57, 682347.21, 4760642.84, 1432.20);
insert into STATION values (328, '.', 57, 682347.57, 4760643.62, 1431.92);
insert into STATION values (329, '.', 57, 682346.44, 4760644.21, 1434.38);
insert into STATION values (330, '.', 57, 682346.76, 4760641.91, 1417.03);
insert into STATION values (331, '34', 57, 682348.12, 4760647.28, 1414.35);
insert into STATION values (332, '.', 57, 682346.49, 4760647.46, 1414.53);
insert into STATION values (333, '.', 57, 682346.13, 4760645.87, 1414.89);
insert into STATION values (334, '.', 57, 682345.96, 4760642.81, 1415.27);
insert into STATION values (335, '.', 57, 682346.73, 4760642.60, 1415.31);
insert into STATION values (336, '.', 57, 682348.08, 4760645.95, 1414.76);
insert into STATION values (337, '.', 57, 682349.45, 4760644.33, 1414.53);
insert into STATION values (338, '.', 57, 682346.32, 4760648.55, 1414.37);
insert into STATION values (339, '.', 57, 682346.62, 4760649.14, 1414.43);
insert into STATION values (340, '.', 57, 682343.15, 4760652.40, 1414.74);
insert into STATION values (341, '.', 57, 682344.42, 4760648.80, 1433.68);
insert into STATION values (342, '.', 57, 682347.92, 4760647.48, 1412.20);
insert into STATION values (343, '35', 57, 682343.23, 4760652.32, 1413.46);
insert into STATION values (344, '.', 57, 682344.68, 4760653.24, 1413.40);
insert into STATION values (345, '.', 57, 682343.60, 4760654.39, 1413.57);
insert into STATION values (346, '.', 57, 682345.66, 4760650.93, 1413.62);
insert into STATION values (347, '.', 57, 682344.30, 4760650.20, 1413.77);
insert into STATION values (348, '.', 57, 682342.87, 4760650.46, 1413.69);
insert into STATION values (349, '.', 57, 682342.77, 4760652.25, 1413.54);
insert into STATION values (350, '.', 57, 682343.32, 4760653.65, 1424.35);
insert into STATION values (351, '.', 57, 682344.20, 4760652.41, 1411.67);
insert into STATION values (352, '36', 57, 682345.30, 4760651.37, 1429.88);
insert into STATION values (353, '37', 57, 682344.13, 4760653.64, 1413.68);
insert into STATION values (354, '.', 57, 682342.32, 4760655.55, 1413.56);
insert into STATION values (355, '.', 57, 682343.62, 4760654.41, 1413.68);
insert into STATION values (356, '.', 57, 682343.26, 4760653.49, 1413.68);
insert into STATION values (357, '.', 57, 682346.38, 4760648.43, 1414.55);
insert into STATION values (358, '.', 57, 682344.55, 4760650.20, 1413.77);
insert into STATION values (359, '.', 57, 682343.75, 4760650.27, 1413.72);
insert into STATION values (360, '.', 57, 682343.71, 4760653.46, 1423.81);
insert into STATION values (361, '.', 57, 682343.96, 4760652.79, 1409.88);
insert into STATION values (362, '.', 57, 682343.93, 4760652.99, 1411.83);
insert into STATION values (363, '.', 57, 682343.72, 4760653.49, 1409.06);
insert into STATION values (364, '38', 57, 682342.52, 4760654.34, 1409.59);
insert into STATION values (365, '.', 57, 682342.21, 4760656.11, 1409.46);
insert into STATION values (366, '.', 57, 682343.83, 4760654.15, 1409.69);
insert into STATION values (367, '.', 57, 682343.26, 4760653.33, 1409.48);
insert into STATION values (368, '.', 57, 682341.95, 4760656.11, 1409.36);
insert into STATION values (369, '.', 57, 682342.52, 4760654.44, 1406.99);
insert into STATION values (370, '.', 57, 682342.65, 4760655.21, 1413.63);
insert into STATION values (371, '39', 57, 682339.91, 4760658.54, 1408.15);
insert into STATION values (372, '.', 57, 682340.16, 4760658.72, 1408.18);
insert into STATION values (373, '.', 57, 682340.80, 4760657.85, 1408.14);
insert into STATION values (374, '.', 57, 682342.53, 4760654.69, 1407.85);
insert into STATION values (375, '.', 57, 682339.61, 4760657.42, 1408.19);
insert into STATION values (376, '.', 57, 682339.02, 4760658.34, 1408.13);
insert into STATION values (377, '.', 57, 682338.75, 4760659.05, 1408.70);
insert into STATION values (378, '.', 57, 682339.06, 4760660.30, 1408.62);
insert into STATION values (379, '.', 57, 682337.03, 4760662.53, 1410.62);
insert into STATION values (380, '.', 57, 682340.02, 4760658.36, 1406.31);
insert into STATION values (381, '.', 57, 682340.23, 4760658.39, 1413.35);
insert into STATION values (382, '40', 57, 682337.15, 4760662.54, 1409.87);
insert into STATION values (383, '.', 57, 682338.82, 4760664.00, 1410.04);
insert into STATION values (384, '.', 57, 682339.48, 4760663.09, 1410.09);
insert into STATION values (385, '.', 57, 682337.90, 4760662.09, 1409.91);
insert into STATION values (386, '.', 57, 682336.90, 4760661.88, 1410.03);
insert into STATION values (387, '.', 57, 682342.78, 4760654.67, 1410.29);
insert into STATION values (388, '.', 57, 682337.52, 4760661.98, 1414.03);
insert into STATION values (389, '.', 57, 682337.23, 4760662.54, 1407.93);
insert into STATION values (390, 'PTR_02_41', 57, 682338.09, 4760663.45, 1409.57);
insert into STATION values (391, '.', 57, 682337.23, 4760663.39, 1409.75);
insert into STATION values (392, '.', 57, 682339.03, 4760663.89, 1409.86);
insert into STATION values (393, '.', 57, 682338.37, 4760664.44, 1409.85);
insert into STATION values (394, '.', 57, 682337.93, 4760662.16, 1409.66);
insert into STATION values (395, '.', 57, 682336.70, 4760662.01, 1409.62);
insert into STATION values (396, '.', 57, 682339.38, 4760663.12, 1409.93);
insert into STATION values (397, '.', 57, 682337.77, 4760663.07, 1414.74);
insert into STATION values (398, '.', 57, 682338.14, 4760663.35, 1407.08);
insert into STATION values (399, 'PTR_02_41', 61, 682338.09, 4760663.45, 1409.57);
insert into STATION values (400, '42', 61, 682338.09, 4760663.45, 1385.37);
insert into STATION values (401, '.', 61, 682333.99, 4760661.55, 1385.26);
insert into STATION values (402, '.', 61, 682337.96, 4760663.36, 1385.36);
insert into STATION values (403, '.', 61, 682335.08, 4760664.27, 1385.27);
insert into STATION values (404, '.', 61, 682335.24, 4760668.09, 1385.02);
insert into STATION values (405, '.', 61, 682336.73, 4760669.27, 1385.26);
insert into STATION values (406, '.', 61, 682337.53, 4760667.54, 1385.31);
insert into STATION values (407, '.', 61, 682339.07, 4760666.38, 1385.23);
insert into STATION values (408, '.', 61, 682340.09, 4760665.60, 1385.40);
insert into STATION values (409, '.', 61, 682341.68, 4760666.54, 1385.51);
insert into STATION values (410, '.', 61, 682340.84, 4760665.20, 1385.52);
insert into STATION values (411, '.', 61, 682340.22, 4760664.05, 1385.56);
insert into STATION values (412, '.', 61, 682339.61, 4760663.49, 1385.59);
insert into STATION values (413, '.', 61, 682338.83, 4760666.63, 1397.46);
insert into STATION values (414, '.', 61, 682338.02, 4760663.46, 1385.51);
insert into STATION values (415, '43', 61, 682339.64, 4760663.97, 1368.40);
insert into STATION values (416, '.', 61, 682342.21, 4760661.88, 1368.61);
insert into STATION values (417, '.', 61, 682340.20, 4760660.28, 1368.61);
insert into STATION values (418, '.', 61, 682337.61, 4760658.24, 1368.44);
insert into STATION values (419, '.', 61, 682336.83, 4760661.00, 1368.27);
insert into STATION values (420, '.', 61, 682336.74, 4760663.87, 1368.65);
insert into STATION values (421, '.', 61, 682338.84, 4760664.71, 1368.59);
insert into STATION values (422, '.', 61, 682340.06, 4760662.13, 1376.21);
insert into STATION values (423, '.', 61, 682341.17, 4760658.04, 1357.79);
insert into STATION values (424, '44', 61, 682338.48, 4760661.40, 1354.12);
insert into STATION values (425, '.', 61, 682339.14, 4760661.51, 1354.25);
insert into STATION values (426, '.', 61, 682342.36, 4760660.88, 1354.76);
insert into STATION values (427, '.', 61, 682344.20, 4760659.59, 1354.77);
insert into STATION values (428, '.', 61, 682342.83, 4760658.60, 1355.23);
insert into STATION values (429, '.', 61, 682341.66, 4760658.17, 1355.85);
insert into STATION values (430, '.', 61, 682339.24, 4760659.45, 1354.37);
insert into STATION values (431, '.', 61, 682338.13, 4760660.97, 1354.12);
insert into STATION values (432, '.', 61, 682338.10, 4760661.33, 1354.11);
insert into STATION values (433, '.', 61, 682338.48, 4760661.26, 1353.51);
insert into STATION values (434, '.', 61, 682340.57, 4760659.27, 1354.65);
insert into STATION values (435, '.', 61, 682340.87, 4760657.25, 1355.92);
insert into STATION values (436, '.', 61, 682342.88, 4760658.68, 1355.80);
insert into STATION values (437, '45', 61, 682341.38, 4760657.85, 1356.30);
insert into STATION values (438, '.', 61, 682343.87, 4760658.54, 1355.87);
insert into STATION values (439, '.', 61, 682343.66, 4760660.28, 1356.03);
insert into STATION values (440, '.', 61, 682341.48, 4760657.22, 1356.29);
insert into STATION values (441, '.', 61, 682335.30, 4760652.46, 1356.42);
insert into STATION values (442, '.', 61, 682339.03, 4760657.95, 1356.27);
insert into STATION values (443, '.', 61, 682338.46, 4760660.96, 1356.30);
insert into STATION values (444, '.', 61, 682342.98, 4760659.95, 1356.01);
insert into STATION values (445, '.', 61, 682340.98, 4760661.17, 1356.15);
insert into STATION values (446, '46', 61, 682343.29, 4760658.08, 1346.42);
insert into STATION values (447, '.', 61, 682339.96, 4760655.99, 1346.47);
insert into STATION values (448, '.', 61, 682344.93, 4760660.40, 1346.49);
insert into STATION values (449, '.', 61, 682353.31, 4760665.65, 1345.48);
insert into STATION values (450, '.', 61, 682346.31, 4760658.90, 1346.28);
insert into STATION values (451, '.', 61, 682344.45, 4760657.48, 1346.32);
insert into STATION values (452, '.', 61, 682343.42, 4760656.48, 1346.88);
insert into STATION values (453, '.', 61, 682344.10, 4760657.33, 1346.44);
insert into STATION values (454, '47', 61, 682342.88, 4760657.10, 1340.05);
insert into STATION values (455, '.', 61, 682345.14, 4760659.18, 1340.53);
insert into STATION values (456, '.', 61, 682352.54, 4760663.58, 1340.64);
insert into STATION values (457, '.', 61, 682346.25, 4760657.68, 1340.27);
insert into STATION values (458, '.', 61, 682343.42, 4760655.70, 1340.04);
insert into STATION values (459, '.', 61, 682341.77, 4760655.75, 1340.28);
insert into STATION values (460, '.', 61, 682342.89, 4760657.15, 1340.20);
insert into STATION values (461, '.', 61, 682345.18, 4760655.11, 1327.86);
insert into STATION values (462, '48', 61, 682342.40, 4760656.14, 1323.88);
insert into STATION values (463, '.', 61, 682338.33, 4760654.29, 1324.20);
insert into STATION values (464, '.', 61, 682339.28, 4760657.38, 1324.45);
insert into STATION values (465, '.', 61, 682341.57, 4760657.49, 1324.21);
insert into STATION values (466, '.', 61, 682344.04, 4760658.17, 1323.95);
insert into STATION values (467, '.', 61, 682343.31, 4760655.87, 1324.11);
insert into STATION values (468, '.', 61, 682345.42, 4760654.23, 1330.11);
insert into STATION values (469, '.', 61, 682338.37, 4760652.94, 1331.07);
insert into STATION values (470, '.', 61, 682341.86, 4760655.86, 1323.88);
insert into STATION values (471, '49', 61, 682342.40, 4760656.14, 1302.50);
insert into STATION values (472, '.', 61, 682342.84, 4760652.91, 1302.25);
insert into STATION values (473, '.', 61, 682341.72, 4760655.49, 1302.63);
insert into STATION values (474, '.', 61, 682343.07, 4760657.35, 1302.36);
insert into STATION values (475, '.', 61, 682343.86, 4760656.50, 1302.32);
insert into STATION values (476, '.', 61, 682345.16, 4760655.23, 1302.23);
insert into STATION values (477, '.', 61, 682343.80, 4760653.66, 1302.18);
insert into STATION values (478, '.', 61, 682341.24, 4760655.24, 1307.13);
insert into STATION values (479, '.', 61, 682342.20, 4760656.40, 1302.10);
insert into STATION values (480, '50', 61, 682343.97, 4760654.99, 1301.96);
insert into STATION values (481, '.', 61, 682342.29, 4760655.48, 1301.98);
insert into STATION values (482, '.', 61, 682342.45, 4760657.20, 1302.15);
insert into STATION values (483, '.', 61, 682343.56, 4760657.58, 1302.10);
insert into STATION values (484, '.', 61, 682344.79, 4760656.43, 1302.12);
insert into STATION values (485, '.', 61, 682345.62, 4760654.54, 1303.11);
insert into STATION values (486, '.', 61, 682342.91, 4760653.10, 1302.66);
insert into STATION values (487, '.', 61, 682341.04, 4760654.15, 1301.98);
insert into STATION values (488, '.', 61, 682343.30, 4760655.17, 1306.42);
insert into STATION values (489, '.', 61, 682344.04, 4760654.59, 1300.85);
insert into STATION values (490, '51', 61, 682347.07, 4760656.45, 1304.28);
insert into STATION values (491, 'PTR_A84_52', 61, 682334.73, 4760649.98, 1295.39);
insert into STATION values (492, '.', 61, 682330.59, 4760652.46, 1297.42);
insert into STATION values (493, '.', 61, 682336.34, 4760647.87, 1295.63);
insert into STATION values (494, '.', 61, 682333.70, 4760645.90, 1295.40);
insert into STATION values (495, '.', 61, 682325.58, 4760634.30, 1294.54);
insert into STATION values (496, '.', 61, 682313.07, 4760635.89, 1293.22);
insert into STATION values (497, '.', 61, 682317.54, 4760647.34, 1295.27);
insert into STATION values (498, '.', 61, 682338.62, 4760655.29, 1299.49);
insert into STATION values (499, '.', 61, 682338.21, 4760650.43, 1297.10);
insert into STATION values (500, '.', 61, 682344.93, 4760654.65, 1302.59);
insert into STATION values (501, '.', 61, 682333.41, 4760650.69, 1302.71);
insert into STATION values (502, '.', 61, 682334.59, 4760649.51, 1293.55);
insert into STATION values (503, '53', 61, 682325.95, 4760643.62, 1288.78);
insert into STATION values (504, '.', 61, 682324.46, 4760645.64, 1290.29);
insert into STATION values (505, '.', 61, 682320.58, 4760644.38, 1290.24);
insert into STATION values (506, '.', 61, 682310.85, 4760642.10, 1290.99);
insert into STATION values (507, '.', 61, 682313.87, 4760636.26, 1290.79);
insert into STATION values (508, '.', 61, 682324.66, 4760635.86, 1289.82);
insert into STATION values (509, '.', 61, 682327.70, 4760635.47, 1289.24);
insert into STATION values (510, '.', 61, 682332.81, 4760639.81, 1289.60);
insert into STATION values (511, '.', 61, 682332.23, 4760644.34, 1290.27);
insert into STATION values (512, '.', 61, 682322.76, 4760641.74, 1303.29);
insert into STATION values (513, '.', 61, 682325.97, 4760642.94, 1287.26);
insert into STATION values (514, '54', 61, 682337.52, 4760631.28, 1286.67);
insert into STATION values (515, '55', 61, 682317.13, 4760642.79, 1288.88);
insert into STATION values (516, '.', 61, 682310.09, 4760644.28, 1287.02);
insert into STATION values (517, '.', 61, 682310.63, 4760644.18, 1287.99);
insert into STATION values (518, '.', 61, 682317.75, 4760644.71, 1288.80);
insert into STATION values (519, '.', 61, 682313.94, 4760646.50, 1288.03);
insert into STATION values (520, '.', 61, 682311.50, 4760639.55, 1288.01);
insert into STATION values (521, '.', 61, 682318.07, 4760636.70, 1290.25);
insert into STATION values (522, '.', 61, 682330.38, 4760638.68, 1291.76);
insert into STATION values (523, '.', 61, 682330.55, 4760637.33, 1289.62);
insert into STATION values (524, '.', 61, 682331.36, 4760646.12, 1289.78);
insert into STATION values (525, '.', 61, 682312.68, 4760642.88, 1300.38);
insert into STATION values (526, '.', 61, 682313.51, 4760642.47, 1300.29);
insert into STATION values (527, '.', 61, 682315.70, 4760642.50, 1287.97);
insert into STATION values (528, '.', 61, 682306.83, 4760641.68, 1282.92);
insert into STATION values (529, '.', 61, 682305.69, 4760641.74, 1282.54);
insert into STATION values (530, '56', 61, 682306.83, 4760641.66, 1282.82);
insert into STATION values (531, '.', 61, 682303.49, 4760637.10, 1282.14);
insert into STATION values (532, '.', 61, 682307.99, 4760638.39, 1282.87);
insert into STATION values (533, '.', 61, 682313.37, 4760639.20, 1286.22);
insert into STATION values (534, '.', 61, 682314.94, 4760647.42, 1286.53);
insert into STATION values (535, '.', 61, 682306.21, 4760642.58, 1282.85);
insert into STATION values (536, '.', 61, 682304.53, 4760642.16, 1282.90);
insert into STATION values (537, '.', 61, 682305.81, 4760641.10, 1280.23);
insert into STATION values (538, '.', 61, 682306.09, 4760641.58, 1286.92);
insert into STATION values (539, '57', 61, 682298.99, 4760637.00, 1281.80);
insert into STATION values (540, '.', 61, 682299.33, 4760634.72, 1281.78);
insert into STATION values (541, '.', 61, 682295.64, 4760635.05, 1281.74);
insert into STATION values (542, '.', 61, 682298.46, 4760637.75, 1281.87);
insert into STATION values (543, '.', 61, 682302.15, 4760640.60, 1282.50);
insert into STATION values (544, '.', 61, 682310.06, 4760643.15, 1283.29);
insert into STATION values (545, '.', 61, 682300.83, 4760635.97, 1282.17);
insert into STATION values (546, '.', 61, 682300.13, 4760636.70, 1285.56);
insert into STATION values (547, '.', 61, 682298.77, 4760636.98, 1280.30);
insert into STATION values (548, '58', 61, 682293.17, 4760634.99, 1284.79);
insert into STATION values (549, '.', 61, 682291.19, 4760636.83, 1284.96);
insert into STATION values (550, '.', 61, 682288.30, 4760636.25, 1285.13);
insert into STATION values (551, '.', 61, 682287.72, 4760631.92, 1285.78);
insert into STATION values (552, '.', 61, 682291.64, 4760631.37, 1286.41);
insert into STATION values (553, '.', 61, 682294.26, 4760632.88, 1286.07);
insert into STATION values (554, '.', 61, 682295.43, 4760634.42, 1285.66);
insert into STATION values (555, '.', 61, 682295.43, 4760637.15, 1285.64);
insert into STATION values (556, '.', 61, 682296.02, 4760639.34, 1284.99);
insert into STATION values (557, '.', 61, 682293.51, 4760638.82, 1285.02);
insert into STATION values (558, '.', 61, 682292.93, 4760634.88, 1285.99);
insert into STATION values (559, '.', 61, 682293.20, 4760635.27, 1283.97);
insert into STATION values (560, '59', 61, 682283.59, 4760634.66, 1284.36);
insert into STATION values (561, '.', 61, 682279.13, 4760636.26, 1284.04);
insert into STATION values (562, '.', 61, 682280.63, 4760633.77, 1284.26);
insert into STATION values (563, '.', 61, 682284.82, 4760632.90, 1284.91);
insert into STATION values (564, '.', 61, 682290.57, 4760632.37, 1284.89);
insert into STATION values (565, '.', 61, 682289.82, 4760637.20, 1284.92);
insert into STATION values (566, '.', 61, 682286.51, 4760637.64, 1284.83);
insert into STATION values (567, '.', 61, 682284.52, 4760637.78, 1284.49);
insert into STATION values (568, '.', 61, 682283.43, 4760634.34, 1286.65);
insert into STATION values (569, '.', 61, 682283.72, 4760634.42, 1283.43);
insert into STATION values (570, '60', 61, 682270.23, 4760633.97, 1282.07);
insert into STATION values (571, '.', 61, 682270.21, 4760635.10, 1282.30);
insert into STATION values (572, '.', 61, 682271.59, 4760635.90, 1282.64);
insert into STATION values (573, '.', 61, 682273.89, 4760635.71, 1282.86);
insert into STATION values (574, '.', 61, 682273.06, 4760633.57, 1282.55);
insert into STATION values (575, '.', 61, 682270.73, 4760632.79, 1282.47);
insert into STATION values (576, '.', 61, 682268.67, 4760632.69, 1282.29);
insert into STATION values (577, '.', 61, 682267.76, 4760634.05, 1282.45);
insert into STATION values (578, '.', 61, 682268.79, 4760634.90, 1282.36);
insert into STATION values (579, '.', 61, 682270.53, 4760633.98, 1285.11);
insert into STATION values (580, '.', 61, 682270.05, 4760634.10, 1281.25);
insert into STATION values (581, '61', 61, 682276.15, 4760635.33, 1282.43);
insert into STATION values (582, '.', 61, 682277.73, 4760634.08, 1282.36);
insert into STATION values (583, '.', 61, 682276.46, 4760633.92, 1282.53);
insert into STATION values (584, '.', 61, 682274.66, 4760634.05, 1282.38);
insert into STATION values (585, '.', 61, 682269.35, 4760635.09, 1283.04);
insert into STATION values (586, '.', 61, 682276.00, 4760635.61, 1282.48);
insert into STATION values (587, '.', 61, 682276.26, 4760634.75, 1286.67);
insert into STATION values (588, '.', 61, 682276.23, 4760635.15, 1281.49);
insert into STATION values (589, '.', 61, 682276.77, 4760634.29, 1279.16);
insert into STATION values (590, '.', 61, 682276.67, 4760634.46, 1279.12);
insert into STATION values (591, '.', 61, 682276.66, 4760634.20, 1279.16);
insert into STATION values (592, '.', 61, 682276.88, 4760634.47, 1279.19);
insert into STATION values (593, '62', 61, 682279.36, 4760634.05, 1281.06);
insert into STATION values (594, '.', 61, 682279.14, 4760633.87, 1281.18);
insert into STATION values (595, '.', 61, 682277.75, 4760633.74, 1281.48);
insert into STATION values (596, '.', 61, 682277.10, 4760635.20, 1281.24);
insert into STATION values (597, '.', 61, 682277.98, 4760638.04, 1280.63);
insert into STATION values (598, '.', 61, 682280.67, 4760637.53, 1280.79);
insert into STATION values (599, '.', 61, 682283.59, 4760637.77, 1281.06);
insert into STATION values (600, '.', 61, 682281.87, 4760635.01, 1281.06);
insert into STATION values (601, '.', 61, 682281.80, 4760634.99, 1281.07);
insert into STATION values (602, '.', 61, 682281.76, 4760634.96, 1281.04);
insert into STATION values (603, '.', 61, 682279.23, 4760635.41, 1284.94);
insert into STATION values (604, '.', 61, 682279.31, 4760634.54, 1279.39);
insert into STATION values (605, '63', 61, 682288.95, 4760638.51, 1281.19);
insert into STATION values (606, '64', 61, 682272.05, 4760636.71, 1278.96);
insert into STATION values (607, '.', 61, 682271.40, 4760637.82, 1279.19);
insert into STATION values (608, '.', 61, 682269.09, 4760637.16, 1279.05);
insert into STATION values (609, '.', 61, 682269.32, 4760634.20, 1279.21);
insert into STATION values (610, '.', 61, 682271.35, 4760634.16, 1279.17);
insert into STATION values (611, '.', 61, 682273.40, 4760634.72, 1279.58);
insert into STATION values (612, '.', 61, 682275.46, 4760634.56, 1279.74);
insert into STATION values (613, '.', 61, 682274.20, 4760637.48, 1279.79);
insert into STATION values (614, '.', 61, 682273.02, 4760637.99, 1279.39);
insert into STATION values (615, '.', 61, 682272.18, 4760636.56, 1280.14);
insert into STATION values (616, '.', 61, 682271.97, 4760636.74, 1278.08);
insert into STATION values (617, '65', 61, 682261.28, 4760636.25, 1278.70);
insert into STATION values (618, '.', 61, 682261.53, 4760635.63, 1278.85);
insert into STATION values (619, '.', 61, 682260.80, 4760633.29, 1279.96);
insert into STATION values (620, '.', 61, 682259.08, 4760633.69, 1281.19);
insert into STATION values (621, '.', 61, 682257.71, 4760634.96, 1280.48);
insert into STATION values (622, '.', 61, 682260.42, 4760636.75, 1279.23);
insert into STATION values (623, '.', 61, 682262.72, 4760637.50, 1278.37);
insert into STATION values (624, '.', 61, 682261.94, 4760637.62, 1278.63);
insert into STATION values (625, '.', 61, 682260.73, 4760636.17, 1282.03);
insert into STATION values (626, '.', 61, 682260.18, 4760635.77, 1282.05);
insert into STATION values (627, '.', 61, 682261.18, 4760636.02, 1276.43);
insert into STATION values (628, '66', 61, 682258.61, 4760633.18, 1280.18);
insert into STATION values (629, '.', 61, 682259.67, 4760630.38, 1280.58);
insert into STATION values (630, '.', 61, 682257.91, 4760630.48, 1280.39);
insert into STATION values (631, '.', 61, 682255.24, 4760631.44, 1280.00);
insert into STATION values (632, '.', 61, 682254.89, 4760633.24, 1280.16);
insert into STATION values (633, '.', 61, 682257.73, 4760634.02, 1280.31);
insert into STATION values (634, '.', 61, 682258.13, 4760637.68, 1280.50);
insert into STATION values (635, '.', 61, 682262.55, 4760635.39, 1281.13);
insert into STATION values (636, '.', 61, 682263.13, 4760632.64, 1281.10);
insert into STATION values (637, '.', 61, 682258.49, 4760633.03, 1280.89);
insert into STATION values (638, '.', 61, 682258.69, 4760633.27, 1279.14);
insert into STATION values (639, '67', 61, 682255.87, 4760632.18, 1279.43);
insert into STATION values (640, '.', 61, 682254.73, 4760631.57, 1279.47);
insert into STATION values (641, '.', 61, 682255.07, 4760633.02, 1279.68);
insert into STATION values (642, '.', 61, 682255.88, 4760633.45, 1279.96);
insert into STATION values (643, '.', 61, 682261.24, 4760636.54, 1281.25);
insert into STATION values (644, '.', 61, 682263.20, 4760632.40, 1281.34);
insert into STATION values (645, '.', 61, 682260.11, 4760630.70, 1280.00);
insert into STATION values (646, '.', 61, 682255.62, 4760632.66, 1281.69);
insert into STATION values (647, '.', 61, 682256.12, 4760632.35, 1278.70);
insert into STATION values (648, '68', 61, 682254.63, 4760634.38, 1282.94);
insert into STATION values (649, '.', 61, 682254.69, 4760633.41, 1283.01);
insert into STATION values (650, '.', 61, 682253.54, 4760632.34, 1283.17);
insert into STATION values (651, '.', 61, 682253.71, 4760634.23, 1283.23);
insert into STATION values (652, '.', 61, 682254.54, 4760635.10, 1282.96);
insert into STATION values (653, '.', 61, 682255.40, 4760637.66, 1282.65);
insert into STATION values (654, '.', 61, 682255.28, 4760635.19, 1282.99);
insert into STATION values (655, '.', 61, 682255.76, 4760634.64, 1283.14);
insert into STATION values (656, '.', 61, 682255.80, 4760633.55, 1283.22);
insert into STATION values (657, '.', 61, 682254.55, 4760634.46, 1283.53);
insert into STATION values (658, '.', 61, 682254.85, 4760634.57, 1281.37);
insert into STATION values (659, '69', 61, 682249.49, 4760630.75, 1284.69);
insert into STATION values (660, '.', 61, 682250.29, 4760626.22, 1284.73);
insert into STATION values (661, '.', 61, 682247.16, 4760624.45, 1284.44);
insert into STATION values (662, '.', 61, 682247.94, 4760630.11, 1285.40);
insert into STATION values (663, '.', 61, 682249.23, 4760631.81, 1284.83);
insert into STATION values (664, '.', 61, 682251.75, 4760629.97, 1284.71);
insert into STATION values (665, '.', 61, 682250.76, 4760631.09, 1284.60);
insert into STATION values (666, '.', 61, 682249.80, 4760629.28, 1288.44);
insert into STATION values (667, '.', 61, 682249.61, 4760630.52, 1283.50);
insert into STATION values (668, '.', 61, 682250.01, 4760630.29, 1282.77);
insert into STATION values (669, '.', 61, 682250.27, 4760628.98, 1282.11);
insert into STATION values (670, '.', 61, 682247.94, 4760633.00, 1294.04);
insert into STATION values (671, '.', 61, 682244.40, 4760629.34, 1288.49);
insert into STATION values (672, 'PTR_A87_70', 61, 682246.60, 4760628.74, 1284.66);
insert into STATION values (673, '.', 61, 682232.28, 4760644.01, 1291.50);
insert into STATION values (674, '.', 61, 682245.95, 4760640.49, 1291.84);
insert into STATION values (675, '.', 61, 682253.45, 4760639.72, 1293.62);
insert into STATION values (676, '.', 61, 682251.19, 4760631.22, 1287.64);
insert into STATION values (677, '.', 61, 682255.17, 4760630.85, 1290.50);
insert into STATION values (678, '.', 61, 682256.07, 4760634.51, 1292.48);
insert into STATION values (679, '.', 61, 682249.29, 4760626.12, 1286.77);
insert into STATION values (680, '.', 61, 682245.70, 4760624.32, 1284.77);
insert into STATION values (681, '.', 61, 682245.94, 4760628.74, 1287.98);
insert into STATION values (682, '.', 61, 682243.23, 4760632.56, 1294.53);
insert into STATION values (683, '.', 61, 682241.21, 4760636.57, 1300.17);
insert into STATION values (684, '.', 61, 682246.80, 4760628.61, 1282.93);
insert into STATION values (685, '.', 61, 682246.37, 4760625.92, 1280.63);
insert into STATION values (686, '71', 61, 682262.58, 4760634.89, 1295.03);
insert into STATION values (687, '72', 61, 682216.11, 4760630.47, 1285.14);
insert into STATION values (688, '.', 61, 682213.72, 4760629.36, 1285.75);
insert into STATION values (689, '.', 61, 682211.64, 4760630.31, 1286.11);
insert into STATION values (690, '.', 61, 682210.53, 4760633.37, 1286.61);
insert into STATION values (691, '.', 61, 682209.73, 4760636.28, 1285.85);
insert into STATION values (692, '.', 61, 682206.12, 4760646.54, 1290.56);
insert into STATION values (693, '.', 61, 682207.17, 4760645.03, 1290.62);
insert into STATION values (694, '.', 61, 682214.42, 4760643.79, 1291.28);
insert into STATION values (695, '.', 61, 682236.50, 4760643.28, 1293.80);
insert into STATION values (696, '.', 61, 682259.95, 4760637.93, 1292.90);
insert into STATION values (697, '.', 61, 682235.74, 4760628.32, 1288.02);
insert into STATION values (698, '.', 61, 682224.20, 4760625.92, 1287.35);
insert into STATION values (699, '.', 61, 682217.22, 4760633.06, 1293.31);
insert into STATION values (700, '.', 61, 682216.41, 4760630.38, 1283.35);
insert into STATION values (701, '.', 61, 682218.65, 4760635.23, 1281.48);
insert into STATION values (702, '.', 61, 682223.90, 4760653.54, 1277.78);
insert into STATION values (703, '.', 61, 682209.97, 4760638.51, 1282.33);
insert into STATION values (704, '73', 61, 682209.95, 4760638.49, 1282.41);
insert into STATION values (705, '.', 61, 682208.31, 4760651.15, 1282.81);
insert into STATION values (706, '.', 61, 682216.81, 4760649.98, 1283.48);
insert into STATION values (707, '.', 61, 682215.07, 4760640.33, 1282.26);
insert into STATION values (708, '.', 61, 682231.32, 4760648.71, 1286.41);
insert into STATION values (709, '.', 61, 682203.20, 4760637.99, 1283.27);
insert into STATION values (710, '.', 61, 682206.32, 4760636.17, 1282.99);
insert into STATION values (711, '.', 61, 682210.49, 4760635.70, 1282.53);
insert into STATION values (712, '.', 61, 682211.32, 4760634.51, 1283.03);
insert into STATION values (713, '.', 61, 682208.11, 4760639.98, 1287.23);
insert into STATION values (714, '.', 61, 682209.07, 4760641.47, 1292.63);
insert into STATION values (715, '.', 61, 682209.87, 4760638.48, 1281.67);
insert into STATION values (716, '.', 61, 682210.74, 4760642.32, 1273.54);
insert into STATION values (717, '74', 61, 682197.85, 4760644.43, 1283.25);
insert into STATION values (718, '.', 61, 682194.77, 4760640.38, 1283.75);
insert into STATION values (719, '.', 61, 682183.23, 4760636.60, 1284.09);
insert into STATION values (720, '.', 61, 682173.04, 4760638.26, 1282.18);
insert into STATION values (721, '.', 61, 682158.04, 4760646.68, 1286.11);
insert into STATION values (722, '.', 61, 682168.11, 4760656.41, 1285.38);
insert into STATION values (723, '.', 61, 682169.61, 4760662.80, 1279.71);
insert into STATION values (724, '.', 61, 682178.69, 4760657.42, 1284.55);
insert into STATION values (725, '.', 61, 682180.18, 4760659.22, 1285.23);
insert into STATION values (726, '.', 61, 682197.89, 4760651.39, 1284.72);
insert into STATION values (727, '.', 61, 682207.40, 4760651.67, 1282.96);
insert into STATION values (728, '.', 61, 682226.20, 4760652.26, 1281.76);
insert into STATION values (729, '.', 61, 682196.72, 4760644.77, 1291.77);
insert into STATION values (730, '.', 61, 682197.50, 4760643.48, 1281.03);
insert into STATION values (731, '.', 61, 682193.29, 4760649.77, 1271.75);
insert into STATION values (732, '75', 61, 682178.05, 4760645.69, 1276.42);
insert into STATION values (733, '.', 61, 682177.56, 4760637.47, 1281.56);
insert into STATION values (734, '.', 61, 682168.19, 4760637.39, 1283.92);
insert into STATION values (735, '.', 61, 682160.59, 4760641.05, 1282.58);
insert into STATION values (736, '.', 61, 682152.28, 4760651.42, 1284.24);
insert into STATION values (737, '.', 61, 682175.44, 4760662.26, 1279.72);
insert into STATION values (738, '.', 61, 682192.39, 4760658.48, 1278.14);
insert into STATION values (739, '.', 61, 682198.56, 4760656.25, 1279.71);
insert into STATION values (740, '.', 61, 682191.84, 4760639.85, 1283.34);
insert into STATION values (741, '.', 61, 682185.95, 4760635.70, 1287.03);
insert into STATION values (742, '.', 61, 682179.48, 4760642.97, 1277.88);
insert into STATION values (743, '.', 61, 682175.85, 4760644.23, 1290.54);
insert into STATION values (744, '.', 61, 682178.33, 4760645.82, 1275.32);
insert into STATION values (745, '.', 61, 682178.08, 4760656.97, 1265.68);
insert into STATION values (746, '76', 61, 682152.20, 4760647.47, 1271.01);
insert into STATION values (747, '.', 61, 682127.05, 4760647.92, 1275.54);
insert into STATION values (748, '.', 61, 682120.21, 4760642.77, 1268.92);
insert into STATION values (749, '.', 61, 682151.90, 4760646.13, 1271.58);
insert into STATION values (750, '.', 61, 682147.94, 4760640.57, 1277.30);
insert into STATION values (751, '.', 61, 682149.87, 4760646.81, 1272.55);
insert into STATION values (752, '.', 61, 682128.53, 4760652.95, 1276.09);
insert into STATION values (753, '.', 61, 682149.48, 4760672.70, 1276.50);
insert into STATION values (754, '.', 61, 682158.55, 4760683.67, 1271.46);
insert into STATION values (755, '.', 61, 682174.15, 4760649.49, 1272.78);
insert into STATION values (756, '.', 61, 682186.15, 4760661.43, 1279.62);
insert into STATION values (757, '.', 61, 682149.46, 4760648.56, 1284.12);
insert into STATION values (758, '.', 61, 682152.25, 4760647.64, 1270.17);
insert into STATION values (759, '.', 61, 682145.75, 4760667.98, 1252.18);
insert into STATION values (760, '77', 61, 682142.39, 4760653.52, 1265.90);
insert into STATION values (761, '.', 61, 682140.24, 4760648.78, 1267.80);
insert into STATION values (762, '.', 61, 682135.05, 4760643.50, 1273.88);
insert into STATION values (763, '.', 61, 682123.34, 4760646.86, 1275.27);
insert into STATION values (764, '.', 61, 682125.28, 4760654.93, 1271.45);
insert into STATION values (765, '.', 61, 682110.88, 4760662.99, 1270.23);
insert into STATION values (766, '.', 61, 682121.61, 4760681.13, 1270.14);
insert into STATION values (767, '.', 61, 682157.76, 4760684.70, 1270.79);
insert into STATION values (768, '.', 61, 682155.73, 4760655.69, 1265.59);
insert into STATION values (769, '.', 61, 682143.11, 4760656.01, 1277.70);
insert into STATION values (770, '.', 61, 682140.13, 4760653.76, 1262.68);
insert into STATION values (771, '.', 61, 682133.01, 4760664.29, 1252.58);
insert into STATION values (772, '78', 61, 682132.46, 4760654.95, 1261.89);
insert into STATION values (773, '.', 61, 682130.30, 4760652.80, 1263.29);
insert into STATION values (774, '.', 61, 682116.82, 4760647.07, 1269.03);
insert into STATION values (775, '.', 61, 682099.66, 4760654.23, 1270.43);
insert into STATION values (776, '.', 61, 682103.83, 4760651.87, 1269.01);
insert into STATION values (777, '.', 61, 682116.77, 4760665.12, 1267.56);
insert into STATION values (778, '.', 61, 682125.75, 4760682.97, 1271.14);
insert into STATION values (779, '.', 61, 682151.76, 4760683.96, 1274.36);
insert into STATION values (780, '.', 61, 682141.92, 4760654.39, 1264.64);
insert into STATION values (781, '.', 61, 682130.56, 4760656.52, 1273.53);
insert into STATION values (782, '.', 61, 682129.37, 4760653.61, 1276.24);
insert into STATION values (783, '.', 61, 682131.45, 4760655.40, 1260.11);
insert into STATION values (784, '.', 61, 682123.53, 4760665.99, 1251.38);
insert into STATION values (785, '79', 61, 682122.74, 4760657.79, 1259.36);
insert into STATION values (786, '.', 61, 682111.21, 4760656.52, 1257.92);
insert into STATION values (787, '.', 61, 682111.28, 4760659.44, 1257.36);
insert into STATION values (788, '.', 61, 682114.26, 4760665.32, 1255.81);
insert into STATION values (789, '.', 61, 682119.83, 4760683.47, 1257.24);
insert into STATION values (790, '.', 61, 682141.91, 4760679.42, 1258.91);
insert into STATION values (791, '.', 61, 682145.22, 4760672.30, 1252.89);
insert into STATION values (792, '.', 61, 682151.38, 4760665.17, 1260.50);
insert into STATION values (793, '.', 61, 682123.05, 4760657.66, 1273.08);
insert into STATION values (794, '.', 61, 682122.67, 4760657.90, 1257.87);
insert into STATION values (795, '.', 61, 682121.77, 4760666.47, 1249.20);
insert into STATION values (796, '80', 61, 682112.79, 4760662.89, 1254.12);
insert into STATION values (797, '.', 61, 682081.68, 4760660.24, 1267.83);
insert into STATION values (798, '.', 61, 682088.75, 4760677.35, 1261.02);
insert into STATION values (799, '.', 61, 682120.05, 4760645.48, 1267.48);
insert into STATION values (800, '.', 61, 682150.91, 4760644.34, 1280.00);
insert into STATION values (801, '.', 61, 682110.67, 4760663.68, 1266.97);
insert into STATION values (802, '.', 61, 682112.70, 4760662.88, 1252.34);
insert into STATION values (803, '81', 61, 682102.01, 4760666.84, 1249.79);
insert into STATION values (804, '.', 61, 682090.12, 4760655.92, 1256.81);
insert into STATION values (805, '.', 61, 682073.73, 4760672.26, 1256.28);
insert into STATION values (806, '.', 61, 682093.56, 4760684.44, 1252.91);
insert into STATION values (807, '.', 61, 682118.65, 4760688.65, 1261.94);
insert into STATION values (808, '.', 61, 682098.40, 4760668.89, 1268.69);
insert into STATION values (809, '.', 61, 682097.99, 4760668.53, 1244.99);
insert into STATION values (810, 'PTR_A86_82', 61, 682087.73, 4760669.16, 1245.94);
insert into STATION values (811, '.', 61, 682090.09, 4760656.50, 1253.43);
insert into STATION values (812, '.', 61, 682079.62, 4760654.00, 1251.19);
insert into STATION values (813, '.', 61, 682069.59, 4760658.19, 1251.78);
insert into STATION values (814, '.', 61, 682076.47, 4760679.57, 1247.82);
insert into STATION values (815, '.', 61, 682092.69, 4760684.48, 1253.31);
insert into STATION values (816, '.', 61, 682083.27, 4760665.84, 1265.86);
insert into STATION values (817, '.', 61, 682086.76, 4760666.59, 1241.74);
insert into STATION values (818, 'PTR_A86_82', 65, 682087.73, 4760669.16, 1245.94);
insert into STATION values (819, '83', 65, 682072.64, 4760671.78, 1244.49);
insert into STATION values (820, '.', 65, 682069.45, 4760651.26, 1246.01);
insert into STATION values (821, '.', 65, 682064.01, 4760660.10, 1245.23);
insert into STATION values (822, '.', 65, 682069.19, 4760671.18, 1245.36);
insert into STATION values (823, '.', 65, 682072.88, 4760674.33, 1245.60);
insert into STATION values (824, '.', 65, 682076.71, 4760679.69, 1248.83);
insert into STATION values (825, '.', 65, 682095.30, 4760663.43, 1250.92);
insert into STATION values (826, '.', 65, 682084.07, 4760656.97, 1246.99);
insert into STATION values (827, '.', 65, 682070.26, 4760666.25, 1261.98);
insert into STATION values (828, '.', 65, 682072.41, 4760670.82, 1242.99);
insert into STATION values (829, '.', 65, 682072.04, 4760655.89, 1235.71);
insert into STATION values (830, '.', 65, 682073.27, 4760655.62, 1234.35);
insert into STATION values (831, '84', 65, 682068.82, 4760658.41, 1237.22);
insert into STATION values (832, '.', 65, 682076.19, 4760654.86, 1238.55);
insert into STATION values (833, '.', 65, 682065.40, 4760656.65, 1237.66);
insert into STATION values (834, '.', 65, 682067.93, 4760664.87, 1238.41);
insert into STATION values (835, '.', 65, 682061.26, 4760660.16, 1236.10);
insert into STATION values (836, '.', 65, 682070.35, 4760658.88, 1253.01);
insert into STATION values (837, '.', 65, 682068.83, 4760658.41, 1234.60);
insert into STATION values (838, '.', 65, 682078.99, 4760659.64, 1237.81);
insert into STATION values (839, '.', 65, 682078.60, 4760659.69, 1238.14);
insert into STATION values (840, '85', 65, 682078.15, 4760659.63, 1238.06);
insert into STATION values (841, '.', 65, 682069.20, 4760665.91, 1240.73);
insert into STATION values (842, '.', 65, 682072.28, 4760675.11, 1247.77);
insert into STATION values (843, '.', 65, 682084.38, 4760660.08, 1241.07);
insert into STATION values (844, '.', 65, 682077.39, 4760655.93, 1238.43);
insert into STATION values (845, '.', 65, 682067.72, 4760656.69, 1240.46);
insert into STATION values (846, '.', 65, 682073.83, 4760664.31, 1260.55);
insert into STATION values (847, '.', 65, 682077.50, 4760659.29, 1235.62);
insert into STATION values (848, 'PTR_A23_86', 65, 682083.47, 4760658.59, 1237.56);
insert into STATION values (849, '.', 65, 682083.21, 4760659.99, 1237.61);
insert into STATION values (850, '.', 65, 682083.15, 4760659.95, 1237.68);
insert into STATION values (851, '.', 65, 682084.12, 4760659.97, 1237.39);
insert into STATION values (852, '.', 65, 682086.18, 4760660.24, 1236.93);
insert into STATION values (853, '.', 65, 682083.25, 4760658.09, 1237.63);
insert into STATION values (854, '.', 65, 682082.36, 4760658.17, 1237.72);
insert into STATION values (855, '.', 65, 682082.37, 4760658.47, 1237.67);
insert into STATION values (856, '.', 65, 682083.22, 4760659.22, 1239.17);
insert into STATION values (857, '.', 65, 682083.75, 4760659.17, 1237.91);
insert into STATION values (858, '.', 65, 682083.36, 4760658.84, 1236.38);
insert into STATION values (859, '87', 65, 682087.20, 4760661.58, 1236.77);
insert into STATION values (860, '.', 65, 682087.19, 4760662.62, 1237.33);
insert into STATION values (861, '.', 65, 682088.49, 4760660.87, 1237.11);
insert into STATION values (862, '.', 65, 682087.24, 4760660.38, 1236.51);
insert into STATION values (863, '.', 65, 682084.21, 4760661.26, 1237.15);
insert into STATION values (864, '.', 65, 682084.83, 4760662.35, 1237.17);
insert into STATION values (865, '.', 65, 682087.58, 4760660.70, 1238.98);
insert into STATION values (866, '.', 65, 682087.06, 4760661.29, 1236.33);
insert into STATION values (867, '.', 65, 682086.97, 4760661.14, 1236.13);
insert into STATION values (868, '88', 65, 682095.89, 4760659.56, 1237.03);
insert into STATION values (869, '89', 65, 682056.43, 4760649.94, 1235.00);
insert into STATION values (870, '.', 65, 682057.87, 4760646.86, 1235.59);
insert into STATION values (871, '.', 65, 682053.25, 4760645.58, 1235.49);
insert into STATION values (872, '.', 65, 682050.42, 4760648.58, 1235.55);
insert into STATION values (873, '.', 65, 682056.86, 4760652.15, 1235.86);
insert into STATION values (874, '.', 65, 682055.95, 4760649.56, 1239.67);
insert into STATION values (875, '.', 65, 682056.52, 4760649.73, 1234.34);
insert into STATION values (876, '90', 65, 682046.03, 4760642.23, 1236.23);
insert into STATION values (877, '91', 65, 682037.59, 4760637.25, 1236.33);
insert into STATION values (878, '.', 65, 682047.00, 4760640.24, 1236.52);
insert into STATION values (879, '.', 65, 682043.84, 4760639.60, 1236.78);
insert into STATION values (880, '.', 65, 682043.62, 4760645.84, 1236.99);
insert into STATION values (881, '.', 65, 682045.57, 4760641.75, 1240.04);
insert into STATION values (882, '.', 65, 682046.09, 4760642.07, 1234.57);
insert into STATION values (883, '.', 65, 682038.09, 4760635.21, 1236.71);
insert into STATION values (884, '.', 65, 682034.51, 4760630.54, 1236.94);
insert into STATION values (885, '.', 65, 682021.77, 4760624.46, 1237.33);
insert into STATION values (886, '.', 65, 682030.61, 4760639.72, 1236.87);
insert into STATION values (887, '.', 65, 682036.55, 4760644.64, 1236.49);
insert into STATION values (888, '.', 65, 682037.04, 4760637.12, 1239.63);
insert into STATION values (889, '.', 65, 682037.55, 4760637.36, 1235.40);
insert into STATION values (890, '.', 65, 682036.68, 4760640.74, 1232.12);
insert into STATION values (891, '.', 65, 682035.91, 4760636.69, 1227.14);
insert into STATION values (892, '92', 65, 682023.16, 4760626.75, 1229.23);
insert into STATION values (893, '.', 65, 682016.40, 4760628.67, 1226.50);
insert into STATION values (894, '.', 65, 682023.49, 4760624.38, 1231.41);
insert into STATION values (895, '.', 65, 682018.78, 4760640.35, 1238.80);
insert into STATION values (896, '.', 65, 682028.44, 4760638.52, 1235.38);
insert into STATION values (897, '.', 65, 682036.16, 4760634.17, 1232.60);
insert into STATION values (898, '.', 65, 682015.84, 4760628.98, 1255.06);
insert into STATION values (899, '.', 65, 682022.94, 4760628.84, 1226.52);
insert into STATION values (900, '93', 65, 682006.42, 4760630.26, 1238.67);
insert into STATION values (901, '.', 65, 682007.62, 4760642.14, 1243.28);
insert into STATION values (902, '.', 65, 682021.10, 4760643.64, 1244.45);
insert into STATION values (903, '.', 65, 682022.97, 4760624.64, 1239.93);
insert into STATION values (904, '.', 65, 682009.16, 4760619.07, 1240.34);
insert into STATION values (905, '.', 65, 682010.14, 4760630.07, 1255.76);
insert into STATION values (906, '.', 65, 682006.53, 4760630.24, 1238.53);
insert into STATION values (907, '.', 65, 681990.08, 4760620.06, 1239.95);
insert into STATION values (908, '.', 65, 681989.25, 4760619.63, 1240.05);
insert into STATION values (909, '94', 65, 681990.08, 4760620.10, 1239.92);
insert into STATION values (910, '.', 65, 681989.96, 4760616.58, 1241.22);
insert into STATION values (911, '.', 65, 681980.32, 4760617.77, 1242.82);
insert into STATION values (912, '.', 65, 681981.51, 4760637.17, 1243.35);
insert into STATION values (913, '.', 65, 681983.87, 4760637.96, 1242.88);
insert into STATION values (914, '.', 65, 682000.45, 4760643.13, 1242.66);
insert into STATION values (915, '.', 65, 681999.39, 4760641.78, 1243.49);
insert into STATION values (916, '.', 65, 681985.36, 4760624.89, 1254.80);
insert into STATION values (917, '.', 65, 681990.29, 4760620.67, 1236.63);
insert into STATION values (918, '95', 65, 681975.19, 4760622.26, 1238.95);
insert into STATION values (919, '.', 65, 681973.98, 4760615.71, 1239.38);
insert into STATION values (920, '.', 65, 681962.87, 4760619.40, 1238.57);
insert into STATION values (921, '.', 65, 681973.63, 4760642.26, 1241.45);
insert into STATION values (922, '.', 65, 681992.79, 4760641.04, 1243.67);
insert into STATION values (923, '.', 65, 681974.69, 4760626.89, 1253.90);
insert into STATION values (924, '.', 65, 681974.28, 4760618.74, 1234.43);
insert into STATION values (925, '96', 65, 681977.03, 4760623.00, 1247.48);
insert into STATION values (926, '97', 65, 681952.05, 4760624.50, 1234.93);
insert into STATION values (927, '.', 65, 681951.22, 4760622.56, 1236.90);
insert into STATION values (928, '.', 65, 681945.74, 4760645.05, 1239.23);
insert into STATION values (929, '.', 65, 681956.16, 4760627.38, 1236.16);
insert into STATION values (930, '.', 65, 681951.54, 4760633.16, 1250.96);
insert into STATION values (931, '.', 65, 681950.38, 4760629.35, 1230.84);
insert into STATION values (932, '98', 65, 681936.61, 4760631.49, 1231.21);
insert into STATION values (933, '.', 65, 681919.90, 4760639.01, 1227.24);
insert into STATION values (934, '.', 65, 681934.88, 4760627.47, 1233.41);
insert into STATION values (935, '.', 65, 681929.51, 4760630.36, 1233.03);
insert into STATION values (936, '.', 65, 681938.06, 4760647.91, 1234.65);
insert into STATION values (937, '.', 65, 681948.55, 4760636.47, 1234.19);
insert into STATION values (938, '.', 65, 681963.76, 4760646.45, 1242.30);
insert into STATION values (939, '.', 65, 681953.00, 4760624.25, 1236.96);
insert into STATION values (940, '.', 65, 681934.39, 4760632.12, 1238.53);
insert into STATION values (941, '.', 65, 681933.00, 4760639.43, 1246.44);
insert into STATION values (942, '99', 65, 681937.04, 4760634.62, 1241.89);
insert into STATION values (943, '100', 65, 681929.03, 4760636.71, 1232.61);
insert into STATION values (944, '.', 65, 681925.44, 4760632.34, 1234.81);
insert into STATION values (945, '.', 65, 681920.14, 4760635.61, 1234.91);
insert into STATION values (946, '.', 65, 681922.96, 4760650.57, 1233.01);
insert into STATION values (947, '.', 65, 681936.48, 4760648.11, 1236.44);
insert into STATION values (948, '.', 65, 681951.14, 4760639.64, 1234.06);
insert into STATION values (949, '.', 65, 681944.60, 4760625.46, 1234.94);
insert into STATION values (950, '.', 65, 681928.69, 4760640.92, 1246.27);
insert into STATION values (951, '.', 65, 681929.04, 4760639.30, 1228.77);
insert into STATION values (952, '101', 65, 681911.22, 4760648.92, 1231.22);
insert into STATION values (953, '.', 65, 681913.79, 4760639.99, 1234.89);
insert into STATION values (954, '.', 65, 681902.17, 4760640.64, 1235.46);
insert into STATION values (955, '.', 65, 681909.89, 4760652.23, 1231.49);
insert into STATION values (956, '.', 65, 681916.23, 4760654.93, 1231.83);
insert into STATION values (957, '.', 65, 681926.20, 4760635.88, 1237.48);
insert into STATION values (958, '.', 65, 681909.05, 4760645.89, 1242.56);
insert into STATION values (959, '.', 65, 681909.31, 4760646.95, 1228.06);
insert into STATION values (960, '102', 65, 681900.80, 4760647.24, 1234.20);
insert into STATION values (961, '.', 65, 681894.60, 4760662.69, 1236.48);
insert into STATION values (962, '.', 65, 681901.27, 4760648.42, 1234.43);
insert into STATION values (963, '.', 65, 681919.42, 4760653.86, 1233.69);
insert into STATION values (964, '.', 65, 681913.02, 4760638.32, 1235.74);
insert into STATION values (965, '.', 65, 681901.35, 4760641.02, 1234.83);
insert into STATION values (966, '.', 65, 681900.42, 4760646.07, 1237.75);
insert into STATION values (967, '.', 65, 681892.39, 4760654.69, 1249.60);
insert into STATION values (968, '.', 65, 681900.56, 4760647.10, 1230.74);
insert into STATION values (969, '103', 65, 681893.59, 4760651.68, 1234.99);
insert into STATION values (970, '.', 65, 681891.00, 4760649.03, 1235.29);
insert into STATION values (971, '.', 65, 681887.39, 4760652.71, 1235.02);
insert into STATION values (972, '.', 65, 681894.49, 4760661.47, 1238.11);
insert into STATION values (973, '.', 65, 681891.19, 4760655.23, 1249.10);
insert into STATION values (974, '.', 65, 681890.20, 4760650.98, 1230.15);
insert into STATION values (975, '104', 65, 681880.20, 4760659.18, 1234.99);
insert into STATION values (976, '.', 65, 681878.04, 4760657.81, 1235.54);
insert into STATION values (977, '.', 65, 681869.84, 4760662.84, 1236.83);
insert into STATION values (978, '.', 65, 681879.40, 4760669.28, 1237.91);
insert into STATION values (979, '105', 65, 681886.83, 4760664.58, 1237.80);
insert into STATION values (980, '.', 65, 681882.68, 4760667.77, 1253.00);
insert into STATION values (981, '.', 65, 681881.44, 4760665.83, 1231.37);
insert into STATION values (982, '106', 65, 681878.29, 4760668.46, 1234.97);
insert into STATION values (983, '107', 65, 681868.87, 4760672.22, 1235.98);
insert into STATION values (984, '.', 65, 681868.54, 4760671.74, 1236.02);
insert into STATION values (985, '.', 65, 681873.98, 4760682.40, 1237.62);
insert into STATION values (986, '.', 65, 681876.02, 4760681.19, 1237.16);
insert into STATION values (987, '.', 65, 681868.02, 4760675.04, 1247.64);
insert into STATION values (988, '.', 65, 681868.17, 4760671.84, 1232.47);
insert into STATION values (989, '108', 65, 681858.96, 4760676.11, 1240.85);
insert into STATION values (990, '.', 65, 681856.97, 4760672.43, 1240.86);
insert into STATION values (991, '.', 65, 681850.92, 4760676.83, 1241.50);
insert into STATION values (992, '.', 65, 681859.94, 4760683.31, 1243.90);
insert into STATION values (993, '.', 65, 681867.71, 4760682.48, 1243.69);
insert into STATION values (994, '.', 65, 681859.26, 4760675.63, 1250.92);
insert into STATION values (995, '.', 65, 681856.59, 4760673.35, 1235.82);
insert into STATION values (996, '109', 65, 681841.18, 4760680.29, 1242.39);
insert into STATION values (997, '.', 65, 681838.50, 4760676.88, 1242.49);
insert into STATION values (998, '.', 65, 681831.35, 4760679.66, 1243.67);
insert into STATION values (999, '.', 65, 681837.19, 4760684.78, 1243.37);
insert into STATION values (1000, '.', 65, 681844.00, 4760686.28, 1242.97);
insert into STATION values (1001, '.', 65, 681850.05, 4760684.76, 1242.98);
insert into STATION values (1002, '.', 65, 681839.60, 4760677.53, 1253.20);
insert into STATION values (1003, '.', 65, 681830.29, 4760678.14, 1233.43);
insert into STATION values (1004, '.', 65, 681839.56, 4760678.48, 1239.32);
insert into STATION values (1005, '110', 65, 681833.17, 4760686.49, 1242.92);
insert into STATION values (1006, '.', 65, 681832.25, 4760689.68, 1243.14);
insert into STATION values (1007, '.', 65, 681838.24, 4760677.56, 1243.71);
insert into STATION values (1008, '.', 65, 681828.91, 4760680.61, 1242.77);
insert into STATION values (1009, '.', 65, 681821.50, 4760685.40, 1243.14);
insert into STATION values (1010, '.', 65, 681831.69, 4760685.46, 1248.80);
insert into STATION values (1011, '.', 65, 681833.32, 4760686.24, 1241.53);
insert into STATION values (1012, '111', 65, 681817.49, 4760690.01, 1242.19);
insert into STATION values (1013, '112', 65, 681834.01, 4760688.19, 1242.95);
insert into STATION values (1014, '.', 65, 681834.96, 4760687.62, 1243.09);
insert into STATION values (1015, '.', 65, 681829.96, 4760690.33, 1242.96);
insert into STATION values (1016, '.', 65, 681817.03, 4760690.58, 1241.84);
insert into STATION values (1017, '.', 65, 681834.65, 4760687.80, 1249.58);
insert into STATION values (1018, '.', 65, 681835.76, 4760689.31, 1235.75);
insert into STATION values (1019, '.', 65, 681840.45, 4760689.32, 1232.28);
insert into STATION values (1020, '113', 65, 681838.15, 4760689.20, 1233.64);
insert into STATION values (1021, '.', 65, 681837.99, 4760688.80, 1233.76);
insert into STATION values (1022, '.', 65, 681838.49, 4760689.58, 1233.67);
insert into STATION values (1023, '.', 65, 681854.75, 4760683.31, 1240.01);
insert into STATION values (1024, '.', 65, 681838.68, 4760688.24, 1238.27);
insert into STATION values (1025, '.', 65, 681838.05, 4760689.57, 1231.88);
insert into STATION values (1026, '.', 65, 681837.76, 4760689.51, 1233.43);
insert into STATION values (1027, '114', 65, 681834.91, 4760692.31, 1229.99);
insert into STATION values (1028, '.', 65, 681834.17, 4760691.34, 1230.38);
insert into STATION values (1029, '.', 65, 681834.87, 4760692.63, 1229.87);
insert into STATION values (1030, '.', 65, 681834.17, 4760691.75, 1231.62);
insert into STATION values (1031, '.', 65, 681834.81, 4760693.01, 1223.57);
insert into STATION values (1032, '115', 65, 681830.60, 4760694.05, 1228.19);
insert into STATION values (1033, '.', 65, 681825.33, 4760694.18, 1230.12);
insert into STATION values (1034, '.', 65, 681818.80, 4760693.13, 1235.88);
insert into STATION values (1035, '.', 65, 681825.27, 4760698.99, 1230.07);
insert into STATION values (1036, '.', 65, 681829.64, 4760703.07, 1230.47);
insert into STATION values (1037, '.', 65, 681833.39, 4760699.63, 1231.67);
insert into STATION values (1038, '.', 65, 681830.89, 4760693.34, 1228.24);
insert into STATION values (1039, '.', 65, 681827.28, 4760691.99, 1236.58);
insert into STATION values (1040, '.', 65, 681832.40, 4760693.30, 1224.19);
insert into STATION values (1041, '.', 65, 681829.53, 4760701.21, 1231.40);
insert into STATION values (1042, '116', 65, 681825.42, 4760695.04, 1229.05);
insert into STATION values (1043, '.', 65, 681822.59, 4760699.38, 1229.30);
insert into STATION values (1044, '.', 65, 681826.09, 4760700.59, 1229.18);
insert into STATION values (1045, '.', 65, 681830.52, 4760705.81, 1231.08);
insert into STATION values (1046, '.', 65, 681834.89, 4760704.46, 1231.67);
insert into STATION values (1047, '.', 65, 681832.83, 4760699.47, 1231.95);
insert into STATION values (1048, '.', 65, 681830.53, 4760695.07, 1229.16);
insert into STATION values (1049, '.', 65, 681824.97, 4760694.02, 1242.34);
insert into STATION values (1050, '.', 65, 681824.92, 4760694.73, 1227.11);
insert into STATION values (1051, '117', 65, 681835.52, 4760706.08, 1232.17);
insert into STATION values (1052, '.', 65, 681834.58, 4760707.83, 1232.52);
insert into STATION values (1053, '.', 65, 681836.31, 4760710.43, 1232.72);
insert into STATION values (1054, '.', 65, 681841.90, 4760705.44, 1232.19);
insert into STATION values (1055, '.', 65, 681843.22, 4760699.55, 1232.35);
insert into STATION values (1056, '.', 65, 681836.19, 4760705.39, 1232.66);
insert into STATION values (1057, '.', 65, 681827.59, 4760703.06, 1232.85);
insert into STATION values (1058, '.', 65, 681837.26, 4760706.39, 1235.12);
insert into STATION values (1059, '.', 65, 681840.47, 4760707.17, 1228.97);
insert into STATION values (1060, 'PTR_A36_118', 65, 681844.24, 4760713.37, 1238.09);
insert into STATION values (1061, '.', 65, 681844.38, 4760713.03, 1238.20);
insert into STATION values (1062, '.', 65, 681839.09, 4760710.70, 1238.25);
insert into STATION values (1063, '.', 65, 681834.48, 4760713.61, 1241.24);
insert into STATION values (1064, '.', 65, 681833.32, 4760721.29, 1245.03);
insert into STATION values (1065, '.', 65, 681833.88, 4760721.07, 1244.79);
insert into STATION values (1066, '.', 65, 681841.56, 4760724.23, 1266.95);
insert into STATION values (1067, '.', 65, 681842.91, 4760724.11, 1264.89);
insert into STATION values (1068, '.', 65, 681840.23, 4760710.05, 1231.45);
insert into STATION values (1069, '119', 65, 681840.73, 4760717.43, 1240.27);
insert into STATION values (1070, '.', 65, 681837.74, 4760709.50, 1242.73);
insert into STATION values (1071, '.', 65, 681828.35, 4760706.26, 1254.42);
insert into STATION values (1072, '.', 65, 681818.72, 4760717.75, 1251.88);
insert into STATION values (1073, '.', 65, 681838.26, 4760723.84, 1241.72);
insert into STATION values (1074, '.', 65, 681844.47, 4760722.16, 1240.99);
insert into STATION values (1075, '.', 65, 681848.66, 4760716.95, 1240.36);
insert into STATION values (1076, '.', 65, 681839.17, 4760706.22, 1229.45);
insert into STATION values (1077, '.', 65, 681840.81, 4760717.09, 1239.25);
insert into STATION values (1078, '.', 65, 681839.06, 4760717.88, 1263.27);
insert into STATION values (1079, '120', 65, 681838.83, 4760717.82, 1264.36);
insert into STATION values (1080, '121', 65, 681823.33, 4760717.38, 1246.81);
insert into STATION values (1081, '.', 65, 681822.51, 4760721.26, 1247.95);
insert into STATION values (1082, '.', 65, 681830.79, 4760720.58, 1247.96);
insert into STATION values (1083, '.', 65, 681838.33, 4760713.15, 1247.55);
insert into STATION values (1084, '.', 65, 681824.63, 4760708.72, 1249.51);
insert into STATION values (1085, '.', 65, 681810.76, 4760703.59, 1251.57);
insert into STATION values (1086, '.', 65, 681804.06, 4760707.07, 1252.51);
insert into STATION values (1087, '.', 65, 681823.68, 4760716.84, 1252.18);
insert into STATION values (1088, '.', 65, 681822.73, 4760720.17, 1240.94);
insert into STATION values (1089, '.', 65, 681827.34, 4760730.22, 1235.81);
insert into STATION values (1090, '122', 65, 681820.97, 4760718.01, 1246.58);
insert into STATION values (1091, '123', 65, 681805.14, 4760722.62, 1242.07);
insert into STATION values (1092, '.', 65, 681805.54, 4760708.87, 1255.44);
insert into STATION values (1093, '.', 65, 681804.75, 4760716.73, 1245.90);
insert into STATION values (1094, '.', 65, 681794.01, 4760715.83, 1249.39);
insert into STATION values (1095, '.', 65, 681799.91, 4760725.34, 1242.98);
insert into STATION values (1096, '.', 65, 681804.89, 4760725.90, 1242.36);
insert into STATION values (1097, '.', 65, 681820.00, 4760728.70, 1242.55);
insert into STATION values (1098, '.', 65, 681805.13, 4760718.38, 1253.39);
insert into STATION values (1099, '.', 65, 681806.30, 4760716.67, 1254.59);
insert into STATION values (1100, '.', 65, 681806.08, 4760723.13, 1248.86);
insert into STATION values (1101, '124', 65, 681797.44, 4760721.60, 1241.38);
insert into STATION values (1102, '.', 65, 681786.18, 4760709.91, 1243.89);
insert into STATION values (1103, '.', 65, 681770.07, 4760721.90, 1245.71);
insert into STATION values (1104, '.', 65, 681768.01, 4760720.74, 1246.25);
insert into STATION values (1105, '.', 65, 681785.03, 4760729.64, 1241.07);
insert into STATION values (1106, '.', 65, 681799.74, 4760726.71, 1241.23);
insert into STATION values (1107, '.', 65, 681795.60, 4760706.43, 1240.87);
insert into STATION values (1108, '.', 65, 681796.06, 4760720.03, 1251.90);
insert into STATION values (1109, '.', 65, 681797.37, 4760721.77, 1240.21);
insert into STATION values (1110, '.', 65, 681795.19, 4760718.60, 1233.45);
insert into STATION values (1111, '125', 65, 681770.96, 4760732.75, 1235.16);
insert into STATION values (1112, '.', 65, 681770.64, 4760732.58, 1235.05);
insert into STATION values (1113, '.', 65, 681762.89, 4760715.63, 1239.36);
insert into STATION values (1114, '.', 65, 681745.36, 4760718.76, 1241.74);
insert into STATION values (1115, '.', 65, 681763.61, 4760735.73, 1237.04);
insert into STATION values (1116, '.', 65, 681772.74, 4760735.44, 1237.23);
insert into STATION values (1117, '.', 65, 681770.74, 4760733.37, 1238.53);
insert into STATION values (1118, '.', 65, 681770.06, 4760718.97, 1247.04);
insert into STATION values (1119, '.', 65, 681771.65, 4760733.00, 1232.84);
insert into STATION values (1120, '126', 65, 681737.30, 4760727.57, 1234.51);
insert into STATION values (1121, '.', 65, 681736.72, 4760716.87, 1237.44);
insert into STATION values (1122, '.', 65, 681733.40, 4760730.96, 1236.46);
insert into STATION values (1123, '.', 65, 681741.17, 4760735.45, 1234.94);
insert into STATION values (1124, '.', 65, 681755.41, 4760719.11, 1243.04);
insert into STATION values (1125, '.', 65, 681736.26, 4760724.26, 1245.65);
insert into STATION values (1126, '.', 65, 681736.23, 4760731.37, 1231.15);
insert into STATION values (1127, '127', 65, 681729.75, 4760726.92, 1234.39);
insert into STATION values (1128, '.', 65, 681730.37, 4760721.92, 1236.61);
insert into STATION values (1129, '.', 65, 681734.62, 4760708.17, 1234.09);
insert into STATION values (1130, '.', 65, 681721.20, 4760726.68, 1237.64);
insert into STATION values (1131, '.', 65, 681726.08, 4760736.25, 1240.95);
insert into STATION values (1132, '.', 65, 681734.28, 4760732.97, 1235.28);
insert into STATION values (1133, '.', 65, 681727.95, 4760724.75, 1246.13);
insert into STATION values (1134, '.', 65, 681730.44, 4760720.26, 1228.63);
insert into STATION values (1135, '128', 65, 681716.99, 4760708.93, 1228.02);
insert into STATION values (1136, '.', 65, 681722.51, 4760699.79, 1228.88);
insert into STATION values (1137, '.', 65, 681711.70, 4760695.60, 1229.56);
insert into STATION values (1138, '.', 65, 681707.40, 4760712.33, 1229.60);
insert into STATION values (1139, '.', 65, 681716.45, 4760722.68, 1233.84);
insert into STATION values (1140, '.', 65, 681717.33, 4760707.70, 1232.39);
insert into STATION values (1141, '.', 65, 681715.28, 4760706.94, 1222.18);
insert into STATION values (1142, '129', 65, 681705.65, 4760700.40, 1228.82);
insert into STATION values (1143, '.', 65, 681708.44, 4760694.98, 1229.85);
insert into STATION values (1144, '.', 65, 681701.53, 4760692.57, 1230.71);
insert into STATION values (1145, '.', 65, 681695.53, 4760698.29, 1230.40);
insert into STATION values (1146, '.', 65, 681700.07, 4760705.40, 1230.33);
insert into STATION values (1147, '.', 65, 681704.51, 4760712.12, 1229.91);
insert into STATION values (1148, '.', 65, 681704.30, 4760700.90, 1234.10);
insert into STATION values (1149, '.', 65, 681705.58, 4760700.39, 1228.42);
insert into STATION values (1150, '.', 65, 681704.55, 4760702.67, 1222.92);
insert into STATION values (1151, '130', 65, 681697.14, 4760700.17, 1228.65);
insert into STATION values (1152, '.', 65, 681700.63, 4760691.60, 1230.30);
insert into STATION values (1153, '.', 65, 681691.14, 4760688.91, 1230.15);
insert into STATION values (1154, '.', 65, 681695.70, 4760701.02, 1228.77);
insert into STATION values (1155, '.', 65, 681703.44, 4760710.19, 1232.71);
insert into STATION values (1156, '.', 65, 681696.55, 4760699.58, 1232.83);
insert into STATION values (1157, '.', 65, 681697.71, 4760699.38, 1224.59);
insert into STATION values (1158, '131', 65, 681684.32, 4760684.47, 1222.14);
insert into STATION values (1159, '.', 65, 681689.11, 4760679.63, 1222.59);
insert into STATION values (1160, '.', 65, 681683.68, 4760684.87, 1222.15);
insert into STATION values (1161, '.', 65, 681680.49, 4760673.24, 1226.96);
insert into STATION values (1162, '.', 65, 681683.71, 4760684.04, 1230.79);
insert into STATION values (1163, '.', 65, 681684.80, 4760684.45, 1220.74);
insert into STATION values (1164, '.', 65, 681677.49, 4760677.46, 1221.29);
insert into STATION values (1165, '132', 65, 681677.05, 4760677.06, 1221.22);
insert into STATION values (1166, '.', 65, 681683.17, 4760671.82, 1221.99);
insert into STATION values (1167, '.', 65, 681676.54, 4760666.54, 1223.15);
insert into STATION values (1168, '.', 65, 681661.93, 4760662.22, 1225.60);
insert into STATION values (1169, '.', 65, 681676.26, 4760678.35, 1221.38);
insert into STATION values (1170, '.', 65, 681676.74, 4760675.96, 1228.38);
insert into STATION values (1171, '.', 65, 681680.97, 4760675.98, 1215.50);
insert into STATION values (1172, '133', 65, 681673.05, 4760666.26, 1217.70);
insert into STATION values (1173, '.', 65, 681676.20, 4760662.04, 1219.31);
insert into STATION values (1174, '.', 65, 681670.48, 4760657.61, 1218.68);
insert into STATION values (1175, '.', 65, 681656.75, 4760661.51, 1226.88);
insert into STATION values (1176, '.', 65, 681665.78, 4760674.52, 1223.67);
insert into STATION values (1177, '.', 65, 681672.79, 4760674.43, 1219.54);
insert into STATION values (1178, '.', 65, 681672.76, 4760664.66, 1223.97);
insert into STATION values (1179, '.', 65, 681674.14, 4760668.78, 1226.80);
insert into STATION values (1180, '.', 65, 681675.37, 4760664.75, 1211.24);
insert into STATION values (1181, '.', 65, 681659.64, 4760651.40, 1213.44);
insert into STATION values (1182, '134', 65, 681666.35, 4760658.76, 1215.54);
insert into STATION values (1183, '.', 65, 681665.76, 4760653.10, 1216.86);
insert into STATION values (1184, '.', 65, 681657.60, 4760649.87, 1217.83);
insert into STATION values (1185, '.', 65, 681653.99, 4760668.08, 1227.42);
insert into STATION values (1186, '.', 65, 681677.26, 4760660.67, 1215.85);
insert into STATION values (1187, '135', 65, 681649.48, 4760652.33, 1215.86);
insert into STATION values (1188, '.', 65, 681647.08, 4760647.26, 1219.15);
insert into STATION values (1189, '.', 65, 681647.25, 4760647.49, 1219.18);
insert into STATION values (1190, '.', 65, 681638.41, 4760650.62, 1220.40);
insert into STATION values (1191, '.', 65, 681634.40, 4760655.60, 1220.37);
insert into STATION values (1192, '.', 65, 681642.67, 4760662.45, 1218.49);
insert into STATION values (1193, '.', 65, 681654.17, 4760668.12, 1220.39);
insert into STATION values (1194, '.', 65, 681663.53, 4760653.13, 1217.46);
insert into STATION values (1195, '.', 65, 681648.94, 4760653.62, 1222.02);
insert into STATION values (1196, '.', 65, 681653.26, 4760655.71, 1224.19);
insert into STATION values (1197, '.', 65, 681649.84, 4760655.47, 1211.09);
insert into STATION values (1198, '136', 65, 681638.47, 4760648.55, 1216.92);
insert into STATION values (1199, '.', 65, 681640.20, 4760645.04, 1218.46);
insert into STATION values (1200, '.', 65, 681628.41, 4760650.44, 1219.99);
insert into STATION values (1201, '.', 65, 681637.31, 4760658.19, 1219.87);
insert into STATION values (1202, '.', 65, 681634.80, 4760660.66, 1216.01);
insert into STATION values (1203, '.', 65, 681654.39, 4760654.02, 1221.08);
insert into STATION values (1204, '.', 65, 681637.63, 4760648.23, 1220.29);
insert into STATION values (1205, '.', 65, 681628.78, 4760650.35, 1223.05);
insert into STATION values (1206, '.', 65, 681638.30, 4760648.67, 1215.11);
insert into STATION values (1207, '.', 65, 681626.14, 4760651.56, 1209.14);
insert into STATION values (1208, '.', 65, 681628.53, 4760651.37, 1208.39);
insert into STATION values (1209, '.', 65, 681638.26, 4760648.36, 1216.79);
insert into STATION values (1210, '137', 65, 681632.55, 4760643.20, 1213.48);
insert into STATION values (1211, '.', 65, 681633.59, 4760641.47, 1214.12);
insert into STATION values (1212, '.', 65, 681630.73, 4760637.74, 1215.44);
insert into STATION values (1213, '.', 65, 681619.47, 4760630.90, 1219.98);
insert into STATION values (1214, '.', 65, 681619.39, 4760644.09, 1219.16);
insert into STATION values (1215, '.', 65, 681634.06, 4760656.23, 1220.05);
insert into STATION values (1216, '.', 65, 681634.19, 4760644.21, 1220.61);
insert into STATION values (1217, '.', 65, 681632.92, 4760643.49, 1211.88);
insert into STATION values (1218, '.', 65, 681629.31, 4760647.27, 1209.18);
insert into STATION values (1219, '138', 65, 681623.25, 4760633.86, 1210.65);
insert into STATION values (1220, '.', 65, 681625.83, 4760629.42, 1212.88);
insert into STATION values (1221, '.', 65, 681618.93, 4760625.88, 1213.36);
insert into STATION values (1222, '.', 65, 681602.27, 4760637.27, 1219.07);
insert into STATION values (1223, '.', 65, 681614.25, 4760640.82, 1217.90);
insert into STATION values (1224, '.', 65, 681629.70, 4760647.42, 1223.75);
insert into STATION values (1225, '.', 65, 681621.43, 4760636.85, 1224.93);
insert into STATION values (1226, '.', 65, 681622.88, 4760633.82, 1207.93);
insert into STATION values (1227, '139', 65, 681609.06, 4760628.56, 1209.57);
insert into STATION values (1228, '.', 65, 681611.94, 4760620.48, 1210.48);
insert into STATION values (1229, '.', 65, 681600.51, 4760615.81, 1211.86);
insert into STATION values (1230, '.', 65, 681575.79, 4760628.47, 1215.31);
insert into STATION values (1231, '.', 65, 681598.55, 4760638.20, 1215.80);
insert into STATION values (1232, '.', 65, 681611.91, 4760639.57, 1216.95);
insert into STATION values (1233, '.', 65, 681614.21, 4760636.99, 1227.99);
insert into STATION values (1234, '.', 65, 681611.31, 4760624.61, 1203.99);
insert into STATION values (1235, '140', 65, 681597.97, 4760633.00, 1212.13);
insert into STATION values (1236, '.', 65, 681605.14, 4760619.84, 1215.56);
insert into STATION values (1237, '.', 65, 681595.20, 4760619.98, 1214.57);
insert into STATION values (1238, '.', 65, 681593.24, 4760635.95, 1214.20);
insert into STATION values (1239, '.', 65, 681599.09, 4760638.52, 1215.18);
insert into STATION values (1240, '.', 65, 681606.04, 4760639.55, 1218.12);
insert into STATION values (1241, '.', 65, 681583.95, 4760633.14, 1209.45);
insert into STATION values (1242, '141', 65, 681582.38, 4760633.34, 1209.29);
insert into STATION values (1243, '.', 65, 681583.42, 4760615.60, 1217.24);
insert into STATION values (1244, '.', 65, 681568.65, 4760611.23, 1213.46);
insert into STATION values (1245, '.', 65, 681575.75, 4760632.03, 1208.89);
insert into STATION values (1246, '.', 65, 681581.09, 4760634.48, 1209.46);
insert into STATION values (1247, '.', 65, 681584.56, 4760637.06, 1210.09);
insert into STATION values (1248, '.', 65, 681581.71, 4760632.65, 1216.70);
insert into STATION values (1249, '.', 65, 681582.30, 4760622.79, 1227.64);
insert into STATION values (1250, '.', 65, 681582.17, 4760633.43, 1207.34);
insert into STATION values (1251, '142', 65, 681568.27, 4760627.42, 1206.01);
insert into STATION values (1252, '.', 65, 681580.56, 4760609.58, 1211.29);
insert into STATION values (1253, '.', 65, 681564.57, 4760605.42, 1206.40);
insert into STATION values (1254, '.', 65, 681549.99, 4760606.35, 1205.18);
insert into STATION values (1255, '.', 65, 681546.45, 4760604.38, 1205.35);
insert into STATION values (1256, '.', 65, 681546.39, 4760606.32, 1204.31);
insert into STATION values (1257, '.', 65, 681549.50, 4760622.19, 1206.32);
insert into STATION values (1258, '.', 65, 681566.52, 4760628.68, 1206.28);
insert into STATION values (1259, '.', 65, 681578.37, 4760634.09, 1208.63);
insert into STATION values (1260, '.', 65, 681586.66, 4760636.69, 1213.18);
insert into STATION values (1261, '.', 65, 681568.30, 4760626.77, 1209.64);
insert into STATION values (1262, '.', 65, 681582.68, 4760618.15, 1229.25);
insert into STATION values (1263, '.', 65, 681567.41, 4760626.81, 1203.76);
insert into STATION values (1264, 'PTR_A35_143', 65, 681560.04, 4760620.78, 1201.01);
insert into STATION values (1265, '.', 65, 681567.51, 4760605.23, 1208.02);
insert into STATION values (1266, '.', 65, 681549.21, 4760610.95, 1205.54);
insert into STATION values (1267, '.', 65, 681551.24, 4760632.73, 1210.79);
insert into STATION values (1268, '.', 65, 681558.29, 4760631.13, 1208.77);
insert into STATION values (1269, '.', 65, 681565.79, 4760628.58, 1206.97);
insert into STATION values (1270, '.', 65, 681560.80, 4760617.36, 1215.96);
insert into STATION values (1271, '.', 65, 681553.34, 4760619.06, 1218.22);
insert into STATION values (1272, '.', 65, 681559.98, 4760615.20, 1196.42);
insert into STATION values (1273, '144', 65, 681555.66, 4760605.16, 1199.25);
insert into STATION values (1274, '145', 65, 681559.03, 4760629.77, 1206.07);
insert into STATION values (1275, '.', 65, 681550.44, 4760626.72, 1207.58);
insert into STATION values (1276, '.', 65, 681551.32, 4760635.18, 1208.00);
insert into STATION values (1277, '.', 65, 681547.13, 4760643.63, 1203.86);
insert into STATION values (1278, '.', 65, 681560.32, 4760629.72, 1206.94);
insert into STATION values (1279, '.', 65, 681567.45, 4760608.79, 1210.38);
insert into STATION values (1280, '.', 65, 681552.75, 4760627.01, 1218.77);
insert into STATION values (1281, '.', 65, 681548.66, 4760635.56, 1198.14);
insert into STATION values (1282, '146', 65, 681544.50, 4760638.01, 1199.04);
insert into STATION values (1283, '.', 65, 681549.20, 4760624.42, 1195.88);
insert into STATION values (1284, '.', 65, 681531.85, 4760625.02, 1193.71);
insert into STATION values (1285, '.', 65, 681524.73, 4760636.74, 1195.12);
insert into STATION values (1286, '.', 65, 681511.70, 4760624.98, 1182.88);
insert into STATION values (1287, '.', 65, 681543.61, 4760646.17, 1200.24);
insert into STATION values (1288, '.', 65, 681550.22, 4760642.79, 1201.54);
insert into STATION values (1289, '.', 65, 681544.33, 4760638.45, 1203.74);
insert into STATION values (1290, '.', 65, 681537.42, 4760634.92, 1191.61);
insert into STATION values (1291, '147', 65, 681534.36, 4760635.77, 1193.31);
insert into STATION values (1292, '.', 65, 681539.15, 4760619.76, 1194.39);
insert into STATION values (1293, '.', 65, 681524.37, 4760625.54, 1192.34);
insert into STATION values (1294, '.', 65, 681519.73, 4760619.60, 1183.46);
insert into STATION values (1295, '.', 65, 681514.63, 4760646.15, 1191.95);
insert into STATION values (1296, '.', 65, 681516.57, 4760644.62, 1187.91);
insert into STATION values (1297, '.', 65, 681529.91, 4760648.81, 1195.10);
insert into STATION values (1298, '.', 65, 681534.33, 4760635.60, 1197.64);
insert into STATION values (1299, '.', 65, 681534.45, 4760633.93, 1189.78);
insert into STATION values (1300, '148', 65, 681511.98, 4760639.29, 1184.16);
insert into STATION values (1301, '.', 65, 681521.45, 4760620.09, 1184.98);
insert into STATION values (1302, '.', 65, 681508.12, 4760630.08, 1184.47);
insert into STATION values (1303, '.', 65, 681500.55, 4760639.66, 1183.60);
insert into STATION values (1304, '.', 65, 681503.08, 4760645.14, 1189.63);
insert into STATION values (1305, '.', 65, 681498.22, 4760651.27, 1191.38);
insert into STATION values (1306, '.', 65, 681509.00, 4760645.95, 1189.36);
insert into STATION values (1307, '.', 65, 681519.18, 4760646.30, 1192.32);
insert into STATION values (1308, '.', 65, 681512.68, 4760638.00, 1190.73);
insert into STATION values (1309, '.', 65, 681512.39, 4760636.48, 1181.01);
insert into STATION values (1310, '149', 65, 681506.61, 4760638.72, 1182.33);
insert into STATION values (1311, '.', 65, 681507.15, 4760629.20, 1182.65);
insert into STATION values (1312, '.', 65, 681499.49, 4760639.49, 1182.62);
insert into STATION values (1313, '.', 65, 681479.97, 4760650.49, 1182.99);
insert into STATION values (1314, '.', 65, 681499.40, 4760651.92, 1184.18);
insert into STATION values (1315, '.', 65, 681508.20, 4760642.54, 1183.61);
insert into STATION values (1316, '.', 65, 681509.67, 4760646.37, 1189.47);
insert into STATION values (1317, '150', 65, 681499.43, 4760646.76, 1178.97);
insert into STATION values (1318, '.', 65, 681496.69, 4760640.68, 1179.46);
insert into STATION values (1319, '.', 65, 681488.33, 4760643.80, 1179.57);
insert into STATION values (1320, '.', 65, 681480.07, 4760657.21, 1177.78);
insert into STATION values (1321, '.', 65, 681495.56, 4760654.90, 1179.37);
insert into STATION values (1322, '.', 65, 681501.10, 4760650.55, 1180.23);
insert into STATION values (1323, '.', 65, 681506.80, 4760649.66, 1182.43);
insert into STATION values (1324, '.', 65, 681507.31, 4760644.41, 1183.72);
insert into STATION values (1325, '.', 65, 681496.61, 4760646.97, 1190.00);
insert into STATION values (1326, '.', 65, 681499.10, 4760646.74, 1177.54);
insert into STATION values (1327, '151', 65, 681480.63, 4760649.92, 1172.82);
insert into STATION values (1328, '.', 65, 681475.34, 4760639.28, 1182.79);
insert into STATION values (1329, '.', 65, 681468.50, 4760645.75, 1178.94);
insert into STATION values (1330, '.', 65, 681476.49, 4760655.33, 1175.30);
insert into STATION values (1331, '.', 65, 681485.94, 4760657.41, 1177.10);
insert into STATION values (1332, '.', 65, 681496.40, 4760654.37, 1177.76);
insert into STATION values (1333, '.', 65, 681479.47, 4760650.88, 1182.20);
insert into STATION values (1334, '.', 65, 681476.54, 4760637.98, 1202.84);
insert into STATION values (1335, '.', 65, 681479.95, 4760650.60, 1170.19);
insert into STATION values (1336, '152', 65, 681465.58, 4760648.62, 1170.61);
insert into STATION values (1337, '.', 65, 681473.75, 4760643.72, 1176.77);
insert into STATION values (1338, '.', 65, 681458.72, 4760619.70, 1176.01);
insert into STATION values (1339, '.', 65, 681453.61, 4760622.52, 1174.24);
insert into STATION values (1340, '.', 65, 681459.92, 4760641.83, 1171.35);
insert into STATION values (1341, '.', 65, 681463.97, 4760649.07, 1170.95);
insert into STATION values (1342, '.', 65, 681461.59, 4760649.59, 1172.44);
insert into STATION values (1343, '.', 65, 681467.05, 4760652.67, 1173.48);
insert into STATION values (1344, '.', 65, 681466.26, 4760646.60, 1177.91);
insert into STATION values (1345, '.', 65, 681474.90, 4760638.85, 1191.71);
insert into STATION values (1346, '.', 65, 681464.46, 4760646.08, 1166.62);
insert into STATION values (1347, '153', 65, 681459.81, 4760644.32, 1168.41);
insert into STATION values (1348, '.', 65, 681468.57, 4760634.86, 1177.47);
insert into STATION values (1349, '.', 65, 681463.69, 4760624.83, 1176.64);
insert into STATION values (1350, '.', 65, 681460.34, 4760622.16, 1177.73);
insert into STATION values (1351, '.', 65, 681459.20, 4760639.93, 1170.44);
insert into STATION values (1352, '.', 65, 681454.71, 4760642.74, 1169.02);
insert into STATION values (1353, '.', 65, 681458.61, 4760646.61, 1169.19);
insert into STATION values (1354, '.', 65, 681463.48, 4760649.27, 1170.42);
insert into STATION values (1355, '.', 65, 681468.40, 4760654.84, 1172.83);
insert into STATION values (1356, '.', 65, 681459.88, 4760643.89, 1171.47);
insert into STATION values (1357, '.', 65, 681462.49, 4760643.40, 1176.10);
insert into STATION values (1358, '.', 65, 681478.21, 4760642.02, 1193.84);
insert into STATION values (1359, '.', 65, 681461.81, 4760644.71, 1166.18);
insert into STATION values (1360, 'PTR_B66_154', 65, 681463.68, 4760638.00, 1172.32);
insert into STATION values (1361, '.', 65, 681461.78, 4760647.91, 1171.83);
insert into STATION values (1362, '.', 65, 681460.33, 4760640.41, 1171.65);
insert into STATION values (1363, '.', 65, 681456.59, 4760644.52, 1168.82);
insert into STATION values (1364, '.', 65, 681468.68, 4760653.35, 1178.13);
insert into STATION values (1365, '.', 65, 681461.96, 4760622.48, 1175.50);
insert into STATION values (1366, '.', 65, 681462.23, 4760622.55, 1184.67);
insert into STATION values (1367, '.', 65, 681464.65, 4760635.10, 1181.83);
insert into STATION values (1368, '.', 65, 681464.34, 4760635.49, 1180.31);
insert into STATION values (1369, '155', 65, 681456.00, 4760623.46, 1172.67);
insert into STATION values (1370, 'PTR_B33_0', 69, 681497.38, 4760650.42, 1181.07);
insert into STATION values (1371, '.', 69, 681492.42, 4760646.26, 1181.61);
insert into STATION values (1372, '.', 69, 681497.08, 4760650.29, 1189.56);
insert into STATION values (1373, '.', 69, 681500.38, 4760654.22, 1181.74);
insert into STATION values (1374, '.', 69, 681496.43, 4760650.67, 1178.84);
insert into STATION values (1375, '.', 69, 681484.34, 4760647.92, 1179.74);
insert into STATION values (1376, '.', 69, 681472.78, 4760656.12, 1182.04);
insert into STATION values (1377, '.', 69, 681493.76, 4760661.08, 1181.38);
insert into STATION values (1378, '1', 69, 681475.56, 4760661.51, 1171.92);
insert into STATION values (1379, '.', 69, 681475.32, 4760648.35, 1184.19);
insert into STATION values (1380, '.', 69, 681476.09, 4760650.53, 1192.95);
insert into STATION values (1381, '.', 69, 681477.37, 4760661.23, 1181.28);
insert into STATION values (1382, '.', 69, 681475.83, 4760662.36, 1172.26);
insert into STATION values (1383, '.', 69, 681475.52, 4760661.23, 1170.42);
insert into STATION values (1384, '.', 69, 681474.91, 4760661.78, 1180.31);
insert into STATION values (1385, '.', 69, 681515.35, 4760644.67, 1214.97);
insert into STATION values (1386, '.', 69, 681486.47, 4760661.47, 1176.53);
insert into STATION values (1387, '.', 69, 681487.46, 4760661.11, 1172.64);
insert into STATION values (1388, '2', 69, 681460.76, 4760648.40, 1170.50);
insert into STATION values (1389, '.', 69, 681460.26, 4760646.66, 1170.23);
insert into STATION values (1390, '.', 69, 681460.99, 4760653.54, 1171.23);
insert into STATION values (1391, '.', 69, 681460.95, 4760648.93, 1177.50);
insert into STATION values (1392, '.', 69, 681460.09, 4760649.09, 1167.25);
insert into STATION values (1393, '3', 69, 681449.77, 4760640.80, 1166.13);
insert into STATION values (1394, '.', 69, 681450.17, 4760638.88, 1166.11);
insert into STATION values (1395, '.', 69, 681449.33, 4760642.48, 1166.22);
insert into STATION values (1396, '.', 69, 681449.69, 4760640.70, 1168.98);
insert into STATION values (1397, '.', 69, 681449.86, 4760640.70, 1164.53);
insert into STATION values (1398, '.', 69, 681440.46, 4760636.07, 1167.34);
insert into STATION values (1399, '.', 69, 681446.51, 4760640.38, 1166.48);
insert into STATION values (1400, '.', 69, 681444.79, 4760631.16, 1167.60);
insert into STATION values (1401, '.', 69, 681449.42, 4760638.29, 1166.65);
insert into STATION values (1402, '4', 69, 681436.36, 4760628.70, 1165.53);
insert into STATION values (1403, '.', 69, 681442.42, 4760624.79, 1166.66);
insert into STATION values (1404, '.', 69, 681436.79, 4760628.65, 1166.88);
insert into STATION values (1405, '.', 69, 681436.99, 4760628.59, 1164.25);
insert into STATION values (1406, '5', 69, 681458.92, 4760640.32, 1168.20);
insert into STATION values (1407, '.', 69, 681463.62, 4760643.01, 1170.79);
insert into STATION values (1408, '.', 69, 681471.85, 4760639.82, 1188.13);
insert into STATION values (1409, '.', 69, 681458.34, 4760637.10, 1168.96);
insert into STATION values (1410, '.', 69, 681459.18, 4760644.02, 1167.77);
insert into STATION values (1411, 'PTR_B66_6', 69, 681463.68, 4760638.00, 1172.32);
insert into STATION values (1412, '.', 69, 681458.61, 4760650.96, 1172.20);
insert into STATION values (1413, '.', 69, 681463.01, 4760637.99, 1176.36);
insert into STATION values (1414, '.', 69, 681467.08, 4760635.10, 1188.21);
insert into STATION values (1415, '.', 69, 681468.96, 4760631.92, 1175.94);
insert into STATION values (1416, '7', 69, 681451.09, 4760625.60, 1172.04);
insert into STATION values (1417, '.', 69, 681450.33, 4760627.95, 1172.22);
insert into STATION values (1418, '.', 69, 681451.97, 4760626.18, 1176.70);
insert into STATION values (1419, '.', 69, 681451.11, 4760625.47, 1172.04);
insert into STATION values (1420, '.', 69, 681450.57, 4760625.90, 1170.68);
insert into STATION values (1421, '.', 69, 681459.96, 4760632.96, 1183.77);
insert into STATION values (1422, '.', 69, 681459.86, 4760633.52, 1183.65);
insert into STATION values (1423, '.', 69, 681461.03, 4760643.00, 1176.60);
insert into STATION values (1424, '.', 69, 681457.30, 4760661.78, 1176.36);
insert into STATION values (1425, '8', 69, 681447.86, 4760622.26, 1169.49);
insert into STATION values (1426, '.', 69, 681448.87, 4760620.84, 1170.06);
insert into STATION values (1427, '.', 69, 681447.73, 4760622.20, 1170.36);
insert into STATION values (1428, '.', 69, 681447.72, 4760622.33, 1169.44);
insert into STATION values (1429, '.', 69, 681447.82, 4760622.20, 1169.21);
insert into STATION values (1430, '9', 69, 681444.59, 4760616.25, 1170.79);
insert into STATION values (1431, '.', 69, 681448.07, 4760613.52, 1170.51);
insert into STATION values (1432, '.', 69, 681443.99, 4760617.10, 1170.93);
insert into STATION values (1433, '.', 69, 681443.93, 4760614.68, 1167.87);
insert into STATION values (1434, '.', 69, 681447.52, 4760615.69, 1169.34);
insert into STATION values (1435, '.', 69, 681443.81, 4760614.73, 1167.85);
insert into STATION values (1436, '10', 69, 681441.19, 4760613.86, 1168.88);
insert into STATION values (1437, '.', 69, 681444.44, 4760611.96, 1169.38);
insert into STATION values (1438, '.', 69, 681440.33, 4760615.31, 1169.63);
insert into STATION values (1439, '.', 69, 681441.23, 4760613.87, 1169.50);
insert into STATION values (1440, '.', 69, 681441.69, 4760613.58, 1167.42);
insert into STATION values (1441, '11', 69, 681440.69, 4760609.44, 1170.55);
insert into STATION values (1442, '.', 69, 681438.46, 4760614.07, 1169.11);
insert into STATION values (1443, '.', 69, 681441.52, 4760607.56, 1172.32);
insert into STATION values (1444, '.', 69, 681440.01, 4760610.61, 1168.66);
insert into STATION values (1445, '12', 69, 681445.03, 4760608.91, 1172.00);
insert into STATION values (1446, '.', 69, 681444.60, 4760610.27, 1172.15);
insert into STATION values (1447, '.', 69, 681442.97, 4760610.82, 1187.93);
insert into STATION values (1448, '.', 69, 681445.13, 4760608.78, 1172.16);
insert into STATION values (1449, '.', 69, 681445.05, 4760609.19, 1170.68);
insert into STATION values (1450, '13', 69, 681447.10, 4760611.32, 1175.03);
insert into STATION values (1451, '.', 69, 681445.68, 4760611.50, 1175.40);
insert into STATION values (1452, '.', 69, 681446.58, 4760610.85, 1177.07);
insert into STATION values (1453, '.', 69, 681447.72, 4760610.96, 1175.18);
insert into STATION values (1454, '.', 69, 681447.02, 4760611.71, 1174.30);
insert into STATION values (1455, '14', 69, 681446.35, 4760613.87, 1178.21);
insert into STATION values (1456, '.', 69, 681452.97, 4760622.64, 1181.61);
insert into STATION values (1457, '.', 69, 681442.60, 4760609.53, 1178.28);
insert into STATION values (1458, '.', 69, 681447.21, 4760614.66, 1186.61);
insert into STATION values (1459, '.', 69, 681447.85, 4760612.75, 1175.13);
insert into STATION values (1460, '15', 69, 681449.70, 4760612.14, 1178.45);
insert into STATION values (1461, '.', 69, 681451.76, 4760610.99, 1178.55);
insert into STATION values (1462, '.', 69, 681453.04, 4760610.31, 1178.69);
insert into STATION values (1463, '.', 69, 681450.20, 4760611.43, 1178.49);
insert into STATION values (1464, '.', 69, 681446.82, 4760615.66, 1179.10);
insert into STATION values (1465, '.', 69, 681448.67, 4760612.90, 1182.98);
insert into STATION values (1466, '.', 69, 681445.68, 4760622.93, 1195.14);
insert into STATION values (1467, '.', 69, 681449.54, 4760612.01, 1177.97);
insert into STATION values (1468, '16', 69, 681435.48, 4760605.97, 1182.55);
insert into STATION values (1469, '.', 69, 681434.76, 4760604.28, 1182.21);
insert into STATION values (1470, '.', 69, 681435.09, 4760607.65, 1182.49);
insert into STATION values (1471, '.', 69, 681433.80, 4760608.36, 1191.03);
insert into STATION values (1472, '.', 69, 681434.23, 4760606.09, 1180.48);
insert into STATION values (1473, '17', 69, 681425.85, 4760601.83, 1181.41);
insert into STATION values (1474, '.', 69, 681426.26, 4760600.29, 1181.34);
insert into STATION values (1475, '.', 69, 681428.06, 4760609.79, 1183.95);
insert into STATION values (1476, '.', 69, 681426.34, 4760602.82, 1189.25);
insert into STATION values (1477, '.', 69, 681425.72, 4760601.73, 1180.31);
insert into STATION values (1478, '18', 69, 681426.05, 4760600.32, 1181.48);
insert into STATION values (1479, '.', 69, 681427.10, 4760609.15, 1183.12);
insert into STATION values (1480, '.', 69, 681426.46, 4760600.71, 1185.10);
insert into STATION values (1481, '.', 69, 681425.28, 4760601.01, 1180.04);
insert into STATION values (1482, '.', 69, 681420.90, 4760605.99, 1192.12);
insert into STATION values (1483, '.', 69, 681403.68, 4760596.91, 1177.70);
insert into STATION values (1484, '19', 69, 681395.84, 4760600.50, 1175.56);
insert into STATION values (1485, '.', 69, 681395.03, 4760599.14, 1175.59);
insert into STATION values (1486, '.', 69, 681396.18, 4760601.78, 1176.09);
insert into STATION values (1487, '.', 69, 681395.88, 4760600.78, 1178.00);
insert into STATION values (1488, '20', 69, 681384.42, 4760601.81, 1175.36);
insert into STATION values (1489, '.', 69, 681383.14, 4760600.58, 1175.46);
insert into STATION values (1490, '.', 69, 681386.15, 4760603.67, 1175.76);
insert into STATION values (1491, '.', 69, 681384.78, 4760601.90, 1183.22);
insert into STATION values (1492, '.', 69, 681384.77, 4760601.98, 1174.19);
insert into STATION values (1493, '21', 69, 681382.55, 4760605.71, 1174.76);
insert into STATION values (1494, '.', 69, 681379.94, 4760603.66, 1174.81);
insert into STATION values (1495, '.', 69, 681383.32, 4760604.78, 1176.54);
insert into STATION values (1496, '.', 69, 681382.22, 4760606.71, 1171.64);
insert into STATION values (1497, '.', 69, 681382.62, 4760605.79, 1174.87);
insert into STATION values (1498, '.', 69, 681382.23, 4760605.90, 1174.86);
insert into STATION values (1499, '22', 69, 681380.98, 4760606.61, 1172.82);
insert into STATION values (1500, '.', 69, 681380.33, 4760606.16, 1172.92);
insert into STATION values (1501, '.', 69, 681381.19, 4760607.05, 1172.90);
insert into STATION values (1502, '23', 69, 681380.10, 4760606.41, 1171.10);
insert into STATION values (1503, '.', 69, 681381.80, 4760605.28, 1171.18);
insert into STATION values (1504, '.', 69, 681380.07, 4760606.23, 1172.67);
insert into STATION values (1505, '.', 69, 681380.07, 4760606.29, 1170.45);
insert into STATION values (1506, '24', 69, 681379.14, 4760604.44, 1169.37);
insert into STATION values (1507, '.', 69, 681380.36, 4760605.95, 1169.21);
insert into STATION values (1508, '.', 69, 681379.13, 4760604.54, 1170.73);
insert into STATION values (1509, '.', 69, 681378.98, 4760604.78, 1168.29);
insert into STATION values (1510, '25', 69, 681381.13, 4760609.08, 1164.81);
insert into STATION values (1511, '.', 69, 681378.92, 4760607.26, 1165.01);
insert into STATION values (1512, '.', 69, 681380.91, 4760608.62, 1165.77);
insert into STATION values (1513, '.', 69, 681381.00, 4760609.10, 1163.55);
insert into STATION values (1514, '26', 69, 681374.96, 4760606.56, 1167.14);
insert into STATION values (1515, '.', 69, 681378.49, 4760611.33, 1167.80);
insert into STATION values (1516, '.', 69, 681374.02, 4760608.30, 1185.94);
insert into STATION values (1517, '.', 69, 681374.82, 4760607.57, 1166.00);
insert into STATION values (1518, '27', 69, 681371.02, 4760610.56, 1171.33);
insert into STATION values (1519, '.', 69, 681369.40, 4760609.11, 1171.58);
insert into STATION values (1520, '.', 69, 681376.11, 4760614.07, 1171.52);
insert into STATION values (1521, '.', 69, 681371.88, 4760611.03, 1187.38);
insert into STATION values (1522, '.', 69, 681378.17, 4760610.82, 1176.37);
insert into STATION values (1523, '.', 69, 681374.30, 4760607.08, 1173.31);
insert into STATION values (1524, '.', 69, 681385.56, 4760607.51, 1188.49);
insert into STATION values (1525, '.', 69, 681360.95, 4760615.79, 1186.44);
insert into STATION values (1526, '28', 69, 681365.71, 4760614.79, 1170.96);
insert into STATION values (1527, '.', 69, 681360.38, 4760609.55, 1171.20);
insert into STATION values (1528, '.', 69, 681364.95, 4760614.57, 1176.81);
insert into STATION values (1529, '.', 69, 681359.91, 4760616.47, 1169.75);
insert into STATION values (1530, '.', 69, 681365.24, 4760614.84, 1169.40);
insert into STATION values (1531, '.', 69, 681353.22, 4760619.30, 1174.27);
insert into STATION values (1532, '.', 69, 681364.76, 4760615.36, 1170.83);
insert into STATION values (1533, '.', 69, 681358.81, 4760618.39, 1171.19);
insert into STATION values (1534, '.', 69, 681376.00, 4760607.22, 1172.68);
insert into STATION values (1535, '.', 69, 681365.17, 4760614.67, 1175.96);
insert into STATION values (1536, '.', 69, 681365.02, 4760614.82, 1169.57);
insert into STATION values (1537, '.', 69, 681363.87, 4760608.59, 1180.02);
insert into STATION values (1538, '.', 69, 681369.34, 4760606.51, 1177.42);
insert into STATION values (1539, 'PTR_B62_29', 69, 681364.09, 4760611.34, 1171.18);
insert into STATION values (1540, '.', 69, 681365.10, 4760616.27, 1171.31);
insert into STATION values (1541, '.', 69, 681366.12, 4760612.41, 1187.53);
insert into STATION values (1542, '.', 69, 681363.74, 4760611.56, 1169.75);
insert into STATION values (1543, '.', 69, 681360.98, 4760607.88, 1168.44);
insert into STATION values (1544, '.', 69, 681363.78, 4760611.00, 1170.91);
insert into STATION values (1545, '30', 69, 681360.44, 4760607.87, 1168.29);
insert into STATION values (1546, 'PTR_A84_0', 73, 682334.73, 4760649.98, 1295.39);
insert into STATION values (1547, '.', 73, 682336.93, 4760648.34, 1295.32);
insert into STATION values (1548, '.', 73, 682335.03, 4760649.48, 1298.31);
insert into STATION values (1549, '.', 73, 682331.61, 4760652.76, 1296.23);
insert into STATION values (1550, '.', 73, 682334.65, 4760649.89, 1293.47);
insert into STATION values (1551, '.', 73, 682344.94, 4760655.24, 1304.82);
insert into STATION values (1552, '.', 73, 682339.39, 4760654.72, 1301.80);
insert into STATION values (1553, '.', 73, 682337.06, 4760655.00, 1305.70);
insert into STATION values (1554, '.', 73, 682333.59, 4760652.65, 1302.13);
insert into STATION values (1555, '.', 73, 682336.31, 4760655.66, 1298.26);
insert into STATION values (1556, '.', 73, 682334.48, 4760653.26, 1296.32);
insert into STATION values (1557, '.', 73, 682333.28, 4760645.55, 1294.99);
insert into STATION values (1558, '.', 73, 682314.62, 4760635.50, 1294.22);
insert into STATION values (1559, '.', 73, 682318.03, 4760647.41, 1296.25);
insert into STATION values (1560, '.', 73, 682310.82, 4760639.81, 1299.32);
insert into STATION values (1561, '1', 73, 682327.99, 4760643.31, 1288.92);
insert into STATION values (1562, '.', 73, 682332.68, 4760642.09, 1289.48);
insert into STATION values (1563, '.', 73, 682311.80, 4760642.95, 1291.26);
insert into STATION values (1564, '.', 73, 682326.58, 4760642.69, 1303.83);
insert into STATION values (1565, '.', 73, 682328.21, 4760643.24, 1288.59);
insert into STATION values (1566, '.', 73, 682311.35, 4760642.51, 1291.12);
insert into STATION values (1567, '.', 73, 682326.39, 4760645.36, 1289.83);
insert into STATION values (1568, '.', 73, 682326.42, 4760646.98, 1293.21);
insert into STATION values (1569, '.', 73, 682332.65, 4760643.13, 1289.92);
insert into STATION values (1570, '.', 73, 682334.34, 4760647.58, 1295.88);
insert into STATION values (1571, '.', 73, 682338.47, 4760654.41, 1301.60);
insert into STATION values (1572, '.', 73, 682326.03, 4760632.94, 1297.08);
insert into STATION values (1573, '2', 73, 682332.78, 4760633.47, 1286.46);
insert into STATION values (1574, '.', 73, 682334.08, 4760637.11, 1286.09);
insert into STATION values (1575, '.', 73, 682332.76, 4760633.26, 1285.54);
insert into STATION values (1576, '.', 73, 682332.82, 4760633.56, 1286.75);
insert into STATION values (1577, '.', 73, 682332.62, 4760633.21, 1286.56);
insert into STATION values (1578, '.', 73, 682332.48, 4760635.87, 1290.14);
insert into STATION values (1579, '.', 73, 682335.81, 4760637.35, 1283.55);
insert into STATION values (1580, '.', 73, 682343.29, 4760632.08, 1286.24);
insert into STATION values (1581, '.', 73, 682337.01, 4760629.50, 1287.98);
insert into STATION values (1582, '.', 73, 682355.50, 4760642.35, 1286.37);
insert into STATION values (1583, '.', 73, 682341.75, 4760638.46, 1286.57);
insert into STATION values (1584, '.', 73, 682338.74, 4760634.96, 1282.47);
insert into STATION values (1585, '.', 73, 682335.85, 4760634.57, 1282.49);
insert into STATION values (1586, '3', 73, 682352.57, 4760642.43, 1286.04);
insert into STATION values (1587, '.', 73, 682351.83, 4760646.81, 1286.85);
insert into STATION values (1588, '.', 73, 682351.38, 4760636.39, 1285.98);
insert into STATION values (1589, '.', 73, 682351.58, 4760642.85, 1301.02);
insert into STATION values (1590, '.', 73, 682352.00, 4760641.33, 1283.38);
insert into STATION values (1591, '.', 73, 682348.38, 4760643.08, 1285.77);
insert into STATION values (1592, '.', 73, 682347.30, 4760641.01, 1285.99);
insert into STATION values (1593, '.', 73, 682346.33, 4760633.92, 1285.34);
insert into STATION values (1594, '.', 73, 682353.61, 4760649.24, 1288.96);
insert into STATION values (1595, '.', 73, 682359.89, 4760648.92, 1285.15);
insert into STATION values (1596, '.', 73, 682355.89, 4760648.85, 1284.35);
insert into STATION values (1597, '.', 73, 682357.06, 4760645.54, 1283.52);
insert into STATION values (1598, '.', 73, 682359.53, 4760631.33, 1299.80);
insert into STATION values (1599, '.', 73, 682353.62, 4760635.57, 1301.07);
insert into STATION values (1600, '4', 73, 682359.82, 4760649.11, 1286.13);
insert into STATION values (1601, '.', 73, 682359.81, 4760649.28, 1289.63);
insert into STATION values (1602, '.', 73, 682360.36, 4760645.66, 1286.97);
insert into STATION values (1603, '.', 73, 682360.26, 4760648.73, 1283.61);
insert into STATION values (1604, '.', 73, 682359.56, 4760649.69, 1286.38);
insert into STATION values (1605, '.', 73, 682360.59, 4760652.48, 1291.00);
insert into STATION values (1606, '.', 73, 682353.96, 4760649.47, 1291.38);
insert into STATION values (1607, '.', 73, 682363.49, 4760639.88, 1288.48);
insert into STATION values (1608, '5', 73, 682365.87, 4760651.61, 1286.77);
insert into STATION values (1609, '6', 73, 682365.55, 4760638.60, 1288.41);
insert into STATION values (1610, '.', 73, 682367.55, 4760638.98, 1288.88);
insert into STATION values (1611, '.', 73, 682365.45, 4760638.64, 1288.94);
insert into STATION values (1612, '.', 73, 682365.37, 4760638.49, 1288.49);
insert into STATION values (1613, '.', 73, 682365.68, 4760638.41, 1288.09);
insert into STATION values (1614, '.', 73, 682368.21, 4760629.33, 1291.07);
insert into STATION values (1615, '.', 73, 682366.35, 4760632.64, 1291.59);
insert into STATION values (1616, '.', 73, 682369.57, 4760637.91, 1287.07);
insert into STATION values (1617, '.', 73, 682367.83, 4760640.10, 1287.45);
insert into STATION values (1618, '.', 73, 682365.82, 4760639.11, 1288.32);
insert into STATION values (1619, '.', 73, 682367.79, 4760639.81, 1286.62);
insert into STATION values (1620, '7', 73, 682370.35, 4760633.54, 1284.81);
insert into STATION values (1621, '.', 73, 682372.79, 4760635.01, 1285.10);
insert into STATION values (1622, '.', 73, 682369.11, 4760632.64, 1285.00);
insert into STATION values (1623, '.', 73, 682370.39, 4760633.37, 1285.64);
insert into STATION values (1624, '.', 73, 682370.93, 4760633.62, 1283.99);
insert into STATION values (1625, '.', 73, 682378.26, 4760631.65, 1285.12);
insert into STATION values (1626, '.', 73, 682371.08, 4760636.03, 1284.83);
insert into STATION values (1627, '.', 73, 682367.43, 4760634.60, 1286.02);
insert into STATION values (1628, '.', 73, 682369.89, 4760633.03, 1285.44);
insert into STATION values (1629, '8', 73, 682382.50, 4760628.99, 1285.42);
insert into STATION values (1630, '.', 73, 682382.93, 4760631.36, 1285.28);
insert into STATION values (1631, '.', 73, 682382.81, 4760628.98, 1284.34);
insert into STATION values (1632, '.', 73, 682383.61, 4760630.85, 1288.10);
insert into STATION values (1633, '.', 73, 682386.19, 4760629.48, 1286.37);
insert into STATION values (1634, '.', 73, 682392.74, 4760632.32, 1287.85);
insert into STATION values (1635, '9', 73, 682390.66, 4760628.78, 1288.66);
insert into STATION values (1636, '.', 73, 682392.08, 4760632.13, 1289.21);
insert into STATION values (1637, '.', 73, 682388.79, 4760623.18, 1291.26);
insert into STATION values (1638, '.', 73, 682390.96, 4760628.83, 1292.47);
insert into STATION values (1639, '.', 73, 682390.90, 4760628.81, 1287.89);
insert into STATION values (1640, '.', 73, 682382.32, 4760630.64, 1287.58);
insert into STATION values (1641, '.', 73, 682386.66, 4760631.93, 1287.13);
insert into STATION values (1642, '.', 73, 682386.20, 4760627.77, 1287.62);
insert into STATION values (1643, '.', 73, 682389.01, 4760626.50, 1288.86);
insert into STATION values (1644, '.', 73, 682407.44, 4760632.45, 1289.80);
insert into STATION values (1645, '.', 73, 682399.08, 4760629.27, 1285.75);
insert into STATION values (1646, '.', 73, 682394.92, 4760634.56, 1285.14);
insert into STATION values (1647, '.', 73, 682390.78, 4760634.28, 1284.28);
insert into STATION values (1648, '10', 73, 682416.65, 4760607.78, 1306.42);
insert into STATION values (1649, '.', 73, 682416.57, 4760607.29, 1306.60);
insert into STATION values (1650, '.', 73, 682418.02, 4760612.52, 1307.05);
insert into STATION values (1651, '.', 73, 682417.12, 4760607.63, 1310.86);
insert into STATION values (1652, '.', 73, 682416.85, 4760608.19, 1306.00);
insert into STATION values (1653, '.', 73, 682424.60, 4760609.27, 1312.06);
insert into STATION values (1654, '.', 73, 682414.58, 4760611.49, 1309.94);
insert into STATION values (1655, '.', 73, 682411.88, 4760614.19, 1306.64);
insert into STATION values (1656, '.', 73, 682410.14, 4760616.43, 1301.94);
insert into STATION values (1657, '.', 73, 682416.33, 4760607.70, 1306.50);
insert into STATION values (1658, '.', 73, 682402.62, 4760610.16, 1307.64);
insert into STATION values (1659, '.', 73, 682419.59, 4760603.67, 1310.85);
insert into STATION values (1660, '11', 73, 682422.66, 4760607.55, 1309.12);
insert into STATION values (1661, '.', 73, 682423.47, 4760610.77, 1309.09);
insert into STATION values (1662, '.', 73, 682420.75, 4760602.55, 1309.93);
insert into STATION values (1663, '.', 73, 682422.43, 4760607.68, 1312.07);
insert into STATION values (1664, '.', 73, 682422.66, 4760607.51, 1308.88);
insert into STATION values (1665, '.', 73, 682403.44, 4760607.17, 1304.68);
insert into STATION values (1666, '.', 73, 682410.17, 4760616.38, 1303.80);
insert into STATION values (1667, '.', 73, 682407.18, 4760612.90, 1307.66);
insert into STATION values (1668, '.', 73, 682431.54, 4760602.90, 1312.05);
insert into STATION values (1669, '.', 73, 682426.94, 4760610.21, 1309.27);
insert into STATION values (1670, '.', 73, 682426.85, 4760608.30, 1308.71);
insert into STATION values (1671, '12', 73, 682426.37, 4760607.02, 1309.43);
insert into STATION values (1672, '.', 73, 682427.28, 4760609.61, 1309.20);
insert into STATION values (1673, '.', 73, 682425.58, 4760603.99, 1310.44);
insert into STATION values (1674, '.', 73, 682426.62, 4760607.19, 1311.96);
insert into STATION values (1675, '.', 73, 682426.69, 4760607.04, 1308.74);
insert into STATION values (1676, '.', 73, 682428.82, 4760608.33, 1307.70);
insert into STATION values (1677, '.', 73, 682429.91, 4760608.91, 1306.90);
insert into STATION values (1678, '.', 73, 682429.92, 4760608.91, 1306.92);
insert into STATION values (1679, '.', 73, 682426.51, 4760607.36, 1309.48);
insert into STATION values (1680, '.', 73, 682425.93, 4760604.32, 1309.73);
insert into STATION values (1681, '.', 73, 682426.48, 4760606.20, 1313.05);
insert into STATION values (1682, '.', 73, 682426.99, 4760606.55, 1307.78);
insert into STATION values (1683, '13', 73, 682435.52, 4760606.21, 1304.55);
insert into STATION values (1684, '.', 73, 682435.41, 4760605.60, 1304.64);
insert into STATION values (1685, '.', 73, 682435.50, 4760606.52, 1304.68);
insert into STATION values (1686, '.', 73, 682434.30, 4760604.38, 1312.22);
insert into STATION values (1687, '.', 73, 682435.54, 4760606.38, 1304.23);
insert into STATION values (1688, '.', 73, 682435.79, 4760604.66, 1305.84);
insert into STATION values (1689, '14', 73, 682444.58, 4760606.72, 1300.49);
insert into STATION values (1690, '.', 73, 682444.66, 4760608.39, 1300.50);
insert into STATION values (1691, '.', 73, 682444.53, 4760606.39, 1300.55);
insert into STATION values (1692, '.', 73, 682445.78, 4760604.22, 1308.36);
insert into STATION values (1693, '.', 73, 682445.21, 4760608.01, 1299.56);
insert into STATION values (1694, '15', 73, 682451.52, 4760606.46, 1301.83);
insert into STATION values (1695, '.', 73, 682465.35, 4760605.87, 1304.49);
insert into STATION values (1696, '.', 73, 682451.56, 4760607.37, 1301.78);
insert into STATION values (1697, '.', 73, 682451.05, 4760604.35, 1303.06);
insert into STATION values (1698, '.', 73, 682452.51, 4760602.74, 1311.45);
insert into STATION values (1699, '.', 73, 682452.17, 4760607.55, 1299.79);
insert into STATION values (1700, '.', 73, 682472.25, 4760605.03, 1300.08);
insert into STATION values (1701, '.', 73, 682472.40, 4760603.21, 1303.56);
insert into STATION values (1702, '.', 73, 682463.01, 4760605.69, 1301.02);
insert into STATION values (1703, '.', 73, 682463.11, 4760605.66, 1301.03);
insert into STATION values (1704, '.', 73, 682455.58, 4760606.18, 1301.52);
insert into STATION values (1705, 'PTR_Amont_01_16', 73, 682464.02, 4760606.43, 1300.91);
insert into STATION values (1706, '.', 73, 682462.15, 4760602.64, 1301.81);
insert into STATION values (1707, '.', 73, 682464.73, 4760607.26, 1301.27);
insert into STATION values (1708, '.', 73, 682463.29, 4760606.13, 1299.19);
insert into STATION values (1709, '.', 73, 682463.45, 4760605.32, 1306.33);
insert into STATION values (1710, '17', 73, 682392.80, 4760611.32, 1302.82);
insert into STATION values (1711, '.', 73, 682390.53, 4760619.74, 1302.19);
insert into STATION values (1712, '.', 73, 682393.98, 4760608.60, 1303.32);
insert into STATION values (1713, '.', 73, 682392.87, 4760611.28, 1303.65);
insert into STATION values (1714, '.', 73, 682393.19, 4760610.94, 1301.61);
insert into STATION values (1715, '.', 73, 682411.22, 4760615.69, 1305.14);
insert into STATION values (1716, '.', 73, 682404.62, 4760617.67, 1305.01);
insert into STATION values (1717, '.', 73, 682397.46, 4760617.90, 1304.20);
insert into STATION values (1718, '.', 73, 682395.31, 4760618.17, 1304.06);
insert into STATION values (1719, '.', 73, 682392.76, 4760611.49, 1302.83);
insert into STATION values (1720, '.', 73, 682389.50, 4760619.76, 1303.28);
insert into STATION values (1721, '.', 73, 682389.31, 4760616.27, 1301.15);
insert into STATION values (1722, '.', 73, 682389.92, 4760612.50, 1303.02);
insert into STATION values (1723, '.', 73, 682386.40, 4760610.07, 1302.49);
insert into STATION values (1724, '.', 73, 682390.21, 4760609.28, 1302.72);
insert into STATION values (1725, '.', 73, 682392.70, 4760609.00, 1302.97);
insert into STATION values (1726, '.', 73, 682407.56, 4760603.59, 1308.92);
insert into STATION values (1727, '18', 73, 682375.24, 4760612.38, 1302.42);
insert into STATION values (1728, '.', 73, 682374.39, 4760611.64, 1302.55);
insert into STATION values (1729, '.', 73, 682377.33, 4760616.60, 1302.41);
insert into STATION values (1730, '.', 73, 682375.11, 4760612.48, 1303.48);
insert into STATION values (1731, '.', 73, 682370.83, 4760614.32, 1302.69);
insert into STATION values (1732, '.', 73, 682368.72, 4760617.14, 1302.04);
insert into STATION values (1733, '.', 73, 682367.69, 4760620.23, 1301.85);
insert into STATION values (1734, '.', 73, 682372.48, 4760619.85, 1302.03);
insert into STATION values (1735, '.', 73, 682375.64, 4760619.14, 1302.31);
insert into STATION values (1736, '19', 73, 682364.08, 4760620.03, 1298.02);
insert into STATION values (1737, '.', 73, 682362.76, 4760620.17, 1298.74);
insert into STATION values (1738, '.', 73, 682370.40, 4760621.92, 1300.28);
insert into STATION values (1739, '.', 73, 682364.18, 4760619.81, 1300.37);
insert into STATION values (1740, '.', 73, 682364.48, 4760620.94, 1295.87);
insert into STATION values (1741, '.', 73, 682366.79, 4760626.18, 1297.62);
insert into STATION values (1742, '.', 73, 682368.82, 4760624.08, 1299.03);
insert into STATION values (1743, '.', 73, 682370.18, 4760622.04, 1300.06);
insert into STATION values (1744, '.', 73, 682371.21, 4760619.31, 1301.06);
insert into STATION values (1745, '.', 73, 682363.71, 4760616.11, 1298.42);
insert into STATION values (1746, '.', 73, 682362.60, 4760613.29, 1297.04);
insert into STATION values (1747, '.', 73, 682365.96, 4760615.55, 1298.27);
insert into STATION values (1748, '20', 73, 682362.01, 4760633.16, 1297.77);
insert into STATION values (1749, '21', 73, 682413.52, 4760612.50, 1301.55);
insert into STATION values (1750, '.', 73, 682412.49, 4760612.06, 1301.35);
insert into STATION values (1751, '.', 73, 682412.48, 4760612.59, 1309.92);
insert into STATION values (1752, '.', 73, 682413.29, 4760612.60, 1300.78);
insert into STATION values (1753, '.', 73, 682413.65, 4760612.52, 1301.53);
insert into STATION values (1754, '90', 73, 682412.80, 4760611.23, 1298.87);
insert into STATION values (1755, '.', 73, 682413.20, 4760611.70, 1298.94);
insert into STATION values (1756, '.', 73, 682412.60, 4760610.54, 1298.76);
insert into STATION values (1757, '.', 73, 682412.92, 4760611.39, 1300.26);
insert into STATION values (1758, '91', 73, 682414.41, 4760609.19, 1297.38);
insert into STATION values (1759, '.', 73, 682415.09, 4760608.89, 1297.46);
insert into STATION values (1760, '.', 73, 682412.93, 4760609.03, 1297.97);
insert into STATION values (1761, '.', 73, 682414.37, 4760609.00, 1299.04);
insert into STATION values (1762, '.', 73, 682414.37, 4760608.74, 1296.50);
insert into STATION values (1763, '92', 73, 682414.29, 4760606.58, 1296.96);
insert into STATION values (1764, '.', 73, 682414.92, 4760607.46, 1297.16);
insert into STATION values (1765, '.', 73, 682414.49, 4760606.57, 1298.67);
insert into STATION values (1766, '.', 73, 682414.56, 4760606.71, 1295.85);
insert into STATION values (1767, '93', 73, 682418.85, 4760605.04, 1296.66);
insert into STATION values (1768, '.', 73, 682418.64, 4760604.39, 1296.72);
insert into STATION values (1769, '.', 73, 682418.91, 4760605.19, 1296.72);
insert into STATION values (1770, '.', 73, 682419.12, 4760605.05, 1297.70);
insert into STATION values (1771, '.', 73, 682418.95, 4760602.66, 1299.13);
insert into STATION values (1772, '.', 73, 682419.07, 4760604.71, 1296.03);
insert into STATION values (1773, '94', 73, 682422.93, 4760603.32, 1297.37);
insert into STATION values (1774, '.', 73, 682422.95, 4760604.06, 1297.51);
insert into STATION values (1775, '.', 73, 682422.97, 4760602.80, 1297.53);
insert into STATION values (1776, '.', 73, 682423.21, 4760603.72, 1296.41);
insert into STATION values (1777, '.', 73, 682422.92, 4760603.58, 1298.22);
insert into STATION values (1778, '95', 73, 682424.47, 4760603.72, 1298.20);
insert into STATION values (1779, '.', 73, 682423.51, 4760604.38, 1298.43);
insert into STATION values (1780, '.', 73, 682423.98, 4760603.74, 1299.38);
insert into STATION values (1781, '.', 73, 682424.51, 4760603.86, 1297.41);
insert into STATION values (1782, '.', 73, 682425.28, 4760605.81, 1298.13);
insert into STATION values (1783, '.', 73, 682425.14, 4760605.88, 1299.87);
insert into STATION values (1784, '96', 73, 682423.76, 4760602.85, 1298.62);
insert into STATION values (1785, '.', 73, 682424.71, 4760603.35, 1298.72);
insert into STATION values (1786, '.', 73, 682424.91, 4760603.16, 1298.21);
insert into STATION values (1787, '.', 73, 682423.91, 4760604.16, 1298.26);
insert into STATION values (1788, '.', 73, 682424.26, 4760603.71, 1300.61);
insert into STATION values (1789, '.', 73, 682424.49, 4760603.86, 1297.12);
insert into STATION values (1790, '97', 73, 682421.49, 4760599.86, 1298.24);
insert into STATION values (1791, '.', 73, 682424.21, 4760601.37, 1297.92);
insert into STATION values (1792, '.', 73, 682420.34, 4760599.56, 1298.54);
insert into STATION values (1793, '.', 73, 682421.77, 4760600.02, 1300.79);
insert into STATION values (1794, '.', 73, 682421.44, 4760600.00, 1297.45);
insert into STATION values (1795, '.', 73, 682421.45, 4760599.98, 1297.44);
insert into STATION values (1796, '98', 73, 682425.75, 4760596.09, 1298.82);
insert into STATION values (1797, '.', 73, 682426.64, 4760597.29, 1299.23);
insert into STATION values (1798, '.', 73, 682425.82, 4760595.93, 1301.09);
insert into STATION values (1799, '.', 73, 682426.19, 4760596.21, 1297.87);
insert into STATION values (1800, '99', 73, 682430.65, 4760595.44, 1299.00);
insert into STATION values (1801, '.', 73, 682428.22, 4760596.28, 1299.21);
insert into STATION values (1802, '.', 73, 682425.75, 4760598.57, 1299.45);
insert into STATION values (1803, '.', 73, 682430.36, 4760595.78, 1302.11);
insert into STATION values (1804, '.', 73, 682431.05, 4760595.32, 1297.13);
insert into STATION values (1805, '100', 73, 682424.68, 4760591.54, 1299.49);
insert into STATION values (1806, '.', 73, 682425.14, 4760590.38, 1299.44);
insert into STATION values (1807, '.', 73, 682424.22, 4760592.41, 1300.02);
insert into STATION values (1808, '.', 73, 682424.54, 4760591.14, 1301.25);
insert into STATION values (1809, '.', 73, 682424.67, 4760591.31, 1298.62);
insert into STATION values (1810, '101', 73, 682418.66, 4760588.06, 1300.28);
insert into STATION values (1811, '.', 73, 682419.09, 4760586.97, 1300.38);
insert into STATION values (1812, '.', 73, 682418.59, 4760588.01, 1301.54);
insert into STATION values (1813, '.', 73, 682418.53, 4760587.86, 1299.28);
insert into STATION values (1814, '102', 73, 682412.36, 4760581.64, 1300.12);
insert into STATION values (1815, '.', 73, 682413.33, 4760580.69, 1300.24);
insert into STATION values (1816, '.', 73, 682412.62, 4760581.13, 1301.13);
insert into STATION values (1817, '.', 73, 682412.34, 4760581.55, 1299.89);
insert into STATION values (1818, '103', 73, 682407.08, 4760576.97, 1300.70);
insert into STATION values (1819, '.', 73, 682406.14, 4760578.33, 1300.43);
insert into STATION values (1820, '.', 73, 682406.19, 4760578.21, 1309.59);
insert into STATION values (1821, '.', 73, 682407.43, 4760577.33, 1299.31);
insert into STATION values (1822, '104', 73, 682403.23, 4760570.78, 1299.40);
insert into STATION values (1823, '.', 73, 682403.49, 4760570.11, 1299.49);
insert into STATION values (1824, '.', 73, 682402.78, 4760571.60, 1299.30);
insert into STATION values (1825, '.', 73, 682403.23, 4760570.65, 1298.47);
insert into STATION values (1826, '.', 73, 682402.96, 4760571.41, 1307.26);
insert into STATION values (1827, '.', 73, 682403.00, 4760571.83, 1306.52);
insert into STATION values (1828, '.', 73, 682402.76, 4760570.54, 1299.54);
insert into STATION values (1829, '.', 73, 682402.80, 4760570.56, 1299.53);
insert into STATION values (1830, '105', 73, 682401.63, 4760569.96, 1299.88);
insert into STATION values (1831, '.', 73, 682400.32, 4760569.48, 1300.25);
insert into STATION values (1832, '.', 73, 682401.44, 4760570.59, 1299.88);
insert into STATION values (1833, '.', 73, 682400.86, 4760570.27, 1301.86);
insert into STATION values (1834, '.', 73, 682400.72, 4760569.23, 1298.34);
insert into STATION values (1835, '106', 73, 682399.11, 4760569.85, 1300.95);
insert into STATION values (1836, '.', 73, 682399.17, 4760569.36, 1300.84);
insert into STATION values (1837, '.', 73, 682399.18, 4760569.78, 1301.22);
insert into STATION values (1838, '107', 73, 682398.50, 4760569.34, 1298.38);
insert into STATION values (1839, '.', 73, 682398.83, 4760568.61, 1298.51);
insert into STATION values (1840, '.', 73, 682398.20, 4760569.69, 1298.43);
insert into STATION values (1841, '.', 73, 682398.27, 4760569.46, 1297.76);
insert into STATION values (1842, '.', 73, 682398.52, 4760569.50, 1300.65);
insert into STATION values (1843, '108', 73, 682397.50, 4760566.73, 1298.72);
insert into STATION values (1844, '.', 73, 682396.91, 4760567.77, 1298.72);
insert into STATION values (1845, '.', 73, 682396.75, 4760567.39, 1301.67);
insert into STATION values (1846, '.', 73, 682397.26, 4760566.70, 1298.21);
insert into STATION values (1847, '109', 73, 682392.10, 4760566.16, 1300.08);
insert into STATION values (1848, '.', 73, 682391.84, 4760565.46, 1300.10);
insert into STATION values (1849, '.', 73, 682392.40, 4760568.02, 1300.19);
insert into STATION values (1850, '.', 73, 682392.59, 4760567.18, 1298.25);
insert into STATION values (1851, '.', 73, 682392.01, 4760566.58, 1302.22);
insert into STATION values (1852, '110', 73, 682389.42, 4760565.46, 1299.31);
insert into STATION values (1853, '.', 73, 682390.83, 4760564.92, 1299.52);
insert into STATION values (1854, '.', 73, 682389.99, 4760565.37, 1301.93);
insert into STATION values (1855, '.', 73, 682408.20, 4760576.59, 1318.15);
insert into STATION values (1856, '.', 73, 682389.34, 4760565.19, 1297.86);
insert into STATION values (1857, '111', 73, 682386.11, 4760558.80, 1299.05);
insert into STATION values (1858, '.', 73, 682385.19, 4760559.80, 1299.06);
insert into STATION values (1859, '.', 73, 682386.41, 4760559.42, 1303.04);
insert into STATION values (1860, '.', 73, 682386.09, 4760558.77, 1297.79);
insert into STATION values (1861, '.', 73, 682385.61, 4760558.56, 1299.08);
insert into STATION values (1862, '.', 73, 682383.92, 4760557.72, 1299.18);
insert into STATION values (1863, '.', 73, 682383.92, 4760557.72, 1299.17);
insert into STATION values (1864, '.', 73, 682386.61, 4760558.27, 1299.09);
insert into STATION values (1865, '.', 73, 682386.52, 4760558.93, 1302.11);
insert into STATION values (1866, '.', 73, 682386.37, 4760558.50, 1297.76);
insert into STATION values (1867, '112', 73, 682386.30, 4760557.95, 1298.97);
insert into STATION values (1868, '.', 73, 682385.92, 4760558.16, 1298.95);
insert into STATION values (1869, '.', 73, 682386.40, 4760558.53, 1301.70);
insert into STATION values (1870, '.', 73, 682385.74, 4760557.90, 1297.89);
insert into STATION values (1871, '113', 73, 682383.82, 4760555.40, 1299.28);
insert into STATION values (1872, '.', 73, 682384.33, 4760554.81, 1299.27);
insert into STATION values (1873, '.', 73, 682384.17, 4760555.13, 1301.73);
insert into STATION values (1874, '.', 73, 682383.64, 4760554.87, 1297.93);
insert into STATION values (1875, '114', 73, 682382.28, 4760552.79, 1299.41);
insert into STATION values (1876, '.', 73, 682381.90, 4760553.05, 1299.46);
insert into STATION values (1877, '.', 73, 682382.62, 4760553.22, 1303.30);
insert into STATION values (1878, '.', 73, 682382.03, 4760552.41, 1298.04);
insert into STATION values (1879, '115', 73, 682379.50, 4760549.68, 1299.76);
insert into STATION values (1880, '.', 73, 682379.90, 4760549.23, 1299.74);
insert into STATION values (1881, '.', 73, 682379.88, 4760549.67, 1302.99);
insert into STATION values (1882, '.', 73, 682379.04, 4760549.45, 1298.32);
insert into STATION values (1883, '116', 73, 682374.35, 4760545.02, 1299.23);
insert into STATION values (1884, '.', 73, 682374.88, 4760544.30, 1299.15);
insert into STATION values (1885, '.', 73, 682374.70, 4760544.36, 1302.30);
insert into STATION values (1886, '.', 73, 682374.22, 4760544.62, 1298.26);
insert into STATION values (1887, '117', 73, 682372.54, 4760542.70, 1298.66);
insert into STATION values (1888, '.', 73, 682372.02, 4760543.11, 1298.72);
insert into STATION values (1889, '.', 73, 682372.17, 4760542.99, 1301.16);
insert into STATION values (1890, '.', 73, 682372.16, 4760542.92, 1298.29);
insert into STATION values (1891, '118', 73, 682368.80, 4760538.27, 1299.71);
insert into STATION values (1892, '.', 73, 682369.08, 4760538.02, 1299.66);
insert into STATION values (1893, '.', 73, 682368.98, 4760538.35, 1304.59);
insert into STATION values (1894, '.', 73, 682368.68, 4760537.96, 1298.36);
insert into STATION values (1895, '119', 73, 682366.69, 4760533.51, 1299.28);
insert into STATION values (1896, '.', 73, 682366.07, 4760533.91, 1299.24);
insert into STATION values (1897, '.', 73, 682366.04, 4760533.23, 1302.11);
insert into STATION values (1898, '.', 73, 682366.97, 4760533.38, 1299.41);
insert into STATION values (1899, '.', 73, 682366.40, 4760533.55, 1298.47);
insert into STATION values (1900, '120', 73, 682362.69, 4760529.99, 1299.52);
insert into STATION values (1901, '.', 73, 682363.07, 4760529.38, 1299.48);
insert into STATION values (1902, '.', 73, 682362.80, 4760530.19, 1305.79);
insert into STATION values (1903, '.', 73, 682362.82, 4760529.89, 1298.56);
insert into STATION values (1904, '121', 73, 682360.22, 4760528.20, 1299.71);
insert into STATION values (1905, '.', 73, 682360.00, 4760528.63, 1299.68);
insert into STATION values (1906, '.', 73, 682360.35, 4760528.47, 1301.25);
insert into STATION values (1907, '.', 73, 682359.83, 4760528.28, 1298.58);
insert into STATION values (1908, '122', 73, 682356.50, 4760529.00, 1299.89);
insert into STATION values (1909, '.', 73, 682356.54, 4760529.71, 1299.79);
insert into STATION values (1910, '.', 73, 682357.19, 4760529.03, 1304.03);
insert into STATION values (1911, '.', 73, 682356.36, 4760528.77, 1298.77);
insert into STATION values (1912, '123', 73, 682352.05, 4760529.16, 1299.69);
insert into STATION values (1913, '.', 73, 682351.44, 4760529.97, 1299.63);
insert into STATION values (1914, '.', 73, 682352.00, 4760529.42, 1306.08);
insert into STATION values (1915, '.', 73, 682352.25, 4760529.14, 1298.72);
insert into STATION values (1916, '.', 73, 682352.43, 4760527.76, 1312.55);
insert into STATION values (1917, '.', 73, 682354.52, 4760528.62, 1301.59);
insert into STATION values (1918, '124', 73, 682350.20, 4760525.72, 1299.73);
insert into STATION values (1919, '.', 73, 682349.89, 4760526.09, 1299.84);
insert into STATION values (1920, '.', 73, 682351.20, 4760525.06, 1300.01);
insert into STATION values (1921, '.', 73, 682349.87, 4760525.38, 1302.33);
insert into STATION values (1922, '.', 73, 682350.64, 4760524.96, 1299.82);
insert into STATION values (1923, '.', 73, 682350.21, 4760525.78, 1298.58);
insert into STATION values (1924, '125', 73, 682348.31, 4760524.48, 1300.37);
insert into STATION values (1925, '.', 73, 682348.66, 4760524.09, 1300.39);
insert into STATION values (1926, '.', 73, 682348.09, 4760523.34, 1298.33);
insert into STATION values (1927, '.', 73, 682348.23, 4760524.40, 1301.06);
insert into STATION values (1928, '.', 73, 682348.17, 4760524.12, 1302.86);
insert into STATION values (1929, '126', 73, 682341.99, 4760514.49, 1300.37);
insert into STATION values (1930, '.', 73, 682342.52, 4760514.08, 1300.47);
insert into STATION values (1931, '.', 73, 682341.50, 4760513.62, 1306.81);
insert into STATION values (1932, '.', 73, 682341.73, 4760514.22, 1297.86);
insert into STATION values (1933, '127', 73, 682339.66, 4760510.15, 1300.24);
insert into STATION values (1934, '.', 73, 682339.20, 4760510.68, 1300.31);
insert into STATION values (1935, '.', 73, 682339.41, 4760510.32, 1300.72);
insert into STATION values (1936, '.', 73, 682339.32, 4760510.22, 1298.30);
insert into STATION values (1937, '128', 73, 682335.85, 4760509.82, 1300.55);
insert into STATION values (1938, '.', 73, 682335.93, 4760509.35, 1300.59);
insert into STATION values (1939, '.', 73, 682335.83, 4760509.32, 1303.13);
insert into STATION values (1940, '.', 73, 682335.66, 4760509.23, 1298.34);
insert into STATION values (1941, '129', 73, 682334.62, 4760507.35, 1300.57);
insert into STATION values (1942, '.', 73, 682334.01, 4760507.61, 1300.49);
insert into STATION values (1943, '.', 73, 682333.28, 4760507.63, 1302.80);
insert into STATION values (1944, '.', 73, 682334.16, 4760507.47, 1298.35);
insert into STATION values (1945, '.', 73, 682334.60, 4760507.33, 1300.17);
insert into STATION values (1946, '130', 73, 682331.93, 4760506.71, 1302.25);
insert into STATION values (1947, '.', 73, 682332.16, 4760506.25, 1302.37);
insert into STATION values (1948, '.', 73, 682331.48, 4760506.18, 1305.16);
insert into STATION values (1949, '.', 73, 682332.44, 4760505.67, 1299.81);
insert into STATION values (1950, '131', 73, 682328.62, 4760503.55, 1300.74);
insert into STATION values (1951, '.', 73, 682328.81, 4760503.01, 1300.93);
insert into STATION values (1952, '.', 73, 682328.54, 4760503.35, 1301.84);
insert into STATION values (1953, '.', 73, 682327.62, 4760502.92, 1299.13);
insert into STATION values (1954, '.', 73, 682326.03, 4760502.46, 1300.78);
insert into STATION values (1955, '.', 73, 682320.91, 4760500.29, 1300.89);
insert into STATION values (1956, '.', 73, 682326.09, 4760502.49, 1300.77);
insert into STATION values (1957, '132', 73, 682320.96, 4760500.28, 1300.96);
insert into STATION values (1958, '.', 73, 682321.21, 4760499.78, 1301.00);
insert into STATION values (1959, '.', 73, 682321.09, 4760499.90, 1306.12);
insert into STATION values (1960, '.', 73, 682320.83, 4760500.21, 1299.67);
insert into STATION values (1961, '133', 73, 682316.82, 4760497.22, 1300.20);
insert into STATION values (1962, '.', 73, 682316.39, 4760497.67, 1300.28);
insert into STATION values (1963, '.', 73, 682315.77, 4760496.79, 1305.80);
insert into STATION values (1964, '.', 73, 682316.27, 4760497.00, 1297.48);
insert into STATION values (1965, '134', 73, 682314.09, 4760495.17, 1300.67);
insert into STATION values (1966, '.', 73, 682315.24, 4760495.45, 1300.53);
insert into STATION values (1967, '.', 73, 682315.38, 4760494.63, 1304.14);
insert into STATION values (1968, '.', 73, 682314.87, 4760495.95, 1297.48);
insert into STATION values (1969, 'PTR_GL4_135', 73, 682315.25, 4760494.08, 1300.59);
insert into STATION values (1970, '.', 73, 682314.77, 4760493.96, 1300.81);
insert into STATION values (1971, '.', 73, 682315.27, 4760493.99, 1302.00);
insert into STATION values (1972, '.', 73, 682315.19, 4760494.54, 1297.74);
insert into STATION values (1973, '.', 73, 682306.35, 4760486.28, 1302.10);
